timestamp,phase,component,pid,microwatts,watts
2026-06-28T04:02:26,idle,cu_cp,683235,451245.8530985498,0.451246
2026-06-28T04:02:26,idle,cu_up,683262,457881.8352010298,0.457882
2026-06-28T04:02:26,idle,du1,683424,3762594.270088501,3.762594
2026-06-28T04:02:26,idle,du2,684189,3795774.0375439646,3.795774
2026-06-28T04:02:26,idle,du3,684964,3789137.912384548,3.789138
2026-06-28T04:02:26,idle,ue1,683489,1081662.8653217172,1.081663
2026-06-28T04:02:26,idle,ue2,683501,1075026.9547477055,1.075027
2026-06-28T04:02:26,idle,ue3,683513,1021939.1694563341,1.021939
2026-06-28T04:02:26,idle,ue4,683525,1055119.0084402657,1.055119
2026-06-28T04:02:26,idle,ue5,684254,1088298.8474241972,1.088299
2026-06-28T04:02:26,idle,ue6,684266,1041847.1157637739,1.041847
2026-06-28T04:02:26,idle,ue7,684278,1055119.0084402657,1.055119
2026-06-28T04:02:26,idle,ue8,684290,1088298.8474241972,1.088299
2026-06-28T04:02:26,idle,ue9,685029,1061754.9190142774,1.061755
2026-06-28T04:02:26,idle,ue10,685041,1041847.1157637739,1.041847
2026-06-28T04:02:26,idle,ue11,685053,1041847.1157637739,1.041847
2026-06-28T04:02:26,idle,ue12,685065,1055119.0084402657,1.055119
2026-06-28T04:02:32,idle,cu_cp,683235,456225.3098570526,0.456225
2026-06-28T04:02:32,idle,cu_up,683262,456225.3098570526,0.456225
2026-06-28T04:02:32,idle,du1,683424,3828642.5977378846,3.828643
2026-06-28T04:02:32,idle,du2,684189,3824992.9518653583,3.824993
2026-06-28T04:02:32,idle,du3,684964,3755646.5194256497,3.755647
2026-06-28T04:02:32,idle,ue1,683489,1080341.4417891598,1.080341
2026-06-28T04:02:32,idle,ue2,683501,1073041.8626930427,1.073042
2026-06-28T04:02:32,idle,ue3,683513,1047493.264018867,1.047493
2026-06-28T04:02:32,idle,ue4,683525,1065742.2117591596,1.065742
2026-06-28T04:02:32,idle,ue5,684254,1069392.001307218,1.069392
2026-06-28T04:02:32,idle,ue6,684266,1094940.67181916,1.094941
2026-06-28T04:02:32,idle,ue7,684278,1083991.2313372183,1.083991
2026-06-28T04:02:32,idle,ue8,684290,1087641.092723043,1.087641
2026-06-28T04:02:32,idle,ue9,685029,1069392.001307218,1.069392
2026-06-28T04:02:32,idle,ue10,685041,1062092.4940488671,1.062092
2026-06-28T04:02:32,idle,ue11,685053,1058442.7045008086,1.058443
2026-06-28T04:02:32,idle,ue12,685065,1047493.264018867,1.047493
2026-06-28T04:02:37,idle,cu_cp,683235,450339.6371975398,0.450340
2026-06-28T04:02:37,idle,cu_up,683262,454000.9188358623,0.454001
2026-06-28T04:02:37,idle,du1,683424,3848024.237328572,3.848024
2026-06-28T04:02:37,idle,du2,684189,3873653.1725116684,3.873653
2026-06-28T04:02:37,idle,du3,684964,3789443.440834122,3.789443
2026-06-28T04:02:37,idle,ue1,683489,1054453.828907851,1.054454
2026-06-28T04:02:37,idle,ue2,683501,1076421.5187377858,1.076422
2026-06-28T04:02:37,idle,ue3,683513,1087405.4725082375,1.087405
2026-06-28T04:02:37,idle,ue4,683525,1058115.074261012,1.058115
2026-06-28T04:02:37,idle,ue5,684254,1087405.4725082375,1.087405
2026-06-28T04:02:37,idle,ue6,684266,1091066.7904317211,1.091067
2026-06-28T04:02:37,idle,ue7,684278,1047131.1204905605,1.047131
2026-06-28T04:02:37,idle,ue8,684290,1087405.4725082375,1.087405
2026-06-28T04:02:37,idle,ue9,685029,1065437.7101079798,1.065438
2026-06-28T04:02:37,idle,ue10,685041,1080082.8366612697,1.080083
2026-06-28T04:02:37,idle,ue11,685053,1087405.4725082375,1.087405
2026-06-28T04:02:37,idle,ue12,685065,1054453.828907851,1.054454
2026-06-28T04:02:43,idle,cu_cp,683235,455649.93510706426,0.455650
2026-06-28T04:02:43,idle,cu_up,683262,459295.13603120745,0.459295
2026-06-28T04:02:43,idle,du1,683424,3842040.4029245805,3.842040
2026-06-28T04:02:43,idle,du2,684189,3834750.0732406285,3.834750
2026-06-28T04:02:43,idle,du3,684964,3801943.3010055064,3.801943
2026-06-28T04:02:43,idle,ue1,683489,1086269.5145730018,1.086270
2026-06-28T04:02:43,idle,ue2,683501,1053462.7423378802,1.053463
2026-06-28T04:02:43,idle,ue3,683513,1075333.9478827394,1.075334
2026-06-28T04:02:43,idle,ue4,683525,1042527.1034832835,1.042527
2026-06-28T04:02:43,idle,ue5,684254,1082624.3497310258,1.082624
2026-06-28T04:02:43,idle,ue6,684266,1075333.9478827394,1.075334
2026-06-28T04:02:43,idle,ue7,684278,1064398.3090281426,1.064398
2026-06-28T04:02:43,idle,ue8,684290,1075333.9478827394,1.075334
2026-06-28T04:02:43,idle,ue9,685029,1100850.3182695745,1.100850
2026-06-28T04:02:43,idle,ue10,685041,1097205.1534275985,1.097205
2026-06-28T04:02:43,idle,ue11,685053,1082624.3497310258,1.082624
2026-06-28T04:02:43,idle,ue12,685065,1046172.3404895938,1.046172
2026-06-28T04:02:49,idle,cu_cp,683235,460102.77875769377,0.460103
2026-06-28T04:02:49,idle,cu_up,683262,463905.2816551411,0.463905
2026-06-28T04:02:49,idle,du1,683424,3848132.3575492334,3.848132
2026-06-28T04:02:49,idle,du2,684189,3810107.472241631,3.810107
2026-06-28T04:02:49,idle,du3,684964,3817712.334369655,3.817712
2026-06-28T04:02:49,idle,ue1,683489,1095120.6907979655,1.095121
2026-06-28T04:02:49,idle,ue2,683501,1068503.1705158341,1.068503
2026-06-28T04:02:49,idle,ue3,683513,1076108.1763107288,1.076108
2026-06-28T04:02:49,idle,ue4,683525,1026675.566810478,1.026676
2026-06-28T04:02:49,idle,ue5,684254,1064700.5957849515,1.064701
2026-06-28T04:02:49,idle,ue6,684266,1087515.6850030709,1.087516
2026-06-28T04:02:49,idle,ue7,684278,1049490.6560285974,1.049491
2026-06-28T04:02:49,idle,ue8,684290,1064700.5957849515,1.064701
2026-06-28T04:02:49,idle,ue9,685029,1091318.1160670829,1.091318
2026-06-28T04:02:49,idle,ue10,685041,1091318.1160670829,1.091318
2026-06-28T04:02:49,idle,ue11,685053,1072305.601579846,1.072306
2026-06-28T04:02:49,idle,ue12,685065,1038083.1473362553,1.038083
2026-06-28T04:02:54,idle,cu_cp,683235,452343.2284626144,0.452343
2026-06-28T04:02:54,idle,cu_up,683262,448304.44899520907,0.448304
2026-06-28T04:02:54,idle,du1,683424,3812607.5296835257,3.812608
2026-06-28T04:02:54,idle,du2,684189,3792413.668289893,3.792414
2026-06-28T04:02:54,idle,du3,684964,3788374.7809923054,3.788375
2026-06-28T04:02:54,idle,ue1,683489,1098547.871360687,1.098548
2026-06-28T04:02:54,idle,ue2,683501,1066237.635621444,1.066238
2026-06-28T04:02:54,idle,ue3,683513,1078353.9380802661,1.078354
2026-06-28T04:02:54,idle,ue4,683525,1058160.0047998452,1.058160
2026-06-28T04:02:54,idle,ue5,684254,1110664.2457062972,1.110664
2026-06-28T04:02:54,idle,ue6,684266,1078353.9380802661,1.078354
2026-06-28T04:02:54,idle,ue7,684278,1054121.3331626218,1.054121
2026-06-28T04:02:54,idle,ue8,684290,1070276.4510322434,1.070276
2026-06-28T04:02:54,idle,ue9,685029,1082392.7534910655,1.082393
2026-06-28T04:02:54,idle,ue10,685041,1062198.8202106445,1.062199
2026-06-28T04:02:54,idle,ue11,685053,1078353.9380802661,1.078354
2026-06-28T04:02:54,idle,ue12,685065,1025849.8409473902,1.025850
2026-06-28T04:02:59,idle,cu_cp,683235,456505.1633902299,0.456505
2026-06-28T04:02:59,idle,cu_up,683262,464657.0219157046,0.464657
2026-06-28T04:02:59,idle,du1,683424,3819154.605987406,3.819155
2026-06-28T04:02:59,idle,du2,684189,3859913.862415991,3.859914
2026-06-28T04:02:59,idle,du3,684964,3872141.81309875,3.872142
2026-06-28T04:02:59,idle,ue1,683489,1043440.3527783608,1.043440
2026-06-28T04:02:59,idle,ue2,683501,1088275.5927678656,1.088276
2026-06-28T04:02:59,idle,ue3,683513,1108655.4381748878,1.108655
2026-06-28T04:02:59,idle,ue4,683525,1084199.754002099,1.084200
2026-06-28T04:02:59,idle,ue5,684254,1116807.2605015743,1.116807
2026-06-28T04:02:59,idle,ue6,684266,1076047.9316754127,1.076048
2026-06-28T04:02:59,idle,ue7,684278,1063820.05339023,1.063820
2026-06-28T04:02:59,idle,ue8,684290,1124959.1552258371,1.124959
2026-06-28T04:02:59,idle,ue9,685029,1100503.4710530483,1.100503
2026-06-28T04:02:59,idle,ue10,685041,1104579.454613968,1.104579
2026-06-28T04:02:59,idle,ue11,685053,1018984.668605572,1.018985
2026-06-28T04:02:59,idle,ue12,685065,1076047.9316754127,1.076048
2026-06-28T04:03:05,idle,cu_cp,683235,462231.39875256806,0.462231
2026-06-28T04:03:05,idle,cu_up,683262,466286.06046248344,0.466286
2026-06-28T04:03:05,idle,du1,683424,3774889.907220087,3.774890
2026-06-28T04:03:05,idle,du2,684189,3839764.2051564334,3.839764
2026-06-28T04:03:05,idle,du3,684964,3803272.683900645,3.803273
2026-06-28T04:03:05,idle,ue1,683489,1050157.3105125136,1.050157
2026-06-28T04:03:05,idle,ue2,683501,1082594.6041918367,1.082595
2026-06-28T04:03:05,idle,ue3,683513,1086649.265901752,1.086649
2026-06-28T04:03:05,idle,ue4,683525,1050157.3105125136,1.050157
2026-06-28T04:03:05,idle,ue5,684254,1094758.5893215828,1.094759
2026-06-28T04:03:05,idle,ue6,684266,1078540.0148374962,1.078540
2026-06-28T04:03:05,idle,ue7,684278,1070430.6190620905,1.070431
2026-06-28T04:03:05,idle,ue8,684290,1042048.0594482577,1.042048
2026-06-28T04:03:05,idle,ue9,685029,1054212.044578004,1.054212
2026-06-28T04:03:05,idle,ue10,685041,1033938.6636728519,1.033939
2026-06-28T04:03:05,idle,ue11,685053,1033938.6636728519,1.033939
2026-06-28T04:03:05,idle,ue12,685065,1078540.0148374962,1.078540
2026-06-28T04:03:10,idle,cu_cp,683235,460082.7423804045,0.460083
2026-06-28T04:03:10,idle,cu_up,683262,460082.7423804045,0.460083
2026-06-28T04:03:10,idle,du1,683424,3862777.7739591124,3.862778
2026-06-28T04:03:10,idle,du2,684189,3805267.4492779253,3.805267
2026-06-28T04:03:10,idle,du3,684964,3805267.4492779253,3.805267
2026-06-28T04:03:10,idle,ue1,683489,1092696.5312698246,1.092697
2026-06-28T04:03:10,idle,ue2,683501,1063941.2964637757,1.063941
2026-06-28T04:03:10,idle,ue3,683513,1073526.3747324585,1.073526
2026-06-28T04:03:10,idle,ue4,683525,1073526.3747324585,1.073526
2026-06-28T04:03:10,idle,ue5,684254,1092696.5312698246,1.092697
2026-06-28T04:03:10,idle,ue6,684266,1063941.2964637757,1.063941
2026-06-28T04:03:10,idle,ue7,684278,1073526.3747324585,1.073526
2026-06-28T04:03:10,idle,ue8,684290,1044771.1399264097,1.044771
2026-06-28T04:03:10,idle,ue9,685029,1054356.2906605483,1.054356
2026-06-28T04:03:10,idle,ue10,685041,1016016.0500512719,1.016016
2026-06-28T04:03:10,idle,ue11,685053,1016016.0500512719,1.016016
2026-06-28T04:03:10,idle,ue12,685065,1054356.2906605483,1.054356
2026-06-28T04:03:16,idle,cu_cp,683235,458497.2551647758,0.458497
2026-06-28T04:03:16,idle,cu_up,683262,473780.4872964954,0.473780
2026-06-28T04:03:16,idle,du1,683424,3851376.8268988417,3.851377
2026-06-28T04:03:16,idle,du2,684189,3820810.217028809,3.820810
2026-06-28T04:03:16,idle,du3,684964,3836093.667570419,3.836094
2026-06-28T04:03:16,idle,ue1,683489,1092751.7890492724,1.092752
2026-06-28T04:03:16,idle,ue2,683501,1069826.9044500447,1.069827
2026-06-28T04:03:16,idle,ue3,683513,1077468.5569175528,1.077469
2026-06-28T04:03:16,idle,ue4,683525,1062185.3247858332,1.062185
2026-06-28T04:03:16,idle,ue5,684254,1092751.7890492724,1.092752
2026-06-28T04:03:16,idle,ue6,684266,1092751.7890492724,1.092752
2026-06-28T04:03:16,idle,ue7,684278,1069826.9044500447,1.069827
2026-06-28T04:03:16,idle,ue8,684290,1046901.9470475197,1.046902
2026-06-28T04:03:16,idle,ue9,685029,1069826.9044500447,1.069827
2026-06-28T04:03:16,idle,ue10,685041,1069826.9044500447,1.069827
2026-06-28T04:03:16,idle,ue11,685053,1092751.7890492724,1.092752
2026-06-28T04:03:16,idle,ue12,685065,1092751.7890492724,1.092752
2026-06-28T04:03:22,idle,cu_cp,683235,457518.4281227109,0.457518
2026-06-28T04:03:22,idle,cu_up,683262,457518.4281227109,0.457518
2026-06-28T04:03:22,idle,du1,683424,3791762.2524864506,3.791762
2026-06-28T04:03:22,idle,du2,684189,3835633.7654294204,3.835634
2026-06-28T04:03:22,idle,du3,684964,3798029.693957119,3.798030
2026-06-28T04:03:22,idle,ue1,683489,1103058.0796344918,1.103058
2026-06-28T04:03:22,idle,ue2,683501,1077988.6024276728,1.077989
2026-06-28T04:03:22,idle,ue3,683513,1103058.0796344918,1.103058
2026-06-28T04:03:22,idle,ue4,683525,1015314.8372416615,1.015315
2026-06-28T04:03:22,idle,ue5,684254,1084256.043898341,1.084256
2026-06-28T04:03:22,idle,ue6,684266,1077988.6024276728,1.077989
2026-06-28T04:03:22,idle,ue7,684278,1040384.3866174441,1.040384
2026-06-28T04:03:22,idle,ue8,684290,1052919.1252208536,1.052919
2026-06-28T04:03:22,idle,ue9,685029,1052919.1252208536,1.052919
2026-06-28T04:03:22,idle,ue10,685041,1065453.8638242632,1.065454
2026-06-28T04:03:22,idle,ue11,685053,1096790.7825017506,1.096791
2026-06-28T04:03:22,idle,ue12,685065,1096790.7825017506,1.096791
2026-06-28T04:03:27,idle,cu_cp,683235,455788.4281620026,0.455788
2026-06-28T04:03:27,idle,cu_up,683262,466815.53715208056,0.466816
2026-06-28T04:03:27,idle,du1,683424,3819065.6957066343,3.819066
2026-06-28T04:03:27,idle,du2,684189,3819065.6957066343,3.819066
2026-06-28T04:03:27,idle,du3,684964,3859498.513247223,3.859499
2026-06-28T04:03:27,idle,ue1,683489,1095362.4169610597,1.095362
2026-06-28T04:03:27,idle,ue2,683501,1091686.726046791,1.091687
2026-06-28T04:03:27,idle,ue3,683513,1091686.726046791,1.091687
2026-06-28T04:03:27,idle,ue4,683525,1032875.3089457703,1.032875
2026-06-28T04:03:27,idle,ue5,684254,1095362.4169610597,1.095362
2026-06-28T04:03:27,idle,ue6,684266,1069632.43557209,1.069632
2026-06-28T04:03:27,idle,ue7,684278,1062281.053743553,1.062281
2026-06-28T04:03:27,idle,ue8,684290,1065956.7446578217,1.065957
2026-06-28T04:03:27,idle,ue9,685029,1091686.726046791,1.091687
2026-06-28T04:03:27,idle,ue10,685041,1088011.0351325227,1.088011
2026-06-28T04:03:27,idle,ue11,685053,1091686.726046791,1.091687
2026-06-28T04:03:27,idle,ue12,685065,1080659.6533039855,1.080660
2026-06-28T04:03:33,idle,cu_cp,683235,454143.91077623965,0.454144
2026-06-28T04:03:33,idle,cu_up,683262,457806.3424056351,0.457806
2026-06-28T04:03:33,idle,du1,683424,3808949.162593603,3.808949
2026-06-28T04:03:33,idle,du2,684189,3885860.2268109084,3.885860
2026-06-28T04:03:33,idle,du3,684964,3889522.9479834796,3.889523
2026-06-28T04:03:33,idle,ue1,683489,1076760.5451341986,1.076761
2026-06-28T04:03:33,idle,ue2,683501,1062110.7462308228,1.062111
2026-06-28T04:03:33,idle,ue3,683513,1073098.1135048033,1.073098
2026-06-28T04:03:33,idle,ue4,683525,1040136.0116828621,1.040136
2026-06-28T04:03:33,idle,ue5,684254,1091410.4164233685,1.091410
2026-06-28T04:03:33,idle,ue6,684266,1069435.6094896137,1.069436
2026-06-28T04:03:33,idle,ue7,684278,1062110.7462308228,1.062111
2026-06-28T04:03:33,idle,ue8,684290,1054785.8829720318,1.054786
2026-06-28T04:03:33,idle,ue9,685029,1062110.7462308228,1.062111
2026-06-28T04:03:33,idle,ue10,685041,1073098.1135048033,1.073098
2026-06-28T04:03:33,idle,ue11,685053,1065773.2502460121,1.065773
2026-06-28T04:03:33,idle,ue12,685065,1040136.0116828621,1.040136
2026-06-28T04:03:38,idle,cu_cp,683235,452316.51966583787,0.452317
2026-06-28T04:03:38,idle,cu_up,683262,466907.3971884388,0.466907
2026-06-28T04:03:38,idle,du1,683424,3830099.5576247787,3.830100
2026-06-28T04:03:38,idle,du2,684189,3877519.603781352,3.877520
2026-06-28T04:03:38,idle,du3,684964,3793622.6875979137,3.793623
2026-06-28T04:03:38,idle,ue1,683489,1079723.353749795,1.079723
2026-06-28T04:03:38,idle,ue2,683501,1076075.6523569024,1.076076
2026-06-28T04:03:38,idle,ue3,683513,1090666.4579284727,1.090666
2026-06-28T04:03:38,idle,ue4,683525,1032303.0197890997,1.032303
2026-06-28T04:03:38,idle,ue5,684254,1090666.4579284727,1.090666
2026-06-28T04:03:38,idle,ue6,684266,1054189.3000974858,1.054189
2026-06-28T04:03:38,idle,ue7,684278,1072427.8790129793,1.072428
2026-06-28T04:03:38,idle,ue8,684290,1032303.0197890997,1.032303
2026-06-28T04:03:38,idle,ue9,685029,1076075.6523569024,1.076076
2026-06-28T04:03:38,idle,ue10,685041,1094314.231272396,1.094314
2026-06-28T04:03:38,idle,ue11,685053,1119848.2129736745,1.119848
2026-06-28T04:03:38,idle,ue12,685065,1043246.195918808,1.043246
2026-06-28T04:03:44,idle,cu_cp,683235,451943.11574104783,0.451943
2026-06-28T04:03:44,idle,cu_up,683262,471940.638199608,0.471941
2026-06-28T04:03:44,idle,du1,683424,3795522.229273045,3.795522
2026-06-28T04:03:44,idle,du2,684189,3827518.2072020317,3.827518
2026-06-28T04:03:44,idle,du3,684964,3887511.0283483174,3.887511
2026-06-28T04:03:44,idle,ue1,683489,1095862.099056015,1.095862
2026-06-28T04:03:44,idle,ue2,683501,1071865.1881151623,1.071865
2026-06-28T04:03:44,idle,ue3,683513,1075864.6853562857,1.075865
2026-06-28T04:03:44,idle,ue4,683525,1035869.6404391653,1.035870
2026-06-28T04:03:44,idle,ue5,684254,1035869.6404391653,1.035870
2026-06-28T04:03:44,idle,ue6,684266,1079864.182597409,1.079864
2026-06-28T04:03:44,idle,ue7,684278,1095862.099056015,1.095862
2026-06-28T04:03:44,idle,ue8,684290,1103861.0935382617,1.103861
2026-06-28T04:03:44,idle,ue9,685029,1079864.182597409,1.079864
2026-06-28T04:03:44,idle,ue10,685041,1091862.6743207788,1.091863
2026-06-28T04:03:44,idle,ue11,685053,1119859.0825027549,1.119859
2026-06-28T04:03:44,idle,ue12,685065,1055867.1266447818,1.055867
2026-06-28T04:03:49,idle,cu_cp,683235,454331.78998781205,0.454332
2026-06-28T04:03:49,idle,cu_up,683262,462444.8306417942,0.462445
2026-06-28T04:03:49,idle,du1,683424,3821254.7954315185,3.821255
2026-06-28T04:03:49,idle,du2,684189,3894272.1973498533,3.894272
2026-06-28T04:03:49,idle,du3,684964,3878046.3322368623,3.878046
2026-06-28T04:03:49,idle,ue1,683489,1095264.1275696373,1.095264
2026-06-28T04:03:49,idle,ue2,683501,1079037.974196682,1.079038
2026-06-28T04:03:49,idle,ue3,683513,1091207.6612913895,1.091208
2026-06-28T04:03:49,idle,ue4,683525,1006020.428148365,1.006020
2026-06-28T04:03:49,idle,ue5,684254,1050642.2778590012,1.050642
2026-06-28T04:03:49,idle,ue6,684266,1103377.132191124,1.103377
2026-06-28T04:03:49,idle,ue7,684278,1062811.8928887176,1.062812
2026-06-28T04:03:49,idle,ue8,684290,1026303.1198645592,1.026303
2026-06-28T04:03:49,idle,ue9,685029,1074981.435853443,1.074981
2026-06-28T04:03:49,idle,ue10,685041,1054698.81620224,1.054699
2026-06-28T04:03:49,idle,ue11,685053,1083094.5846049117,1.083095
2026-06-28T04:03:49,idle,ue12,685065,1066868.3591669656,1.066868
2026-06-28T04:03:55,idle,cu_cp,683235,454330.4740905565,0.454330
2026-06-28T04:03:55,idle,cu_up,683262,466500.0667142588,0.466500
2026-06-28T04:03:55,idle,du1,683424,3756339.431002159,3.756339
2026-06-28T04:03:55,idle,du2,684189,3817187.2501410125,3.817187
2026-06-28T04:03:55,idle,du3,684964,3841526.723347733,3.841527
2026-06-28T04:03:55,idle,ue1,683489,1083091.3678451485,1.083091
2026-06-28T04:03:55,idle,ue2,683501,1091204.4775875027,1.091204
2026-06-28T04:03:55,idle,ue3,683513,1087147.9947061546,1.087148
2026-06-28T04:03:55,idle,ue4,683525,1046582.7339536995,1.046583
2026-06-28T04:03:55,idle,ue5,684254,1091204.4775875027,1.091204
2026-06-28T04:03:55,idle,ue6,684266,1050639.2168350476,1.050639
2026-06-28T04:03:55,idle,ue7,684278,1050639.2168350476,1.050639
2026-06-28T04:03:55,idle,ue8,684290,1006017.4732012445,1.006017
2026-06-28T04:03:55,idle,ue9,685029,1050639.2168350476,1.050639
2026-06-28T04:03:55,idle,ue10,685041,1062808.8094587498,1.062809
2026-06-28T04:03:55,idle,ue11,685053,1074978.3300926231,1.074978
2026-06-28T04:03:55,idle,ue12,685065,1042526.2510723514,1.042526
2026-06-28T04:04:00,idle,cu_cp,683235,459187.39884424565,0.459187
2026-06-28T04:04:00,idle,cu_up,683262,463251.01501048205,0.463251
2026-06-28T04:04:00,idle,du1,683424,3799470.8585165404,3.799471
2026-06-28T04:04:00,idle,du2,684189,3807598.379776182,3.807598
2026-06-28T04:04:00,idle,du3,684964,3852298.013141198,3.852298
2026-06-28T04:04:00,idle,ue1,683489,1089046.1710478747,1.089046
2026-06-28T04:04:00,idle,ue2,683501,1089046.1710478747,1.089046
2026-06-28T04:04:00,idle,ue3,683513,1036219.3775821781,1.036219
2026-06-28T04:04:00,idle,ue4,683525,1072791.7786147213,1.072792
2026-06-28T04:04:00,idle,ue5,684254,1093109.787214111,1.093110
2026-06-28T04:04:00,idle,ue6,684266,1072791.7786147213,1.072792
2026-06-28T04:04:00,idle,ue7,684278,1024028.529083469,1.024029
2026-06-28T04:04:00,idle,ue8,684290,1060600.930116012,1.060601
2026-06-28T04:04:00,idle,ue9,685029,1072791.7786147213,1.072792
2026-06-28T04:04:00,idle,ue10,685041,1011837.752816552,1.011838
2026-06-28T04:04:00,idle,ue11,685053,1080919.0109471942,1.080919
2026-06-28T04:04:00,idle,ue12,685065,1024028.529083469,1.024029
2026-06-28T04:04:06,idle,cu_cp,683235,442538.7302316284,0.442539
2026-06-28T04:04:06,idle,cu_up,683262,468069.8080659485,0.468070
2026-06-28T04:04:06,idle,du1,683424,3770089.470706787,3.770089
2026-06-28T04:04:06,idle,du2,684189,3838172.440471802,3.838172
2026-06-28T04:04:06,idle,du3,684964,3744558.464527588,3.744558
2026-06-28T04:04:06,idle,ue1,683489,1080815.747744751,1.080816
2026-06-28T04:04:06,idle,ue2,683501,1055284.669910431,1.055285
2026-06-28T04:04:06,idle,ue3,683513,1055284.669910431,1.055285
2026-06-28T04:04:06,idle,ue4,683525,1029753.52042099,1.029754
2026-06-28T04:04:06,idle,ue5,684254,1072305.3406965637,1.072305
2026-06-28T04:04:06,idle,ue6,684266,1046774.2628622437,1.046774
2026-06-28T04:04:06,idle,ue7,684278,1012732.8496348571,1.012733
2026-06-28T04:04:06,idle,ue8,684290,1038263.9274691773,1.038264
2026-06-28T04:04:06,idle,ue9,685029,1055284.669910431,1.055285
2026-06-28T04:04:06,idle,ue10,685041,1038263.9274691773,1.038264
2026-06-28T04:04:06,idle,ue11,685053,1055284.669910431,1.055285
2026-06-28T04:04:06,idle,ue12,685065,1055284.669910431,1.055285
2026-06-28T04:04:11,idle,cu_cp,683235,450109.43364366353,0.450109
2026-06-28T04:04:11,idle,cu_up,683262,463958.973573246,0.463959
2026-06-28T04:04:11,idle,du1,683424,3787843.9331039716,3.787844
2026-06-28T04:04:11,idle,du2,684189,3822468.108022628,3.822468
2026-06-28T04:04:11,idle,du3,684964,3870941.3171679997,3.870941
2026-06-28T04:04:11,idle,ue1,683489,1107961.6772579974,1.107962
2026-06-28T04:04:11,idle,ue2,683501,1059488.3958693587,1.059488
2026-06-28T04:04:11,idle,ue3,683513,1094112.2095716817,1.094112
2026-06-28T04:04:11,idle,ue4,683525,1087187.4757285237,1.087187
2026-06-28T04:04:11,idle,ue5,684254,1052563.5897829342,1.052564
2026-06-28T04:04:11,idle,ue6,684266,1059488.3958693587,1.059488
2026-06-28T04:04:11,idle,ue7,684278,1087187.4757285237,1.087187
2026-06-28T04:04:11,idle,ue8,684290,1031789.3882534605,1.031789
2026-06-28T04:04:11,idle,ue9,685029,1066413.2019557834,1.066413
2026-06-28T04:04:11,idle,ue10,685041,1031789.3882534605,1.031789
2026-06-28T04:04:11,idle,ue11,685053,1087187.4757285237,1.087187
2026-06-28T04:04:11,idle,ue12,685065,1066413.2019557834,1.066413
2026-06-28T04:04:17,idle,cu_cp,683235,458280.7487436342,0.458281
2026-06-28T04:04:17,idle,cu_up,683262,458280.7487436342,0.458281
2026-06-28T04:04:17,idle,du1,683424,3783753.6440346907,3.783754
2026-06-28T04:04:17,idle,du2,684189,3848383.2013210296,3.848383
2026-06-28T04:04:17,idle,du3,684964,3836632.3200660516,3.836632
2026-06-28T04:04:17,idle,ue1,683489,1104574.0770827031,1.104574
2026-06-28T04:04:17,idle,ue2,683501,1045820.1776358843,1.045820
2026-06-28T04:04:17,idle,ue3,683513,1086947.9000082565,1.086948
2026-06-28T04:04:17,idle,ue4,683525,1104574.0770827031,1.104574
2026-06-28T04:04:17,idle,ue5,684254,1116324.885933671,1.116325
2026-06-28T04:04:17,idle,ue6,684266,1098698.7088592243,1.098699
2026-06-28T04:04:17,idle,ue7,684278,1039944.8094124055,1.039945
2026-06-28T04:04:17,idle,ue8,684290,1057570.8416788315,1.057571
2026-06-28T04:04:17,idle,ue9,685029,1081072.5317847775,1.081073
2026-06-28T04:04:17,idle,ue10,685041,1039944.8094124055,1.039945
2026-06-28T04:04:17,idle,ue11,685053,1081072.5317847775,1.081073
2026-06-28T04:04:17,idle,ue12,685065,1069321.7229338097,1.069322
2026-06-28T04:04:22,idle,cu_cp,683235,453921.4649282777,0.453921
2026-06-28T04:04:22,idle,cu_up,683262,461302.29938875797,0.461302
2026-06-28T04:04:22,idle,du1,683424,3897082.0512209986,3.897082
2026-06-28T04:04:22,idle,du2,684189,3900772.3592446805,3.900772
2026-06-28T04:04:22,idle,du3,684964,3856487.2068730546,3.856487
2026-06-28T04:04:22,idle,ue1,683489,1099744.625829041,1.099745
2026-06-28T04:04:22,idle,ue2,683501,1025936.3540286112,1.025936
2026-06-28T04:04:22,idle,ue3,683513,1121887.1292104817,1.121887
2026-06-28T04:04:22,idle,ue4,683525,1051769.2382381058,1.051769
2026-06-28T04:04:22,idle,ue5,684254,1121887.1292104817,1.121887
2026-06-28T04:04:22,idle,ue6,684266,1099744.625829041,1.099745
2026-06-28T04:04:22,idle,ue7,684278,1048078.7846056796,1.048079
2026-06-28T04:04:22,idle,ue8,684290,1103435.1522658395,1.103435
2026-06-28T04:04:22,idle,ue9,685029,1088673.4833448792,1.088673
2026-06-28T04:04:22,idle,ue10,685041,1040698.0229495716,1.040698
2026-06-28T04:04:22,idle,ue11,685053,1144029.7053962946,1.144030
2026-06-28T04:04:22,idle,ue12,685065,1103435.1522658395,1.103435
2026-06-28T04:04:28,idle,cu_cp,683235,452083.50508805993,0.452084
2026-06-28T04:04:28,idle,cu_up,683262,466905.88863717794,0.466906
2026-06-28T04:04:28,idle,du1,683424,3835298.491450319,3.835298
2026-06-28T04:04:28,idle,du2,684189,3890882.4297595117,3.890882
2026-06-28T04:04:28,idle,du3,684964,3876060.046210394,3.876060
2026-06-28T04:04:28,idle,ue1,683489,1119091.9383837676,1.119092
2026-06-28T04:04:28,idle,ue2,683501,1078330.2369255186,1.078330
2026-06-28T04:04:28,idle,ue3,683513,1107975.0773728418,1.107975
2026-06-28T04:04:28,idle,ue4,683525,1085741.5020491648,1.085742
2026-06-28T04:04:28,idle,ue5,684254,1130208.7260456062,1.130209
2026-06-28T04:04:28,idle,ue6,684266,1115386.342496488,1.115386
2026-06-28T04:04:28,idle,ue7,684278,1052391.0657145618,1.052391
2026-06-28T04:04:28,idle,ue8,684290,1104269.4814855624,1.104269
2026-06-28T04:04:28,idle,ue9,685029,1070919.0451509594,1.070919
2026-06-28T04:04:28,idle,ue10,685041,1063507.9267254877,1.063508
2026-06-28T04:04:28,idle,ue11,685053,1089447.0979364442,1.089447
2026-06-28T04:04:28,idle,ue12,685065,1107975.0773728418,1.107975
2026-06-28T04:04:33,idle,cu_cp,683235,454682.4396876281,0.454682
2026-06-28T04:04:33,idle,cu_up,683262,466049.5170863685,0.466050
2026-06-28T04:04:33,idle,du1,683424,3842066.5460883593,3.842067
2026-06-28T04:04:33,idle,du2,684189,3861011.517097263,3.861012
2026-06-28T04:04:33,idle,du3,684964,3864800.6279678415,3.864801
2026-06-28T04:04:33,idle,ue1,683489,1106393.9049754292,1.106394
2026-06-28T04:04:33,idle,ue2,683501,1102604.8670228494,1.102605
2026-06-28T04:04:33,idle,ue3,683513,1098815.901988268,1.098816
2026-06-28T04:04:33,idle,ue4,683525,1110183.0158460075,1.110183
2026-06-28T04:04:33,idle,ue5,684254,1136706.1356780697,1.136706
2026-06-28T04:04:33,idle,ue6,684266,1125339.02182033,1.125339
2026-06-28T04:04:33,idle,ue7,684278,1026824.5454792428,1.026825
2026-06-28T04:04:33,idle,ue8,684290,1102604.8670228494,1.102605
2026-06-28T04:04:33,idle,ue9,685029,1113972.0537985873,1.113972
2026-06-28T04:04:33,idle,ue10,685041,1102604.8670228494,1.102605
2026-06-28T04:04:33,idle,ue11,685053,1087448.8610485268,1.087449
2026-06-28T04:04:33,idle,ue12,685065,1057136.6303458863,1.057137
2026-06-28T04:04:39,idle,cu_cp,683235,462443.22626702965,0.462443
2026-06-28T04:04:39,idle,cu_up,683262,466572.20653679786,0.466572
2026-06-28T04:04:39,idle,du1,683424,3868833.1221291875,3.868833
2026-06-28T04:04:39,idle,du2,684189,3922509.8656361746,3.922510
2026-06-28T04:04:39,idle,du3,684964,3839930.5532633257,3.839931
2026-06-28T04:04:39,idle,ue1,683489,1052884.1815962142,1.052884
2026-06-28T04:04:39,idle,ue2,683501,1102431.6518109173,1.102432
2026-06-28T04:04:39,idle,ue3,683513,1118947.4263787323,1.118947
2026-06-28T04:04:39,idle,ue4,683525,1073528.9364337975,1.073529
2026-06-28T04:04:39,idle,ue5,684254,1139592.2544719446,1.139592
2026-06-28T04:04:39,idle,ue6,684266,1135463.2742021764,1.135463
2026-06-28T04:04:39,idle,ue7,684278,1081786.9702289628,1.081787
2026-06-28T04:04:39,idle,ue8,684290,1135463.2742021764,1.135463
2026-06-28T04:04:39,idle,ue9,685029,1127205.4601738977,1.127205
2026-06-28T04:04:39,idle,ue10,685041,1110689.6123504536,1.110690
2026-06-28T04:04:39,idle,ue11,685053,1085915.8039874732,1.085916
2026-06-28T04:04:39,idle,ue12,685065,1052884.1815962142,1.052884
2026-06-28T04:04:44,idle,cu_cp,683235,456563.1448095912,0.456563
2026-06-28T04:04:44,idle,cu_up,683262,464789.5061320019,0.464790
2026-06-28T04:04:44,idle,du1,683424,3817032.531190219,3.817033
2026-06-28T04:04:44,idle,du2,684189,3854051.1022915887,3.854051
2026-06-28T04:04:44,idle,du3,684964,3932201.516571331,3.932202
2026-06-28T04:04:44,idle,ue1,683489,1069427.2644439423,1.069427
2026-06-28T04:04:44,idle,ue2,683501,1089993.039767853,1.089993
2026-06-28T04:04:44,idle,ue3,683513,1106445.8355453121,1.106446
2026-06-28T04:04:44,idle,ue4,683525,1085879.913956126,1.085880
2026-06-28T04:04:44,idle,ue5,684254,1073540.3902556694,1.073540
2026-06-28T04:04:44,idle,ue6,684266,1118785.3592457687,1.118785
2026-06-28T04:04:44,idle,ue7,684278,1065313.9923669398,1.065314
2026-06-28T04:04:44,idle,ue8,684290,1102332.7097335851,1.102333
2026-06-28T04:04:44,idle,ue9,685029,1114672.2334340417,1.114672
2026-06-28T04:04:44,idle,ue10,685041,1118785.3592457687,1.118785
2026-06-28T04:04:44,idle,ue11,685053,1065313.9923669398,1.065314
2026-06-28T04:04:44,idle,ue12,685065,1094106.3118448555,1.094106
2026-06-28T04:04:50,idle,cu_cp,683235,459940.8150376052,0.459941
2026-06-28T04:04:50,idle,cu_up,683262,468154.0112768203,0.468154
2026-06-28T04:04:50,idle,du1,683424,3819151.2945214724,3.819151
2026-06-28T04:04:50,idle,du2,684189,3864324.0929141426,3.864324
2026-06-28T04:04:50,idle,du3,684964,3868430.7640594123,3.868431
2026-06-28T04:04:50,idle,ue1,683489,1084146.1390648114,1.084146
2026-06-28T04:04:50,idle,ue2,683501,1088252.8102100813,1.088253
2026-06-28T04:04:50,idle,ue3,683513,1100572.604568904,1.100573
2026-06-28T04:04:50,idle,ue4,683525,1063613.0754411113,1.063613
2026-06-28T04:04:50,idle,ue5,684254,1071826.2716803264,1.071826
2026-06-28T04:04:50,idle,ue6,684266,1100572.604568904,1.100573
2026-06-28T04:04:50,idle,ue7,684278,1067719.7465863812,1.067720
2026-06-28T04:04:50,idle,ue8,684290,1104679.275714174,1.104679
2026-06-28T04:04:50,idle,ue9,685029,1116999.0700729967,1.116999
2026-06-28T04:04:50,idle,ue10,685041,1112892.471953389,1.112892
2026-06-28T04:04:50,idle,ue11,685053,1071826.2716803264,1.071826
2026-06-28T04:04:50,idle,ue12,685065,1088252.8102100813,1.088253
2026-06-28T04:04:55,idle,cu_cp,683235,465015.75138332543,0.465016
2026-06-28T04:04:55,idle,cu_up,683262,465015.75138332543,0.465016
2026-06-28T04:04:55,idle,du1,683424,3864157.5207443573,3.864158
2026-06-28T04:04:55,idle,du2,684189,3880618.0221339203,3.880618
2026-06-28T04:04:55,idle,du3,684964,3851812.364273124,3.851812
2026-06-28T04:04:55,idle,ue1,683489,1102869.2558277047,1.102869
2026-06-28T04:04:55,idle,ue2,683501,1098754.0572900008,1.098754
2026-06-28T04:04:55,idle,ue3,683513,1094638.8587522972,1.094639
2026-06-28T04:04:55,idle,ue4,683525,1057602.2182935893,1.057602
2026-06-28T04:04:55,idle,ue5,684254,1086408.5348672026,1.086409
2026-06-28T04:04:55,idle,ue6,684266,1106984.3811750954,1.106984
2026-06-28T04:04:55,idle,ue7,684278,1094638.8587522972,1.094639
2026-06-28T04:04:55,idle,ue8,684290,1090523.6602145934,1.090524
2026-06-28T04:04:55,idle,ue9,685029,1115214.778250503,1.115215
2026-06-28T04:04:55,idle,ue10,685041,1090523.6602145934,1.090524
2026-06-28T04:04:55,idle,ue11,685053,1090523.6602145934,1.090524
2026-06-28T04:04:55,idle,ue12,685065,1106984.3811750954,1.106984
2026-06-28T04:05:01,idle,cu_cp,683235,468587.1350713858,0.468587
2026-06-28T04:05:01,idle,cu_up,683262,460219.49914080085,0.460219
2026-06-28T04:05:01,idle,du1,683424,3849108.271392224,3.849108
2026-06-28T04:05:01,idle,du2,684189,3865843.763426335,3.865844
2026-06-28T04:05:01,idle,du3,684964,3874211.2158794687,3.874211
2026-06-28T04:05:01,idle,ue1,683489,1079423.897485265,1.079424
2026-06-28T04:05:01,idle,ue2,683501,1079423.897485265,1.079424
2026-06-28T04:05:01,idle,ue3,683513,1087791.49672036,1.087791
2026-06-28T04:05:01,idle,ue4,683525,1062688.6990150756,1.062689
2026-06-28T04:05:01,idle,ue5,684254,1079423.897485265,1.079424
2026-06-28T04:05:01,idle,ue6,684266,1104526.7685815298,1.104527
2026-06-28T04:05:01,idle,ue7,684278,1104526.7685815298,1.104527
2026-06-28T04:05:01,idle,ue8,684290,1054321.0263890005,1.054321
2026-06-28T04:05:01,idle,ue9,685029,1071056.2982501704,1.071056
2026-06-28T04:05:01,idle,ue10,685041,1071056.2982501704,1.071056
2026-06-28T04:05:01,idle,ue11,685053,1079423.897485265,1.079424
2026-06-28T04:05:01,idle,ue12,685065,1087791.49672036,1.087791
2026-06-28T04:05:06,idle,cu_cp,683235,466004.1501259166,0.466004
2026-06-28T04:05:06,idle,cu_up,683262,452298.1684317559,0.452298
2026-06-28T04:05:06,idle,du1,683424,3837681.348855648,3.837681
2026-06-28T04:05:06,idle,du2,684189,3858240.5053312825,3.858241
2026-06-28T04:05:06,idle,du3,684964,3830828.394795446,3.830828
2026-06-28T04:05:06,idle,ue1,683489,1062215.3838545107,1.062215
2026-06-28T04:05:06,idle,ue2,683501,1089627.494390347,1.089627
2026-06-28T04:05:06,idle,ue3,683513,1048509.4021603501,1.048509
2026-06-28T04:05:06,idle,ue4,683525,1110186.3565709519,1.110186
2026-06-28T04:05:06,idle,ue5,684254,1007391.4570778679,1.007391
2026-06-28T04:05:06,idle,ue6,684266,1069068.41148847,1.069068
2026-06-28T04:05:06,idle,ue7,684278,1096480.3748767911,1.096480
2026-06-28T04:05:06,idle,ue8,684290,1075921.3655486715,1.075921
2026-06-28T04:05:06,idle,ue9,685029,1075921.3655486715,1.075921
2026-06-28T04:05:06,idle,ue10,685041,1055362.4297943092,1.055362
2026-06-28T04:05:06,idle,ue11,685053,1069068.41148847,1.069068
2026-06-28T04:05:06,idle,ue12,685065,1089627.494390347,1.089627
2026-06-28T04:05:12,idle,cu_cp,683235,453013.0131185618,0.453013
2026-06-28T04:05:12,idle,cu_up,683262,463973.0184866762,0.463973
2026-06-28T04:05:12,idle,du1,683424,3806770.7888041567,3.806771
2026-06-28T04:05:12,idle,du2,684189,3817730.396634593,3.817730
2026-06-28T04:05:12,idle,du3,684964,3755624.024806712,3.755624
2026-06-28T04:05:12,idle,ue1,683489,1033892.647112425,1.033893
2026-06-28T04:05:12,idle,ue2,683501,1074079.297322389,1.074079
2026-06-28T04:05:12,idle,ue3,683513,1092345.936796124,1.092346
2026-06-28T04:05:12,idle,ue4,683525,1052159.2143065822,1.052159
2026-06-28T04:05:12,idle,ue5,684254,1022932.6778840995,1.022933
2026-06-28T04:05:12,idle,ue6,684266,1066772.6270769793,1.066773
2026-06-28T04:05:12,idle,ue7,684278,1095999.163499462,1.095999
2026-06-28T04:05:12,idle,ue8,684290,1063119.3280940633,1.063119
2026-06-28T04:05:12,idle,ue9,685029,1063119.3280940633,1.063119
2026-06-28T04:05:12,idle,ue10,685041,1033892.647112425,1.033893
2026-06-28T04:05:12,idle,ue11,685053,1088692.6378132082,1.088693
2026-06-28T04:05:12,idle,ue12,685065,1092345.936796124,1.092346
2026-06-28T04:05:17,idle,cu_cp,683235,466254.445164789,0.466254
2026-06-28T04:05:17,idle,cu_up,683262,451569.2846222395,0.451569
2026-06-28T04:05:17,idle,du1,683424,3807132.708524773,3.807133
2026-06-28T04:05:17,idle,du2,684189,3825489.5034707785,3.825490
2026-06-28T04:05:17,idle,du3,684964,3792447.620459659,3.792448
2026-06-28T04:05:17,idle,ue1,683489,1068346.8246611082,1.068347
2026-06-28T04:05:17,idle,ue2,683501,1075689.3686936654,1.075689
2026-06-28T04:05:17,idle,ue3,683513,1108731.0342724782,1.108731
2026-06-28T04:05:17,idle,ue4,683525,1108731.0342724782,1.108731
2026-06-28T04:05:17,idle,ue5,684254,1072018.1691548221,1.072018
2026-06-28T04:05:17,idle,ue6,684266,1086703.3296973717,1.086703
2026-06-28T04:05:17,idle,ue7,684278,1112402.3787661921,1.112402
2026-06-28T04:05:17,idle,ue8,684290,1064675.5526448297,1.064676
2026-06-28T04:05:17,idle,ue9,685029,1086703.3296973717,1.086703
2026-06-28T04:05:17,idle,ue10,685041,1024291.3430334597,1.024291
2026-06-28T04:05:17,idle,ue11,685053,1075689.3686936654,1.075689
2026-06-28T04:05:17,idle,ue12,685065,1064675.5526448297,1.064676
2026-06-28T04:05:23,idle,cu_cp,683235,462279.2113437027,0.462279
2026-06-28T04:05:23,idle,cu_up,683262,469675.69855434,0.469676
2026-06-28T04:05:23,idle,du1,683424,3838766.583245516,3.838767
2026-06-28T04:05:23,idle,du2,684189,3872050.6663415194,3.872051
2026-06-28T04:05:23,idle,du3,684964,3853559.7034692764,3.853560
2026-06-28T04:05:23,idle,ue1,683489,1102073.7512364865,1.102074
2026-06-28T04:05:23,idle,ue2,683501,1087280.7768152119,1.087281
2026-06-28T04:05:23,idle,ue3,683513,1057694.8279726624,1.057695
2026-06-28T04:05:23,idle,ue4,683525,1076186.0095486343,1.076186
2026-06-28T04:05:23,idle,ue5,684254,1127961.2742206096,1.127961
2026-06-28T04:05:23,idle,ue6,684266,1079884.2896045744,1.079884
2026-06-28T04:05:23,idle,ue7,684278,1094677.1911246062,1.094677
2026-06-28T04:05:23,idle,ue8,684290,1068789.6681404829,1.068790
2026-06-28T04:05:23,idle,ue9,685029,1090978.911068666,1.090979
2026-06-28T04:05:23,idle,ue10,685041,1061393.1080286026,1.061393
2026-06-28T04:05:23,idle,ue11,685053,1094677.1911246062,1.094677
2026-06-28T04:05:23,idle,ue12,685065,1105771.9583911835,1.105772
2026-06-28T04:05:29,idle,cu_cp,683235,452251.21613606036,0.452251
2026-06-28T04:05:29,idle,cu_up,683262,467452.9382922787,0.467453
2026-06-28T04:05:29,idle,du1,683424,3785228.456669679,3.785228
2026-06-28T04:05:29,idle,du2,684189,3781427.9000505875,3.781428
2026-06-28T04:05:29,idle,du3,684964,3789028.725105829,3.789029
2026-06-28T04:05:29,idle,ue1,683489,1113526.057885821,1.113526
2026-06-28T04:05:29,idle,ue2,683501,1064120.4788895452,1.064120
2026-06-28T04:05:29,idle,ue3,683513,1060320.0663619244,1.060320
2026-06-28T04:05:29,idle,ue4,683525,1079322.2010457634,1.079322
2026-06-28T04:05:29,idle,ue5,684254,1067920.891417166,1.067921
2026-06-28T04:05:29,idle,ue6,684266,1090723.4386286258,1.090723
2026-06-28T04:05:29,idle,ue7,684278,1067920.891417166,1.067921
2026-06-28T04:05:29,idle,ue8,684290,1064120.4788895452,1.064120
2026-06-28T04:05:29,idle,ue9,685029,1041317.8596323502,1.041318
2026-06-28T04:05:29,idle,ue10,685041,1018515.3124208903,1.018515
2026-06-28T04:05:29,idle,ue11,685053,1075521.7885181427,1.075522
2026-06-28T04:05:29,idle,ue12,685065,1105925.2328305794,1.105925
2026-06-28T04:05:34,idle,cu_cp,683235,462058.5901639819,0.462059
2026-06-28T04:05:34,idle,cu_up,683262,466147.5916960359,0.466148
2026-06-28T04:05:34,idle,du1,683424,3839584.1382778166,3.839584
2026-06-28T04:05:34,idle,du2,684189,3839584.1382778166,3.839584
2026-06-28T04:05:34,idle,du3,684964,3819139.203286362,3.819139
2026-06-28T04:05:34,idle,ue1,683489,1079499.6745589017,1.079500
2026-06-28T04:05:34,idle,ue2,683501,1063143.5957618714,1.063144
2026-06-28T04:05:34,idle,ue3,683513,1067232.5972939252,1.067233
2026-06-28T04:05:34,idle,ue4,683525,1079499.6745589017,1.079500
2026-06-28T04:05:34,idle,ue5,684254,1124478.8367491246,1.124479
2026-06-28T04:05:34,idle,ue6,684266,1095855.7533559322,1.095856
2026-06-28T04:05:34,idle,ue7,684278,1050876.5911657095,1.050877
2026-06-28T04:05:34,idle,ue8,684290,1087677.7502918243,1.087678
2026-06-28T04:05:34,idle,ue9,685029,1079499.6745589017,1.079500
2026-06-28T04:05:34,idle,ue10,685041,1071321.6714947938,1.071322
2026-06-28T04:05:34,idle,ue11,685053,1099944.6822191714,1.099945
2026-06-28T04:05:34,idle,ue12,685065,1108122.757952094,1.108123
2026-06-28T04:05:39,idle,cu_cp,683235,464231.2383701411,0.464231
2026-06-28T04:05:39,idle,cu_up,683262,464231.2383701411,0.464231
2026-06-28T04:05:39,idle,du1,683424,3882287.7921793177,3.882288
2026-06-28T04:05:39,idle,du2,684189,3861746.5652171373,3.861747
2026-06-28T04:05:39,idle,du3,684964,3816556.0417720294,3.816556
2026-06-28T04:05:39,idle,ue1,683489,1101008.651318829,1.101009
2026-06-28T04:05:39,idle,ue2,683501,1080467.3510767787,1.080467
2026-06-28T04:05:39,idle,ue3,683513,1088683.8565176248,1.088684
2026-06-28T04:05:39,idle,ue4,683525,1068142.6295554447,1.068143
2026-06-28T04:05:39,idle,ue5,684254,1125658.021081627,1.125658
2026-06-28T04:05:39,idle,ue6,684266,1068142.6295554447,1.068143
2026-06-28T04:05:39,idle,ue7,684278,1047601.4758731347,1.047601
2026-06-28T04:05:39,idle,ue8,684290,1101008.651318829,1.101009
2026-06-28T04:05:39,idle,ue9,685029,1051709.6919536227,1.051710
2026-06-28T04:05:39,idle,ue10,685041,1039384.9704322886,1.039385
2026-06-28T04:05:39,idle,ue11,685053,1105116.867399317,1.105117
2026-06-28T04:05:39,idle,ue12,685065,1105116.867399317,1.105117
2026-06-28T04:05:45,idle,cu_cp,683235,471622.50918847113,0.471623
2026-06-28T04:05:45,idle,cu_up,683262,471622.50918847113,0.471623
2026-06-28T04:05:45,idle,du1,683424,3934324.5590521717,3.934325
2026-06-28T04:05:45,idle,du2,684189,3913639.707908764,3.913640
2026-06-28T04:05:45,idle,du3,684964,3884680.0340993856,3.884680
2026-06-28T04:05:45,idle,ue1,683489,1104589.6509561127,1.104590
2026-06-28T04:05:45,idle,ue2,683501,1083904.4322257852,1.083904
2026-06-28T04:05:45,idle,ue3,683513,1100452.5336926633,1.100453
2026-06-28T04:05:45,idle,ue4,683525,1075630.3447336543,1.075630
2026-06-28T04:05:45,idle,ue5,684254,1100452.5336926633,1.100453
2026-06-28T04:05:45,idle,ue6,684266,1079767.3884797199,1.079767
2026-06-28T04:05:45,idle,ue7,684278,1075630.3447336543,1.075630
2026-06-28T04:05:45,idle,ue8,684290,1075630.3447336543,1.075630
2026-06-28T04:05:45,idle,ue9,685029,1088041.4024544668,1.088041
2026-06-28T04:05:45,idle,ue10,685041,1071493.227470205,1.071493
2026-06-28T04:05:45,idle,ue11,685053,1088041.4024544668,1.088041
2026-06-28T04:05:45,idle,ue12,685065,1108726.6947021782,1.108727
2026-06-28T04:05:50,idle,cu_cp,683235,469819.6209189677,0.469820
2026-06-28T04:05:50,idle,cu_up,683262,460231.4602110073,0.460231
2026-06-28T04:05:50,idle,du1,683424,3825674.0560544515,3.825674
2026-06-28T04:05:50,idle,du2,684189,3835261.9629913187,3.835262
2026-06-28T04:05:50,idle,du3,684964,3835261.9629913187,3.835262
2026-06-28T04:05:50,idle,ue1,683489,1102637.8651142227,1.102638
2026-06-28T04:05:50,idle,ue2,683501,1035520.7764115131,1.035521
2026-06-28T04:05:50,idle,ue3,683513,1073873.4192433548,1.073873
2026-06-28T04:05:50,idle,ue4,683525,1064285.2947884076,1.064285
2026-06-28T04:05:50,idle,ue5,684254,1093049.7406592756,1.093050
2026-06-28T04:05:50,idle,ue6,684266,1083461.543698302,1.083462
2026-06-28T04:05:50,idle,ue7,684278,1073873.4192433548,1.073873
2026-06-28T04:05:50,idle,ue8,684290,1073873.4192433548,1.073873
2026-06-28T04:05:50,idle,ue9,685029,1102637.8651142227,1.102638
2026-06-28T04:05:50,idle,ue10,685041,1035520.7764115131,1.035521
2026-06-28T04:05:50,idle,ue11,685053,1093049.7406592756,1.093050
2026-06-28T04:05:50,idle,ue12,685065,1083461.543698302,1.083462
2026-06-28T04:05:56,idle,cu_cp,683235,460930.7910693571,0.460931
2026-06-28T04:05:56,idle,cu_up,683262,476295.15681700944,0.476295
2026-06-28T04:05:56,idle,du1,683424,3779632.4504966857,3.779632
2026-06-28T04:05:56,idle,du2,684189,3841090.058575466,3.841090
2026-06-28T04:05:56,idle,du3,684964,3833407.639933362,3.833408
2026-06-28T04:05:56,idle,ue1,683489,1083187.368081,1.083187
2026-06-28T04:05:56,idle,ue2,683501,1021729.9050903905,1.021730
2026-06-28T04:05:56,idle,ue3,683513,1052458.7091297805,1.052459
2026-06-28T04:05:56,idle,ue4,683525,1067822.9660613048,1.067823
2026-06-28T04:05:56,idle,ue5,684254,1113916.0995763047,1.113916
2026-06-28T04:05:56,idle,ue6,684266,1044776.508119933,1.044777
2026-06-28T04:05:56,idle,ue7,684278,1090869.5690908474,1.090870
2026-06-28T04:05:56,idle,ue8,684290,1052458.7091297805,1.052459
2026-06-28T04:05:56,idle,ue9,685029,1090869.5690908474,1.090870
2026-06-28T04:05:56,idle,ue10,685041,1067822.9660613048,1.067823
2026-06-28T04:05:56,idle,ue11,685053,1098551.7701006948,1.098552
2026-06-28T04:05:56,idle,ue12,685065,1060140.910139628,1.060141
2026-06-28T04:06:02,idle,cu_cp,683235,460179.57590969803,0.460180
2026-06-28T04:06:02,idle,cu_up,683262,472962.33786524535,0.472962
2026-06-28T04:06:02,idle,du1,683424,3770915.940966415,3.770916
2026-06-28T04:06:02,idle,du2,684189,3834829.459724164,3.834829
2026-06-28T04:06:02,idle,du3,684964,3822046.9887886047,3.822047
2026-06-28T04:06:02,idle,ue1,683489,1073752.368040961,1.073752
2026-06-28T04:06:02,idle,ue2,683501,1048186.8441298663,1.048187
2026-06-28T04:06:02,idle,ue3,683513,1054578.22510764,1.054578
2026-06-28T04:06:02,idle,ue4,683525,1067360.9143081903,1.067361
2026-06-28T04:06:02,idle,ue5,684254,1105709.2001748323,1.105709
2026-06-28T04:06:02,idle,ue6,684266,1067360.9143081903,1.067361
2026-06-28T04:06:02,idle,ue7,684278,1080143.6762637377,1.080144
2026-06-28T04:06:02,idle,ue8,684290,1112100.581152606,1.112101
2026-06-28T04:06:02,idle,ue9,685029,1067360.9143081903,1.067361
2026-06-28T04:06:02,idle,ue10,685041,1080143.6762637377,1.080144
2026-06-28T04:06:02,idle,ue11,685053,1060969.5333304168,1.060970
2026-06-28T04:06:02,idle,ue12,685065,1054578.22510764,1.054578
2026-06-28T04:06:07,idle,cu_cp,683235,453870.1111278534,0.453870
2026-06-28T04:06:07,idle,cu_up,683262,464940.11118507385,0.464940
2026-06-28T04:06:07,idle,du1,683424,3830220.745010376,3.830221
2026-06-28T04:06:07,idle,du2,684189,3833910.9142456055,3.833911
2026-06-28T04:06:07,idle,du3,684964,3837600.793395996,3.837601
2026-06-28T04:06:07,idle,ue1,683489,1103310.2716140747,1.103310
2026-06-28T04:06:07,idle,ue2,683501,1070100.343963623,1.070100
2026-06-28T04:06:07,idle,ue3,683513,1073790.2956352234,1.073790
2026-06-28T04:06:07,idle,ue4,683525,1081170.198978424,1.081170
2026-06-28T04:06:07,idle,ue5,684254,1114380.2716712952,1.114380
2026-06-28T04:06:07,idle,ue6,684266,1081170.198978424,1.081170
2026-06-28T04:06:07,idle,ue7,684278,1036890.271270752,1.036890
2026-06-28T04:06:07,idle,ue8,684290,1081170.198978424,1.081170
2026-06-28T04:06:07,idle,ue9,685029,1110690.3199996948,1.110690
2026-06-28T04:06:07,idle,ue10,685041,1066410.2472496033,1.066410
2026-06-28T04:06:07,idle,ue11,685053,1095930.2957496643,1.095930
2026-06-28T04:06:07,idle,ue12,685065,1103310.2716140747,1.103310
2026-06-28T04:06:13,idle,cu_cp,683235,460847.461625576,0.460847
2026-06-28T04:06:13,idle,cu_up,683262,460847.461625576,0.460847
2026-06-28T04:06:13,idle,du1,683424,3841624.3583500385,3.841624
2026-06-28T04:06:13,idle,du2,684189,3896925.8785434724,3.896926
2026-06-28T04:06:13,idle,du3,684964,3893239.6361354827,3.893240
2026-06-28T04:06:13,idle,ue1,683489,1109720.6613141417,1.109721
2026-06-28T04:06:13,idle,ue2,683501,1094973.5746624232,1.094974
2026-06-28T04:06:13,idle,ue3,683513,1076539.6615972638,1.076540
2026-06-28T04:06:13,idle,ue4,683525,1072852.9081845046,1.072853
2026-06-28T04:06:13,idle,ue5,684254,1124467.8209665418,1.124468
2026-06-28T04:06:13,idle,ue6,684266,1087599.994836223,1.087600
2026-06-28T04:06:13,idle,ue7,684278,1069166.1547717452,1.069166
2026-06-28T04:06:13,idle,ue8,684290,1083913.241423464,1.083913
2026-06-28T04:06:13,idle,ue9,685029,1054418.9951193451,1.054419
2026-06-28T04:06:13,idle,ue10,685041,1069166.1547717452,1.069166
2026-06-28T04:06:13,idle,ue11,685053,1087599.994836223,1.087600
2026-06-28T04:06:13,idle,ue12,685065,1083913.241423464,1.083913
2026-06-28T04:06:18,idle,cu_cp,683235,456799.96867749485,0.456800
2026-06-28T04:06:18,idle,cu_up,683262,471535.4714573041,0.471535
2026-06-28T04:06:18,idle,du1,683424,3772283.7716584327,3.772284
2026-06-28T04:06:18,idle,du2,684189,3842277.082952566,3.842277
2026-06-28T04:06:18,idle,du3,684964,3834909.549502635,3.834910
2026-06-28T04:06:18,idle,ue1,683489,1097793.5041626317,1.097794
2026-06-28T04:06:18,idle,ue2,683501,1097793.5041626317,1.097794
2026-06-28T04:06:18,idle,ue3,683513,1090425.752772727,1.090426
2026-06-28T04:06:18,idle,ue4,683525,1053587.0684698618,1.053587
2026-06-28T04:06:18,idle,ue5,684254,1108845.0949241596,1.108845
2026-06-28T04:06:18,idle,ue6,684266,1057270.980488143,1.057271
2026-06-28T04:06:18,idle,ue7,684278,1064638.7318780476,1.064639
2026-06-28T04:06:18,idle,ue8,684290,1068322.571249671,1.068323
2026-06-28T04:06:18,idle,ue9,685029,1053587.0684698618,1.053587
2026-06-28T04:06:18,idle,ue10,685041,1083058.0013828224,1.083058
2026-06-28T04:06:18,idle,ue11,685053,1075690.3226395757,1.075690
2026-06-28T04:06:18,idle,ue12,685065,1101477.343534255,1.101477
2026-06-28T04:06:24,idle,cu_cp,683235,459263.4608044946,0.459263
2026-06-28T04:06:24,idle,cu_up,683262,467181.8106856585,0.467182
2026-06-28T04:06:24,idle,du1,683424,3804760.151884918,3.804760
2026-06-28T04:06:24,idle,du2,684189,3832474.5393108847,3.832475
2026-06-28T04:06:24,idle,du3,684964,3792882.681343803,3.792883
2026-06-28T04:06:24,idle,ue1,683489,1088771.172650857,1.088771
2026-06-28T04:06:24,idle,ue2,683501,1104607.8000390101,1.104608
2026-06-28T04:06:24,idle,ue3,683513,1076893.7021097422,1.076894
2026-06-28T04:06:24,idle,ue4,683525,1057097.7731262017,1.057098
2026-06-28T04:06:24,idle,ue5,684254,1072934.4728885293,1.072934
2026-06-28T04:06:24,idle,ue6,684266,1076893.7021097422,1.076894
2026-06-28T04:06:24,idle,ue7,684278,1053138.688653338,1.053139
2026-06-28T04:06:24,idle,ue8,684290,1057097.7731262017,1.057098
2026-06-28T04:06:24,idle,ue9,685029,1076893.7021097422,1.076894
2026-06-28T04:06:24,idle,ue10,685041,1025424.4459757209,1.025424
2026-06-28T04:06:24,idle,ue11,685053,1053138.688653338,1.053139
2026-06-28T04:06:24,idle,ue12,685065,1088771.172650857,1.088771
2026-06-28T04:06:29,idle,cu_cp,683235,463811.1237013388,0.463811
2026-06-28T04:06:29,idle,cu_up,683262,472020.13013873814,0.472020
2026-06-28T04:06:29,idle,du1,683424,3886983.575751815,3.886984
2026-06-28T04:06:29,idle,du2,684189,3903401.588626614,3.903402
2026-06-28T04:06:29,idle,du3,684964,3829520.0932729337,3.829520
2026-06-28T04:06:29,idle,ue1,683489,1104116.6877380873,1.104117
2026-06-28T04:06:29,idle,ue2,683501,1087698.6748632884,1.087699
2026-06-28T04:06:29,idle,ue3,683513,1095907.6083978403,1.095908
2026-06-28T04:06:29,idle,ue4,683525,1050757.854283601,1.050758
2026-06-28T04:06:29,idle,ue5,684254,1071280.4432799472,1.071280
2026-06-28T04:06:29,idle,ue6,684266,1075385.0194014942,1.075385
2026-06-28T04:06:29,idle,ue7,684278,1079489.522620194,1.079490
2026-06-28T04:06:29,idle,ue8,684290,1083594.0987417412,1.083594
2026-06-28T04:06:29,idle,ue9,685029,1108221.2638596343,1.108221
2026-06-28T04:06:29,idle,ue10,685041,1058966.933623848,1.058967
2026-06-28T04:06:29,idle,ue11,685053,1083594.0987417412,1.083594
2026-06-28T04:06:29,idle,ue12,685065,1104116.6877380873,1.104117
2026-06-28T04:06:35,idle,cu_cp,683235,459047.77651928185,0.459048
2026-06-28T04:06:35,idle,cu_up,683262,467245.01407052996,0.467245
2026-06-28T04:06:35,idle,du1,683424,3836327.8362319423,3.836328
2026-06-28T04:06:35,idle,du2,684189,3873215.768984528,3.873216
2026-06-28T04:06:35,idle,du3,684964,3819933.0701118708,3.819933
2026-06-28T04:06:35,idle,ue1,683489,1102534.2709943713,1.102534
2026-06-28T04:06:35,idle,ue2,683501,1086139.795891875,1.086140
2026-06-28T04:06:35,idle,ue3,683513,1114830.2728300309,1.114830
2026-06-28T04:06:35,idle,ue4,683525,1082041.1043618573,1.082041
2026-06-28T04:06:35,idle,ue5,684254,1082041.1043618573,1.082041
2026-06-28T04:06:35,idle,ue6,684266,1106632.962524389,1.106633
2026-06-28T04:06:35,idle,ue7,684278,1053350.6274237013,1.053351
2026-06-28T04:06:35,idle,ue8,684290,1086139.795891875,1.086140
2026-06-28T04:06:35,idle,ue9,685029,1069745.248034985,1.069745
2026-06-28T04:06:35,idle,ue10,685041,1028758.8420155633,1.028759
2026-06-28T04:06:35,idle,ue11,685053,1086139.795891875,1.086140
2026-06-28T04:06:35,idle,ue12,685065,1098435.724973141,1.098436
2026-06-28T04:06:40,idle,cu_cp,683235,461803.6518284905,0.461804
2026-06-28T04:06:40,idle,cu_up,683262,470050.14823239774,0.470050
2026-06-28T04:06:40,idle,du1,683424,3842866.2232934115,3.842866
2026-06-28T04:06:40,idle,du2,684189,3867605.382226925,3.867605
2026-06-28T04:06:40,idle,du3,684964,3863482.0422810246,3.863482
2026-06-28T04:06:40,idle,ue1,683489,1113276.6842492688,1.113277
2026-06-28T04:06:40,idle,ue2,683501,1100906.8112018823,1.100907
2026-06-28T04:06:40,idle,ue3,683513,1109153.3443033684,1.109153
2026-06-28T04:06:40,idle,ue4,683525,1080290.6252384824,1.080291
2026-06-28T04:06:40,idle,ue5,684254,1100906.8112018823,1.100907
2026-06-28T04:06:40,idle,ue6,684266,1138016.1367634118,1.138016
2026-06-28T04:06:40,idle,ue7,684278,1105030.1511477828,1.105030
2026-06-28T04:06:40,idle,ue8,684290,1125646.4105063402,1.125646
2026-06-28T04:06:40,idle,ue9,685029,1096783.6180462968,1.096784
2026-06-28T04:06:40,idle,ue10,685041,1072044.1655321538,1.072044
2026-06-28T04:06:40,idle,ue11,685053,1133892.9436078263,1.133893
2026-06-28T04:06:40,idle,ue12,685065,1105030.1511477828,1.105030
2026-06-28T04:06:46,idle,cu_cp,683235,473808.6134230712,0.473809
2026-06-28T04:06:46,idle,cu_up,683262,473808.6134230712,0.473809
2026-06-28T04:06:46,idle,du1,683424,3942445.325344348,3.942445
2026-06-28T04:06:46,idle,du2,684189,3888806.398747308,3.888806
2026-06-28T04:06:46,idle,du3,684964,3853047.6059236764,3.853048
2026-06-28T04:06:46,idle,ue1,683489,1126412.886895963,1.126413
2026-06-28T04:06:46,idle,ue2,683501,1081713.9534494681,1.081714
2026-06-28T04:06:46,idle,ue3,683513,1063834.4095653337,1.063834
2026-06-28T04:06:46,idle,ue4,683525,1090653.7991276945,1.090654
2026-06-28T04:06:46,idle,ue5,684254,1117473.1149538958,1.117473
2026-06-28T04:06:46,idle,ue6,684266,1090653.7991276945,1.090654
2026-06-28T04:06:46,idle,ue7,684278,1063834.4095653337,1.063834
2026-06-28T04:06:46,idle,ue8,684290,1099593.5710697614,1.099594
2026-06-28T04:06:46,idle,ue9,685029,1072774.25524356,1.072774
2026-06-28T04:06:46,idle,ue10,685041,1045954.9394173586,1.045955
2026-06-28T04:06:46,idle,ue11,685053,1090653.7991276945,1.090654
2026-06-28T04:06:46,idle,ue12,685065,1108533.416747988,1.108533
2026-06-28T04:06:51,idle,cu_cp,683235,465387.570571819,0.465388
2026-06-28T04:06:51,idle,cu_up,683262,458227.76458331017,0.458228
2026-06-28T04:06:51,idle,du1,683424,3751739.933583586,3.751740
2026-06-28T04:06:51,idle,du2,684189,3851977.2899502087,3.851977
2026-06-28T04:06:51,idle,du3,684964,3787538.9272623803,3.787539
2026-06-28T04:06:51,idle,ue1,683489,1102610.5573953479,1.102611
2026-06-28T04:06:51,idle,ue2,683501,1059651.7214642954,1.059652
2026-06-28T04:06:51,idle,ue3,683513,1059651.7214642954,1.059652
2026-06-28T04:06:51,idle,ue4,683525,1066811.4911890542,1.066811
2026-06-28T04:06:51,idle,ue5,684254,1109770.327120107,1.109770
2026-06-28T04:06:51,idle,ue6,684266,1016692.8855332428,1.016693
2026-06-28T04:06:51,idle,ue7,684278,1073971.333441313,1.073971
2026-06-28T04:06:51,idle,ue8,684290,1059651.7214642954,1.059652
2026-06-28T04:06:51,idle,ue9,685029,1073971.333441313,1.073971
2026-06-28T04:06:51,idle,ue10,685041,1081131.1756935716,1.081131
2026-06-28T04:06:51,idle,ue11,685053,1102610.5573953479,1.102611
2026-06-28T04:06:51,idle,ue12,685065,1073971.333441313,1.073971
2026-06-28T04:06:57,idle,cu_cp,683235,457211.9848873919,0.457212
2026-06-28T04:06:57,idle,cu_up,683262,469243.8619406015,0.469244
2026-06-28T04:06:57,idle,du1,683424,3880285.9695087504,3.880286
2026-06-28T04:06:57,idle,du2,684189,3820126.4382726075,3.820126
2026-06-28T04:06:57,idle,du3,684964,3850206.203890679,3.850206
2026-06-28T04:06:57,idle,ue1,683489,1040758.8977886272,1.040759
2026-06-28T04:06:57,idle,ue2,683501,1082870.4674748606,1.082870
2026-06-28T04:06:57,idle,ue3,683513,1088886.478986513,1.088886
2026-06-28T04:06:57,idle,ue4,683525,1082870.4674748606,1.082870
2026-06-28T04:06:57,idle,ue5,684254,1112950.233092932,1.112950
2026-06-28T04:06:57,idle,ue6,684266,1088886.478986513,1.088886
2026-06-28T04:06:57,idle,ue7,684278,1040758.8977886272,1.040759
2026-06-28T04:06:57,idle,ue8,684290,1082870.4674748606,1.082870
2026-06-28T04:06:57,idle,ue9,685029,1034742.8862769747,1.034743
2026-06-28T04:06:57,idle,ue10,685041,1028727.0207354176,1.028727
2026-06-28T04:06:57,idle,ue11,685053,1070838.6634066987,1.070839
2026-06-28T04:06:57,idle,ue12,685065,1058806.7133684414,1.058807
2026-06-28T04:07:02,idle,cu_cp,683235,457469.2004093465,0.457469
2026-06-28T04:07:02,idle,cu_up,683262,468626.97862096486,0.468627
2026-06-28T04:07:02,idle,du1,683424,3782489.347185695,3.782489
2026-06-28T04:07:02,idle,du2,684189,3882909.314373636,3.882909
2026-06-28T04:07:02,idle,du3,684964,3868032.0319806505,3.868032
2026-06-28T04:07:02,idle,ue1,683489,1097182.2462360817,1.097182
2026-06-28T04:07:02,idle,ue2,683501,1119497.8026593185,1.119498
2026-06-28T04:07:02,idle,ue3,683513,1086024.3578745907,1.086024
2026-06-28T04:07:02,idle,ue4,683525,1104620.8139993262,1.104621
2026-06-28T04:07:02,idle,ue5,684254,1123217.0498243165,1.123217
2026-06-28T04:07:02,idle,ue6,684266,1134374.7913193107,1.134375
2026-06-28T04:07:02,idle,ue7,684278,1033954.8241313696,1.033955
2026-06-28T04:07:02,idle,ue8,684290,1112059.234896074,1.112059
2026-06-28T04:07:02,idle,ue9,685029,1100901.4934010797,1.100901
2026-06-28T04:07:02,idle,ue10,685041,1074866.689812845,1.074867
2026-06-28T04:07:02,idle,ue11,685053,1100901.4934010797,1.100901
2026-06-28T04:07:02,idle,ue12,685065,1104620.8139993262,1.104621
2026-06-28T04:07:08,idle,cu_cp,683235,462420.2076458439,0.462420
2026-06-28T04:07:08,idle,cu_up,683262,466149.4149884766,0.466149
2026-06-28T04:07:08,idle,du1,683424,3859717.2470081165,3.859717
2026-06-28T04:07:08,idle,du2,684189,3882092.4177546143,3.882092
2026-06-28T04:07:08,idle,du3,684964,3878363.3203759287,3.878363
2026-06-28T04:07:08,idle,ue1,683489,1126216.9520101708,1.126217
2026-06-28T04:07:08,idle,ue2,683501,1122487.7813221873,1.122488
2026-06-28T04:07:08,idle,ue3,683513,1070279.0984532237,1.070279
2026-06-28T04:07:08,idle,ue4,683525,1092654.2691997217,1.092654
2026-06-28T04:07:08,idle,ue5,684254,1129946.1960074527,1.129946
2026-06-28T04:07:08,idle,ue6,684266,1133675.3666954362,1.133675
2026-06-28T04:07:08,idle,ue7,684278,1047903.9277067255,1.047904
2026-06-28T04:07:08,idle,ue8,684290,1122487.7813221873,1.122488
2026-06-28T04:07:08,idle,ue9,685029,1115029.3666369217,1.115029
2026-06-28T04:07:08,idle,ue10,685041,1111300.1959489381,1.111300
2026-06-28T04:07:08,idle,ue11,685053,1062820.6837679583,1.062821
2026-06-28T04:07:08,idle,ue12,685065,1088925.0985117382,1.088925
2026-06-28T04:07:13,idle,cu_cp,683235,460428.30893852236,0.460428
2026-06-28T04:07:13,idle,cu_up,683262,467854.60255526425,0.467855
2026-06-28T04:07:13,idle,du1,683424,3846804.4936996982,3.846804
2026-06-28T04:07:13,idle,du2,684189,3876509.3765821313,3.876509
2026-06-28T04:07:13,idle,du3,684964,3835665.0897226525,3.835665
2026-06-28T04:07:13,idle,ue1,683489,1080521.3110198593,1.080521
2026-06-28T04:07:13,idle,ue2,683501,1117652.6333113015,1.117653
2026-06-28T04:07:13,idle,ue3,683513,1039676.8783681131,1.039677
2026-06-28T04:07:13,idle,ue4,683525,1106513.1564381218,1.106513
2026-06-28T04:07:13,idle,ue5,684254,1102800.191870085,1.102800
2026-06-28T04:07:13,idle,ue6,684266,1128792.1101844811,1.128792
2026-06-28T04:07:13,idle,ue7,684278,1065668.7966825091,1.065669
2026-06-28T04:07:13,idle,ue8,684290,1095373.898253343,1.095374
2026-06-28T04:07:13,idle,ue9,685029,1117652.6333113015,1.117653
2026-06-28T04:07:13,idle,ue10,685041,1110226.3396945596,1.110226
2026-06-28T04:07:13,idle,ue11,685053,1054529.392705463,1.054529
2026-06-28T04:07:13,idle,ue12,685065,1095373.898253343,1.095374
2026-06-28T04:07:19,idle,cu_cp,683235,461024.7544137079,0.461025
2026-06-28T04:07:19,idle,cu_up,683262,469257.32171005727,0.469257
2026-06-28T04:07:19,idle,du1,683424,3803454.3425763845,3.803454
2026-06-28T04:07:19,idle,du2,684189,3881664.0422418592,3.881664
2026-06-28T04:07:19,idle,du3,684964,3836384.7578089144,3.836385
2026-06-28T04:07:19,idle,ue1,683489,1111398.958273065,1.111399
2026-06-28T04:07:19,idle,ue2,683501,1127864.16588933,1.127864
2026-06-28T04:07:19,idle,ue3,683513,1094933.8236803664,1.094934
2026-06-28T04:07:19,idle,ue4,683525,1099050.0890726494,1.099050
2026-06-28T04:07:19,idle,ue5,684254,1111398.958273065,1.111399
2026-06-28T04:07:19,idle,ue6,684266,1082584.9544799507,1.082585
2026-06-28T04:07:19,idle,ue7,684278,1070236.012255969,1.070236
2026-06-28T04:07:19,idle,ue8,684290,1090817.4852645171,1.090817
2026-06-28T04:07:19,idle,ue9,685029,1127864.16588933,1.127864
2026-06-28T04:07:19,idle,ue10,685041,1119631.5620811975,1.119632
2026-06-28T04:07:19,idle,ue11,685053,1062003.4814714026,1.062003
2026-06-28T04:07:19,idle,ue12,685065,1103166.4274884986,1.103166
2026-06-28T04:07:24,idle,cu_cp,683235,461827.1947486639,0.461827
2026-06-28T04:07:24,idle,cu_up,683262,457703.710528636,0.457704
2026-06-28T04:07:24,idle,du1,683424,3867802.4311849596,3.867802
2026-06-28T04:07:24,idle,du2,684189,3880173.0302495956,3.880173
2026-06-28T04:07:24,idle,du3,684964,3855432.124929428,3.855432
2026-06-28T04:07:24,idle,ue1,683489,1096839.5555020808,1.096840
2026-06-28T04:07:24,idle,ue2,683501,1100963.0397221087,1.100963
2026-06-28T04:07:24,idle,ue3,683513,1105086.5239421367,1.105087
2026-06-28T04:07:24,idle,ue4,683525,1034987.6582130432,1.034988
2026-06-28T04:07:24,idle,ue5,684254,1113333.2727753639,1.113333
2026-06-28T04:07:24,idle,ue6,684266,1109209.9349598885,1.109210
2026-06-28T04:07:24,idle,ue7,684278,1034987.6582130432,1.034988
2026-06-28T04:07:24,idle,ue8,684290,1088592.6602643013,1.088593
2026-06-28T04:07:24,idle,ue9,685029,1100963.0397221087,1.100963
2026-06-28T04:07:24,idle,ue10,685041,1105086.5239421367,1.105087
2026-06-28T04:07:24,idle,ue11,685053,1047358.0376708508,1.047358
2026-06-28T04:07:24,idle,ue12,685065,1063851.9013486863,1.063852
2026-06-28T04:07:30,idle,cu_cp,683235,465086.3412499058,0.465086
2026-06-28T04:07:30,idle,cu_up,683262,469202.1776936978,0.469202
2026-06-28T04:07:30,idle,du1,683424,3835933.4201039076,3.835933
2026-06-28T04:07:30,idle,du2,684189,3856512.419742489,3.856512
2026-06-28T04:07:30,idle,du3,684964,3856512.419742489,3.856512
2026-06-28T04:07:30,idle,ue1,683489,1111268.3175122356,1.111268
2026-06-28T04:07:30,idle,ue2,683501,1094805.0447692191,1.094805
2026-06-28T04:07:30,idle,ue3,683513,1065994.372243054,1.065994
2026-06-28T04:07:30,idle,ue4,683525,1061878.5723153376,1.061879
2026-06-28T04:07:30,idle,ue5,684254,1107152.444552368,1.107152
2026-06-28T04:07:30,idle,ue6,684266,1107152.444552368,1.107152
2026-06-28T04:07:30,idle,ue7,684278,1057762.7723876215,1.057763
2026-06-28T04:07:30,idle,ue8,684290,1098920.8446969355,1.098921
2026-06-28T04:07:30,idle,ue9,685029,1094805.0447692191,1.094805
2026-06-28T04:07:30,idle,ue10,685041,1078341.845058354,1.078342
2026-06-28T04:07:30,idle,ue11,685053,1074226.045130638,1.074226
2026-06-28T04:07:30,idle,ue12,685065,1103036.6446246516,1.103037
2026-06-28T04:07:35,idle,cu_cp,683235,463813.629201749,0.463814
2026-06-28T04:07:35,idle,cu_up,683262,463813.629201749,0.463814
2026-06-28T04:07:35,idle,du1,683424,3829540.76398432,3.829541
2026-06-28T04:07:35,idle,du2,684189,3862377.1839983584,3.862377
2026-06-28T04:07:35,idle,du3,684964,3878795.1018248177,3.878795
2026-06-28T04:07:35,idle,ue1,683489,1083599.961289619,1.083600
2026-06-28T04:07:35,idle,ue2,683501,1083599.961289619,1.083600
2026-06-28T04:07:35,idle,ue3,683513,1091808.9932479889,1.091809
2026-06-28T04:07:35,idle,ue4,683525,1067181.7512826002,1.067182
2026-06-28T04:07:35,idle,ue5,684254,1108227.2763001479,1.108227
2026-06-28T04:07:35,idle,ue6,684266,1095913.6187948836,1.095914
2026-06-28T04:07:35,idle,ue7,684278,1095913.6187948836,1.095914
2026-06-28T04:07:35,idle,ue8,684290,1067181.7512826002,1.067182
2026-06-28T04:07:35,idle,ue9,685029,1120540.8607602722,1.120541
2026-06-28T04:07:35,idle,ue10,685041,1087704.440746234,1.087704
2026-06-28T04:07:35,idle,ue11,685053,1063077.2718259853,1.063077
2026-06-28T04:07:35,idle,ue12,685065,1116436.3082585174,1.116436
2026-06-28T04:07:41,idle,cu_cp,683235,451527.3700684077,0.451527
2026-06-28T04:07:41,idle,cu_up,683262,468250.59524269105,0.468251
2026-06-28T04:07:41,idle,du1,683424,3779451.357471473,3.779451
2026-06-28T04:07:41,idle,du2,684189,3796174.5100550675,3.796175
2026-06-28T04:07:41,idle,du3,684964,3804536.376709621,3.804536
2026-06-28T04:07:41,idle,ue1,683489,1070287.1370610273,1.070287
2026-06-28T04:07:41,idle,ue2,683501,1053563.911886744,1.053564
2026-06-28T04:07:41,idle,ue3,683513,1070287.1370610273,1.070287
2026-06-28T04:07:41,idle,ue4,683525,1070287.1370610273,1.070287
2026-06-28T04:07:41,idle,ue5,684254,1112095.2362920803,1.112095
2026-06-28T04:07:41,idle,ue6,684266,1061925.415587852,1.061925
2026-06-28T04:07:41,idle,ue7,684278,1078648.7859435135,1.078649
2026-06-28T04:07:41,idle,ue8,684290,1112095.2362920803,1.112095
2026-06-28T04:07:41,idle,ue9,685029,1045202.2630042577,1.045202
2026-06-28T04:07:41,idle,ue10,685041,1028479.0378299743,1.028479
2026-06-28T04:07:41,idle,ue11,685053,1070287.1370610273,1.070287
2026-06-28T04:07:41,idle,ue12,685065,1078648.7859435135,1.078649
2026-06-28T04:07:46,idle,cu_cp,683235,459453.0629492939,0.459453
2026-06-28T04:07:46,idle,cu_up,683262,459453.0629492939,0.459453
2026-06-28T04:07:46,idle,du1,683424,3837784.352754936,3.837784
2026-06-28T04:07:46,idle,du2,684189,3864810.9459757614,3.864811
2026-06-28T04:07:46,idle,du3,684964,3810757.4696984766,3.810757
2026-06-28T04:07:46,idle,ue1,683489,1060796.0301435543,1.060796
2026-06-28T04:07:46,idle,ue2,683501,1067552.750907669,1.067553
2026-06-28T04:07:46,idle,ue3,683513,1074309.3992128754,1.074309
2026-06-28T04:07:46,idle,ue4,683525,1074309.3992128754,1.074309
2026-06-28T04:07:46,idle,ue5,684254,1108092.7131978155,1.108093
2026-06-28T04:07:46,idle,ue6,684266,1067552.750907669,1.067553
2026-06-28T04:07:46,idle,ue7,684278,1074309.3992128754,1.074309
2026-06-28T04:07:46,idle,ue8,684290,1047282.661074233,1.047283
2026-06-28T04:07:46,idle,ue9,685029,1074309.3992128754,1.074309
2026-06-28T04:07:46,idle,ue10,685041,1081066.0475180817,1.081066
2026-06-28T04:07:46,idle,ue11,685053,1067552.750907669,1.067553
2026-06-28T04:07:46,idle,ue12,685065,1020256.0678534078,1.020256
2026-06-28T04:07:52,idle,cu_cp,683235,459931.3462336242,0.459931
2026-06-28T04:07:52,idle,cu_up,683262,467349.5866724396,0.467350
2026-06-28T04:07:52,idle,du1,683424,3861197.7337911488,3.861198
2026-06-28T04:07:52,idle,du2,684189,3890870.69554641,3.890871
2026-06-28T04:07:52,idle,du3,684964,3850070.4463041043,3.850070
2026-06-28T04:07:52,idle,ue1,683489,1086773.2486829513,1.086773
2026-06-28T04:07:52,idle,ue2,683501,1101609.729560582,1.101610
2026-06-28T04:07:52,idle,ue3,683513,1097900.6093411744,1.097901
2026-06-28T04:07:52,idle,ue4,683525,1101609.729560582,1.101610
2026-06-28T04:07:52,idle,ue5,684254,1120155.403828799,1.120155
2026-06-28T04:07:52,idle,ue6,684266,1079355.0082441359,1.079355
2026-06-28T04:07:52,idle,ue7,684278,1090482.4420735377,1.090482
2026-06-28T04:07:52,idle,ue8,684290,1038554.6858306515,1.038555
2026-06-28T04:07:52,idle,ue9,685029,1105318.9229511684,1.105319
2026-06-28T04:07:52,idle,ue10,685041,1090482.4420735377,1.090482
2026-06-28T04:07:52,idle,ue11,685053,1083064.1284635437,1.083064
2026-06-28T04:07:52,idle,ue12,685065,1086773.2486829513,1.086773
2026-06-28T04:07:57,dl,cu_cp,683235,449051.82466921804,0.449052
2026-06-28T04:07:57,dl,cu_up,683262,460094.11356090545,0.460094
2026-06-28T04:07:57,dl,du1,683424,3769090.9295608806,3.769091
2026-06-28T04:07:57,dl,du2,684189,3864790.6699355505,3.864791
2026-06-28T04:07:57,dl,du3,684964,3805898.655886459,3.805899
2026-06-28T04:07:57,dl,ue1,683489,1063737.5476239538,1.063738
2026-06-28T04:07:57,dl,ue2,683501,1078460.5511362266,1.078461
2026-06-28T04:07:57,dl,ue3,683513,1093183.6271634651,1.093184
2026-06-28T04:07:57,dl,ue4,683525,1085822.1254073286,1.085822
2026-06-28T04:07:57,dl,ue5,684254,1096864.3417840505,1.096864
2026-06-28T04:07:57,dl,ue6,684266,1085822.1254073286,1.085822
2026-06-28T04:07:57,dl,ue7,684278,1111587.3452963233,1.111587
2026-06-28T04:07:57,dl,ue8,684290,1045333.8294910955,1.045334
2026-06-28T04:07:57,dl,ue9,685029,1052695.331247232,1.052695
2026-06-28T04:07:57,dl,ue10,685041,1041652.9698405791,1.041653
2026-06-28T04:07:57,dl,ue11,685053,1067418.3347595048,1.067418
2026-06-28T04:07:57,dl,ue12,685065,1074779.9090306067,1.074780
2026-06-28T04:08:03,dl,cu_cp,683235,556067.7945079297,0.556068
2026-06-28T04:08:03,dl,cu_up,683262,921246.6391039932,0.921247
2026-06-28T04:08:03,dl,du1,683424,5212098.155710902,5.212098
2026-06-28T04:08:03,dl,du2,684189,5120803.125595436,5.120803
2026-06-28T04:08:03,dl,du3,684964,5174750.024217639,5.174750
2026-06-28T04:08:03,dl,ue1,683489,1971135.7813053345,1.971136
2026-06-28T04:08:03,dl,ue2,683501,2045831.38578048,2.045831
2026-06-28T04:08:03,dl,ue3,683513,2008483.5835429071,2.008484
2026-06-28T04:08:03,dl,ue4,683525,1975285.5554014922,1.975286
2026-06-28T04:08:03,dl,ue5,684254,2029232.454023695,2.029232
2026-06-28T04:08:03,dl,ue6,684266,2120527.1548834704,2.120527
2026-06-28T04:08:03,dl,ue7,684278,1958686.4590168619,1.958686
2026-06-28T04:08:03,dl,ue8,684290,1664053.4859567476,1.664053
2026-06-28T04:08:03,dl,ue9,685029,2016783.1317352224,2.016783
2026-06-28T04:08:03,dl,ue10,685041,2008483.5835429071,2.008484
2026-06-28T04:08:03,dl,ue11,685053,1958686.4590168619,1.958686
2026-06-28T04:08:03,dl,ue12,685065,1830043.9559195137,1.830044
2026-06-28T04:08:09,dl,cu_cp,683235,569652.6801364005,0.569653
2026-06-28T04:08:09,dl,cu_up,683262,1130404.5125342607,1.130405
2026-06-28T04:08:09,dl,du1,683424,5580815.9510473255,5.580816
2026-06-28T04:08:09,dl,du2,684189,5603068.0278225895,5.603068
2026-06-28T04:08:09,dl,du3,684964,5727680.066446495,5.727680
2026-06-28T04:08:09,dl,ue1,683489,2291962.0347244977,2.291962
2026-06-28T04:08:09,dl,ue2,683501,2340916.399288869,2.340916
2026-06-28T04:08:09,dl,ue3,683513,2340916.399288869,2.340916
2026-06-28T04:08:09,dl,ue4,683525,2349817.161885238,2.349817
2026-06-28T04:08:09,dl,ue5,684254,2278610.720545602,2.278611
2026-06-28T04:08:09,dl,ue6,684266,2332015.6366925,2.332016
2026-06-28T04:08:09,dl,ue7,684278,2296412.416022682,2.296412
2026-06-28T04:08:09,dl,ue8,684290,2309763.7302015782,2.309764
2026-06-28T04:08:09,dl,ue9,685029,2309763.7302015782,2.309764
2026-06-28T04:08:09,dl,ue10,685041,2265259.576651049,2.265260
2026-06-28T04:08:09,dl,ue11,685053,2385420.5528393984,2.385421
2026-06-28T04:08:09,dl,ue12,685065,2407672.6296146633,2.407673
2026-06-28T04:08:14,dl,cu_cp,683235,590939.672449277,0.590940
2026-06-28T04:08:14,dl,cu_up,683262,1172270.7362820017,1.172271
2026-06-28T04:08:14,dl,du1,683424,5779678.536803455,5.779679
2026-06-28T04:08:14,dl,du2,684189,5741243.75949101,5.741244
2026-06-28T04:08:14,dl,du3,684964,5899788.544434014,5.899789
2026-06-28T04:08:14,dl,ue1,683489,2301301.8766739275,2.301302
2026-06-28T04:08:14,dl,ue2,683501,2387780.7256078436,2.387781
2026-06-28T04:08:14,dl,ue3,683513,2402193.9813789083,2.402194
2026-06-28T04:08:14,dl,ue4,683525,2459846.4901938126,2.459846
2026-06-28T04:08:14,dl,ue5,684254,2368563.1655285023,2.368563
2026-06-28T04:08:14,dl,ue6,684266,2339736.996832609,2.339737
2026-06-28T04:08:14,dl,ue7,684278,2426216.0171896433,2.426216
2026-06-28T04:08:14,dl,ue8,684290,2320519.4367532684,2.320519
2026-06-28T04:08:14,dl,ue9,685029,2339736.996832609,2.339737
2026-06-28T04:08:14,dl,ue10,685041,2262866.5850921273,2.262867
2026-06-28T04:08:14,dl,ue11,685053,2382976.4212995674,2.382976
2026-06-28T04:08:14,dl,ue12,685065,2445433.577268984,2.445434
2026-06-28T04:08:20,dl,cu_cp,683235,589014.3438788832,0.589014
2026-06-28T04:08:20,dl,cu_up,683262,1168451.2333322465,1.168451
2026-06-28T04:08:20,dl,du1,683424,5746481.537005139,5.746482
2026-06-28T04:08:20,dl,du2,684189,5722537.516637301,5.722538
2026-06-28T04:08:20,dl,du3,684964,5784791.0131036285,5.784791
2026-06-28T04:08:20,dl,ue1,683489,2279437.398507786,2.279437
2026-06-28T04:08:20,dl,ue2,683501,2370423.5144533636,2.370424
2026-06-28T04:08:20,dl,ue3,683513,2370423.5144533636,2.370424
2026-06-28T04:08:20,dl,ue4,683525,2423099.641895068,2.423100
2026-06-28T04:08:20,dl,ue5,684254,2293803.708247411,2.293804
2026-06-28T04:08:20,dl,ue6,684266,2312958.6170984507,2.312959
2026-06-28T04:08:20,dl,ue7,684278,2370423.5144533636,2.370424
2026-06-28T04:08:20,dl,ue8,684290,2475775.769336772,2.475776
2026-06-28T04:08:20,dl,ue9,685029,2298592.307358825,2.298592
2026-06-28T04:08:20,dl,ue10,685041,2250705.120632124,2.250705
2026-06-28T04:08:20,dl,ue11,685053,2360845.9746269463,2.360846
2026-06-28T04:08:20,dl,ue12,685065,2418310.871981859,2.418311
2026-06-28T04:08:25,dl,cu_cp,683235,584323.3099157554,0.584323
2026-06-28T04:08:25,dl,cu_up,683262,1037472.0444924503,1.037472
2026-06-28T04:08:25,dl,du1,683424,5628583.887097525,5.628584
2026-06-28T04:08:25,dl,du2,684189,5783608.858180122,5.783609
2026-06-28T04:08:25,dl,du3,684964,5688208.980943937,5.688209
2026-06-28T04:08:25,dl,ue1,683489,2253818.6882289518,2.253819
2026-06-28T04:08:25,dl,ue2,683501,2349218.2243175446,2.349218
2026-06-28T04:08:25,dl,ue3,683513,2361143.208972068,2.361143
2026-06-28T04:08:25,dl,ue4,683525,2492318.0401718225,2.492318
2026-06-28T04:08:25,dl,ue5,684254,2253818.6882289518,2.253819
2026-06-28T04:08:25,dl,ue6,684266,2218043.7342653824,2.218044
2026-06-28T04:08:25,dl,ue7,684278,2361143.208972068,2.361143
2026-06-28T04:08:25,dl,ue8,684290,2408843.1475901604,2.408843
2026-06-28T04:08:25,dl,ue9,685029,2265743.6728834747,2.265744
2026-06-28T04:08:25,dl,ue10,685041,2265743.6728834747,2.265744
2026-06-28T04:08:25,dl,ue11,685053,2384993.178281114,2.384993
2026-06-28T04:08:25,dl,ue12,685065,2361143.208972068,2.361143
2026-06-28T04:08:31,dl,cu_cp,683235,575918.9750204757,0.575919
2026-06-28T04:08:31,dl,cu_up,683262,1025855.6782583589,1.025856
2026-06-28T04:08:31,dl,du1,683424,5606211.179725613,5.606211
2026-06-28T04:08:31,dl,du2,684189,5687199.307213054,5.687199
2026-06-28T04:08:31,dl,du3,684964,5642205.675319376,5.642206
2026-06-28T04:08:31,dl,ue1,683489,2285678.3106840383,2.285678
2026-06-28T04:08:31,dl,ue2,683501,2402661.95856819,2.402662
2026-06-28T04:08:31,dl,ue3,683513,2384664.369170326,2.384664
2026-06-28T04:08:31,dl,ue4,683525,2438656.7957629357,2.438657
2026-06-28T04:08:31,dl,ue5,684254,2168694.833600378,2.168695
2026-06-28T04:08:31,dl,ue6,684266,2249683.473489293,2.249683
2026-06-28T04:08:31,dl,ue7,684278,2411660.5824666307,2.411661
2026-06-28T04:08:31,dl,ue8,684290,2375665.5744713936,2.375666
2026-06-28T04:08:31,dl,ue9,685029,2285678.3106840383,2.285678
2026-06-28T04:08:31,dl,ue10,685041,2267680.721286174,2.267681
2026-06-28T04:08:31,dl,ue11,685053,2303675.9000819027,2.303676
2026-06-28T04:08:31,dl,ue12,685065,2348669.5319755804,2.348670
2026-06-28T04:08:37,dl,cu_cp,683235,569559.9917107797,0.569560
2026-06-28T04:08:37,dl,cu_up,683262,1117213.8496566224,1.117214
2026-06-28T04:08:37,dl,du1,683424,5659089.751257615,5.659090
2026-06-28T04:08:37,dl,du2,684189,5717505.879598593,5.717506
2026-06-28T04:08:37,dl,du3,684964,5746714.6288656425,5.746715
2026-06-28T04:08:37,dl,ue1,683489,2292844.170202503,2.292844
2026-06-28T04:08:37,dl,ue2,683501,2387770.8069419432,2.387771
2026-06-28T04:08:37,dl,ue3,683513,2387770.8069419432,2.387771
2026-06-28T04:08:37,dl,ue4,683525,2438885.1761515094,2.438885
2026-06-28T04:08:37,dl,ue5,684254,2270938.0364375664,2.270938
2026-06-28T04:08:37,dl,ue6,684266,2292844.170202503,2.292844
2026-06-28T04:08:37,dl,ue7,684278,2314750.1326933,2.314750
2026-06-28T04:08:37,dl,ue8,684290,2409676.9407068803,2.409677
2026-06-28T04:08:37,dl,ue9,685029,2358562.7427714537,2.358563
2026-06-28T04:08:37,dl,ue10,685041,2263635.7634837343,2.263636
2026-06-28T04:08:37,dl,ue11,685053,2322052.4056471325,2.322052
2026-06-28T04:08:37,dl,ue12,685065,2395072.9086216353,2.395073
2026-06-28T04:08:42,dl,cu_cp,683235,589415.3656612906,0.589415
2026-06-28T04:08:42,dl,cu_up,683262,1098263.1198807233,1.098263
2026-06-28T04:08:42,dl,du1,683424,5571883.467988186,5.571883
2026-06-28T04:08:42,dl,du2,684189,5677893.122141211,5.677893
2026-06-28T04:08:42,dl,du3,684964,5716056.871921859,5.716057
2026-06-28T04:08:42,dl,ue1,683489,2319497.8842929886,2.319498
2026-06-28T04:08:42,dl,ue2,683501,2340699.986552068,2.340700
2026-06-28T04:08:42,dl,ue3,683513,2357661.4626451624,2.357661
2026-06-28T04:08:42,dl,ue4,683525,2383103.848213278,2.383104
2026-06-28T04:08:42,dl,ue5,684254,2255891.9203726994,2.255892
2026-06-28T04:08:42,dl,ue6,684266,2260132.203681736,2.260132
2026-06-28T04:08:42,dl,ue7,684278,2357661.4626451624,2.357661
2026-06-28T04:08:42,dl,ue8,684290,2425507.709874488,2.425508
2026-06-28T04:08:42,dl,ue9,685029,2336459.5318145575,2.336460
2026-06-28T04:08:42,dl,ue10,685041,2340699.986552068,2.340700
2026-06-28T04:08:42,dl,ue11,685053,2361901.917382673,2.361902
2026-06-28T04:08:42,dl,ue12,685065,2378863.393475767,2.378863
2026-06-28T04:08:48,dl,cu_cp,683235,571792.7753414619,0.571793
2026-06-28T04:08:48,dl,cu_up,683262,1126643.489097426,1.126643
2026-06-28T04:08:48,dl,du1,683424,5590862.463253775,5.590862
2026-06-28T04:08:48,dl,du2,684189,5679808.157779846,5.679808
2026-06-28T04:08:48,dl,du3,684964,5679808.157779846,5.679808
2026-06-28T04:08:48,dl,ue1,683489,2325290.6111354255,2.325291
2026-06-28T04:08:48,dl,ue2,683501,2359174.734306421,2.359175
2026-06-28T04:08:48,dl,ue3,683513,2359174.734306421,2.359175
2026-06-28T04:08:48,dl,ue4,683525,2410000.7473325254,2.410001
2026-06-28T04:08:48,dl,ue5,684254,2282935.543036876,2.282936
2026-06-28T04:08:48,dl,ue6,684266,2359174.734306421,2.359175
2026-06-28T04:08:48,dl,ue7,684278,2337997.1143919514,2.337997
2026-06-28T04:08:48,dl,ue8,684290,2422707.0788586615,2.422707
2026-06-28T04:08:48,dl,ue9,685029,2299877.432891984,2.299877
2026-06-28T04:08:48,dl,ue10,685041,2299877.432891984,2.299877
2026-06-28T04:08:48,dl,ue11,685053,2363409.949174614,2.363410
2026-06-28T04:08:48,dl,ue12,685065,2384587.5690890835,2.384588
2026-06-28T04:08:54,dl,cu_cp,683235,582492.6699809289,0.582493
2026-06-28T04:08:54,dl,cu_up,683262,1098287.7484521908,1.098288
2026-06-28T04:08:54,dl,du1,683424,5642619.75002321,5.642620
2026-06-28T04:08:54,dl,du2,684189,5673745.435341761,5.673745
2026-06-28T04:08:54,dl,du3,684964,5571476.108777826,5.571476
2026-06-28T04:08:54,dl,ue1,683489,2321077.7247680426,2.321078
2026-06-28T04:08:54,dl,ue2,683501,2361096.194105419,2.361096
2026-06-28T04:08:54,dl,ue3,683513,2445580.1237685513,2.445580
2026-06-28T04:08:54,dl,ue4,683525,2472258.9892355707,2.472259
2026-06-28T04:08:54,dl,ue5,684254,2232147.488663921,2.232147
2026-06-28T04:08:54,dl,ue6,684266,2303291.8144566966,2.303292
2026-06-28T04:08:54,dl,ue7,684278,2298845.165742012,2.298845
2026-06-28T04:08:54,dl,ue8,684290,2414454.609586848,2.414455
2026-06-28T04:08:54,dl,ue9,685029,2241040.6149564423,2.241041
2026-06-28T04:08:54,dl,ue10,685041,2214361.578352575,2.214362
2026-06-28T04:08:54,dl,ue11,685053,2303291.8144566966,2.303292
2026-06-28T04:08:54,dl,ue12,685065,2325524.373482727,2.325524
2026-06-28T04:08:59,dl,cu_cp,683235,572104.118768735,0.572104
2026-06-28T04:08:59,dl,cu_up,683262,1106067.9800716871,1.106068
2026-06-28T04:08:59,dl,du1,683424,5573247.74350369,5.573248
2026-06-28T04:08:59,dl,du2,684189,5620922.915546422,5.620923
2026-06-28T04:08:59,dl,du3,684964,5592317.401469593,5.592317
2026-06-28T04:08:59,dl,ue1,683489,2288416.47507494,2.288416
2026-06-28T04:08:59,dl,ue2,683501,2355161.989835558,2.355162
2026-06-28T04:08:59,dl,ue3,683513,2412372.333237233,2.412372
2026-06-28T04:08:59,dl,ue4,683525,2426674.919087652,2.426675
2026-06-28T04:08:59,dl,ue5,684254,2226438.3748057974,2.226438
2026-06-28T04:08:59,dl,ue6,684266,2297951.475245887,2.297951
2026-06-28T04:08:59,dl,ue7,684278,2307486.64660483,2.307487
2026-06-28T04:08:59,dl,ue8,684290,2426674.919087652,2.426675
2026-06-28T04:08:59,dl,ue9,685029,2231205.960485269,2.231206
2026-06-28T04:08:59,dl,ue10,685041,2207368.374463903,2.207368
2026-06-28T04:08:59,dl,ue11,685053,2288416.47507494,2.288416
2026-06-28T04:08:59,dl,ue12,685065,2345626.818476615,2.345627
2026-06-28T04:09:05,dl,cu_cp,683235,573824.1070367169,0.573824
2026-06-28T04:09:05,dl,cu_up,683262,1042447.2291110397,1.042447
2026-06-28T04:09:05,dl,du1,683424,5518275.366752253,5.518275
2026-06-28T04:09:05,dl,du2,684189,5647385.771568985,5.647386
2026-06-28T04:09:05,dl,du3,684964,5570876.2445640275,5.570876
2026-06-28T04:09:05,dl,ue1,683489,2266605.227076483,2.266605
2026-06-28T04:09:05,dl,ue2,683501,2381370.0313580227,2.381370
2026-06-28T04:09:05,dl,ue3,683513,2395715.80315125,2.395716
2026-06-28T04:09:05,dl,ue4,683525,2390933.9363061856,2.390934
2026-06-28T04:09:05,dl,ue5,684254,2261823.3602314186,2.261823
2026-06-28T04:09:05,dl,ue6,684266,2285732.865714774,2.285733
2026-06-28T04:09:05,dl,ue7,684278,2314423.8955271244,2.314424
2026-06-28T04:09:05,dl,ue8,684290,2438752.433498793,2.438752
2026-06-28T04:09:05,dl,ue9,685029,2228350.4635740044,2.228350
2026-06-28T04:09:05,dl,ue10,685041,2209222.824935713,2.209223
2026-06-28T04:09:05,dl,ue11,685053,2266605.227076483,2.266605
2026-06-28T04:09:05,dl,ue12,685065,2395715.80315125,2.395716
2026-06-28T04:09:10,dl,cu_cp,683235,585545.2745706216,0.585545
2026-06-28T04:09:10,dl,cu_up,683262,1041502.7142034024,1.041503
2026-06-28T04:09:10,dl,du1,683424,5548281.438686013,5.548281
2026-06-28T04:09:10,dl,du2,684189,5620274.851585865,5.620275
2026-06-28T04:09:10,dl,du3,684964,5581878.341870248,5.581878
2026-06-28T04:09:10,dl,ue1,683489,2313383.6303619146,2.313384
2026-06-28T04:09:10,dl,ue2,683501,2394976.2563245296,2.394976
2026-06-28T04:09:10,dl,ue3,683513,2438172.030036092,2.438172
2026-06-28T04:09:10,dl,ue4,683525,2438172.030036092,2.438172
2026-06-28T04:09:10,dl,ue5,684254,2274987.291914016,2.274987
2026-06-28T04:09:10,dl,ue6,684266,2327782.4499560595,2.327782
2026-06-28T04:09:10,dl,ue7,684278,2356579.917876631,2.356580
2026-06-28T04:09:10,dl,ue8,684290,2414174.511182338,2.414175
2026-06-28T04:09:10,dl,ue9,685029,2241390.559997499,2.241391
2026-06-28T04:09:10,dl,ue10,685041,2193395.008486837,2.193395
2026-06-28T04:09:10,dl,ue11,685053,2270187.8566503525,2.270188
2026-06-28T04:09:10,dl,ue12,685065,2380577.607998103,2.380578
2026-06-28T04:09:16,dl,cu_cp,683235,590944.166462811,0.590944
2026-06-28T04:09:16,dl,cu_up,683262,1161856.3829212189,1.161856
2026-06-28T04:09:16,dl,du1,683424,5739169.355310166,5.739169
2026-06-28T04:09:16,dl,du2,684189,5689090.041807789,5.689090
2026-06-28T04:09:16,dl,du3,684964,5729153.4235009365,5.729153
2026-06-28T04:09:16,dl,ue1,683489,2383808.7022415902,2.383809
2026-06-28T04:09:16,dl,ue2,683501,2443904.8114126287,2.443905
2026-06-28T04:09:16,dl,ue3,683513,2433888.534059626,2.433889
2026-06-28T04:09:16,dl,ue4,683525,2493984.8160025515,2.493985
2026-06-28T04:09:16,dl,ue5,684254,2243584.620281053,2.243585
2026-06-28T04:09:16,dl,ue6,684266,2323712.7658424377,2.323713
2026-06-28T04:09:16,dl,ue7,684278,2343744.6294608973,2.343745
2026-06-28T04:09:16,dl,ue8,684290,2453920.7432218585,2.453921
2026-06-28T04:09:16,dl,ue9,685029,2323712.7658424377,2.323713
2026-06-28T04:09:16,dl,ue10,685041,2313696.6612613215,2.313697
2026-06-28T04:09:16,dl,ue11,685053,2413856.843213053,2.413857
2026-06-28T04:09:16,dl,ue12,685065,2403840.56586005,2.403841
2026-06-28T04:09:21,dl,cu_cp,683235,586150.7014927887,0.586151
2026-06-28T04:09:21,dl,cu_up,683262,1101012.8070492172,1.101013
2026-06-28T04:09:21,dl,du1,683424,5584273.833742275,5.584274
2026-06-28T04:09:21,dl,du2,684189,5552590.051396237,5.552590
2026-06-28T04:09:21,dl,du3,684964,5671404.235193882,5.671404
2026-06-28T04:09:21,dl,ue1,683489,2289156.015550041,2.289156
2026-06-28T04:09:21,dl,ue2,683501,2368365.6427306845,2.368366
2026-06-28T04:09:21,dl,ue3,683513,2368365.6427306845,2.368366
2026-06-28T04:09:21,dl,ue4,683525,2360444.6971441745,2.360445
2026-06-28T04:09:21,dl,ue5,684254,2217867.505271454,2.217868
2026-06-28T04:09:21,dl,ue6,684266,2312919.1949406625,2.312919
2026-06-28T04:09:21,dl,ue7,684278,2336682.0317001916,2.336682
2026-06-28T04:09:21,dl,ue8,684290,2431733.378738308,2.431733
2026-06-28T04:09:21,dl,ue9,685029,2304997.9067230606,2.304998
2026-06-28T04:09:21,dl,ue10,685041,2241630.513346529,2.241631
2026-06-28T04:09:21,dl,ue11,685053,2368365.6427306845,2.368366
2026-06-28T04:09:21,dl,ue12,685065,2304997.9067230606,2.304998
2026-06-28T04:09:27,dl,cu_cp,683235,582646.4545904219,0.582646
2026-06-28T04:09:27,dl,cu_up,683262,1105752.3679958486,1.105752
2026-06-28T04:09:27,dl,du1,683424,5562784.638376016,5.562785
2026-06-28T04:09:27,dl,du2,684189,5541520.582575226,5.541521
2026-06-28T04:09:27,dl,du3,684964,5652095.321355381,5.652095
2026-06-28T04:09:27,dl,ue1,683489,2258286.620446129,2.258287
2026-06-28T04:09:27,dl,ue2,683501,2360356.046021476,2.360356
2026-06-28T04:09:27,dl,ue3,683513,2364608.788489299,2.364609
2026-06-28T04:09:27,dl,ue4,683525,2360356.046021476,2.360356
2026-06-28T04:09:27,dl,ue5,684254,2220010.564389019,2.220011
2026-06-28T04:09:27,dl,ue6,684266,2296562.6765032387,2.296563
2026-06-28T04:09:27,dl,ue7,684278,2292309.59057374,2.292310
2026-06-28T04:09:27,dl,ue8,684290,2402885.0162772466,2.402885
2026-06-28T04:09:27,dl,ue9,685029,2279551.191439433,2.279551
2026-06-28T04:09:27,dl,ue10,685041,2237022.0494528245,2.237022
2026-06-28T04:09:27,dl,ue11,685053,2334838.560829511,2.334839
2026-06-28T04:09:27,dl,ue12,685065,2334838.560829511,2.334839
2026-06-28T04:09:33,dl,cu_cp,683235,582298.8741941672,0.582299
2026-06-28T04:09:33,dl,cu_up,683262,1066839.4670454753,1.066839
2026-06-28T04:09:33,dl,du1,683424,5495710.909130511,5.495711
2026-06-28T04:09:33,dl,du2,684189,5644473.630694547,5.644474
2026-06-28T04:09:33,dl,du3,684964,5618971.754205551,5.618972
2026-06-28T04:09:33,dl,ue1,683489,2248438.5809670044,2.248439
2026-06-28T04:09:33,dl,ue2,683501,2358947.9723651577,2.358948
2026-06-28T04:09:33,dl,ue3,683513,2388700.6197644426,2.388701
2026-06-28T04:09:33,dl,ue4,683525,2329195.496776669,2.329195
2026-06-28T04:09:33,dl,ue5,684254,2295192.593899484,2.295193
2026-06-28T04:09:33,dl,ue6,684266,2320694.6421992755,2.320695
2026-06-28T04:09:33,dl,ue7,684278,2350447.117787764,2.350447
2026-06-28T04:09:33,dl,ue8,684290,2448205.3991306233,2.448205
2026-06-28T04:09:33,dl,ue9,685029,2214435.8499006154,2.214436
2026-06-28T04:09:33,dl,ue10,685041,2210185.4226119183,2.210185
2026-06-28T04:09:33,dl,ue11,685053,2299443.0211881804,2.299443
2026-06-28T04:09:33,dl,ue12,685065,2367448.655131755,2.367449
2026-06-28T04:09:38,dl,cu_cp,683235,580110.5587096774,0.580111
2026-06-28T04:09:38,dl,cu_up,683262,1083441.7775002779,1.083442
2026-06-28T04:09:38,dl,du1,683424,5557970.996334672,5.557971
2026-06-28T04:09:38,dl,du2,684189,5758450.580040936,5.758451
2026-06-28T04:09:38,dl,du3,684964,5690202.430975356,5.690202
2026-06-28T04:09:38,dl,ue1,683489,2252194.0857731295,2.252194
2026-06-28T04:09:38,dl,ue2,683501,2392956.108496263,2.392956
2026-06-28T04:09:38,dl,ue3,683513,2414283.6981343315,2.414284
2026-06-28T04:09:38,dl,ue4,683525,2397221.4886476374,2.397221
2026-06-28T04:09:38,dl,ue5,684254,2290583.540457294,2.290584
2026-06-28T04:09:38,dl,ue6,684266,2316176.8546873354,2.316177
2026-06-28T04:09:38,dl,ue7,684278,2397221.4886476374,2.397221
2026-06-28T04:09:38,dl,ue8,684290,2474000.914676864,2.474001
2026-06-28T04:09:38,dl,ue9,685029,2256459.4659245037,2.256459
2026-06-28T04:09:38,dl,ue10,685041,2243662.9810297824,2.243663
2026-06-28T04:09:38,dl,ue11,685053,2354566.3093715,2.354566
2026-06-28T04:09:38,dl,ue12,685065,2346035.204628153,2.346035
2026-06-28T04:09:44,dl,cu_cp,683235,583429.8873806548,0.583430
2026-06-28T04:09:44,dl,cu_up,683262,1099908.8607465148,1.099909
2026-06-28T04:09:44,dl,du1,683424,5652574.470514663,5.652574
2026-06-28T04:09:44,dl,du2,684189,5738654.414634376,5.738654
2026-06-28T04:09:44,dl,du3,684964,5724307.814893791,5.724308
2026-06-28T04:09:44,dl,ue1,683489,2261986.3779815948,2.261986
2026-06-28T04:09:44,dl,ue2,683501,2367195.0065300167,2.367195
2026-06-28T04:09:44,dl,ue3,683513,2410234.9785898733,2.410235
2026-06-28T04:09:44,dl,ue4,683525,2395888.3788492894,2.395888
2026-06-28T04:09:44,dl,ue5,684254,2309808.434729576,2.309808
2026-06-28T04:09:44,dl,ue6,684266,2381541.6062706006,2.381542
2026-06-28T04:09:44,dl,ue7,684278,2367195.0065300167,2.367195
2026-06-28T04:09:44,dl,ue8,684290,2467621.550390314,2.467622
2026-06-28T04:09:44,dl,ue9,685029,2324155.03447016,2.324155
2026-06-28T04:09:44,dl,ue10,685041,2314590.6922558057,2.314591
2026-06-28T04:09:44,dl,ue11,685053,2357630.6643156623,2.357631
2026-06-28T04:09:44,dl,ue12,685065,2395888.3788492894,2.395888
2026-06-28T04:09:49,dl,cu_cp,683235,580861.4553445801,0.580861
2026-06-28T04:09:49,dl,cu_up,683262,1127839.2915566491,1.127839
2026-06-28T04:09:49,dl,du1,683424,5663399.005808821,5.663399
2026-06-28T04:09:49,dl,du2,684189,5760209.543889162,5.760210
2026-06-28T04:09:49,dl,du3,684964,5706963.523059246,5.706964
2026-06-28T04:09:49,dl,ue1,683489,2313764.663776873,2.313765
2026-06-28T04:09:49,dl,ue2,683501,2362169.932817044,2.362170
2026-06-28T04:09:49,dl,ue3,683513,2386372.4808426187,2.386372
2026-06-28T04:09:49,dl,ue4,683525,2396053.292466023,2.396053
2026-06-28T04:09:49,dl,ue5,684254,2328286.2271900224,2.328286
2026-06-28T04:09:49,dl,ue6,684266,2371850.91742947,2.371851
2026-06-28T04:09:49,dl,ue7,684278,2371850.91742947,2.371851
2026-06-28T04:09:49,dl,ue8,684290,2488023.251745641,2.488023
2026-06-28T04:09:49,dl,ue9,685029,2323445.8213783205,2.323446
2026-06-28T04:09:49,dl,ue10,685041,2333126.8059907462,2.333127
2026-06-28T04:09:49,dl,ue11,685053,2333126.8059907462,2.333127
2026-06-28T04:09:49,dl,ue12,685065,2352488.7752155974,2.352489
2026-06-28T04:09:55,dl,cu_cp,683235,596446.1698632538,0.596446
2026-06-28T04:09:55,dl,cu_up,683262,1134702.4842487145,1.134702
2026-06-28T04:09:55,dl,du1,683424,5591076.785449276,5.591077
2026-06-28T04:09:55,dl,du2,684189,5780193.750945301,5.780194
2026-06-28T04:09:55,dl,du3,684964,5765646.265473586,5.765646
2026-06-28T04:09:55,dl,ue1,683489,2293650.6624048613,2.293651
2026-06-28T04:09:55,dl,ue2,683501,2414879.650396447,2.414880
2026-06-28T04:09:55,dl,ue3,683513,2405181.2691425895,2.405181
2026-06-28T04:09:55,dl,ue4,683525,2376086.2981991577,2.376086
2026-06-28T04:09:55,dl,ue5,684254,2346991.327255726,2.346991
2026-06-28T04:09:55,dl,ue6,684266,2361538.812727442,2.361539
2026-06-28T04:09:55,dl,ue7,684278,2342142.2230378673,2.342142
2026-06-28T04:09:55,dl,ue8,684290,2429427.1358681633,2.429427
2026-06-28T04:09:55,dl,ue9,685029,2313047.4249125766,2.313047
2026-06-28T04:09:55,dl,ue10,685041,2332444.014602151,2.332444
2026-06-28T04:09:55,dl,ue11,685053,2390633.783670874,2.390634
2026-06-28T04:09:55,dl,ue12,685065,2400332.1649247315,2.400332
2026-06-28T04:10:01,dl,cu_cp,683235,597124.5425187359,0.597125
2026-06-28T04:10:01,dl,cu_up,683262,1108945.5480524218,1.108946
2026-06-28T04:10:01,dl,du1,683424,5630031.190696513,5.630031
2026-06-28T04:10:01,dl,du2,684189,5768649.319290083,5.768649
2026-06-28T04:10:01,dl,du3,684964,5725997.507522235,5.725998
2026-06-28T04:10:01,dl,ue1,683489,2313857.412930565,2.313857
2026-06-28T04:10:01,dl,ue2,683501,2388498.1700749435,2.388498
2026-06-28T04:10:01,dl,ue3,683513,2377835.1305823363,2.377835
2026-06-28T04:10:01,dl,ue4,683525,2399160.8633649694,2.399161
2026-06-28T04:10:01,dl,ue5,684254,2324520.452423172,2.324520
2026-06-28T04:10:01,dl,ue6,684266,2377835.1305823363,2.377835
2026-06-28T04:10:01,dl,ue7,684278,2377835.1305823363,2.377835
2026-06-28T04:10:01,dl,ue8,684290,2484464.3137993743,2.484464
2026-06-28T04:10:01,dl,ue9,685029,2324520.452423172,2.324520
2026-06-28T04:10:01,dl,ue10,685041,2335183.491915779,2.335183
2026-06-28T04:10:01,dl,ue11,685053,2345846.185205805,2.345846
2026-06-28T04:10:01,dl,ue12,685065,2399160.8633649694,2.399161
2026-06-28T04:10:06,dl,cu_cp,683235,588506.4258581942,0.588506
2026-06-28T04:10:06,dl,cu_up,683262,1152146.4356201184,1.152146
2026-06-28T04:10:06,dl,du1,683424,5719288.209176412,5.719288
2026-06-28T04:10:06,dl,du2,684189,5827042.563121042,5.827043
2026-06-28T04:10:06,dl,du3,684964,5785598.767905671,5.785599
2026-06-28T04:10:06,dl,ue1,683489,2271137.5918756067,2.271138
2026-06-28T04:10:06,dl,ue2,683501,2453491.7152354764,2.453492
2026-06-28T04:10:06,dl,ue3,683513,2412047.5726024867,2.412048
2026-06-28T04:10:06,dl,ue4,683525,2387181.1565062166,2.387181
2026-06-28T04:10:06,dl,ue5,684254,2312581.560799787,2.312582
2026-06-28T04:10:06,dl,ue6,684266,2395470.0197745766,2.395470
2026-06-28T04:10:06,dl,ue7,684278,2412047.5726024867,2.412048
2026-06-28T04:10:06,dl,ue8,684290,2552957.7270381763,2.552958
2026-06-28T04:10:06,dl,ue9,685029,2337447.976896057,2.337448
2026-06-28T04:10:06,dl,ue10,685041,2337447.976896057,2.337448
2026-06-28T04:10:06,dl,ue11,685053,2370603.256260687,2.370603
2026-06-28T04:10:06,dl,ue12,685065,2453491.7152354764,2.453492
2026-06-28T04:10:12,dl,cu_cp,683235,589914.282548534,0.589914
2026-06-28T04:10:12,dl,cu_up,683262,1079275.0370721132,1.079275
2026-06-28T04:10:12,dl,du1,683424,5610889.430508497,5.610889
2026-06-28T04:10:12,dl,du2,684189,5731553.872250552,5.731554
2026-06-28T04:10:12,dl,du3,684964,5778478.643883421,5.778479
2026-06-28T04:10:12,dl,ue1,683489,2346250.0278094937,2.346250
2026-06-28T04:10:12,dl,ue2,683501,2366360.768099836,2.366361
2026-06-28T04:10:12,dl,ue3,683513,2413285.7131594634,2.413286
2026-06-28T04:10:12,dl,ue4,683525,2393174.972869121,2.393175
2026-06-28T04:10:12,dl,ue5,684254,2319435.823040209,2.319436
2026-06-28T04:10:12,dl,ue6,684266,2332842.925424851,2.332843
2026-06-28T04:10:12,dl,ue7,684278,2373064.406005536,2.373064
2026-06-28T04:10:12,dl,ue8,684290,2473617.760603733,2.473618
2026-06-28T04:10:12,dl,ue9,685029,2346250.0278094937,2.346250
2026-06-28T04:10:12,dl,ue10,685041,2319435.823040209,2.319436
2026-06-28T04:10:12,dl,ue11,685053,2359657.130194136,2.359657
2026-06-28T04:10:12,dl,ue12,685065,2419989.3510651635,2.419989
2026-06-28T04:10:18,dl,cu_cp,683235,592256.5314553988,0.592257
2026-06-28T04:10:18,dl,cu_up,683262,1116339.659826824,1.116340
2026-06-28T04:10:18,dl,du1,683424,5585958.80612298,5.585959
2026-06-28T04:10:18,dl,du2,684189,5790479.102116904,5.790479
2026-06-28T04:10:18,dl,du3,684964,5773436.033257422,5.773436
2026-06-28T04:10:18,dl,ue1,683489,2356243.4772089696,2.356243
2026-06-28T04:10:18,dl,ue2,683501,2381808.6009502136,2.381809
2026-06-28T04:10:18,dl,ue3,683513,2398852.0167777096,2.398852
2026-06-28T04:10:18,dl,ue4,683525,2420156.026336069,2.420156
2026-06-28T04:10:18,dl,ue5,684254,2300852.8094796254,2.300853
2026-06-28T04:10:18,dl,ue6,684266,2364765.3586067245,2.364765
2026-06-28T04:10:18,dl,ue7,684278,2390330.482347969,2.390330
2026-06-28T04:10:18,dl,ue8,684290,2462764.565904809,2.462765
2026-06-28T04:10:18,dl,ue9,685029,2381808.6009502136,2.381809
2026-06-28T04:10:18,dl,ue10,685041,2292330.92808187,2.292331
2026-06-28T04:10:18,dl,ue11,685053,2364765.3586067245,2.364765
2026-06-28T04:10:18,dl,ue12,685065,2475547.0410334277,2.475547
2026-06-28T04:10:23,dl,cu_cp,683235,595416.608959812,0.595417
2026-06-28T04:10:23,dl,cu_up,683262,1093014.8010210425,1.093015
2026-06-28T04:10:23,dl,du1,683424,5571398.182879329,5.571398
2026-06-28T04:10:23,dl,du2,684189,5796805.699780047,5.796806
2026-06-28T04:10:23,dl,du3,684964,5694734.489116895,5.694734
2026-06-28T04:10:23,dl,ue1,683489,2347642.6989515303,2.347643
2026-06-28T04:10:23,dl,ue2,683501,2402931.184720874,2.402931
2026-06-28T04:10:23,dl,ue3,683513,2398678.3042831062,2.398678
2026-06-28T04:10:23,dl,ue4,683525,2441207.975392753,2.441208
2026-06-28T04:10:23,dl,ue5,684254,2313618.788717419,2.313619
2026-06-28T04:10:23,dl,ue6,684266,2381666.435839248,2.381666
2026-06-28T04:10:23,dl,ue7,684278,2394425.4238453386,2.394425
2026-06-28T04:10:23,dl,ue8,684290,2453967.136745238,2.453967
2026-06-28T04:10:23,dl,ue9,685029,2368907.4478331567,2.368907
2026-06-28T04:10:23,dl,ue10,685041,2283847.9322674694,2.283848
2026-06-28T04:10:23,dl,ue11,685053,2356148.6331734597,2.356149
2026-06-28T04:10:23,dl,ue12,685065,2411437.4656355917,2.411437
2026-06-28T04:10:29,dl,cu_cp,683235,601109.5500820621,0.601110
2026-06-28T04:10:29,dl,cu_up,683262,1095570.6602376122,1.095571
2026-06-28T04:10:29,dl,du1,683424,5613587.482440548,5.613587
2026-06-28T04:10:29,dl,du2,684189,5797799.05400636,5.797799
2026-06-28T04:10:29,dl,du3,684964,5720236.26879807,5.720236
2026-06-28T04:10:29,dl,ue1,683489,2331723.5438861777,2.331724
2026-06-28T04:10:29,dl,ue2,683501,2394742.982088841,2.394743
2026-06-28T04:10:29,dl,ue3,683513,2380199.981514225,2.380200
2026-06-28T04:10:29,dl,ue4,683525,2496543.639680145,2.496544
2026-06-28T04:10:29,dl,ue5,684254,2346266.544460794,2.346267
2026-06-28T04:10:29,dl,ue6,684266,2380199.981514225,2.380200
2026-06-28T04:10:29,dl,ue7,684278,2365656.980939609,2.365657
2026-06-28T04:10:29,dl,ue8,684290,2472305.420866121,2.472305
2026-06-28T04:10:29,dl,ue9,685029,2302637.542736945,2.302638
2026-06-28T04:10:29,dl,ue10,685041,2263856.323348305,2.263856
2026-06-28T04:10:29,dl,ue11,685053,2360809.371819905,2.360809
2026-06-28T04:10:29,dl,ue12,685065,2418981.37411837,2.418981
2026-06-28T04:10:35,dl,cu_cp,683235,602347.217570209,0.602347
2026-06-28T04:10:35,dl,cu_up,683262,1102684.0070205044,1.102684
2026-06-28T04:10:35,dl,du1,683424,5683437.617688361,5.683438
2026-06-28T04:10:35,dl,du2,684189,5707725.323350954,5.707725
2026-06-28T04:10:35,dl,du3,684964,5722298.15491695,5.722298
2026-06-28T04:10:35,dl,ue1,683489,2389958.254719143,2.389958
2026-06-28T04:10:35,dl,ue2,683501,2375385.4231531476,2.375385
2026-06-28T04:10:35,dl,ue3,683513,2399673.649236839,2.399674
2026-06-28T04:10:35,dl,ue4,683525,2482253.37505821,2.482253
2026-06-28T04:10:35,dl,ue5,684254,2317093.5764680696,2.317094
2026-06-28T04:10:35,dl,ue6,684266,2351097.197069457,2.351097
2026-06-28T04:10:35,dl,ue7,684278,2385100.6441971445,2.385101
2026-06-28T04:10:35,dl,ue8,684290,2457965.1489745188,2.457965
2026-06-28T04:10:35,dl,ue9,685029,2321951.360463767,2.321951
2026-06-28T04:10:35,dl,ue10,685041,2331666.754981463,2.331667
2026-06-28T04:10:35,dl,ue11,685053,2370527.8126311493,2.370528
2026-06-28T04:10:35,dl,ue12,685065,2409388.870280836,2.409389
2026-06-28T04:10:40,dl,cu_cp,683235,594885.8116432589,0.594886
2026-06-28T04:10:40,dl,cu_up,683262,1107551.656260563,1.107552
2026-06-28T04:10:40,dl,du1,683424,5692525.4103165865,5.692525
2026-06-28T04:10:40,dl,du2,684189,5784418.00942656,5.784418
2026-06-28T04:10:40,dl,du3,684964,5687688.575412218,5.687689
2026-06-28T04:10:40,dl,ue1,683489,2326342.0405697357,2.326342
2026-06-28T04:10:40,dl,ue2,683501,2355361.1475006295,2.355361
2026-06-28T04:10:40,dl,ue3,683513,2384379.7355691646,2.384380
2026-06-28T04:10:40,dl,ue4,683525,2432744.6255304553,2.432745
2026-06-28T04:10:40,dl,ue5,684254,2321505.5515736067,2.321506
2026-06-28T04:10:40,dl,ue6,684266,2384379.7355691646,2.384380
2026-06-28T04:10:40,dl,ue7,684278,2326342.0405697357,2.326342
2026-06-28T04:10:40,dl,ue8,684290,2510127.9306061612,2.510128
2026-06-28T04:10:40,dl,ue9,685029,2273140.834566436,2.273141
2026-06-28T04:10:40,dl,ue10,685041,2244122.073543781,2.244122
2026-06-28T04:10:40,dl,ue11,685053,2268304.691478546,2.268305
2026-06-28T04:10:40,dl,ue12,685065,2365033.7795846486,2.365034
2026-06-28T04:10:46,dl,cu_cp,683235,601179.9535097203,0.601180
2026-06-28T04:10:46,dl,cu_up,683262,1057247.565673231,1.057248
2026-06-28T04:10:46,dl,du1,683424,5597192.709433415,5.597193
2026-06-28T04:10:46,dl,du2,684189,5794131.152994568,5.794131
2026-06-28T04:10:46,dl,du3,684964,5669748.92341208,5.669749
2026-06-28T04:10:46,dl,ue1,683489,2332163.773282456,2.332164
2026-06-28T04:10:46,dl,ue2,683501,2383989.4424417997,2.383989
2026-06-28T04:10:46,dl,ue3,683513,2425450.1856359625,2.425450
2026-06-28T04:10:46,dl,ue4,683525,2435815.4580456233,2.435815
2026-06-28T04:10:46,dl,ue5,684254,2342529.0456921174,2.342529
2026-06-28T04:10:46,dl,ue6,684266,2425450.1856359625,2.425450
2026-06-28T04:10:46,dl,ue7,684278,2301068.3024979546,2.301068
2026-06-28T04:10:46,dl,ue8,684290,2549832.415218451,2.549832
2026-06-28T04:10:46,dl,ue9,685029,2269972.658491212,2.269973
2026-06-28T04:10:46,dl,ue10,685041,2280337.930900873,2.280338
2026-06-28T04:10:46,dl,ue11,685053,2332163.773282456,2.332164
2026-06-28T04:10:46,dl,ue12,685065,2373624.343254379,2.373624
2026-06-28T04:10:51,dl,cu_cp,683235,584168.154550953,0.584168
2026-06-28T04:10:51,dl,cu_up,683262,1111542.262120514,1.111542
2026-06-28T04:10:51,dl,du1,683424,5728093.451546745,5.728093
2026-06-28T04:10:51,dl,du2,684189,5760547.43939743,5.760547
2026-06-28T04:10:51,dl,du3,684964,5801114.665156403,5.801115
2026-06-28T04:10:51,dl,ue1,683489,2320445.969684315,2.320446
2026-06-28T04:10:51,dl,ue2,683501,2369126.606054497,2.369127
2026-06-28T04:10:51,dl,ue3,683513,2490828.1106284903,2.490828
2026-06-28T04:10:51,dl,ue4,683525,2409694.0045163915,2.409694
2026-06-28T04:10:51,dl,ue5,684254,2247424.7560746577,2.247425
2026-06-28T04:10:51,dl,ue6,684266,2393466.8378881263,2.393467
2026-06-28T04:10:51,dl,ue7,684278,2344786.201517944,2.344786
2026-06-28T04:10:51,dl,ue8,684290,2458374.6408865736,2.458375
2026-06-28T04:10:51,dl,ue9,685029,2263651.75,2.263652
2026-06-28T04:10:51,dl,ue10,685041,2255538.33938879,2.255538
2026-06-28T04:10:51,dl,ue11,685053,2320445.969684315,2.320446
2026-06-28T04:10:51,dl,ue12,685065,2498941.693942623,2.498942
2026-06-28T04:10:57,dl,cu_cp,683235,601488.0094693517,0.601488
2026-06-28T04:10:57,dl,cu_up,683262,1103829.560604353,1.103830
2026-06-28T04:10:57,dl,du1,683424,5624903.996420746,5.624904
2026-06-28T04:10:57,dl,du2,684189,5816586.918605881,5.816587
2026-06-28T04:10:57,dl,du3,684964,5776929.027055969,5.776929
2026-06-28T04:10:57,dl,ue1,683489,2306805.5795430564,2.306806
2026-06-28T04:10:57,dl,ue2,683501,2313415.4010806656,2.313415
2026-06-28T04:10:57,dl,ue3,683513,2366293.2815977097,2.366293
2026-06-28T04:10:57,dl,ue4,683525,2346464.335822754,2.346464
2026-06-28T04:10:57,dl,ue5,684254,2339854.514285145,2.339855
2026-06-28T04:10:57,dl,ue6,684266,2392732.394802189,2.392732
2026-06-28T04:10:57,dl,ue7,684278,2353073.9844144057,2.353074
2026-06-28T04:10:57,dl,ue8,684290,2511708.1448034095,2.511708
2026-06-28T04:10:57,dl,ue9,685029,2267147.1691552736,2.267147
2026-06-28T04:10:57,dl,ue10,685041,2260537.3476176644,2.260537
2026-06-28T04:10:57,dl,ue11,685053,2326634.8712099264,2.326635
2026-06-28T04:10:57,dl,ue12,685065,2491878.8531365395,2.491879
2026-06-28T04:11:03,dl,cu_cp,683235,596943.2207153499,0.596943
2026-06-28T04:11:03,dl,cu_up,683262,1069344.416454996,1.069344
2026-06-28T04:11:03,dl,du1,683424,5570038.795848642,5.570039
2026-06-28T04:11:03,dl,du2,684189,5857773.720702295,5.857774
2026-06-28T04:11:03,dl,du3,684964,5711758.84337604,5.711759
2026-06-28T04:11:03,dl,ue1,683489,2263230.7714427803,2.263231
2026-06-28T04:11:03,dl,ue2,683501,2336238.382991738,2.336238
2026-06-28T04:11:03,dl,ue3,683513,2392067.539774425,2.392068
2026-06-28T04:11:03,dl,ue4,683525,2383478.3988342048,2.383478
2026-06-28T04:11:03,dl,ue5,684254,2357711.148899374,2.357711
2026-06-28T04:11:03,dl,ue6,684266,2435013.2444755267,2.435013
2026-06-28T04:11:03,dl,ue7,684278,2392067.539774425,2.392068
2026-06-28T04:11:03,dl,ue8,684290,2490842.4012582134,2.490842
2026-06-28T04:11:03,dl,ue9,685029,2293292.6782906367,2.293293
2026-06-28T04:11:03,dl,ue10,685041,2246052.66244817,2.246053
2026-06-28T04:11:03,dl,ue11,685053,2340533.039904764,2.340533
2026-06-28T04:11:03,dl,ue12,685065,2404951.3376276707,2.404951
2026-06-28T04:11:08,dl,cu_cp,683235,586564.9553931487,0.586565
2026-06-28T04:11:08,dl,cu_up,683262,1100344.5314574898,1.100345
2026-06-28T04:11:08,dl,du1,683424,5604478.537863951,5.604479
2026-06-28T04:11:08,dl,du2,684189,5707234.245258622,5.707234
2026-06-28T04:11:08,dl,du3,684964,5737205.092869978,5.737205
2026-06-28T04:11:08,dl,ue1,683489,2312008.092289535,2.312008
2026-06-28T04:11:08,dl,ue2,683501,2316289.3203249,2.316289
2026-06-28T04:11:08,dl,ue3,683513,2376230.322820289,2.376230
2026-06-28T04:11:08,dl,ue4,683525,2380512.0704011465,2.380512
2026-06-28T04:11:08,dl,ue5,684254,2303444.9434914817,2.303445
2026-06-28T04:11:08,dl,ue6,684266,2371948.921603093,2.371949
2026-06-28T04:11:08,dl,ue7,684278,2363385.9459868707,2.363386
2026-06-28T04:11:08,dl,ue8,684290,2457578.677765319,2.457579
2026-06-28T04:11:08,dl,ue9,685029,2329134.04352198,2.329134
2026-06-28T04:11:08,dl,ue10,685041,2286318.9922590363,2.286319
2026-06-28T04:11:08,dl,ue11,685053,2423326.7753004287,2.423327
2026-06-28T04:11:08,dl,ue12,685065,2423326.7753004287,2.423327
2026-06-28T04:11:14,dl,cu_cp,683235,594868.03804712,0.594868
2026-06-28T04:11:14,dl,cu_up,683262,1098586.9108310617,1.098587
2026-06-28T04:11:14,dl,du1,683424,5622462.693889036,5.622463
2026-06-28T04:11:14,dl,du2,684189,5732801.129735832,5.732801
2026-06-28T04:11:14,dl,du3,684964,5656043.70075871,5.656044
2026-06-28T04:11:14,dl,ue1,683489,2350688.3329737163,2.350688
2026-06-28T04:11:14,dl,ue2,683501,2374674.9645335698,2.374675
2026-06-28T04:11:14,dl,ue3,683513,2441837.4982368946,2.441837
2026-06-28T04:11:14,dl,ue4,683525,2437039.963939333,2.437040
2026-06-28T04:11:14,dl,ue5,684254,2312309.618485155,2.312310
2026-06-28T04:11:14,dl,ue6,684266,2398661.596093423,2.398662
2026-06-28T04:11:14,dl,ue7,684278,2369877.430236008,2.369877
2026-06-28T04:11:14,dl,ue8,684290,2441837.4982368946,2.441837
2026-06-28T04:11:14,dl,ue9,685029,2245147.258103156,2.245147
2026-06-28T04:11:14,dl,ue10,685041,2254741.806734302,2.254742
2026-06-28T04:11:14,dl,ue11,685053,2360282.7082835366,2.360283
2026-06-28T04:11:14,dl,ue12,685065,2403458.7837483333,2.403459
2026-06-28T04:11:19,dl,cu_cp,683235,592810.249606947,0.592810
2026-06-28T04:11:19,dl,cu_up,683262,1107874.8528359204,1.107875
2026-06-28T04:11:19,dl,du1,683424,5641415.425050693,5.641415
2026-06-28T04:11:19,dl,du2,684189,5767751.92668627,5.767752
2026-06-28T04:11:19,dl,du3,684964,5830920.00377543,5.830920
2026-06-28T04:11:19,dl,ue1,683489,2400395.4420908988,2.400395
2026-06-28T04:11:19,dl,ue2,683501,2380959.204225035,2.380959
2026-06-28T04:11:19,dl,ue3,683513,2444127.6287714527,2.444128
2026-06-28T04:11:19,dl,ue4,683525,2521872.927692168,2.521873
2026-06-28T04:11:19,dl,ue5,684254,2308072.57388137,2.308073
2026-06-28T04:11:19,dl,ue6,684266,2371240.998427788,2.371241
2026-06-28T04:11:19,dl,ue7,684278,2371240.998427788,2.371241
2026-06-28T04:11:19,dl,ue8,684290,2444127.6287714527,2.444128
2026-06-28T04:11:19,dl,ue9,685029,2283777.146252568,2.283777
2026-06-28T04:11:19,dl,ue10,685041,2337227.19127311,2.337227
2026-06-28T04:11:19,dl,ue11,685053,2312931.763644308,2.312932
2026-06-28T04:11:19,dl,ue12,685065,2526732.2911837352,2.526732
2026-06-28T04:11:25,dl,cu_cp,683235,599747.2876564681,0.599747
2026-06-28T04:11:25,dl,cu_up,683262,1083414.4858407855,1.083414
2026-06-28T04:11:25,dl,du1,683424,5639559.902226972,5.639560
2026-06-28T04:11:25,dl,du2,684189,5702436.083491373,5.702436
2026-06-28T04:11:25,dl,du3,684964,5697599.773817206,5.697600
2026-06-28T04:11:25,dl,ue1,683489,2350622.590967345,2.350623
2026-06-28T04:11:25,dl,ue2,683501,2369969.214830756,2.369969
2026-06-28T04:11:25,dl,ue3,683513,2394152.840951705,2.394153
2026-06-28T04:11:25,dl,ue4,683525,2486049.304302907,2.486049
2026-06-28T04:11:25,dl,ue5,684254,2331275.9671039344,2.331276
2026-06-28T04:11:25,dl,ue6,684266,2355459.246933198,2.355459
2026-06-28T04:11:25,dl,ue7,684278,2326439.137992239,2.326439
2026-06-28T04:11:25,dl,ue8,684290,2423172.603600979,2.423173
2026-06-28T04:11:25,dl,ue9,685029,2273235.7492220164,2.273236
2026-06-28T04:11:25,dl,ue10,685041,2282909.2342995643,2.282909
2026-06-28T04:11:25,dl,ue11,685053,2355459.246933198,2.355459
2026-06-28T04:11:25,dl,ue12,685065,2490886.1334146024,2.490886
2026-06-28T04:11:31,dl,cu_cp,683235,593986.3834713846,0.593986
2026-06-28T04:11:31,dl,cu_up,683262,1103117.5384358347,1.103118
2026-06-28T04:11:31,dl,du1,683424,5642870.534939575,5.642871
2026-06-28T04:11:31,dl,du2,684189,5770153.46413084,5.770153
2026-06-28T04:11:31,dl,du3,684964,5727725.590584784,5.727726
2026-06-28T04:11:31,dl,ue1,683489,2333518.006062934,2.333518
2026-06-28T04:11:31,dl,ue2,683501,2375945.5338855386,2.375946
2026-06-28T04:11:31,dl,ue3,683513,2450193.9668676853,2.450194
2026-06-28T04:11:31,dl,ue4,683525,2428980.030094657,2.428980
2026-06-28T04:11:31,dl,ue5,684254,2301697.4466268444,2.301697
2026-06-28T04:11:31,dl,ue6,684266,2386552.5022720527,2.386553
2026-06-28T04:11:31,dl,ue7,684278,2333518.006062934,2.333518
2026-06-28T04:11:31,dl,ue8,684290,2450193.9668676853,2.450194
2026-06-28T04:11:31,dl,ue9,685029,2259269.745942514,2.259270
2026-06-28T04:11:31,dl,ue10,685041,2269876.541467302,2.269877
2026-06-28T04:11:31,dl,ue11,685053,2301697.4466268444,2.301697
2026-06-28T04:11:31,dl,ue12,685065,2386552.5022720527,2.386553
2026-06-28T04:11:36,dl,cu_cp,683235,602518.9787983203,0.602519
2026-06-28T04:11:36,dl,cu_up,683262,1122501.1265796805,1.122501
2026-06-28T04:11:36,dl,du1,683424,5620759.022097531,5.620759
2026-06-28T04:11:36,dl,du2,684189,5785833.029899177,5.785833
2026-06-28T04:11:36,dl,du3,684964,5678535.426191311,5.678535
2026-06-28T04:11:36,dl,ue1,683489,2377061.3210935877,2.377061
2026-06-28T04:11:36,dl,ue2,683501,2368807.4996848013,2.368807
2026-06-28T04:11:36,dl,ue3,683513,2418329.736602068,2.418330
2026-06-28T04:11:36,dl,ue4,683525,2509120.2161439513,2.509120
2026-06-28T04:11:36,dl,ue5,684254,2368807.4996848013,2.368807
2026-06-28T04:11:36,dl,ue6,684266,2377061.3210935877,2.377061
2026-06-28T04:11:36,dl,ue7,684278,2393568.791027298,2.393569
2026-06-28T04:11:36,dl,ue8,684290,2434836.8607680514,2.434837
2026-06-28T04:11:36,dl,ue9,685029,2261509.5502092075,2.261510
2026-06-28T04:11:36,dl,ue10,685041,2302777.9657176877,2.302778
2026-06-28T04:11:36,dl,ue11,685053,2302777.9657176877,2.302778
2026-06-28T04:11:36,dl,ue12,685065,2401822.266668358,2.401822
2026-06-28T04:11:42,dl,cu_cp,683235,587953.751968244,0.587954
2026-06-28T04:11:42,dl,cu_up,683262,1075688.1463119006,1.075688
2026-06-28T04:11:42,dl,du1,683424,5639011.14780066,5.639011
2026-06-28T04:11:42,dl,du2,684189,5832768.947016192,5.832769
2026-06-28T04:11:42,dl,du3,684964,5665736.1946109105,5.665736
2026-06-28T04:11:42,dl,ue1,683489,2325089.7882282664,2.325090
2026-06-28T04:11:42,dl,ue2,683501,2345133.7461704137,2.345134
2026-06-28T04:11:42,dl,ue3,683513,2405265.274327936,2.405265
2026-06-28T04:11:42,dl,ue4,683525,2431990.6668071058,2.431991
2026-06-28T04:11:42,dl,ue5,684254,2365177.704112561,2.365178
2026-06-28T04:11:42,dl,ue6,684266,2391902.750922811,2.391903
2026-06-28T04:11:42,dl,ue7,684278,2405265.274327936,2.405265
2026-06-28T04:11:42,dl,ue8,684290,2458715.713617356,2.458716
2026-06-28T04:11:42,dl,ue9,685029,2298364.741418016,2.298365
2026-06-28T04:11:42,dl,ue10,685041,2291683.306880994,2.291683
2026-06-28T04:11:42,dl,ue11,685053,2271639.521773306,2.271640
2026-06-28T04:11:42,dl,ue12,685065,2418627.7977330615,2.418628
2026-06-28T04:11:48,dl,cu_cp,683235,587096.6797641743,0.587097
2026-06-28T04:11:48,dl,cu_up,683262,1092172.6378814697,1.092173
2026-06-28T04:11:48,dl,du1,683424,5719876.5057087615,5.719877
2026-06-28T04:11:48,dl,du2,684189,5741460.399604807,5.741460
2026-06-28T04:11:48,dl,du3,684964,5724193.007033281,5.724193
2026-06-28T04:11:48,dl,ue1,683489,2369971.306589465,2.369971
2026-06-28T04:11:48,dl,ue2,683501,2361337.4368945216,2.361337
2026-06-28T04:11:48,dl,ue3,683513,2408823.4601029395,2.408823
2026-06-28T04:11:48,dl,ue4,683525,2464943.0061879396,2.464943
2026-06-28T04:11:48,dl,ue5,684254,2300901.04266664,2.300901
2026-06-28T04:11:48,dl,ue6,684266,2378605.1762844087,2.378605
2026-06-28T04:11:48,dl,ue7,684278,2365654.6318557644,2.365655
2026-06-28T04:11:48,dl,ue8,684290,2421774.0045315837,2.421774
2026-06-28T04:11:48,dl,ue9,685029,2395872.7422651146,2.395873
2026-06-28T04:11:48,dl,ue10,685041,2318168.6086473465,2.318169
2026-06-28T04:11:48,dl,ue11,685053,2344070.044322996,2.344070
2026-06-28T04:11:48,dl,ue12,685065,2421774.0045315837,2.421774
2026-06-28T04:11:53,dl,cu_cp,683235,594890.3659428442,0.594890
2026-06-28T04:11:53,dl,cu_up,683262,1091345.6761380935,1.091346
2026-06-28T04:11:53,dl,du1,683424,5687836.92669631,5.687837
2026-06-28T04:11:53,dl,du2,684189,5764872.906792974,5.764873
2026-06-28T04:11:53,dl,du3,684964,5777712.698306875,5.777713
2026-06-28T04:11:53,dl,ue1,683489,2362442.3763123034,2.362442
2026-06-28T04:11:53,dl,ue2,683501,2336763.6585928584,2.336764
2026-06-28T04:11:53,dl,ue3,683513,2396680.724292121,2.396681
2026-06-28T04:11:53,dl,ue4,683525,2443758.517662497,2.443759
2026-06-28T04:11:53,dl,ue5,684254,2328204.0283324863,2.328204
2026-06-28T04:11:53,dl,ue6,684266,2341043.300661373,2.341043
2026-06-28T04:11:53,dl,ue7,684278,2383841.2789015626,2.383841
2026-06-28T04:11:53,dl,ue8,684290,2422359.4420115664,2.422359
2026-06-28T04:11:53,dl,ue9,685029,2375281.6486411905,2.375282
2026-06-28T04:11:53,dl,ue10,685041,2311084.940873413,2.311085
2026-06-28T04:11:53,dl,ue11,685053,2311084.940873413,2.311085
2026-06-28T04:11:53,dl,ue12,685065,2439478.7025323105,2.439479
2026-06-28T04:11:59,dl,cu_cp,683235,587380.1013027513,0.587380
2026-06-28T04:11:59,dl,cu_up,683262,1127005.782816832,1.127006
2026-06-28T04:11:59,dl,du1,683424,5711435.551685972,5.711436
2026-06-28T04:11:59,dl,du2,684189,5806944.391263314,5.806944
2026-06-28T04:11:59,dl,du3,684964,5792618.325762749,5.792618
2026-06-28T04:11:59,dl,ue1,683489,2378173.0570842074,2.378173
2026-06-28T04:11:59,dl,ue2,683501,2359071.4627927635,2.359071
2026-06-28T04:11:59,dl,ue3,683513,2406825.882581434,2.406826
2026-06-28T04:11:59,dl,ue4,683525,2440253.8896214915,2.440254
2026-06-28T04:11:59,dl,ue5,684254,2349520.4052110054,2.349520
2026-06-28T04:11:59,dl,ue6,684266,2387723.9410419418,2.387724
2026-06-28T04:11:59,dl,ue7,684278,2378173.0570842074,2.378173
2026-06-28T04:11:59,dl,ue8,684290,2473681.8966615484,2.473682
2026-06-28T04:11:59,dl,ue9,685029,2349520.4052110054,2.349520
2026-06-28T04:11:59,dl,ue10,685041,2402050.353790555,2.402050
2026-06-28T04:11:59,dl,ue11,685053,2349520.4052110054,2.349520
2026-06-28T04:11:59,dl,ue12,685065,2464131.0127038145,2.464131
2026-06-28T04:12:04,dl,cu_cp,683235,583991.4467939616,0.583991
2026-06-28T04:12:04,dl,cu_up,683262,1114892.8563943505,1.114893
2026-06-28T04:12:04,dl,du1,683424,5656512.772825981,5.656513
2026-06-28T04:12:04,dl,du2,684189,5724082.036849881,5.724082
2026-06-28T04:12:04,dl,du3,684964,5695123.583189225,5.695124
2026-06-28T04:12:04,dl,ue1,683489,2345618.8356548785,2.345619
2026-06-28T04:12:04,dl,ue2,683501,2360097.716596985,2.360098
2026-06-28T04:12:04,dl,ue3,683513,2398708.872848451,2.398709
2026-06-28T04:12:04,dl,ue4,683525,2369750.4191877963,2.369750
2026-06-28T04:12:04,dl,ue5,684254,2258743.9935052455,2.258744
2026-06-28T04:12:04,dl,ue6,684266,2321486.90623374,2.321487
2026-06-28T04:12:04,dl,ue7,684278,2345618.8356548785,2.345619
2026-06-28T04:12:04,dl,ue8,684290,2442146.207451212,2.442146
2026-06-28T04:12:04,dl,ue9,685029,2278049.5716309785,2.278050
2026-06-28T04:12:04,dl,ue10,685041,2287702.27422179,2.287702
2026-06-28T04:12:04,dl,ue11,685053,2331139.608824551,2.331140
2026-06-28T04:12:04,dl,ue12,685065,2393882.348608935,2.393882
2026-06-28T04:12:10,dl,cu_cp,683235,580495.5369450524,0.580496
2026-06-28T04:12:10,dl,cu_up,683262,1131966.3510930985,1.131966
2026-06-28T04:12:10,dl,du1,683424,5688856.391782105,5.688856
2026-06-28T04:12:10,dl,du2,684189,5737231.102737904,5.737231
2026-06-28T04:12:10,dl,du3,684964,5737231.102737904,5.737231
2026-06-28T04:12:10,dl,ue1,683489,2384869.3066149056,2.384869
2026-06-28T04:12:10,dl,ue2,683501,2331657.055379212,2.331657
2026-06-28T04:12:10,dl,ue3,683513,2409056.489132017,2.409056
2026-06-28T04:12:10,dl,ue4,683525,2428406.477290809,2.428406
2026-06-28T04:12:10,dl,ue5,684254,2249420.2543073,2.249420
2026-06-28T04:12:10,dl,ue6,684266,2336494.595659107,2.336495
2026-06-28T04:12:10,dl,ue7,684278,2341332.135939002,2.341332
2026-06-28T04:12:10,dl,ue8,684290,2457431.2000878155,2.457431
2026-06-28T04:12:10,dl,ue9,685029,2307469.8728621006,2.307470
2026-06-28T04:12:10,dl,ue10,685041,2307469.8728621006,2.307470
2026-06-28T04:12:10,dl,ue11,685053,2365519.3184561133,2.365519
2026-06-28T04:12:10,dl,ue12,685065,2418731.569691807,2.418732
2026-06-28T04:12:16,dl,cu_cp,683235,605602.7740764767,0.605603
2026-06-28T04:12:16,dl,cu_up,683262,998713.2726358653,0.998713
2026-06-28T04:12:16,dl,du1,683424,5609793.93632412,5.609794
2026-06-28T04:12:16,dl,du2,684189,5514172.33908627,5.514172
2026-06-28T04:12:16,dl,du3,684964,5779787.274115562,5.779787
2026-06-28T04:12:16,dl,ue1,683489,2358663.0775388717,2.358663
2026-06-28T04:12:16,dl,ue2,683501,2390537.1731049297,2.390537
2026-06-28T04:12:16,dl,ue3,683513,2411786.34032886,2.411786
2026-06-28T04:12:16,dl,ue4,683525,2390537.1731049297,2.390537
2026-06-28T04:12:16,dl,ue5,684254,2294915.5758670806,2.294916
2026-06-28T04:12:16,dl,ue6,684266,2284291.164620197,2.284291
2026-06-28T04:12:16,dl,ue7,684278,2284291.164620197,2.284291
2026-06-28T04:12:16,dl,ue8,684290,2422411.096305907,2.422411
2026-06-28T04:12:16,dl,ue9,685029,2305540.159479046,2.305540
2026-06-28T04:12:16,dl,ue10,685041,2263041.825031185,2.263042
2026-06-28T04:12:16,dl,ue11,685053,2401161.584351814,2.401162
2026-06-28T04:12:16,dl,ue12,685065,2422411.096305907,2.422411
2026-06-28T04:12:21,dl,cu_cp,683235,585021.3631756657,0.585021
2026-06-28T04:12:21,dl,cu_up,683262,1038206.9662970012,1.038207
2026-06-28T04:12:21,dl,du1,683424,5685419.384613118,5.685419
2026-06-28T04:12:21,dl,du2,684189,5685419.384613118,5.685419
2026-06-28T04:12:21,dl,du3,684964,5627741.147926083,5.627741
2026-06-28T04:12:21,dl,ue1,683489,2414243.2348838854,2.414243
2026-06-28T04:12:21,dl,ue2,683501,2340085.452702663,2.340085
2026-06-28T04:12:21,dl,ue3,683513,2373044.7162336553,2.373045
2026-06-28T04:12:21,dl,ue4,683525,2438962.3805825473,2.438962
2026-06-28T04:12:21,dl,ue5,684254,2282407.5611008643,2.282408
2026-06-28T04:12:21,dl,ue6,684266,2356564.9981968496,2.356565
2026-06-28T04:12:21,dl,ue7,684278,2290647.1613053395,2.290647
2026-06-28T04:12:21,dl,ue8,684290,2430722.780378072,2.430723
2026-06-28T04:12:21,dl,ue9,685029,2331845.852498188,2.331846
2026-06-28T04:12:21,dl,ue10,685041,2298886.934052433,2.298887
2026-06-28T04:12:21,dl,ue11,685053,2348325.2254497563,2.348325
2026-06-28T04:12:21,dl,ue12,685065,2364804.7709439434,2.364805
2026-06-28T04:12:27,dl,cu_cp,683235,585228.4136679396,0.585228
2026-06-28T04:12:27,dl,cu_up,683262,1096462.5289778954,1.096463
2026-06-28T04:12:27,dl,du1,683424,5616847.56793665,5.616848
2026-06-28T04:12:27,dl,du2,684189,5785016.977429274,5.785017
2026-06-28T04:12:27,dl,du3,684964,5751383.095530748,5.751383
2026-06-28T04:12:27,dl,ue1,683489,2367820.8292816556,2.367821
2026-06-28T04:12:27,dl,ue2,683501,2354367.241976707,2.354367
2026-06-28T04:12:27,dl,ue3,683513,2394727.8311638595,2.394728
2026-06-28T04:12:27,dl,ue4,683525,2388001.123875232,2.388001
2026-06-28T04:12:27,dl,ue5,684254,2293826.5309236716,2.293827
2026-06-28T04:12:27,dl,ue6,684266,2300553.065484606,2.300553
2026-06-28T04:12:27,dl,ue7,684278,2421635.0057737567,2.421635
2026-06-28T04:12:27,dl,ue8,684290,2421635.0057737567,2.421635
2026-06-28T04:12:27,dl,ue9,685029,2340913.6546717584,2.340914
2026-06-28T04:12:27,dl,ue10,685041,2293826.5309236716,2.293827
2026-06-28T04:12:27,dl,ue11,685053,2361094.121993028,2.361094
2026-06-28T04:12:27,dl,ue12,685065,2421635.0057737567,2.421635
2026-06-28T04:12:33,dl,cu_cp,683235,588625.4773199663,0.588625
2026-06-28T04:12:33,dl,cu_up,683262,1129989.1393193924,1.129989
2026-06-28T04:12:33,dl,du1,683424,5615572.790774408,5.615573
2026-06-28T04:12:33,dl,du2,684189,5813213.7544210525,5.813214
2026-06-28T04:12:33,dl,du3,684964,5761655.347504914,5.761655
2026-06-28T04:12:33,dl,ue1,683489,2320129.69568836,2.320130
2026-06-28T04:12:33,dl,ue2,683501,2324426.2007550774,2.324426
2026-06-28T04:12:33,dl,ue3,683513,2375984.6076712166,2.375985
2026-06-28T04:12:33,dl,ue4,683525,2350205.5772709097,2.350206
2026-06-28T04:12:33,dl,ue5,684254,2311536.5124971615,2.311537
2026-06-28T04:12:33,dl,ue6,684266,2328722.878879558,2.328723
2026-06-28T04:12:33,dl,ue7,684278,2337315.7159552313,2.337316
2026-06-28T04:12:33,dl,ue8,684290,2461915.4012366235,2.461915
2026-06-28T04:12:33,dl,ue9,685029,2324426.2007550774,2.324426
2026-06-28T04:12:33,dl,ue10,685041,2311536.5124971615,2.311537
2026-06-28T04:12:33,dl,ue11,685053,2401763.8111292864,2.401764
2026-06-28T04:12:33,dl,ue12,685065,2436136.197778554,2.436136
2026-06-28T04:12:38,dl,cu_cp,683235,593551.4599053812,0.593551
2026-06-28T04:12:38,dl,cu_up,683262,1113984.1901544535,1.113984
2026-06-28T04:12:38,dl,du1,683424,5673147.265264106,5.673147
2026-06-28T04:12:38,dl,du2,684189,5815083.566786842,5.815084
2026-06-28T04:12:38,dl,du3,684964,5780674.650930218,5.780675
2026-06-28T04:12:38,dl,ue1,683489,2313990.32348804,2.313990
2026-06-28T04:12:38,dl,ue2,683501,2335495.9392062332,2.335496
2026-06-28T04:12:38,dl,ue3,683513,2391410.1243186234,2.391410
2026-06-28T04:12:38,dl,ue4,683525,2395711.108877292,2.395711
2026-06-28T04:12:38,dl,ue5,684254,2352700.223903332,2.352700
2026-06-28T04:12:38,dl,ue6,684266,2404313.424457054,2.404313
2026-06-28T04:12:38,dl,ue7,684278,2361302.539483094,2.361303
2026-06-28T04:12:38,dl,ue8,684290,2477432.0674977563,2.477432
2026-06-28T04:12:38,dl,ue9,685029,2352700.223903332,2.352700
2026-06-28T04:12:38,dl,ue10,685041,2357001.208462,2.357001
2026-06-28T04:12:38,dl,ue11,685053,2412915.5668056034,2.412916
2026-06-28T04:12:38,dl,ue12,685065,2425818.866944034,2.425819
2026-06-28T04:12:44,dl,cu_cp,683235,587488.9939386338,0.587489
2026-06-28T04:12:44,dl,cu_up,683262,1094435.1618237018,1.094435
2026-06-28T04:12:44,dl,du1,683424,5628523.887178707,5.628524
2026-06-28T04:12:44,dl,du2,684189,5775396.124846196,5.775396
2026-06-28T04:12:44,dl,du3,684964,5746968.949817491,5.746969
2026-06-28T04:12:44,dl,ue1,683489,2359431.816147244,2.359432
2026-06-28T04:12:44,dl,ue2,683501,2364169.3901941776,2.364169
2026-06-28T04:12:44,dl,ue3,683513,2378382.9777085306,2.378383
2026-06-28T04:12:44,dl,ue4,683525,2387858.4719518186,2.387858
2026-06-28T04:12:44,dl,ue5,684254,2335742.3882401823,2.335742
2026-06-28T04:12:44,dl,ue6,684266,2387858.4719518186,2.387858
2026-06-28T04:12:44,dl,ue7,684278,2421023.0479527474,2.421023
2026-06-28T04:12:44,dl,ue8,684290,2435236.6354671,2.435237
2026-06-28T04:12:44,dl,ue9,685029,2321529.319949961,2.321529
2026-06-28T04:12:44,dl,ue10,685041,2321529.319949961,2.321529
2026-06-28T04:12:44,dl,ue11,685053,2345218.228632891,2.345218
2026-06-28T04:12:44,dl,ue12,685065,2435236.6354671,2.435237
2026-06-28T04:12:49,dl,cu_cp,683235,585067.7454762459,0.585068
2026-06-28T04:12:49,dl,cu_up,683262,1112112.2742689787,1.112112
2026-06-28T04:12:49,dl,du1,683424,5623419.646621632,5.623420
2026-06-28T04:12:49,dl,du2,684189,5811995.252523685,5.811995
2026-06-28T04:12:49,dl,du3,684964,5758807.181108045,5.758807
2026-06-28T04:12:49,dl,ue1,683489,2374117.952201235,2.374118
2026-06-28T04:12:49,dl,ue2,683501,2412800.1544400095,2.412800
2026-06-28T04:12:49,dl,ue3,683513,2456317.5886213062,2.456318
2026-06-28T04:12:49,dl,ue4,683525,2378953.184143758,2.378953
2026-06-28T04:12:49,dl,ue5,684254,2345106.387196803,2.345106
2026-06-28T04:12:49,dl,ue6,684266,2359612.2563736676,2.359612
2026-06-28T04:12:49,dl,ue7,684278,2398294.285263145,2.398294
2026-06-28T04:12:49,dl,ue8,684290,2470823.457798171,2.470823
2026-06-28T04:12:49,dl,ue9,685029,2316094.822192371,2.316095
2026-06-28T04:12:49,dl,ue10,685041,2272577.388011074,2.272577
2026-06-28T04:12:49,dl,ue11,685053,2359612.2563736676,2.359612
2026-06-28T04:12:49,dl,ue12,685065,2456317.5886213062,2.456318
2026-06-28T04:12:55,dl,cu_cp,683235,580367.6244746745,0.580368
2026-06-28T04:12:55,dl,cu_up,683262,1097862.0770054983,1.097862
2026-06-28T04:12:55,dl,du1,683424,5615056.469185257,5.615056
2026-06-28T04:12:55,dl,du2,684189,5731130.470251742,5.731130
2026-06-28T04:12:55,dl,du3,684964,5697275.885151157,5.697276
2026-06-28T04:12:55,dl,ue1,683489,2345652.393871484,2.345652
2026-06-28T04:12:55,dl,ue2,683501,2369834.4629975604,2.369834
2026-06-28T04:12:55,dl,ue3,683513,2379507.1521253586,2.379507
2026-06-28T04:12:55,dl,ue4,683525,2369834.4629975604,2.369834
2026-06-28T04:12:55,dl,ue5,684254,2306961.29105371,2.306961
2026-06-28T04:12:55,dl,ue6,684266,2360161.6007164717,2.360162
2026-06-28T04:12:55,dl,ue7,684278,2389180.1875597383,2.389180
2026-06-28T04:12:55,dl,ue8,684290,2427871.290377512,2.427871
2026-06-28T04:12:55,dl,ue9,685029,2335979.7047436857,2.335980
2026-06-28T04:12:55,dl,ue10,685041,2326306.842462597,2.326307
2026-06-28T04:12:55,dl,ue11,685053,2345652.393871484,2.345652
2026-06-28T04:12:55,dl,ue12,685065,2442380.4972225,2.442380
2026-06-28T04:13:01,dl,cu_cp,683235,585259.053419829,0.585259
2026-06-28T04:13:01,dl,cu_up,683262,1038006.6953293473,1.038007
2026-06-28T04:13:01,dl,du1,683424,5653823.550572062,5.653824
2026-06-28T04:13:01,dl,du2,684189,5885718.632081137,5.885719
2026-06-28T04:13:01,dl,du3,684964,5731121.911075086,5.731122
2026-06-28T04:13:01,dl,ue1,683489,2385206.832670795,2.385207
2026-06-28T04:13:01,dl,ue2,683501,2385206.832670795,2.385207
2026-06-28T04:13:01,dl,ue3,683513,2418334.574182341,2.418335
2026-06-28T04:13:01,dl,ue4,683525,2429377.2734766235,2.429377
2026-06-28T04:13:01,dl,ue5,684254,2352078.912973598,2.352079
2026-06-28T04:13:01,dl,ue6,684266,2208524.8912618305,2.208525
2026-06-28T04:13:01,dl,ue7,684278,2407292.053073709,2.407292
2026-06-28T04:13:01,dl,ue8,684290,2550846.252971127,2.550846
2026-06-28T04:13:01,dl,ue9,685029,2385206.832670795,2.385207
2026-06-28T04:13:01,dl,ue10,685041,2230609.9334790944,2.230610
2026-06-28T04:13:01,dl,ue11,685053,2440419.7945852554,2.440420
2026-06-28T04:13:01,dl,ue12,685065,2495633.1128710164,2.495633
2026-06-28T04:13:06,dl,cu_cp,683235,454373.64286181924,0.454374
2026-06-28T04:13:06,dl,cu_up,683262,476010.51642977266,0.476011
2026-06-28T04:13:06,dl,du1,683424,3836933.246927719,3.836933
2026-06-28T04:13:06,dl,du2,684189,3909056.183454764,3.909056
2026-06-28T04:13:06,dl,du3,684964,3937905.0033379006,3.937905
2026-06-28T04:13:06,dl,ue1,683489,1110691.1680520028,1.110691
2026-06-28T04:13:06,dl,ue2,683501,1146752.6363155253,1.146753
2026-06-28T04:13:06,dl,ue3,683513,1146752.6363155253,1.146753
2026-06-28T04:13:06,dl,ue4,683525,1081842.052562465,1.081842
2026-06-28T04:13:06,dl,ue5,684254,1067417.4948176963,1.067417
2026-06-28T04:13:06,dl,ue6,684266,1074629.6997884803,1.074630
2026-06-28T04:13:06,dl,ue7,684278,1096266.6103072339,1.096267
2026-06-28T04:13:06,dl,ue8,684290,1052992.9370729274,1.052993
2026-06-28T04:13:06,dl,ue9,685029,1132328.0785707564,1.132328
2026-06-28T04:13:06,dl,ue10,685041,1117903.5208259874,1.117904
2026-06-28T04:13:06,dl,ue11,685053,1052992.9370729274,1.052993
2026-06-28T04:13:06,dl,ue12,685065,1074629.6997884803,1.074630
2026-06-28T04:13:12,dl,cu_cp,683235,451436.0091047239,0.451436
2026-06-28T04:13:12,dl,cu_up,683262,469493.44652040483,0.469493
2026-06-28T04:13:12,dl,du1,683424,3900407.0714886854,3.900407
2026-06-28T04:13:12,dl,du2,684189,3858273.18599205,3.858273
2026-06-28T04:13:12,dl,du3,684964,3918464.619473419,3.918465
2026-06-28T04:13:12,dl,ue1,683489,1089465.550456934,1.089466
2026-06-28T04:13:12,dl,ue2,683501,1119561.2671976185,1.119561
2026-06-28T04:13:12,dl,ue3,683513,1131599.6570916749,1.131600
2026-06-28T04:13:12,dl,ue4,683525,1083446.4660789585,1.083446
2026-06-28T04:13:12,dl,ue5,684254,1125580.4990009975,1.125580
2026-06-28T04:13:12,dl,ue6,684266,1083446.4660789585,1.083446
2026-06-28T04:13:12,dl,ue7,684278,1077427.381700983,1.077427
2026-06-28T04:13:12,dl,ue8,684290,1083446.4660789585,1.083446
2026-06-28T04:13:12,dl,ue9,685029,1113542.182819643,1.113542
2026-06-28T04:13:12,dl,ue10,685041,1107522.951016264,1.107523
2026-06-28T04:13:12,dl,ue11,685053,1083446.4660789585,1.083446
2026-06-28T04:13:12,dl,ue12,685065,1083446.4660789585,1.083446
2026-06-28T04:13:17,dl,cu_cp,683235,473260.31147727906,0.473260
2026-06-28T04:13:17,dl,cu_up,683262,462080.9215215907,0.462081
2026-06-28T04:13:17,dl,du1,683424,3890423.4154375074,3.890423
2026-06-28T04:13:17,dl,du2,684189,3871791.086519573,3.871791
2026-06-28T04:13:17,dl,du3,684964,3953773.1562767457,3.953773
2026-06-28T04:13:17,dl,ue1,683489,1117937.7384065134,1.117938
2026-06-28T04:13:17,dl,ue2,683501,1110484.7624689043,1.110485
2026-06-28T04:13:17,dl,ue3,683513,1151475.871298216,1.151476
2026-06-28T04:13:17,dl,ue4,683525,1091852.5075016946,1.091853
2026-06-28T04:13:17,dl,ue5,684254,1095578.9584951366,1.095579
2026-06-28T04:13:17,dl,ue6,684266,1088126.1304589778,1.088126
2026-06-28T04:13:17,dl,ue7,684278,1114211.2874130714,1.114211
2026-06-28T04:13:17,dl,ue8,684290,1103031.9344327457,1.103032
2026-06-28T04:13:17,dl,ue9,685029,1114211.2874130714,1.114211
2026-06-28T04:13:17,dl,ue10,685041,1103031.9344327457,1.103032
2026-06-28T04:13:17,dl,ue11,685053,1058314.374609992,1.058314
2026-06-28T04:13:17,dl,ue12,685065,1099305.4094885783,1.099305
2026-06-28T04:13:23,dl,cu_cp,683235,472456.01033604145,0.472456
2026-06-28T04:13:23,dl,cu_up,683262,461207.0559424117,0.461207
2026-06-28T04:13:23,dl,du1,683424,3843392.2936123135,3.843392
2026-06-28T04:13:23,dl,du2,684189,3929634.042341518,3.929634
2026-06-28T04:13:23,dl,du3,684964,3933383.928761351,3.933384
2026-06-28T04:13:23,dl,ue1,683489,1121145.6271395474,1.121146
2026-06-28T04:13:23,dl,ue2,683501,1113646.3736747324,1.113646
2026-06-28T04:13:23,dl,ue3,683513,1124895.2909701585,1.124895
2026-06-28T04:13:23,dl,ue4,683525,1098647.792548695,1.098648
2026-06-28T04:13:23,dl,ue5,684254,1106147.0460135103,1.106147
2026-06-28T04:13:23,dl,ue6,684266,1061151.2284389914,1.061151
2026-06-28T04:13:23,dl,ue7,684278,1121145.6271395474,1.121146
2026-06-28T04:13:23,dl,ue8,684290,1087398.8010568619,1.087399
2026-06-28T04:13:23,dl,ue9,685029,1151142.863588029,1.151143
2026-06-28T04:13:23,dl,ue10,685041,1124895.2909701585,1.124895
2026-06-28T04:13:23,dl,ue11,685053,1106147.0460135103,1.106147
2026-06-28T04:13:23,dl,ue12,685065,1087398.8010568619,1.087399
2026-06-28T04:13:28,dl,cu_cp,683235,469788.20943603513,0.469788
2026-06-28T04:13:28,dl,cu_up,683262,473607.5774855518,0.473608
2026-06-28T04:13:28,dl,du1,683424,3918721.125646591,3.918721
2026-06-28T04:13:28,dl,du2,684189,3933998.7454060363,3.933999
2026-06-28T04:13:28,dl,du3,684964,3911082.1682054903,3.911082
2026-06-28T04:13:28,dl,ue1,683489,1088533.5804301072,1.088534
2026-06-28T04:13:28,dl,ue2,683501,1119088.8937296867,1.119089
2026-06-28T04:13:28,dl,ue3,683513,1119088.8937296867,1.119089
2026-06-28T04:13:28,dl,ue4,683525,1057978.3409112168,1.057978
2026-06-28T04:13:28,dl,ue5,684254,1107630.6051294135,1.107631
2026-06-28T04:13:28,dl,ue6,684266,1069436.4819501115,1.069436
2026-06-28T04:13:28,dl,ue7,684278,1115269.4887898255,1.115269
2026-06-28T04:13:28,dl,ue8,684290,1073255.8868899727,1.073256
2026-06-28T04:13:28,dl,ue9,685029,1122908.298669548,1.122908
2026-06-28T04:13:28,dl,ue10,685041,1111450.0838499642,1.111450
2026-06-28T04:13:28,dl,ue11,685053,1065617.1507909393,1.065617
2026-06-28T04:13:28,dl,ue12,685065,1080894.6967696953,1.080895
2026-06-28T04:13:34,ul,cu_cp,683235,467138.8725483298,0.467139
2026-06-28T04:13:34,ul,cu_up,683262,463004.9164886445,0.463005
2026-06-28T04:13:34,ul,du1,683424,3910737.8700149776,3.910738
2026-06-28T04:13:34,ul,du2,684189,3927273.9883023407,3.927274
2026-06-28T04:13:34,ul,du3,684964,3852862.04410645,3.852862
2026-06-28T04:13:34,ul,ue1,683489,1083100.7513425755,1.083101
2026-06-28T04:13:34,ul,ue2,683501,1103770.6786653132,1.103771
2026-06-28T04:13:34,ul,ue3,683513,1116172.4733322137,1.116172
2026-06-28T04:13:34,ul,ue4,683525,1070698.809651364,1.070699
2026-06-28T04:13:34,ul,ue5,684254,1087234.6338901054,1.087235
2026-06-28T04:13:34,ul,ue6,684266,1066564.9271038342,1.066565
2026-06-28T04:13:34,ul,ue7,684278,1078966.7217707348,1.078967
2026-06-28T04:13:34,ul,ue8,684290,1066564.9271038342,1.066565
2026-06-28T04:13:34,ul,ue9,685029,1116172.4733322137,1.116172
2026-06-28T04:13:34,ul,ue10,685041,1103770.6786653132,1.103771
2026-06-28T04:13:34,ul,ue11,685053,1029359.1020301997,1.029359
2026-06-28T04:13:34,ul,ue12,685065,1087234.6338901054,1.087235
2026-06-28T04:13:39,ul,cu_cp,683235,514154.11563580245,0.514154
2026-06-28T04:13:39,ul,cu_up,683262,567342.4574618873,0.567342
2026-06-28T04:13:39,ul,du1,683424,4498848.363875449,4.498848
2026-06-28T04:13:39,ul,du2,684189,4636251.435609186,4.636251
2026-06-28T04:13:39,ul,du3,684964,4600792.7514589215,4.600793
2026-06-28T04:13:39,ul,ue1,683489,1489274.0445314085,1.489274
2026-06-28T04:13:39,ul,ue2,683501,1515868.1365442788,1.515868
2026-06-28T04:13:39,ul,ue3,683513,1511435.8404755818,1.511436
2026-06-28T04:13:39,ul,ue4,683525,1484841.5906623674,1.484842
2026-06-28T04:13:39,ul,ue5,684254,1511435.8404755818,1.511436
2026-06-28T04:13:39,ul,ue6,684266,1498138.7944691468,1.498139
2026-06-28T04:13:39,ul,ue7,684278,1511435.8404755818,1.511436
2026-06-28T04:13:39,ul,ue8,684290,1493706.3406001055,1.493706
2026-06-28T04:13:39,ul,ue9,685029,1498138.7944691468,1.498139
2026-06-28T04:13:39,ul,ue10,685041,1475976.8407246291,1.475977
2026-06-28T04:13:39,ul,ue11,685053,1480409.2945936704,1.480409
2026-06-28T04:13:39,ul,ue12,685065,1507003.3866065408,1.507003
2026-06-28T04:13:45,ul,cu_cp,683235,550282.3849981534,0.550282
2026-06-28T04:13:45,ul,cu_up,683262,657540.8596039885,0.657541
2026-06-28T04:13:45,ul,du1,683424,5209029.238989801,5.209029
2026-06-28T04:13:45,ul,du2,684189,5386239.019052868,5.386239
2026-06-28T04:13:45,ul,du3,684964,5227682.865084515,5.227683
2026-06-28T04:13:45,ul,ue1,683489,1893344.5433482004,1.893345
2026-06-28T04:13:45,ul,ue2,683501,1958632.4007613421,1.958632
2026-06-28T04:13:45,ul,ue3,683513,1991276.2464270901,1.991276
2026-06-28T04:13:45,ul,ue4,683525,1925988.555095594,1.925989
2026-06-28T04:13:45,ul,ue5,684254,1953968.8281560182,1.953969
2026-06-28T04:13:45,ul,ue6,684266,1930651.9616192721,1.930652
2026-06-28T04:13:45,ul,ue7,684278,1935315.3681429506,1.935315
2026-06-28T04:13:45,ul,ue8,684290,1939978.6085849833,1.939979
2026-06-28T04:13:45,ul,ue9,685029,1921324.9824902702,1.921325
2026-06-28T04:13:45,ul,ue10,685041,1888681.136824522,1.888681
2026-06-28T04:13:45,ul,ue11,685053,1916661.575966592,1.916662
2026-06-28T04:13:45,ul,ue12,685065,1953968.8281560182,1.953969
2026-06-28T04:13:50,ul,cu_cp,683235,555496.4143836888,0.555496
2026-06-28T04:13:50,ul,cu_up,683262,651640.0429039699,0.651640
2026-06-28T04:13:50,ul,du1,683424,5074245.793930829,5.074246
2026-06-28T04:13:50,ul,du2,684189,5202437.353905778,5.202437
2026-06-28T04:13:50,ul,du3,684964,5351994.229157793,5.351994
2026-06-28T04:13:50,ul,ue1,683489,1858776.4587306976,1.858776
2026-06-28T04:13:50,ul,ue2,683501,1933554.7305129813,1.933555
2026-06-28T04:13:50,ul,ue3,683513,1944237.3881515146,1.944237
2026-06-28T04:13:50,ul,ue4,683525,1933554.7305129813,1.933555
2026-06-28T04:13:50,ul,ue5,684254,1944237.3881515146,1.944237
2026-06-28T04:13:50,ul,ue6,684266,1944237.3881515146,1.944237
2026-06-28T04:13:50,ul,ue7,684278,1901506.923441106,1.901507
2026-06-28T04:13:50,ul,ue8,684290,1922872.0728744483,1.922872
2026-06-28T04:13:50,ul,ue9,685029,1912189.5810796393,1.912190
2026-06-28T04:13:50,ul,ue10,685041,1912189.5810796393,1.912190
2026-06-28T04:13:50,ul,ue11,685053,1912189.5810796393,1.912190
2026-06-28T04:13:50,ul,ue12,685065,2008333.1681389892,2.008333
2026-06-28T04:13:56,ul,cu_cp,683235,528942.8084132731,0.528943
2026-06-28T04:13:56,ul,cu_up,683262,636384.3292933926,0.636384
2026-06-28T04:13:56,ul,du1,683424,5115868.732874829,5.115869
2026-06-28T04:13:56,ul,du2,684189,5132398.242153969,5.132398
2026-06-28T04:13:56,ul,du3,684964,5206780.537737036,5.206781
2026-06-28T04:13:56,ul,ue1,683489,1859564.5013905156,1.859565
2026-06-28T04:13:56,ul,ue2,683501,1917417.6184764826,1.917418
2026-06-28T04:13:56,ul,ue3,683513,1925682.3731160522,1.925682
2026-06-28T04:13:56,ul,ue4,683525,1909152.8638369131,1.909153
2026-06-28T04:13:56,ul,ue5,684254,1900888.2745883632,1.900888
2026-06-28T04:13:56,ul,ue6,684266,1892623.5199487936,1.892624
2026-06-28T04:13:56,ul,ue7,684278,1917417.6184764826,1.917418
2026-06-28T04:13:56,ul,ue8,684290,1900888.2745883632,1.900888
2026-06-28T04:13:56,ul,ue9,685029,1892623.5199487936,1.892624
2026-06-28T04:13:56,ul,ue10,685041,1859564.5013905156,1.859565
2026-06-28T04:13:56,ul,ue11,685053,1933947.1277556217,1.933947
2026-06-28T04:13:56,ul,ue12,685065,1950476.6370347608,1.950477
2026-06-28T04:14:02,ul,cu_cp,683235,542030.6939606961,0.542031
2026-06-28T04:14:02,ul,cu_up,683262,636886.1366657397,0.636886
2026-06-28T04:14:02,ul,du1,683424,5122190.270681563,5.122190
2026-06-28T04:14:02,ul,du2,684189,5250922.763438787,5.250923
2026-06-28T04:14:02,ul,du3,684964,5217045.54814157,5.217046
2026-06-28T04:14:02,ul,ue1,683489,1883556.7782177257,1.883557
2026-06-28T04:14:02,ul,ue2,683501,1951310.5478320168,1.951311
2026-06-28T04:14:02,ul,ue3,683513,1958086.0900384819,1.958086
2026-06-28T04:14:02,ul,ue4,683525,1917433.6630248714,1.917434
2026-06-28T04:14:02,ul,ue5,684254,1917433.6630248714,1.917434
2026-06-28T04:14:02,ul,ue6,684266,1924209.0399863005,1.924209
2026-06-28T04:14:02,ul,ue7,684278,1883556.7782177257,1.883557
2026-06-28T04:14:02,ul,ue8,684290,1897107.532140584,1.897108
2026-06-28T04:14:02,ul,ue9,685029,1890332.1551791548,1.890332
2026-06-28T04:14:02,ul,ue10,685041,1870006.0242948674,1.870006
2026-06-28T04:14:02,ul,ue11,685053,1903882.909102013,1.903883
2026-06-28T04:14:02,ul,ue12,685065,1971636.8439613401,1.971637
2026-06-28T04:14:07,ul,cu_cp,683235,550208.7969085956,0.550209
2026-06-28T04:14:07,ul,cu_up,683262,641220.7901787538,0.641221
2026-06-28T04:14:07,ul,du1,683424,5104944.635412809,5.104945
2026-06-28T04:14:07,ul,du2,684189,5357296.51157147,5.357297
2026-06-28T04:14:07,ul,du3,684964,5162861.682022543,5.162862
2026-06-28T04:14:07,ul,ue1,683489,1894704.0955906475,1.894704
2026-06-28T04:14:07,ul,ue2,683501,1948483.9737670636,1.948484
2026-06-28T04:14:07,ul,ue3,683513,1998126.6835101629,1.998127
2026-06-28T04:14:07,ul,ue4,683525,1923662.2877498437,1.923662
2026-06-28T04:14:07,ul,ue5,684254,1923662.2877498437,1.923662
2026-06-28T04:14:07,ul,ue6,684266,1931936.1278979718,1.931936
2026-06-28T04:14:07,ul,ue7,684278,1907114.7730264224,1.907115
2026-06-28T04:14:07,ul,ue8,684290,1915388.6131745505,1.915389
2026-06-28T04:14:07,ul,ue9,685029,1874019.4124339093,1.874019
2026-06-28T04:14:07,ul,ue10,685041,1836787.2145537497,1.836787
2026-06-28T04:14:07,ul,ue11,685053,1894704.0955906475,1.894704
2026-06-28T04:14:07,ul,ue12,685065,1940209.9680461,1.940210
2026-06-28T04:14:13,ul,cu_cp,683235,543615.897196486,0.543616
2026-06-28T04:14:13,ul,cu_up,683262,630760.4199263072,0.630760
2026-06-28T04:14:13,ul,du1,683424,5095880.41842762,5.095880
2026-06-28T04:14:13,ul,du2,684189,5353164.507157497,5.353165
2026-06-28T04:14:13,ul,du3,684964,5286768.538651352,5.286769
2026-06-28T04:14:13,ul,ue1,683489,1904730.4832144356,1.904730
2026-06-28T04:14:13,ul,ue2,683501,1958677.2696038438,1.958677
2026-06-28T04:14:13,ul,ue3,683513,1996024.8159540559,1.996025
2026-06-28T04:14:13,ul,ue4,683525,1913030.1032340336,1.913030
2026-06-28T04:14:13,ul,ue5,684254,1933778.7400952624,1.933779
2026-06-28T04:14:13,ul,ue6,684266,1921329.557978525,1.921330
2026-06-28T04:14:13,ul,ue7,684278,1929629.0127230168,1.929629
2026-06-28T04:14:13,ul,ue8,684290,1908880.3758617877,1.908880
2026-06-28T04:14:13,ul,ue9,685029,1883981.8463532066,1.883982
2026-06-28T04:14:13,ul,ue10,685041,1875682.391608715,1.875682
2026-06-28T04:14:13,ul,ue11,685053,1900580.7558421898,1.900581
2026-06-28T04:14:13,ul,ue12,685065,1954527.542231598,1.954528
2026-06-28T04:14:19,ul,cu_cp,683235,541517.2606365163,0.541517
2026-06-28T04:14:19,ul,cu_up,683262,619495.7201031122,0.619496
2026-06-28T04:14:19,ul,du1,683424,5016615.531686937,5.016616
2026-06-28T04:14:19,ul,du2,684189,5198565.834085555,5.198566
2026-06-28T04:14:19,ul,du3,684964,5194233.424791839,5.194233
2026-06-28T04:14:19,ul,ue1,683489,1875815.7664295172,1.875816
2026-06-28T04:14:19,ul,ue2,683501,1945130.0259414911,1.945130
2026-06-28T04:14:19,ul,ue3,683513,1936465.702260307,1.936466
2026-06-28T04:14:19,ul,ue4,683525,1875815.7664295172,1.875816
2026-06-28T04:14:19,ul,ue5,684254,1919137.2198666884,1.919137
2026-06-28T04:14:19,ul,ue6,684266,1910472.8961855043,1.910473
2026-06-28T04:14:19,ul,ue7,684278,1888812.1694669188,1.888812
2026-06-28T04:14:19,ul,ue8,684290,1906140.6518605375,1.906141
2026-06-28T04:14:19,ul,ue9,685029,1871483.5221045506,1.871484
2026-06-28T04:14:19,ul,ue10,685041,1819497.9099549449,1.819498
2026-06-28T04:14:19,ul,ue11,685053,1910472.8961855043,1.910473
2026-06-28T04:14:19,ul,ue12,685065,1945130.0259414911,1.945130
2026-06-28T04:14:24,ul,cu_cp,683235,542446.1002485034,0.542446
2026-06-28T04:14:24,ul,cu_up,683262,635171.896878018,0.635172
2026-06-28T04:14:24,ul,du1,683424,5127738.073338902,5.127738
2026-06-28T04:14:24,ul,du2,684189,5206555.396924444,5.206555
2026-06-28T04:14:24,ul,du3,684964,5229736.846081822,5.229737
2026-06-28T04:14:24,ul,ue1,683489,1863789.0738913883,1.863789
2026-06-28T04:14:24,ul,ue2,683501,2002877.9340233493,2.002878
2026-06-28T04:14:24,ul,ue3,683513,1998241.6111543358,1.998242
2026-06-28T04:14:24,ul,ue4,683525,1886970.523048767,1.886971
2026-06-28T04:14:24,ul,ue5,684254,1905515.814524821,1.905516
2026-06-28T04:14:24,ul,ue6,684266,1924060.940813186,1.924061
2026-06-28T04:14:24,ul,ue7,684278,1891607.0111054694,1.891607
2026-06-28T04:14:24,ul,ue8,684290,1914788.295075159,1.914788
2026-06-28T04:14:24,ul,ue9,685029,1886970.523048767,1.886971
2026-06-28T04:14:24,ul,ue10,685041,1863789.0738913883,1.863789
2026-06-28T04:14:24,ul,ue11,685053,1924060.940813186,1.924061
2026-06-28T04:14:24,ul,ue12,685065,1947242.3899705647,1.947242
2026-06-28T04:14:30,ul,cu_cp,683235,542737.5263250839,0.542738
2026-06-28T04:14:30,ul,cu_up,683262,621596.814069331,0.621597
2026-06-28T04:14:30,ul,du1,683424,4954219.1234145425,4.954219
2026-06-28T04:14:30,ul,du2,684189,5167603.452952538,5.167603
2026-06-28T04:14:30,ul,du3,684964,5130493.005368979,5.130493
2026-06-28T04:14:30,ul,ue1,683489,1897261.9184952807,1.897262
2026-06-28T04:14:30,ul,ue2,683501,1901900.7657803071,1.901901
2026-06-28T04:14:30,ul,ue3,683513,1915816.976938734,1.915817
2026-06-28T04:14:30,ul,ue4,683525,1906539.6130653333,1.906540
2026-06-28T04:14:30,ul,ue5,684254,1929733.353445487,1.929733
2026-06-28T04:14:30,ul,ue6,684266,1915816.976938734,1.915817
2026-06-28T04:14:30,ul,ue7,684278,1883345.5419885279,1.883346
2026-06-28T04:14:30,ul,ue8,684290,1892623.2365585803,1.892623
2026-06-28T04:14:30,ul,ue9,685029,1855512.954323348,1.855513
2026-06-28T04:14:30,ul,ue10,685041,1864790.4835450745,1.864790
2026-06-28T04:14:30,ul,ue11,685053,1920455.8242237603,1.920456
2026-06-28T04:14:30,ul,ue12,685065,1920455.8242237603,1.920456
2026-06-28T04:14:35,ul,cu_cp,683235,533768.557786189,0.533769
2026-06-28T04:14:35,ul,cu_up,683262,621956.4200853109,0.621956
2026-06-28T04:14:35,ul,du1,683424,4994217.061538994,4.994217
2026-06-28T04:14:35,ul,du2,684189,5156668.345604181,5.156668
2026-06-28T04:14:35,ul,du3,684964,5175234.706023395,5.175235
2026-06-28T04:14:35,ul,ue1,683489,1851944.9021682143,1.851945
2026-06-28T04:14:35,ul,ue2,683501,1889076.6336625814,1.889077
2026-06-28T04:14:35,ul,ue3,683513,1893717.9764313698,1.893718
2026-06-28T04:14:35,ul,ue4,683525,1907642.499409765,1.907642
2026-06-28T04:14:35,ul,ue5,684254,1907642.499409765,1.907642
2026-06-28T04:14:35,ul,ue6,684266,1921566.8574974835,1.921567
2026-06-28T04:14:35,ul,ue7,684278,1912284.00706923,1.912284
2026-06-28T04:14:35,ul,ue8,684290,1898359.6489815116,1.898360
2026-06-28T04:14:35,ul,ue9,685029,1838020.5440804958,1.838021
2026-06-28T04:14:35,ul,ue10,685041,1828737.5287615657,1.828738
2026-06-28T04:14:35,ul,ue11,685053,1884435.1260031164,1.884435
2026-06-28T04:14:35,ul,ue12,685065,1944774.2309041321,1.944774
2026-06-28T04:14:41,ul,cu_cp,683235,523508.1894027114,0.523508
2026-06-28T04:14:41,ul,cu_up,683262,588946.7437793899,0.588947
2026-06-28T04:14:41,ul,du1,683424,4851799.330333442,4.851799
2026-06-28T04:14:41,ul,du2,684189,5010721.580602655,5.010722
2026-06-28T04:14:41,ul,du3,684964,5038766.722118511,5.038767
2026-06-28T04:14:41,ul,ue1,683489,1822930.4324996425,1.822930
2026-06-28T04:14:41,ul,ue2,683501,1785537.0196388196,1.785537
2026-06-28T04:14:41,ul,ue3,683513,1813581.997414198,1.813582
2026-06-28T04:14:41,ul,ue4,683525,1841627.1389300537,1.841627
2026-06-28T04:14:41,ul,ue5,684254,1850975.4102750206,1.850975
2026-06-28T04:14:41,ul,ue6,684266,1822930.4324996425,1.822930
2026-06-28T04:14:41,ul,ue7,684278,1860323.845360465,1.860324
2026-06-28T04:14:41,ul,ue8,684290,1832278.7038446092,1.832279
2026-06-28T04:14:41,ul,ue9,685029,1850975.4102750206,1.850975
2026-06-28T04:14:41,ul,ue10,685041,1850975.4102750206,1.850975
2026-06-28T04:14:41,ul,ue11,685053,1813581.997414198,1.813582
2026-06-28T04:14:41,ul,ue12,685065,1888368.9868763208,1.888369
2026-06-28T04:14:46,ul,cu_cp,683235,537433.0818593854,0.537433
2026-06-28T04:14:46,ul,cu_up,683262,613127.8531824494,0.613128
2026-06-28T04:14:46,ul,du1,683424,5139677.0685854815,5.139677
2026-06-28T04:14:46,ul,du2,684189,5147246.422438409,5.147246
2026-06-28T04:14:46,ul,du3,684964,5086690.605379958,5.086691
2026-06-28T04:14:46,ul,ue1,683489,1892370.0227528715,1.892370
2026-06-28T04:14:46,ul,ue2,683501,1960495.3580367554,1.960495
2026-06-28T04:14:46,ul,ue3,683513,1968064.876262188,1.968065
2026-06-28T04:14:46,ul,ue4,683525,1884800.504527439,1.884801
2026-06-28T04:14:46,ul,ue5,684254,1831814.2056944203,1.831814
2026-06-28T04:14:46,ul,ue6,684266,1846953.2421452857,1.846953
2026-06-28T04:14:46,ul,ue7,684278,1899939.540978304,1.899940
2026-06-28T04:14:46,ul,ue8,684290,1869661.6324490786,1.869662
2026-06-28T04:14:46,ul,ue9,685029,1846953.2421452857,1.846953
2026-06-28T04:14:46,ul,ue10,685041,1869661.6324490786,1.869662
2026-06-28T04:14:46,ul,ue11,685053,1869661.6324490786,1.869662
2026-06-28T04:14:46,ul,ue12,685065,1945356.485958395,1.945356
2026-06-28T04:14:52,ul,cu_cp,683235,534811.9594710201,0.534812
2026-06-28T04:14:52,ul,cu_up,683262,621204.7233169258,0.621205
2026-06-28T04:14:52,ul,du1,683424,5002549.033331203,5.002549
2026-06-28T04:14:52,ul,du2,684189,5138308.7497049095,5.138309
2026-06-28T04:14:52,ul,du3,684964,5060144.044560266,5.060144
2026-06-28T04:14:52,ul,ue1,683489,1892411.5108971,1.892412
2026-06-28T04:14:52,ul,ue2,683501,1958234.663161528,1.958235
2026-06-28T04:14:52,ul,ue3,683513,1966462.4748604775,1.966462
2026-06-28T04:14:52,ul,ue4,683525,1884183.6991981505,1.884184
2026-06-28T04:14:52,ul,ue5,684254,1888297.7697158337,1.888298
2026-06-28T04:14:52,ul,ue6,684266,1912981.36948089,1.912981
2026-06-28T04:14:52,ul,ue7,684278,1908867.298963207,1.908867
2026-06-28T04:14:52,ul,ue8,684290,1921209.1811798394,1.921209
2026-06-28T04:14:52,ul,ue9,685029,1863614.005282569,1.863614
2026-06-28T04:14:52,ul,ue10,685041,1843044.3113669872,1.843044
2026-06-28T04:14:52,ul,ue11,685053,1896525.581414783,1.896526
2026-06-28T04:14:52,ul,ue12,685065,1937664.9692459465,1.937665
2026-06-28T04:14:58,ul,cu_cp,683235,540041.917225197,0.540042
2026-06-28T04:14:58,ul,cu_up,683262,606001.223711282,0.606001
2026-06-28T04:14:58,ul,du1,683424,5012908.117767334,5.012908
2026-06-28T04:14:58,ul,du2,684189,5202540.96410501,5.202541
2026-06-28T04:14:58,ul,du3,684964,5120092.129996419,5.120092
2026-06-28T04:14:58,ul,ue1,683489,1875718.069464326,1.875718
2026-06-28T04:14:58,ul,ue2,683501,1945799.8094075918,1.945800
2026-06-28T04:14:58,ul,ue3,683513,1978779.6069949865,1.978780
2026-06-28T04:14:58,ul,ue4,683525,1896330.4429564476,1.896330
2026-06-28T04:14:58,ul,ue5,684254,1904575.2273883224,1.904575
2026-06-28T04:14:58,ul,ue6,684266,1900452.752689898,1.900453
2026-06-28T04:14:58,ul,ue7,684278,1921065.1261820197,1.921065
2026-06-28T04:14:58,ul,ue8,684290,1925187.600880444,1.925188
2026-06-28T04:14:58,ul,ue9,685029,1888085.493559599,1.888085
2026-06-28T04:14:58,ul,ue10,685041,1863350.8103340268,1.863351
2026-06-28T04:14:58,ul,ue11,685053,1900452.752689898,1.900453
2026-06-28T04:14:58,ul,ue12,685065,1941677.4996741414,1.941677
2026-06-28T04:15:03,ul,cu_cp,683235,536477.2348817969,0.536477
2026-06-28T04:15:03,ul,cu_up,683262,614885.4772686419,0.614885
2026-06-28T04:15:03,ul,du1,683424,5088280.062625401,5.088280
2026-06-28T04:15:03,ul,du2,684189,5245096.7952074,5.245097
2026-06-28T04:15:03,ul,du3,684964,5026379.199043279,5.026379
2026-06-28T04:15:03,ul,ue1,683489,1894177.329178548,1.894177
2026-06-28T04:15:03,ul,ue2,683501,1931318.0125333606,1.931318
2026-06-28T04:15:03,ul,ue3,683513,1943698.3504553246,1.943698
2026-06-28T04:15:03,ul,ue4,683525,1898303.9983488428,1.898304
2026-06-28T04:15:03,ul,ue5,684254,1939571.51607949,1.939572
2026-06-28T04:15:03,ul,ue6,684266,1914811.0054411017,1.914811
2026-06-28T04:15:03,ul,ue7,684278,1885923.8256324185,1.885924
2026-06-28T04:15:03,ul,ue8,684290,1890050.6600082528,1.890051
2026-06-28T04:15:03,ul,ue9,685029,1873543.652915994,1.873544
2026-06-28T04:15:03,ul,ue10,685041,1844656.4731073105,1.844656
2026-06-28T04:15:03,ul,ue11,685053,1852909.8114479005,1.852910
2026-06-28T04:15:03,ul,ue12,685065,1931318.0125333606,1.931318
2026-06-28T04:15:09,ul,cu_cp,683235,538420.1918381149,0.538420
2026-06-28T04:15:09,ul,cu_up,683262,601763.7268578779,0.601764
2026-06-28T04:15:09,ul,du1,683424,5144401.107551179,5.144401
2026-06-28T04:15:09,ul,du2,684189,5144401.107551179,5.144401
2026-06-28T04:15:09,ul,du3,684964,5094630.942971963,5.094631
2026-06-28T04:15:09,ul,ue1,683489,1882208.4155656672,1.882208
2026-06-28T04:15:09,ul,ue2,683501,1959125.4034089088,1.959125
2026-06-28T04:15:09,ul,ue3,683513,1999846.297368393,1.999846
2026-06-28T04:15:09,ul,ue4,683525,1904830.9330515503,1.904831
2026-06-28T04:15:09,ul,ue5,684254,1913880.0389054203,1.913880
2026-06-28T04:15:09,ul,ue6,684266,1895781.9919635416,1.895782
2026-06-28T04:15:09,ul,ue7,684278,1891257.3566536761,1.891257
2026-06-28T04:15:09,ul,ue8,684290,1900306.462507546,1.900306
2026-06-28T04:15:09,ul,ue9,685029,1841487.5216061831,1.841488
2026-06-28T04:15:09,ul,ue10,685041,1841487.5216061831,1.841488
2026-06-28T04:15:09,ul,ue11,685053,1882208.4155656672,1.882208
2026-06-28T04:15:09,ul,ue12,685065,1931978.2506131602,1.931978
2026-06-28T04:15:14,ul,cu_cp,683235,539057.389360714,0.539057
2026-06-28T04:15:14,ul,cu_up,683262,617381.9198590874,0.617382
2026-06-28T04:15:14,ul,du1,683424,4962092.505501556,4.962093
2026-06-28T04:15:14,ul,du2,684189,5150992.502731418,5.150993
2026-06-28T04:15:14,ul,du3,684964,5091097.566184521,5.091098
2026-06-28T04:15:14,ul,ue1,683489,1861360.4948771955,1.861360
2026-06-28T04:15:14,ul,ue2,683501,1898219.1071393013,1.898219
2026-06-28T04:15:14,ul,ue3,683513,1944292.4135841369,1.944292
2026-06-28T04:15:14,ul,ue4,683525,1889004.5774253844,1.889005
2026-06-28T04:15:14,ul,ue5,684254,1879789.8832426548,1.879790
2026-06-28T04:15:14,ul,ue6,684266,1912041.2306478024,1.912041
2026-06-28T04:15:14,ul,ue7,684278,1893611.842282343,1.893612
2026-06-28T04:15:14,ul,ue8,684290,1912041.2306478024,1.912041
2026-06-28T04:15:14,ul,ue9,685029,1861360.4948771955,1.861360
2026-06-28T04:15:14,ul,ue10,685041,1889004.5774253844,1.889005
2026-06-28T04:15:14,ul,ue11,685053,1865967.9242029667,1.865968
2026-06-28T04:15:14,ul,ue12,685065,1916648.4955047606,1.916648
2026-06-28T04:15:20,ul,cu_cp,683235,556048.4120379522,0.556048
2026-06-28T04:15:20,ul,cu_up,683262,611653.2738097832,0.611653
2026-06-28T04:15:20,ul,du1,683424,4939563.506728006,4.939564
2026-06-28T04:15:20,ul,du2,684189,5134180.234976914,5.134180
2026-06-28T04:15:20,ul,du3,684964,5022971.005066109,5.022971
2026-06-28T04:15:20,ul,ue1,683489,1858128.3561460054,1.858128
2026-06-28T04:15:20,ul,ue2,683501,1927634.4950649012,1.927634
2026-06-28T04:15:20,ul,ue3,683513,1923000.763439927,1.923001
2026-06-28T04:15:20,ul,ue4,683525,1932268.2266898751,1.932268
2026-06-28T04:15:20,ul,ue5,684254,1923000.763439927,1.923001
2026-06-28T04:15:20,ul,ue6,684266,1936901.958314849,1.936902
2026-06-28T04:15:20,ul,ue7,684278,1862762.0877709794,1.862762
2026-06-28T04:15:20,ul,ue8,684290,1941535.6899398232,1.941536
2026-06-28T04:15:20,ul,ue9,685029,1876663.447190187,1.876663
2026-06-28T04:15:20,ul,ue10,685041,1858128.3561460054,1.858128
2026-06-28T04:15:20,ul,ue11,685053,1936901.958314849,1.936902
2026-06-28T04:15:20,ul,ue12,685065,1918367.031814953,1.918367
2026-06-28T04:15:25,ul,cu_cp,683235,538569.3332635995,0.538569
2026-06-28T04:15:25,ul,cu_up,683262,605890.4638277241,0.605890
2026-06-28T04:15:25,ul,du1,683424,5004206.67860544,5.004207
2026-06-28T04:15:25,ul,du2,684189,5262271.507435617,5.262272
2026-06-28T04:15:25,ul,du3,684964,5015426.70203245,5.015427
2026-06-28T04:15:25,ul,ue1,683489,1896212.8342249095,1.896213
2026-06-28T04:15:25,ul,ue2,683501,1952313.7763616801,1.952314
2026-06-28T04:15:25,ul,ue3,683513,1985974.506644087,1.985975
2026-06-28T04:15:25,ul,ue4,683525,1918653.2110796177,1.918653
2026-06-28T04:15:25,ul,ue5,684254,1941093.7529346705,1.941094
2026-06-28T04:15:25,ul,ue6,684266,1896212.8342249095,1.896213
2026-06-28T04:15:25,ul,ue7,684278,1941093.7529346705,1.941094
2026-06-28T04:15:25,ul,ue8,684290,1929873.399506972,1.929873
2026-06-28T04:15:25,ul,ue9,685029,1896212.8342249095,1.896213
2026-06-28T04:15:25,ul,ue10,685041,1851332.0805154932,1.851332
2026-06-28T04:15:25,ul,ue11,685053,1873772.4573702014,1.873772
2026-06-28T04:15:25,ul,ue12,685065,1941093.7529346705,1.941094
2026-06-28T04:15:31,ul,cu_cp,683235,535152.5381763318,0.535153
2026-06-28T04:15:31,ul,cu_up,683262,612835.9399193191,0.612836
2026-06-28T04:15:31,ul,du1,683424,5127106.574102879,5.127107
2026-06-28T04:15:31,ul,du2,684189,5170263.932577319,5.170264
2026-06-28T04:15:31,ul,du3,684964,5101211.763677597,5.101212
2026-06-28T04:15:31,ul,ue1,683489,1890296.781707492,1.890297
2026-06-28T04:15:31,ul,ue2,683501,1967980.2246317936,1.967980
2026-06-28T04:15:31,ul,ue3,683513,2002506.3090816545,2.002506
2026-06-28T04:15:31,ul,ue4,683525,1907559.8239324223,1.907560
2026-06-28T04:15:31,ul,ue5,684254,1898928.3851825858,1.898928
2026-06-28T04:15:31,ul,ue6,684266,1881665.3429576552,1.881665
2026-06-28T04:15:31,ul,ue7,684278,1873033.9042078184,1.873034
2026-06-28T04:15:31,ul,ue8,684290,1907559.8239324223,1.907560
2026-06-28T04:15:31,ul,ue9,685029,1890296.781707492,1.890297
2026-06-28T04:15:31,ul,ue10,685041,1907559.8239324223,1.907560
2026-06-28T04:15:31,ul,ue11,685053,1890296.781707492,1.890297
2026-06-28T04:15:31,ul,ue12,685065,1942085.7436570262,1.942086
2026-06-28T04:15:37,ul,cu_cp,683235,540528.9674427998,0.540529
2026-06-28T04:15:37,ul,cu_up,683262,610727.5004082525,0.610728
2026-06-28T04:15:37,ul,du1,683424,5005157.69053835,5.005158
2026-06-28T04:15:37,ul,du2,684189,5124495.048299661,5.124495
2026-06-28T04:15:37,ul,du3,684964,5075356.38825931,5.075356
2026-06-28T04:15:37,ul,ue1,683489,1888341.4758770776,1.888341
2026-06-28T04:15:37,ul,ue2,683501,1888341.4758770776,1.888341
2026-06-28T04:15:37,ul,ue3,683513,1944500.2033961343,1.944500
2026-06-28T04:15:37,ul,ue4,683525,1923440.8247375584,1.923441
2026-06-28T04:15:37,ul,ue5,684254,1902381.1165679647,1.902381
2026-06-28T04:15:37,ul,ue6,684266,1930460.5627052474,1.930461
2026-06-28T04:15:37,ul,ue7,684278,1895361.2138447666,1.895361
2026-06-28T04:15:37,ul,ue8,684290,1916420.9220143603,1.916421
2026-06-28T04:15:37,ul,ue9,685029,1881321.5731538797,1.881322
2026-06-28T04:15:37,ul,ue10,685041,1888341.4758770776,1.888341
2026-06-28T04:15:37,ul,ue11,685053,1881321.5731538797,1.881322
2026-06-28T04:15:37,ul,ue12,685065,1937480.3006729365,1.937480
2026-06-28T04:15:42,ul,cu_cp,683235,535236.6050987765,0.535237
2026-06-28T04:15:42,ul,cu_up,683262,600609.0073617384,0.600609
2026-06-28T04:15:42,ul,du1,683424,5013246.61163069,5.013247
2026-06-28T04:15:42,ul,du2,684189,4956045.882792151,4.956046
2026-06-28T04:15:42,ul,du3,684964,4976474.573786998,4.976475
2026-06-28T04:15:42,ul,ue1,683489,1867199.4653953612,1.867199
2026-06-28T04:15:42,ul,ue2,683501,1928486.1951348484,1.928486
2026-06-28T04:15:42,ul,ue3,683513,1965258.068789804,1.965258
2026-06-28T04:15:42,ul,ue4,683525,1883542.4838667333,1.883542
2026-06-28T04:15:42,ul,ue5,684254,1863113.6286831498,1.863114
2026-06-28T04:15:42,ul,ue6,684266,1908057.175762528,1.908057
2026-06-28T04:15:42,ul,ue7,684278,1891714.157291156,1.891714
2026-06-28T04:15:42,ul,ue8,684290,1895799.8298146308,1.895800
2026-06-28T04:15:42,ul,ue9,685029,1830427.4275516688,1.830427
2026-06-28T04:15:42,ul,ue10,685041,1830427.4275516688,1.830427
2026-06-28T04:15:42,ul,ue11,685053,1895799.8298146308,1.895800
2026-06-28T04:15:42,ul,ue12,685065,1920314.5217104256,1.920315
2026-06-28T04:15:48,ul,cu_cp,683235,534642.4182361221,0.534642
2026-06-28T04:15:48,ul,cu_up,683262,599942.2952945828,0.599942
2026-06-28T04:15:48,ul,du1,683424,4942381.436306897,4.942381
2026-06-28T04:15:48,ul,du2,684189,4942381.436306897,4.942381
2026-06-28T04:15:48,ul,du3,684964,4970950.247741241,4.970950
2026-06-28T04:15:48,ul,ue1,683489,1865126.7629422091,1.865127
2026-06-28T04:15:48,ul,ue2,683501,1914101.5171076965,1.914102
2026-06-28T04:15:48,ul,ue3,683513,1930426.5990331077,1.930427
2026-06-28T04:15:48,ul,ue4,683525,1861045.410525732,1.861045
2026-06-28T04:15:48,ul,ue5,684254,1865126.7629422091,1.865127
2026-06-28T04:15:48,ul,ue6,684266,1889614.2219600773,1.889614
2026-06-28T04:15:48,ul,ue7,684278,1861045.410525732,1.861045
2026-06-28T04:15:48,ul,ue8,684290,1897776.5990525342,1.897777
2026-06-28T04:15:48,ul,ue9,685029,1832476.7629616356,1.832477
2026-06-28T04:15:48,ul,ue10,685041,1820233.0334527015,1.820233
2026-06-28T04:15:48,ul,ue11,685053,1930426.5990331077,1.930427
2026-06-28T04:15:48,ul,ue12,685065,1922264.0580704021,1.922264
2026-06-28T04:15:53,ul,cu_cp,683235,533546.2823384345,0.533546
2026-06-28T04:15:53,ul,cu_up,683262,601298.1964213789,0.601298
2026-06-28T04:15:53,ul,du1,683424,5000937.850261688,5.000938
2026-06-28T04:15:53,ul,du2,684189,5017875.582393909,5.017876
2026-06-28T04:15:53,ul,du3,684964,5030579.045752084,5.030579
2026-06-28T04:15:53,ul,ue1,683489,1863177.4730219604,1.863177
2026-06-28T04:15:53,ul,ue2,683501,1939398.4174300253,1.939398
2026-06-28T04:15:53,ul,ue3,683513,1947867.447755146,1.947867
2026-06-28T04:15:53,ul,ue4,683525,1913991.4907136739,1.913991
2026-06-28T04:15:53,ul,ue5,684254,1867412.070314026,1.867412
2026-06-28T04:15:53,ul,ue6,684266,1884349.9667052566,1.884350
2026-06-28T04:15:53,ul,ue7,684278,1901287.8630964875,1.901288
2026-06-28T04:15:53,ul,ue8,684290,1888584.5639973222,1.888585
2026-06-28T04:15:53,ul,ue9,685029,1854708.60695585,1.854709
2026-06-28T04:15:53,ul,ue10,685041,1837770.5463056087,1.837771
2026-06-28T04:15:53,ul,ue11,685053,1888584.5639973222,1.888585
2026-06-28T04:15:53,ul,ue12,685065,1926694.9540718496,1.926695
2026-06-28T04:15:59,ul,cu_cp,683235,536752.4041020843,0.536752
2026-06-28T04:15:59,ul,cu_up,683262,610787.1972288197,0.610787
2026-06-28T04:15:59,ul,du1,683424,4974214.071691797,4.974214
2026-06-28T04:15:59,ul,du2,684189,5071384.950611637,5.071385
2026-06-28T04:15:59,ul,du3,684964,5140792.345964734,5.140792
2026-06-28T04:15:59,ul,ue1,683489,1818480.0961962927,1.818480
2026-06-28T04:15:59,ul,ue2,683501,1920278.0034499634,1.920278
2026-06-28T04:15:59,ul,ue3,683513,1948040.9944302964,1.948041
2026-06-28T04:15:59,ul,ue4,683525,1915650.810920663,1.915651
2026-06-28T04:15:59,ul,ue5,684254,1864751.8572938275,1.864752
2026-06-28T04:15:59,ul,ue6,684266,1892515.0124696302,1.892515
2026-06-28T04:15:59,ul,ue7,684278,1883260.6274110293,1.883261
2026-06-28T04:15:59,ul,ue8,684290,1887887.6557448602,1.887888
2026-06-28T04:15:59,ul,ue9,685029,1892515.0124696302,1.892515
2026-06-28T04:15:59,ul,ue10,685041,1883260.6274110293,1.883261
2026-06-28T04:15:59,ul,ue11,685053,1850870.279705926,1.850870
2026-06-28T04:15:59,ul,ue12,685065,1915650.810920663,1.915651
2026-06-28T04:16:05,ul,cu_cp,683235,540396.7983426094,0.540397
2026-06-28T04:16:05,ul,cu_up,683262,609678.5003519631,0.609679
2026-06-28T04:16:05,ul,du1,683424,5048322.472740097,5.048322
2026-06-28T04:16:05,ul,du2,684189,5117604.174749451,5.117604
2026-06-28T04:16:05,ul,du3,684964,5048322.472740097,5.048322
2026-06-28T04:16:05,ul,ue1,683489,1875223.2200971222,1.875223
2026-06-28T04:16:05,ul,ue2,683501,1949123.5047244262,1.949124
2026-06-28T04:16:05,ul,ue3,683513,1990692.558849373,1.990693
2026-06-28T04:16:05,ul,ue4,683525,1926029.6040546417,1.926030
2026-06-28T04:16:05,ul,ue5,684254,1898317.1207669068,1.898317
2026-06-28T04:16:05,ul,ue6,684266,1907554.6151961517,1.907555
2026-06-28T04:16:05,ul,ue7,684278,1926029.6040546417,1.926030
2026-06-28T04:16:05,ul,ue8,684290,1884460.7145263671,1.884461
2026-06-28T04:16:05,ul,ue9,685029,1875223.2200971222,1.875223
2026-06-28T04:16:05,ul,ue10,685041,1893698.2089556123,1.893698
2026-06-28T04:16:05,ul,ue11,685053,1889079.4617409897,1.889079
2026-06-28T04:16:05,ul,ue12,685065,1921410.856840019,1.921411
2026-06-28T04:16:10,ul,cu_cp,683235,531990.0402819538,0.531990
2026-06-28T04:16:10,ul,cu_up,683262,610632.0419352722,0.610632
2026-06-28T04:16:10,ul,du1,683424,5037714.181078796,5.037714
2026-06-28T04:16:10,ul,du2,684189,5051592.406878051,5.051592
2026-06-28T04:16:10,ul,du3,684964,5102478.2454854585,5.102478
2026-06-28T04:16:10,ul,ue1,683489,1859652.0827427292,1.859652
2026-06-28T04:16:10,ul,ue2,683501,1938294.0431742477,1.938294
2026-06-28T04:16:10,ul,ue3,683513,1970676.0753775788,1.970676
2026-06-28T04:16:10,ul,ue4,683525,1938294.0431742477,1.938294
2026-06-28T04:16:10,ul,ue5,684254,1924416.1471493912,1.924416
2026-06-28T04:16:10,ul,ue6,684266,1929042.0575286103,1.929042
2026-06-28T04:16:10,ul,ue7,684278,1882782.1293004227,1.882782
2026-06-28T04:16:10,ul,ue8,684290,1905912.0109709168,1.905912
2026-06-28T04:16:10,ul,ue9,685029,1896660.0253252792,1.896660
2026-06-28T04:16:10,ul,ue10,685041,1873530.1436547851,1.873530
2026-06-28T04:16:10,ul,ue11,685053,1896660.0253252792,1.896660
2026-06-28T04:16:10,ul,ue12,685065,1938294.0431742477,1.938294
2026-06-28T04:16:16,ul,cu_cp,683235,529680.6226860166,0.529681
2026-06-28T04:16:16,ul,cu_up,683262,619626.3747703653,0.619626
2026-06-28T04:16:16,ul,du1,683424,5046956.832881012,5.046957
2026-06-28T04:16:16,ul,du2,684189,5066944.943056125,5.066945
2026-06-28T04:16:16,ul,du3,684964,5086933.053231239,5.086933
2026-06-28T04:16:16,ul,ue1,683489,1898855.0967601025,1.898855
2026-06-28T04:16:16,ul,ue2,683501,1928837.0967552925,1.928837
2026-06-28T04:16:16,ul,ue3,683513,1948825.0416629254,1.948825
2026-06-28T04:16:16,ul,ue4,683525,1948825.0416629254,1.948825
2026-06-28T04:16:16,ul,ue5,684254,1918843.0416677357,1.918843
2026-06-28T04:16:16,ul,ue6,684266,1948825.0416629254,1.948825
2026-06-28T04:16:16,ul,ue7,684278,1848885.3171247602,1.848885
2026-06-28T04:16:16,ul,ue8,684290,1898855.0967601025,1.898855
2026-06-28T04:16:16,ul,ue9,685029,1918843.0416677357,1.918843
2026-06-28T04:16:16,ul,ue10,685041,1898855.0967601025,1.898855
2026-06-28T04:16:16,ul,ue11,685053,1868873.2620323931,1.868873
2026-06-28T04:16:16,ul,ue12,685065,1938830.9865753686,1.938831
2026-06-28T04:16:21,ul,cu_cp,683235,534164.5162390923,0.534165
2026-06-28T04:16:21,ul,cu_up,683262,604862.7852215522,0.604863
2026-06-28T04:16:21,ul,du1,683424,4925311.491914329,4.925311
2026-06-28T04:16:21,ul,du2,684189,5011720.044194064,5.011720
2026-06-28T04:16:21,ul,du3,684964,5003864.840870848,5.003865
2026-06-28T04:16:21,ul,ue1,683489,1877431.256858356,1.877431
2026-06-28T04:16:21,ul,ue2,683501,1908852.5635478543,1.908853
2026-06-28T04:16:21,ul,ue3,683513,1971695.5058579398,1.971696
2026-06-28T04:16:21,ul,ue4,683525,1940274.034702897,1.940274
2026-06-28T04:16:21,ul,ue5,684254,1885286.4601815725,1.885286
2026-06-28T04:16:21,ul,ue6,684266,1932418.8313796807,1.932419
2026-06-28T04:16:21,ul,ue7,684278,1940274.034702897,1.940274
2026-06-28T04:16:21,ul,ue8,684290,1940274.034702897,1.940274
2026-06-28T04:16:21,ul,ue9,685029,1838154.4179145526,1.838154
2026-06-28T04:16:21,ul,ue10,685041,1830299.050125792,1.830299
2026-06-28T04:16:21,ul,ue11,685053,1861720.3568152904,1.861720
2026-06-28T04:16:21,ul,ue12,685065,1979550.8736467003,1.979551
2026-06-28T04:16:27,ul,cu_cp,683235,534627.0780635499,0.534627
2026-06-28T04:16:27,ul,cu_up,683262,612865.1529383898,0.612865
2026-06-28T04:16:27,ul,du1,683424,5026798.860937805,5.026799
2026-06-28T04:16:27,ul,du2,684189,5072437.436308098,5.072437
2026-06-28T04:16:27,ul,du3,684964,5065917.404782448,5.065917
2026-06-28T04:16:27,ul,ue1,683489,1890754.353640232,1.890754
2026-06-28T04:16:27,ul,ue2,683501,1936393.2580723763,1.936393
2026-06-28T04:16:27,ul,ue3,683513,1962472.5615203476,1.962473
2026-06-28T04:16:27,ul,ue4,683525,1949432.827530899,1.949433
2026-06-28T04:16:27,ul,ue5,684254,1884234.4866455079,1.884234
2026-06-28T04:16:27,ul,ue6,684266,1884234.4866455079,1.884234
2026-06-28T04:16:27,ul,ue7,684278,1936393.2580723763,1.936393
2026-06-28T04:16:27,ul,ue8,684290,1897274.0561040307,1.897274
2026-06-28T04:16:27,ul,ue9,685029,1871194.7526560593,1.871195
2026-06-28T04:16:27,ul,ue10,685041,1877714.6196507835,1.877715
2026-06-28T04:16:27,ul,ue11,685053,1864674.885661335,1.864675
2026-06-28T04:16:27,ul,ue12,685065,1975512.2955097961,1.975512
2026-06-28T04:16:32,ul,cu_cp,683235,530377.1804192842,0.530377
2026-06-28T04:16:32,ul,cu_up,683262,604383.3091583624,0.604383
2026-06-28T04:16:32,ul,du1,683424,5044750.333003128,5.044750
2026-06-28T04:16:32,ul,du2,684189,5126979.13601389,5.126979
2026-06-28T04:16:32,ul,du3,684964,5040638.975264346,5.040639
2026-06-28T04:16:32,ul,ue1,683489,1862487.250487423,1.862487
2026-06-28T04:16:32,ul,ue2,683501,1944716.3831452131,1.944716
2026-06-28T04:16:32,ul,ue3,683513,2002276.5452527464,2.002277
2026-06-28T04:16:32,ul,ue4,683525,1940604.860582918,1.940605
2026-06-28T04:16:32,ul,ue5,684254,1920047.5774184703,1.920048
2026-06-28T04:16:32,ul,ue6,684266,1907713.174555099,1.907713
2026-06-28T04:16:32,ul,ue7,684278,1911824.6971173943,1.911825
2026-06-28T04:16:32,ul,ue8,684290,1887155.8913906515,1.887156
2026-06-28T04:16:32,ul,ue9,685029,1874821.6533507942,1.874822
2026-06-28T04:16:32,ul,ue10,685041,1870710.130788499,1.870710
2026-06-28T04:16:32,ul,ue11,685053,1874821.6533507942,1.874822
2026-06-28T04:16:32,ul,ue12,685065,1944716.3831452131,1.944716
2026-06-28T04:16:38,ul,cu_cp,683235,536574.6666888392,0.536575
2026-06-28T04:16:38,ul,cu_up,683262,606742.1269093322,0.606742
2026-06-28T04:16:38,ul,du1,683424,5002527.435694513,5.002527
2026-06-28T04:16:38,ul,du2,684189,5085077.155975643,5.085077
2026-06-28T04:16:38,ul,du3,684964,5085077.155975643,5.085077
2026-06-28T04:16:38,ul,ue1,683489,1873883.8308984197,1.873884
2026-06-28T04:16:38,ul,ue2,683501,1944051.456103524,1.944051
2026-06-28T04:16:38,ul,ue3,683513,1964688.8861738062,1.964689
2026-06-28T04:16:38,ul,ue4,683525,1944051.456103524,1.944051
2026-06-28T04:16:38,ul,ue5,684254,1915158.8560235954,1.915159
2026-06-28T04:16:38,ul,ue6,684266,1939923.8710987007,1.939924
2026-06-28T04:16:38,ul,ue7,684278,1890394.0059331013,1.890394
2026-06-28T04:16:38,ul,ue8,684290,1923413.8610486304,1.923414
2026-06-28T04:16:38,ul,ue9,685029,1894521.425953313,1.894521
2026-06-28T04:16:38,ul,ue10,685041,1898649.0109581363,1.898649
2026-06-28T04:16:38,ul,ue11,685053,1878011.4159032428,1.878011
2026-06-28T04:16:38,ul,ue12,685065,1968816.4711786294,1.968816
2026-06-28T04:16:44,ul,cu_cp,683235,535996.4737326669,0.535996
2026-06-28T04:16:44,ul,cu_up,683262,620161.2388196099,0.620161
2026-06-28T04:16:44,ul,du1,683424,4943570.74449482,4.943571
2026-06-28T04:16:44,ul,du2,684189,5027735.715018511,5.027736
2026-06-28T04:16:44,ul,du3,684964,5072033.137125463,5.072033
2026-06-28T04:16:44,ul,ue1,683489,1873772.8033939267,1.873773
2026-06-28T04:16:44,ul,ue2,683501,1895921.514447403,1.895922
2026-06-28T04:16:44,ul,ue3,683513,1949078.0265371895,1.949078
2026-06-28T04:16:44,ul,ue4,683525,1904780.933129034,1.904781
2026-06-28T04:16:44,ul,ue5,684254,1891491.640757189,1.891492
2026-06-28T04:16:44,ul,ue6,684266,1926929.4798331119,1.926929
2026-06-28T04:16:44,ul,ue7,684278,1891491.640757189,1.891492
2026-06-28T04:16:44,ul,ue8,684290,1913640.351810665,1.913640
2026-06-28T04:16:44,ul,ue9,685029,1922499.7704922962,1.922500
2026-06-28T04:16:44,ul,ue10,685041,1909210.6424698497,1.909211
2026-06-28T04:16:44,ul,ue11,685053,1873772.8033939267,1.873773
2026-06-28T04:16:44,ul,ue12,685065,1962367.3189090348,1.962367
2026-06-28T04:16:49,ul,cu_cp,683235,536777.3822049678,0.536777
2026-06-28T04:16:49,ul,cu_up,683262,606188.2473933733,0.606188
2026-06-28T04:16:49,ul,du1,683424,4960563.62742673,4.960564
2026-06-28T04:16:49,ul,du2,684189,5025347.2005944345,5.025347
2026-06-28T04:16:49,ul,du3,684964,5071620.945733604,5.071621
2026-06-28T04:16:49,ul,ue1,683489,1878720.817094083,1.878721
2026-06-28T04:16:49,ul,ue2,683501,1897230.4801361847,1.897230
2026-06-28T04:16:49,ul,ue3,683513,1957386.5138035393,1.957387
2026-06-28T04:16:49,ul,ue4,683525,1975896.176845641,1.975896
2026-06-28T04:16:49,ul,ue5,684254,1901857.8546501016,1.901858
2026-06-28T04:16:49,ul,ue6,684266,1948131.7647757053,1.948132
2026-06-28T04:16:49,ul,ue7,684278,1892603.1056222678,1.892603
2026-06-28T04:16:49,ul,ue8,684290,1938877.0157478715,1.938877
2026-06-28T04:16:49,ul,ue9,685029,1887975.7311083507,1.887976
2026-06-28T04:16:49,ul,ue10,685041,1887975.7311083507,1.887976
2026-06-28T04:16:49,ul,ue11,685053,1878720.817094083,1.878721
2026-06-28T04:16:49,ul,ue12,685065,1929622.2667200374,1.929622
2026-06-28T04:16:55,ul,cu_cp,683235,536159.1197179654,0.536159
2026-06-28T04:16:55,ul,cu_up,683262,614734.1364590612,0.614734
2026-06-28T04:16:55,ul,du1,683424,5014936.764930696,5.014937
2026-06-28T04:16:55,ul,du2,684189,5116621.983670521,5.116622
2026-06-28T04:16:55,ul,du3,684964,5121244.189042976,5.121244
2026-06-28T04:16:55,ul,ue1,683489,1881178.8563046814,1.881179
2026-06-28T04:16:55,ul,ue2,683501,1890423.102076882,1.890423
2026-06-28T04:16:55,ul,ue3,683513,1927399.5902475573,1.927400
2026-06-28T04:16:55,ul,ue4,683525,1927399.5902475573,1.927400
2026-06-28T04:16:55,ul,ue5,684254,1904289.2232761192,1.904289
2026-06-28T04:16:55,ul,ue6,684266,1918155.5094480657,1.918156
2026-06-28T04:16:55,ul,ue7,684278,1885801.0616771365,1.885801
2026-06-28T04:16:55,ul,ue8,684290,1913533.46904832,1.913533
2026-06-28T04:16:55,ul,ue9,685029,1885801.0616771365,1.885801
2026-06-28T04:16:55,ul,ue10,685041,1904289.2232761192,1.904289
2026-06-28T04:16:55,ul,ue11,685053,1867312.9000781537,1.867313
2026-06-28T04:16:55,ul,ue12,685065,1950509.7922462856,1.950510
2026-06-28T04:17:00,ul,cu_cp,683235,528765.4432337112,0.528765
2026-06-28T04:17:00,ul,cu_up,683262,609229.7006197679,0.609230
2026-06-28T04:17:00,ul,du1,683424,5046261.289889918,5.046261
2026-06-28T04:17:00,ul,du2,684189,5184200.040347857,5.184200
2026-06-28T04:17:00,ul,du3,684964,5069251.136490541,5.069251
2026-06-28T04:17:00,ul,ue1,683489,1885163.636074412,1.885164
2026-06-28T04:17:00,ul,ue2,683501,1850679.0307463766,1.850679
2026-06-28T04:17:00,ul,ue3,683513,1896658.5593747234,1.896659
2026-06-28T04:17:00,ul,ue4,683525,1942638.2525759698,1.942638
2026-06-28T04:17:00,ul,ue5,684254,1862173.7894737888,1.862174
2026-06-28T04:17:00,ul,ue6,684266,1931143.3292756581,1.931143
2026-06-28T04:17:00,ul,ue7,684278,1931143.3292756581,1.931143
2026-06-28T04:17:00,ul,ue8,684290,1873668.7127741002,1.873669
2026-06-28T04:17:00,ul,ue9,685029,1919648.4059753465,1.919648
2026-06-28T04:17:00,ul,ue10,685041,1954133.011303382,1.954133
2026-06-28T04:17:00,ul,ue11,685053,1908153.482675035,1.908153
2026-06-28T04:17:00,ul,ue12,685065,1965627.9346036934,1.965628
2026-06-28T04:17:06,ul,cu_cp,683235,540802.3585462603,0.540802
2026-06-28T04:17:06,ul,cu_up,683262,584415.4831033733,0.584415
2026-06-28T04:17:06,ul,du1,683424,5006783.053048024,5.006783
2026-06-28T04:17:06,ul,du2,684189,4971892.422011035,4.971892
2026-06-28T04:17:06,ul,du3,684964,5032950.944206204,5.032951
2026-06-28T04:17:06,ul,ue1,683489,1840472.6573645652,1.840473
2026-06-28T04:17:06,ul,ue2,683501,1857917.808643936,1.857918
2026-06-28T04:17:06,ul,ue3,683513,1918976.1665999817,1.918976
2026-06-28T04:17:06,ul,ue4,683525,1892808.2754418016,1.892808
2026-06-28T04:17:06,ul,ue5,684254,1884085.6998021163,1.884086
2026-06-28T04:17:06,ul,ue6,684266,1918976.1665999817,1.918976
2026-06-28T04:17:06,ul,ue7,684278,1918976.1665999817,1.918976
2026-06-28T04:17:06,ul,ue8,684290,1901531.015320611,1.901531
2026-06-28T04:17:06,ul,ue9,685029,1857917.808643936,1.857918
2026-06-28T04:17:06,ul,ue10,685041,1849195.0687651264,1.849195
2026-06-28T04:17:06,ul,ue11,685053,1892808.2754418016,1.892808
2026-06-28T04:17:06,ul,ue12,685065,1945144.057758162,1.945144
2026-06-28T04:17:12,ul,cu_cp,683235,536768.9302647024,0.536769
2026-06-28T04:17:12,ul,cu_up,683262,600333.6838916301,0.600334
2026-06-28T04:17:12,ul,du1,683424,4972175.371318281,4.972175
2026-06-28T04:17:12,ul,du2,684189,4979238.2403317215,4.979238
2026-06-28T04:17:12,ul,du3,684964,5021614.469033253,5.021614
2026-06-28T04:17:12,ul,ue1,683489,1843377.6088361263,1.843378
2026-06-28T04:17:12,ul,ue2,683501,1864565.7231868922,1.864566
2026-06-28T04:17:12,ul,ue3,683513,1921067.8541451574,1.921068
2026-06-28T04:17:12,ul,ue4,683525,1928130.558928746,1.928131
2026-06-28T04:17:12,ul,ue5,684254,1871628.5922003328,1.871629
2026-06-28T04:17:12,ul,ue6,684266,1871628.5922003328,1.871629
2026-06-28T04:17:12,ul,ue7,684278,1963444.2470765412,1.963444
2026-06-28T04:17:12,ul,ue8,684290,1885754.00176751,1.885754
2026-06-28T04:17:12,ul,ue9,685029,1843377.6088361263,1.843378
2026-06-28T04:17:12,ul,ue10,685041,1857503.0184033036,1.857503
2026-06-28T04:17:12,ul,ue11,685053,1892816.7065510987,1.892817
2026-06-28T04:17:12,ul,ue12,685065,1970506.9518601298,1.970507
2026-06-28T04:17:17,ul,cu_cp,683235,531978.070836179,0.531978
2026-06-28T04:17:17,ul,cu_up,683262,618579.1866929216,0.618579
2026-06-28T04:17:17,ul,du1,683424,5014615.264651436,5.014615
2026-06-28T04:17:17,ul,du2,684189,5047605.819986207,5.047606
2026-06-28T04:17:17,ul,du3,684964,5084720.81389894,5.084721
2026-06-28T04:17:17,ul,ue1,683489,1880480.6416894733,1.880481
2026-06-28T04:17:17,ul,ue2,683501,1876356.8635500348,1.876357
2026-06-28T04:17:17,ul,ue3,683513,1950586.1909369766,1.950586
2026-06-28T04:17:17,ul,ue4,683525,1954710.1341860462,1.954710
2026-06-28T04:17:17,ul,ue5,684254,1917595.3053829444,1.917595
2026-06-28T04:17:17,ul,ue6,684266,1917595.3053829444,1.917595
2026-06-28T04:17:17,ul,ue7,684278,1929966.970020522,1.929967
2026-06-28T04:17:17,ul,ue8,684290,1917595.3053829444,1.917595
2026-06-28T04:17:17,ul,ue9,685029,1892852.306327051,1.892852
2026-06-28T04:17:17,ul,ue10,685041,1896976.0844664895,1.896976
2026-06-28T04:17:17,ul,ue11,685053,1892852.306327051,1.892852
2026-06-28T04:17:17,ul,ue12,685065,1975329.5202121318,1.975330
2026-06-28T04:17:23,ul,cu_cp,683235,533176.564731288,0.533177
2026-06-28T04:17:23,ul,cu_up,683262,611102.3346131801,0.611102
2026-06-28T04:17:23,ul,du1,683424,4966745.063413238,4.966745
2026-06-28T04:17:23,ul,du2,684189,4995454.507817459,4.995455
2026-06-28T04:17:23,ul,du3,684964,5069278.934371376,5.069279
2026-06-28T04:17:23,ul,ue1,683489,1886624.837078762,1.886625
2026-06-28T04:17:23,ul,ue2,683501,1804597.6416521072,1.804598
2026-06-28T04:17:23,ul,ue3,683513,1890726.1392983436,1.890726
2026-06-28T04:17:23,ul,ue4,683525,1948145.1925403595,1.948145
2026-06-28T04:17:23,ul,ue5,684254,1870219.2993332862,1.870219
2026-06-28T04:17:23,ul,ue6,684266,1911232.8148298264,1.911233
2026-06-28T04:17:23,ul,ue7,684278,1952246.494759941,1.952246
2026-06-28T04:17:23,ul,ue8,684290,1935841.12144804,1.935841
2026-06-28T04:17:23,ul,ue9,685029,1853813.9260213852,1.853814
2026-06-28T04:17:23,ul,ue10,685041,1894827.6059515,1.894828
2026-06-28T04:17:23,ul,ue11,685053,1866117.9971137047,1.866118
2026-06-28T04:17:23,ul,ue12,685065,1956347.7969795228,1.956348
2026-06-28T04:17:28,ul,cu_cp,683235,545529.9328477669,0.545530
2026-06-28T04:17:28,ul,cu_up,683262,617421.4910554504,0.617421
2026-06-28T04:17:28,ul,du1,683424,5045094.822756119,5.045095
2026-06-28T04:17:28,ul,du2,684189,5095841.7855599215,5.095842
2026-06-28T04:17:28,ul,du3,684964,5150817.717068634,5.150818
2026-06-28T04:17:28,ul,ue1,683489,1907240.4046750641,1.907240
2026-06-28T04:17:28,ul,ue2,683501,1886095.7265642928,1.886096
2026-06-28T04:17:28,ul,ue3,683513,1932613.8860769654,1.932614
2026-06-28T04:17:28,ul,ue4,683525,2004505.3615777588,2.004505
2026-06-28T04:17:28,ul,ue5,684254,1911469.3733799744,1.911469
2026-06-28T04:17:28,ul,ue6,684266,1953758.3987739563,1.953758
2026-06-28T04:17:28,ul,ue7,684278,1936842.6893680955,1.936843
2026-06-28T04:17:28,ul,ue8,684290,1949529.430069046,1.949529
2026-06-28T04:17:28,ul,ue9,685029,1873408.9858633422,1.873409
2026-06-28T04:17:28,ul,ue10,685041,1864951.213867302,1.864951
2026-06-28T04:17:28,ul,ue11,685053,1903011.435970154,1.903011
2026-06-28T04:17:28,ul,ue12,685065,1987589.817585678,1.987590
2026-06-28T04:17:34,ul,cu_cp,683235,541884.0971797943,0.541884
2026-06-28T04:17:34,ul,cu_up,683262,611356.4639208984,0.611356
2026-06-28T04:17:34,ul,du1,683424,4992744.345232544,4.992744
2026-06-28T04:17:34,ul,du2,684189,5048322.205588989,5.048322
2026-06-28T04:17:34,ul,du3,684964,5099268.687703857,5.099269
2026-06-28T04:17:34,ul,ue1,683489,1880384.1652716065,1.880384
2026-06-28T04:17:34,ul,ue2,683501,1857226.7785171508,1.857227
2026-06-28T04:17:34,ul,ue3,683513,1922067.5605389404,1.922068
2026-06-28T04:17:34,ul,ue4,683525,1996171.429408264,1.996171
2026-06-28T04:17:34,ul,ue5,684254,1912804.6388735962,1.912805
2026-06-28T04:17:34,ul,ue6,684266,1959119.4123825072,1.959119
2026-06-28T04:17:34,ul,ue7,684278,1935962.0256280517,1.935962
2026-06-28T04:17:34,ul,ue8,684290,1908173.095449829,1.908173
2026-06-28T04:17:34,ul,ue9,685029,1857226.7785171508,1.857227
2026-06-28T04:17:34,ul,ue10,685041,1834069.3917626953,1.834069
2026-06-28T04:17:34,ul,ue11,685053,1926699.1039627076,1.926699
2026-06-28T04:17:34,ul,ue12,685065,1945225.112475586,1.945225
2026-06-28T04:17:40,ul,cu_cp,683235,544260.8680546931,0.544261
2026-06-28T04:17:40,ul,cu_up,683262,609386.0948298651,0.609386
2026-06-28T04:17:40,ul,du1,683424,4972776.495456584,4.972776
2026-06-28T04:17:40,ul,du2,684189,5033249.74610894,5.033250
2026-06-28T04:17:40,ul,du3,684964,5168152.299796214,5.168152
2026-06-28T04:17:40,ul,ue1,683489,1870024.5400875271,1.870025
2026-06-28T04:17:40,ul,ue2,683501,1874676.2268440758,1.874676
2026-06-28T04:17:40,ul,ue3,683513,1935149.6428485846,1.935150
2026-06-28T04:17:40,ul,ue4,683525,1967712.2769051897,1.967712
2026-06-28T04:17:40,ul,ue5,684254,1921194.4172267853,1.921194
2026-06-28T04:17:40,ul,ue6,684266,1939801.4949572862,1.939801
2026-06-28T04:17:40,ul,ue7,684278,1902587.0087919796,1.902587
2026-06-28T04:17:40,ul,ue8,684290,1939801.4949572862,1.939801
2026-06-28T04:17:40,ul,ue9,685029,1879328.0789527774,1.879328
2026-06-28T04:17:40,ul,ue10,685041,1883979.9310614788,1.883980
2026-06-28T04:17:40,ul,ue11,685053,1911890.7130093826,1.911891
2026-06-28T04:17:40,ul,ue12,685065,1977015.9811225927,1.977016
2026-06-28T04:17:45,ul,cu_cp,683235,540428.1097554114,0.540428
2026-06-28T04:17:45,ul,cu_up,683262,624287.6090712213,0.624288
2026-06-28T04:17:45,ul,du1,683424,4998959.942827494,4.998960
2026-06-28T04:17:45,ul,du2,684189,5106113.26247633,5.106113
2026-06-28T04:17:45,ul,du3,684964,5162020.11946446,5.162020
2026-06-28T04:17:45,ul,ue1,683489,1896157.1854500056,1.896157
2026-06-28T04:17:45,ul,ue2,683501,1854227.539235046,1.854228
2026-06-28T04:17:45,ul,ue3,683513,1942745.736413976,1.942746
2026-06-28T04:17:45,ul,ue4,683525,1989334.452886659,1.989334
2026-06-28T04:17:45,ul,ue5,684254,1947404.6411629869,1.947405
2026-06-28T04:17:45,ul,ue6,684266,1947404.6411629869,1.947405
2026-06-28T04:17:45,ul,ue7,684278,1961381.3554100192,1.961381
2026-06-28T04:17:45,ul,ue8,684290,1952063.5459119976,1.952064
2026-06-28T04:17:45,ul,ue9,685029,1896157.1854500056,1.896157
2026-06-28T04:17:45,ul,ue10,685041,1891498.2807009947,1.891498
2026-06-28T04:17:45,ul,ue11,685053,1896157.1854500056,1.896157
2026-06-28T04:17:45,ul,ue12,685065,2007969.9063739895,2.007970
2026-06-28T04:17:51,ul,cu_cp,683235,543263.5069770527,0.543264
2026-06-28T04:17:51,ul,cu_up,683262,615015.2450325573,0.615015
2026-06-28T04:17:51,ul,du1,683424,5022625.043810835,5.022625
2026-06-28T04:17:51,ul,du2,684189,5145627.952674094,5.145628
2026-06-28T04:17:51,ul,du3,684964,5094376.081150074,5.094376
2026-06-28T04:17:51,ul,ue1,683489,1855296.1835959626,1.855296
2026-06-28T04:17:51,ul,ue2,683501,1886046.9108117772,1.886047
2026-06-28T04:17:51,ul,ue3,683513,1968048.8500539493,1.968049
2026-06-28T04:17:51,ul,ue4,683525,1947548.3652434063,1.947548
2026-06-28T04:17:51,ul,ue5,684254,1937298.1228381349,1.937298
2026-06-28T04:17:51,ul,ue6,684266,1927047.7155584479,1.927048
2026-06-28T04:17:51,ul,ue7,684278,1937298.1228381349,1.937298
2026-06-28T04:17:51,ul,ue8,684290,1947548.3652434063,1.947548
2026-06-28T04:17:51,ul,ue9,685029,1886046.9108117772,1.886047
2026-06-28T04:17:51,ul,ue10,685041,1896296.9883426332,1.896297
2026-06-28T04:17:51,ul,ue11,685053,1886046.9108117772,1.886047
2026-06-28T04:17:51,ul,ue12,685065,1968048.8500539493,1.968049
2026-06-28T04:17:56,ul,cu_cp,683235,541127.500058865,0.541128
2026-06-28T04:17:56,ul,cu_up,683262,604789.5661367789,0.604790
2026-06-28T04:17:56,ul,du1,683424,5053175.730025492,5.053176
2026-06-28T04:17:56,ul,du2,684189,5077049.266619175,5.077049
2026-06-28T04:17:56,ul,du3,684964,4981556.1058989,4.981556
2026-06-28T04:17:56,ul,ue1,683489,1862115.1555636667,1.862115
2026-06-28T04:17:56,ul,ue2,683501,1862115.1555636667,1.862115
2026-06-28T04:17:56,ul,ue3,683513,1893946.2091370916,1.893946
2026-06-28T04:17:56,ul,ue4,683525,1909861.735923804,1.909862
2026-06-28T04:17:56,ul,ue5,684254,1909861.735923804,1.909862
2026-06-28T04:17:56,ul,ue6,684266,1901903.8903925763,1.901904
2026-06-28T04:17:56,ul,ue7,684278,1885988.5278816067,1.885989
2026-06-28T04:17:56,ul,ue8,684290,1917819.4171792888,1.917819
2026-06-28T04:17:56,ul,ue9,685029,1854157.474308182,1.854157
2026-06-28T04:17:56,ul,ue10,685041,1885988.5278816067,1.885989
2026-06-28T04:17:56,ul,ue11,685053,1878030.6823503792,1.878031
2026-06-28T04:17:56,ul,ue12,685065,1965565.9975394262,1.965566
2026-06-28T04:18:02,ul,cu_cp,683235,548961.9510658452,0.548962
2026-06-28T04:18:02,ul,cu_up,683262,595260.0149346968,0.595260
2026-06-28T04:18:02,ul,du1,683424,5059709.776791222,5.059710
2026-06-28T04:18:02,ul,du2,684189,5092780.104888766,5.092780
2026-06-28T04:18:02,ul,du3,684964,5086165.907446687,5.086166
2026-06-28T04:18:02,ul,ue1,683489,1851919.9183026694,1.851920
2026-06-28T04:18:02,ul,ue2,683501,1884990.081622001,1.884990
2026-06-28T04:18:02,ul,ue3,683513,1951129.9139260268,1.951130
2026-06-28T04:18:02,ul,ue4,683525,1957743.9465898932,1.957744
2026-06-28T04:18:02,ul,ue5,684254,1891603.9495076549,1.891604
2026-06-28T04:18:02,ul,ue6,684266,1931287.9807126403,1.931288
2026-06-28T04:18:02,ul,ue7,684278,1918059.9153849077,1.918060
2026-06-28T04:18:02,ul,ue8,684290,1944516.046040373,1.944516
2026-06-28T04:18:02,ul,ue9,685029,1865147.983630402,1.865148
2026-06-28T04:18:02,ul,ue10,685041,1878376.0489581346,1.878376
2026-06-28T04:18:02,ul,ue11,685053,1898217.9821715213,1.898218
2026-06-28T04:18:02,ul,ue12,685065,1990813.9451310122,1.990814
2026-06-28T04:18:07,ul,cu_cp,683235,535712.1059601873,0.535712
2026-06-28T04:18:07,ul,cu_up,683262,614008.4862326414,0.614008
2026-06-28T04:18:07,ul,du1,683424,5048056.087824392,5.048056
2026-06-28T04:18:07,ul,du2,684189,5105748.400793374,5.105748
2026-06-28T04:18:07,ul,du3,684964,5056297.846819961,5.056298
2026-06-28T04:18:07,ul,ue1,683489,1883234.006036681,1.883234
2026-06-28T04:18:07,ul,ue2,683501,1879113.1265388965,1.879113
2026-06-28T04:18:07,ul,ue3,683513,1945046.8683179975,1.945047
2026-06-28T04:18:07,ul,ue4,683525,1990376.3777009011,1.990376
2026-06-28T04:18:07,ul,ue5,684254,1928563.5154195845,1.928564
2026-06-28T04:18:07,ul,ue6,684266,1978013.9043002725,1.978014
2026-06-28T04:18:07,ul,ue7,684278,1932684.394917369,1.932684
2026-06-28T04:18:07,ul,ue8,684290,1936805.1093224287,1.936805
2026-06-28T04:18:07,ul,ue9,685029,1891475.7650322497,1.891476
2026-06-28T04:18:07,ul,ue10,685041,1903838.4035256028,1.903838
2026-06-28T04:18:07,ul,ue11,685053,1891475.7650322497,1.891476
2026-06-28T04:18:07,ul,ue12,685065,1998618.1366964697,1.998618
2026-06-28T04:18:13,ul,cu_cp,683235,540362.4453125,0.540362
2026-06-28T04:18:13,ul,cu_up,683262,610485.8016018044,0.610486
2026-06-28T04:18:13,ul,du1,683424,5032382.854412713,5.032383
2026-06-28T04:18:13,ul,du2,684189,5090131.782078046,5.090132
2026-06-28T04:18:13,ul,du3,684964,5123131.027967782,5.123131
2026-06-28T04:18:13,ul,ue1,683489,1847956.9452975155,1.847957
2026-06-28T04:18:13,ul,ue2,683501,1893331.0320750498,1.893331
2026-06-28T04:18:13,ul,ue3,683513,1963454.47081712,1.963454
2026-06-28T04:18:13,ul,ue4,683525,1971704.1998367882,1.971704
2026-06-28T04:18:13,ul,ue5,684254,1889206.0851124502,1.889206
2026-06-28T04:18:13,ul,ue6,684266,1955204.5768919205,1.955205
2026-06-28T04:18:13,ul,ue7,684278,1979953.9288564562,1.979954
2026-06-28T04:18:13,ul,ue8,684290,1946954.682966721,1.946955
2026-06-28T04:18:13,ul,ue9,685029,1860331.7861853146,1.860332
2026-06-28T04:18:13,ul,ue10,685041,1901580.761094718,1.901581
2026-06-28T04:18:13,ul,ue11,685053,1864456.7331479145,1.864457
2026-06-28T04:18:13,ul,ue12,685065,2000578.4987639235,2.000578
2026-06-28T04:18:19,ul,cu_cp,683235,536233.6984135843,0.536234
2026-06-28T04:18:19,ul,cu_up,683262,610954.7787459451,0.610955
2026-06-28T04:18:19,ul,du1,683424,5001917.388566356,5.001917
2026-06-28T04:18:19,ul,du2,684189,5133778.336943512,5.133778
2026-06-28T04:18:19,ul,du3,684964,5028289.578241787,5.028290
2026-06-28T04:18:19,ul,ue1,683489,1868027.1320570493,1.868027
2026-06-28T04:18:19,ul,ue2,683501,1872422.4970029546,1.872422
2026-06-28T04:18:19,ul,ue3,683513,1942748.3361374377,1.942748
2026-06-28T04:18:19,ul,ue4,683525,1947143.701083343,1.947144
2026-06-28T04:18:19,ul,ue5,684254,1911980.7815161014,1.911981
2026-06-28T04:18:19,ul,ue6,684266,1960329.7959210586,1.960330
2026-06-28T04:18:19,ul,ue7,684278,1960329.7959210586,1.960330
2026-06-28T04:18:19,ul,ue8,684290,1982306.4556532144,1.982306
2026-06-28T04:18:19,ul,ue9,685029,1868027.1320570493,1.868027
2026-06-28T04:18:19,ul,ue10,685041,1920771.5114079118,1.920772
2026-06-28T04:18:19,ul,ue11,685053,1854841.202216704,1.854841
2026-06-28T04:18:19,ul,ue12,685065,1955934.4309751533,1.955934
2026-06-28T04:18:24,ul,cu_cp,683235,541422.5118630624,0.541423
2026-06-28T04:18:24,ul,cu_up,683262,610835.6893163943,0.610836
2026-06-28T04:18:24,ul,du1,683424,5039393.99338541,5.039394
2026-06-28T04:18:24,ul,du2,684189,5094924.7993703075,5.094925
2026-06-28T04:18:24,ul,du3,684964,5071787.21106411,5.071787
2026-06-28T04:18:24,ul,ue1,683489,1878782.3683220006,1.878782
2026-06-28T04:18:24,ul,ue2,683501,1874154.8836635398,1.874155
2026-06-28T04:18:24,ul,ue3,683513,1966705.7319300175,1.966706
2026-06-28T04:18:24,ul,ue4,683525,1966705.7319300175,1.966706
2026-06-28T04:18:24,ul,ue5,684254,1906547.6063005542,1.906548
2026-06-28T04:18:24,ul,ue6,684266,2045373.9612072182,2.045374
2026-06-28T04:18:24,ul,ue7,684278,1929685.3596206475,1.929685
2026-06-28T04:18:24,ul,ue8,684290,2022236.207887125,2.022236
2026-06-28T04:18:24,ul,ue9,685029,1874154.8836635398,1.874155
2026-06-28T04:18:24,ul,ue10,685041,1934312.844279108,1.934313
2026-06-28T04:18:24,ul,ue11,685053,1892664.9873112773,1.892665
2026-06-28T04:18:24,ul,ue12,685065,1934312.844279108,1.934313
2026-06-28T04:18:30,ul,cu_cp,683235,537980.5646630073,0.537981
2026-06-28T04:18:30,ul,cu_up,683262,612184.8032726264,0.612185
2026-06-28T04:18:30,ul,du1,683424,4980958.194616833,4.980958
2026-06-28T04:18:30,ul,du2,684189,5110815.281670203,5.110815
2026-06-28T04:18:30,ul,du3,684964,5120090.811496406,5.120091
2026-06-28T04:18:30,ul,ue1,683489,1855105.469470284,1.855105
2026-06-28T04:18:30,ul,ue2,683501,1882932.0589488912,1.882932
2026-06-28T04:18:30,ul,ue3,683513,1984962.8870371175,1.984963
2026-06-28T04:18:30,ul,ue4,683525,1966411.8273847126,1.966412
2026-06-28T04:18:30,ul,ue5,684254,1915396.4133405995,1.915396
2026-06-28T04:18:30,ul,ue6,684266,2059166.960390005,2.059167
2026-06-28T04:18:30,ul,ue7,684278,1957136.2975585102,1.957136
2026-06-28T04:18:30,ul,ue8,684290,2035978.3010812306,2.035978
2026-06-28T04:18:30,ul,ue9,685029,1901483.1186012959,1.901483
2026-06-28T04:18:30,ul,ue10,685041,1929309.7080799032,1.929310
2026-06-28T04:18:30,ul,ue11,685053,1906120.883514397,1.906121
2026-06-28T04:18:30,ul,ue12,685065,2012789.4765157246,2.012789
2026-06-28T04:18:35,ul,cu_cp,683235,532456.8223509229,0.532457
2026-06-28T04:18:35,ul,cu_up,683262,611167.8000629508,0.611168
2026-06-28T04:18:35,ul,du1,683424,4921752.870947485,4.921753
2026-06-28T04:18:35,ul,du2,684189,5046764.685516729,5.046765
2026-06-28T04:18:35,ul,du3,684964,5097694.765607548,5.097695
2026-06-28T04:18:35,ul,ue1,683489,1865913.7882354641,1.865914
2026-06-28T04:18:35,ul,ue2,683501,1865913.7882354641,1.865914
2026-06-28T04:18:35,ul,ue3,683513,1944624.765947492,1.944625
2026-06-28T04:18:35,ul,ue4,683525,1958515.1323608302,1.958515
2026-06-28T04:18:35,ul,ue5,684254,1912214.295503614,1.912214
2026-06-28T04:18:35,ul,ue6,684266,2000185.5724227119,2.000186
2026-06-28T04:18:35,ul,ue7,684278,1967775.1019788338,1.967775
2026-06-28T04:18:35,ul,ue8,684290,2000185.5724227119,2.000186
2026-06-28T04:18:35,ul,ue9,685029,1865913.7882354641,1.865914
2026-06-28T04:18:35,ul,ue10,685041,1884434.0570605374,1.884434
2026-06-28T04:18:35,ul,ue11,685053,1884434.0570605374,1.884434
2026-06-28T04:18:35,ul,ue12,685065,2000185.5724227119,2.000186
2026-06-28T04:18:41,ul,cu_cp,683235,612921.2067041678,0.612921
2026-06-28T04:18:41,ul,cu_up,683262,704859.4083198577,0.704859
2026-06-28T04:18:41,ul,du1,683424,5526506.26187273,5.526506
2026-06-28T04:18:41,ul,du2,684189,5638875.266558861,5.638875
2026-06-28T04:18:41,ul,du3,684964,5516291.364139094,5.516291
2026-06-28T04:18:41,ul,ue1,683489,2104362.9150246405,2.104363
2026-06-28T04:18:41,ul,ue2,683501,2124793.6264947937,2.124794
2026-06-28T04:18:41,ul,ue3,683513,2237162.447980349,2.237162
2026-06-28T04:18:41,ul,ue4,683525,2226947.1838455605,2.226947
2026-06-28T04:18:41,ul,ue5,684254,2155439.6020997358,2.155440
2026-06-28T04:18:41,ul,ue6,684266,2196301.0250400426,2.196301
2026-06-28T04:18:41,ul,ue7,684278,2175870.313569889,2.175870
2026-06-28T04:18:41,ul,ue8,684290,2145224.3379649473,2.145224
2026-06-28T04:18:41,ul,ue9,685029,2124793.6264947937,2.124794
2026-06-28T04:18:41,ul,ue10,685041,2175870.313569889,2.175870
2026-06-28T04:18:41,ul,ue11,685053,2155439.6020997358,2.155440
2026-06-28T04:18:41,ul,ue12,685065,2247377.8953157137,2.247378
2026-06-28T04:18:46,ul,cu_cp,683235,594474.7211322382,0.594475
2026-06-28T04:18:46,ul,cu_up,683262,682842.5317730292,0.682843
2026-06-28T04:18:46,ul,du1,683424,5462740.254184234,5.462740
2026-06-28T04:18:46,ul,du2,684189,5567174.700393891,5.567175
2026-06-28T04:18:46,ul,du3,684964,5567174.700393891,5.567175
2026-06-28T04:18:46,ul,ue1,683489,2048527.5499738455,2.048528
2026-06-28T04:18:46,ul,ue2,683501,2088694.728384161,2.088695
2026-06-28T04:18:46,ul,ue3,683513,2217229.808125752,2.217230
2026-06-28T04:18:46,ul,ue4,683525,2193129.537355757,2.193130
2026-06-28T04:18:46,ul,ue5,684254,2072628.0021248101,2.072628
2026-06-28T04:18:46,ul,ue6,684266,2160995.903456086,2.160996
2026-06-28T04:18:46,ul,ue7,684278,2169029.266585761,2.169029
2026-06-28T04:18:46,ul,ue8,684290,2144928.8144347966,2.144929
2026-06-28T04:18:46,ul,ue9,685029,2088694.728384161,2.088695
2026-06-28T04:18:46,ul,ue10,685041,2128862.088175446,2.128862
2026-06-28T04:18:46,ul,ue11,685053,2128862.088175446,2.128862
2026-06-28T04:18:46,ul,ue12,685065,2201163.0818664012,2.201163
2026-06-28T04:18:52,ul,cu_cp,683235,602006.9526479942,0.602007
2026-06-28T04:18:52,ul,cu_up,683262,663978.292122386,0.663978
2026-06-28T04:18:52,ul,du1,683424,5387077.351450806,5.387077
2026-06-28T04:18:52,ul,du2,684189,5519872.669884682,5.519873
2026-06-28T04:18:52,ul,du3,684964,5511019.314629903,5.511019
2026-06-28T04:18:52,ul,ue1,683489,1965375.6158437193,1.965376
2026-06-28T04:18:52,ul,ue2,683501,2076038.7987375997,2.076039
2026-06-28T04:18:52,ul,ue3,683513,2204407.9763713516,2.204408
2026-06-28T04:18:52,ul,ue4,683525,2191128.3013740266,2.191128
2026-06-28T04:18:52,ul,ue5,684254,2084891.7961075353,2.084892
2026-06-28T04:18:52,ul,ue6,684266,2142436.457954538,2.142436
2026-06-28T04:18:52,ul,ue7,684278,2142436.457954538,2.142436
2026-06-28T04:18:52,ul,ue8,684290,2199981.298743962,2.199981
2026-06-28T04:18:52,ul,ue9,685029,2053906.1263703394,2.053906
2026-06-28T04:18:52,ul,ue10,685041,2120303.964529699,2.120304
2026-06-28T04:18:52,ul,ue11,685053,2036200.1316304684,2.036200
2026-06-28T04:18:52,ul,ue12,685065,2177848.8053191234,2.177849
2026-06-28T04:18:58,ul,cu_cp,683235,599844.4352713394,0.599844
2026-06-28T04:18:58,ul,cu_up,683262,617486.871930964,0.617487
2026-06-28T04:18:58,ul,du1,683424,5261870.349244309,5.261870
2026-06-28T04:18:58,ul,du2,684189,5433884.967299538,5.433885
2026-06-28T04:18:58,ul,du3,684964,5372136.130048943,5.372136
2026-06-28T04:18:58,ul,ue1,683489,1825997.0932071304,1.825997
2026-06-28T04:18:58,ul,ue2,683501,1878924.491455121,1.878924
2026-06-28T04:18:58,ul,ue3,683513,2342039.535066948,2.342040
2026-06-28T04:18:58,ul,ue4,683525,2342039.535066948,2.342040
2026-06-28T04:18:58,ul,ue5,684254,2059760.0188982533,2.059760
2026-06-28T04:18:58,ul,ue6,684266,2147972.290465493,2.147972
2026-06-28T04:18:58,ul,ue7,684278,2117097.8718401957,2.117098
2026-06-28T04:18:58,ul,ue8,684290,2174436.0778586054,2.174436
2026-06-28T04:18:58,ul,ue9,685029,1900977.6476160479,1.900978
2026-06-28T04:18:58,ul,ue10,685041,2240595.369803152,2.240595
2026-06-28T04:18:58,ul,ue11,685053,1852460.7040620088,1.852461
2026-06-28T04:18:58,ul,ue12,685065,2342039.535066948,2.342040
2026-06-28T04:19:03,ul,cu_cp,683235,603513.1726074886,0.603513
2026-06-28T04:19:03,ul,cu_up,683262,594766.5793861413,0.594767
2026-06-28T04:19:03,ul,du1,683424,5265433.282261798,5.265433
2026-06-28T04:19:03,ul,du2,684189,5396631.828648913,5.396632
2026-06-28T04:19:03,ul,du3,684964,5370392.400917966,5.370392
2026-06-28T04:19:03,ul,ue1,683489,1814912.638466592,1.814913
2026-06-28T04:19:03,ul,ue2,683501,1793046.1554132234,1.793046
2026-06-28T04:19:03,ul,ue3,683513,2374693.0209338916,2.374693
2026-06-28T04:19:03,ul,ue4,683525,2330960.054827155,2.330960
2026-06-28T04:19:03,ul,ue5,684254,1867392.021828128,1.867392
2026-06-28T04:19:03,ul,ue6,684266,2164775.3115211986,2.164775
2026-06-28T04:19:03,ul,ue7,684278,2142909.0044343784,2.142909
2026-06-28T04:19:03,ul,ue8,684290,2151655.421689178,2.151655
2026-06-28T04:19:03,ul,ue9,685029,1793046.1554132234,1.793046
2026-06-28T04:19:03,ul,ue10,685041,2348453.065303302,2.348453
2026-06-28T04:19:03,ul,ue11,685053,1806166.2212117922,1.806166
2026-06-28T04:19:03,ul,ue12,685065,2396559.3280207124,2.396559
