timestamp,phase,component,pid,microwatts,watts
2026-06-28T05:29:46,idle,cu_cp,801643,461708.5736099282,0.461709
2026-06-28T05:29:46,idle,cu_up,801670,446318.3152775472,0.446318
2026-06-28T05:29:46,idle,du1,801832,3862961.6812082026,3.862962
2026-06-28T05:29:46,idle,du2,802596,3755229.7654504273,3.755230
2026-06-28T05:29:46,idle,du3,803363,3839876.598097773,3.839877
2026-06-28T05:29:46,idle,ue1,801897,1077320.0170266223,1.077320
2026-06-28T05:29:46,idle,ue2,801909,1000368.6179336089,1.000369
2026-06-28T05:29:46,idle,ue3,801921,1069624.869955247,1.069625
2026-06-28T05:29:46,idle,ue4,801933,1054234.5758124965,1.054235
2026-06-28T05:29:46,idle,ue5,802659,1061929.7945046108,1.061930
2026-06-28T05:29:46,idle,ue6,802671,1077320.0170266223,1.077320
2026-06-28T05:29:46,idle,ue7,802683,1077320.0170266223,1.077320
2026-06-28T05:29:46,idle,ue8,802695,1092710.3111693729,1.092710
2026-06-28T05:29:46,idle,ue9,803426,1015758.9120763594,1.015759
2026-06-28T05:29:46,idle,ue10,803438,1092710.3111693729,1.092710
2026-06-28T05:29:46,idle,ue11,803450,1077320.0170266223,1.077320
2026-06-28T05:29:46,idle,ue12,803462,1015758.9120763594,1.015759
2026-06-28T05:29:51,idle,cu_cp,801643,474858.0752024156,0.474858
2026-06-28T05:29:51,idle,cu_up,801670,455863.73645539733,0.455864
2026-06-28T05:29:51,idle,du1,801832,3817859.1907582786,3.817859
2026-06-28T05:29:51,idle,du2,802596,3843184.8326731967,3.843185
2026-06-28T05:29:51,idle,du3,803363,3767207.6207662295,3.767208
2026-06-28T05:29:51,idle,ue1,801897,1095339.3068211419,1.095339
2026-06-28T05:29:51,idle,ue2,801909,1101670.7172998714,1.101671
2026-06-28T05:29:51,idle,ue3,801921,1076345.075384953,1.076345
2026-06-28T05:29:51,idle,ue4,801933,1051019.2903889287,1.051019
2026-06-28T05:29:51,idle,ue5,802659,1089007.8248018592,1.089008
2026-06-28T05:29:51,idle,ue6,802671,1063682.182886941,1.063682
2026-06-28T05:29:51,idle,ue7,802683,1076345.075384953,1.076345
2026-06-28T05:29:51,idle,ue8,802695,1089007.8248018592,1.089008
2026-06-28T05:29:51,idle,ue9,803426,1038356.3263503634,1.038356
2026-06-28T05:29:51,idle,ue10,803438,1095339.3068211419,1.095339
2026-06-28T05:29:51,idle,ue11,803450,1082676.4143231297,1.082676
2026-06-28T05:29:51,idle,ue12,803462,1063682.182886941,1.063682
2026-06-28T05:29:57,idle,cu_cp,801643,471040.15882380365,0.471040
2026-06-28T05:29:57,idle,cu_up,801670,467360.1564550102,0.467360
2026-06-28T05:29:57,idle,du1,801832,3819841.0149900126,3.819841
2026-06-28T05:29:57,idle,du2,802596,3772001.272959223,3.772001
2026-06-28T05:29:57,idle,du3,803363,3860321.3298102664,3.860321
2026-06-28T05:29:57,idle,ue1,801897,1115040.35679002,1.115040
2026-06-28T05:29:57,idle,ue2,801909,1074560.4029241728,1.074560
2026-06-28T05:29:57,idle,ue3,801921,1067200.3981865859,1.067200
2026-06-28T05:29:57,idle,ue4,801933,1092960.342577259,1.092960
2026-06-28T05:29:57,idle,ue5,802659,1129760.3662651938,1.129760
2026-06-28T05:29:57,idle,ue6,802671,1081920.3354708785,1.081920
2026-06-28T05:29:57,idle,ue7,802683,1107680.4242433142,1.107680
2026-06-28T05:29:57,idle,ue8,802695,1085600.4100305534,1.085600
2026-06-28T05:29:57,idle,ue9,803426,1070880.328364498,1.070880
2026-06-28T05:29:57,idle,ue10,803438,1104000.3496836394,1.104000
2026-06-28T05:29:57,idle,ue11,803450,1104000.3496836394,1.104000
2026-06-28T05:29:57,idle,ue12,803462,1063520.323626911,1.063520
2026-06-28T05:30:03,idle,cu_cp,801643,454526.912199018,0.454527
2026-06-28T05:30:03,idle,cu_up,801670,465435.5512085581,0.465436
2026-06-28T05:30:03,idle,du1,801832,3741665.3312836075,3.741665
2026-06-28T05:30:03,idle,du2,802596,3756210.1832963275,3.756210
2026-06-28T05:30:03,idle,du3,803363,3807117.4521423625,3.807117
2026-06-28T05:30:03,idle,ue1,801897,1087228.333254236,1.087228
2026-06-28T05:30:03,idle,ue2,801909,1098137.0439641548,1.098137
2026-06-28T05:30:03,idle,ue3,801921,1076319.6942446958,1.076320
2026-06-28T05:30:03,idle,ue4,801933,1047229.9902192557,1.047230
2026-06-28T05:30:03,idle,ue5,802659,1105409.4699705148,1.105409
2026-06-28T05:30:03,idle,ue6,802671,1047229.9902192557,1.047230
2026-06-28T05:30:03,idle,ue7,802683,1087228.333254236,1.087228
2026-06-28T05:30:03,idle,ue8,802695,1090864.546257416,1.090865
2026-06-28T05:30:03,idle,ue9,803426,1047229.9902192557,1.047230
2026-06-28T05:30:03,idle,ue10,803438,1079955.9072478758,1.079956
2026-06-28T05:30:03,idle,ue11,803450,1079955.9072478758,1.079956
2026-06-28T05:30:03,idle,ue12,803462,1043593.7772160757,1.043594
2026-06-28T05:30:08,idle,cu_cp,801643,470764.1544871703,0.470764
2026-06-28T05:30:08,idle,cu_up,801670,452517.4594590366,0.452517
2026-06-28T05:30:08,idle,du1,801832,3802606.5537987947,3.802607
2026-06-28T05:30:08,idle,du2,802596,3755165.038493395,3.755165
2026-06-28T05:30:08,idle,du3,803363,3813554.4625834227,3.813554
2026-06-28T05:30:08,idle,ue1,801897,1105748.3838404566,1.105748
2026-06-28T05:30:08,idle,ue2,801909,1083852.3498066962,1.083852
2026-06-28T05:30:08,idle,ue3,801921,1076553.5996406078,1.076554
2026-06-28T05:30:08,idle,ue4,801933,1061956.3879277706,1.061956
2026-06-28T05:30:08,idle,ue5,802659,1087501.6527349055,1.087502
2026-06-28T05:30:08,idle,ue6,802671,1094800.330746159,1.094800
2026-06-28T05:30:08,idle,ue7,802683,1058307.0128447264,1.058307
2026-06-28T05:30:08,idle,ue8,802695,1091151.0278179497,1.091151
2026-06-28T05:30:08,idle,ue9,803426,1072904.3688672334,1.072904
2026-06-28T05:30:08,idle,ue10,803438,1072904.3688672334,1.072904
2026-06-28T05:30:08,idle,ue11,803450,1058307.0128447264,1.058307
2026-06-28T05:30:08,idle,ue12,803462,1061956.3879277706,1.061956
2026-06-28T05:30:14,idle,cu_cp,801643,459156.9754319364,0.459157
2026-06-28T05:30:14,idle,cu_up,801670,466873.9099662682,0.466874
2026-06-28T05:30:14,idle,du1,801832,3839169.6981445146,3.839170
2026-06-28T05:30:14,idle,du2,802596,3704123.397738919,3.704123
2026-06-28T05:30:14,idle,du3,803363,3804443.3668678594,3.804443
2026-06-28T05:30:14,idle,ue1,801897,1091944.7441237534,1.091945
2026-06-28T05:30:14,idle,ue2,801909,1080369.324340518,1.080369
2026-06-28T05:30:14,idle,ue3,801921,1076510.8750550896,1.076511
2026-06-28T05:30:14,idle,ue4,801933,1045643.2088447118,1.045643
2026-06-28T05:30:14,idle,ue5,802659,1053360.0354886192,1.053360
2026-06-28T05:30:14,idle,ue6,802671,1107378.5412654674,1.107379
2026-06-28T05:30:14,idle,ue7,802683,1053360.0354886192,1.053360
2026-06-28T05:30:14,idle,ue8,802695,1084227.8455528961,1.084228
2026-06-28T05:30:14,idle,ue9,803426,1026350.8185636699,1.026351
2026-06-28T05:30:14,idle,ue10,803438,1091944.7441237534,1.091945
2026-06-28T05:30:14,idle,ue11,803450,1068793.904557283,1.068794
2026-06-28T05:30:14,idle,ue12,803462,1080369.324340518,1.080369
2026-06-28T05:30:19,idle,cu_cp,801643,466321.0787300384,0.466321
2026-06-28T05:30:19,idle,cu_up,801670,466321.0787300384,0.466321
2026-06-28T05:30:19,idle,du1,801832,3900876.831918368,3.900877
2026-06-28T05:30:19,idle,du2,802596,3763008.16346828,3.763008
2026-06-28T05:30:19,idle,du3,803363,3868437.0091654155,3.868437
2026-06-28T05:30:19,idle,ue1,801897,1107005.698788482,1.107006
2026-06-28T05:30:19,idle,ue2,801909,1119170.4877583492,1.119170
2026-06-28T05:30:19,idle,ue3,801921,1058346.036940298,1.058346
2026-06-28T05:30:19,idle,ue4,801933,1082675.8317237676,1.082676
2026-06-28T05:30:19,idle,ue5,802659,1078620.9261608934,1.078621
2026-06-28T05:30:19,idle,ue6,802671,1078620.9261608934,1.078621
2026-06-28T05:30:19,idle,ue7,802683,1094840.7652561248,1.094841
2026-06-28T05:30:19,idle,ue8,802695,1107005.698788482,1.107006
2026-06-28T05:30:19,idle,ue9,803426,1021851.3809057164,1.021851
2026-06-28T05:30:19,idle,ue10,803438,1070510.9704726553,1.070511
2026-06-28T05:30:19,idle,ue11,803450,1074565.9483167743,1.074566
2026-06-28T05:30:19,idle,ue12,803462,1090785.7874120057,1.090786
2026-06-28T05:30:25,idle,cu_cp,801643,464678.4922644073,0.464678
2026-06-28T05:30:25,idle,cu_up,801670,468719.2032337734,0.468719
2026-06-28T05:30:25,idle,du1,801832,3822485.632959664,3.822486
2026-06-28T05:30:25,idle,du2,802596,3761875.7228528713,3.761876
2026-06-28T05:30:25,idle,du3,803363,3794201.1232044864,3.794201
2026-06-28T05:30:25,idle,ue1,801897,1095025.0205849838,1.095025
2026-06-28T05:30:25,idle,ue2,801909,1086943.5986462515,1.086944
2026-06-28T05:30:25,idle,ue3,801921,1062699.5483825402,1.062700
2026-06-28T05:30:25,idle,ue4,801933,1018252.1228990698,1.018252
2026-06-28T05:30:25,idle,ue5,802659,1038455.4262680006,1.038455
2026-06-28T05:30:25,idle,ue6,802671,1078862.3204091764,1.078862
2026-06-28T05:30:25,idle,ue7,802683,1090984.345541032,1.090984
2026-06-28T05:30:25,idle,ue8,802695,1090984.345541032,1.090984
2026-06-28T05:30:25,idle,ue9,803426,1078862.3204091764,1.078862
2026-06-28T05:30:25,idle,ue10,803438,1078862.3204091764,1.078862
2026-06-28T05:30:25,idle,ue11,803450,1082902.9954531281,1.082903
2026-06-28T05:30:25,idle,ue12,803462,1058658.8733385885,1.058659
2026-06-28T05:30:30,idle,cu_cp,801643,458647.3536064789,0.458647
2026-06-28T05:30:30,idle,cu_up,801670,462706.1547808957,0.462706
2026-06-28T05:30:30,idle,du1,801832,3872120.26185601,3.872120
2026-06-28T05:30:30,idle,du2,802596,3807178.864419725,3.807179
2026-06-28T05:30:30,idle,du3,803363,3811237.4847673867,3.811237
2026-06-28T05:30:30,idle,ue1,801897,1095883.043847828,1.095883
2026-06-28T05:30:30,idle,ue2,801909,1108059.5558671313,1.108060
2026-06-28T05:30:30,idle,ue3,801921,1055294.7427808517,1.055295
2026-06-28T05:30:30,idle,ue4,801933,1043118.3754229522,1.043118
2026-06-28T05:30:30,idle,ue5,802659,1087765.3691682923,1.087765
2026-06-28T05:30:30,idle,ue6,802671,1067471.3271308572,1.067471
2026-06-28T05:30:30,idle,ue7,802683,1083706.6041592264,1.083707
2026-06-28T05:30:30,idle,ue8,802695,1059353.6524513215,1.059354
2026-06-28T05:30:30,idle,ue9,803426,1079647.6944887566,1.079648
2026-06-28T05:30:30,idle,ue10,803438,1071530.092139923,1.071530
2026-06-28T05:30:30,idle,ue11,803450,1087765.3691682923,1.087765
2026-06-28T05:30:30,idle,ue12,803462,1079647.6944887566,1.079648
2026-06-28T05:30:36,idle,cu_cp,801643,461823.82070123253,0.461824
2026-06-28T05:30:36,idle,cu_up,801670,470879.15383904544,0.470879
2026-06-28T05:30:36,idle,du1,801832,3857587.0646281173,3.857587
2026-06-28T05:30:36,idle,du2,802596,3721756.600918844,3.721757
2026-06-28T05:30:36,idle,du3,803363,3776088.67153681,3.776089
2026-06-28T05:30:36,idle,ue1,801897,1068533.5459361852,1.068534
2026-06-28T05:30:36,idle,ue2,801909,1077588.8431784534,1.077589
2026-06-28T05:30:36,idle,ue3,801921,1068533.5459361852,1.068534
2026-06-28T05:30:36,idle,ue4,801933,996090.5936693251,0.996091
2026-06-28T05:30:36,idle,ue5,802659,1059478.1769028276,1.059478
2026-06-28T05:30:36,idle,ue6,802671,1095699.5812451683,1.095700
2026-06-28T05:30:36,idle,ue7,802683,1077588.8431784534,1.077589
2026-06-28T05:30:36,idle,ue8,802695,1086644.2840029001,1.086644
2026-06-28T05:30:36,idle,ue9,803426,1077588.8431784534,1.077589
2026-06-28T05:30:36,idle,ue10,803438,1077588.8431784534,1.077589
2026-06-28T05:30:36,idle,ue11,803450,1104755.022069615,1.104755
2026-06-28T05:30:36,idle,ue12,803462,1050422.7360783808,1.050423
2026-06-28T05:30:41,idle,cu_cp,801643,463401.56925822794,0.463402
2026-06-28T05:30:41,idle,cu_up,801670,456160.90281099826,0.456161
2026-06-28T05:30:41,idle,du1,801832,3808581.3787569525,3.808581
2026-06-28T05:30:41,idle,du2,802596,3779618.85741663,3.779619
2026-06-28T05:30:41,idle,du3,803363,3815822.2979892255,3.815822
2026-06-28T05:30:41,idle,ue1,801897,1093338.069569099,1.093338
2026-06-28T05:30:41,idle,ue2,801909,1093338.069569099,1.093338
2026-06-28T05:30:41,idle,ue3,801921,1071616.034115261,1.071616
2026-06-28T05:30:41,idle,ue4,801933,1042653.4405506402,1.042653
2026-06-28T05:30:41,idle,ue5,802659,1028172.2521047771,1.028172
2026-06-28T05:30:41,idle,ue6,802671,1086097.3670097203,1.086097
2026-06-28T05:30:41,idle,ue7,802683,1086097.3670097203,1.086097
2026-06-28T05:30:41,idle,ue8,802695,1028172.2521047771,1.028172
2026-06-28T05:30:41,idle,ue9,803426,1078856.8088989377,1.078857
2026-06-28T05:30:41,idle,ue10,803438,1093338.069569099,1.093338
2026-06-28T05:30:41,idle,ue11,803450,1093338.069569099,1.093338
2026-06-28T05:30:41,idle,ue12,803462,1093338.069569099,1.093338
2026-06-28T05:30:47,idle,cu_cp,801643,455487.21049132827,0.455487
2026-06-28T05:30:47,idle,cu_up,801670,455487.21049132827,0.455487
2026-06-28T05:30:47,idle,du1,801832,3886824.1189066316,3.886824
2026-06-28T05:30:47,idle,du2,802596,3747141.2014284516,3.747141
2026-06-28T05:30:47,idle,du3,803363,3783580.31158617,3.783580
2026-06-28T05:30:47,idle,ue1,801897,1087096.0863402605,1.087096
2026-06-28T05:30:47,idle,ue2,801909,1087096.0863402605,1.087096
2026-06-28T05:30:47,idle,ue3,801921,1062803.5152983188,1.062804
2026-06-28T05:30:47,idle,ue4,801933,1026364.550051918,1.026365
2026-06-28T05:30:47,idle,ue5,802659,1074949.76459146,1.074950
2026-06-28T05:30:47,idle,ue6,802671,1123535.1240423203,1.123535
2026-06-28T05:30:47,idle,ue7,802683,1081022.9254658604,1.081023
2026-06-28T05:30:47,idle,ue8,802695,1111388.7298378611,1.111389
2026-06-28T05:30:47,idle,ue9,803426,1117461.8907122612,1.117462
2026-06-28T05:30:47,idle,ue10,803438,1099242.4805447196,1.099242
2026-06-28T05:30:47,idle,ue11,803450,1105315.5689634609,1.105316
2026-06-28T05:30:47,idle,ue12,803462,1074949.76459146,1.074950
2026-06-28T05:30:52,idle,cu_cp,801643,465114.4892187357,0.465114
2026-06-28T05:30:52,idle,cu_up,801670,457847.05509611964,0.457847
2026-06-28T05:30:52,idle,du1,801832,3866264.164659309,3.866264
2026-06-28T05:30:52,idle,du2,802596,3706380.9735808372,3.706381
2026-06-28T05:30:52,idle,du3,803363,3797223.630399227,3.797224
2026-06-28T05:30:52,idle,ue1,801897,1093745.8326343894,1.093746
2026-06-28T05:30:52,idle,ue2,801909,1090112.0975921273,1.090112
2026-06-28T05:30:52,idle,ue3,801921,1061042.3611016632,1.061042
2026-06-28T05:30:52,idle,ue4,801933,1075577.3012707115,1.075577
2026-06-28T05:30:52,idle,ue5,802659,1061042.3611016632,1.061042
2026-06-28T05:30:52,idle,ue6,802671,1119181.7621587752,1.119182
2026-06-28T05:30:52,idle,ue7,802683,1082844.6275076033,1.082845
2026-06-28T05:30:52,idle,ue8,802695,1090112.0975921273,1.090112
2026-06-28T05:30:52,idle,ue9,803426,1101013.1588712812,1.101013
2026-06-28T05:30:52,idle,ue10,803438,1071943.5662284493,1.071944
2026-06-28T05:30:52,idle,ue11,803450,1115548.0271165133,1.115548
2026-06-28T05:30:52,idle,ue12,803462,1071943.5662284493,1.071944
2026-06-28T05:30:58,idle,cu_cp,801643,465914.2810334057,0.465914
2026-06-28T05:30:58,idle,cu_up,801670,462245.67464003415,0.462246
2026-06-28T05:30:58,idle,du1,801832,3852047.0831976295,3.852047
2026-06-28T05:30:58,idle,du2,802596,3852047.0831976295,3.852047
2026-06-28T05:30:58,idle,du3,803363,3819029.9519909145,3.819030
2026-06-28T05:30:58,idle,ue1,801897,1111590.819231397,1.111591
2026-06-28T05:30:58,idle,ue2,801909,1100584.9637919902,1.100585
2026-06-28T05:30:58,idle,ue3,801921,1060230.1846870272,1.060230
2026-06-28T05:30:58,idle,ue4,801933,1067567.3974737704,1.067567
2026-06-28T05:30:58,idle,ue5,802659,1071236.040126434,1.071236
2026-06-28T05:30:58,idle,ue6,802671,1078573.180394593,1.078573
2026-06-28T05:30:58,idle,ue7,802683,1096916.3211393268,1.096916
2026-06-28T05:30:58,idle,ue8,802695,1071236.040126434,1.071236
2026-06-28T05:30:58,idle,ue9,803426,1089579.0358339995,1.089579
2026-06-28T05:30:58,idle,ue10,803438,1093247.6784866631,1.093248
2026-06-28T05:30:58,idle,ue11,803450,1078573.180394593,1.078573
2026-06-28T05:30:58,idle,ue12,803462,1085910.5382185043,1.085911
2026-06-28T05:31:03,idle,cu_cp,801643,461926.6027498931,0.461927
2026-06-28T05:31:03,idle,cu_up,801670,461926.6027498931,0.461927
2026-06-28T05:31:03,idle,du1,801832,3856720.638261018,3.856721
2026-06-28T05:31:03,idle,du2,802596,3853054.406800513,3.853054
2026-06-28T05:31:03,idle,du3,803363,3801729.192535372,3.801729
2026-06-28T05:31:03,idle,ue1,801897,1103491.3830641413,1.103491
2026-06-28T05:31:03,idle,ue2,801909,1092493.122864468,1.092493
2026-06-28T05:31:03,idle,ue3,801921,1074162.6168347062,1.074163
2026-06-28T05:31:03,idle,ue4,801933,1077828.7035679305,1.077829
2026-06-28T05:31:03,idle,ue5,802659,1107157.3250700855,1.107157
2026-06-28T05:31:03,idle,ue6,802671,1088826.9637676037,1.088827
2026-06-28T05:31:03,idle,ue7,802683,1081494.862664795,1.081495
2026-06-28T05:31:03,idle,ue8,802695,1096159.1372340524,1.096159
2026-06-28T05:31:03,idle,ue9,803426,1081494.862664795,1.081495
2026-06-28T05:31:03,idle,ue10,803438,1099825.2239672767,1.099825
2026-06-28T05:31:03,idle,ue11,803450,1077828.7035679305,1.077829
2026-06-28T05:31:03,idle,ue12,803462,1077828.7035679305,1.077829
2026-06-28T05:31:09,idle,cu_cp,801643,467120.6034964371,0.467121
2026-06-28T05:31:09,idle,cu_up,801670,463058.69086104515,0.463059
2026-06-28T05:31:09,idle,du1,801832,3850698.381762471,3.850698
2026-06-28T05:31:09,idle,du2,802596,3826326.761410928,3.826327
2026-06-28T05:31:09,idle,du3,803363,3806017.270503564,3.806017
2026-06-28T05:31:09,idle,ue1,801897,1117027.5646638954,1.117028
2026-06-28T05:31:09,idle,ue2,801909,1052036.8902280284,1.052037
2026-06-28T05:31:09,idle,ue3,801921,1076408.293770784,1.076408
2026-06-28T05:31:09,idle,ue4,801933,1080470.3509453677,1.080470
2026-06-28T05:31:09,idle,ue5,802659,1117027.5646638954,1.117028
2026-06-28T05:31:09,idle,ue6,802671,1137337.1278408552,1.137337
2026-06-28T05:31:09,idle,ue7,802683,1084532.1913111638,1.084532
2026-06-28T05:31:09,idle,ue8,802695,1096718.0014869357,1.096718
2026-06-28T05:31:09,idle,ue9,803426,1088594.1039465559,1.088594
2026-06-28T05:31:09,idle,ue10,803438,1108903.6671235156,1.108904
2026-06-28T05:31:09,idle,ue11,803450,1068284.5407695961,1.068285
2026-06-28T05:31:09,idle,ue12,803462,1076408.293770784,1.076408
2026-06-28T05:31:14,idle,cu_cp,801643,460369.8507142559,0.460370
2026-06-28T05:31:14,idle,cu_up,801670,456331.52343404444,0.456332
2026-06-28T05:31:14,idle,du1,801832,3876798.8035749434,3.876799
2026-06-28T05:31:14,idle,du2,802596,3804108.9125311375,3.804109
2026-06-28T05:31:14,idle,du3,803363,3808147.2398113487,3.808147
2026-06-28T05:31:14,idle,ue1,801897,1086311.3362252414,1.086311
2026-06-28T05:31:14,idle,ue2,801909,1078234.6095621318,1.078235
2026-06-28T05:31:14,idle,ue3,801921,1074196.2822819203,1.074196
2026-06-28T05:31:14,idle,ue4,801933,1066119.6998241842,1.066120
2026-06-28T05:31:14,idle,ue5,802659,1126694.609027356,1.126695
2026-06-28T05:31:14,idle,ue6,802671,1138809.662970677,1.138810
2026-06-28T05:31:14,idle,ue7,802683,1086311.3362252414,1.086311
2026-06-28T05:31:14,idle,ue8,802695,1098426.3180658757,1.098426
2026-06-28T05:31:14,idle,ue9,803426,1086311.3362252414,1.086311
2026-06-28T05:31:14,idle,ue10,803438,1082272.9368423433,1.082273
2026-06-28T05:31:14,idle,ue11,803450,1058042.9010583877,1.058043
2026-06-28T05:31:14,idle,ue12,803462,1074196.2822819203,1.074196
2026-06-28T05:31:20,idle,cu_cp,801643,462425.52024025354,0.462426
2026-06-28T05:31:20,idle,cu_up,801670,454312.80323480425,0.454313
2026-06-28T05:31:20,idle,du1,801832,3857602.6317255236,3.857603
2026-06-28T05:31:20,idle,du2,802596,3841376.8360870434,3.841377
2026-06-28T05:31:20,idle,du3,803363,3804869.519155626,3.804870
2026-06-28T05:31:20,idle,ue1,801897,1103331.0315769392,1.103331
2026-06-28T05:31:20,idle,ue2,801909,1070880.1635551422,1.070880
2026-06-28T05:31:20,idle,ue3,801921,1058711.1061283476,1.058711
2026-06-28T05:31:20,idle,ue4,801933,1054654.7295442438,1.054655
2026-06-28T05:31:20,idle,ue5,802659,1111443.857070663,1.111444
2026-06-28T05:31:20,idle,ue6,802671,1095218.4230597646,1.095218
2026-06-28T05:31:20,idle,ue7,802683,1087105.5975660407,1.087106
2026-06-28T05:31:20,idle,ue8,802695,1066823.859296555,1.066824
2026-06-28T05:31:20,idle,ue9,803426,1062767.4103869349,1.062767
2026-06-28T05:31:20,idle,ue10,803438,1070880.1635551422,1.070880
2026-06-28T05:31:20,idle,ue11,803450,1054654.7295442438,1.054655
2026-06-28T05:31:20,idle,ue12,803462,1087105.5975660407,1.087106
2026-06-28T05:31:25,idle,cu_cp,801643,456203.92875861644,0.456204
2026-06-28T05:31:25,idle,cu_up,801670,466121.4085888302,0.466121
2026-06-28T05:31:25,idle,du1,801832,3838063.331696167,3.838063
2026-06-28T05:31:25,idle,du2,802596,3699218.7575043915,3.699219
2026-06-28T05:31:25,idle,du3,803363,3798393.412375312,3.798393
2026-06-28T05:31:25,idle,ue1,801897,1100839.8308600772,1.100840
2026-06-28T05:31:25,idle,ue2,801909,1081004.8711996495,1.081005
2026-06-28T05:31:25,idle,ue3,801921,1081004.8711996495,1.081005
2026-06-28T05:31:25,idle,ue4,801933,1071087.5348006533,1.071088
2026-06-28T05:31:25,idle,ue5,802659,1100839.8308600772,1.100840
2026-06-28T05:31:25,idle,ue6,802671,1120674.8622361135,1.120675
2026-06-28T05:31:25,idle,ue7,802683,1090922.3510298633,1.090922
2026-06-28T05:31:25,idle,ue8,802695,1090922.3510298633,1.090922
2026-06-28T05:31:25,idle,ue9,803426,1061170.0549704398,1.061170
2026-06-28T05:31:25,idle,ue10,803438,1011582.5841037619,1.011583
2026-06-28T05:31:25,idle,ue11,803450,1100839.8308600772,1.100840
2026-06-28T05:31:25,idle,ue12,803462,1061170.0549704398,1.061170
2026-06-28T05:31:31,idle,cu_cp,801643,456104.5589814162,0.456105
2026-06-28T05:31:31,idle,cu_up,801670,456104.5589814162,0.456105
2026-06-28T05:31:31,idle,du1,801832,3892616.456259594,3.892616
2026-06-28T05:31:31,idle,du2,802596,3735339.0469639394,3.735339
2026-06-28T05:31:31,idle,du3,803363,3782522.269752636,3.782522
2026-06-28T05:31:31,idle,ue1,801897,1100942.0091176175,1.100942
2026-06-28T05:31:31,idle,ue2,801909,1061622.656793704,1.061623
2026-06-28T05:31:31,idle,ue3,801921,1069486.5992825055,1.069487
2026-06-28T05:31:31,idle,ue4,801933,1061622.656793704,1.061623
2026-06-28T05:31:31,idle,ue5,802659,1069486.5992825055,1.069487
2026-06-28T05:31:31,idle,ue6,802671,1093078.1386528348,1.093078
2026-06-28T05:31:31,idle,ue7,802683,1069486.5992825055,1.069487
2026-06-28T05:31:31,idle,ue8,802695,1093078.1386528348,1.093078
2026-06-28T05:31:31,idle,ue9,803426,1077350.4697472882,1.077350
2026-06-28T05:31:31,idle,ue10,803438,1093078.1386528348,1.093078
2026-06-28T05:31:31,idle,ue11,803450,1108805.9516064192,1.108806
2026-06-28T05:31:31,idle,ue12,803462,1100942.0091176175,1.100942
2026-06-28T05:31:36,idle,cu_cp,801643,454847.2120194626,0.454847
2026-06-28T05:31:36,idle,cu_up,801670,474623.1697978234,0.474623
2026-06-28T05:31:36,idle,du1,801832,3909049.2534125517,3.909049
2026-06-28T05:31:36,idle,du2,802596,3869497.4111026954,3.869497
2026-06-28T05:31:36,idle,du3,803363,4073848.8405265044,4.073849
2026-06-28T05:31:36,idle,ue1,801897,1107454.0018225336,1.107454
2026-06-28T05:31:36,idle,ue2,801909,1094270.0788015365,1.094270
2026-06-28T05:31:36,idle,ue3,801921,1061310.0881318809,1.061310
2026-06-28T05:31:36,idle,ue4,801933,1087678.0806676054,1.087678
2026-06-28T05:31:36,idle,ue5,802659,1094270.0788015365,1.094270
2026-06-28T05:31:36,idle,ue6,802671,1100862.0769354678,1.100862
2026-06-28T05:31:36,idle,ue7,802683,1074494.084399743,1.074494
2026-06-28T05:31:36,idle,ue8,802695,1120637.998090396,1.120638
2026-06-28T05:31:36,idle,ue9,803426,1100862.0769354678,1.100862
2026-06-28T05:31:36,idle,ue10,803438,1067902.086265812,1.067902
2026-06-28T05:31:36,idle,ue11,803450,1114045.9999564649,1.114046
2026-06-28T05:31:36,idle,ue12,803462,1081086.0825336743,1.081086
2026-06-28T05:31:42,idle,cu_cp,801643,460490.88634855626,0.460491
2026-06-28T05:31:42,idle,cu_up,801670,460490.88634855626,0.460491
2026-06-28T05:31:42,idle,du1,801832,3834968.176402607,3.834968
2026-06-28T05:31:42,idle,du2,802596,3768657.4345665453,3.768657
2026-06-28T05:31:42,idle,du3,803363,3952854.036802683,3.952854
2026-06-28T05:31:42,idle,ue1,801897,1123597.6854673838,1.123598
2026-06-28T05:31:42,idle,ue2,801909,1101494.1777073382,1.101494
2026-06-28T05:31:42,idle,ue3,801921,1075706.618425331,1.075707
2026-06-28T05:31:42,idle,ue4,801933,1075706.618425331,1.075707
2026-06-28T05:31:42,idle,ue5,802659,1086758.5544352913,1.086759
2026-06-28T05:31:42,idle,ue6,802671,1101494.1777073382,1.101494
2026-06-28T05:31:42,idle,ue7,802683,1097810.2718893266,1.097810
2026-06-28T05:31:42,idle,ue8,802695,1116229.8738313604,1.116230
2026-06-28T05:31:42,idle,ue9,803426,1094126.3660713148,1.094126
2026-06-28T05:31:42,idle,ue10,803438,1097810.2718893266,1.097810
2026-06-28T05:31:42,idle,ue11,803450,1108862.062195337,1.108862
2026-06-28T05:31:42,idle,ue12,803462,1090442.460253303,1.090442
2026-06-28T05:31:48,idle,cu_cp,801643,447946.2882349044,0.447946
2026-06-28T05:31:48,idle,cu_up,801670,469976.40909663885,0.469976
2026-06-28T05:31:48,idle,du1,801832,3814886.775092423,3.814887
2026-06-28T05:31:48,idle,du2,802596,3763482.9535177946,3.763483
2026-06-28T05:31:48,idle,du3,803363,3829573.498071158,3.829573
2026-06-28T05:31:48,idle,ue1,801897,1116194.0762362094,1.116194
2026-06-28T05:31:48,idle,ue2,801909,1083148.7311722636,1.083149
2026-06-28T05:31:48,idle,ue3,801921,1079477.123214844,1.079477
2026-06-28T05:31:48,idle,ue4,801933,1072133.7617254765,1.072134
2026-06-28T05:31:48,idle,ue5,802659,1086820.5574914753,1.086821
2026-06-28T05:31:48,idle,ue6,802671,1075805.44247016,1.075805
2026-06-28T05:31:48,idle,ue7,802683,1086820.5574914753,1.086821
2026-06-28T05:31:48,idle,ue8,802695,1097835.5269382626,1.097836
2026-06-28T05:31:48,idle,ue9,803426,1079477.123214844,1.079477
2026-06-28T05:31:48,idle,ue10,803438,1105178.961214894,1.105179
2026-06-28T05:31:48,idle,ue11,803450,1119865.684193629,1.119866
2026-06-28T05:31:48,idle,ue12,803462,1112522.2499169975,1.112522
2026-06-28T05:31:53,idle,cu_cp,801643,469479.1719563338,0.469479
2026-06-28T05:31:53,idle,cu_up,801670,465782.5265997949,0.465783
2026-06-28T05:31:53,idle,du1,801832,3840857.0206473563,3.840857
2026-06-28T05:31:53,idle,du2,802596,3818677.294289267,3.818677
2026-06-28T05:31:53,idle,du3,803363,3800193.703053713,3.800194
2026-06-28T05:31:53,idle,ue1,801897,1127489.3709227378,1.127489
2026-06-28T05:31:53,idle,ue2,801909,1079432.4710537284,1.079432
2026-06-28T05:31:53,idle,ue3,801921,1116399.2890719771,1.116399
2026-06-28T05:31:53,idle,ue4,801933,1112702.5708248662,1.112703
2026-06-28T05:31:53,idle,ue5,802659,1072039.1074500787,1.072039
2026-06-28T05:31:53,idle,ue6,802671,1109005.9254683275,1.109006
2026-06-28T05:31:53,idle,ue7,802683,1079432.4710537284,1.079432
2026-06-28T05:31:53,idle,ue8,802695,1112702.5708248662,1.112703
2026-06-28T05:31:53,idle,ue9,803426,1097915.9165081389,1.097916
2026-06-28T05:31:53,idle,ue10,803438,1112702.5708248662,1.112703
2026-06-28T05:31:53,idle,ue11,803450,1123792.6526756268,1.123793
2026-06-28T05:31:53,idle,ue12,803462,1127489.3709227378,1.127489
2026-06-28T05:31:59,idle,cu_cp,801643,456865.03000359534,0.456865
2026-06-28T05:31:59,idle,cu_up,801670,460769.87785539625,0.460770
2026-06-28T05:31:59,idle,du1,801832,3893114.8385157776,3.893115
2026-06-28T05:31:59,idle,du2,802596,3783779.5323967743,3.783780
2026-06-28T05:31:59,idle,du3,803363,3791589.3003889467,3.791589
2026-06-28T05:31:59,idle,ue1,801897,1120685.9479683684,1.120686
2026-06-28T05:31:59,idle,ue2,801909,1073828.0629010391,1.073828
2026-06-28T05:31:59,idle,ue3,801921,1101161.8171422195,1.101162
2026-06-28T05:31:59,idle,ue4,801933,1062113.627778492,1.062114
2026-06-28T05:31:59,idle,ue5,802659,1050399.1203673745,1.050399
2026-06-28T05:31:59,idle,ue6,802671,1089447.3820196723,1.089447
2026-06-28T05:31:59,idle,ue7,802683,1077732.8746085549,1.077733
2026-06-28T05:31:59,idle,ue8,802695,1085542.5703121566,1.085543
2026-06-28T05:31:59,idle,ue9,803426,1097257.0054347038,1.097257
2026-06-28T05:31:59,idle,ue10,803438,1105066.7011383057,1.105067
2026-06-28T05:31:59,idle,ue11,803450,1093352.193727188,1.093352
2026-06-28T05:31:59,idle,ue12,803462,1085542.5703121566,1.085543
2026-06-28T05:32:04,idle,cu_cp,801643,470104.95915677666,0.470105
2026-06-28T05:32:04,idle,cu_up,801670,466017.07540581585,0.466017
2026-06-28T05:32:04,idle,du1,801832,3936617.947500434,3.936618
2026-06-28T05:32:04,idle,du2,802596,3801718.2199457837,3.801718
2026-06-28T05:32:04,idle,du3,803363,3826245.813269587,3.826246
2026-06-28T05:32:04,idle,ue1,801897,1128251.8438126564,1.128252
2026-06-28T05:32:04,idle,ue2,801909,1099636.7302604401,1.099637
2026-06-28T05:32:04,idle,ue3,801921,1111900.3815133227,1.111900
2026-06-28T05:32:04,idle,ue4,801933,1058758.0381598508,1.058758
2026-06-28T05:32:04,idle,ue5,802659,1079197.456914655,1.079197
2026-06-28T05:32:04,idle,ue6,802671,1087373.1517120672,1.087373
2026-06-28T05:32:04,idle,ue7,802683,1079197.456914655,1.079197
2026-06-28T05:32:04,idle,ue8,802695,1107812.4977623618,1.107812
2026-06-28T05:32:04,idle,ue9,803426,1075109.5004591846,1.075110
2026-06-28T05:32:04,idle,ue10,803438,1111900.3815133227,1.111900
2026-06-28T05:32:04,idle,ue11,803450,1111900.3815133227,1.111900
2026-06-28T05:32:04,idle,ue12,803462,1115988.337968793,1.115988
2026-06-28T05:32:10,idle,cu_cp,801643,465419.35978297325,0.465419
2026-06-28T05:32:10,idle,cu_up,801670,465419.35978297325,0.465419
2026-06-28T05:32:10,idle,du1,801832,3849915.95314667,3.849916
2026-06-28T05:32:10,idle,du2,802596,3813172.471552899,3.813172
2026-06-28T05:32:10,idle,du3,803363,3825420.589507332,3.825421
2026-06-28T05:32:10,idle,ue1,801897,1126804.6816239983,1.126805
2026-06-28T05:32:10,idle,ue2,801909,1110474.2695898092,1.110474
2026-06-28T05:32:10,idle,ue3,801921,1110474.2695898092,1.110474
2026-06-28T05:32:10,idle,ue4,801933,1077813.227454049,1.077813
2026-06-28T05:32:10,idle,ue5,802659,1094143.7848664927,1.094144
2026-06-28T05:32:10,idle,ue6,802671,1106391.6847535437,1.106392
2026-06-28T05:32:10,idle,ue7,802683,1065565.327566998,1.065565
2026-06-28T05:32:10,idle,ue8,802695,1102309.027228151,1.102309
2026-06-28T05:32:10,idle,ue9,803426,1065565.327566998,1.065565
2026-06-28T05:32:10,idle,ue10,803438,1085978.5425048345,1.085979
2026-06-28T05:32:10,idle,ue11,803450,1114556.927115202,1.114557
2026-06-28T05:32:10,idle,ue12,803462,1106391.6847535437,1.106392
2026-06-28T05:32:15,idle,cu_cp,801643,467767.4130272001,0.467767
2026-06-28T05:32:15,idle,cu_up,801670,459632.3054986686,0.459632
2026-06-28T05:32:15,idle,du1,801832,3904841.1645337488,3.904841
2026-06-28T05:32:15,idle,du2,802596,3762477.1456025504,3.762477
2026-06-28T05:32:15,idle,du3,803363,3782814.696733017,3.782815
2026-06-28T05:32:15,idle,ue1,801897,1098236.5412433064,1.098237
2026-06-28T05:32:15,idle,ue2,801909,1102304.095007572,1.102304
2026-06-28T05:32:15,idle,ue3,801921,1098236.5412433064,1.098237
2026-06-28T05:32:15,idle,ue4,801933,1073831.2912213325,1.073831
2026-06-28T05:32:15,idle,ue5,802659,1069763.7374570668,1.069764
2026-06-28T05:32:15,idle,ue6,802671,1102304.095007572,1.102304
2026-06-28T05:32:15,idle,ue7,802683,1061628.702492156,1.061629
2026-06-28T05:32:15,idle,ue8,802695,1110439.129972483,1.110439
2026-06-28T05:32:15,idle,ue9,803426,1081966.3261862432,1.081966
2026-06-28T05:32:15,idle,ue10,803438,1073831.2912213325,1.073831
2026-06-28T05:32:15,idle,ue11,803450,1077898.7724219775,1.077899
2026-06-28T05:32:15,idle,ue12,803462,1090101.5062783957,1.090102
2026-06-28T05:32:21,idle,cu_cp,801643,470568.7002981466,0.470569
2026-06-28T05:32:21,idle,cu_up,801670,461690.04557554005,0.461690
2026-06-28T05:32:21,idle,du1,801832,3826700.402202158,3.826700
2026-06-28T05:32:21,idle,du2,802596,3755670.8754096534,3.755671
2026-06-28T05:32:21,idle,du3,803363,3968758.58875221,3.968759
2026-06-28T05:32:21,idle,ue1,801897,1118710.495048424,1.118710
2026-06-28T05:32:21,idle,ue2,801909,1109831.8403258175,1.109832
2026-06-28T05:32:21,idle,ue3,801921,1092074.5308806044,1.092075
2026-06-28T05:32:21,idle,ue4,801933,1065438.4944598717,1.065438
2026-06-28T05:32:21,idle,ue5,802659,1012166.6383771455,1.012167
2026-06-28T05:32:21,idle,ue6,802671,1092074.5308806044,1.092075
2026-06-28T05:32:21,idle,ue7,802683,1118710.495048424,1.118710
2026-06-28T05:32:21,idle,ue8,802695,1092074.5308806044,1.092075
2026-06-28T05:32:21,idle,ue9,803426,1074317.2936883045,1.074317
2026-06-28T05:32:21,idle,ue10,803438,1092074.5308806044,1.092075
2026-06-28T05:32:21,idle,ue11,803450,1083195.948410911,1.083196
2026-06-28T05:32:21,idle,ue12,803462,1065438.4944598717,1.065438
2026-06-28T05:32:26,idle,cu_cp,801643,455409.77483516216,0.455410
2026-06-28T05:32:26,idle,cu_up,801670,448293.9786346722,0.448294
2026-06-28T05:32:26,idle,du1,801832,3735783.3701973343,3.735783
2026-06-28T05:32:26,idle,du2,802596,3771362.172109451,3.771362
2026-06-28T05:32:26,idle,du3,803363,3764246.411727028,3.764246
2026-06-28T05:32:26,idle,ue1,801897,1102945.5814486884,1.102946
2026-06-28T05:32:26,idle,ue2,801909,1117177.1022135352,1.117177
2026-06-28T05:32:26,idle,ue3,801921,1074482.4682828616,1.074482
2026-06-28T05:32:26,idle,ue4,801933,1067366.636264305,1.067367
2026-06-28T05:32:26,idle,ue5,802659,1053135.1154994583,1.053135
2026-06-28T05:32:26,idle,ue6,802671,1095829.821066265,1.095830
2026-06-28T05:32:26,idle,ue7,802683,1024672.0739697648,1.024672
2026-06-28T05:32:26,idle,ue8,802695,1095829.821066265,1.095830
2026-06-28T05:32:26,idle,ue9,803426,1081598.3003014184,1.081598
2026-06-28T05:32:26,idle,ue10,803438,1088713.9890477085,1.088714
2026-06-28T05:32:26,idle,ue11,803450,1074482.4682828616,1.074482
2026-06-28T05:32:26,idle,ue12,803462,1053135.1154994583,1.053135
2026-06-28T05:32:32,idle,cu_cp,801643,459180.4649212816,0.459180
2026-06-28T05:32:32,idle,cu_up,801670,459180.4649212816,0.459180
2026-06-28T05:32:32,idle,du1,801832,3834454.8368596793,3.834455
2026-06-28T05:32:32,idle,du2,802596,3739040.8306085896,3.739041
2026-06-28T05:32:32,idle,du3,803363,3780784.656995604,3.780785
2026-06-28T05:32:32,idle,ue1,801897,1115152.5525061733,1.115153
2026-06-28T05:32:32,idle,ue2,801909,1109189.1590561927,1.109189
2026-06-28T05:32:32,idle,ue3,801921,1085335.6574934202,1.085336
2026-06-28T05:32:32,idle,ue4,801933,1067445.5493806284,1.067446
2026-06-28T05:32:32,idle,ue5,802659,1085335.6574934202,1.085336
2026-06-28T05:32:32,idle,ue6,802671,1061482.1559306479,1.061482
2026-06-28T05:32:32,idle,ue7,802683,1085335.6574934202,1.085336
2026-06-28T05:32:32,idle,ue8,802695,1085335.6574934202,1.085336
2026-06-28T05:32:32,idle,ue9,803426,1085335.6574934202,1.085336
2026-06-28T05:32:32,idle,ue10,803438,1091299.050943401,1.091299
2026-06-28T05:32:32,idle,ue11,803450,1019738.4740179336,1.019738
2026-06-28T05:32:32,idle,ue12,803462,1097262.4443933815,1.097262
2026-06-28T05:32:37,idle,cu_cp,801643,461301.2442991108,0.461301
2026-06-28T05:32:37,idle,cu_up,801670,461301.2442991108,0.461301
2026-06-28T05:32:37,idle,du1,801832,3889692.269728017,3.889692
2026-06-28T05:32:37,idle,du2,802596,3856478.744820156,3.856479
2026-06-28T05:32:37,idle,du3,803363,3790051.1120604514,3.790051
2026-06-28T05:32:37,idle,ue1,801897,1110813.458938737,1.110813
2026-06-28T05:32:37,idle,ue2,801909,1103432.5865649926,1.103433
2026-06-28T05:32:37,idle,ue3,801921,1077599.7154268825,1.077600
2026-06-28T05:32:37,idle,ue4,801933,1070218.915921136,1.070219
2026-06-28T05:32:37,idle,ue5,802659,1066528.4433002651,1.066528
2026-06-28T05:32:37,idle,ue6,802671,1099742.1868121196,1.099742
2026-06-28T05:32:37,idle,ue7,802683,1051766.9171567701,1.051767
2026-06-28T05:32:37,idle,ue8,802695,1077599.7154268825,1.077600
2026-06-28T05:32:37,idle,ue9,803426,1092361.387306373,1.092361
2026-06-28T05:32:37,idle,ue10,803438,1092361.387306373,1.092361
2026-06-28T05:32:37,idle,ue11,803450,1070218.915921136,1.070219
2026-06-28T05:32:37,idle,ue12,803462,1092361.387306373,1.092361
2026-06-28T05:32:43,idle,cu_cp,801643,463305.2477732062,0.463305
2026-06-28T05:32:43,idle,cu_up,801670,463305.2477732062,0.463305
2026-06-28T05:32:43,idle,du1,801832,3897647.439301872,3.897647
2026-06-28T05:32:43,idle,du2,802596,3779982.6098462106,3.779983
2026-06-28T05:32:43,idle,du3,803363,3842492.114224148,3.842492
2026-06-28T05:32:43,idle,ue1,801897,1103107.8125637532,1.103108
2026-06-28T05:32:43,idle,ue2,801909,1081045.6388323545,1.081046
2026-06-28T05:32:43,idle,ue3,801921,1103107.8125637532,1.103108
2026-06-28T05:32:43,idle,ue4,801933,1070014.4427158833,1.070014
2026-06-28T05:32:43,idle,ue5,802659,1077368.549182248,1.077369
2026-06-28T05:32:43,idle,ue6,802671,1114138.7901786803,1.114139
2026-06-28T05:32:43,idle,ue7,802683,1081045.6388323545,1.081046
2026-06-28T05:32:43,idle,ue8,802695,1066337.4987334728,1.066337
2026-06-28T05:32:43,idle,ue9,803426,1121492.8238111972,1.121493
2026-06-28T05:32:43,idle,ue10,803438,1073691.5323659896,1.073692
2026-06-28T05:32:43,idle,ue11,803450,1081045.6388323545,1.081046
2026-06-28T05:32:43,idle,ue12,803462,1062660.4090833664,1.062660
2026-06-28T05:32:48,idle,cu_cp,801643,473746.6384089124,0.473747
2026-06-28T05:32:48,idle,cu_up,801670,458942.0401509428,0.458942
2026-06-28T05:32:48,idle,du1,801832,3875099.2040019035,3.875099
2026-06-28T05:32:48,idle,du2,802596,3801076.284975786,3.801076
2026-06-28T05:32:48,idle,du3,803363,3804777.633265538,3.804778
2026-06-28T05:32:48,idle,ue1,801897,1106642.5093657386,1.106643
2026-06-28T05:32:48,idle,ue2,801909,1080734.444348359,1.080734
2026-06-28T05:32:48,idle,ue3,801921,1058527.58309327,1.058528
2026-06-28T05:32:48,idle,ue4,801933,1062228.7145918298,1.062229
2026-06-28T05:32:48,idle,ue5,802659,1073332.1813512398,1.073332
2026-06-28T05:32:48,idle,ue6,802671,1091837.911107769,1.091838
2026-06-28T05:32:48,idle,ue7,802683,1110343.6408642984,1.110344
2026-06-28T05:32:48,idle,ue8,802695,1088136.7796092094,1.088137
2026-06-28T05:32:48,idle,ue9,803426,1128849.3706208277,1.128849
2026-06-28T05:32:48,idle,ue10,803438,1062228.7145918298,1.062229
2026-06-28T05:32:48,idle,ue11,803450,1077033.3128497994,1.077033
2026-06-28T05:32:48,idle,ue12,803462,1073332.1813512398,1.073332
2026-06-28T05:32:54,idle,cu_cp,801643,456470.5308405608,0.456471
2026-06-28T05:32:54,idle,cu_up,801670,460546.18199662864,0.460546
2026-06-28T05:32:54,idle,du1,801832,3839243.6184153557,3.839244
2026-06-28T05:32:54,idle,du2,802596,3769957.839506328,3.769958
2026-06-28T05:32:54,idle,du3,803363,3855545.932295501,3.855546
2026-06-28T05:32:54,idle,ue1,801897,1067815.0787513852,1.067815
2026-06-28T05:32:54,idle,ue2,801909,1084117.6106896251,1.084118
2026-06-28T05:32:54,idle,ue3,801921,1116722.6018800735,1.116723
2026-06-28T05:32:54,idle,ue4,801933,1100420.0699418336,1.100420
2026-06-28T05:32:54,idle,ue5,802659,1120798.2530361414,1.120798
2026-06-28T05:32:54,idle,ue6,802671,1100420.0699418336,1.100420
2026-06-28T05:32:54,idle,ue7,802683,1063739.4275953174,1.063739
2026-06-28T05:32:54,idle,ue8,802695,1063739.4275953174,1.063739
2026-06-28T05:32:54,idle,ue9,803426,1075966.3083774894,1.075966
2026-06-28T05:32:54,idle,ue10,803438,1067815.0787513852,1.067815
2026-06-28T05:32:54,idle,ue11,803450,1063739.4275953174,1.063739
2026-06-28T05:32:54,idle,ue12,803462,1092268.767629698,1.092269
2026-06-28T05:32:59,idle,cu_cp,801643,469693.1926081937,0.469693
2026-06-28T05:32:59,idle,cu_up,801670,461524.61819800735,0.461525
2026-06-28T05:32:59,idle,du1,801832,3896411.1964904023,3.896411
2026-06-28T05:32:59,idle,du2,802596,3790219.69270854,3.790220
2026-06-28T05:32:59,idle,du3,803363,3843315.444599471,3.843315
2026-06-28T05:32:59,idle,ue1,801897,1082336.492068808,1.082336
2026-06-28T05:32:59,idle,ue2,801909,1102757.9463189936,1.102758
2026-06-28T05:32:59,idle,ue3,801921,1082336.492068808,1.082336
2026-06-28T05:32:59,idle,ue4,801933,1115010.7897095538,1.115011
2026-06-28T05:32:59,idle,ue5,802659,1131348.0114288044,1.131348
2026-06-28T05:32:59,idle,ue6,802671,1139516.5493895519,1.139517
2026-06-28T05:32:59,idle,ue7,802683,1057830.73238881,1.057831
2026-06-28T05:32:59,idle,ue8,802695,1078252.1866389953,1.078252
2026-06-28T05:32:59,idle,ue9,803426,1074167.9541080606,1.074168
2026-06-28T05:32:59,idle,ue10,803438,1065999.416147313,1.065999
2026-06-28T05:32:59,idle,ue11,803450,1090505.0300295555,1.090505
2026-06-28T05:32:59,idle,ue12,803462,1057830.73238881,1.057831
2026-06-28T05:33:05,idle,cu_cp,801643,459542.08558684826,0.459542
2026-06-28T05:33:05,idle,cu_up,801670,471742.3301595783,0.471742
2026-06-28T05:33:05,idle,du1,801832,3912208.103977356,3.912208
2026-06-28T05:33:05,idle,du2,802596,3733271.135157738,3.733271
2026-06-28T05:33:05,idle,du3,803363,3810539.193421402,3.810539
2026-06-28T05:33:05,idle,ue1,801897,1118354.6751646614,1.118355
2026-06-28T05:33:05,idle,ue2,801909,1089887.3773038196,1.089887
2026-06-28T05:33:05,idle,ue3,801921,1012619.2464107894,1.012619
2026-06-28T05:33:05,idle,ue4,801933,1073620.4329597568,1.073620
2026-06-28T05:33:05,idle,ue5,802659,1114287.8664492797,1.114288
2026-06-28T05:33:05,idle,ue6,802671,1110221.1303632641,1.110221
2026-06-28T05:33:05,idle,ue7,802683,1057353.488615694,1.057353
2026-06-28T05:33:05,idle,ue8,802695,1053286.7525296784,1.053287
2026-06-28T05:33:05,idle,ue9,803426,1081753.9051317882,1.081754
2026-06-28T05:33:05,idle,ue10,803438,1041086.4716422653,1.041086
2026-06-28T05:33:05,idle,ue11,803450,1073620.4329597568,1.073620
2026-06-28T05:33:05,idle,ue12,803462,1045153.280357647,1.045153
2026-06-28T05:33:10,idle,cu_cp,801643,476887.83041280985,0.476888
2026-06-28T05:33:10,idle,cu_up,801670,466952.65376857994,0.466953
2026-06-28T05:33:10,idle,du1,801832,3815102.643302479,3.815103
2026-06-28T05:33:10,idle,du2,802596,3755491.871663866,3.755492
2026-06-28T05:33:10,idle,du3,803363,3785297.4015965555,3.785297
2026-06-28T05:33:10,idle,ue1,801897,1063062.5318554568,1.063063
2026-06-28T05:33:10,idle,ue2,801909,1102803.0943189932,1.102803
2026-06-28T05:33:10,idle,ue3,801921,1013386.6486343074,1.013387
2026-06-28T05:33:10,idle,ue4,801933,1063062.5318554568,1.063063
2026-06-28T05:33:10,idle,ue5,802659,1112738.270963223,1.112738
2026-06-28T05:33:10,idle,ue6,802671,1152478.9775401426,1.152479
2026-06-28T05:33:10,idle,ue7,802683,1023321.7532218456,1.023322
2026-06-28T05:33:10,idle,ue8,802695,1053127.355211227,1.053127
2026-06-28T05:33:10,idle,ue9,803426,1092867.9897314548,1.092868
2026-06-28T05:33:10,idle,ue10,803438,1063062.5318554568,1.063063
2026-06-28T05:33:10,idle,ue11,803450,1092867.9897314548,1.092868
2026-06-28T05:33:10,idle,ue12,803462,1072997.6364429952,1.072998
2026-06-28T05:33:16,idle,cu_cp,801643,477422.1695795059,0.477422
2026-06-28T05:33:16,idle,cu_up,801670,461768.9854593873,0.461769
2026-06-28T05:33:16,idle,du1,801832,3874163.3752527237,3.874163
2026-06-28T05:33:16,idle,du2,802596,3741111.615755081,3.741112
2026-06-28T05:33:16,idle,du3,803363,3827203.930724144,3.827204
2026-06-28T05:33:16,idle,ue1,801897,1072243.2380318642,1.072243
2026-06-28T05:33:16,idle,ue2,801909,1087896.4580959082,1.087896
2026-06-28T05:33:16,idle,ue3,801921,1087896.4580959082,1.087896
2026-06-28T05:33:16,idle,ue4,801933,1025283.7216154337,1.025284
2026-06-28T05:33:16,idle,ue5,802659,1111376.180360198,1.111376
2026-06-28T05:33:16,idle,ue6,802671,1111376.180360198,1.111376
2026-06-28T05:33:16,idle,ue7,802683,1040936.8697916269,1.040937
2026-06-28T05:33:16,idle,ue8,802695,1064416.6639437675,1.064417
2026-06-28T05:33:16,idle,ue9,803426,1064416.6639437675,1.064417
2026-06-28T05:33:16,idle,ue10,803438,1009630.5015513897,1.009631
2026-06-28T05:33:16,idle,ue11,803450,1103549.6062721014,1.103550
2026-06-28T05:33:16,idle,ue12,803462,1072243.2380318642,1.072243
2026-06-28T05:33:21,idle,cu_cp,801643,483058.1058613211,0.483058
2026-06-28T05:33:21,idle,cu_up,801670,469823.61616820097,0.469824
2026-06-28T05:33:21,idle,du1,801832,3884316.5448617935,3.884317
2026-06-28T05:33:21,idle,du2,802596,3851230.284060538,3.851230
2026-06-28T05:33:21,idle,du3,803363,3831378.586089313,3.831379
2026-06-28T05:33:21,idle,ue1,801897,1078609.1912718862,1.078609
2026-06-28T05:33:21,idle,ue2,801909,1105078.1706581265,1.105078
2026-06-28T05:33:21,idle,ue3,801921,1111695.3057993203,1.111695
2026-06-28T05:33:21,idle,ue4,801933,1078609.1912718862,1.078609
2026-06-28T05:33:21,idle,ue5,802659,1124929.7954924405,1.124930
2026-06-28T05:33:21,idle,ue6,802671,1118312.5872143358,1.118313
2026-06-28T05:33:21,idle,ue7,802683,1078609.1912718862,1.078609
2026-06-28T05:33:21,idle,ue8,802695,1105078.1706581265,1.105078
2026-06-28T05:33:21,idle,ue9,803426,1118312.5872143358,1.118313
2026-06-28T05:33:21,idle,ue10,803438,1078609.1912718862,1.078609
2026-06-28T05:33:21,idle,ue11,803450,1078609.1912718862,1.078609
2026-06-28T05:33:21,idle,ue12,803462,1065374.774715677,1.065375
2026-06-28T05:33:27,idle,cu_cp,801643,456842.28029696824,0.456842
2026-06-28T05:33:27,idle,cu_up,801670,456842.28029696824,0.456842
2026-06-28T05:33:27,idle,du1,801832,3800927.4947364996,3.800927
2026-06-28T05:33:27,idle,du2,802596,3804582.529379883,3.804583
2026-06-28T05:33:27,idle,du3,803363,3753416.37772058,3.753416
2026-06-28T05:33:27,idle,ue1,801897,1078147.830612123,1.078148
2026-06-28T05:33:27,idle,ue2,801909,1111040.3979487992,1.111040
2026-06-28T05:33:27,idle,ue3,801921,1111040.3979487992,1.111040
2026-06-28T05:33:27,idle,ue4,801933,1070838.3391050983,1.070838
2026-06-28T05:33:27,idle,ue5,802659,1092766.8136261725,1.092767
2026-06-28T05:33:27,idle,ue6,802671,1103730.978664242,1.103731
2026-06-28T05:33:27,idle,ue7,802683,1089111.9956501925,1.089112
2026-06-28T05:33:27,idle,ue8,802695,1048909.9368064916,1.048910
2026-06-28T05:33:27,idle,ue9,803426,1096421.4871572172,1.096421
2026-06-28T05:33:27,idle,ue10,803438,1078147.830612123,1.078148
2026-06-28T05:33:27,idle,ue11,803450,1085457.3221191477,1.085457
2026-06-28T05:33:27,idle,ue12,803462,1111040.3979487992,1.111040
2026-06-28T05:33:33,idle,cu_cp,801643,466966.1794974929,0.466966
2026-06-28T05:33:33,idle,cu_up,801670,470614.37698616536,0.470614
2026-06-28T05:33:33,idle,du1,801832,3805044.719803283,3.805045
2026-06-28T05:33:33,idle,du2,802596,3746673.848268485,3.746674
2026-06-28T05:33:33,idle,du3,803363,3779507.661702032,3.779508
2026-06-28T05:33:33,idle,ue1,801897,1065266.6758063012,1.065267
2026-06-28T05:33:33,idle,ue2,801909,1090803.8059785427,1.090804
2026-06-28T05:33:33,idle,ue3,801921,1057970.2808289563,1.057970
2026-06-28T05:33:33,idle,ue4,801933,1083507.483072188,1.083507
2026-06-28T05:33:33,idle,ue5,802659,1087155.6445253652,1.087156
2026-06-28T05:33:33,idle,ue6,802671,1083507.483072188,1.083507
2026-06-28T05:33:33,idle,ue7,802683,1050673.8858516114,1.050674
2026-06-28T05:33:33,idle,ue8,802695,1054322.119375779,1.054322
2026-06-28T05:33:33,idle,ue9,803426,1050673.8858516114,1.050674
2026-06-28T05:33:33,idle,ue10,803438,1079859.3216190105,1.079859
2026-06-28T05:33:33,idle,ue11,803450,1083507.483072188,1.083507
2026-06-28T05:33:33,idle,ue12,803462,1072562.9266416656,1.072563
2026-06-28T05:33:38,idle,cu_cp,801643,466126.9114146325,0.466127
2026-06-28T05:33:38,idle,cu_up,801670,458786.32756860496,0.458786
2026-06-28T05:33:38,idle,du1,801832,3879497.169711671,3.879497
2026-06-28T05:33:38,idle,du2,802596,3784069.326456242,3.784069
2026-06-28T05:33:38,idle,du3,803363,3897848.321800296,3.897848
2026-06-28T05:33:38,idle,ue1,801897,1097416.9412750942,1.097417
2026-06-28T05:33:38,idle,ue2,801909,1090076.321249485,1.090076
2026-06-28T05:33:38,idle,ue3,801921,1046032.7458141565,1.046033
2026-06-28T05:33:38,idle,ue4,801933,1068054.605890984,1.068055
2026-06-28T05:33:38,idle,ue5,802659,1071724.8073650438,1.071725
2026-06-28T05:33:38,idle,ue6,802671,1126779.131940878,1.126779
2026-06-28T05:33:38,idle,ue7,802683,1071724.8073650438,1.071725
2026-06-28T05:33:38,idle,ue8,802695,1097416.9412750942,1.097417
2026-06-28T05:33:38,idle,ue9,803426,1064384.332057761,1.064384
2026-06-28T05:33:38,idle,ue10,803438,1097416.9412750942,1.097417
2026-06-28T05:33:38,idle,ue11,803450,1115768.310441209,1.115768
2026-06-28T05:33:38,idle,ue12,803462,1123108.9304668182,1.123109
2026-06-28T05:33:44,idle,cu_cp,801643,466647.60854441044,0.466648
2026-06-28T05:33:44,idle,cu_up,801670,466647.60854441044,0.466648
2026-06-28T05:33:44,idle,du1,801832,3845022.2966740415,3.845022
2026-06-28T05:33:44,idle,du2,802596,3798743.3445729637,3.798743
2026-06-28T05:33:44,idle,du3,803363,3775603.578949585,3.775604
2026-06-28T05:33:44,idle,ue1,801897,1079845.7146969675,1.079846
2026-06-28T05:33:44,idle,ue2,801909,1099128.65966789,1.099129
2026-06-28T05:33:44,idle,ue3,801921,1014283.7452317572,1.014284
2026-06-28T05:33:44,idle,ue4,801933,1056706.2386464286,1.056706
2026-06-28T05:33:44,idle,ue5,802659,1060562.7697260452,1.060563
2026-06-28T05:33:44,idle,ue6,802671,1110698.4700863694,1.110698
2026-06-28T05:33:44,idle,ue7,802683,1060562.7697260452,1.060563
2026-06-28T05:33:44,idle,ue8,802695,1079845.7146969675,1.079846
2026-06-28T05:33:44,idle,ue9,803426,1099128.65966789,1.099129
2026-06-28T05:33:44,idle,ue10,803438,1083702.390563004,1.083702
2026-06-28T05:33:44,idle,ue11,803450,1056706.2386464286,1.056706
2026-06-28T05:33:44,idle,ue12,803462,1102985.3355339265,1.102985
2026-06-28T05:33:49,idle,cu_cp,801643,466204.9333343762,0.466205
2026-06-28T05:33:49,idle,cu_up,801670,462150.96390664787,0.462151
2026-06-28T05:33:49,idle,du1,801832,3843150.1778548313,3.843150
2026-06-28T05:33:49,idle,du2,802596,3770178.944554007,3.770179
2026-06-28T05:33:49,idle,du3,803363,3786394.6779993963,3.786395
2026-06-28T05:33:49,idle,ue1,801897,1049974.6554754453,1.049975
2026-06-28T05:33:49,idle,ue2,801909,1106729.9389325941,1.106730
2026-06-28T05:33:49,idle,ue3,801921,1070244.394414944,1.070244
2026-06-28T05:33:49,idle,ue4,801933,1062136.4555594875,1.062136
2026-06-28T05:33:49,idle,ue5,802659,1090514.1333544427,1.090514
2026-06-28T05:33:49,idle,ue6,802671,1135107.6167275493,1.135108
2026-06-28T05:33:49,idle,ue7,802683,1054028.5888367926,1.054029
2026-06-28T05:33:49,idle,ue8,802695,1090514.1333544427,1.090514
2026-06-28T05:33:49,idle,ue9,803426,1082406.194498986,1.082406
2026-06-28T05:33:49,idle,ue10,803438,1102676.077704009,1.102676
2026-06-28T05:33:49,idle,ue11,803450,1066190.3889208348,1.066190
2026-06-28T05:33:49,idle,ue12,803462,1110783.8722939414,1.110784
2026-06-28T05:33:55,idle,cu_cp,801643,466564.2153547049,0.466564
2026-06-28T05:33:55,idle,cu_up,801670,458378.8584448397,0.458379
2026-06-28T05:33:55,idle,du1,801832,3818459.6973651885,3.818460
2026-06-28T05:33:55,idle,du2,802596,3834830.4839918613,3.834830
2026-06-28T05:33:55,idle,du3,803363,3904405.6718927384,3.904406
2026-06-28T05:33:55,idle,ue1,801897,1125483.86304785,1.125484
2026-06-28T05:33:55,idle,ue2,801909,1117298.3969275714,1.117298
2026-06-28T05:33:55,idle,ue3,801921,1109113.0764211775,1.109113
2026-06-28T05:33:55,idle,ue4,801933,1072279.170545876,1.072279
2026-06-28T05:33:55,idle,ue5,802659,1105020.4525714517,1.105020
2026-06-28T05:33:55,idle,ue6,802671,1113205.7730778456,1.113206
2026-06-28T05:33:55,idle,ue7,802683,1084557.1149019958,1.084557
2026-06-28T05:33:55,idle,ue8,802695,1117298.3969275714,1.117298
2026-06-28T05:33:55,idle,ue9,803426,1084557.1149019958,1.084557
2026-06-28T05:33:55,idle,ue10,803438,1105020.4525714517,1.105020
2026-06-28T05:33:55,idle,ue11,803450,1125483.86304785,1.125484
2026-06-28T05:33:55,idle,ue12,803462,1113205.7730778456,1.113206
2026-06-28T05:34:00,idle,cu_cp,801643,462996.92308781506,0.462997
2026-06-28T05:34:00,idle,cu_up,801670,458935.53578847885,0.458936
2026-06-28T05:34:00,idle,du1,801832,3890798.477509332,3.890798
2026-06-28T05:34:00,idle,du2,802596,3781141.526501112,3.781142
2026-06-28T05:34:00,idle,du3,803363,3777079.9223129796,3.777080
2026-06-28T05:34:00,idle,ue1,801897,1108755.7685719014,1.108756
2026-06-28T05:34:00,idle,ue2,801909,1092510.2193745566,1.092510
2026-06-28T05:34:00,idle,ue3,801921,1088448.8320752203,1.088449
2026-06-28T05:34:00,idle,ue4,801933,1064080.5805754685,1.064081
2026-06-28T05:34:00,idle,ue5,802659,1125001.3177692462,1.125001
2026-06-28T05:34:00,idle,ue6,802671,1133124.0200716532,1.133124
2026-06-28T05:34:00,idle,ue7,802683,1080326.1297728133,1.080326
2026-06-28T05:34:00,idle,ue8,802695,1104694.381272565,1.104694
2026-06-28T05:34:00,idle,ue9,803426,1051896.5632699907,1.051897
2026-06-28T05:34:00,idle,ue10,803438,1104694.381272565,1.104694
2026-06-28T05:34:00,idle,ue11,803450,1088448.8320752203,1.088449
2026-06-28T05:34:00,idle,ue12,803462,1072203.355174141,1.072203
2026-06-28T05:34:06,idle,cu_cp,801643,483508.3222330463,0.483508
2026-06-28T05:34:06,idle,cu_up,801670,464911.8455022046,0.464912
2026-06-28T05:34:06,idle,du1,801832,3895961.2019995856,3.895961
2026-06-28T05:34:06,idle,du2,802596,3821575.4406138943,3.821575
2026-06-28T05:34:06,idle,du3,803363,3821575.4406138943,3.821575
2026-06-28T05:34:06,idle,ue1,801897,1069297.2482935125,1.069297
2026-06-28T05:34:06,idle,ue2,801909,1097191.9451975655,1.097192
2026-06-28T05:34:06,idle,ue3,801921,1106490.2017551959,1.106490
2026-06-28T05:34:06,idle,ue4,801933,1041402.5513894594,1.041403
2026-06-28T05:34:06,idle,ue5,802659,1059998.9917358821,1.059999
2026-06-28T05:34:06,idle,ue6,802671,1106490.2017551959,1.106490
2026-06-28T05:34:06,idle,ue7,802683,1087893.6886399353,1.087894
2026-06-28T05:34:06,idle,ue8,802695,1097191.9451975655,1.097192
2026-06-28T05:34:06,idle,ue9,803426,1106490.2017551959,1.106490
2026-06-28T05:34:06,idle,ue10,803438,1087893.6886399353,1.087894
2026-06-28T05:34:06,idle,ue11,803450,1050700.7351782518,1.050701
2026-06-28T05:34:06,idle,ue12,803462,1097191.9451975655,1.097192
2026-06-28T05:34:11,idle,cu_cp,801643,463993.2725745821,0.463993
2026-06-28T05:34:11,idle,cu_up,801670,478960.8350051117,0.478961
2026-06-28T05:34:11,idle,du1,801832,3801751.700526314,3.801752
2026-06-28T05:34:11,idle,du2,802596,3884073.0395378876,3.884073
2026-06-28T05:34:11,idle,du3,803363,3831686.6800408936,3.831687
2026-06-28T05:34:11,idle,ue1,801897,1122564.4933798504,1.122564
2026-06-28T05:34:11,idle,ue2,801909,1062694.3163309717,1.062694
2026-06-28T05:34:11,idle,ue3,801921,1107596.9309493208,1.107597
2026-06-28T05:34:11,idle,ue4,801933,1077661.8060882615,1.077662
2026-06-28T05:34:11,idle,ue5,802659,1107596.9309493208,1.107597
2026-06-28T05:34:11,idle,ue6,802671,1130048.2382584952,1.130048
2026-06-28T05:34:11,idle,ue7,802683,1085145.5509669066,1.085146
2026-06-28T05:34:11,idle,ue8,802695,1107596.9309493208,1.107597
2026-06-28T05:34:11,idle,ue9,803426,1130048.2382584952,1.130048
2026-06-28T05:34:11,idle,ue10,803438,1107596.9309493208,1.107597
2026-06-28T05:34:11,idle,ue11,803450,1085145.5509669066,1.085146
2026-06-28T05:34:11,idle,ue12,803462,1092629.2958455514,1.092629
2026-06-28T05:34:17,idle,cu_cp,801643,461655.95983124134,0.461656
2026-06-28T05:34:17,idle,cu_up,801670,473966.79459862976,0.473967
2026-06-28T05:34:17,idle,du1,801832,3816355.953914168,3.816356
2026-06-28T05:34:17,idle,du2,802596,3816355.953914168,3.816356
2026-06-28T05:34:17,idle,du3,803363,3939463.939539816,3.939464
2026-06-28T05:34:17,idle,ue1,801897,1114129.8042497677,1.114130
2026-06-28T05:34:17,idle,ue2,801909,1071041.8644614965,1.071042
2026-06-28T05:34:17,idle,ue3,801921,1083352.6630240614,1.083353
2026-06-28T05:34:17,idle,ue4,801933,1083352.6630240614,1.083353
2026-06-28T05:34:17,idle,ue5,802659,1083352.6630240614,1.083353
2026-06-28T05:34:17,idle,ue6,802671,1132595.9296839677,1.132596
2026-06-28T05:34:17,idle,ue7,802683,1101818.9332775557,1.101819
2026-06-28T05:34:17,idle,ue8,802695,1052575.594208002,1.052576
2026-06-28T05:34:17,idle,ue9,803426,1089508.1347149909,1.089508
2026-06-28T05:34:17,idle,ue10,803438,1058730.9934892845,1.058731
2026-06-28T05:34:17,idle,ue11,803450,1058730.9934892845,1.058731
2026-06-28T05:34:17,idle,ue12,803462,1071041.8644614965,1.071042
2026-06-28T05:34:22,idle,cu_cp,801643,458923.0444167912,0.458923
2026-06-28T05:34:22,idle,cu_up,801670,466325.00089477835,0.466325
2026-06-28T05:34:22,idle,du1,801832,3852732.688432462,3.852733
2026-06-28T05:34:22,idle,du2,802596,3804620.007633495,3.804620
2026-06-28T05:34:22,idle,du3,803363,3845330.8045703745,3.845331
2026-06-28T05:34:22,idle,ue1,801897,1113998.6979671866,1.113999
2026-06-28T05:34:22,idle,ue2,801909,1051081.8137486475,1.051082
2026-06-28T05:34:22,idle,ue3,801921,1113998.6979671866,1.113999
2026-06-28T05:34:22,idle,ue4,801933,1080689.7848923951,1.080690
2026-06-28T05:34:22,idle,ue5,802659,1084390.726823439,1.084391
2026-06-28T05:34:22,idle,ue6,802671,1117699.6398982303,1.117700
2026-06-28T05:34:22,idle,ue7,802683,1065885.7993205213,1.065886
2026-06-28T05:34:22,idle,ue8,802695,1080689.7848923951,1.080690
2026-06-28T05:34:22,idle,ue9,803426,1084390.726823439,1.084391
2026-06-28T05:34:22,idle,ue10,803438,1069586.8138674647,1.069587
2026-06-28T05:34:22,idle,ue11,803450,1073287.7557985084,1.073288
2026-06-28T05:34:22,idle,ue12,803462,1088091.7413703823,1.088092
2026-06-28T05:34:28,idle,cu_cp,801643,466572.36970396043,0.466572
2026-06-28T05:34:28,idle,cu_up,801670,470246.1741751146,0.470246
2026-06-28T05:34:28,idle,du1,801832,3806055.0470547676,3.806055
2026-06-28T05:34:28,idle,du2,802596,3872183.3824205208,3.872183
2026-06-28T05:34:28,idle,du3,803363,3868509.3602768327,3.868509
2026-06-28T05:34:28,idle,ue1,801897,1120508.4772067403,1.120508
2026-06-28T05:34:28,idle,ue2,801909,1010294.560744648,1.010295
2026-06-28T05:34:28,idle,ue3,801921,1116834.672735586,1.116835
2026-06-28T05:34:28,idle,ue4,801933,1091118.0414375067,1.091118
2026-06-28T05:34:28,idle,ue5,802659,1054380.1418409871,1.054380
2026-06-28T05:34:28,idle,ue6,802671,1116834.672735586,1.116835
2026-06-28T05:34:28,idle,ue7,802683,1094791.845908661,1.094792
2026-06-28T05:34:28,idle,ue8,802695,1083770.4324951982,1.083770
2026-06-28T05:34:28,idle,ue9,803426,1080096.7005815553,1.080097
2026-06-28T05:34:28,idle,ue10,803438,1109487.136350789,1.109487
2026-06-28T05:34:28,idle,ue11,803450,1105813.3318796349,1.105813
2026-06-28T05:34:28,idle,ue12,803462,1105813.3318796349,1.105813
2026-06-28T05:34:33,idle,cu_cp,801643,467479.66458536504,0.467480
2026-06-28T05:34:33,idle,cu_up,801670,460175.29595632135,0.460175
2026-06-28T05:34:33,idle,du1,801832,3849403.099261565,3.849403
2026-06-28T05:34:33,idle,du2,802596,3772707.138248396,3.772707
2026-06-28T05:34:33,idle,du3,803363,3827489.8848845814,3.827490
2026-06-28T05:34:33,idle,ue1,801897,1095655.5113362598,1.095656
2026-06-28T05:34:33,idle,ue2,801909,1077394.49935544,1.077394
2026-06-28T05:34:33,idle,ue3,801921,1077394.49935544,1.077394
2026-06-28T05:34:33,idle,ue4,801933,1029916.2298381508,1.029916
2026-06-28T05:34:33,idle,ue5,802659,1059133.6320277571,1.059134
2026-06-28T05:34:33,idle,ue6,802671,1124872.9858524345,1.124873
2026-06-28T05:34:33,idle,ue7,802683,1095655.5113362598,1.095656
2026-06-28T05:34:33,idle,ue8,802695,1099307.6414058553,1.099308
2026-06-28T05:34:33,idle,ue9,803426,1048177.0971658337,1.048177
2026-06-28T05:34:33,idle,ue10,803438,1022611.7527192545,1.022612
2026-06-28T05:34:33,idle,ue11,803450,1077394.49935544,1.077394
2026-06-28T05:34:33,idle,ue12,803462,1081046.7740781724,1.081047
2026-06-28T05:34:39,idle,cu_cp,801643,462409.3756364927,0.462409
2026-06-28T05:34:39,idle,cu_up,801670,462409.3756364927,0.462409
2026-06-28T05:34:39,idle,du1,801832,3868155.178997934,3.868155
2026-06-28T05:34:39,idle,du2,802596,3848050.036657131,3.848050
2026-06-28T05:34:39,idle,du3,803363,3848050.036657131,3.848050
2026-06-28T05:34:39,idle,ue1,801897,1093698.6346254437,1.093699
2026-06-28T05:34:39,idle,ue2,801909,1093698.6346254437,1.093699
2026-06-28T05:34:39,idle,ue3,801921,1081635.7961914658,1.081636
2026-06-28T05:34:39,idle,ue4,801933,1025342.5017406463,1.025343
2026-06-28T05:34:39,idle,ue5,802659,1069572.957757488,1.069573
2026-06-28T05:34:39,idle,ue6,802671,1117824.3841317832,1.117824
2026-06-28T05:34:39,idle,ue7,802683,1097719.6776212812,1.097720
2026-06-28T05:34:39,idle,ue8,802695,1101740.647978735,1.101741
2026-06-28T05:34:39,idle,ue9,803426,1073593.9281149418,1.073594
2026-06-28T05:34:39,idle,ue10,803438,1045447.280889532,1.045447
2026-06-28T05:34:39,idle,ue11,803450,1081635.7961914658,1.081636
2026-06-28T05:34:39,idle,ue12,803462,1077614.971110779,1.077615
2026-06-28T05:34:44,idle,cu_cp,801643,468821.7713490963,0.468822
2026-06-28T05:34:44,idle,cu_up,801670,468821.7713490963,0.468822
2026-06-28T05:34:44,idle,du1,801832,3881029.0079595326,3.881029
2026-06-28T05:34:44,idle,du2,802596,3783187.6621070383,3.783188
2026-06-28T05:34:44,idle,du3,803363,3872875.1991761206,3.872875
2026-06-28T05:34:44,idle,ue1,801897,1100711.943838364,1.100712
2026-06-28T05:34:44,idle,ue2,801909,1088481.8119363724,1.088482
2026-06-28T05:34:44,idle,ue3,801921,1108865.316666931,1.108865
2026-06-28T05:34:44,idle,ue4,801933,1088481.8119363724,1.088482
2026-06-28T05:34:44,idle,ue5,802659,1059944.8617181063,1.059945
2026-06-28T05:34:44,idle,ue6,802671,1104788.7029117881,1.104789
2026-06-28T05:34:44,idle,ue7,802683,1088481.8119363724,1.088482
2026-06-28T05:34:44,idle,ue8,802695,1100711.943838364,1.100712
2026-06-28T05:34:44,idle,ue9,803426,1112942.0757403553,1.112942
2026-06-28T05:34:44,idle,ue10,803438,1117018.8348137797,1.117019
2026-06-28T05:34:44,idle,ue11,803450,1064021.6207915307,1.064022
2026-06-28T05:34:44,idle,ue12,803462,1092558.4983506561,1.092558
2026-06-28T05:34:50,idle,cu_cp,801643,466153.74406217516,0.466154
2026-06-28T05:34:50,idle,cu_up,801670,462064.6637102038,0.462065
2026-06-28T05:34:50,idle,du1,801832,3835545.6059370995,3.835546
2026-06-28T05:34:50,idle,du2,802596,3835545.6059370995,3.835546
2026-06-28T05:34:50,idle,du3,803363,3843723.911878228,3.843724
2026-06-28T05:34:50,idle,ue1,801897,1075424.864731791,1.075425
2026-06-28T05:34:50,idle,ue2,801909,1099959.2742250264,1.099959
2026-06-28T05:34:50,idle,ue3,801921,1104048.3545769977,1.104048
2026-06-28T05:34:50,idle,ue4,801933,1054979.535590527,1.054980
2026-06-28T05:34:50,idle,ue5,802659,1116315.595632912,1.116316
2026-06-28T05:34:50,idle,ue6,802671,1095870.266491648,1.095870
2026-06-28T05:34:50,idle,ue7,802683,1075424.864731791,1.075425
2026-06-28T05:34:50,idle,ue8,802695,1075424.864731791,1.075425
2026-06-28T05:34:50,idle,ue9,803426,1095870.266491648,1.095870
2026-06-28T05:34:50,idle,ue10,803438,1079513.9450837625,1.079514
2026-06-28T05:34:50,idle,ue11,803450,1063157.6236758768,1.063158
2026-06-28T05:34:50,idle,ue12,803462,1063157.6236758768,1.063158
2026-06-28T05:34:55,idle,cu_cp,801643,459432.15094756725,0.459432
2026-06-28T05:34:55,idle,cu_up,801670,455402.03426832496,0.455402
2026-06-28T05:34:55,idle,du1,801832,3792330.195798984,3.792330
2026-06-28T05:34:55,idle,du2,802596,3788300.330788565,3.788300
2026-06-28T05:34:55,idle,du3,803363,3800390.2134413337,3.800390
2026-06-28T05:34:55,idle,ue1,801897,1067978.2235475183,1.067978
2026-06-28T05:34:55,idle,ue2,801909,1096188.9324441468,1.096189
2026-06-28T05:34:55,idle,ue3,801921,1080068.537632556,1.080069
2026-06-28T05:34:55,idle,ue4,801933,1047827.604198618,1.047828
2026-06-28T05:34:55,idle,ue5,802659,1112309.3272557377,1.112309
2026-06-28T05:34:55,idle,ue6,802671,1116339.5517930472,1.116340
2026-06-28T05:34:55,idle,ue7,802683,1067978.2235475183,1.067978
2026-06-28T05:34:55,idle,ue8,802695,1047827.604198618,1.047828
2026-06-28T05:34:55,idle,ue9,803426,1047827.604198618,1.047828
2026-06-28T05:34:55,idle,ue10,803438,1059917.9901890338,1.059918
2026-06-28T05:34:55,idle,ue11,803450,1047827.604198618,1.047828
2026-06-28T05:34:55,idle,ue12,803462,1055887.9094624806,1.055888
2026-06-28T05:35:01,idle,cu_cp,801643,467756.0883620131,0.467756
2026-06-28T05:35:01,idle,cu_up,801670,476260.73073908687,0.476261
2026-06-28T05:35:01,idle,du1,801832,3886627.988079195,3.886628
2026-06-28T05:35:01,idle,du2,802596,3810085.845912695,3.810086
2026-06-28T05:35:01,idle,du3,803363,3801581.419999323,3.801581
2026-06-28T05:35:01,idle,ue1,801897,1063081.9566892672,1.063082
2026-06-28T05:35:01,idle,ue2,801909,1063081.9566892672,1.063082
2026-06-28T05:35:01,idle,ue3,801921,1080091.3135979818,1.080091
2026-06-28T05:35:01,idle,ue4,801933,1088595.9559750557,1.088596
2026-06-28T05:35:01,idle,ue5,802659,1054577.3143121933,1.054577
2026-06-28T05:35:01,idle,ue6,802671,1097100.5983521296,1.097101
2026-06-28T05:35:01,idle,ue7,802683,1046072.6719351197,1.046073
2026-06-28T05:35:01,idle,ue8,802695,1088595.9559750557,1.088596
2026-06-28T05:35:01,idle,ue9,803426,1097100.5983521296,1.097101
2026-06-28T05:35:01,idle,ue10,803438,1088595.9559750557,1.088596
2026-06-28T05:35:01,idle,ue11,803450,1080091.3135979818,1.080091
2026-06-28T05:35:01,idle,ue12,803462,1037568.0295580459,1.037568
2026-06-28T05:35:06,idle,cu_cp,801643,453027.275307855,0.453027
2026-06-28T05:35:06,idle,cu_up,801670,473619.4029180169,0.473619
2026-06-28T05:35:06,idle,du1,801832,3795819.445836353,3.795819
2026-06-28T05:35:06,idle,du2,802596,3795819.445836353,3.795819
2026-06-28T05:35:06,idle,du3,803363,3768363.131725073,3.768363
2026-06-28T05:35:06,idle,ue1,801897,1084519.8005348444,1.084520
2026-06-28T05:35:06,idle,ue2,801909,1098247.9575904845,1.098248
2026-06-28T05:35:06,idle,ue3,801921,1077655.8659714223,1.077656
2026-06-28T05:35:06,idle,ue4,801933,1105111.9641361057,1.105112
2026-06-28T05:35:06,idle,ue5,802659,1043335.5453145206,1.043336
2026-06-28T05:35:06,idle,ue6,802671,1111976.0426639258,1.111976
2026-06-28T05:35:06,idle,ue7,802683,1043335.5453145206,1.043336
2026-06-28T05:35:06,idle,ue8,802695,1022743.4536954581,1.022743
2026-06-28T05:35:06,idle,ue9,803426,1118840.121191746,1.118840
2026-06-28T05:35:06,idle,ue10,803438,1091383.8790626645,1.091384
2026-06-28T05:35:06,idle,ue11,803450,1070791.787443602,1.070792
2026-06-28T05:35:06,idle,ue12,803462,1091383.8790626645,1.091384
2026-06-28T05:35:12,idle,cu_cp,801643,468867.675235934,0.468868
2026-06-28T05:35:12,idle,cu_up,801670,468867.675235934,0.468868
2026-06-28T05:35:12,idle,du1,801832,3825273.891181858,3.825274
2026-06-28T05:35:12,idle,du2,802596,3773813.178464055,3.773813
2026-06-28T05:35:12,idle,du3,803363,3773813.178464055,3.773813
2026-06-28T05:35:12,idle,ue1,801897,1092118.6298318356,1.092119
2026-06-28T05:35:12,idle,ue2,801909,1029221.7435241013,1.029222
2026-06-28T05:35:12,idle,ue3,801921,1063529.1944127465,1.063529
2026-06-28T05:35:12,idle,ue4,801933,1023503.7993799555,1.023504
2026-06-28T05:35:12,idle,ue5,802659,1057811.2502686006,1.057811
2026-06-28T05:35:12,idle,ue6,802671,1069246.9959060722,1.069247
2026-06-28T05:35:12,idle,ue7,802683,1057811.2502686006,1.057811
2026-06-28T05:35:12,idle,ue8,802695,1034939.6163428372,1.034940
2026-06-28T05:35:12,idle,ue9,803426,1069246.9959060722,1.069247
2026-06-28T05:35:12,idle,ue10,803438,1080682.812868954,1.080683
2026-06-28T05:35:12,idle,ue11,803450,1080682.812868954,1.080683
2026-06-28T05:35:12,idle,ue12,803462,1012067.9824170738,1.012068
2026-06-28T05:35:17,dl,cu_cp,801643,467208.3687457743,0.467208
2026-06-28T05:35:17,dl,cu_up,801670,467208.3687457743,0.467208
2026-06-28T05:35:17,dl,du1,801832,3828918.7537571955,3.828919
2026-06-28T05:35:17,dl,du2,802596,3774167.4984381725,3.774167
2026-06-28T05:35:17,dl,du3,803363,3821618.5863813255,3.821619
2026-06-28T05:35:17,dl,ue1,801897,1098669.7103283477,1.098670
2026-06-28T05:35:17,dl,ue2,801909,1102319.7940162825,1.102320
2026-06-28T05:35:17,dl,ue3,801921,1040268.587626918,1.040269
2026-06-28T05:35:17,dl,ue4,801933,1080419.4360923588,1.080419
2026-06-28T05:35:17,dl,ue5,802659,1069469.1850285542,1.069469
2026-06-28T05:35:17,dl,ue6,802671,1124220.1519402063,1.124220
2026-06-28T05:35:17,dl,ue7,802683,1076769.2803025811,1.076769
2026-06-28T05:35:17,dl,ue8,802695,1054868.8502768148,1.054869
2026-06-28T05:35:17,dl,ue9,803426,1058518.9339647496,1.058519
2026-06-28T05:35:17,dl,ue10,803438,1076769.2803025811,1.076769
2026-06-28T05:35:17,dl,ue11,803450,1084069.447678451,1.084069
2026-06-28T05:35:17,dl,ue12,803462,1022018.2412890863,1.022018
2026-06-28T05:35:23,dl,cu_cp,801643,538523.9262039143,0.538524
2026-06-28T05:35:23,dl,cu_up,801670,937278.3463613653,0.937278
2026-06-28T05:35:23,dl,du1,801832,5113922.217092847,5.113922
2026-06-28T05:35:23,dl,du2,802596,5072813.20124433,5.072813
2026-06-28T05:35:23,dl,du3,803363,5039926.644473229,5.039927
2026-06-28T05:35:23,dl,ue1,801897,2084211.0337808896,2.084211
2026-06-28T05:35:23,dl,ue2,801909,1969106.7732666088,1.969107
2026-06-28T05:35:23,dl,ue3,801921,1800560.9561261833,1.800561
2026-06-28T05:35:23,dl,ue4,801933,2006104.5595764185,2.006105
2026-06-28T05:35:23,dl,ue5,802659,2051324.1490559315,2.051324
2026-06-28T05:35:23,dl,ue6,802671,1911554.4790325402,1.911554
2026-06-28T05:35:23,dl,ue7,802683,1981439.314044236,1.981439
2026-06-28T05:35:23,dl,ue8,802695,1911554.4790325402,1.911554
2026-06-28T05:35:23,dl,ue9,803426,2001993.6579915667,2.001994
2026-06-28T05:35:23,dl,ue10,803438,2043102.3458862281,2.043102
2026-06-28T05:35:23,dl,ue11,803450,1977328.4124593842,1.977328
2026-06-28T05:35:23,dl,ue12,803462,1788228.4153485561,1.788228
2026-06-28T05:35:29,dl,cu_cp,801643,565118.2729018182,0.565118
2026-06-28T05:35:29,dl,cu_up,801670,1134651.539633571,1.134652
2026-06-28T05:35:29,dl,du1,801832,5571713.0105029605,5.571713
2026-06-28T05:35:29,dl,du2,802596,5854272.274771571,5.854272
2026-06-28T05:35:29,dl,du3,803363,5554053.035183222,5.554053
2026-06-28T05:35:29,dl,ue1,801897,2366432.943525703,2.366433
2026-06-28T05:35:29,dl,ue2,801909,2317868.0113964225,2.317868
2026-06-28T05:35:29,dl,ue3,801921,2392922.565658107,2.392923
2026-06-28T05:35:29,dl,ue4,801933,2432657.68055112,2.432658
2026-06-28T05:35:29,dl,ue5,802659,2357602.7854422317,2.357603
2026-06-28T05:35:29,dl,ue6,802671,2392922.565658107,2.392923
2026-06-28T05:35:29,dl,ue7,802683,2445902.491617322,2.445902
2026-06-28T05:35:29,dl,ue8,802695,2450317.4854472564,2.450317
2026-06-28T05:35:29,dl,ue9,803426,2300207.8656530823,2.300208
2026-06-28T05:35:29,dl,ue10,803438,2309038.0237365533,2.309038
2026-06-28T05:35:29,dl,ue11,803450,2317868.0113964225,2.317868
2026-06-28T05:35:29,dl,ue12,803462,2348772.797782363,2.348773
2026-06-28T05:35:34,dl,cu_cp,801643,576214.3931249588,0.576214
2026-06-28T05:35:34,dl,cu_up,801670,1176239.311055669,1.176239
2026-06-28T05:35:34,dl,du1,801832,5676426.110209823,5.676426
2026-06-28T05:35:34,dl,du2,802596,5666902.002678931,5.666902
2026-06-28T05:35:34,dl,du3,803363,5609757.016188884,5.609757
2026-06-28T05:35:34,dl,ue1,801897,2347716.5683458922,2.347717
2026-06-28T05:35:34,dl,ue2,801909,2423910.2818547664,2.423910
2026-06-28T05:35:34,dl,ue3,801921,2433434.5600380064,2.433435
2026-06-28T05:35:34,dl,ue4,801933,2447720.7213343442,2.447721
2026-06-28T05:35:34,dl,ue5,802659,2266760.801071572,2.266761
2026-06-28T05:35:34,dl,ue6,802671,2338192.2901626527,2.338192
2026-06-28T05:35:34,dl,ue7,802683,2352478.622111338,2.352479
2026-06-28T05:35:34,dl,ue8,802695,2428672.1649678648,2.428672
2026-06-28T05:35:34,dl,ue9,803426,2319144.075100869,2.319144
2026-06-28T05:35:34,dl,ue10,803438,2357240.846529132,2.357241
2026-06-28T05:35:34,dl,ue11,803450,2381051.115356362,2.381051
2026-06-28T05:35:34,dl,ue12,803462,2390575.3935396015,2.390575
2026-06-28T05:35:40,dl,cu_cp,801643,574804.2660343498,0.574804
2026-06-28T05:35:40,dl,cu_up,801670,1116355.4060662056,1.116355
2026-06-28T05:35:40,dl,du1,801832,5539023.035484794,5.539023
2026-06-28T05:35:40,dl,du2,802596,5553274.2537010005,5.553274
2026-06-28T05:35:40,dl,du3,803363,5767044.227932172,5.767044
2026-06-28T05:35:40,dl,ue1,801897,2289716.195293659,2.289716
2026-06-28T05:35:40,dl,ue2,801909,2346721.748553714,2.346722
2026-06-28T05:35:40,dl,ue3,801921,2337220.53951236,2.337221
2026-06-28T05:35:40,dl,ue4,801933,2384725.2239286746,2.384725
2026-06-28T05:35:40,dl,ue5,802659,2246962.200447425,2.246962
2026-06-28T05:35:40,dl,ue6,802671,2294466.544666126,2.294467
2026-06-28T05:35:40,dl,ue7,802683,2332470.3602386997,2.332470
2026-06-28T05:35:40,dl,ue8,802695,2365723.316142387,2.365723
2026-06-28T05:35:40,dl,ue9,803426,2337220.53951236,2.337221
2026-06-28T05:35:40,dl,ue10,803438,2398976.612243688,2.398977
2026-06-28T05:35:40,dl,ue11,803450,2455981.995404936,2.455982
2026-06-28T05:35:40,dl,ue12,803462,2470233.3837199495,2.470233
2026-06-28T05:35:45,dl,cu_cp,801643,576288.4246750522,0.576288
2026-06-28T05:35:45,dl,cu_up,801670,973077.1134806597,0.973077
2026-06-28T05:35:45,dl,du1,801832,5526700.557973995,5.526701
2026-06-28T05:35:45,dl,du2,802596,5503081.883559532,5.503082
2026-06-28T05:35:45,dl,du3,803363,5422779.341109323,5.422779
2026-06-28T05:35:45,dl,ue1,801897,2290982.5619485998,2.290983
2026-06-28T05:35:45,dl,ue2,801909,2352390.5383011173,2.352391
2026-06-28T05:35:45,dl,ue3,801921,2328772.2033719993,2.328772
2026-06-28T05:35:45,dl,ue4,801933,2338219.401549509,2.338219
2026-06-28T05:35:45,dl,ue5,802659,2314601.0666203904,2.314601
2026-06-28T05:35:45,dl,ue6,802671,2305153.6987002087,2.305154
2026-06-28T05:35:45,dl,ue7,802683,2385456.0714077447,2.385456
2026-06-28T05:35:45,dl,ue8,802695,2404350.8072481086,2.404351
2026-06-28T05:35:45,dl,ue9,803426,2267364.227019482,2.267364
2026-06-28T05:35:45,dl,ue10,803438,2324048.2647979,2.324048
2026-06-28T05:35:45,dl,ue11,803450,2347666.599727018,2.347667
2026-06-28T05:35:45,dl,ue12,803462,2324048.2647979,2.324048
2026-06-28T05:35:51,dl,cu_cp,801643,585984.888649503,0.585985
2026-06-28T05:35:51,dl,cu_up,801670,1027875.1501055312,1.027875
2026-06-28T05:35:51,dl,du1,801832,5619690.974596996,5.619691
2026-06-28T05:35:51,dl,du2,802596,5869455.566233997,5.869456
2026-06-28T05:35:51,dl,du3,803363,5782998.275866432,5.782998
2026-06-28T05:35:51,dl,ue1,801897,2286301.8750711153,2.286302
2026-06-28T05:35:51,dl,ue2,801909,2286301.8750711153,2.286302
2026-06-28T05:35:51,dl,ue3,801921,2411183.656838136,2.411184
2026-06-28T05:35:51,dl,ue4,801933,2401577.234124908,2.401577
2026-06-28T05:35:51,dl,ue5,802659,2440002.5822768304,2.440003
2026-06-28T05:35:51,dl,ue6,802671,2478427.9304287527,2.478428
2026-06-28T05:35:51,dl,ue7,802683,2430396.330914097,2.430396
2026-06-28T05:35:51,dl,ue8,802695,2757010.9334529685,2.757011
2026-06-28T05:35:51,dl,ue9,803426,2343939.554598012,2.343940
2026-06-28T05:35:51,dl,ue10,803438,2478427.9304287527,2.478428
2026-06-28T05:35:51,dl,ue11,803450,2382364.9027499342,2.382365
2026-06-28T05:35:51,dl,ue12,803462,2334333.131884785,2.334333
2026-06-28T05:35:57,dl,cu_cp,801643,568181.005096361,0.568181
2026-06-28T05:35:57,dl,cu_up,801670,1076553.5870332867,1.076554
2026-06-28T05:35:57,dl,du1,801832,5666858.223566413,5.666858
2026-06-28T05:35:57,dl,du2,802596,5734142.903061569,5.734143
2026-06-28T05:35:57,dl,du3,803363,5666858.223566413,5.666858
2026-06-28T05:35:57,dl,ue1,801897,2347484.87055704,2.347485
2026-06-28T05:35:57,dl,ue2,801909,2287676.361738324,2.287676
2026-06-28T05:35:57,dl,ue3,801921,2347484.87055704,2.347485
2026-06-28T05:35:57,dl,ue4,801933,2482053.88691023,2.482054
2026-06-28T05:35:57,dl,ue5,802659,2340008.871199161,2.340009
2026-06-28T05:35:57,dl,ue6,802671,2384865.2099835575,2.384865
2026-06-28T05:35:57,dl,ue7,802683,2377389.0393071175,2.377389
2026-06-28T05:35:57,dl,ue8,802695,2556814.7370818257,2.556815
2026-06-28T05:35:57,dl,ue9,803426,2369913.0399492383,2.369913
2026-06-28T05:35:57,dl,ue10,803438,2362436.8692727983,2.362437
2026-06-28T05:35:57,dl,ue11,803450,2384865.2099835575,2.384865
2026-06-28T05:35:57,dl,ue12,803462,2452149.7181601524,2.452150
2026-06-28T05:36:02,dl,cu_cp,801643,586396.8099991414,0.586397
2026-06-28T05:36:02,dl,cu_up,801670,1079982.6134826439,1.079983
2026-06-28T05:36:02,dl,du1,801832,5728970.4982493855,5.728970
2026-06-28T05:36:02,dl,du2,802596,5547567.307556851,5.547567
2026-06-28T05:36:02,dl,du3,803363,5707876.729326415,5.707877
2026-06-28T05:36:02,dl,ue1,801897,2337149.9380898247,2.337150
2026-06-28T05:36:02,dl,ue2,801909,2354024.7132886793,2.354025
2026-06-28T05:36:02,dl,ue3,801921,2358243.5356274224,2.358244
2026-06-28T05:36:02,dl,ue4,801933,2438398.2465122044,2.438398
2026-06-28T05:36:02,dl,ue5,802659,2320275.1628909707,2.320275
2026-06-28T05:36:02,dl,ue6,802671,2349805.890949936,2.349806
2026-06-28T05:36:02,dl,ue7,802683,2375118.1394409034,2.375118
2026-06-28T05:36:02,dl,ue8,802695,2396211.394207755,2.396211
2026-06-28T05:36:02,dl,ue9,803426,2366680.66614879,2.366681
2026-06-28T05:36:02,dl,ue10,803438,2408867.518453239,2.408868
2026-06-28T05:36:02,dl,ue11,803450,2425742.2936520935,2.425742
2026-06-28T05:36:02,dl,ue12,803462,2446835.719804318,2.446836
2026-06-28T05:36:08,dl,cu_cp,801643,578100.595314979,0.578101
2026-06-28T05:36:08,dl,cu_up,801670,1054928.1293075727,1.054928
2026-06-28T05:36:08,dl,du1,801832,5700831.649869266,5.700832
2026-06-28T05:36:08,dl,du2,802596,5510944.370563908,5.510944
2026-06-28T05:36:08,dl,du3,803363,5595338.7169218445,5.595339
2026-06-28T05:36:08,dl,ue1,801897,2299743.19501575,2.299743
2026-06-28T05:36:08,dl,ue2,801909,2367258.7406830504,2.367259
2026-06-28T05:36:08,dl,ue3,801921,2409455.9138620184,2.409456
2026-06-28T05:36:08,dl,ue4,801933,2468531.716279247,2.468532
2026-06-28T05:36:08,dl,ue5,802659,2257546.1932891584,2.257546
2026-06-28T05:36:08,dl,ue6,802671,2346160.154093566,2.346160
2026-06-28T05:36:08,dl,ue7,802683,2303963.1523669744,2.303963
2026-06-28T05:36:08,dl,ue8,802695,2371478.355129521,2.371478
2026-06-28T05:36:08,dl,ue9,803426,2337720.7537482474,2.337721
2026-06-28T05:36:08,dl,ue10,803438,2354599.3829865074,2.354599
2026-06-28T05:36:08,dl,ue11,803450,2371478.355129521,2.371478
2026-06-28T05:36:08,dl,ue12,803462,2413675.5283084894,2.413676
2026-06-28T05:36:14,dl,cu_cp,801643,576777.8958707383,0.576778
2026-06-28T05:36:14,dl,cu_up,801670,1069901.070016898,1.069901
2026-06-28T05:36:14,dl,du1,801832,5640095.834204417,5.640096
2026-06-28T05:36:14,dl,du2,802596,5591664.058197851,5.591664
2026-06-28T05:36:14,dl,du3,803363,5622484.404325276,5.622484
2026-06-28T05:36:14,dl,ue1,801897,2307111.5834829533,2.307112
2026-06-28T05:36:14,dl,ue2,801909,2302708.897932632,2.302709
2026-06-28T05:36:14,dl,ue3,801921,2373155.133207587,2.373155
2026-06-28T05:36:14,dl,ue4,801933,2443601.196563078,2.443601
2026-06-28T05:36:14,dl,ue5,802659,2368752.103818338,2.368752
2026-06-28T05:36:14,dl,ue6,802671,2381960.8481471576,2.381961
2026-06-28T05:36:14,dl,ue7,802683,2311514.6128722024,2.311515
2026-06-28T05:36:14,dl,ue8,802695,2421586.7372946884,2.421587
2026-06-28T05:36:14,dl,ue9,803426,2342334.7870801627,2.342335
2026-06-28T05:36:14,dl,ue10,803438,2364349.246348553,2.364349
2026-06-28T05:36:14,dl,ue11,803450,2390766.5630867276,2.390767
2026-06-28T05:36:14,dl,ue12,803462,2412780.8504356537,2.412781
2026-06-28T05:36:19,dl,cu_cp,801643,575147.9692510363,0.575148
2026-06-28T05:36:19,dl,cu_up,801670,1030473.4574228149,1.030473
2026-06-28T05:36:19,dl,du1,801832,5717929.490488525,5.717929
2026-06-28T05:36:19,dl,du2,802596,5511834.8161669895,5.511835
2026-06-28T05:36:19,dl,du3,803363,5703550.648589576,5.703551
2026-06-28T05:36:19,dl,ue1,801897,2353313.7824094417,2.353314
2026-06-28T05:36:19,dl,ue2,801909,2362899.5053784573,2.362900
2026-06-28T05:36:19,dl,ue3,801921,2358106.729709091,2.358107
2026-06-28T05:36:19,dl,ue4,801933,2453964.6459203837,2.453965
2026-06-28T05:36:19,dl,ue5,802659,2262248.6418675147,2.262249
2026-06-28T05:36:19,dl,ue6,802671,2305384.824303795,2.305385
2026-06-28T05:36:19,dl,ue7,802683,2314970.7189030945,2.314971
2026-06-28T05:36:19,dl,ue8,802695,2386864.241876706,2.386864
2026-06-28T05:36:19,dl,ue9,803426,2348521.0067400755,2.348521
2026-06-28T05:36:19,dl,ue10,803438,2367692.6243083905,2.367693
2026-06-28T05:36:19,dl,ue11,803450,2406035.516184454,2.406036
2026-06-28T05:36:19,dl,ue12,803462,2425207.3053830527,2.425207
2026-06-28T05:36:25,dl,cu_cp,801643,570492.414693445,0.570492
2026-06-28T05:36:25,dl,cu_up,801670,1054691.861260909,1.054692
2026-06-28T05:36:25,dl,du1,801832,5656983.065496135,5.656983
2026-06-28T05:36:25,dl,du2,802596,5541925.7746614935,5.541926
2026-06-28T05:36:25,dl,du3,803363,5709717.75726378,5.709718
2026-06-28T05:36:25,dl,ue1,801897,2353880.508460474,2.353881
2026-06-28T05:36:25,dl,ue2,801909,2320321.9746118784,2.320322
2026-06-28T05:36:25,dl,ue3,801921,2349086.383150625,2.349086
2026-06-28T05:36:25,dl,ue4,801933,2444967.3444060446,2.444967
2026-06-28T05:36:25,dl,ue5,802659,2253205.250235033,2.253205
2026-06-28T05:36:25,dl,ue6,802671,2305939.770342505,2.305940
2026-06-28T05:36:25,dl,ue7,802683,2344292.2578407764,2.344292
2026-06-28T05:36:25,dl,ue8,802695,2353880.508460474,2.353881
2026-06-28T05:36:25,dl,ue9,803426,2334704.1788812517,2.334704
2026-06-28T05:36:25,dl,ue10,803438,2392232.8242985727,2.392233
2026-06-28T05:36:25,dl,ue11,803450,2416203.1075274707,2.416203
2026-06-28T05:36:25,dl,ue12,803462,2521672.1477424144,2.521672
2026-06-28T05:36:30,dl,cu_cp,801643,581341.2111415565,0.581341
2026-06-28T05:36:30,dl,cu_up,801670,1042570.6110401606,1.042571
2026-06-28T05:36:30,dl,du1,801832,5645255.472462353,5.645255
2026-06-28T05:36:30,dl,du2,802596,5582797.454471712,5.582797
2026-06-28T05:36:30,dl,du3,803363,5674082.541110306,5.674083
2026-06-28T05:36:30,dl,ue1,801897,2349387.172410457,2.349387
2026-06-28T05:36:30,dl,ue2,801909,2354191.7411923814,2.354192
2026-06-28T05:36:30,dl,ue3,801921,2349387.172410457,2.349387
2026-06-28T05:36:30,dl,ue4,801933,2440672.087027254,2.440672
2026-06-28T05:36:30,dl,ue5,802659,2310951.4822640466,2.310951
2026-06-28T05:36:30,dl,ue6,802671,2344582.603628533,2.344583
2026-06-28T05:36:30,dl,ue7,802683,2349387.172410457,2.349387
2026-06-28T05:36:30,dl,ue8,802695,2397432.000120716,2.397432
2026-06-28T05:36:30,dl,ue9,803426,2339778.378890202,2.339778
2026-06-28T05:36:30,dl,ue10,803438,2368605.2755163573,2.368605
2026-06-28T05:36:30,dl,ue11,803450,2435867.6902671265,2.435868
2026-06-28T05:36:30,dl,ue12,803462,2411845.3624228956,2.411845
2026-06-28T05:36:36,dl,cu_cp,801643,587566.2797458487,0.587566
2026-06-28T05:36:36,dl,cu_up,801670,1088442.4116885376,1.088442
2026-06-28T05:36:36,dl,du1,801832,5663753.336689987,5.663753
2026-06-28T05:36:36,dl,du2,802596,5567431.3714080285,5.567431
2026-06-28T05:36:36,dl,du3,803363,5837133.976886668,5.837134
2026-06-28T05:36:36,dl,ue1,801897,2379161.9497812353,2.379162
2026-06-28T05:36:36,dl,ue2,801909,2359897.4533477356,2.359897
2026-06-28T05:36:36,dl,ue3,801921,2417690.5980578745,2.417691
2026-06-28T05:36:36,dl,ue4,801933,2456219.5909248744,2.456220
2026-06-28T05:36:36,dl,ue5,802659,2292471.629682895,2.292472
2026-06-28T05:36:36,dl,ue6,802671,2273207.133249395,2.273207
2026-06-28T05:36:36,dl,ue7,802683,2321368.460480735,2.321368
2026-06-28T05:36:36,dl,ue8,802695,2253942.8091110755,2.253943
2026-06-28T05:36:36,dl,ue9,803426,2398426.1016243743,2.398426
2026-06-28T05:36:36,dl,ue10,803438,2331000.622549895,2.331001
2026-06-28T05:36:36,dl,ue11,803450,2369529.615416895,2.369530
2026-06-28T05:36:36,dl,ue12,803462,2533277.5766588748,2.533278
2026-06-28T05:36:41,dl,cu_cp,801643,583522.5041915656,0.583523
2026-06-28T05:36:41,dl,cu_up,801670,1045793.5655489159,1.045794
2026-06-28T05:36:41,dl,du1,801832,5721552.007602863,5.721552
2026-06-28T05:36:41,dl,du2,802596,5426001.637177162,5.426002
2026-06-28T05:36:41,dl,du3,803363,5660926.114324169,5.660926
2026-06-28T05:36:41,dl,ue1,801897,2394715.5663217832,2.394716
2026-06-28T05:36:41,dl,ue2,801909,2417450.44816288,2.417450
2026-06-28T05:36:41,dl,ue3,801921,2462919.696260314,2.462920
2026-06-28T05:36:41,dl,ue4,801933,2478075.997718401,2.478076
2026-06-28T05:36:41,dl,ue5,802659,2227994.875390134,2.227995
2026-06-28T05:36:41,dl,ue6,802671,2250729.757231231,2.250730
2026-06-28T05:36:41,dl,ue7,802683,2258307.9938910673,2.258308
2026-06-28T05:36:41,dl,ue8,802695,2281042.532008991,2.281043
2026-06-28T05:36:41,dl,ue9,803426,2356824.726745772,2.356825
2026-06-28T05:36:41,dl,ue10,803438,2341668.081564512,2.341668
2026-06-28T05:36:41,dl,ue11,803450,2356824.726745772,2.356825
2026-06-28T05:36:41,dl,ue12,803462,2387137.501523533,2.387138
2026-06-28T05:36:47,dl,cu_cp,801643,581399.3637156844,0.581399
2026-06-28T05:36:47,dl,cu_up,801670,1056703.91676898,1.056704
2026-06-28T05:36:47,dl,du1,801832,5775799.470759392,5.775799
2026-06-28T05:36:47,dl,du2,802596,5669704.40090456,5.669704
2026-06-28T05:36:47,dl,du3,803363,5686679.432374572,5.686679
2026-06-28T05:36:47,dl,ue1,801897,2435935.8505976675,2.435936
2026-06-28T05:36:47,dl,ue2,801909,2444423.366332674,2.444423
2026-06-28T05:36:47,dl,ue3,801921,2448667.38339262,2.448667
2026-06-28T05:36:47,dl,ue4,801933,2533543.231922531,2.533543
2026-06-28T05:36:47,dl,ue5,802659,2304378.4063327787,2.304378
2026-06-28T05:36:47,dl,ue6,802671,2321353.7833927153,2.321354
2026-06-28T05:36:47,dl,ue7,802683,2355303.846332741,2.355304
2026-06-28T05:36:47,dl,ue8,802695,2317109.7663327693,2.317110
2026-06-28T05:36:47,dl,ue9,803426,2329841.12633276,2.329841
2026-06-28T05:36:47,dl,ue10,803438,2321353.7833927153,2.321354
2026-06-28T05:36:47,dl,ue11,803450,2359547.690597725,2.359548
2026-06-28T05:36:47,dl,ue12,803462,2448667.38339262,2.448667
2026-06-28T05:36:53,dl,cu_cp,801643,574665.6051378634,0.574666
2026-06-28T05:36:53,dl,cu_up,801670,1014115.7636394006,1.014116
2026-06-28T05:36:53,dl,du1,801832,5717077.876992924,5.717078
2026-06-28T05:36:53,dl,du2,802596,5569185.7130686715,5.569186
2026-06-28T05:36:53,dl,du3,803363,5695950.474222629,5.695950
2026-06-28T05:36:53,dl,ue1,801897,2315564.4805805646,2.315564
2026-06-28T05:36:53,dl,ue2,801909,2374721.1738841725,2.374721
2026-06-28T05:36:53,dl,ue3,801921,2357819.286121155,2.357819
2026-06-28T05:36:53,dl,ue4,801933,2522612.9932762384,2.522613
2026-06-28T05:36:53,dl,ue5,802659,2290211.562802992,2.290212
2026-06-28T05:36:53,dl,ue6,802671,2315564.4805805646,2.315564
2026-06-28T05:36:53,dl,ue7,802683,2340917.2260920443,2.340917
2026-06-28T05:36:53,dl,ue8,802695,2353593.5988477836,2.353594
2026-06-28T05:36:53,dl,ue9,803426,2319789.823321749,2.319790
2026-06-28T05:36:53,dl,ue10,803438,2349368.2561065997,2.349368
2026-06-28T05:36:53,dl,ue11,803450,2370495.4866108014,2.370495
2026-06-28T05:36:53,dl,ue12,803462,2450779.927216891,2.450780
2026-06-28T05:36:59,dl,cu_cp,801643,578384.3743115312,0.578384
2026-06-28T05:36:59,dl,cu_up,801670,1050805.2044275678,1.050805
2026-06-28T05:36:59,dl,du1,801832,5832410.353082686,5.832410
2026-06-28T05:36:59,dl,du2,802596,5699956.009571685,5.699956
2026-06-28T05:36:59,dl,du3,803363,5673464.863322706,5.673465
2026-06-28T05:36:59,dl,ue1,801897,2468067.738142362,2.468068
2026-06-28T05:36:59,dl,ue2,801909,2441576.9388268567,2.441577
2026-06-28T05:36:59,dl,ue3,801921,2490143.4620608618,2.490143
2026-06-28T05:36:59,dl,ue4,801933,2543125.0606918717,2.543125
2026-06-28T05:36:59,dl,ue5,802659,2300291.924121635,2.300292
2026-06-28T05:36:59,dl,ue6,802671,2331198.14576762,2.331198
2026-06-28T05:36:59,dl,ue7,802683,2393010.242126114,2.393010
2026-06-28T05:36:59,dl,ue8,802695,2450407.089620867,2.450407
2026-06-28T05:36:59,dl,ue9,803426,2313537.497246125,2.313537
2026-06-28T05:36:59,dl,ue10,803438,2322367.8215068723,2.322368
2026-06-28T05:36:59,dl,ue11,803450,2366519.4428106095,2.366519
2026-06-28T05:36:59,dl,ue12,803462,2445991.8407571246,2.445992
2026-06-28T05:37:04,dl,cu_cp,801643,575146.5166925108,0.575147
2026-06-28T05:37:04,dl,cu_up,801670,1005298.0928679943,1.005298
2026-06-28T05:37:04,dl,du1,801832,5891626.386561889,5.891626
2026-06-28T05:37:04,dl,du2,802596,5553305.348602705,5.553305
2026-06-28T05:37:04,dl,du3,803363,5659634.758391895,5.659635
2026-06-28T05:37:04,dl,ue1,801897,2440747.718683777,2.440748
2026-06-28T05:37:04,dl,ue2,801909,2440747.718683777,2.440748
2026-06-28T05:37:04,dl,ue3,801921,2445580.9208316803,2.445581
2026-06-28T05:37:04,dl,ue4,801933,2605075.2084262464,2.605075
2026-06-28T05:37:04,dl,ue5,802659,2315085.5003029727,2.315086
2026-06-28T05:37:04,dl,ue6,802671,2305419.096007166,2.305419
2026-06-28T05:37:04,dl,ue7,802683,2382749.811641278,2.382750
2026-06-28T05:37:04,dl,ue8,802695,2353750.7716646385,2.353751
2026-06-28T05:37:04,dl,ue9,803426,2300586.066770043,2.300586
2026-06-28T05:37:04,dl,ue10,803438,2344084.3673688318,2.344084
2026-06-28T05:37:04,dl,ue11,803450,2392416.0430263043,2.392416
2026-06-28T05:37:04,dl,ue12,803462,2450414.1229795837,2.450414
2026-06-28T05:37:10,dl,cu_cp,801643,578632.476400137,0.578632
2026-06-28T05:37:10,dl,cu_up,801670,1056004.26943025,1.056004
2026-06-28T05:37:10,dl,du1,801832,5723639.665464926,5.723640
2026-06-28T05:37:10,dl,du2,802596,5540406.566379642,5.540407
2026-06-28T05:37:10,dl,du3,803363,5776681.062208509,5.776681
2026-06-28T05:37:10,dl,ue1,801897,2406146.800770807,2.406147
2026-06-28T05:37:10,dl,ue2,801909,2410968.6516672373,2.410969
2026-06-28T05:37:10,dl,ue3,801921,2430256.573694384,2.430257
2026-06-28T05:37:10,dl,ue4,801933,2507407.397733927,2.507407
2026-06-28T05:37:10,dl,ue5,802659,2314529.905600548,2.314530
2026-06-28T05:37:10,dl,ue6,802671,2261488.681670773,2.261489
2026-06-28T05:37:10,dl,ue7,802683,2314529.905600548,2.314530
2026-06-28T05:37:10,dl,ue8,802695,2386859.051557469,2.386859
2026-06-28T05:37:10,dl,ue9,803426,2280776.4308841107,2.280776
2026-06-28T05:37:10,dl,ue10,803438,2333817.8276276947,2.333818
2026-06-28T05:37:10,dl,ue11,803450,2401324.7770605683,2.401325
2026-06-28T05:37:10,dl,ue12,803462,2497763.523127258,2.497764
2026-06-28T05:37:15,dl,cu_cp,801643,584638.701507715,0.584639
2026-06-28T05:37:15,dl,cu_up,801670,1087138.0727150452,1.087138
2026-06-28T05:37:15,dl,du1,801832,5696603.438583913,5.696603
2026-06-28T05:37:15,dl,du2,802596,5720762.259001601,5.720762
2026-06-28T05:37:15,dl,du3,803363,5773911.247634354,5.773911
2026-06-28T05:37:15,dl,ue1,801897,2295069.3802556954,2.295069
2026-06-28T05:37:15,dl,ue2,801909,2343386.500733371,2.343387
2026-06-28T05:37:15,dl,ue3,801921,2343386.500733371,2.343387
2026-06-28T05:37:15,dl,ue4,801933,2473843.1249639974,2.473843
2026-06-28T05:37:15,dl,ue5,802659,2357881.584840903,2.357882
2026-06-28T05:37:15,dl,ue6,802671,2328891.2431732714,2.328891
2026-06-28T05:37:15,dl,ue7,802683,2440020.915141288,2.440021
2026-06-28T05:37:15,dl,ue8,802695,2435189.220438777,2.435189
2026-06-28T05:37:15,dl,ue9,803426,2367545.147698492,2.367545
2026-06-28T05:37:15,dl,ue10,803438,2367545.147698492,2.367545
2026-06-28T05:37:15,dl,ue11,803450,2420693.962878678,2.420694
2026-06-28T05:37:15,dl,ue12,803462,2459347.8674038984,2.459348
2026-06-28T05:37:21,dl,cu_cp,801643,578215.3344562212,0.578215
2026-06-28T05:37:21,dl,cu_up,801670,1060061.410492646,1.060061
2026-06-28T05:37:21,dl,du1,801832,5724331.633945294,5.724332
2026-06-28T05:37:21,dl,du2,802596,5531593.117105701,5.531593
2026-06-28T05:37:21,dl,du3,803363,5936343.967898836,5.936344
2026-06-28T05:37:21,dl,ue1,801897,2428504.240508586,2.428504
2026-06-28T05:37:21,dl,ue2,801909,2389956.4334306405,2.389956
2026-06-28T05:37:21,dl,ue3,801921,2389956.4334306405,2.389956
2026-06-28T05:37:21,dl,ue4,801933,2467052.047586532,2.467052
2026-06-28T05:37:21,dl,ue5,802659,2283950.6121539595,2.283951
2026-06-28T05:37:21,dl,ue6,802671,2274313.703596984,2.274314
2026-06-28T05:37:21,dl,ue7,802683,2264676.622189964,2.264677
2026-06-28T05:37:21,dl,ue8,802695,2312861.337824885,2.312861
2026-06-28T05:37:21,dl,ue9,803426,2332135.1549388347,2.332135
2026-06-28T05:37:21,dl,ue10,803438,2370682.6163166906,2.370683
2026-06-28T05:37:21,dl,ue11,803450,2370682.6163166906,2.370683
2026-06-28T05:37:21,dl,ue12,803462,2688701.1172470045,2.688701
2026-06-28T05:37:26,dl,cu_cp,801643,585219.7233394432,0.585220
2026-06-28T05:37:26,dl,cu_up,801670,1086836.66618383,1.086837
2026-06-28T05:37:26,dl,du1,801832,5715392.604743719,5.715393
2026-06-28T05:37:26,dl,du2,802596,5646990.636917093,5.646991
2026-06-28T05:37:26,dl,du3,803363,5608989.428180502,5.608989
2026-06-28T05:37:26,dl,ue1,801897,2386480.5517409206,2.386481
2026-06-28T05:37:26,dl,ue2,801909,2409281.2076831292,2.409281
2026-06-28T05:37:26,dl,ue3,801921,2401680.9312859382,2.401681
2026-06-28T05:37:26,dl,ue4,801933,2454882.866066277,2.454883
2026-06-28T05:37:26,dl,ue5,802659,2295277.4082239904,2.295277
2026-06-28T05:37:26,dl,ue6,802671,2356079.6194015206,2.356080
2026-06-28T05:37:26,dl,ue7,802683,2287677.131826799,2.287677
2026-06-28T05:37:26,dl,ue8,802695,2378880.275343729,2.378880
2026-06-28T05:37:26,dl,ue9,803426,2318078.064166199,2.318078
2026-06-28T05:37:26,dl,ue10,803438,2340878.893357773,2.340879
2026-06-28T05:37:26,dl,ue11,803450,2356079.6194015206,2.356080
2026-06-28T05:37:26,dl,ue12,803462,2401680.9312859382,2.401681
2026-06-28T05:37:32,dl,cu_cp,801643,569059.2153867334,0.569059
2026-06-28T05:37:32,dl,cu_up,801670,1073938.7766546248,1.073939
2026-06-28T05:37:32,dl,du1,801832,5682034.178657914,5.682034
2026-06-28T05:37:32,dl,du2,802596,5626412.152860975,5.626412
2026-06-28T05:37:32,dl,du3,803363,5759049.798289275,5.759050
2026-06-28T05:37:32,dl,ue1,801897,2331859.2342313887,2.331859
2026-06-28T05:37:32,dl,ue2,801909,2370367.0440470697,2.370367
2026-06-28T05:37:32,dl,ue3,801921,2314744.6713626147,2.314745
2026-06-28T05:37:32,dl,ue4,801933,2438825.2955221655,2.438825
2026-06-28T05:37:32,dl,ue5,802659,2357530.99181267,2.357531
2026-06-28T05:37:32,dl,ue6,802671,2336137.918309522,2.336138
2026-06-28T05:37:32,dl,ue7,802683,2357530.99181267,2.357531
2026-06-28T05:37:32,dl,ue8,802695,2378924.2387595773,2.378924
2026-06-28T05:37:32,dl,ue9,803426,2374645.554681444,2.374646
2026-06-28T05:37:32,dl,ue10,803438,2417432.0485752583,2.417432
2026-06-28T05:37:32,dl,ue11,803450,2425989.243287766,2.425989
2026-06-28T05:37:32,dl,ue12,803462,2481611.615972221,2.481612
2026-06-28T05:37:38,dl,cu_cp,801643,585680.1444336749,0.585680
2026-06-28T05:37:38,dl,cu_up,801670,1085859.5213416743,1.085860
2026-06-28T05:37:38,dl,du1,801832,5767025.368693772,5.767025
2026-06-28T05:37:38,dl,du2,802596,5715725.151815414,5.715725
2026-06-28T05:37:38,dl,du3,803363,5737100.474216681,5.737100
2026-06-28T05:37:38,dl,ue1,801897,2368370.6861738777,2.368371
2026-06-28T05:37:38,dl,ue2,801909,2394020.7946130564,2.394021
2026-06-28T05:37:38,dl,ue3,801921,2368370.6861738777,2.368371
2026-06-28T05:37:38,dl,ue4,801933,2492346.9644112466,2.492347
2026-06-28T05:37:38,dl,ue5,802659,2338445.443643861,2.338445
2026-06-28T05:37:38,dl,ue6,802671,2329895.349488647,2.329895
2026-06-28T05:37:38,dl,ue7,802683,2355545.4579278254,2.355545
2026-06-28T05:37:38,dl,ue8,802695,2492346.9644112466,2.492347
2026-06-28T05:37:38,dl,ue9,803426,2334170.483579485,2.334170
2026-06-28T05:37:38,dl,ue10,803438,2394020.7946130564,2.394021
2026-06-28T05:37:38,dl,ue11,803450,2381195.91441993,2.381196
2026-06-28T05:37:38,dl,ue12,803462,2445321.359544339,2.445321
2026-06-28T05:37:44,dl,cu_cp,801643,582074.5785078257,0.582075
2026-06-28T05:37:44,dl,cu_up,801670,1098004.2810504646,1.098004
2026-06-28T05:37:44,dl,du1,801832,5719323.601407063,5.719324
2026-06-28T05:37:44,dl,du2,802596,5675227.075322521,5.675227
2026-06-28T05:37:44,dl,du3,803363,5789878.043142331,5.789878
2026-06-28T05:37:44,dl,ue1,801897,2372394.840115845,2.372395
2026-06-28T05:37:44,dl,ue2,801909,2398852.7557665706,2.398853
2026-06-28T05:37:44,dl,ue3,801921,2359165.7086137356,2.359166
2026-06-28T05:37:44,dl,ue4,801933,2447358.76078282,2.447359
2026-06-28T05:37:44,dl,ue5,802659,2315069.1825291933,2.315069
2026-06-28T05:37:44,dl,ue6,802671,2359165.7086137356,2.359166
2026-06-28T05:37:44,dl,ue7,802683,2345936.750788373,2.345937
2026-06-28T05:37:44,dl,ue8,802695,2416491.3662003875,2.416491
2026-06-28T05:37:44,dl,ue9,803426,2345936.750788373,2.345937
2026-06-28T05:37:44,dl,ue10,803438,2403262.234698278,2.403262
2026-06-28T05:37:44,dl,ue11,803450,2412081.5399151864,2.412082
2026-06-28T05:37:44,dl,ue12,803462,2451768.5870680213,2.451769
2026-06-28T05:37:49,dl,cu_cp,801643,570753.9681769342,0.570754
2026-06-28T05:37:49,dl,cu_up,801670,1025422.4055190801,1.025422
2026-06-28T05:37:49,dl,du1,801832,5678518.320708489,5.678518
2026-06-28T05:37:49,dl,du2,802596,5649496.699873495,5.649497
2026-06-28T05:37:49,dl,du3,803363,5726887.2269461155,5.726887
2026-06-28T05:37:49,dl,ue1,801897,2374916.863832331,2.374917
2026-06-28T05:37:49,dl,ue2,801909,2307200.3258265494,2.307200
2026-06-28T05:37:49,dl,ue3,801921,2341058.59482944,2.341059
2026-06-28T05:37:49,dl,ue4,801933,2457144.0390728475,2.457144
2026-06-28T05:37:49,dl,ue5,802659,2370080.042481673,2.370080
2026-06-28T05:37:49,dl,ue6,802671,2360406.0534148337,2.360406
2026-06-28T05:37:49,dl,ue7,802683,2365243.0479482533,2.365243
2026-06-28T05:37:49,dl,ue8,802695,2413612.127368641,2.413612
2026-06-28T05:37:49,dl,ue9,803426,2341058.59482944,2.341059
2026-06-28T05:37:49,dl,ue10,803438,2379753.8583657504,2.379754
2026-06-28T05:37:49,dl,ue11,803450,2374916.863832331,2.374917
2026-06-28T05:37:49,dl,ue12,803462,2384590.85289917,2.384591
2026-06-28T05:37:55,dl,cu_cp,801643,593365.3216410363,0.593365
2026-06-28T05:37:55,dl,cu_up,801670,1104048.5210500169,1.104049
2026-06-28T05:37:55,dl,du1,801832,5899606.909495725,5.899607
2026-06-28T05:37:55,dl,du2,802596,5680742.693614135,5.680743
2026-06-28T05:37:55,dl,du3,803363,5719652.4601823855,5.719652
2026-06-28T05:37:55,dl,ue1,801897,2461007.0425614263,2.461007
2026-06-28T05:37:55,dl,ue2,801909,2373461.2865641452,2.373461
2026-06-28T05:37:55,dl,ue3,801921,2441552.159277301,2.441552
2026-06-28T05:37:55,dl,ue4,801933,2616643.671271863,2.616644
2026-06-28T05:37:55,dl,ue5,802659,2388052.0137482095,2.388052
2026-06-28T05:37:55,dl,ue6,802671,2388052.0137482095,2.388052
2026-06-28T05:37:55,dl,ue7,802683,2373461.2865641452,2.373461
2026-06-28T05:37:55,dl,ue8,802695,2388052.0137482095,2.388052
2026-06-28T05:37:55,dl,ue9,803426,2305369.8915161537,2.305370
2026-06-28T05:37:55,dl,ue10,803438,2329688.234453893,2.329688
2026-06-28T05:37:55,dl,ue11,803450,2349142.943626406,2.349143
2026-06-28T05:37:55,dl,ue12,803462,2388052.0137482095,2.388052
2026-06-28T05:38:00,dl,cu_cp,801643,572174.0836488247,0.572174
2026-06-28T05:38:00,dl,cu_up,801670,1125115.452649982,1.125115
2026-06-28T05:38:00,dl,du1,801832,5654426.421840434,5.654426
2026-06-28T05:38:00,dl,du2,802596,5635193.880430813,5.635194
2026-06-28T05:38:00,dl,du3,803363,5591920.0559260035,5.591920
2026-06-28T05:38:00,dl,ue1,801897,2370435.588395443,2.370436
2026-06-28T05:38:00,dl,ue2,801909,2327161.93712868,2.327162
2026-06-28T05:38:00,dl,ue3,801921,2360819.1444525863,2.360819
2026-06-28T05:38:00,dl,ue4,801933,2476215.6055766367,2.476216
2026-06-28T05:38:00,dl,ue5,802659,2375243.8103668713,2.375244
2026-06-28T05:38:00,dl,ue6,802671,2356010.922481158,2.356011
2026-06-28T05:38:00,dl,ue7,802683,2336778.2078334903,2.336778
2026-06-28T05:38:00,dl,ue8,802695,2327161.93712868,2.327162
2026-06-28T05:38:00,dl,ue9,803426,2283888.1126238704,2.283888
2026-06-28T05:38:00,dl,ue10,803438,2279079.890652442,2.279080
2026-06-28T05:38:00,dl,ue11,803450,2293504.7298047733,2.293505
2026-06-28T05:38:00,dl,ue12,803462,2264655.397976203,2.264655
2026-06-28T05:38:06,dl,cu_cp,801643,581981.0722987747,0.581981
2026-06-28T05:38:06,dl,cu_up,801670,1134863.0217068195,1.134863
2026-06-28T05:38:06,dl,du1,801832,5654915.635543785,5.654916
2026-06-28T05:38:06,dl,du2,802596,5635516.33574295,5.635516
2026-06-28T05:38:06,dl,du3,803363,5693714.58152441,5.693715
2026-06-28T05:38:06,dl,ue1,801897,2376422.3655077075,2.376422
2026-06-28T05:38:06,dl,ue2,801909,2405521.4883984374,2.405521
2026-06-28T05:38:06,dl,ue3,801921,2405521.4883984374,2.405521
2026-06-28T05:38:06,dl,ue4,801933,2483119.033980732,2.483119
2026-06-28T05:38:06,dl,ue5,802659,2289125.3432144737,2.289125
2026-06-28T05:38:06,dl,ue6,802671,2279425.6933140564,2.279426
2026-06-28T05:38:06,dl,ue7,802683,2298825.166304369,2.298825
2026-06-28T05:38:06,dl,ue8,802695,2298825.166304369,2.298825
2026-06-28T05:38:06,dl,ue9,803426,2347323.5889959335,2.347324
2026-06-28T05:38:06,dl,ue10,803438,2366722.888796768,2.366723
2026-06-28T05:38:06,dl,ue11,803450,2337623.939095516,2.337624
2026-06-28T05:38:06,dl,ue12,803462,2357023.238896351,2.357023
2026-06-28T05:38:11,dl,cu_cp,801643,588856.5734573221,0.588857
2026-06-28T05:38:11,dl,cu_up,801670,1154770.707887472,1.154771
2026-06-28T05:38:11,dl,du1,801832,5697378.336408667,5.697378
2026-06-28T05:38:11,dl,du2,802596,5697378.336408667,5.697378
2026-06-28T05:38:11,dl,du3,803363,5727968.139034007,5.727968
2026-06-28T05:38:11,dl,ue1,801897,2424253.6109108054,2.424254
2026-06-28T05:38:11,dl,ue2,801909,2355426.2938292883,2.355426
2026-06-28T05:38:11,dl,ue3,801921,2393663.8082854664,2.393664
2026-06-28T05:38:11,dl,ue4,801933,2431901.148625308,2.431901
2026-06-28T05:38:11,dl,ue5,802659,2378368.732856461,2.378369
2026-06-28T05:38:11,dl,ue6,802671,2386016.2705709636,2.386016
2026-06-28T05:38:11,dl,ue7,802683,2393663.8082854664,2.393664
2026-06-28T05:38:11,dl,ue8,802695,2317188.9534894465,2.317189
2026-06-28T05:38:11,dl,ue9,803426,2332483.68068578,2.332484
2026-06-28T05:38:11,dl,ue10,803438,2340131.218400283,2.340131
2026-06-28T05:38:11,dl,ue11,803450,2324836.4912039493,2.324836
2026-06-28T05:38:11,dl,ue12,803462,2393663.8082854664,2.393664
2026-06-28T05:38:17,dl,cu_cp,801643,591236.1144008422,0.591236
2026-06-28T05:38:17,dl,cu_up,801670,1126776.1456742191,1.126776
2026-06-28T05:38:17,dl,du1,801832,5638164.627094287,5.638165
2026-06-28T05:38:17,dl,du2,802596,5612458.796169214,5.612459
2026-06-28T05:38:17,dl,du3,803363,5758125.635903854,5.758126
2026-06-28T05:38:17,dl,ue1,801897,2390650.2885284424,2.390650
2026-06-28T05:38:17,dl,ue2,801909,2334954.2054009773,2.334954
2026-06-28T05:38:17,dl,ue3,801921,2377797.3730659056,2.377797
2026-06-28T05:38:17,dl,ue4,801933,2412072.0465456154,2.412072
2026-06-28T05:38:17,dl,ue5,802659,2296395.4590133666,2.296395
2026-06-28T05:38:17,dl,ue6,802671,2343523.047955613,2.343523
2026-06-28T05:38:17,dl,ue7,802683,2326385.711215758,2.326386
2026-06-28T05:38:17,dl,ue8,802695,2326385.711215758,2.326386
2026-06-28T05:38:17,dl,ue9,803426,2339238.626678295,2.339239
2026-06-28T05:38:17,dl,ue10,803438,2437777.877470689,2.437778
2026-06-28T05:38:17,dl,ue11,803450,2399219.131083078,2.399219
2026-06-28T05:38:17,dl,ue12,803462,2429209.38328547,2.429209
2026-06-28T05:38:23,dl,cu_cp,801643,588260.273111372,0.588260
2026-06-28T05:38:23,dl,cu_up,801670,1150567.869110198,1.150568
2026-06-28T05:38:23,dl,du1,801832,5735537.881464272,5.735538
2026-06-28T05:38:23,dl,du2,802596,5783117.366822376,5.783117
2026-06-28T05:38:23,dl,du3,803363,5856650.316355247,5.856650
2026-06-28T05:38:23,dl,ue1,801897,2387644.545327072,2.387645
2026-06-28T05:38:23,dl,ue2,801909,2387644.545327072,2.387645
2026-06-28T05:38:23,dl,ue3,801921,2404946.4466705797,2.404946
2026-06-28T05:38:23,dl,ue4,801933,2521733.3625,2.521733
2026-06-28T05:38:23,dl,ue5,802659,2366017.4747274397,2.366017
2026-06-28T05:38:23,dl,ue6,802671,2400620.927609024,2.400621
2026-06-28T05:38:23,dl,ue7,802683,2387644.545327072,2.387645
2026-06-28T05:38:23,dl,ue8,802695,2508756.980218048,2.508757
2026-06-28T05:38:23,dl,ue9,803426,2378993.682106676,2.378994
2026-06-28T05:38:23,dl,ue10,803438,2396295.408547468,2.396295
2026-06-28T05:38:23,dl,ue11,803450,2461177.145054512,2.461177
2026-06-28T05:38:23,dl,ue12,803462,2495780.597936096,2.495781
2026-06-28T05:38:28,dl,cu_cp,801643,583584.338021164,0.583584
2026-06-28T05:38:28,dl,cu_up,801670,1140642.1667181395,1.140642
2026-06-28T05:38:28,dl,du1,801832,5570578.112679138,5.570578
2026-06-28T05:38:28,dl,du2,802596,5667842.038298035,5.667842
2026-06-28T05:38:28,dl,du3,803363,5729737.517205506,5.729738
2026-06-28T05:38:28,dl,ue1,801897,2378548.4333457947,2.378548
2026-06-28T05:38:28,dl,ue2,801909,2347600.6938920594,2.347601
2026-06-28T05:38:28,dl,ue3,801921,2374127.2032162477,2.374127
2026-06-28T05:38:28,dl,ue4,801933,2489075.7007720945,2.489076
2026-06-28T05:38:28,dl,ue5,802659,2307811.0170510863,2.307811
2026-06-28T05:38:28,dl,ue6,802671,2352021.9240216063,2.352022
2026-06-28T05:38:28,dl,ue7,802683,2334337.352084656,2.334337
2026-06-28T05:38:28,dl,ue8,802695,2484654.6449331664,2.484655
2026-06-28T05:38:28,dl,ue9,803426,2360863.861408844,2.360864
2026-06-28T05:38:28,dl,ue10,803438,2413917.228638458,2.413917
2026-06-28T05:38:28,dl,ue11,803450,2382969.489184723,2.382969
2026-06-28T05:38:28,dl,ue12,803462,2427180.396155243,2.427180
2026-06-28T05:38:34,dl,cu_cp,801643,584760.8449560261,0.584761
2026-06-28T05:38:34,dl,cu_up,801670,1150029.7083573388,1.150030
2026-06-28T05:38:34,dl,du1,801832,5794005.8061661245,5.794006
2026-06-28T05:38:34,dl,du2,802596,5740402.813193331,5.740403
2026-06-28T05:38:34,dl,du3,803363,5798878.583068142,5.798879
2026-06-28T05:38:34,dl,ue1,801897,2436503.637176328,2.436504
2026-06-28T05:38:34,dl,ue2,801909,2426757.559004307,2.426758
2026-06-28T05:38:34,dl,ue3,801921,2431630.6854849816,2.431631
2026-06-28T05:38:34,dl,ue4,801933,2490106.6301491214,2.490107
2026-06-28T05:38:34,dl,ue5,802659,2309805.4948866987,2.309805
2026-06-28T05:38:34,dl,ue6,802671,2373154.5660315133,2.373155
2026-06-28T05:38:34,dl,ue7,802683,2343916.506304779,2.343917
2026-06-28T05:38:34,dl,ue8,802695,2387773.59589488,2.387774
2026-06-28T05:38:34,dl,ue9,803426,2339043.3798241043,2.339043
2026-06-28T05:38:34,dl,ue10,803438,2397519.674066901,2.397520
2026-06-28T05:38:34,dl,ue11,803450,2412138.52914094,2.412139
2026-06-28T05:38:34,dl,ue12,803462,2465741.5221137335,2.465742
2026-06-28T05:38:40,dl,cu_cp,801643,600659.6867244589,0.600660
2026-06-28T05:38:40,dl,cu_up,801670,1142718.4794192482,1.142718
2026-06-28T05:38:40,dl,du1,801832,5694058.359037194,5.694058
2026-06-28T05:38:40,dl,du2,802596,5835677.738247037,5.835678
2026-06-28T05:38:40,dl,du3,803363,5830794.010848799,5.830794
2026-06-28T05:38:40,dl,ue1,801897,2295203.542101066,2.295204
2026-06-28T05:38:40,dl,ue2,801909,2324504.3377294634,2.324504
2026-06-28T05:38:40,dl,ue3,801921,2348921.2316528414,2.348921
2026-06-28T05:38:40,dl,ue4,801933,2431939.0196058895,2.431939
2026-06-28T05:38:40,dl,ue5,802659,2387988.436237028,2.387988
2026-06-28T05:38:40,dl,ue6,802671,2451472.8833581544,2.451473
2026-06-28T05:38:40,dl,ue7,802683,2431939.0196058895,2.431939
2026-06-28T05:38:40,dl,ue8,802695,2422172.4363433192,2.422172
2026-06-28T05:38:40,dl,ue9,803426,2368454.9210983254,2.368455
2026-06-28T05:38:40,dl,ue10,803438,2402638.7468978358,2.402639
2026-06-28T05:38:40,dl,ue11,803450,2397755.36811316,2.397755
2026-06-28T05:38:40,dl,ue12,803462,2412405.504467187,2.412406
2026-06-28T05:38:45,dl,cu_cp,801643,594215.3917517752,0.594215
2026-06-28T05:38:45,dl,cu_up,801670,1178689.473275165,1.178689
2026-06-28T05:38:45,dl,du1,801832,5649916.702441451,5.649917
2026-06-28T05:38:45,dl,du2,802596,5766811.379294446,5.766811
2026-06-28T05:38:45,dl,du3,803363,5844741.512492318,5.844742
2026-06-28T05:38:45,dl,ue1,801897,2259966.7158395015,2.259967
2026-06-28T05:38:45,dl,ue2,801909,2294061.083745594,2.294061
2026-06-28T05:38:45,dl,ue3,801921,2303802.3068166766,2.303802
2026-06-28T05:38:45,dl,ue4,801933,2357378.94655033,2.357379
2026-06-28T05:38:45,dl,ue5,802659,2381732.0913853394,2.381732
2026-06-28T05:38:45,dl,ue6,802671,2415826.459291432,2.415826
2026-06-28T05:38:45,dl,ue7,802683,2420697.157984276,2.420697
2026-06-28T05:38:45,dl,ue8,802695,2435309.0797482026,2.435309
2026-06-28T05:38:45,dl,ue9,803426,2386602.7900781836,2.386603
2026-06-28T05:38:45,dl,ue10,803438,2391473.3144564223,2.391473
2026-06-28T05:38:45,dl,ue11,803450,2415826.459291432,2.415826
2026-06-28T05:38:45,dl,ue12,803462,2479144.4964107727,2.479144
2026-06-28T05:38:51,dl,cu_cp,801643,582034.2963703305,0.582034
2026-06-28T05:38:51,dl,cu_up,801670,1124608.585995453,1.124609
2026-06-28T05:38:51,dl,du1,801832,5662503.110370362,5.662503
2026-06-28T05:38:51,dl,du2,802596,5593448.207096178,5.593448
2026-06-28T05:38:51,dl,du3,803363,5741422.602917111,5.741423
2026-06-28T05:38:51,dl,ue1,801897,2308407.1386967455,2.308407
2026-06-28T05:38:51,dl,ue2,801909,2288677.0919121695,2.288677
2026-06-28T05:38:51,dl,ue3,801921,2338001.9484017766,2.338002
2026-06-28T05:38:51,dl,ue4,801933,2525436.958735528,2.525437
2026-06-28T05:38:51,dl,ue5,802659,2318272.075265089,2.318272
2026-06-28T05:38:51,dl,ue6,802671,2367596.931754696,2.367597
2026-06-28T05:38:51,dl,ue7,802683,2318272.075265089,2.318272
2026-06-28T05:38:51,dl,ue8,802695,2387326.9785392727,2.387327
2026-06-28T05:38:51,dl,ue9,803426,2387326.9785392727,2.387327
2026-06-28T05:38:51,dl,ue10,803438,2387326.9785392727,2.387327
2026-06-28T05:38:51,dl,ue11,803450,2318272.075265089,2.318272
2026-06-28T05:38:51,dl,ue12,803462,2446516.9452451123,2.446517
2026-06-28T05:38:56,dl,cu_cp,801643,599618.1612274337,0.599618
2026-06-28T05:38:56,dl,cu_up,801670,1113576.5352703738,1.113577
2026-06-28T05:38:56,dl,du1,801832,5793712.96091753,5.793713
2026-06-28T05:38:56,dl,du2,802596,5669117.002030272,5.669117
2026-06-28T05:38:56,dl,du3,803363,5887160.191880989,5.887160
2026-06-28T05:38:56,dl,ue1,801897,2382898.106415825,2.382898
2026-06-28T05:38:56,dl,ue2,801909,2390685.201130769,2.390685
2026-06-28T05:38:56,dl,ue3,801921,2546430.2370058466,2.546430
2026-06-28T05:38:56,dl,ue4,801933,2491919.5268091727,2.491920
2026-06-28T05:38:56,dl,ue5,802659,2336174.4909340953,2.336174
2026-06-28T05:38:56,dl,ue6,802671,2382898.106415825,2.382898
2026-06-28T05:38:56,dl,ue7,802683,2351749.029428005,2.351749
2026-06-28T05:38:56,dl,ue8,802695,2375111.0117008807,2.375111
2026-06-28T05:38:56,dl,ue9,803426,2398472.644909735,2.398473
2026-06-28T05:38:56,dl,ue10,803438,2414047.1834036447,2.414047
2026-06-28T05:38:56,dl,ue11,803450,2421834.278118589,2.421834
2026-06-28T05:38:56,dl,ue12,803462,2499706.9705881383,2.499707
2026-06-28T05:39:02,dl,cu_cp,801643,590385.6114243328,0.590386
2026-06-28T05:39:02,dl,cu_up,801670,1142267.7358438217,1.142268
2026-06-28T05:39:02,dl,du1,801832,5604384.858065801,5.604385
2026-06-28T05:39:02,dl,du2,802596,5595829.088436241,5.595829
2026-06-28T05:39:02,dl,du3,803363,5818292.67441875,5.818293
2026-06-28T05:39:02,dl,ue1,801897,2352985.9798824405,2.352986
2026-06-28T05:39:02,dl,ue2,801909,2370098.7374658897,2.370099
2026-06-28T05:39:02,dl,ue3,801921,2391489.379864118,2.391489
2026-06-28T05:39:02,dl,ue4,801933,2434271.012753241,2.434271
2026-06-28T05:39:02,dl,ue5,802659,2310204.5210396503,2.310205
2026-06-28T05:39:02,dl,ue6,802671,2348707.921021328,2.348708
2026-06-28T05:39:02,dl,ue7,802683,2348707.921021328,2.348708
2026-06-28T05:39:02,dl,ue8,802695,2348707.921021328,2.348708
2026-06-28T05:39:02,dl,ue9,803426,2421436.4880772377,2.421436
2026-06-28T05:39:02,dl,ue10,803438,2434271.012753241,2.434271
2026-06-28T05:39:02,dl,ue11,803450,2412880.1963086794,2.412880
2026-06-28T05:39:02,dl,ue12,803462,2425714.720984683,2.425715
2026-06-28T05:39:08,dl,cu_cp,801643,591239.8765421819,0.591240
2026-06-28T05:39:08,dl,cu_up,801670,1139636.4311762024,1.139636
2026-06-28T05:39:08,dl,du1,801832,5625347.804487676,5.625348
2026-06-28T05:39:08,dl,du2,802596,5723888.04470747,5.723888
2026-06-28T05:39:08,dl,du3,803363,5693897.536814489,5.693898
2026-06-28T05:39:08,dl,ue1,801897,2360675.147898302,2.360675
2026-06-28T05:39:08,dl,ue2,801909,2360675.147898302,2.360675
2026-06-28T05:39:08,dl,ue3,801921,2412087.621007476,2.412088
2026-06-28T05:39:08,dl,ue4,801933,2364959.5061687278,2.364960
2026-06-28T05:39:08,dl,ue5,802659,2339253.530410237,2.339254
2026-06-28T05:39:08,dl,ue6,802671,2377812.7548440695,2.377813
2026-06-28T05:39:08,dl,ue7,802683,2399234.3723321343,2.399234
2026-06-28T05:39:08,dl,ue8,802695,2369244.038303218,2.369244
2026-06-28T05:39:08,dl,ue9,803426,2360675.147898302,2.360675
2026-06-28T05:39:08,dl,ue10,803438,2343537.888680663,2.343538
2026-06-28T05:39:08,dl,ue11,803450,2373528.3965736437,2.373528
2026-06-28T05:39:08,dl,ue12,803462,2442077.781172328,2.442078
2026-06-28T05:39:13,dl,cu_cp,801643,587430.9322709525,0.587431
2026-06-28T05:39:13,dl,cu_up,801670,1148558.9882731312,1.148559
2026-06-28T05:39:13,dl,du1,801832,5615664.734420839,5.615665
2026-06-28T05:39:13,dl,du2,802596,5703340.93078007,5.703341
2026-06-28T05:39:13,dl,du3,803363,5694573.276422138,5.694573
2026-06-28T05:39:13,dl,ue1,801897,2305885.8045142363,2.305886
2026-06-28T05:39:13,dl,ue2,801909,2301501.9773352705,2.301502
2026-06-28T05:39:13,dl,ue3,801921,2362875.2106207074,2.362875
2026-06-28T05:39:13,dl,ue4,801933,2389178.3473045444,2.389178
2026-06-28T05:39:13,dl,ue5,802659,2367259.2114097155,2.367259
2026-06-28T05:39:13,dl,ue6,802671,2419864.9639472626,2.419865
2026-06-28T05:39:13,dl,ue7,802683,2454935.5813789894,2.454936
2026-06-28T05:39:13,dl,ue8,802695,2424248.617516186,2.424249
2026-06-28T05:39:13,dl,ue9,803426,2393562.000873468,2.393562
2026-06-28T05:39:13,dl,ue10,803438,2305885.8045142363,2.305886
2026-06-28T05:39:13,dl,ue11,803450,2345340.0755148865,2.345340
2026-06-28T05:39:13,dl,ue12,803462,2468086.715695802,2.468087
2026-06-28T05:39:19,dl,cu_cp,801643,589203.2597447512,0.589203
2026-06-28T05:39:19,dl,cu_up,801670,1149189.7936581725,1.149190
2026-06-28T05:39:19,dl,du1,801832,5653429.307463608,5.653429
2026-06-28T05:39:19,dl,du2,802596,5809251.729118526,5.809252
2026-06-28T05:39:19,dl,du3,803363,5814121.4737041835,5.814121
2026-06-28T05:39:19,dl,ue1,801897,2327596.313147675,2.327596
2026-06-28T05:39:19,dl,ue2,801909,2351943.468561609,2.351943
2026-06-28T05:39:19,dl,ue3,801921,2400637.953557738,2.400638
2026-06-28T05:39:19,dl,ue4,801933,2410376.9202242685,2.410377
2026-06-28T05:39:19,dl,ue5,802659,2351943.468561609,2.351943
2026-06-28T05:39:19,dl,ue6,802671,2420115.886890799,2.420116
2026-06-28T05:39:19,dl,ue7,802683,2454202.008971263,2.454202
2026-06-28T05:39:19,dl,ue8,802695,2410376.9202242685,2.410377
2026-06-28T05:39:19,dl,ue9,803426,2381160.1943929386,2.381160
2026-06-28T05:39:19,dl,ue10,803438,2366551.8314772737,2.366552
2026-06-28T05:39:19,dl,ue11,803450,2381160.1943929386,2.381160
2026-06-28T05:39:19,dl,ue12,803462,2424985.2831399334,2.424985
2026-06-28T05:39:25,dl,cu_cp,801643,591077.6231368321,0.591078
2026-06-28T05:39:25,dl,cu_up,801670,1128861.3487034994,1.128861
2026-06-28T05:39:25,dl,du1,801832,5610392.539746337,5.610393
2026-06-28T05:39:25,dl,du2,802596,5653996.330039902,5.653996
2026-06-28T05:39:25,dl,du3,803363,5726670.008201437,5.726670
2026-06-28T05:39:25,dl,ue1,801897,2315861.431634549,2.315861
2026-06-28T05:39:25,dl,ue2,801909,2344930.972333056,2.344931
2026-06-28T05:39:25,dl,ue3,801921,2364310.4925473286,2.364310
2026-06-28T05:39:25,dl,ue4,801933,2432139.073674381,2.432139
2026-06-28T05:39:25,dl,ue5,802659,2311016.5081847976,2.311017
2026-06-28T05:39:25,dl,ue6,802671,2344930.972333056,2.344931
2026-06-28T05:39:25,dl,ue7,802683,2369155.4159970796,2.369155
2026-06-28T05:39:25,dl,ue8,802695,2330396.2019838025,2.330396
2026-06-28T05:39:25,dl,ue9,803426,2378845.262896582,2.378845
2026-06-28T05:39:25,dl,ue10,803438,2359465.7426823094,2.359466
2026-06-28T05:39:25,dl,ue11,803450,2378845.262896582,2.378845
2026-06-28T05:39:25,dl,ue12,803462,2393379.6860763715,2.393380
2026-06-28T05:39:30,dl,cu_cp,801643,594496.7934592557,0.594497
2026-06-28T05:39:30,dl,cu_up,801670,1120772.6991381394,1.120773
2026-06-28T05:39:30,dl,du1,801832,5676957.858176036,5.676958
2026-06-28T05:39:30,dl,du2,802596,5730559.455045543,5.730559
2026-06-28T05:39:30,dl,du3,803363,5935222.728573446,5.935223
2026-06-28T05:39:30,dl,ue1,801897,2373114.3964883853,2.373114
2026-06-28T05:39:30,dl,ue2,801909,2377987.173837023,2.377987
2026-06-28T05:39:30,dl,ue3,801921,2392606.2032392644,2.392606
2026-06-28T05:39:30,dl,ue4,801933,2529047.978800008,2.529048
2026-06-28T05:39:30,dl,ue5,802659,2314639.324913912,2.314639
2026-06-28T05:39:30,dl,ue6,802671,2373114.3964883853,2.373114
2026-06-28T05:39:30,dl,ue7,802683,2382860.2998638246,2.382860
2026-06-28T05:39:30,dl,ue8,802695,2358495.541425226,2.358496
2026-06-28T05:39:30,dl,ue9,803426,2470573.0815646173,2.470573
2026-06-28T05:39:30,dl,ue10,803438,2441335.197099216,2.441335
2026-06-28T05:39:30,dl,ue11,803450,2460827.1781891775,2.460827
2026-06-28T05:39:30,dl,ue12,803462,2490064.7139764144,2.490065
2026-06-28T05:39:36,dl,cu_cp,801643,592041.8230369592,0.592042
2026-06-28T05:39:36,dl,cu_up,801670,1065675.2119765305,1.065675
2026-06-28T05:39:36,dl,du1,801832,5555325.609239101,5.555326
2026-06-28T05:39:36,dl,du2,802596,5673733.782749005,5.673734
2026-06-28T05:39:36,dl,du3,803363,5890815.665817146,5.890816
2026-06-28T05:39:36,dl,ue1,801897,2289228.2202662514,2.289228
2026-06-28T05:39:36,dl,ue2,801909,2338565.075045371,2.338565
2026-06-28T05:39:36,dl,ue3,801921,2348432.307021203,2.348432
2026-06-28T05:39:36,dl,ue4,801933,2447106.016579442,2.447106
2026-06-28T05:39:36,dl,ue5,802659,2318830.437368717,2.318830
2026-06-28T05:39:36,dl,ue6,802671,2378034.5241236687,2.378035
2026-06-28T05:39:36,dl,ue7,802683,2378034.5241236687,2.378035
2026-06-28T05:39:36,dl,ue8,802695,2407636.3937761546,2.407636
2026-06-28T05:39:36,dl,ue9,803426,2387901.7560995007,2.387902
2026-06-28T05:39:36,dl,ue10,803438,2378034.5241236687,2.378035
2026-06-28T05:39:36,dl,ue11,803450,2397769.1618003226,2.397769
2026-06-28T05:39:36,dl,ue12,803462,2368167.2921478366,2.368167
2026-06-28T05:39:41,dl,cu_cp,801643,588894.9088872432,0.588895
2026-06-28T05:39:41,dl,cu_up,801670,1108052.1715026975,1.108052
2026-06-28T05:39:41,dl,du1,801832,5609998.503785277,5.609999
2026-06-28T05:39:41,dl,du2,802596,5571255.463310266,5.571255
2026-06-28T05:39:41,dl,du3,803363,5811462.661088872,5.811463
2026-06-28T05:39:41,dl,ue1,801897,2355579.635548973,2.355580
2026-06-28T05:39:41,dl,ue2,801909,2332333.6378471972,2.332334
2026-06-28T05:39:41,dl,ue3,801921,2363328.0702272058,2.363328
2026-06-28T05:39:41,dl,ue4,801933,2487305.97316401,2.487306
2026-06-28T05:39:41,dl,ue5,802659,2270344.7730871798,2.270345
2026-06-28T05:39:41,dl,ue6,802671,2332333.6378471972,2.332334
2026-06-28T05:39:41,dl,ue7,802683,2363328.0702272058,2.363328
2026-06-28T05:39:41,dl,ue8,802695,2324585.2031689645,2.324585
2026-06-28T05:39:41,dl,ue9,803426,2417568.5003089905,2.417569
2026-06-28T05:39:41,dl,ue10,803438,2409819.718797219,2.409820
2026-06-28T05:39:41,dl,ue11,803450,2425316.9349872232,2.425317
2026-06-28T05:39:41,dl,ue12,803462,2526049.0136390207,2.526049
2026-06-28T05:39:47,dl,cu_cp,801643,597119.5216360831,0.597120
2026-06-28T05:39:47,dl,cu_up,801670,1164168.3675312067,1.164168
2026-06-28T05:39:47,dl,du1,801832,5679079.4083148,5.679079
2026-06-28T05:39:47,dl,du2,802596,5704854.347933035,5.704854
2026-06-28T05:39:47,dl,du3,803363,5855208.336666699,5.855208
2026-06-28T05:39:47,dl,ue1,801897,2384182.437568588,2.384182
2026-06-28T05:39:47,dl,ue2,801909,2358407.4979503537,2.358407
2026-06-28T05:39:47,dl,ue3,801921,2414253.2004565285,2.414253
2026-06-28T05:39:47,dl,ue4,801933,2478690.549502115,2.478691
2026-06-28T05:39:47,dl,ue5,802659,2298265.7978805113,2.298266
2026-06-28T05:39:47,dl,ue6,802671,2366999.144489765,2.366999
2026-06-28T05:39:47,dl,ue7,802683,2366999.144489765,2.366999
2026-06-28T05:39:47,dl,ue8,802695,2332632.3840381573,2.332632
2026-06-28T05:39:47,dl,ue9,803426,2418549.023726234,2.418549
2026-06-28T05:39:47,dl,ue10,803438,2397069.733083744,2.397070
2026-06-28T05:39:47,dl,ue11,803450,2427140.670265646,2.427141
2026-06-28T05:39:47,dl,ue12,803462,2495873.668286977,2.495874
2026-06-28T05:39:53,dl,cu_cp,801643,595751.03949305,0.595751
2026-06-28T05:39:53,dl,cu_up,801670,1174358.1128924394,1.174358
2026-06-28T05:39:53,dl,du1,801832,5691779.702935097,5.691780
2026-06-28T05:39:53,dl,du2,802596,5717496.086773553,5.717496
2026-06-28T05:39:53,dl,du3,803363,5790357.377564256,5.790357
2026-06-28T05:39:53,dl,ue1,801897,2374432.2618649625,2.374432
2026-06-28T05:39:53,dl,ue2,801909,2383004.1579722,2.383004
2026-06-28T05:39:53,dl,ue3,801921,2395862.349891428,2.395862
2026-06-28T05:39:53,dl,ue4,801933,2451580.022346842,2.451580
2026-06-28T05:39:53,dl,ue5,802659,2318714.589409548,2.318715
2026-06-28T05:39:53,dl,ue6,802671,2400148.1240658606,2.400148
2026-06-28T05:39:53,dl,ue7,802683,2434436.056253182,2.434436
2026-06-28T05:39:53,dl,ue8,802695,2378718.383797767,2.378718
2026-06-28T05:39:53,dl,ue9,803426,2365860.1918785395,2.365860
2026-06-28T05:39:53,dl,ue10,803438,2323000.7113423524,2.323001
2026-06-28T05:39:53,dl,ue11,803450,2353002.3477176833,2.353002
2026-06-28T05:39:53,dl,ue12,803462,2434436.056253182,2.434436
2026-06-28T05:39:58,dl,cu_cp,801643,591322.8488366472,0.591323
2026-06-28T05:39:58,dl,cu_up,801670,1116943.1540825558,1.116943
2026-06-28T05:39:58,dl,du1,801832,5672318.929973755,5.672319
2026-06-28T05:39:58,dl,du2,802596,5702980.331484108,5.702980
2026-06-28T05:39:58,dl,du3,803363,5873806.649156017,5.873807
2026-06-28T05:39:58,dl,ue1,801897,2321489.641646094,2.321490
2026-06-28T05:39:58,dl,ue2,801909,2347770.693866391,2.347771
2026-06-28T05:39:58,dl,ue3,801921,2387192.2721968363,2.387192
2026-06-28T05:39:58,dl,ue4,801933,2448514.5534575223,2.448515
2026-06-28T05:39:58,dl,ue5,802659,2295208.763345804,2.295209
2026-06-28T05:39:58,dl,ue6,802671,2395952.4490169287,2.395952
2026-06-28T05:39:58,dl,ue7,802683,2426613.676607275,2.426614
2026-06-28T05:39:58,dl,ue8,802695,2360911.0460565328,2.360911
2026-06-28T05:39:58,dl,ue9,803426,2426613.676607275,2.426614
2026-06-28T05:39:58,dl,ue10,803438,2435374.2012673807,2.435374
2026-06-28T05:39:58,dl,ue11,803450,2444134.5520074796,2.444135
2026-06-28T05:39:58,dl,ue12,803462,2435374.2012673807,2.435374
2026-06-28T05:40:04,dl,cu_cp,801643,590354.335853076,0.590354
2026-06-28T05:40:04,dl,cu_up,801670,1161352.6834551906,1.161353
2026-06-28T05:40:04,dl,du1,801832,5690628.53170742,5.690629
2026-06-28T05:40:04,dl,du2,802596,5647077.906121836,5.647078
2026-06-28T05:40:04,dl,du3,803363,5772890.785815849,5.772891
2026-06-28T05:40:04,dl,ue1,801897,2414645.78913383,2.414646
2026-06-28T05:40:04,dl,ue2,801909,2380773.157673726,2.380773
2026-06-28T05:40:04,dl,ue3,801921,2424323.7832593108,2.424324
2026-06-28T05:40:04,dl,ue4,801933,2482391.4000331163,2.482391
2026-06-28T05:40:04,dl,ue5,802659,2303349.7266384983,2.303350
2026-06-28T05:40:04,dl,ue6,802671,2337222.3580986024,2.337222
2026-06-28T05:40:04,dl,ue7,802683,2375933.9866214464,2.375934
2026-06-28T05:40:04,dl,ue8,802695,2313027.54677444,2.313028
2026-06-28T05:40:04,dl,ue9,803426,2390450.9778096676,2.390451
2026-06-28T05:40:04,dl,ue10,803438,2375933.9866214464,2.375934
2026-06-28T05:40:04,dl,ue11,803450,2366256.166485505,2.366256
2026-06-28T05:40:04,dl,ue12,803462,2496908.3912213375,2.496908
2026-06-28T05:40:10,dl,cu_cp,801643,589752.4186572039,0.589752
2026-06-28T05:40:10,dl,cu_up,801670,1131164.5320603,1.131165
2026-06-28T05:40:10,dl,du1,801832,5650988.022038636,5.650988
2026-06-28T05:40:10,dl,du2,802596,5708996.735622111,5.708997
2026-06-28T05:40:10,dl,du3,803363,5718664.970312204,5.718665
2026-06-28T05:40:10,dl,ue1,801897,2412184.09722797,2.412184
2026-06-28T05:40:10,dl,ue2,801909,2397681.918832102,2.397682
2026-06-28T05:40:10,dl,ue3,801921,2421852.1582787917,2.421852
2026-06-28T05:40:10,dl,ue4,801933,2494362.5293403175,2.494363
2026-06-28T05:40:10,dl,ue5,802659,2330005.491476351,2.330005
2026-06-28T05:40:10,dl,ue6,802671,2402516.036177149,2.402516
2026-06-28T05:40:10,dl,ue7,802683,2407350.1535221958,2.407350
2026-06-28T05:40:10,dl,ue8,802695,2373511.8530246844,2.373512
2026-06-28T05:40:10,dl,ue9,803426,2339673.5525271725,2.339674
2026-06-28T05:40:10,dl,ue10,803438,2301001.134684614,2.301001
2026-06-28T05:40:10,dl,ue11,803450,2363843.61833459,2.363844
2026-06-28T05:40:10,dl,ue12,803462,2436354.3366746604,2.436354
2026-06-28T05:40:15,dl,cu_cp,801643,588516.1142298952,0.588516
2026-06-28T05:40:15,dl,cu_up,801670,1138441.0433664918,1.138441
2026-06-28T05:40:15,dl,du1,801832,5658437.702421844,5.658438
2026-06-28T05:40:15,dl,du2,802596,5663261.286455393,5.663261
2026-06-28T05:40:15,dl,du3,803363,5581254.812340438,5.581255
2026-06-28T05:40:15,dl,ue1,801897,2407127.347254008,2.407127
2026-06-28T05:40:15,dl,ue2,801909,2383007.694103569,2.383008
2026-06-28T05:40:15,dl,ue3,801921,2397479.4859938323,2.397479
2026-06-28T05:40:15,dl,ue4,801933,2465013.9949202538,2.465014
2026-06-28T05:40:15,dl,ue5,802659,2329944.8037691414,2.329945
2026-06-28T05:40:15,dl,ue6,802671,2445718.6189964414,2.445719
2026-06-28T05:40:15,dl,ue7,802683,2416775.2085141838,2.416775
2026-06-28T05:40:15,dl,ue8,802695,2392655.5553637445,2.392656
2026-06-28T05:40:15,dl,ue9,803426,2310649.2545470595,2.310649
2026-06-28T05:40:15,dl,ue10,803438,2339592.665029317,2.339593
2026-06-28T05:40:15,dl,ue11,803450,2296177.6359550655,2.296178
2026-06-28T05:40:15,dl,ue12,803462,2363712.3181797564,2.363712
2026-06-28T05:40:21,dl,cu_cp,801643,599059.4082977474,0.599059
2026-06-28T05:40:21,dl,cu_up,801670,1106736.914585501,1.106737
2026-06-28T05:40:21,dl,du1,801832,5482916.927559733,5.482917
2026-06-28T05:40:21,dl,du2,802596,5635220.1268155575,5.635220
2026-06-28T05:40:21,dl,du3,803363,5746909.420299172,5.746909
2026-06-28T05:40:21,dl,ue1,801897,2010402.7213948965,2.010403
2026-06-28T05:40:21,dl,ue2,801909,2091631.2346793413,2.091631
2026-06-28T05:40:21,dl,ue3,801921,2609462.217410147,2.609462
2026-06-28T05:40:21,dl,ue4,801933,2629769.3457312584,2.629769
2026-06-28T05:40:21,dl,ue5,802659,2436852.0652682185,2.436852
2026-06-28T05:40:21,dl,ue6,802671,2528233.879560709,2.528234
2026-06-28T05:40:21,dl,ue7,802683,2284548.690577388,2.284549
2026-06-28T05:40:21,dl,ue8,802695,2426698.4133901596,2.426698
2026-06-28T05:40:21,dl,ue9,803426,2386084.156747937,2.386084
2026-06-28T05:40:21,dl,ue10,803438,2345470.0755407214,2.345470
2026-06-28T05:40:21,dl,ue11,803450,2345470.0755407214,2.345470
2026-06-28T05:40:21,dl,ue12,803462,2436852.0652682185,2.436852
2026-06-28T05:40:26,dl,cu_cp,801643,483780.8178424603,0.483781
2026-06-28T05:40:26,dl,cu_up,801670,469958.5258827579,0.469959
2026-06-28T05:40:26,dl,du1,801832,3987736.361476896,3.987736
2026-06-28T05:40:26,dl,du2,802596,3973913.994610584,3.973914
2026-06-28T05:40:26,dl,du3,803363,4001558.4287167694,4.001558
2026-06-28T05:40:26,dl,ue1,801897,1119607.0719614755,1.119607
2026-06-28T05:40:26,dl,ue2,801909,1126518.180488022,1.126518
2026-06-28T05:40:26,dl,ue3,801921,1119607.0719614755,1.119607
2026-06-28T05:40:26,dl,ue4,801933,1091962.4880420708,1.091962
2026-06-28T05:40:26,dl,ue5,802659,1140340.547354334,1.140341
2026-06-28T05:40:26,dl,ue6,802671,1098873.671475227,1.098874
2026-06-28T05:40:26,dl,ue7,802683,1098873.671475227,1.098874
2026-06-28T05:40:26,dl,ue8,802695,1071229.0126492125,1.071229
2026-06-28T05:40:26,dl,ue9,803426,1140340.547354334,1.140341
2026-06-28T05:40:26,dl,ue10,803438,1147251.73078749,1.147252
2026-06-28T05:40:26,dl,ue11,803450,1126518.180488022,1.126518
2026-06-28T05:40:26,dl,ue12,803462,1098873.671475227,1.098874
2026-06-28T05:40:32,dl,cu_cp,801643,473650.7199952716,0.473651
2026-06-28T05:40:32,dl,cu_up,801670,477439.91792452335,0.477440
2026-06-28T05:40:32,dl,du1,801832,3990033.664336624,3.990034
2026-06-28T05:40:32,dl,du2,802596,3974876.7220290327,3.974877
2026-06-28T05:40:32,dl,du3,803363,4069606.93379385,4.069607
2026-06-28T05:40:32,dl,ue1,801897,1117815.6856356882,1.117816
2026-06-28T05:40:32,dl,ue2,801909,1095080.3474695934,1.095080
2026-06-28T05:40:32,dl,ue3,801921,1091291.2624832797,1.091291
2026-06-28T05:40:32,dl,ue4,801933,1110237.2144818925,1.110237
2026-06-28T05:40:32,dl,ue5,802659,1140550.873211199,1.140551
2026-06-28T05:40:32,dl,ue6,802671,1079923.6310478782,1.079924
2026-06-28T05:40:32,dl,ue7,802683,1121604.921212586,1.121605
2026-06-28T05:40:32,dl,ue8,802695,1125394.0061988998,1.125394
2026-06-28T05:40:32,dl,ue9,803426,1117815.6856356882,1.117816
2026-06-28T05:40:32,dl,ue10,803438,1121604.921212586,1.121605
2026-06-28T05:40:32,dl,ue11,803450,1117815.6856356882,1.117816
2026-06-28T05:40:32,dl,ue12,803462,1079923.6310478782,1.079924
2026-06-28T05:40:37,dl,cu_cp,801643,465946.97939670086,0.465947
2026-06-28T05:40:37,dl,cu_up,801670,477219.85777621716,0.477220
2026-06-28T05:40:37,dl,du1,801832,3911699.6270148754,3.911700
2026-06-28T05:40:37,dl,du2,802596,3877881.1779471636,3.877881
2026-06-28T05:40:37,dl,du3,803363,3979337.418290317,3.979337
2026-06-28T05:40:37,dl,ue1,801897,1119775.7116886824,1.119776
2026-06-28T05:40:37,dl,ue2,801909,1089714.702676639,1.089715
2026-06-28T05:40:37,dl,ue3,801921,1104745.2071826607,1.104745
2026-06-28T05:40:37,dl,ue4,801933,1108502.7960949987,1.108503
2026-06-28T05:40:37,dl,ue5,802659,1153594.3840413988,1.153594
2026-06-28T05:40:37,dl,ue6,802671,1127290.9639416933,1.127291
2026-06-28T05:40:37,dl,ue7,802683,1119775.7116886824,1.119776
2026-06-28T05:40:37,dl,ue8,802695,1131048.701710701,1.131049
2026-06-28T05:40:37,dl,ue9,803426,1134806.290623039,1.134806
2026-06-28T05:40:37,dl,ue10,803438,1100987.5438419878,1.100988
2026-06-28T05:40:37,dl,ue11,803450,1119775.7116886824,1.119776
2026-06-28T05:40:37,dl,ue12,803462,1089714.702676639,1.089715
2026-06-28T05:40:43,dl,cu_cp,801643,470597.15567976417,0.470597
2026-06-28T05:40:43,dl,cu_up,801670,478126.70749032946,0.478127
2026-06-28T05:40:43,dl,du1,801832,3945486.4888916803,3.945486
2026-06-28T05:40:43,dl,du2,802596,3922898.019592688,3.922898
2026-06-28T05:40:43,dl,du3,803363,4009487.8468009187,4.009488
2026-06-28T05:40:43,dl,ue1,801897,1144492.3219244136,1.144492
2026-06-28T05:40:43,dl,ue2,801909,1106844.5256450463,1.106845
2026-06-28T05:40:43,dl,ue3,801921,1129433.1438502013,1.129433
2026-06-28T05:40:43,dl,ue4,801933,1114374.0402290707,1.114374
2026-06-28T05:40:43,dl,ue5,802659,1163316.1456110156,1.163316
2026-06-28T05:40:43,dl,ue6,802671,1136962.7328873074,1.136963
2026-06-28T05:40:43,dl,ue7,802683,1148257.041989885,1.148257
2026-06-28T05:40:43,dl,ue8,802695,1103079.7311264933,1.103080
2026-06-28T05:40:43,dl,ue9,803426,1136962.7328873074,1.136963
2026-06-28T05:40:43,dl,ue10,803438,1114374.0402290707,1.114374
2026-06-28T05:40:43,dl,ue11,803450,1110609.3201635992,1.110609
2026-06-28T05:40:43,dl,ue12,803462,1118138.834747624,1.118139
2026-06-28T05:40:49,dl,cu_cp,801643,466457.0465885058,0.466457
2026-06-28T05:40:49,dl,cu_up,801670,474363.0868931383,0.474363
2026-06-28T05:40:49,dl,du1,801832,3937213.940662527,3.937214
2026-06-28T05:40:49,dl,du2,802596,3937213.940662527,3.937214
2026-06-28T05:40:49,dl,du3,803363,3972791.103460729,3.972791
2026-06-28T05:40:49,dl,ue1,801897,1130565.3608098417,1.130565
2026-06-28T05:40:49,dl,ue2,801909,1114753.2802005769,1.114753
2026-06-28T05:40:49,dl,ue3,801921,1130565.3608098417,1.130565
2026-06-28T05:40:49,dl,ue4,801933,1114753.2802005769,1.114753
2026-06-28T05:40:49,dl,ue5,802659,1166142.672189197,1.166143
2026-06-28T05:40:49,dl,ue6,802671,1114753.2802005769,1.114753
2026-06-28T05:40:49,dl,ue7,802683,1138471.3639691859,1.138471
2026-06-28T05:40:49,dl,ue8,802695,1087082.0462711423,1.087082
2026-06-28T05:40:49,dl,ue9,803426,1098941.1253007352,1.098941
2026-06-28T05:40:49,dl,ue10,803438,1118706.281780249,1.118706
2026-06-28T05:40:49,dl,ue11,803450,1130565.3608098417,1.130565
2026-06-28T05:40:49,dl,ue12,803462,1094988.1980116398,1.094988
2026-06-28T05:40:54,ul,cu_cp,801643,459005.6943669814,0.459006
2026-06-28T05:40:54,ul,cu_up,801670,467351.2544769293,0.467351
2026-06-28T05:40:54,ul,du1,801832,3951621.7813923885,3.951622
2026-06-28T05:40:54,ul,du2,802596,3905721.238014393,3.905721
2026-06-28T05:40:54,ul,du3,803363,4005867.959333768,4.005868
2026-06-28T05:40:54,ul,ue1,801897,1105786.3795276368,1.105786
2026-06-28T05:40:54,ul,ue2,801909,1134995.8771391725,1.134996
2026-06-28T05:40:54,ul,ue3,801921,1093268.076589433,1.093268
2026-06-28T05:40:54,ul,ue4,801933,1047367.5332114375,1.047368
2026-06-28T05:40:54,ul,ue5,802659,1134995.8771391725,1.134996
2026-06-28T05:40:54,ul,ue6,802671,1143341.3627956843,1.143341
2026-06-28T05:40:54,ul,ue7,802683,1134995.8771391725,1.134996
2026-06-28T05:40:54,ul,ue8,802695,1130823.1343109168,1.130823
2026-06-28T05:40:54,ul,ue9,803426,1122477.5742009687,1.122478
2026-06-28T05:40:54,ul,ue10,803438,1105786.3795276368,1.105786
2026-06-28T05:40:54,ul,ue11,803450,1122477.5742009687,1.122478
2026-06-28T05:40:54,ul,ue12,803462,1118304.8313727127,1.118305
2026-06-28T05:41:00,ul,cu_cp,801643,502375.0997738689,0.502375
2026-06-28T05:41:00,ul,cu_up,801670,572883.8421975791,0.572884
2026-06-28T05:41:00,ul,du1,801832,4587477.492156053,4.587477
2026-06-28T05:41:00,ul,du2,802596,4591884.561657119,4.591885
2026-06-28T05:41:00,ul,du3,803363,4618325.089109635,4.618325
2026-06-28T05:41:00,ul,ue1,801897,1471870.829695487,1.471871
2026-06-28T05:41:00,ul,ue2,801909,1515938.690375328,1.515939
2026-06-28T05:41:00,ul,ue3,801921,1454243.6539309858,1.454244
2026-06-28T05:41:00,ul,ue4,801933,1463057.1630818248,1.463057
2026-06-28T05:41:00,ul,ue5,802659,1471870.829695487,1.471871
2026-06-28T05:41:00,ul,ue6,802671,1498311.6720736504,1.498312
2026-06-28T05:41:00,ul,ue7,802683,1454243.6539309858,1.454244
2026-06-28T05:41:00,ul,ue8,802695,1454243.6539309858,1.454244
2026-06-28T05:41:00,ul,ue9,803426,1445429.9873173237,1.445430
2026-06-28T05:41:00,ul,ue10,803438,1502718.4266490699,1.502718
2026-06-28T05:41:00,ul,ue11,803450,1515938.690375328,1.515939
2026-06-28T05:41:00,ul,ue12,803462,1467464.0751200677,1.467464
2026-06-28T05:41:05,ul,cu_cp,801643,542224.2111888623,0.542224
2026-06-28T05:41:05,ul,cu_up,801670,658084.0591207707,0.658084
2026-06-28T05:41:05,ul,du1,801832,5222962.931031423,5.222963
2026-06-28T05:41:05,ul,du2,802596,5204425.2092495775,5.204425
2026-06-28T05:41:05,ul,du3,803363,5311016.445346369,5.311016
2026-06-28T05:41:05,ul,ue1,801897,1904736.301810608,1.904736
2026-06-28T05:41:05,ul,ue2,801909,1937177.1488916324,1.937177
2026-06-28T05:41:05,ul,ue3,801921,1886198.746065967,1.886199
2026-06-28T05:41:05,ul,ue4,801933,1927908.28800071,1.927908
2026-06-28T05:41:05,ul,ue5,802659,1941811.4132998895,1.941811
2026-06-28T05:41:05,ul,ue6,802671,2020596.0667239141,2.020596
2026-06-28T05:41:05,ul,ue7,802683,1904736.301810608,1.904736
2026-06-28T05:41:05,ul,ue8,802695,1881564.3156205057,1.881564
2026-06-28T05:41:05,ul,ue9,803426,1886198.746065967,1.886199
2026-06-28T05:41:05,ul,ue10,803438,1923273.8575552488,1.923274
2026-06-28T05:41:05,ul,ue11,803450,1946445.8437453508,1.946446
2026-06-28T05:41:05,ul,ue12,803462,1932542.7184461714,1.932543
2026-06-28T05:41:11,ul,cu_cp,801643,550408.6336532295,0.550409
2026-06-28T05:41:11,ul,cu_up,801670,662528.8515286469,0.662529
2026-06-28T05:41:11,ul,du1,801832,5300230.812229175,5.300231
2026-06-28T05:41:11,ul,du2,802596,5218688.835592508,5.218689
2026-06-28T05:41:11,ul,du3,803363,5422543.610695191,5.422544
2026-06-28T05:41:11,ul,ue1,801897,1916237.4498955966,1.916237
2026-06-28T05:41:11,ul,ue2,801909,1916237.4498955966,1.916237
2026-06-28T05:41:11,ul,ue3,801921,1895851.8724919367,1.895852
2026-06-28T05:41:11,ul,ue4,801933,1906044.6611937666,1.906045
2026-06-28T05:41:11,ul,ue5,802659,1967201.060426774,1.967201
2026-06-28T05:41:11,ul,ue6,802671,1967201.060426774,1.967201
2026-06-28T05:41:11,ul,ue7,802683,1906044.6611937666,1.906045
2026-06-28T05:41:11,ul,ue8,802695,1875466.295088277,1.875466
2026-06-28T05:41:11,ul,ue9,803426,1875466.295088277,1.875466
2026-06-28T05:41:11,ul,ue10,803438,1957008.271724944,1.957008
2026-06-28T05:41:11,ul,ue11,803450,1946815.4830231143,1.946815
2026-06-28T05:41:11,ul,ue12,803462,1926430.0721084403,1.926430
2026-06-28T05:41:16,ul,cu_cp,801643,547864.5958554095,0.547865
2026-06-28T05:41:16,ul,cu_up,801670,652603.3997208348,0.652603
2026-06-28T05:41:16,ul,du1,801832,5244997.482644968,5.244997
2026-06-28T05:41:16,ul,du2,802596,5228883.737183256,5.228884
2026-06-28T05:41:16,ul,du3,803363,5478645.791896956,5.478646
2026-06-28T05:41:16,ul,ue1,801897,1925582.7499033653,1.925583
2026-06-28T05:41:16,ul,ue2,801909,1957810.07416965,1.957810
2026-06-28T05:41:16,ul,ue3,801921,1973923.8196313619,1.973924
2026-06-28T05:41:16,ul,ue4,801933,1941696.4953650772,1.941696
2026-06-28T05:41:16,ul,ue5,802659,1893355.4256370806,1.893355
2026-06-28T05:41:16,ul,ue6,802671,1901412.2983679366,1.901412
2026-06-28T05:41:16,ul,ue7,802683,1909469.1710987925,1.909469
2026-06-28T05:41:16,ul,ue8,802695,1901412.2983679366,1.901412
2026-06-28T05:41:16,ul,ue9,803426,1941696.4953650772,1.941696
2026-06-28T05:41:16,ul,ue10,803438,1965866.946900506,1.965867
2026-06-28T05:41:16,ul,ue11,803450,1933639.6226342213,1.933640
2026-06-28T05:41:16,ul,ue12,803462,1965866.946900506,1.965867
2026-06-28T05:41:22,ul,cu_cp,801643,561533.1519320202,0.561533
2026-06-28T05:41:22,ul,cu_up,801670,661806.9335267544,0.661807
2026-06-28T05:41:22,ul,du1,801832,5274400.34525055,5.274400
2026-06-28T05:41:22,ul,du2,802596,5294455.468214035,5.294455
2026-06-28T05:41:22,ul,du3,803363,5474948.2417532345,5.474948
2026-06-28T05:41:22,ul,ue1,801897,1925256.4732936097,1.925256
2026-06-28T05:41:22,ul,ue2,801909,1998790.5353546524,1.998791
2026-06-28T05:41:22,ul,ue3,801921,1965366.0525941467,1.965366
2026-06-28T05:41:22,ul,ue4,801933,1958680.9560541152,1.958681
2026-06-28T05:41:22,ul,ue5,802659,1972050.9824775695,1.972051
2026-06-28T05:41:22,ul,ue6,802671,2005475.4652380752,2.005475
2026-06-28T05:41:22,ul,ue7,802683,1938626.3330604553,1.938626
2026-06-28T05:41:22,ul,ue8,802695,1865092.2709994125,1.865092
2026-06-28T05:41:22,ul,ue9,803426,1945311.262943878,1.945311
2026-06-28T05:41:22,ul,ue10,803438,1951996.192827301,1.951996
2026-06-28T05:41:22,ul,ue11,803450,1965366.0525941467,1.965366
2026-06-28T05:41:22,ul,ue12,803462,1931941.4031770325,1.931941
2026-06-28T05:41:27,ul,cu_cp,801643,541987.126715219,0.541987
2026-06-28T05:41:27,ul,cu_up,801670,657831.7250157738,0.657832
2026-06-28T05:41:27,ul,du1,801832,5304026.835283785,5.304027
2026-06-28T05:41:27,ul,du2,802596,5233692.608943014,5.233693
2026-06-28T05:41:27,ul,du3,803363,5357811.714415798,5.357812
2026-06-28T05:41:27,ul,ue1,801897,1919710.1294831587,1.919710
2026-06-28T05:41:27,ul,ue2,801909,1911435.45587878,1.911435
2026-06-28T05:41:27,ul,ue3,801921,1927984.8030875372,1.927985
2026-06-28T05:41:27,ul,ue4,801933,1965220.5014429425,1.965221
2026-06-28T05:41:27,ul,ue5,802659,1977632.5118495107,1.977633
2026-06-28T05:41:27,ul,ue6,802671,2019005.5470071053,2.019006
2026-06-28T05:41:27,ul,ue7,802683,1927984.8030875372,1.927985
2026-06-28T05:41:27,ul,ue8,802695,1919710.1294831587,1.919710
2026-06-28T05:41:27,ul,ue9,803426,1923847.466285348,1.923847
2026-06-28T05:41:27,ul,ue10,803438,1940396.6470619559,1.940397
2026-06-28T05:41:27,ul,ue11,803450,1936259.476691916,1.936259
2026-06-28T05:41:27,ul,ue12,803462,1878337.0943255639,1.878337
2026-06-28T05:41:33,ul,cu_cp,801643,543014.3060008794,0.543014
2026-06-28T05:41:33,ul,cu_up,801670,659078.4508666014,0.659078
2026-06-28T05:41:33,ul,du1,801832,5280917.552862351,5.280918
2026-06-28T05:41:33,ul,du2,802596,5206305.04853585,5.206305
2026-06-28T05:41:33,ul,du3,803363,5280917.552862351,5.280918
2026-06-28T05:41:33,ul,ue1,801897,1898477.542979573,1.898478
2026-06-28T05:41:33,ul,ue2,801909,1915058.0994965732,1.915058
2026-06-28T05:41:33,ul,ue3,801921,1931638.6560135735,1.931639
2026-06-28T05:41:33,ul,ue4,801933,1915058.0994965732,1.915058
2026-06-28T05:41:33,ul,ue5,802659,1939928.9342720734,1.939929
2026-06-28T05:41:33,ul,ue6,802671,1997961.0482460547,1.997961
2026-06-28T05:41:33,ul,ue7,802683,1910912.9603673231,1.910913
2026-06-28T05:41:33,ul,ue8,802695,1861171.124651842,1.861171
2026-06-28T05:41:33,ul,ue9,803426,1939928.9342720734,1.939929
2026-06-28T05:41:33,ul,ue10,803438,1923348.3777550734,1.923348
2026-06-28T05:41:33,ul,ue11,803450,1894332.403850323,1.894332
2026-06-28T05:41:33,ul,ue12,803462,1964799.769047574,1.964800
2026-06-28T05:41:39,ul,cu_cp,801643,539543.4669764328,0.539543
2026-06-28T05:41:39,ul,cu_up,801670,650105.67190866,0.650106
2026-06-28T05:41:39,ul,du1,801832,5346787.678614979,5.346788
2026-06-28T05:41:39,ul,du2,802596,5156620.626286154,5.156621
2026-06-28T05:41:39,ul,du3,803363,5161042.868452378,5.161043
2026-06-28T05:41:39,ul,ue1,801897,1910514.675146284,1.910515
2026-06-28T05:41:39,ul,ue2,801909,1906092.1005056477,1.906092
2026-06-28T05:41:39,ul,ue3,801921,1906092.1005056477,1.906092
2026-06-28T05:41:39,ul,ue4,801933,1937049.6242784834,1.937050
2026-06-28T05:41:39,ul,ue5,802659,1932627.0496378469,1.932627
2026-06-28T05:41:39,ul,ue6,802671,1963584.4071734762,1.963584
2026-06-28T05:41:39,ul,ue7,802683,1914937.0835497142,1.914937
2026-06-28T05:41:39,ul,ue8,802695,1870712.1683293818,1.870712
2026-06-28T05:41:39,ul,ue9,803426,1945894.60732255,1.945895
2026-06-28T05:41:39,ul,ue10,803438,1883979.5597768785,1.883980
2026-06-28T05:41:39,ul,ue11,803450,1888402.1344175148,1.888402
2026-06-28T05:41:39,ul,ue12,803462,1914937.0835497142,1.914937
2026-06-28T05:41:44,ul,cu_cp,801643,548380.8854672909,0.548381
2026-06-28T05:41:44,ul,cu_up,801670,655268.6460201358,0.655269
2026-06-28T05:41:44,ul,du1,801832,5302564.152228394,5.302564
2026-06-28T05:41:44,ul,du2,802596,5163145.240004501,5.163145
2026-06-28T05:41:44,ul,du3,803363,5353684.164736252,5.353684
2026-06-28T05:41:44,ul,ue1,801897,1947216.785839958,1.947217
2026-06-28T05:41:44,ul,ue2,801909,1947216.785839958,1.947217
2026-06-28T05:41:44,ul,ue3,801921,1910038.3981465911,1.910038
2026-06-28T05:41:44,ul,ue4,801933,1933274.8280155945,1.933275
2026-06-28T05:41:44,ul,ue5,802659,1998337.131357689,1.998337
2026-06-28T05:41:44,ul,ue6,802671,1993689.812082901,1.993690
2026-06-28T05:41:44,ul,ue7,802683,1923980.355970955,1.923980
2026-06-28T05:41:44,ul,ue8,802695,1900743.9261019516,1.900744
2026-06-28T05:41:44,ul,ue9,803426,1914685.7174213792,1.914686
2026-06-28T05:41:44,ul,ue10,803438,1905391.2453767394,1.905391
2026-06-28T05:41:44,ul,ue11,803450,1914685.7174213792,1.914686
2026-06-28T05:41:44,ul,ue12,803462,1956511.2578845979,1.956511
2026-06-28T05:41:50,ul,cu_cp,801643,534382.3517862025,0.534382
2026-06-28T05:41:50,ul,cu_up,801670,641258.8387129593,0.641259
2026-06-28T05:41:50,ul,du1,801832,5260181.51089719,5.260182
2026-06-28T05:41:50,ul,du2,802596,5167245.082305968,5.167245
2026-06-28T05:41:50,ul,du3,803363,5213713.2966015795,5.213713
2026-06-28T05:41:50,ul,ue1,801897,1914483.005835886,1.914483
2026-06-28T05:41:50,ul,ue2,801909,1914483.005835886,1.914483
2026-06-28T05:41:50,ul,ue3,801921,1909836.0849892271,1.909836
2026-06-28T05:41:50,ul,ue4,801933,1933070.0264418698,1.933070
2026-06-28T05:41:50,ul,ue5,802659,1988831.7510404729,1.988832
2026-06-28T05:41:50,ul,ue6,802671,2026006.1236427664,2.026006
2026-06-28T05:41:50,ul,ue7,802683,1919129.595292219,1.919130
2026-06-28T05:41:50,ul,ue8,802695,1895895.6538395763,1.895896
2026-06-28T05:41:50,ul,ue9,803426,1881955.3883850884,1.881955
2026-06-28T05:41:50,ul,ue10,803438,1919129.595292219,1.919130
2026-06-28T05:41:50,ul,ue11,803450,1895895.6538395763,1.895896
2026-06-28T05:41:50,ul,ue12,803462,1886602.1435365845,1.886602
2026-06-28T05:41:55,ul,cu_cp,801643,532050.964300518,0.532051
2026-06-28T05:41:55,ul,cu_up,801670,619955.0381026935,0.619955
2026-06-28T05:41:55,ul,du1,801832,5186340.1887880135,5.186340
2026-06-28T05:41:55,ul,du2,802596,5195593.231762943,5.195593
2026-06-28T05:41:55,ul,du3,803363,5204846.605818558,5.204847
2026-06-28T05:41:55,ul,ue1,801897,1901503.9732356071,1.901504
2026-06-28T05:41:55,ul,ue2,801909,1901503.9732356071,1.901504
2026-06-28T05:41:55,ul,ue3,801921,1873744.6787704753,1.873745
2026-06-28T05:41:55,ul,ue4,801933,1929263.1021603965,1.929263
2026-06-28T05:41:55,ul,ue5,802659,1984781.5255503177,1.984782
2026-06-28T05:41:55,ul,ue6,802671,1966275.4396004581,1.966275
2026-06-28T05:41:55,ul,ue7,802683,1906130.494723072,1.906130
2026-06-28T05:41:55,ul,ue8,802695,1873744.6787704753,1.873745
2026-06-28T05:41:55,ul,ue9,803426,1869118.1572830104,1.869118
2026-06-28T05:41:55,ul,ue10,803438,1938516.1451353263,1.938516
2026-06-28T05:41:55,ul,ue11,803450,1878371.2002579402,1.878371
2026-06-28T05:41:55,ul,ue12,803462,1855238.5928206157,1.855239
2026-06-28T05:42:01,ul,cu_cp,801643,551629.8941383436,0.551630
2026-06-28T05:42:01,ul,cu_up,801670,645126.458253555,0.645126
2026-06-28T05:42:01,ul,du1,801832,5245159.029843271,5.245159
2026-06-28T05:42:01,ul,du2,802596,5011416.831726909,5.011417
2026-06-28T05:42:01,ul,du3,803363,5132962.655329227,5.132963
2026-06-28T05:42:01,ul,ue1,801897,1897980.7905792296,1.897981
2026-06-28T05:42:01,ul,ue2,801909,1869931.779880017,1.869932
2026-06-28T05:42:01,ul,ue3,801921,1935379.4162253141,1.935379
2026-06-28T05:42:01,ul,ue4,801933,1944729.0311721861,1.944729
2026-06-28T05:42:01,ul,ue5,802659,1963428.4269245267,1.963428
2026-06-28T05:42:01,ul,ue6,802671,1963428.4269245267,1.963428
2026-06-28T05:42:01,ul,ue7,802683,1954078.8119776547,1.954079
2026-06-28T05:42:01,ul,ue8,802695,1888631.009773761,1.888631
2026-06-28T05:42:01,ul,ue9,803426,1888631.009773761,1.888631
2026-06-28T05:42:01,ul,ue10,803438,1963428.4269245267,1.963428
2026-06-28T05:42:01,ul,ue11,803450,1972778.0418713987,1.972778
2026-06-28T05:42:01,ul,ue12,803462,1869931.779880017,1.869932
2026-06-28T05:42:06,ul,cu_cp,801643,547584.8258397934,0.547585
2026-06-28T05:42:06,ul,cu_up,801670,645099.9086259779,0.645100
2026-06-28T05:42:06,ul,du1,801832,5183302.7623526715,5.183303
2026-06-28T05:42:06,ul,du2,802596,4950766.554372925,4.950767
2026-06-28T05:42:06,ul,du3,803363,5160799.269007823,5.160799
2026-06-28T05:42:06,ul,ue1,801897,1912796.2738142037,1.912796
2026-06-28T05:42:06,ul,ue2,801909,1875290.3965312995,1.875290
2026-06-28T05:42:06,ul,ue3,801921,1920297.3832209958,1.920297
2026-06-28T05:42:06,ul,ue4,801933,1980306.5887242758,1.980307
2026-06-28T05:42:06,ul,ue5,802659,1867789.2871245074,1.867789
2026-06-28T05:42:06,ul,ue6,802671,1980306.5887242758,1.980307
2026-06-28T05:42:06,ul,ue7,802683,1920297.3832209958,1.920297
2026-06-28T05:42:06,ul,ue8,802695,1882791.5059380913,1.882792
2026-06-28T05:42:06,ul,ue9,803426,1867789.2871245074,1.867789
2026-06-28T05:42:06,ul,ue10,803438,1950301.9859726357,1.950302
2026-06-28T05:42:06,ul,ue11,803450,1927798.4926277876,1.927798
2026-06-28T05:42:06,ul,ue12,803462,1905294.9992829394,1.905295
2026-06-28T05:42:12,ul,cu_cp,801643,540192.2099306929,0.540192
2026-06-28T05:42:12,ul,cu_up,801670,643282.2867424238,0.643282
2026-06-28T05:42:12,ul,du1,801832,5175123.598421564,5.175124
2026-06-28T05:42:12,ul,du2,802596,5150382.145936527,5.150382
2026-06-28T05:42:12,ul,du3,803363,5208112.423001318,5.208112
2026-06-28T05:42:12,ul,ue1,801897,1909228.8033774805,1.909229
2026-06-28T05:42:12,ul,ue2,801909,1880363.6648450852,1.880364
2026-06-28T05:42:12,ul,ue3,801921,1917476.009522419,1.917476
2026-06-28T05:42:12,ul,ue4,801933,1917476.009522419,1.917476
2026-06-28T05:42:12,ul,ue5,802659,1946341.3140045928,1.946341
2026-06-28T05:42:12,ul,ue6,802671,2024689.8553563976,2.024690
2026-06-28T05:42:12,ul,ue7,802683,1913352.489424839,1.913352
2026-06-28T05:42:12,ul,ue8,802695,1876239.9787977266,1.876240
2026-06-28T05:42:12,ul,ue9,803426,1892734.5570373822,1.892735
2026-06-28T05:42:12,ul,ue10,803438,1925723.2156673574,1.925723
2026-06-28T05:42:12,ul,ue11,803450,1855622.0464102698,1.855622
2026-06-28T05:42:12,ul,ue12,803462,1933970.5877620745,1.933971
2026-06-28T05:42:18,ul,cu_cp,801643,543993.7373121643,0.543994
2026-06-28T05:42:18,ul,cu_up,801670,635351.4283755398,0.635351
2026-06-28T05:42:18,ul,du1,801832,5244763.933425064,5.244764
2026-06-28T05:42:18,ul,du2,802596,5165863.926267014,5.165864
2026-06-28T05:42:18,ul,du3,803363,5207390.175898361,5.207390
2026-06-28T05:42:18,ul,ue1,801897,1930970.1096383287,1.930970
2026-06-28T05:42:18,ul,ue2,801909,1901901.6684671403,1.901902
2026-06-28T05:42:18,ul,ue3,801921,1897749.1763624954,1.897749
2026-06-28T05:42:18,ul,ue4,801933,1955885.8926317596,1.955886
2026-06-28T05:42:18,ul,ue5,802659,1960038.3847364045,1.960038
2026-06-28T05:42:18,ul,ue6,802671,2001564.6343677521,2.001565
2026-06-28T05:42:18,ul,ue7,802683,1947580.576276245,1.947581
2026-06-28T05:42:18,ul,ue8,802695,1914359.4769272995,1.914359
2026-06-28T05:42:18,ul,ue9,803426,1910206.9848226546,1.910207
2026-06-28T05:42:18,ul,ue10,803438,1926817.4514605713,1.926817
2026-06-28T05:42:18,ul,ue11,803450,1939275.2599207305,1.939275
2026-06-28T05:42:18,ul,ue12,803462,1906054.3266448975,1.906054
2026-06-28T05:42:23,ul,cu_cp,801643,542137.9115269947,0.542138
2026-06-28T05:42:23,ul,cu_up,801670,629045.4909366417,0.629045
2026-06-28T05:42:23,ul,du1,801832,5268256.266927337,5.268256
2026-06-28T05:42:23,ul,du2,802596,5202040.5411554715,5.202041
2026-06-28T05:42:23,ul,du3,803363,5177210.100829925,5.177210
2026-06-28T05:42:23,ul,ue1,801897,1907828.8663482284,1.907829
2026-06-28T05:42:23,ul,ue2,801909,1899551.9421575547,1.899552
2026-06-28T05:42:23,ul,ue3,801921,1953351.783273697,1.953352
2026-06-28T05:42:23,ul,ue4,801933,1924382.5486063384,1.924383
2026-06-28T05:42:23,ul,ue5,802659,1895413.4800622177,1.895413
2026-06-28T05:42:23,ul,ue6,802671,1961628.7074643706,1.961629
2026-06-28T05:42:23,ul,ue7,802683,1895413.4800622177,1.895413
2026-06-28T05:42:23,ul,ue8,802695,1887136.555871544,1.887137
2026-06-28T05:42:23,ul,ue9,803426,1903690.4042528914,1.903690
2026-06-28T05:42:23,ul,ue10,803438,1932659.6389202499,1.932660
2026-06-28T05:42:23,ul,ue11,803450,1924382.5486063384,1.924383
2026-06-28T05:42:23,ul,ue12,803462,1916105.7905389024,1.916106
2026-06-28T05:42:29,ul,cu_cp,801643,539556.6371044933,0.539557
2026-06-28T05:42:29,ul,cu_up,801670,621861.8285159362,0.621862
2026-06-28T05:42:29,ul,du1,801832,5144078.194057083,5.144078
2026-06-28T05:42:29,ul,du2,802596,5153222.902118539,5.153223
2026-06-28T05:42:29,ul,du3,803363,5244673.630667419,5.244674
2026-06-28T05:42:29,ul,ue1,801897,1897593.248830676,1.897593
2026-06-28T05:42:29,ul,ue2,801909,1883875.689292903,1.883876
2026-06-28T05:42:29,ul,ue3,801921,1957035.841012497,1.957036
2026-06-28T05:42:29,ul,ue4,801933,1934173.407598071,1.934173
2026-06-28T05:42:29,ul,ue5,802659,1851868.0503714322,1.851868
2026-06-28T05:42:29,ul,ue6,802671,1929600.7219369507,1.929601
2026-06-28T05:42:29,ul,ue7,802683,1865585.6099092055,1.865586
2026-06-28T05:42:29,ul,ue8,802695,1870158.1297551298,1.870158
2026-06-28T05:42:29,ul,ue9,803426,1915883.3282143737,1.915883
2026-06-28T05:42:29,ul,ue10,803438,1947890.8013206483,1.947891
2026-06-28T05:42:29,ul,ue11,803450,1920455.848060298,1.920456
2026-06-28T05:42:29,ul,ue12,803462,1897593.248830676,1.897593
2026-06-28T05:42:34,ul,cu_cp,801643,541713.9765456426,0.541714
2026-06-28T05:42:34,ul,cu_up,801670,634314.6566508678,0.634315
2026-06-28T05:42:34,ul,du1,801832,5213418.459657984,5.213418
2026-06-28T05:42:34,ul,du2,802596,5162488.050411394,5.162488
2026-06-28T05:42:34,ul,du3,803363,5204158.11427758,5.204158
2026-06-28T05:42:34,ul,ue1,801897,1893683.831564648,1.893684
2026-06-28T05:42:34,ul,ue2,801909,1856643.6092007458,1.856644
2026-06-28T05:42:34,ul,ue3,801921,1921464.0397360646,1.921464
2026-06-28T05:42:34,ul,ue4,801933,1912204.025543579,1.912204
2026-06-28T05:42:34,ul,ue5,802659,1828863.4010293293,1.828863
2026-06-28T05:42:34,ul,ue6,802671,1930724.2195225095,1.930724
2026-06-28T05:42:34,ul,ue7,802683,1889053.8244684052,1.889054
2026-06-28T05:42:34,ul,ue8,802695,1838123.415221815,1.838123
2026-06-28T05:42:34,ul,ue9,803426,1912204.025543579,1.912204
2026-06-28T05:42:34,ul,ue10,803438,1879793.8102759195,1.879794
2026-06-28T05:42:34,ul,ue11,803450,1921464.0397360646,1.921464
2026-06-28T05:42:34,ul,ue12,803462,1875163.8031796766,1.875164
2026-06-28T05:42:40,ul,cu_cp,801643,540701.9916190329,0.540702
2026-06-28T05:42:40,ul,cu_up,801670,642372.4228077728,0.642372
2026-06-28T05:42:40,ul,du1,801832,5194435.958622127,5.194436
2026-06-28T05:42:40,ul,du2,802596,5162086.621692891,5.162087
2026-06-28T05:42:40,ul,du3,803363,5226785.96054616,5.226786
2026-06-28T05:42:40,ul,ue1,801897,1904010.4448143577,1.904010
2026-06-28T05:42:40,ul,ue2,801909,1876281.990485686,1.876282
2026-06-28T05:42:40,ul,ue3,801921,1899388.8972189962,1.899389
2026-06-28T05:42:40,ul,ue4,801933,1885524.7531790102,1.885525
2026-06-28T05:42:40,ul,ue5,802659,1857796.4650990379,1.857796
2026-06-28T05:42:40,ul,ue6,802671,1885524.7531790102,1.885525
2026-06-28T05:42:40,ul,ue7,802683,1936360.114240992,1.936360
2026-06-28T05:42:40,ul,ue8,802695,1894767.6821210338,1.894768
2026-06-28T05:42:40,ul,ue9,803426,1885524.7531790102,1.885525
2026-06-28T05:42:40,ul,ue10,803438,1922495.970201006,1.922496
2026-06-28T05:42:40,ul,ue11,803450,1927117.1852989686,1.927117
2026-06-28T05:42:40,ul,ue12,803462,1954845.6396276401,1.954846
2026-06-28T05:42:45,ul,cu_cp,801643,549479.4555721208,0.549479
2026-06-28T05:42:45,ul,cu_up,801670,624898.1798823774,0.624898
2026-06-28T05:42:45,ul,du1,801832,5257763.732056963,5.257764
2026-06-28T05:42:45,ul,du2,802596,5106926.866387939,5.106927
2026-06-28T05:42:45,ul,du3,803363,5236216.17944448,5.236216
2026-06-28T05:42:45,ul,ue1,801897,1917790.9773326456,1.917791
2026-06-28T05:42:45,ul,ue2,801909,1885468.6490685106,1.885469
2026-06-28T05:42:45,ul,ue3,801921,1917790.9773326456,1.917791
2026-06-28T05:42:45,ul,ue4,801933,1863920.4302257537,1.863920
2026-06-28T05:42:45,ul,ue5,802659,1907016.8679112673,1.907017
2026-06-28T05:42:45,ul,ue6,802671,1939339.1961754025,1.939339
2026-06-28T05:42:45,ul,ue7,802683,1950113.3055967807,1.950113
2026-06-28T05:42:45,ul,ue8,802695,1907016.8679112673,1.907017
2026-06-28T05:42:45,ul,ue9,803426,1950113.3055967807,1.950113
2026-06-28T05:42:45,ul,ue10,803438,1885468.6490685106,1.885469
2026-06-28T05:42:45,ul,ue11,803450,1907016.8679112673,1.907017
2026-06-28T05:42:45,ul,ue12,803462,1917790.9773326456,1.917791
2026-06-28T05:42:51,ul,cu_cp,801643,544247.7289257091,0.544248
2026-06-28T05:42:51,ul,cu_up,801670,644724.2378520054,0.644724
2026-06-28T05:42:51,ul,du1,801832,5283389.5389739135,5.283390
2026-06-28T05:42:51,ul,du2,802596,5115928.801797002,5.115929
2026-06-28T05:42:51,ul,du3,803363,5241524.437954872,5.241524
2026-06-28T05:42:51,ul,ue1,801897,1917426.6564933623,1.917427
2026-06-28T05:42:51,ul,ue2,801909,1867188.402030214,1.867188
2026-06-28T05:42:51,ul,ue3,801921,1909053.6695996285,1.909054
2026-06-28T05:42:51,ul,ue4,801933,1934172.6302808297,1.934173
2026-06-28T05:42:51,ul,ue5,802659,1976037.897850244,1.976038
2026-06-28T05:42:51,ul,ue6,802671,1967664.9109565103,1.967665
2026-06-28T05:42:51,ul,ue7,802683,1984411.0512943505,1.984411
2026-06-28T05:42:51,ul,ue8,802695,1900680.5161555219,1.900681
2026-06-28T05:42:51,ul,ue9,803426,1959291.7575124037,1.959292
2026-06-28T05:42:51,ul,ue10,803438,1909053.6695996285,1.909054
2026-06-28T05:42:51,ul,ue11,803450,1925799.643387096,1.925800
2026-06-28T05:42:51,ul,ue12,803462,1909053.6695996285,1.909054
2026-06-28T05:42:57,ul,cu_cp,801643,536589.2667955953,0.536589
2026-06-28T05:42:57,ul,cu_up,801670,624888.7942198309,0.624889
2026-06-28T05:42:57,ul,du1,801832,5196086.461906603,5.196086
2026-06-28T05:42:57,ul,du2,802596,5026279.094558902,5.026279
2026-06-28T05:42:57,ul,du3,803363,5236839.739006748,5.236840
2026-06-28T05:42:57,ul,ue1,801897,1888250.8774844431,1.888251
2026-06-28T05:42:57,ul,ue2,801909,1915419.9500842262,1.915420
2026-06-28T05:42:57,ul,ue3,801921,1935796.7545340634,1.935797
2026-06-28T05:42:57,ul,ue4,801933,1929004.4863841175,1.929004
2026-06-28T05:42:57,ul,ue5,802659,1867874.073034606,1.867874
2026-06-28T05:42:57,ul,ue6,802671,1922212.2182341719,1.922212
2026-06-28T05:42:57,ul,ue7,802683,1956173.5589839006,1.956174
2026-06-28T05:42:57,ul,ue8,802695,1874666.507084316,1.874667
2026-06-28T05:42:57,ul,ue9,803426,1833912.7322848772,1.833913
2026-06-28T05:42:57,ul,ue10,803438,1962965.9930336105,1.962966
2026-06-28T05:42:57,ul,ue11,803450,1956173.5589839006,1.956174
2026-06-28T05:42:57,ul,ue12,803462,1881458.6093344975,1.881459
2026-06-28T05:43:02,ul,cu_cp,801643,539309.0149308965,0.539309
2026-06-28T05:43:02,ul,cu_up,801670,621646.252977863,0.621646
2026-06-28T05:43:02,ul,du1,801832,5232532.495730281,5.232532
2026-06-28T05:43:02,ul,du2,802596,5113143.64774555,5.113144
2026-06-28T05:43:02,ul,du3,803363,5137844.582837045,5.137845
2026-06-28T05:43:02,ul,ue1,801897,1864938.8418537974,1.864939
2026-06-28T05:43:02,ul,ue2,801909,1877289.4752399623,1.877289
2026-06-28T05:43:02,ul,ue3,801921,1918458.0320732892,1.918458
2026-06-28T05:43:02,ul,ue4,801933,1910224.2212023735,1.910224
2026-06-28T05:43:02,ul,ue5,802659,1856705.196823299,1.856705
2026-06-28T05:43:02,ul,ue6,802671,1914341.20955804,1.914341
2026-06-28T05:43:02,ul,ue7,802683,1893756.9311413765,1.893757
2026-06-28T05:43:02,ul,ue8,802695,1827886.9416953027,1.827887
2026-06-28T05:43:02,ul,ue9,803426,1906107.3986871243,1.906107
2026-06-28T05:43:02,ul,ue10,803438,1918458.0320732892,1.918458
2026-06-28T05:43:02,ul,ue11,803450,1914341.20955804,1.914341
2026-06-28T05:43:02,ul,ue12,803462,1873172.486884296,1.873172
2026-06-28T05:43:08,ul,cu_cp,801643,540320.7621794236,0.540321
2026-06-28T05:43:08,ul,cu_up,801670,626937.0742115218,0.626937
2026-06-28T05:43:08,ul,du1,801832,5246473.425777769,5.246473
2026-06-28T05:43:08,ul,du2,802596,5060867.084301224,5.060867
2026-06-28T05:43:08,ul,du3,803363,5196978.224533338,5.196978
2026-06-28T05:43:08,ul,ue1,801897,1876686.6363473225,1.876687
2026-06-28T05:43:08,ul,ue2,801909,1917932.4163209915,1.917932
2026-06-28T05:43:08,ul,ue3,801921,1959178.3620921778,1.959178
2026-06-28T05:43:08,ul,ue4,801933,1897309.526334157,1.897310
2026-06-28T05:43:08,ul,ue5,802659,1860188.2911983514,1.860188
2026-06-28T05:43:08,ul,ue6,802671,1901434.0711720204,1.901434
2026-06-28T05:43:08,ul,ue7,802683,1901434.0711720204,1.901434
2026-06-28T05:43:08,ul,ue8,802695,1856063.746360488,1.856064
2026-06-28T05:43:08,ul,ue9,803426,1922057.1269563723,1.922057
2026-06-28T05:43:08,ul,ue10,803438,1930306.2166320991,1.930306
2026-06-28T05:43:08,ul,ue11,803450,1917932.4163209915,1.917932
2026-06-28T05:43:08,ul,ue12,803462,1884935.7260230493,1.884936
2026-06-28T05:43:14,ul,cu_cp,801643,537058.9562452974,0.537059
2026-06-28T05:43:14,ul,cu_up,801670,619350.3064433313,0.619350
2026-06-28T05:43:14,ul,du1,801832,5175689.491559372,5.175689
2026-06-28T05:43:14,ul,du2,802596,5093398.182823598,5.093398
2026-06-28T05:43:14,ul,du3,803363,5154033.587214832,5.154034
2026-06-28T05:43:14,ul,ue1,801897,1884037.4738265108,1.884037
2026-06-28T05:43:14,ul,ue2,801909,1875375.1784283114,1.875375
2026-06-28T05:43:14,ul,ue3,801921,1927348.6191194272,1.927349
2026-06-28T05:43:14,ul,ue4,801933,1888368.6215256108,1.888369
2026-06-28T05:43:14,ul,ue5,802659,1849388.4580827535,1.849388
2026-06-28T05:43:14,ul,ue6,802671,1879706.326127411,1.879706
2026-06-28T05:43:14,ul,ue7,802683,1866713.0488791526,1.866713
2026-06-28T05:43:14,ul,ue8,802695,1871044.0307292116,1.871044
2026-06-28T05:43:14,ul,ue9,803426,1905693.046472969,1.905693
2026-06-28T05:43:14,ul,ue10,803438,1927348.6191194272,1.927349
2026-06-28T05:43:14,ul,ue11,803450,1931679.766818527,1.931680
2026-06-28T05:43:14,ul,ue12,803462,1875375.1784283114,1.875375
2026-06-28T05:43:19,ul,cu_cp,801643,546006.3581731457,0.546006
2026-06-28T05:43:19,ul,cu_up,801670,639340.8007676688,0.639341
2026-06-28T05:43:19,ul,du1,801832,5240727.585489406,5.240728
2026-06-28T05:43:19,ul,du2,802596,5082059.211910686,5.082059
2026-06-28T05:43:19,ul,du3,803363,5217394.255565379,5.217394
2026-06-28T05:43:19,ul,ue1,801897,1918022.277536516,1.918022
2026-06-28T05:43:19,ul,ue2,801909,1913355.6780938387,1.913356
2026-06-28T05:43:19,ul,ue3,801921,1950689.3054118596,1.950689
2026-06-28T05:43:19,ul,ue4,801933,1927355.6427771915,1.927356
2026-06-28T05:43:19,ul,ue5,802659,1862021.7533818246,1.862022
2026-06-28T05:43:19,ul,ue6,802671,1899355.3806998455,1.899355
2026-06-28T05:43:19,ul,ue7,802683,1899355.3806998455,1.899355
2026-06-28T05:43:19,ul,ue8,802695,1885355.2496611727,1.885355
2026-06-28T05:43:19,ul,ue9,803426,1899355.3806998455,1.899355
2026-06-28T05:43:19,ul,ue10,803438,1960022.837007855,1.960023
2026-06-28T05:43:19,ul,ue11,803450,1969356.2022485305,1.969356
2026-06-28T05:43:19,ul,ue12,803462,1922689.043334514,1.922689
2026-06-28T05:43:25,ul,cu_cp,801643,557597.8181401545,0.557598
2026-06-28T05:43:25,ul,cu_up,801670,618004.311109643,0.618004
2026-06-28T05:43:25,ul,du1,801832,5218186.154954109,5.218186
2026-06-28T05:43:25,ul,du2,802596,5060200.460346994,5.060200
2026-06-28T05:43:25,ul,du3,803363,5194953.160099254,5.194953
2026-06-28T05:43:25,ul,ue1,801897,1877246.0943830467,1.877246
2026-06-28T05:43:25,ul,ue2,801909,1905125.8544081354,1.905126
2026-06-28T05:43:25,ul,ue3,801921,1951592.3427156329,1.951592
2026-06-28T05:43:25,ul,ue4,801933,1960885.7068568373,1.960886
2026-06-28T05:43:25,ul,ue5,802659,1835426.2050465203,1.835426
2026-06-28T05:43:25,ul,ue6,802671,1895832.6564661933,1.895833
2026-06-28T05:43:25,ul,ue7,802683,1867952.7302418423,1.867953
2026-06-28T05:43:25,ul,ue8,802695,1849366.1681586958,1.849366
2026-06-28T05:43:25,ul,ue9,803426,1919065.8175203109,1.919066
2026-06-28T05:43:25,ul,ue10,803438,1970179.0709980417,1.970179
2026-06-28T05:43:25,ul,ue11,803450,1956239.1078858662,1.956239
2026-06-28T05:43:25,ul,ue12,803462,1886539.458524251,1.886539
2026-06-28T05:43:30,ul,cu_cp,801643,544001.1929795981,0.544001
2026-06-28T05:43:30,ul,cu_up,801670,632343.2862415159,0.632343
2026-06-28T05:43:30,ul,du1,801832,5226131.221218567,5.226131
2026-06-28T05:43:30,ul,du2,802596,5035498.0686893035,5.035498
2026-06-28T05:43:30,ul,du3,803363,5216831.799682503,5.216832
2026-06-28T05:43:30,ul,ue1,801897,1929576.7531594275,1.929577
2026-06-28T05:43:30,ul,ue2,801909,1906328.8645139409,1.906329
2026-06-28T05:43:30,ul,ue3,801921,1924927.3749887324,1.924927
2026-06-28T05:43:30,ul,ue4,801933,1957474.3525729466,1.957474
2026-06-28T05:43:30,ul,ue5,802659,1855183.5427536035,1.855184
2026-06-28T05:43:30,ul,ue6,802671,1873781.8869297267,1.873782
2026-06-28T05:43:30,ul,ue7,802683,1864482.7979909992,1.864483
2026-06-28T05:43:30,ul,ue8,802695,1910978.575281973,1.910979
2026-06-28T05:43:30,ul,ue9,803426,1915628.1197513365,1.915628
2026-06-28T05:43:30,ul,ue10,803438,1952824.8081035828,1.952825
2026-06-28T05:43:30,ul,ue11,803450,1952824.8081035828,1.952825
2026-06-28T05:43:30,ul,ue12,803462,1952824.8081035828,1.952825
2026-06-28T05:43:41,ul,cu_cp,801643,551568.7955585879,0.551569
2026-06-28T05:43:41,ul,cu_up,801670,613842.6837855908,0.613843
2026-06-28T05:43:41,ul,du1,801832,5142045.041920474,5.142045
2026-06-28T05:43:41,ul,du2,802596,5008600.775994401,5.008601
2026-06-28T05:43:41,ul,du3,803363,5177629.669579582,5.177630
2026-06-28T05:43:41,ul,ue1,801897,1903802.0227230978,1.903802
2026-06-28T05:43:41,ul,ue2,801909,1903802.0227230978,1.903802
2026-06-28T05:43:41,ul,ue3,801921,1957179.62932634,1.957180
2026-06-28T05:43:41,ul,ue4,801933,1912698.2627771974,1.912698
2026-06-28T05:43:41,ul,ue5,802659,1903802.0227230978,1.903802
2026-06-28T05:43:41,ul,ue6,802671,1921594.6691099417,1.921595
2026-06-28T05:43:41,ul,ue7,802683,1886009.5426148986,1.886010
2026-06-28T05:43:41,ul,ue8,802695,1894905.7826689982,1.894906
2026-06-28T05:43:41,ul,ue9,803426,1921594.6691099417,1.921595
2026-06-28T05:43:41,ul,ue10,803438,1930490.9091640413,1.930491
2026-06-28T05:43:41,ul,ue11,803450,1939387.1492181409,1.939387
2026-06-28T05:43:41,ul,ue12,803462,1868216.8962280548,1.868217
2026-06-28T05:43:47,ul,cu_cp,801643,535931.770876503,0.535932
2026-06-28T05:43:47,ul,cu_up,801670,607389.3513557672,0.607389
2026-06-28T05:43:47,ul,du1,801832,5137799.291997289,5.137799
2026-06-28T05:43:47,ul,du2,802596,4987737.95940094,4.987738
2026-06-28T05:43:47,ul,du3,803363,5230693.567594481,5.230694
2026-06-28T05:43:47,ul,ue1,801897,1965083.0495898724,1.965083
2026-06-28T05:43:47,ul,ue2,801909,1872188.2776848078,1.872188
2026-06-28T05:43:47,ul,ue3,801921,1872188.2776848078,1.872188
2026-06-28T05:43:47,ul,ue4,801933,1893625.469110608,1.893625
2026-06-28T05:43:47,ul,ue5,802659,1865042.6023548604,1.865043
2026-06-28T05:43:47,ul,ue6,802671,1879333.9530147552,1.879334
2026-06-28T05:43:47,ul,ue7,802683,1843605.2454931021,1.843605
2026-06-28T05:43:47,ul,ue8,802695,1879333.9530147552,1.879334
2026-06-28T05:43:47,ul,ue9,803426,1857896.7615889548,1.857897
2026-06-28T05:43:47,ul,ue10,803438,1936500.0173981667,1.936500
2026-06-28T05:43:47,ul,ue11,803450,1929354.342068219,1.929354
2026-06-28T05:43:47,ul,ue12,803462,1879333.9530147552,1.879334
2026-06-28T05:43:52,ul,cu_cp,801643,543446.9593277568,0.543447
2026-06-28T05:43:52,ul,cu_up,801670,613436.3524150336,0.613436
2026-06-28T05:43:52,ul,du1,801832,5117458.749274414,5.117459
2026-06-28T05:43:52,ul,du2,802596,5080405.64382549,5.080406
2026-06-28T05:43:52,ul,du3,803363,5195682.193495639,5.195682
2026-06-28T05:43:52,ul,ue1,801897,1893830.2649619197,1.893830
2026-06-28T05:43:52,ul,ue2,801909,1873245.2617808925,1.873245
2026-06-28T05:43:52,ul,ue3,801921,1922649.4023794567,1.922649
2026-06-28T05:43:52,ul,ue4,801933,1914415.4343480705,1.914415
2026-06-28T05:43:52,ul,ue5,802659,1910298.3672298158,1.910298
2026-06-28T05:43:52,ul,ue6,802671,1877362.162694024,1.877362
2026-06-28T05:43:52,ul,ue7,802683,1885596.2969305336,1.885596
2026-06-28T05:43:52,ul,ue8,802695,1848543.0252764868,1.848543
2026-06-28T05:43:52,ul,ue9,803426,1893830.2649619197,1.893830
2026-06-28T05:43:52,ul,ue10,803438,1914415.4343480705,1.914415
2026-06-28T05:43:52,ul,ue11,803450,1926766.4694977116,1.926766
2026-06-28T05:43:52,ul,ue12,803462,1897947.3320801747,1.897947
2026-06-28T05:43:58,ul,cu_cp,801643,539502.2527285129,0.539502
2026-06-28T05:43:58,ul,cu_up,801670,614202.5787523359,0.614203
2026-06-28T05:43:58,ul,du1,801832,5199971.851989043,5.199972
2026-06-28T05:43:58,ul,du2,802596,5100371.528441143,5.100372
2026-06-28T05:43:58,ul,du3,803363,5245621.708511686,5.245622
2026-06-28T05:43:58,ul,ue1,801897,1892407.8146680593,1.892408
2026-06-28T05:43:58,ul,ue2,801909,1884107.8710686327,1.884108
2026-06-28T05:43:58,ul,ue3,801921,1946358.114967519,1.946358
2026-06-28T05:43:58,ul,ue4,801933,1921457.950717646,1.921458
2026-06-28T05:43:58,ul,ue5,802659,1875807.7607434094,1.875808
2026-06-28T05:43:58,ul,ue6,802671,1896557.953193569,1.896558
2026-06-28T05:43:58,ul,ue7,802683,1888258.0095941424,1.888258
2026-06-28T05:43:58,ul,ue8,802695,1896557.953193569,1.896558
2026-06-28T05:43:58,ul,ue9,803426,1917307.9789179326,1.917308
2026-06-28T05:43:58,ul,ue10,803438,1925608.0892431557,1.925608
2026-06-28T05:43:58,ul,ue11,803450,1962958.168892169,1.962958
2026-06-28T05:43:58,ul,ue12,803462,1929758.061042869,1.929758
2026-06-28T05:44:03,ul,cu_cp,801643,541157.0912768126,0.541157
2026-06-28T05:44:03,ul,cu_up,801670,625712.8607182621,0.625713
2026-06-28T05:44:03,ul,du1,801832,5174814.925183602,5.174815
2026-06-28T05:44:03,ul,du2,802596,5107169.9759273715,5.107170
2026-06-28T05:44:03,ul,du3,803363,5255142.9270094205,5.255143
2026-06-28T05:44:03,ul,ue1,801897,1902505.4381258725,1.902505
2026-06-28T05:44:03,ul,ue2,801909,1932099.8948610544,1.932100
2026-06-28T05:44:03,ul,ue3,801921,1919416.67543993,1.919417
2026-06-28T05:44:03,ul,ue4,801933,1898277.5870844745,1.898278
2026-06-28T05:44:03,ul,ue5,802659,1881366.516621952,1.881367
2026-06-28T05:44:03,ul,ue6,802671,1864455.4461594296,1.864455
2026-06-28T05:44:03,ul,ue7,802683,1923644.359629793,1.923644
2026-06-28T05:44:03,ul,ue8,802695,1910960.9733571338,1.910961
2026-06-28T05:44:03,ul,ue9,803426,1919416.67543993,1.919417
2026-06-28T05:44:03,ul,ue10,803438,1953238.816364975,1.953239
2026-06-28T05:44:03,ul,ue11,803450,1987061.2909930898,1.987061
2026-06-28T05:44:03,ul,ue12,803462,1953238.816364975,1.953239
2026-06-28T05:44:09,ul,cu_cp,801643,544490.2867356554,0.544490
2026-06-28T05:44:09,ul,cu_up,801670,632911.8012585479,0.632912
2026-06-28T05:44:09,ul,du1,801832,5221521.922582776,5.221522
2026-06-28T05:44:09,ul,du2,802596,5156369.574400187,5.156370
2026-06-28T05:44:09,ul,du3,803363,5268059.838310769,5.268060
2026-06-28T05:44:09,ul,ue1,801897,1931311.6612574614,1.931312
2026-06-28T05:44:09,ul,ue2,801909,1884774.0790915596,1.884774
2026-06-28T05:44:09,ul,ue3,801921,1903389.011889293,1.903389
2026-06-28T05:44:09,ul,ue4,801933,1912696.5616786825,1.912697
2026-06-28T05:44:09,ul,ue5,802659,1898735.320385121,1.898735
2026-06-28T05:44:09,ul,ue6,802671,1922004.111468072,1.922004
2026-06-28T05:44:09,ul,ue7,802683,1847544.0467150474,1.847544
2026-06-28T05:44:09,ul,ue8,802695,1898735.320385121,1.898735
2026-06-28T05:44:09,ul,ue9,803426,1884774.0790915596,1.884774
2026-06-28T05:44:09,ul,ue10,803438,1949926.7608362401,1.949927
2026-06-28T05:44:09,ul,ue11,803450,1977849.4102044082,1.977849
2026-06-28T05:44:09,ul,ue12,803462,1922004.111468072,1.922004
2026-06-28T05:44:14,ul,cu_cp,801643,536010.2476688742,0.536010
2026-06-28T05:44:14,ul,cu_up,801670,629229.4302374944,0.629229
2026-06-28T05:44:14,ul,du1,801832,5192307.906384673,5.192308
2026-06-28T05:44:14,ul,du2,802596,5099088.848857713,5.099089
2026-06-28T05:44:14,ul,du3,803363,5285526.963911634,5.285527
2026-06-28T05:44:14,ul,ue1,801897,1906332.1272262072,1.906332
2026-06-28T05:44:14,ul,ue2,801909,1906332.1272262072,1.906332
2026-06-28T05:44:14,ul,ue3,801921,1906332.1272262072,1.906332
2026-06-28T05:44:14,ul,ue4,801933,1929636.8916079474,1.929637
2026-06-28T05:44:14,ul,ue5,802659,1869044.3708376526,1.869044
2026-06-28T05:44:14,ul,ue6,802671,1929636.8916079474,1.929637
2026-06-28T05:44:14,ul,ue7,802683,1855061.5455530512,1.855062
2026-06-28T05:44:14,ul,ue8,802695,1892349.1352193928,1.892349
2026-06-28T05:44:14,ul,ue9,803426,1943619.8836147618,1.943620
2026-06-28T05:44:14,ul,ue10,803438,1943619.8836147618,1.943620
2026-06-28T05:44:14,ul,ue11,803450,1976246.5870936406,1.976247
2026-06-28T05:44:14,ul,ue12,803462,1929636.8916079474,1.929637
2026-06-28T05:44:20,ul,cu_cp,801643,540080.3091775704,0.540080
2026-06-28T05:44:20,ul,cu_up,801670,628541.7943570709,0.628542
2026-06-28T05:44:20,ul,du1,801832,5219224.547167358,5.219225
2026-06-28T05:44:20,ul,du2,802596,5084204.573873749,5.084205
2026-06-28T05:44:20,ul,du3,803363,5289062.820142593,5.289063
2026-06-28T05:44:20,ul,ue1,801897,1871657.8283169174,1.871658
2026-06-28T05:44:20,ul,ue2,801909,1894937.0307736588,1.894937
2026-06-28T05:44:20,ul,ue3,801921,1913560.4925798036,1.913560
2026-06-28T05:44:20,ul,ue4,801933,1880969.4760193634,1.880969
2026-06-28T05:44:20,ul,ue5,802659,1811131.5358466338,1.811132
2026-06-28T05:44:20,ul,ue6,802671,1899592.9378255082,1.899593
2026-06-28T05:44:20,ul,ue7,802683,1894937.0307736588,1.894937
2026-06-28T05:44:20,ul,ue8,802695,1885625.3830712128,1.885625
2026-06-28T05:44:20,ul,ue9,803426,1885625.3830712128,1.885625
2026-06-28T05:44:20,ul,ue10,803438,1932183.9543859481,1.932184
2026-06-28T05:44:20,ul,ue11,803450,1969430.8779982375,1.969431
2026-06-28T05:44:20,ul,ue12,803462,1899592.9378255082,1.899593
2026-06-28T05:44:26,ul,cu_cp,801643,541810.749383905,0.541811
2026-06-28T05:44:26,ul,cu_up,801670,614746.8157971668,0.614747
2026-06-28T05:44:26,ul,du1,801832,4990910.468109226,4.990910
2026-06-28T05:44:26,ul,du2,802596,5043007.664341621,5.043008
2026-06-28T05:44:26,ul,du3,803363,5220138.331021957,5.220138
2026-06-28T05:44:26,ul,ue1,801897,1875498.7318825722,1.875499
2026-06-28T05:44:26,ul,ue2,801909,1938015.4671065426,1.938015
2026-06-28T05:44:26,ul,ue3,801921,1958854.2126060391,1.958854
2026-06-28T05:44:26,ul,ue4,801933,1854659.9863830758,1.854660
2026-06-28T05:44:26,ul,ue5,802659,1844240.4473915005,1.844240
2026-06-28T05:44:26,ul,ue6,802671,1906757.1826154708,1.906757
2026-06-28T05:44:26,ul,ue7,802683,1948434.8398562907,1.948435
2026-06-28T05:44:26,ul,ue8,802695,1854659.9863830758,1.854660
2026-06-28T05:44:26,ul,ue9,803426,1885918.2708741473,1.885918
2026-06-28T05:44:26,ul,ue10,803438,1958854.2126060391,1.958854
2026-06-28T05:44:26,ul,ue11,803450,1958854.2126060391,1.958854
2026-06-28T05:44:26,ul,ue12,803462,1948434.8398562907,1.948435
2026-06-28T05:44:31,ul,cu_cp,801643,553010.2438086271,0.553010
2026-06-28T05:44:31,ul,cu_up,801670,619041.3642534614,0.619041
2026-06-28T05:44:31,ul,du1,801832,5100900.758266258,5.100901
2026-06-28T05:44:31,ul,du2,802596,5059631.375573826,5.059631
2026-06-28T05:44:31,ul,du3,803363,5290739.6524682045,5.290740
2026-06-28T05:44:31,ul,ue1,801897,1898393.4338616848,1.898393
2026-06-28T05:44:31,ul,ue2,801909,1890139.5905961036,1.890140
2026-06-28T05:44:31,ul,ue3,801921,1939662.8165541172,1.939663
2026-06-28T05:44:31,ul,ue4,801933,1914901.120392847,1.914901
2026-06-28T05:44:31,ul,ue5,802659,1881885.5809659958,1.881886
2026-06-28T05:44:31,ul,ue6,802671,1898393.4338616848,1.898393
2026-06-28T05:44:31,ul,ue7,802683,1890139.5905961036,1.890140
2026-06-28T05:44:31,ul,ue8,802695,1914901.120392847,1.914901
2026-06-28T05:44:31,ul,ue9,803426,1923155.130022955,1.923155
2026-06-28T05:44:31,ul,ue10,803438,1972678.3559809686,1.972678
2026-06-28T05:44:31,ul,ue11,803450,1914901.120392847,1.914901
2026-06-28T05:44:31,ul,ue12,803462,1956170.6694498062,1.956171
2026-06-28T05:44:37,ul,cu_cp,801643,550036.2428625643,0.550036
2026-06-28T05:44:37,ul,cu_up,801670,624732.5052481145,0.624733
2026-06-28T05:44:37,ul,du1,801832,5174414.88949275,5.174415
2026-06-28T05:44:37,ul,du2,802596,4997860.041984916,4.997860
2026-06-28T05:44:37,ul,du3,803363,5269483.269352257,5.269483
2026-06-28T05:44:37,ul,ue1,801897,1867406.9767736495,1.867407
2026-06-28T05:44:37,ul,ue2,801909,1880988.0547150373,1.880988
2026-06-28T05:44:37,ul,ue3,801921,1955684.4005275667,1.955684
2026-06-28T05:44:37,ul,ue4,801933,1914940.8329954862,1.914941
2026-06-28T05:44:37,ul,ue5,802659,1880988.0547150373,1.880988
2026-06-28T05:44:37,ul,ue6,802671,1935312.7001885057,1.935313
2026-06-28T05:44:37,ul,ue7,802683,1914940.8329954862,1.914941
2026-06-28T05:44:37,ul,ue8,802695,1887778.6771127104,1.887779
2026-06-28T05:44:37,ul,ue9,803426,1969265.4784689546,1.969265
2026-06-28T05:44:37,ul,ue10,803438,1935312.7001885057,1.935313
2026-06-28T05:44:37,ul,ue11,803450,2003218.423603362,2.003218
2026-06-28T05:44:37,ul,ue12,803462,1928522.244644791,1.928522
2026-06-28T05:44:42,ul,cu_cp,801643,543332.4655000103,0.543332
2026-06-28T05:44:42,ul,cu_up,801670,626283.9433687085,0.626284
2026-06-28T05:44:42,ul,du1,801832,5217650.387476907,5.217650
2026-06-28T05:44:42,ul,du2,802596,5051747.848469491,5.051748
2026-06-28T05:44:42,ul,du3,803363,5238388.538236818,5.238389
2026-06-28T05:44:42,ul,ue1,801897,1882999.4185851098,1.882999
2026-06-28T05:44:42,ul,ue2,801909,1936917.9437929105,1.936918
2026-06-28T05:44:42,ul,ue3,801921,1928622.8501809381,1.928623
2026-06-28T05:44:42,ul,ue4,801933,1916180.1264169835,1.916180
2026-06-28T05:44:42,ul,ue5,802659,1849818.8774452282,1.849819
2026-06-28T05:44:42,ul,ue6,802671,1916180.1264169835,1.916180
2026-06-28T05:44:42,ul,ue7,802683,1907884.866113019,1.907885
2026-06-28T05:44:42,ul,ue8,802695,1912032.4962650014,1.912032
2026-06-28T05:44:42,ul,ue9,803426,1891294.6788890744,1.891295
2026-06-28T05:44:42,ul,ue10,803438,1924475.3867209482,1.924475
2026-06-28T05:44:42,ul,ue11,803450,2011574.2863766383,2.011574
2026-06-28T05:44:42,ul,ue12,803462,1920327.756568966,1.920328
2026-06-28T05:44:48,ul,cu_cp,801643,529545.2425977909,0.529545
2026-06-28T05:44:48,ul,cu_up,801670,629616.834759112,0.629617
2026-06-28T05:44:48,ul,du1,801832,5170362.967061263,5.170363
2026-06-28T05:44:48,ul,du2,802596,5057783.004652347,5.057783
2026-06-28T05:44:48,ul,du3,803363,5266265.269326739,5.266265
2026-06-28T05:44:48,ul,ue1,801897,1938886.3629280042,1.938886
2026-06-28T05:44:48,ul,ue2,801909,1893020.044453211,1.893020
2026-06-28T05:44:48,ul,ue3,801921,1922207.534811089,1.922208
2026-06-28T05:44:48,ul,ue4,801933,1947225.5267064308,1.947226
2026-06-28T05:44:48,ul,ue5,802659,1893020.044453211,1.893020
2026-06-28T05:44:48,ul,ue6,802671,1893020.044453211,1.893020
2026-06-28T05:44:48,ul,ue7,802683,1880511.2153588939,1.880511
2026-06-28T05:44:48,ul,ue8,802695,1922207.534811089,1.922208
2026-06-28T05:44:48,ul,ue9,803426,1897189.709769101,1.897190
2026-06-28T05:44:48,ul,ue10,803438,1943055.8613905406,1.943056
2026-06-28T05:44:48,ul,ue11,803450,1980582.6823801994,1.980583
2026-06-28T05:44:48,ul,ue12,803462,1968073.6864325285,1.968074
2026-06-28T05:44:54,ul,cu_cp,801643,547114.6948904246,0.547115
2026-06-28T05:44:54,ul,cu_up,801670,621522.2890549451,0.621522
2026-06-28T05:44:54,ul,du1,801832,5099108.811136365,5.099109
2026-06-28T05:44:54,ul,du2,802596,5134123.913879275,5.134124
2026-06-28T05:44:54,ul,du3,803363,5348592.83721447,5.348593
2026-06-28T05:44:54,ul,ue1,801897,1899582.178589344,1.899582
2026-06-28T05:44:54,ul,ue2,801909,1903959.1499048471,1.903959
2026-06-28T05:44:54,ul,ue3,801921,1982743.6319122314,1.982744
2026-06-28T05:44:54,ul,ue4,801933,1899582.178589344,1.899582
2026-06-28T05:44:54,ul,ue5,802659,1890828.4029036164,1.890828
2026-06-28T05:44:54,ul,ue6,802671,1912712.9255905747,1.912713
2026-06-28T05:44:54,ul,ue7,802683,1912712.9255905747,1.912713
2026-06-28T05:44:54,ul,ue8,802695,1917089.8969060779,1.917090
2026-06-28T05:44:54,ul,ue9,803426,1956482.13790977,1.956482
2026-06-28T05:44:54,ul,ue10,803438,1947728.1952787638,1.947728
2026-06-28T05:44:54,ul,ue11,803450,1978366.6605967283,1.978367
2026-06-28T05:44:54,ul,ue12,803462,1947728.1952787638,1.947728
2026-06-28T05:44:59,ul,cu_cp,801643,558716.9789293662,0.558717
2026-06-28T05:44:59,ul,cu_up,801670,624448.4103644639,0.624448
2026-06-28T05:44:59,ul,du1,801832,5249122.822095752,5.249123
2026-06-28T05:44:59,ul,du2,802596,5080099.129309058,5.080099
2026-06-28T05:44:59,ul,du3,803363,5225647.272019779,5.225647
2026-06-28T05:44:59,ul,ue1,801897,1901515.8744495392,1.901516
2026-06-28T05:44:59,ul,ue2,801909,1901515.8744495392,1.901516
2026-06-28T05:44:59,ul,ue3,801921,1920296.2475702404,1.920296
2026-06-28T05:44:59,ul,ue4,801933,1953161.9842065633,1.953162
2026-06-28T05:44:59,ul,ue5,802659,1906211.05140481,1.906211
2026-06-28T05:44:59,ul,ue6,802671,1939076.6206909418,1.939077
2026-06-28T05:44:59,ul,ue7,802683,1967247.1803719937,1.967247
2026-06-28T05:44:59,ul,ue8,802695,1967247.1803719937,1.967247
2026-06-28T05:44:59,ul,ue9,803426,1924991.2571753203,1.924991
2026-06-28T05:44:59,ul,ue10,803438,1939076.6206909418,1.939077
2026-06-28T05:44:59,ul,ue11,803450,2004808.0939635872,2.004808
2026-06-28T05:44:59,ul,ue12,803462,1934381.443735671,1.934381
2026-06-28T05:45:05,ul,cu_cp,801643,537081.1944319629,0.537081
2026-06-28T05:45:05,ul,cu_up,801670,635156.8715819103,0.635157
2026-06-28T05:45:05,ul,du1,801832,5165320.136738968,5.165320
2026-06-28T05:45:05,ul,du2,802596,5071914.769656849,5.071915
2026-06-28T05:45:05,ul,du3,803363,5207352.218216143,5.207352
2026-06-28T05:45:05,ul,ue1,801897,1933492.2665840888,1.933492
2026-06-28T05:45:05,ul,ue2,801909,1872778.7779807115,1.872779
2026-06-28T05:45:05,ul,ue3,801921,1928821.9982299828,1.928822
2026-06-28T05:45:05,ul,ue4,801933,1933492.2665840888,1.933492
2026-06-28T05:45:05,ul,ue5,802659,1914811.193167665,1.914811
2026-06-28T05:45:05,ul,ue6,802671,1938162.5349381948,1.938163
2026-06-28T05:45:05,ul,ue7,802683,1947503.0716464065,1.947503
2026-06-28T05:45:05,ul,ue8,802695,1910140.924813559,1.910141
2026-06-28T05:45:05,ul,ue9,803426,1905470.656459453,1.905471
2026-06-28T05:45:05,ul,ue10,803438,1952173.3400005125,1.952173
2026-06-28T05:45:05,ul,ue11,803450,1956843.6083546185,1.956844
2026-06-28T05:45:05,ul,ue12,803462,1989535.4868333603,1.989535
2026-06-28T05:45:10,ul,cu_cp,801643,537171.0688145438,0.537171
2026-06-28T05:45:10,ul,cu_up,801670,621249.9998289058,0.621250
2026-06-28T05:45:10,ul,du1,801832,5184868.609942539,5.184869
2026-06-28T05:45:10,ul,du2,802596,5086776.287065702,5.086776
2026-06-28T05:45:10,ul,du3,803363,5198881.751188457,5.198882
2026-06-28T05:45:10,ul,ue1,801897,1938486.8224139917,1.938487
2026-06-28T05:45:10,ul,ue2,801909,1919802.6897786688,1.919803
2026-06-28T05:45:10,ul,ue3,801921,1975855.254762342,1.975855
2026-06-28T05:45:10,ul,ue4,801933,1947828.9722705055,1.947829
2026-06-28T05:45:10,ul,ue5,802659,1896447.3986762369,1.896447
2026-06-28T05:45:10,ul,ue6,802671,1933815.8310245872,1.933816
2026-06-28T05:45:10,ul,ue7,802683,1980526.2461517465,1.980526
2026-06-28T05:45:10,ul,ue8,802695,1929144.8396351826,1.929145
2026-06-28T05:45:10,ul,ue9,803426,1896447.3986762369,1.896447
2026-06-28T05:45:10,ul,ue10,803438,1929144.8396351826,1.929145
2026-06-28T05:45:10,ul,ue11,803450,2013223.6871106923,2.013224
2026-06-28T05:45:10,ul,ue12,803462,1905789.381455046,1.905789
2026-06-28T05:45:16,ul,cu_cp,801643,549376.8704409876,0.549377
2026-06-28T05:45:16,ul,cu_up,801670,608238.6675455188,0.608239
2026-06-28T05:45:16,ul,du1,801832,5170029.008303869,5.170029
2026-06-28T05:45:16,ul,du2,802596,5052305.330553067,5.052305
2026-06-28T05:45:16,ul,du3,803363,5160218.868908115,5.160219
2026-06-28T05:45:16,ul,ue1,801897,1922819.0674288915,1.922819
2026-06-28T05:45:16,ul,ue2,801909,1913008.9280331372,1.913009
2026-06-28T05:45:16,ul,ue3,801921,1952250.1539500714,1.952250
2026-06-28T05:45:16,ul,ue4,801933,1932629.373908125,1.932629
2026-06-28T05:45:16,ul,ue5,802659,1913008.9280331372,1.913009
2026-06-28T05:45:16,ul,ue6,802671,1962060.4604293047,1.962060
2026-06-28T05:45:16,ul,ue7,802683,1971870.599825059,1.971871
2026-06-28T05:45:16,ul,ue8,802695,1932629.373908125,1.932629
2026-06-28T05:45:16,ul,ue9,803426,1903198.621553904,1.903199
2026-06-28T05:45:16,ul,ue10,803438,1971870.599825059,1.971871
2026-06-28T05:45:16,ul,ue11,803450,2020922.1322212266,2.020922
2026-06-28T05:45:16,ul,ue12,803462,1913008.9280331372,1.913009
2026-06-28T05:45:21,ul,cu_cp,801643,545016.7585829229,0.545017
2026-06-28T05:45:21,ul,cu_up,801670,599518.4427672565,0.599518
2026-06-28T05:45:21,ul,du1,801832,5021940.459751415,5.021940
2026-06-28T05:45:21,ul,du2,802596,5084227.908509707,5.084228
2026-06-28T05:45:21,ul,du3,803363,5208803.139067948,5.208803
2026-06-28T05:45:21,ul,ue1,801897,1915344.5445048094,1.915345
2026-06-28T05:45:21,ul,ue2,801909,1915344.5445048094,1.915345
2026-06-28T05:45:21,ul,ue3,801921,1915344.5445048094,1.915345
2026-06-28T05:45:21,ul,ue4,801933,1915344.5445048094,1.915345
2026-06-28T05:45:21,ul,ue5,802659,1868628.7914152623,1.868629
2026-06-28T05:45:21,ul,ue6,802671,1923130.55886001,1.923131
2026-06-28T05:45:21,ul,ue7,802683,1946488.4354047836,1.946488
2026-06-28T05:45:21,ul,ue8,802695,1899772.6823152364,1.899773
2026-06-28T05:45:21,ul,ue9,803426,1868628.7914152623,1.868629
2026-06-28T05:45:21,ul,ue10,803438,1946488.4354047836,1.946488
2026-06-28T05:45:21,ul,ue11,803450,2008776.0506839037,2.008776
2026-06-28T05:45:21,ul,ue12,803462,1946488.4354047836,1.946488
2026-06-28T05:45:27,ul,cu_cp,801643,544669.5941485671,0.544670
2026-06-28T05:45:27,ul,cu_up,801670,608748.3797461411,0.608748
2026-06-28T05:45:27,ul,du1,801832,5113486.540043049,5.113487
2026-06-28T05:45:27,ul,du2,802596,5126302.180359426,5.126302
2026-06-28T05:45:27,ul,du3,803363,5190381.049387813,5.190381
2026-06-28T05:45:27,ul,ue1,801897,1896731.7867095924,1.896732
2026-06-28T05:45:27,ul,ue2,801909,1871100.172353587,1.871100
2026-06-28T05:45:27,ul,ue3,801921,1935179.0413819742,1.935179
2026-06-28T05:45:27,ul,ue4,801933,1915955.4140457832,1.915955
2026-06-28T05:45:27,ul,ue5,802659,1864692.3521953989,1.864692
2026-06-28T05:45:27,ul,ue6,802671,1915955.4140457832,1.915955
2026-06-28T05:45:27,ul,ue7,802683,1928771.05436216,1.928771
2026-06-28T05:45:27,ul,ue8,802695,1909547.4270259691,1.909547
2026-06-28T05:45:27,ul,ue9,803426,1922363.2342039717,1.922363
2026-06-28T05:45:27,ul,ue10,803438,1915955.4140457832,1.915955
2026-06-28T05:45:27,ul,ue11,803450,1960810.4888763535,1.960810
2026-06-28T05:45:27,ul,ue12,803462,1928771.05436216,1.928771
2026-06-28T05:45:33,ul,cu_cp,801643,541243.0113369548,0.541243
2026-06-28T05:45:33,ul,cu_up,801670,620347.760431636,0.620348
2026-06-28T05:45:33,ul,du1,801832,5133481.939148068,5.133482
2026-06-28T05:45:33,ul,du2,802596,5112665.0382692525,5.112665
2026-06-28T05:45:33,ul,du3,803363,5220913.189889345,5.220913
2026-06-28T05:45:33,ul,ue1,801897,1923494.3594707705,1.923494
2026-06-28T05:45:33,ul,ue2,801909,1927657.8397903775,1.927658
2026-06-28T05:45:33,ul,ue3,801921,1956801.7013084078,1.956802
2026-06-28T05:45:33,ul,ue4,801933,1940148.1138427926,1.940148
2026-06-28T05:45:33,ul,ue5,802659,1873533.5970739245,1.873534
2026-06-28T05:45:33,ul,ue6,802671,1944311.4272559928,1.944311
2026-06-28T05:45:33,ul,ue7,802683,1948474.9075756,1.948475
2026-06-28T05:45:33,ul,ue8,802695,1906840.772005155,1.906841
2026-06-28T05:45:33,ul,ue9,803426,1931821.153203578,1.931821
2026-06-28T05:45:33,ul,ue10,803438,1948474.9075756,1.948475
2026-06-28T05:45:33,ul,ue11,803450,1994272.3565592456,1.994272
2026-06-28T05:45:33,ul,ue12,803462,1944311.4272559928,1.944311
2026-06-28T05:45:38,ul,cu_cp,801643,537768.6074508405,0.537769
2026-06-28T05:45:38,ul,cu_up,801670,616365.618956554,0.616366
2026-06-28T05:45:38,ul,du1,801832,5121211.848245544,5.121212
2026-06-28T05:45:38,ul,du2,802596,5083981.969839554,5.083982
2026-06-28T05:45:38,ul,du3,803363,5257722.84609087,5.257723
2026-06-28T05:45:38,ul,ue1,801897,1911146.9734905816,1.911147
2026-06-28T05:45:38,ul,ue2,801909,1869780.2568399047,1.869780
2026-06-28T05:45:38,ul,ue3,801921,1944240.346811123,1.944240
2026-06-28T05:45:38,ul,ue4,801933,1935967.170060606,1.935967
2026-06-28T05:45:38,ul,ue5,802659,1869780.2568399047,1.869780
2026-06-28T05:45:38,ul,ue6,802671,1948377.185055809,1.948377
2026-06-28T05:45:38,ul,ue7,802683,1923556.9884857845,1.923557
2026-06-28T05:45:38,ul,ue8,802695,1894600.2868303107,1.894600
2026-06-28T05:45:38,ul,ue9,803426,1931830.4983955384,1.931830
2026-06-28T05:45:38,ul,ue10,803438,1952513.8567208766,1.952514
2026-06-28T05:45:38,ul,ue11,803450,1981470.5583763504,1.981471
2026-06-28T05:45:38,ul,ue12,803462,1998017.4116162395,1.998017
2026-06-28T05:45:44,ul,cu_cp,801643,543572.6738659665,0.543573
2026-06-28T05:45:44,ul,cu_up,801670,621225.9249249666,0.621226
2026-06-28T05:45:44,ul,du1,801832,5216470.662554967,5.216471
2026-06-28T05:45:44,ul,du2,802596,5152521.08856827,5.152521
2026-06-28T05:45:44,ul,du3,803363,5184495.541373479,5.184496
2026-06-28T05:45:44,ul,ue1,801897,1945898.8346442997,1.945899
2026-06-28T05:45:44,ul,ue2,801909,1891084.7947313667,1.891085
2026-06-28T05:45:44,ul,ue3,801921,1982441.4722215652,1.982441
2026-06-28T05:45:44,ul,ue4,801933,1964170.2369799674,1.964170
2026-06-28T05:45:44,ul,ue5,802659,1959602.3863960505,1.959602
2026-06-28T05:45:44,ul,ue6,802671,1977873.788731718,1.977874
2026-06-28T05:45:44,ul,ue7,802683,1959602.3863960505,1.959602
2026-06-28T05:45:44,ul,ue8,802695,1945898.8346442997,1.945899
2026-06-28T05:45:44,ul,ue9,803426,1945898.8346442997,1.945899
2026-06-28T05:45:44,ul,ue10,803438,1950466.6852282167,1.950467
2026-06-28T05:45:44,ul,ue11,803450,1982441.4722215652,1.982441
2026-06-28T05:45:44,ul,ue12,803462,1955034.5358121335,1.955035
2026-06-28T05:45:49,ul,cu_cp,801643,544423.1905854094,0.544423
2026-06-28T05:45:49,ul,cu_up,801670,624209.3925680339,0.624209
2026-06-28T05:45:49,ul,du1,801832,5228339.9480802175,5.228340
2026-06-28T05:45:49,ul,du2,802596,5162633.467129347,5.162633
2026-06-28T05:45:49,ul,du3,803363,5265886.652126775,5.265887
2026-06-28T05:45:49,ul,ue1,801897,1919561.139211291,1.919561
2026-06-28T05:45:49,ul,ue2,801909,1919561.139211291,1.919561
2026-06-28T05:45:49,ul,ue3,801921,1952414.2122663236,1.952414
2026-06-28T05:45:49,ul,ue4,801933,1966494.1007184803,1.966494
2026-06-28T05:45:49,ul,ue5,802659,1905481.2507591343,1.905481
2026-06-28T05:45:49,ul,ue6,802671,1957107.5084170424,1.957108
2026-06-28T05:45:49,ul,ue7,802683,1966494.1007184803,1.966494
2026-06-28T05:45:49,ul,ue8,802695,1966494.1007184803,1.966494
2026-06-28T05:45:49,ul,ue9,803426,1928947.7315127288,1.928948
2026-06-28T05:45:49,ul,ue10,803438,1947720.9161156046,1.947721
2026-06-28T05:45:49,ul,ue11,803450,2004040.4699242318,2.004040
2026-06-28T05:45:49,ul,ue12,803462,1947720.9161156046,1.947721
2026-06-28T05:45:55,ul,cu_cp,801643,545225.849549799,0.545226
2026-06-28T05:45:55,ul,cu_up,801670,619786.6487760026,0.619787
2026-06-28T05:45:55,ul,du1,801832,5144695.56326288,5.144696
2026-06-28T05:45:55,ul,du2,802596,5088774.818014035,5.088775
2026-06-28T05:45:55,ul,du3,803363,5186635.372220811,5.186635
2026-06-28T05:45:55,ul,ue1,801897,1910620.4072568703,1.910620
2026-06-28T05:45:55,ul,ue2,801909,1910620.4072568703,1.910620
2026-06-28T05:45:55,ul,ue3,801921,1989841.4908030557,1.989841
2026-06-28T05:45:55,ul,ue4,801933,1952560.882862537,1.952561
2026-06-28T05:45:55,ul,ue5,802659,1864020.0639860558,1.864020
2026-06-28T05:45:55,ul,ue6,802671,1957220.9171896183,1.957221
2026-06-28T05:45:55,ul,ue7,802683,1952560.882862537,1.952561
2026-06-28T05:45:55,ul,ue8,802695,1887320.235621463,1.887320
2026-06-28T05:45:55,ul,ue9,803426,1919940.6425729669,1.919941
2026-06-28T05:45:55,ul,ue10,803438,1966541.152505715,1.966541
2026-06-28T05:45:55,ul,ue11,803450,1994501.3584682036,1.994501
2026-06-28T05:45:55,ul,ue12,803462,1985181.4564759743,1.985181
2026-06-28T05:46:00,ul,cu_cp,801643,615405.100232277,0.615405
2026-06-28T05:46:00,ul,cu_up,801670,711939.2929203499,0.711939
2026-06-28T05:46:00,ul,du1,801832,5683447.87867567,5.683448
2026-06-28T05:46:00,ul,du2,802596,5550712.73347259,5.550713
2026-06-28T05:46:00,ul,du3,803363,5623113.721765179,5.623114
2026-06-28T05:46:00,ul,ue1,801897,2087550.8282538843,2.087551
2026-06-28T05:46:00,ul,ue2,801909,2111684.3076705956,2.111684
2026-06-28T05:46:00,ul,ue3,801921,2147884.618469405,2.147885
2026-06-28T05:46:00,ul,ue4,801933,2172018.0978861167,2.172018
2026-06-28T05:46:00,ul,ue5,802659,2111684.3076705956,2.111684
2026-06-28T05:46:00,ul,ue6,802671,2159951.4498515036,2.159951
2026-06-28T05:46:00,ul,ue7,802683,2196151.577302828,2.196152
2026-06-28T05:46:00,ul,ue8,802695,2123750.9557052087,2.123751
2026-06-28T05:46:00,ul,ue9,803426,2063417.1654896878,2.063417
2026-06-28T05:46:00,ul,ue10,803438,2208218.408684926,2.208218
2026-06-28T05:46:00,ul,ue11,803450,2220285.2400670242,2.220285
2026-06-28T05:46:00,ul,ue12,803462,2111684.3076705956,2.111684
2026-06-28T05:46:06,ul,cu_cp,801643,594046.4594617278,0.594046
2026-06-28T05:46:06,ul,cu_up,801670,684053.5570577905,0.684054
2026-06-28T05:46:06,ul,du1,801832,5598438.151558399,5.598438
2026-06-28T05:46:06,ul,du2,802596,5517431.893437016,5.517432
2026-06-28T05:46:06,ul,du3,803363,5706446.614998472,5.706447
2026-06-28T05:46:06,ul,ue1,801897,2016157.805297345,2.016158
2026-06-28T05:46:06,ul,ue2,801909,2052160.4475266933,2.052160
2026-06-28T05:46:06,ul,ue3,801921,2133166.884565419,2.133167
2026-06-28T05:46:06,ul,ue4,801933,2079162.6528453827,2.079163
2026-06-28T05:46:06,ul,ue5,802659,2034159.2158706903,2.034159
2026-06-28T05:46:06,ul,ue6,802671,2097164.0634187283,2.097164
2026-06-28T05:46:06,ul,ue7,802683,2097164.0634187283,2.097164
2026-06-28T05:46:06,ul,ue8,802695,2070162.0370173813,2.070162
2026-06-28T05:46:06,ul,ue9,803426,2052160.4475266933,2.052160
2026-06-28T05:46:06,ul,ue10,803438,2097164.0634187283,2.097164
2026-06-28T05:46:06,ul,ue11,803450,2187171.1162854554,2.187171
2026-06-28T05:46:06,ul,ue12,803462,2124166.2687374176,2.124166
2026-06-28T05:46:12,ul,cu_cp,801643,595476.1595520115,0.595476
2026-06-28T05:46:12,ul,cu_up,801670,631785.6381873703,0.631786
2026-06-28T05:46:12,ul,du1,801832,5373809.227422247,5.373809
2026-06-28T05:46:12,ul,du2,802596,5330237.498093753,5.330237
2026-06-28T05:46:12,ul,du3,803363,5453689.725453973,5.453690
2026-06-28T05:46:12,ul,ue1,801897,1888095.1963180709,1.888095
2026-06-28T05:46:12,ul,ue2,801909,2098690.3498861836,2.098690
2026-06-28T05:46:12,ul,ue3,801921,2156785.515702758,2.156786
2026-06-28T05:46:12,ul,ue4,801933,2105952.2456132555,2.105952
2026-06-28T05:46:12,ul,ue5,802659,1859047.4359267522,1.859047
2026-06-28T05:46:12,ul,ue6,802671,2120476.037067399,2.120476
2026-06-28T05:46:12,ul,ue7,802683,2156785.515702758,2.156786
2026-06-28T05:46:12,ul,ue8,802695,2069642.589494865,2.069643
2026-06-28T05:46:12,ul,ue9,803426,1829999.853018465,1.830000
2026-06-28T05:46:12,ul,ue10,803438,1815476.0615643216,1.815476
2026-06-28T05:46:12,ul,ue11,803450,2374642.5649979427,2.374643
2026-06-28T05:46:12,ul,ue12,803462,2316547.3991813683,2.316547
2026-06-28T05:46:17,ul,cu_cp,801643,578833.8816753483,0.578834
2026-06-28T05:46:17,ul,cu_up,801670,600926.7836894408,0.600927
2026-06-28T05:46:17,ul,du1,801832,5324388.185533166,5.324388
2026-06-28T05:46:17,ul,du2,802596,5346481.309744134,5.346481
2026-06-28T05:46:17,ul,du3,803363,5355317.99060452,5.355318
2026-06-28T05:46:17,ul,ue1,801897,1798361.7884412538,1.798362
2026-06-28T05:46:17,ul,ue2,801909,1802780.4843864476,1.802780
2026-06-28T05:46:17,ul,ue3,801921,2315335.526701393,2.315336
2026-06-28T05:46:17,ul,ue4,801933,2271149.8115519583,2.271150
2026-06-28T05:46:17,ul,ue5,802659,1855803.2359112692,1.855803
2026-06-28T05:46:17,ul,ue6,802671,2266731.293364265,2.266731
2026-06-28T05:46:17,ul,ue7,802683,2209289.6681367494,2.209290
2026-06-28T05:46:17,ul,ue8,802695,2151848.220666734,2.151848
2026-06-28T05:46:17,ul,ue9,803426,1873477.6641770434,1.873478
2026-06-28T05:46:17,ul,ue10,803438,1869059.14598935,1.869059
2026-06-28T05:46:17,ul,ue11,803450,2399288.61657007,2.399289
2026-06-28T05:46:17,ul,ue12,803462,2266731.293364265,2.266731
2026-06-28T05:46:23,ul,cu_cp,801643,588555.7603169542,0.588556
2026-06-28T05:46:23,ul,cu_up,801670,597340.1215406347,0.597340
2026-06-28T05:46:23,ul,du1,801832,5525396.391125648,5.525396
2026-06-28T05:46:23,ul,du2,802596,5349707.743319893,5.349708
2026-06-28T05:46:23,ul,du3,803363,5468297.6428595595,5.468298
2026-06-28T05:46:23,ul,ue1,801897,1813981.4900767528,1.813981
2026-06-28T05:46:23,ul,ue2,801909,1800804.8148038434,1.800805
2026-06-28T05:46:23,ul,ue3,801921,2275163.167546879,2.275163
2026-06-28T05:46:23,ul,ue4,801933,2297124.293001728,2.297124
2026-06-28T05:46:23,ul,ue5,802659,1818373.7151677227,1.818374
2026-06-28T05:46:23,ul,ue6,802671,2257594.445099518,2.257594
2026-06-28T05:46:23,ul,ue7,802683,2226848.86946273,2.226849
2026-06-28T05:46:23,ul,ue8,802695,2134612.6763019194,2.134613
2026-06-28T05:46:23,ul,ue9,803426,1835942.4376150835,1.835942
2026-06-28T05:46:23,ul,ue10,803438,1840334.6627060534,1.840335
2026-06-28T05:46:23,ul,ue11,803450,2424498.1089737783,2.424498
2026-06-28T05:46:23,ul,ue12,803462,2261986.4922739696,2.261986
