timestamp,phase,component,pid,microwatts,watts
2026-06-28T04:23:01,idle,cu_cp,717252,453444.8751982629,0.453445
2026-06-28T04:23:01,idle,cu_up,717260,445759.40786568227,0.445759
2026-06-28T04:23:01,idle,du1,717440,3773583.695662799,3.773584
2026-06-28T04:23:01,idle,du2,718203,3781269.056722641,3.781269
2026-06-28T04:23:01,idle,du3,718965,3804325.7066901065,3.804326
2026-06-28T04:23:01,idle,ue1,717484,1037543.4389595676,1.037543
2026-06-28T04:23:01,idle,ue2,717496,1014486.8598405946,1.014487
2026-06-28T04:23:01,idle,ue3,717508,1060599.9472300482,1.060600
2026-06-28T04:23:01,idle,ue4,717520,1068285.449986875,1.068285
2026-06-28T04:23:01,idle,ue5,718247,1068285.449986875,1.068285
2026-06-28T04:23:01,idle,ue6,718259,1022172.3625974214,1.022172
2026-06-28T04:23:01,idle,ue7,718271,1045228.9417163944,1.045229
2026-06-28T04:23:01,idle,ue8,718283,1006801.3570837677,1.006801
2026-06-28T04:23:01,idle,ue9,719028,1060599.9472300482,1.060600
2026-06-28T04:23:01,idle,ue10,719040,1029857.8653542483,1.029858
2026-06-28T04:23:01,idle,ue11,719052,991430.3515701139,0.991430
2026-06-28T04:23:01,idle,ue12,719064,1037543.4389595676,1.037543
2026-06-28T04:23:06,idle,cu_cp,717252,448702.0110167983,0.448702
2026-06-28T04:23:06,idle,cu_up,717260,455112.0392364502,0.455112
2026-06-28T04:23:06,idle,du1,717440,3846017.5020497967,3.846018
2026-06-28T04:23:06,idle,du2,718203,3801147.2688710666,3.801147
2026-06-28T04:23:06,idle,du3,718965,3781917.2911356115,3.781917
2026-06-28T04:23:06,idle,ue1,717484,999964.4735480266,0.999964
2026-06-28T04:23:06,idle,ue2,717496,1032014.7215697867,1.032015
2026-06-28T04:23:06,idle,ue3,717508,1019194.5938481492,1.019195
2026-06-28T04:23:06,idle,ue4,717520,1038424.6428659379,1.038425
2026-06-28T04:23:06,idle,ue5,718247,1051244.7705875754,1.051245
2026-06-28T04:23:06,idle,ue6,718259,1025604.6577089679,1.025605
2026-06-28T04:23:06,idle,ue7,718271,1032014.7215697867,1.032015
2026-06-28T04:23:06,idle,ue8,718283,1038424.6428659379,1.038425
2026-06-28T04:23:06,idle,ue9,719028,1006374.5374088454,1.006375
2026-06-28T04:23:06,idle,ue10,719040,1038424.6428659379,1.038425
2026-06-28T04:23:06,idle,ue11,719052,1044834.7067267566,1.044835
2026-06-28T04:23:06,idle,ue12,719064,1038424.6428659379,1.038425
2026-06-28T04:23:12,idle,cu_cp,717252,449910.7726887101,0.449911
2026-06-28T04:23:12,idle,cu_up,717260,453539.0616328773,0.453539
2026-06-28T04:23:12,idle,du1,717440,3773444.9123746753,3.773445
2026-06-28T04:23:12,idle,du2,718203,3784329.958695712,3.784330
2026-06-28T04:23:12,idle,du3,718965,3809728.0172025897,3.809728
2026-06-28T04:23:12,idle,ue1,717484,1041325.6398472029,1.041326
2026-06-28T04:23:12,idle,ue2,717496,1052210.6143728257,1.052211
2026-06-28T04:23:12,idle,ue3,717508,1063095.5888984483,1.063096
2026-06-28T04:23:12,idle,ue4,717520,1059467.1922611601,1.059467
2026-06-28T04:23:12,idle,ue5,718247,1066723.8419449085,1.066724
2026-06-28T04:23:12,idle,ue6,718259,1077608.8164705313,1.077609
2026-06-28T04:23:12,idle,ue7,718271,1037697.3868007427,1.037697
2026-06-28T04:23:12,idle,ue8,718283,1088493.7192007399,1.088494
2026-06-28T04:23:12,idle,ue9,719028,1037697.3868007427,1.037697
2026-06-28T04:23:12,idle,ue10,719040,1092121.9722472,1.092122
2026-06-28T04:23:12,idle,ue11,719052,1077608.8164705313,1.077609
2026-06-28T04:23:12,idle,ue12,719064,1081237.1413124055,1.081237
2026-06-28T04:23:18,idle,cu_cp,717252,453948.6072164535,0.453949
2026-06-28T04:23:18,idle,cu_up,717260,457580.1759375584,0.457580
2026-06-28T04:23:18,idle,du1,717440,3755062.9134144355,3.755063
2026-06-28T04:23:18,idle,du2,718203,3842220.850387049,3.842221
2026-06-28T04:23:18,idle,du3,718965,3834957.5691117905,3.834958
2026-06-28T04:23:18,idle,ue1,717484,1049529.1856377625,1.049529
2026-06-28T04:23:18,idle,ue2,717496,1064055.5324387061,1.064056
2026-06-28T04:23:18,idle,ue3,717508,1071318.669880916,1.071319
2026-06-28T04:23:18,idle,ue4,717520,1049529.1856377625,1.049529
2026-06-28T04:23:18,idle,ue5,718247,1060423.9637176013,1.060424
2026-06-28T04:23:18,idle,ue6,718259,1045897.5450001336,1.045898
2026-06-28T04:23:18,idle,ue7,718271,1024108.0607569802,1.024108
2026-06-28T04:23:18,idle,ue8,718283,1093108.2260405933,1.093108
2026-06-28T04:23:18,idle,ue9,719028,1020476.4920358753,1.020476
2026-06-28T04:23:18,idle,ue10,719040,1049529.1856377625,1.049529
2026-06-28T04:23:18,idle,ue11,719052,1085845.0166818595,1.085845
2026-06-28T04:23:18,idle,ue12,719064,1082213.4479607546,1.082213
2026-06-28T04:23:23,idle,cu_cp,717252,450905.010606873,0.450905
2026-06-28T04:23:23,idle,cu_up,717260,450905.010606873,0.450905
2026-06-28T04:23:23,idle,du1,717440,3797866.5047207833,3.797867
2026-06-28T04:23:23,idle,du2,718203,3841857.4183771517,3.841857
2026-06-28T04:23:23,idle,du3,718965,3882182.3498417283,3.882182
2026-06-28T04:23:23,idle,ue1,717484,1066775.2929412795,1.066775
2026-06-28T04:23:23,idle,ue2,717496,1096102.4232713366,1.096102
2026-06-28T04:23:23,idle,ue3,717508,1070441.2024126435,1.070441
2026-06-28T04:23:23,idle,ue4,717520,1052111.6550558233,1.052112
2026-06-28T04:23:23,idle,ue5,718247,1052111.6550558233,1.052112
2026-06-28T04:23:23,idle,ue6,718259,1081438.858106308,1.081439
2026-06-28T04:23:23,idle,ue7,718271,1066775.2929412795,1.066775
2026-06-28T04:23:23,idle,ue8,718283,1107100.078965001,1.107100
2026-06-28T04:23:23,idle,ue9,719028,1074107.03916358,1.074107
2026-06-28T04:23:23,idle,ue10,719040,1052111.6550558233,1.052112
2026-06-28T04:23:23,idle,ue11,719052,1070441.2024126435,1.070441
2026-06-28T04:23:23,idle,ue12,719064,1070441.2024126435,1.070441
2026-06-28T04:23:29,idle,cu_cp,717252,441242.40868899255,0.441242
2026-06-28T04:23:29,idle,cu_up,717260,448850.02843571035,0.448850
2026-06-28T04:23:29,idle,du1,717440,3727737.525504868,3.727738
2026-06-28T04:23:29,idle,du2,718203,3807617.568489971,3.807618
2026-06-28T04:23:29,idle,du3,718965,3788598.4834786104,3.788598
2026-06-28T04:23:29,idle,ue1,717484,992795.4106390917,0.992795
2026-06-28T04:23:29,idle,ue2,717496,1046048.8201552486,1.046049
2026-06-28T04:23:29,idle,ue3,717508,1053656.3686128343,1.053656
2026-06-28T04:23:29,idle,ue4,717520,1061264.0596486842,1.061264
2026-06-28T04:23:29,idle,ue5,718247,1057460.2141307592,1.057460
2026-06-28T04:23:29,idle,ue6,718259,1030833.5093726808,1.030834
2026-06-28T04:23:29,idle,ue7,718271,1008010.6501325273,1.008011
2026-06-28T04:23:29,idle,ue8,718283,1065067.9051666092,1.065068
2026-06-28T04:23:29,idle,ue9,719028,1065067.9051666092,1.065068
2026-06-28T04:23:29,idle,ue10,719040,1046048.8201552486,1.046049
2026-06-28T04:23:29,idle,ue11,719052,1034637.3548906058,1.034637
2026-06-28T04:23:29,idle,ue12,719064,1061264.0596486842,1.061264
2026-06-28T04:23:34,idle,cu_cp,717252,453581.97849543573,0.453582
2026-06-28T04:23:34,idle,cu_up,717260,453581.97849543573,0.453582
2026-06-28T04:23:34,idle,du1,717440,3793229.932337608,3.793230
2026-06-28T04:23:34,idle,du2,718203,3817313.9755594255,3.817314
2026-06-28T04:23:34,idle,du3,718965,3849425.8422135543,3.849426
2026-06-28T04:23:34,idle,ue1,717484,1019555.9915895939,1.019556
2026-06-28T04:23:34,idle,ue2,717496,1051667.929859333,1.051668
2026-06-28T04:23:34,idle,ue3,717508,1035611.9965322685,1.035612
2026-06-28T04:23:34,idle,ue4,717520,1063709.8798546314,1.063710
2026-06-28T04:23:34,idle,ue5,718247,1055681.9131910992,1.055682
2026-06-28T04:23:34,idle,ue6,718259,1051667.929859333,1.051668
2026-06-28T04:23:34,idle,ue7,718271,1011527.9533104515,1.011528
2026-06-28T04:23:34,idle,ue8,718283,1067723.9348020076,1.067724
2026-06-28T04:23:34,idle,ue9,719028,1059695.9681384754,1.059696
2026-06-28T04:23:34,idle,ue10,719040,1059695.9681384754,1.059696
2026-06-28T04:23:34,idle,ue11,719052,1039625.9082484245,1.039626
2026-06-28T04:23:34,idle,ue12,719064,1027583.9582531261,1.027584
2026-06-28T04:23:40,idle,cu_cp,717252,454744.24391735316,0.454744
2026-06-28T04:23:40,idle,cu_up,717260,450719.942033484,0.450720
2026-06-28T04:23:40,idle,du1,717440,3782828.244093542,3.782828
2026-06-28T04:23:40,idle,du2,718203,3794900.862212863,3.794901
2026-06-28T04:23:40,idle,du3,718965,3750633.8290225887,3.750634
2026-06-28T04:23:40,idle,ue1,717484,1050338.478705554,1.050338
2026-06-28T04:23:40,idle,ue2,717496,1050338.478705554,1.050338
2026-06-28T04:23:40,idle,ue3,717508,1090581.3537781024,1.090581
2026-06-28T04:23:40,idle,ue4,717520,1062411.3843571616,1.062411
2026-06-28T04:23:40,idle,ue5,718247,1066435.5424748873,1.066436
2026-06-28T04:23:40,idle,ue6,718259,1058387.0105902208,1.058387
2026-06-28T04:23:40,idle,ue7,718271,1030217.0411692798,1.030217
2026-06-28T04:23:40,idle,ue8,718283,1094605.6556619715,1.094606
2026-06-28T04:23:40,idle,ue9,719028,1062411.3843571616,1.062411
2026-06-28T04:23:40,idle,ue10,719040,1054362.7087063515,1.054363
2026-06-28T04:23:40,idle,ue11,719052,1074484.2181256975,1.074484
2026-06-28T04:23:40,idle,ue12,719064,1082532.750010364,1.082533
2026-06-28T04:23:45,idle,cu_cp,717252,449204.94173953054,0.449205
2026-06-28T04:23:45,idle,cu_up,717260,457226.4636621135,0.457226
2026-06-28T04:23:45,idle,du1,717440,3786156.060058236,3.786156
2026-06-28T04:23:45,idle,du2,718203,3774123.473378925,3.774123
2026-06-28T04:23:45,idle,du3,718965,3814231.333176317,3.814231
2026-06-28T04:23:45,idle,ue1,717484,986646.5888868343,0.986647
2026-06-28T04:23:45,idle,ue2,717496,1074883.2228133285,1.074883
2026-06-28T04:23:45,idle,ue3,717508,1090926.2666584945,1.090926
2026-06-28T04:23:45,idle,ue4,717520,1050818.692786219,1.050819
2026-06-28T04:23:45,idle,ue5,718247,1054829.435877191,1.054829
2026-06-28T04:23:45,idle,ue6,718259,1046807.9496952475,1.046808
2026-06-28T04:23:45,idle,ue7,718271,1018732.6765771663,1.018733
2026-06-28T04:23:45,idle,ue8,718283,1054829.435877191,1.054829
2026-06-28T04:23:45,idle,ue9,719028,1050818.692786219,1.050819
2026-06-28T04:23:45,idle,ue10,719040,1066861.8081126641,1.066862
2026-06-28T04:23:45,idle,ue11,719052,1082904.780476551,1.082905
2026-06-28T04:23:45,idle,ue12,719064,1070872.4082410776,1.070872
2026-06-28T04:23:51,idle,cu_cp,717252,446103.6613963026,0.446104
2026-06-28T04:23:51,idle,cu_up,717260,446103.6613963026,0.446104
2026-06-28T04:23:51,idle,du1,717440,3778225.1138352775,3.778225
2026-06-28T04:23:51,idle,du2,718203,3814641.6654771282,3.814642
2026-06-28T04:23:51,idle,du3,718965,3796433.5342615843,3.796434
2026-06-28T04:23:51,idle,ue1,717484,1056082.2389970766,1.056082
2026-06-28T04:23:51,idle,ue2,717496,1101603.0008520805,1.101603
2026-06-28T04:23:51,idle,ue3,717508,1074290.5871206927,1.074291
2026-06-28T04:23:51,idle,ue4,717520,1074290.5871206927,1.074291
2026-06-28T04:23:51,idle,ue5,718247,1092498.862941618,1.092499
2026-06-28T04:23:51,idle,ue6,718259,1083394.7250311554,1.083395
2026-06-28T04:23:51,idle,ue7,718271,1046977.9564812327,1.046978
2026-06-28T04:23:51,idle,ue8,718283,1056082.2389970766,1.056082
2026-06-28T04:23:51,idle,ue9,719028,1010561.4048393822,1.010561
2026-06-28T04:23:51,idle,ue10,719040,1065186.3769075393,1.065186
2026-06-28T04:23:51,idle,ue11,719052,1074290.5871206927,1.074291
2026-06-28T04:23:51,idle,ue12,719064,1028769.6806603074,1.028770
2026-06-28T04:23:56,idle,cu_cp,717252,451472.00495585025,0.451472
2026-06-28T04:23:56,idle,cu_up,717260,451472.00495585025,0.451472
2026-06-28T04:23:56,idle,du1,717440,3793821.3179466175,3.793821
2026-06-28T04:23:56,idle,du2,718203,3830230.2007413125,3.830230
2026-06-28T04:23:56,idle,du3,718965,3859357.710329361,3.859358
2026-06-28T04:23:56,idle,ue1,717484,1055861.9226778578,1.055862
2026-06-28T04:23:56,idle,ue2,717496,1055861.9226778578,1.055862
2026-06-28T04:23:56,idle,ue3,717508,1063143.80007487,1.063144
2026-06-28T04:23:56,idle,ue4,717520,1048580.1173080408,1.048580
2026-06-28T04:23:56,idle,ue5,718247,1063143.80007487,1.063144
2026-06-28T04:23:56,idle,ue6,718259,1055861.9226778578,1.055862
2026-06-28T04:23:56,idle,ue7,718271,1048580.1173080408,1.048580
2026-06-28T04:23:56,idle,ue8,718283,1063143.80007487,1.063144
2026-06-28T04:23:56,idle,ue9,719028,1055861.9226778578,1.055862
2026-06-28T04:23:56,idle,ue10,719040,1077707.338787309,1.077707
2026-06-28T04:23:56,idle,ue11,719052,1048580.1173080408,1.048580
2026-06-28T04:23:56,idle,ue12,719064,1041298.3839654189,1.041298
2026-06-28T04:24:02,idle,cu_cp,717252,441380.72923903464,0.441381
2026-06-28T04:24:02,idle,cu_up,717260,453473.36771783826,0.453473
2026-06-28T04:24:02,idle,du1,717440,3791037.2735879063,3.791037
2026-06-28T04:24:02,idle,du2,718203,3821269.1574035645,3.821269
2026-06-28T04:24:02,idle,du3,718965,3851500.4659819244,3.851500
2026-06-28T04:24:02,idle,ue1,717484,1058104.5007067353,1.058105
2026-06-28T04:24:02,idle,ue2,717496,1052058.2533719956,1.052058
2026-06-28T04:24:02,idle,ue3,717508,1058104.5007067353,1.058105
2026-06-28T04:24:02,idle,ue4,717520,1052058.2533719956,1.052058
2026-06-28T04:24:02,idle,ue5,718247,1052058.2533719956,1.052058
2026-06-28T04:24:02,idle,ue6,718259,1039965.5429885298,1.039966
2026-06-28T04:24:02,idle,ue7,718271,1003687.7713614434,1.003688
2026-06-28T04:24:02,idle,ue8,718283,1082289.7776643424,1.082290
2026-06-28T04:24:02,idle,ue9,719028,1070197.0672808767,1.070197
2026-06-28T04:24:02,idle,ue10,719040,1039965.5429885298,1.039966
2026-06-28T04:24:02,idle,ue11,719052,1033919.2956537902,1.033919
2026-06-28T04:24:02,idle,ue12,719064,1021826.5852703244,1.021827
2026-06-28T04:24:07,idle,cu_cp,717252,451127.7878621915,0.451128
2026-06-28T04:24:07,idle,cu_up,717260,451127.7878621915,0.451128
2026-06-28T04:24:07,idle,du1,717440,3820033.666035445,3.820034
2026-06-28T04:24:07,idle,du2,718203,3794566.876799543,3.794567
2026-06-28T04:24:07,idle,du3,718965,3870967.5328214024,3.870968
2026-06-28T04:24:07,idle,ue1,717484,1069609.4726201892,1.069609
2026-06-28T04:24:07,idle,ue2,717496,1073247.6368528455,1.073248
2026-06-28T04:24:07,idle,ue3,717508,1058695.1240792973,1.058695
2026-06-28T04:24:07,idle,ue4,717520,1051418.867692523,1.051419
2026-06-28T04:24:07,idle,ue5,718247,1051418.867692523,1.051419
2026-06-28T04:24:07,idle,ue6,718259,1036866.3549189747,1.036866
2026-06-28T04:24:07,idle,ue7,718271,1036866.3549189747,1.036866
2026-06-28T04:24:07,idle,ue8,718283,1076885.801085502,1.076886
2026-06-28T04:24:07,idle,ue9,719028,1073247.6368528455,1.073248
2026-06-28T04:24:07,idle,ue10,719040,1080523.821161081,1.080524
2026-06-28T04:24:07,idle,ue11,719052,1076885.801085502,1.076886
2026-06-28T04:24:07,idle,ue12,719064,1065971.45254461,1.065971
2026-06-28T04:24:13,idle,cu_cp,717252,460427.8539308894,0.460428
2026-06-28T04:24:13,idle,cu_up,717260,460427.8539308894,0.460428
2026-06-28T04:24:13,idle,du1,717440,3801292.2267731,3.801292
2026-06-28T04:24:13,idle,du2,718203,3856543.4511660766,3.856543
2026-06-28T04:24:13,idle,du3,718965,3911794.675559053,3.911795
2026-06-28T04:24:13,idle,ue1,717484,1086609.7454812336,1.086610
2026-06-28T04:24:13,idle,ue2,717496,1082926.2722112178,1.082926
2026-06-28T04:24:13,idle,ue3,717508,1079242.7989412022,1.079243
2026-06-28T04:24:13,idle,ue4,717520,1064509.1245254541,1.064509
2026-06-28T04:24:13,idle,ue5,718247,1090293.0729750395,1.090293
2026-06-28T04:24:13,idle,ue6,718259,1075559.3985592914,1.075559
2026-06-28T04:24:13,idle,ue7,718271,1068192.5977954697,1.068193
2026-06-28T04:24:13,idle,ue8,718283,1090293.0729750395,1.090293
2026-06-28T04:24:13,idle,ue9,719028,1068192.5977954697,1.068193
2026-06-28T04:24:13,idle,ue10,719040,1101343.3470088767,1.101343
2026-06-28T04:24:13,idle,ue11,719052,1057142.3237616324,1.057142
2026-06-28T04:24:13,idle,ue12,719064,1075559.3985592914,1.075559
2026-06-28T04:24:18,idle,cu_cp,717252,451185.25294876215,0.451185
2026-06-28T04:24:18,idle,cu_up,717260,458462.46350157144,0.458462
2026-06-28T04:24:18,idle,du1,717440,3776857.1457745456,3.776857
2026-06-28T04:24:18,idle,du2,718203,3809604.665315204,3.809605
2026-06-28T04:24:18,idle,du3,718965,3744109.9144459534,3.744110
2026-06-28T04:24:18,idle,ue1,717484,1040636.9299767684,1.040637
2026-06-28T04:24:18,idle,ue2,717496,1066107.0948585845,1.066107
2026-06-28T04:24:18,idle,ue3,717508,1058829.8843057752,1.058830
2026-06-28T04:24:18,idle,ue4,717520,1062468.5616351962,1.062469
2026-06-28T04:24:18,idle,ue5,718247,1073384.2333583771,1.073384
2026-06-28T04:24:18,idle,ue6,718259,1077022.8386347818,1.077023
2026-06-28T04:24:18,idle,ue7,718271,1047914.2125825941,1.047914
2026-06-28T04:24:18,idle,ue8,718283,1077022.8386347818,1.077023
2026-06-28T04:24:18,idle,ue9,719028,1095215.865016805,1.095216
2026-06-28T04:24:18,idle,ue10,719040,1077022.8386347818,1.077023
2026-06-28T04:24:18,idle,ue11,719052,1073384.2333583771,1.073384
2026-06-28T04:24:18,idle,ue12,719064,1033359.7914769757,1.033360
2026-06-28T04:24:24,idle,cu_cp,717252,453855.0022285521,0.453855
2026-06-28T04:24:24,idle,cu_up,717260,453855.0022285521,0.453855
2026-06-28T04:24:24,idle,du1,717440,3795513.2454945613,3.795513
2026-06-28T04:24:24,idle,du2,718203,3871825.0593999005,3.871825
2026-06-28T04:24:24,idle,du3,718965,3835677.4190898086,3.835677
2026-06-28T04:24:24,idle,ue1,717484,992054.7400257158,0.992055
2026-06-28T04:24:24,idle,ue2,717496,1056317.388796704,1.056317
2026-06-28T04:24:24,idle,ue3,717508,1052301.0004185867,1.052301
2026-06-28T04:24:24,idle,ue4,717520,1080415.8639724446,1.080416
2026-06-28T04:24:24,idle,ue5,718247,1072383.0872162103,1.072383
2026-06-28T04:24:24,idle,ue6,718259,1076399.4755943276,1.076399
2026-06-28T04:24:24,idle,ue7,718271,1072383.0872162103,1.072383
2026-06-28T04:24:24,idle,ue8,718283,1036235.3019990802,1.036235
2026-06-28T04:24:24,idle,ue9,719028,1076399.4755943276,1.076399
2026-06-28T04:24:24,idle,ue10,719040,1080415.8639724446,1.080416
2026-06-28T04:24:24,idle,ue11,719052,1072383.0872162103,1.072383
2026-06-28T04:24:24,idle,ue12,719064,1052301.0004185867,1.052301
2026-06-28T04:24:29,idle,cu_cp,717252,450499.0487040436,0.450499
2026-06-28T04:24:29,idle,cu_up,717260,454557.64017172216,0.454558
2026-06-28T04:24:29,idle,du1,717440,3867798.297278862,3.867798
2026-06-28T04:24:29,idle,du2,718203,3819095.489695587,3.819095
2026-06-28T04:24:29,idle,du3,718965,3892149.7010704996,3.892150
2026-06-28T04:24:29,idle,ue1,717484,1034930.3107115745,1.034930
2026-06-28T04:24:29,idle,ue2,717496,1079574.30930552,1.079574
2026-06-28T04:24:29,idle,ue3,717508,1059281.641995995,1.059282
2026-06-28T04:24:29,idle,ue4,717520,1083632.9007731986,1.083633
2026-06-28T04:24:29,idle,ue5,718247,1107984.159550402,1.107984
2026-06-28T04:24:29,idle,ue6,718259,1124218.3804066824,1.124218
2026-06-28T04:24:29,idle,ue7,718271,1067398.6799169183,1.067399
2026-06-28T04:24:29,idle,ue8,718283,1075515.7178378415,1.075516
2026-06-28T04:24:29,idle,ue9,719028,1079574.30930552,1.079574
2026-06-28T04:24:29,idle,ue10,719040,1091750.0112013388,1.091750
2026-06-28T04:24:29,idle,ue11,719052,1075515.7178378415,1.075516
2026-06-28T04:24:29,idle,ue12,719064,1067398.6799169183,1.067399
2026-06-28T04:24:35,idle,cu_cp,717252,454833.401185534,0.454833
2026-06-28T04:24:35,idle,cu_up,717260,454833.401185534,0.454833
2026-06-28T04:24:35,idle,du1,717440,3900913.2821716405,3.900913
2026-06-28T04:24:35,idle,du2,718203,3835351.836862688,3.835352
2026-06-28T04:24:35,idle,du3,718965,3872230.368437643,3.872230
2026-06-28T04:24:35,idle,ue1,717484,1057180.27290488,1.057180
2026-06-28T04:24:35,idle,ue2,717496,1094058.7316169452,1.094059
2026-06-28T04:24:35,idle,ue3,717508,1081765.9606215167,1.081766
2026-06-28T04:24:35,idle,ue4,717520,1069473.0439003087,1.069473
2026-06-28T04:24:35,idle,ue5,718247,1089961.068422246,1.089961
2026-06-28T04:24:35,idle,ue6,718259,1118644.2736078023,1.118644
2026-06-28T04:24:35,idle,ue7,718271,1073570.7070950079,1.073571
2026-06-28T04:24:35,idle,ue8,718283,1044887.5019094514,1.044888
2026-06-28T04:24:35,idle,ue9,719028,1081765.9606215167,1.081766
2026-06-28T04:24:35,idle,ue10,719040,1094058.7316169452,1.094059
2026-06-28T04:24:35,idle,ue11,719052,1094058.7316169452,1.094059
2026-06-28T04:24:35,idle,ue12,719064,1081765.9606215167,1.081766
2026-06-28T04:24:40,idle,cu_cp,717252,459616.6588786572,0.459617
2026-06-28T04:24:40,idle,cu_up,717260,459616.6588786572,0.459617
2026-06-28T04:24:40,idle,du1,717440,3794887.9975088597,3.794888
2026-06-28T04:24:40,idle,du2,718203,3811157.8061120748,3.811158
2026-06-28T04:24:40,idle,du3,718965,3794887.9975088597,3.794888
2026-06-28T04:24:40,idle,ue1,717484,1069727.223792702,1.069727
2026-06-28T04:24:40,idle,ue2,717496,1049390.2548057796,1.049390
2026-06-28T04:24:40,idle,ue3,717508,1090064.3386631727,1.090064
2026-06-28T04:24:40,idle,ue4,717520,1085996.886512369,1.085997
2026-06-28T04:24:40,idle,ue5,718247,1053457.7069565833,1.053458
2026-06-28T04:24:40,idle,ue6,718259,1094131.7178722024,1.094132
2026-06-28T04:24:40,idle,ue7,718271,1077862.0551525354,1.077862
2026-06-28T04:24:40,idle,ue8,718283,1090064.3386631727,1.090064
2026-06-28T04:24:40,idle,ue9,719028,1110401.3076500953,1.110401
2026-06-28T04:24:40,idle,ue10,719040,1037188.0442369164,1.037188
2026-06-28T04:24:40,idle,ue11,719052,1094131.7178722024,1.094132
2026-06-28T04:24:40,idle,ue12,719064,1102266.5492320359,1.102267
2026-06-28T04:24:46,idle,cu_cp,717252,465206.60812693805,0.465207
2026-06-28T04:24:46,idle,cu_up,717260,465206.60812693805,0.465207
2026-06-28T04:24:46,idle,du1,717440,3825032.315150101,3.825032
2026-06-28T04:24:46,idle,du2,718203,3919796.2728526164,3.919796
2026-06-28T04:24:46,idle,du3,718965,3850877.0308871507,3.850877
2026-06-28T04:24:46,idle,ue1,717484,1068252.2873712056,1.068252
2026-06-28T04:24:46,idle,ue2,717496,1111326.8869979214,1.111327
2026-06-28T04:24:46,idle,ue3,717508,1059637.235328923,1.059637
2026-06-28T04:24:46,idle,ue4,717520,1085482.0978625722,1.085482
2026-06-28T04:24:46,idle,ue5,718247,1042407.3514392567,1.042407
2026-06-28T04:24:46,idle,ue6,718259,1076867.1926168888,1.076867
2026-06-28T04:24:46,idle,ue7,718271,1094097.076506555,1.094097
2026-06-28T04:24:46,idle,ue8,718283,1076867.1926168888,1.076867
2026-06-28T04:24:46,idle,ue9,719028,1102711.9817522382,1.102712
2026-06-28T04:24:46,idle,ue10,719040,1042407.3514392567,1.042407
2026-06-28T04:24:46,idle,ue11,719052,1102711.9817522382,1.102712
2026-06-28T04:24:46,idle,ue12,719064,1111326.8869979214,1.111327
2026-06-28T04:24:51,idle,cu_cp,717252,458986.9128769577,0.458987
2026-06-28T04:24:51,idle,cu_up,717260,458986.9128769577,0.458987
2026-06-28T04:24:51,idle,du1,717440,3817936.5438142777,3.817937
2026-06-28T04:24:51,idle,du2,718203,3908343.289817405,3.908343
2026-06-28T04:24:51,idle,du3,718965,3817936.5438142777,3.817937
2026-06-28T04:24:51,idle,ue1,717484,1057060.791122067,1.057061
2026-06-28T04:24:51,idle,ue2,717496,1105741.22900092,1.105741
2026-06-28T04:24:51,idle,ue3,717508,1043152.0945852518,1.043152
2026-06-28T04:24:51,idle,ue4,717520,1084878.1113577546,1.084878
2026-06-28T04:24:51,idle,ue5,718247,1098786.8807325126,1.098787
2026-06-28T04:24:51,idle,ue6,718259,1105741.22900092,1.105741
2026-06-28T04:24:51,idle,ue7,718271,1098786.8807325126,1.098787
2026-06-28T04:24:51,idle,ue8,718283,1050106.4428536594,1.050106
2026-06-28T04:24:51,idle,ue9,719028,1105741.22900092,1.105741
2026-06-28T04:24:51,idle,ue10,719040,1050106.4428536594,1.050106
2026-06-28T04:24:51,idle,ue11,719052,1105741.22900092,1.105741
2026-06-28T04:24:51,idle,ue12,719064,1119649.9255377352,1.119650
2026-06-28T04:24:57,idle,cu_cp,717252,454537.54841311905,0.454538
2026-06-28T04:24:57,idle,cu_up,717260,454537.54841311905,0.454538
2026-06-28T04:24:57,idle,du1,717440,3757126.8719939087,3.757127
2026-06-28T04:24:57,idle,du2,718203,3757126.8719939087,3.757127
2026-06-28T04:24:57,idle,du3,718965,3751373.2298658635,3.751373
2026-06-28T04:24:57,idle,ue1,717484,1041408.7938902938,1.041409
2026-06-28T04:24:57,idle,ue2,717496,1047162.5078993314,1.047163
2026-06-28T04:24:57,idle,ue3,717508,1064423.3624024761,1.064423
2026-06-28T04:24:57,idle,ue4,717520,1058669.7921554225,1.058670
2026-06-28T04:24:57,idle,ue5,718247,1064423.3624024761,1.064423
2026-06-28T04:24:57,idle,ue6,718259,1081684.2887866127,1.081684
2026-06-28T04:24:57,idle,ue7,718271,1047162.5078993314,1.047163
2026-06-28T04:24:57,idle,ue8,718283,1064423.3624024761,1.064423
2026-06-28T04:24:57,idle,ue9,719028,1047162.5078993314,1.047163
2026-06-28T04:24:57,idle,ue10,719040,1116206.141554886,1.116206
2026-06-28T04:24:57,idle,ue11,719052,1041408.7938902938,1.041409
2026-06-28T04:24:57,idle,ue12,719064,1098945.2151707495,1.098945
2026-06-28T04:25:02,idle,cu_cp,717252,449954.67289095046,0.449955
2026-06-28T04:25:02,idle,cu_up,717260,457330.9898009014,0.457331
2026-06-28T04:25:02,idle,du1,717440,3843055.7313866424,3.843056
2026-06-28T04:25:02,idle,du2,718203,3868872.6027378943,3.868873
2026-06-28T04:25:02,idle,du3,718965,3865184.352808466,3.865184
2026-06-28T04:25:02,idle,ue1,717484,1069564.451761868,1.069564
2026-06-28T04:25:02,idle,ue2,717496,1080628.8356523418,1.080629
2026-06-28T04:25:02,idle,ue3,717508,1099069.64622211,1.099070
2026-06-28T04:25:02,idle,ue4,717520,1058499.9215122699,1.058500
2026-06-28T04:25:02,idle,ue5,718247,1117510.4567918777,1.117510
2026-06-28T04:25:02,idle,ue6,718259,1106445.9265422798,1.106446
2026-06-28T04:25:02,idle,ue7,718271,1099069.64622211,1.099070
2026-06-28T04:25:02,idle,ue8,718283,1028994.7270520282,1.028995
2026-06-28T04:25:02,idle,ue9,719028,1102757.822971976,1.102758
2026-06-28T04:25:02,idle,ue10,719040,1106445.9265422798,1.106446
2026-06-28T04:25:02,idle,ue11,719052,1054811.817941966,1.054812
2026-06-28T04:25:02,idle,ue12,719064,1099069.64622211,1.099070
2026-06-28T04:25:08,idle,cu_cp,717252,461616.0252186656,0.461616
2026-06-28T04:25:08,idle,cu_up,717260,465308.9358805418,0.465309
2026-06-28T04:25:08,idle,du1,717440,3833259.4646458626,3.833259
2026-06-28T04:25:08,idle,du2,718203,3881267.5590400696,3.881268
2026-06-28T04:25:08,idle,du3,718965,3844338.2331728935,3.844338
2026-06-28T04:25:08,idle,ue1,717484,1070949.1346576214,1.070949
2026-06-28T04:25:08,idle,ue2,717496,1078335.1021469831,1.078335
2026-06-28T04:25:08,idle,ue3,717508,1089413.870674014,1.089414
2026-06-28T04:25:08,idle,ue4,717520,1063563.313333869,1.063563
2026-06-28T04:25:08,idle,ue5,718247,1111571.407728076,1.111571
2026-06-28T04:25:08,idle,ue6,718259,1082027.9031846523,1.082028
2026-06-28T04:25:08,idle,ue7,718271,1107878.4605247974,1.107878
2026-06-28T04:25:08,idle,ue8,718283,1052484.544806838,1.052485
2026-06-28T04:25:08,idle,ue9,719028,1104185.513321519,1.104186
2026-06-28T04:25:08,idle,ue10,719040,1093106.6717116833,1.093107
2026-06-28T04:25:08,idle,ue11,719052,1034019.8087904453,1.034020
2026-06-28T04:25:08,idle,ue12,719064,1096799.6919977665,1.096800
2026-06-28T04:25:13,idle,cu_cp,717252,460991.32823636057,0.460991
2026-06-28T04:25:13,idle,cu_up,717260,468548.5708786592,0.468549
2026-06-28T04:25:13,idle,du1,717440,3801289.3019056604,3.801289
2026-06-28T04:25:13,idle,du2,718203,3835296.73008467,3.835297
2026-06-28T04:25:13,idle,du3,718965,3823961.2117340397,3.823961
2026-06-28T04:25:13,idle,ue1,717484,1058012.9512735032,1.058013
2026-06-28T04:25:13,idle,ue2,717496,1080684.6428201026,1.080685
2026-06-28T04:25:13,idle,ue3,717508,1095799.1281046998,1.095799
2026-06-28T04:25:13,idle,ue4,717520,1031562.656595903,1.031563
2026-06-28T04:25:13,idle,ue5,718247,1103356.3343667018,1.103356
2026-06-28T04:25:13,idle,ue6,718259,1092020.4522131055,1.092020
2026-06-28T04:25:13,idle,ue7,718271,1080684.6428201026,1.080685
2026-06-28T04:25:13,idle,ue8,718283,1031562.656595903,1.031563
2026-06-28T04:25:13,idle,ue9,719028,1076906.0396891015,1.076906
2026-06-28T04:25:13,idle,ue10,719040,1080684.6428201026,1.080685
2026-06-28T04:25:13,idle,ue11,719052,1065570.1575355052,1.065570
2026-06-28T04:25:13,idle,ue12,719064,1088241.8490821046,1.088242
2026-06-28T04:25:19,idle,cu_cp,717252,459288.3573595929,0.459288
2026-06-28T04:25:19,idle,cu_up,717260,467489.9534318793,0.467490
2026-06-28T04:25:19,idle,du1,717440,3875245.5608772994,3.875246
2026-06-28T04:25:19,idle,du2,718203,3895749.5875826026,3.895750
2026-06-28T04:25:19,idle,du3,718965,3854741.534171996,3.854742
2026-06-28T04:25:19,idle,ue1,717484,1058003.4827021814,1.058003
2026-06-28T04:25:19,idle,ue2,717496,1074406.6748467542,1.074407
2026-06-28T04:25:19,idle,ue3,717508,1070305.913335198,1.070306
2026-06-28T04:25:19,idle,ue4,717520,1053902.7211906253,1.053903
2026-06-28T04:25:19,idle,ue5,718247,1103112.2976243435,1.103112
2026-06-28T04:25:19,idle,ue6,718259,1078507.5094074844,1.078508
2026-06-28T04:25:19,idle,ue7,718271,1070305.913335198,1.070306
2026-06-28T04:25:19,idle,ue8,718283,1082608.2709190405,1.082608
2026-06-28T04:25:19,idle,ue9,719028,1090809.866991327,1.090810
2026-06-28T04:25:19,idle,ue10,719040,1094910.7015520572,1.094911
2026-06-28T04:25:19,idle,ue11,719052,1029298.0060229409,1.029298
2026-06-28T04:25:19,idle,ue12,719064,1074406.6748467542,1.074407
2026-06-28T04:25:24,idle,cu_cp,717252,452929.73202854366,0.452930
2026-06-28T04:25:24,idle,cu_up,717260,452929.73202854366,0.452930
2026-06-28T04:25:24,idle,du1,717440,3843781.906419139,3.843782
2026-06-28T04:25:24,idle,du2,718203,3880506.254840727,3.880506
2026-06-28T04:25:24,idle,du3,718965,3864184.4193678973,3.864184
2026-06-28T04:25:24,idle,ue1,717484,1077238.2993063515,1.077238
2026-06-28T04:25:24,idle,ue2,717496,1064996.9227017295,1.064997
2026-06-28T04:25:24,idle,ue3,717508,1085399.1441735255,1.085399
2026-06-28T04:25:24,idle,ue4,717520,1069077.3815699369,1.069077
2026-06-28T04:25:24,idle,ue5,718247,1097640.5207781475,1.097641
2026-06-28T04:25:24,idle,ue6,718259,1105801.4385145623,1.105801
2026-06-28T04:25:24,idle,ue7,718271,1056836.0049653149,1.056836
2026-06-28T04:25:24,idle,ue8,718283,1077238.2993063515,1.077238
2026-06-28T04:25:24,idle,ue9,719028,1069077.3815699369,1.069077
2026-06-28T04:25:24,idle,ue10,719040,1097640.5207781475,1.097641
2026-06-28T04:25:24,idle,ue11,719052,1093560.0619099403,1.093560
2026-06-28T04:25:24,idle,ue12,719064,1093560.0619099403,1.093560
2026-06-28T04:25:30,idle,cu_cp,717252,452930.45044779184,0.452930
2026-06-28T04:25:30,idle,cu_up,717260,457010.9197399646,0.457011
2026-06-28T04:25:30,idle,du1,717440,3831546.5528931143,3.831547
2026-06-28T04:25:30,idle,du2,718203,3835627.2774493694,3.835627
2026-06-28T04:25:30,idle,du3,718965,3856029.733309126,3.856030
2026-06-28T04:25:30,idle,ue1,717484,1060918.2234699845,1.060918
2026-06-28T04:25:30,idle,ue2,717496,1073159.5219476104,1.073160
2026-06-28T04:25:30,idle,ue3,717508,1093561.831942177,1.093562
2026-06-28T04:25:30,idle,ue4,717520,1085400.8933578313,1.085401
2026-06-28T04:25:30,idle,ue5,718247,1109883.709110868,1.109884
2026-06-28T04:25:30,idle,ue6,718259,1105803.2033523978,1.105803
2026-06-28T04:25:30,idle,ue7,718271,1105803.2033523978,1.105803
2026-06-28T04:25:30,idle,ue8,718283,1036435.4077169478,1.036435
2026-06-28T04:25:30,idle,ue9,719028,1081320.387599361,1.081320
2026-06-28T04:25:30,idle,ue10,719040,1089481.3261837065,1.089481
2026-06-28T04:25:30,idle,ue11,719052,1101722.7705265223,1.101723
2026-06-28T04:25:30,idle,ue12,719064,1097642.2647680521,1.097642
2026-06-28T04:25:35,idle,cu_cp,717252,448445.7404199985,0.448446
2026-06-28T04:25:35,idle,cu_up,717260,468376.6735961929,0.468377
2026-06-28T04:25:35,idle,du1,717440,3796840.7948655654,3.796841
2026-06-28T04:25:35,idle,du2,718203,3836702.36859581,3.836702
2026-06-28T04:25:35,idle,du3,718965,3866598.6952045653,3.866599
2026-06-28T04:25:35,idle,ue1,717484,1066304.3396821136,1.066304
2026-06-28T04:25:35,idle,ue2,717496,1046373.4796614551,1.046373
2026-06-28T04:25:35,idle,ue3,717508,1056338.9462495523,1.056339
2026-06-28T04:25:35,idle,ue4,717520,1056338.9462495523,1.056339
2026-06-28T04:25:35,idle,ue5,718247,1096200.739446405,1.096201
2026-06-28T04:25:35,idle,ue6,718259,1076269.8794257469,1.076270
2026-06-28T04:25:35,idle,ue7,718271,1086235.346013844,1.086235
2026-06-28T04:25:35,idle,ue8,718283,1066304.3396821136,1.066304
2026-06-28T04:25:35,idle,ue9,719028,1076269.8794257469,1.076270
2026-06-28T04:25:35,idle,ue10,719040,1126097.1392106968,1.126097
2026-06-28T04:25:35,idle,ue11,719052,1116131.7457781357,1.116132
2026-06-28T04:25:35,idle,ue12,719064,1086235.346013844,1.086235
2026-06-28T04:25:41,idle,cu_cp,717252,437496.14872169495,0.437496
2026-06-28T04:25:41,idle,cu_up,717260,437496.14872169495,0.437496
2026-06-28T04:25:41,idle,du1,717440,3929653.309993286,3.929653
2026-06-28T04:25:41,idle,du2,718203,3828091.4556604004,3.828091
2026-06-28T04:25:41,idle,du3,718965,3835903.593112183,3.835904
2026-06-28T04:25:41,idle,ue1,717484,1062490.6417074585,1.062491
2026-06-28T04:25:41,idle,ue2,717496,1078115.4976766969,1.078115
2026-06-28T04:25:41,idle,ue3,717508,1062490.6417074585,1.062491
2026-06-28T04:25:41,idle,ue4,717520,1070303.1423252868,1.070303
2026-06-28T04:25:41,idle,ue5,718247,1046865.8583714295,1.046866
2026-06-28T04:25:41,idle,ue6,718259,1085927.998294525,1.085928
2026-06-28T04:25:41,idle,ue7,718271,1046865.8583714295,1.046866
2026-06-28T04:25:41,idle,ue8,718283,1101552.8542637634,1.101553
2026-06-28T04:25:41,idle,ue9,719028,1046865.8583714295,1.046866
2026-06-28T04:25:41,idle,ue10,719040,1062490.6417074585,1.062491
2026-06-28T04:25:41,idle,ue11,719052,1078115.4976766969,1.078115
2026-06-28T04:25:41,idle,ue12,719064,1054678.2137228393,1.054678
2026-06-28T04:25:46,idle,cu_cp,717252,465911.1556650639,0.465911
2026-06-28T04:25:46,idle,cu_up,717260,465911.1556650639,0.465911
2026-06-28T04:25:46,idle,du1,717440,3804941.2140483856,3.804941
2026-06-28T04:25:46,idle,du2,718203,3843767.198412323,3.843767
2026-06-28T04:25:46,idle,du3,718965,3856709.1932003023,3.856709
2026-06-28T04:25:46,idle,ue1,717484,1028887.1263061523,1.028887
2026-06-28T04:25:46,idle,ue2,717496,1074184.03509717,1.074184
2026-06-28T04:25:46,idle,ue3,717508,1067713.0377031802,1.067713
2026-06-28T04:25:46,idle,ue4,717520,1015945.2044850826,1.015945
2026-06-28T04:25:46,idle,ue5,718247,1093597.0272791386,1.093597
2026-06-28T04:25:46,idle,ue6,718259,1087126.1028520584,1.087126
2026-06-28T04:25:46,idle,ue7,718271,1067713.0377031802,1.067713
2026-06-28T04:25:46,idle,ue8,718283,1074184.03509717,1.074184
2026-06-28T04:25:46,idle,ue9,719028,1041829.1940610409,1.041829
2026-06-28T04:25:46,idle,ue10,719040,1061242.1132761003,1.061242
2026-06-28T04:25:46,idle,ue11,719052,1080655.105458069,1.080655
2026-06-28T04:25:46,idle,ue12,719064,1080655.105458069,1.080655
2026-06-28T04:25:52,idle,cu_cp,717252,452271.86529943405,0.452272
2026-06-28T04:25:52,idle,cu_up,717260,455919.2407155415,0.455919
2026-06-28T04:25:52,idle,du1,717440,3742184.8879140234,3.742185
2026-06-28T04:25:52,idle,du2,718203,3837016.1405142974,3.837016
2026-06-28T04:25:52,idle,du3,718965,3811484.6941081597,3.811485
2026-06-28T04:25:52,idle,ue1,717484,1046790.5368966334,1.046791
2026-06-28T04:25:52,idle,ue2,717496,1065027.2324705564,1.065027
2026-06-28T04:25:52,idle,ue3,717508,1061380.0385610634,1.061380
2026-06-28T04:25:52,idle,ue4,717520,1054085.2877288484,1.054085
2026-06-28T04:25:52,idle,ue5,718247,1090558.7514793403,1.090559
2026-06-28T04:25:52,idle,ue6,718259,1101500.768823694,1.101501
2026-06-28T04:25:52,idle,ue7,718271,1075969.3950202018,1.075969
2026-06-28T04:25:52,idle,ue8,718283,1083264.0006471253,1.083264
2026-06-28T04:25:52,idle,ue9,719028,1075969.3950202018,1.075969
2026-06-28T04:25:52,idle,ue10,719040,1086911.4123645555,1.086911
2026-06-28T04:25:52,idle,ue11,719052,1105148.1805411244,1.105148
2026-06-28T04:25:52,idle,ue12,719064,1075969.3950202018,1.075969
2026-06-28T04:25:58,idle,cu_cp,717252,456757.17995438573,0.456757
2026-06-28T04:25:58,idle,cu_up,717260,460440.70736010076,0.460441
2026-06-28T04:25:58,idle,du1,717440,3775613.8076313017,3.775614
2026-06-28T04:25:58,idle,du2,718203,3867701.956381798,3.867702
2026-06-28T04:25:58,idle,du3,718965,3812449.0089036943,3.812449
2026-06-28T04:25:58,idle,ue1,717484,1060855.3833526135,1.060855
2026-06-28T04:25:58,idle,ue2,717496,1090323.6025983333,1.090324
2026-06-28T04:25:58,idle,ue3,717508,1071906.0019621372,1.071906
2026-06-28T04:25:58,idle,ue4,717520,1064538.9471507072,1.064539
2026-06-28T04:25:58,idle,ue5,718247,1112424.6942478656,1.112425
2026-06-28T04:25:58,idle,ue6,718259,1075589.4929754734,1.075589
2026-06-28T04:25:58,idle,ue7,718271,1112424.6942478656,1.112425
2026-06-28T04:25:58,idle,ue8,718283,1123475.3856421472,1.123475
2026-06-28T04:25:58,idle,ue9,719028,1068222.4381640435,1.068222
2026-06-28T04:25:58,idle,ue10,719040,1086640.0388002396,1.086640
2026-06-28T04:25:58,idle,ue11,719052,1086640.0388002396,1.086640
2026-06-28T04:25:58,idle,ue12,719064,1101374.1484230994,1.101374
2026-06-28T04:26:03,idle,cu_cp,717252,447789.5703710911,0.447790
2026-06-28T04:26:03,idle,cu_up,717260,458891.7808004504,0.458892
2026-06-28T04:26:03,idle,du1,717440,3845069.1581370784,3.845069
2026-06-28T04:26:03,idle,du2,718203,3889477.852894423,3.889478
2026-06-28T04:26:03,idle,du3,718965,3904280.8491202663,3.904281
2026-06-28T04:26:03,idle,ue1,717484,1080616.1526849465,1.080616
2026-06-28T04:26:03,idle,ue2,717496,1084316.9017414076,1.084317
2026-06-28T04:26:03,idle,ue3,717508,1091718.3998543292,1.091718
2026-06-28T04:26:03,idle,ue4,717520,1069513.9055155641,1.069514
2026-06-28T04:26:03,idle,ue5,718247,1106521.3226001263,1.106521
2026-06-28T04:26:03,idle,ue6,718259,1091718.3998543292,1.091718
2026-06-28T04:26:03,idle,ue7,718271,1113922.8207130479,1.113923
2026-06-28T04:26:03,idle,ue8,718283,1099119.8244872047,1.099120
2026-06-28T04:26:03,idle,ue9,719028,1095419.14891079,1.095419
2026-06-28T04:26:03,idle,ue10,719040,1084316.9017414076,1.084317
2026-06-28T04:26:03,idle,ue11,719052,1102820.5735436655,1.102821
2026-06-28T04:26:03,idle,ue12,719064,1080616.1526849465,1.080616
2026-06-28T04:26:09,idle,cu_cp,717252,461946.1205069974,0.461946
2026-06-28T04:26:09,idle,cu_up,717260,465894.36181478796,0.465894
2026-06-28T04:26:09,idle,du1,717440,3900878.238020897,3.900878
2026-06-28T04:26:09,idle,du2,718203,3849551.13731761,3.849551
2026-06-28T04:26:09,idle,du3,718965,3841654.4369140863,3.841654
2026-06-28T04:26:09,idle,ue1,717484,1062081.2312565208,1.062081
2026-06-28T04:26:09,idle,ue2,717496,1073926.0640738637,1.073926
2026-06-28T04:26:09,idle,ue3,717508,1077874.2690836638,1.077874
2026-06-28T04:26:09,idle,ue4,717520,1069977.7864680826,1.069978
2026-06-28T04:26:09,idle,ue5,718247,1085770.751699245,1.085771
2026-06-28T04:26:09,idle,ue6,718259,1097615.584516588,1.097616
2026-06-28T04:26:09,idle,ue7,718271,1073926.0640738637,1.073926
2026-06-28T04:26:09,idle,ue8,718283,1081822.5466894447,1.081823
2026-06-28T04:26:09,idle,ue9,719028,1030495.1556022346,1.030495
2026-06-28T04:26:09,idle,ue10,719040,1109460.34473795,1.109460
2026-06-28T04:26:09,idle,ue11,719052,1089719.1019010067,1.089719
2026-06-28T04:26:09,idle,ue12,719064,1085770.751699245,1.085771
2026-06-28T04:26:14,idle,cu_cp,717252,448666.465707072,0.448666
2026-06-28T04:26:14,idle,cu_up,717260,452745.2458075091,0.452745
2026-06-28T04:26:14,idle,du1,717440,3866689.2089256262,3.866689
2026-06-28T04:26:14,idle,du2,718203,3805507.398309238,3.805507
2026-06-28T04:26:14,idle,du3,718965,3895240.4877789663,3.895240
2026-06-28T04:26:14,idle,ue1,717484,1060484.3536512917,1.060484
2026-06-28T04:26:14,idle,ue2,717496,1113508.604066806,1.113509
2026-06-28T04:26:14,idle,ue3,717508,1076799.6195328159,1.076800
2026-06-28T04:26:14,idle,ue4,717520,1076799.6195328159,1.076800
2026-06-28T04:26:14,idle,ue5,718247,1023775.2963774139,1.023775
2026-06-28T04:26:14,idle,ue6,718259,1048248.0497199243,1.048248
2026-06-28T04:26:14,idle,ue7,718271,1097193.4836650575,1.097193
2026-06-28T04:26:14,idle,ue8,718283,1109429.7875964248,1.109430
2026-06-28T04:26:14,idle,ue9,719028,1040090.4895190501,1.040090
2026-06-28T04:26:14,idle,ue10,719040,1089035.9234641832,1.089036
2026-06-28T04:26:14,idle,ue11,719052,1080878.363263309,1.080878
2026-06-28T04:26:14,idle,ue12,719064,1080878.363263309,1.080878
2026-06-28T04:26:20,idle,cu_cp,717252,458458.36523216846,0.458458
2026-06-28T04:26:20,idle,cu_up,717260,454364.97191744146,0.454365
2026-06-28T04:26:20,idle,du1,717440,3774094.781514759,3.774095
2026-06-28T04:26:20,idle,du2,718203,3847775.494654355,3.847775
2026-06-28T04:26:20,idle,du3,718965,3896895.7746004914,3.896896
2026-06-28T04:26:20,idle,ue1,717484,1072465.0166780807,1.072465
2026-06-28T04:26:20,idle,ue2,717496,1076558.4466453565,1.076558
2026-06-28T04:26:20,idle,ue3,717508,1080651.8766126323,1.080652
2026-06-28T04:26:20,idle,ue4,717520,1084745.2332748102,1.084745
2026-06-28T04:26:20,idle,ue5,718247,1064278.3766588224,1.064278
2026-06-28T04:26:20,idle,ue6,718259,1076558.4466453565,1.076558
2026-06-28T04:26:20,idle,ue7,718271,1088838.5166318906,1.088839
2026-06-28T04:26:20,idle,ue8,718283,1097025.3032613443,1.097025
2026-06-28T04:26:20,idle,ue9,719028,1051998.1600620926,1.051998
2026-06-28T04:26:20,idle,ue10,719040,1064278.3766588224,1.064278
2026-06-28T04:26:20,idle,ue11,719052,1092931.9465991664,1.092932
2026-06-28T04:26:20,idle,ue12,719064,1088838.5166318906,1.088839
2026-06-28T04:26:25,idle,cu_cp,717252,464717.78295747546,0.464718
2026-06-28T04:26:25,idle,cu_up,717260,468794.2659129724,0.468794
2026-06-28T04:26:25,idle,du1,717440,3795195.22141953,3.795195
2026-06-28T04:26:25,idle,du2,718203,3876725.1717224214,3.876725
2026-06-28T04:26:25,idle,du3,718965,3807424.743084259,3.807425
2026-06-28T04:26:25,idle,ue1,717484,1043576.8702741492,1.043577
2026-06-28T04:26:25,idle,ue2,717496,1100647.486054629,1.100647
2026-06-28T04:26:25,idle,ue3,717508,1112876.789324643,1.112877
2026-06-28T04:26:25,idle,ue4,717520,1080265.144075383,1.080265
2026-06-28T04:26:25,idle,ue5,718247,1092494.5201436353,1.092495
2026-06-28T04:26:25,idle,ue6,718259,1080265.144075383,1.080265
2026-06-28T04:26:25,idle,ue7,718271,1096571.003099132,1.096571
2026-06-28T04:26:25,idle,ue8,718283,1080265.144075383,1.080265
2026-06-28T04:26:25,idle,ue9,719028,1039500.3873186522,1.039500
2026-06-28T04:26:25,idle,ue10,719040,1112876.789324643,1.112877
2026-06-28T04:26:25,idle,ue11,719052,1072112.1781643892,1.072112
2026-06-28T04:26:25,idle,ue12,719064,1068035.6952088922,1.068036
2026-06-28T04:26:31,idle,cu_cp,717252,451836.0262745118,0.451836
2026-06-28T04:26:31,idle,cu_up,717260,460872.78199799894,0.460873
2026-06-28T04:26:31,idle,du1,717440,3867716.3438454913,3.867716
2026-06-28T04:26:31,idle,du2,718203,3858679.844774065,3.858680
2026-06-28T04:26:31,idle,du3,718965,3867716.3438454913,3.867716
2026-06-28T04:26:31,idle,ue1,717484,1084406.5070563245,1.084407
2026-06-28T04:26:31,idle,ue2,717496,1075369.7146682572,1.075370
2026-06-28T04:26:31,idle,ue3,717508,1093443.2261152314,1.093443
2026-06-28T04:26:31,idle,ue4,717520,1066333.0689385105,1.066333
2026-06-28T04:26:31,idle,ue5,718247,1066333.0689385105,1.066333
2026-06-28T04:26:31,idle,ue6,718259,1093443.2261152314,1.093443
2026-06-28T04:26:31,idle,ue7,718271,1075369.7146682572,1.075370
2026-06-28T04:26:31,idle,ue8,718283,1102479.9451741385,1.102480
2026-06-28T04:26:31,idle,ue9,719028,1075369.7146682572,1.075370
2026-06-28T04:26:31,idle,ue10,719040,1102479.9451741385,1.102480
2026-06-28T04:26:31,idle,ue11,719052,1066333.0689385105,1.066333
2026-06-28T04:26:31,idle,ue12,719064,1075369.7146682572,1.075370
2026-06-28T04:26:36,idle,cu_cp,717252,456516.3336194843,0.456516
2026-06-28T04:26:36,idle,cu_up,717260,456516.3336194843,0.456516
2026-06-28T04:26:36,idle,du1,717440,3823324.266872883,3.823324
2026-06-28T04:26:36,idle,du2,718203,3780526.0124085546,3.780526
2026-06-28T04:26:36,idle,du3,718965,3801925.2846556427,3.801925
2026-06-28T04:26:36,idle,ue1,717484,1034294.7990968495,1.034295
2026-06-28T04:26:36,idle,ue2,717496,1041427.8656767249,1.041428
2026-06-28T04:26:36,idle,ue3,717508,1041427.8656767249,1.041428
2026-06-28T04:26:36,idle,ue4,717520,1091359.3317358524,1.091359
2026-06-28T04:26:36,idle,ue5,718247,1055693.9988364757,1.055694
2026-06-28T04:26:36,idle,ue6,718259,1062827.065416351,1.062827
2026-06-28T04:26:36,idle,ue7,718271,1027161.8050244361,1.027162
2026-06-28T04:26:36,idle,ue8,718283,1069960.1319962263,1.069960
2026-06-28T04:26:36,idle,ue9,719028,1077093.2710835636,1.077093
2026-06-28T04:26:36,idle,ue10,719040,1048560.8597491384,1.048561
2026-06-28T04:26:36,idle,ue11,719052,1048560.8597491384,1.048561
2026-06-28T04:26:36,idle,ue12,719064,1055693.9988364757,1.055694
2026-06-28T04:26:42,idle,cu_cp,717252,461279.73994114995,0.461280
2026-06-28T04:26:42,idle,cu_up,717260,467270.3689556122,0.467270
2026-06-28T04:26:42,idle,du1,717440,3810050.790002346,3.810051
2026-06-28T04:26:42,idle,du2,718203,3822032.1931232214,3.822032
2026-06-28T04:26:42,idle,du3,718965,3798069.3868814707,3.798069
2026-06-28T04:26:42,idle,ue1,717484,1060344.3099448085,1.060344
2026-06-28T04:26:42,idle,ue2,717496,1078316.2695341706,1.078316
2026-06-28T04:26:42,idle,ue3,717508,1066334.9389592707,1.066335
2026-06-28T04:26:42,idle,ue4,717520,1060344.3099448085,1.060344
2026-06-28T04:26:42,idle,ue5,718247,1090297.527563095,1.090298
2026-06-28T04:26:42,idle,ue6,718259,1078316.2695341706,1.078316
2026-06-28T04:26:42,idle,ue7,718271,1078316.2695341706,1.078316
2026-06-28T04:26:42,idle,ue8,718283,1060344.3099448085,1.060344
2026-06-28T04:26:42,idle,ue9,719028,1084306.8260026574,1.084307
2026-06-28T04:26:42,idle,ue10,719040,1048363.051915884,1.048363
2026-06-28T04:26:42,idle,ue11,719052,1042372.3503554463,1.042372
2026-06-28T04:26:42,idle,ue12,719064,1024400.3907660842,1.024400
2026-06-28T04:26:47,idle,cu_cp,717252,460456.10026750265,0.460456
2026-06-28T04:26:47,idle,cu_up,717260,460456.10026750265,0.460456
2026-06-28T04:26:47,idle,du1,717440,3807898.7676086663,3.807899
2026-06-28T04:26:47,idle,du2,718203,3866369.715368795,3.866370
2026-06-28T04:26:47,idle,du3,718965,3822516.3593629478,3.822516
2026-06-28T04:26:47,idle,ue1,717484,1059779.9029436826,1.059780
2026-06-28T04:26:47,idle,ue2,717496,1081706.290575105,1.081706
2026-06-28T04:26:47,idle,ue3,717508,1081706.290575105,1.081706
2026-06-28T04:26:47,idle,ue4,717520,1059779.9029436826,1.059780
2026-06-28T04:26:47,idle,ue5,718247,1085360.8336994261,1.085361
2026-06-28T04:26:47,idle,ue6,718259,1085360.8336994261,1.085361
2026-06-28T04:26:47,idle,ue7,718271,1078051.96522941,1.078052
2026-06-28T04:26:47,idle,ue8,718283,1056125.5050051124,1.056126
2026-06-28T04:26:47,idle,ue9,719028,1085360.8336994261,1.085361
2026-06-28T04:26:47,idle,ue10,719040,1081706.290575105,1.081706
2026-06-28T04:26:47,idle,ue11,719052,1041507.76806508,1.041508
2026-06-28T04:26:47,idle,ue12,719064,1048816.6365350962,1.048817
2026-06-28T04:26:53,idle,cu_cp,717252,449151.78400629194,0.449152
2026-06-28T04:26:53,idle,cu_up,717260,456455.0626899323,0.456455
2026-06-28T04:26:53,idle,du1,717440,3805009.5713195205,3.805010
2026-06-28T04:26:53,idle,du2,718203,3819615.9837243916,3.819616
2026-06-28T04:26:53,idle,du3,718965,3812313.0674467753,3.812313
2026-06-28T04:26:53,idle,ue1,717484,1062627.4471162993,1.062627
2026-06-28T04:26:53,idle,ue2,717496,1062627.4471162993,1.062627
2026-06-28T04:26:53,idle,ue3,717508,1091840.5618508607,1.091841
2026-06-28T04:26:53,idle,ue4,717520,1069930.7257999396,1.069931
2026-06-28T04:26:53,idle,ue5,718247,1088188.886268438,1.088189
2026-06-28T04:26:53,idle,ue6,718259,1080885.6075847978,1.080886
2026-06-28T04:26:53,idle,ue7,718271,1091840.5618508607,1.091841
2026-06-28T04:26:53,idle,ue8,718283,1069930.7257999396,1.069931
2026-06-28T04:26:53,idle,ue9,719028,1099143.840534501,1.099144
2026-06-28T04:26:53,idle,ue10,719040,1062627.4471162993,1.062627
2026-06-28T04:26:53,idle,ue11,719052,1040717.5385841733,1.040718
2026-06-28T04:26:53,idle,ue12,719064,1022459.3781156748,1.022459
2026-06-28T04:26:58,idle,cu_cp,717252,453742.6236725539,0.453743
2026-06-28T04:26:58,idle,cu_up,717260,461120.58398838044,0.461121
2026-06-28T04:26:58,idle,du1,717440,3788566.6115279673,3.788567
2026-06-28T04:26:58,idle,du2,718203,3858656.8546146154,3.858657
2026-06-28T04:26:58,idle,du3,718965,3840212.0080984356,3.840212
2026-06-28T04:26:58,idle,ue1,717484,1077177.5747817098,1.077178
2026-06-28T04:26:58,idle,ue2,717496,1091933.495413363,1.091933
2026-06-28T04:26:58,idle,ue3,717508,1077177.5747817098,1.077178
2026-06-28T04:26:58,idle,ue4,717520,1073488.648897183,1.073489
2026-06-28T04:26:58,idle,ue5,718247,1091933.495413363,1.091933
2026-06-28T04:26:58,idle,ue6,718259,1073488.648897183,1.073489
2026-06-28T04:26:58,idle,ue7,718271,1091933.495413363,1.091933
2026-06-28T04:26:58,idle,ue8,718283,1066110.797128129,1.066111
2026-06-28T04:26:58,idle,ue9,719028,1103000.417795974,1.103000
2026-06-28T04:26:58,idle,ue10,719040,1069799.6506481408,1.069800
2026-06-28T04:26:58,idle,ue11,719052,1051354.876496476,1.051355
2026-06-28T04:26:58,idle,ue12,719064,1029221.0317312538,1.029221
2026-06-28T04:27:04,idle,cu_cp,717252,469717.2355521202,0.469717
2026-06-28T04:27:04,idle,cu_up,717260,469717.2355521202,0.469717
2026-06-28T04:27:04,idle,du1,717440,3827174.575753629,3.827175
2026-06-28T04:27:04,idle,du2,718203,3863934.9714955566,3.863935
2026-06-28T04:27:04,idle,du3,718965,3917033.223833418,3.917033
2026-06-28T04:27:04,idle,ue1,717484,1061969.414778769,1.061969
2026-06-28T04:27:04,idle,ue2,717496,1078307.4169754207,1.078307
2026-06-28T04:27:04,idle,ue3,717508,1070138.415877095,1.070138
2026-06-28T04:27:04,idle,ue4,717520,1041546.8756327748,1.041547
2026-06-28T04:27:04,idle,ue5,718247,1053800.413680443,1.053800
2026-06-28T04:27:04,idle,ue6,718259,1061969.414778769,1.061969
2026-06-28T04:27:04,idle,ue7,718271,1094645.4191720723,1.094645
2026-06-28T04:27:04,idle,ue8,718283,1082391.881124404,1.082392
2026-06-28T04:27:04,idle,ue9,719028,1061969.414778769,1.061969
2026-06-28T04:27:04,idle,ue10,719040,1082391.881124404,1.082392
2026-06-28T04:27:04,idle,ue11,719052,1086476.4180737466,1.086476
2026-06-28T04:27:04,idle,ue12,719064,1070138.415877095,1.070138
2026-06-28T04:27:09,idle,cu_cp,717252,448695.3404227838,0.448695
2026-06-28T04:27:09,idle,cu_up,717260,456853.43420198886,0.456853
2026-06-28T04:27:09,idle,du1,717440,3809831.6935804174,3.809832
2026-06-28T04:27:09,idle,du2,718203,3879175.4176770593,3.879175
2026-06-28T04:27:09,idle,du3,718965,3875096.4438140583,3.875096
2026-06-28T04:27:09,idle,ue1,717484,1060552.7024828726,1.060553
2026-06-28T04:27:09,idle,ue2,717496,1089105.9576834887,1.089106
2026-06-28T04:27:09,idle,ue3,717508,1076868.8900412829,1.076869
2026-06-28T04:27:09,idle,ue4,717520,1068710.7962620778,1.068711
2026-06-28T04:27:09,idle,ue5,718247,1101343.171378898,1.101343
2026-06-28T04:27:09,idle,ue6,718259,1085026.9838204877,1.085027
2026-06-28T04:27:09,idle,ue7,718271,1064631.6763458734,1.064632
2026-06-28T04:27:09,idle,ue8,718283,1052394.5356770658,1.052395
2026-06-28T04:27:09,idle,ue9,719028,1085026.9838204877,1.085027
2026-06-28T04:27:09,idle,ue10,719040,1097264.0514626938,1.097264
2026-06-28T04:27:09,idle,ue11,719052,1064631.6763458734,1.064632
2026-06-28T04:27:09,idle,ue12,719064,1040157.3950082582,1.040157
2026-06-28T04:27:15,idle,cu_cp,717252,471786.4159005937,0.471786
2026-06-28T04:27:15,idle,cu_up,717260,471786.4159005937,0.471786
2026-06-28T04:27:15,idle,du1,717440,3867835.2897495176,3.867835
2026-06-28T04:27:15,idle,du2,718203,3851566.6987579204,3.851567
2026-06-28T04:27:15,idle,du3,718965,3884103.8807411147,3.884104
2026-06-28T04:27:15,idle,ue1,717484,1045250.8720132959,1.045251
2026-06-28T04:27:15,idle,ue2,717496,1053385.1675090946,1.053385
2026-06-28T04:27:15,idle,ue3,717508,1065586.5381433063,1.065587
2026-06-28T04:27:15,idle,ue4,717520,1085922.2042733168,1.085922
2026-06-28T04:27:15,idle,ue5,718247,1057452.3152569938,1.057452
2026-06-28T04:27:15,idle,ue6,718259,1037116.7217364693,1.037117
2026-06-28T04:27:15,idle,ue7,718271,1053385.1675090946,1.053385
2026-06-28T04:27:15,idle,ue8,718283,1085922.2042733168,1.085922
2026-06-28T04:27:15,idle,ue9,719028,1106257.7977938415,1.106258
2026-06-28T04:27:15,idle,ue10,719040,1085922.2042733168,1.085922
2026-06-28T04:27:15,idle,ue11,719052,1077787.8361680324,1.077788
2026-06-28T04:27:15,idle,ue12,719064,1061519.390395407,1.061519
2026-06-28T04:27:20,idle,cu_cp,717252,466972.2196549374,0.466972
2026-06-28T04:27:20,idle,cu_up,717260,466972.2196549374,0.466972
2026-06-28T04:27:20,idle,du1,717440,3765584.297191081,3.765584
2026-06-28T04:27:20,idle,du2,718203,3845069.277257147,3.845069
2026-06-28T04:27:20,idle,du3,718965,3845069.277257147,3.845069
2026-06-28T04:27:20,idle,ue1,717484,1053171.3270566307,1.053171
2026-06-28T04:27:20,idle,ue2,717496,1043235.740945394,1.043236
2026-06-28T04:27:20,idle,ue3,717508,1063106.9131678676,1.063107
2026-06-28T04:27:20,idle,ue4,717520,1082978.158184384,1.082978
2026-06-28T04:27:20,idle,ue5,718247,1073042.5720731474,1.073043
2026-06-28T04:27:20,idle,ue6,718259,1043235.740945394,1.043236
2026-06-28T04:27:20,idle,ue7,718271,1073042.5720731474,1.073043
2026-06-28T04:27:20,idle,ue8,718283,1063106.9131678676,1.063107
2026-06-28T04:27:20,idle,ue9,719028,1073042.5720731474,1.073043
2026-06-28T04:27:20,idle,ue10,719040,1053171.3270566307,1.053171
2026-06-28T04:27:20,idle,ue11,719052,1063106.9131678676,1.063107
2026-06-28T04:27:20,idle,ue12,719064,1063106.9131678676,1.063107
2026-06-28T04:27:26,idle,cu_cp,717252,457063.4003668785,0.457063
2026-06-28T04:27:26,idle,cu_up,717260,464943.79753750714,0.464944
2026-06-28T04:27:26,idle,du1,717440,3853517.168647785,3.853517
2026-06-28T04:27:26,idle,du2,718203,3877158.469500797,3.877158
2026-06-28T04:27:26,idle,du3,718965,3900799.7703538085,3.900800
2026-06-28T04:27:26,idle,ue1,717484,1024452.4340166413,1.024452
2026-06-28T04:27:26,idle,ue2,717496,1024452.4340166413,1.024452
2026-06-28T04:27:26,idle,ue3,717508,1055974.0226991558,1.055974
2026-06-28T04:27:26,idle,ue4,717520,1079615.2506580835,1.079615
2026-06-28T04:27:26,idle,ue5,718247,1095376.1178934246,1.095376
2026-06-28T04:27:26,idle,ue6,718259,1111136.839340598,1.111137
2026-06-28T04:27:26,idle,ue7,718271,1071734.817040413,1.071735
2026-06-28T04:27:26,idle,ue8,718283,1040213.3012519825,1.040213
2026-06-28T04:27:26,idle,ue9,719028,1103256.4786170113,1.103256
2026-06-28T04:27:26,idle,ue10,719040,1119017.2729582684,1.119017
2026-06-28T04:27:26,idle,ue11,719052,1103256.4786170113,1.103256
2026-06-28T04:27:26,idle,ue12,719064,1095376.1178934246,1.095376
2026-06-28T04:27:31,idle,cu_cp,717252,448039.3165447903,0.448039
2026-06-28T04:27:31,idle,cu_up,717260,448039.3165447903,0.448039
2026-06-28T04:27:31,idle,du1,717440,3757129.648652649,3.757130
2026-06-28T04:27:31,idle,du2,718203,3757129.648652649,3.757130
2026-06-28T04:27:31,idle,du3,718965,3859538.9500198364,3.859539
2026-06-28T04:27:31,idle,ue1,717484,979285.9730393696,0.979286
2026-06-28T04:27:31,idle,ue2,717496,1011288.7347759152,1.011289
2026-06-28T04:27:31,idle,ue3,717508,1024089.8249764633,1.024090
2026-06-28T04:27:31,idle,ue4,717520,1056092.7316537094,1.056093
2026-06-28T04:27:31,idle,ue5,718247,1075294.3307193564,1.075294
2026-06-28T04:27:31,idle,ue6,718259,1062493.2405188084,1.062493
2026-06-28T04:27:31,idle,ue7,718271,1068893.8218542575,1.068894
2026-06-28T04:27:31,idle,ue8,718283,1024089.8249764633,1.024090
2026-06-28T04:27:31,idle,ue9,719028,1043291.568982811,1.043292
2026-06-28T04:27:31,idle,ue10,719040,1088095.5658606053,1.088096
2026-06-28T04:27:31,idle,ue11,719052,1088095.5658606053,1.088096
2026-06-28T04:27:31,idle,ue12,719064,1030490.4787822628,1.030490
2026-06-28T04:27:37,idle,cu_cp,717252,455355.4654372597,0.455355
2026-06-28T04:27:37,idle,cu_up,717260,462759.6053686354,0.462760
2026-06-28T04:27:37,idle,du1,717440,3861266.125832486,3.861266
2026-06-28T04:27:37,idle,du2,718203,3853862.0956446407,3.853862
2026-06-28T04:27:37,idle,du3,718965,3820543.3745005084,3.820543
2026-06-28T04:27:37,idle,ue1,717484,1055091.9338951714,1.055092
2026-06-28T04:27:37,idle,ue2,717496,1073602.3020141989,1.073602
2026-06-28T04:27:37,idle,ue3,717508,1062496.0372453702,1.062496
2026-06-28T04:27:37,idle,ue4,717520,1084708.4936206741,1.084708
2026-06-28T04:27:37,idle,ue5,718247,1092112.596970873,1.092113
2026-06-28T04:27:37,idle,ue6,718259,1103218.9349020552,1.103219
2026-06-28T04:27:37,idle,ue7,718271,1084708.4936206741,1.084708
2026-06-28T04:27:37,idle,ue8,718283,1110623.038252254,1.110623
2026-06-28T04:27:37,idle,ue9,719028,1092112.596970873,1.092113
2026-06-28T04:27:37,idle,ue10,719040,1103218.9349020552,1.103219
2026-06-28T04:27:37,idle,ue11,719052,1081006.4785267515,1.081006
2026-06-28T04:27:37,idle,ue12,719064,1069900.2137579226,1.069900
2026-06-28T04:27:43,idle,cu_cp,717252,449861.6221132243,0.449862
2026-06-28T04:27:43,idle,cu_up,717260,453489.5529719293,0.453490
2026-06-28T04:27:43,idle,du1,717440,3773033.0807264517,3.773033
2026-06-28T04:27:43,idle,du2,718203,3791172.8793692733,3.791173
2026-06-28T04:27:43,idle,du3,718965,3787544.51546268,3.787545
2026-06-28T04:27:43,idle,ue1,717484,1012188.6677984166,1.012189
2026-06-28T04:27:43,idle,ue2,717496,1037584.1116347038,1.037584
2026-06-28T04:27:43,idle,ue3,717508,1033956.1807759989,1.033956
2026-06-28T04:27:43,idle,ue4,717520,1077491.1345565151,1.077491
2026-06-28T04:27:43,idle,ue5,718247,1077491.1345565151,1.077491
2026-06-28T04:27:43,idle,ue6,718259,1062979.5554709912,1.062980
2026-06-28T04:27:43,idle,ue7,718271,1023072.4603745318,1.023072
2026-06-28T04:27:43,idle,ue8,718283,1077491.1345565151,1.077491
2026-06-28T04:27:43,idle,ue9,719028,1073863.2758724582,1.073863
2026-06-28T04:27:43,idle,ue10,719040,1062979.5554709912,1.062980
2026-06-28T04:27:43,idle,ue11,719052,1044839.9011774659,1.044840
2026-06-28T04:27:43,idle,ue12,719064,1023072.4603745318,1.023072
2026-06-28T04:27:48,idle,cu_cp,717252,461151.13214174507,0.461151
2026-06-28T04:27:48,idle,cu_up,717260,464811.0807607576,0.464811
2026-06-28T04:27:48,idle,du1,717440,3846586.231152785,3.846586
2026-06-28T04:27:48,idle,du2,718203,3846586.231152785,3.846586
2026-06-28T04:27:48,idle,du3,718965,3857565.7505752086,3.857566
2026-06-28T04:27:48,idle,ue1,717484,1032100.2150666893,1.032100
2026-06-28T04:27:48,idle,ue2,717496,1043079.9521121889,1.043080
2026-06-28T04:27:48,idle,ue3,717508,1043079.9521121889,1.043080
2026-06-28T04:27:48,idle,ue4,717520,1083339.2055687637,1.083339
2026-06-28T04:27:48,idle,ue5,718247,1072359.468523264,1.072359
2026-06-28T04:27:48,idle,ue6,718259,1039420.039763689,1.039420
2026-06-28T04:27:48,idle,ue7,718271,1054059.761698714,1.054060
2026-06-28T04:27:48,idle,ue8,718283,1079679.2932202637,1.079679
2026-06-28T04:27:48,idle,ue9,719028,1083339.2055687637,1.083339
2026-06-28T04:27:48,idle,ue10,719040,1072359.468523264,1.072359
2026-06-28T04:27:48,idle,ue11,719052,1046739.9370017141,1.046740
2026-06-28T04:27:48,idle,ue12,719064,1057719.6740472137,1.057720
2026-06-28T04:27:54,idle,cu_cp,717252,454633.4039225137,0.454633
2026-06-28T04:27:54,idle,cu_up,717260,450714.1658100581,0.450714
2026-06-28T04:27:54,idle,du1,717440,3840868.34093297,3.840868
2026-06-28T04:27:54,idle,du2,718203,3821272.1139854337,3.821272
2026-06-28T04:27:54,idle,du3,718965,3778160.53113368,3.778161
2026-06-28T04:27:54,idle,ue1,717484,1042521.485832653,1.042521
2026-06-28T04:27:54,idle,ue2,717496,1038602.211334939,1.038602
2026-06-28T04:27:54,idle,ue3,717508,1058198.5110529924,1.058199
2026-06-28T04:27:54,idle,ue4,717520,1073875.390732298,1.073875
2026-06-28T04:27:54,idle,ue5,718247,1054279.2365552783,1.054279
2026-06-28T04:27:54,idle,ue6,718259,1081713.939727726,1.081714
2026-06-28T04:27:54,idle,ue7,718271,1073875.390732298,1.073875
2026-06-28T04:27:54,idle,ue8,718283,1089552.4887231542,1.089552
2026-06-28T04:27:54,idle,ue9,719028,1073875.390732298,1.073875
2026-06-28T04:27:54,idle,ue10,719040,1085633.21422544,1.085633
2026-06-28T04:27:54,idle,ue11,719052,1066036.9872779036,1.066037
2026-06-28T04:27:54,idle,ue12,719064,1069956.2617756175,1.069956
2026-06-28T04:27:59,idle,cu_cp,717252,459116.11144411325,0.459116
2026-06-28T04:27:59,idle,cu_up,717260,463215.3330185616,0.463215
2026-06-28T04:27:59,idle,du1,717440,3845097.4424975202,3.845097
2026-06-28T04:27:59,idle,du2,718203,3849196.8471334074,3.849197
2026-06-28T04:27:59,idle,du3,718965,3869692.698719635,3.869693
2026-06-28T04:27:59,idle,ue1,717484,1074003.7410858965,1.074004
2026-06-28T04:27:59,idle,ue2,717496,1090400.7738328408,1.090401
2026-06-28T04:27:59,idle,ue3,717508,1065805.2247124242,1.065805
2026-06-28T04:27:59,idle,ue4,717520,1069904.5561237358,1.069905
2026-06-28T04:27:59,idle,ue5,718247,1086301.4424215292,1.086301
2026-06-28T04:27:59,idle,ue6,718259,1057606.7815635276,1.057607
2026-06-28T04:27:59,idle,ue7,718271,1090400.7738328408,1.090401
2026-06-28T04:27:59,idle,ue8,718283,1119095.5079154181,1.119096
2026-06-28T04:27:59,idle,ue9,719028,1078103.0724972081,1.078103
2026-06-28T04:27:59,idle,ue10,719040,1082202.2574593688,1.082202
2026-06-28T04:27:59,idle,ue11,719052,1078103.0724972081,1.078103
2026-06-28T04:27:59,idle,ue12,719064,1090400.7738328408,1.090401
2026-06-28T04:28:05,idle,cu_cp,717252,457269.3528622222,0.457269
2026-06-28T04:28:05,idle,cu_up,717260,457269.3528622222,0.457269
2026-06-28T04:28:05,idle,du1,717440,3868251.2861045264,3.868251
2026-06-28T04:28:05,idle,du2,718203,3868251.2861045264,3.868251
2026-06-28T04:28:05,idle,du3,718965,3884729.5670468044,3.884730
2026-06-28T04:28:05,idle,ue1,717484,1079320.484997127,1.079320
2026-06-28T04:28:05,idle,ue2,717496,1079320.484997127,1.079320
2026-06-28T04:28:05,idle,ue3,717508,1075200.9147615575,1.075201
2026-06-28T04:28:05,idle,ue4,717520,1054603.13716586,1.054603
2026-06-28T04:28:05,idle,ue5,718247,1095798.6187751056,1.095799
2026-06-28T04:28:05,idle,ue6,718259,1071081.3445259882,1.071081
2026-06-28T04:28:05,idle,ue7,718271,1083439.981650547,1.083440
2026-06-28T04:28:05,idle,ue8,718283,1054603.13716586,1.054603
2026-06-28T04:28:05,idle,ue9,719028,1079320.484997127,1.079320
2026-06-28T04:28:05,idle,ue10,719040,1095798.6187751056,1.095799
2026-06-28T04:28:05,idle,ue11,719052,1071081.3445259882,1.071081
2026-06-28T04:28:05,idle,ue12,719064,1071081.3445259882,1.071081
2026-06-28T04:28:10,idle,cu_cp,717252,449414.8861881718,0.449415
2026-06-28T04:28:10,idle,cu_up,717260,457586.0393242836,0.457586
2026-06-28T04:28:10,idle,du1,717440,3840454.049514234,3.840454
2026-06-28T04:28:10,idle,du2,718203,3848625.605168402,3.848626
2026-06-28T04:28:10,idle,du3,718965,3799598.3204262257,3.799598
2026-06-28T04:28:10,idle,ue1,717484,1066338.9788511693,1.066339
2026-06-28T04:28:10,idle,ue2,717496,1062253.2742091864,1.062253
2026-06-28T04:28:10,idle,ue3,717508,1078595.58048141,1.078596
2026-06-28T04:28:10,idle,ue4,717520,1070424.4639378488,1.070424
2026-06-28T04:28:10,idle,ue5,718247,1078595.58048141,1.078596
2026-06-28T04:28:10,idle,ue6,718259,1074510.0953947306,1.074510
2026-06-28T04:28:10,idle,ue7,718271,1086766.8433951735,1.086767
2026-06-28T04:28:10,idle,ue8,718283,1070424.4639378488,1.070424
2026-06-28T04:28:10,idle,ue9,719028,1041825.3364800811,1.041825
2026-06-28T04:28:10,idle,ue10,719040,1066338.9788511693,1.066339
2026-06-28T04:28:10,idle,ue11,719052,1082681.285123393,1.082681
2026-06-28T04:28:10,idle,ue12,719064,1086766.8433951735,1.086767
2026-06-28T04:28:16,idle,cu_cp,717252,450159.7172078991,0.450160
2026-06-28T04:28:16,idle,cu_up,717260,459162.8911576724,0.459163
2026-06-28T04:28:16,idle,du1,717440,3862370.4377404116,3.862370
2026-06-28T04:28:16,idle,du2,718203,3826357.4505929663,3.826357
2026-06-28T04:28:16,idle,du3,718965,3727322.3186341953,3.727322
2026-06-28T04:28:16,idle,ue1,717484,1044370.5089605236,1.044371
2026-06-28T04:28:16,idle,ue2,717496,1071380.1036469317,1.071380
2026-06-28T04:28:16,idle,ue3,717508,1071380.1036469317,1.071380
2026-06-28T04:28:16,idle,ue4,717520,1053373.755747385,1.053374
2026-06-28T04:28:16,idle,ue5,718247,1053373.755747385,1.053374
2026-06-28T04:28:16,idle,ue6,718259,1080383.277596705,1.080383
2026-06-28T04:28:16,idle,ue7,718271,1080383.277596705,1.080383
2026-06-28T04:28:16,idle,ue8,718283,1089386.5243835663,1.089387
2026-06-28T04:28:16,idle,ue9,719028,1053373.755747385,1.053374
2026-06-28T04:28:16,idle,ue10,719040,1116396.1190699744,1.116396
2026-06-28T04:28:16,idle,ue11,719052,1107392.872283113,1.107393
2026-06-28T04:28:16,idle,ue12,719064,1089386.5243835663,1.089387
2026-06-28T04:28:21,idle,cu_cp,717252,458828.1695979676,0.458828
2026-06-28T04:28:21,idle,cu_up,717260,458828.1695979676,0.458828
2026-06-28T04:28:21,idle,du1,717440,3816285.0723309754,3.816285
2026-06-28T04:28:21,idle,du2,718203,3867266.016521959,3.867266
2026-06-28T04:28:21,idle,du3,718965,3794436.304579847,3.794436
2026-06-28T04:28:21,idle,ue1,717484,1063316.05474317,1.063316
2026-06-28T04:28:21,idle,ue2,717496,1070599.0988531339,1.070599
2026-06-28T04:28:21,idle,ue3,717508,1070599.0988531339,1.070599
2026-06-28T04:28:21,idle,ue4,717520,1085165.0412415564,1.085165
2026-06-28T04:28:21,idle,ue5,718247,1063316.05474317,1.063316
2026-06-28T04:28:21,idle,ue6,718259,1070599.0988531339,1.070599
2026-06-28T04:28:21,idle,ue7,718271,1056033.1564647115,1.056033
2026-06-28T04:28:21,idle,ue8,718283,1107014.0277399428,1.107014
2026-06-28T04:28:21,idle,ue9,719028,1063316.05474317,1.063316
2026-06-28T04:28:21,idle,ue10,719040,1107014.0277399428,1.107014
2026-06-28T04:28:21,idle,ue11,719052,1077882.1429630977,1.077882
2026-06-28T04:28:21,idle,ue12,719064,1114297.0718499064,1.114297
2026-06-28T04:28:27,idle,cu_cp,717252,460686.684567489,0.460687
2026-06-28T04:28:27,idle,cu_up,717260,472971.6251026538,0.472972
2026-06-28T04:28:27,idle,du1,717440,3863625.3898515175,3.863625
2026-06-28T04:28:27,idle,du2,718203,3882052.8190243794,3.882053
2026-06-28T04:28:27,idle,du3,718965,3875910.440607369,3.875910
2026-06-28T04:28:27,idle,ue1,717484,1074935.4748567117,1.074935
2026-06-28T04:28:27,idle,ue2,717496,1099505.576368414,1.099506
2026-06-28T04:28:27,idle,ue3,717508,1093363.0509904886,1.093363
2026-06-28T04:28:27,idle,ue4,717520,1068793.0229592437,1.068793
2026-06-28T04:28:27,idle,ue5,718247,1105648.028265882,1.105648
2026-06-28T04:28:27,idle,ue6,718259,1068793.0229592437,1.068793
2026-06-28T04:28:27,idle,ue7,718271,1068793.0229592437,1.068793
2026-06-28T04:28:27,idle,ue8,718283,1056508.1191643076,1.056508
2026-06-28T04:28:27,idle,ue9,719028,1074935.4748567117,1.074935
2026-06-28T04:28:27,idle,ue10,719040,1111790.4066828925,1.111790
2026-06-28T04:28:27,idle,ue11,719052,1074935.4748567117,1.074935
2026-06-28T04:28:27,idle,ue12,719064,1111790.4066828925,1.111790
2026-06-28T04:28:32,dl,cu_cp,717252,458255.79369602917,0.458256
2026-06-28T04:28:32,dl,cu_up,717260,454530.13444749353,0.454530
2026-06-28T04:28:32,dl,du1,717440,3833700.795346947,3.833701
2026-06-28T04:28:32,dl,du2,718203,3897036.782166662,3.897037
2026-06-28T04:28:32,dl,du3,718965,3893311.6371973706,3.893312
2026-06-28T04:28:32,dl,ue1,717484,1076714.7881421638,1.076715
2026-06-28T04:28:32,dl,ue2,717496,1095343.0109163786,1.095343
2026-06-28T04:28:32,dl,ue3,717508,1095343.0109163786,1.095343
2026-06-28T04:28:32,dl,ue4,717520,1076714.7881421638,1.076715
2026-06-28T04:28:32,dl,ue5,718247,1110245.6479105211,1.110246
2026-06-28T04:28:32,dl,ue6,718259,1102794.3294134499,1.102794
2026-06-28T04:28:32,dl,ue7,718271,1106519.9886619854,1.106520
2026-06-28T04:28:32,dl,ue8,718283,1043183.854905343,1.043184
2026-06-28T04:28:32,dl,ue9,719028,1080440.4473906993,1.080440
2026-06-28T04:28:32,dl,ue10,719040,1095343.0109163786,1.095343
2026-06-28T04:28:32,dl,ue11,719052,1091617.3516678428,1.091617
2026-06-28T04:28:32,dl,ue12,719064,1099068.670164914,1.099069
2026-06-28T04:28:38,dl,cu_cp,717252,516424.6662872934,0.516425
2026-06-28T04:28:38,dl,cu_up,717260,937827.1438902998,0.937827
2026-06-28T04:28:38,dl,du1,717440,5122932.940007077,5.122933
2026-06-28T04:28:38,dl,du2,718203,5110538.6089576725,5.110539
2026-06-28T04:28:38,dl,du3,718965,5127064.164008522,5.127064
2026-06-28T04:28:38,dl,ue1,717484,1945888.2262692451,1.945888
2026-06-28T04:28:38,dl,ue2,717496,2040910.3325728988,2.040910
2026-06-28T04:28:38,dl,ue3,717508,1883917.2300672913,1.883917
2026-06-28T04:28:38,dl,ue4,717520,2003727.6689472198,2.003728
2026-06-28T04:28:38,dl,ue5,718247,1954151.00379467,1.954151
2026-06-28T04:28:38,dl,ue6,718259,1983070.7251336575,1.983071
2026-06-28T04:28:38,dl,ue7,718271,2045041.7213356113,2.045042
2026-06-28T04:28:38,dl,ue8,718283,1950019.6150319576,1.950020
2026-06-28T04:28:38,dl,ue9,719028,2078092.9961985778,2.078093
2026-06-28T04:28:38,dl,ue10,719040,1991333.5026590824,1.991334
2026-06-28T04:28:38,dl,ue11,719052,1941756.672745266,1.941757
2026-06-28T04:28:38,dl,ue12,719064,1912836.9514062786,1.912837
2026-06-28T04:28:43,dl,cu_cp,717252,525825.4539233431,0.525825
2026-06-28T04:28:43,dl,cu_up,717260,1119499.3288576233,1.119499
2026-06-28T04:28:43,dl,du1,717440,5533888.606273928,5.533889
2026-06-28T04:28:43,dl,du2,718203,5466040.100334733,5.466040
2026-06-28T04:28:43,dl,du3,718965,5559332.093250029,5.559332
2026-06-28T04:28:43,dl,ue1,717484,2217795.978377184,2.217796
2026-06-28T04:28:43,dl,ue2,717496,2268682.442759838,2.268682
2026-06-28T04:28:43,dl,ue3,717508,2298365.8880913975,2.298366
2026-06-28T04:28:43,dl,ue4,717520,2306847.163654442,2.306847
2026-06-28T04:28:43,dl,ue5,718247,2226277.084083712,2.226277
2026-06-28T04:28:43,dl,ue6,718259,2340771.4166240394,2.340771
2026-06-28T04:28:43,dl,ue7,718271,2336530.778842517,2.336531
2026-06-28T04:28:43,dl,ue8,718283,2395898.0092186676,2.395898
2026-06-28T04:28:43,dl,ue9,719028,2302606.5258729197,2.302607
2026-06-28T04:28:43,dl,ue10,719040,2302606.5258729197,2.302607
2026-06-28T04:28:43,dl,ue11,719052,2357733.4581805803,2.357733
2026-06-28T04:28:43,dl,ue12,719064,2476468.2586459136,2.476468
2026-06-28T04:28:49,dl,cu_cp,717252,519836.47982952476,0.519836
2026-06-28T04:28:49,dl,cu_up,717260,1220900.3131127518,1.220900
2026-06-28T04:28:49,dl,du1,717440,5651432.967971849,5.651433
2026-06-28T04:28:49,dl,du2,718203,5656202.3408273505,5.656202
2026-06-28T04:28:49,dl,du3,718965,5708662.361247647,5.708662
2026-06-28T04:28:49,dl,ue1,717484,2284418.8533033836,2.284419
2026-06-28T04:28:49,dl,ue2,717496,2346417.619434682,2.346418
2026-06-28T04:28:49,dl,ue3,717508,2341648.588911427,2.341649
2026-06-28T04:28:49,dl,ue4,717520,2341648.588911427,2.341649
2026-06-28T04:28:49,dl,ue5,718247,2270111.5905674957,2.270112
2026-06-28T04:28:49,dl,ue6,718259,2379801.688928082,2.379802
2026-06-28T04:28:49,dl,ue7,718271,2389340.092306838,2.389340
2026-06-28T04:28:49,dl,ue8,718283,2484722.9279315365,2.484723
2026-06-28T04:28:49,dl,ue9,719028,2375032.658404827,2.375033
2026-06-28T04:28:49,dl,ue10,719040,2327341.1550094164,2.327341
2026-06-28T04:28:49,dl,ue11,719052,2422724.161800238,2.422724
2026-06-28T04:28:49,dl,ue12,719064,2527645.2296375693,2.527645
2026-06-28T04:28:55,dl,cu_cp,717252,521947.1305452585,0.521947
2026-06-28T04:28:55,dl,cu_up,717260,1148283.644562664,1.148284
2026-06-28T04:28:55,dl,du1,717440,5561109.652076798,5.561110
2026-06-28T04:28:55,dl,du2,718203,5556364.676224709,5.556365
2026-06-28T04:28:55,dl,du3,718965,5589579.507189331,5.589580
2026-06-28T04:28:55,dl,ue1,717484,2253862.6770041464,2.253863
2026-06-28T04:28:55,dl,ue2,717496,2287077.3374211504,2.287077
2026-06-28T04:28:55,dl,ue3,717508,2334527.2664896585,2.334527
2026-06-28T04:28:55,dl,ue4,717520,2315547.3630813025,2.315547
2026-06-28T04:28:55,dl,ue5,718247,2230137.797743702,2.230138
2026-06-28T04:28:55,dl,ue6,718259,2344017.0476462175,2.344017
2026-06-28T04:28:55,dl,ue7,718271,2339272.2423417475,2.339272
2026-06-28T04:28:55,dl,ue8,718283,2429426.612983818,2.429427
2026-06-28T04:28:55,dl,ue9,719028,2339272.2423417475,2.339272
2026-06-28T04:28:55,dl,ue10,719040,2339272.2423417475,2.339272
2026-06-28T04:28:55,dl,ue11,719052,2339272.2423417475,2.339272
2026-06-28T04:28:55,dl,ue12,719064,2448406.6869397927,2.448407
2026-06-28T04:29:05,dl,cu_cp,717252,532122.0355618438,0.532122
2026-06-28T04:29:05,dl,cu_up,717260,1064244.0711236876,1.064244
2026-06-28T04:29:05,dl,du1,717440,5675967.808468345,5.675968
2026-06-28T04:29:05,dl,du2,718203,5510419.105601406,5.510419
2026-06-28T04:29:05,dl,du3,718965,5593193.970807066,5.593194
2026-06-28T04:29:05,dl,ue1,717484,2270387.054884379,2.270387
2026-06-28T04:29:05,dl,ue2,717496,2305861.997115376,2.305862
2026-06-28T04:29:05,dl,ue3,717508,2364986.7295763073,2.364987
2026-06-28T04:29:05,dl,ue4,717520,2459586.233010839,2.459586
2026-06-28T04:29:05,dl,ue5,718247,2211262.493680844,2.211262
2026-06-28T04:29:05,dl,ue6,718259,2317687.149116439,2.317687
2026-06-28T04:29:05,dl,ue7,718271,2270387.054884379,2.270387
2026-06-28T04:29:05,dl,ue8,718283,2424111.290779842,2.424111
2026-06-28T04:29:05,dl,ue9,719028,2270387.054884379,2.270387
2026-06-28T04:29:05,dl,ue10,719040,2424111.290779842,2.424111
2026-06-28T04:29:05,dl,ue11,719052,2258562.416655507,2.258562
2026-06-28T04:29:05,dl,ue12,719064,2364986.7295763073,2.364987
2026-06-28T04:29:11,dl,cu_cp,717252,533520.5865597725,0.533521
2026-06-28T04:29:11,dl,cu_up,717260,1155961.249370575,1.155961
2026-06-28T04:29:11,dl,du1,717440,5690886.600780487,5.690887
2026-06-28T04:29:11,dl,du2,718203,5708670.529994965,5.708671
2026-06-28T04:29:11,dl,du3,718965,5557506.443386078,5.557506
2026-06-28T04:29:11,dl,ue1,717484,2258570.7110977173,2.258571
2026-06-28T04:29:11,dl,ue2,717496,2391950.8684921265,2.391951
2026-06-28T04:29:11,dl,ue3,717508,2489762.9953861237,2.489763
2026-06-28T04:29:11,dl,ue4,717520,2418626.762313843,2.418627
2026-06-28T04:29:11,dl,ue5,718247,2240786.609811783,2.240787
2026-06-28T04:29:11,dl,ue6,718259,2356382.4938488007,2.356382
2026-06-28T04:29:11,dl,ue7,718271,2338598.73670578,2.338599
2026-06-28T04:29:11,dl,ue8,718283,2649819.046602249,2.649819
2026-06-28T04:29:11,dl,ue9,719028,2320814.6354198456,2.320815
2026-06-28T04:29:11,dl,ue10,719040,2303030.706205368,2.303031
2026-06-28T04:29:11,dl,ue11,719052,2276354.468240738,2.276354
2026-06-28T04:29:11,dl,ue12,719064,2383058.731813431,2.383059
2026-06-28T04:29:17,dl,cu_cp,717252,535581.5810566298,0.535582
2026-06-28T04:29:17,dl,cu_up,717260,1113445.89482727,1.113446
2026-06-28T04:29:17,dl,du1,717440,5588370.840493355,5.588371
2026-06-28T04:29:17,dl,du2,718203,5560182.352017348,5.560182
2026-06-28T04:29:17,dl,du3,718965,5510852.411466479,5.510852
2026-06-28T04:29:17,dl,ue1,717484,2290315.974443412,2.290316
2026-06-28T04:29:17,dl,ue2,717496,2346692.951395426,2.346693
2026-06-28T04:29:17,dl,ue3,717508,2381928.6477082907,2.381929
2026-06-28T04:29:17,dl,ue4,717520,2403069.756911727,2.403070
2026-06-28T04:29:17,dl,ue5,718247,2226891.78965454,2.226892
2026-06-28T04:29:17,dl,ue6,718259,2276221.558769696,2.276222
2026-06-28T04:29:17,dl,ue7,718271,2283268.595170841,2.283269
2026-06-28T04:29:17,dl,ue8,718283,2381928.6477082907,2.381929
2026-06-28T04:29:17,dl,ue9,719028,2311457.2550825607,2.311457
2026-06-28T04:29:17,dl,ue10,719040,2346692.951395426,2.346693
2026-06-28T04:29:17,dl,ue11,719052,2318504.2914837063,2.318504
2026-06-28T04:29:17,dl,ue12,719064,2381928.6477082907,2.381929
2026-06-28T04:29:22,dl,cu_cp,717252,534504.154531914,0.534504
2026-06-28T04:29:22,dl,cu_up,717260,1136347.4171804327,1.136347
2026-06-28T04:29:22,dl,du1,717440,5715406.683010161,5.715407
2026-06-28T04:29:22,dl,du2,718203,5547059.300165906,5.547059
2026-06-28T04:29:22,dl,du3,718965,5656485.081794794,5.656485
2026-06-28T04:29:22,dl,ue1,717484,2285320.965563636,2.285321
2026-06-28T04:29:22,dl,ue2,717496,2361077.408382697,2.361077
2026-06-28T04:29:22,dl,ue3,717508,2441042.9060002435,2.441043
2026-06-28T04:29:22,dl,ue4,717520,2445251.4442023863,2.445251
2026-06-28T04:29:22,dl,ue5,718247,2230607.9025504114,2.230608
2026-06-28T04:29:22,dl,ue6,718259,2331616.6077750134,2.331617
2026-06-28T04:29:22,dl,ue7,718271,2318990.476572243,2.318990
2026-06-28T04:29:22,dl,ue8,718283,2356868.870180554,2.356869
2026-06-28T04:29:22,dl,ue9,719028,2361077.408382697,2.361077
2026-06-28T04:29:22,dl,ue10,719040,2373703.7117842482,2.373704
2026-06-28T04:29:22,dl,ue11,719052,2335825.318175937,2.335825
2026-06-28T04:29:22,dl,ue12,719064,2428416.6025986923,2.428417
2026-06-28T04:29:28,dl,cu_cp,717252,530089.2436114997,0.530089
2026-06-28T04:29:28,dl,cu_up,717260,1136511.3431153,1.136511
2026-06-28T04:29:28,dl,du1,717440,5576538.755141377,5.576539
2026-06-28T04:29:28,dl,du2,718203,5618945.973688602,5.618946
2026-06-28T04:29:28,dl,du3,718965,5606223.773751259,5.606224
2026-06-28T04:29:28,dl,ue1,717484,2289985.5049031377,2.289986
2026-06-28T04:29:28,dl,ue2,717496,2345114.751521826,2.345115
2026-06-28T04:29:28,dl,ue3,717508,2400243.998140514,2.400244
2026-06-28T04:29:28,dl,ue4,717520,2374799.770131707,2.374800
2026-06-28T04:29:28,dl,ue5,718247,2251819.0769569874,2.251819
2026-06-28T04:29:28,dl,ue6,718259,2374799.770131707,2.374800
2026-06-28T04:29:28,dl,ue7,718271,2357836.9514591694,2.357837
2026-06-28T04:29:28,dl,ue8,718283,2438410.5979525447,2.438411
2026-06-28T04:29:28,dl,ue9,719028,2289985.5049031377,2.289986
2026-06-28T04:29:28,dl,ue10,719040,2319670.523513019,2.319671
2026-06-28T04:29:28,dl,ue11,719052,2273022.6862306,2.273023
2026-06-28T04:29:28,dl,ue12,719064,2408725.5793426633,2.408726
2026-06-28T04:29:34,dl,cu_cp,717252,527115.6383556158,0.527116
2026-06-28T04:29:34,dl,cu_up,717260,1099672.2422192574,1.099672
2026-06-28T04:29:34,dl,du1,717440,5630140.346364426,5.630140
2026-06-28T04:29:34,dl,du2,718203,5480185.134396029,5.480185
2026-06-28T04:29:34,dl,du3,718965,5575610.7406949755,5.575611
2026-06-28T04:29:34,dl,ue1,717484,2226609.1153271557,2.226609
2026-06-28T04:29:34,dl,ue2,717496,2317491.218289292,2.317491
2026-06-28T04:29:34,dl,ue3,717508,2381108.5184167027,2.381109
2026-06-28T04:29:34,dl,ue4,717520,2449270.181611347,2.449270
2026-06-28T04:29:34,dl,ue5,718247,2244785.535919583,2.244786
2026-06-28T04:29:34,dl,ue6,718259,2362932.26977036,2.362932
2026-06-28T04:29:34,dl,ue7,718271,2335667.4669356346,2.335667
2026-06-28T04:29:34,dl,ue8,718283,2381108.5184167027,2.381109
2026-06-28T04:29:34,dl,ue9,719028,2385652.5375917675,2.385653
2026-06-28T04:29:34,dl,ue10,719040,2362932.26977036,2.362932
2026-06-28T04:29:34,dl,ue11,719052,2344755.6772318482,2.344756
2026-06-28T04:29:34,dl,ue12,719064,2444725.990490198,2.444726
2026-06-28T04:29:39,dl,cu_cp,717252,538520.6293083298,0.538521
2026-06-28T04:29:39,dl,cu_up,717260,1096274.1043238903,1.096274
2026-06-28T04:29:39,dl,du1,717440,5616000.95948236,5.616001
2026-06-28T04:29:39,dl,du2,718203,5596768.113775129,5.596768
2026-06-28T04:29:39,dl,du3,718965,5736205.986196403,5.736206
2026-06-28T04:29:39,dl,ue1,717484,2259863.341260519,2.259863
2026-06-28T04:29:39,dl,ue2,717496,2365644.1652877186,2.365644
2026-06-28T04:29:39,dl,ue3,717508,2413726.4521932267,2.413726
2026-06-28T04:29:39,dl,ue4,717520,2442575.8933915044,2.442576
2026-06-28T04:29:39,dl,ue5,718247,2279096.1869677496,2.279096
2026-06-28T04:29:39,dl,ue6,718259,2360836.040179627,2.360836
2026-06-28T04:29:39,dl,ue7,718271,2375260.7607787657,2.375261
2026-06-28T04:29:39,dl,ue8,718283,2399301.731594088,2.399302
2026-06-28T04:29:39,dl,ue9,719028,2423342.8750468423,2.423343
2026-06-28T04:29:39,dl,ue10,719040,2370452.463033242,2.370452
2026-06-28T04:29:39,dl,ue11,719052,2423342.8750468423,2.423343
2026-06-28T04:29:39,dl,ue12,719064,2495465.960130241,2.495466
2026-06-28T04:29:45,dl,cu_cp,717252,537308.9410620296,0.537309
2026-06-28T04:29:45,dl,cu_up,717260,1112997.12595366,1.112997
2026-06-28T04:29:45,dl,du1,717440,5636946.421973476,5.636946
2026-06-28T04:29:45,dl,du2,718203,5483429.790329533,5.483430
2026-06-28T04:29:45,dl,du3,718965,5584175.208723793,5.584175
2026-06-28T04:29:45,dl,ue1,717484,2264373.2379810764,2.264373
2026-06-28T04:29:45,dl,ue2,717496,2403497.9861235525,2.403498
2026-06-28T04:29:45,dl,ue3,717508,2417890.2132994793,2.417890
2026-06-28T04:29:45,dl,ue4,717520,2403497.9861235525,2.403498
2026-06-28T04:29:45,dl,ue5,718247,2211601.852894163,2.211602
2026-06-28T04:29:45,dl,ue6,718259,2307550.0913460874,2.307550
2026-06-28T04:29:45,dl,ue7,718271,2273968.285214667,2.273968
2026-06-28T04:29:45,dl,ue8,718283,2326739.6703015803,2.326740
2026-06-28T04:29:45,dl,ue9,719028,2360321.4764330005,2.360321
2026-06-28T04:29:45,dl,ue10,719040,2360321.4764330005,2.360321
2026-06-28T04:29:45,dl,ue11,719052,2389105.930784855,2.389106
2026-06-28T04:29:45,dl,ue12,719064,2427484.916858611,2.427485
2026-06-28T04:29:50,dl,cu_cp,717252,547954.4990758133,0.547954
2026-06-28T04:29:50,dl,cu_up,717260,1152987.520099392,1.152988
2026-06-28T04:29:50,dl,du1,717440,5605117.739043217,5.605118
2026-06-28T04:29:50,dl,du2,718203,5627949.492010956,5.627949
2026-06-28T04:29:50,dl,du3,718965,5559454.577296372,5.559455
2026-06-28T04:29:50,dl,ue1,717484,2271728.099124441,2.271728
2026-06-28T04:29:50,dl,ue2,717496,2340222.497556076,2.340222
2026-06-28T04:29:50,dl,ue3,717508,2385885.143019972,2.385885
2026-06-28T04:29:50,dl,ue4,717520,2397301.019503841,2.397301
2026-06-28T04:29:50,dl,ue5,718247,2260312.2226405717,2.260312
2026-06-28T04:29:50,dl,ue6,718259,2374469.438630419,2.374469
2026-06-28T04:29:50,dl,ue7,718271,2363053.734240866,2.363054
2026-06-28T04:29:50,dl,ue8,718283,2397301.019503841,2.397301
2026-06-28T04:29:50,dl,ue9,719028,2351637.857756996,2.351638
2026-06-28T04:29:50,dl,ue10,719040,2363053.734240866,2.363054
2026-06-28T04:29:50,dl,ue11,719052,2374469.438630419,2.374469
2026-06-28T04:29:50,dl,ue12,719064,2431547.960578184,2.431548
2026-06-28T04:29:56,dl,cu_cp,717252,527770.148483786,0.527770
2026-06-28T04:29:56,dl,cu_up,717260,1159363.9793949365,1.159364
2026-06-28T04:29:56,dl,du1,717440,5580520.062644434,5.580520
2026-06-28T04:29:56,dl,du2,718203,5519956.743835044,5.519957
2026-06-28T04:29:56,dl,du3,718965,5675692.224350882,5.675692
2026-06-28T04:29:56,dl,ue1,717484,2275468.0264239907,2.275468
2026-06-28T04:29:56,dl,ue2,717496,2344683.6422080635,2.344684
2026-06-28T04:29:56,dl,ue3,717508,2379291.622600937,2.379292
2026-06-28T04:29:56,dl,ue4,717520,2396595.699047792,2.396596
2026-06-28T04:29:56,dl,ue5,718247,2275468.0264239907,2.275468
2026-06-28T04:29:56,dl,ue6,718259,2405247.651020801,2.405248
2026-06-28T04:29:56,dl,ue7,718271,2396595.699047792,2.396596
2026-06-28T04:29:56,dl,ue8,718283,2405247.651020801,2.405248
2026-06-28T04:29:56,dl,ue9,719028,2336031.6902350546,2.336032
2026-06-28T04:29:56,dl,ue10,719040,2344683.6422080635,2.344684
2026-06-28T04:29:56,dl,ue11,719052,2353335.594181073,2.353336
2026-06-28T04:29:56,dl,ue12,719064,2439855.2864120007,2.439855
2026-06-28T04:30:02,dl,cu_cp,717252,568360.3939494324,0.568360
2026-06-28T04:30:02,dl,cu_up,717260,1164787.9037240339,1.164788
2026-06-28T04:30:02,dl,du1,717440,5662553.862323399,5.662554
2026-06-28T04:30:02,dl,du2,718203,5620453.015453678,5.620453
2026-06-28T04:30:02,dl,du3,718965,5662553.862323399,5.662554
2026-06-28T04:30:02,dl,ue1,717484,2287474.960578346,2.287475
2026-06-28T04:30:02,dl,ue2,717496,2308525.384013207,2.308525
2026-06-28T04:30:02,dl,ue3,717508,2399743.770142958,2.399744
2026-06-28T04:30:02,dl,ue4,717520,2406760.808797202,2.406761
2026-06-28T04:30:02,dl,ue5,718247,2287474.960578346,2.287475
2026-06-28T04:30:02,dl,ue6,718259,2392727.07775265,2.392727
2026-06-28T04:30:02,dl,ue7,718271,2385710.3853623415,2.385710
2026-06-28T04:30:02,dl,ue8,718283,2427810.8859681273,2.427811
2026-06-28T04:30:02,dl,ue9,719028,2371676.6543177892,2.371677
2026-06-28T04:30:02,dl,ue10,719040,2364659.9619274805,2.364660
2026-06-28T04:30:02,dl,ue11,719052,2336592.8461023117,2.336593
2026-06-28T04:30:02,dl,ue12,719064,2420794.193577819,2.420794
2026-06-28T04:30:07,dl,cu_cp,717252,562333.7457703077,0.562334
2026-06-28T04:30:07,dl,cu_up,717260,1124667.4915406154,1.124667
2026-06-28T04:30:07,dl,du1,717440,5653158.113952884,5.653158
2026-06-28T04:30:07,dl,du2,718203,5546655.547915907,5.546656
2026-06-28T04:30:07,dl,du3,718965,5584996.762145105,5.584997
2026-06-28T04:30:07,dl,ue1,717484,2279155.639331038,2.279156
2026-06-28T04:30:07,dl,ue2,717496,2338797.1247210596,2.338797
2026-06-28T04:30:07,dl,ue3,717508,2372877.973515358,2.372878
2026-06-28T04:30:07,dl,ue4,717520,2419739.054162314,2.419739
2026-06-28T04:30:07,dl,ue5,718247,2291936.0440741037,2.291936
2026-06-28T04:30:07,dl,ue6,718259,2406958.995200064,2.406959
2026-06-28T04:30:07,dl,ue7,718271,2406958.995200064,2.406959
2026-06-28T04:30:07,dl,ue8,718283,2411219.0148541476,2.411219
2026-06-28T04:30:07,dl,ue9,719028,2364357.9342071917,2.364358
2026-06-28T04:30:07,dl,ue10,719040,2347317.336919634,2.347317
2026-06-28T04:30:07,dl,ue11,719052,2355837.722008617,2.355838
2026-06-28T04:30:07,dl,ue12,719064,2432519.4589053798,2.432519
2026-06-28T04:30:13,dl,cu_cp,717252,569164.4993821644,0.569164
2026-06-28T04:30:13,dl,cu_up,717260,1121211.2421041203,1.121211
2026-06-28T04:30:13,dl,du1,717440,5691644.820570259,5.691645
2026-06-28T04:30:13,dl,du2,718203,5700203.439023285,5.700203
2026-06-28T04:30:13,dl,du3,718965,5606055.86401783,5.606056
2026-06-28T04:30:13,dl,ue1,717484,2298055.0634153797,2.298055
2026-06-28T04:30:13,dl,ue2,717496,2370805.5725341127,2.370806
2026-06-28T04:30:13,dl,ue3,717508,2452114.5268544867,2.452115
2026-06-28T04:30:13,dl,ue4,717520,2409320.3950810432,2.409320
2026-06-28T04:30:13,dl,ue5,718247,2302334.3726418926,2.302334
2026-06-28T04:30:13,dl,ue6,718259,2460673.4918102836,2.460673
2026-06-28T04:30:13,dl,ue7,718271,2426438.151741252,2.426438
2026-06-28T04:30:13,dl,ue8,718283,2477791.248470492,2.477791
2026-06-28T04:30:13,dl,ue9,719028,2319452.129302101,2.319452
2026-06-28T04:30:13,dl,ue10,719040,2293775.580937481,2.293776
2026-06-28T04:30:13,dl,ue11,719052,2319452.129302101,2.319452
2026-06-28T04:30:13,dl,ue12,719064,2379364.3642385243,2.379364
2026-06-28T04:30:19,dl,cu_cp,717252,570733.595346481,0.570734
2026-06-28T04:30:19,dl,cu_up,717260,1155275.2709612697,1.155275
2026-06-28T04:30:19,dl,du1,717440,5693527.786734965,5.693528
2026-06-28T04:30:19,dl,du2,718203,5578460.624088805,5.578461
2026-06-28T04:30:19,dl,du3,718965,5624487.904162643,5.624488
2026-06-28T04:30:19,dl,ue1,717484,2273728.994540385,2.273729
2026-06-28T04:30:19,dl,ue2,717496,2324358.79511392,2.324359
2026-06-28T04:30:19,dl,ue3,717508,2416412.490646234,2.416412
2026-06-28T04:30:19,dl,ue4,717520,2416412.490646234,2.416412
2026-06-28T04:30:19,dl,ue5,718247,2264523.6076948466,2.264524
2026-06-28T04:30:19,dl,ue6,718259,2374988.0769182374,2.374988
2026-06-28T04:30:19,dl,ue7,718271,2379590.9432640793,2.379591
2026-06-28T04:30:19,dl,ue8,718283,2430220.5709145414,2.430221
2026-06-28T04:30:19,dl,ue9,719028,2292139.5953083895,2.292140
2026-06-28T04:30:19,dl,ue10,719040,2342769.395881925,2.342769
2026-06-28T04:30:19,dl,ue11,719052,2356577.4761502324,2.356577
2026-06-28T04:30:19,dl,ue12,719064,2425617.877491772,2.425618
2026-06-28T04:30:24,dl,cu_cp,717252,573776.3846312874,0.573776
2026-06-28T04:30:24,dl,cu_up,717260,1104157.8274726176,1.104158
2026-06-28T04:30:24,dl,du1,717440,5626865.815735068,5.626866
2026-06-28T04:30:24,dl,du2,718203,5569006.124343252,5.569006
2026-06-28T04:30:24,dl,du3,718965,5602757.582114129,5.602758
2026-06-28T04:30:24,dl,ue1,717484,2242067.2859622072,2.242067
2026-06-28T04:30:24,dl,ue2,717496,2352965.403163061,2.352965
2026-06-28T04:30:24,dl,ue3,717508,2406003.309233813,2.406003
2026-06-28T04:30:24,dl,ue4,717520,2415646.7066298462,2.415647
2026-06-28T04:30:24,dl,ue5,718247,2237245.6738872384,2.237246
2026-06-28T04:30:24,dl,ue6,718259,2333678.7816170906,2.333679
2026-06-28T04:30:24,dl,ue7,718271,2377073.6367840003,2.377074
2026-06-28T04:30:24,dl,ue8,718283,2420468.318704815,2.420468
2026-06-28T04:30:24,dl,ue9,719028,2352965.403163061,2.352965
2026-06-28T04:30:24,dl,ue10,719040,2377073.6367840003,2.377074
2026-06-28T04:30:24,dl,ue11,719052,2352965.403163061,2.352965
2026-06-28T04:30:24,dl,ue12,719064,2483149.795417695,2.483150
2026-06-28T04:30:30,dl,cu_cp,717252,562550.7772494721,0.562551
2026-06-28T04:30:30,dl,cu_up,717260,1125101.5544989442,1.125102
2026-06-28T04:30:30,dl,du1,717440,5606275.181605196,5.606275
2026-06-28T04:30:30,dl,du2,718203,5505304.684396706,5.505305
2026-06-28T04:30:30,dl,du3,718965,5625508.118187018,5.625508
2026-06-28T04:30:30,dl,ue1,717484,2202121.977466371,2.202122
2026-06-28T04:30:30,dl,ue2,717496,2341557.4836077644,2.341557
2026-06-28T04:30:30,dl,ue3,717508,2355981.8403518344,2.355982
2026-06-28T04:30:30,dl,ue4,717520,2341557.4836077644,2.341557
2026-06-28T04:30:30,dl,ue5,718247,2245395.047698581,2.245395
2026-06-28T04:30:30,dl,ue6,718259,2336749.422308457,2.336749
2026-06-28T04:30:30,dl,ue7,718271,2365597.962950449,2.365598
2026-06-28T04:30:30,dl,ue8,718283,2423295.7356190253,2.423296
2026-06-28T04:30:30,dl,ue9,719028,2312708.770119624,2.312709
2026-06-28T04:30:30,dl,ue10,719040,2346365.7177532194,2.346366
2026-06-28T04:30:30,dl,ue11,719052,2346365.7177532194,2.346366
2026-06-28T04:30:30,dl,ue12,719064,2514650.110228901,2.514650
2026-06-28T04:30:35,dl,cu_cp,717252,561599.8009603393,0.561600
2026-06-28T04:30:35,dl,cu_up,717260,1065893.4238442278,1.065893
2026-06-28T04:30:35,dl,du1,717440,5638920.23853992,5.638920
2026-06-28T04:30:35,dl,du2,718203,5444079.821508403,5.444080
2026-06-28T04:30:35,dl,du3,718965,5719148.99168726,5.719149
2026-06-28T04:30:35,dl,ue1,717484,2269321.432777884,2.269321
2026-06-28T04:30:35,dl,ue2,717496,2303705.035783446,2.303705
2026-06-28T04:30:35,dl,ue3,717508,2372472.5879289317,2.372473
2026-06-28T04:30:35,dl,ue4,717520,2429778.5929382015,2.429779
2026-06-28T04:30:35,dl,ue5,718247,2223476.6287704683,2.223477
2026-06-28T04:30:35,dl,ue6,718259,2349550.0128580425,2.349550
2026-06-28T04:30:35,dl,ue7,718271,2361011.3869270775,2.361011
2026-06-28T04:30:35,dl,ue8,718283,2361011.3869270775,2.361011
2026-06-28T04:30:35,dl,ue9,719028,2395394.9899326395,2.395395
2026-06-28T04:30:35,dl,ue10,719040,2406856.0178673123,2.406856
2026-06-28T04:30:35,dl,ue11,719052,2383933.9619979667,2.383934
2026-06-28T04:30:35,dl,ue12,719064,2510007.17301836,2.510007
2026-06-28T04:30:41,dl,cu_cp,717252,567274.812445609,0.567275
2026-06-28T04:30:41,dl,cu_up,717260,1057194.0196550125,1.057194
2026-06-28T04:30:41,dl,du1,717440,5638368.335009361,5.638368
2026-06-28T04:30:41,dl,du2,718203,5500846.760304859,5.500847
2026-06-28T04:30:41,dl,du3,718965,5569607.375020139,5.569607
2026-06-28T04:30:41,dl,ue1,717484,2191743.7308647158,2.191744
2026-06-28T04:30:41,dl,ue2,717496,2303479.7297770465,2.303480
2026-06-28T04:30:41,dl,ue3,717508,2398025.402373587,2.398025
2026-06-28T04:30:41,dl,ue4,717520,2406620.6518499674,2.406621
2026-06-28T04:30:41,dl,ue5,718247,2251909.0961036156,2.251909
2026-06-28T04:30:41,dl,ue6,718259,2346454.9413371263,2.346455
2026-06-28T04:30:41,dl,ue7,718271,2406620.6518499674,2.406621
2026-06-28T04:30:41,dl,ue8,718283,2441000.786570637,2.441001
2026-06-28T04:30:41,dl,ue9,719028,2337859.8644977165,2.337860
2026-06-28T04:30:41,dl,ue10,719040,2346454.9413371263,2.346455
2026-06-28T04:30:41,dl,ue11,719052,2380835.421331737,2.380835
2026-06-28T04:30:41,dl,ue12,719064,2398025.402373587,2.398025
2026-06-28T04:30:47,dl,cu_cp,717252,562604.6176396322,0.562605
2026-06-28T04:30:47,dl,cu_up,717260,1111317.7845653058,1.111318
2026-06-28T04:30:47,dl,du1,717440,5598262.9294786835,5.598263
2026-06-28T04:30:47,dl,du2,718203,5612155.071172085,5.612155
2026-06-28T04:30:47,dl,du3,718965,5660775.148670941,5.660775
2026-06-28T04:30:47,dl,ue1,717484,2194852.667702694,2.194853
2026-06-28T04:30:47,dl,ue2,717496,2319875.7241283227,2.319876
2026-06-28T04:30:47,dl,ue3,717508,2382387.597830858,2.382388
2026-06-28T04:30:47,dl,ue4,717520,2417116.224615755,2.417116
2026-06-28T04:30:47,dl,ue5,718247,2257364.195915508,2.257364
2026-06-28T04:30:47,dl,ue6,718259,2361550.2490150593,2.361550
2026-06-28T04:30:47,dl,ue7,718271,2375441.872473879,2.375442
2026-06-28T04:30:47,dl,ue8,718283,2437953.4006866934,2.437953
2026-06-28T04:30:47,dl,ue9,719028,2347658.7983011007,2.347659
2026-06-28T04:30:47,dl,ue10,719040,2326821.7949750233,2.326822
2026-06-28T04:30:47,dl,ue11,719052,2375441.872473879,2.375442
2026-06-28T04:30:47,dl,ue12,719064,2396278.8757999563,2.396279
2026-06-28T04:30:52,dl,cu_cp,717252,576933.0923029035,0.576933
2026-06-28T04:30:52,dl,cu_up,717260,1128224.671458453,1.128225
2026-06-28T04:30:52,dl,du1,717440,5765057.279715836,5.765057
2026-06-28T04:30:52,dl,du2,718203,5594113.974310756,5.594114
2026-06-28T04:30:52,dl,du3,718965,5683859.270326495,5.683859
2026-06-28T04:30:52,dl,ue1,717484,2226534.3598222733,2.226534
2026-06-28T04:30:52,dl,ue2,717496,2384656.9086536765,2.384657
2026-06-28T04:30:52,dl,ue3,717508,2384656.9086536765,2.384657
2026-06-28T04:30:52,dl,ue4,717520,2461581.274729818,2.461581
2026-06-28T04:30:52,dl,ue5,718247,2312006.0125248134,2.312006
2026-06-28T04:30:52,dl,ue6,718259,2410298.24843511,2.410298
2026-06-28T04:30:52,dl,ue7,718271,2423119.005008787,2.423119
2026-06-28T04:30:52,dl,ue8,718283,2453033.9881034195,2.453034
2026-06-28T04:30:52,dl,ue9,719028,2350468.108879924,2.350468
2026-06-28T04:30:52,dl,ue10,719040,2393203.8485482335,2.393204
2026-06-28T04:30:52,dl,ue11,719052,2337647.3523062468,2.337647
2026-06-28T04:30:52,dl,ue12,719064,2393203.8485482335,2.393204
2026-06-28T04:30:58,dl,cu_cp,717252,564736.5382003784,0.564737
2026-06-28T04:30:58,dl,cu_up,717260,1120916.464805603,1.120916
2026-06-28T04:30:58,dl,du1,717440,5720096.321182251,5.720096
2026-06-28T04:30:58,dl,du2,718203,5519016.03515625,5.519016
2026-06-28T04:30:58,dl,du3,718965,5613138.589782715,5.613139
2026-06-28T04:30:58,dl,ue1,717484,2203328.2638931274,2.203328
2026-06-28T04:30:58,dl,ue2,717496,2331677.4378204346,2.331677
2026-06-28T04:30:58,dl,ue3,717508,2417243.5537719727,2.417244
2026-06-28T04:30:58,dl,ue4,717520,2477139.8349380493,2.477140
2026-06-28T04:30:58,dl,ue5,718247,2258946.1528015137,2.258946
2026-06-28T04:30:58,dl,ue6,718259,2383016.9344711304,2.383017
2026-06-28T04:30:58,dl,ue7,718271,2365903.7112808228,2.365904
2026-06-28T04:30:58,dl,ue8,718283,2421521.946029663,2.421522
2026-06-28T04:30:58,dl,ue9,719028,2293172.599182129,2.293173
2026-06-28T04:30:58,dl,ue10,719040,2318842.4339675903,2.318842
2026-06-28T04:30:58,dl,ue11,719052,2335955.484237671,2.335955
2026-06-28T04:30:58,dl,ue12,719064,2417243.5537719727,2.417244
2026-06-28T04:31:04,dl,cu_cp,717252,568238.9566056251,0.568239
2026-06-28T04:31:04,dl,cu_up,717260,1154957.290790825,1.154957
2026-06-28T04:31:04,dl,du1,717440,5571513.906386261,5.571514
2026-06-28T04:31:04,dl,du2,718203,5594612.825457001,5.594613
2026-06-28T04:31:04,dl,du3,718965,5645431.0705288695,5.645431
2026-06-28T04:31:04,dl,ue1,717484,2189798.886946182,2.189799
2026-06-28T04:31:04,dl,ue2,717496,2268336.1118434905,2.268336
2026-06-28T04:31:04,dl,ue3,717508,2383831.7457242585,2.383832
2026-06-28T04:31:04,dl,ue4,717520,2411550.725549698,2.411551
2026-06-28T04:31:04,dl,ue5,718247,2286815.489423065,2.286815
2026-06-28T04:31:04,dl,ue6,718259,2402311.123303833,2.402311
2026-06-28T04:31:04,dl,ue7,718271,2397691.235636978,2.397691
2026-06-28T04:31:04,dl,ue8,718283,2430030.1031292723,2.430030
2026-06-28T04:31:04,dl,ue9,719028,2328393.9591612243,2.328394
2026-06-28T04:31:04,dl,ue10,719040,2346873.163652954,2.346873
2026-06-28T04:31:04,dl,ue11,719052,2360732.6535656736,2.360733
2026-06-28T04:31:04,dl,ue12,719064,2434649.8177082823,2.434650
2026-06-28T04:31:09,dl,cu_cp,717252,575053.4412013936,0.575053
2026-06-28T04:31:09,dl,cu_up,717260,1164603.92942865,1.164604
2026-06-28T04:31:09,dl,du1,717440,5765031.024686966,5.765031
2026-06-28T04:31:09,dl,du2,718203,5600729.94220592,5.600730
2026-06-28T04:31:09,dl,du3,718965,5716707.013377356,5.716707
2026-06-28T04:31:09,dl,ue1,717484,2276051.7591507696,2.276052
2026-06-28T04:31:09,dl,ue2,717496,2372699.260546589,2.372699
2026-06-28T04:31:09,dl,ue3,717508,2464514.499804354,2.464514
2026-06-28T04:31:09,dl,ue4,717520,2459682.2376662996,2.459682
2026-06-28T04:31:09,dl,ue5,718247,2261554.451513207,2.261554
2026-06-28T04:31:09,dl,ue6,718259,2348537.4286329173,2.348537
2026-06-28T04:31:09,dl,ue7,718271,2353369.864512105,2.353370
2026-06-28T04:31:09,dl,ue8,718283,2396861.2662013937,2.396861
2026-06-28T04:31:09,dl,ue9,719028,2353369.864512105,2.353370
2026-06-28T04:31:09,dl,ue10,719040,2396861.2662013937,2.396861
2026-06-28T04:31:09,dl,ue11,719052,2387196.3944430184,2.387196
2026-06-28T04:31:09,dl,ue12,719064,2474179.3715627287,2.474179
2026-06-28T04:31:15,dl,cu_cp,717252,571220.0088322663,0.571220
2026-06-28T04:31:15,dl,cu_up,717260,1137599.2863720292,1.137599
2026-06-28T04:31:15,dl,du1,717440,5789654.219742415,5.789654
2026-06-28T04:31:15,dl,du2,718203,5629906.3541681245,5.629906
2026-06-28T04:31:15,dl,du3,718965,5717041.080051563,5.717041
2026-06-28T04:31:15,dl,ue1,717484,2250994.308596617,2.250994
2026-06-28T04:31:15,dl,ue2,717496,2372015.2820852958,2.372015
2026-06-28T04:31:15,dl,ue3,717508,2420423.9840044426,2.420424
2026-06-28T04:31:15,dl,ue4,717520,2468832.3386750612,2.468832
2026-06-28T04:31:15,dl,ue5,718247,2260675.944805888,2.260676
2026-06-28T04:31:15,dl,ue6,718259,2367174.4639806603,2.367174
2026-06-28T04:31:15,dl,ue7,718271,2352652.183291018,2.352652
2026-06-28T04:31:15,dl,ue8,718283,2420423.9840044426,2.420424
2026-06-28T04:31:15,dl,ue9,719028,2357492.8277713894,2.357493
2026-06-28T04:31:15,dl,ue10,719040,2367174.4639806603,2.367174
2026-06-28T04:31:15,dl,ue11,719052,2381697.0919188308,2.381697
2026-06-28T04:31:15,dl,ue12,719064,2420423.9840044426,2.420424
2026-06-28T04:31:20,dl,cu_cp,717252,582792.1094456821,0.582792
2026-06-28T04:31:20,dl,cu_up,717260,1087131.434093138,1.087131
2026-06-28T04:31:20,dl,du1,717440,5816713.367822809,5.816713
2026-06-28T04:31:20,dl,du2,718203,5514109.868487925,5.514110
2026-06-28T04:31:20,dl,du3,718965,5738260.9301285455,5.738261
2026-06-28T04:31:20,dl,ue1,717484,2241508.186678462,2.241508
2026-06-28T04:31:20,dl,ue2,717496,2319960.9714766885,2.319961
2026-06-28T04:31:20,dl,ue3,717508,2409621.222580955,2.409621
2026-06-28T04:31:20,dl,ue4,717520,2454451.2613570974,2.454451
2026-06-28T04:31:20,dl,ue5,718247,2219093.0805144,2.219093
2026-06-28T04:31:20,dl,ue6,718259,2375998.8236628342,2.375999
2026-06-28T04:31:20,dl,ue7,718271,2387206.116416893,2.387206
2026-06-28T04:31:20,dl,ue8,718283,2465658.9012151193,2.465659
2026-06-28T04:31:20,dl,ue9,719028,2398413.756274915,2.398414
2026-06-28T04:31:20,dl,ue10,719040,2420828.8624389768,2.420829
2026-06-28T04:31:20,dl,ue11,719052,2432036.328745017,2.432036
2026-06-28T04:31:20,dl,ue12,719064,2454451.2613570974,2.454451
2026-06-28T04:31:26,dl,cu_cp,717252,556568.1998466253,0.556568
2026-06-28T04:31:26,dl,cu_up,717260,1087837.862730503,1.087838
2026-06-28T04:31:26,dl,du1,717440,5498219.147306442,5.498219
2026-06-28T04:31:26,dl,du2,718203,5506652.250738144,5.506652
2026-06-28T04:31:26,dl,du3,718965,5481353.284146309,5.481353
2026-06-28T04:31:26,dl,ue1,717484,2226272.7993865013,2.226273
2026-06-28T04:31:26,dl,ue2,717496,2319034.18750906,2.319034
2026-06-28T04:31:26,dl,ue3,717508,2394929.712471485,2.394930
2026-06-28T04:31:26,dl,ue4,717520,2344332.810397625,2.344333
2026-06-28T04:31:26,dl,ue5,718247,2133511.4112639427,2.133511
2026-06-28T04:31:26,dl,ue6,718259,2319034.18750906,2.319034
2026-06-28T04:31:26,dl,ue7,718271,2319034.18750906,2.319034
2026-06-28T04:31:26,dl,ue8,718283,2386496.9527430534,2.386497
2026-06-28T04:31:26,dl,ue9,719028,2276869.8733119965,2.276870
2026-06-28T04:31:26,dl,ue10,719040,2352765.7419776917,2.352766
2026-06-28T04:31:26,dl,ue11,719052,2352765.7419776917,2.352766
2026-06-28T04:31:26,dl,ue12,719064,2445526.9582486153,2.445527
2026-06-28T04:31:32,dl,cu_cp,717252,579235.3928812918,0.579235
2026-06-28T04:31:32,dl,cu_up,717260,1137534.5422471082,1.137535
2026-06-28T04:31:32,dl,du1,717440,5708608.868234396,5.708609
2026-06-28T04:31:32,dl,du2,718203,5534140.48949971,5.534140
2026-06-28T04:31:32,dl,du3,718965,5729545.198266492,5.729545
2026-06-28T04:31:32,dl,ue1,717484,2323920.1751692914,2.323920
2026-06-28T04:31:32,dl,ue2,717496,2337877.7285240223,2.337878
2026-06-28T04:31:32,dl,ue3,717508,2477452.569938364,2.477453
2026-06-28T04:31:32,dl,ue4,717520,2358814.058556118,2.358814
2026-06-28T04:31:32,dl,ue5,718247,2261111.531139486,2.261112
2026-06-28T04:31:32,dl,ue6,718259,2372771.2658443665,2.372771
2026-06-28T04:31:32,dl,ue7,718271,2414643.9259085585,2.414644
2026-06-28T04:31:32,dl,ue8,718283,2393707.5958764623,2.393708
2026-06-28T04:31:32,dl,ue9,719028,2393707.5958764623,2.393708
2026-06-28T04:31:32,dl,ue10,719040,2365792.6622002423,2.365793
2026-06-28T04:31:32,dl,ue11,719052,2365792.6622002423,2.365793
2026-06-28T04:31:32,dl,ue12,719064,2421622.7025859235,2.421623
2026-06-28T04:31:37,dl,cu_cp,717252,560292.6096021462,0.560293
2026-06-28T04:31:37,dl,cu_up,717260,1120585.2192042924,1.120585
2026-06-28T04:31:37,dl,du1,717440,5769730.694533941,5.769731
2026-06-28T04:31:37,dl,du2,718203,5521662.610885287,5.521663
2026-06-28T04:31:37,dl,du3,718965,5782561.844189742,5.782562
2026-06-28T04:31:37,dl,ue1,717484,2326711.3782784306,2.326711
2026-06-28T04:31:37,dl,ue2,717496,2425083.294297618,2.425083
2026-06-28T04:31:37,dl,ue3,717508,2463576.7432650174,2.463577
2026-06-28T04:31:37,dl,ue4,717520,2429360.4020183706,2.429360
2026-06-28T04:31:37,dl,ue5,718247,2224062.354538491,2.224062
2026-06-28T04:31:37,dl,ue6,718259,2309603.120901878,2.309603
2026-06-28T04:31:37,dl,ue7,718271,2318157.1628369247,2.318157
2026-06-28T04:31:37,dl,ue8,718283,2382312.737609465,2.382313
2026-06-28T04:31:37,dl,ue9,719028,2403698.102706771,2.403698
2026-06-28T04:31:37,dl,ue10,719040,2416529.078856112,2.416529
2026-06-28T04:31:37,dl,ue11,719052,2395143.887265265,2.395144
2026-06-28T04:31:37,dl,ue12,719064,2480684.653628652,2.480685
2026-06-28T04:31:43,dl,cu_cp,717252,548084.1977261156,0.548084
2026-06-28T04:31:43,dl,cu_up,717260,1134406.7685849739,1.134407
2026-06-28T04:31:43,dl,du1,717440,5710272.475224094,5.710272
2026-06-28T04:31:43,dl,du2,718203,5604054.647293725,5.604055
2026-06-28T04:31:43,dl,du3,718965,5616800.8004675815,5.616801
2026-06-28T04:31:43,dl,ue1,717484,2264564.934630432,2.264565
2026-06-28T04:31:43,dl,ue2,717496,2332544.3030392313,2.332544
2026-06-28T04:31:43,dl,ue3,717508,2455757.059460628,2.455757
2026-06-28T04:31:43,dl,ue4,717520,2336792.905578747,2.336793
2026-06-28T04:31:43,dl,ue5,718247,2234823.852965548,2.234824
2026-06-28T04:31:43,dl,ue6,718259,2353787.834069774,2.353788
2026-06-28T04:31:43,dl,ue7,718271,2383529.0885123136,2.383529
2026-06-28T04:31:43,dl,ue8,718283,2426016.150573399,2.426016
2026-06-28T04:31:43,dl,ue9,719028,2353787.834069774,2.353788
2026-06-28T04:31:43,dl,ue10,719040,2396275.24168617,2.396275
2026-06-28T04:31:43,dl,ue11,719052,2383529.0885123136,2.383529
2026-06-28T04:31:43,dl,ue12,719064,2409021.222082372,2.409021
2026-06-28T04:31:49,dl,cu_cp,717252,564220.3850168028,0.564220
2026-06-28T04:31:49,dl,cu_up,717260,1146939.9339372164,1.146940
2026-06-28T04:31:49,dl,du1,717440,5748573.696168036,5.748574
2026-06-28T04:31:49,dl,du2,718203,5591332.015547483,5.591332
2026-06-28T04:31:49,dl,du3,718965,5656078.2230957365,5.656078
2026-06-28T04:31:49,dl,ue1,717484,2321628.2672840953,2.321628
2026-06-28T04:31:49,dl,ue2,717496,2377125.412549174,2.377125
2026-06-28T04:31:49,dl,ue3,717508,2423372.80263957,2.423373
2026-06-28T04:31:49,dl,ue4,717520,2372500.5349618327,2.372501
2026-06-28T04:31:49,dl,ue5,718247,2261506.4176545525,2.261506
2026-06-28T04:31:49,dl,ue6,718259,2344752.13555217,2.344752
2026-06-28T04:31:49,dl,ue7,718271,2381750.116913638,2.381750
2026-06-28T04:31:49,dl,ue8,718283,2423372.80263957,2.423373
2026-06-28T04:31:49,dl,ue9,719028,2330877.8492359007,2.330878
2026-06-28T04:31:49,dl,ue10,719040,2358626.248645563,2.358626
2026-06-28T04:31:49,dl,ue11,719052,2372500.5349618327,2.372501
2026-06-28T04:31:49,dl,ue12,719064,2423372.80263957,2.423373
2026-06-28T04:31:54,dl,cu_cp,717252,568417.5574087948,0.568418
2026-06-28T04:31:54,dl,cu_up,717260,1117566.695164402,1.117567
2026-06-28T04:31:54,dl,du1,717440,5756431.953017872,5.756432
2026-06-28T04:31:54,dl,du2,718203,5587833.908643186,5.587834
2026-06-28T04:31:54,dl,du3,718965,5650456.207592869,5.650456
2026-06-28T04:31:54,dl,ue1,717484,2273670.229635179,2.273670
2026-06-28T04:31:54,dl,ue2,717496,2360378.16135664,2.360378
2026-06-28T04:31:54,dl,ue3,717508,2423000.2871778524,2.423000
2026-06-28T04:31:54,dl,ue4,717520,2384463.447871478,2.384463
2026-06-28T04:31:54,dl,ue5,718247,2283304.4827438905,2.283304
2026-06-28T04:31:54,dl,ue6,718259,2331475.402030506,2.331475
2026-06-28T04:31:54,dl,ue7,718271,2341109.655139217,2.341110
2026-06-28T04:31:54,dl,ue8,718283,2427817.240603738,2.427817
2026-06-28T04:31:54,dl,ue9,719028,2326658.2754761507,2.326658
2026-06-28T04:31:54,dl,ue10,719040,2326658.2754761507,2.326658
2026-06-28T04:31:54,dl,ue11,719052,2307389.942387198,2.307390
2026-06-28T04:31:54,dl,ue12,719064,2413366.0340691414,2.413366
2026-06-28T04:32:00,dl,cu_cp,717252,560870.2792899156,0.560870
2026-06-28T04:32:00,dl,cu_up,717260,1121740.5585798312,1.121741
2026-06-28T04:32:00,dl,du1,717440,5560765.3825914385,5.560765
2026-06-28T04:32:00,dl,du2,718203,5522415.4543452645,5.522415
2026-06-28T04:32:00,dl,du3,718965,5623084.058969631,5.623084
2026-06-28T04:32:00,dl,ue1,717484,2176368.484859896,2.176368
2026-06-28T04:32:00,dl,ue2,717496,2301006.3533542063,2.301006
2026-06-28T04:32:00,dl,ue3,717508,2305800.137363138,2.305800
2026-06-28T04:32:00,dl,ue4,717520,2301006.3533542063,2.301006
2026-06-28T04:32:00,dl,ue5,718247,2214718.585018711,2.214719
2026-06-28T04:32:00,dl,ue6,718259,2358531.58954875,2.358532
2026-06-28T04:32:00,dl,ue7,718271,2358531.58954875,2.358532
2026-06-28T04:32:00,dl,ue8,718283,2392087.9056986333,2.392088
2026-06-28T04:32:00,dl,ue9,719028,2363325.2016450404,2.363325
2026-06-28T04:32:00,dl,ue10,719040,2286625.173240051,2.286625
2026-06-28T04:32:00,dl,ue11,719052,2267449.865291681,2.267450
2026-06-28T04:32:00,dl,ue12,719064,2396881.517794924,2.396882
2026-06-28T04:32:05,dl,cu_cp,717252,570328.4164979353,0.570328
2026-06-28T04:32:05,dl,cu_up,717260,1186283.1717779725,1.186283
2026-06-28T04:32:05,dl,du1,717440,5760317.0453897,5.760317
2026-06-28T04:32:05,dl,du2,718203,5543592.496049369,5.543592
2026-06-28T04:32:05,dl,du3,718965,5589218.318024099,5.589218
2026-06-28T04:32:05,dl,ue1,717484,2167248.0774401724,2.167248
2026-06-28T04:32:05,dl,ue2,717496,2361159.715793139,2.361160
2026-06-28T04:32:05,dl,ue3,717508,2372566.343555945,2.372566
2026-06-28T04:32:05,dl,ue4,717520,2361159.715793139,2.361160
2026-06-28T04:32:05,dl,ue5,718247,2190061.1606966616,2.190061
2026-06-28T04:32:05,dl,ue6,718259,2269907.038228935,2.269907
2026-06-28T04:32:05,dl,ue7,718271,2292720.293754548,2.292720
2026-06-28T04:32:05,dl,ue8,718283,2406785.8823061166,2.406786
2026-06-28T04:32:05,dl,ue9,719028,2372566.343555945,2.372566
2026-06-28T04:32:05,dl,ue10,719040,2338346.6325366497,2.338347
2026-06-28T04:32:05,dl,ue11,719052,2326940.004773843,2.326940
2026-06-28T04:32:05,dl,ue12,719064,2361159.715793139,2.361160
2026-06-28T04:32:11,dl,cu_cp,717252,556143.1522156531,0.556143
2026-06-28T04:32:11,dl,cu_up,717260,1129665.8222658741,1.129666
2026-06-28T04:32:11,dl,du1,717440,5596190.643794789,5.596191
2026-06-28T04:32:11,dl,du2,718203,5657018.612339287,5.657019
2026-06-28T04:32:11,dl,du3,718965,5578810.782083731,5.578811
2026-06-28T04:32:11,dl,ue1,717484,2189813.7451317217,2.189814
2026-06-28T04:32:11,dl,ue2,717496,2285400.749345355,2.285401
2026-06-28T04:32:11,dl,ue3,717508,2294090.680200884,2.294091
2026-06-28T04:32:11,dl,ue4,717520,2268021.231510787,2.268021
2026-06-28T04:32:11,dl,ue5,718247,2215882.849945328,2.215883
2026-06-28T04:32:11,dl,ue6,718259,2337539.130910814,2.337539
2026-06-28T04:32:11,dl,ue7,718271,2363608.407662666,2.363608
2026-06-28T04:32:11,dl,ue8,718283,2433126.3070626925,2.433126
2026-06-28T04:32:11,dl,ue9,719028,2320159.613076246,2.320160
2026-06-28T04:32:11,dl,ue10,719040,2346229.061766343,2.346229
2026-06-28T04:32:11,dl,ue11,719052,2302780.267179923,2.302780
2026-06-28T04:32:11,dl,ue12,719064,2415746.7892281245,2.415747
2026-06-28T04:32:17,dl,cu_cp,717252,558594.3616760448,0.558594
2026-06-28T04:32:17,dl,cu_up,717260,1124259.6171875298,1.124260
2026-06-28T04:32:17,dl,du1,717440,5621297.913487339,5.621298
2026-06-28T04:32:17,dl,du2,718203,5501094.184112489,5.501094
2026-06-28T04:32:17,dl,du3,718965,5515235.79933306,5.515236
2026-06-28T04:32:17,dl,ue1,717484,2234377.446704179,2.234377
2026-06-28T04:32:17,dl,ue2,717496,2397006.1941910507,2.397006
2026-06-28T04:32:17,dl,ue3,717508,2389935.5590310753,2.389936
2026-06-28T04:32:17,dl,ue4,717520,2361652.328589934,2.361652
2026-06-28T04:32:17,dl,ue5,718247,2220235.8314836086,2.220236
2026-06-28T04:32:17,dl,ue6,718259,2255590.041985345,2.255590
2026-06-28T04:32:17,dl,ue7,718271,2326298.118088198,2.326298
2026-06-28T04:32:17,dl,ue8,718283,2354581.348529339,2.354581
2026-06-28T04:32:17,dl,ue9,719028,2305085.695257342,2.305086
2026-06-28T04:32:17,dl,ue10,719040,2361652.328589934,2.361652
2026-06-28T04:32:17,dl,ue11,719052,2333369.098148793,2.333369
2026-06-28T04:32:17,dl,ue12,719064,2375793.771360195,2.375794
2026-06-28T04:32:22,dl,cu_cp,717252,567522.400081129,0.567522
2026-06-28T04:32:22,dl,cu_up,717260,1101162.8284920764,1.101163
2026-06-28T04:32:22,dl,du1,717440,5687929.945058193,5.687930
2026-06-28T04:32:22,dl,du2,718203,5387227.198484097,5.387227
2026-06-28T04:32:22,dl,du3,718965,5598989.715510654,5.598990
2026-06-28T04:32:22,dl,ue1,717484,2287030.456767659,2.287030
2026-06-28T04:32:22,dl,ue2,717496,2447969.7143743993,2.447970
2026-06-28T04:32:22,dl,ue3,717508,2371735.2565511656,2.371735
2026-06-28T04:32:22,dl,ue4,717520,2367500.1718323277,2.367500
2026-06-28T04:32:22,dl,ue5,718247,2210796.171467023,2.210796
2026-06-28T04:32:22,dl,ue6,718259,2240442.799634471,2.240443
2026-06-28T04:32:22,dl,ue7,718271,2316677.0849351073,2.316677
2026-06-28T04:32:22,dl,ue8,718283,2333618.2864234447,2.333618
2026-06-28T04:32:22,dl,ue9,719028,2333618.2864234447,2.333618
2026-06-28T04:32:22,dl,ue10,719040,2384441.0282754707,2.384441
2026-06-28T04:32:22,dl,ue11,719052,2359029.4848268605,2.359029
2026-06-28T04:32:22,dl,ue12,719064,2422558.343448386,2.422558
2026-06-28T04:32:28,dl,cu_cp,717252,569931.8908061653,0.569932
2026-06-28T04:32:28,dl,cu_up,717260,1093424.910797106,1.093425
2026-06-28T04:32:28,dl,du1,717440,5614884.793780183,5.614885
2026-06-28T04:32:28,dl,du2,718203,5627549.500672822,5.627550
2026-06-28T04:32:28,dl,du3,718965,5560002.554720979,5.560003
2026-06-28T04:32:28,dl,ue1,717484,2186849.821594212,2.186850
2026-06-28T04:32:28,dl,ue2,717496,2343053.343264513,2.343053
2026-06-28T04:32:28,dl,ue3,717508,2330388.2908985424,2.330388
2026-06-28T04:32:28,dl,ue4,717520,2317723.0657959054,2.317723
2026-06-28T04:32:28,dl,ue5,718247,2262840.8267367007,2.262841
2026-06-28T04:32:28,dl,ue6,718259,2393714.070938394,2.393714
2026-06-28T04:32:28,dl,ue7,718271,2355718.3956304835,2.355718
2026-06-28T04:32:28,dl,ue8,718283,2537252.194769392,2.537252
2026-06-28T04:32:28,dl,ue9,719028,2271284.194980681,2.271284
2026-06-28T04:32:28,dl,ue10,719040,2355718.3956304835,2.355718
2026-06-28T04:32:28,dl,ue11,719052,2359940.2524891403,2.359940
2026-06-28T04:32:28,dl,ue12,719064,2389492.2140797377,2.389492
2026-06-28T04:32:34,dl,cu_cp,717252,564800.383359468,0.564800
2026-06-28T04:32:34,dl,cu_up,717260,1106826.4454945326,1.106826
2026-06-28T04:32:34,dl,du1,717440,5629784.134614659,5.629784
2026-06-28T04:32:34,dl,du2,718203,5529577.259513283,5.529577
2026-06-28T04:32:34,dl,du3,718965,5720881.073797273,5.720881
2026-06-28T04:32:34,dl,ue1,717484,2213652.890989065,2.213653
2026-06-28T04:32:34,dl,ue2,717496,2350298.299762988,2.350298
2026-06-28T04:32:34,dl,ue3,717508,2350298.299762988,2.350298
2026-06-28T04:32:34,dl,ue4,717520,2345743.504661107,2.345744
2026-06-28T04:32:34,dl,ue5,718247,2231872.2442540885,2.231872
2026-06-28T04:32:34,dl,ue6,718259,2332078.9464979647,2.332079
2026-06-28T04:32:34,dl,ue7,718271,2363962.685068631,2.363963
2026-06-28T04:32:34,dl,ue8,718283,2500607.920985055,2.500608
2026-06-28T04:32:34,dl,ue9,719028,2281975.508947277,2.281976
2026-06-28T04:32:34,dl,ue10,719040,2377627.4160892726,2.377627
2026-06-28T04:32:34,dl,ue11,719052,2455059.6242512465,2.455060
2026-06-28T04:32:34,dl,ue12,719064,2445949.861189985,2.445950
2026-06-28T04:32:39,dl,cu_cp,717252,564258.6260681319,0.564259
2026-06-28T04:32:39,dl,cu_up,717260,1118871.798896116,1.118872
2026-06-28T04:32:39,dl,du1,717440,5589536.397354011,5.589536
2026-06-28T04:32:39,dl,du2,718203,5565422.980076151,5.565423
2026-06-28T04:32:39,dl,du3,718965,5642586.605997333,5.642587
2026-06-28T04:32:39,dl,ue1,717484,2271502.727297251,2.271503
2026-06-28T04:32:39,dl,ue2,717496,2392071.0222926047,2.392071
2026-06-28T04:32:39,dl,ue3,717508,2382425.482723453,2.382425
2026-06-28T04:32:39,dl,ue4,717520,2382425.482723453,2.382425
2026-06-28T04:32:39,dl,ue5,718247,2285970.9503219747,2.285971
2026-06-28T04:32:39,dl,ue6,718259,2348666.353218434,2.348666
2026-06-28T04:32:39,dl,ue7,718271,2396893.5330901695,2.396894
2026-06-28T04:32:39,dl,ue8,718283,2469234.47555578,2.469234
2026-06-28T04:32:39,dl,ue9,719028,2271502.727297251,2.271503
2026-06-28T04:32:39,dl,ue10,719040,2353489.209332013,2.353489
2026-06-28T04:32:39,dl,ue11,719052,2319729.9071689867,2.319730
2026-06-28T04:32:39,dl,ue12,719064,2396893.5330901695,2.396894
2026-06-28T04:32:45,dl,cu_cp,717252,567012.050792808,0.567012
2026-06-28T04:32:45,dl,cu_up,717260,1100387.7697458672,1.100388
2026-06-28T04:32:45,dl,du1,717440,5617263.193376685,5.617263
2026-06-28T04:32:45,dl,du2,718203,5578821.572758398,5.578822
2026-06-28T04:32:45,dl,du3,718965,5650899.266612678,5.650899
2026-06-28T04:32:45,dl,ue1,717484,2195970.3369144485,2.195970
2026-06-28T04:32:45,dl,ue2,717496,2340125.897025511,2.340126
2026-06-28T04:32:45,dl,ue3,717508,2325710.289293654,2.325710
2026-06-28T04:32:45,dl,ue4,717520,2335320.6944482257,2.335321
2026-06-28T04:32:45,dl,ue5,718247,2268048.203171232,2.268048
2026-06-28T04:32:45,dl,ue6,718259,2325710.289293654,2.325710
2026-06-28T04:32:45,dl,ue7,718271,2412203.590879791,2.412204
2026-06-28T04:32:45,dl,ue8,718283,2450645.211498077,2.450645
2026-06-28T04:32:45,dl,ue9,719028,2301684.4488097285,2.301684
2026-06-28T04:32:45,dl,ue10,719040,2368956.9400867224,2.368957
2026-06-28T04:32:45,dl,ue11,719052,2335320.6944482257,2.335321
2026-06-28T04:32:45,dl,ue12,719064,2402593.185725219,2.402593
2026-06-28T04:32:50,dl,cu_cp,717252,549104.6838734716,0.549105
2026-06-28T04:32:50,dl,cu_up,717260,1132528.3943059857,1.132528
2026-06-28T04:32:50,dl,du1,717440,5674081.359350949,5.674081
2026-06-28T04:32:50,dl,du2,718203,5502486.485484531,5.502486
2026-06-28T04:32:50,dl,du3,718965,5662641.539981937,5.662642
2026-06-28T04:32:50,dl,ue1,717484,2310815.3756112303,2.310815
2026-06-28T04:32:50,dl,ue2,717496,2402333.0674673365,2.402333
2026-06-28T04:32:50,dl,ue3,717508,2368013.9545986964,2.368014
2026-06-28T04:32:50,dl,ue4,717520,2425212.360966966,2.425212
2026-06-28T04:32:50,dl,ue5,718247,2265056.7886119713,2.265057
2026-06-28T04:32:50,dl,ue6,718259,2333694.6691108597,2.333695
2026-06-28T04:32:50,dl,ue7,718271,2402333.0674673365,2.402333
2026-06-28T04:32:50,dl,ue8,718283,2425212.360966966,2.425212
2026-06-28T04:32:50,dl,ue9,719028,2299375.9014806114,2.299376
2026-06-28T04:32:50,dl,ue10,719040,2333694.6691108597,2.333695
2026-06-28T04:32:50,dl,ue11,719052,2287936.082111601,2.287936
2026-06-28T04:32:50,dl,ue12,719064,2345134.4884798704,2.345134
2026-06-28T04:32:56,dl,cu_cp,717252,556564.3463808775,0.556564
2026-06-28T04:32:56,dl,cu_up,717260,1060950.75842067,1.060951
2026-06-28T04:32:56,dl,du1,717440,5583035.965293789,5.583036
2026-06-28T04:32:56,dl,du2,718203,5452591.344384098,5.452591
2026-06-28T04:32:56,dl,du3,718965,5496072.77005105,5.496073
2026-06-28T04:32:56,dl,ue1,717484,2147990.441023278,2.147990
2026-06-28T04:32:56,dl,ue2,717496,2287131.6565843103,2.287132
2026-06-28T04:32:56,dl,ue3,717508,2339309.5049481867,2.339310
2026-06-28T04:32:56,dl,ue4,717520,2374094.507918215,2.374095
2026-06-28T04:32:56,dl,ue5,718247,2243649.887008524,2.243650
2026-06-28T04:32:56,dl,ue6,718259,2182775.6159477234,2.182776
2026-06-28T04:32:56,dl,ue7,718271,2374094.507918215,2.374095
2026-06-28T04:32:56,dl,ue8,718283,2452361.4524184465,2.452361
2026-06-28T04:32:56,dl,ue9,719028,2261042.560447955,2.261043
2026-06-28T04:32:56,dl,ue10,719040,2304524.1580693247,2.304524
2026-06-28T04:32:56,dl,ue11,719052,2269738.9831448793,2.269739
2026-06-28T04:32:56,dl,ue12,719064,2304524.1580693247,2.304524
2026-06-28T04:33:02,dl,cu_cp,717252,566876.2683248025,0.566876
2026-06-28T04:33:02,dl,cu_up,717260,1133752.536649605,1.133753
2026-06-28T04:33:02,dl,du1,717440,5753794.629290352,5.753795
2026-06-28T04:33:02,dl,du2,718203,5640419.047075698,5.640419
2026-06-28T04:33:02,dl,du3,718965,5562473.917911131,5.562474
2026-06-28T04:33:02,dl,ue1,717484,2210817.4551127744,2.210817
2026-06-28T04:33:02,dl,ue2,717496,2444653.8801318216,2.444654
2026-06-28T04:33:02,dl,ue3,717508,2423396.0233119084,2.423396
2026-06-28T04:33:02,dl,ue4,717520,2458825.9575993214,2.458826
2026-06-28T04:33:02,dl,ue5,718247,2267505.07329921,2.267505
2026-06-28T04:33:02,dl,ue6,718259,2324192.6914856457,2.324193
2026-06-28T04:33:02,dl,ue7,718271,2423396.0233119084,2.423396
2026-06-28T04:33:02,dl,ue8,718283,2423396.0233119084,2.423396
2026-06-28T04:33:02,dl,ue9,719028,2232075.4848535787,2.232075
2026-06-28T04:33:02,dl,ue10,719040,2366708.578046364,2.366709
2026-06-28T04:33:02,dl,ue11,719052,2310020.959859928,2.310021
2026-06-28T04:33:02,dl,ue12,719064,2359622.625773059,2.359623
2026-06-28T04:33:07,dl,cu_cp,717252,563478.4831046623,0.563478
2026-06-28T04:33:07,dl,cu_up,717260,1105613.0996671056,1.105613
2026-06-28T04:33:07,dl,du1,717440,5762848.635561761,5.762849
2026-06-28T04:33:07,dl,du2,718203,5596366.009616189,5.596366
2026-06-28T04:33:07,dl,du3,718965,5660397.868640771,5.660398
2026-06-28T04:33:07,dl,ue1,717484,2249645.2801625705,2.249645
2026-06-28T04:33:07,dl,ue2,717496,2360633.524527669,2.360634
2026-06-28T04:33:07,dl,ue3,717508,2369171.0019717766,2.369171
2026-06-28T04:33:07,dl,ue4,717520,2501503.026413119,2.501503
2026-06-28T04:33:07,dl,ue5,718247,2275257.885426843,2.275258
2026-06-28T04:33:07,dl,ue6,718259,2279526.8835468222,2.279527
2026-06-28T04:33:07,dl,ue7,718271,2386246.1297919415,2.386246
2026-06-28T04:33:07,dl,ue8,718283,2433202.5151324584,2.433203
2026-06-28T04:33:07,dl,ue9,719028,2305139.3158791447,2.305139
2026-06-28T04:33:07,dl,ue10,719040,2343558.3967075036,2.343558
2026-06-28T04:33:07,dl,ue11,719052,2326483.2688873387,2.326483
2026-06-28T04:33:07,dl,ue12,719064,2386246.1297919415,2.386246
2026-06-28T04:33:13,dl,cu_cp,717252,578642.2659049401,0.578642
2026-06-28T04:33:13,dl,cu_up,717260,1136011.005990554,1.136011
2026-06-28T04:33:13,dl,du1,717440,5701328.469192636,5.701328
2026-06-28T04:33:13,dl,du2,718203,5658780.898077221,5.658781
2026-06-28T04:33:13,dl,du3,718965,5680054.85679385,5.680055
2026-06-28T04:33:13,dl,ue1,717484,2255003.0874302946,2.255003
2026-06-28T04:33:13,dl,ue2,717496,2365625.8372722007,2.365626
2026-06-28T04:33:13,dl,ue3,717508,2378390.073975041,2.378390
2026-06-28T04:33:13,dl,ue4,717520,2416682.43776572,2.416682
2026-06-28T04:33:13,dl,ue5,718247,2289040.7633730005,2.289041
2026-06-28T04:33:13,dl,ue6,718259,2297550.1390689467,2.297550
2026-06-28T04:33:13,dl,ue7,718271,2408173.0620697737,2.408173
2026-06-28T04:33:13,dl,ue8,718283,2425191.813461666,2.425192
2026-06-28T04:33:13,dl,ue9,719028,2352861.427410439,2.352861
2026-06-28T04:33:13,dl,ue10,719040,2425191.813461666,2.425192
2026-06-28T04:33:13,dl,ue11,719052,2382644.588664093,2.382645
2026-06-28T04:33:13,dl,ue12,719064,2408173.0620697737,2.408173
2026-06-28T04:33:19,dl,cu_cp,717252,563469.4954094231,0.563469
2026-06-28T04:33:19,dl,cu_up,717260,1145263.2547140867,1.145263
2026-06-28T04:33:19,dl,du1,717440,5602627.816151405,5.602628
2026-06-28T04:33:19,dl,du2,718203,5598046.599036467,5.598047
2026-06-28T04:33:19,dl,du3,718965,5666762.437502491,5.666762
2026-06-28T04:33:19,dl,ue1,717484,2221810.670962149,2.221811
2026-06-28T04:33:19,dl,ue2,717496,2354661.1307792603,2.354661
2026-06-28T04:33:19,dl,ue3,717508,2359242.347894198,2.359242
2026-06-28T04:33:19,dl,ue4,717520,2350080.0863970397,2.350080
2026-06-28T04:33:19,dl,ue5,718247,2295107.381077677,2.295107
2026-06-28T04:33:19,dl,ue6,718259,2285945.292313236,2.285945
2026-06-28T04:33:19,dl,ue7,718271,2386728.614187521,2.386729
2026-06-28T04:33:19,dl,ue8,718283,2432539.2307424424,2.432539
2026-06-28T04:33:19,dl,ue9,719028,2322593.820103717,2.322594
2026-06-28T04:33:19,dl,ue10,719040,2386728.614187521,2.386729
2026-06-28T04:33:19,dl,ue11,719052,2327175.037218654,2.327175
2026-06-28T04:33:19,dl,ue12,719064,2395890.7029519617,2.395891
2026-06-28T04:33:24,dl,cu_cp,717252,577650.1278635153,0.577650
2026-06-28T04:33:24,dl,cu_up,717260,1126417.7428727318,1.126418
2026-06-28T04:33:24,dl,du1,717440,5608020.255170825,5.608020
2026-06-28T04:33:24,dl,du2,718203,5574323.860951679,5.574324
2026-06-28T04:33:24,dl,du3,718965,5598392.664737749,5.598393
2026-06-28T04:33:24,dl,ue1,717484,2199884.255253403,2.199884
2026-06-28T04:33:24,dl,ue2,717496,2305786.7162375236,2.305787
2026-06-28T04:33:24,dl,ue3,717508,2334669.3152401317,2.334669
2026-06-28T04:33:24,dl,ue4,717520,2406875.5543017243,2.406876
2026-06-28T04:33:24,dl,ue5,718247,2281717.912451453,2.281718
2026-06-28T04:33:24,dl,ue6,718259,2248021.862825544,2.248022
2026-06-28T04:33:24,dl,ue7,718271,2373179.504675815,2.373180
2026-06-28T04:33:24,dl,ue8,718283,2392434.3409487293,2.392434
2026-06-28T04:33:24,dl,ue9,719028,2329855.5200235937,2.329856
2026-06-28T04:33:24,dl,ue10,719040,2339483.1104566692,2.339483
2026-06-28T04:33:24,dl,ue11,719052,2325041.8971036742,2.325042
2026-06-28T04:33:24,dl,ue12,719064,2392434.3409487293,2.392434
2026-06-28T04:33:30,dl,cu_cp,717252,562563.4540128305,0.562563
2026-06-28T04:33:30,dl,cu_up,717260,1058382.0688883723,1.058382
2026-06-28T04:33:30,dl,du1,717440,5473074.920081878,5.473075
2026-06-28T04:33:30,dl,du2,718203,5520749.817447317,5.520750
2026-06-28T04:33:30,dl,du3,718965,5582727.149673736,5.582727
2026-06-28T04:33:30,dl,ue1,717484,2188276.4838249027,2.188276
2026-06-28T04:33:30,dl,ue2,717496,2274091.092990786,2.274091
2026-06-28T04:33:30,dl,ue3,717508,2321766.1620994806,2.321766
2026-06-28T04:33:30,dl,ue4,717520,2321766.1620994806,2.321766
2026-06-28T04:33:30,dl,ue5,718247,2250253.816051322,2.250254
2026-06-28T04:33:30,dl,ue6,718259,2231183.7884078445,2.231184
2026-06-28T04:33:30,dl,ue7,718271,2326533.754881978,2.326534
2026-06-28T04:33:30,dl,ue8,718283,2378976.0732866586,2.378976
2026-06-28T04:33:30,dl,ue9,719028,2307463.7272385,2.307464
2026-06-28T04:33:30,dl,ue10,719040,2345603.6107822,2.345604
2026-06-28T04:33:30,dl,ue11,719052,2312231.3200209974,2.312231
2026-06-28T04:33:30,dl,ue12,719064,2336068.596960461,2.336069
2026-06-28T04:33:35,dl,cu_cp,717252,597719.768142584,0.597720
2026-06-28T04:33:35,dl,cu_up,717260,1051986.699197334,1.051987
2026-06-28T04:33:35,dl,du1,717440,5618565.23203851,5.618565
2026-06-28T04:33:35,dl,du2,718203,5750063.636313379,5.750064
2026-06-28T04:33:35,dl,du3,718965,5773972.501939309,5.773973
2026-06-28T04:33:35,dl,ue1,717484,2235471.8026695373,2.235472
2026-06-28T04:33:35,dl,ue2,717496,2366970.0286105336,2.366970
2026-06-28T04:33:35,dl,ue3,717508,2414787.759862393,2.414788
2026-06-28T04:33:35,dl,ue4,717520,2390879.072570336,2.390879
2026-06-28T04:33:35,dl,ue5,718247,2343061.341318476,2.343061
2026-06-28T04:33:35,dl,ue6,718259,2343061.341318476,2.343061
2026-06-28T04:33:35,dl,ue7,718271,2438696.44715445,2.438696
2026-06-28T04:33:35,dl,ue8,718283,2486514.1784063103,2.486514
2026-06-28T04:33:35,dl,ue9,719028,2056155.845476681,2.056156
2026-06-28T04:33:35,dl,ue10,719040,2558240.4186163545,2.558240
2026-06-28T04:33:35,dl,ue11,719052,2426742.0143414857,2.426742
2026-06-28T04:33:35,dl,ue12,719064,2534331.5529904244,2.534332
2026-06-28T04:33:41,dl,cu_cp,717252,482388.7179638243,0.482389
2026-06-28T04:33:41,dl,cu_up,717260,459417.8266322136,0.459418
2026-06-28T04:33:41,dl,du1,717440,3828481.839348106,3.828482
2026-06-28T04:33:41,dl,du2,718203,3889737.648073082,3.889738
2026-06-28T04:33:41,dl,du3,718965,3859109.7437105943,3.859110
2026-06-28T04:33:41,dl,ue1,717484,1056661.0012540913,1.056661
2026-06-28T04:33:41,dl,ue2,717496,1056661.0012540913,1.056661
2026-06-28T04:33:41,dl,ue3,717508,1049003.951282959,1.049004
2026-06-28T04:33:41,dl,ue4,717520,1049003.951282959,1.049004
2026-06-28T04:33:41,dl,ue5,718247,1102602.7839173125,1.102603
2026-06-28T04:33:41,dl,ue6,718259,1064317.9034642028,1.064318
2026-06-28T04:33:41,dl,ue7,718271,1064317.9034642028,1.064318
2026-06-28T04:33:41,dl,ue8,718283,1064317.9034642028,1.064318
2026-06-28T04:33:41,dl,ue9,719028,1041347.0490728474,1.041347
2026-06-28T04:33:41,dl,ue10,719040,1056661.0012540913,1.056661
2026-06-28T04:33:41,dl,ue11,719052,1071974.953435335,1.071975
2026-06-28T04:33:41,dl,ue12,719064,1056661.0012540913,1.056661
2026-06-28T04:33:47,dl,cu_cp,717252,461639.05204589816,0.461639
2026-06-28T04:33:47,dl,cu_up,717260,468050.7040041044,0.468051
2026-06-28T04:33:47,dl,du1,717440,3859815.515353942,3.859816
2026-06-28T04:33:47,dl,du2,718203,3879050.5452652574,3.879051
2026-06-28T04:33:47,dl,du3,718965,3879050.5452652574,3.879051
2026-06-28T04:33:47,dl,ue1,717484,1070746.099130541,1.070746
2026-06-28T04:33:47,dl,ue2,717496,1089981.05500516,1.089981
2026-06-28T04:33:47,dl,ue3,717508,1096392.7810000628,1.096393
2026-06-28T04:33:47,dl,ue4,717520,1070746.099130541,1.070746
2026-06-28T04:33:47,dl,ue5,718247,1057922.8692508251,1.057923
2026-06-28T04:33:47,dl,ue6,718259,1089981.05500516,1.089981
2026-06-28T04:33:47,dl,ue7,718271,1064334.5212090313,1.064335
2026-06-28T04:33:47,dl,ue8,718283,1083569.4770836502,1.083569
2026-06-28T04:33:47,dl,ue9,719028,1051511.1432559222,1.051511
2026-06-28T04:33:47,dl,ue10,719040,1109216.0849164755,1.109216
2026-06-28T04:33:47,dl,ue11,719052,1128451.0407910943,1.128451
2026-06-28T04:33:47,dl,ue12,719064,1122039.3147961914,1.122039
2026-06-28T04:33:52,dl,cu_cp,717252,468101.39485263376,0.468101
2026-06-28T04:33:52,dl,cu_up,717260,468101.39485263376,0.468101
2026-06-28T04:33:52,dl,du1,717440,3811156.1926583624,3.811156
2026-06-28T04:33:52,dl,du2,718203,3840642.8089909838,3.840643
2026-06-28T04:33:52,dl,du3,718965,3836957.3496716404,3.836957
2026-06-28T04:33:52,dl,ue1,717484,1072578.7579658765,1.072579
2026-06-28T04:33:52,dl,ue2,717496,1094693.7937597896,1.094694
2026-06-28T04:33:52,dl,ue3,717508,1113123.0025121248,1.113123
2026-06-28T04:33:52,dl,ue4,717520,1072578.7579658765,1.072579
2026-06-28T04:33:52,dl,ue5,718247,1094693.7937597896,1.094694
2026-06-28T04:33:52,dl,ue6,718259,1083636.3126350564,1.083636
2026-06-28T04:33:52,dl,ue7,718271,1087322.139676634,1.087322
2026-06-28T04:33:52,dl,ue8,718283,1050463.869260857,1.050464
2026-06-28T04:33:52,dl,ue9,719028,1046777.9686748326,1.046778
2026-06-28T04:33:52,dl,ue10,719040,1076264.5850074543,1.076265
2026-06-28T04:33:52,dl,ue11,719052,1072578.7579658765,1.072579
2026-06-28T04:33:52,dl,ue12,719064,1091007.9667182118,1.091008
2026-06-28T04:33:58,dl,cu_cp,717252,469024.43676437496,0.469024
2026-06-28T04:33:58,dl,cu_up,717260,465272.2525584865,0.465272
2026-06-28T04:33:58,dl,du1,717440,3872265.685762024,3.872266
2026-06-28T04:33:58,dl,du2,718203,3909787.750614853,3.909788
2026-06-28T04:33:58,dl,du3,718965,3902283.159409132,3.902283
2026-06-28T04:33:58,dl,ue1,717484,1080632.318940401,1.080632
2026-06-28T04:33:58,dl,ue2,717496,1058119.139440422,1.058119
2026-06-28T04:33:58,dl,ue3,717508,1125658.6036757112,1.125659
2026-06-28T04:33:58,dl,ue4,717520,1095641.0557639552,1.095641
2026-06-28T04:33:58,dl,ue5,718247,1091888.8344257427,1.091889
2026-06-28T04:33:58,dl,ue6,718259,1080632.318940401,1.080632
2026-06-28T04:33:58,dl,ue7,718271,1076880.0976021886,1.076880
2026-06-28T04:33:58,dl,ue8,718283,1095641.0557639552,1.095641
2026-06-28T04:33:58,dl,ue9,719028,1091888.8344257427,1.091889
2026-06-28T04:33:58,dl,ue10,719040,1103145.4984403802,1.103145
2026-06-28T04:33:58,dl,ue11,719052,1125658.6036757112,1.125659
2026-06-28T04:33:58,dl,ue12,719064,1084384.5402786136,1.084385
2026-06-28T04:34:03,dl,cu_cp,717252,468555.8232277614,0.468556
2026-06-28T04:34:03,dl,cu_up,717260,457399.73307513475,0.457400
2026-06-28T04:34:03,dl,du1,717440,3841414.1633028984,3.841414
2026-06-28T04:34:03,dl,du2,718203,3893475.79462368,3.893476
2026-06-28T04:34:03,dl,du3,718965,3923225.172004323,3.923225
2026-06-28T04:34:03,dl,ue1,717484,1093296.982227181,1.093297
2026-06-28T04:34:03,dl,ue2,717496,1089578.273237158,1.089578
2026-06-28T04:34:03,dl,ue3,717508,1097015.6175823188,1.097016
2026-06-28T04:34:03,dl,ue4,717520,1082140.9288919973,1.082141
2026-06-28T04:34:03,dl,ue5,718247,1074703.4372770656,1.074703
2026-06-28T04:34:03,dl,ue6,718259,1082140.9288919973,1.082141
2026-06-28T04:34:03,dl,ue7,718271,1070984.8019219278,1.070985
2026-06-28T04:34:03,dl,ue8,718283,1078422.1462670886,1.078422
2026-06-28T04:34:03,dl,ue9,719028,1085859.6378820206,1.085860
2026-06-28T04:34:03,dl,ue10,719040,1126765.2895025038,1.126765
2026-06-28T04:34:03,dl,ue11,719052,1104453.1091972506,1.104453
2026-06-28T04:34:03,dl,ue12,719064,1104453.1091972506,1.104453
2026-06-28T04:34:09,ul,cu_cp,717252,470676.37117943284,0.470676
2026-06-28T04:34:09,ul,cu_up,717260,466653.4741595185,0.466653
2026-06-28T04:34:09,ul,du1,717440,3849891.290823555,3.849891
2026-06-28T04:34:09,ul,du2,718203,3882074.1721085217,3.882074
2026-06-28T04:34:09,ul,du3,718965,3861959.908164711,3.861960
2026-06-28T04:34:09,ul,ue1,717484,1074107.606830169,1.074108
2026-06-28T04:34:09,ul,ue2,717496,1114336.3558735515,1.114336
2026-06-28T04:34:09,ul,ue3,717508,1033878.8577867865,1.033879
2026-06-28T04:34:09,ul,ue4,717520,1094221.9444925666,1.094222
2026-06-28T04:34:09,ul,ue5,718247,1106290.5618337225,1.106291
2026-06-28T04:34:09,ul,ue6,718259,1106290.5618337225,1.106291
2026-06-28T04:34:09,ul,ue7,718271,1098244.9152310682,1.098245
2026-06-28T04:34:09,ul,ue8,718283,1102267.7385323953,1.102268
2026-06-28T04:34:09,ul,ue9,719028,1094221.9444925666,1.094222
2026-06-28T04:34:09,ul,ue10,719040,1138473.5905558635,1.138474
2026-06-28T04:34:09,ul,ue11,719052,1062038.9157704257,1.062039
2026-06-28T04:34:09,ul,ue12,719064,1110313.38513505,1.110313
2026-06-28T04:34:14,ul,cu_cp,717252,517854.0634704852,0.517854
2026-06-28T04:34:14,ul,cu_up,717260,575393.4610906041,0.575393
2026-06-28T04:34:14,ul,du1,717440,4616425.496141967,4.616425
2026-06-28T04:34:14,ul,du2,718203,4660686.967473278,4.660687
2026-06-28T04:34:14,ul,du3,718965,4642982.378940754,4.642982
2026-06-28T04:34:14,ul,ue1,717484,1478318.4023782683,1.478318
2026-06-28T04:34:14,ul,ue2,717496,1535857.8396222782,1.535858
2026-06-28T04:34:14,ul,ue3,717508,1513727.420947752,1.513727
2026-06-28T04:34:14,ul,ue4,717520,1504875.1266814899,1.504875
2026-06-28T04:34:14,ul,ue5,718247,1513727.420947752,1.513727
2026-06-28T04:34:14,ul,ue6,718259,1513727.420947752,1.513727
2026-06-28T04:34:14,ul,ue7,718271,1522579.398222885,1.522579
2026-06-28T04:34:14,ul,ue8,718283,1504875.1266814899,1.504875
2026-06-28T04:34:14,ul,ue9,719028,1557988.416792369,1.557988
2026-06-28T04:34:14,ul,ue10,719040,1535857.8396222782,1.535858
2026-06-28T04:34:14,ul,ue11,719052,1509301.273814621,1.509301
2026-06-28T04:34:14,ul,ue12,719064,1504875.1266814899,1.504875
2026-06-28T04:34:20,ul,cu_cp,717252,545705.1820566725,0.545705
2026-06-28T04:34:20,ul,cu_up,717260,638197.5717949342,0.638198
2026-06-28T04:34:20,ul,du1,717440,5105580.574359474,5.105581
2026-06-28T04:34:20,ul,du2,718203,5165700.503787952,5.165701
2026-06-28T04:34:20,ul,du3,718965,5147201.860638442,5.147202
2026-06-28T04:34:20,ul,ue1,717484,1812851.0040717863,1.812851
2026-06-28T04:34:20,ul,ue2,717496,1923842.0369595576,1.923842
2026-06-28T04:34:20,ul,ue3,717508,1919217.3761721803,1.919217
2026-06-28T04:34:20,ul,ue4,717520,1905343.5590119052,1.905344
2026-06-28T04:34:20,ul,ue5,718247,1900718.898224528,1.900719
2026-06-28T04:34:20,ul,ue6,718259,1859097.2815418458,1.859097
2026-06-28T04:34:20,ul,ue7,718271,1937715.8541198326,1.937716
2026-06-28T04:34:20,ul,ue8,718283,1909968.0545974255,1.909968
2026-06-28T04:34:20,ul,ue9,719028,1928466.5325450778,1.928467
2026-06-28T04:34:20,ul,ue10,719040,1896094.2374371504,1.896094
2026-06-28T04:34:20,ul,ue11,719052,1891469.5766497732,1.891470
2026-06-28T04:34:20,ul,ue12,719064,1942340.51490721,1.942341
2026-06-28T04:34:25,ul,cu_cp,717252,542532.8820210672,0.542533
2026-06-28T04:34:25,ul,cu_up,717260,639085.3608606827,0.639085
2026-06-28T04:34:25,ul,du1,717440,5062107.442921744,5.062107
2026-06-28T04:34:25,ul,du2,718203,5204637.369268971,5.204637
2026-06-28T04:34:25,ul,du3,718965,5126476.009727183,5.126476
2026-06-28T04:34:25,ul,ue1,717484,1806910.3158480262,1.806910
2026-06-28T04:34:25,ul,ue2,717496,1931049.24668694,1.931049
2026-06-28T04:34:25,ul,ue3,717508,1931049.24668694,1.931049
2026-06-28T04:34:25,ul,ue4,717520,1885071.8404425,1.885072
2026-06-28T04:34:25,ul,ue5,718247,1880474.1328285933,1.880474
2026-06-28T04:34:25,ul,ue6,718259,1871278.5525480937,1.871279
2026-06-28T04:34:25,ul,ue7,718271,1954037.7847564744,1.954038
2026-06-28T04:34:25,ul,ue8,718283,1908060.54356472,1.908061
2026-06-28T04:34:25,ul,ue9,719028,1921853.6664064408,1.921854
2026-06-28T04:34:25,ul,ue10,719040,1889669.7131090928,1.889670
2026-06-28T04:34:25,ul,ue11,719052,1898864.9632842208,1.898865
2026-06-28T04:34:25,ul,ue12,719064,1903462.6708981276,1.903463
2026-06-28T04:34:31,ul,cu_cp,717252,536083.4970044461,0.536083
2026-06-28T04:34:31,ul,cu_up,717260,645117.434880088,0.645117
2026-06-28T04:34:31,ul,du1,717440,5088249.940050597,5.088250
2026-06-28T04:34:31,ul,du2,718203,5315403.596387291,5.315404
2026-06-28T04:34:31,ul,du3,718965,5297231.541070447,5.297232
2026-06-28T04:34:31,ul,ue1,717484,1771801.4184162188,1.771801
2026-06-28T04:34:31,ul,ue2,717496,1899007.6175028812,1.899008
2026-06-28T04:34:31,ul,ue3,717508,1880835.2327553546,1.880835
2026-06-28T04:34:31,ul,ue4,717520,1889921.425129118,1.889921
2026-06-28T04:34:31,ul,ue5,718247,1871749.0403815913,1.871749
2026-06-28T04:34:31,ul,ue6,718259,1771801.4184162188,1.771801
2026-06-28T04:34:31,ul,ue7,718271,1917179.8375350665,1.917180
2026-06-28T04:34:31,ul,ue8,718283,1908093.6451613032,1.908094
2026-06-28T04:34:31,ul,ue9,719028,1880835.2327553546,1.880835
2026-06-28T04:34:31,ul,ue10,719040,1862662.848007828,1.862663
2026-06-28T04:34:31,ul,ue11,719052,1908093.6451613032,1.908094
2026-06-28T04:34:31,ul,ue12,719064,1899007.6175028812,1.899008
2026-06-28T04:34:36,ul,cu_cp,717252,534452.7332109975,0.534453
2026-06-28T04:34:36,ul,cu_up,717260,644271.7710224676,0.644272
2026-06-28T04:34:36,ul,du1,717440,5161495.437367172,5.161495
2026-06-28T04:34:36,ul,du2,718203,5322563.359490662,5.322563
2026-06-28T04:34:36,ul,du3,718965,5146852.898992309,5.146853
2026-06-28T04:34:36,ul,ue1,717484,1793711.2810347176,1.793711
2026-06-28T04:34:36,ul,ue2,717496,1918172.6921640302,1.918173
2026-06-28T04:34:36,ul,ue3,717508,1940136.499726324,1.940136
2026-06-28T04:34:36,ul,ue4,717520,1866923.972909031,1.866924
2026-06-28T04:34:36,ul,ue5,718247,1866923.972909031,1.866924
2026-06-28T04:34:36,ul,ue6,718259,1837638.8961593055,1.837639
2026-06-28T04:34:36,ul,ue7,718271,1910851.5880336189,1.910852
2026-06-28T04:34:36,ul,ue8,718283,1925494.1264084815,1.925494
2026-06-28T04:34:36,ul,ue9,719028,1888887.780471325,1.888888
2026-06-28T04:34:36,ul,ue10,719040,1866923.972909031,1.866924
2026-06-28T04:34:36,ul,ue11,719052,1866923.972909031,1.866924
2026-06-28T04:34:36,ul,ue12,719064,1874245.2420964623,1.874245
2026-06-28T04:34:42,ul,cu_cp,717252,541372.671584402,0.541373
2026-06-28T04:34:42,ul,cu_up,717260,615196.2458076596,0.615196
2026-06-28T04:34:42,ul,du1,717440,5171749.740121274,5.171750
2026-06-28T04:34:42,ul,du2,718203,5171749.740121274,5.171750
2026-06-28T04:34:42,ul,du3,718965,5130736.3273829175,5.130736
2026-06-28T04:34:42,ul,ue1,717484,1825082.195896057,1.825082
2026-06-28T04:34:42,ul,ue2,717496,1948121.4450575889,1.948121
2026-06-28T04:34:42,ul,ue3,717508,1948121.4450575889,1.948121
2026-06-28T04:34:42,ul,ue4,717520,1882500.5451398897,1.882501
2026-06-28T04:34:42,ul,ue5,718247,1878399.1049607003,1.878399
2026-06-28T04:34:42,ul,ue6,718259,1857892.5634337782,1.857893
2026-06-28T04:34:42,ul,ue7,718271,1964526.7112475776,1.964527
2026-06-28T04:34:42,ul,ue8,718283,1882500.5451398897,1.882501
2026-06-28T04:34:42,ul,ue9,719028,1927614.9035306668,1.927615
2026-06-28T04:34:42,ul,ue10,719040,1853791.2880968451,1.853791
2026-06-28T04:34:42,ul,ue11,719052,1849690.012759912,1.849690
2026-06-28T04:34:42,ul,ue12,719064,1898905.6464876223,1.898906
2026-06-28T04:34:48,ul,cu_cp,717252,536427.2006920481,0.536427
2026-06-28T04:34:48,ul,cu_up,717260,606039.8764387554,0.606040
2026-06-28T04:34:48,ul,du1,717440,5110390.415974059,5.110390
2026-06-28T04:34:48,ul,du2,718203,5122674.807738075,5.122675
2026-06-28T04:34:48,ul,du3,718965,5110390.415974059,5.110390
2026-06-28T04:34:48,ul,ue1,717484,1773076.0656099664,1.773076
2026-06-28T04:34:48,ul,ue2,717496,1867257.9355251754,1.867258
2026-06-28T04:34:48,ul,ue3,717508,1908206.6746007716,1.908207
2026-06-28T04:34:48,ul,ue4,717520,1879542.4915453792,1.879542
2026-06-28T04:34:48,ul,ue5,718247,1854973.3795049714,1.854973
2026-06-28T04:34:48,ul,ue6,718259,1838593.9167259706,1.838594
2026-06-28T04:34:48,ul,ue7,718271,1904111.7678419745,1.904112
2026-06-28T04:34:48,ul,ue8,718283,1875447.584786582,1.875448
2026-06-28T04:34:48,ul,ue9,719028,1863163.028766378,1.863163
2026-06-28T04:34:48,ul,ue10,719040,1859068.2862637686,1.859068
2026-06-28T04:34:48,ul,ue11,719052,1871352.8422839725,1.871353
2026-06-28T04:34:48,ul,ue12,719064,1887732.3050629734,1.887732
2026-06-28T04:34:53,ul,cu_cp,717252,540158.1132453107,0.540158
2026-06-28T04:34:53,ul,cu_up,717260,609723.9321026558,0.609724
2026-06-28T04:34:53,ul,du1,717440,5049660.051762462,5.049660
2026-06-28T04:34:53,ul,du2,718203,5012831.067132201,5.012831
2026-06-28T04:34:53,ul,du3,718965,5127410.130426344,5.127410
2026-06-28T04:34:53,ul,ue1,717484,1780066.606467061,1.780067
2026-06-28T04:34:53,ul,ue2,717496,1861908.630535052,1.861909
2026-06-28T04:34:53,ul,ue3,717508,1894645.6697612046,1.894646
2026-06-28T04:34:53,ul,ue4,717520,1861908.630535052,1.861909
2026-06-28T04:34:53,ul,ue5,718247,1845540.1929216026,1.845540
2026-06-28T04:34:53,ul,ue6,718259,1849632.4663242197,1.849632
2026-06-28T04:34:53,ul,ue7,718271,1878277.2321477556,1.878277
2026-06-28T04:34:53,ul,ue8,718283,1857816.6851309442,1.857817
2026-06-28T04:34:53,ul,ue9,719028,1878277.2321477556,1.878277
2026-06-28T04:34:53,ul,ue10,719040,1853724.4117283272,1.853724
2026-06-28T04:34:53,ul,ue11,719052,1861908.630535052,1.861909
2026-06-28T04:34:53,ul,ue12,719064,1861908.630535052,1.861909
2026-06-28T04:34:59,ul,cu_cp,717252,538326.1897356489,0.538326
2026-06-28T04:34:59,ul,cu_up,717260,601658.677812412,0.601659
2026-06-28T04:34:59,ul,du1,717440,5012314.056360969,5.012314
2026-06-28T04:34:59,ul,du2,718203,5184216.852663195,5.184217
2026-06-28T04:34:59,ul,du3,718965,5062075.625658009,5.062076
2026-06-28T04:34:59,ul,ue1,717484,1818547.321965419,1.818547
2026-06-28T04:34:59,ul,ue2,717496,1859261.064300481,1.859261
2026-06-28T04:34:59,ul,ue3,717508,1940688.3846379565,1.940688
2026-06-28T04:34:59,ul,ue4,717520,1877356.060893842,1.877356
2026-06-28T04:34:59,ul,ue5,718247,1872832.3117455018,1.872832
2026-06-28T04:34:59,ul,ue6,718259,1832118.5694104398,1.832119
2026-06-28T04:34:59,ul,ue7,718271,1881879.6457095337,1.881880
2026-06-28T04:34:59,ul,ue8,718283,1895451.0574872028,1.895451
2026-06-28T04:34:59,ul,ue9,719028,1918069.803228904,1.918070
2026-06-28T04:34:59,ul,ue10,719040,1895451.0574872028,1.895451
2026-06-28T04:34:59,ul,ue11,719052,1854737.1508194923,1.854737
2026-06-28T04:34:59,ul,ue12,719064,1841166.0677071202,1.841166
2026-06-28T04:35:04,ul,cu_cp,717252,536280.1534320593,0.536280
2026-06-28T04:35:04,ul,cu_up,717260,595866.8189143575,0.595867
2026-06-28T04:35:04,ul,du1,717440,4941111.311536849,4.941111
2026-06-28T04:35:04,ul,du2,718203,5074035.1716330405,5.074035
2026-06-28T04:35:04,ul,du3,718965,5019032.0705584,5.019032
2026-06-28T04:35:04,ul,ue1,717484,1810518.4428727352,1.810518
2026-06-28T04:35:04,ul,ue2,717496,1815102.0072803926,1.815102
2026-06-28T04:35:04,ul,ue3,717508,1893023.0944846964,1.893023
2026-06-28T04:35:04,ul,ue4,717520,1856354.2510406852,1.856354
2026-06-28T04:35:04,ul,ue5,718247,1856354.2510406852,1.856354
2026-06-28T04:35:04,ul,ue6,718259,1819685.735779426,1.819686
2026-06-28T04:35:04,ul,ue7,718271,1865521.543947376,1.865522
2026-06-28T04:35:04,ul,ue8,718283,1883855.9656693817,1.883856
2026-06-28T04:35:04,ul,ue9,719028,1893023.0944846964,1.893023
2026-06-28T04:35:04,ul,ue10,719040,1865521.543947376,1.865522
2026-06-28T04:35:04,ul,ue11,719052,1847187.1222253705,1.847187
2026-06-28T04:35:04,ul,ue12,719064,1860937.9795397187,1.860938
2026-06-28T04:35:10,ul,cu_cp,717252,529127.7965335965,0.529128
2026-06-28T04:35:10,ul,cu_up,717260,592988.0266479403,0.592988
2026-06-28T04:35:10,ul,du1,717440,4935485.026436877,4.935485
2026-06-28T04:35:10,ul,du2,718203,5076889.9124095915,5.076890
2026-06-28T04:35:10,ul,du3,718965,4976538.05784831,4.976538
2026-06-28T04:35:10,ul,ue1,717484,1792648.382777524,1.792648
2026-06-28T04:35:10,ul,ue2,717496,1847385.7579927682,1.847386
2026-06-28T04:35:10,ul,ue3,717508,1915807.4770118236,1.915807
2026-06-28T04:35:10,ul,ue4,717520,1870192.9976657867,1.870193
2026-06-28T04:35:10,ul,ue5,718247,1838262.8621235609,1.838263
2026-06-28T04:35:10,ul,ue6,718259,1788086.9348429204,1.788087
2026-06-28T04:35:10,ul,ue7,718271,1820017.0703851462,1.820017
2026-06-28T04:35:10,ul,ue8,718283,1888438.7894042016,1.888439
2026-06-28T04:35:10,ul,ue9,719028,1879315.8935349942,1.879316
2026-06-28T04:35:10,ul,ue10,719040,1810894.3383963704,1.810894
2026-06-28T04:35:10,ul,ue11,719052,1820017.0703851462,1.820017
2026-06-28T04:35:10,ul,ue12,719064,1842824.3100581646,1.842824
2026-06-28T04:35:15,ul,cu_cp,717252,518952.683765831,0.518953
2026-06-28T04:35:15,ul,cu_up,717260,593088.8282540702,0.593089
2026-06-28T04:35:15,ul,du1,717440,4967118.404193592,4.967118
2026-06-28T04:35:15,ul,du2,718203,5041254.876333675,5.041255
2026-06-28T04:35:15,ul,du3,718965,5062436.585094337,5.062437
2026-06-28T04:35:15,ul,ue1,717484,1789857.17531662,1.789857
2026-06-28T04:35:15,ul,ue2,717496,1842811.611044197,1.842812
2026-06-28T04:35:15,ul,ue3,717508,1927538.6099127673,1.927539
2026-06-28T04:35:15,ul,ue4,717520,1885175.0285655214,1.885175
2026-06-28T04:35:15,ul,ue5,718247,1842811.611044197,1.842812
2026-06-28T04:35:15,ul,ue6,718259,1789857.17531662,1.789857
2026-06-28T04:35:15,ul,ue7,718271,1863993.319804859,1.863993
2026-06-28T04:35:15,ul,ue8,718283,1885175.0285655214,1.885175
2026-06-28T04:35:15,ul,ue9,719028,1906356.7373261834,1.906357
2026-06-28T04:35:15,ul,ue10,719040,1863993.319804859,1.863993
2026-06-28T04:35:15,ul,ue11,719052,1874584.3380111123,1.874584
2026-06-28T04:35:15,ul,ue12,719064,1863993.319804859,1.863993
2026-06-28T04:35:21,ul,cu_cp,717252,543621.9561079618,0.543622
2026-06-28T04:35:21,ul,cu_up,717260,593042.1637354481,0.593042
2026-06-28T04:35:21,ul,du1,717440,5057331.12504693,5.057331
2026-06-28T04:35:21,ul,du2,718203,5131461.825743995,5.131462
2026-06-28T04:35:21,ul,du3,718965,5114988.191013808,5.114988
2026-06-28T04:35:21,ul,ue1,717484,1754416.2030082582,1.754416
2026-06-28T04:35:21,ul,ue2,717496,1836783.229378835,1.836783
2026-06-28T04:35:21,ul,ue3,717508,1935623.5626852107,1.935624
2026-06-28T04:35:21,ul,ue4,717520,1877966.6606155264,1.877967
2026-06-28T04:35:21,ul,ue5,718247,1853256.7002118276,1.853257
2026-06-28T04:35:21,ul,ue6,718259,1820309.7585458423,1.820310
2026-06-28T04:35:21,ul,ue7,718271,1861493.3536797273,1.861493
2026-06-28T04:35:21,ul,ue8,718283,1894440.1314485192,1.894440
2026-06-28T04:35:21,ul,ue9,719028,1902676.7849164188,1.902677
2026-06-28T04:35:21,ul,ue10,719040,1861493.3536797273,1.861493
2026-06-28T04:35:21,ul,ue11,719052,1836783.229378835,1.836783
2026-06-28T04:35:21,ul,ue12,719064,1853256.7002118276,1.853257
2026-06-28T04:35:27,ul,cu_cp,717252,538531.9490471194,0.538532
2026-06-28T04:35:27,ul,cu_up,717260,599116.7886942432,0.599117
2026-06-28T04:35:27,ul,du1,717440,5102590.4852207275,5.102590
2026-06-28T04:35:27,ul,du2,718203,5095858.836371047,5.095859
2026-06-28T04:35:27,ul,du3,718965,5048737.294423285,5.048737
2026-06-28T04:35:27,ul,ue1,717484,1790618.7583057345,1.790619
2026-06-28T04:35:27,ul,ue2,717496,1864666.895652219,1.864667
2026-06-28T04:35:27,ul,ue3,717508,1891593.4910509407,1.891593
2026-06-28T04:35:27,ul,ue4,717520,1871398.5445018995,1.871399
2026-06-28T04:35:27,ul,ue5,718247,1864666.895652219,1.864667
2026-06-28T04:35:27,ul,ue6,718259,1851203.7622435999,1.851204
2026-06-28T04:35:27,ul,ue7,718271,1871398.5445018995,1.871399
2026-06-28T04:35:27,ul,ue8,718283,1864666.895652219,1.864667
2026-06-28T04:35:27,ul,ue9,719028,1878130.3576423216,1.878130
2026-06-28T04:35:27,ul,ue10,719040,1844471.9491031778,1.844472
2026-06-28T04:35:27,ul,ue11,719052,1898325.3041913628,1.898325
2026-06-28T04:35:27,ul,ue12,719064,1891593.4910509407,1.891593
2026-06-28T04:35:32,ul,cu_cp,717252,533468.2247275918,0.533468
2026-06-28T04:35:32,ul,cu_up,717260,590480.0453970497,0.590480
2026-06-28T04:35:32,ul,du1,717440,5061839.353822809,5.061839
2026-06-28T04:35:32,ul,du2,718203,4935598.92889328,4.935599
2026-06-28T04:35:32,ul,du3,718965,5078128.726436825,5.078129
2026-06-28T04:35:32,ul,ue1,717484,1795873.9082639576,1.795874
2026-06-28T04:35:32,ul,ue2,717496,1844741.2065396737,1.844741
2026-06-28T04:35:32,ul,ue3,717508,1918042.2359098815,1.918042
2026-06-28T04:35:32,ul,ue4,717520,1865102.6764372946,1.865103
2026-06-28T04:35:32,ul,ue5,718247,1852885.7289334154,1.852886
2026-06-28T04:35:32,ul,ue6,718259,1808090.6918545698,1.808091
2026-06-28T04:35:32,ul,ue7,718271,1820307.4754451823,1.820307
2026-06-28T04:35:32,ul,ue8,718283,1885463.9824216485,1.885464
2026-06-28T04:35:32,ul,ue9,719028,1869174.9376341654,1.869175
2026-06-28T04:35:32,ul,ue10,719040,1812162.9530514407,1.812163
2026-06-28T04:35:32,ul,ue11,719052,1840668.945342803,1.840669
2026-06-28T04:35:32,ul,ue12,719064,1881391.7212247776,1.881392
2026-06-28T04:35:38,ul,cu_cp,717252,545325.2567917597,0.545325
2026-06-28T04:35:38,ul,cu_up,717260,594160.3623764437,0.594160
2026-06-28T04:35:38,ul,du1,717440,5038154.560257096,5.038155
2026-06-28T04:35:38,ul,du2,718203,4948623.485480523,4.948623
2026-06-28T04:35:38,ul,du3,718965,5074780.879187469,5.074781
2026-06-28T04:35:38,ul,ue1,717484,1794689.9558487607,1.794690
2026-06-28T04:35:38,ul,ue2,717496,1859803.3752515935,1.859803
2026-06-28T04:35:38,ul,ue3,717508,1924916.7946544266,1.924917
2026-06-28T04:35:38,ul,ue4,717520,1859803.3752515935,1.859803
2026-06-28T04:35:38,ul,ue5,718247,1872012.2029384638,1.872012
2026-06-28T04:35:38,ul,ue6,718259,1831316.2747791337,1.831316
2026-06-28T04:35:38,ul,ue7,718271,1867942.4295792698,1.867942
2026-06-28T04:35:38,ul,ue8,718283,1884220.8664950966,1.884221
2026-06-28T04:35:38,ul,ue9,719028,1859803.3752515935,1.859803
2026-06-28T04:35:38,ul,ue10,719040,1855733.7660226368,1.855734
2026-06-28T04:35:38,ul,ue11,719052,1847594.5475647235,1.847595
2026-06-28T04:35:38,ul,ue12,719064,1880151.421396377,1.880151
2026-06-28T04:35:44,ul,cu_cp,717252,538141.545153181,0.538142
2026-06-28T04:35:44,ul,cu_up,717260,588989.549708299,0.588990
2026-06-28T04:35:44,ul,du1,717440,4957681.834821887,4.957682
2026-06-28T04:35:44,ul,du2,718203,4961919.373049207,4.961919
2026-06-28T04:35:44,ul,du3,718965,5038191.461687641,5.038191
2026-06-28T04:35:44,ul,ue1,717484,1771206.064643581,1.771206
2026-06-28T04:35:44,ul,ue2,717496,1839003.5676619196,1.839004
2026-06-28T04:35:44,ul,ue3,717508,1902563.5324529386,1.902564
2026-06-28T04:35:44,ul,ue4,717520,1872902.2373653317,1.872902
2026-06-28T04:35:44,ul,ue5,718247,1860190.1135179163,1.860190
2026-06-28T04:35:44,ul,ue6,718259,1822054.069198699,1.822054
2026-06-28T04:35:44,ul,ue7,718271,1868664.699138012,1.868665
2026-06-28T04:35:44,ul,ue8,718283,1881376.8229854275,1.881377
2026-06-28T04:35:44,ul,ue9,719028,1834766.0294346,1.834766
2026-06-28T04:35:44,ul,ue10,719040,1855952.738902111,1.855953
2026-06-28T04:35:44,ul,ue11,719052,1855952.738902111,1.855953
2026-06-28T04:35:44,ul,ue12,719064,1830528.8184303092,1.830529
2026-06-28T04:35:49,ul,cu_cp,717252,529597.4152292036,0.529597
2026-06-28T04:35:49,ul,cu_up,717260,584383.303834467,0.584383
2026-06-28T04:35:49,ul,du1,717440,4985520.250480137,4.985520
2026-06-28T04:35:49,ul,du2,718203,4985520.250480137,4.985520
2026-06-28T04:35:49,ul,du3,718965,4994651.293419971,4.994651
2026-06-28T04:35:49,ul,ue1,717484,1775977.5188529873,1.775978
2026-06-28T04:35:49,ul,ue2,717496,1839894.327386837,1.839894
2026-06-28T04:35:49,ul,ue3,717508,1926638.7432702733,1.926639
2026-06-28T04:35:49,ul,ue4,717520,1885549.3780710124,1.885549
2026-06-28T04:35:49,ul,ue5,718247,1867287.4562063408,1.867287
2026-06-28T04:35:49,ul,ue6,718259,1839894.327386837,1.839894
2026-06-28T04:35:49,ul,ue7,718271,1867287.4562063408,1.867287
2026-06-28T04:35:49,ul,ue8,718283,1876418.335131178,1.876418
2026-06-28T04:35:49,ul,ue9,719028,1871852.9776762582,1.871853
2026-06-28T04:35:49,ul,ue10,719040,1826197.9269920825,1.826198
2026-06-28T04:35:49,ul,ue11,719052,1853590.891796589,1.853591
2026-06-28T04:35:49,ul,ue12,719064,1858156.4132665063,1.858156
2026-06-28T04:35:55,ul,cu_cp,717252,538172.9622183538,0.538173
2026-06-28T04:35:55,ul,cu_up,717260,588341.5879166418,0.588342
2026-06-28T04:35:55,ul,du1,717440,4984940.573992324,4.984941
2026-06-28T04:35:55,ul,du2,718203,4948454.688067867,4.948455
2026-06-28T04:35:55,ul,du3,718965,4966697.794892299,4.966698
2026-06-28T04:35:55,ul,ue1,717484,1765024.8456810273,1.765025
2026-06-28T04:35:55,ul,ue2,717496,1819754.3300165248,1.819754
2026-06-28T04:35:55,ul,ue3,717508,1883605.2039020348,1.883605
2026-06-28T04:35:55,ul,ue4,717520,1879044.427195927,1.879044
2026-06-28T04:35:55,ul,ue5,718247,1869922.873783711,1.869923
2026-06-28T04:35:55,ul,ue6,718259,1828875.8834287405,1.828876
2026-06-28T04:35:55,ul,ue7,718271,1837997.436840956,1.837997
2026-06-28T04:35:55,ul,ue8,718283,1888166.144470346,1.888166
2026-06-28T04:35:55,ul,ue9,719028,1856240.5436653877,1.856241
2026-06-28T04:35:55,ul,ue10,719040,1842558.213547064,1.842558
2026-06-28T04:35:55,ul,ue11,719052,1860801.3203714956,1.860801
2026-06-28T04:35:55,ul,ue12,719064,1874483.8143520225,1.874484
2026-06-28T04:36:00,ul,cu_cp,717252,532070.1195838111,0.532070
2026-06-28T04:36:00,ul,cu_up,717260,591698.6979091408,0.591699
2026-06-28T04:36:00,ul,du1,717440,4981277.492424598,4.981277
2026-06-28T04:36:00,ul,du2,718203,5073013.450926116,5.073013
2026-06-28T04:36:00,ul,du3,718965,5045492.499136185,5.045492
2026-06-28T04:36:00,ul,ue1,717484,1816377.3982327115,1.816377
2026-06-28T04:36:00,ul,ue2,717496,1880592.7334232486,1.880593
2026-06-28T04:36:00,ul,ue3,717508,1963155.260314089,1.963155
2026-06-28T04:36:00,ul,ue4,717520,1885179.6134680617,1.885180
2026-06-28T04:36:00,ul,ue5,718247,1866832.2575282836,1.866832
2026-06-28T04:36:00,ul,ue6,718259,1843898.185783167,1.843898
2026-06-28T04:36:00,ul,ue7,718271,1848485.06582798,1.848485
2026-06-28T04:36:00,ul,ue8,718283,1885179.6134680617,1.885180
2026-06-28T04:36:00,ul,ue9,719028,1871419.1375730967,1.871419
2026-06-28T04:36:00,ul,ue10,719040,1853071.9458727932,1.853072
2026-06-28T04:36:00,ul,ue11,719052,1862245.3774834704,1.862245
2026-06-28T04:36:00,ul,ue12,719064,1898940.0893630267,1.898940
2026-06-28T04:36:06,ul,cu_cp,717252,544666.6328466531,0.544667
2026-06-28T04:36:06,ul,cu_up,717260,601999.9690652543,0.602000
2026-06-28T04:36:06,ul,du1,717440,4940221.661238701,4.940222
2026-06-28T04:36:06,ul,du2,718203,4892443.928679912,4.892444
2026-06-28T04:36:06,ul,du3,718965,5073999.704275682,5.074000
2026-06-28T04:36:06,ul,ue1,717484,1729555.3228374994,1.729555
2026-06-28T04:36:06,ul,ue2,717496,1844222.076914779,1.844222
2026-06-28T04:36:06,ul,ue3,717508,1920666.4163528108,1.920666
2026-06-28T04:36:06,ul,ue4,717520,1911110.9351531148,1.911111
2026-06-28T04:36:06,ul,ue5,718247,1805999.8255556857,1.806000
2026-06-28T04:36:06,ul,ue6,718259,1805999.8255556857,1.806000
2026-06-28T04:36:06,ul,ue7,718271,1825110.9512352324,1.825111
2026-06-28T04:36:06,ul,ue8,718283,1844222.076914779,1.844222
2026-06-28T04:36:06,ul,ue9,719028,1834666.4324349284,1.834666
2026-06-28T04:36:06,ul,ue10,719040,1844222.076914779,1.844222
2026-06-28T04:36:06,ul,ue11,719052,1815555.4700355362,1.815555
2026-06-28T04:36:06,ul,ue12,719064,1891999.809473568,1.892000
2026-06-28T04:36:11,ul,cu_cp,717252,540419.0636500776,0.540419
2026-06-28T04:36:11,ul,cu_up,717260,593699.8439948773,0.593700
2026-06-28T04:36:11,ul,du1,717440,4947498.699957311,4.947499
2026-06-28T04:36:11,ul,du2,718203,4962721.873338218,4.962722
2026-06-28T04:36:11,ul,du3,718965,5099729.454301257,5.099729
2026-06-28T04:36:11,ul,ue1,717484,1765876.3586037254,1.765876
2026-06-28T04:36:11,ul,ue2,717496,1834380.3123294318,1.834380
2026-06-28T04:36:11,ul,ue3,717508,1963776.306602018,1.963776
2026-06-28T04:36:11,ul,ue4,717520,1940941.7097748446,1.940942
2026-06-28T04:36:11,ul,ue5,718247,1819157.1389485253,1.819157
2026-06-28T04:36:11,ul,ue6,718259,1788711.1186750853,1.788711
2026-06-28T04:36:11,ul,ue7,718271,1819157.1389485253,1.819157
2026-06-28T04:36:11,ul,ue8,718283,1872437.919293325,1.872438
2026-06-28T04:36:11,ul,ue9,719028,1788711.1186750853,1.788711
2026-06-28T04:36:11,ul,ue10,719040,1857214.7459124185,1.857215
2026-06-28T04:36:11,ul,ue11,719052,1887661.0926742316,1.887661
2026-06-28T04:36:11,ul,ue12,719064,1864826.3326028716,1.864826
2026-06-28T04:36:17,ul,cu_cp,717252,532694.9274981081,0.532695
2026-06-28T04:36:17,ul,cu_up,717260,589769.400111959,0.589769
2026-06-28T04:36:17,ul,du1,717440,4965477.765324526,4.965478
2026-06-28T04:36:17,ul,du2,718203,4959135.606408711,4.959136
2026-06-28T04:36:17,ul,du3,718965,5047918.292357054,5.047918
2026-06-28T04:36:17,ul,ue1,717484,1781991.28900342,1.781991
2026-06-28T04:36:17,ul,ue2,717496,1845407.305951042,1.845407
2026-06-28T04:36:17,ul,ue3,717508,1940531.3313724757,1.940531
2026-06-28T04:36:17,ul,ue4,717520,1921506.657399025,1.921507
2026-06-28T04:36:17,ul,ue5,718247,1832724.1353392268,1.832724
2026-06-28T04:36:17,ul,ue6,718259,1820040.9647274113,1.820041
2026-06-28T04:36:17,ul,ue7,718271,1864432.1438130378,1.864432
2026-06-28T04:36:17,ul,ue8,718283,1902481.8195370294,1.902482
2026-06-28T04:36:17,ul,ue9,719028,1896140.152286849,1.896140
2026-06-28T04:36:17,ul,ue10,719040,1845407.305951042,1.845407
2026-06-28T04:36:17,ul,ue11,719052,1851748.8093126775,1.851749
2026-06-28T04:36:17,ul,ue12,719064,1896140.152286849,1.896140
2026-06-28T04:36:23,ul,cu_cp,717252,541279.4164999211,0.541279
2026-06-28T04:36:23,ul,cu_up,717260,598256.1928598654,0.598256
2026-06-28T04:36:23,ul,du1,717440,5013956.6483187005,5.013957
2026-06-28T04:36:23,ul,du2,718203,4956980.036280556,4.956980
2026-06-28T04:36:23,ul,du3,718965,5054654.556989546,5.054655
2026-06-28T04:36:23,ul,ue1,717484,1823257.0078400183,1.823257
2026-06-28T04:36:23,ul,ue2,717496,1884303.5422026874,1.884304
2026-06-28T04:36:23,ul,ue3,717508,1929071.0445544578,1.929071
2026-06-28T04:36:23,ul,ue4,717520,1876164.026197238,1.876164
2026-06-28T04:36:23,ul,ue5,718247,1868024.5101917887,1.868025
2026-06-28T04:36:23,ul,ue6,718259,1798838.4598236703,1.798838
2026-06-28T04:36:23,ul,ue7,718271,1855815.2361836147,1.855815
2026-06-28T04:36:23,ul,ue8,718283,1880233.7841999626,1.880234
2026-06-28T04:36:23,ul,ue9,719028,1855815.2361836147,1.855815
2026-06-28T04:36:23,ul,ue10,719040,1859884.9941863394,1.859885
2026-06-28T04:36:23,ul,ue11,719052,1868024.5101917887,1.868025
2026-06-28T04:36:23,ul,ue12,719064,1904652.4965381098,1.904652
2026-06-28T04:36:28,ul,cu_cp,717252,540587.8398957986,0.540588
2026-06-28T04:36:28,ul,cu_up,717260,589362.7192655433,0.589363
2026-06-28T04:36:28,ul,du1,717440,5056325.540831566,5.056326
2026-06-28T04:36:28,ul,du2,718203,4938453.144530854,4.938453
2026-06-28T04:36:28,ul,du3,718965,5068519.270920697,5.068519
2026-06-28T04:36:28,ul,ue1,717484,1800604.68939409,1.800605
2026-06-28T04:36:28,ul,ue2,717496,1841250.4563578581,1.841250
2026-06-28T04:36:28,ul,ue3,717508,1942864.7098201704,1.942865
2026-06-28T04:36:28,ul,ue4,717520,1906283.5195527792,1.906284
2026-06-28T04:36:28,ul,ue5,718247,1857508.7631433653,1.857509
2026-06-28T04:36:28,ul,ue6,718259,1845315.033054235,1.845315
2026-06-28T04:36:28,ul,ue7,718271,1853444.0224998808,1.853444
2026-06-28T04:36:28,ul,ue8,718283,1894089.7894636488,1.894090
2026-06-28T04:36:28,ul,ue9,719028,1881896.0593745185,1.881896
2026-06-28T04:36:28,ul,ue10,719040,1820927.4089288665,1.820927
2026-06-28T04:36:28,ul,ue11,719052,1845315.033054235,1.845315
2026-06-28T04:36:28,ul,ue12,719064,1845315.033054235,1.845315
2026-06-28T04:36:34,ul,cu_cp,717252,542907.1959623694,0.542907
2026-06-28T04:36:34,ul,cu_up,717260,587407.8059899986,0.587408
2026-06-28T04:36:34,ul,du1,717440,5024116.695809427,5.024117
2026-06-28T04:36:34,ul,du2,718203,4988515.879287715,4.988516
2026-06-28T04:36:34,ul,du3,718965,5019666.511619311,5.019667
2026-06-28T04:36:34,ul,ue1,717484,1811174.0479379368,1.811174
2026-06-28T04:36:34,ul,ue2,717496,1846774.3717102362,1.846774
2026-06-28T04:36:34,ul,ue3,717508,1909075.143624015,1.909075
2026-06-28T04:36:34,ul,ue4,717520,1900175.103743391,1.900175
2026-06-28T04:36:34,ul,ue5,718247,1873474.6556019115,1.873475
2026-06-28T04:36:34,ul,ue6,718259,1820074.0878185607,1.820074
2026-06-28T04:36:34,ul,ue7,718271,1860124.595780976,1.860125
2026-06-28T04:36:34,ul,ue8,718283,1917975.3477544426,1.917975
2026-06-28T04:36:34,ul,ue9,719028,1855674.5758406639,1.855675
2026-06-28T04:36:34,ul,ue10,719040,1860124.595780976,1.860125
2026-06-28T04:36:34,ul,ue11,719052,1877924.8397920274,1.877925
2026-06-28T04:36:34,ul,ue12,719064,1891275.0638627673,1.891275
2026-06-28T04:36:39,ul,cu_cp,717252,539426.1834175086,0.539426
2026-06-28T04:36:39,ul,cu_up,717260,589711.6896948123,0.589712
2026-06-28T04:36:39,ul,du1,717440,4950834.873219481,4.950835
2026-06-28T04:36:39,ul,du2,718203,4914264.162843876,4.914264
2026-06-28T04:36:39,ul,du3,718965,4973692.10055376,4.973692
2026-06-28T04:36:39,ul,ue1,717484,1814849.11348413,1.814849
2026-06-28T04:36:39,ul,ue2,717496,1892562.8987044573,1.892563
2026-06-28T04:36:39,ul,ue3,717508,1947419.948913145,1.947420
2026-06-28T04:36:39,ul,ue4,717520,1929134.2655102492,1.929134
2026-06-28T04:36:39,ul,ue5,718247,1833134.796887026,1.833135
2026-06-28T04:36:39,ul,ue6,718259,1823991.8731318044,1.823992
2026-06-28T04:36:39,ul,ue7,718271,1842277.5565347003,1.842278
2026-06-28T04:36:39,ul,ue8,718283,1919991.5058625746,1.919992
2026-06-28T04:36:39,ul,ue9,719028,1860563.0758300496,1.860563
2026-06-28T04:36:39,ul,ue10,719040,1846848.9363585378,1.846849
2026-06-28T04:36:39,ul,ue11,719052,1860563.0758300496,1.860563
2026-06-28T04:36:39,ul,ue12,719064,1901705.8224596786,1.901706
2026-06-28T04:36:50,ul,cu_cp,717252,541722.023471123,0.541722
2026-06-28T04:36:50,ul,cu_up,717260,601403.2202584809,0.601403
2026-06-28T04:36:50,ul,du1,717440,5031587.507761426,5.031588
2026-06-28T04:36:50,ul,du2,718203,5036178.063116665,5.036178
2026-06-28T04:36:50,ul,du3,718965,5123404.847131424,5.123405
2026-06-28T04:36:50,ul,ue1,717484,1827164.036619687,1.827164
2026-06-28T04:36:50,ul,ue2,717496,1850118.4534656764,1.850118
2026-06-28T04:36:50,ul,ue3,717508,1909799.6092512894,1.909800
2026-06-28T04:36:50,ul,ue4,717520,1877663.4256669045,1.877663
2026-06-28T04:36:50,ul,ue5,718247,1859300.0561970926,1.859300
2026-06-28T04:36:50,ul,ue6,718259,1831754.9199888848,1.831755
2026-06-28T04:36:50,ul,ue7,718271,1863890.9395662905,1.863891
2026-06-28T04:36:50,ul,ue8,718283,1886845.3564122797,1.886845
2026-06-28T04:36:50,ul,ue9,719028,1873072.7063046861,1.873073
2026-06-28T04:36:50,ul,ue10,719040,1873072.7063046861,1.873073
2026-06-28T04:36:50,ul,ue11,719052,1900618.0065198732,1.900618
2026-06-28T04:36:50,ul,ue12,719064,1891436.075774498,1.891436
2026-06-28T04:36:56,ul,cu_cp,717252,543803.6585611724,0.543804
2026-06-28T04:36:56,ul,cu_up,717260,596092.4576878739,0.596092
2026-06-28T04:36:56,ul,du1,717440,5019726.028549804,5.019726
2026-06-28T04:36:56,ul,du2,718203,5040641.531795654,5.040642
2026-06-28T04:36:56,ul,du3,718965,5061556.706944886,5.061557
2026-06-28T04:36:56,ul,ue1,717484,1788277.4960998534,1.788277
2026-06-28T04:36:56,ul,ue2,717496,1840566.0901661683,1.840566
2026-06-28T04:36:56,ul,ue3,717508,1882397.2607061767,1.882397
2026-06-28T04:36:56,ul,ue4,717520,1924228.267197876,1.924228
2026-06-28T04:36:56,ul,ue5,718247,1892855.0123291016,1.892855
2026-06-28T04:36:56,ul,ue6,718259,1851024.0058374023,1.851024
2026-06-28T04:36:56,ul,ue7,718271,1861481.593412018,1.861482
2026-06-28T04:36:56,ul,ue8,718283,1903312.7639520264,1.903313
2026-06-28T04:36:56,ul,ue9,719028,1871939.509083252,1.871940
2026-06-28T04:36:56,ul,ue10,719040,1861481.593412018,1.861482
2026-06-28T04:36:56,ul,ue11,719052,1903312.7639520264,1.903313
2026-06-28T04:36:56,ul,ue12,719064,1882397.2607061767,1.882397
2026-06-28T04:37:01,ul,cu_cp,717252,543878.9043770528,0.543879
2026-06-28T04:37:01,ul,cu_up,717260,600702.0704307449,0.600702
2026-06-28T04:37:01,ul,du1,717440,5000438.612724905,5.000439
2026-06-28T04:37:01,ul,du2,718203,5073497.209271708,5.073497
2026-06-28T04:37:01,ul,du3,718965,5114084.698781891,5.114085
2026-06-28T04:37:01,ul,ue1,717484,1842694.0698780154,1.842694
2026-06-28T04:37:01,ul,ue2,717496,1858929.2953291272,1.858929
2026-06-28T04:37:01,ul,ue3,717508,1915752.5023912191,1.915753
2026-06-28T04:37:01,ul,ue4,717520,1915752.5023912191,1.915753
2026-06-28T04:37:01,ul,ue5,718247,1875164.520780239,1.875165
2026-06-28T04:37:01,ul,ue6,718259,1818341.3137181473,1.818341
2026-06-28T04:37:01,ul,ue7,718271,1867046.9900714827,1.867047
2026-06-28T04:37:01,ul,ue8,718283,1891399.582197752,1.891400
2026-06-28T04:37:01,ul,ue9,719028,1891399.582197752,1.891400
2026-06-28T04:37:01,ul,ue10,719040,1883282.0514889956,1.883282
2026-06-28T04:37:01,ul,ue11,719052,1907634.9716824626,1.907635
2026-06-28T04:37:01,ul,ue12,719064,1883282.0514889956,1.883282
2026-06-28T04:37:07,ul,cu_cp,717252,541050.5359398535,0.541051
2026-06-28T04:37:07,ul,cu_up,717260,574041.3858584905,0.574041
2026-06-28T04:37:07,ul,du1,717440,4975025.125924558,4.975025
2026-06-28T04:37:07,ul,du2,718203,4975025.125924558,4.975025
2026-06-28T04:37:07,ul,du3,718965,5080596.04202832,5.080596
2026-06-28T04:37:07,ul,ue1,717484,1755115.1302216852,1.755115
2026-06-28T04:37:07,ul,ue2,717496,1827695.0736792325,1.827695
2026-06-28T04:37:07,ul,ue3,717508,1906873.0153019,1.906873
2026-06-28T04:37:07,ul,ue4,717520,1893676.855334891,1.893677
2026-06-28T04:37:07,ul,ue5,718247,1840891.2336462415,1.840891
2026-06-28T04:37:07,ul,ue6,718259,1814498.5864386857,1.814499
2026-06-28T04:37:07,ul,ue7,718271,1854087.7208867883,1.854088
2026-06-28T04:37:07,ul,ue8,718283,1880480.3680943442,1.880480
2026-06-28T04:37:07,ul,ue9,719028,1847489.5590848995,1.847490
2026-06-28T04:37:07,ul,ue10,719040,1854087.7208867883,1.854088
2026-06-28T04:37:07,ul,ue11,719052,1867284.0444905662,1.867284
2026-06-28T04:37:07,ul,ue12,719064,1860685.8826886774,1.860686
2026-06-28T04:37:12,ul,cu_cp,717252,543852.6148982554,0.543853
2026-06-28T04:37:12,ul,cu_up,717260,592922.056719029,0.592922
2026-06-28T04:37:12,ul,du1,717440,4964188.225037145,4.964188
2026-06-28T04:37:12,ul,du2,718203,4964188.225037145,4.964188
2026-06-28T04:37:12,ul,du3,718965,5107307.754663515,5.107308
2026-06-28T04:37:12,ul,ue1,717484,1791033.4179552197,1.791033
2026-06-28T04:37:12,ul,ue2,717496,1844191.9833415747,1.844192
2026-06-28T04:37:12,ul,ue3,717508,1934152.4559871436,1.934152
2026-06-28T04:37:12,ul,ue4,717520,1913706.87912544,1.913707
2026-06-28T04:37:12,ul,ue5,718247,1864637.560203278,1.864638
2026-06-28T04:37:12,ul,ue6,718259,1819657.1600156785,1.819657
2026-06-28T04:37:12,ul,ue7,718271,1872815.7254020334,1.872816
2026-06-28T04:37:12,ul,ue8,718283,1917796.125589633,1.917796
2026-06-28T04:37:12,ul,ue9,719028,1852370.14854033,1.852370
2026-06-28T04:37:12,ul,ue10,719040,1860548.313739085,1.860548
2026-06-28T04:37:12,ul,ue11,719052,1889172.219664359,1.889172
2026-06-28T04:37:12,ul,ue12,719064,1909617.7965260625,1.909618
2026-06-28T04:37:18,ul,cu_cp,717252,530886.945822578,0.530887
2026-06-28T04:37:18,ul,cu_up,717260,599780.7129693353,0.599781
2026-06-28T04:37:18,ul,du1,717440,5008979.3479793575,5.008979
2026-06-28T04:37:18,ul,du2,718203,4948191.005116139,4.948191
2026-06-28T04:37:18,ul,du3,718965,5053557.663069647,5.053558
2026-06-28T04:37:18,ul,ue1,717484,1787184.3718400644,1.787184
2026-06-28T04:37:18,ul,ue2,717496,1847973.0430209422,1.847973
2026-06-28T04:37:18,ul,ue3,717508,1924971.906133579,1.924972
2026-06-28T04:37:18,ul,ue4,717520,1920919.317110932,1.920919
2026-06-28T04:37:18,ul,ue5,718247,1843920.2898394656,1.843920
2026-06-28T04:37:18,ul,ue6,718259,1852025.46788476,1.852025
2026-06-28T04:37:18,ul,ue7,718271,1864183.2349527013,1.864183
2026-06-28T04:37:18,ul,ue8,718283,1896603.782975049,1.896604
2026-06-28T04:37:18,ul,ue9,719028,1868235.8239753484,1.868236
2026-06-28T04:37:18,ul,ue10,719040,1815552.330839765,1.815552
2026-06-28T04:37:18,ul,ue11,719052,1876341.0020206429,1.876341
2026-06-28T04:37:18,ul,ue12,719064,1892551.1939524019,1.892551
2026-06-28T04:37:24,ul,cu_cp,717252,538749.5354282493,0.538750
2026-06-28T04:37:24,ul,cu_up,717260,590469.4516941026,0.590469
2026-06-28T04:37:24,ul,du1,717440,4952185.815819809,4.952186
2026-06-28T04:37:24,ul,du2,718203,5025455.241577616,5.025455
2026-06-28T04:37:24,ul,du3,718965,5003905.855411057,5.003906
2026-06-28T04:37:24,ul,ue1,717484,1818818.5421053232,1.818819
2026-06-28T04:37:24,ul,ue2,717496,1896398.4370583356,1.896398
2026-06-28T04:37:24,ul,ue3,717508,1935188.3845348419,1.935188
2026-06-28T04:37:24,ul,ue4,717520,1909328.3647392178,1.909328
2026-06-28T04:37:24,ul,ue5,718247,1874848.393156339,1.874848
2026-06-28T04:37:24,ul,ue6,718259,1844678.3974670875,1.844678
2026-06-28T04:37:24,ul,ue7,718271,1883468.3449435937,1.883468
2026-06-28T04:37:24,ul,ue8,718283,1879158.3690499663,1.879158
2026-06-28T04:37:24,ul,ue9,719028,1896398.4370583356,1.896398
2026-06-28T04:37:24,ul,ue10,719040,1823128.3535650908,1.823128
2026-06-28T04:37:24,ul,ue11,719052,1870538.252828852,1.870538
2026-06-28T04:37:24,ul,ue12,719064,1909328.3647392178,1.909328
2026-06-28T04:37:29,ul,cu_cp,717252,535924.3185288608,0.535924
2026-06-28T04:37:29,ul,cu_up,717260,600051.9764777407,0.600052
2026-06-28T04:37:29,ul,du1,717440,4960735.059432316,4.960735
2026-06-28T04:37:29,ul,du2,718203,4992799.237716603,4.992799
2026-06-28T04:37:29,ul,du3,718965,5143957.526361632,5.143958
2026-06-28T04:37:29,ul,ue1,717484,1800155.888337946,1.800156
2026-06-28T04:37:29,ul,ue2,717496,1841381.0255875946,1.841381
2026-06-28T04:37:29,ul,ue3,717508,1937572.5741538287,1.937573
2026-06-28T04:37:29,ul,ue4,717520,1928411.4508073628,1.928411
2026-06-28T04:37:29,ul,ue5,718247,1873444.7107285678,1.873445
2026-06-28T04:37:29,ul,ue6,718259,1868864.2312458872,1.868864
2026-06-28T04:37:29,ul,ue7,718271,1896347.6012852849,1.896348
2026-06-28T04:37:29,ul,ue8,718283,1900928.0807679654,1.900928
2026-06-28T04:37:29,ul,ue9,719028,1882605.9984561384,1.882606
2026-06-28T04:37:29,ul,ue10,719040,1873444.7107285678,1.873445
2026-06-28T04:37:29,ul,ue11,719052,1887186.3135577142,1.887186
2026-06-28T04:37:29,ul,ue12,719064,1914669.6835971116,1.914670
2026-06-28T04:37:35,ul,cu_cp,717252,537248.6707874921,0.537249
2026-06-28T04:37:35,ul,cu_up,717260,592351.0953997922,0.592351
2026-06-28T04:37:35,ul,du1,717440,4977585.895428216,4.977586
2026-06-28T04:37:35,ul,du2,718203,4977585.895428216,4.977586
2026-06-28T04:37:35,ul,du3,718965,5069423.228691962,5.069423
2026-06-28T04:37:35,ul,ue1,717484,1795420.719980055,1.795421
2026-06-28T04:37:35,ul,ue2,717496,1827563.852366507,1.827564
2026-06-28T04:37:35,ul,ue3,717508,1946952.4184814466,1.946952
2026-06-28T04:37:35,ul,ue4,717520,1905625.6513848316,1.905626
2026-06-28T04:37:35,ul,ue5,718247,1878074.4185336374,1.878074
2026-06-28T04:37:35,ul,ue6,718259,1891850.117139411,1.891850
2026-06-28T04:37:35,ul,ue7,718271,1896441.852314316,1.896442
2026-06-28T04:37:35,ul,ue8,718283,1901033.7518495738,1.901034
2026-06-28T04:37:35,ul,ue9,719028,1905625.6513848316,1.905626
2026-06-28T04:37:35,ul,ue10,719040,1859706.984752959,1.859707
2026-06-28T04:37:35,ul,ue11,719052,1910217.3865597367,1.910217
2026-06-28T04:37:35,ul,ue12,719064,1937768.7837712837,1.937769
2026-06-28T04:37:40,ul,cu_cp,717252,540598.771648196,0.540599
2026-06-28T04:37:40,ul,cu_up,717260,586412.2533013952,0.586412
2026-06-28T04:37:40,ul,du1,717440,4984504.1120277075,4.984504
2026-06-28T04:37:40,ul,du2,718203,5002829.307725058,5.002829
2026-06-28T04:37:40,ul,du3,718965,5034899.302946763,5.034899
2026-06-28T04:37:40,ul,ue1,717484,1795887.5616404056,1.795888
2026-06-28T04:37:40,ul,ue2,717496,1855445.0221349215,1.855445
2026-06-28T04:37:40,ul,ue3,717508,1919583.863622079,1.919584
2026-06-28T04:37:40,ul,ue4,717520,1905839.8847807623,1.905840
2026-06-28T04:37:40,ul,ue5,718247,1873770.3819688796,1.873770
2026-06-28T04:37:40,ul,ue6,718259,1855445.0221349215,1.855445
2026-06-28T04:37:40,ul,ue7,718271,1882933.1439541625,1.882933
2026-06-28T04:37:40,ul,ue8,718283,1887514.3608101965,1.887514
2026-06-28T04:37:40,ul,ue9,719028,1873770.3819688796,1.873770
2026-06-28T04:37:40,ul,ue10,719040,1827956.9003156805,1.827957
2026-06-28T04:37:40,ul,ue11,719052,1901258.5037881208,1.901259
2026-06-28T04:37:40,ul,ue12,719064,1910421.2657734037,1.910421
2026-06-28T04:37:46,ul,cu_cp,717252,546910.3075978756,0.546910
2026-06-28T04:37:46,ul,cu_up,717260,603487.2118675109,0.603487
2026-06-28T04:37:46,ul,du1,717440,4959910.731971391,4.959911
2026-06-28T04:37:46,ul,du2,718203,5016487.512892637,5.016488
2026-06-28T04:37:46,ul,du3,718965,5063634.885148516,5.063635
2026-06-28T04:37:46,ul,ue1,717484,1838750.149411545,1.838750
2026-06-28T04:37:46,ul,ue2,717496,1914186.0765925646,1.914186
2026-06-28T04:37:46,ul,ue3,717508,1951904.0401830745,1.951904
2026-06-28T04:37:46,ul,ue4,717520,1933045.0583878194,1.933045
2026-06-28T04:37:46,ul,ue5,718247,1857609.1312067998,1.857609
2026-06-28T04:37:46,ul,ue6,718259,1857609.1312067998,1.857609
2026-06-28T04:37:46,ul,ue7,718271,1904756.667927196,1.904757
2026-06-28T04:37:46,ul,ue8,718283,1895326.9303327918,1.895327
2026-06-28T04:37:46,ul,ue9,719028,1885897.5216674232,1.885898
2026-06-28T04:37:46,ul,ue10,719040,1885897.5216674232,1.885898
2026-06-28T04:37:46,ul,ue11,719052,1914186.0765925646,1.914186
2026-06-28T04:37:46,ul,ue12,719064,1951904.0401830745,1.951904
2026-06-28T04:37:51,ul,cu_cp,717252,532990.6479140642,0.532991
2026-06-28T04:37:51,ul,cu_up,717260,586289.6839309547,0.586290
2026-06-28T04:37:51,ul,du1,717440,5040568.772836048,5.040569
2026-06-28T04:37:51,ul,du2,718203,5010111.851974785,5.010112
2026-06-28T04:37:51,ul,du3,718965,5078639.266209405,5.078639
2026-06-28T04:37:51,ul,ue1,717484,1789325.684908967,1.789326
2026-06-28T04:37:51,ul,ue2,717496,1888309.6911532378,1.888310
2026-06-28T04:37:51,ul,ue3,717508,1949223.039598347,1.949223
2026-06-28T04:37:51,ul,ue4,717520,1926380.5133782052,1.926381
2026-06-28T04:37:51,ul,ue5,718247,1903537.9871580636,1.903538
2026-06-28T04:37:51,ul,ue6,718259,1865467.329358902,1.865467
2026-06-28T04:37:51,ul,ue7,718271,1918766.2831628895,1.918766
2026-06-28T04:37:51,ul,ue8,718283,1903537.9871580636,1.903538
2026-06-28T04:37:51,ul,ue9,719028,1888309.6911532378,1.888310
2026-06-28T04:37:51,ul,ue10,719040,1873081.395148412,1.873081
2026-06-28T04:37:51,ul,ue11,719052,1888309.6911532378,1.888310
2026-06-28T04:37:51,ul,ue12,719064,1949223.039598347,1.949223
2026-06-28T04:37:57,ul,cu_cp,717252,538861.8010835713,0.538862
2026-06-28T04:37:57,ul,cu_up,717260,591931.5780447578,0.591932
2026-06-28T04:37:57,ul,du1,717440,5070199.677564695,5.070200
2026-06-28T04:37:57,ul,du2,718203,4984472.050112154,4.984472
2026-06-28T04:37:57,ul,du3,718965,5057953.014426947,5.057953
2026-06-28T04:37:57,ul,ue1,717484,1796206.0036119043,1.796206
2026-06-28T04:37:57,ul,ue2,717496,1820699.8226315521,1.820700
2026-06-28T04:37:57,ul,ue3,717508,1898263.1722403108,1.898263
2026-06-28T04:37:57,ul,ue4,717520,1930921.433351791,1.930921
2026-06-28T04:37:57,ul,ue5,718247,1841111.2563572335,1.841111
2026-06-28T04:37:57,ul,ue6,718259,1845193.4774031497,1.845193
2026-06-28T04:37:57,ul,ue7,718271,1902345.5575342774,1.902346
2026-06-28T04:37:57,ul,ue8,718283,1914592.2206720256,1.914592
2026-06-28T04:37:57,ul,ue9,719028,1890098.7301484786,1.890099
2026-06-28T04:37:57,ul,ue10,719040,1865604.9111288309,1.865605
2026-06-28T04:37:57,ul,ue11,719052,1910510.16387416,1.910510
2026-06-28T04:37:57,ul,ue12,719064,1939086.0396916736,1.939086
2026-06-28T04:38:03,ul,cu_cp,717252,531930.3609305737,0.531930
2026-06-28T04:38:03,ul,cu_up,717260,588777.906967792,0.588778
2026-06-28T04:38:03,ul,du1,717440,5079732.039031205,5.079732
2026-06-28T04:38:03,ul,du2,718203,4937613.276227794,4.937613
2026-06-28T04:38:03,ul,du3,718965,5006642.249306524,5.006642
2026-06-28T04:38:03,ul,ue1,717484,1835362.7758138133,1.835363
2026-06-28T04:38:03,ul,ue2,717496,1839423.265132935,1.839423
2026-06-28T04:38:03,ul,ue3,717508,1920634.0334958602,1.920634
2026-06-28T04:38:03,ul,ue4,717520,1871907.6706761539,1.871908
2026-06-28T04:38:03,ul,ue5,718247,1835362.7758138133,1.835363
2026-06-28T04:38:03,ul,ue6,718259,1835362.7758138133,1.835363
2026-06-28T04:38:03,ul,ue7,718271,1892210.2809351778,1.892210
2026-06-28T04:38:03,ul,ue8,718283,1908452.5655384946,1.908453
2026-06-28T04:38:03,ul,ue9,719028,1839423.265132935,1.839423
2026-06-28T04:38:03,ul,ue10,719040,1867847.0176936174,1.867847
2026-06-28T04:38:03,ul,ue11,719052,1912513.0548576163,1.912513
2026-06-28T04:38:03,ul,ue12,719064,1904391.9125559581,1.904392
2026-06-28T04:38:08,ul,cu_cp,717252,543492.6164120674,0.543493
2026-06-28T04:38:08,ul,cu_up,717260,588443.1301646307,0.588443
2026-06-28T04:38:08,ul,du1,717440,5054889.6330329655,5.054890
2026-06-28T04:38:08,ul,du2,718203,4956815.784845555,4.956816
2026-06-28T04:38:08,ul,du3,718965,5079408.012999487,5.079408
2026-06-28T04:38:08,ul,ue1,717484,1834798.2842129767,1.834798
2026-06-28T04:38:08,ul,ue2,717496,1826625.381450361,1.826625
2026-06-28T04:38:08,ul,ue3,717508,1936958.5837816955,1.936959
2026-06-28T04:38:08,ul,ue4,717520,1920612.9424171268,1.920613
2026-06-28T04:38:08,ul,ue5,718247,1863403.2797214687,1.863403
2026-06-28T04:38:08,ul,ue6,718259,1904267.3010525585,1.904267
2026-06-28T04:38:08,ul,ue7,718271,1957390.5123669088,1.957391
2026-06-28T04:38:08,ul,ue8,718283,1936958.5837816955,1.936959
2026-06-28T04:38:08,ul,ue9,719028,1896094.3982899426,1.896094
2026-06-28T04:38:08,ul,ue10,719040,1855230.376958853,1.855230
2026-06-28T04:38:08,ul,ue11,719052,1867489.5669421137,1.867490
2026-06-28T04:38:08,ul,ue12,719064,1900180.8496712507,1.900181
2026-06-28T04:38:14,ul,cu_cp,717252,534557.7409597876,0.534558
2026-06-28T04:38:14,ul,cu_up,717260,601938.9407782772,0.601939
2026-06-28T04:38:14,ul,du1,717440,5004179.017510445,5.004179
2026-06-28T04:38:14,ul,du2,718203,5022147.601046955,5.022148
2026-06-28T04:38:14,ul,du3,718965,5080544.50909719,5.080545
2026-06-28T04:38:14,ul,ue1,717484,1823785.1999456286,1.823785
2026-06-28T04:38:14,ul,ue2,717496,1873198.1457087493,1.873198
2026-06-28T04:38:14,ul,ue3,717508,1945071.4914113665,1.945071
2026-06-28T04:38:14,ul,ue4,717520,1891166.3997641183,1.891166
2026-06-28T04:38:14,ul,ue5,718247,1882182.2727364337,1.882182
2026-06-28T04:38:14,ul,ue6,718259,1904642.6726759302,1.904643
2026-06-28T04:38:14,ul,ue7,718271,1972023.8724944198,1.972024
2026-06-28T04:38:14,ul,ue8,718283,1931595.2184995543,1.931595
2026-06-28T04:38:14,ul,ue9,719028,1922611.09147187,1.922611
2026-06-28T04:38:14,ul,ue10,719040,1882182.2727364337,1.882182
2026-06-28T04:38:14,ul,ue11,719052,1895658.5456482458,1.895659
2026-06-28T04:38:14,ul,ue12,719064,1963039.7454667354,1.963040
2026-06-28T04:38:19,ul,cu_cp,717252,545444.9912618863,0.545445
2026-06-28T04:38:19,ul,cu_up,717260,600447.8482153416,0.600448
2026-06-28T04:38:19,ul,du1,717440,4982341.762126961,4.982342
2026-06-28T04:38:19,ul,du2,718203,4931922.648083239,4.931923
2026-06-28T04:38:19,ul,du3,718965,5147350.579942928,5.147351
2026-06-28T04:38:19,ul,ue1,717484,1801343.3800089573,1.801343
2026-06-28T04:38:19,ul,ue2,717496,1856346.3192809462,1.856346
2026-06-28T04:38:19,ul,ue3,717508,1957184.8766425252,1.957185
2026-06-28T04:38:19,ul,ue4,717520,1929683.4070065308,1.929683
2026-06-28T04:38:19,ul,ue5,718247,1879264.2929628086,1.879264
2026-06-28T04:38:19,ul,ue6,718259,1893014.9454622723,1.893015
2026-06-28T04:38:19,ul,ue7,718271,1938850.5635518623,1.938851
2026-06-28T04:38:19,ul,ue8,718283,1943434.2241430616,1.943434
2026-06-28T04:38:19,ul,ue9,719028,1897598.4414164042,1.897598
2026-06-28T04:38:19,ul,ue10,719040,1851762.8233268142,1.851763
2026-06-28T04:38:19,ul,ue11,719052,1911349.0939158679,1.911349
2026-06-28T04:38:19,ul,ue12,719064,1952601.216051326,1.952601
2026-06-28T04:38:25,ul,cu_cp,717252,531846.0231250435,0.531846
2026-06-28T04:38:25,ul,cu_up,717260,582279.6796631194,0.582280
2026-06-28T04:38:25,ul,du1,717440,5034197.519545879,5.034198
2026-06-28T04:38:25,ul,du2,718203,4919575.703632345,4.919576
2026-06-28T04:38:25,ul,du3,718965,5089216.188451076,5.089216
2026-06-28T04:38:25,ul,ue1,717484,1792687.7653547716,1.792688
2026-06-28T04:38:25,ul,ue2,717496,1820197.0998073698,1.820197
2026-06-28T04:38:25,ul,ue3,717508,1948573.8295305776,1.948574
2026-06-28T04:38:25,ul,ue4,717520,1934819.0801098205,1.934819
2026-06-28T04:38:25,ul,ue5,718247,1852291.2411409426,1.852291
2026-06-28T04:38:25,ul,ue6,718259,1948573.8295305776,1.948574
2026-06-28T04:38:25,ul,ue7,718271,2008177.140927832,2.008177
2026-06-28T04:38:25,ul,ue8,718283,1953158.6364115523,1.953159
2026-06-28T04:38:25,ul,ue9,719028,1893555.1606253814,1.893555
2026-06-28T04:38:25,ul,ue10,719040,1852291.2411409426,1.852291
2026-06-28T04:38:25,ul,ue11,719052,1907309.7456572223,1.907310
2026-06-28T04:38:25,ul,ue12,719064,1939403.8869907951,1.939404
2026-06-28T04:38:30,ul,cu_cp,717252,529251.4099544663,0.529251
2026-06-28T04:38:30,ul,cu_up,717260,584381.7771124789,0.584382
2026-06-28T04:38:30,ul,du1,717440,5105070.449538824,5.105070
2026-06-28T04:38:30,ul,du2,718203,4895575.193692787,4.895575
2026-06-28T04:38:30,ul,du3,718965,5060966.254180234,5.060966
2026-06-28T04:38:30,ul,ue1,717484,1775197.4700033236,1.775197
2026-06-28T04:38:30,ul,ue2,717496,1852379.9758272232,1.852380
2026-06-28T04:38:30,ul,ue3,717508,1929562.3177047574,1.929562
2026-06-28T04:38:30,ul,ue4,717520,1918536.2688651097,1.918536
2026-06-28T04:38:30,ul,ue5,718247,1841353.7630412101,1.841354
2026-06-28T04:38:30,ul,ue6,718259,1874431.9095601535,1.874432
2026-06-28T04:38:30,ul,ue7,718271,1918536.2688651097,1.918536
2026-06-28T04:38:30,ul,ue8,718283,1907510.2200254619,1.907510
2026-06-28T04:38:30,ul,ue9,719028,1896484.171185814,1.896484
2026-06-28T04:38:30,ul,ue10,719040,1874431.9095601535,1.874432
2026-06-28T04:38:30,ul,ue11,719052,1885458.1223461663,1.885458
2026-06-28T04:38:30,ul,ue12,719064,1907510.2200254619,1.907510
2026-06-28T04:38:36,ul,cu_cp,717252,543840.897947967,0.543841
2026-06-28T04:38:36,ul,cu_up,717260,594825.9654926658,0.594826
2026-06-28T04:38:36,ul,du1,717440,4971045.969532967,4.971046
2026-06-28T04:38:36,ul,du2,718203,5005035.905349731,5.005036
2026-06-28T04:38:36,ul,du3,718965,5047523.488940239,5.047523
2026-06-28T04:38:36,ul,ue1,717484,1750487.9197063446,1.750488
2026-06-28T04:38:36,ul,ue2,717496,1835463.0868873596,1.835463
2026-06-28T04:38:36,ul,ue3,717508,1937433.221976757,1.937433
2026-06-28T04:38:36,ul,ue4,717520,1945930.8697504997,1.945931
2026-06-28T04:38:36,ul,ue5,718247,1843960.5708415508,1.843961
2026-06-28T04:38:36,ul,ue6,718259,1869453.186523676,1.869453
2026-06-28T04:38:36,ul,ue7,718271,1937433.221976757,1.937433
2026-06-28T04:38:36,ul,ue8,718283,1903443.1223404408,1.903443
2026-06-28T04:38:36,ul,ue9,719028,1843960.5708415508,1.843961
2026-06-28T04:38:36,ul,ue10,719040,1843960.5708415508,1.843961
2026-06-28T04:38:36,ul,ue11,719052,1920438.2540683746,1.920438
2026-06-28T04:38:36,ul,ue12,719064,1894945.6383862495,1.894946
2026-06-28T04:38:42,ul,cu_cp,717252,531166.8287144911,0.531167
2026-06-28T04:38:42,ul,cu_up,717260,580090.0908742845,0.580090
2026-06-28T04:38:42,ul,du1,717440,4948238.327944269,4.948238
2026-06-28T04:38:42,ul,du2,718203,5018128.9604718685,5.018129
2026-06-28T04:38:42,ul,du3,718965,5060062.551874132,5.060063
2026-06-28T04:38:42,ul,ue1,717484,1803171.6859167386,1.803172
2026-06-28T04:38:42,ul,ue2,717496,1845105.7698904371,1.845106
2026-06-28T04:38:42,ul,ue3,717508,1928974.266218791,1.928974
2026-06-28T04:38:42,ul,ue4,717520,1914996.0740370797,1.914996
2026-06-28T04:38:42,ul,ue5,718247,1873061.9900633811,1.873062
2026-06-28T04:38:42,ul,ue6,718259,1908007.1421367025,1.908007
2026-06-28T04:38:42,ul,ue7,718271,1921985.3343184136,1.921985
2026-06-28T04:38:42,ul,ue8,718283,1901018.2102363252,1.901018
2026-06-28T04:38:42,ul,ue9,719028,1866072.8939725256,1.866073
2026-06-28T04:38:42,ul,ue10,719040,1873061.9900633811,1.873062
2026-06-28T04:38:42,ul,ue11,719052,1928974.266218791,1.928974
2026-06-28T04:38:42,ul,ue12,719064,1921985.3343184136,1.921985
2026-06-28T04:38:47,ul,cu_cp,717252,544488.1662847566,0.544488
2026-06-28T04:38:47,ul,cu_up,717260,593614.9432102954,0.593615
2026-06-28T04:38:47,ul,du1,717440,5092806.860617447,5.092807
2026-06-28T04:38:47,ul,du2,718203,5055961.520540609,5.055962
2026-06-28T04:38:47,ul,du3,718965,5092806.860617447,5.092807
2026-06-28T04:38:47,ul,ue1,717484,1821783.789811554,1.821784
2026-06-28T04:38:47,ul,ue2,717496,1846347.2400461673,1.846347
2026-06-28T04:38:47,ul,ue3,717508,1936412.894789915,1.936413
2026-06-28T04:38:47,ul,ue4,717520,1960976.3450245284,1.960976
2026-06-28T04:38:47,ul,ue5,718247,1887285.9943206883,1.887286
2026-06-28T04:38:47,ul,ue6,718259,1903661.6278104305,1.903662
2026-06-28T04:38:47,ul,ue7,718271,1932318.9864174796,1.932319
2026-06-28T04:38:47,ul,ue8,718283,1956882.2719271756,1.956882
2026-06-28T04:38:47,ul,ue9,719028,1903661.6278104305,1.903662
2026-06-28T04:38:47,ul,ue10,719040,1879098.3423007345,1.879098
2026-06-28T04:38:47,ul,ue11,719052,1920037.261300173,1.920037
2026-06-28T04:38:47,ul,ue12,719064,1952788.3635547399,1.952788
2026-06-28T04:38:53,ul,cu_cp,717252,539818.5584105015,0.539819
2026-06-28T04:38:53,ul,cu_up,717260,601161.6624873304,0.601162
2026-06-28T04:38:53,ul,du1,717440,5005590.50841219,5.005591
2026-06-28T04:38:53,ul,du2,718203,5013769.819488773,5.013770
2026-06-28T04:38:53,ul,du3,718965,5071023.350360527,5.071023
2026-06-28T04:38:53,ul,ue1,717484,1811663.8868724918,1.811664
2026-06-28T04:38:53,ul,ue2,717496,1860738.271334095,1.860738
2026-06-28T04:38:53,ul,ue3,717508,1967066.1866674519,1.967066
2026-06-28T04:38:53,ul,ue4,717520,1958887.2049237348,1.958887
2026-06-28T04:38:53,ul,ue5,718247,1881186.0550262546,1.881186
2026-06-28T04:38:53,ul,ue6,718259,1905723.1649238395,1.905723
2026-06-28T04:38:53,ul,ue7,718271,1946618.5676417255,1.946619
2026-06-28T04:38:53,ul,ue8,718283,1950708.058513584,1.950708
2026-06-28T04:38:53,ul,ue9,719028,1905723.1649238395,1.905723
2026-06-28T04:38:53,ul,ue10,719040,1877096.564154396,1.877097
2026-06-28T04:38:53,ul,ue11,719052,1946618.5676417255,1.946619
2026-06-28T04:38:53,ul,ue12,719064,1971155.6775393104,1.971156
2026-06-28T04:38:58,ul,cu_cp,717252,541225.3824255753,0.541225
2026-06-28T04:38:58,ul,cu_up,717260,595767.4742696423,0.595767
2026-06-28T04:38:58,ul,du1,717440,5022067.73837358,5.022068
2026-06-28T04:38:58,ul,du2,718203,4938157.347799258,4.938157
2026-06-28T04:38:58,ul,du3,718965,5135347.6229405925,5.135348
2026-06-28T04:38:58,ul,ue1,717484,1829257.824175818,1.829258
2026-06-28T04:38:58,ul,ue2,717496,1871213.1843267633,1.871213
2026-06-28T04:38:58,ul,ue3,717508,1971906.3784166002,1.971906
2026-06-28T04:38:58,ul,ue4,717520,1950928.6159092356,1.950929
2026-06-28T04:38:58,ul,ue5,718247,1875408.80277375,1.875409
2026-06-28T04:38:58,ul,ue6,718259,1900582.1837281012,1.900582
2026-06-28T04:38:58,ul,ue7,718271,1955124.2343562222,1.955124
2026-06-28T04:38:58,ul,ue8,718283,1946732.997462249,1.946733
2026-06-28T04:38:58,ul,ue9,719028,1921559.7813716817,1.921560
2026-06-28T04:38:58,ul,ue10,719040,1883799.874803939,1.883800
2026-06-28T04:38:58,ul,ue11,719052,1925755.3998186684,1.925755
2026-06-28T04:38:58,ul,ue12,719064,1988688.5224769784,1.988689
2026-06-28T04:39:04,ul,cu_cp,717252,536200.4264556393,0.536200
2026-06-28T04:39:04,ul,cu_up,717260,586612.484050028,0.586612
2026-06-28T04:39:04,ul,du1,717440,4990788.600525439,4.990789
2026-06-28T04:39:04,ul,du2,718203,5009120.437351048,5.009120
2026-06-28T04:39:04,ul,du3,718965,5096195.6749206185,5.096196
2026-06-28T04:39:04,ul,ue1,717484,1801083.5501919985,1.801084
2026-06-28T04:39:04,ul,ue2,717496,1874410.074701041,1.874410
2026-06-28T04:39:04,ul,ue3,717508,1933987.8861495554,1.933988
2026-06-28T04:39:04,ul,ue4,717520,1901907.500822097,1.901908
2026-06-28T04:39:04,ul,ue5,718247,1874410.074701041,1.874410
2026-06-28T04:39:04,ul,ue6,718259,1860661.361640513,1.860661
2026-06-28T04:39:04,ul,ue7,718271,1920239.1730890274,1.920239
2026-06-28T04:39:04,ul,ue8,718283,1920239.1730890274,1.920239
2026-06-28T04:39:04,ul,ue9,719028,1906490.4600284994,1.906490
2026-06-28T04:39:04,ul,ue10,719040,1842329.6893735826,1.842330
2026-06-28T04:39:04,ul,ue11,719052,1929404.9269431531,1.929405
2026-06-28T04:39:04,ul,ue12,719064,1952319.5584164858,1.952320
2026-06-28T04:39:10,ul,cu_cp,717252,541531.1990550625,0.541531
2026-06-28T04:39:10,ul,cu_up,717260,582834.4672763147,0.582834
2026-06-28T04:39:10,ul,du1,717440,5016047.709481835,5.016048
2026-06-28T04:39:10,ul,du2,718203,5048172.194581091,5.048172
2026-06-28T04:39:10,ul,du3,718965,5061940.019279309,5.061940
2026-06-28T04:39:10,ul,ue1,717484,1798985.0002507162,1.798985
2026-06-28T04:39:10,ul,ue2,717496,1858645.2994451248,1.858645
2026-06-28T04:39:10,ul,ue3,717508,1913716.2688405549,1.913716
2026-06-28T04:39:10,ul,ue4,717520,1918305.5986395336,1.918306
2026-06-28T04:39:10,ul,ue5,718247,1886180.78414284,1.886181
2026-06-28T04:39:10,ul,ue6,718259,1844877.6394456266,1.844878
2026-06-28T04:39:10,ul,ue7,718271,1945840.9186385297,1.945841
2026-06-28T04:39:10,ul,ue8,718283,1927484.0935387718,1.927484
2026-06-28T04:39:10,ul,ue9,719028,1886180.78414284,1.886181
2026-06-28T04:39:10,ul,ue10,719040,1863234.6292441033,1.863235
2026-06-28T04:39:10,ul,ue11,719052,1922894.7637397933,1.922895
2026-06-28T04:39:10,ul,ue12,719064,1941251.75353827,1.941252
2026-06-28T04:39:15,ul,cu_cp,717252,569114.6556975761,0.569115
2026-06-28T04:39:15,ul,cu_up,717260,607055.6781466294,0.607056
2026-06-28T04:39:15,ul,du1,717440,5278538.273040807,5.278538
2026-06-28T04:39:15,ul,du2,718203,5164715.673907425,5.164716
2026-06-28T04:39:15,ul,du3,718965,5288024.113920293,5.288024
2026-06-28T04:39:15,ul,ue1,717484,1878078.334006579,1.878078
2026-06-28T04:39:15,ul,ue2,717496,1925504.4737320065,1.925504
2026-06-28T04:39:15,ul,ue3,717508,1987158.6937384403,1.987159
2026-06-28T04:39:15,ul,ue4,717520,1996643.8535797035,1.996644
2026-06-28T04:39:15,ul,ue5,718247,1920762.0640709305,1.920762
2026-06-28T04:39:15,ul,ue6,718259,1972930.9539765453,1.972931
2026-06-28T04:39:15,ul,ue7,718271,2015614.3435217857,2.015614
2026-06-28T04:39:15,ul,ue8,718283,1996643.8535797035,1.996644
2026-06-28T04:39:15,ul,ue9,719028,1930247.2239121937,1.930247
2026-06-28T04:39:15,ul,ue10,719040,1901791.5741288483,1.901792
2026-06-28T04:39:15,ul,ue11,719052,2010871.763601154,2.010872
2026-06-28T04:39:15,ul,ue12,719064,2006129.1836805225,2.006129
2026-06-28T04:39:21,ul,cu_cp,717252,612986.8264318109,0.612987
2026-06-28T04:39:21,ul,cu_up,717260,699020.0542133212,0.699020
2026-06-28T04:39:21,ul,du1,717440,5463110.188378906,5.463110
2026-06-28T04:39:21,ul,du2,718203,5484619.100807381,5.484619
2026-06-28T04:39:21,ul,du3,718965,5656685.376968002,5.656685
2026-06-28T04:39:21,ul,ue1,717484,1946502.0364476205,1.946502
2026-06-28T04:39:21,ul,ue2,717496,2064797.6461586475,2.064798
2026-06-28T04:39:21,ul,ue3,717508,2183093.435272074,2.183093
2026-06-28T04:39:21,ul,ue4,717520,2161585.0610507964,2.161585
2026-06-28T04:39:21,ul,ue5,718247,2075551.9229704856,2.075552
2026-06-28T04:39:21,ul,ue6,718259,2140076.8662319183,2.140077
2026-06-28T04:39:21,ul,ue7,718271,2172339.1584602357,2.172339
2026-06-28T04:39:21,ul,ue8,718283,2140076.8662319183,2.140077
2026-06-28T04:39:21,ul,ue9,719028,2097060.117789364,2.097060
2026-06-28T04:39:21,ul,ue10,719040,2075551.9229704856,2.075552
2026-06-28T04:39:21,ul,ue11,719052,2107814.394601202,2.107814
2026-06-28T04:39:21,ul,ue12,719064,2140076.8662319183,2.140077
2026-06-28T04:39:26,ul,cu_cp,717252,598290.0497687503,0.598290
2026-06-28T04:39:26,ul,cu_up,717260,639838.0132404793,0.639838
2026-06-28T04:39:26,ul,du1,717440,5459396.85250298,5.459397
2026-06-28T04:39:26,ul,du2,718203,5309824.307091207,5.309824
2026-06-28T04:39:26,ul,du3,718965,5367991.447159738,5.367991
2026-06-28T04:39:26,ul,ue1,717484,1761631.7521531999,1.761632
2026-06-28T04:39:26,ul,ue2,717496,2077395.9756141007,2.077396
2026-06-28T04:39:26,ul,ue3,717508,2202039.8220698405,2.202040
2026-06-28T04:39:26,ul,ue4,717520,2143872.6820013095,2.143873
2026-06-28T04:39:26,ul,ue5,718247,1902894.731246295,1.902895
2026-06-28T04:39:26,ul,ue6,718259,2160491.814638665,2.160492
2026-06-28T04:39:26,ul,ue7,718271,2152182.248319987,2.152182
2026-06-28T04:39:26,ul,ue8,718283,2143872.6820013095,2.143873
2026-06-28T04:39:26,ul,ue9,719028,1803179.7595843757,1.803180
2026-06-28T04:39:26,ul,ue10,719040,2060776.8429767455,2.060777
2026-06-28T04:39:26,ul,ue11,719052,2127253.549363954,2.127254
2026-06-28T04:39:26,ul,ue12,719064,2160491.814638665,2.160492
2026-06-28T04:39:32,ul,cu_cp,717252,579150.2284523732,0.579150
2026-06-28T04:39:32,ul,cu_up,717260,586044.8081544695,0.586045
2026-06-28T04:39:32,ul,du1,717440,5143405.205054913,5.143405
2026-06-28T04:39:32,ul,du2,718203,5198562.545335338,5.198563
2026-06-28T04:39:32,ul,du3,718965,5267508.605855172,5.267509
2026-06-28T04:39:32,ul,ue1,717484,1716766.6388354814,1.716767
2026-06-28T04:39:32,ul,ue2,717496,1785713.0506871426,1.785713
2026-06-28T04:39:32,ul,ue3,717508,2364863.3669724725,2.364863
2026-06-28T04:39:32,ul,ue4,717520,2323495.4495951105,2.323495
2026-06-28T04:39:32,ul,ue5,718247,1827080.968064505,1.827081
2026-06-28T04:39:32,ul,ue6,718259,2185602.4502258743,2.185602
2026-06-28T04:39:32,ul,ue7,718271,2213181.120366087,2.213181
2026-06-28T04:39:32,ul,ue8,718283,2206286.4089145553,2.206286
2026-06-28T04:39:32,ul,ue9,719028,1833975.6795160365,1.833976
2026-06-28T04:39:32,ul,ue10,719040,1813291.7208273553,1.813292
2026-06-28T04:39:32,ul,ue11,719052,2330389.9853807283,2.330390
2026-06-28T04:39:32,ul,ue12,719064,2337284.69683226,2.337285
2026-06-28T04:39:37,ul,cu_cp,717252,587137.5523820156,0.587138
2026-06-28T04:39:37,ul,cu_up,717260,582788.3546827317,0.582788
2026-06-28T04:39:37,ul,du1,717440,5210301.610550313,5.210302
2026-06-28T04:39:37,ul,du2,718203,5245094.840057664,5.245095
2026-06-28T04:39:37,ul,du3,718965,5158111.766289286,5.158112
2026-06-28T04:39:37,ul,ue1,717484,1726619.2956061005,1.726619
2026-06-28T04:39:37,ul,ue2,717496,1809253.3917295195,1.809253
2026-06-28T04:39:37,ul,ue3,717508,2422485.9982746434,2.422486
2026-06-28T04:39:37,ul,ue4,717520,2383343.4390354133,2.383343
2026-06-28T04:39:37,ul,ue5,718247,1817951.699106357,1.817952
2026-06-28T04:39:37,ul,ue6,718259,2122393.51355644,2.122394
2026-06-28T04:39:37,ul,ue7,718271,2187630.818882723,2.187631
2026-06-28T04:39:37,ul,ue8,718283,2235471.861542251,2.235472
2026-06-28T04:39:37,ul,ue9,719028,1800555.0843526816,1.800555
2026-06-28T04:39:37,ul,ue10,719040,1809253.3917295195,1.809253
2026-06-28T04:39:37,ul,ue11,719052,2322454.9353106283,2.322455
2026-06-28T04:39:37,ul,ue12,719064,2383343.4390354133,2.383343
