timestamp,phase,component,pid,microwatts,watts
2026-06-28T07:08:31,idle,cu_cp,926514,301072.32850218564,0.301072
2026-06-28T07:08:31,idle,cu_up,926543,301072.32850218564,0.301072
2026-06-28T07:08:31,idle,du1,926680,2810008.3612188436,2.810008
2026-06-28T07:08:31,idle,du2,927326,2743103.3675503945,2.743103
2026-06-28T07:08:31,idle,du3,927944,2715226.3821924306,2.715226
2026-06-28T07:08:31,idle,du4,928570,2720801.5504546883,2.720802
2026-06-28T07:08:31,idle,ue1,926748,674624.9905420792,0.674625
2026-06-28T07:08:31,idle,ue5,927370,646747.9479817813,0.646748
2026-06-28T07:08:31,idle,ue9,928010,635597.0966362619,0.635597
2026-06-28T07:08:31,idle,ue13,928651,663474.1963988936,0.663474
2026-06-28T07:08:37,idle,cu_cp,926514,312073.5249250436,0.312074
2026-06-28T07:08:37,idle,cu_up,926543,312073.5249250436,0.312074
2026-06-28T07:08:37,idle,du1,926680,2778940.250809059,2.778940
2026-06-28T07:08:37,idle,du2,927326,2719497.761893206,2.719498
2026-06-28T07:08:37,idle,du3,927944,2754172.6234469223,2.754173
2026-06-28T07:08:37,idle,du4,928570,2759126.011484306,2.759126
2026-06-28T07:08:37,idle,ue1,926748,683589.5960305423,0.683590
2026-06-28T07:08:37,idle,ue5,927370,629100.5524166739,0.629101
2026-06-28T07:08:37,idle,ue9,928010,653868.2943080139,0.653868
2026-06-28T07:08:37,idle,ue13,928651,673682.5336327672,0.673683
2026-06-28T07:08:42,idle,cu_cp,926514,295431.4602902889,0.295431
2026-06-28T07:08:42,idle,cu_up,926543,316111.65965714457,0.316112
2026-06-28T07:08:42,idle,du1,926680,2785918.758994827,2.785919
2026-06-28T07:08:42,idle,du2,927326,2715015.185697441,2.715015
2026-06-28T07:08:42,idle,du3,927944,2712060.82258564,2.712061
2026-06-28T07:08:42,idle,du4,928570,2750467.086484718,2.750467
2026-06-28T07:08:42,idle,ue1,926748,658812.1878354549,0.658812
2026-06-28T07:08:42,idle,ue5,927370,670629.4120054912,0.670629
2026-06-28T07:08:42,idle,ue9,928010,649949.2126386357,0.649949
2026-06-28T07:08:42,idle,ue13,928651,667675.1059629822,0.667675
2026-06-28T07:08:47,idle,cu_cp,926514,293852.1786919713,0.293852
2026-06-28T07:08:47,idle,cu_up,926543,308544.76770514844,0.308545
2026-06-28T07:08:47,idle,du1,926680,2753394.749849749,2.753395
2026-06-28T07:08:47,idle,du2,927326,2706378.3739382266,2.706378
2026-06-28T07:08:47,idle,du3,927944,2682870.1859824657,2.682870
2026-06-28T07:08:47,idle,du4,928570,2694624.5076337336,2.694625
2026-06-28T07:08:47,idle,ue1,926748,681737.0522886396,0.681737
2026-06-28T07:08:47,idle,ue5,927370,646474.7703549981,0.646475
2026-06-28T07:08:47,idle,ue9,928010,646474.7703549981,0.646475
2026-06-28T07:08:47,idle,ue13,928651,658228.8643328786,0.658229
2026-06-28T07:08:53,idle,cu_cp,926514,301878.19337089895,0.301878
2026-06-28T07:08:53,idle,cu_up,926543,310756.95451559307,0.310757
2026-06-28T07:08:53,idle,du1,926680,2758337.9875998115,2.758338
2026-06-28T07:08:53,idle,du2,927326,2752418.7563303853,2.752419
2026-06-28T07:08:53,idle,du3,927944,2728742.059944534,2.728742
2026-06-28T07:08:53,idle,du4,928570,2737620.7925027465,2.737621
2026-06-28T07:08:53,idle,ue1,926748,698463.2866311288,0.698463
2026-06-28T07:08:53,idle,ue5,927370,648150.2210517502,0.648150
2026-06-28T07:08:53,idle,ue9,928010,639271.4313205743,0.639271
2026-06-28T07:08:53,idle,ue13,928651,665907.800514102,0.665908
2026-06-28T07:08:58,idle,cu_cp,926514,302781.91852106305,0.302782
2026-06-28T07:08:58,idle,cu_up,926543,311687.2783907115,0.311687
2026-06-28T07:08:58,idle,du1,926680,2799248.656581545,2.799249
2026-06-28T07:08:58,idle,du2,927326,2739879.4754940746,2.739879
2026-06-28T07:08:58,idle,du3,927944,2772532.548150146,2.772533
2026-06-28T07:08:58,idle,du4,928570,2769563.835458183,2.769564
2026-06-28T07:08:58,idle,ue1,926748,700554.2270285636,0.700554
2026-06-28T07:08:58,idle,ue5,927370,682743.5072892666,0.682744
2026-06-28T07:08:58,idle,ue9,928010,661964.36308254,0.661964
2026-06-28T07:08:58,idle,ue13,928651,632279.8878286183,0.632280
2026-06-28T07:09:03,idle,cu_cp,926514,299472.31941571535,0.299472
2026-06-28T07:09:03,idle,cu_up,926543,305344.3245574683,0.305344
2026-06-28T07:09:03,idle,du1,926680,2730482.9627782702,2.730483
2026-06-28T07:09:03,idle,du2,927326,2721675.126624584,2.721675
2026-06-28T07:09:03,idle,du3,927944,2733418.9081628323,2.733419
2026-06-28T07:09:03,idle,du4,928570,2701123.051442134,2.701123
2026-06-28T07:09:03,idle,ue1,926748,616560.6542566896,0.616561
2026-06-28T07:09:03,idle,ue5,927370,637112.7294391394,0.637113
2026-06-28T07:09:03,idle,ue9,928010,634176.7268682629,0.634177
2026-06-28T07:09:03,idle,ue13,928651,689960.775714916,0.689961
2026-06-28T07:09:09,idle,cu_cp,926514,293888.8334044841,0.293889
2026-06-28T07:09:09,idle,cu_up,926543,312849.41345763026,0.312849
2026-06-28T07:09:09,idle,du1,926680,2784043.687579491,2.784044
2026-06-28T07:09:09,idle,du2,927326,2742962.406946268,2.742962
2026-06-28T07:09:09,idle,du3,927944,2746122.4702298236,2.746122
2026-06-28T07:09:09,idle,du4,928570,2746122.4702298236,2.746122
2026-06-28T07:09:09,idle,ue1,926748,625698.8269152605,0.625699
2026-06-28T07:09:09,idle,ue5,927370,663619.9297781778,0.663620
2026-06-28T07:09:09,idle,ue9,928010,663619.9297781778,0.663620
2026-06-28T07:09:09,idle,ue13,928651,644659.3783467192,0.644659
2026-06-28T07:09:14,idle,cu_cp,926514,291292.4518814507,0.291292
2026-06-28T07:09:14,idle,cu_up,926543,310289.78134723066,0.310290
2026-06-28T07:09:14,idle,du1,926680,2767278.3357777405,2.767278
2026-06-28T07:09:14,idle,du2,927326,2754613.5448093507,2.754614
2026-06-28T07:09:14,idle,du3,927944,2738782.327277751,2.738782
2026-06-28T07:09:14,idle,du4,928570,2722951.109746151,2.722951
2026-06-28T07:09:14,idle,ue1,926748,623745.817641837,0.623746
2026-06-28T07:09:14,idle,ue5,927370,652241.8261418265,0.652242
2026-06-28T07:09:14,idle,ue9,928010,636410.6658155047,0.636411
2026-06-28T07:09:14,idle,ue13,928651,664906.6743154943,0.664907
2026-06-28T07:09:19,idle,cu_cp,926514,306414.6650958359,0.306415
2026-06-28T07:09:19,idle,cu_up,926543,312732.4817644921,0.312732
2026-06-28T07:09:19,idle,du1,926680,2745096.295431261,2.745096
2026-06-28T07:09:19,idle,du2,927326,2691394.868021171,2.691395
2026-06-28T07:09:19,idle,du3,927944,2726142.9310662174,2.726143
2026-06-28T07:09:19,idle,du4,928570,2773526.570354626,2.773527
2026-06-28T07:09:19,idle,ue1,926748,672848.7170052928,0.672849
2026-06-28T07:09:19,idle,ue5,927370,568604.5278701538,0.568605
2026-06-28T07:09:19,idle,ue9,928010,628623.9146837747,0.628624
2026-06-28T07:09:19,idle,ue13,928651,676007.6110661334,0.676008
2026-06-28T07:09:25,idle,cu_cp,926514,304307.86315226374,0.304308
2026-06-28T07:09:25,idle,cu_up,926543,304307.86315226374,0.304308
2026-06-28T07:09:25,idle,du1,926680,2814847.6337684346,2.814848
2026-06-28T07:09:25,idle,du2,927326,2703902.3365260316,2.703902
2026-06-28T07:09:25,idle,du3,927944,2764129.9147221185,2.764130
2026-06-28T07:09:25,idle,du4,928570,2789488.7742452766,2.789489
2026-06-28T07:09:25,idle,ue1,926748,694202.3361209243,0.694202
2026-06-28T07:09:25,idle,ue5,927370,567407.3501165265,0.567407
2026-06-28T07:09:25,idle,ue9,928010,643484.3302460217,0.643484
2026-06-28T07:09:25,idle,ue13,928651,668843.3618663317,0.668843
2026-06-28T07:09:30,idle,cu_cp,926514,304148.03277353646,0.304148
2026-06-28T07:09:30,idle,cu_up,926543,310484.4471374452,0.310484
2026-06-28T07:09:30,idle,du1,926680,2756341.3947476386,2.756341
2026-06-28T07:09:30,idle,du2,927326,2718322.908564186,2.718323
2026-06-28T07:09:30,idle,du3,927944,2727827.644754782,2.727828
2026-06-28T07:09:30,idle,du4,928570,2756341.3947476386,2.756341
2026-06-28T07:09:30,idle,ue1,926748,646314.5517305254,0.646315
2026-06-28T07:09:30,idle,ue5,927370,605127.8583651185,0.605128
2026-06-28T07:09:30,idle,ue9,928010,658987.3804583431,0.658987
2026-06-28T07:09:30,idle,ue13,928651,677996.6235500693,0.677997
2026-06-28T07:09:35,idle,cu_cp,926514,301002.6771236062,0.301003
2026-06-28T07:09:35,idle,cu_up,926543,304171.1097733903,0.304171
2026-06-28T07:09:35,idle,du1,926680,2797740.6952464106,2.797741
2026-06-28T07:09:35,idle,du2,927326,2721697.853355122,2.721698
2026-06-28T07:09:35,idle,du3,927944,2721697.853355122,2.721698
2026-06-28T07:09:35,idle,du4,928570,2762887.70695055,2.762888
2026-06-28T07:09:35,idle,ue1,926748,602005.3542472124,0.602005
2026-06-28T07:09:35,idle,ue5,927370,592499.9990108013,0.592500
2026-06-28T07:09:35,idle,ue9,928010,671711.2162648153,0.671711
2026-06-28T07:09:35,idle,ue13,928651,674879.7062016582,0.674880
2026-06-28T07:09:40,idle,cu_cp,926514,306367.51897709904,0.306368
2026-06-28T07:09:40,idle,cu_up,926543,298511.9430415106,0.298512
2026-06-28T07:09:40,idle,du1,926680,2788730.060769968,2.788730
2026-06-28T07:09:40,idle,du2,927326,2773018.9663879396,2.773019
2026-06-28T07:09:40,idle,du3,927944,2828008.026681633,2.828008
2026-06-28T07:09:40,idle,du4,928570,2765163.419196925,2.765163
2026-06-28T07:09:40,idle,ue1,926748,675579.7029280544,0.675580
2026-06-28T07:09:40,idle,ue5,927370,604879.4907631838,0.604879
2026-06-28T07:09:40,idle,ue9,928010,667724.0982478916,0.667724
2026-06-28T07:09:40,idle,ue13,928651,652012.9463767147,0.652013
2026-06-28T07:09:46,idle,cu_cp,926514,298468.4744998759,0.298468
2026-06-28T07:09:46,idle,cu_up,926543,305101.1110954982,0.305101
2026-06-28T07:09:46,idle,du1,926680,2785705.9917363455,2.785706
2026-06-28T07:09:46,idle,du2,927326,2726012.3772444963,2.726012
2026-06-28T07:09:46,idle,du3,927944,2785705.9917363455,2.785706
2026-06-28T07:09:46,idle,du4,928570,2759175.4453538563,2.759175
2026-06-28T07:09:46,idle,ue1,926748,663263.3149559748,0.663263
2026-06-28T07:09:46,idle,ue5,927370,663263.3149559748,0.663263
2026-06-28T07:09:46,idle,ue9,928010,669895.9515515971,0.669896
2026-06-28T07:09:46,idle,ue13,928651,696426.4979340864,0.696426
2026-06-28T07:09:51,idle,cu_cp,926514,300313.6786234367,0.300314
2026-06-28T07:09:51,idle,cu_up,926543,311864.2091538161,0.311864
2026-06-28T07:09:51,idle,du1,926680,2806777.911175952,2.806778
2026-06-28T07:09:51,idle,du2,927326,2760575.9042208623,2.760576
2026-06-28T07:09:51,idle,du3,927944,2737474.6704104613,2.737475
2026-06-28T07:09:51,idle,du4,928570,2725924.168671689,2.725924
2026-06-28T07:09:51,idle,ue1,926748,687256.3506205225,0.687256
2026-06-28T07:09:51,idle,ue5,927370,658380.0386903775,0.658380
2026-06-28T07:09:51,idle,ue9,928010,698806.8523592949,0.698807
2026-06-28T07:09:51,idle,ue13,928651,675705.7912985361,0.675706
2026-06-28T07:09:56,idle,cu_cp,926514,304781.7981178939,0.304782
2026-06-28T07:09:56,idle,cu_up,926543,314941.17034300714,0.314941
2026-06-28T07:09:56,idle,du1,926680,2824311.046068406,2.824311
2026-06-28T07:09:56,idle,du2,927326,2717637.5372603657,2.717638
2026-06-28T07:09:56,idle,du3,927944,2702398.4645735025,2.702398
2026-06-28T07:09:56,idle,du4,928570,2763354.9849080443,2.763355
2026-06-28T07:09:56,idle,ue1,926748,640041.7416095138,0.640042
2026-06-28T07:09:56,idle,ue5,927370,655280.8142963767,0.655281
2026-06-28T07:09:56,idle,ue9,928010,670519.9443800121,0.670520
2026-06-28T07:09:56,idle,ue13,928651,634962.0698461502,0.634962
2026-06-28T07:10:02,idle,cu_cp,926514,305266.92631912977,0.305267
2026-06-28T07:10:02,idle,cu_up,926543,302303.1898218781,0.302303
2026-06-28T07:10:02,idle,du1,926680,2806677.382624483,2.806677
2026-06-28T07:10:02,idle,du2,927326,2744438.7726334333,2.744439
2026-06-28T07:10:02,idle,du3,927944,2723692.1865063785,2.723692
2026-06-28T07:10:02,idle,du4,928570,2717764.8857703926,2.717765
2026-06-28T07:10:02,idle,ue1,926748,616461.3830522686,0.616461
2026-06-28T07:10:02,idle,ue5,927370,663881.5115253299,0.663882
2026-06-28T07:10:02,idle,ue9,928010,654990.2159043163,0.654990
2026-06-28T07:10:02,idle,ue13,928651,646098.9202833027,0.646099
2026-06-28T07:10:07,idle,cu_cp,926514,310193.4479672575,0.310193
2026-06-28T07:10:07,idle,cu_up,926543,310193.4479672575,0.310193
2026-06-28T07:10:07,idle,du1,926680,2797706.4013051796,2.797706
2026-06-28T07:10:07,idle,du2,927326,2687349.025924425,2.687349
2026-06-28T07:10:07,idle,du3,927944,2806654.340280461,2.806654
2026-06-28T07:10:07,idle,du4,928570,2812619.4790313006,2.812619
2026-06-28T07:10:07,idle,ue1,926748,662143.7328742254,0.662144
2026-06-28T07:10:07,idle,ue5,927370,602491.133408463,0.602491
2026-06-28T07:10:07,idle,ue9,928010,668108.987049576,0.668109
2026-06-28T07:10:07,idle,ue13,928651,683022.1224879527,0.683022
2026-06-28T07:10:13,idle,cu_cp,926514,305932.9650580052,0.305933
2026-06-28T07:10:13,idle,cu_up,926543,299992.49114346714,0.299992
2026-06-28T07:10:13,idle,du1,926680,2774188.113576417,2.774188
2026-06-28T07:10:13,idle,du2,927326,2768247.8126467634,2.768248
2026-06-28T07:10:13,idle,du3,927944,2803890.3101642225,2.803890
2026-06-28T07:10:13,idle,du4,928570,2774188.113576417,2.774188
2026-06-28T07:10:13,idle,ue1,926748,671270.38095325,0.671270
2026-06-28T07:10:13,idle,ue5,927370,582163.6758665764,0.582164
2026-06-28T07:10:13,idle,ue9,928010,671270.38095325,0.671270
2026-06-28T07:10:13,idle,ue13,928651,695032.1612881458,0.695032
2026-06-28T07:10:18,idle,cu_cp,926514,306222.2828420639,0.306222
2026-06-28T07:10:18,idle,cu_up,926543,306222.2828420639,0.306222
2026-06-28T07:10:18,idle,du1,926680,2779784.798320632,2.779785
2026-06-28T07:10:18,idle,du2,927326,2747081.3068598937,2.747081
2026-06-28T07:10:18,idle,du3,927944,2800595.8179533575,2.800596
2026-06-28T07:10:18,idle,du4,928570,2764919.5539926006,2.764920
2026-06-28T07:10:18,idle,ue1,926748,683797.2663341344,0.683797
2026-06-28T07:10:18,idle,ue5,927370,665959.1343537557,0.665959
2026-06-28T07:10:18,idle,ue9,928010,665959.1343537557,0.665959
2026-06-28T07:10:18,idle,ue13,928651,674878.2003439451,0.674878
2026-06-28T07:10:23,idle,cu_cp,926514,305686.230691483,0.305686
2026-06-28T07:10:23,idle,cu_up,926543,317557.5671937799,0.317558
2026-06-28T07:10:23,idle,du1,926680,2804596.9896479226,2.804597
2026-06-28T07:10:23,idle,du2,927326,2780854.3742637634,2.780854
2026-06-28T07:10:23,idle,du3,927944,2766015.2684588814,2.766015
2026-06-28T07:10:23,idle,du4,928570,2768983.181812553,2.768983
2026-06-28T07:10:23,idle,ue1,926748,709310.7786528397,0.709311
2026-06-28T07:10:23,idle,ue5,927370,661825.5478845215,0.661826
2026-06-28T07:10:23,idle,ue9,928010,632147.2786543226,0.632147
2026-06-28T07:10:23,idle,ue13,928651,667761.2017305612,0.667761
2026-06-28T07:10:29,idle,cu_cp,926514,317310.374257502,0.317310
2026-06-28T07:10:29,idle,cu_up,926543,304743.6327789858,0.304744
2026-06-28T07:10:29,idle,du1,926680,2814951.480215907,2.814951
2026-06-28T07:10:29,idle,du2,927326,2802384.709799302,2.802385
2026-06-28T07:10:29,idle,du3,927944,2858935.060921669,2.858935
2026-06-28T07:10:29,idle,du4,928570,2792959.4583583116,2.792959
2026-06-28T07:10:29,idle,ue1,926748,688029.4070332199,0.688029
2026-06-28T07:10:29,idle,ue5,927370,678604.3292207659,0.678604
2026-06-28T07:10:29,idle,ue9,928010,653470.8462637335,0.653471
2026-06-28T07:10:29,idle,ue13,928651,672321.0018886417,0.672321
2026-06-28T07:10:34,idle,cu_cp,926514,303564.75948546856,0.303565
2026-06-28T07:10:34,idle,cu_up,926543,309955.6126428312,0.309956
2026-06-28T07:10:34,idle,du1,926680,2799186.576873622,2.799187
2026-06-28T07:10:34,idle,du2,927326,2783209.631741731,2.783210
2026-06-28T07:10:34,idle,du3,927944,2808772.9288256336,2.808773
2026-06-28T07:10:34,idle,du4,928570,2770427.752108684,2.770428
2026-06-28T07:10:34,idle,ue1,926748,655060.8165488023,0.655061
2026-06-28T07:10:34,idle,ue5,927370,642279.110234077,0.642279
2026-06-28T07:10:34,idle,ue9,928010,674233.3471345031,0.674233
2026-06-28T07:10:34,idle,ue13,928651,683819.5835409665,0.683820
2026-06-28T07:10:39,idle,cu_cp,926514,303705.19261726586,0.303705
2026-06-28T07:10:39,idle,cu_up,926543,306902.083301512,0.306902
2026-06-28T07:10:39,idle,du1,926680,2832450.518051188,2.832451
2026-06-28T07:10:39,idle,du2,927326,2762118.6341908313,2.762119
2026-06-28T07:10:39,idle,du3,927944,2813269.1161843226,2.813269
2026-06-28T07:10:39,idle,du4,928570,2781300.036057696,2.781300
2026-06-28T07:10:39,idle,ue1,926748,629788.6489049488,0.629789
2026-06-28T07:10:39,idle,ue5,927370,661757.6135087985,0.661758
2026-06-28T07:10:39,idle,ue9,928010,671348.3144422311,0.671348
2026-06-28T07:10:39,idle,ue13,928651,690529.6585477078,0.690530
2026-06-28T07:10:44,idle,cu_cp,926514,309673.1163934243,0.309673
2026-06-28T07:10:44,idle,cu_up,926543,312865.6159152663,0.312866
2026-06-28T07:10:44,idle,du1,926680,2831752.954397726,2.831753
2026-06-28T07:10:44,idle,du2,927326,2732785.35395545,2.732785
2026-06-28T07:10:44,idle,du3,927944,2774287.96300457,2.774288
2026-06-28T07:10:44,idle,du4,928570,2796635.574922638,2.796636
2026-06-28T07:10:44,idle,ue1,926748,628923.7313523745,0.628924
2026-06-28T07:10:44,idle,ue5,927370,625731.2318305325,0.625731
2026-06-28T07:10:44,idle,ue9,928010,664041.3413578105,0.664041
2026-06-28T07:10:44,idle,ue13,928651,683196.3384888625,0.683196
2026-06-28T07:10:50,idle,cu_cp,926514,307671.4539583692,0.307671
2026-06-28T07:10:50,idle,cu_up,926543,307671.4539583692,0.307671
2026-06-28T07:10:50,idle,du1,926680,2765871.1793672703,2.765871
2026-06-28T07:10:50,idle,du2,927326,2753183.669437485,2.753184
2026-06-28T07:10:50,idle,du3,927944,2737324.397127676,2.737324
2026-06-28T07:10:50,idle,du4,928570,2750011.907057462,2.750012
2026-06-28T07:10:50,idle,ue1,926748,678780.2849120318,0.678780
2026-06-28T07:10:50,idle,ue5,927370,631202.2377777589,0.631202
2026-06-28T07:10:50,idle,ue9,928010,659749.077568565,0.659749
2026-06-28T07:10:50,idle,ue13,928651,675608.4074295855,0.675608
2026-06-28T07:10:55,idle,cu_cp,926514,309720.3323891416,0.309720
2026-06-28T07:10:55,idle,cu_up,926543,306527.3395689562,0.306527
2026-06-28T07:10:55,idle,du1,926680,2828991.8693335294,2.828992
2026-06-28T07:10:55,idle,du2,927326,2771517.9985701917,2.771518
2026-06-28T07:10:55,idle,du3,927944,2790675.9554913044,2.790676
2026-06-28T07:10:55,idle,du4,928570,2784289.9698509336,2.784290
2026-06-28T07:10:55,idle,ue1,926748,683300.5211819917,0.683301
2026-06-28T07:10:55,idle,ue5,927370,590703.7293966145,0.590704
2026-06-28T07:10:55,idle,ue9,928010,670528.54990125,0.670529
2026-06-28T07:10:55,idle,ue13,928651,676914.5355416208,0.676915
2026-06-28T07:11:00,idle,cu_cp,926514,304938.4236033809,0.304938
2026-06-28T07:11:00,idle,cu_up,926543,308114.85953760234,0.308115
2026-06-28T07:11:00,idle,du1,926680,2807974.531114857,2.807975
2026-06-28T07:11:00,idle,du2,927326,2715857.9177183416,2.715858
2026-06-28T07:11:00,idle,du3,927944,2750798.741690683,2.750799
2026-06-28T07:11:00,idle,du4,928570,2753975.263712623,2.753975
2026-06-28T07:11:00,idle,ue1,926748,622582.5909436477,0.622583
2026-06-28T07:11:00,idle,ue5,927370,654347.0076776743,0.654347
2026-06-28T07:11:00,idle,ue9,928010,657523.4723078018,0.657523
2026-06-28T07:11:00,idle,ue13,928651,679758.5525432581,0.679759
2026-06-28T07:11:06,idle,cu_cp,926514,311248.12861561624,0.311248
2026-06-28T07:11:06,idle,cu_up,926543,318321.9490661237,0.318322
2026-06-28T07:11:06,idle,du1,926680,2829528.6408956097,2.829529
2026-06-28T07:11:06,idle,du2,927326,2772938.0772915506,2.772938
2026-06-28T07:11:06,idle,du3,927944,2772938.0772915506,2.772938
2026-06-28T07:11:06,idle,du4,928570,2723421.2189648366,2.723421
2026-06-28T07:11:06,idle,ue1,926748,707382.1602239024,0.707382
2026-06-28T07:11:06,idle,ue5,927370,643717.7185827547,0.643718
2026-06-28T07:11:06,idle,ue9,928010,664939.179934277,0.664939
2026-06-28T07:11:06,idle,ue13,928651,672013.0579713654,0.672013
2026-06-28T07:11:11,idle,cu_cp,926514,307262.8194621682,0.307263
2026-06-28T07:11:11,idle,cu_up,926543,307262.8194621682,0.307263
2026-06-28T07:11:11,idle,du1,926680,2777656.025840225,2.777656
2026-06-28T07:11:11,idle,du2,927326,2728493.882791462,2.728494
2026-06-28T07:11:11,idle,du3,927944,2765365.4900780343,2.765365
2026-06-28T07:11:11,idle,du4,928570,2771510.8728776504,2.771511
2026-06-28T07:11:11,idle,ue1,926748,639106.710448718,0.639107
2026-06-28T07:11:11,idle,ue5,927370,596089.8927403104,0.596090
2026-06-28T07:11:11,idle,ue9,928010,639106.710448718,0.639107
2026-06-28T07:11:11,idle,ue13,928651,657542.456632744,0.657542
2026-06-28T07:11:16,idle,cu_cp,926514,308457.51242345123,0.308458
2026-06-28T07:11:16,idle,cu_up,926543,313869.045709154,0.313869
2026-06-28T07:11:16,idle,du1,926680,2797763.946446061,2.797764
2026-06-28T07:11:16,idle,du2,927326,2765294.689162648,2.765295
2026-06-28T07:11:16,idle,du3,927944,2749059.9453825476,2.749060
2026-06-28T07:11:16,idle,du4,928570,2803175.4509471655,2.803175
2026-06-28T07:11:16,idle,ue1,926748,643972.7200600147,0.643973
2026-06-28T07:11:16,idle,ue5,927370,568211.1964909792,0.568211
2026-06-28T07:11:16,idle,ue9,928010,665618.8532028258,0.665619
2026-06-28T07:11:16,idle,ue13,928651,676441.9197742313,0.676442
2026-06-28T07:11:22,idle,cu_cp,926514,311981.5517624676,0.311982
2026-06-28T07:11:22,idle,cu_up,926543,297582.37401695846,0.297582
2026-06-28T07:11:22,idle,du1,926680,2788635.004681206,2.788635
2026-06-28T07:11:22,idle,du2,927326,2764636.3751053573,2.764636
2026-06-28T07:11:22,idle,du3,927944,2774235.8269356964,2.774236
2026-06-28T07:11:22,idle,du4,928570,2803034.182426715,2.803034
2026-06-28T07:11:22,idle,ue1,926748,676759.9735511541,0.676760
2026-06-28T07:11:22,idle,ue5,927370,614363.6516945958,0.614364
2026-06-28T07:11:22,idle,ue9,928010,638362.2237501204,0.638362
2026-06-28T07:11:22,idle,ue13,928651,671960.2476359844,0.671960
2026-06-28T07:11:27,idle,cu_cp,926514,306961.80831740884,0.306962
2026-06-28T07:11:27,idle,cu_up,926543,306961.80831740884,0.306962
2026-06-28T07:11:27,idle,du1,926680,2807359.4502659272,2.807359
2026-06-28T07:11:27,idle,du2,927326,2735834.415698037,2.735834
2026-06-28T07:11:27,idle,du3,927944,2735834.415698037,2.735834
2026-06-28T07:11:27,idle,du4,928570,2789478.1916239546,2.789478
2026-06-28T07:11:27,idle,ue1,926748,685448.7088113404,0.685449
2026-06-28T07:11:27,idle,ue5,927370,625844.455729466,0.625844
2026-06-28T07:11:27,idle,ue9,928010,655646.6110747195,0.655647
2026-06-28T07:11:27,idle,ue13,928651,676508.079490354,0.676508
2026-06-28T07:11:32,idle,cu_cp,926514,311263.03046040057,0.311263
2026-06-28T07:11:32,idle,cu_up,926543,305277.2230403584,0.305277
2026-06-28T07:11:32,idle,du1,926680,2852246.912877102,2.852247
2026-06-28T07:11:32,idle,du2,927326,2780416.8756305263,2.780417
2026-06-28T07:11:32,idle,du3,927944,2786402.770102086,2.786403
2026-06-28T07:11:32,idle,du4,928570,2816332.010322504,2.816332
2026-06-28T07:11:32,idle,ue1,926748,700341.8185359013,0.700342
2026-06-28T07:11:32,idle,ue5,927370,670412.6943841731,0.670413
2026-06-28T07:11:32,idle,ue9,928010,682384.3672586024,0.682384
2026-06-28T07:11:32,idle,ue13,928651,685377.2564600372,0.685377
2026-06-28T07:11:38,idle,cu_cp,926514,316606.4487337065,0.316606
2026-06-28T07:11:38,idle,cu_up,926543,304659.021401118,0.304659
2026-06-28T07:11:38,idle,du1,926680,2780760.201432552,2.780760
2026-06-28T07:11:38,idle,du2,927326,2741931.2503915834,2.741931
2026-06-28T07:11:38,idle,du3,927944,2825563.068375139,2.825563
2026-06-28T07:11:38,idle,du4,928570,2804655.1716607716,2.804655
2026-06-28T07:11:38,idle,ue1,926748,683989.3914040125,0.683989
2026-06-28T07:11:38,idle,ue5,927370,657107.6943510687,0.657108
2026-06-28T07:11:38,idle,ue9,928010,657107.6943510687,0.657108
2026-06-28T07:11:38,idle,ue13,928651,698923.6611243677,0.698924
2026-06-28T07:11:43,idle,cu_cp,926514,301368.15478497685,0.301368
2026-06-28T07:11:43,idle,cu_up,926543,313303.536108323,0.313304
2026-06-28T07:11:43,idle,du1,926680,2795861.0911836363,2.795861
2026-06-28T07:11:43,idle,du2,927326,2777958.0336263273,2.777958
2026-06-28T07:11:43,idle,du3,927944,2789893.32838341,2.789893
2026-06-28T07:11:43,idle,du4,928570,2780941.6841830704,2.780942
2026-06-28T07:11:43,idle,ue1,926748,692251.5973564971,0.692252
2026-06-28T07:11:43,idle,ue5,927370,650477.7771524959,0.650478
2026-06-28T07:11:43,idle,ue9,928010,662413.1873312634,0.662413
2026-06-28T07:11:43,idle,ue13,928651,695235.4210457676,0.695235
2026-06-28T07:11:48,idle,cu_cp,926514,301584.83682172897,0.301585
2026-06-28T07:11:48,idle,cu_up,926543,310632.350249328,0.310632
2026-06-28T07:11:48,idle,du1,926680,2768548.6119611547,2.768549
2026-06-28T07:11:48,idle,du2,927326,2774580.3835706236,2.774580
2026-06-28T07:11:48,idle,du3,927944,2762516.8403516863,2.762517
2026-06-28T07:11:48,idle,du4,928570,2771564.4977658894,2.771564
2026-06-28T07:11:48,idle,ue1,926748,669518.2398333478,0.669518
2026-06-28T07:11:48,idle,ue5,927370,669518.2398333478,0.669518
2026-06-28T07:11:48,idle,ue9,928010,663486.5834131623,0.663487
2026-06-28T07:11:48,idle,ue13,928651,672534.125638082,0.672534
2026-06-28T07:11:54,idle,cu_cp,926514,304310.276981771,0.304310
2026-06-28T07:11:54,idle,cu_up,926543,310716.7935781181,0.310717
2026-06-28T07:11:54,idle,du1,926680,2812467.4771442413,2.812467
2026-06-28T07:11:54,idle,du2,927326,2809264.204362631,2.809264
2026-06-28T07:11:54,idle,du3,927944,2793247.8404545784,2.793248
2026-06-28T07:11:54,idle,du4,928570,2796451.113236189,2.796451
2026-06-28T07:11:54,idle,ue1,926748,688702.1997025609,0.688702
2026-06-28T07:11:54,idle,ue5,927370,682295.6541393399,0.682296
2026-06-28T07:11:54,idle,ue9,928010,669482.563012898,0.669483
2026-06-28T07:11:54,idle,ue13,928651,698311.9601136446,0.698312
2026-06-28T07:11:59,idle,cu_cp,926514,311201.9784243375,0.311202
2026-06-28T07:11:59,idle,cu_up,926543,324035.0556765169,0.324035
2026-06-28T07:11:59,idle,du1,926680,2845733.576201665,2.845734
2026-06-28T07:11:59,idle,du2,927326,2800817.8637954425,2.800818
2026-06-28T07:11:59,idle,du3,927944,2804026.04614388,2.804026
2026-06-28T07:11:59,idle,du4,928570,2800817.8637954425,2.800818
2026-06-28T07:11:59,idle,ue1,926748,689777.5834344142,0.689778
2026-06-28T07:11:59,idle,ue5,927370,657694.9482803708,0.657695
2026-06-28T07:11:59,idle,ue9,928010,696194.1220605039,0.696194
2026-06-28T07:11:59,idle,ue13,928651,712235.4976139307,0.712235
2026-06-28T07:12:04,idle,cu_cp,926514,303277.6159628713,0.303278
2026-06-28T07:12:04,idle,cu_up,926543,319239.5942326945,0.319240
2026-06-28T07:12:04,idle,du1,926680,2818885.725787282,2.818886
2026-06-28T07:12:04,idle,du2,927326,2735883.519525647,2.735884
2026-06-28T07:12:04,idle,du3,927944,2770999.819814043,2.771000
2026-06-28T07:12:04,idle,du4,928570,2786961.9422650193,2.786962
2026-06-28T07:12:04,idle,ue1,926748,673595.5464262462,0.673596
2026-06-28T07:12:04,idle,ue5,927370,644863.9913078105,0.644864
2026-06-28T07:12:04,idle,ue9,928010,676787.9478474569,0.676788
2026-06-28T07:12:04,idle,ue13,928651,692749.9549535108,0.692750
2026-06-28T07:12:10,idle,cu_cp,926514,301645.07262064365,0.301645
2026-06-28T07:12:10,idle,cu_up,926543,307995.47585214226,0.307995
2026-06-28T07:12:10,idle,du1,926680,2791010.5785316946,2.791011
2026-06-28T07:12:10,idle,du2,927326,2737032.0074507594,2.737032
2026-06-28T07:12:10,idle,du3,927944,2714805.509972596,2.714806
2026-06-28T07:12:10,idle,du4,928570,2756083.3894810914,2.756083
2026-06-28T07:12:10,idle,ue1,926748,609640.548472786,0.609641
2026-06-28T07:12:10,idle,ue5,927370,654093.4859838337,0.654093
2026-06-28T07:12:10,idle,ue9,928010,650918.3130907237,0.650918
2026-06-28T07:12:10,idle,ue13,928651,654093.4859838337,0.654093
2026-06-28T07:12:15,idle,cu_cp,926514,306072.91347963066,0.306073
2026-06-28T07:12:15,idle,cu_up,926543,309261.1582946524,0.309261
2026-06-28T07:12:15,idle,du1,926680,2796103.7207203866,2.796104
2026-06-28T07:12:15,idle,du2,927326,2716397.2547356486,2.716397
2026-06-28T07:12:15,idle,du3,927944,2741903.2132558227,2.741903
2026-06-28T07:12:15,idle,du4,928570,2764221.04216404,2.764221
2026-06-28T07:12:15,idle,ue1,926748,612145.8269592613,0.612146
2026-06-28T07:12:15,idle,ue5,927370,653593.1823591411,0.653593
2026-06-28T07:12:15,idle,ue9,928010,656781.4271741628,0.656781
2026-06-28T07:12:15,idle,ue13,928651,698228.840175575,0.698229
2026-06-28T07:12:20,idle,cu_cp,926514,302055.521939857,0.302056
2026-06-28T07:12:20,idle,cu_up,926543,311594.0988826215,0.311594
2026-06-28T07:12:20,idle,du1,926680,2807526.319620857,2.807526
2026-06-28T07:12:20,idle,du2,927326,2737576.851344242,2.737577
2026-06-28T07:12:20,idle,du3,927944,2718499.6398765184,2.718500
2026-06-28T07:12:20,idle,du4,928570,2763012.9797486877,2.763013
2026-06-28T07:12:20,idle,ue1,926748,597751.9541964078,0.597752
2026-06-28T07:12:20,idle,ue5,927370,686778.8066873312,0.686779
2026-06-28T07:12:20,idle,ue9,928010,651804.0149668289,0.651804
2026-06-28T07:12:20,idle,ue13,928651,670881.2264345527,0.670881
2026-06-28T07:12:25,idle,cu_cp,926514,305360.20844444097,0.305360
2026-06-28T07:12:25,idle,cu_up,926543,297726.18453066767,0.297726
2026-06-28T07:12:25,idle,du1,926680,2816947.8034906625,2.816948
2026-06-28T07:12:25,idle,du2,927326,2732973.8857190753,2.732974
2026-06-28T07:12:25,idle,du3,927944,2725339.9768986083,2.725340
2026-06-28T07:12:25,idle,du4,928570,2778777.7990151024,2.778778
2026-06-28T07:12:25,idle,ue1,926748,641256.4549973219,0.641256
2026-06-28T07:12:25,idle,ue5,927370,641256.4549973219,0.641256
2026-06-28T07:12:25,idle,ue9,928010,656524.4452782155,0.656524
2026-06-28T07:12:25,idle,ue13,928651,664158.4691919887,0.664158
2026-06-28T07:12:31,idle,cu_cp,926514,291798.17298543337,0.291798
2026-06-28T07:12:31,idle,cu_up,926543,311251.40170740994,0.311251
2026-06-28T07:12:31,idle,du1,926680,2775325.1203175066,2.775325
2026-06-28T07:12:31,idle,du2,927326,2729933.995455346,2.729934
2026-06-28T07:12:31,idle,du3,927944,2703996.4717568066,2.703996
2026-06-28T07:12:31,idle,du4,928570,2736418.376379981,2.736418
2026-06-28T07:12:31,idle,ue1,926748,596565.1651188511,0.596565
2026-06-28T07:12:31,idle,ue5,927370,622502.8034148199,0.622503
2026-06-28T07:12:31,idle,ue9,928010,661409.2035600585,0.661409
2026-06-28T07:12:31,idle,ue13,928651,693831.2800793767,0.693831
2026-06-28T07:12:36,idle,cu_cp,926514,308623.8280824566,0.308624
2026-06-28T07:12:36,idle,cu_up,926543,308623.8280824566,0.308624
2026-06-28T07:12:36,idle,du1,926680,2829051.78634079,2.829052
2026-06-28T07:12:36,idle,du2,927326,2783329.686325722,2.783330
2026-06-28T07:12:36,idle,du3,927944,2794760.269166031,2.794760
2026-06-28T07:12:36,idle,du4,928570,2806190.6206601714,2.806191
2026-06-28T07:12:36,idle,ue1,926748,685830.7483509731,0.685831
2026-06-28T07:12:36,idle,ue5,927370,645823.9397560597,0.645824
2026-06-28T07:12:36,idle,ue9,928010,680115.4569308185,0.680115
2026-06-28T07:12:36,idle,ue13,928651,685830.7483509731,0.685831
2026-06-28T07:12:41,idle,cu_cp,926514,302466.4666656989,0.302466
2026-06-28T07:12:41,idle,cu_up,926543,307507.54661180853,0.307508
2026-06-28T07:12:41,idle,du1,926680,2807897.1349024368,2.807897
2026-06-28T07:12:41,idle,du2,927326,2767568.034671733,2.767568
2026-06-28T07:12:41,idle,du3,927944,2747403.714887295,2.747404
2026-06-28T07:12:41,idle,du4,928570,2732280.1871353243,2.732280
2026-06-28T07:12:41,idle,ue1,926748,690631.753077088,0.690632
2026-06-28T07:12:41,idle,ue5,927370,620056.2883351833,0.620056
2026-06-28T07:12:41,idle,ue9,928010,655343.9631234073,0.655344
2026-06-28T07:12:41,idle,ue13,928651,660385.1006522453,0.660385
2026-06-28T07:12:47,idle,cu_cp,926514,306828.445253208,0.306828
2026-06-28T07:12:47,idle,cu_up,926543,306828.445253208,0.306828
2026-06-28T07:12:47,idle,du1,926680,2829971.033776562,2.829971
2026-06-28T07:12:47,idle,du2,927326,2767413.7116521597,2.767414
2026-06-28T07:12:47,idle,du3,927944,2776350.5707403994,2.776351
2026-06-28T07:12:47,idle,du4,928570,2791245.1053897073,2.791245
2026-06-28T07:12:47,idle,ue1,926748,676214.0973819393,0.676214
2026-06-28T07:12:47,idle,ue5,927370,637488.1689950841,0.637488
2026-06-28T07:12:47,idle,ue9,928010,598762.2982326687,0.598762
2026-06-28T07:12:47,idle,ue13,928651,673235.2019769656,0.673235
2026-06-28T07:12:52,idle,cu_cp,926514,308282.88715473353,0.308283
2026-06-28T07:12:52,idle,cu_up,926543,302354.37838986935,0.302354
2026-06-28T07:12:52,idle,du1,926680,2807152.955152073,2.807153
2026-06-28T07:12:52,idle,du2,927326,2706368.1335966634,2.706368
2026-06-28T07:12:52,idle,du3,927944,2750831.9780919314,2.750832
2026-06-28T07:12:52,idle,du4,928570,2771581.7875277423,2.771582
2026-06-28T07:12:52,idle,ue1,926748,684743.7113817644,0.684744
2026-06-28T07:12:52,idle,ue5,927370,661029.6188047349,0.661030
2026-06-28T07:12:52,idle,ue9,928010,652136.8844162249,0.652137
2026-06-28T07:12:52,idle,ue13,928651,663993.9019459534,0.663994
2026-06-28T07:12:58,idle,cu_cp,926514,310753.31031133863,0.310753
2026-06-28T07:12:58,idle,cu_up,926543,307765.2840907186,0.307765
2026-06-28T07:12:58,idle,du1,926680,2793791.824403188,2.793792
2026-06-28T07:12:58,idle,du2,927326,2745983.6361603118,2.745984
2026-06-28T07:12:58,idle,du3,927944,2808731.8109518862,2.808732
2026-06-28T07:12:58,idle,du4,928570,2784827.8324739696,2.784828
2026-06-28T07:12:58,idle,ue1,926748,693218.902986992,0.693219
2026-06-28T07:12:58,idle,ue5,927370,660350.816936335,0.660351
2026-06-28T07:12:58,idle,ue9,928010,672302.8061752933,0.672303
2026-06-28T07:12:58,idle,ue13,928651,693218.902986992,0.693219
2026-06-28T07:13:03,idle,cu_cp,926514,300028.8608693361,0.300029
2026-06-28T07:13:03,idle,cu_up,926543,305970.009069795,0.305970
2026-06-28T07:13:03,idle,du1,926680,2801259.5259438087,2.801260
2026-06-28T07:13:03,idle,du2,927326,2780465.291648884,2.780465
2026-06-28T07:13:03,idle,du3,927944,2756700.583863945,2.756701
2026-06-28T07:13:03,idle,du4,928570,2750759.4069177103,2.750759
2026-06-28T07:13:03,idle,ue1,926748,683234.0265113031,0.683234
2026-06-28T07:13:03,idle,ue5,927370,647587.0223254466,0.647587
2026-06-28T07:13:03,idle,ue9,928010,644616.4338523293,0.644616
2026-06-28T07:13:03,idle,ue13,928651,680263.4380381858,0.680263
2026-06-28T07:13:08,idle,cu_cp,926514,301351.7118517914,0.301352
2026-06-28T07:13:08,idle,cu_up,926543,313169.4069260696,0.313169
2026-06-28T07:13:08,idle,du1,926680,2794889.530251911,2.794890
2026-06-28T07:13:08,idle,du2,927326,2729892.035299487,2.729892
2026-06-28T07:13:08,idle,du3,927944,2679666.6878638933,2.679667
2026-06-28T07:13:08,idle,du4,928570,2738755.2779312134,2.738755
2026-06-28T07:13:08,idle,ue1,926748,676564.1612877328,0.676564
2026-06-28T07:13:08,idle,ue5,927370,647019.8662540728,0.647020
2026-06-28T07:13:08,idle,ue9,928010,587931.276186753,0.587931
2026-06-28T07:13:08,idle,ue13,928651,664746.40886549,0.664746
2026-06-28T07:13:14,idle,cu_cp,926514,298933.3614039421,0.298933
2026-06-28T07:13:14,idle,cu_up,926543,305226.6953282356,0.305227
2026-06-28T07:13:14,idle,du1,926680,2797386.929348469,2.797387
2026-06-28T07:13:14,idle,du2,927326,2800533.5963106155,2.800534
2026-06-28T07:13:14,idle,du3,927944,2772213.5936512947,2.772214
2026-06-28T07:13:14,idle,du4,928570,2769066.926689148,2.769067
2026-06-28T07:13:14,idle,ue1,926748,676533.3968615532,0.676533
2026-06-28T07:13:14,idle,ue5,927370,660800.0620508194,0.660800
2026-06-28T07:13:14,idle,ue9,928010,651360.0611643791,0.651360
2026-06-28T07:13:14,idle,ue13,928651,682826.7307858467,0.682827
2026-06-28T07:13:19,idle,cu_cp,926514,308419.7003320867,0.308420
2026-06-28T07:13:19,idle,cu_up,926543,305240.105419938,0.305240
2026-06-28T07:13:19,idle,du1,926680,2728083.580535817,2.728084
2026-06-28T07:13:19,idle,du2,927326,2763059.0670753764,2.763059
2026-06-28T07:13:19,idle,du3,927944,2782136.29158381,2.782136
2026-06-28T07:13:19,idle,du4,928570,2769418.141911521,2.769418
2026-06-28T07:13:19,idle,ue1,926748,689969.8536672879,0.689970
2026-06-28T07:13:19,idle,ue5,927370,632737.3177308404,0.632737
2026-06-28T07:13:19,idle,ue9,928010,651814.8297096562,0.651815
2026-06-28T07:13:19,idle,ue13,928651,674071.9366006207,0.674072
2026-06-28T07:13:24,idle,cu_cp,926514,295863.94141581806,0.295864
2026-06-28T07:13:24,idle,cu_up,926543,302226.60744118603,0.302227
2026-06-28T07:13:24,idle,du1,926680,2805935.6021321057,2.805936
2026-06-28T07:13:24,idle,du2,927326,2761396.8248993587,2.761397
2026-06-28T07:13:24,idle,du3,927944,2739127.4362829854,2.739127
2026-06-28T07:13:24,idle,du4,928570,2726402.1042322493,2.726402
2026-06-28T07:13:24,idle,ue1,926748,671261.2081487358,0.671261
2026-06-28T07:13:24,idle,ue5,927370,652173.2100726318,0.652173
2026-06-28T07:13:24,idle,ue9,928010,636266.5450092119,0.636267
2026-06-28T07:13:24,idle,ue13,928651,674442.5411614197,0.674443
2026-06-28T07:13:29,idle,cu_cp,926514,305357.5241020471,0.305358
2026-06-28T07:13:29,idle,cu_up,926543,298995.89824225486,0.298996
2026-06-28T07:13:29,idle,du1,926680,2773664.2778207017,2.773664
2026-06-28T07:13:29,idle,du2,927326,2706867.321219101,2.706867
2026-06-28T07:13:29,idle,du3,927944,2741856.1485217405,2.741856
2026-06-28T07:13:29,idle,du4,928570,2760941.026101117,2.760941
2026-06-28T07:13:29,idle,ue1,926748,664788.7530861103,0.664789
2026-06-28T07:13:29,idle,ue5,927370,636161.4941801542,0.636161
2026-06-28T07:13:29,idle,ue9,928010,604353.422344302,0.604353
2026-06-28T07:13:29,idle,ue13,928651,658427.184689427,0.658427
2026-06-28T07:13:35,idle,cu_cp,926514,296406.9769835949,0.296407
2026-06-28T07:13:35,idle,cu_up,926543,315530.0086865425,0.315530
2026-06-28T07:13:35,idle,du1,926680,2776026.716033554,2.776027
2026-06-28T07:13:35,idle,du2,927326,2763277.8937187195,2.763278
2026-06-28T07:13:35,idle,du3,927944,2712283.296239853,2.712283
2026-06-28T07:13:35,idle,du4,928570,2750529.532590866,2.750530
2026-06-28T07:13:35,idle,ue1,926748,685241.9933757782,0.685242
2026-06-28T07:13:35,idle,ue5,927370,669306.1384273529,0.669306
2026-06-28T07:13:35,idle,ue9,928010,656557.4314092636,0.656557
2026-06-28T07:13:35,idle,ue13,928651,694803.4948151589,0.694803
2026-06-28T07:13:40,idle,cu_cp,926514,307283.248996329,0.307283
2026-06-28T07:13:40,idle,cu_up,926543,310484.12490484,0.310484
2026-06-28T07:13:40,idle,du1,926680,2797557.855531256,2.797558
2026-06-28T07:13:40,idle,du2,927326,2755946.7288580798,2.755947
2026-06-28T07:13:40,idle,du3,927944,2803959.549539952,2.803960
2026-06-28T07:13:40,idle,du4,928570,2794357.12414356,2.794357
2026-06-28T07:13:40,idle,ue1,926748,675382.995733552,0.675383
2026-06-28T07:13:40,idle,ue5,927370,678583.8427379,0.678584
2026-06-28T07:13:40,idle,ue9,928010,672182.0909208781,0.672182
2026-06-28T07:13:40,idle,ue13,928651,691387.2885636181,0.691387
2026-06-28T07:13:45,idle,cu_cp,926514,293892.6238062358,0.293893
2026-06-28T07:13:45,idle,cu_up,926543,317721.72582026897,0.317722
2026-06-28T07:13:45,idle,du1,926680,2811837.386085906,2.811837
2026-06-28T07:13:45,idle,du2,927326,2732406.8536006236,2.732407
2026-06-28T07:13:45,idle,du3,927944,2764179.0665947367,2.764179
2026-06-28T07:13:45,idle,du4,928570,2732406.8536006236,2.732407
2026-06-28T07:13:45,idle,ue1,926748,683101.7134001559,0.683102
2026-06-28T07:13:45,idle,ue5,927370,691044.7666486842,0.691045
2026-06-28T07:13:45,idle,ue9,928010,651329.5581375945,0.651330
2026-06-28T07:13:45,idle,ue13,928651,675158.6601516276,0.675159
2026-06-28T07:13:51,dl,cu_cp,926514,302575.761263895,0.302576
2026-06-28T07:13:51,dl,cu_up,926543,309299.65167782304,0.309300
2026-06-28T07:13:51,dl,du1,926680,2817316.5480490923,2.817317
2026-06-28T07:13:51,dl,du2,927326,2783696.8651004075,2.783697
2026-06-28T07:13:51,dl,du3,927944,2709733.8396681547,2.709734
2026-06-28T07:13:51,dl,du4,928570,2736629.632202911,2.736630
2026-06-28T07:13:51,dl,ue1,926748,672390.5998263538,0.672391
2026-06-28T07:13:51,dl,ue5,927370,652218.8708648086,0.652219
2026-06-28T07:13:51,dl,ue9,928010,672390.5998263538,0.672391
2026-06-28T07:13:51,dl,ue13,928651,699286.1614820659,0.699286
2026-06-28T07:13:56,dl,cu_cp,926514,401710.7903197396,0.401711
2026-06-28T07:13:56,dl,cu_up,926543,958467.8808580809,0.958468
2026-06-28T07:13:56,dl,du1,926680,4165106.9423432853,4.165107
2026-06-28T07:13:56,dl,du2,927326,4038250.859705236,4.038251
2026-06-28T07:13:56,dl,du3,927944,4165106.9423432853,4.165107
2026-06-28T07:13:56,dl,du4,928570,4136916.7937797736,4.136917
2026-06-28T07:13:56,dl,ue1,926748,2790832.9898325847,2.790833
2026-06-28T07:13:56,dl,ue5,927370,2811975.6702722595,2.811976
2026-06-28T07:13:56,dl,ue9,928010,2621691.822383351,2.621692
2026-06-28T07:13:56,dl,ue13,928651,2833118.6267800997,2.833119
2026-06-28T07:14:01,dl,cu_cp,926514,401134.23465694784,0.401134
2026-06-28T07:14:01,dl,cu_up,926543,931865.7298451901,0.931866
2026-06-28T07:14:01,dl,du1,926680,4159453.3730958938,4.159453
2026-06-28T07:14:01,dl,du2,927326,4042198.87666955,4.042199
2026-06-28T07:14:01,dl,du3,927944,4134768.259608507,4.134768
2026-06-28T07:14:01,dl,du4,928570,4091568.827162647,4.091569
2026-06-28T07:14:01,dl,ue1,926748,2807939.6080384254,2.807940
2026-06-28T07:14:01,dl,ue5,927370,2789425.8420433044,2.789426
2026-06-28T07:14:01,dl,ue9,928010,2690684.8351304056,2.690685
2026-06-28T07:14:01,dl,ue13,928651,2795596.913053894,2.795597
2026-06-28T07:14:07,dl,cu_cp,926514,402117.7439611942,0.402118
2026-06-28T07:14:07,dl,cu_up,926543,888891.9309526831,0.888892
2026-06-28T07:14:07,dl,du1,926680,4105834.0886037825,4.105834
2026-06-28T07:14:07,dl,du2,927326,3985903.7786538005,3.985904
2026-06-28T07:14:07,dl,du3,927944,3996486.082902789,3.996486
2026-06-28T07:14:07,dl,du4,928570,4070560.5649533393,4.070561
2026-06-28T07:14:07,dl,ue1,926748,2768968.723098171,2.768969
2026-06-28T07:14:07,dl,ue5,927370,2740750.068947053,2.740750
2026-06-28T07:14:07,dl,ue9,928010,2645511.527629316,2.645512
2026-06-28T07:14:07,dl,ue13,928651,2761914.12821424,2.761914
2026-06-28T07:14:12,dl,cu_cp,926514,401125.33445560635,0.401125
2026-06-28T07:14:12,dl,cu_up,926543,890216.7203083407,0.890217
2026-06-28T07:14:12,dl,du1,926680,4123849.7200453375,4.123850
2026-06-28T07:14:12,dl,du2,927326,4053476.9338628124,4.053477
2026-06-28T07:14:12,dl,du3,927944,3930324.3520364785,3.930324
2026-06-28T07:14:12,dl,du4,928570,4102738.131398878,4.102738
2026-06-28T07:14:12,dl,ue1,926748,2772690.7420910667,2.772691
2026-06-28T07:14:12,dl,ue5,927370,2723429.819230888,2.723430
2026-06-28T07:14:12,dl,ue9,928010,2649538.4349406194,2.649538
2026-06-28T07:14:12,dl,ue13,928651,2769172.1439833236,2.769172
2026-06-28T07:14:18,dl,cu_cp,926514,396851.0898892945,0.396851
2026-06-28T07:14:18,dl,cu_up,926543,892036.9539873409,0.892037
2026-06-28T07:14:18,dl,du1,926680,4080893.5078106737,4.080894
2026-06-28T07:14:18,dl,du2,927326,4080893.5078106737,4.080894
2026-06-28T07:14:18,dl,du3,927944,4042261.9623609874,4.042262
2026-06-28T07:14:18,dl,du4,928570,4056309.7970699645,4.056310
2026-06-28T07:14:18,dl,ue1,926748,2704206.5313799763,2.704207
2026-06-28T07:14:18,dl,ue5,927370,2735814.159475174,2.735814
2026-06-28T07:14:18,dl,ue9,928010,2623431.48180336,2.623431
2026-06-28T07:14:18,dl,ue13,928651,2721766.3247661972,2.721766
2026-06-28T07:14:23,dl,cu_cp,926514,398714.0969525242,0.398714
2026-06-28T07:14:23,dl,cu_up,926543,902352.9201040614,0.902353
2026-06-28T07:14:23,dl,du1,926680,4095563.117899418,4.095563
2026-06-28T07:14:23,dl,du2,927326,3994135.813875568,3.994136
2026-06-28T07:14:23,dl,du3,927944,4088567.9987565423,4.088568
2026-06-28T07:14:23,dl,du4,928570,4018618.1812905334,4.018618
2026-06-28T07:14:23,dl,ue1,926748,2756023.6325383903,2.756024
2026-06-28T07:14:23,dl,ue5,927370,2728043.7055519866,2.728044
2026-06-28T07:14:23,dl,ue9,928010,2581148.9514770936,2.581149
2026-06-28T07:14:23,dl,ue13,928651,2700063.7785655833,2.700064
2026-06-28T07:14:28,dl,cu_cp,926514,408217.65107620956,0.408218
2026-06-28T07:14:28,dl,cu_up,926543,924811.726647799,0.924812
2026-06-28T07:14:28,dl,du1,926680,4129139.2059174157,4.129139
2026-06-28T07:14:28,dl,du2,927326,4042438.3984858417,4.042438
2026-06-28T07:14:28,dl,du3,927944,4154427.460425682,4.154427
2026-06-28T07:14:28,dl,du4,928570,4118302.054794874,4.118302
2026-06-28T07:14:28,dl,ue1,926748,2767209.835853491,2.767210
2026-06-28T07:14:28,dl,ue5,927370,2756372.131123066,2.756372
2026-06-28T07:14:28,dl,ue9,928010,2666058.4786440753,2.666058
2026-06-28T07:14:28,dl,ue13,928651,2734696.998466158,2.734697
2026-06-28T07:14:34,dl,cu_cp,926514,409859.63263395906,0.409860
2026-06-28T07:14:34,dl,cu_up,926543,892498.0778921961,0.892498
2026-06-28T07:14:34,dl,du1,926680,4113918.4367511654,4.113918
2026-06-28T07:14:34,dl,du2,927326,4113918.4367511654,4.113918
2026-06-28T07:14:34,dl,du3,927944,4148392.596573725,4.148393
2026-06-28T07:14:34,dl,du4,928570,4121579.422709484,4.121579
2026-06-28T07:14:34,dl,ue1,926748,2823051.997420082,2.823052
2026-06-28T07:14:34,dl,ue5,927370,2731120.7199000074,2.731121
2026-06-28T07:14:34,dl,ue9,928010,2688985.574119129,2.688986
2026-06-28T07:14:34,dl,ue13,928651,2734951.2128791665,2.734951
2026-06-28T07:14:39,dl,cu_cp,926514,409039.414884696,0.409039
2026-06-28T07:14:39,dl,cu_up,926543,913648.7017966259,0.913649
2026-06-28T07:14:39,dl,du1,926680,4132444.790122905,4.132445
2026-06-28T07:14:39,dl,du2,927326,4159204.4400985623,4.159204
2026-06-28T07:14:39,dl,du3,927944,4163027.3263236857,4.163027
2026-06-28T07:14:39,dl,du4,928570,4090394.14884696,4.090394
2026-06-28T07:14:39,dl,ue1,926748,2786819.840491023,2.786820
2026-06-28T07:14:39,dl,ue5,927370,2760060.1905153655,2.760060
2026-06-28T07:14:39,dl,ue9,928010,2679781.5173884965,2.679782
2026-06-28T07:14:39,dl,ue13,928651,2740946.312989955,2.740946
2026-06-28T07:14:49,dl,cu_cp,926514,398105.3669652778,0.398105
2026-06-28T07:14:49,dl,cu_up,926543,934016.4418724846,0.934016
2026-06-28T07:14:49,dl,du1,926680,4134171.376661415,4.134171
2026-06-28T07:14:49,dl,du2,927326,4187762.058561244,4.187762
2026-06-28T07:14:49,dl,du3,927944,4137999.0650201226,4.137999
2026-06-28T07:14:49,dl,du4,928570,4030816.8707992123,4.030817
2026-06-28T07:14:49,dl,ue1,926748,2847984.4923963263,2.847984
2026-06-28T07:14:49,dl,ue5,927370,2744630.2633412075,2.744630
2026-06-28T07:14:49,dl,ue9,928010,2637448.069120297,2.637448
2026-06-28T07:14:49,dl,ue13,928651,2775253.7078604554,2.775254
2026-06-28T07:14:55,dl,cu_cp,926514,411167.33963563264,0.411167
2026-06-28T07:14:55,dl,cu_up,926543,887660.2806722992,0.887660
2026-06-28T07:14:55,dl,du1,926680,4150099.7462213133,4.150100
2026-06-28T07:14:55,dl,du2,927326,4142414.78221163,4.142415
2026-06-28T07:14:55,dl,du3,927944,4176998.9282202437,4.176999
2026-06-28T07:14:55,dl,du4,928570,4115515.878361168,4.115516
2026-06-28T07:14:55,dl,ue1,926748,2816688.258053236,2.816688
2026-06-28T07:14:55,dl,ue5,927370,2747519.9660360096,2.747520
2026-06-28T07:14:55,dl,ue9,928010,2697565.057562628,2.697565
2026-06-28T07:14:55,dl,ue13,928651,2762890.728500779,2.762891
2026-06-28T07:15:00,dl,cu_cp,926514,392982.18461483717,0.392982
2026-06-28T07:15:00,dl,cu_up,926543,892794.5038049984,0.892795
2026-06-28T07:15:00,dl,du1,926680,4109143.7270991895,4.109144
2026-06-28T07:15:00,dl,du2,927326,4086251.4222814753,4.086251
2026-06-28T07:15:00,dl,du3,927944,4147297.5684620477,4.147298
2026-06-28T07:15:00,dl,du4,928570,4132036.0319169043,4.132036
2026-06-28T07:15:00,dl,ue1,926748,2735613.997352314,2.735614
2026-06-28T07:15:00,dl,ue5,927370,2689829.6638238523,2.689830
2026-06-28T07:15:00,dl,ue9,928010,2628783.793750248,2.628784
2026-06-28T07:15:00,dl,ue13,928651,2747060.0117076873,2.747060
2026-06-28T07:15:05,dl,cu_cp,926514,408435.6117128897,0.408436
2026-06-28T07:15:05,dl,cu_up,926543,916711.0150357198,0.916711
2026-06-28T07:15:05,dl,du1,926680,4120661.6216227915,4.120662
2026-06-28T07:15:05,dl,du2,927326,4111585.3146489714,4.111585
2026-06-28T07:15:05,dl,du3,927944,4156966.84951807,4.156967
2026-06-28T07:15:05,dl,du4,928570,4084356.3937275126,4.084356
2026-06-28T07:15:05,dl,ue1,926748,2768285.797354107,2.768286
2026-06-28T07:15:05,dl,ue5,927370,2731980.569458828,2.731981
2026-06-28T07:15:05,dl,ue9,928010,2659369.8370696544,2.659370
2026-06-28T07:15:05,dl,ue13,928651,2777362.1043279264,2.777362
2026-06-28T07:15:11,dl,cu_cp,926514,407786.0356706828,0.407786
2026-06-28T07:15:11,dl,cu_up,926543,930983.1880001605,0.930983
2026-06-28T07:15:11,dl,du1,926680,4185577.2186358212,4.185577
2026-06-28T07:15:11,dl,du2,927326,4116330.520904255,4.116331
2026-06-28T07:15:11,dl,du3,927944,4093248.3807813646,4.093248
2026-06-28T07:15:11,dl,du4,928570,4154801.309168196,4.154801
2026-06-28T07:15:11,dl,ue1,926748,2854502.1456836937,2.854502
2026-06-28T07:15:11,dl,ue5,927370,2816031.912145543,2.816032
2026-06-28T07:15:11,dl,ue9,928010,2639068.0057813646,2.639068
2026-06-28T07:15:11,dl,ue13,928651,2792949.7720226524,2.792950
2026-06-28T07:15:16,dl,cu_cp,926514,416481.21286792756,0.416481
2026-06-28T07:15:16,dl,cu_up,926543,920289.0413626671,0.920289
2026-06-28T07:15:16,dl,du1,926680,4231986.179237366,4.231986
2026-06-28T07:15:16,dl,du2,927326,4171529.3937745667,4.171529
2026-06-28T07:15:16,dl,du3,927944,4225268.914142075,4.225269
2026-06-28T07:15:16,dl,du4,928570,4158094.5836629486,4.158095
2026-06-28T07:15:16,dl,ue1,926748,2881781.184875412,2.881781
2026-06-28T07:15:16,dl,ue5,927370,2814606.57447525,2.814607
2026-06-28T07:15:16,dl,ue9,928010,2680257.9135169983,2.680258
2026-06-28T07:15:16,dl,ue13,928651,2807889.309379959,2.807889
2026-06-28T07:15:22,dl,cu_cp,926514,403995.1371517825,0.403995
2026-06-28T07:15:22,dl,cu_up,926543,889960.2861206245,0.889960
2026-06-28T07:15:22,dl,du1,926680,4162906.1475798227,4.162906
2026-06-28T07:15:22,dl,du2,927326,4080936.0667160223,4.080936
2026-06-28T07:15:22,dl,du3,927944,4121921.3833348844,4.121921
2026-06-28T07:15:22,dl,du4,928570,4004820.873262367,4.004821
2026-06-28T07:15:22,dl,ue1,926748,2740140.888218422,2.740141
2026-06-28T07:15:22,dl,ue5,927370,2710865.8987937737,2.710866
2026-06-28T07:15:22,dl,ue9,928010,2652315.643757515,2.652316
2026-06-28T07:15:22,dl,ue13,928651,2687445.7967792703,2.687446
2026-06-28T07:15:27,dl,cu_cp,926514,401574.00605235604,0.401574
2026-06-28T07:15:27,dl,cu_up,926543,895545.5213737052,0.895546
2026-06-28T07:15:27,dl,du1,926680,4115244.841418662,4.115245
2026-06-28T07:15:27,dl,du2,927326,4061938.538122747,4.061939
2026-06-28T07:15:27,dl,du3,927944,4111691.032458539,4.111691
2026-06-28T07:15:27,dl,du4,928570,4015739.852747078,4.015740
2026-06-28T07:15:27,dl,ue1,926748,2743496.7456359817,2.743497
2026-06-28T07:15:27,dl,ue5,927370,2743496.7456359817,2.743497
2026-06-28T07:15:27,dl,ue9,928010,2672421.674574761,2.672422
2026-06-28T07:15:27,dl,ue13,928651,2729281.5097954893,2.729282
2026-06-28T07:15:32,dl,cu_cp,926514,402565.648882823,0.402566
2026-06-28T07:15:32,dl,cu_up,926543,915569.5965453386,0.915570
2026-06-28T07:15:32,dl,du1,926680,4096906.9638903807,4.096907
2026-06-28T07:15:32,dl,du2,927326,4150344.646760998,4.150345
2026-06-28T07:15:32,dl,du3,927944,4107594.1674865913,4.107594
2026-06-28T07:15:32,dl,du4,928570,4121844.7897140505,4.121845
2026-06-28T07:15:32,dl,ue1,926748,2707521.1046592714,2.707521
2026-06-28T07:15:32,dl,ue5,927370,2760959.065011482,2.760959
2026-06-28T07:15:32,dl,ue9,928010,2657645.7304935264,2.657646
2026-06-28T07:15:32,dl,ue13,928651,2775208.854794159,2.775209
2026-06-28T07:15:38,dl,cu_cp,926514,394316.77358510793,0.394317
2026-06-28T07:15:38,dl,cu_up,926543,909415.2534953589,0.909415
2026-06-28T07:15:38,dl,du1,926680,4142102.091113527,4.142102
2026-06-28T07:15:38,dl,du2,927326,4124339.9838685943,4.124340
2026-06-28T07:15:38,dl,du3,927944,4103025.455174675,4.103025
2026-06-28T07:15:38,dl,du4,928570,4099473.310588088,4.099473
2026-06-28T07:15:38,dl,ue1,926748,2756664.924431169,2.756665
2026-06-28T07:15:38,dl,ue5,927370,2746007.6600842094,2.746008
2026-06-28T07:15:38,dl,ue9,928010,2671407.086517892,2.671407
2026-06-28T07:15:38,dl,ue13,928651,2724693.40825269,2.724693
2026-06-28T07:15:43,dl,cu_cp,926514,400699.5042141742,0.400700
2026-06-28T07:15:43,dl,cu_up,926543,929055.559916643,0.929056
2026-06-28T07:15:43,dl,du1,926680,4163019.6162168216,4.163020
2026-06-28T07:15:43,dl,du2,927326,4017633.2495829104,4.017633
2026-06-28T07:15:43,dl,du3,927944,4109829.3402918004,4.109829
2026-06-28T07:15:43,dl,du4,928570,4102737.52496531,4.102738
2026-06-28T07:15:43,dl,ue1,926748,2811988.656258774,2.811989
2026-06-28T07:15:43,dl,ue5,927370,2716246.381057248,2.716246
2026-06-28T07:15:43,dl,ue9,928010,2620503.829026332,2.620504
2026-06-28T07:15:43,dl,ue13,928651,2716246.381057248,2.716246
2026-06-28T07:15:49,dl,cu_cp,926514,401206.4860387802,0.401206
2026-06-28T07:15:49,dl,cu_up,926543,864986.4378582,0.864986
2026-06-28T07:15:49,dl,du1,926680,4118808.0432123183,4.118808
2026-06-28T07:15:49,dl,du2,927326,4078319.02052536,4.078319
2026-06-28T07:15:49,dl,du3,927944,4093042.3518573763,4.093042
2026-06-28T07:15:49,dl,du4,928570,4056234.577431679,4.056235
2026-06-28T07:15:49,dl,ue1,926748,2812126.3735805512,2.812126
2026-06-28T07:15:49,dl,ue5,927370,2749552.63084774,2.749553
2026-06-28T07:15:49,dl,ue9,928010,2639129.0306184767,2.639129
2026-06-28T07:15:49,dl,ue13,928651,2731148.605158806,2.731149
2026-06-28T07:15:54,dl,cu_cp,926514,402477.50672385754,0.402478
2026-06-28T07:15:54,dl,cu_up,926543,885450.4939551818,0.885450
2026-06-28T07:15:54,dl,du1,926680,4155100.8087750627,4.155101
2026-06-28T07:15:54,dl,du2,927326,4097604.2949696924,4.097604
2026-06-28T07:15:54,dl,du3,927944,4135935.4893937586,4.135935
2026-06-28T07:15:54,dl,du4,928570,4124436.3533311225,4.124436
2026-06-28T07:15:54,dl,ue1,926748,2832675.156806226,2.832675
2026-06-28T07:15:54,dl,ue5,927370,2729180.7095966623,2.729181
2026-06-28T07:15:54,dl,ue9,928010,2660184.7818979262,2.660185
2026-06-28T07:15:54,dl,ue13,928651,2779011.317914095,2.779011
2026-06-28T07:15:59,dl,cu_cp,926514,399527.7237947899,0.399528
2026-06-28T07:15:59,dl,cu_up,926543,910462.2604353476,0.910462
2026-06-28T07:15:59,dl,du1,926680,4079792.801398745,4.079793
2026-06-28T07:15:59,dl,du2,927326,4133575.0225757076,4.133575
2026-06-28T07:15:59,dl,du3,927944,4114367.264906502,4.114367
2026-06-28T07:15:59,dl,du4,928570,4099000.55906795,4.099001
2026-06-28T07:15:59,dl,ue1,926748,2750594.81658813,2.750595
2026-06-28T07:15:59,dl,ue5,927370,2746752.931918831,2.746753
2026-06-28T07:15:59,dl,ue9,928010,2666079.183734064,2.666079
2026-06-28T07:15:59,dl,ue13,928651,2773644.458926635,2.773644
2026-06-28T07:16:04,dl,cu_cp,926514,404713.99918263854,0.404714
2026-06-28T07:16:04,dl,cu_up,926543,917351.759438324,0.917352
2026-06-28T07:16:04,dl,du1,926680,4174335.8181439517,4.174336
2026-06-28T07:16:04,dl,du2,927326,4178190.3430235623,4.178190
2026-06-28T07:16:04,dl,du3,927944,4205171.458027303,4.205171
2026-06-28T07:16:04,dl,du4,928570,4112665.097530782,4.112665
2026-06-28T07:16:04,dl,ue1,926748,2817580.2442309856,2.817580
2026-06-28T07:16:04,dl,ue5,927370,2736637.737950063,2.736638
2026-06-28T07:16:04,dl,ue9,928010,2690384.5577018023,2.690385
2026-06-28T07:16:04,dl,ue13,928651,2798308.4585632323,2.798308
2026-06-28T07:16:10,dl,cu_cp,926514,412356.0508069575,0.412356
2026-06-28T07:16:10,dl,cu_up,926543,936472.142332884,0.936472
2026-06-28T07:16:10,dl,du1,926680,4162098.4723946,4.162098
2026-06-28T07:16:10,dl,du2,927326,4146683.3424881934,4.146683
2026-06-28T07:16:10,dl,du3,927944,4150537.4040828133,4.150537
2026-06-28T07:16:10,dl,du4,928570,4158244.9690360166,4.158245
2026-06-28T07:16:10,dl,ue1,926748,2778586.0974063347,2.778586
2026-06-28T07:16:10,dl,ue5,927370,2805562.5747425463,2.805563
2026-06-28T07:16:10,dl,ue9,928010,2697656.386279683,2.697656
2026-06-28T07:16:10,dl,ue13,928651,2782439.8798829364,2.782440
2026-06-28T07:16:15,dl,cu_cp,926514,405993.44186110137,0.405993
2026-06-28T07:16:15,dl,cu_up,926543,846457.9759739185,0.846458
2026-06-28T07:16:15,dl,du1,926680,4025463.18774415,4.025463
2026-06-28T07:16:15,dl,du2,927326,4098235.586018982,4.098236
2026-06-28T07:16:15,dl,du3,927944,4136536.892042098,4.136537
2026-06-28T07:16:15,dl,du4,928570,4082914.7309333803,4.082915
2026-06-28T07:16:15,dl,ue1,926748,2757691.2613613987,2.757691
2026-06-28T07:16:15,dl,ue5,927370,2746200.8972774935,2.746201
2026-06-28T07:16:15,dl,ue9,928010,2704069.3774829768,2.704069
2026-06-28T07:16:15,dl,ue13,928651,2753861.047589998,2.753861
2026-06-28T07:16:20,dl,cu_cp,926514,410583.24379789084,0.410583
2026-06-28T07:16:20,dl,cu_up,926543,921531.3612676454,0.921531
2026-06-28T07:16:20,dl,du1,926680,4133204.550419042,4.133205
2026-06-28T07:16:20,dl,du2,927326,4133204.550419042,4.133205
2026-06-28T07:16:20,dl,du3,927944,4078460.4639561865,4.078460
2026-06-28T07:16:20,dl,du4,928570,4005467.702724457,4.005468
2026-06-28T07:16:20,dl,ue1,926748,2700725.2447034074,2.700725
2026-06-28T07:16:20,dl,ue5,927370,2746345.6858688854,2.746346
2026-06-28T07:16:20,dl,ue9,928010,2645980.881405728,2.645981
2026-06-28T07:16:20,dl,ue13,928651,2746345.6858688854,2.746346
2026-06-28T07:16:26,dl,cu_cp,926514,407858.35828851163,0.407858
2026-06-28T07:16:26,dl,cu_up,926543,915757.4696719497,0.915757
2026-06-28T07:16:26,dl,du1,926680,4201710.652879894,4.201711
2026-06-28T07:16:26,dl,du2,927326,4186319.8214755654,4.186320
2026-06-28T07:16:26,dl,du3,927944,4163233.574369073,4.163234
2026-06-28T07:16:26,dl,du4,928570,4178624.4057734013,4.178624
2026-06-28T07:16:26,dl,ue1,926748,2808835.944013238,2.808836
2026-06-28T07:16:26,dl,ue5,927370,2708795.26071167,2.708795
2026-06-28T07:16:26,dl,ue9,928010,2701099.565836072,2.701100
2026-06-28T07:16:26,dl,ue13,928651,2778054.2812045813,2.778054
2026-06-28T07:16:31,dl,cu_cp,926514,411103.0207332432,0.411103
2026-06-28T07:16:31,dl,cu_up,926543,921666.4643057287,0.921666
2026-06-28T07:16:31,dl,du1,926680,4170706.3635707377,4.170706
2026-06-28T07:16:31,dl,du2,927326,4217121.260050798,4.217121
2026-06-28T07:16:31,dl,du3,927944,4137553.1445570947,4.137553
2026-06-28T07:16:31,dl,du4,928570,4197229.161559343,4.197229
2026-06-28T07:16:31,dl,ue1,926748,2771629.8835602524,2.771630
2026-06-28T07:16:31,dl,ue5,927370,2778260.5830574036,2.778261
2026-06-28T07:16:31,dl,ue9,928010,2725214.9870801927,2.725215
2026-06-28T07:16:31,dl,ue13,928651,2764999.1840631007,2.764999
2026-06-28T07:16:37,dl,cu_cp,926514,407075.3757234144,0.407075
2026-06-28T07:16:37,dl,cu_up,926543,878119.7927907789,0.878120
2026-06-28T07:16:37,dl,du1,926680,4152169.166700511,4.152169
2026-06-28T07:16:37,dl,du2,927326,4134722.868228445,4.134723
2026-06-28T07:16:37,dl,du3,927944,4152169.166700511,4.152169
2026-06-28T07:16:37,dl,du4,928570,4111461.6012680293,4.111462
2026-06-28T07:16:37,dl,ue1,926748,2837897.135884395,2.837897
2026-06-28T07:16:37,dl,ue5,927370,2744851.232238522,2.744851
2026-06-28T07:16:37,dl,ue9,928010,2692512.89402513,2.692513
2026-06-28T07:16:37,dl,ue13,928651,2808820.0646314193,2.808820
2026-06-28T07:16:42,dl,cu_cp,926514,403303.3063798284,0.403303
2026-06-28T07:16:42,dl,cu_up,926543,910109.2127378583,0.910109
2026-06-28T07:16:42,dl,du1,926680,4125828.7094087265,4.125829
2026-06-28T07:16:42,dl,du2,927326,4122259.399900632,4.122259
2026-06-28T07:16:42,dl,du3,927944,4075861.716260629,4.075862
2026-06-28T07:16:42,dl,du4,928570,4072292.6850829697,4.072293
2026-06-28T07:16:42,dl,ue1,926748,2848106.362902412,2.848106
2026-06-28T07:16:42,dl,ue5,927370,2776725.18268836,2.776725
2026-06-28T07:16:42,dl,ue9,928010,2658946.597164741,2.658947
2026-06-28T07:16:42,dl,ue13,928651,2758880.305130501,2.758880
2026-06-28T07:16:47,dl,cu_cp,926514,411791.22711147665,0.411791
2026-06-28T07:16:47,dl,cu_up,926543,895198.3289184093,0.895198
2026-06-28T07:16:47,dl,du1,926680,4164462.6630091667,4.164463
2026-06-28T07:16:47,dl,du2,927326,4168043.44626646,4.168043
2026-06-28T07:16:47,dl,du3,927944,4121493.263921642,4.121493
2026-06-28T07:16:47,dl,du4,928570,4107169.5720935822,4.107170
2026-06-28T07:16:47,dl,ue1,926748,2835988.162961006,2.835988
2026-06-28T07:16:47,dl,ue5,927370,2760791.4351583957,2.760791
2026-06-28T07:16:47,dl,ue9,928010,2689175.7700125217,2.689176
2026-06-28T07:16:47,dl,ue13,928651,2746468.302129221,2.746468
2026-06-28T07:16:53,dl,cu_cp,926514,399026.6304465628,0.399027
2026-06-28T07:16:53,dl,cu_up,926543,901372.7108552194,0.901373
2026-06-28T07:16:53,dl,du1,926680,4122087.815376611,4.122088
2026-06-28T07:16:53,dl,du2,927326,4164840.4900178406,4.164840
2026-06-28T07:16:53,dl,du3,927944,4075772.2094575595,4.075772
2026-06-28T07:16:53,dl,du4,928570,4107836.923829534,4.107837
2026-06-28T07:16:53,dl,ue1,926748,2743308.153783803,2.743308
2026-06-28T07:16:53,dl,ue5,927370,2729057.2622367265,2.729057
2026-06-28T07:16:53,dl,ue9,928010,2696992.547864752,2.696993
2026-06-28T07:16:53,dl,ue13,928651,2764684.907886522,2.764685
2026-06-28T07:16:58,dl,cu_cp,926514,403131.67858174053,0.403132
2026-06-28T07:16:58,dl,cu_up,926543,928642.6635937267,0.928643
2026-06-28T07:16:58,dl,du1,926680,4189690.1664431547,4.189690
2026-06-28T07:16:58,dl,du2,927326,4142898.156901989,4.142898
2026-06-28T07:16:58,dl,du3,927944,4196888.743354411,4.196889
2026-06-28T07:16:58,dl,du4,928570,4193289.3149412274,4.193289
2026-06-28T07:16:58,dl,ue1,926748,2832719.9303435683,2.832720
2026-06-28T07:16:58,dl,ue5,927370,2796726.2060419535,2.796726
2026-06-28T07:16:58,dl,ue9,928010,2757132.773412044,2.757133
2026-06-28T07:16:58,dl,ue13,928651,2818322.496605945,2.818322
2026-06-28T07:17:04,dl,cu_cp,926514,412099.82859437674,0.412100
2026-06-28T07:17:04,dl,cu_up,926543,929097.7801426041,0.929098
2026-06-28T07:17:04,dl,du1,926680,4162208.0558472513,4.162208
2026-06-28T07:17:04,dl,du2,927326,4158461.7067813324,4.158462
2026-06-28T07:17:04,dl,du3,927944,4150969.2879359913,4.150969
2026-06-28T07:17:04,dl,du4,928570,4143476.5898041534,4.143477
2026-06-28T07:17:04,dl,ue1,926748,2768561.4554549693,2.768561
2026-06-28T07:17:04,dl,ue5,927370,2776054.432873304,2.776054
2026-06-28T07:17:04,dl,ue9,928010,2712366.2194661857,2.712366
2026-06-28T07:17:04,dl,ue13,928651,2787293.480071061,2.787293
2026-06-28T07:17:09,dl,cu_cp,926514,400910.4016775358,0.400910
2026-06-28T07:17:09,dl,cu_up,926543,929032.7913098257,0.929033
2026-06-28T07:17:09,dl,du1,926680,4167155.175070064,4.167155
2026-06-28T07:17:09,dl,du2,927326,4151735.6248194454,4.151736
2026-06-28T07:17:09,dl,du3,927944,4078492.411935432,4.078492
2026-06-28T07:17:09,dl,du4,928570,4155590.442543385,4.155590
2026-06-28T07:17:09,dl,ue1,926748,2825647.319394739,2.825647
2026-06-28T07:17:09,dl,ue5,927370,2814082.58686806,2.814083
2026-06-28T07:17:09,dl,ue9,928010,2679160.8936267113,2.679161
2026-06-28T07:17:09,dl,ue13,928651,2825647.319394739,2.825647
2026-06-28T07:17:14,dl,cu_cp,926514,391065.35998835263,0.391065
2026-06-28T07:17:14,dl,cu_up,926543,920153.6492569756,0.920154
2026-06-28T07:17:14,dl,du1,926680,4071680.2696558093,4.071680
2026-06-28T07:17:14,dl,du2,927326,4129189.82931221,4.129190
2026-06-28T07:17:14,dl,du3,927944,4060178.1909834337,4.060178
2026-06-28T07:17:14,dl,du4,928570,4136857.9743944025,4.136858
2026-06-28T07:17:14,dl,ue1,926748,2802634.9120175075,2.802635
2026-06-28T07:17:14,dl,ue5,927370,2737457.4851807402,2.737457
2026-06-28T07:17:14,dl,ue9,928010,2676113.7140323306,2.676114
2026-06-28T07:17:14,dl,ue13,928651,2756627.153131657,2.756627
2026-06-28T07:17:20,dl,cu_cp,926514,393126.91230759025,0.393127
2026-06-28T07:17:20,dl,cu_up,926543,909587.7074036747,0.909588
2026-06-28T07:17:20,dl,du1,926680,4120124.1115245223,4.120124
2026-06-28T07:17:20,dl,du2,927326,4116270.1212254167,4.116270
2026-06-28T07:17:20,dl,du3,927944,4116270.1212254167,4.116270
2026-06-28T07:17:20,dl,du4,928570,4062311.1952227354,4.062311
2026-06-28T07:17:20,dl,ue1,926748,2859805.542291403,2.859806
2026-06-28T07:17:20,dl,ue5,927370,2775013.3021616936,2.775013
2026-06-28T07:17:20,dl,ue9,928010,2667096.006850004,2.667096
2026-06-28T07:17:20,dl,ue13,928651,2748034.256680608,2.748034
2026-06-28T07:17:25,dl,cu_cp,926514,387897.6237509054,0.387898
2026-06-28T07:17:25,dl,cu_up,926543,902534.0585624654,0.902534
2026-06-28T07:17:25,dl,du1,926680,4086366.716216712,4.086367
2026-06-28T07:17:25,dl,du2,927326,4036439.324738126,4.036439
2026-06-28T07:17:25,dl,du3,927944,4117091.4784924793,4.117091
2026-06-28T07:17:25,dl,du4,928570,3994192.984940667,3.994193
2026-06-28T07:17:25,dl,ue1,926748,2730645.5390625,2.730646
2026-06-28T07:17:25,dl,ue5,927370,2761370.0235626386,2.761370
2026-06-28T07:17:25,dl,ue9,928010,2707602.106243489,2.707602
2026-06-28T07:17:25,dl,ue13,928651,2776732.4047005223,2.776732
2026-06-28T07:17:30,dl,cu_cp,926514,388625.69494968833,0.388626
2026-06-28T07:17:30,dl,cu_up,926543,888836.9809958303,0.888837
2026-06-28T07:17:30,dl,du1,926680,4128666.870568786,4.128667
2026-06-28T07:17:30,dl,du2,927326,4105580.244591179,4.105580
2026-06-28T07:17:30,dl,du3,927944,4047863.5403243494,4.047864
2026-06-28T07:17:30,dl,du4,928570,4047863.5403243494,4.047864
2026-06-28T07:17:30,dl,ue1,926748,2747314.3428933336,2.747314
2026-06-28T07:17:30,dl,ue5,927370,2762705.3339965297,2.762705
2026-06-28T07:17:30,dl,ue9,928010,2697292.9948552893,2.697293
2026-06-28T07:17:30,dl,ue13,928651,2797335.412285752,2.797335
2026-06-28T07:17:35,dl,cu_cp,926514,400822.9114201069,0.400823
2026-06-28T07:17:35,dl,cu_up,926543,917439.1316631765,0.917439
2026-06-28T07:17:35,dl,du1,926680,4204187.075212848,4.204187
2026-06-28T07:17:35,dl,du2,927326,4195279.806197119,4.195280
2026-06-28T07:17:35,dl,du3,927944,4088393.69648509,4.088394
2026-06-28T07:17:35,dl,du4,928570,4177465.547784841,4.177466
2026-06-28T07:17:35,dl,ue1,926748,2814667.6489564776,2.814668
2026-06-28T07:17:35,dl,ue5,927370,2752317.325084734,2.752317
2026-06-28T07:17:35,dl,ue9,928010,2725595.797656727,2.725596
2026-06-28T07:17:35,dl,ue13,928651,2823574.917972207,2.823575
2026-06-28T07:17:41,dl,cu_cp,926514,401714.76091408613,0.401715
2026-06-28T07:17:41,dl,cu_up,926543,932281.4050767433,0.932281
2026-06-28T07:17:41,dl,du1,926680,4214214.930964513,4.214215
2026-06-28T07:17:41,dl,du2,927326,4176317.644515853,4.176318
2026-06-28T07:17:41,dl,du3,927944,4032306.7203092338,4.032307
2026-06-28T07:17:41,dl,du4,928570,4206635.866852598,4.206636
2026-06-28T07:17:41,dl,ue1,926748,2819582.881982789,2.819583
2026-06-28T07:17:41,dl,ue5,927370,2842321.4785250234,2.842321
2026-06-28T07:17:41,dl,ue9,928010,2774105.6888983203,2.774106
2026-06-28T07:17:41,dl,ue13,928651,2766526.0631038095,2.766526
2026-06-28T07:17:46,dl,cu_cp,926514,401726.96908475936,0.401727
2026-06-28T07:17:46,dl,cu_up,926543,913604.908817352,0.913605
2026-06-28T07:17:46,dl,du1,926680,4107982.291768913,4.107982
2026-06-28T07:17:46,dl,du2,927326,4114461.8179658367,4.114462
2026-06-28T07:17:46,dl,du3,927944,4159817.9443729497,4.159818
2026-06-28T07:17:46,dl,du4,928570,4172776.9967667963,4.172777
2026-06-28T07:17:46,dl,ue1,926748,2779691.3962836647,2.779691
2026-06-28T07:17:46,dl,ue5,927370,2786171.2009662627,2.786171
2026-06-28T07:17:46,dl,ue9,928010,2727855.7436796282,2.727856
2026-06-28T07:17:46,dl,ue13,928651,2792650.4486775114,2.792650
2026-06-28T07:17:52,dl,cu_cp,926514,408760.04605759325,0.408760
2026-06-28T07:17:52,dl,cu_up,926543,903877.7958313382,0.903878
2026-06-28T07:17:52,dl,du1,926680,4208501.203980221,4.208501
2026-06-28T07:17:52,dl,du2,927326,4214258.504978675,4.214259
2026-06-28T07:17:52,dl,du3,927944,4237287.15166152,4.237287
2026-06-28T07:17:52,dl,du4,928570,4191229.858295832,4.191230
2026-06-28T07:17:52,dl,ue1,926748,2763447.9121942855,2.763448
2026-06-28T07:17:52,dl,ue5,927370,2763447.9121942855,2.763448
2026-06-28T07:17:52,dl,ue9,928010,2734662.2431684732,2.734662
2026-06-28T07:17:52,dl,ue13,928651,2774962.2355357073,2.774962
2026-06-28T07:17:57,dl,cu_cp,926514,400624.6020655319,0.400625
2026-06-28T07:17:57,dl,cu_up,926543,919290.3407787394,0.919290
2026-06-28T07:17:57,dl,du1,926680,4167211.1309854602,4.167211
2026-06-28T07:17:57,dl,du2,927326,4160057.04247354,4.160057
2026-06-28T07:17:57,dl,du3,927944,4138595.0556323077,4.138595
2026-06-28T07:17:57,dl,du4,928570,4142172.3785827947,4.142172
2026-06-28T07:17:57,dl,ue1,926748,2775756.2436160184,2.775756
2026-06-28T07:17:57,dl,ue5,927370,2779333.2878719782,2.779333
2026-06-28T07:17:57,dl,ue9,928010,2729254.9469830655,2.729255
2026-06-28T07:17:57,dl,ue13,928651,2775756.2436160184,2.775756
2026-06-28T07:18:02,dl,cu_cp,926514,404838.5938760984,0.404839
2026-06-28T07:18:02,dl,cu_up,926543,924321.8096573424,0.924322
2026-06-28T07:18:02,dl,du1,926680,4195274.482929654,4.195274
2026-06-28T07:18:02,dl,du2,927326,4159447.9337105514,4.159448
2026-06-28T07:18:02,dl,du3,927944,4098542.8559707403,4.098543
2026-06-28T07:18:02,dl,du4,928570,4120038.89736753,4.120039
2026-06-28T07:18:02,dl,ue1,926748,2776547.776264286,2.776548
2026-06-28T07:18:02,dl,ue5,927370,2765800.0352292107,2.765800
2026-06-28T07:18:02,dl,ue9,928010,2744304.2734957407,2.744304
2026-06-28T07:18:02,dl,ue13,928651,2765800.0352292107,2.765800
2026-06-28T07:18:08,dl,cu_cp,926514,408527.73146519245,0.408528
2026-06-28T07:18:08,dl,cu_up,926543,935313.4637744188,0.935313
2026-06-28T07:18:08,dl,du1,926680,4196368.193598647,4.196368
2026-06-28T07:18:08,dl,du2,927326,4056608.3375242804,4.056608
2026-06-28T07:18:08,dl,du3,927944,4171282.847353716,4.171283
2026-06-28T07:18:08,dl,du4,928570,4153365.1824785518,4.153365
2026-06-28T07:18:08,dl,ue1,926748,2766521.081019931,2.766521
2026-06-28T07:18:08,dl,ue5,927370,2805940.3913232563,2.805940
2026-06-28T07:18:08,dl,ue9,928010,2745019.715327997,2.745020
2026-06-28T07:18:08,dl,ue13,928651,2802356.970242715,2.802357
2026-06-28T07:18:13,dl,cu_cp,926514,411772.4105567053,0.411772
2026-06-28T07:18:13,dl,cu_up,926543,891576.8243922979,0.891577
2026-06-28T07:18:13,dl,du1,926680,4175014.3422995447,4.175014
2026-06-28T07:18:13,dl,du2,927326,4114143.4701381563,4.114143
2026-06-28T07:18:13,dl,du3,927944,4185756.1787160872,4.185756
2026-06-28T07:18:13,dl,du4,928570,4135627.1429712414,4.135627
2026-06-28T07:18:13,dl,ue1,926748,2771407.490016806,2.771407
2026-06-28T07:18:13,dl,ue5,927370,2839439.4932956933,2.839439
2026-06-28T07:18:13,dl,ue9,928010,2706955.912556374,2.706956
2026-06-28T07:18:13,dl,ue13,928651,2803632.9992664335,2.803633
2026-06-28T07:18:19,dl,cu_cp,926514,401830.78098979115,0.401831
2026-06-28T07:18:19,dl,cu_up,926543,917387.2586645818,0.917387
2026-06-28T07:18:19,dl,du1,926680,4162360.107682519,4.162360
2026-06-28T07:18:19,dl,du2,927326,4105497.5386174917,4.105498
2026-06-28T07:18:19,dl,du3,927944,4056216.5150983143,4.056217
2026-06-28T07:18:19,dl,du4,928570,4162360.107682519,4.162360
2026-06-28T07:18:19,dl,ue1,926748,2786279.289505014,2.786279
2026-06-28T07:18:19,dl,ue5,927370,2748371.0032208203,2.748371
2026-06-28T07:18:19,dl,ue9,928010,2736998.265985837,2.736998
2026-06-28T07:18:19,dl,ue13,928651,2790070.2019166755,2.790070
2026-06-28T07:18:24,dl,cu_cp,926514,398191.44391268044,0.398191
2026-06-28T07:18:24,dl,cu_up,926543,916226.9563554596,0.916227
2026-06-28T07:18:24,dl,du1,926680,4194540.65168066,4.194541
2026-06-28T07:18:24,dl,du2,927326,4179077.0541765834,4.179077
2026-06-28T07:18:24,dl,du3,927944,4159747.4175466634,4.159747
2026-06-28T07:18:24,dl,du4,928570,4101758.228157256,4.101758
2026-06-28T07:18:24,dl,ue1,926748,2825999.415586059,2.825999
2026-06-28T07:18:24,dl,ue5,927370,2760278.427444613,2.760278
2026-06-28T07:18:24,dl,ue9,928010,2717753.11505893,2.717753
2026-06-28T07:18:24,dl,ue13,928651,2829865.454711902,2.829865
2026-06-28T07:18:29,dl,cu_cp,926514,402869.5981968084,0.402870
2026-06-28T07:18:29,dl,cu_up,926543,929699.0619947797,0.929699
2026-06-28T07:18:29,dl,du1,926680,4226257.315210683,4.226257
2026-06-28T07:18:29,dl,du2,927326,4156529.6458588266,4.156530
2026-06-28T07:18:29,dl,du3,927944,4106170.757996695,4.106171
2026-06-28T07:18:29,dl,du4,928570,4160403.5141344643,4.160404
2026-06-28T07:18:29,dl,ue1,926748,2862698.2337094285,2.862698
2026-06-28T07:18:29,dl,ue5,927370,2792971.124246035,2.792971
2026-06-28T07:18:29,dl,ue9,928010,2734864.779776859,2.734865
2026-06-28T07:18:29,dl,ue13,928651,2800718.5808530785,2.800719
2026-06-28T07:18:35,dl,cu_cp,926514,408877.98672568443,0.408878
2026-06-28T07:18:35,dl,cu_up,926543,950154.4600777125,0.950154
2026-06-28T07:18:35,dl,du1,926680,4232860.565038013,4.232861
2026-06-28T07:18:35,dl,du2,927326,4193919.907957754,4.193920
2026-06-28T07:18:35,dl,du3,927944,4123826.2201063633,4.123826
2026-06-28T07:18:35,dl,du4,928570,4170555.064725666,4.170555
2026-06-28T07:18:35,dl,ue1,926748,2838781.4496932696,2.838781
2026-06-28T07:18:35,dl,ue5,927370,2780370.3237654017,2.780370
2026-06-28T07:18:35,dl,ue9,928010,2753111.6673787497,2.753112
2026-06-28T07:18:35,dl,ue13,928651,2784264.136919966,2.784264
2026-06-28T07:18:40,dl,cu_cp,926514,413509.9340503854,0.413510
2026-06-28T07:18:40,dl,cu_up,926543,877259.3918180108,0.877259
2026-06-28T07:18:40,dl,du1,926680,4173745.1548787355,4.173745
2026-06-28T07:18:40,dl,du2,927326,4154422.352601614,4.154422
2026-06-28T07:18:40,dl,du3,927944,4131234.654156046,4.131235
2026-06-28T07:18:40,dl,du4,928570,4135099.2705636406,4.135099
2026-06-28T07:18:40,dl,ue1,926748,2832736.1304425667,2.832736
2026-06-28T07:18:40,dl,ue5,927370,2786361.2930731345,2.786361
2026-06-28T07:18:40,dl,ue9,928010,2712934.420611391,2.712934
2026-06-28T07:18:40,dl,ue13,928651,2782496.9564263914,2.782497
2026-06-28T07:18:45,dl,cu_cp,926514,400252.748637034,0.400253
2026-06-28T07:18:45,dl,cu_up,926543,908265.8647304892,0.908266
2026-06-28T07:18:45,dl,du1,926680,4137228.102394724,4.137228
2026-06-28T07:18:45,dl,du2,927326,4117984.8687142967,4.117985
2026-06-28T07:18:45,dl,du3,927944,4033316.033443594,4.033316
2026-06-28T07:18:45,dl,du4,928570,4125682.1621864676,4.125682
2026-06-28T07:18:45,dl,ue1,926748,2809466.4294621707,2.809466
2026-06-28T07:18:45,dl,ue5,927370,2794072.1211024644,2.794072
2026-06-28T07:18:45,dl,ue9,928010,2701706.2709442256,2.701706
2026-06-28T07:18:45,dl,ue13,928651,2817163.7229343415,2.817164
2026-06-28T07:18:51,dl,cu_cp,926514,421846.4374324411,0.421846
2026-06-28T07:18:51,dl,cu_up,926543,922789.0600003212,0.922789
2026-06-28T07:18:51,dl,du1,926680,4236041.335477202,4.236041
2026-06-28T07:18:51,dl,du2,927326,4218464.51437653,4.218465
2026-06-28T07:18:51,dl,du3,927944,4148156.3896611286,4.148156
2026-06-28T07:18:51,dl,du4,928570,4174522.041468494,4.174522
2026-06-28T07:18:51,dl,ue1,926748,2742002.0183760165,2.742002
2026-06-28T07:18:51,dl,ue5,927370,2768367.390079143,2.768367
2026-06-28T07:18:51,dl,ue9,928010,2785944.2111798143,2.785944
2026-06-28T07:18:51,dl,ue13,928651,2785944.2111798143,2.785944
2026-06-28T07:18:56,dl,cu_cp,926514,306435.7745848,0.306436
2026-06-28T07:18:56,dl,cu_up,926543,312689.5665030688,0.312690
2026-06-28T07:18:56,dl,du1,926680,2864236.522104883,2.864237
2026-06-28T07:18:56,dl,du2,927326,2820460.008087373,2.820460
2026-06-28T07:18:56,dl,du3,927944,2795444.722772813,2.795445
2026-06-28T07:18:56,dl,du4,928570,2857982.700776243,2.857983
2026-06-28T07:18:56,dl,ue1,926748,694170.8735174655,0.694171
2026-06-28T07:18:56,dl,ue5,927370,675409.468352288,0.675409
2026-06-28T07:18:56,dl,ue9,928010,675409.468352288,0.675409
2026-06-28T07:18:56,dl,ue13,928651,662901.8845157505,0.662902
2026-06-28T07:19:01,dl,cu_cp,926514,300631.10230959416,0.300631
2026-06-28T07:19:01,dl,cu_up,926543,311563.11951749085,0.311563
2026-06-28T07:19:01,dl,du1,926680,2847796.2322693444,2.847796
2026-06-28T07:19:01,dl,du2,927326,2831398.1625673296,2.831398
2026-06-28T07:19:01,dl,du3,927944,2793136.2340102005,2.793136
2026-06-28T07:19:01,dl,du4,928570,2760340.0946061704,2.760340
2026-06-28T07:19:01,dl,ue1,926748,672320.4481410265,0.672320
2026-06-28T07:19:01,dl,ue5,927370,666854.4249070216,0.666854
2026-06-28T07:19:01,dl,ue9,928010,666854.4249070216,0.666854
2026-06-28T07:19:01,dl,ue13,928651,661388.4016730166,0.661388
2026-06-28T07:19:07,dl,cu_cp,926514,303520.38744467497,0.303520
2026-06-28T07:19:07,dl,cu_up,926543,323102.3715838194,0.323102
2026-06-28T07:19:07,dl,du1,926680,2883443.6953928946,2.883444
2026-06-28T07:19:07,dl,du2,927326,2795325.0748048783,2.795325
2026-06-28T07:19:07,dl,du3,927944,2824697.948334217,2.824698
2026-06-28T07:19:07,dl,du4,928570,2805115.8761841776,2.805116
2026-06-28T07:19:07,dl,ue1,926748,704950.6075741767,0.704951
2026-06-28T07:19:07,dl,ue5,927370,655995.7205687284,0.655996
2026-06-28T07:19:07,dl,ue9,928010,675577.6753709078,0.675578
2026-06-28T07:19:07,dl,ue13,928651,685368.6527719975,0.685369
2026-06-28T07:19:12,ul,cu_cp,926514,305898.6157966831,0.305899
2026-06-28T07:19:12,ul,cu_up,926543,324070.7846155885,0.324071
2026-06-28T07:19:12,ul,du1,926680,2843948.5331574893,2.843949
2026-06-28T07:19:12,ul,du2,927326,2828804.9416274833,2.828805
2026-06-28T07:19:12,ul,du3,927944,2798517.9935959745,2.798518
2026-06-28T07:19:12,ul,du4,928570,2813661.5851259804,2.813662
2026-06-28T07:19:12,ul,ue1,926748,705686.8880052954,0.705687
2026-06-28T07:19:12,ul,ue5,927370,684485.9656261135,0.684486
2026-06-28T07:19:12,ul,ue9,928010,708715.5828084463,0.708716
2026-06-28T07:19:12,ul,ue13,928651,669342.4916103589,0.669342
2026-06-28T07:19:17,ul,cu_cp,926514,355595.22355177643,0.355595
2026-06-28T07:19:17,ul,cu_up,926543,475234.73140542983,0.475235
2026-06-28T07:19:17,ul,du1,926680,3615772.021604729,3.615772
2026-06-28T07:19:17,ul,du2,927326,3602478.56428689,3.602479
2026-06-28T07:19:17,ul,du3,927944,3532689.0068129255,3.532689
2026-06-28T07:19:17,ul,du4,928570,3609125.1643052576,3.609125
2026-06-28T07:19:17,ul,ue1,926748,1498817.1803399897,1.498817
2026-06-28T07:19:17,ul,ue5,927370,1442320.8229027605,1.442321
2026-06-28T07:19:17,ul,ue9,928010,1445644.1229119443,1.445644
2026-06-28T07:19:17,ul,ue13,928651,1492170.5803216218,1.492171
2026-06-28T07:19:23,ul,cu_cp,926514,372104.9994864434,0.372105
2026-06-28T07:19:23,ul,cu_up,926543,580347.2719341159,0.580347
2026-06-28T07:19:23,ul,du1,926680,3973671.7461814163,3.973672
2026-06-28T07:19:23,ul,du2,927326,3956602.477840066,3.956602
2026-06-28T07:19:23,ul,du3,927944,3919050.4601108073,3.919050
2026-06-28T07:19:23,ul,du4,928570,4018050.992162156,4.018051
2026-06-28T07:19:23,ul,ue1,926748,1819559.199228239,1.819559
2026-06-28T07:19:23,ul,ue5,927370,1812731.7048183917,1.812732
2026-06-28T07:19:23,ul,ue9,928010,1840041.948616147,1.840042
2026-06-28T07:19:23,ul,ue13,928651,1860524.9641624212,1.860525
2026-06-28T07:19:28,ul,cu_cp,926514,379787.440771389,0.379787
2026-06-28T07:19:28,ul,cu_up,926543,607659.8783405304,0.607660
2026-06-28T07:19:28,ul,du1,926680,4049915.1641677856,4.049915
2026-06-28T07:19:28,ul,du2,927326,4101704.346884155,4.101704
2026-06-28T07:19:28,ul,du3,927944,4067177.956136322,4.067178
2026-06-28T07:19:28,ul,du4,928570,4080988.6737976074,4.080989
2026-06-28T07:19:28,ul,ue1,926748,1923105.5227416991,1.923106
2026-06-28T07:19:28,ul,ue5,927370,1885126.7887496948,1.885127
2026-06-28T07:19:28,ul,ue9,928010,1881674.0421001434,1.881674
2026-06-28T07:19:28,ul,ue13,928651,1905842.3273677826,1.905842
2026-06-28T07:19:33,ul,cu_cp,926514,371614.68135826173,0.371615
2026-06-28T07:19:33,ul,cu_up,926543,594583.436768608,0.594583
2026-06-28T07:19:33,ul,du1,926680,3917880.260288744,3.917880
2026-06-28T07:19:33,ul,du2,927326,3974507.572151294,3.974508
2026-06-28T07:19:33,ul,du3,927944,3960350.8109414196,3.960351
2026-06-28T07:19:33,ul,du4,928570,4031134.349967737,4.031134
2026-06-28T07:19:33,ul,ue1,926748,1847455.735750258,1.847456
2026-06-28T07:19:33,ul,ue5,927370,1843916.6122035526,1.843917
2026-06-28T07:19:33,ul,ue9,928010,1801446.4620854568,1.801446
2026-06-28T07:19:33,ul,ue13,928651,1858073.5069249535,1.858074
2026-06-28T07:19:39,ul,cu_cp,926514,380843.4355024731,0.380843
2026-06-28T07:19:39,ul,cu_up,926543,595299.0212939644,0.595299
2026-06-28T07:19:39,ul,du1,926680,3967427.836259608,3.967428
2026-06-28T07:19:39,ul,du2,927326,3978520.1903865337,3.978520
2026-06-28T07:19:39,ul,du3,927944,4004402.617153616,4.004403
2026-06-28T07:19:39,ul,du4,928570,4059865.189201012,4.059865
2026-06-28T07:19:39,ul,ue1,926748,1859847.1599450875,1.859847
2026-06-28T07:19:39,ul,ue5,927370,1841359.6359292888,1.841360
2026-06-28T07:19:39,ul,ue9,928010,1833964.7331780053,1.833965
2026-06-28T07:19:39,ul,ue13,928651,1852452.2571938038,1.852452
2026-06-28T07:19:44,ul,cu_cp,926514,377288.49420045136,0.377288
2026-06-28T07:19:44,ul,cu_up,926543,602921.7863900352,0.602922
2026-06-28T07:19:44,ul,du1,926680,4020711.6947175693,4.020712
2026-06-28T07:19:44,ul,du2,927326,4020711.6947175693,4.020712
2026-06-28T07:19:44,ul,du3,927944,4017012.60612442,4.017013
2026-06-28T07:19:44,ul,du4,928570,3976324.773670626,3.976325
2026-06-28T07:19:44,ul,ue1,926748,1838356.528301878,1.838357
2026-06-28T07:19:44,ul,ue5,927370,1853152.0793979072,1.853152
2026-06-28T07:19:44,ul,ue9,928010,1849453.258563614,1.849453
2026-06-28T07:19:44,ul,ue13,928651,1845754.4377293205,1.845754
2026-06-28T07:19:49,ul,cu_cp,926514,373479.5636857763,0.373480
2026-06-28T07:19:49,ul,cu_up,926543,584255.1762448079,0.584255
2026-06-28T07:19:49,ul,du1,926680,3967758.4040895915,3.967758
2026-06-28T07:19:49,ul,du2,927326,3993643.0445700763,3.993643
2026-06-28T07:19:49,ul,du3,927944,3997340.964970999,3.997341
2026-06-28T07:19:49,ul,du4,928570,4074995.153854444,4.074995
2026-06-28T07:19:49,ul,ue1,926748,1823024.211118512,1.823024
2026-06-28T07:19:49,ul,ue5,927370,1841513.1445181477,1.841513
2026-06-28T07:19:49,ul,ue9,928010,1882189.1991603314,1.882189
2026-06-28T07:19:49,ul,ue13,928651,1882189.1991603314,1.882189
2026-06-28T07:19:55,ul,cu_cp,926514,377741.15838596376,0.377741
2026-06-28T07:19:55,ul,cu_up,926543,596238.4776976705,0.596238
2026-06-28T07:19:55,ul,du1,926680,3984798.848416078,3.984799
2026-06-28T07:19:55,ul,du2,927326,4003315.4165640236,4.003315
2026-06-28T07:19:55,ul,du3,927944,4040348.820781088,4.040349
2026-06-28T07:19:55,ul,du4,928570,4007018.623025143,4.007019
2026-06-28T07:19:55,ul,ue1,926748,1814638.9500055432,1.814639
2026-06-28T07:19:55,ul,ue5,927370,1836858.7246146083,1.836859
2026-06-28T07:19:55,ul,ue9,928010,1862782.2415271401,1.862782
2026-06-28T07:19:55,ul,ue13,928651,1903518.986165911,1.903519
2026-06-28T07:20:00,ul,cu_cp,926514,372328.0873151541,0.372328
2026-06-28T07:20:00,ul,cu_up,926543,597199.4839019835,0.597199
2026-06-28T07:20:00,ul,du1,926680,3966584.272588432,3.966584
2026-06-28T07:20:00,ul,du2,927326,3992389.2635983108,3.992389
2026-06-28T07:20:00,ul,du3,927944,3988703.103482318,3.988703
2026-06-28T07:20:00,ul,du4,928570,3973957.3943338157,3.973957
2026-06-28T07:20:00,ul,ue1,926748,1909563.991308403,1.909564
2026-06-28T07:20:00,ul,ue5,927370,1791598.4517059505,1.791598
2026-06-28T07:20:00,ul,ue9,928010,1861640.5701613366,1.861641
2026-06-28T07:20:00,ul,ue13,928651,1832149.0182787657,1.832149
2026-06-28T07:20:05,ul,cu_cp,926514,376642.97449498327,0.376643
2026-06-28T07:20:05,ul,cu_up,926543,609802.9683200329,0.609803
2026-06-28T07:20:05,ul,du1,926680,3927848.2150540473,3.927848
2026-06-28T07:20:05,ul,du2,927326,3972686.771710408,3.972687
2026-06-28T07:20:05,ul,du3,927944,4044428.4623605846,4.044428
2026-06-28T07:20:05,ul,du4,928570,3999589.905704224,3.999590
2026-06-28T07:20:05,ul,ue1,926748,1721796.4357565702,1.721796
2026-06-28T07:20:05,ul,ue5,927370,1829408.7046448886,1.829409
2026-06-28T07:20:05,ul,ue9,928010,1838376.5495196343,1.838377
2026-06-28T07:20:05,ul,ue13,928651,1856311.838638705,1.856312
2026-06-28T07:20:11,ul,cu_cp,926514,373800.5374400127,0.373801
2026-06-28T07:20:11,ul,cu_up,926543,587400.8445485914,0.587401
2026-06-28T07:20:11,ul,du1,926680,4012633.9965092707,4.012634
2026-06-28T07:20:11,ul,du2,927326,3982119.972854166,3.982120
2026-06-28T07:20:11,ul,du3,927944,3959234.053577304,3.959234
2026-06-28T07:20:11,ul,du4,928570,3982119.972854166,3.982120
2026-06-28T07:20:11,ul,ue1,926748,1884259.8328727938,1.884260
2026-06-28T07:20:11,ul,ue5,927370,1830859.889940827,1.830860
2026-06-28T07:20:11,ul,ue9,928010,1846116.9017683791,1.846117
2026-06-28T07:20:11,ul,ue13,928651,1891888.4726317478,1.891888
2026-06-28T07:20:16,ul,cu_cp,926514,366593.2753872967,0.366593
2026-06-28T07:20:16,ul,cu_up,926543,595714.1182232094,0.595714
2026-06-28T07:20:16,ul,du1,926680,3940877.818476181,3.940878
2026-06-28T07:20:16,ul,du2,927326,3934331.277830353,3.934331
2026-06-28T07:20:16,ul,du3,927944,3953970.367766647,3.953970
2026-06-28T07:20:16,ul,du4,928570,3888507.3553137206,3.888507
2026-06-28T07:20:16,ul,ue1,926748,1760956.9235879516,1.760957
2026-06-28T07:20:16,ul,ue5,927370,1793688.5628147125,1.793689
2026-06-28T07:20:16,ul,ue9,928010,1826420.2020414735,1.826420
2026-06-28T07:20:16,ul,ue13,928651,1846059.025977173,1.846059
2026-06-28T07:20:22,ul,cu_cp,926514,362985.5977358678,0.362986
2026-06-28T07:20:22,ul,cu_up,926543,599214.3306569589,0.599214
2026-06-28T07:20:22,ul,du1,926680,4004365.3174627163,4.004365
2026-06-28T07:20:22,ul,du2,927326,4004365.3174627163,4.004365
2026-06-28T07:20:22,ul,du3,927944,3964033.202789898,3.964033
2026-06-28T07:20:22,ul,du4,928570,3912178.3126932336,3.912178
2026-06-28T07:20:22,ul,ue1,926748,1866783.1121763575,1.866783
2026-06-28T07:20:22,ul,ue5,927370,1855259.8032659877,1.855260
2026-06-28T07:20:22,ul,ue9,928010,1826451.397618432,1.826451
2026-06-28T07:20:22,ul,ue13,928651,1855259.8032659877,1.855260
2026-06-28T07:20:27,ul,cu_cp,926514,374263.26591094764,0.374263
2026-06-28T07:20:27,ul,cu_up,926543,600881.408934834,0.600881
2026-06-28T07:20:27,ul,du1,926680,4017321.4044515803,4.017321
2026-06-28T07:20:27,ul,du2,927326,4007020.7545379186,4.007021
2026-06-28T07:20:27,ul,du3,927944,4037922.9717518305,4.037923
2026-06-28T07:20:27,ul,du4,928570,4000153.38712255,4.000153
2026-06-28T07:20:27,ul,ue1,926748,1826679.3440759731,1.826679
2026-06-28T07:20:27,ul,ue5,927370,1854148.412528056,1.854148
2026-06-28T07:20:27,ul,ue9,928010,1840413.9451702463,1.840414
2026-06-28T07:20:27,ul,ue13,928651,1922820.481844176,1.922820
2026-06-28T07:20:32,ul,cu_cp,926514,382970.0670116222,0.382970
2026-06-28T07:20:32,ul,cu_up,926543,610681.9960272217,0.610682
2026-06-28T07:20:32,ul,du1,926680,4033261.5368156433,4.033262
2026-06-28T07:20:32,ul,du2,927326,4022910.9808587744,4.022911
2026-06-28T07:20:32,ul,du3,927944,4067763.121529188,4.067763
2026-06-28T07:20:32,ul,du4,928570,4060863.0193672944,4.060863
2026-06-28T07:20:32,ul,ue1,926748,1856197.2853143597,1.856197
2026-06-28T07:20:32,ul,ue5,927370,1849297.0489144563,1.849297
2026-06-28T07:20:32,ul,ue9,928010,1880348.5825470544,1.880349
2026-06-28T07:20:32,ul,ue13,928651,1914850.435736618,1.914850
2026-06-28T07:20:38,ul,cu_cp,926514,383151.2604652673,0.383151
2026-06-28T07:20:38,ul,cu_up,926543,595252.8044605815,0.595253
2026-06-28T07:20:38,ul,du1,926680,3995720.0486354353,3.995720
2026-06-28T07:20:38,ul,du2,927326,4023088.0675336597,4.023088
2026-06-28T07:20:38,ul,du3,927944,3964931.094315591,3.964931
2026-06-28T07:20:38,ul,du4,928570,4023088.0675336597,4.023088
2026-06-28T07:20:38,ul,ue1,926748,1799442.5567121743,1.799443
2026-06-28T07:20:38,ul,ue5,927370,1854178.4606273067,1.854178
2026-06-28T07:20:38,ul,ue9,928010,1850757.39132437,1.850757
2026-06-28T07:20:38,ul,ue13,928651,1919177.1708072973,1.919177
2026-06-28T07:20:43,ul,cu_cp,926514,364633.8516515985,0.364634
2026-06-28T07:20:43,ul,cu_up,926543,595109.9291861504,0.595110
2026-06-28T07:20:43,ul,du1,926680,4010972.334758935,4.010972
2026-06-28T07:20:43,ul,du2,927326,4010972.334758935,4.010972
2026-06-28T07:20:43,ul,du3,927944,3949053.012583666,3.949053
2026-06-28T07:20:43,ul,du4,928570,4010972.334758935,4.010972
2026-06-28T07:20:43,ul,ue1,926748,1826609.0461336756,1.826609
2026-06-28T07:20:43,ul,ue5,927370,1792209.6305790066,1.792210
2026-06-28T07:20:43,ul,ue9,928010,1850688.530114268,1.850689
2026-06-28T07:20:43,ul,ue13,928651,1916047.6067565714,1.916048
2026-06-28T07:20:48,ul,cu_cp,926514,373491.34031207266,0.373491
2026-06-28T07:20:48,ul,cu_up,926543,600378.5524762094,0.600379
2026-06-28T07:20:48,ul,du1,926680,4028121.7263144017,4.028122
2026-06-28T07:20:48,ul,du2,927326,4014159.351940918,4.014159
2026-06-28T07:20:48,ul,du3,927944,4035102.378318715,4.035102
2026-06-28T07:20:48,ul,du4,928570,4010668.356960726,4.010668
2026-06-28T07:20:48,ul,ue1,926748,1818588.5584976792,1.818589
2026-06-28T07:20:48,ul,ue5,927370,1797645.1307330609,1.797645
2026-06-28T07:20:48,ul,ue9,928010,1843022.5798556686,1.843023
2026-06-28T07:20:48,ul,ue13,928651,1888400.1627738834,1.888400
2026-06-28T07:20:54,ul,cu_cp,926514,376316.9741966933,0.376317
2026-06-28T07:20:54,ul,cu_up,926543,590301.0928692502,0.590301
2026-06-28T07:20:54,ul,du1,926680,3984532.526826782,3.984533
2026-06-28T07:20:54,ul,du2,927326,3999290.392390144,3.999290
2026-06-28T07:20:54,ul,du3,927944,3995600.9926479007,3.995601
2026-06-28T07:20:54,ul,du4,928570,3980843.127084539,3.980843
2026-06-28T07:20:54,ul,ue1,926748,1833622.874280095,1.833623
2026-06-28T07:20:54,ul,ue5,927370,1774592.8782957853,1.774593
2026-06-28T07:20:54,ul,ue9,928010,1844691.073506825,1.844691
2026-06-28T07:20:54,ul,ue13,928651,1822554.8083505596,1.822555
2026-06-28T07:20:59,ul,cu_cp,926514,378129.0666945696,0.378129
2026-06-28T07:20:59,ul,cu_up,926543,596850.7515374577,0.596851
2026-06-28T07:20:59,ul,du1,926680,3988890.928350029,3.988891
2026-06-28T07:20:59,ul,du2,927326,4025962.116550646,4.025962
2026-06-28T07:20:59,ul,du3,927944,4037083.473010831,4.037083
2026-06-28T07:20:59,ul,du4,928570,4051912.2162045576,4.051912
2026-06-28T07:20:59,ul,ue1,926748,1912888.180349958,1.912888
2026-06-28T07:20:59,ul,ue5,927370,1886938.0806960464,1.886938
2026-06-28T07:20:59,ul,ue9,928010,1857280.8622220731,1.857281
2026-06-28T07:20:59,ul,ue13,928651,1938838.1460471295,1.938838
2026-06-28T07:21:04,ul,cu_cp,926514,372357.4113511103,0.372357
2026-06-28T07:21:04,ul,cu_up,926543,597246.5211634613,0.597247
2026-06-28T07:21:04,ul,du1,926680,3985330.2653519725,3.985330
2026-06-28T07:21:04,ul,du2,927326,4000077.1622181917,4.000077
2026-06-28T07:21:04,ul,du3,927944,4025883.8981723594,4.025884
2026-06-28T07:21:04,ul,du4,928570,4003763.686297717,4.003764
2026-06-28T07:21:04,ul,ue1,926748,1847040.2266016759,1.847040
2026-06-28T07:21:04,ul,ue5,927370,1843353.569097464,1.843354
2026-06-28T07:21:04,ul,ue9,928010,1821233.2237981355,1.821233
2026-06-28T07:21:04,ul,ue13,928651,1891280.7837756467,1.891281
2026-06-28T07:21:10,ul,cu_cp,926514,376049.9027074623,0.376050
2026-06-28T07:21:10,ul,cu_up,926543,589882.1898554182,0.589882
2026-06-28T07:21:10,ul,du1,926680,4011198.7842227127,4.011199
2026-06-28T07:21:10,ul,du2,927326,3970644.5138255,3.970645
2026-06-28T07:21:10,ul,du3,927944,3992765.049222646,3.992765
2026-06-28T07:21:10,ul,du4,928570,4003825.4504138827,4.003825
2026-06-28T07:21:10,ul,ue1,926748,1854442.1777430868,1.854442
2026-06-28T07:21:10,ul,ue5,927370,1806514.3065517163,1.806514
2026-06-28T07:21:10,ul,ue9,928010,1850755.3773460079,1.850755
2026-06-28T07:21:10,ul,ue13,928651,1869189.3793314027,1.869189
2026-06-28T07:21:15,ul,cu_cp,926514,356942.79498914,0.356943
2026-06-28T07:21:15,ul,cu_up,926543,599811.0812829876,0.599811
2026-06-28T07:21:15,ul,du1,926680,3992607.338481884,3.992607
2026-06-28T07:21:15,ul,du2,927326,3981567.9450361063,3.981568
2026-06-28T07:21:15,ul,du3,927944,3930050.420686588,3.930050
2026-06-28T07:21:15,ul,du4,928570,3944769.5232136534,3.944770
2026-06-28T07:21:15,ul,ue1,926748,1806792.9282134534,1.806793
2026-06-28T07:21:15,ul,ue5,927370,1843591.0838339902,1.843591
2026-06-28T07:21:15,ul,ue9,928010,1843591.0838339902,1.843591
2026-06-28T07:21:15,ul,ue13,928651,1873029.6881909943,1.873030
2026-06-28T07:21:20,ul,cu_cp,926514,359798.29937828245,0.359798
2026-06-28T07:21:20,ul,cu_up,926543,572740.0998122335,0.572740
2026-06-28T07:21:20,ul,du1,926680,3917395.411785021,3.917395
2026-06-28T07:21:20,ul,du2,927326,3990823.9605323123,3.990824
2026-06-28T07:21:20,ul,du3,927944,3965124.074879694,3.965124
2026-06-28T07:21:20,ul,du4,928570,3873338.9209902477,3.873339
2026-06-28T07:21:20,ul,ue1,926748,1850391.1019326902,1.850391
2026-06-28T07:21:20,ul,ue5,927370,1832034.0977570342,1.832034
2026-06-28T07:21:20,ul,ue9,928010,1854062.609176755,1.854063
2026-06-28T07:21:20,ul,ue13,928651,1883434.0020734381,1.883434
2026-06-28T07:21:26,ul,cu_cp,926514,362931.0677998808,0.362931
2026-06-28T07:21:26,ul,cu_up,926543,604885.1462752051,0.604885
2026-06-28T07:21:26,ul,du1,926680,3943850.8901731395,3.943851
2026-06-28T07:21:26,ul,du2,927326,3968046.634102249,3.968047
2026-06-28T07:21:26,ul,du3,927944,3976111.793344209,3.976112
2026-06-28T07:21:26,ul,du4,928570,4000307.00486686,4.000307
2026-06-28T07:21:26,ul,ue1,926748,1871111.3538669134,1.871111
2026-06-28T07:21:26,ul,ue5,927370,1838850.8500006879,1.838851
2026-06-28T07:21:26,ul,ue9,928010,1838850.8500006879,1.838851
2026-06-28T07:21:26,ul,ue13,928651,1838850.8500006879,1.838851
2026-06-28T07:21:31,ul,cu_cp,926514,366863.5276177341,0.366864
2026-06-28T07:21:31,ul,cu_up,926543,595287.9831801617,0.595288
2026-06-28T07:21:31,ul,du1,926680,3959357.407466452,3.959357
2026-06-28T07:21:31,ul,du2,927326,3993967.042191999,3.993967
2026-06-28T07:21:31,ul,du3,927944,3966279.3344115615,3.966279
2026-06-28T07:21:31,ul,du4,928570,4028576.9434941052,4.028577
2026-06-28T07:21:31,ul,ue1,926748,1875849.2664034665,1.875849
2026-06-28T07:21:31,ul,ue5,927370,1848161.558623029,1.848162
2026-06-28T07:21:31,ul,ue9,928010,1875849.2664034665,1.875849
2026-06-28T07:21:31,ul,ue13,928651,1903537.2407604635,1.903537
2026-06-28T07:21:36,ul,cu_cp,926514,377823.8235209656,0.377824
2026-06-28T07:21:36,ul,cu_up,926543,569734.349726572,0.569734
2026-06-28T07:21:36,ul,du1,926680,3916173.967497139,3.916174
2026-06-28T07:21:36,ul,du2,927326,3994137.410882149,3.994137
2026-06-28T07:21:36,ul,du3,927944,4024123.5553333852,4.024124
2026-06-28T07:21:36,ul,du4,928570,3928168.4252776336,3.928168
2026-06-28T07:21:36,ul,ue1,926748,1811155.4081257153,1.811155
2026-06-28T07:21:36,ul,ue5,927370,1823149.7328591584,1.823150
2026-06-28T07:21:36,ul,ue9,928010,1829147.0947964573,1.829147
2026-06-28T07:21:36,ul,ue13,928651,1895116.3464950752,1.895116
2026-06-28T07:21:42,ul,cu_cp,926514,364528.6131816667,0.364529
2026-06-28T07:21:42,ul,cu_up,926543,589378.0898155582,0.589378
2026-06-28T07:21:42,ul,du1,926680,3982560.1802061675,3.982560
2026-06-28T07:21:42,ul,du2,927326,3938271.9204941727,3.938272
2026-06-28T07:21:42,ul,du3,927944,3962119.506454048,3.962120
2026-06-28T07:21:42,ul,du4,928570,3992780.9168294356,3.992781
2026-06-28T07:21:42,ul,ue1,926748,1822642.999283799,1.822643
2026-06-28T07:21:42,ul,ue5,927370,1846490.8517418134,1.846491
2026-06-28T07:21:42,ul,ue9,928010,1863524.8797843158,1.863525
2026-06-28T07:21:42,ul,ue13,928651,1843084.0727831267,1.843084
2026-06-28T07:21:47,ul,cu_cp,926514,375416.01715756056,0.375416
2026-06-28T07:21:47,ul,cu_up,926543,600665.6274520969,0.600666
2026-06-28T07:21:47,ul,du1,926680,3928216.819149375,3.928217
2026-06-28T07:21:47,ul,du2,927326,3989648.5614032317,3.989649
2026-06-28T07:21:47,ul,du3,927944,3993061.3766113236,3.993061
2026-06-28T07:21:47,ul,du4,928570,4064731.5644894554,4.064732
2026-06-28T07:21:47,ul,ue1,926748,1819061.3590873266,1.819061
2026-06-28T07:21:47,ul,ue5,927370,1849777.230214255,1.849777
2026-06-28T07:21:47,ul,ue9,928010,1877080.1525695657,1.877080
2026-06-28T07:21:47,ul,ue13,928651,1866841.4398182393,1.866841
2026-06-28T07:21:53,ul,cu_cp,926514,372005.3738897073,0.372005
2026-06-28T07:21:53,ul,cu_up,926543,593843.443942787,0.593843
2026-06-28T07:21:53,ul,du1,926680,3935066.03754643,3.935066
2026-06-28T07:21:53,ul,du2,927326,3955543.285166657,3.955543
2026-06-28T07:21:53,ul,du3,927944,3972607.880153322,3.972608
2026-06-28T07:21:53,ul,du4,928570,4027214.31774688,4.027214
2026-06-28T07:21:53,ul,ue1,926748,1791768.889047532,1.791769
2026-06-28T07:21:53,ul,ue5,927370,1832723.6506517576,1.832724
2026-06-28T07:21:53,ul,ue9,928010,1839549.3554645383,1.839549
2026-06-28T07:21:53,ul,ue13,928651,1856613.9504512036,1.856614
2026-06-28T07:21:58,ul,cu_cp,926514,377766.8372871387,0.377767
2026-06-28T07:21:58,ul,cu_up,926543,611295.4008513009,0.611295
2026-06-28T07:21:58,ul,du1,926680,4021499.7419482516,4.021500
2026-06-28T07:21:58,ul,du2,927326,3994025.950698328,3.994026
2026-06-28T07:21:58,ul,du3,927944,4031802.146079011,4.031802
2026-06-28T07:21:58,ul,du4,928570,3990591.459204125,3.990591
2026-06-28T07:21:58,ul,ue1,926748,1816715.149919691,1.816715
2026-06-28T07:21:58,ul,ue5,927370,1840754.7172633742,1.840755
2026-06-28T07:21:58,ul,ue9,928010,1868228.6423072792,1.868229
2026-06-28T07:21:58,ul,ue13,928651,1892268.3434449434,1.892268
2026-06-28T07:22:03,ul,cu_cp,926514,368883.46871776285,0.368883
2026-06-28T07:22:03,ul,cu_up,926543,613656.598379755,0.613657
2026-06-28T07:22:03,ul,du1,926680,4009452.9794331314,4.009453
2026-06-28T07:22:03,ul,du2,927326,4023243.3070530416,4.023243
2026-06-28T07:22:03,ul,du3,927944,4012900.4944272516,4.012900
2026-06-28T07:22:03,ul,du4,928570,4012900.4944272516,4.012900
2026-06-28T07:22:03,ul,ue1,926748,1847864.8251275062,1.847865
2026-06-28T07:22:03,ul,ue5,927370,1861654.8851039887,1.861655
2026-06-28T07:22:03,ul,ue9,928010,1882339.9750687121,1.882340
2026-06-28T07:22:03,ul,ue13,928651,1875444.811258757,1.875445
2026-06-28T07:22:09,ul,cu_cp,926514,366477.9619691044,0.366478
2026-06-28T07:22:09,ul,cu_up,926543,599691.2165686351,0.599691
2026-06-28T07:22:09,ul,du1,926680,4020152.5735432147,4.020153
2026-06-28T07:22:09,ul,du2,927326,3990538.149587016,3.990538
2026-06-28T07:22:09,ul,du3,927944,3986836.2797813844,3.986836
2026-06-28T07:22:09,ul,du4,928570,4009046.6968818926,4.009047
2026-06-28T07:22:09,ul,ue1,926748,1876811.5125909268,1.876812
2026-06-28T07:22:09,ul,ue5,927370,1813880.794872898,1.813881
2026-06-28T07:22:09,ul,ue9,928010,1880513.248774345,1.880513
2026-06-28T07:22:09,ul,ue13,928651,1858302.5644294096,1.858303
2026-06-28T07:22:14,ul,cu_cp,926514,374853.0052181876,0.374853
2026-06-28T07:22:14,ul,cu_up,926543,606379.8613823622,0.606380
2026-06-28T07:22:14,ul,du1,926680,3932281.569653306,3.932282
2026-06-28T07:22:14,ul,du2,927326,3928606.6510035326,3.928607
2026-06-28T07:22:14,ul,du3,927944,3961681.7167061735,3.961682
2026-06-28T07:22:14,ul,du4,928570,3954331.6134550665,3.954332
2026-06-28T07:22:14,ul,ue1,926748,1844864.8790380703,1.844865
2026-06-28T07:22:14,ul,ue5,927370,1859564.9525645042,1.859565
2026-06-28T07:22:14,ul,ue9,928010,1855890.0339147307,1.855890
2026-06-28T07:22:14,ul,ue13,928651,1837514.7757869638,1.837515
2026-06-28T07:22:19,ul,cu_cp,926514,372591.28602291166,0.372591
2026-06-28T07:22:19,ul,cu_up,926543,597621.62304564,0.597622
2026-06-28T07:22:19,ul,du1,926680,4017345.44397048,4.017345
2026-06-28T07:22:19,ul,du2,927326,3962010.13818748,3.962010
2026-06-28T07:22:19,ul,du3,927944,4009967.349767873,4.009967
2026-06-28T07:22:19,ul,du4,928570,4021034.8918083333,4.021035
2026-06-28T07:22:19,ul,ue1,926748,1844511.2613974668,1.844511
2026-06-28T07:22:19,ul,ue5,927370,1885090.6459329533,1.885091
2026-06-28T07:22:19,ul,ue9,928010,1870334.59110659,1.870335
2026-06-28T07:22:19,ul,ue13,928651,1896157.6536580133,1.896158
2026-06-28T07:22:25,ul,cu_cp,926514,383994.87893748167,0.383995
2026-06-28T07:22:25,ul,cu_up,926543,583376.8783063579,0.583377
2026-06-28T07:22:25,ul,du1,926680,3976562.4884463693,3.976562
2026-06-28T07:22:25,ul,du2,927326,4009792.7159990883,4.009793
2026-06-28T07:22:25,ul,du3,927944,3972870.300267067,3.972870
2026-06-28T07:22:25,ul,du4,928570,4031946.3790139006,4.031946
2026-06-28T07:22:25,ul,ue1,926748,1801822.270564928,1.801822
2026-06-28T07:22:25,ul,ue5,927370,1805514.4587442302,1.805514
2026-06-28T07:22:25,ul,ue9,928010,1820283.3449461889,1.820283
2026-06-28T07:22:25,ul,ue13,928651,1864590.537491064,1.864591
2026-06-28T07:22:30,ul,cu_cp,926514,368373.05317209364,0.368373
2026-06-28T07:22:30,ul,cu_up,926543,589396.8850753498,0.589397
2026-06-28T07:22:30,ul,du1,926680,3996847.660248654,3.996848
2026-06-28T07:22:30,ul,du2,927326,3974745.183730302,3.974745
2026-06-28T07:22:30,ul,du3,927944,3974745.183730302,3.974745
2026-06-28T07:22:30,ul,du4,928570,4030001.24170043,4.030001
2026-06-28T07:22:30,ul,ue1,926748,1834497.9514553535,1.834498
2026-06-28T07:22:30,ul,ue5,927370,1779241.8934852255,1.779242
2026-06-28T07:22:30,ul,ue9,928010,1834497.9514553535,1.834498
2026-06-28T07:22:30,ul,ue13,928651,1819762.9226678682,1.819763
2026-06-28T07:22:35,ul,cu_cp,926514,365145.881864807,0.365146
2026-06-28T07:22:35,ul,cu_up,926543,597511.4552031874,0.597511
2026-06-28T07:22:35,ul,du1,926680,4009228.1355223297,4.009228
2026-06-28T07:22:35,ul,du2,927326,3983409.7904669405,3.983410
2026-06-28T07:22:35,ul,du3,927944,3990786.4222917557,3.990786
2026-06-28T07:22:35,ul,du4,928570,4009228.1355223297,4.009228
2026-06-28T07:22:35,ul,ue1,926748,1844171.0557203412,1.844171
2026-06-28T07:22:35,ul,ue5,927370,1822041.0265773595,1.822041
2026-06-28T07:22:35,ul,ue9,928010,1840482.8734764694,1.840483
2026-06-28T07:22:35,ul,ue13,928651,1844171.0557203412,1.844171
2026-06-28T07:22:41,ul,cu_cp,926514,366307.72311557084,0.366308
2026-06-28T07:22:41,ul,cu_up,926543,581314.3745099753,0.581314
2026-06-28T07:22:41,ul,du1,926680,3941789.462223351,3.941789
2026-06-28T07:22:41,ul,du2,927326,4021421.6612285376,4.021422
2026-06-28T07:22:41,ul,du3,927944,3886047.1090999246,3.886047
2026-06-28T07:22:41,ul,du4,928570,3949752.6555266976,3.949753
2026-06-28T07:22:41,ul,ue1,926748,1895244.2617440224,1.895244
2026-06-28T07:22:41,ul,ue5,927370,1743943.323008716,1.743943
2026-06-28T07:22:41,ul,ue9,928010,1847464.9689380825,1.847465
2026-06-28T07:22:41,ul,ue13,928651,1855428.2952272892,1.855428
2026-06-28T07:22:46,ul,cu_cp,926514,366933.48362665775,0.366933
2026-06-28T07:22:46,ul,cu_up,926543,597965.6597196275,0.597966
2026-06-28T07:22:46,ul,du1,926680,3961522.3705149437,3.961522
2026-06-28T07:22:46,ul,du2,927326,4022678.06234391,4.022678
2026-06-28T07:22:46,ul,du3,927944,4056653.2390742255,4.056653
2026-06-28T07:22:46,ul,du4,928570,3975112.494594841,3.975112
2026-06-28T07:22:46,ul,ue1,926748,1834667.151194433,1.834667
2026-06-28T07:22:46,ul,ue5,927370,1807487.036504066,1.807487
2026-06-28T07:22:46,ul,ue9,928010,1821077.1605839634,1.821077
2026-06-28T07:22:46,ul,ue13,928651,1902617.905063348,1.902618
2026-06-28T07:22:51,ul,cu_cp,926514,381272.1814493918,0.381272
2026-06-28T07:22:51,ul,cu_up,926543,589780.3978731537,0.589780
2026-06-28T07:22:51,ul,du1,926680,3997400.2968352125,3.997400
2026-06-28T07:22:51,ul,du2,927326,3967613.8037028695,3.967614
2026-06-28T07:22:51,ul,du3,927944,4027187.3228827096,4.027187
2026-06-28T07:22:51,ul,du4,928570,3967613.8037028695,3.967614
2026-06-28T07:22:51,ul,ue1,926748,1930190.441486244,1.930190
2026-06-28T07:22:51,ul,ue5,927370,1769341.193619461,1.769341
2026-06-28T07:22:51,ul,ue9,928010,1817000.1954836368,1.817000
2026-06-28T07:22:51,ul,ue13,928651,1858701.8720755863,1.858702
2026-06-28T07:22:57,ul,cu_cp,926514,367406.9475183481,0.367407
2026-06-28T07:22:57,ul,cu_up,926543,583730.6723972028,0.583731
2026-06-28T07:22:57,ul,du1,926680,4041476.489500408,4.041476
2026-06-28T07:22:57,ul,du2,927326,4031175.347020733,4.031175
2026-06-28T07:22:57,ul,du3,927944,4020874.2045410587,4.020874
2026-06-28T07:22:57,ul,du4,928570,3907561.6372646354,3.907562
2026-06-28T07:22:57,ul,ue1,926748,1857636.955752511,1.857637
2026-06-28T07:22:57,ul,ue5,927370,1795830.1008744622,1.795830
2026-06-28T07:22:57,ul,ue9,928010,1833600.9566332698,1.833601
2026-06-28T07:22:57,ul,ue13,928651,1909142.668150885,1.909143
2026-06-28T07:23:02,ul,cu_cp,926514,376370.908271496,0.376371
2026-06-28T07:23:02,ul,cu_up,926543,588507.2626563353,0.588507
2026-06-28T07:23:02,ul,du1,926680,3982688.5991263175,3.982689
2026-06-28T07:23:02,ul,du2,927326,3999796.354033263,3.999796
2026-06-28T07:23:02,ul,du3,927944,4020325.6065316056,4.020326
2026-06-28T07:23:02,ul,du4,928570,3948473.089312427,3.948473
2026-06-28T07:23:02,ul,ue1,926748,1885276.1390551114,1.885276
2026-06-28T07:23:02,ul,ue5,927370,1738149.3400754,1.738149
2026-06-28T07:23:02,ul,ue9,928010,1851060.629241221,1.851061
2026-06-28T07:23:02,ul,ue13,928651,1864746.7530817902,1.864747
2026-06-28T07:23:08,ul,cu_cp,926514,370871.7323076278,0.370872
2026-06-28T07:23:08,ul,cu_up,926543,607817.5779819668,0.607818
2026-06-28T07:23:08,ul,du1,926680,3980003.288697803,3.980003
2026-06-28T07:23:08,ul,du2,927326,4004041.4327809094,4.004041
2026-06-28T07:23:08,ul,du3,927944,3993738.989316237,3.993739
2026-06-28T07:23:08,ul,du4,928570,3966267.0536786914,3.966267
2026-06-28T07:23:08,ul,ue1,926748,1844056.6856740594,1.844057
2026-06-28T07:23:08,ul,ue5,927370,1744470.7185877026,1.744471
2026-06-28T07:23:08,ul,ue9,928010,1854358.5947380543,1.854359
2026-06-28T07:23:08,ul,ue13,928651,1857792.653492832,1.857793
2026-06-28T07:23:13,ul,cu_cp,926514,366099.9835581815,0.366100
2026-06-28T07:23:13,ul,cu_up,926543,585075.7007795298,0.585076
2026-06-28T07:23:13,ul,du1,926680,3968934.358900151,3.968934
2026-06-28T07:23:13,ul,du2,927326,4016835.1930631306,4.016835
2026-06-28T07:23:13,ul,du3,927944,3979198.7853369713,3.979199
2026-06-28T07:23:13,ul,du4,928570,3938140.813402963,3.938141
2026-06-28T07:23:13,ul,ue1,926748,1844185.9749822593,1.844186
2026-06-28T07:23:13,ul,ue5,927370,1772334.457551062,1.772334
2026-06-28T07:23:13,ul,ue9,928010,1837342.8465665602,1.837343
2026-06-28T07:23:13,ul,ue13,928651,1840764.4107744098,1.840764
2026-06-28T07:23:18,ul,cu_cp,926514,372278.75278622477,0.372279
2026-06-28T07:23:18,ul,cu_up,926543,584033.6516125076,0.584034
2026-06-28T07:23:18,ul,du1,926680,3955035.0511934566,3.955035
2026-06-28T07:23:18,ul,du2,927326,3992604.1575999213,3.992604
2026-06-28T07:23:18,ul,du3,927944,3965280.880365815,3.965281
2026-06-28T07:23:18,ul,du4,928570,3989188.881209135,3.989189
2026-06-28T07:23:18,ul,ue1,926748,1816993.5383733094,1.816994
2026-06-28T07:23:18,ul,ue5,927370,1782839.5750941539,1.782840
2026-06-28T07:23:18,ul,ue9,928010,1840901.405953152,1.840901
2026-06-28T07:23:18,ul,ue13,928651,1851147.501652465,1.851148
2026-06-28T07:23:24,ul,cu_cp,926514,382386.5175041601,0.382387
2026-06-28T07:23:24,ul,cu_up,926543,610347.6984681737,0.610348
2026-06-28T07:23:24,ul,du1,926680,3941522.6725935317,3.941523
2026-06-28T07:23:24,ul,du2,927326,4011381.5933027314,4.011382
2026-06-28T07:23:24,ul,du3,927944,4026088.8886875557,4.026089
2026-06-28T07:23:24,ul,du4,928570,3978290.5115817473,3.978291
2026-06-28T07:23:24,ul,ue1,926748,1779567.961031481,1.779568
2026-06-28T07:23:24,ul,ue5,927370,1794275.2564163052,1.794275
2026-06-28T07:23:24,ul,ue9,928010,1816335.9331776453,1.816336
2026-06-28T07:23:24,ul,ue13,928651,1878841.3393523812,1.878841
2026-06-28T07:23:29,ul,cu_cp,926514,374822.5665973911,0.374823
2026-06-28T07:23:29,ul,cu_up,926543,602655.8887788004,0.602656
2026-06-28T07:23:29,ul,du1,926680,3976059.28800663,3.976059
2026-06-28T07:23:29,ul,du2,927326,4005456.9769691275,4.005457
2026-06-28T07:23:29,ul,du3,927944,3983408.4437127565,3.983408
2026-06-28T07:23:29,ul,du4,928570,3965035.1546456935,3.965035
2026-06-28T07:23:29,ul,ue1,926748,1863088.6663092065,1.863089
2026-06-28T07:23:29,ul,ue5,927370,1763870.9329917813,1.763871
2026-06-28T07:23:29,ul,ue9,928010,1844714.9774403966,1.844715
2026-06-28T07:23:29,ul,ue13,928651,1947607.5551453829,1.947608
2026-06-28T07:23:34,ul,cu_cp,926514,380430.6599345255,0.380431
2026-06-28T07:23:34,ul,cu_up,926543,590960.2153215265,0.590960
2026-06-28T07:23:34,ul,du1,926680,4025916.537948875,4.025917
2026-06-28T07:23:34,ul,du2,927326,4036997.322507477,4.036997
2026-06-28T07:23:34,ul,du3,927944,4048077.839504757,4.048078
2026-06-28T07:23:34,ul,du4,928570,4003755.7715156362,4.003756
2026-06-28T07:23:34,ul,ue1,926748,1857831.2985738374,1.857831
2026-06-28T07:23:34,ul,ue5,927370,1798735.2971087836,1.798735
2026-06-28T07:23:34,ul,ue9,928010,1824589.747581997,1.824590
2026-06-28T07:23:34,ul,ue13,928651,1898459.816303644,1.898460
2026-06-28T07:23:40,ul,cu_cp,926514,374814.02113042475,0.374814
2026-06-28T07:23:40,ul,cu_up,926543,587943.5495198965,0.587944
2026-06-28T07:23:40,ul,du1,926680,3950245.943591309,3.950246
2026-06-28T07:23:40,ul,du2,927326,4023738.405214834,4.023738
2026-06-28T07:23:40,ul,du3,927944,3998016.1367352963,3.998016
2026-06-28T07:23:40,ul,du4,928570,3873078.0742818834,3.873078
2026-06-28T07:23:40,ul,ue1,926748,1782203.8304574967,1.782204
2026-06-28T07:23:40,ul,ue5,927370,1756481.4289941073,1.756481
2026-06-28T07:23:40,ul,ue9,928010,1818950.4602208138,1.818950
2026-06-28T07:23:40,ul,ue13,928651,1907142.025894761,1.907142
2026-06-28T07:23:45,ul,cu_cp,926514,376404.9851487148,0.376405
2026-06-28T07:23:45,ul,cu_up,926543,605200.1735097092,0.605200
2026-06-28T07:23:45,ul,du1,926680,3970703.794111857,3.970704
2026-06-28T07:23:45,ul,du2,927326,4022366.812164121,4.022367
2026-06-28T07:23:45,ul,du3,927944,4026057.1422545267,4.026057
2026-06-28T07:23:45,ul,du4,928570,3937491.357702677,3.937491
2026-06-28T07:23:45,ul,ue1,926748,1859883.4796056116,1.859883
2026-06-28T07:23:45,ul,ue5,927370,1786078.4810109127,1.786078
2026-06-28T07:23:45,ul,ue9,928010,1848812.7565366304,1.848813
2026-06-28T07:23:45,ul,ue13,928651,1933688.344599192,1.933688
2026-06-28T07:23:50,ul,cu_cp,926514,368599.2279562593,0.368599
2026-06-28T07:23:50,ul,cu_up,926543,582386.8168011904,0.582387
2026-06-28T07:23:50,ul,du1,926680,4021417.741839142,4.021418
2026-06-28T07:23:50,ul,du2,927326,3995615.6243857956,3.995616
2026-06-28T07:23:50,ul,du3,927944,4002988.038518448,4.002988
2026-06-28T07:23:50,ul,du4,928570,3977185.654662914,3.977186
2026-06-28T07:23:50,ul,ue1,926748,1854054.1282750797,1.854054
2026-06-28T07:23:50,ul,ue5,927370,1817194.3220304109,1.817194
2026-06-28T07:23:50,ul,ue9,928010,1813508.381366272,1.813508
2026-06-28T07:23:50,ul,ue13,928651,1927774.007166605,1.927774
2026-06-28T07:23:56,ul,cu_cp,926514,375542.73712987185,0.375543
2026-06-28T07:23:56,ul,cu_up,926543,567486.8308562803,0.567487
2026-06-28T07:23:56,ul,du1,926680,4005789.018690376,4.005789
2026-06-28T07:23:56,ul,du2,927326,4005789.018690376,4.005789
2026-06-28T07:23:56,ul,du3,927944,3964062.3989263154,3.964062
2026-06-28T07:23:56,ul,du4,928570,3997443.5351121332,3.997444
2026-06-28T07:23:56,ul,ue1,926748,1936131.3058252048,1.936131
2026-06-28T07:23:56,ul,ue5,927370,1785914.3306923294,1.785914
2026-06-28T07:23:56,ul,ue9,928010,1819295.9989629174,1.819296
2026-06-28T07:23:56,ul,ue13,928651,1911095.2541540528,1.911095
2026-06-28T07:24:01,ul,cu_cp,926514,373361.15896659106,0.373361
2026-06-28T07:24:01,ul,cu_up,926543,588761.8263189208,0.588762
2026-06-28T07:24:01,ul,du1,926680,3992092.363818073,3.992092
2026-06-28T07:24:01,ul,du2,927326,3977732.36155642,3.977732
2026-06-28T07:24:01,ul,du3,927944,3934652.3547714613,3.934652
2026-06-28T07:24:01,ul,du4,928570,4056712.3739955113,4.056712
2026-06-28T07:24:01,ul,ue1,926748,1823725.6213565397,1.823726
2026-06-28T07:24:01,ul,ue5,927370,1773465.3467344237,1.773465
2026-06-28T07:24:01,ul,ue9,928010,1852445.759233011,1.852446
2026-06-28T07:24:01,ul,ue13,928651,1895525.8993711353,1.895526
2026-06-28T07:24:06,ul,cu_cp,926514,373309.73267111776,0.373310
2026-06-28T07:24:06,ul,cu_up,926543,603517.3956111431,0.603517
2026-06-28T07:24:06,ul,du1,926680,3938417.5633298494,3.938418
2026-06-28T07:24:06,ul,du2,927326,3963305.1226231386,3.963305
2026-06-28T07:24:06,ul,du3,927944,3963305.1226231386,3.963305
2026-06-28T07:24:06,ul,du4,928570,3957083.099827881,3.957083
2026-06-28T07:24:06,ul,ue1,926748,1748333.8869739152,1.748334
2026-06-28T07:24:06,ul,ue5,927370,1785664.694026108,1.785665
2026-06-28T07:24:06,ul,ue9,928010,1872770.4866929436,1.872770
2026-06-28T07:24:06,ul,ue13,928651,1897657.647070427,1.897658
2026-06-28T07:24:12,ul,cu_cp,926514,379168.96497229574,0.379169
2026-06-28T07:24:12,ul,cu_up,926543,582491.4080223382,0.582491
2026-06-28T07:24:12,ul,du1,926680,3967535.9716331675,3.967536
2026-06-28T07:24:12,ul,du2,927326,3956545.7098551416,3.956546
2026-06-28T07:24:12,ul,du3,927944,4060954.396818647,4.060954
2026-06-28T07:24:12,ul,du4,928570,3962040.707402792,3.962041
2026-06-28T07:24:12,ul,ue1,926748,1851883.2443839265,1.851883
2026-06-28T07:24:12,ul,ue5,927370,1818912.0590257621,1.818912
2026-06-28T07:24:12,ul,ue9,928010,1840892.715923176,1.840893
2026-06-28T07:24:12,ul,ue13,928651,1901339.9557504917,1.901340
2026-06-28T07:24:17,ul,cu_cp,926514,345799.0616114408,0.345799
2026-06-28T07:24:17,ul,cu_up,926543,449215.5822466522,0.449216
2026-06-28T07:24:17,ul,du1,926680,3412745.6839838624,3.412746
2026-06-28T07:24:17,ul,du2,927326,3419209.5151928067,3.419210
2026-06-28T07:24:17,ul,du3,927944,3425672.8433798673,3.425673
2026-06-28T07:24:17,ul,du4,928570,3419209.5151928067,3.419210
2026-06-28T07:24:17,ul,ue1,926748,1250693.742925012,1.250694
2026-06-28T07:24:17,ul,ue5,927370,1224839.6756439446,1.224840
2026-06-28T07:24:17,ul,ue9,928010,1247462.078831482,1.247462
2026-06-28T07:24:17,ul,ue13,928651,1279779.7258105516,1.279780
2026-06-28T07:24:28,ul,cu_cp,926514,306111.1337160921,0.306111
2026-06-28T07:24:28,ul,cu_up,926543,315481.8797372591,0.315482
2026-06-28T07:24:28,ul,du1,926680,2833089.86034832,2.833090
2026-06-28T07:24:28,ul,du2,927326,2773741.7537019444,2.773742
2026-06-28T07:24:28,ul,du3,927944,2801853.9044432733,2.801854
2026-06-28T07:24:28,ul,du4,928570,2804977.476747866,2.804977
2026-06-28T07:24:28,ul,ue1,926748,690311.866120894,0.690312
2026-06-28T07:24:28,ul,ue5,927370,643458.106907668,0.643458
2026-06-28T07:24:28,ul,ue9,928010,599727.9782138157,0.599728
2026-06-28T07:24:28,ul,ue13,928651,687188.2938163019,0.687188
