timestamp,phase,component,pid,microwatts,watts
2026-06-28T06:48:02,idle,cu_cp,901204,319247.38919420185,0.319247
2026-06-28T06:48:02,idle,cu_up,901232,319247.38919420185,0.319247
2026-06-28T06:48:02,idle,du1,901369,2804200.134218397,2.804200
2026-06-28T06:48:02,idle,du2,901990,2709288.5936482525,2.709289
2026-06-28T06:48:02,idle,du3,902626,2761058.6502945707,2.761059
2026-06-28T06:48:02,idle,du4,903246,2756744.363933325,2.756744
2026-06-28T06:48:02,idle,ue1,901436,664379.7492245365,0.664380
2026-06-28T06:48:02,idle,ue5,902056,625552.3217138505,0.625552
2026-06-28T06:48:02,idle,ue9,902670,664379.7492245365,0.664380
2026-06-28T06:48:02,idle,ue13,903310,724777.861210109,0.724778
2026-06-28T06:48:07,idle,cu_cp,901204,311165.840934602,0.311166
2026-06-28T06:48:07,idle,cu_up,901232,305294.763618536,0.305295
2026-06-28T06:48:07,idle,du1,901369,2709491.112806568,2.709491
2026-06-28T06:48:07,idle,du2,901990,2727104.3733187867,2.727104
2026-06-28T06:48:07,idle,du3,902626,2700684.482550459,2.700684
2026-06-28T06:48:07,idle,du4,903246,2756459.5028229333,2.756460
2026-06-28T06:48:07,idle,ue1,901436,642880.3525013637,0.642880
2026-06-28T06:48:07,idle,ue5,902056,639944.828125341,0.639945
2026-06-28T06:48:07,idle,ue9,902670,651686.9256294322,0.651687
2026-06-28T06:48:07,idle,ue13,903310,681042.2265177012,0.681042
2026-06-28T06:48:13,idle,cu_cp,901204,308044.32001220586,0.308044
2026-06-28T06:48:13,idle,cu_up,901232,302176.78878925083,0.302177
2026-06-28T06:48:13,idle,du1,901369,2772398.908621664,2.772399
2026-06-28T06:48:13,idle,du2,901990,2754796.1723937416,2.754796
2026-06-28T06:48:13,idle,du3,902626,2681452.388504448,2.681452
2026-06-28T06:48:13,idle,du4,903246,2745994.9183270265,2.745995
2026-06-28T06:48:13,idle,ue1,901436,633691.2051814651,0.633691
2026-06-28T06:48:13,idle,ue5,902056,621956.1427355552,0.621956
2026-06-28T06:48:13,idle,ue9,902670,642492.4022245574,0.642492
2026-06-28T06:48:13,idle,ue13,903310,677697.5325386643,0.677698
2026-06-28T06:48:18,idle,cu_cp,901204,312486.7302417302,0.312487
2026-06-28T06:48:18,idle,cu_up,901232,303642.75427957776,0.303643
2026-06-28T06:48:18,idle,du1,901369,2806484.6264208937,2.806485
2026-06-28T06:48:18,idle,du2,901990,2782900.843402181,2.782901
2026-06-28T06:48:18,idle,du3,902626,2726888.842761521,2.726889
2026-06-28T06:48:18,idle,du4,903246,2774056.6381194876,2.774057
2026-06-28T06:48:18,idle,ue1,901436,636765.409322952,0.636765
2026-06-28T06:48:18,idle,ue5,902056,636765.409322952,0.636765
2026-06-28T06:48:18,idle,ue9,902670,663297.2798792743,0.663297
2026-06-28T06:48:18,idle,ue13,903310,692777.180643071,0.692777
2026-06-28T06:48:23,idle,cu_cp,901204,311782.73326364456,0.311783
2026-06-28T06:48:23,idle,cu_up,901232,311782.73326364456,0.311783
2026-06-28T06:48:23,idle,du1,901369,2812098.5068988847,2.812099
2026-06-28T06:48:23,idle,du2,901990,2766693.3706099107,2.766693
2026-06-28T06:48:23,idle,du3,902626,2724315.045007539,2.724315
2026-06-28T06:48:23,idle,du4,903246,2718261.1947120307,2.718261
2026-06-28T06:48:23,idle,ue1,901436,638700.5501106643,0.638701
2026-06-28T06:48:23,idle,ue5,902056,641727.5897195697,0.641728
2026-06-28T06:48:23,idle,ue9,902670,659889.6556812745,0.659890
2026-06-28T06:48:23,idle,ue13,903310,684105.8008607901,0.684106
2026-06-28T06:48:29,idle,cu_cp,901204,310874.62746676325,0.310875
2026-06-28T06:48:29,idle,cu_up,901232,307702.45822934626,0.307702
2026-06-28T06:48:29,idle,du1,901369,2810560.410440674,2.810560
2026-06-28T06:48:29,idle,du2,901990,2791527.337489414,2.791527
2026-06-28T06:48:29,idle,du3,902626,2731255.8631080817,2.731256
2026-06-28T06:48:29,idle,du4,903246,2772494.2645381545,2.772494
2026-06-28T06:48:29,idle,ue1,901436,650298.9794139314,0.650299
2026-06-28T06:48:29,idle,ue5,902056,647126.7814131356,0.647127
2026-06-28T06:48:29,idle,ue9,902670,694709.6363715577,0.694710
2026-06-28T06:48:29,idle,ue13,903310,688365.2978967237,0.688365
2026-06-28T06:48:34,idle,cu_cp,901204,306233.84559358744,0.306234
2026-06-28T06:48:34,idle,cu_up,901232,309390.9105826709,0.309391
2026-06-28T06:48:34,idle,du1,901369,2806617.5643824744,2.806618
2026-06-28T06:48:34,idle,du2,901990,2768732.7845134735,2.768733
2026-06-28T06:48:34,idle,du3,902626,2674021.406741953,2.674021
2026-06-28T06:48:34,idle,du4,903246,2670864.284562771,2.670864
2026-06-28T06:48:34,idle,ue1,901436,656666.4294640481,0.656666
2026-06-28T06:48:34,idle,ue5,902056,650352.2994858813,0.650352
2026-06-28T06:48:34,idle,ue9,902670,644038.2266978127,0.644038
2026-06-28T06:48:34,idle,ue13,903310,678765.7128173375,0.678766
2026-06-28T06:48:39,idle,cu_cp,901204,306908.4830335879,0.306908
2026-06-28T06:48:39,idle,cu_up,901232,310072.50012770534,0.310073
2026-06-28T06:48:39,idle,du1,901369,2762176.5192675306,2.762177
2026-06-28T06:48:39,idle,du2,901990,2733700.222116108,2.733700
2026-06-28T06:48:39,idle,du3,902626,2676748.3156742193,2.676748
2026-06-28T06:48:39,idle,du4,903246,2762176.5192675306,2.762177
2026-06-28T06:48:39,idle,ue1,901436,651784.9992313456,0.651785
2026-06-28T06:48:39,idle,ue5,902056,635964.9997433781,0.635965
2026-06-28T06:48:39,idle,ue9,902670,632801.011310134,0.632801
2026-06-28T06:48:39,idle,ue13,903310,702409.100771985,0.702409
2026-06-28T06:48:45,idle,cu_cp,901204,310447.6699029368,0.310448
2026-06-28T06:48:45,idle,cu_up,901232,316848.64084569755,0.316849
2026-06-28T06:48:45,idle,du1,901369,2835635.3402543757,2.835635
2026-06-28T06:48:45,idle,du2,901990,2803630.601376381,2.803631
2026-06-28T06:48:45,idle,du3,902626,2838835.8836436607,2.838836
2026-06-28T06:48:45,idle,du4,903246,2781227.0293230056,2.781227
2026-06-28T06:48:45,idle,ue1,901436,678504.1941265285,0.678504
2026-06-28T06:48:45,idle,ue5,902056,662501.7088517225,0.662502
2026-06-28T06:48:45,idle,ue9,902670,707308.6212868559,0.707309
2026-06-28T06:48:45,idle,ue13,903310,716910.077700997,0.716910
2026-06-28T06:48:50,idle,cu_cp,901204,312011.7405387011,0.312012
2026-06-28T06:48:50,idle,cu_up,901232,305644.15634775045,0.305644
2026-06-28T06:48:50,idle,du1,901369,2782635.4720621537,2.782635
2026-06-28T06:48:50,idle,du2,901990,2763532.748284831,2.763533
2026-06-28T06:48:50,idle,du3,902626,2814473.4218124365,2.814473
2026-06-28T06:48:50,idle,du4,903246,2763532.748284831,2.763533
2026-06-28T06:48:50,idle,ue1,901436,668596.5992095864,0.668597
2026-06-28T06:48:50,idle,ue5,902056,649493.8754322636,0.649494
2026-06-28T06:48:50,idle,ue9,902670,655861.4884187436,0.655861
2026-06-28T06:48:50,idle,ue13,903310,694066.9935644477,0.694067
2026-06-28T06:48:55,idle,cu_cp,901204,308483.0405653754,0.308483
2026-06-28T06:48:55,idle,cu_up,901232,311663.28582834004,0.311663
2026-06-28T06:48:55,idle,du1,901369,2817690.668882642,2.817691
2026-06-28T06:48:55,idle,du2,901990,2804969.5724550607,2.804970
2026-06-28T06:48:55,idle,du3,902626,2808149.7888740944,2.808150
2026-06-28T06:48:55,idle,du4,903246,2665039.127011783,2.665039
2026-06-28T06:48:55,idle,ue1,901436,683751.0874333554,0.683751
2026-06-28T06:48:55,idle,ue5,902056,671030.1063814968,0.671030
2026-06-28T06:48:55,idle,ue9,902670,648768.4760725361,0.648768
2026-06-28T06:48:55,idle,ue13,903310,699652.2849042481,0.699652
2026-06-28T06:49:00,idle,cu_cp,901204,322785.97981037555,0.322786
2026-06-28T06:49:00,idle,cu_up,901232,307772.68178010103,0.307773
2026-06-28T06:49:00,idle,du1,901369,2792473.9531792686,2.792474
2026-06-28T06:49:00,idle,du2,901990,2822500.6069673966,2.822501
2026-06-28T06:49:00,idle,du3,902626,2777460.6262852047,2.777461
2026-06-28T06:49:00,idle,du4,903246,2807487.2800733326,2.807487
2026-06-28T06:49:00,idle,ue1,901436,668091.8922342681,0.668092
2026-06-28T06:49:00,idle,ue5,902056,668091.8922342681,0.668092
2026-06-28T06:49:00,idle,ue9,902670,683105.1614007533,0.683105
2026-06-28T06:49:00,idle,ue13,903310,690611.8248477853,0.690612
2026-06-28T06:49:06,idle,cu_cp,901204,311830.97446264565,0.311831
2026-06-28T06:49:06,idle,cu_up,901232,299103.1731247851,0.299103
2026-06-28T06:49:06,idle,du1,901369,2736475.877197845,2.736476
2026-06-28T06:49:06,idle,du2,901990,2736475.877197845,2.736476
2026-06-28T06:49:06,idle,du3,902626,2774659.137288756,2.774659
2026-06-28T06:49:06,idle,du4,903246,2730111.9621366477,2.730112
2026-06-28T06:49:06,idle,ue1,901436,680937.0117688626,0.680937
2026-06-28T06:49:06,idle,ue5,902056,661845.3241543388,0.661845
2026-06-28T06:49:06,idle,ue9,902670,661845.3241543388,0.661845
2026-06-28T06:49:06,idle,ue13,903310,693664.784322189,0.693665
2026-06-28T06:49:11,idle,cu_cp,901204,316535.41245975497,0.316535
2026-06-28T06:49:11,idle,cu_up,901232,305428.92190003395,0.305429
2026-06-28T06:49:11,idle,du1,901369,2815499.1829242706,2.815499
2026-06-28T06:49:11,idle,du2,901990,2754413.341009903,2.754413
2026-06-28T06:49:11,idle,du3,902626,2809945.736274147,2.809946
2026-06-28T06:49:11,idle,du4,903246,2721093.8117963793,2.721094
2026-06-28T06:49:11,idle,ue1,901436,660837.0800859928,0.660837
2026-06-28T06:49:11,idle,ue5,902056,666390.3541330338,0.666390
2026-06-28T06:49:11,idle,ue9,902670,649730.5895262718,0.649731
2026-06-28T06:49:11,idle,ue13,903310,683050.1187397956,0.683050
2026-06-28T06:49:17,idle,cu_cp,901204,320851.1345529771,0.320851
2026-06-28T06:49:17,idle,cu_up,901232,310978.7750742358,0.310979
2026-06-28T06:49:17,idle,du1,901369,2803745.2420137213,2.803745
2026-06-28T06:49:17,idle,du2,901990,2714894.1799175073,2.714894
2026-06-28T06:49:17,idle,du3,902626,2853107.097144914,2.853107
2026-06-28T06:49:17,idle,du4,903246,2700085.669568138,2.700086
2026-06-28T06:49:17,idle,ue1,901436,666383.1389340645,0.666383
2026-06-28T06:49:17,idle,ue5,902056,656510.7794553232,0.656511
2026-06-28T06:49:17,idle,ue9,902670,700936.3105034303,0.700936
2026-06-28T06:49:17,idle,ue13,903310,700936.3105034303,0.700936
2026-06-28T06:49:22,idle,cu_cp,901204,313407.23700211645,0.313407
2026-06-28T06:49:22,idle,cu_up,901232,304452.7527454317,0.304453
2026-06-28T06:49:22,idle,du1,901369,2820665.190622678,2.820665
2026-06-28T06:49:22,idle,du2,901990,2820665.190622678,2.820665
2026-06-28T06:49:22,idle,du3,902626,2793801.6226453637,2.793802
2026-06-28T06:49:22,idle,du4,903246,2707241.5697616576,2.707242
2026-06-28T06:49:22,idle,ue1,901436,659647.6213478303,0.659648
2026-06-28T06:49:22,idle,ue5,902056,588011.6896907223,0.588012
2026-06-28T06:49:22,idle,ue9,902670,686511.1317215145,0.686511
2026-06-28T06:49:22,idle,ue13,903310,701435.2529481124,0.701435
2026-06-28T06:49:27,idle,cu_cp,901204,312325.59347152145,0.312326
2026-06-28T06:49:27,idle,cu_up,901232,315300.11827318044,0.315300
2026-06-28T06:49:27,idle,du1,901369,2843650.085279746,2.843650
2026-06-28T06:49:27,idle,du2,901990,2822828.3541037417,2.822828
2026-06-28T06:49:27,idle,du3,902626,2799032.15569047,2.799032
2026-06-28T06:49:27,idle,du4,903246,2677076.466129277,2.677076
2026-06-28T06:49:27,idle,ue1,901436,615727.6125380659,0.615728
2026-06-28T06:49:27,idle,ue5,902056,621676.6621413839,0.621677
2026-06-28T06:49:27,idle,ue9,902670,669269.1165323192,0.669269
2026-06-28T06:49:27,idle,ue13,903310,660345.5421273422,0.660346
2026-06-28T06:49:33,idle,cu_cp,901204,310985.7313382831,0.310986
2026-06-28T06:49:33,idle,cu_up,901232,305062.20374239446,0.305062
2026-06-28T06:49:33,idle,du1,901369,2733712.605769515,2.733713
2026-06-28T06:49:33,idle,du2,901990,2769253.828918266,2.769254
2026-06-28T06:49:33,idle,du3,902626,2721865.608151157,2.721866
2026-06-28T06:49:33,idle,du4,903246,2775177.442874284,2.775177
2026-06-28T06:49:33,idle,ue1,901436,690092.1595694792,0.690092
2026-06-28T06:49:33,idle,ue5,902056,651589.1294427193,0.651589
2026-06-28T06:49:33,idle,ue9,902670,663436.2422079158,0.663436
2026-06-28T06:49:33,idle,ue13,903310,624933.269654575,0.624933
2026-06-28T06:49:38,idle,cu_cp,901204,307996.93382647634,0.307997
2026-06-28T06:49:38,idle,cu_up,901232,310958.4284457013,0.310958
2026-06-28T06:49:38,idle,du1,901369,2724588.145893669,2.724588
2026-06-28T06:49:38,idle,du2,901990,2751241.6836259486,2.751242
2026-06-28T06:49:38,idle,du3,902626,2745318.5220689895,2.745319
2026-06-28T06:49:38,idle,du4,903246,2760126.196203375,2.760126
2026-06-28T06:49:38,idle,ue1,901436,681147.0364734173,0.681147
2026-06-28T06:49:38,idle,ue5,902056,624878.322790876,0.624878
2026-06-28T06:49:38,idle,ue9,902670,666339.4772180378,0.666339
2026-06-28T06:49:38,idle,ue13,903310,621916.8568914026,0.621917
2026-06-28T06:49:43,idle,cu_cp,901204,312798.0803577915,0.312798
2026-06-28T06:49:43,idle,cu_up,901232,318756.14867773297,0.318756
2026-06-28T06:49:43,idle,du1,901369,2841994.0451295497,2.841994
2026-06-28T06:49:43,idle,du2,901990,2773476.244980533,2.773476
2026-06-28T06:49:43,idle,du3,902626,2812203.6167117045,2.812204
2026-06-28T06:49:43,idle,du4,903246,2782413.419808893,2.782413
2026-06-28T06:49:43,idle,ue1,901436,676239.6690866374,0.676240
2026-06-28T06:49:43,idle,ue5,902056,601763.9453145755,0.601764
2026-06-28T06:49:43,idle,ue9,902670,706029.9817469657,0.706030
2026-06-28T06:49:43,idle,ue13,903310,667302.610015794,0.667303
2026-06-28T06:49:49,idle,cu_cp,901204,310532.3989080298,0.310532
2026-06-28T06:49:49,idle,cu_up,901232,307363.72177582263,0.307364
2026-06-28T06:49:49,idle,du1,901369,2810635.148223591,2.810635
2026-06-28T06:49:49,idle,du2,901990,2734586.437343187,2.734586
2026-06-28T06:49:49,idle,du3,902626,2753598.5575998593,2.753599
2026-06-28T06:49:49,idle,du4,903246,2677549.846719456,2.677550
2026-06-28T06:49:49,idle,ue1,901436,662257.916583612,0.662258
2026-06-28T06:49:49,idle,ue5,902056,598883.914232037,0.598884
2026-06-28T06:49:49,idle,ue9,902670,684438.8001676345,0.684439
2026-06-28T06:49:49,idle,ue13,903310,633739.6212717461,0.633740
2026-06-28T06:49:54,idle,cu_cp,901204,311966.59472214995,0.311967
2026-06-28T06:49:54,idle,cu_up,901232,308783.28708187817,0.308783
2026-06-28T06:49:54,idle,du1,901369,2814066.169213171,2.814066
2026-06-28T06:49:54,idle,du2,901990,2737666.0952182673,2.737666
2026-06-28T06:49:54,idle,du3,902626,2801332.823547354,2.801333
2026-06-28T06:49:54,idle,du4,903246,2731299.4223853587,2.731299
2026-06-28T06:49:54,idle,ue1,901436,668499.8417222953,0.668500
2026-06-28T06:49:54,idle,ue5,902056,595283.2192485762,0.595283
2026-06-28T06:49:54,idle,ue9,902670,684416.5238045668,0.684417
2026-06-28T06:49:54,idle,ue13,903310,633483.1986936629,0.633483
2026-06-28T06:49:59,idle,cu_cp,901204,313705.07091333834,0.313705
2026-06-28T06:49:59,idle,cu_up,901232,307302.9496347955,0.307303
2026-06-28T06:49:59,idle,du1,901369,2832949.16729624,2.832949
2026-06-28T06:49:59,idle,du2,901990,2740117.8590899324,2.740118
2026-06-28T06:49:59,idle,du3,902626,2794536.092466602,2.794536
2026-06-28T06:49:59,idle,du4,903246,2810541.4824525546,2.810541
2026-06-28T06:49:59,idle,ue1,901436,665823.0430771244,0.665823
2026-06-28T06:49:59,idle,ue5,902056,624209.1101172704,0.624209
2026-06-28T06:49:59,idle,ue9,902670,694632.6756201625,0.694633
2026-06-28T06:49:59,idle,ue13,903310,704235.8864678419,0.704236
2026-06-28T06:50:05,idle,cu_cp,901204,316141.83360129804,0.316142
2026-06-28T06:50:05,idle,cu_up,901232,312948.47941168846,0.312948
2026-06-28T06:50:05,idle,du1,901369,2864436.887615647,2.864437
2026-06-28T06:50:05,idle,du2,901990,2746282.6381188105,2.746283
2026-06-28T06:50:05,idle,du3,902626,2739896.1031171298,2.739896
2026-06-28T06:50:05,idle,du4,903246,2743089.2550329445,2.743089
2026-06-28T06:50:05,idle,ue1,901436,680183.9511504835,0.680184
2026-06-28T06:50:05,idle,ue5,902056,648250.4670469004,0.648250
2026-06-28T06:50:05,idle,ue9,902670,667410.5343920451,0.667411
2026-06-28T06:50:05,idle,ue13,903310,651443.7923402536,0.651444
2026-06-28T06:50:10,idle,cu_cp,901204,311086.83604817034,0.311087
2026-06-28T06:50:10,idle,cu_up,901232,320708.06045054196,0.320708
2026-06-28T06:50:10,idle,du1,901369,2867130.0952501344,2.867130
2026-06-28T06:50:10,idle,du2,901990,2793367.4328691005,2.793367
2026-06-28T06:50:10,idle,du3,902626,2831852.330478587,2.831852
2026-06-28T06:50:10,idle,du4,903246,2822230.9319647695,2.822231
2026-06-28T06:50:10,idle,ue1,901436,705557.7329911924,0.705558
2026-06-28T06:50:10,idle,ue5,902056,667072.777344557,0.667073
2026-06-28T06:50:10,idle,ue9,902670,686315.284186449,0.686315
2026-06-28T06:50:10,idle,ue13,903310,663865.7025437665,0.663866
2026-06-28T06:50:15,idle,cu_cp,901204,322200.6534789425,0.322201
2026-06-28T06:50:15,idle,cu_up,901232,322200.6534789425,0.322201
2026-06-28T06:50:15,idle,du1,901369,2861141.863488617,2.861142
2026-06-28T06:50:15,idle,du2,901990,2809589.9174128054,2.809590
2026-06-28T06:50:15,idle,du3,902626,2816034.027202296,2.816034
2026-06-28T06:50:15,idle,du4,903246,2870808.028172853,2.870808
2026-06-28T06:50:15,idle,ue1,901436,702397.4793532013,0.702397
2026-06-28T06:50:15,idle,ue5,902056,718507.5207668996,0.718508
2026-06-28T06:50:15,idle,ue9,902670,702397.4793532013,0.702397
2026-06-28T06:50:15,idle,ue13,903310,721729.5173966378,0.721730
2026-06-28T06:50:20,idle,cu_cp,901204,309855.58125027956,0.309856
2026-06-28T06:50:20,idle,cu_up,901232,309855.58125027956,0.309856
2026-06-28T06:50:20,idle,du1,901369,2827432.0890247487,2.827432
2026-06-28T06:50:20,idle,du2,901990,2695743.582764039,2.695744
2026-06-28T06:50:20,idle,du3,902626,2788700.202489619,2.788700
2026-06-28T06:50:20,idle,du4,903246,2664757.8894533967,2.664758
2026-06-28T06:50:20,idle,ue1,901436,704921.4164242721,0.704921
2026-06-28T06:50:20,idle,ue5,902056,588725.5842415035,0.588726
2026-06-28T06:50:20,idle,ue9,902670,619711.1625005591,0.619711
2026-06-28T06:50:20,idle,ue13,903310,681682.261492877,0.681682
2026-06-28T06:50:26,idle,cu_cp,901204,315047.50050143,0.315048
2026-06-28T06:50:26,idle,cu_up,901232,321750.65112764837,0.321751
2026-06-28T06:50:26,idle,du1,901369,2868943.373430128,2.868943
2026-06-28T06:50:26,idle,du2,901990,2835427.4466197873,2.835427
2026-06-28T06:50:26,idle,du3,902626,2748286.7779443646,2.748287
2026-06-28T06:50:26,idle,du4,903246,2808615.0756872464,2.808615
2026-06-28T06:50:26,idle,ue1,901436,710532.6927313138,0.710533
2026-06-28T06:50:26,idle,ue5,902056,616688.7576435065,0.616689
2026-06-28T06:50:26,idle,ue9,902670,670313.8468670868,0.670314
2026-06-28T06:50:26,idle,ue13,903310,683720.0902264405,0.683720
2026-06-28T06:50:31,idle,cu_cp,901204,312774.86812529387,0.312775
2026-06-28T06:50:31,idle,cu_up,901232,318566.98355285346,0.318567
2026-06-28T06:50:31,idle,du1,901369,2774428.7164815115,2.774429
2026-06-28T06:50:31,idle,du2,901990,2757052.485660119,2.757052
2026-06-28T06:50:31,idle,du3,902626,2838142.1016459535,2.838142
2026-06-28T06:50:31,idle,du4,903246,2786012.947336631,2.786013
2026-06-28T06:50:31,idle,ue1,901436,677678.8905599106,0.677679
2026-06-28T06:50:31,idle,ue5,902056,613965.5053954684,0.613966
2026-06-28T06:50:31,idle,ue9,902670,648718.1979608261,0.648718
2026-06-28T06:50:31,idle,ue13,903310,677678.8905599106,0.677679
2026-06-28T06:50:36,idle,cu_cp,901204,311750.5207413754,0.311751
2026-06-28T06:50:36,idle,cu_up,901232,311750.5207413754,0.311751
2026-06-28T06:50:36,idle,du1,901369,2754648.0604901933,2.754648
2026-06-28T06:50:36,idle,du2,901990,2683098.6972379517,2.683099
2026-06-28T06:50:36,idle,du3,902626,2851750.520340571,2.851751
2026-06-28T06:50:36,idle,du4,903246,2800644.096218479,2.800644
2026-06-28T06:50:36,idle,ue1,901436,669497.0194795812,0.669497
2026-06-28T06:50:36,idle,ue5,902056,608169.010329504,0.608169
2026-06-28T06:50:36,idle,ue9,902670,664386.3424284989,0.664386
2026-06-28T06:50:36,idle,ue13,903310,695050.3470035375,0.695050
2026-06-28T06:50:42,idle,cu_cp,901204,317048.99158754764,0.317049
2026-06-28T06:50:42,idle,cu_up,901232,317048.99158754764,0.317049
2026-06-28T06:50:42,idle,du1,901369,2802593.613160367,2.802594
2026-06-28T06:50:42,idle,du2,901990,2727817.9357520486,2.727818
2026-06-28T06:50:42,idle,du3,902626,2835494.874132252,2.835495
2026-06-28T06:50:42,idle,du4,903246,2814557.665914035,2.814558
2026-06-28T06:50:42,idle,ue1,901436,669990.3732346952,0.669990
2026-06-28T06:50:42,idle,ue5,902056,661017.2757197953,0.661017
2026-06-28T06:50:42,idle,ue9,902670,622133.8724717784,0.622134
2026-06-28T06:50:42,idle,ue13,903310,699900.6789678121,0.699901
2026-06-28T06:50:47,idle,cu_cp,901204,315554.6382694125,0.315555
2026-06-28T06:50:47,idle,cu_up,901232,315554.6382694125,0.315555
2026-06-28T06:50:47,idle,du1,901369,2803928.3538630484,2.803928
2026-06-28T06:50:47,idle,du2,901990,2833981.198761201,2.833981
2026-06-28T06:50:47,idle,du3,902626,2873049.920444918,2.873050
2026-06-28T06:50:47,idle,du4,903246,2858023.381415248,2.858023
2026-06-28T06:50:47,idle,ue1,901436,688209.6352130771,0.688210
2026-06-28T06:50:47,idle,ue5,902056,664167.3942687332,0.664167
2026-06-28T06:50:47,idle,ue9,902670,673183.2127640009,0.673183
2026-06-28T06:50:47,idle,ue13,903310,715257.2072794735,0.715257
2026-06-28T06:50:52,idle,cu_cp,901204,316311.10749650776,0.316311
2026-06-28T06:50:52,idle,cu_up,901232,313327.0653331417,0.313327
2026-06-28T06:50:52,idle,du1,901369,2790102.9054457424,2.790103
2026-06-28T06:50:52,idle,du2,901990,2706549.0290878345,2.706549
2026-06-28T06:50:52,idle,du3,902626,2805023.2902084873,2.805023
2026-06-28T06:50:52,idle,du4,903246,2831879.611696811,2.831880
2026-06-28T06:50:52,idle,ue1,901436,698271.7224067843,0.698272
2026-06-28T06:50:52,idle,ue5,902056,632622.2149930155,0.632622
2026-06-28T06:50:52,idle,ue9,902670,647542.541773789,0.647543
2026-06-28T06:50:52,idle,ue13,903310,692303.5800980807,0.692304
2026-06-28T06:50:58,idle,cu_cp,901204,316899.7035930753,0.316900
2026-06-28T06:50:58,idle,cu_up,901232,310920.4381616175,0.310920
2026-06-28T06:50:58,idle,du1,901369,2810242.5033445833,2.810243
2026-06-28T06:50:58,idle,du2,901990,2729522.7538316725,2.729523
2026-06-28T06:50:58,idle,du3,902626,2804263.150831795,2.804263
2026-06-28T06:50:58,idle,du4,903246,2840138.801474762,2.840139
2026-06-28T06:50:58,idle,ue1,901436,696581.3894317985,0.696581
2026-06-28T06:50:58,idle,ue5,902056,678643.6802187562,0.678644
2026-06-28T06:50:58,idle,ue9,902670,645757.8799948454,0.645758
2026-06-28T06:50:58,idle,ue13,903310,696581.3894317985,0.696581
2026-06-28T06:51:03,idle,cu_cp,901204,314025.31257286074,0.314025
2026-06-28T06:51:03,idle,cu_up,901232,317016.01050071715,0.317016
2026-06-28T06:51:03,idle,du1,901369,2838190.4308544924,2.838190
2026-06-28T06:51:03,idle,du2,901990,2775385.5423526,2.775386
2026-06-28T06:51:03,idle,du3,902626,2832209.2670156863,2.832209
2026-06-28T06:51:03,idle,du4,903246,2784357.6361361695,2.784358
2026-06-28T06:51:03,idle,ue1,901436,687864.9317282104,0.687865
2026-06-28T06:51:03,idle,ue5,902056,660948.4763648224,0.660948
2026-06-28T06:51:03,idle,ue9,902670,708799.9332316589,0.708800
2026-06-28T06:51:03,idle,ue13,903310,699827.781443863,0.699828
2026-06-28T06:51:09,idle,cu_cp,901204,314072.3373857129,0.314072
2026-06-28T06:51:09,idle,cu_up,901232,310931.60013257235,0.310932
2026-06-28T06:51:09,idle,du1,901369,2832932.4531473494,2.832932
2026-06-28T06:51:09,idle,du2,901990,2688459.059976013,2.688459
2026-06-28T06:51:09,idle,du3,902626,2864339.652187712,2.864340
2026-06-28T06:51:09,idle,du4,903246,2826650.920810721,2.826651
2026-06-28T06:51:09,idle,ue1,901436,672114.7649940032,0.672115
2026-06-28T06:51:09,idle,ue5,902056,646988.9826295739,0.646989
2026-06-28T06:51:09,idle,ue9,902670,675255.5311623174,0.675256
2026-06-28T06:51:09,idle,ue13,903310,700381.3135267466,0.700381
2026-06-28T06:51:14,idle,cu_cp,901204,321188.1339922905,0.321188
2026-06-28T06:51:14,idle,cu_up,901232,311552.4806723714,0.311552
2026-06-28T06:51:14,idle,du1,901369,2858574.4390321374,2.858574
2026-06-28T06:51:14,idle,du2,901990,2759006.3313979865,2.759006
2026-06-28T06:51:14,idle,du3,902626,2855362.6320934175,2.855363
2026-06-28T06:51:14,idle,du4,903246,2813608.2118750215,2.813608
2026-06-28T06:51:14,idle,ue1,901436,719461.4364179939,0.719461
2026-06-28T06:51:14,idle,ue5,902056,674495.0930089981,0.674495
2026-06-28T06:51:14,idle,ue9,902670,652011.9213045001,0.652012
2026-06-28T06:51:14,idle,ue13,903310,709825.7830980748,0.709826
2026-06-28T06:51:19,idle,cu_cp,901204,316487.28052097646,0.316487
2026-06-28T06:51:19,idle,cu_up,901232,319716.7637200573,0.319717
2026-06-28T06:51:19,idle,du1,901369,2896827.6850839187,2.896828
2026-06-28T06:51:19,idle,du2,901990,2819320.555458417,2.819321
2026-06-28T06:51:19,idle,du3,902626,2851615.0370848966,2.851615
2026-06-28T06:51:19,idle,du4,903246,2864532.96988122,2.864533
2026-06-28T06:51:19,idle,ue1,901436,691104.9082610792,0.691105
2026-06-28T06:51:19,idle,ue5,902056,687875.4250619984,0.687875
2026-06-28T06:51:19,idle,ue9,902670,674957.6090537846,0.674958
2026-06-28T06:51:19,idle,ue13,903310,716940.5986715615,0.716941
2026-06-28T06:51:24,idle,cu_cp,901204,319941.6555357814,0.319942
2026-06-28T06:51:24,idle,cu_up,901232,319941.6555357814,0.319942
2026-06-28T06:51:24,idle,du1,901369,2837462.3001298783,2.837462
2026-06-28T06:51:24,idle,du2,901990,2827767.0488313315,2.827767
2026-06-28T06:51:24,idle,du3,902626,2873011.476923776,2.873011
2026-06-28T06:51:24,idle,du4,903246,2837462.3001298783,2.837462
2026-06-28T06:51:24,idle,ue1,901436,701286.2379340678,0.701286
2026-06-28T06:51:24,idle,ue5,902056,630188.1182485968,0.630188
2026-06-28T06:51:24,idle,ue9,902670,717444.9121308714,0.717445
2026-06-28T06:51:24,idle,ue13,903310,707749.7193079054,0.707750
2026-06-28T06:51:30,idle,cu_cp,901204,317452.2134722477,0.317452
2026-06-28T06:51:30,idle,cu_up,901232,323865.4126981366,0.323865
2026-06-28T06:51:30,idle,du1,901369,2770492.065989499,2.770492
2026-06-28T06:51:30,idle,du2,901990,2857069.950318818,2.857070
2026-06-28T06:51:30,idle,du3,902626,2876309.6352022504,2.876310
2026-06-28T06:51:30,idle,du4,903246,2725599.933025575,2.725600
2026-06-28T06:51:30,idle,ue1,901436,715069.1411165142,0.715069
2026-06-28T06:51:30,idle,ue5,902056,657350.5515636349,0.657351
2026-06-28T06:51:30,idle,ue9,902670,699036.186654675,0.699036
2026-06-28T06:51:30,idle,ue13,903310,702242.8008019137,0.702243
2026-06-28T06:51:35,idle,cu_cp,901204,314491.4673384428,0.314491
2026-06-28T06:51:35,idle,cu_up,901232,311282.4050872087,0.311282
2026-06-28T06:51:35,idle,du1,901369,2852887.222273159,2.852887
2026-06-28T06:51:35,idle,du2,901990,2708477.5634683133,2.708478
2026-06-28T06:51:35,idle,du3,902626,2836841.4466421604,2.836841
2026-06-28T06:51:35,idle,du4,903246,2827214.259888458,2.827214
2026-06-28T06:51:35,idle,ue1,901436,706001.299409306,0.706001
2026-06-28T06:51:35,idle,ue5,902056,651446.6606697917,0.651447
2026-06-28T06:51:35,idle,ue9,902670,664283.025768435,0.664283
2026-06-28T06:51:35,idle,ue13,903310,715628.6022567153,0.715629
2026-06-28T06:51:40,idle,cu_cp,901204,313730.89391572954,0.313731
2026-06-28T06:51:40,idle,cu_up,901232,313730.89391572954,0.313731
2026-06-28T06:51:40,idle,du1,901369,2842786.1536866,2.842786
2026-06-28T06:51:40,idle,du2,901990,2778759.2799384687,2.778759
2026-06-28T06:51:40,idle,du3,902626,2842786.1536866,2.842786
2026-06-28T06:51:40,idle,du4,903246,2753148.6230804063,2.753149
2026-06-28T06:51:40,idle,ue1,901436,675481.8273410702,0.675482
2026-06-28T06:51:40,idle,ue5,902056,662676.4410112953,0.662676
2026-06-28T06:51:40,idle,ue9,902670,675481.8273410702,0.675482
2026-06-28T06:51:40,idle,ue13,903310,701092.4841991329,0.701092
2026-06-28T06:51:46,idle,cu_cp,901204,308889.44787340343,0.308889
2026-06-28T06:51:46,idle,cu_up,901232,316072.94495157956,0.316073
2026-06-28T06:51:46,idle,du1,901369,2815922.5162515114,2.815923
2026-06-28T06:51:46,idle,du2,901990,2837473.094344306,2.837473
2026-06-28T06:51:46,idle,du3,902626,2765638.065657034,2.765638
2026-06-28T06:51:46,idle,du4,903246,2794372.1697807596,2.794372
2026-06-28T06:51:46,idle,ue1,901436,675246.698655684,0.675247
2026-06-28T06:51:46,idle,ue5,902056,668063.2305302632,0.668063
2026-06-28T06:51:46,idle,ue9,902670,689613.6928120363,0.689614
2026-06-28T06:51:46,idle,ue13,903310,682430.2246866155,0.682430
2026-06-28T06:51:51,idle,cu_cp,901204,322391.2865271914,0.322391
2026-06-28T06:51:51,idle,cu_up,901232,309991.6060157681,0.309992
2026-06-28T06:51:51,idle,du1,901369,2715526.48729332,2.715526
2026-06-28T06:51:51,idle,du2,901990,2839522.9437477114,2.839523
2026-06-28T06:51:51,idle,du3,902626,2845723.0454983045,2.845723
2026-06-28T06:51:51,idle,du4,903246,2833323.306876907,2.833323
2026-06-28T06:51:51,idle,ue1,901436,688181.367679404,0.688181
2026-06-28T06:51:51,idle,ue5,902056,650982.3261451339,0.650982
2026-06-28T06:51:51,idle,ue9,902670,700580.9900808537,0.700581
2026-06-28T06:51:51,idle,ue13,903310,719180.5399029755,0.719181
2026-06-28T06:51:56,idle,cu_cp,901204,320705.2205668235,0.320705
2026-06-28T06:51:56,idle,cu_up,901232,309833.864517611,0.309834
2026-06-28T06:51:56,idle,du1,901369,2804811.771309307,2.804812
2026-06-28T06:51:56,idle,du2,901990,2793940.270516725,2.793940
2026-06-28T06:51:56,idle,du3,902626,2831990.175906675,2.831990
2026-06-28T06:51:56,idle,du4,903246,2717840.9229156063,2.717841
2026-06-28T06:51:56,idle,ue1,901436,679460.2307289016,0.679460
2026-06-28T06:51:56,idle,ue5,902056,652281.7682341855,0.652282
2026-06-28T06:51:56,idle,ue9,902670,652281.7682341855,0.652282
2026-06-28T06:51:56,idle,ue13,903310,706638.6353262699,0.706639
2026-06-28T06:52:02,idle,cu_cp,901204,320670.975740819,0.320671
2026-06-28T06:52:02,idle,cu_up,901232,325529.6321764702,0.325530
2026-06-28T06:52:02,idle,du1,901369,2861745.6739951945,2.861746
2026-06-28T06:52:02,idle,du2,901990,2818017.707905641,2.818018
2026-06-28T06:52:02,idle,du3,902626,2837452.566323018,2.837453
2026-06-28T06:52:02,idle,du4,903246,2681975.5603821804,2.681976
2026-06-28T06:52:02,idle,ue1,901436,689928.5158381498,0.689929
2026-06-28T06:52:02,idle,ue5,902056,689928.5158381498,0.689929
2026-06-28T06:52:02,idle,ue9,902670,651059.2643529404,0.651059
2026-06-28T06:52:02,idle,ue13,903310,699645.8287094522,0.699646
2026-06-28T06:52:07,idle,cu_cp,901204,314394.2362968635,0.314394
2026-06-28T06:52:07,idle,cu_up,901232,317388.4745656824,0.317388
2026-06-28T06:52:07,idle,du1,901369,2850507.649751816,2.850508
2026-06-28T06:52:07,idle,du2,901990,2724750.047906151,2.724750
2026-06-28T06:52:07,idle,du3,902626,2838530.8125178907,2.838531
2026-06-28T06:52:07,idle,du4,903246,2715767.4779013824,2.715767
2026-06-28T06:52:07,idle,ue1,901436,688673.0642080784,0.688673
2026-06-28T06:52:07,idle,ue5,902056,640765.3677483272,0.640765
2026-06-28T06:52:07,idle,ue9,902670,646753.844285965,0.646754
2026-06-28T06:52:07,idle,ue13,903310,688673.0642080784,0.688673
2026-06-28T06:52:12,idle,cu_cp,901204,314558.1408306748,0.314558
2026-06-28T06:52:12,idle,cu_up,901232,317553.9174466497,0.317554
2026-06-28T06:52:12,idle,du1,901369,2831023.4125809195,2.831023
2026-06-28T06:52:12,idle,du2,901990,2717183.2046706104,2.717183
2026-06-28T06:52:12,idle,du3,902626,2843006.519044819,2.843007
2026-06-28T06:52:12,idle,du4,903246,2819040.0739492653,2.819040
2026-06-28T06:52:12,idle,ue1,901436,683040.5509585905,0.683041
2026-06-28T06:52:12,idle,ue5,902056,662069.998562889,0.662070
2026-06-28T06:52:12,idle,ue9,902670,662069.998562889,0.662070
2026-06-28T06:52:12,idle,ue13,903310,712998.4912441552,0.712998
2026-06-28T06:52:18,idle,cu_cp,901204,314000.8399683774,0.314001
2026-06-28T06:52:18,idle,cu_up,901232,311010.36959317443,0.311010
2026-06-28T06:52:18,idle,du1,901369,2787131.27076911,2.787131
2026-06-28T06:52:18,idle,du2,901990,2834979.028863888,2.834979
2026-06-28T06:52:18,idle,du3,902626,2843950.5270238207,2.843951
2026-06-28T06:52:18,idle,du4,903246,2799093.2683156873,2.799093
2026-06-28T06:52:18,idle,ue1,901436,684820.8781685829,0.684821
2026-06-28T06:52:18,idle,ue5,902056,657906.5577574325,0.657907
2026-06-28T06:52:18,idle,ue9,902670,666877.9978944826,0.666878
2026-06-28T06:52:18,idle,ue13,903310,708744.757215972,0.708745
2026-06-28T06:52:23,idle,cu_cp,901204,317938.51171349525,0.317939
2026-06-28T06:52:23,idle,cu_up,901232,309024.3543096924,0.309024
2026-06-28T06:52:23,idle,du1,901369,2718820.058088379,2.718820
2026-06-28T06:52:23,idle,du2,901990,2810933.1045443728,2.810933
2026-06-28T06:52:23,idle,du3,902626,2790133.317318802,2.790133
2026-06-28T06:52:23,idle,du4,903246,2706934.6303722383,2.706935
2026-06-28T06:52:23,idle,ue1,901436,659648.1098371315,0.659648
2026-06-28T06:52:23,idle,ue5,902056,579420.6643306732,0.579421
2026-06-28T06:52:23,idle,ue9,902670,692333.3825233078,0.692333
2026-06-28T06:52:23,idle,ue13,903310,689362.0255942727,0.689362
2026-06-28T06:52:28,idle,cu_cp,901204,314158.435050205,0.314158
2026-06-28T06:52:28,idle,cu_up,901232,317179.20756061433,0.317179
2026-06-28T06:52:28,idle,du1,901369,2800239.251650944,2.800239
2026-06-28T06:52:28,idle,du2,901990,2763990.212560258,2.763990
2026-06-28T06:52:28,idle,du3,902626,2809301.569182172,2.809302
2026-06-28T06:52:28,idle,du4,903246,2724720.4009591625,2.724720
2026-06-28T06:52:28,idle,ue1,901436,679669.713984586,0.679670
2026-06-28T06:52:28,idle,ue5,902056,658524.4219288337,0.658524
2026-06-28T06:52:28,idle,ue9,902670,673628.2267223239,0.673628
2026-06-28T06:52:28,idle,ue13,903310,691752.7462676668,0.691753
2026-06-28T06:52:34,idle,cu_cp,901204,320599.0996574813,0.320599
2026-06-28T06:52:34,idle,cu_up,901232,320599.0996574813,0.320599
2026-06-28T06:52:34,idle,du1,901369,2818065.908635106,2.818066
2026-06-28T06:52:34,idle,du2,901990,2840507.8563510706,2.840508
2026-06-28T06:52:34,idle,du3,902626,2837301.89699378,2.837302
2026-06-28T06:52:34,idle,du4,903246,2821271.8679923965,2.821272
2026-06-28T06:52:34,idle,ue1,901436,692494.0134614718,0.692494
2026-06-28T06:52:34,idle,ue5,902056,679670.0599248445,0.679670
2026-06-28T06:52:34,idle,ue9,902670,625168.228367312,0.625168
2026-06-28T06:52:34,idle,ue13,903310,702112.0076408088,0.702112
2026-06-28T06:52:39,idle,cu_cp,901204,316349.8665331012,0.316350
2026-06-28T06:52:39,idle,cu_up,901232,313154.3952248597,0.313154
2026-06-28T06:52:39,idle,du1,901369,2843953.211813359,2.843953
2026-06-28T06:52:39,idle,du2,901990,2815193.9989582635,2.815194
2026-06-28T06:52:39,idle,du3,902626,2738503.150265708,2.738503
2026-06-28T06:52:39,idle,du4,903246,2818389.441347427,2.818389
2026-06-28T06:52:39,idle,ue1,901436,677436.0421908081,0.677436
2026-06-28T06:52:39,idle,ue5,902056,664654.2147959971,0.664654
2026-06-28T06:52:39,idle,ue9,902670,610331.5206657446,0.610332
2026-06-28T06:52:39,idle,ue13,903310,696608.754363947,0.696609
2026-06-28T06:52:44,idle,cu_cp,901204,314369.8398661828,0.314370
2026-06-28T06:52:44,idle,cu_up,901232,314369.8398661828,0.314370
2026-06-28T06:52:44,idle,du1,901369,2835744.3669345854,2.835744
2026-06-28T06:52:44,idle,du2,901990,2816497.348768902,2.816497
2026-06-28T06:52:44,idle,du3,902626,2838952.1259143637,2.838952
2026-06-28T06:52:44,idle,du4,903246,2838952.1259143637,2.838952
2026-06-28T06:52:44,idle,ue1,901436,702520.3996664595,0.702520
2026-06-28T06:52:44,idle,ue5,902056,699312.5246149278,0.699313
2026-06-28T06:52:44,idle,ue9,902670,615908.2955979919,0.615908
2026-06-28T06:52:44,idle,ue13,903310,712143.9667851782,0.712144
2026-06-28T06:52:50,idle,cu_cp,901204,313486.0823436624,0.313486
2026-06-28T06:52:50,idle,cu_up,901232,316684.9444654888,0.316685
2026-06-28T06:52:50,idle,du1,901369,2779790.0262215137,2.779790
2026-06-28T06:52:50,idle,du2,901990,2834170.1605971907,2.834170
2026-06-28T06:52:50,idle,du3,902626,2773392.4179101656,2.773392
2026-06-28T06:52:50,idle,du4,903246,2830971.356441517,2.830971
2026-06-28T06:52:50,idle,ue1,901436,690949.0013607859,0.690949
2026-06-28T06:52:50,idle,ue5,902056,671755.9445621324,0.671756
2026-06-28T06:52:50,idle,ue9,902670,614176.832132324,0.614177
2026-06-28T06:52:50,idle,ue13,903310,706943.1380714608,0.706943
2026-06-28T06:52:55,idle,cu_cp,901204,321295.89067632257,0.321296
2026-06-28T06:52:55,idle,cu_up,901232,321295.89067632257,0.321296
2026-06-28T06:52:55,idle,du1,901369,2865959.5981548787,2.865960
2026-06-28T06:52:55,idle,du2,901990,2856320.576762116,2.856321
2026-06-28T06:52:55,idle,du3,902626,2792061.3637660146,2.792061
2026-06-28T06:52:55,idle,du4,903246,2837042.76638217,2.837043
2026-06-28T06:52:55,idle,ue1,901436,719702.8485682458,0.719703
2026-06-28T06:52:55,idle,ue5,902056,703638.0453192204,0.703638
2026-06-28T06:52:55,idle,ue9,902670,613675.1819855154,0.613675
2026-06-28T06:52:55,idle,ue13,903310,668295.4897916436,0.668295
2026-06-28T06:53:00,idle,cu_cp,901204,309226.7946764159,0.309227
2026-06-28T06:53:00,idle,cu_up,901232,318790.48678908887,0.318790
2026-06-28T06:53:00,idle,du1,901369,2792604.786531186,2.792605
2026-06-28T06:53:00,idle,du2,901990,2763913.652523937,2.763914
2026-06-28T06:53:00,idle,du3,902626,2776665.011330581,2.776665
2026-06-28T06:53:00,idle,du4,903246,2703343.4294693186,2.703343
2026-06-28T06:53:00,idle,ue1,901436,640768.8709490687,0.640769
2026-06-28T06:53:00,idle,ue5,902056,656708.4154727537,0.656708
2026-06-28T06:53:00,idle,ue9,902670,615265.6343127107,0.615266
2026-06-28T06:53:00,idle,ue13,903310,682211.6521091115,0.682212
2026-06-28T06:53:05,idle,cu_cp,901204,319017.6105488449,0.319018
2026-06-28T06:53:05,idle,cu_up,901232,319017.6105488449,0.319018
2026-06-28T06:53:05,idle,du1,901369,2802797.5577712776,2.802798
2026-06-28T06:53:05,idle,du2,901990,2688862.643243396,2.688863
2026-06-28T06:53:05,idle,du3,902626,2810393.172546196,2.810393
2026-06-28T06:53:05,idle,du4,903246,2757223.638153732,2.757224
2026-06-28T06:53:05,idle,ue1,901436,607652.5887719899,0.607653
2026-06-28T06:53:05,idle,ue5,902056,668417.8534233898,0.668418
2026-06-28T06:53:05,idle,ue9,902670,691204.8132321626,0.691205
2026-06-28T06:53:05,idle,ue13,903310,630439.5485807627,0.630440
2026-06-28T06:53:11,idle,cu_cp,901204,319492.75603441236,0.319493
2026-06-28T06:53:11,idle,cu_up,901232,312972.49629925727,0.312972
2026-06-28T06:53:11,idle,du1,901369,2745029.667630234,2.745030
2026-06-28T06:53:11,idle,du2,901990,2823272.668404846,2.823273
2026-06-28T06:53:11,idle,du3,902626,2875434.9783805846,2.875435
2026-06-28T06:53:11,idle,du4,903246,2816752.437681503,2.816752
2026-06-28T06:53:11,idle,ue1,901436,684627.3592267227,0.684627
2026-06-28T06:53:11,idle,ue5,902056,652026.0895627594,0.652026
2026-06-28T06:53:11,idle,ue9,902670,697667.8786970329,0.697668
2026-06-28T06:53:11,idle,ue13,903310,632465.2813454819,0.632465
2026-06-28T06:53:16,idle,cu_cp,901204,306744.75041623384,0.306745
2026-06-28T06:53:16,idle,cu_up,901232,318105.6617258403,0.318106
2026-06-28T06:53:16,idle,du1,901369,2811826.738593845,2.811827
2026-06-28T06:53:16,idle,du2,901990,2857270.383832271,2.857270
2026-06-28T06:53:16,idle,du3,902626,2828868.0185241387,2.828868
2026-06-28T06:53:16,idle,du4,903246,2806146.311950414,2.806146
2026-06-28T06:53:16,idle,ue1,901436,698696.3066431439,0.698696
2026-06-28T06:53:16,idle,ue5,902056,693015.8799997127,0.693016
2026-06-28T06:53:16,idle,ue9,902670,681654.9686901063,0.681655
2026-06-28T06:53:16,idle,ue13,903310,636211.3234516806,0.636211
2026-06-28T06:53:21,dl,cu_cp,901204,314030.6938669622,0.314031
2026-06-28T06:53:21,dl,cu_up,901232,324160.72748038056,0.324161
2026-06-28T06:53:21,dl,du1,901369,2902251.583940549,2.902252
2026-06-28T06:53:21,dl,du2,901990,2826276.418877163,2.826276
2026-06-28T06:53:21,dl,du3,902626,2816146.2111892416,2.816146
2026-06-28T06:53:21,dl,du4,903246,2785756.052324152,2.785756
2026-06-28T06:53:21,dl,ue1,901436,698971.5650030184,0.698972
2026-06-28T06:53:21,dl,ue5,902056,648321.4549607611,0.648321
2026-06-28T06:53:21,dl,ue9,902670,698971.5650030184,0.698972
2026-06-28T06:53:21,dl,ue13,903310,622996.3999396324,0.622996
2026-06-28T06:53:32,dl,cu_cp,901204,411256.3684332669,0.411256
2026-06-28T06:53:32,dl,cu_up,901232,978123.2640170306,0.978123
2026-06-28T06:53:32,dl,du1,901369,4216304.081966686,4.216304
2026-06-28T06:53:32,dl,du2,901990,4157023.854747248,4.157024
2026-06-28T06:53:32,dl,du3,902626,4134793.908141017,4.134794
2026-06-28T06:53:32,dl,du4,903246,4105153.794531298,4.105154
2026-06-28T06:53:32,dl,ue1,901436,2830629.4637176036,2.830629
2026-06-28T06:53:32,dl,ue5,902056,2800989.3501078845,2.800989
2026-06-28T06:53:32,dl,ue9,902670,2823219.5739162327,2.823220
2026-06-28T06:53:32,dl,ue13,903310,2882499.5239335536,2.882500
2026-06-28T06:53:37,dl,cu_cp,901204,404487.3018954769,0.404487
2026-06-28T06:53:37,dl,cu_up,901232,954448.189330101,0.954448
2026-06-28T06:53:37,dl,du1,901369,4158413.5994351506,4.158414
2026-06-28T06:53:37,dl,du2,901990,4126480.594376385,4.126481
2026-06-28T06:53:37,dl,du3,902626,4147768.895461142,4.147769
2026-06-28T06:53:37,dl,du4,903246,4140673.0718153715,4.140673
2026-06-28T06:53:37,dl,ue1,901436,2806574.3815185428,2.806574
2026-06-28T06:53:37,dl,ue5,902056,2689485.9583942294,2.689486
2026-06-28T06:53:37,dl,ue9,902670,2831411.2862157226,2.831411
2026-06-28T06:53:37,dl,ue13,903310,2817218.532060921,2.817219
2026-06-28T06:53:43,dl,cu_cp,901204,402271.030841772,0.402271
2026-06-28T06:53:43,dl,cu_up,901232,920988.8425877601,0.920989
2026-06-28T06:53:43,dl,du1,901369,4135628.3445104407,4.135628
2026-06-28T06:53:43,dl,du2,901990,4096812.773925383,4.096813
2026-06-28T06:53:43,dl,du3,902626,4121513.6418606327,4.121514
2026-06-28T06:53:43,dl,du4,903246,4139157.158470979,4.139157
2026-06-28T06:53:43,dl,ue1,901436,2808839.657120371,2.808840
2026-06-28T06:53:43,dl,ue5,902056,2706507.6480150055,2.706508
2026-06-28T06:53:43,dl,ue9,902670,2815897.008445275,2.815897
2026-06-28T06:53:43,dl,ue13,903310,2780609.975224583,2.780610
2026-06-28T06:53:48,dl,cu_cp,901204,401472.7202353835,0.401473
2026-06-28T06:53:48,dl,cu_up,901232,962823.9417648697,0.962824
2026-06-28T06:53:48,dl,du1,901369,4224345.672602921,4.224346
2026-06-28T06:53:48,dl,du2,901990,4103548.407453575,4.103548
2026-06-28T06:53:48,dl,du3,902626,4124865.4579308126,4.124865
2026-06-28T06:53:48,dl,du4,903246,4156841.1720277406,4.156841
2026-06-28T06:53:48,dl,ue1,901436,2785438.8150033187,2.785439
2026-06-28T06:53:48,dl,ue5,902056,2753463.3776685335,2.753463
2026-06-28T06:53:48,dl,ue9,902670,2771227.6325265886,2.771228
2026-06-28T06:53:48,dl,ue13,903310,2803203.069861374,2.803203
2026-06-28T06:53:54,dl,cu_cp,901204,402145.2786763555,0.402145
2026-06-28T06:53:54,dl,cu_up,901232,958383.6773548829,0.958384
2026-06-28T06:53:54,dl,du1,901369,4194337.596146579,4.194338
2026-06-28T06:53:54,dl,du2,901990,4168029.1335457563,4.168029
2026-06-28T06:53:54,dl,du3,902626,4156754.3566243458,4.156754
2026-06-28T06:53:54,dl,du4,903246,4235680.022905755,4.235680
2026-06-28T06:53:54,dl,ue1,901436,2803741.8605242684,2.803742
2026-06-28T06:53:54,dl,ue5,902056,2747366.3050435637,2.747366
2026-06-28T06:53:54,dl,ue9,902670,2769916.6943232105,2.769917
2026-06-28T06:53:54,dl,ue13,903310,2799983.5087241507,2.799984
2026-06-28T06:53:59,dl,cu_cp,901204,407732.6079687488,0.407733
2026-06-28T06:53:59,dl,cu_up,901232,957786.9497321821,0.957787
2026-06-28T06:53:59,dl,du1,901369,4161949.5463580512,4.161950
2026-06-28T06:53:59,dl,du2,901990,4077325.940579429,4.077326
2026-06-28T06:53:59,dl,du3,902626,4158102.9302993487,4.158103
2026-06-28T06:53:59,dl,du4,903246,4211954.720472827,4.211955
2026-06-28T06:53:59,dl,ue1,901436,2831049.0463072346,2.831049
2026-06-28T06:53:59,dl,ue5,902056,2804123.0121124364,2.804123
2026-06-28T06:53:59,dl,ue9,902670,2811816.244229841,2.811816
2026-06-28T06:53:59,dl,ue13,903310,2838742.000208521,2.838742
2026-06-28T06:54:04,dl,cu_cp,901204,401495.14865948854,0.401495
2026-06-28T06:54:04,dl,cu_up,901232,913879.4402021235,0.913879
2026-06-28T06:54:04,dl,du1,901369,4152606.7882939433,4.152607
2026-06-28T06:54:04,dl,du2,901990,4030246.888973112,4.030247
2026-06-28T06:54:04,dl,du3,902626,4137312.0775209214,4.137312
2026-06-28T06:54:04,dl,du4,903246,4087602.81513767,4.087603
2026-06-28T06:54:04,dl,ue1,901436,2825761.0971920444,2.825761
2026-06-28T06:54:04,dl,ue5,902056,2776052.3880929565,2.776052
2026-06-28T06:54:04,dl,ue9,902670,2756933.3771819947,2.756933
2026-06-28T06:54:04,dl,ue13,903310,2833408.590899596,2.833409
2026-06-28T06:54:10,dl,cu_cp,901204,408167.8584543562,0.408168
2026-06-28T06:54:10,dl,cu_up,901232,951108.1128182888,0.951108
2026-06-28T06:54:10,dl,du1,901369,4228002.957807846,4.228003
2026-06-28T06:54:10,dl,du2,901990,4150990.2397387694,4.150990
2026-06-28T06:54:10,dl,du3,902626,4170243.279967346,4.170243
2026-06-28T06:54:10,dl,du4,903246,4162542.0081604384,4.162542
2026-06-28T06:54:10,dl,ue1,901436,2880278.720134697,2.880279
2026-06-28T06:54:10,dl,ue5,902056,2803266.0020656204,2.803266
2026-06-28T06:54:10,dl,ue9,902670,2810967.273872528,2.810967
2026-06-28T06:54:10,dl,ue13,903310,2887980.27051899,2.887980
2026-06-28T06:54:15,dl,cu_cp,901204,405125.7353839642,0.405126
2026-06-28T06:54:15,dl,cu_up,901232,944019.4290958142,0.944019
2026-06-28T06:54:15,dl,du1,901369,4169737.8705663015,4.169738
2026-06-28T06:54:15,dl,du2,901990,4070367.141456299,4.070367
2026-06-28T06:54:15,dl,du3,902626,4120052.5060113003,4.120053
2026-06-28T06:54:15,dl,du4,903246,4165915.663298049,4.165916
2026-06-28T06:54:15,dl,ue1,901436,2809126.431149712,2.809126
2026-06-28T06:54:15,dl,ue5,902056,2774729.06318465,2.774729
2026-06-28T06:54:15,dl,ue9,902670,2824414.4277396514,2.824414
2026-06-28T06:54:15,dl,ue13,903310,2847346.0063830256,2.847346
2026-06-28T06:54:20,dl,cu_cp,901204,413178.04346214293,0.413178
2026-06-28T06:54:20,dl,cu_up,901232,961507.8393581391,0.961508
2026-06-28T06:54:20,dl,du1,901369,4243763.34107666,4.243763
2026-06-28T06:54:20,dl,du2,901990,4147226.424797058,4.147226
2026-06-28T06:54:20,dl,du3,902626,4131780.57390625,4.131781
2026-06-28T06:54:20,dl,du4,903246,4205148.574564819,4.205149
2026-06-28T06:54:20,dl,ue1,901436,2907692.3640530393,2.907692
2026-06-28T06:54:20,dl,ue5,902056,2857493.279015503,2.857493
2026-06-28T06:54:20,dl,ue9,902670,2799570.8506781007,2.799571
2026-06-28T06:54:20,dl,ue13,903310,2911553.617848511,2.911554
2026-06-28T06:54:26,dl,cu_cp,901204,393355.0351971859,0.393355
2026-06-28T06:54:26,dl,cu_up,901232,966285.2328699004,0.966285
2026-06-28T06:54:26,dl,du1,901369,4198637.185978703,4.198637
2026-06-28T06:54:26,dl,du2,901990,4053267.0806959867,4.053267
2026-06-28T06:54:26,dl,du3,902626,4207188.727834254,4.207189
2026-06-28T06:54:26,dl,du4,903246,4215739.992132456,4.215740
2026-06-28T06:54:26,dl,ue1,901436,2898855.559831028,2.898856
2026-06-28T06:54:26,dl,ue5,902056,2727831.661653702,2.727832
2026-06-28T06:54:26,dl,ue9,902670,2847548.5291565037,2.847549
2026-06-28T06:54:26,dl,ue13,903310,2847548.5291565037,2.847549
2026-06-28T06:54:31,dl,cu_cp,901204,394004.45332347153,0.394004
2026-06-28T06:54:31,dl,cu_up,901232,941232.7756385595,0.941233
2026-06-28T06:54:31,dl,du1,901369,4107861.1881163716,4.107861
2026-06-28T06:54:31,dl,du2,901990,4064082.76083647,4.064083
2026-06-28T06:54:31,dl,du3,902626,4210010.480517304,4.210010
2026-06-28T06:54:31,dl,du4,903246,4166232.0532374023,4.166232
2026-06-28T06:54:31,dl,ue1,901436,2852883.9683055403,2.852884
2026-06-28T06:54:31,dl,ue5,902056,2750734.675904608,2.750735
2026-06-28T06:54:31,dl,ue9,902670,2816402.31682446,2.816402
2026-06-28T06:54:31,dl,ue13,903310,2801809.322105074,2.801809
2026-06-28T06:54:36,dl,cu_cp,901204,404364.8012016874,0.404365
2026-06-28T06:54:36,dl,cu_up,901232,941411.840645088,0.941412
2026-06-28T06:54:36,dl,du1,901369,4214239.322771409,4.214239
2026-06-28T06:54:36,dl,du2,901990,4056284.184969971,4.056284
2026-06-28T06:54:36,dl,du3,902626,4182648.129115062,4.182648
2026-06-28T06:54:36,dl,du4,903246,4170012.094575348,4.170012
2026-06-28T06:54:36,dl,ue1,901436,2786326.1725956774,2.786326
2026-06-28T06:54:36,dl,ue5,902056,2710507.75074327,2.710508
2026-06-28T06:54:36,dl,ue9,902670,2742098.9443996167,2.742099
2026-06-28T06:54:36,dl,ue13,903310,2773689.861229198,2.773690
2026-06-28T06:54:42,dl,cu_cp,901204,403781.75812463165,0.403782
2026-06-28T06:54:42,dl,cu_up,901232,952783.2415960192,0.952783
2026-06-28T06:54:42,dl,du1,901369,4101572.694104505,4.101573
2026-06-28T06:54:42,dl,du2,901990,4069694.9299052237,4.069695
2026-06-28T06:54:42,dl,du3,902626,4073236.7190205334,4.073237
2026-06-28T06:54:42,dl,du4,903246,4147617.6147650243,4.147618
2026-06-28T06:54:42,dl,ue1,901436,2791052.5457876446,2.791053
2026-06-28T06:54:42,dl,ue5,902056,2783968.690530109,2.783969
2026-06-28T06:54:42,dl,ue9,902670,2815846.4547293903,2.815846
2026-06-28T06:54:42,dl,ue13,903310,2787510.756672335,2.787511
2026-06-28T06:54:47,dl,cu_cp,901204,409977.92116701155,0.409978
2026-06-28T06:54:47,dl,cu_up,901232,891256.3141377897,0.891256
2026-06-28T06:54:47,dl,du1,901369,4149689.4863873245,4.149689
2026-06-28T06:54:47,dl,du2,901990,4135429.5864355685,4.135430
2026-06-28T06:54:47,dl,du3,902626,4171079.752905667,4.171080
2026-06-28T06:54:47,dl,du4,903246,4135429.5864355685,4.135430
2026-06-28T06:54:47,dl,ue1,901436,2802109.916637361,2.802110
2026-06-28T06:54:47,dl,ue5,902056,2784284.833402312,2.784285
2026-06-28T06:54:47,dl,ue9,902670,2802109.916637361,2.802110
2026-06-28T06:54:47,dl,ue13,903310,2816370.094316256,2.816370
2026-06-28T06:54:53,dl,cu_cp,901204,419683.51711523056,0.419684
2026-06-28T06:54:53,dl,cu_up,901232,968500.4510703087,0.968500
2026-06-28T06:54:53,dl,du1,901369,4272163.1203022,4.272163
2026-06-28T06:54:53,dl,du2,901990,4189661.0340294647,4.189661
2026-06-28T06:54:53,dl,du3,902626,4239879.853706513,4.239880
2026-06-28T06:54:53,dl,du4,903246,4221944.300625153,4.221944
2026-06-28T06:54:53,dl,ue1,901436,2830173.4741524504,2.830173
2026-06-28T06:54:53,dl,ue5,902056,2848108.7468681335,2.848109
2026-06-28T06:54:53,dl,ue9,902670,2851695.745338135,2.851696
2026-06-28T06:54:53,dl,ue13,903310,2848108.7468681335,2.848109
2026-06-28T06:54:58,dl,cu_cp,901204,418438.01194934786,0.418438
2026-06-28T06:54:58,dl,cu_up,901232,951320.5494027191,0.951321
2026-06-28T06:54:58,dl,du1,901369,4191532.5844184067,4.191533
2026-06-28T06:54:58,dl,du2,901990,4205838.629162547,4.205839
2026-06-28T06:54:58,dl,du3,902626,4191532.5844184067,4.191533
2026-06-28T06:54:58,dl,du4,903246,4202262.04829562,4.202262
2026-06-28T06:54:58,dl,ue1,901436,2778857.561175344,2.778858
2026-06-28T06:54:58,dl,ue5,902056,2771704.678165059,2.771705
2026-06-28T06:54:58,dl,ue9,902670,2818197.720922983,2.818198
2026-06-28T06:54:58,dl,ue13,903310,2814621.418779626,2.814621
2026-06-28T06:55:03,dl,cu_cp,901204,419650.91035147785,0.419651
2026-06-28T06:55:03,dl,cu_up,901232,961251.5868890691,0.961252
2026-06-28T06:55:03,dl,du1,901369,4160641.0365085695,4.160641
2026-06-28T06:55:03,dl,du2,901990,4189335.3784069824,4.189335
2026-06-28T06:55:03,dl,du3,902626,4196508.894064989,4.196509
2026-06-28T06:55:03,dl,du4,903246,4164227.933970766,4.164228
2026-06-28T06:55:03,dl,ue1,901436,2812019.534270544,2.812020
2026-06-28T06:55:03,dl,ue5,902056,2768978.71958889,2.768979
2026-06-28T06:55:03,dl,ue9,902670,2826366.8448529434,2.826367
2026-06-28T06:55:03,dl,ue13,903310,2815606.4317327403,2.815606
2026-06-28T06:55:09,dl,cu_cp,901204,405483.24431892275,0.405483
2026-06-28T06:55:09,dl,cu_up,901232,929551.1391649378,0.929551
2026-06-28T06:55:09,dl,du1,901369,4066308.4977483894,4.066308
2026-06-28T06:55:09,dl,du2,901990,4005103.4274703027,4.005103
2026-06-28T06:55:09,dl,du3,902626,4146640.0486063575,4.146640
2026-06-28T06:55:09,dl,du4,903246,4131338.6425274755,4.131339
2026-06-28T06:55:09,dl,ue1,901436,2715972.7081856467,2.715973
2026-06-28T06:55:09,dl,ue5,902056,2784828.2044844534,2.784828
2026-06-28T06:55:09,dl,ue9,902670,2796304.259043615,2.796304
2026-06-28T06:55:09,dl,ue13,903310,2693020.5990673234,2.693021
2026-06-28T06:55:14,dl,cu_cp,901204,399831.8793382555,0.399832
2026-06-28T06:55:14,dl,cu_up,901232,934222.5501968712,0.934223
2026-06-28T06:55:14,dl,du1,901369,4140566.505885637,4.140567
2026-06-28T06:55:14,dl,du2,901990,4159789.1209256174,4.159789
2026-06-28T06:55:14,dl,du3,902626,4121343.6129939435,4.121344
2026-06-28T06:55:14,dl,du4,903246,4159789.1209256174,4.159789
2026-06-28T06:55:14,dl,ue1,901436,2748843.953378856,2.748844
2026-06-28T06:55:14,dl,ue5,902056,2825734.6913904906,2.825735
2026-06-28T06:55:14,dl,ue9,902670,2791134.0954592107,2.791134
2026-06-28T06:55:14,dl,ue13,903310,2775755.836716199,2.775756
2026-06-28T06:55:19,dl,cu_cp,901204,408953.75862609386,0.408954
2026-06-28T06:55:19,dl,cu_up,901232,956797.4927449893,0.956797
2026-06-28T06:55:19,dl,du1,901369,4220711.637932816,4.220712
2026-06-28T06:55:19,dl,du2,901990,4128118.0420446014,4.128118
2026-06-28T06:55:19,dl,du3,902626,4201421.1660095975,4.201421
2026-06-28T06:55:19,dl,du4,903246,4209137.577893295,4.209138
2026-06-28T06:55:19,dl,ue1,901436,2812521.689974594,2.812522
2026-06-28T06:55:19,dl,ue5,902056,2719928.372979393,2.719928
2026-06-28T06:55:19,dl,ue9,902670,2843385.9430443193,2.843386
2026-06-28T06:55:19,dl,ue13,903310,2770083.0979723358,2.770083
2026-06-28T06:55:25,dl,cu_cp,901204,408130.3951500744,0.408130
2026-06-28T06:55:25,dl,cu_up,901232,958721.3992713678,0.958721
2026-06-28T06:55:25,dl,du1,901369,4158309.8177621365,4.158310
2026-06-28T06:55:25,dl,du2,901990,4131357.6601653527,4.131358
2026-06-28T06:55:25,dl,du3,902626,4204513.198311911,4.204513
2026-06-28T06:55:25,dl,du4,903246,4223764.421264901,4.223764
2026-06-28T06:55:25,dl,ue1,901436,2803008.7988746073,2.803009
2026-06-28T06:55:25,dl,ue5,902056,2752954.9510029363,2.752955
2026-06-28T06:55:25,dl,ue9,902670,2806858.9877823805,2.806859
2026-06-28T06:55:25,dl,ue13,903310,2776056.6412778236,2.776057
2026-06-28T06:55:30,dl,cu_cp,901204,405323.11363886925,0.405323
2026-06-28T06:55:30,dl,cu_up,901232,961194.9150312262,0.961195
2026-06-28T06:55:30,dl,du1,901369,4122715.0548602273,4.122715
2026-06-28T06:55:30,dl,du2,901990,4188338.666465721,4.188339
2026-06-28T06:55:30,dl,du3,902626,4184478.5689627933,4.184479
2026-06-28T06:55:30,dl,du4,903246,4215360.465589485,4.215360
2026-06-28T06:55:30,dl,ue1,901436,2787079.1670737886,2.787079
2026-06-28T06:55:30,dl,ue5,902056,2787079.1670737886,2.787079
2026-06-28T06:55:30,dl,ue9,902670,2814100.687046735,2.814101
2026-06-28T06:55:30,dl,ue13,903310,2787079.1670737886,2.787079
2026-06-28T06:55:35,dl,cu_cp,901204,408717.0329227644,0.408717
2026-06-28T06:55:35,dl,cu_up,901232,960009.764463998,0.960010
2026-06-28T06:55:35,dl,du1,901369,4182220.678756037,4.182221
2026-06-28T06:55:35,dl,du2,901990,4163210.5112278652,4.163211
2026-06-28T06:55:35,dl,du3,902626,4239251.181340551,4.239251
2026-06-28T06:55:35,dl,du4,903246,4239251.181340551,4.239251
2026-06-28T06:55:35,dl,ue1,901436,2803988.8324703644,2.803989
2026-06-28T06:55:35,dl,ue5,902056,2889534.307425728,2.889534
2026-06-28T06:55:35,dl,ue9,902670,2803988.8324703644,2.803989
2026-06-28T06:55:35,dl,ue13,903310,2794483.748706279,2.794484
2026-06-28T06:55:41,dl,cu_cp,901204,412528.5554235512,0.412529
2026-06-28T06:55:41,dl,cu_up,901232,959922.2545944303,0.959922
2026-06-28T06:55:41,dl,du1,901369,4188751.5289725186,4.188752
2026-06-28T06:55:41,dl,du2,901990,4212551.322067707,4.212551
2026-06-28T06:55:41,dl,du3,902626,4188751.5289725186,4.188752
2026-06-28T06:55:41,dl,du4,903246,4212551.322067707,4.212551
2026-06-28T06:55:41,dl,ue1,901436,2800434.1902244114,2.800434
2026-06-28T06:55:41,dl,ue5,902056,2863900.305144913,2.863900
2026-06-28T06:55:41,dl,ue9,902670,2776634.397129223,2.776634
2026-06-28T06:55:41,dl,ue13,903310,2832167.247684662,2.832167
2026-06-28T06:55:46,dl,cu_cp,901204,406257.5249113467,0.406258
2026-06-28T06:55:46,dl,cu_up,901232,954705.2060755867,0.954705
2026-06-28T06:55:46,dl,du1,901369,4137055.546318488,4.137056
2026-06-28T06:55:46,dl,du2,901990,4164139.517671695,4.164140
2026-06-28T06:55:46,dl,du3,902626,4191223.211684325,4.191223
2026-06-28T06:55:46,dl,du4,903246,4089658.8737909533,4.089659
2026-06-28T06:55:46,dl,ue1,901436,2762551.210998244,2.762551
2026-06-28T06:55:46,dl,ue5,902056,2789634.9050108744,2.789635
2026-06-28T06:55:46,dl,ue9,902670,2715154.538470709,2.715155
2026-06-28T06:55:46,dl,ue13,903310,2762551.210998244,2.762551
2026-06-28T06:55:52,dl,cu_cp,901204,410382.5024881959,0.410383
2026-06-28T06:55:52,dl,cu_up,901232,969454.3457556963,0.969454
2026-06-28T06:55:52,dl,du1,901369,4210881.584431112,4.210882
2026-06-28T06:55:52,dl,du2,901990,4187091.144932866,4.187091
2026-06-28T06:55:52,dl,du3,902626,4234671.466338754,4.234671
2026-06-28T06:55:52,dl,du4,903246,4216829.124606848,4.216829
2026-06-28T06:55:52,dl,ue1,901436,2801306.756513238,2.801307
2026-06-28T06:55:52,dl,ue5,902056,2765621.2366635203,2.765621
2026-06-28T06:55:52,dl,ue9,902670,2783463.857190728,2.783464
2026-06-28T06:55:52,dl,ue13,903310,2872677.5174173713,2.872678
2026-06-28T06:55:57,dl,cu_cp,901204,411652.4137441856,0.411652
2026-06-28T06:55:57,dl,cu_up,901232,941431.2170186818,0.941431
2026-06-28T06:55:57,dl,du1,901369,4227491.358209572,4.227491
2026-06-28T06:55:57,dl,du2,901990,4141581.3330584383,4.141581
2026-06-28T06:55:57,dl,du3,902626,4138001.6437296392,4.138002
2026-06-28T06:55:57,dl,du4,903246,4220332.259411979,4.220332
2026-06-28T06:55:57,dl,ue1,901436,2799236.455439463,2.799236
2026-06-28T06:55:57,dl,ue5,902056,2820714.0316922474,2.820714
2026-06-28T06:55:57,dl,ue9,902670,2774179.469717884,2.774179
2026-06-28T06:55:57,dl,ue13,903310,2845771.017413826,2.845771
2026-06-28T06:56:02,dl,cu_cp,901204,403131.68384173216,0.403132
2026-06-28T06:56:02,dl,cu_up,901232,963235.000502479,0.963235
2026-06-28T06:56:02,dl,du1,901369,4209693.954499697,4.209694
2026-06-28T06:56:02,dl,du2,901990,4166882.987972975,4.166883
2026-06-28T06:56:02,dl,du3,902626,4149045.597990954,4.149046
2026-06-28T06:56:02,dl,du4,903246,4198991.073030531,4.198991
2026-06-28T06:56:02,dl,ue1,901436,2814786.788948071,2.814787
2026-06-28T06:56:02,dl,ue5,902056,2771976.102096319,2.771976
2026-06-28T06:56:02,dl,ue9,902670,2832624.458605063,2.832624
2026-06-28T06:56:02,dl,ue13,903310,2825489.390742266,2.825489
2026-06-28T06:56:08,dl,cu_cp,901204,405925.0041298494,0.405925
2026-06-28T06:56:08,dl,cu_up,901232,962724.8133552134,0.962725
2026-06-28T06:56:08,dl,du1,901369,4213717.305493352,4.213717
2026-06-28T06:56:08,dl,du2,901990,4145464.085530169,4.145464
2026-06-28T06:56:08,dl,du3,902626,4199348.309797821,4.199348
2026-06-28T06:56:08,dl,du4,903246,4206532.667528613,4.206533
2026-06-28T06:56:08,dl,ue1,901436,2801960.0455415295,2.801960
2026-06-28T06:56:08,dl,ue5,902056,2816329.3214710094,2.816329
2026-06-28T06:56:08,dl,ue9,902670,2812737.002488639,2.812737
2026-06-28T06:56:08,dl,ue13,903310,2783998.7308636284,2.783999
2026-06-28T06:56:13,dl,cu_cp,901204,400875.4893027246,0.400875
2026-06-28T06:56:13,dl,cu_up,901232,952079.300197959,0.952079
2026-06-28T06:56:13,dl,du1,901369,4223509.688079357,4.223510
2026-06-28T06:56:13,dl,du2,901990,4187717.000925541,4.187717
2026-06-28T06:56:13,dl,du3,902626,4191296.101909876,4.191296
2026-06-28T06:56:13,dl,du4,903246,4194875.7619977,4.194876
2026-06-28T06:56:13,dl,ue1,901436,2784652.945613861,2.784653
2026-06-28T06:56:13,dl,ue5,902056,2838341.4172410965,2.838341
2026-06-28T06:56:13,dl,ue9,902670,2824024.454200268,2.824024
2026-06-28T06:56:13,dl,ue13,903310,2770335.9825730324,2.770336
2026-06-28T06:56:19,dl,cu_cp,901204,404712.96550587297,0.404713
2026-06-28T06:56:19,dl,cu_up,901232,910604.1374883705,0.910604
2026-06-28T06:56:19,dl,du1,901369,4174539.212207234,4.174539
2026-06-28T06:56:19,dl,du2,901990,4118328.965654144,4.118329
2026-06-28T06:56:19,dl,du3,902626,4107086.748824277,4.107087
2026-06-28T06:56:19,dl,du4,903246,4189528.555448308,4.189529
2026-06-28T06:56:19,dl,ue1,901436,2758043.902736366,2.758044
2026-06-28T06:56:19,dl,ue5,902056,2836738.024551692,2.836738
2026-06-28T06:56:19,dl,ue9,902670,2769285.840367484,2.769286
2026-06-28T06:56:19,dl,ue13,903310,2773033.24597744,2.773033
2026-06-28T06:56:24,dl,cu_cp,901204,404937.42414558976,0.404937
2026-06-28T06:56:24,dl,cu_up,901232,956423.6869044537,0.956424
2026-06-28T06:56:24,dl,du1,901369,4203636.180514366,4.203636
2026-06-28T06:56:24,dl,du2,901990,4033948.389792647,4.033948
2026-06-28T06:56:24,dl,du3,902626,4107222.94879014,4.107223
2026-06-28T06:56:24,dl,du4,903246,4219062.521095612,4.219063
2026-06-28T06:56:24,dl,ue1,901436,2795996.8509430075,2.795997
2026-06-28T06:56:24,dl,ue5,902056,2815279.217906141,2.815279
2026-06-28T06:56:24,dl,ue9,902670,2761287.584635205,2.761288
2026-06-28T06:56:24,dl,ue13,903310,2811422.6327608298,2.811423
2026-06-28T06:56:29,dl,cu_cp,901204,416277.5032298863,0.416278
2026-06-28T06:56:29,dl,cu_up,901232,955896.5121802508,0.955897
2026-06-28T06:56:29,dl,du1,901369,4216736.779532743,4.216737
2026-06-28T06:56:29,dl,du2,901990,4081831.7828342197,4.081832
2026-06-28T06:56:29,dl,du3,902626,4151211.4714748384,4.151211
2026-06-28T06:56:29,dl,du4,903246,4185901.4554871083,4.185901
2026-06-28T06:56:29,dl,ue1,901436,2848417.1447053193,2.848417
2026-06-28T06:56:29,dl,ue5,902056,2802164.298328829,2.802164
2026-06-28T06:56:29,dl,ue9,902670,2806018.678911543,2.806019
2026-06-28T06:56:29,dl,ue13,903310,2806018.678911543,2.806019
2026-06-28T06:56:35,dl,cu_cp,901204,409751.05191206245,0.409751
2026-06-28T06:56:35,dl,cu_up,901232,962528.3922812003,0.962528
2026-06-28T06:56:35,dl,du1,901369,4244402.377267432,4.244402
2026-06-28T06:56:35,dl,du2,901990,4155494.0644666078,4.155494
2026-06-28T06:56:35,dl,du3,902626,4213477.819749575,4.213478
2026-06-28T06:56:35,dl,du4,903246,4167090.7035568096,4.167091
2026-06-28T06:56:35,dl,ue1,901436,2821870.4921181537,2.821870
2026-06-28T06:56:35,dl,ue5,902056,2829601.4915396287,2.829601
2026-06-28T06:56:35,dl,ue9,902670,2841198.410545809,2.841198
2026-06-28T06:56:35,dl,ue13,903310,2845063.7702985574,2.845064
2026-06-28T06:56:40,dl,cu_cp,901204,402563.04674548627,0.402563
2026-06-28T06:56:40,dl,cu_up,901232,959958.0911037922,0.959958
2026-06-28T06:56:40,dl,du1,901369,4234653.587207108,4.234654
2026-06-28T06:56:40,dl,du2,901990,4168850.0967569733,4.168850
2026-06-28T06:56:40,dl,du3,902626,4184332.974413452,4.184333
2026-06-28T06:56:40,dl,du4,903246,4207557.851080436,4.207558
2026-06-28T06:56:40,dl,ue1,901436,2825682.871080818,2.825683
2026-06-28T06:56:40,dl,ue5,902056,2794716.5555855944,2.794717
2026-06-28T06:56:40,dl,ue9,902670,2806328.8538735197,2.806329
2026-06-28T06:56:40,dl,ue13,903310,2876003.2037833403,2.876003
2026-06-28T06:56:45,dl,cu_cp,901204,403345.0134048223,0.403345
2026-06-28T06:56:45,dl,cu_up,901232,914248.6367542893,0.914249
2026-06-28T06:56:45,dl,du1,901369,4252409.038488567,4.252409
2026-06-28T06:56:45,dl,du2,901990,4087229.5433801175,4.087230
2026-06-28T06:56:45,dl,du3,902626,4006560.4293822767,4.006560
2026-06-28T06:56:45,dl,du4,903246,4194788.083751714,4.194788
2026-06-28T06:56:45,dl,ue1,901436,2815732.28131603,2.815732
2026-06-28T06:56:45,dl,ue5,902056,2746587.5252408744,2.746588
2026-06-28T06:56:45,dl,ue9,902670,2758111.6048713685,2.758112
2026-06-28T06:56:45,dl,ue13,903310,2804208.2016855357,2.804208
2026-06-28T06:56:51,dl,cu_cp,901204,408172.2342553174,0.408172
2026-06-28T06:56:51,dl,cu_up,901232,946612.1774758238,0.946612
2026-06-28T06:56:51,dl,du1,901369,4238043.3969052555,4.238043
2026-06-28T06:56:51,dl,du2,901990,4220674.640270765,4.220675
2026-06-28T06:56:51,dl,du3,902626,4168567.5286266683,4.168568
2026-06-28T06:56:51,dl,du4,903246,4246727.915512605,4.246728
2026-06-28T06:56:51,dl,ue1,901436,2857205.780077326,2.857206
2026-06-28T06:56:51,dl,ue5,902056,2822467.4250677205,2.822467
2026-06-28T06:56:51,dl,ue9,902670,2813783.1870405795,2.813783
2026-06-28T06:56:51,dl,ue13,903310,2848520.980889769,2.848521
2026-06-28T06:56:56,dl,cu_cp,901204,398538.25741572765,0.398538
2026-06-28T06:56:56,dl,cu_up,901232,963737.9622365076,0.963738
2026-06-28T06:56:56,dl,du1,901369,4130305.254076588,4.130305
2026-06-28T06:56:56,dl,du2,901990,4086828.415291476,4.086828
2026-06-28T06:56:56,dl,du3,902626,4094074.8799759676,4.094075
2026-06-28T06:56:56,dl,du4,903246,4224505.396331303,4.224505
2026-06-28T06:56:56,dl,ue1,901436,2811506.325730605,2.811506
2026-06-28T06:56:56,dl,ue5,902056,2739044.74210572,2.739045
2026-06-28T06:56:56,dl,ue9,902670,2811506.325730605,2.811506
2026-06-28T06:56:56,dl,ue13,903310,2862229.35072566,2.862229
2026-06-28T06:57:01,dl,cu_cp,901204,391070.51039603946,0.391071
2026-06-28T06:57:01,dl,cu_up,901232,927215.5970347453,0.927216
2026-06-28T06:57:01,dl,du1,901369,4131470.602726879,4.131471
2026-06-28T06:57:01,dl,du2,901990,4049472.202141628,4.049472
2026-06-28T06:57:01,dl,du3,902626,4106240.4114725306,4.106240
2026-06-28T06:57:01,dl,du4,903246,4169316.447625637,4.169316
2026-06-28T06:57:01,dl,ue1,901436,2775339.173538494,2.775339
2026-06-28T06:57:01,dl,ue5,902056,2718570.685198975,2.718571
2026-06-28T06:57:01,dl,ue9,902670,2806876.9126064302,2.806877
2026-06-28T06:57:01,dl,ue13,903310,2769031.625724907,2.769032
2026-06-28T06:57:07,dl,cu_cp,901204,395384.7064534485,0.395385
2026-06-28T06:57:07,dl,cu_up,901232,961746.4568396425,0.961746
2026-06-28T06:57:07,dl,du1,901369,4135510.1693494604,4.135510
2026-06-28T06:57:07,dl,du2,901990,4089203.579713478,4.089204
2026-06-28T06:57:07,dl,du3,902626,4164006.424791498,4.164006
2026-06-28T06:57:07,dl,du4,903246,4196064.747072325,4.196065
2026-06-28T06:57:07,dl,ue1,901436,2821123.144859686,2.821123
2026-06-28T06:57:07,dl,ue5,902056,2721386.3904466913,2.721386
2026-06-28T06:57:07,dl,ue9,902670,2821123.144859686,2.821123
2026-06-28T06:57:07,dl,ue13,903310,2838933.1997853564,2.838933
2026-06-28T06:57:12,dl,cu_cp,901204,410732.0834997776,0.410732
2026-06-28T06:57:12,dl,cu_up,901232,950041.1323443151,0.950041
2026-06-28T06:57:12,dl,du1,901369,4264470.225896073,4.264470
2026-06-28T06:57:12,dl,du2,901990,4171609.4227055404,4.171609
2026-06-28T06:57:12,dl,du3,902626,4185895.635482309,4.185896
2026-06-28T06:57:12,dl,du4,903246,4203753.611524038,4.203754
2026-06-28T06:57:12,dl,ue1,901436,2817979.2082144474,2.817979
2026-06-28T06:57:12,dl,ue5,902056,2810835.961778884,2.810836
2026-06-28T06:57:12,dl,ue9,902670,2792978.2658315133,2.792978
2026-06-28T06:57:12,dl,ue13,903310,2853694.8802035474,2.853695
2026-06-28T06:57:18,dl,cu_cp,901204,412090.3853801191,0.412090
2026-06-28T06:57:18,dl,cu_up,901232,953183.0210759997,0.953183
2026-06-28T06:57:18,dl,du1,901369,4257072.576090431,4.257073
2026-06-28T06:57:18,dl,du2,901990,4214071.919559049,4.214072
2026-06-28T06:57:18,dl,du3,902626,4214071.919559049,4.214072
2026-06-28T06:57:18,dl,du4,903246,4253489.445374298,4.253489
2026-06-28T06:57:18,dl,ue1,901436,2859548.8526867866,2.859549
2026-06-28T06:57:18,dl,ue5,902056,2859548.8526867866,2.859549
2026-06-28T06:57:18,dl,ue9,902670,2762797.3053107737,2.762797
2026-06-28T06:57:18,dl,ue13,903310,2863132.2641245364,2.863132
2026-06-28T06:57:23,dl,cu_cp,901204,401351.0403547132,0.401351
2026-06-28T06:57:23,dl,cu_up,901232,953208.808289982,0.953209
2026-06-28T06:57:23,dl,du1,901369,4189101.702321165,4.189102
2026-06-28T06:57:23,dl,du2,901990,4124598.719132311,4.124599
2026-06-28T06:57:23,dl,du3,902626,4214186.13359858,4.214186
2026-06-28T06:57:23,dl,du4,903246,4278689.116787434,4.278689
2026-06-28T06:57:23,dl,ue1,901436,2823791.5430330755,2.823792
2026-06-28T06:57:23,dl,ue5,902056,2856042.7547953795,2.856043
2026-06-28T06:57:23,dl,ue9,902670,2723453.53809129,2.723454
2026-06-28T06:57:23,dl,ue13,903310,2838125.383834975,2.838125
2026-06-28T06:57:28,dl,cu_cp,901204,412484.3959264547,0.412484
2026-06-28T06:57:28,dl,cu_up,901232,956379.7993603408,0.956380
2026-06-28T06:57:28,dl,du1,901369,4285457.374030662,4.285457
2026-06-28T06:57:28,dl,du2,901990,4146745.8870989084,4.146746
2026-06-28T06:57:28,dl,du3,902626,4230703.148912167,4.230703
2026-06-28T06:57:28,dl,du4,903246,4241653.937985992,4.241654
2026-06-28T06:57:28,dl,ue1,901436,2858188.3991951705,2.858188
2026-06-28T06:57:28,dl,ue5,902056,2832636.371523333,2.832636
2026-06-28T06:57:28,dl,ue9,902670,2814384.9631505013,2.814385
2026-06-28T06:57:28,dl,ue13,903310,2847237.6101213456,2.847238
2026-06-28T06:57:34,dl,cu_cp,901204,406101.16782285064,0.406101
2026-06-28T06:57:34,dl,cu_up,901232,916628.3872104681,0.916628
2026-06-28T06:57:34,dl,du1,901369,4173172.9721416356,4.173173
2026-06-28T06:57:34,dl,du2,901990,4165437.8697242117,4.165438
2026-06-28T06:57:34,dl,du3,902626,4153835.076167138,4.153835
2026-06-28T06:57:34,dl,du4,903246,4192511.14797801,4.192511
2026-06-28T06:57:34,dl,ue1,901436,2804031.8580699395,2.804032
2026-06-28T06:57:34,dl,ue5,902056,2788561.373373215,2.788561
2026-06-28T06:57:34,dl,ue9,902670,2780825.9910939145,2.780826
2026-06-28T06:57:34,dl,ue13,903310,2819502.342766664,2.819502
2026-06-28T06:57:39,dl,cu_cp,901204,390969.06902535557,0.390969
2026-06-28T06:57:39,dl,cu_up,901232,948390.3000191975,0.948390
2026-06-28T06:57:39,dl,du1,901369,4234853.010862265,4.234853
2026-06-28T06:57:39,dl,du2,901990,4161304.4690225506,4.161304
2026-06-28T06:57:39,dl,du3,902626,4234853.010862265,4.234853
2026-06-28T06:57:39,dl,du4,903246,4180659.4073748114,4.180659
2026-06-28T06:57:39,dl,ue1,901436,2852913.043322654,2.852913
2026-06-28T06:57:39,dl,ue5,902056,2760009.283257084,2.760009
2026-06-28T06:57:39,dl,ue9,902670,2837429.0366661265,2.837429
2026-06-28T06:57:39,dl,ue13,903310,2787106.0850008107,2.787106
2026-06-28T06:57:44,dl,cu_cp,901204,393791.8405582663,0.393792
2026-06-28T06:57:44,dl,cu_up,901232,949733.3098035079,0.949733
2026-06-28T06:57:44,dl,du1,901369,4212028.611989303,4.212029
2026-06-28T06:57:44,dl,du2,901990,4130953.7277527093,4.130954
2026-06-28T06:57:44,dl,du3,902626,4235192.864628329,4.235193
2026-06-28T06:57:44,dl,du4,903246,4235192.864628329,4.235193
2026-06-28T06:57:44,dl,ue1,901436,2822174.8515098165,2.822175
2026-06-28T06:57:44,dl,ue5,902056,2760403.6043298864,2.760404
2026-06-28T06:57:44,dl,ue9,902670,2810592.7251903033,2.810593
2026-06-28T06:57:44,dl,ue13,903310,2829896.3622469665,2.829896
2026-06-28T06:57:50,dl,cu_cp,901204,407243.54699908494,0.407244
2026-06-28T06:57:50,dl,cu_up,901232,954113.3450541854,0.954113
2026-06-28T06:57:50,dl,du1,901369,4231453.9644783735,4.231454
2026-06-28T06:57:50,dl,du2,901990,4126734.590938735,4.126735
2026-06-28T06:57:50,dl,du3,902626,4231453.9644783735,4.231454
2026-06-28T06:57:50,dl,du4,903246,4223697.06710577,4.223697
2026-06-28T06:57:50,dl,ue1,901436,2831312.0260023116,2.831312
2026-06-28T06:57:50,dl,ue5,902056,2796405.5681557655,2.796406
2026-06-28T06:57:50,dl,ue9,902670,2831312.0260023116,2.831312
2026-06-28T06:57:50,dl,ue13,903310,2808041.054104614,2.808041
2026-06-28T06:57:55,dl,cu_cp,901204,406267.5475796065,0.406268
2026-06-28T06:57:55,dl,cu_up,901232,936349.817442357,0.936350
2026-06-28T06:57:55,dl,du1,901369,4252266.804298418,4.252267
2026-06-28T06:57:55,dl,du2,901990,4159405.7625860595,4.159406
2026-06-28T06:57:55,dl,du3,902626,4167143.83266587,4.167144
2026-06-28T06:57:55,dl,du4,903246,4263874.609543906,4.263875
2026-06-28T06:57:55,dl,ue1,901436,2820657.1875599814,2.820657
2026-06-28T06:57:55,dl,ue5,902056,2766488.4565988374,2.766488
2026-06-28T06:57:55,dl,ue9,902670,2816788.2925452306,2.816788
2026-06-28T06:57:55,dl,ue13,903310,2847741.9731160165,2.847742
2026-06-28T06:58:00,dl,cu_cp,901204,404517.62975203904,0.404518
2026-06-28T06:58:00,dl,cu_up,901232,912516.4868240238,0.912516
2026-06-28T06:58:00,dl,du1,901369,4176879.468197637,4.176879
2026-06-28T06:58:00,dl,du2,901990,4101620.673180649,4.101621
2026-06-28T06:58:00,dl,du3,902626,4186286.7826500703,4.186287
2026-06-28T06:58:00,dl,du4,903246,4252138.542612143,4.252139
2026-06-28T06:58:00,dl,ue1,901436,2784586.312131758,2.784586
2026-06-28T06:58:00,dl,ue5,902056,2746957.0543220234,2.746957
2026-06-28T06:58:00,dl,ue9,902670,2756364.0893769385,2.756364
2026-06-28T06:58:00,dl,ue13,903310,2775178.9976793244,2.775179
2026-06-28T06:58:06,dl,cu_cp,901204,398260.7193012321,0.398261
2026-06-28T06:58:06,dl,cu_up,901232,944893.0941300648,0.944893
2026-06-28T06:58:06,dl,du1,901369,4123169.8652948285,4.123170
2026-06-28T06:58:06,dl,du2,901990,3990416.245819616,3.990416
2026-06-28T06:58:06,dl,du3,902626,4216877.942484755,4.216878
2026-06-28T06:58:06,dl,du4,903246,4209069.167926269,4.209069
2026-06-28T06:58:06,dl,ue1,901436,2780016.1214257334,2.780016
2026-06-28T06:58:06,dl,ue5,902056,2709734.6461600754,2.709735
2026-06-28T06:58:06,dl,ue9,902670,2756588.9630038477,2.756589
2026-06-28T06:58:06,dl,ue13,903310,2826870.160020697,2.826870
2026-06-28T06:58:11,dl,cu_cp,901204,402287.6957285774,0.402288
2026-06-28T06:58:11,dl,cu_up,901232,972195.2501847291,0.972195
2026-06-28T06:58:11,dl,du1,901369,4042991.4098978806,4.042991
2026-06-28T06:58:11,dl,du2,901990,4089924.8312120056,4.089925
2026-06-28T06:58:11,dl,du3,902626,4170382.363401241,4.170382
2026-06-28T06:58:11,dl,du4,903246,4183792.230358639,4.183792
2026-06-28T06:58:11,dl,ue1,901436,2755670.8948701094,2.755671
2026-06-28T06:58:11,dl,ue5,902056,2742261.027912712,2.742261
2026-06-28T06:58:11,dl,ue9,902670,2795899.3827055357,2.795899
2026-06-28T06:58:11,dl,ue13,903310,2789194.727486029,2.789195
2026-06-28T06:58:17,dl,cu_cp,901204,404976.67957856716,0.404977
2026-06-28T06:58:17,dl,cu_up,901232,956684.0608803749,0.956684
2026-06-28T06:58:17,dl,du1,901369,4143674.3416899918,4.143674
2026-06-28T06:58:17,dl,du2,901990,4096720.6733309603,4.096721
2026-06-28T06:58:17,dl,du3,902626,4249320.374412823,4.249320
2026-06-28T06:58:17,dl,du4,903246,4249320.374412823,4.249320
2026-06-28T06:58:17,dl,ue1,901436,2764405.8710032846,2.764406
2026-06-28T06:58:17,dl,ue5,902056,2758536.6624584054,2.758537
2026-06-28T06:58:17,dl,ue9,902670,2799621.4011875675,2.799621
2026-06-28T06:58:17,dl,ue13,903310,2787882.7051828,2.787883
2026-06-28T06:58:22,dl,cu_cp,901204,415499.7215093374,0.415500
2026-06-28T06:58:22,dl,cu_up,901232,927710.637692976,0.927711
2026-06-28T06:58:22,dl,du1,901369,4226635.027980423,4.226635
2026-06-28T06:58:22,dl,du2,901990,4176488.544933128,4.176489
2026-06-28T06:58:22,dl,du3,902626,4215889.713719559,4.215890
2026-06-28T06:58:22,dl,du4,903246,4194398.243616199,4.194398
2026-06-28T06:58:22,dl,ue1,901436,2775967.9494475364,2.775968
2026-06-28T06:58:22,dl,ue5,902056,2826114.4324948313,2.826114
2026-06-28T06:58:22,dl,ue9,902670,2826114.4324948313,2.826114
2026-06-28T06:58:22,dl,ue13,903310,2768804.1260797502,2.768804
2026-06-28T06:58:27,dl,cu_cp,901204,341382.7226297861,0.341383
2026-06-28T06:58:27,dl,cu_up,901232,456240.4741501549,0.456240
2026-06-28T06:58:27,dl,du1,901369,3238350.237953529,3.238350
2026-06-28T06:58:27,dl,du2,901990,3164968.9044711115,3.164969
2026-06-28T06:58:27,dl,du3,902626,3257493.1188731934,3.257493
2026-06-28T06:58:27,dl,du4,903246,3171349.7819327973,3.171350
2026-06-28T06:58:27,dl,ue1,901436,1234720.6657431293,1.234721
2026-06-28T06:58:27,dl,ue5,902056,1228339.6640141404,1.228340
2026-06-28T06:58:27,dl,ue9,902670,1257054.109660939,1.257054
2026-06-28T06:58:27,dl,ue13,903310,1158148.8935298682,1.158149
2026-06-28T06:58:33,dl,cu_cp,901204,312306.89882966876,0.312307
2026-06-28T06:58:33,dl,cu_up,901232,321403.21854475734,0.321403
2026-06-28T06:58:33,dl,du1,901369,2847147.192703533,2.847147
2026-06-28T06:58:33,dl,du2,901990,2813794.117983675,2.813794
2026-06-28T06:58:33,dl,du3,902626,2883532.471563888,2.883532
2026-06-28T06:58:33,dl,du4,903246,2777408.8391233208,2.777409
2026-06-28T06:58:33,dl,ue1,901436,676159.628891933,0.676160
2026-06-28T06:58:33,dl,ue5,902056,664031.1635776281,0.664031
2026-06-28T06:58:33,dl,ue9,902670,633710.0588331461,0.633710
2026-06-28T06:58:33,dl,ue13,903310,648870.6112053872,0.648871
2026-06-28T06:58:38,dl,cu_cp,901204,309576.2051274893,0.309576
2026-06-28T06:58:38,dl,cu_up,901232,309576.2051274893,0.309576
2026-06-28T06:58:38,dl,du1,901369,2849303.316940889,2.849303
2026-06-28T06:58:38,dl,du2,901990,2816241.794334161,2.816242
2026-06-28T06:58:38,dl,du3,902626,2768152.1373585104,2.768152
2026-06-28T06:58:38,dl,du4,903246,2753124.2361176517,2.753124
2026-06-28T06:58:38,dl,ue1,901436,667241.9506665975,0.667242
2026-06-28T06:58:38,dl,ue5,902056,652213.9328617066,0.652214
2026-06-28T06:58:38,dl,ue9,902670,676258.7030675161,0.676259
2026-06-28T06:58:38,dl,ue13,903310,703309.0185522878,0.703309
2026-06-28T06:58:43,ul,cu_cp,901204,307455.55988753913,0.307456
2026-06-28T06:58:43,ul,cu_up,901232,313666.7794734782,0.313667
2026-06-28T06:58:43,ul,du1,901369,2854057.1131909993,2.854057
2026-06-28T06:58:43,ul,du2,901990,2810578.6639587595,2.810579
2026-06-28T06:58:43,ul,du3,902626,2829212.1176881315,2.829212
2026-06-28T06:58:43,ul,du4,903246,2857162.7669186355,2.857163
2026-06-28T06:58:43,ul,ue1,901436,673917.7204863882,0.673918
2026-06-28T06:58:43,ul,ue5,902056,689445.7548063468,0.689446
2026-06-28T06:58:43,ul,ue9,902670,680128.9693621051,0.680129
2026-06-28T06:58:43,ul,ue13,903310,701868.2525577807,0.701868
2026-06-28T06:58:49,ul,cu_cp,901204,357105.98096306325,0.357106
2026-06-28T06:58:49,ul,cu_up,901232,480855.5814980984,0.480856
2026-06-28T06:58:49,ul,du1,901369,3585202.3740076064,3.585202
2026-06-28T06:58:49,ul,du2,901990,3525095.402295494,3.525095
2026-06-28T06:58:49,ul,du3,902626,3521559.7131515504,3.521560
2026-06-28T06:58:49,ul,du4,903246,3588738.0631515505,3.588738
2026-06-28T06:58:49,ul,ue1,901436,1421352.4174318314,1.421352
2026-06-28T06:58:49,ul,ue5,902056,1414281.0391439437,1.414281
2026-06-28T06:58:49,ul,ue9,902670,1453173.7478598594,1.453174
2026-06-28T06:58:49,ul,ue13,903310,1477923.7,1.477924
2026-06-28T06:58:54,ul,cu_cp,901204,377914.6026601952,0.377915
2026-06-28T06:58:54,ul,cu_up,901232,631080.7486691236,0.631081
2026-06-28T06:58:54,ul,du1,901369,3977276.2101114704,3.977276
2026-06-28T06:58:54,ul,du2,901990,3929577.9479430104,3.929578
2026-06-28T06:58:54,ul,du3,902626,3980945.409553437,3.980945
2026-06-28T06:58:54,ul,du4,903246,4006628.7411855175,4.006629
2026-06-28T06:58:54,ul,ue1,901436,1786839.054748528,1.786839
2026-06-28T06:58:54,ul,ue5,902056,1805184.3866698074,1.805184
2026-06-28T06:58:54,ul,ue9,902670,1808853.4530540633,1.808853
2026-06-28T06:58:54,ul,ue13,903310,1860220.3824336457,1.860220
2026-06-28T06:58:59,ul,cu_cp,901204,368051.8692789516,0.368052
2026-06-28T06:58:59,ul,cu_up,901232,622007.6801006228,0.622008
2026-06-28T06:58:59,ul,du1,901369,4078014.9504955984,4.078015
2026-06-28T06:58:59,ul,du2,901990,4037529.1791482256,4.037529
2026-06-28T06:58:59,ul,du3,902626,4011765.65206012,4.011766
2026-06-28T06:58:59,ul,du4,903246,4081695.378105211,4.081695
2026-06-28T06:58:59,ul,ue1,901436,1829217.7632917105,1.829218
2026-06-28T06:58:59,ul,ue5,902056,1910189.1725312518,1.910189
2026-06-28T06:58:59,ul,ue9,902670,1762968.4648562325,1.762968
2026-06-28T06:58:59,ul,ue13,903310,1866022.9735742665,1.866023
2026-06-28T06:59:05,ul,cu_cp,901204,376083.8363468692,0.376084
2026-06-28T06:59:05,ul,cu_up,901232,615745.074833284,0.615745
2026-06-28T06:59:05,ul,du1,901369,4041057.8312379434,4.041058
2026-06-28T06:59:05,ul,du2,901990,3989438.5276114033,3.989439
2026-06-28T06:59:05,ul,du3,902626,4037370.528349366,4.037371
2026-06-28T06:59:05,ul,du4,903246,4066867.3495596885,4.066867
2026-06-28T06:59:05,ul,ue1,901436,1828799.844734925,1.828800
2026-06-28T06:59:05,ul,ue5,902056,1858296.6659452475,1.858297
2026-06-28T06:59:05,ul,ue9,902670,1839861.0859430337,1.839861
2026-06-28T06:59:05,ul,ue13,903310,1895167.4254751015,1.895167
2026-06-28T06:59:10,ul,cu_cp,901204,382518.82696314814,0.382519
2026-06-28T06:59:10,ul,cu_up,901232,609059.1102989352,0.609059
2026-06-28T06:59:10,ul,du1,901369,4133431.439708433,4.133431
2026-06-28T06:59:10,ul,du2,901990,4062869.8343334673,4.062870
2026-06-28T06:59:10,ul,du3,902626,4055442.268644848,4.055442
2026-06-28T06:59:10,ul,du4,903246,4096293.611265335,4.096294
2026-06-28T06:59:10,ul,ue1,901436,1894025.2205941915,1.894025
2026-06-28T06:59:10,ul,ue5,902056,1868028.740684023,1.868029
2026-06-28T06:59:10,ul,ue9,902670,1830890.9122409248,1.830891
2026-06-28T06:59:10,ul,ue13,903310,1916307.9176600503,1.916308
2026-06-28T06:59:15,ul,cu_cp,901204,393448.06690765324,0.393448
2026-06-28T06:59:15,ul,cu_up,901232,622196.9508118809,0.622197
2026-06-28T06:59:15,ul,du1,901369,4071730.3681285717,4.071730
2026-06-28T06:59:15,ul,du2,901990,4090029.8900199793,4.090030
2026-06-28T06:59:15,ul,du3,902626,4035130.5198886585,4.035131
2026-06-28T06:59:15,ul,du4,903246,4080879.9949980928,4.080880
2026-06-28T06:59:15,ul,ue1,901436,1894040.87269176,1.894041
2026-06-28T06:59:15,ul,ue5,902056,1857440.8903756642,1.857441
2026-06-28T06:59:15,ul,ue9,902670,1884890.9776698733,1.884891
2026-06-28T06:59:15,ul,ue13,903310,1903190.6336374641,1.903191
2026-06-28T06:59:21,ul,cu_cp,901204,366951.40058027627,0.366951
2026-06-28T06:59:21,ul,cu_up,901232,611585.6565375471,0.611586
2026-06-28T06:59:21,ul,du1,901369,4036465.306516819,4.036465
2026-06-28T06:59:21,ul,du2,901990,3952372.6232813643,3.952373
2026-06-28T06:59:21,ul,du3,902626,3952372.6232813643,3.952373
2026-06-28T06:59:21,ul,du4,903246,4089978.9532620716,4.089979
2026-06-28T06:59:21,ul,ue1,901436,1827112.143912611,1.827112
2026-06-28T06:59:21,ul,ue5,902056,1735374.235512247,1.735374
2026-06-28T06:59:21,ul,ue9,902670,1834756.9696126413,1.834757
2026-06-28T06:59:21,ul,ue13,903310,1895915.4420579243,1.895915
2026-06-28T06:59:26,ul,cu_cp,901204,368397.4012776947,0.368397
2026-06-28T06:59:26,ul,cu_up,901232,605224.2997192383,0.605224
2026-06-28T06:59:26,ul,du1,901369,4012900.5030908203,4.012901
2026-06-28T06:59:26,ul,du2,901990,4006322.0012713624,4.006322
2026-06-28T06:59:26,ul,du3,902626,3953693.453633423,3.953693
2026-06-28T06:59:26,ul,du4,903246,4052371.5140075684,4.052372
2026-06-28T06:59:26,ul,ue1,901436,1861722.5451644897,1.861723
2026-06-28T06:59:26,ul,ue5,902056,1841987.0397061156,1.841987
2026-06-28T06:59:26,ul,ue9,902670,1848565.6747961426,1.848566
2026-06-28T06:59:26,ul,ue13,903310,1907772.3244418334,1.907772
2026-06-28T06:59:32,ul,cu_cp,901204,387753.9241836071,0.387754
2026-06-28T06:59:32,ul,cu_up,901232,607674.0657682419,0.607674
2026-06-28T06:59:32,ul,du1,901369,4010648.8073654175,4.010649
2026-06-28T06:59:32,ul,du2,901990,4080097.241504669,4.080097
2026-06-28T06:59:32,ul,du3,902626,3975924.5902957916,3.975925
2026-06-28T06:59:32,ul,du4,903246,4074309.73846817,4.074310
2026-06-28T06:59:32,ul,ue1,901436,1880895.8924207687,1.880896
2026-06-28T06:59:32,ul,ue5,902056,1869321.1533975601,1.869321
2026-06-28T06:59:32,ul,ue9,902670,1828809.56681633,1.828810
2026-06-28T06:59:32,ul,ue13,903310,1898258.1344804764,1.898258
2026-06-28T06:59:37,ul,cu_cp,901204,378353.1162627563,0.378353
2026-06-28T06:59:37,ul,cu_up,901232,615683.6876270056,0.615684
2026-06-28T06:59:37,ul,du1,901369,4096532.5577424644,4.096533
2026-06-28T06:59:37,ul,du2,901990,3996784.752437639,3.996785
2026-06-28T06:59:37,ul,du3,902626,4024301.3791654943,4.024301
2026-06-28T06:59:37,ul,du4,903246,4027740.857257426,4.027741
2026-06-28T06:59:37,ul,ue1,901436,1905523.9280940592,1.905524
2026-06-28T06:59:37,ul,ue5,902056,1836732.3612744212,1.836732
2026-06-28T06:59:37,ul,ue9,902670,1836732.3612744212,1.836732
2026-06-28T06:59:37,ul,ue13,903310,1905523.9280940592,1.905524
2026-06-28T06:59:42,ul,cu_cp,901204,382754.06616868405,0.382754
2026-06-28T06:59:42,ul,cu_up,901232,620682.2441498899,0.620682
2026-06-28T06:59:42,ul,du1,901369,4127537.110911791,4.127537
2026-06-28T06:59:42,ul,du2,901990,3972366.1484849835,3.972366
2026-06-28T06:59:42,ul,du3,902626,3979263.087638612,3.979263
2026-06-28T06:59:42,ul,du4,903246,4089606.353902848,4.089606
2026-06-28T06:59:42,ul,ue1,901436,1899977.2218657231,1.899977
2026-06-28T06:59:42,ul,ue5,902056,1848253.7907175291,1.848254
2026-06-28T06:59:42,ul,ue9,902670,1855150.194685377,1.855150
2026-06-28T06:59:42,ul,ue13,903310,1906873.8934264611,1.906874
2026-06-28T06:59:48,ul,cu_cp,901204,380341.8384535012,0.380342
2026-06-28T06:59:48,ul,cu_up,901232,613344.096118058,0.613344
2026-06-28T06:59:48,ul,du1,901369,4104950.7101129866,4.104951
2026-06-28T06:59:48,ul,du2,901990,4039847.0235075974,4.039847
2026-06-28T06:59:48,ul,du3,902626,4012434.902685957,4.012435
2026-06-28T06:59:48,ul,du4,903246,4043273.772750986,4.043274
2026-06-28T06:59:48,ul,ue1,901436,1911988.670678283,1.911989
2026-06-28T06:59:48,ul,ue5,902056,1874297.2386892105,1.874297
2026-06-28T06:59:48,ul,ue9,902670,1826326.2279433536,1.826326
2026-06-28T06:59:48,ul,ue13,903310,1901709.2257161748,1.901709
2026-06-28T06:59:53,ul,cu_cp,901204,363653.78619638266,0.363654
2026-06-28T06:59:53,ul,cu_up,901232,624386.6428564275,0.624387
2026-06-28T06:59:53,ul,du1,901369,4113404.309801724,4.113404
2026-06-28T06:59:53,ul,du2,901990,3993330.2484028675,3.993330
2026-06-28T06:59:53,ul,du3,902626,4027637.3140133643,4.027637
2026-06-28T06:59:53,ul,du4,903246,4058513.11174299,4.058513
2026-06-28T06:59:53,ul,ue1,901436,1886882.8617315423,1.886883
2026-06-28T06:59:53,ul,ue5,902056,1845714.3295399153,1.845714
2026-06-28T06:59:53,ul,ue9,902670,1845714.3295399153,1.845714
2026-06-28T06:59:53,ul,ue13,903310,1900605.5275986493,1.900606
2026-06-28T06:59:58,ul,cu_cp,901204,360984.2324277401,0.360984
2026-06-28T06:59:58,ul,cu_up,901232,634350.9320626092,0.634351
2026-06-28T06:59:58,ul,du1,901369,4093490.9820651817,4.093491
2026-06-28T06:59:58,ul,du2,901990,4009378.4399039745,4.009378
2026-06-28T06:59:58,ul,du3,902626,4100500.293606405,4.100500
2026-06-28T06:59:58,ul,du4,903246,4068958.2577264784,4.068958
2026-06-28T06:59:58,ul,ue1,901436,1868005.903620658,1.868006
2026-06-28T06:59:58,ul,ue5,902056,1853987.14659379,1.853987
2026-06-28T06:59:58,ul,ue9,902670,1892538.627959361,1.892539
2026-06-28T06:59:58,ul,ue13,903310,1917071.6201869058,1.917072
2026-06-28T07:00:04,ul,cu_cp,901204,369927.10938669083,0.369927
2026-06-28T07:00:04,ul,cu_up,901232,628876.0792653895,0.628876
2026-06-28T07:00:04,ul,du1,901369,4109890.0895907497,4.109890
2026-06-28T07:00:04,ul,du2,901990,3961919.593819294,3.961920
2026-06-28T07:00:04,ul,du3,902626,3984115.034345312,3.984115
2026-06-28T07:00:04,ul,du4,903246,4065498.940859313,4.065499
2026-06-28T07:00:04,ul,ue1,901436,1882929.042321732,1.882929
2026-06-28T07:00:04,ul,ue5,902056,1860733.4679560137,1.860733
2026-06-28T07:00:04,ul,ue9,902670,1864432.66343045,1.864433
2026-06-28T07:00:04,ul,ue13,903310,1908823.946001587,1.908824
2026-06-28T07:00:09,ul,cu_cp,901204,368759.9612530279,0.368760
2026-06-28T07:00:09,ul,cu_up,901232,608453.8993740797,0.608454
2026-06-28T07:00:09,ul,du1,901369,3982607.6082188226,3.982608
2026-06-28T07:00:09,ul,du2,901990,3997357.827871933,3.997358
2026-06-28T07:00:09,ul,du3,902626,3964169.366645317,3.964169
2026-06-28T07:00:09,ul,du4,903246,4085860.2132354355,4.085860
2026-06-28T07:00:09,ul,ue1,901436,1880675.5555438232,1.880676
2026-06-28T07:00:09,ul,ue5,902056,1821674.0097783566,1.821674
2026-06-28T07:00:09,ul,ue9,902670,1847487.2277478122,1.847487
2026-06-28T07:00:09,ul,ue13,903310,1884363.3106030084,1.884363
2026-06-28T07:00:14,ul,cu_cp,901204,371041.6717735201,0.371042
2026-06-28T07:00:14,ul,cu_up,901232,623349.9629474401,0.623350
2026-06-28T07:00:14,ul,du1,901369,4114852.1087640524,4.114852
2026-06-28T07:00:14,ul,du2,901990,4048064.468935418,4.048064
2026-06-28T07:00:14,ul,du3,902626,4010960.2245861767,4.010960
2026-06-28T07:00:14,ul,du4,903246,4100010.411024356,4.100010
2026-06-28T07:00:14,ul,ue1,901436,1910864.4234145046,1.910864
2026-06-28T07:00:14,ul,ue5,902056,1858918.7497495294,1.858919
2026-06-28T07:00:14,ul,ue9,902670,1862629.0399724722,1.862629
2026-06-28T07:00:14,ul,ue13,903310,1929416.5455891252,1.929417
2026-06-28T07:00:20,ul,cu_cp,901204,375527.6105795306,0.375528
2026-06-28T07:00:20,ul,cu_up,901232,618516.0723195982,0.618516
2026-06-28T07:00:20,ul,du1,901369,3954084.9955623914,3.954085
2026-06-28T07:00:20,ul,du2,901990,4012991.2247326802,4.012991
2026-06-28T07:00:20,ul,du3,902626,3972493.30873363,3.972493
2026-06-28T07:00:20,ul,du4,903246,4005627.8461816595,4.005628
2026-06-28T07:00:20,ul,ue1,901436,1840821.593063066,1.840822
2026-06-28T07:00:20,ul,ue5,902056,1866593.1515790129,1.866593
2026-06-28T07:00:20,ul,ue9,902670,1807686.9224087237,1.807687
2026-06-28T07:00:20,ul,ue13,903310,1896046.1329578448,1.896046
2026-06-28T07:00:25,ul,cu_cp,901204,368149.2146541804,0.368149
2026-06-28T07:00:25,ul,cu_up,901232,611127.687674731,0.611128
2026-06-28T07:00:25,ul,du1,901369,3953922.4941797974,3.953922
2026-06-28T07:00:25,ul,du2,901990,3961285.6042481423,3.961286
2026-06-28T07:00:25,ul,du3,902626,3961285.6042481423,3.961286
2026-06-28T07:00:25,ul,du4,903246,4093819.1897590877,4.093819
2026-06-28T07:00:25,ul,ue1,901436,1866516.5924974442,1.866517
2026-06-28T07:00:25,ul,ue5,902056,1859153.482429099,1.859153
2026-06-28T07:00:25,ul,ue9,902670,1826020.15259912,1.826020
2026-06-28T07:00:25,ul,ue13,903310,1895968.5003887652,1.895969
2026-06-28T07:00:30,ul,cu_cp,901204,362375.6641096085,0.362376
2026-06-28T07:00:30,ul,cu_up,901232,628610.9087275439,0.628611
2026-06-28T07:00:30,ul,du1,901369,4093365.8320063306,4.093366
2026-06-28T07:00:30,ul,du2,901990,3889991.8857140206,3.889992
2026-06-28T07:00:30,ul,du3,902626,4037900.429302075,4.037900
2026-06-28T07:00:30,ul,du4,903246,4119250.329036348,4.119250
2026-06-28T07:00:30,ul,ue1,901436,1871041.6710629833,1.871042
2026-06-28T07:00:30,ul,ue5,902056,1856250.8167041778,1.856251
2026-06-28T07:00:30,ul,ue9,902670,1882135.046053071,1.882135
2026-06-28T07:00:30,ul,ue13,903310,1911716.754770682,1.911717
2026-06-28T07:00:36,ul,cu_cp,901204,376104.7921873641,0.376105
2026-06-28T07:00:36,ul,cu_up,901232,613214.3737388945,0.613214
2026-06-28T07:00:36,ul,du1,901369,4096271.7401569556,4.096272
2026-06-28T07:00:36,ul,du2,901990,4079919.2835033797,4.079919
2026-06-28T07:00:36,ul,du3,902626,4030862.1819104766,4.030862
2026-06-28T07:00:36,ul,du4,903246,4063566.826849804,4.063567
2026-06-28T07:00:36,ul,ue1,901436,1905052.6123712063,1.905053
2026-06-28T07:00:36,ul,ue5,902056,1945933.4856373214,1.945933
2026-06-28T07:00:36,ul,ue9,902670,1839642.919940815,1.839643
2026-06-28T07:00:36,ul,ue13,903310,1864171.604921179,1.864172
2026-06-28T07:00:41,ul,cu_cp,901204,361288.6556258813,0.361289
2026-06-28T07:00:41,ul,cu_up,901232,625307.3104712575,0.625307
2026-06-28T07:00:41,ul,du1,901369,4078393.4094037293,4.078393
2026-06-28T07:00:41,ul,du2,901990,4029757.940352738,4.029758
2026-06-28T07:00:41,ul,du3,902626,4092289.0664139153,4.092289
2026-06-28T07:00:41,ul,du4,903246,4078393.4094037293,4.078393
2026-06-28T07:00:41,ul,ue1,901436,1896765.349977517,1.896765
2026-06-28T07:00:41,ul,ue5,902056,1862026.2074520527,1.862026
2026-06-28T07:00:41,ul,ue9,902670,1952348.3797274649,1.952348
2026-06-28T07:00:41,ul,ue13,903310,1924556.931804025,1.924557
2026-06-28T07:00:46,ul,cu_cp,901204,369048.2692623574,0.369048
2026-06-28T07:00:46,ul,cu_up,901232,623147.0666835123,0.623147
2026-06-28T07:00:46,ul,du1,901369,4017181.0512609794,4.017181
2026-06-28T07:00:46,ul,du2,901990,4005081.5908215926,4.005082
2026-06-28T07:00:46,ul,du3,902626,3968781.610314901,3.968782
2026-06-28T07:00:46,ul,du4,903246,4041381.3047968624,4.041381
2026-06-28T07:00:46,ul,ue1,901436,1899691.2504389691,1.899691
2026-06-28T07:00:46,ul,ue5,902056,1784741.7119649113,1.784742
2026-06-28T07:00:46,ul,ue9,902670,1827091.4226912963,1.827091
2026-06-28T07:00:46,ul,ue13,903310,1893641.253687854,1.893641
2026-06-28T07:00:52,ul,cu_cp,901204,368728.053635788,0.368728
2026-06-28T07:00:52,ul,cu_up,901232,611132.6203556061,0.611133
2026-06-28T07:00:52,ul,du1,901369,4018453.1638015746,4.018453
2026-06-28T07:00:52,ul,du2,901990,3956998.188710022,3.956998
2026-06-28T07:00:52,ul,du3,902626,3994554.213873291,3.994554
2026-06-28T07:00:52,ul,du4,903246,4038937.978025818,4.038938
2026-06-28T07:00:52,ul,ue1,901436,1853882.7418434143,1.853883
2026-06-28T07:00:52,ul,ue5,902056,1775357.4875457764,1.775357
2026-06-28T07:00:52,ul,ue9,902670,1942650.6694625854,1.942651
2026-06-28T07:00:52,ul,ue13,903310,1874367.5560676574,1.874368
2026-06-28T07:00:57,ul,cu_cp,901204,366685.28582252323,0.366685
2026-06-28T07:00:57,ul,cu_up,901232,611142.1319603849,0.611142
2026-06-28T07:00:57,ul,du1,901369,4040328.9600032805,4.040329
2026-06-28T07:00:57,ul,du2,901990,3840009.975063901,3.840010
2026-06-28T07:00:57,ul,du3,902626,3999585.858769059,3.999586
2026-06-28T07:00:57,ul,du4,903246,4047119.343949804,4.047119
2026-06-28T07:00:57,ul,ue1,901436,1847007.2967000485,1.847007
2026-06-28T07:00:57,ul,ue5,902056,1809659.7862166285,1.809660
2026-06-28T07:00:57,ul,ue9,902670,1860588.4633706354,1.860588
2026-06-28T07:00:57,ul,ue13,903310,1891145.3240558386,1.891145
2026-06-28T07:01:03,ul,cu_cp,901204,369927.2441529131,0.369927
2026-06-28T07:01:03,ul,cu_up,901232,623395.892298851,0.623396
2026-06-28T07:01:03,ul,du1,901369,4048647.9627688597,4.048648
2026-06-28T07:01:03,ul,du2,901990,3925339.2926722337,3.925339
2026-06-28T07:01:03,ul,du3,902626,4041797.5552027132,4.041798
2026-06-28T07:01:03,ul,du4,903246,4065774.5152466204,4.065775
2026-06-28T07:01:03,ul,ue1,901436,1859912.0655473329,1.859912
2026-06-28T07:01:03,ul,ue5,902056,1825659.6275448035,1.825660
2026-06-28T07:01:03,ul,ue9,902670,1853061.5245905877,1.853062
2026-06-28T07:01:03,ul,ue13,903310,1894164.6369404602,1.894165
2026-06-28T07:01:08,ul,cu_cp,901204,384436.80241622985,0.384437
2026-06-28T07:01:08,ul,cu_up,901232,615779.3074018252,0.615779
2026-06-28T07:01:08,ul,du1,901369,3994060.203913646,3.994060
2026-06-28T07:01:08,ul,du2,901990,4017874.6949562263,4.017875
2026-06-28T07:01:08,ul,du3,902626,4034885.0837252047,4.034885
2026-06-28T07:01:08,ul,du4,903246,3960039.4263756895,3.960039
2026-06-28T07:01:08,ul,ue1,901436,1860946.3263801383,1.860946
2026-06-28T07:01:08,ul,ue5,902056,1786100.1366907358,1.786100
2026-06-28T07:01:08,ul,ue9,902670,1966411.1093857242,1.966411
2026-06-28T07:01:08,ul,ue13,903310,1782698.2186389065,1.782698
2026-06-28T07:01:13,ul,cu_cp,901204,370198.2005573636,0.370198
2026-06-28T07:01:13,ul,cu_up,901232,613569.2678473771,0.613569
2026-06-28T07:01:13,ul,du1,901369,3962491.960084548,3.962492
2026-06-28T07:01:13,ul,du2,901990,4010480.511583433,4.010481
2026-06-28T07:01:13,ul,du3,902626,4037902.4649611665,4.037902
2026-06-28T07:01:13,ul,du4,903246,4089318.827176194,4.089319
2026-06-28T07:01:13,ul,ue1,901436,1878413.1225243665,1.878413
2026-06-28T07:01:13,ul,ue5,902056,1857846.5244032145,1.857847
2026-06-28T07:01:13,ul,ue9,902670,1820141.2719649053,1.820141
2026-06-28T07:01:13,ul,ue13,903310,1885268.6108687997,1.885269
2026-06-28T07:01:19,ul,cu_cp,901204,365970.7553727818,0.365971
2026-06-28T07:01:19,ul,cu_up,901232,621041.2899491882,0.621041
2026-06-28T07:01:19,ul,du1,901369,4051555.285818939,4.051555
2026-06-28T07:01:19,ul,du2,901990,4003498.4588407134,4.003498
2026-06-28T07:01:19,ul,du3,902626,4007194.8498187256,4.007195
2026-06-28T07:01:19,ul,du4,903246,4125488.721775284,4.125489
2026-06-28T07:01:19,ul,ue1,901436,1874213.9788476182,1.874214
2026-06-28T07:01:19,ul,ue5,902056,1833550.4687202836,1.833550
2026-06-28T07:01:19,ul,ue9,902670,1848337.1024220658,1.848337
2026-06-28T07:01:19,ul,ue13,903310,1903787.3799748993,1.903787
2026-06-28T07:01:24,ul,cu_cp,901204,379098.6835741049,0.379099
2026-06-28T07:01:24,ul,cu_up,901232,614655.1474767994,0.614655
2026-06-28T07:01:24,ul,du1,901369,4067029.4022607612,4.067029
2026-06-28T07:01:24,ul,du2,901990,4008140.2115067244,4.008140
2026-06-28T07:01:24,ul,du3,902626,3993417.9802878713,3.993418
2026-06-28T07:01:24,ul,du4,903246,4081751.6334796143,4.081752
2026-06-28T07:01:24,ul,ue1,901436,1851326.558039825,1.851327
2026-06-28T07:01:24,ul,ue5,902056,1866048.789258678,1.866049
2026-06-28T07:01:24,ul,ue9,902670,1777715.136066935,1.777715
2026-06-28T07:01:24,ul,ue13,903310,1862368.2314539647,1.862368
2026-06-28T07:01:29,ul,cu_cp,901204,369473.46330831887,0.369473
2026-06-28T07:01:29,ul,cu_up,901232,624410.1436356187,0.624410
2026-06-28T07:01:29,ul,du1,901369,4034650.1177534913,4.034650
2026-06-28T07:01:29,ul,du2,901990,3997702.811517403,3.997703
2026-06-28T07:01:29,ul,du3,902626,4034650.1177534913,4.034650
2026-06-28T07:01:29,ul,du4,903246,4086376.6137823057,4.086377
2026-06-28T07:01:29,ul,ue1,901436,1888009.4870504367,1.888009
2026-06-28T07:01:29,ul,ue5,902056,1858451.5084124207,1.858452
2026-06-28T07:01:29,ul,ue9,902670,1902788.4095448721,1.902788
2026-06-28T07:01:29,ul,ue13,903310,1873230.430906856,1.873230
2026-06-28T07:01:35,ul,cu_cp,901204,366263.5314250231,0.366264
2026-06-28T07:01:35,ul,cu_up,901232,611660.0914942503,0.611660
2026-06-28T07:01:35,ul,du1,901369,4014248.3097387315,4.014248
2026-06-28T07:01:35,ul,du2,901990,3842104.495858097,3.842104
2026-06-28T07:01:35,ul,du3,902626,4028898.5131453513,4.028899
2026-06-28T07:01:35,ul,du4,903246,3988609.722211361,3.988610
2026-06-28T07:01:35,ul,ue1,901436,1871606.5145650865,1.871607
2026-06-28T07:01:35,ul,ue5,902056,1787366.049315548,1.787366
2026-06-28T07:01:35,ul,ue9,902670,1889919.7343652248,1.889920
2026-06-28T07:01:35,ul,ue13,903310,1882594.4996499538,1.882594
2026-06-28T07:01:40,ul,cu_cp,901204,364653.8057694581,0.364654
2026-06-28T07:01:40,ul,cu_up,901232,615123.086837098,0.615123
2026-06-28T07:01:40,ul,du1,901369,4062759.0261824513,4.062759
2026-06-28T07:01:40,ul,du2,901990,4003824.897088058,4.003825
2026-06-28T07:01:40,ul,du3,902626,4033291.8281424665,4.033292
2026-06-28T07:01:40,ul,du4,903246,3966991.3000164414,3.966991
2026-06-28T07:01:40,ul,ue1,901436,1871152.7918107044,1.871153
2026-06-28T07:01:40,ul,ue5,902056,1815902.1292177034,1.815902
2026-06-28T07:01:40,ul,ue9,902670,1808535.4632004953,1.808535
2026-06-28T07:01:40,ul,ue13,903310,1896936.523349297,1.896937
2026-06-28T07:01:45,ul,cu_cp,901204,365951.0765829563,0.365951
2026-06-28T07:01:45,ul,cu_up,901232,621007.8996919632,0.621008
2026-06-28T07:01:45,ul,du1,901369,4066122.9394142153,4.066123
2026-06-28T07:01:45,ul,du2,901990,3958925.1766578676,3.958925
2026-06-28T07:01:45,ul,du3,902626,4088302.2849090574,4.088302
2026-06-28T07:01:45,ul,du4,903246,4088302.2849090574,4.088302
2026-06-28T07:01:45,ul,ue1,901436,1892595.6248167038,1.892596
2026-06-28T07:01:45,ul,ue5,902056,1877809.6619462967,1.877810
2026-06-28T07:01:45,ul,ue9,902670,1855630.85137043,1.855631
2026-06-28T07:01:45,ul,ue13,903310,1918470.8592453003,1.918471
2026-06-28T07:01:51,ul,cu_cp,901204,376538.1680596447,0.376538
2026-06-28T07:01:51,ul,cu_up,901232,616881.705162828,0.616882
2026-06-28T07:01:51,ul,du1,901369,4117885.8555638553,4.117886
2026-06-28T07:01:51,ul,du2,901990,4029759.6114786244,4.029760
2026-06-28T07:01:51,ul,du3,902626,4069817.068005867,4.069817
2026-06-28T07:01:51,ul,du4,903246,3973679.4928898904,3.973679
2026-06-28T07:01:51,ul,ue1,901436,1858656.4465192293,1.858656
2026-06-28T07:01:51,ul,ue5,902056,1858656.4465192293,1.858656
2026-06-28T07:01:51,ul,ue9,902670,1858656.4465192293,1.858656
2026-06-28T07:01:51,ul,ue13,903310,1914736.6986702157,1.914737
2026-06-28T07:01:56,ul,cu_cp,901204,357403.0471682072,0.357403
2026-06-28T07:01:56,ul,cu_up,901232,620397.8009881658,0.620398
2026-06-28T07:01:56,ul,du1,901369,4019098.5471767094,4.019099
2026-06-28T07:01:56,ul,du2,901990,3857255.6828861497,3.857256
2026-06-28T07:01:56,ul,du3,902626,4012355.0834592916,4.012355
2026-06-28T07:01:56,ul,du4,903246,3938176.9825676964,3.938177
2026-06-28T07:01:56,ul,ue1,901436,1780271.772123618,1.780272
2026-06-28T07:01:56,ul,ue5,902056,1861193.3367326306,1.861193
2026-06-28T07:01:56,ul,ue9,902670,1813988.9582469738,1.813989
2026-06-28T07:01:56,ul,ue13,903310,1894910.5228559864,1.894911
2026-06-28T07:02:01,ul,cu_cp,901204,365599.81710163236,0.365600
2026-06-28T07:02:01,ul,cu_up,901232,619160.9676895934,0.619161
2026-06-28T07:02:01,ul,du1,901369,4039288.2653390504,4.039288
2026-06-28T07:02:01,ul,du2,901990,3998010.907438908,3.998011
2026-06-28T07:02:01,ul,du3,902626,4039288.2653390504,4.039288
2026-06-28T07:02:01,ul,du4,903246,3950836.479775276,3.950836
2026-06-28T07:02:01,ul,ue1,901436,1798515.2013711596,1.798515
2026-06-28T07:02:01,ul,ue5,902056,1845689.362729256,1.845689
2026-06-28T07:02:01,ul,ue9,902670,1863379.506797583,1.863380
2026-06-28T07:02:01,ul,ue13,903310,1863379.506797583,1.863380
2026-06-28T07:02:07,ul,cu_cp,901204,374900.5534710413,0.374901
2026-06-28T07:02:07,ul,cu_up,901232,622541.283894192,0.622541
2026-06-28T07:02:07,ul,du1,901369,4110148.4906277466,4.110148
2026-06-28T07:02:07,ul,du2,901990,4061995.9807229517,4.061996
2026-06-28T07:02:07,ul,du3,902626,3996646.565722704,3.996647
2026-06-28T07:02:07,ul,du4,903246,4061995.9807229517,4.061996
2026-06-28T07:02:07,ul,ue1,901436,1819471.5421705414,1.819472
2026-06-28T07:02:07,ul,ue5,902056,1874502.8675515866,1.874503
2026-06-28T07:02:07,ul,ue9,902670,1853866.153932488,1.853866
2026-06-28T07:02:07,ul,ue13,903310,1905457.9379802346,1.905458
2026-06-28T07:02:12,ul,cu_cp,901204,376882.43098178477,0.376882
2026-06-28T07:02:12,ul,cu_up,901232,630421.5075444466,0.630422
2026-06-28T07:02:12,ul,du1,901369,4087461.163886411,4.087461
2026-06-28T07:02:12,ul,du2,901990,4077182.4284548783,4.077182
2026-06-28T07:02:12,ul,du3,902626,3988101.213494959,3.988101
2026-06-28T07:02:12,ul,du4,903246,4029215.620399537,4.029216
2026-06-28T07:02:12,ul,ue1,901436,1898116.990636797,1.898117
2026-06-28T07:02:12,ul,ue5,902056,1863854.9848829817,1.863855
2026-06-28T07:02:12,ul,ue9,902670,1843297.514019916,1.843298
2026-06-28T07:02:12,ul,ue13,903310,1908395.5923629415,1.908396
2026-06-28T07:02:18,ul,cu_cp,901204,384883.31821468024,0.384883
2026-06-28T07:02:18,ul,cu_up,901232,621998.9850756138,0.621999
2026-06-28T07:02:18,ul,du1,901369,4110004.22189225,4.110004
2026-06-28T07:02:18,ul,du2,901990,4034401.9182735207,4.034402
2026-06-28T07:02:18,ul,du3,902626,3989727.7932062387,3.989728
2026-06-28T07:02:18,ul,du4,903246,4096258.2753764153,4.096258
2026-06-28T07:02:18,ul,ue1,901436,1917543.718370074,1.917544
2026-06-28T07:02:18,ul,ue5,902056,1852250.9416746139,1.852251
2026-06-28T07:02:18,ul,ue9,902670,1869433.173710227,1.869433
2026-06-28T07:02:18,ul,ue13,903310,1924416.6916279912,1.924417
2026-06-28T07:02:23,ul,cu_cp,901204,370467.6601047277,0.370468
2026-06-28T07:02:23,ul,cu_up,901232,607155.3401922513,0.607155
2026-06-28T07:02:23,ul,du1,901369,4112877.1368625257,4.112877
2026-06-28T07:02:23,ul,du2,901990,4027120.725706558,4.027121
2026-06-28T07:02:23,ul,du3,902626,4016830.26646637,4.016830
2026-06-28T07:02:23,ul,du4,903246,4068283.899298897,4.068284
2026-06-28T07:02:23,ul,ue1,901436,1876350.0515384674,1.876350
2026-06-28T07:02:23,ul,ue5,902056,1838617.3429068946,1.838617
2026-06-28T07:02:23,ul,ue9,902670,1838617.3429068946,1.838617
2026-06-28T07:02:23,ul,ue13,903310,1914082.8938331986,1.914083
2026-06-28T07:02:28,ul,cu_cp,901204,360406.54473668337,0.360407
2026-06-28T07:02:28,ul,cu_up,901232,623780.6494261741,0.623781
2026-06-28T07:02:28,ul,du1,901369,4047642.9747582437,4.047643
2026-06-28T07:02:28,ul,du2,901990,4037246.572694874,4.037247
2026-06-28T07:02:28,ul,du3,902626,4009522.9229457853,4.009523
2026-06-28T07:02:28,ul,du4,903246,4026850.170631504,4.026850
2026-06-28T07:02:28,ul,ue1,901436,1892134.4851455688,1.892134
2026-06-28T07:02:28,ul,ue5,902056,1808963.6695281505,1.808964
2026-06-28T07:02:28,ul,ue9,902670,1836687.3192772388,1.836687
2026-06-28T07:02:28,ul,ue13,903310,1919858.1348946572,1.919858
2026-06-28T07:02:34,ul,cu_cp,901204,369293.8728988999,0.369294
2026-06-28T07:02:34,ul,cu_up,901232,613027.809622041,0.613028
2026-06-28T07:02:34,ul,du1,901369,4084390.2750479747,4.084390
2026-06-28T07:02:34,ul,du2,901990,3980987.6442883923,3.980988
2026-06-28T07:02:34,ul,du3,902626,4051153.715160966,4.051154
2026-06-28T07:02:34,ul,du4,903246,4043767.8129638527,4.043768
2026-06-28T07:02:34,ul,ue1,901436,1846469.2642007088,1.846469
2026-06-28T07:02:34,ul,ue5,902056,1816925.9228623651,1.816926
2026-06-28T07:02:34,ul,ue9,902670,1876012.872989161,1.876013
2026-06-28T07:02:34,ul,ue13,903310,1905556.348052559,1.905556
2026-06-28T07:02:39,ul,cu_cp,901204,375919.23253194126,0.375919
2026-06-28T07:02:39,ul,cu_up,901232,611790.1477741158,0.611790
2026-06-28T07:02:39,ul,du1,901369,4105627.889755044,4.105628
2026-06-28T07:02:39,ul,du2,901990,4002434.3998392774,4.002434
2026-06-28T07:02:39,ul,du3,902626,4061401.8028604793,4.061402
2026-06-28T07:02:39,ul,du4,903246,4009805.3252169276,4.009805
2026-06-28T07:02:39,ul,ue1,901436,1857483.3531124638,1.857483
2026-06-28T07:02:39,ul,ue5,902056,1794830.0864309394,1.794830
2026-06-28T07:02:39,ul,ue9,902670,1850112.2940776478,1.850112
2026-06-28T07:02:39,ul,ue13,903310,1886967.3219373964,1.886967
2026-06-28T07:02:44,ul,cu_cp,901204,378100.2741230875,0.378100
2026-06-28T07:02:44,ul,cu_up,901232,622753.4005512297,0.622753
2026-06-28T07:02:44,ul,du1,901369,4073845.5692928433,4.073846
2026-06-28T07:02:44,ul,du2,901990,4007121.727596462,4.007122
2026-06-28T07:02:44,ul,du3,902626,4040483.6484446526,4.040484
2026-06-28T07:02:44,ul,du4,903246,4088672.613493979,4.088673
2026-06-28T07:02:44,ul,ue1,901436,1894208.1986279488,1.894208
2026-06-28T07:02:44,ul,ue5,902056,1879380.8865779042,1.879381
2026-06-28T07:02:44,ul,ue9,902670,1868260.2016536891,1.868260
2026-06-28T07:02:44,ul,ue13,903310,1923863.3584258556,1.923863
2026-06-28T07:02:50,ul,cu_cp,901204,365541.5910016537,0.365542
2026-06-28T07:02:50,ul,cu_up,901232,616620.6271479034,0.616621
2026-06-28T07:02:50,ul,du1,901369,4105881.0862225913,4.105881
2026-06-28T07:02:50,ul,du2,901990,4020957.3673280524,4.020957
2026-06-28T07:02:50,ul,du3,902626,4032034.3973908424,4.032034
2026-06-28T07:02:50,ul,du4,903246,4061573.2333517075,4.061573
2026-06-28T07:02:50,ul,ue1,901436,1864631.2994241428,1.864631
2026-06-28T07:02:50,ul,ue5,902056,1783399.7010669708,1.783400
2026-06-28T07:02:50,ul,ue9,902670,1890477.6137772275,1.890478
2026-06-28T07:02:50,ul,ue13,903310,1901554.6438400173,1.901555
2026-06-28T07:02:55,ul,cu_cp,901204,364371.4130031413,0.364371
2026-06-28T07:02:55,ul,cu_up,901232,614646.6866770763,0.614647
2026-06-28T07:02:55,ul,du1,901369,4052251.4665573644,4.052251
2026-06-28T07:02:55,ul,du2,901990,3930794.6614308213,3.930795
2026-06-28T07:02:55,ul,du3,902626,4011765.776170871,4.011766
2026-06-28T07:02:55,ul,du4,903246,4052251.4665573644,4.052251
2026-06-28T07:02:55,ul,ue1,901436,1866023.121554985,1.866023
2026-06-28T07:02:55,ul,ue5,902056,1825537.5641849602,1.825538
2026-06-28T07:02:55,ul,ue9,902670,1792412.8721369742,1.792413
2026-06-28T07:02:55,ul,ue13,903310,1866023.121554985,1.866023
2026-06-28T07:03:05,ul,cu_cp,901204,369399.49954941275,0.369399
2026-06-28T07:03:05,ul,cu_up,901232,615665.8990502828,0.615666
2026-06-28T07:03:05,ul,du1,901369,3949056.8965418767,3.949057
2026-06-28T07:03:05,ul,du2,901990,3993032.8755139234,3.993033
2026-06-28T07:03:05,ul,du3,902626,4028214.0840863013,4.028214
2026-06-28T07:03:05,ul,du4,903246,4037008.8544859695,4.037009
2026-06-28T07:03:05,ul,ue1,901436,1873383.138304634,1.873383
2026-06-28T07:03:05,ul,ue5,902056,1899768.911798061,1.899769
2026-06-28T07:03:05,ul,ue9,902670,1811816.6879822551,1.811817
2026-06-28T07:03:05,ul,ue13,903310,1873383.138304634,1.873383
2026-06-28T07:03:11,ul,cu_cp,901204,374585.25844273507,0.374585
2026-06-28T07:03:11,ul,cu_up,901232,629303.2715756631,0.629303
2026-06-28T07:03:11,ul,du1,901369,4090471.3987841965,4.090471
2026-06-28T07:03:11,ul,du2,901990,3978095.7478030636,3.978096
2026-06-28T07:03:11,ul,du3,902626,4075487.9430420757,4.075488
2026-06-28T07:03:11,ul,du4,903246,4045521.0315578342,4.045521
2026-06-28T07:03:11,ul,ue1,901436,1902893.27046911,1.902893
2026-06-28T07:03:11,ul,ue5,902056,1917876.7262112307,1.917877
2026-06-28T07:03:11,ul,ue9,902670,1872926.3589848685,1.872926
2026-06-28T07:03:11,ul,ue13,903310,1902893.27046911,1.902893
2026-06-28T07:03:16,ul,cu_cp,901204,373223.0064501318,0.373223
2026-06-28T07:03:16,ul,cu_up,901232,617748.3855203432,0.617748
2026-06-28T07:03:16,ul,du1,901369,3931711.2274790597,3.931711
2026-06-28T07:03:16,ul,du2,901990,3989625.11993474,3.989625
2026-06-28T07:03:16,ul,du3,902626,3944581.0699476195,3.944581
2026-06-28T07:03:16,ul,du4,903246,4066843.6432089806,4.066844
2026-06-28T07:03:16,ul,ue1,901436,1859680.1442374492,1.859680
2026-06-28T07:03:16,ul,ue5,902056,1878984.7750560092,1.878985
2026-06-28T07:03:16,ul,ue9,902670,1833940.4593003297,1.833940
2026-06-28T07:03:16,ul,ue13,903310,1911159.1154588496,1.911159
2026-06-28T07:03:22,ul,cu_cp,901204,381335.6033715892,0.381336
2026-06-28T07:03:22,ul,cu_up,901232,618225.8903002762,0.618226
2026-06-28T07:03:22,ul,du1,901369,4102246.666601696,4.102247
2026-06-28T07:03:22,ul,du2,901990,3952023.622934871,3.952024
2026-06-28T07:03:22,ul,du3,902626,4061802.042073028,4.061802
2026-06-28T07:03:22,ul,du4,903246,4079135.2237447975,4.079135
2026-06-28T07:03:22,ul,ue1,901436,1895122.4289197982,1.895122
2026-06-28T07:03:22,ul,ue5,902056,1860455.5316150533,1.860456
2026-06-28T07:03:22,ul,ue9,902670,1854677.80439113,1.854678
2026-06-28T07:03:22,ul,ue13,903310,1883566.9744719518,1.883567
2026-06-28T07:03:27,ul,cu_cp,901204,365278.6720931056,0.365279
2026-06-28T07:03:27,ul,cu_up,901232,617901.3017001927,0.617901
2026-06-28T07:03:27,ul,du1,901369,4062444.857099397,4.062445
2026-06-28T07:03:27,ul,du2,901990,3929305.831082921,3.929306
2026-06-28T07:03:27,ul,du3,902626,3960030.1395915626,3.960030
2026-06-28T07:03:27,ul,du4,903246,4059031.1932980325,4.059031
2026-06-28T07:03:27,ul,ue1,901436,1870772.8912555813,1.870773
2026-06-28T07:03:27,ul,ue5,902056,1843462.3799779403,1.843462
2026-06-28T07:03:27,ul,ue9,902670,1853703.7716709422,1.853704
2026-06-28T07:03:27,ul,ue13,903310,1884428.2136092198,1.884428
2026-06-28T07:03:32,ul,cu_cp,901204,374128.14043201593,0.374128
2026-06-28T07:03:32,ul,cu_up,901232,619012.0026777274,0.619012
2026-06-28T07:03:32,ul,du1,901369,4003171.0593778347,4.003171
2026-06-28T07:03:32,ul,du2,901990,3938548.7872239565,3.938549
2026-06-28T07:03:32,ul,du3,902626,4026979.3489465644,4.026979
2026-06-28T07:03:32,ul,du4,903246,4003171.0593778347,4.003171
2026-06-28T07:03:32,ul,ue1,901436,1880844.0980108224,1.880844
2026-06-28T07:03:32,ul,ue5,902056,1874041.7675799644,1.874042
2026-06-28T07:03:32,ul,ue9,902670,1836629.0832709705,1.836629
2026-06-28T07:03:32,ul,ue13,903310,1860437.239778974,1.860437
2026-06-28T07:03:38,ul,cu_cp,901204,365536.48177336215,0.365536
2026-06-28T07:03:38,ul,cu_up,901232,621753.6518697452,0.621754
2026-06-28T07:03:38,ul,du1,901369,4123388.087497225,4.123388
2026-06-28T07:03:38,ul,du2,901990,3938911.949163103,3.938912
2026-06-28T07:03:38,ul,du3,902626,3986738.947901001,3.986739
2026-06-28T07:03:38,ul,du4,903246,4078977.283895769,4.078977
2026-06-28T07:03:38,ul,ue1,901436,1885758.393255596,1.885758
2026-06-28T07:03:38,ul,ue5,902056,1855012.2367860556,1.855012
2026-06-28T07:03:38,ul,ue9,902670,1848179.8465131712,1.848180
2026-06-28T07:03:38,ul,ue13,903310,1831098.7374171065,1.831099
2026-06-28T07:03:43,ul,cu_cp,901204,362905.39249099494,0.362905
2026-06-28T07:03:43,ul,cu_up,901232,619678.0890719295,0.619678
2026-06-28T07:03:43,ul,du1,901369,4057008.5526166917,4.057009
2026-06-28T07:03:43,ul,du2,901990,4026195.690285587,4.026196
2026-06-28T07:03:43,ul,du3,902626,3985111.6959705353,3.985112
2026-06-28T07:03:43,ul,du4,903246,4053584.575145006,4.053585
2026-06-28T07:03:43,ul,ue1,901436,1824797.7609259605,1.824798
2026-06-28T07:03:43,ul,ue5,902056,1855610.4898518801,1.855610
2026-06-28T07:03:43,ul,ue9,902670,1869305.199091959,1.869305
2026-06-28T07:03:43,ul,ue13,903310,1838492.3367608548,1.838492
2026-06-28T07:03:48,ul,cu_cp,901204,336512.8367463529,0.336513
2026-06-28T07:03:48,ul,cu_up,901232,466453.3823793411,0.466453
2026-06-28T07:03:48,ul,du1,901369,3475077.799165654,3.475078
2026-06-28T07:03:48,ul,du2,901990,3438427.9048986435,3.438428
2026-06-28T07:03:48,ul,du3,902626,3371791.7791584255,3.371792
2026-06-28T07:03:48,ul,du4,903246,3438427.9048986435,3.438428
2026-06-28T07:03:48,ul,ue1,901436,1259424.2328637838,1.259424
2026-06-28T07:03:48,ul,ue5,902056,1302737.6643751443,1.302738
2026-06-28T07:03:48,ul,ue9,902670,1239433.3700318276,1.239433
2026-06-28T07:03:48,ul,ue13,903310,1212778.8444060683,1.212779
2026-06-28T07:03:54,ul,cu_cp,901204,303019.17349648714,0.303019
2026-06-28T07:03:54,ul,cu_up,901232,315913.5921511048,0.315914
2026-06-28T07:03:54,ul,du1,901369,2833551.639215078,2.833552
2026-06-28T07:03:54,ul,du2,901990,2814209.967522764,2.814210
2026-06-28T07:03:54,ul,du3,902626,2862563.913631482,2.862564
2026-06-28T07:03:54,ul,du4,903246,2778750.2360868547,2.778750
2026-06-28T07:03:54,ul,ue1,901436,702746.5888935113,0.702747
2026-06-28T07:03:54,ul,ue5,902056,651168.8559945237,0.651169
2026-06-28T07:03:54,ul,ue9,902670,709193.8127909494,0.709194
2026-06-28T07:03:54,ul,ue13,903310,625380.0186852884,0.625380
2026-06-28T07:03:59,ul,cu_cp,901204,302875.22381545784,0.302875
2026-06-28T07:03:59,ul,cu_up,901232,318985.60465243814,0.318986
2026-06-28T07:03:59,ul,du1,901369,2822539.211978874,2.822539
2026-06-28T07:03:59,ul,du2,901990,2793540.4623920824,2.793540
2026-06-28T07:03:59,ul,du3,902626,2828983.5856817244,2.828984
2026-06-28T07:03:59,ul,du4,903246,2854760.1484170915,2.854760
2026-06-28T07:03:59,ul,ue1,901436,692746.5216270351,0.692747
2026-06-28T07:03:59,ul,ue5,902056,634749.1389629554,0.634749
2026-06-28T07:03:59,ul,ue9,902670,660525.7599530745,0.660526
2026-06-28T07:03:59,ul,ue13,903310,692746.5216270351,0.692747
