timestamp,phase,component,pid,microwatts,watts
2026-06-28T00:26:21,idle,cu_cp,441331,335236.0378066808,0.335236
2026-06-28T00:26:21,idle,cu_up,441358,328662.7572724241,0.328663
2026-06-28T00:26:21,idle,du1,441519,2990831.1295574903,2.990831
2026-06-28T00:26:21,idle,du2,442282,2925098.6784773637,2.925099
2026-06-28T00:26:21,idle,ue1,441586,834803.3804448986,0.834803
2026-06-28T00:26:21,idle,ue2,441598,847949.941513412,0.847950
2026-06-28T00:26:21,idle,ue3,441610,815083.7159733486,0.815084
2026-06-28T00:26:21,idle,ue4,441622,841376.7200228954,0.841377
2026-06-28T00:26:21,idle,ue5,442346,834803.3804448986,0.834803
2026-06-28T00:26:21,idle,ue6,442358,769070.8703210318,0.769071
2026-06-28T00:26:21,idle,ue7,442370,782217.3723458052,0.782217
2026-06-28T00:26:21,idle,ue8,442382,828230.158954382,0.828230
2026-06-28T00:26:26,idle,cu_cp,441331,318357.2977208993,0.318357
2026-06-28T00:26:26,idle,cu_up,441358,324042.24049659877,0.324042
2026-06-28T00:26:26,idle,du1,441519,2990284.5091914344,2.990285
2026-06-28T00:26:26,idle,du2,442282,2984599.625507703,2.984600
2026-06-28T00:26:26,idle,ue1,441586,841372.8308268201,0.841373
2026-06-28T00:26:26,idle,ue2,441598,841372.8308268201,0.841373
2026-06-28T00:26:26,idle,ue3,441610,767468.4565587908,0.767468
2026-06-28T00:26:26,idle,ue4,441622,807263.1150806552,0.807263
2026-06-28T00:26:26,idle,ue5,442346,847057.7736025197,0.847058
2026-06-28T00:26:26,idle,ue6,442358,841372.8308268201,0.841373
2026-06-28T00:26:26,idle,ue7,442370,744728.6263640248,0.744729
2026-06-28T00:26:26,idle,ue8,442382,835687.8289591527,0.835688
2026-06-28T00:26:32,idle,cu_cp,441331,311092.2219489166,0.311092
2026-06-28T00:26:32,idle,cu_up,441358,325906.1428854674,0.325906
2026-06-28T00:26:32,idle,du1,441519,2943031.2332602404,2.943031
2026-06-28T00:26:32,idle,du2,442282,2967721.0720581627,2.967721
2026-06-28T00:26:32,idle,ue1,441586,844393.2285164327,0.844393
2026-06-28T00:26:32,idle,ue2,441598,814765.386643331,0.814765
2026-06-28T00:26:32,idle,ue3,441610,829579.2192908942,0.829579
2026-06-28T00:26:32,idle,ue4,441622,765385.6501881618,0.765386
2026-06-28T00:26:32,idle,ue5,442346,824641.333934365,0.824641
2026-06-28T00:26:32,idle,ue6,442358,809827.4424274766,0.809827
2026-06-28T00:26:32,idle,ue7,442370,814765.386643331,0.814765
2026-06-28T00:26:32,idle,ue8,442382,819703.2719998604,0.819703
2026-06-28T00:26:37,idle,cu_cp,441331,325021.3935152233,0.325021
2026-06-28T00:26:37,idle,cu_up,441358,328030.82845592854,0.328031
2026-06-28T00:26:37,idle,du1,441519,2913154.7428517723,2.913155
2026-06-28T00:26:37,idle,du2,442282,2994409.9584301426,2.994410
2026-06-28T00:26:37,idle,ue1,441586,818572.3831806767,0.818572
2026-06-28T00:26:37,idle,ue2,441598,827600.8060476243,0.827601
2026-06-28T00:26:37,idle,ue3,441610,830610.1819659137,0.830610
2026-06-28T00:26:37,idle,ue4,441622,803525.0904323184,0.803525
2026-06-28T00:26:37,idle,ue5,442346,842647.9807511509,0.842648
2026-06-28T00:26:37,idle,ue6,442358,833619.675929035,0.833620
2026-06-28T00:26:37,idle,ue7,442370,785468.3627432549,0.785468
2026-06-28T00:26:37,idle,ue8,442382,839638.6048328615,0.839639
2026-06-28T00:26:42,idle,cu_cp,441331,323604.14165445865,0.323604
2026-06-28T00:26:42,idle,cu_up,441358,320579.80112031696,0.320580
2026-06-28T00:26:42,idle,du1,441519,2951753.52453475,2.951754
2026-06-28T00:26:42,idle,du2,442282,2945704.784366727,2.945705
2026-06-28T00:26:42,idle,ue1,441586,807498.124769336,0.807498
2026-06-28T00:26:42,idle,ue2,441598,828668.4789584577,0.828668
2026-06-28T00:26:42,idle,ue3,441610,822619.7978901744,0.822620
2026-06-28T00:26:42,idle,ue4,441622,801449.4437010527,0.801449
2026-06-28T00:26:42,idle,ue5,442346,837741.4710110128,0.837741
2026-06-28T00:26:42,idle,ue6,442358,831692.7899427295,0.831693
2026-06-28T00:26:42,idle,ue7,442370,774230.4675433874,0.774230
2026-06-28T00:26:42,idle,ue8,442382,822619.7978901744,0.822620
2026-06-28T00:26:48,idle,cu_cp,441331,319779.787596184,0.319780
2026-06-28T00:26:48,idle,cu_up,441358,328830.1843616867,0.328830
2026-06-28T00:26:48,idle,du1,441519,2983605.971674404,2.983606
2026-06-28T00:26:48,idle,du2,442282,3007740.2840936277,3.007740
2026-06-28T00:26:48,idle,ue1,441586,844701.4084055328,0.844701
2026-06-28T00:26:48,idle,ue2,441598,832634.1929793335,0.832634
2026-06-28T00:26:48,idle,ue3,441610,823583.8258221245,0.823584
2026-06-28T00:26:48,idle,ue4,441622,802466.3024553037,0.802466
2026-06-28T00:26:48,idle,ue5,442346,844701.4084055328,0.844701
2026-06-28T00:26:48,idle,ue6,442358,832634.1929793335,0.832634
2026-06-28T00:26:48,idle,ue7,442370,805483.0915077067,0.805483
2026-06-28T00:26:48,idle,ue8,442382,823583.8258221245,0.823584
2026-06-28T00:26:53,idle,cu_cp,441331,329495.92601284414,0.329496
2026-06-28T00:26:53,idle,cu_up,441358,326473.0175464436,0.326473
2026-06-28T00:26:53,idle,du1,441519,3001737.968917179,3.001738
2026-06-28T00:26:53,idle,du2,442282,3019875.301139927,3.019875
2026-06-28T00:26:53,idle,ue1,441586,828274.1332658404,0.828274
2026-06-28T00:26:53,idle,ue2,441598,840365.7671314424,0.840366
2026-06-28T00:26:53,idle,ue3,441610,843388.6163100153,0.843389
2026-06-28T00:26:53,idle,ue4,441622,813159.5909338379,0.813160
2026-06-28T00:26:53,idle,ue5,442346,849434.3739549887,0.849434
2026-06-28T00:26:53,idle,ue6,442358,831297.0417322409,0.831297
2026-06-28T00:26:53,idle,ue7,442370,804090.9841102916,0.804091
2026-06-28T00:26:53,idle,ue8,442382,834319.8909108138,0.834320
2026-06-28T00:26:59,idle,cu_cp,441331,320268.0116657123,0.320268
2026-06-28T00:26:59,idle,cu_up,441358,329780.9106360513,0.329781
2026-06-28T00:26:59,idle,du1,441519,2901437.696433272,2.901438
2026-06-28T00:26:59,idle,du2,442282,2942660.2881379058,2.942660
2026-06-28T00:26:59,idle,ue1,441586,824452.2470902973,0.824452
2026-06-28T00:26:59,idle,ue2,441598,830794.2387368518,0.830794
2026-06-28T00:26:59,idle,ue3,441610,824452.2470902973,0.824452
2026-06-28T00:26:59,idle,ue4,441622,802255.4533263422,0.802255
2026-06-28T00:26:59,idle,ue5,442346,846649.0408542525,0.846649
2026-06-28T00:26:59,idle,ue6,442358,837136.1713837445,0.837136
2026-06-28T00:26:59,idle,ue7,442370,799084.5165027267,0.799085
2026-06-28T00:26:59,idle,ue8,442382,830794.2387368518,0.830794
2026-06-28T00:27:04,idle,cu_cp,441331,325639.63773500203,0.325640
2026-06-28T00:27:04,idle,cu_up,441358,332152.4322631216,0.332152
2026-06-28T00:27:04,idle,du1,441519,2950295.0049714088,2.950295
2026-06-28T00:27:04,idle,du2,442282,2982859.007168999,2.982859
2026-06-28T00:27:04,idle,ue1,441586,827124.6981722403,0.827125
2026-06-28T00:27:04,idle,ue2,441598,830381.0511008119,0.830381
2026-06-28T00:27:04,idle,ue3,441610,827124.6981722403,0.827125
2026-06-28T00:27:04,idle,ue4,441622,823868.2861296844,0.823868
2026-06-28T00:27:04,idle,ue5,442346,823868.2861296844,0.823868
2026-06-28T00:27:04,idle,ue6,442358,849919.4642421626,0.849919
2026-06-28T00:27:04,idle,ue7,442370,801073.579173746,0.801074
2026-06-28T00:27:04,idle,ue8,442382,840150.2872284794,0.840150
2026-06-28T00:27:09,idle,cu_cp,441331,327244.5422373712,0.327245
2026-06-28T00:27:09,idle,cu_up,441358,333789.4182537055,0.333789
2026-06-28T00:27:09,idle,du1,441519,2991015.2495052908,2.991015
2026-06-28T00:27:09,idle,du2,442282,2981197.89099555,2.981198
2026-06-28T00:27:09,idle,ue1,441586,857380.6858334994,0.857381
2026-06-28T00:27:09,idle,ue2,441598,837746.0281276703,0.837746
2026-06-28T00:27:09,idle,ue3,441610,821383.8232584214,0.821384
2026-06-28T00:27:09,idle,ue4,441622,814838.9175852608,0.814839
2026-06-28T00:27:09,idle,ue5,442346,841018.4809642505,0.841018
2026-06-28T00:27:09,idle,ue6,442358,814838.9175852608,0.814839
2026-06-28T00:27:09,idle,ue7,442370,795204.2598794317,0.795204
2026-06-28T00:27:09,idle,ue8,442382,837746.0281276703,0.837746
2026-06-28T00:27:15,idle,cu_cp,441331,326755.5874237895,0.326756
2026-06-28T00:27:15,idle,cu_up,441358,323488.0256192586,0.323488
2026-06-28T00:27:15,idle,du1,441519,2973475.726950624,2.973476
2026-06-28T00:27:15,idle,du2,442282,3012686.5872108554,3.012687
2026-06-28T00:27:15,idle,ue1,441586,856099.5916079843,0.856100
2026-06-28T00:27:15,idle,ue2,441598,784213.4098170948,0.784213
2026-06-28T00:27:15,idle,ue3,441610,816888.9685594738,0.816889
2026-06-28T00:27:15,idle,ue4,441622,826691.6243216014,0.826692
2026-06-28T00:27:15,idle,ue5,442346,816888.9685594738,0.816889
2026-06-28T00:27:15,idle,ue6,442358,810353.9042533422,0.810354
2026-06-28T00:27:15,idle,ue7,442370,820156.4414096093,0.820156
2026-06-28T00:27:15,idle,ue8,442382,816888.9685594738,0.816889
2026-06-28T00:27:20,idle,cu_cp,441331,322658.43366509676,0.322658
2026-06-28T00:27:20,idle,cu_up,441358,325917.596011582,0.325918
2026-06-28T00:27:20,idle,du1,441519,2903925.902985871,2.903926
2026-06-28T00:27:20,idle,du2,442282,2946295.3094386696,2.946295
2026-06-28T00:27:20,idle,ue1,441586,847385.8206577509,0.847386
2026-06-28T00:27:20,idle,ue2,441598,798498.1487016797,0.798498
2026-06-28T00:27:20,idle,ue3,441610,811534.8572773188,0.811535
2026-06-28T00:27:20,idle,ue4,441622,811534.8572773188,0.811535
2026-06-28T00:27:20,idle,ue5,442346,844126.5991215676,0.844127
2026-06-28T00:27:20,idle,ue6,442358,827830.7281994432,0.827831
2026-06-28T00:27:20,idle,ue7,442370,814794.0196238041,0.814794
2026-06-28T00:27:20,idle,ue8,442382,811534.8572773188,0.811535
2026-06-28T00:27:25,idle,cu_cp,441331,316182.3905837166,0.316182
2026-06-28T00:27:25,idle,cu_up,441358,332480.47480288625,0.332480
2026-06-28T00:27:25,idle,du1,441519,2891276.357925606,2.891276
2026-06-28T00:27:25,idle,du2,442282,2962987.6920802593,2.962988
2026-06-28T00:27:25,idle,ue1,441586,821422.3808025313,0.821422
2026-06-28T00:27:25,idle,ue2,441598,782306.9786765241,0.782307
2026-06-28T00:27:25,idle,ue3,441610,805124.3556857848,0.805124
2026-06-28T00:27:25,idle,ue4,441622,792085.8883104491,0.792086
2026-06-28T00:27:25,idle,ue5,442346,847499.3155532026,0.847499
2026-06-28T00:27:25,idle,ue6,442358,837720.4059192777,0.837720
2026-06-28T00:27:25,idle,ue7,442370,785566.5955203581,0.785567
2026-06-28T00:27:25,idle,ue8,442382,834460.8481778669,0.834461
2026-06-28T00:27:31,idle,cu_cp,441331,331031.4679368639,0.331031
2026-06-28T00:27:31,idle,cu_up,441358,331031.4679368639,0.331031
2026-06-28T00:27:31,idle,du1,441519,2979283.2114317752,2.979283
2026-06-28T00:27:31,idle,du2,442282,2986639.529385996,2.986640
2026-06-28T00:27:31,idle,ue1,441586,809188.0524567998,0.809188
2026-06-28T00:27:31,idle,ue2,441598,831256.7696525395,0.831257
2026-06-28T00:27:31,idle,ue3,441610,831256.7696525395,0.831257
2026-06-28T00:27:31,idle,ue4,441622,823900.5108650493,0.823901
2026-06-28T00:27:31,idle,ue5,442346,765050.499731859,0.765050
2026-06-28T00:27:31,idle,ue6,442358,809188.0524567998,0.809188
2026-06-28T00:27:31,idle,ue7,442370,750337.9821568787,0.750338
2026-06-28T00:27:31,idle,ue8,442382,838613.0876067602,0.838613
2026-06-28T00:27:36,idle,cu_cp,441331,319419.6102588892,0.319420
2026-06-28T00:27:36,idle,cu_up,441358,325682.7369698599,0.325683
2026-06-28T00:27:36,idle,du1,441519,2987512.713927722,2.987513
2026-06-28T00:27:36,idle,du2,442282,2987512.713927722,2.987513
2026-06-28T00:27:36,idle,ue1,441586,832996.2373575002,0.832996
2026-06-28T00:27:36,idle,ue2,441598,851785.5878905356,0.851786
2026-06-28T00:27:36,idle,ue3,441610,839259.3936683476,0.839259
2026-06-28T00:27:36,idle,ue4,441622,770364.9110480398,0.770365
2026-06-28T00:27:36,idle,ue5,442346,820469.9247358054,0.820470
2026-06-28T00:27:36,idle,ue6,442358,801680.57420277,0.801681
2026-06-28T00:27:36,idle,ue7,442370,820469.9247358054,0.820470
2026-06-28T00:27:36,idle,ue8,442382,807943.7305136174,0.807944
2026-06-28T00:27:41,idle,cu_cp,441331,331348.7405898705,0.331349
2026-06-28T00:27:41,idle,cu_up,441358,325826.2402615875,0.325826
2026-06-28T00:27:41,idle,du1,441519,3064975.7537796022,3.064976
2026-06-28T00:27:41,idle,du2,442282,2998706.10680033,2.998706
2026-06-28T00:27:41,idle,ue1,441586,778669.5418735296,0.778670
2026-06-28T00:27:41,idle,ue2,441598,822849.3065263778,0.822849
2026-06-28T00:27:41,idle,ue3,441610,839416.8372579038,0.839417
2026-06-28T00:27:41,idle,ue4,441622,806281.8947815597,0.806282
2026-06-28T00:27:41,idle,ue5,442346,850461.7784211158,0.850462
2026-06-28T00:27:41,idle,ue6,442358,800759.4241999537,0.800759
2026-06-28T00:27:41,idle,ue7,442370,855984.2490027219,0.855984
2026-06-28T00:27:41,idle,ue8,442382,806281.8947815597,0.806282
2026-06-28T00:27:47,idle,cu_cp,441331,324291.91759931564,0.324292
2026-06-28T00:27:47,idle,cu_up,441358,329132.0804560661,0.329132
2026-06-28T00:27:47,idle,du1,441519,2889585.985313034,2.889586
2026-06-28T00:27:47,idle,du2,442282,2986389.71595253,2.986390
2026-06-28T00:27:47,idle,ue1,441586,817990.0086893844,0.817990
2026-06-28T00:27:47,idle,ue2,441598,822830.171546135,0.822830
2026-06-28T00:27:47,idle,ue3,441610,837350.778492508,0.837351
2026-06-28T00:27:47,idle,ue4,441622,822830.171546135,0.822830
2026-06-28T00:27:47,idle,ue5,442346,847031.104206009,0.847031
2026-06-28T00:27:47,idle,ue6,442358,817990.0086893844,0.817990
2026-06-28T00:27:47,idle,ue7,442370,779268.6466473198,0.779269
2026-06-28T00:27:47,idle,ue8,442382,827670.3935909462,0.827670
2026-06-28T00:27:52,idle,cu_cp,441331,330744.5664076814,0.330745
2026-06-28T00:27:52,idle,cu_up,441358,324675.84924348415,0.324676
2026-06-28T00:27:52,idle,du1,441519,2916013.7777297115,2.916014
2026-06-28T00:27:52,idle,du2,442282,2976700.8900527046,2.976701
2026-06-28T00:27:52,idle,ue1,441586,828378.5137466561,0.828379
2026-06-28T00:27:52,idle,ue2,441598,828378.5137466561,0.828379
2026-06-28T00:27:52,idle,ue3,441610,801069.3606564928,0.801069
2026-06-28T00:27:52,idle,ue4,441622,837481.6636416763,0.837482
2026-06-28T00:27:52,idle,ue5,442346,843550.3511463839,0.843550
2026-06-28T00:27:52,idle,ue6,442358,837481.6636416763,0.837482
2026-06-28T00:27:52,idle,ue7,442370,828378.5137466561,0.828379
2026-06-28T00:27:52,idle,ue8,442382,840516.0073940301,0.840516
2026-06-28T00:27:57,idle,cu_cp,441331,328800.5290352231,0.328801
2026-06-28T00:27:57,idle,cu_up,441358,328800.5290352231,0.328801
2026-06-28T00:27:57,idle,du1,441519,2941105.4385338114,2.941105
2026-06-28T00:27:57,idle,du2,442282,2956188.074262142,2.956188
2026-06-28T00:27:57,idle,ue1,441586,823509.5180514168,0.823510
2026-06-28T00:27:57,idle,ue2,441598,808427.0007743454,0.808427
2026-06-28T00:27:57,idle,ue3,441610,838592.1537797474,0.838592
2026-06-28T00:27:57,idle,ue4,441622,844625.1133100725,0.844625
2026-06-28T00:27:57,idle,ue5,442346,844625.1133100725,0.844625
2026-06-28T00:27:57,idle,ue6,442358,832559.0757981634,0.832559
2026-06-28T00:27:57,idle,ue7,442370,817476.4400698328,0.817476
2026-06-28T00:27:57,idle,ue8,442382,808427.0007743454,0.808427
2026-06-28T00:28:03,idle,cu_cp,441331,328619.65275315644,0.328620
2026-06-28T00:28:03,idle,cu_up,441358,328619.65275315644,0.328620
2026-06-28T00:28:03,idle,du1,441519,2981695.7086717417,2.981696
2026-06-28T00:28:03,idle,du2,442282,2978680.817383261,2.978681
2026-06-28T00:28:03,idle,ue1,441586,829086.3304626417,0.829086
2026-06-28T00:28:03,idle,ue2,441598,820041.6565971994,0.820042
2026-06-28T00:28:03,idle,ue3,441610,829086.3304626417,0.829086
2026-06-28T00:28:03,idle,ue4,441622,817026.8838745237,0.817027
2026-06-28T00:28:03,idle,ue5,442346,832101.1031853175,0.832101
2026-06-28T00:28:03,idle,ue6,442358,850190.2730674946,0.850190
2026-06-28T00:28:03,idle,ue7,442370,817026.8838745237,0.817027
2026-06-28T00:28:03,idle,ue8,442382,826071.3798912584,0.826071
2026-06-28T00:28:08,idle,cu_cp,441331,329438.07871088386,0.329438
2026-06-28T00:28:08,idle,cu_up,441358,326415.7172792613,0.326416
2026-06-28T00:28:08,idle,du1,441519,3031434.8082988737,3.031435
2026-06-28T00:28:08,idle,du2,442282,2898450.667859125,2.898451
2026-06-28T00:28:08,idle,ue1,441586,831151.174558878,0.831151
2026-06-28T00:28:08,idle,ue2,441598,864397.1503067255,0.864397
2026-06-28T00:28:08,idle,ue3,441610,849285.343148613,0.849285
2026-06-28T00:28:08,idle,ue4,441622,819061.6101082086,0.819062
2026-06-28T00:28:08,idle,ue5,442346,831151.174558878,0.831151
2026-06-28T00:28:08,idle,ue6,442358,852307.7045802355,0.852308
2026-06-28T00:28:08,idle,ue7,442370,846262.9817169905,0.846263
2026-06-28T00:28:08,idle,ue8,442382,837195.897422123,0.837196
2026-06-28T00:28:14,idle,cu_cp,441331,331161.7803301674,0.331162
2026-06-28T00:28:14,idle,cu_up,441358,324668.4277879018,0.324668
2026-06-28T00:28:14,idle,du1,441519,2977209.524628067,2.977210
2026-06-28T00:28:14,idle,du2,442282,2951236.1144590043,2.951236
2026-06-28T00:28:14,idle,ue1,441586,844137.9063176215,0.844138
2026-06-28T00:28:14,idle,ue2,441598,824657.7893815935,0.824658
2026-06-28T00:28:14,idle,ue3,441610,814917.7309135795,0.814918
2026-06-28T00:28:14,idle,ue4,441622,814917.7309135795,0.814918
2026-06-28T00:28:14,idle,ue5,442346,818164.4368393278,0.818164
2026-06-28T00:28:14,idle,ue6,442358,834397.8478496075,0.834398
2026-06-28T00:28:14,idle,ue7,442370,811671.0249878311,0.811671
2026-06-28T00:28:14,idle,ue8,442382,827904.4953073418,0.827904
2026-06-28T00:28:19,idle,cu_cp,441331,326544.95449316205,0.326545
2026-06-28T00:28:19,idle,cu_up,441358,323279.50790844887,0.323280
2026-06-28T00:28:19,idle,du1,441519,2974824.650881226,2.974825
2026-06-28T00:28:19,idle,du2,442282,2958497.506764214,2.958498
2026-06-28T00:28:19,idle,ue1,441586,845751.4646996927,0.845751
2026-06-28T00:28:19,idle,ue2,441598,757584.3181058835,0.757584
2026-06-28T00:28:19,idle,ue3,441610,826158.7851914137,0.826159
2026-06-28T00:28:19,idle,ue4,441622,822893.3682088852,0.822893
2026-06-28T00:28:19,idle,ue5,442346,793504.3193442822,0.793504
2026-06-28T00:28:19,idle,ue6,442358,816362.4158350896,0.816362
2026-06-28T00:28:19,idle,ue7,442370,790238.8431573844,0.790239
2026-06-28T00:28:19,idle,ue8,442382,767380.6874622076,0.767381
2026-06-28T00:28:24,idle,cu_cp,441331,322899.29888070526,0.322899
2026-06-28T00:28:24,idle,cu_up,441358,326160.9229247421,0.326161
2026-06-28T00:28:24,idle,du1,441519,3026773.3647416066,3.026773
2026-06-28T00:28:24,idle,du2,442282,2919140.245361652,2.919140
2026-06-28T00:28:24,idle,ue1,441586,838233.5867313766,0.838234
2026-06-28T00:28:24,idle,ue2,441598,825187.0905552292,0.825187
2026-06-28T00:28:24,idle,ue3,441610,786047.8390634179,0.786048
2026-06-28T00:28:24,idle,ue4,441622,805617.4055501658,0.805617
2026-06-28T00:28:24,idle,ue5,442346,838233.5867313766,0.838234
2026-06-28T00:28:24,idle,ue6,442358,815402.3369414342,0.815402
2026-06-28T00:28:24,idle,ue7,442370,844756.7755602926,0.844757
2026-06-28T00:28:24,idle,ue8,442382,828448.6553401083,0.828449
2026-06-28T00:28:30,idle,cu_cp,441331,316252.01908426645,0.316252
2026-06-28T00:28:30,idle,cu_up,441358,326033.02341638325,0.326033
2026-06-28T00:28:30,idle,du1,441519,2921255.85188488,2.921256
2026-06-28T00:28:30,idle,du2,442282,2976681.4937175084,2.976681
2026-06-28T00:28:30,idle,ue1,441586,844425.4530188275,0.844425
2026-06-28T00:28:30,idle,ue2,441598,834644.5375755716,0.834645
2026-06-28T00:28:30,idle,ue3,441610,785739.5455446077,0.785740
2026-06-28T00:28:30,idle,ue4,441622,811822.2632697463,0.811822
2026-06-28T00:28:30,idle,ue5,442346,841165.1873772359,0.841165
2026-06-28T00:28:30,idle,ue6,442358,850946.221338973,0.850946
2026-06-28T00:28:30,idle,ue7,442370,821603.1787130022,0.821603
2026-06-28T00:28:30,idle,ue8,442382,828123.8877739072,0.828124
2026-06-28T00:28:35,idle,cu_cp,441331,327432.8115548253,0.327433
2026-06-28T00:28:35,idle,cu_up,441358,330707.14768443105,0.330707
2026-06-28T00:28:35,idle,du1,441519,3009107.6310925484,3.009108
2026-06-28T00:28:35,idle,du2,442282,3002558.899469948,3.002559
2026-06-28T00:28:35,idle,ue1,441586,841502.3966351509,0.841502
2026-06-28T00:28:35,idle,ue2,441598,828405.0521167278,0.828405
2026-06-28T00:28:35,idle,ue3,441610,821856.3204941272,0.821856
2026-06-28T00:28:35,idle,ue4,441622,815307.7075983047,0.815308
2026-06-28T00:28:35,idle,ue5,442346,854599.622426796,0.854600
2026-06-28T00:28:35,idle,ue6,442358,861148.3540493965,0.861148
2026-06-28T00:28:35,idle,ue7,442370,825130.6863054276,0.825131
2026-06-28T00:28:35,idle,ue8,442382,828405.0521167278,0.828405
2026-06-28T00:28:40,idle,cu_cp,441331,334460.5906823069,0.334461
2026-06-28T00:28:40,idle,cu_up,441358,326303.01602630946,0.326303
2026-06-28T00:28:40,idle,du1,441519,2944884.5401743148,2.944885
2026-06-28T00:28:40,idle,du2,442282,2969357.5322200083,2.969358
2026-06-28T00:28:40,idle,ue1,441586,832072.6744845628,0.832073
2026-06-28T00:28:40,idle,ue2,441598,774969.6221061695,0.774970
2026-06-28T00:28:40,idle,ue3,441610,832072.6744845628,0.832073
2026-06-28T00:28:40,idle,ue4,441622,807599.9207301593,0.807600
2026-06-28T00:28:40,idle,ue5,442346,807599.9207301593,0.807600
2026-06-28T00:28:40,idle,ue6,442358,791284.7714181644,0.791285
2026-06-28T00:28:40,idle,ue7,442370,783127.1669757557,0.783127
2026-06-28T00:28:40,idle,ue8,442382,832072.6744845628,0.832073
2026-06-28T00:28:46,idle,cu_cp,441331,325714.400730215,0.325714
2026-06-28T00:28:46,idle,cu_up,441358,325714.400730215,0.325714
2026-06-28T00:28:46,idle,du1,441519,2924643.692928672,2.924644
2026-06-28T00:28:46,idle,du2,442282,2931429.3398405313,2.931429
2026-06-28T00:28:46,idle,ue1,441586,834643.1055636406,0.834643
2026-06-28T00:28:46,idle,ue2,441598,855000.2833938003,0.855000
2026-06-28T00:28:46,idle,ue3,441610,814285.9870071262,0.814286
2026-06-28T00:28:46,idle,ue4,441622,821071.693192631,0.821072
2026-06-28T00:28:46,idle,ue5,442346,841428.8710227907,0.841429
2026-06-28T00:28:46,idle,ue6,442358,766785.9844349474,0.766786
2026-06-28T00:28:46,idle,ue7,442370,807500.2215479761,0.807500
2026-06-28T00:28:46,idle,ue8,442382,841428.8710227907,0.841429
2026-06-28T00:28:51,idle,cu_cp,441331,334358.31302636623,0.334358
2026-06-28T00:28:51,idle,cu_up,441358,322626.44811867713,0.322626
2026-06-28T00:28:51,idle,du1,441519,2997492.774339905,2.997493
2026-06-28T00:28:51,idle,du2,442282,2950565.4333689497,2.950565
2026-06-28T00:28:51,idle,ue1,441586,844694.7479928207,0.844695
2026-06-28T00:28:51,idle,ue2,441598,821230.9588475418,0.821231
2026-06-28T00:28:51,idle,ue3,441610,827096.9061338615,0.827097
2026-06-28T00:28:51,idle,ue4,441622,809499.1236048031,0.809499
2026-06-28T00:28:51,idle,ue5,442346,856426.5832355595,0.856427
2026-06-28T00:28:51,idle,ue6,442358,827096.9061338615,0.827097
2026-06-28T00:28:51,idle,ue7,442370,815365.011561222,0.815365
2026-06-28T00:28:51,idle,ue8,442382,879890.3130509376,0.879890
2026-06-28T00:28:57,idle,cu_cp,441331,326987.0811371636,0.326987
2026-06-28T00:28:57,idle,cu_up,441358,321877.89366040943,0.321878
2026-06-28T00:28:57,idle,du1,441519,3019521.3352365685,3.019521
2026-06-28T00:28:57,idle,du2,442282,2937774.572350464,2.937775
2026-06-28T00:28:57,idle,ue1,441586,822576.8755232906,0.822577
2026-06-28T00:28:57,idle,ue2,441598,807249.313093028,0.807249
2026-06-28T00:28:57,idle,ue3,441610,822576.8755232906,0.822577
2026-06-28T00:28:57,idle,ue4,441622,761266.7441732216,0.761267
2026-06-28T00:28:57,idle,ue5,442346,858341.0694895887,0.858341
2026-06-28T00:28:57,idle,ue6,442358,812358.5005697822,0.812359
2026-06-28T00:28:57,idle,ue7,442370,812358.5005697822,0.812359
2026-06-28T00:28:57,idle,ue8,442382,807249.313093028,0.807249
2026-06-28T00:29:02,idle,cu_cp,441331,323686.1416359285,0.323686
2026-06-28T00:29:02,idle,cu_up,441358,332761.4276820794,0.332761
2026-06-28T00:29:02,idle,du1,441519,2952501.2868415834,2.952501
2026-06-28T00:29:02,idle,du2,442282,2982752.3985305573,2.982752
2026-06-28T00:29:02,idle,ue1,441586,850054.1857917577,0.850054
2026-06-28T00:29:02,idle,ue2,441598,780476.8543446887,0.780477
2026-06-28T00:29:02,idle,ue3,441610,828878.5381259643,0.828879
2026-06-28T00:29:02,idle,ue4,441622,783501.8705925036,0.783502
2026-06-28T00:29:02,idle,ue5,442346,804677.6369096499,0.804678
2026-06-28T00:29:02,idle,ue6,442358,853079.3206909257,0.853079
2026-06-28T00:29:02,idle,ue7,442370,801652.5613361585,0.801653
2026-06-28T00:29:02,idle,ue8,442382,831903.5543737793,0.831904
2026-06-28T00:29:07,idle,cu_cp,441331,320477.5883657783,0.320478
2026-06-28T00:29:07,idle,cu_up,441358,332571.0587605685,0.332571
2026-06-28T00:29:07,idle,du1,441519,2923601.8961025476,2.923602
2026-06-28T00:29:07,idle,du2,442282,2993139.558507204,2.993140
2026-06-28T00:29:07,idle,ue1,441586,849567.8673246503,0.849568
2026-06-28T00:29:07,idle,ue2,441598,819334.1320134997,0.819334
2026-06-28T00:29:07,idle,ue3,441610,828404.2644716799,0.828404
2026-06-28T00:29:07,idle,ue4,441622,792123.7939631343,0.792124
2026-06-28T00:29:07,idle,ue5,442346,843521.1914514303,0.843521
2026-06-28T00:29:07,idle,ue6,442358,810264.0588794947,0.810264
2026-06-28T00:29:07,idle,ue7,442370,813287.4561402798,0.813287
2026-06-28T00:29:07,idle,ue8,442382,849567.8673246503,0.849568
2026-06-28T00:29:13,idle,cu_cp,441331,330456.22059084446,0.330456
2026-06-28T00:29:13,idle,cu_up,441358,336519.61891534296,0.336520
2026-06-28T00:29:13,idle,du1,441519,2986232.692680802,2.986233
2026-06-28T00:29:13,idle,du2,442282,3019581.2941797497,3.019581
2026-06-28T00:29:13,idle,ue1,441586,842814.9266314137,0.842815
2026-06-28T00:29:13,idle,ue2,441598,833719.7993827343,0.833720
2026-06-28T00:29:13,idle,ue3,441610,842814.9266314137,0.842815
2026-06-28T00:29:13,idle,ue4,441622,815529.5448853755,0.815530
2026-06-28T00:29:13,idle,ue5,442346,854941.7232804107,0.854942
2026-06-28T00:29:13,idle,ue6,442358,806434.4176366961,0.806434
2026-06-28T00:29:13,idle,ue7,442370,806434.4176366961,0.806434
2026-06-28T00:29:13,idle,ue8,442382,824624.6126101917,0.824625
2026-06-28T00:29:18,idle,cu_cp,441331,324994.1827076912,0.324994
2026-06-28T00:29:18,idle,cu_up,441358,328031.51873692754,0.328032
2026-06-28T00:29:18,idle,du1,441519,3000880.866849222,3.000881
2026-06-28T00:29:18,idle,du2,442282,3013030.2109661675,3.013030
2026-06-28T00:29:18,idle,ue1,441586,823116.1031630706,0.823116
2026-06-28T00:29:18,idle,ue2,441598,807929.4824338579,0.807929
2026-06-28T00:29:18,idle,ue3,441610,844377.395950756,0.844377
2026-06-28T00:29:18,idle,ue4,441622,801854.8103753853,0.801855
2026-06-28T00:29:18,idle,ue5,442346,847414.7319799924,0.847415
2026-06-28T00:29:18,idle,ue6,442358,823116.1031630706,0.823116
2026-06-28T00:29:18,idle,ue7,442370,783630.7941999674,0.783631
2026-06-28T00:29:18,idle,ue8,442382,835265.4472800159,0.835265
2026-06-28T00:29:24,idle,cu_cp,441331,320126.62136476755,0.320127
2026-06-28T00:29:24,idle,cu_up,441358,323265.1153318286,0.323265
2026-06-28T00:29:24,idle,du1,441519,2972155.9173276783,2.972156
2026-06-28T00:29:24,idle,du2,442282,2937632.4836900067,2.937632
2026-06-28T00:29:24,idle,ue1,441586,841116.9749837124,0.841117
2026-06-28T00:29:24,idle,ue2,441598,775208.6016754305,0.775209
2026-06-28T00:29:24,idle,ue3,441610,812870.529280163,0.812871
2026-06-28T00:29:24,idle,ue4,441622,794039.5654777968,0.794040
2026-06-28T00:29:24,idle,ue5,442346,816009.023247224,0.816009
2026-06-28T00:29:24,idle,ue6,442358,863086.491934275,0.863086
2026-06-28T00:29:24,idle,ue7,442370,809732.035313102,0.809732
2026-06-28T00:29:24,idle,ue8,442382,853670.9508519566,0.853671
2026-06-28T00:29:29,idle,cu_cp,441331,338169.81070192694,0.338170
2026-06-28T00:29:29,idle,cu_up,441358,334886.60025929066,0.334887
2026-06-28T00:29:29,idle,du1,441519,2951598.642513764,2.951599
2026-06-28T00:29:29,idle,du2,442282,3020545.972337787,3.020546
2026-06-28T00:29:29,idle,ue1,441586,833933.3647650396,0.833933
2026-06-28T00:29:29,idle,ue2,441598,840499.7260027528,0.840500
2026-06-28T00:29:29,idle,ue3,441610,810950.8618428058,0.810951
2026-06-28T00:29:29,idle,ue4,441622,827366.9438797671,0.827367
2026-06-28T00:29:29,idle,ue5,442346,860198.9886585707,0.860199
2026-06-28T00:29:29,idle,ue6,442358,824083.703613351,0.824084
2026-06-28T00:29:29,idle,ue7,442370,830650.1244986237,0.830650
2026-06-28T00:29:29,idle,ue8,442382,781402.1169779778,0.781402
2026-06-28T00:29:34,idle,cu_cp,441331,324293.74880530534,0.324294
2026-06-28T00:29:34,idle,cu_up,441358,327569.436015451,0.327569
2026-06-28T00:29:34,idle,du1,441519,2915367.992454195,2.915368
2026-06-28T00:29:34,idle,du2,442282,3023465.8789309263,3.023466
2026-06-28T00:29:34,idle,ue1,441586,841853.489884758,0.841853
2026-06-28T00:29:34,idle,ue2,441598,832026.3984626174,0.832026
2026-06-28T00:29:34,idle,ue3,441610,805820.9007814527,0.805821
2026-06-28T00:29:34,idle,ue4,441622,835302.1154644669,0.835302
2026-06-28T00:29:34,idle,ue5,442346,841853.489884758,0.841853
2026-06-28T00:29:34,idle,ue6,442358,809096.6177833021,0.809097
2026-06-28T00:29:34,idle,ue7,442370,832026.3984626174,0.832026
2026-06-28T00:29:34,idle,ue8,442382,802545.1241961956,0.802545
2026-06-28T00:29:40,idle,cu_cp,441331,332119.4331328851,0.332119
2026-06-28T00:29:40,idle,cu_up,441358,332119.4331328851,0.332119
2026-06-28T00:29:40,idle,du1,441519,2998939.7541559553,2.998940
2026-06-28T00:29:40,idle,du2,442282,2966056.603704486,2.966057
2026-06-28T00:29:40,idle,ue1,441586,848384.3304430961,0.848384
2026-06-28T00:29:40,idle,ue2,441598,815501.1205413258,0.815501
2026-06-28T00:29:40,idle,ue3,441610,825366.0656767667,0.825366
2026-06-28T00:29:40,idle,ue4,441622,822077.8100819206,0.822078
2026-06-28T00:29:40,idle,ue5,442346,848384.3304430961,0.848384
2026-06-28T00:29:40,idle,ue6,442358,851672.5860379422,0.851673
2026-06-28T00:29:40,idle,ue7,442370,815501.1205413258,0.815501
2026-06-28T00:29:40,idle,ue8,442382,831942.6957670605,0.831943
2026-06-28T00:29:45,idle,cu_cp,441331,324440.3395230812,0.324440
2026-06-28T00:29:45,idle,cu_up,441358,324440.3395230812,0.324440
2026-06-28T00:29:45,idle,du1,441519,2978952.1732082604,2.978952
2026-06-28T00:29:45,idle,du2,442282,2923240.174390106,2.923240
2026-06-28T00:29:45,idle,ue1,441586,829125.3286333585,0.829125
2026-06-28T00:29:45,idle,ue2,441598,845511.1896500826,0.845511
2026-06-28T00:29:45,idle,ue3,441610,806185.0518486523,0.806185
2026-06-28T00:29:45,idle,ue4,441622,816016.556565138,0.816017
2026-06-28T00:29:45,idle,ue5,442346,845511.1896500826,0.845511
2026-06-28T00:29:45,idle,ue6,442358,819293.7644491291,0.819294
2026-06-28T00:29:45,idle,ue7,442370,802907.903432405,0.802908
2026-06-28T00:29:45,idle,ue8,442382,838956.7738821006,0.838957
2026-06-28T00:29:50,idle,cu_cp,441331,320357.1233551997,0.320357
2026-06-28T00:29:50,idle,cu_up,441358,330163.96195439907,0.330164
2026-06-28T00:29:50,idle,du1,441519,2938786.0273851845,2.938786
2026-06-28T00:29:50,idle,du2,442282,2948593.014402392,2.948593
2026-06-28T00:29:50,idle,ue1,441586,859733.8696667969,0.859734
2026-06-28T00:29:50,idle,ue2,441598,843389.1287735975,0.843389
2026-06-28T00:29:50,idle,ue3,441610,810699.5876199955,0.810700
2026-06-28T00:29:50,idle,ue4,441622,764934.3012455964,0.764934
2026-06-28T00:29:50,idle,ue5,442346,840120.1331011951,0.840120
2026-06-28T00:29:50,idle,ue6,442358,840120.1331011951,0.840120
2026-06-28T00:29:50,idle,ue7,442370,833582.2011235935,0.833582
2026-06-28T00:29:50,idle,ue8,442382,791085.9104215967,0.791086
2026-06-28T00:29:55,idle,cu_cp,441331,329742.8362513685,0.329743
2026-06-28T00:29:55,idle,cu_up,441358,329742.8362513685,0.329743
2026-06-28T00:29:55,idle,du1,441519,3005156.2275085975,3.005156
2026-06-28T00:29:55,idle,du2,442282,2982673.6641999506,2.982674
2026-06-28T00:29:55,idle,ue1,441586,839345.3473667871,0.839345
2026-06-28T00:29:55,idle,ue2,441598,824357.0906284213,0.824357
2026-06-28T00:29:55,idle,ue3,441610,839345.3473667871,0.839345
2026-06-28T00:29:55,idle,ue4,441622,809368.7744896895,0.809369
2026-06-28T00:29:55,idle,ue5,442346,846839.5351363361,0.846840
2026-06-28T00:29:55,idle,ue6,442358,839345.3473667871,0.839345
2026-06-28T00:29:55,idle,ue7,442370,816862.9028588724,0.816863
2026-06-28T00:29:55,idle,ue8,442382,839345.3473667871,0.839345
2026-06-28T00:30:01,idle,cu_cp,441331,323310.4047044277,0.323310
2026-06-28T00:30:01,idle,cu_up,441358,329649.81800929067,0.329650
2026-06-28T00:30:01,idle,du1,441519,2947830.1518196105,2.947830
2026-06-28T00:30:01,idle,du2,442282,2985866.631648788,2.985867
2026-06-28T00:30:01,idle,ue1,441586,862161.0396776962,0.862161
2026-06-28T00:30:01,idle,ue2,441598,824124.5005473518,0.824125
2026-06-28T00:30:01,idle,ue3,441610,773409.1348072815,0.773409
2026-06-28T00:30:01,idle,ue4,441622,798766.9066290664,0.798767
2026-06-28T00:30:01,idle,ue5,442346,830463.9138522148,0.830464
2026-06-28T00:30:01,idle,ue6,442358,824124.5005473518,0.824125
2026-06-28T00:30:01,idle,ue7,442370,773409.1348072815,0.773409
2026-06-28T00:30:01,idle,ue8,442382,773409.1348072815,0.773409
2026-06-28T00:30:06,idle,cu_cp,441331,318737.2581892049,0.318737
2026-06-28T00:30:06,idle,cu_up,441358,324232.7481161976,0.324233
2026-06-28T00:30:06,idle,du1,441519,3000526.5180032062,3.000527
2026-06-28T00:30:06,idle,du2,442282,2984040.255992346,2.984040
2026-06-28T00:30:06,idle,ue1,441586,818825.0012959242,0.818825
2026-06-28T00:30:06,idle,ue2,441598,818825.0012959242,0.818825
2026-06-28T00:30:06,idle,ue3,441610,763870.3394775605,0.763870
2026-06-28T00:30:06,idle,ue4,441622,813329.6004132676,0.813330
2026-06-28T00:30:06,idle,ue5,442346,840806.9016410041,0.840807
2026-06-28T00:30:06,idle,ue6,442358,835311.4413954568,0.835311
2026-06-28T00:30:06,idle,ue7,442370,791347.7000681877,0.791348
2026-06-28T00:30:06,idle,ue8,442382,835311.4413954568,0.835311
2026-06-28T00:30:12,idle,cu_cp,441331,319519.7617624807,0.319520
2026-06-28T00:30:12,idle,cu_up,441358,319519.7617624807,0.319520
2026-06-28T00:30:12,idle,du1,441519,3001549.399395738,3.001549
2026-06-28T00:30:12,idle,du2,442282,2972502.0836148118,2.972502
2026-06-28T00:30:12,idle,ue1,441586,842370.3187586153,0.842370
2026-06-28T00:30:12,idle,ue2,441598,769752.1479442513,0.769752
2026-06-28T00:30:12,idle,ue3,441610,793958.2642013478,0.793958
2026-06-28T00:30:12,idle,ue4,441622,803640.6039300311,0.803641
2026-06-28T00:30:12,idle,ue5,442346,827846.7201871276,0.827847
2026-06-28T00:30:12,idle,ue6,442358,789117.0053585434,0.789117
2026-06-28T00:30:12,idle,ue7,442370,827846.7201871276,0.827847
2026-06-28T00:30:12,idle,ue8,442382,827846.7201871276,0.827847
2026-06-28T00:30:17,idle,cu_cp,441331,321119.4739052996,0.321119
2026-06-28T00:30:17,idle,cu_up,441358,327178.3167720303,0.327178
2026-06-28T00:30:17,idle,du1,441519,2993075.980015135,2.993076
2026-06-28T00:30:17,idle,du2,442282,2983987.4780947207,2.983987
2026-06-28T00:30:17,idle,ue1,441586,839151.8162199825,0.839152
2026-06-28T00:30:17,idle,ue2,441598,830063.5519198865,0.830064
2026-06-28T00:30:17,idle,ue3,441610,811886.9639146149,0.811887
2026-06-28T00:30:17,idle,ue4,441622,808857.5424812495,0.808858
2026-06-28T00:30:17,idle,ue5,442346,845210.7184917927,0.845211
2026-06-28T00:30:17,idle,ue6,442358,781592.7495809614,0.781593
2026-06-28T00:30:17,idle,ue7,442370,814916.3853479803,0.814916
2026-06-28T00:30:17,idle,ue8,442382,842181.2376533479,0.842181
2026-06-28T00:30:22,idle,cu_cp,441331,331937.128802526,0.331937
2026-06-28T00:30:22,idle,cu_up,441358,325846.5526771027,0.325847
2026-06-28T00:30:22,idle,du1,441519,3008751.458710127,3.008751
2026-06-28T00:30:22,idle,du2,442282,2972207.8231901694,2.972208
2026-06-28T00:30:22,idle,ue1,441586,834410.8062408793,0.834411
2026-06-28T00:30:22,idle,ue2,441598,834410.8062408793,0.834411
2026-06-28T00:30:22,idle,ue3,441610,840501.352571733,0.840501
2026-06-28T00:30:22,idle,ue4,441622,822229.6539900326,0.822230
2026-06-28T00:30:22,idle,ue5,442346,846592.0180808651,0.846592
2026-06-28T00:30:22,idle,ue6,442358,800912.5928591967,0.800913
2026-06-28T00:30:22,idle,ue7,442370,810048.4421500468,0.810048
2026-06-28T00:30:22,idle,ue8,442382,825274.9569500291,0.825275
2026-06-28T00:30:28,idle,cu_cp,441331,324031.5889140716,0.324032
2026-06-28T00:30:28,idle,cu_up,441358,333116.5784186542,0.333117
2026-06-28T00:30:28,idle,du1,441519,2967765.9667360713,2.967766
2026-06-28T00:30:28,idle,du2,442282,2967765.9667360713,2.967766
2026-06-28T00:30:28,idle,ue1,441586,805536.5071912837,0.805537
2026-06-28T00:30:28,idle,ue2,441598,823706.426883657,0.823706
2026-06-28T00:30:28,idle,ue3,441610,814621.4077206785,0.814621
2026-06-28T00:30:28,idle,ue4,441622,826734.727060122,0.826735
2026-06-28T00:30:28,idle,ue5,442346,853989.7845490575,0.853990
2026-06-28T00:30:28,idle,ue6,442358,781309.749878813,0.781310
2026-06-28T00:30:28,idle,ue7,442370,781309.749878813,0.781310
2026-06-28T00:30:28,idle,ue8,442382,826734.727060122,0.826735
2026-06-28T00:30:33,idle,cu_cp,441331,328956.41600500705,0.328956
2026-06-28T00:30:33,idle,cu_up,441358,332002.327472443,0.332002
2026-06-28T00:30:33,idle,du1,441519,2975837.360866892,2.975837
2026-06-28T00:30:33,idle,du2,442282,2939286.661196258,2.939287
2026-06-28T00:30:33,idle,ue1,441586,843712.3013152707,0.843712
2026-06-28T00:30:33,idle,ue2,441598,837620.537865048,0.837621
2026-06-28T00:30:33,idle,ue3,441610,834574.626397612,0.834575
2026-06-28T00:30:33,idle,ue4,441622,816299.2765622949,0.816299
2026-06-28T00:30:33,idle,ue5,442346,822391.0994971669,0.822391
2026-06-28T00:30:33,idle,ue6,442358,794978.0152595419,0.794978
2026-06-28T00:30:33,idle,ue7,442370,813253.4245795083,0.813253
2026-06-28T00:30:33,idle,ue8,442382,849804.1242501426,0.849804
2026-06-28T00:30:39,idle,cu_cp,441331,335137.10784233094,0.335137
2026-06-28T00:30:39,idle,cu_up,441358,328629.5998568183,0.328630
2026-06-28T00:30:39,idle,du1,441519,2938143.874754827,2.938144
2026-06-28T00:30:39,idle,du2,442282,2970681.2360470174,2.970681
2026-06-28T00:30:39,idle,ue1,441586,849230.8936941933,0.849231
2026-06-28T00:30:39,idle,ue2,441598,845977.109928875,0.845977
2026-06-28T00:30:39,idle,ue3,441610,839469.6614884866,0.839470
2026-06-28T00:30:39,idle,ue4,441622,813439.629546436,0.813440
2026-06-28T00:30:39,idle,ue5,442346,836215.8777231681,0.836216
2026-06-28T00:30:39,idle,ue6,442358,784155.8138390672,0.784156
2026-06-28T00:30:39,idle,ue7,442370,823200.8022070187,0.823201
2026-06-28T00:30:39,idle,ue8,442382,855738.401679706,0.855738
2026-06-28T00:30:44,idle,cu_cp,441331,318101.81268784404,0.318102
2026-06-28T00:30:44,idle,cu_up,441358,334498.801707834,0.334499
2026-06-28T00:30:44,idle,du1,441519,3013768.815116644,3.013769
2026-06-28T00:30:44,idle,du2,442282,2961298.307705283,2.961298
2026-06-28T00:30:44,idle,ue1,441586,846085.2392579019,0.846085
2026-06-28T00:30:44,idle,ue2,441598,829688.1908431649,0.829688
2026-06-28T00:30:44,idle,ue3,441610,819849.9855522215,0.819850
2026-06-28T00:30:44,idle,ue4,441622,813291.261217922,0.813291
2026-06-28T00:30:44,idle,ue5,442346,849364.6608197987,0.849365
2026-06-28T00:30:44,idle,ue6,442358,823129.4071141183,0.823129
2026-06-28T00:30:44,idle,ue7,442370,803452.9965322316,0.803453
2026-06-28T00:30:44,idle,ue8,442382,832967.6124050617,0.832968
2026-06-28T00:30:49,idle,cu_cp,441331,320966.65920618473,0.320967
2026-06-28T00:30:49,idle,cu_up,441358,330792.17402864306,0.330792
2026-06-28T00:30:49,idle,du1,441519,2950928.143920569,2.950928
2026-06-28T00:30:49,idle,du2,442282,2986955.081080246,2.986955
2026-06-28T00:30:49,idle,ue1,441586,848269.0406248015,0.848269
2026-06-28T00:30:49,idle,ue2,441598,818792.5258438241,0.818793
2026-06-28T00:30:49,idle,ue3,441610,815517.3443408721,0.815517
2026-06-28T00:30:49,idle,ue4,441622,808966.921962173,0.808967
2026-06-28T00:30:49,idle,ue5,442346,838443.4961159456,0.838443
2026-06-28T00:30:49,idle,ue6,442358,841718.6776188975,0.841719
2026-06-28T00:30:49,idle,ue7,442370,779490.4665539908,0.779490
2026-06-28T00:30:49,idle,ue8,442382,838443.4961159456,0.838443
2026-06-28T00:30:55,idle,cu_cp,441331,319846.62558377505,0.319847
2026-06-28T00:30:55,idle,cu_up,441358,329637.82822699606,0.329638
2026-06-28T00:30:55,idle,du1,441519,2875355.678442781,2.875356
2026-06-28T00:30:55,idle,du2,442282,2989586.633106866,2.989587
2026-06-28T00:30:55,idle,ue1,441586,855100.1247304613,0.855100
2026-06-28T00:30:55,idle,ue2,441598,835517.7194440193,0.835518
2026-06-28T00:30:55,idle,ue3,441610,835517.7194440193,0.835518
2026-06-28T00:30:55,idle,ue4,441622,796352.7901819784,0.796353
2026-06-28T00:30:55,idle,ue5,442346,838781.4932214784,0.838781
2026-06-28T00:30:55,idle,ue6,442358,832253.94566656,0.832254
2026-06-28T00:30:55,idle,ue7,442370,819198.9692458797,0.819199
2026-06-28T00:30:55,idle,ue8,442382,835517.7194440193,0.835518
2026-06-28T00:31:00,idle,cu_cp,441331,334247.85702394845,0.334248
2026-06-28T00:31:00,idle,cu_up,441358,324417.0368251944,0.324417
2026-06-28T00:31:00,idle,du1,441519,2988569.102551718,2.988569
2026-06-28T00:31:00,idle,du2,442282,3014784.4645020487,3.014784
2026-06-28T00:31:00,idle,ue1,441586,802850.2468529725,0.802850
2026-06-28T00:31:00,idle,ue2,441598,835619.6276930261,0.835620
2026-06-28T00:31:00,idle,ue3,441610,832342.7371829248,0.832343
2026-06-28T00:31:00,idle,ue4,441622,806127.1968304538,0.806127
2026-06-28T00:31:00,idle,ue5,442346,842173.5276479888,0.842174
2026-06-28T00:31:00,idle,ue6,442358,809404.0873405552,0.809404
2026-06-28T00:31:00,idle,ue7,442370,806127.1968304538,0.806127
2026-06-28T00:31:00,idle,ue8,442382,842173.5276479888,0.842174
2026-06-28T00:31:05,idle,cu_cp,441331,341633.52523974597,0.341634
2026-06-28T00:31:05,idle,cu_up,441358,333499.399376038,0.333499
2026-06-28T00:31:05,idle,du1,441519,3050299.3794370913,3.050299
2026-06-28T00:31:05,idle,du2,442282,3042165.283443885,3.042165
2026-06-28T00:31:05,idle,ue1,441586,813413.1240398223,0.813413
2026-06-28T00:31:05,idle,ue2,441598,829681.4355082411,0.829681
2026-06-28T00:31:05,idle,ue3,441610,797144.9320534092,0.797145
2026-06-28T00:31:05,idle,ue4,441622,821547.2797740316,0.821547
2026-06-28T00:31:05,idle,ue5,442346,870352.0946972823,0.870352
2026-06-28T00:31:05,idle,ue6,442358,821547.2797740316,0.821547
2026-06-28T00:31:05,idle,ue7,442370,821547.2797740316,0.821547
2026-06-28T00:31:05,idle,ue8,442382,845949.687235657,0.845950
2026-06-28T00:31:11,idle,cu_cp,441331,338300.3421568495,0.338300
2026-06-28T00:31:11,idle,cu_up,441358,338300.3421568495,0.338300
2026-06-28T00:31:11,idle,du1,441519,2889084.9826032924,2.889085
2026-06-28T00:31:11,idle,du2,442282,2916148.8341640355,2.916149
2026-06-28T00:31:11,idle,ue1,441586,825452.8776277464,0.825453
2026-06-28T00:31:11,idle,ue2,441598,852516.8479802496,0.852517
2026-06-28T00:31:11,idle,ue3,441610,818686.7959458005,0.818687
2026-06-28T00:31:11,idle,ue4,441622,832218.8999138123,0.832219
2026-06-28T00:31:11,idle,ue5,442346,818686.7959458005,0.818687
2026-06-28T00:31:11,idle,ue6,442358,784856.8033072316,0.784857
2026-06-28T00:31:11,idle,ue7,442370,805154.8701654291,0.805155
2026-06-28T00:31:11,idle,ue8,442382,832218.8999138123,0.832219
2026-06-28T00:31:16,idle,cu_cp,441331,337385.9322098637,0.337386
2026-06-28T00:31:16,idle,cu_up,441358,331568.93644408375,0.331569
2026-06-28T00:31:16,idle,du1,441519,2885231.3221838665,2.885231
2026-06-28T00:31:16,idle,du2,442282,3001571.5930887223,3.001572
2026-06-28T00:31:16,idle,ue1,441586,826013.8135948813,0.826014
2026-06-28T00:31:16,idle,ue2,441598,843464.8305246591,0.843465
2026-06-28T00:31:16,idle,ue3,441610,820196.7881966633,0.820197
2026-06-28T00:31:16,idle,ue4,441622,808562.8559299797,0.808563
2026-06-28T00:31:16,idle,ue5,442346,820196.7881966633,0.820197
2026-06-28T00:31:16,idle,ue6,442358,831830.8982579756,0.831831
2026-06-28T00:31:16,idle,ue7,442370,779477.847468642,0.779478
2026-06-28T00:31:16,idle,ue8,442382,785294.87286686,0.785295
2026-06-28T00:31:22,idle,cu_cp,441331,339601.3879070514,0.339601
2026-06-28T00:31:22,idle,cu_up,441358,324164.9733811641,0.324165
2026-06-28T00:31:22,idle,du1,441519,3040975.9573764517,3.040976
2026-06-28T00:31:22,idle,du2,442282,3010103.307216363,3.010103
2026-06-28T00:31:22,idle,ue1,441586,812985.0747921681,0.812985
2026-06-28T00:31:22,idle,ue2,441598,843857.963474505,0.843858
2026-06-28T00:31:22,idle,ue3,441610,838712.5019043029,0.838713
2026-06-28T00:31:22,idle,ue4,441622,807839.6132219661,0.807840
2026-06-28T00:31:22,idle,ue5,442346,854148.8866149092,0.854149
2026-06-28T00:31:22,idle,ue6,442358,838712.5019043029,0.838713
2026-06-28T00:31:22,idle,ue7,442370,823276.1171936966,0.823276
2026-06-28T00:31:22,idle,ue8,442382,833567.0403341007,0.833567
2026-06-28T00:31:27,idle,cu_cp,441331,330186.0942664433,0.330186
2026-06-28T00:31:27,idle,cu_up,441358,330186.0942664433,0.330186
2026-06-28T00:31:27,idle,du1,441519,3026201.0937574767,3.026201
2026-06-28T00:31:27,idle,du2,442282,2986820.9366782377,2.986821
2026-06-28T00:31:27,idle,ue1,441586,836067.4676849556,0.836067
2026-06-28T00:31:27,idle,ue2,441598,851213.645297184,0.851214
2026-06-28T00:31:27,idle,ue3,441610,833038.2798062324,0.833038
2026-06-28T00:31:27,idle,ue4,441622,848184.4574184609,0.848184
2026-06-28T00:31:27,idle,ue5,442346,839096.7746729851,0.839097
2026-06-28T00:31:27,idle,ue6,442358,845155.2695397377,0.845155
2026-06-28T00:31:27,idle,ue7,442370,823950.6566154099,0.823951
2026-06-28T00:31:27,idle,ue8,442382,766395.2531545258,0.766395
2026-06-28T00:31:32,idle,cu_cp,441331,329248.5529965931,0.329249
2026-06-28T00:31:32,idle,cu_up,441358,326199.9555592561,0.326200
2026-06-28T00:31:32,idle,du1,441519,2978479.904627638,2.978480
2026-06-28T00:31:32,idle,du2,442282,3015062.9548189114,3.015063
2026-06-28T00:31:32,idle,ue1,441586,838364.3845602643,0.838364
2026-06-28T00:31:32,idle,ue2,441598,847510.2066364682,0.847510
2026-06-28T00:31:32,idle,ue3,441610,810927.0373884237,0.810927
2026-06-28T00:31:32,idle,ue4,441622,823121.4271377719,0.823121
2026-06-28T00:31:32,idle,ue5,442346,844461.5794349384,0.844462
2026-06-28T00:31:32,idle,ue6,442358,844461.5794349384,0.844462
2026-06-28T00:31:32,idle,ue7,442370,801781.2153122198,0.801781
2026-06-28T00:31:32,idle,ue8,442382,838364.3845602643,0.838364
2026-06-28T00:31:38,idle,cu_cp,441331,337022.0089153767,0.337022
2026-06-28T00:31:38,idle,cu_up,441358,318804.62715649605,0.318805
2026-06-28T00:31:38,idle,du1,441519,3033198.1099967957,3.033198
2026-06-28T00:31:38,idle,du2,442282,2993727.0368301393,2.993727
2026-06-28T00:31:38,idle,ue1,441586,822819.5601011276,0.822820
2026-06-28T00:31:38,idle,ue2,441598,847109.3826073647,0.847109
2026-06-28T00:31:38,idle,ue3,441610,777275.9866703034,0.777276
2026-06-28T00:31:38,idle,ue4,441622,813710.7501880645,0.813711
2026-06-28T00:31:38,idle,ue5,442346,789420.9276818276,0.789421
2026-06-28T00:31:38,idle,ue6,442358,847109.3826073647,0.847109
2026-06-28T00:31:38,idle,ue7,442370,783348.4869344712,0.783348
2026-06-28T00:31:38,idle,ue8,442382,853181.8828715325,0.853182
2026-06-28T00:31:43,dl,cu_cp,441331,324189.1333360344,0.324189
2026-06-28T00:31:43,dl,cu_up,441358,330248.7277109641,0.330249
2026-06-28T00:31:43,dl,du1,441519,3008596.2944219615,3.008596
2026-06-28T00:31:43,dl,du2,442282,2975268.3465861417,2.975268
2026-06-28T00:31:43,dl,ue1,441586,848345.4173658675,0.848345
2026-06-28T00:31:43,dl,ue2,441598,860464.5465244913,0.860465
2026-06-28T00:31:43,dl,ue3,441610,821077.123496213,0.821077
2026-06-28T00:31:43,dl,ue4,441622,808957.9347463537,0.808958
2026-06-28T00:31:43,dl,ue5,442346,842285.8229909379,0.842286
2026-06-28T00:31:43,dl,ue6,442358,860464.5465244913,0.860465
2026-06-28T00:31:43,dl,ue7,442370,808957.9347463537,0.808958
2026-06-28T00:31:43,dl,ue8,442382,845315.5605871672,0.845316
2026-06-28T00:31:49,dl,cu_cp,441331,392999.8830303034,0.393000
2026-06-28T00:31:49,dl,cu_up,441358,616541.1567798626,0.616541
2026-06-28T00:31:49,dl,du1,441519,4189595.3611485646,4.189595
2026-06-28T00:31:49,dl,du2,442282,4106668.7019700315,4.106669
2026-06-28T00:31:49,dl,ue1,441586,1568394.0370358669,1.568394
2026-06-28T00:31:49,dl,ue2,441598,1593632.6387410737,1.593633
2026-06-28T00:31:49,dl,ue3,441610,1597238.1338264204,1.597238
2026-06-28T00:31:49,dl,ue4,441622,1553972.0566944801,1.553972
2026-06-28T00:31:49,dl,ue5,442346,1611660.1141678072,1.611660
2026-06-28T00:31:49,dl,ue6,442358,1539549.9402453136,1.539550
2026-06-28T00:31:49,dl,ue7,442370,1636898.579765234,1.636899
2026-06-28T00:31:49,dl,ue8,442382,1424173.8252986597,1.424174
2026-06-28T00:31:54,dl,cu_cp,441331,410565.98556273105,0.410566
2026-06-28T00:31:54,dl,cu_up,441358,731198.4519455362,0.731198
2026-06-28T00:31:54,dl,du1,441519,4602249.213535888,4.602249
2026-06-28T00:31:54,dl,du2,442282,4610069.5072040465,4.610070
2026-06-28T00:31:54,dl,ue1,441586,1837771.567947092,1.837772
2026-06-28T00:31:54,dl,ue2,441598,1892513.7656203068,1.892514
2026-06-28T00:31:54,dl,ue3,441610,1935525.3807951761,1.935525
2026-06-28T00:31:54,dl,ue4,441622,1927704.9451309098,1.927705
2026-06-28T00:31:54,dl,ue5,442346,1900333.9172923565,1.900334
2026-06-28T00:31:54,dl,ue6,442358,1841681.7147811712,1.841682
2026-06-28T00:31:54,dl,ue7,442370,1884693.4719521487,1.884693
2026-06-28T00:31:54,dl,ue8,442382,1966806.5554678082,1.966807
2026-06-28T00:31:59,dl,cu_cp,441331,416478.81518625765,0.416479
2026-06-28T00:31:59,dl,cu_up,441358,785809.0314306557,0.785809
2026-06-28T00:31:59,dl,du1,441519,4699138.393083458,4.699138
2026-06-28T00:31:59,dl,du2,442282,4726641.391809418,4.726641
2026-06-28T00:31:59,dl,ue1,441586,1858438.5340675628,1.858439
2026-06-28T00:31:59,dl,ue2,441598,1885941.6754335738,1.885942
2026-06-28T00:31:59,dl,ue3,441610,1925232.1626651192,1.925232
2026-06-28T00:31:59,dl,ue4,441622,1905587.061689397,1.905587
2026-06-28T00:31:59,dl,ue5,442346,1917373.9796347797,1.917374
2026-06-28T00:31:59,dl,ue6,442358,1893799.8584639132,1.893800
2026-06-28T00:31:59,dl,ue7,442370,1870225.7372930467,1.870226
2026-06-28T00:31:59,dl,ue8,442382,1972380.6902869535,1.972381
2026-06-28T00:32:05,dl,cu_cp,441331,415517.62449705007,0.415518
2026-06-28T00:32:05,dl,cu_up,441358,768315.6237135673,0.768316
2026-06-28T00:32:05,dl,du1,441519,4727492.896997709,4.727493
2026-06-28T00:32:05,dl,du2,442282,4656933.31855711,4.656933
2026-06-28T00:32:05,dl,ue1,441586,1865909.4228346252,1.865909
2026-06-28T00:32:05,dl,ue2,441598,1889429.1396301317,1.889429
2026-06-28T00:32:05,dl,ue3,441610,1905109.045950265,1.905109
2026-06-28T00:32:05,dl,ue4,441622,1912949.141795025,1.912949
2026-06-28T00:32:05,dl,ue5,442346,1873749.2333099984,1.873749
2026-06-28T00:32:05,dl,ue6,442358,1858069.3269898654,1.858069
2026-06-28T00:32:05,dl,ue7,442370,1846309.5399344587,1.846310
2026-06-28T00:32:05,dl,ue8,442382,2007028.5797158242,2.007029
2026-06-28T00:32:10,dl,cu_cp,441331,418248.3654771817,0.418248
2026-06-28T00:32:10,dl,cu_up,441358,668415.6393359512,0.668416
2026-06-28T00:32:10,dl,du1,441519,4624185.235469928,4.624185
2026-06-28T00:32:10,dl,du2,442282,4589005.7678030105,4.589006
2026-06-28T00:32:10,dl,ue1,441586,1852801.1611376035,1.852801
2026-06-28T00:32:10,dl,ue2,441598,1872345.4361221492,1.872345
2026-06-28T00:32:10,dl,ue3,441610,1903616.389750055,1.903616
2026-06-28T00:32:10,dl,ue4,441622,1962249.356769483,1.962249
2026-06-28T00:32:10,dl,ue5,442346,1868436.6379515564,1.868437
2026-06-28T00:32:10,dl,ue6,442358,1833256.886153058,1.833257
2026-06-28T00:32:10,dl,ue7,442370,1837165.6843236506,1.837166
2026-06-28T00:32:10,dl,ue8,442382,1954431.7604282976,1.954432
2026-06-28T00:32:15,dl,cu_cp,441331,427357.39781867684,0.427357
2026-06-28T00:32:15,dl,cu_up,441358,728450.0985630756,0.728450
2026-06-28T00:32:15,dl,du1,441519,4749494.75397635,4.749495
2026-06-28T00:32:15,dl,du2,442282,4574666.393430919,4.574666
2026-06-28T00:32:15,dl,ue1,441586,1864832.229481454,1.864832
2026-06-28T00:32:15,dl,ue2,441598,1971671.5610923576,1.971672
2026-06-28T00:32:15,dl,ue3,441610,1913395.6788274206,1.913396
2026-06-28T00:32:15,dl,ue4,441622,1913395.6788274206,1.913396
2026-06-28T00:32:15,dl,ue5,442346,1835694.2169739234,1.835694
2026-06-28T00:32:15,dl,ue6,442358,1825981.6413048292,1.825982
2026-06-28T00:32:15,dl,ue7,442370,1855119.6538123596,1.855120
2026-06-28T00:32:15,dl,ue8,442382,1942533.691334951,1.942534
2026-06-28T00:32:21,dl,cu_cp,441331,414518.92672653345,0.414519
2026-06-28T00:32:21,dl,cu_up,441358,717436.6244429022,0.717437
2026-06-28T00:32:21,dl,du1,441519,4623480.421270129,4.623480
2026-06-28T00:32:21,dl,du2,442282,4647395.153025377,4.647395
2026-06-28T00:32:21,dl,ue1,441586,1817506.1152553523,1.817506
2026-06-28T00:32:21,dl,ue2,441598,1905192.7545959903,1.905193
2026-06-28T00:32:21,dl,ue3,441610,1897221.3194299615,1.897221
2026-06-28T00:32:21,dl,ue4,441622,1881278.1649264633,1.881278
2026-06-28T00:32:21,dl,ue5,442346,1857363.7173426568,1.857364
2026-06-28T00:32:21,dl,ue6,442358,1825477.6925071012,1.825478
2026-06-28T00:32:21,dl,ue7,442370,1841420.7049248791,1.841421
2026-06-28T00:32:21,dl,ue8,442382,1945050.498769015,1.945050
2026-06-28T00:32:26,dl,cu_cp,441331,413448.90683599474,0.413449
2026-06-28T00:32:26,dl,cu_up,441358,725230.022831955,0.725230
2026-06-28T00:32:26,dl,du1,441519,4690272.868122406,4.690273
2026-06-28T00:32:26,dl,du2,442282,4683494.910902786,4.683495
2026-06-28T00:32:26,dl,ue1,441586,1850353.2518044282,1.850353
2026-06-28T00:32:26,dl,ue2,441598,1850353.2518044282,1.850353
2026-06-28T00:32:26,dl,ue3,441610,1904576.0545863342,1.904576
2026-06-28T00:32:26,dl,ue4,441622,1931687.4559772874,1.931687
2026-06-28T00:32:26,dl,ue5,442346,1863909.0237478255,1.863909
2026-06-28T00:32:26,dl,ue6,442358,1843575.2945848084,1.843575
2026-06-28T00:32:26,dl,ue7,442370,1850353.2518044282,1.850353
2026-06-28T00:32:26,dl,ue8,442382,1972354.629311638,1.972355
2026-06-28T00:32:32,dl,cu_cp,441331,412667.70440654753,0.412668
2026-06-28T00:32:32,dl,cu_up,441358,709090.9860382401,0.709091
2026-06-28T00:32:32,dl,du1,441519,4614903.491710611,4.614903
2026-06-28T00:32:32,dl,du2,442282,4620715.965312052,4.620716
2026-06-28T00:32:32,dl,ue1,441586,1871535.142670536,1.871535
2026-06-28T00:32:32,dl,ue2,441598,1848286.2438923144,1.848286
2026-06-28T00:32:32,dl,ue3,441610,1859910.7643976784,1.859911
2026-06-28T00:32:32,dl,ue4,441622,1894784.1836812638,1.894784
2026-06-28T00:32:32,dl,ue5,442346,1859910.7643976784,1.859911
2026-06-28T00:32:32,dl,ue6,442358,1854098.5752612494,1.854099
2026-06-28T00:32:32,dl,ue7,442370,1825037.3451140928,1.825037
2026-06-28T00:32:32,dl,ue8,442382,1923845.129363408,1.923845
2026-06-28T00:32:37,dl,cu_cp,441331,420053.7025526807,0.420054
2026-06-28T00:32:37,dl,cu_up,441358,732401.3311866975,0.732401
2026-06-28T00:32:37,dl,du1,441519,4606229.687527085,4.606230
2026-06-28T00:32:37,dl,du2,442282,4606229.687527085,4.606230
2026-06-28T00:32:37,dl,ue1,441586,1838183.5093330191,1.838184
2026-06-28T00:32:37,dl,ue2,441598,1856134.604893831,1.856135
2026-06-28T00:32:37,dl,ue3,441610,1895626.9580480503,1.895627
2026-06-28T00:32:37,dl,ue4,441622,1917167.9302436255,1.917168
2026-06-28T00:32:37,dl,ue5,442346,1877675.8624872386,1.877676
2026-06-28T00:32:37,dl,ue6,442358,1845363.9760971272,1.845364
2026-06-28T00:32:37,dl,ue7,442370,1863315.0716579389,1.863315
2026-06-28T00:32:37,dl,ue8,442382,1985381.8650564444,1.985382
2026-06-28T00:32:43,dl,cu_cp,441331,423601.2586620158,0.423601
2026-06-28T00:32:43,dl,cu_up,441358,724104.7394218678,0.724105
2026-06-28T00:32:43,dl,du1,441519,4652373.059488883,4.652373
2026-06-28T00:32:43,dl,du2,442282,4579962.20775789,4.579962
2026-06-28T00:32:43,dl,ue1,441586,1853708.1671348168,1.853708
2026-06-28T00:32:43,dl,ue2,441598,1868190.3089686525,1.868190
2026-06-28T00:32:43,dl,ue3,441610,1882672.165678861,1.882672
2026-06-28T00:32:43,dl,ue4,441622,1893533.8076946915,1.893534
2026-06-28T00:32:43,dl,ue5,442346,1853708.1671348168,1.853708
2026-06-28T00:32:43,dl,ue6,442358,1871810.808786658,1.871811
2026-06-28T00:32:43,dl,ue7,442370,1839226.0253009808,1.839226
2026-06-28T00:32:43,dl,ue8,442382,1955082.7322862267,1.955083
2026-06-28T00:32:48,dl,cu_cp,441331,426127.54456593486,0.426128
2026-06-28T00:32:48,dl,cu_up,441358,696971.3607401514,0.696971
2026-06-28T00:32:48,dl,du1,441519,4698236.814330051,4.698237
2026-06-28T00:32:48,dl,du2,442282,4676569.380493913,4.676569
2026-06-28T00:32:48,dl,ue1,441586,1867016.5036971688,1.867017
2026-06-28T00:32:48,dl,ue2,441598,1870627.6950313258,1.870628
2026-06-28T00:32:48,dl,ue3,441610,1874238.8863654828,1.874239
2026-06-28T00:32:48,dl,ue4,441622,1892295.1288674641,1.892295
2026-06-28T00:32:48,dl,ue5,442346,1848960.2611951875,1.848960
2026-06-28T00:32:48,dl,ue6,442358,1881461.554864993,1.881462
2026-06-28T00:32:48,dl,ue7,442370,1845348.9269454323,1.845349
2026-06-28T00:32:48,dl,ue8,442382,2007855.252378862,2.007855
2026-06-28T00:32:53,dl,cu_cp,441331,423723.9037313446,0.423724
2026-06-28T00:32:53,dl,cu_up,441358,706206.5181896203,0.706207
2026-06-28T00:32:53,dl,du1,441519,4701848.658688149,4.701849
2026-06-28T00:32:53,dl,du2,442282,4805921.1725053005,4.805921
2026-06-28T00:32:53,dl,ue1,441586,1880739.4922049702,1.880739
2026-06-28T00:32:53,dl,ue2,441598,1869588.9170276152,1.869589
2026-06-28T00:32:53,dl,ue3,441610,1880739.4922049702,1.880739
2026-06-28T00:32:53,dl,ue4,441622,1943926.467939452,1.943926
2026-06-28T00:32:53,dl,ue5,442346,1854721.4355749583,1.854721
2026-06-28T00:32:53,dl,ue6,442358,1947643.3742147542,1.947643
2026-06-28T00:32:53,dl,ue7,442370,1917908.4113094402,1.917908
2026-06-28T00:32:53,dl,ue8,442382,2033131.5003039455,2.033132
2026-06-28T00:32:59,dl,cu_cp,441331,420716.20293762535,0.420716
2026-06-28T00:32:59,dl,cu_up,441358,692019.131994338,0.692019
2026-06-28T00:32:59,dl,du1,441519,4734040.453996017,4.734040
2026-06-28T00:32:59,dl,du2,442282,4643605.988797002,4.643606
2026-06-28T00:32:59,dl,ue1,441586,1863733.4550467886,1.863733
2026-06-28T00:32:59,dl,ue2,441598,1926644.1938775373,1.926644
2026-06-28T00:32:59,dl,ue3,441610,1883393.034015609,1.883393
2026-06-28T00:32:59,dl,ue4,441622,1965963.49536605,1.965963
2026-06-28T00:32:59,dl,ue5,442346,1855869.5947490858,1.855870
2026-06-28T00:32:59,dl,ue6,442358,1914848.3316555477,1.914848
2026-06-28T00:32:59,dl,ue7,442370,1855869.5947490858,1.855870
2026-06-28T00:32:59,dl,ue8,442382,2005282.7968545628,2.005283
2026-06-28T00:33:04,dl,cu_cp,441331,421475.4740701318,0.421475
2026-06-28T00:33:04,dl,cu_up,441358,720841.2246598303,0.720841
2026-06-28T00:33:04,dl,du1,441519,4659863.874231172,4.659864
2026-06-28T00:33:04,dl,du2,442282,4620473.964310122,4.620474
2026-06-28T00:33:04,dl,ue1,441586,1882852.8783503175,1.882853
2026-06-28T00:33:04,dl,ue2,441598,1855279.7981591285,1.855280
2026-06-28T00:33:04,dl,ue3,441610,1894669.9945730865,1.894670
2026-06-28T00:33:04,dl,ue4,441622,1898609.1288116456,1.898609
2026-06-28T00:33:04,dl,ue5,442346,1855279.7981591285,1.855280
2026-06-28T00:33:04,dl,ue6,442358,1894669.9945730865,1.894670
2026-06-28T00:33:04,dl,ue7,442370,1953755.4324404777,1.953755
2026-06-28T00:33:04,dl,ue8,442382,1993145.7721008896,1.993146
2026-06-28T00:33:10,dl,cu_cp,441331,420746.7927353364,0.420747
2026-06-28T00:33:10,dl,cu_up,441358,715662.8109432149,0.715663
2026-06-28T00:33:10,dl,du1,441519,4695062.561986527,4.695063
2026-06-28T00:33:10,dl,du2,442282,4655740.440489263,4.655740
2026-06-28T00:33:10,dl,ue1,441586,1852072.3789622998,1.852072
2026-06-28T00:33:10,dl,ue2,441598,1863869.1009941984,1.863869
2026-06-28T00:33:10,dl,ue3,441610,1879597.9210655307,1.879598
2026-06-28T00:33:10,dl,ue4,441622,1871733.5823487972,1.871734
2026-06-28T00:33:10,dl,ue5,442346,1832411.318213668,1.832411
2026-06-28T00:33:10,dl,ue6,442358,1871733.5823487972,1.871734
2026-06-28T00:33:10,dl,ue7,442370,1820614.738819635,1.820615
2026-06-28T00:33:10,dl,ue8,442382,1950377.825343325,1.950378
2026-06-28T00:33:15,dl,cu_cp,441331,417448.89416437777,0.417449
2026-06-28T00:33:15,dl,cu_up,441358,740381.1239042473,0.740381
2026-06-28T00:33:15,dl,du1,441519,4690392.799210875,4.690393
2026-06-28T00:33:15,dl,du2,442282,4678578.225125857,4.678578
2026-06-28T00:33:15,dl,ue1,441586,1874581.9579306555,1.874582
2026-06-28T00:33:15,dl,ue2,441598,1882458.3406540013,1.882458
2026-06-28T00:33:15,dl,ue3,441610,1886396.3885269559,1.886396
2026-06-28T00:33:15,dl,ue4,441622,1894272.7712503015,1.894273
2026-06-28T00:33:15,dl,ue5,442346,1862767.2403569187,1.862767
2026-06-28T00:33:15,dl,ue6,442358,1902149.2974623656,1.902149
2026-06-28T00:33:15,dl,ue7,442370,1835199.9008252085,1.835200
2026-06-28T00:33:15,dl,ue8,442382,1976974.9333341504,1.976975
2026-06-28T00:33:20,dl,cu_cp,441331,425216.99078474997,0.425217
2026-06-28T00:33:20,dl,cu_up,441358,728380.8953668273,0.728381
2026-06-28T00:33:20,dl,du1,441519,4693135.378684311,4.693135
2026-06-28T00:33:20,dl,du2,442282,4681323.875263495,4.681324
2026-06-28T00:33:20,dl,ue1,441586,1850481.2478872037,1.850481
2026-06-28T00:33:20,dl,ue2,441598,1846544.1278741884,1.846544
2026-06-28T00:33:20,dl,ue3,441610,1901664.8117287897,1.901665
2026-06-28T00:33:20,dl,ue4,441622,1905601.931741805,1.905602
2026-06-28T00:33:20,dl,ue5,442346,1854418.5112819886,1.854419
2026-06-28T00:33:20,dl,ue6,442358,1889853.3083079744,1.889853
2026-06-28T00:33:20,dl,ue7,442370,1834732.4810716033,1.834732
2026-06-28T00:33:20,dl,ue8,442382,1968597.1423859764,1.968597
2026-06-28T00:33:26,dl,cu_cp,441331,414147.3928877592,0.414147
2026-06-28T00:33:26,dl,cu_up,441358,707501.8409860849,0.707502
2026-06-28T00:33:26,dl,du1,441519,4719554.731987667,4.719555
2026-06-28T00:33:26,dl,du2,442282,4676414.409923839,4.676414
2026-06-28T00:33:26,dl,ue1,441586,1889547.5114123821,1.889548
2026-06-28T00:33:26,dl,ue2,441598,1863663.2321526527,1.863663
2026-06-28T00:33:26,dl,ue3,441610,1880919.5616948605,1.880920
2026-06-28T00:33:26,dl,ue4,441622,1898175.6044989587,1.898176
2026-06-28T00:33:26,dl,ue5,442346,1837779.0962619781,1.837779
2026-06-28T00:33:26,dl,ue6,442358,1872291.468608284,1.872291
2026-06-28T00:33:26,dl,ue7,442370,1863663.2321526527,1.863663
2026-06-28T00:33:26,dl,ue8,442382,1975828.2989090919,1.975828
2026-06-28T00:33:31,dl,cu_cp,441331,420168.2371298942,0.420168
2026-06-28T00:33:31,dl,cu_up,441358,688206.6120257592,0.688207
2026-06-28T00:33:31,dl,du1,441519,4817445.996727252,4.817446
2026-06-28T00:33:31,dl,du2,442282,4614606.180415213,4.614606
2026-06-28T00:33:31,dl,ue1,441586,1854535.6276832486,1.854536
2026-06-28T00:33:31,dl,ue2,441598,1869024.2681206977,1.869024
2026-06-28T00:33:31,dl,ue3,441610,1898001.405269065,1.898001
2026-06-28T00:33:31,dl,ue4,441622,2079108.4765147269,2.079108
2026-06-28T00:33:31,dl,ue5,442346,1926978.3986909008,1.926978
2026-06-28T00:33:31,dl,ue6,442358,1912489.9019799829,1.912490
2026-06-28T00:33:31,dl,ue7,442370,1789337.1050310552,1.789337
2026-06-28T00:33:31,dl,ue8,442382,1970444.3200032485,1.970444
2026-06-28T00:33:36,dl,cu_cp,441331,422008.073709493,0.422008
2026-06-28T00:33:36,dl,cu_up,441358,688866.0997559899,0.688866
2026-06-28T00:33:36,dl,du1,441519,4728972.626668088,4.728973
2026-06-28T00:33:36,dl,du2,442282,4716561.047378676,4.716561
2026-06-28T00:33:36,dl,ue1,441586,1868006.3616006589,1.868006
2026-06-28T00:33:36,dl,ue2,441598,1886624.3042153548,1.886624
2026-06-28T00:33:36,dl,ue3,441610,1923860.189444747,1.923860
2026-06-28T00:33:36,dl,ue4,441622,1905242.2468300508,1.905242
2026-06-28T00:33:36,dl,ue5,442346,1868006.3616006589,1.868006
2026-06-28T00:33:36,dl,ue6,442358,1892830.3807003498,1.892830
2026-06-28T00:33:36,dl,ue7,442370,1868006.3616006589,1.868006
2026-06-28T00:33:36,dl,ue8,442382,2029362.3423285056,2.029362
2026-06-28T00:33:42,dl,cu_cp,441331,422407.49471357703,0.422407
2026-06-28T00:33:42,dl,cu_up,441358,728288.7417928987,0.728289
2026-06-28T00:33:42,dl,du1,441519,4748442.593610441,4.748443
2026-06-28T00:33:42,dl,du2,442282,4741160.085534797,4.741160
2026-06-28T00:33:42,dl,ue1,441586,1857136.4463320267,1.857136
2026-06-28T00:33:42,dl,ue2,441598,1864419.242333504,1.864419
2026-06-28T00:33:42,dl,ue3,441610,1886267.9182637678,1.886268
2026-06-28T00:33:42,dl,ue4,441622,1948172.5480538213,1.948173
2026-06-28T00:33:42,dl,ue5,442346,1864419.242333504,1.864419
2026-06-28T00:33:42,dl,ue6,442358,1948172.5480538213,1.948173
2026-06-28T00:33:42,dl,ue7,442370,1908116.594194032,1.908117
2026-06-28T00:33:42,dl,ue8,442382,1970021.2239840853,1.970021
2026-06-28T00:33:47,dl,cu_cp,441331,417638.08671008167,0.417638
2026-06-28T00:33:47,dl,cu_up,441358,729958.761017667,0.729959
2026-06-28T00:33:47,dl,du1,441519,4692073.16840306,4.692073
2026-06-28T00:33:47,dl,du2,442282,4663020.089119613,4.663020
2026-06-28T00:33:47,dl,ue1,441586,1895713.8553080976,1.895714
2026-06-28T00:33:47,dl,ue2,441598,1884818.8065557503,1.884819
2026-06-28T00:33:47,dl,ue3,441610,1906608.6160183358,1.906609
2026-06-28T00:33:47,dl,ue4,441622,1946556.6000330758,1.946557
2026-06-28T00:33:47,dl,ue5,442346,1873923.9018244576,1.873924
2026-06-28T00:33:47,dl,ue6,442358,1870292.2669140268,1.870292
2026-06-28T00:33:47,dl,ue7,442370,1939293.1861911595,1.939293
2026-06-28T00:33:47,dl,ue8,442382,1986504.7280688703,1.986505
2026-06-28T00:33:53,dl,cu_cp,441331,417721.91634741816,0.417722
2026-06-28T00:33:53,dl,cu_up,441358,733737.6151225448,0.733738
2026-06-28T00:33:53,dl,du1,441519,4663955.943995059,4.663956
2026-06-28T00:33:53,dl,du2,442282,4732970.557073763,4.732971
2026-06-28T00:33:53,dl,ue1,441586,1928785.510178913,1.928786
2026-06-28T00:33:53,dl,ue2,441598,1892461.999404286,1.892462
2026-06-28T00:33:53,dl,ue3,441610,1703578.9111764668,1.703579
2026-06-28T00:33:53,dl,ue4,441622,1968741.5729068064,1.968742
2026-06-28T00:33:53,dl,ue5,442346,1834344.037806362,1.834344
2026-06-28T00:33:53,dl,ue6,442358,1885197.182463187,1.885197
2026-06-28T00:33:53,dl,ue7,442370,1856138.201664225,1.856138
2026-06-28T00:33:53,dl,ue8,442382,1979638.654835738,1.979639
2026-06-28T00:33:58,dl,cu_cp,441331,411837.3555499554,0.411837
2026-06-28T00:33:58,dl,cu_up,441358,733359.4833242511,0.733359
2026-06-28T00:33:58,dl,du1,441519,4678327.81009182,4.678328
2026-06-28T00:33:58,dl,du2,442282,4645814.611802864,4.645815
2026-06-28T00:33:58,dl,ue1,441586,1860493.3626161385,1.860493
2026-06-28T00:33:58,dl,ue2,441598,1900232.0026564598,1.900232
2026-06-28T00:33:58,dl,ue3,441610,1907457.3011198044,1.907457
2026-06-28T00:33:58,dl,ue4,441622,1907457.3011198044,1.907457
2026-06-28T00:33:58,dl,ue5,442346,1842430.3313898086,1.842430
2026-06-28T00:33:58,dl,ue6,442358,1860493.3626161385,1.860493
2026-06-28T00:33:58,dl,ue7,442370,1827979.7344631194,1.827980
2026-06-28T00:33:58,dl,ue8,442382,1983322.0036127854,1.983322
2026-06-28T00:34:04,dl,cu_cp,441331,421403.88983013394,0.421404
2026-06-28T00:34:04,dl,cu_up,441358,725751.1096845722,0.725751
2026-06-28T00:34:04,dl,du1,441519,4721284.324569702,4.721284
2026-06-28T00:34:04,dl,du2,442282,4654951.945874786,4.654952
2026-06-28T00:34:04,dl,ue1,441586,1845592.8718423175,1.845593
2026-06-28T00:34:04,dl,ue2,441598,1900219.2747430801,1.900219
2026-06-28T00:34:04,dl,ue3,441610,1900219.2747430801,1.900219
2026-06-28T00:34:04,dl,ue4,441622,1923630.6518261146,1.923631
2026-06-28T00:34:04,dl,ue5,442346,1865102.3527448464,1.865102
2026-06-28T00:34:04,dl,ue6,442358,1888513.7298278809,1.888514
2026-06-28T00:34:04,dl,ue7,442370,1845592.8718423175,1.845593
2026-06-28T00:34:04,dl,ue8,442382,1986060.8470878887,1.986061
2026-06-28T00:34:09,dl,cu_cp,441331,421980.15664197924,0.421980
2026-06-28T00:34:09,dl,cu_up,441358,682266.9580461502,0.682267
2026-06-28T00:34:09,dl,du1,441519,4689106.726757698,4.689107
2026-06-28T00:34:09,dl,du2,442282,4641781.723061771,4.641782
2026-06-28T00:34:09,dl,ue1,441586,1912713.7470924854,1.912714
2026-06-28T00:34:09,dl,ue2,441598,1908770.0207486057,1.908770
2026-06-28T00:34:09,dl,ue3,441610,1900882.5680608463,1.900883
2026-06-28T00:34:09,dl,ue4,441622,1940319.9752843285,1.940320
2026-06-28T00:34:09,dl,ue5,442346,1845670.2554618453,1.845670
2026-06-28T00:34:09,dl,ue6,442358,1904826.294404726,1.904826
2026-06-28T00:34:09,dl,ue7,442370,1825951.4799577617,1.825951
2026-06-28T00:34:09,dl,ue8,442382,1999476.1580118942,1.999476
2026-06-28T00:34:14,dl,cu_cp,441331,422116.58777884097,0.422117
2026-06-28T00:34:14,dl,cu_up,441358,712819.5832958162,0.712820
2026-06-28T00:34:14,dl,du1,441519,4802572.158087671,4.802572
2026-06-28T00:34:14,dl,du2,442282,4794607.237755775,4.794607
2026-06-28T00:34:14,dl,ue1,441586,1899524.5907675386,1.899525
2026-06-28T00:34:14,dl,ue2,441598,1935364.8520365476,1.935365
2026-06-28T00:34:14,dl,ue3,441610,1939347.0229371847,1.939347
2026-06-28T00:34:14,dl,ue4,441622,2042884.912680298,2.042885
2026-06-28T00:34:14,dl,ue5,442346,1927400.3656026185,1.927400
2026-06-28T00:34:14,dl,ue6,442358,1903507.0509334863,1.903507
2026-06-28T00:34:14,dl,ue7,442370,1867666.9342971325,1.867667
2026-06-28T00:34:14,dl,ue8,442382,2015009.427110529,2.015009
2026-06-28T00:34:20,dl,cu_cp,441331,420067.8592447293,0.420068
2026-06-28T00:34:20,dl,cu_up,441358,717285.6930111623,0.717286
2026-06-28T00:34:20,dl,du1,441519,4751522.361901617,4.751522
2026-06-28T00:34:20,dl,du2,442282,4715855.844615111,4.715856
2026-06-28T00:34:20,dl,ue1,441586,1910119.8624555587,1.910120
2026-06-28T00:34:20,dl,ue2,441598,1933897.300675485,1.933897
2026-06-28T00:34:20,dl,ue3,441610,1906157.0280768943,1.906157
2026-06-28T00:34:20,dl,ue4,441622,1918045.6751955342,1.918046
2026-06-28T00:34:20,dl,ue5,442346,1858602.1516370415,1.858602
2026-06-28T00:34:20,dl,ue6,442358,1874453.7771169925,1.874454
2026-06-28T00:34:20,dl,ue7,442370,1846713.5045184016,1.846714
2026-06-28T00:34:20,dl,ue8,442382,2009192.5936965751,2.009193
2026-06-28T00:34:25,dl,cu_cp,441331,417927.58153787313,0.417928
2026-06-28T00:34:25,dl,cu_up,441358,721516.5132498002,0.721517
2026-06-28T00:34:25,dl,du1,441519,4711541.938921537,4.711542
2026-06-28T00:34:25,dl,du2,442282,4668172.302041812,4.668172
2026-06-28T00:34:25,dl,ue1,441586,1841246.937422998,1.841247
2026-06-28T00:34:25,dl,ue2,441598,1884616.7180640744,1.884617
2026-06-28T00:34:25,dl,ue3,441610,1904330.424618888,1.904330
2026-06-28T00:34:25,dl,ue4,441622,1904330.424618888,1.904330
2026-06-28T00:34:25,dl,ue5,442346,1857017.8451623083,1.857018
2026-06-28T00:34:25,dl,ue6,442358,1888559.6606409287,1.888560
2026-06-28T00:34:25,dl,ue7,442370,1857017.8451623083,1.857018
2026-06-28T00:34:25,dl,ue8,442382,1975299.221923082,1.975299
2026-06-28T00:34:31,dl,cu_cp,441331,434019.63182837365,0.434020
2026-06-28T00:34:31,dl,cu_up,441358,732408.0613433539,0.732408
2026-06-28T00:34:31,dl,du1,441519,4665710.772686911,4.665711
2026-06-28T00:34:31,dl,du2,442282,4719963.397328591,4.719963
2026-06-28T00:34:31,dl,ue1,441586,1871709.6577687263,1.871710
2026-06-28T00:34:31,dl,ue2,441598,1898835.8263732432,1.898836
2026-06-28T00:34:31,dl,ue3,441610,1898835.8263732432,1.898836
2026-06-28T00:34:31,dl,ue4,441622,1916919.9387762547,1.916920
2026-06-28T00:34:31,dl,ue5,442346,1862667.4578508972,1.862667
2026-06-28T00:34:31,dl,ue6,442358,1916919.9387762547,1.916920
2026-06-28T00:34:31,dl,ue7,442370,1871709.6577687263,1.871710
2026-06-28T00:34:31,dl,ue8,442382,1998298.7320224524,1.998299
2026-06-28T00:34:36,dl,cu_cp,441331,417321.39781179785,0.417321
2026-06-28T00:34:36,dl,cu_up,441358,760121.1508683837,0.760121
2026-06-28T00:34:36,dl,du1,441519,4724674.538070431,4.724675
2026-06-28T00:34:36,dl,du2,442282,4709770.194720726,4.709770
2026-06-28T00:34:36,dl,ue1,441586,1885398.425831287,1.885398
2026-06-28T00:34:36,dl,ue2,441598,1900302.7691809917,1.900303
2026-06-28T00:34:36,dl,ue3,441610,1907755.0848424672,1.907755
2026-06-28T00:34:36,dl,ue4,441622,1930111.4558804012,1.930111
2026-06-28T00:34:36,dl,ue5,442346,1870494.0824815822,1.870494
2026-06-28T00:34:36,dl,ue6,442358,1900302.7691809917,1.900303
2026-06-28T00:34:36,dl,ue7,442370,1848137.567457025,1.848138
2026-06-28T00:34:36,dl,ue8,442382,1959919.9985931874,1.959920
2026-06-28T00:34:41,dl,cu_cp,441331,421313.34349737945,0.421313
2026-06-28T00:34:41,dl,cu_up,441358,727723.0152495276,0.727723
2026-06-28T00:34:41,dl,du1,441519,4749350.521957486,4.749351
2026-06-28T00:34:41,dl,du2,442282,4647213.606001365,4.647214
2026-06-28T00:34:41,dl,ue1,441586,1883143.1105963946,1.883143
2026-06-28T00:34:41,dl,ue2,441598,1876759.4457375156,1.876759
2026-06-28T00:34:41,dl,ue3,441610,1876759.4457375156,1.876759
2026-06-28T00:34:41,dl,ue4,441622,1876759.4457375156,1.876759
2026-06-28T00:34:41,dl,ue5,442346,1844841.6953717684,1.844842
2026-06-28T00:34:41,dl,ue6,442358,1895910.009867667,1.895910
2026-06-28T00:34:41,dl,ue7,442370,1870375.7808786368,1.870376
2026-06-28T00:34:41,dl,ue8,442382,1985279.452623868,1.985279
2026-06-28T00:34:52,dl,cu_cp,441331,423224.8191857949,0.423225
2026-06-28T00:34:52,dl,cu_up,441358,711787.2041156978,0.711787
2026-06-28T00:34:52,dl,du1,441519,4767050.7218982335,4.767051
2026-06-28T00:34:52,dl,du2,442282,4847847.922285616,4.847848
2026-06-28T00:34:52,dl,ue1,441586,1873731.6636805057,1.873732
2026-06-28T00:34:52,dl,ue2,441598,1923749.1846871017,1.923749
2026-06-28T00:34:52,dl,ue3,441610,1966071.5690433742,1.966072
2026-06-28T00:34:52,dl,ue4,441622,1935291.7451258362,1.935292
2026-06-28T00:34:52,dl,ue5,442346,1866036.6715669334,1.866037
2026-06-28T00:34:52,dl,ue6,442358,1954529.1531413912,1.954529
2026-06-28T00:34:52,dl,ue7,442370,1954529.1531413912,1.954529
2026-06-28T00:34:52,dl,ue8,442382,2012241.5217248083,2.012242
2026-06-28T00:34:57,dl,cu_cp,441331,418608.25212634087,0.418608
2026-06-28T00:34:57,dl,cu_up,441358,738072.3912963963,0.738072
2026-06-28T00:34:57,dl,du1,441519,4788290.843406029,4.788291
2026-06-28T00:34:57,dl,du2,442282,4769930.865307284,4.769931
2026-06-28T00:34:57,dl,ue1,441586,1865377.0119553758,1.865377
2026-06-28T00:34:57,dl,ue2,441598,1905769.0793841458,1.905769
2026-06-28T00:34:57,dl,ue3,441610,1968193.0916285277,1.968193
2026-06-28T00:34:57,dl,ue4,441622,1916784.9795347452,1.916785
2026-06-28T00:34:57,dl,ue5,442346,1865377.0119553758,1.865377
2026-06-28T00:34:57,dl,ue6,442358,1894753.0347191333,1.894753
2026-06-28T00:34:57,dl,ue7,442370,1949833.1135297823,1.949833
2026-06-28T00:34:57,dl,ue8,442382,1997569.2589066983,1.997569
2026-06-28T00:35:03,dl,cu_cp,441331,418275.9441931397,0.418276
2026-06-28T00:35:03,dl,cu_up,441358,731073.6021094251,0.731074
2026-06-28T00:35:03,dl,du1,441519,4717425.4912391,4.717425
2026-06-28T00:35:03,dl,du2,442282,4662867.297445875,4.662867
2026-06-28T00:35:03,dl,ue1,441586,1865874.524833944,1.865875
2026-06-28T00:35:03,dl,ue2,441598,1891334.6791231965,1.891335
2026-06-28T00:35:03,dl,ue3,441610,1916795.1215389513,1.916795
2026-06-28T00:35:03,dl,ue4,441622,1902246.3178818417,1.902246
2026-06-28T00:35:03,dl,ue5,442346,1876786.019529338,1.876786
2026-06-28T00:35:03,dl,ue6,442358,1876786.019529338,1.876786
2026-06-28T00:35:03,dl,ue7,442370,1880423.1844278025,1.880423
2026-06-28T00:35:03,dl,ue8,442382,1974989.9039776372,1.974990
2026-06-28T00:35:08,dl,cu_cp,441331,421413.8546297359,0.421414
2026-06-28T00:35:08,dl,cu_up,441358,722942.7159913772,0.722943
2026-06-28T00:35:08,dl,du1,441519,4682780.034187271,4.682780
2026-06-28T00:35:08,dl,du2,442282,4653716.542897873,4.653717
2026-06-28T00:35:08,dl,ue1,441586,1856400.6574073315,1.856401
2026-06-28T00:35:08,dl,ue2,441598,1892729.3734169637,1.892729
2026-06-28T00:35:08,dl,ue3,441610,1929058.2334492886,1.929058
2026-06-28T00:35:08,dl,ue4,441622,1907260.9750389708,1.907261
2026-06-28T00:35:08,dl,ue5,442346,1867299.2866124904,1.867299
2026-06-28T00:35:08,dl,ue6,442358,1896362.3458338117,1.896362
2026-06-28T00:35:08,dl,ue7,442370,1841869.1998080171,1.841869
2026-06-28T00:35:08,dl,ue8,442382,1987184.3518919314,1.987184
2026-06-28T00:35:14,dl,cu_cp,441331,425252.22831642686,0.425252
2026-06-28T00:35:14,dl,cu_up,441358,728441.3243474775,0.728441
2026-06-28T00:35:14,dl,du1,441519,4622649.293201286,4.622649
2026-06-28T00:35:14,dl,du2,442282,4717149.996117096,4.717150
2026-06-28T00:35:14,dl,ue1,441586,1862447.2425552642,1.862447
2026-06-28T00:35:14,dl,ue2,441598,1862447.2425552642,1.862447
2026-06-28T00:35:14,dl,ue3,441610,1893947.4289218306,1.893947
2026-06-28T00:35:14,dl,ue4,441622,1901822.5114674997,1.901823
2026-06-28T00:35:14,dl,ue5,442346,1854572.160009595,1.854572
2026-06-28T00:35:14,dl,ue6,442358,1886072.3463761616,1.886072
2026-06-28T00:35:14,dl,ue7,442370,1886072.3463761616,1.886072
2026-06-28T00:35:14,dl,ue8,442382,1960885.1991116882,1.960885
2026-06-28T00:35:19,dl,cu_cp,441331,419772.3394568503,0.419772
2026-06-28T00:35:19,dl,cu_up,441358,732621.4528030741,0.732621
2026-06-28T00:35:19,dl,du1,441519,4744219.434640374,4.744219
2026-06-28T00:35:19,dl,du2,442282,4680857.512182114,4.680858
2026-06-28T00:35:19,dl,ue1,441586,1865214.6262571048,1.865215
2026-06-28T00:35:19,dl,ue2,441598,1885015.3893644977,1.885015
2026-06-28T00:35:19,dl,ue3,441610,1896895.731787734,1.896896
2026-06-28T00:35:19,dl,ue4,441622,1924616.482674786,1.924616
2026-06-28T00:35:19,dl,ue5,442346,1888975.4554050767,1.888975
2026-06-28T00:35:19,dl,ue6,442358,1877095.1129818403,1.877095
2026-06-28T00:35:19,dl,ue7,442370,1869174.836599183,1.869175
2026-06-28T00:35:19,dl,ue8,442382,1980057.9844488895,1.980058
2026-06-28T00:35:24,dl,cu_cp,441331,424334.4059637606,0.424334
2026-06-28T00:35:24,dl,cu_up,441358,709867.8457611322,0.709868
2026-06-28T00:35:24,dl,du1,441519,4727164.753565645,4.727165
2026-06-28T00:35:24,dl,du2,442282,4707335.642520857,4.707336
2026-06-28T00:35:24,dl,ue1,441586,1871830.2835112333,1.871830
2026-06-28T00:35:24,dl,ue2,441598,1883727.4906476021,1.883727
2026-06-28T00:35:24,dl,ue3,441610,1903556.1692082167,1.903556
2026-06-28T00:35:24,dl,ue4,441622,1919419.2562180995,1.919419
2026-06-28T00:35:24,dl,ue5,442346,1891658.9620718479,1.891659
2026-06-28T00:35:24,dl,ue6,442358,1903556.1692082167,1.903556
2026-06-28T00:35:24,dl,ue7,442370,1859933.0763748647,1.859933
2026-06-28T00:35:24,dl,ue8,442382,1963042.3490514518,1.963042
2026-06-28T00:35:30,dl,cu_cp,441331,425535.1683821636,0.425535
2026-06-28T00:35:30,dl,cu_up,441358,699945.6928120959,0.699946
2026-06-28T00:35:30,dl,du1,441519,4744518.4196527,4.744518
2026-06-28T00:35:30,dl,du2,442282,4728610.698914838,4.728611
2026-06-28T00:35:30,dl,ue1,441586,1924850.7813248993,1.924851
2026-06-28T00:35:30,dl,ue2,441598,1900989.056113379,1.900989
2026-06-28T00:35:30,dl,ue3,441610,1893034.907534995,1.893035
2026-06-28T00:35:30,dl,ue4,441622,1908942.9164823103,1.908943
2026-06-28T00:35:30,dl,ue5,442346,1873150.1845603036,1.873150
2026-06-28T00:35:30,dl,ue6,442358,1908942.9164823103,1.908943
2026-06-28T00:35:30,dl,ue7,442370,1900989.056113379,1.900989
2026-06-28T00:35:30,dl,ue8,442382,1964620.227274282,1.964620
2026-06-28T00:35:35,dl,cu_cp,441331,417498.68286833167,0.417499
2026-06-28T00:35:35,dl,cu_up,441358,735592.9363092541,0.735593
2026-06-28T00:35:35,dl,du1,441519,4727675.7070913315,4.727676
2026-06-28T00:35:35,dl,du2,442282,4711770.906137752,4.711771
2026-06-28T00:35:35,dl,ue1,441586,1892660.7917585135,1.892661
2026-06-28T00:35:35,dl,ue2,441598,1900613.0481021882,1.900613
2026-06-28T00:35:35,dl,ue3,441610,1888684.5915201188,1.888685
2026-06-28T00:35:35,dl,ue4,441622,1908565.4485789775,1.908565
2026-06-28T00:35:35,dl,ue5,442346,1868803.590328145,1.868804
2026-06-28T00:35:35,dl,ue6,442358,1900613.0481021882,1.900613
2026-06-28T00:35:35,dl,ue7,442370,1896636.8478637934,1.896637
2026-06-28T00:35:35,dl,ue8,442382,1928446.3056378365,1.928446
2026-06-28T00:35:41,dl,cu_cp,441331,423095.0859832442,0.423095
2026-06-28T00:35:41,dl,cu_up,441358,711159.8215390992,0.711160
2026-06-28T00:35:41,dl,du1,441519,4771072.477948351,4.771072
2026-06-28T00:35:41,dl,du2,442282,4627040.200339737,4.627040
2026-06-28T00:35:41,dl,ue1,441586,1863418.8358979702,1.863419
2026-06-28T00:35:41,dl,ue2,441598,1917431.1203398276,1.917431
2026-06-28T00:35:41,dl,ue3,441610,1890424.905983448,1.890425
2026-06-28T00:35:41,dl,ue4,441622,1908429.048887701,1.908429
2026-06-28T00:35:41,dl,ue5,442346,1890424.905983448,1.890425
2026-06-28T00:35:41,dl,ue6,442358,1881422.9788022232,1.881423
2026-06-28T00:35:41,dl,ue7,442370,1881422.9788022232,1.881423
2026-06-28T00:35:41,dl,ue8,442382,1971443.1162398816,1.971443
2026-06-28T00:35:46,dl,cu_cp,441331,417401.1348503083,0.417401
2026-06-28T00:35:46,dl,cu_up,441358,743732.9482883215,0.743733
2026-06-28T00:35:46,dl,du1,441519,4765962.046205401,4.765962
2026-06-28T00:35:46,dl,du2,442282,4735605.581618547,4.735606
2026-06-28T00:35:46,dl,ue1,441586,1874510.6030142307,1.874511
2026-06-28T00:35:46,dl,ue2,441598,1912456.1113995314,1.912456
2026-06-28T00:35:46,dl,ue3,441610,1904867.0676010847,1.904867
2026-06-28T00:35:46,dl,ue4,441622,1950401.619784832,1.950402
2026-06-28T00:35:46,dl,ue5,442346,1897277.8791061044,1.897278
2026-06-28T00:35:46,dl,ue6,442358,1904867.0676010847,1.904867
2026-06-28T00:35:46,dl,ue7,442370,1874510.6030142307,1.874511
2026-06-28T00:35:46,dl,ue8,442382,1965579.852078259,1.965580
2026-06-28T00:35:51,dl,cu_cp,441331,419218.8264039731,0.419219
2026-06-28T00:35:51,dl,cu_up,441358,735245.3440850973,0.735245
2026-06-28T00:35:51,dl,du1,441519,4733948.173704285,4.733948
2026-06-28T00:35:51,dl,du2,442282,4740397.476347265,4.740397
2026-06-28T00:35:51,dl,ue1,441586,1915507.59175488,1.915508
2026-06-28T00:35:51,dl,ue2,441598,1870360.8844712342,1.870361
2026-06-28T00:35:51,dl,ue3,441610,1883259.9230615902,1.883260
2026-06-28T00:35:51,dl,ue4,441622,1928406.485910437,1.928406
2026-06-28T00:35:51,dl,ue5,442346,1889709.5145741678,1.889710
2026-06-28T00:35:51,dl,ue6,442358,1902608.4087297248,1.902608
2026-06-28T00:35:51,dl,ue7,442370,1857461.845880878,1.857462
2026-06-28T00:35:51,dl,ue8,442382,1980002.7847066605,1.980003
2026-06-28T00:35:57,dl,cu_cp,441331,424771.2286035329,0.424771
2026-06-28T00:35:57,dl,cu_up,441358,721378.7402745258,0.721379
2026-06-28T00:35:57,dl,du1,441519,4734734.223082218,4.734734
2026-06-28T00:35:57,dl,du2,442282,4665159.815012412,4.665160
2026-06-28T00:35:57,dl,ue1,441586,1885837.6520605397,1.885838
2026-06-28T00:35:57,dl,ue2,441598,1874852.1206301688,1.874852
2026-06-28T00:35:57,dl,ue3,441610,1889499.4478458525,1.889499
2026-06-28T00:35:57,dl,ue4,441622,1918794.1022772193,1.918794
2026-06-28T00:35:57,dl,ue5,442346,1904146.630987103,1.904147
2026-06-28T00:35:57,dl,ue6,442358,1900484.979276223,1.900485
2026-06-28T00:35:57,dl,ue7,442370,1860204.9374889182,1.860205
2026-06-28T00:35:57,dl,ue8,442382,1977383.1229910874,1.977383
2026-06-28T00:36:02,dl,cu_cp,441331,418313.27123135806,0.418313
2026-06-28T00:36:02,dl,cu_up,441358,733882.9700042665,0.733883
2026-06-28T00:36:02,dl,du1,441519,4744553.375794663,4.744553
2026-06-28T00:36:02,dl,du2,442282,4689512.026629746,4.689512
2026-06-28T00:36:02,dl,ue1,441586,1893417.9036897994,1.893418
2026-06-28T00:36:02,dl,ue2,441598,1897087.394388579,1.897087
2026-06-28T00:36:02,dl,ue3,441610,1900756.7406135332,1.900757
2026-06-28T00:36:02,dl,ue4,441622,1955797.945304625,1.955798
2026-06-28T00:36:02,dl,ue5,442346,1904426.2313123131,1.904426
2026-06-28T00:36:02,dl,ue6,442358,1897087.394388579,1.897087
2026-06-28T00:36:02,dl,ue7,442370,1889748.5574648452,1.889749
2026-06-28T00:36:02,dl,ue8,442382,1985153.4374733865,1.985153
2026-06-28T00:36:08,dl,cu_cp,441331,416121.2388528836,0.416121
2026-06-28T00:36:08,dl,cu_up,441358,693535.4581042886,0.693535
2026-06-28T00:36:08,dl,du1,441519,4653987.6336167045,4.653988
2026-06-28T00:36:08,dl,du2,442282,4657637.863828983,4.657638
2026-06-28T00:36:08,dl,ue1,441586,1879845.945238309,1.879846
2026-06-28T00:36:08,dl,ue2,441598,1868895.3986402322,1.868895
2026-06-28T00:36:08,dl,ue3,441610,1872545.6288525104,1.872546
2026-06-28T00:36:08,dl,ue4,441622,1941898.9946144915,1.941899
2026-06-28T00:36:08,dl,ue5,442346,1872545.6288525104,1.872546
2026-06-28T00:36:08,dl,ue6,442358,1894446.8660874225,1.894447
2026-06-28T00:36:08,dl,ue7,442370,1861595.0822544335,1.861595
2026-06-28T00:36:08,dl,ue8,442382,1967450.3180229235,1.967450
2026-06-28T00:36:13,dl,cu_cp,441331,423501.1967743349,0.423501
2026-06-28T00:36:13,dl,cu_up,441358,737476.2101303291,0.737476
2026-06-28T00:36:13,dl,du1,441519,4760737.489137993,4.760737
2026-06-28T00:36:13,dl,du2,442282,4753436.1724310685,4.753436
2026-06-28T00:36:13,dl,ue1,441586,1880199.3495036887,1.880199
2026-06-28T00:36:13,dl,ue2,441598,1927660.6546936417,1.927661
2026-06-28T00:36:13,dl,ue3,441610,1891151.90279459,1.891152
2026-06-28T00:36:13,dl,ue4,441622,1909406.3510229301,1.909406
2026-06-28T00:36:13,dl,ue5,442346,1880199.3495036887,1.880199
2026-06-28T00:36:13,dl,ue6,442358,1913057.153934021,1.913057
2026-06-28T00:36:13,dl,ue7,442370,1861944.9012753486,1.861945
2026-06-28T00:36:13,dl,ue8,442382,2007979.7643139267,2.007980
2026-06-28T00:36:19,dl,cu_cp,441331,422758.57303056837,0.422759
2026-06-28T00:36:19,dl,cu_up,441358,731258.0878777265,0.731258
2026-06-28T00:36:19,dl,du1,441519,4631301.319478853,4.631301
2026-06-28T00:36:19,dl,du2,442282,4726517.249424987,4.726517
2026-06-28T00:36:19,dl,ue1,441586,1858614.282625909,1.858614
2026-06-28T00:36:19,dl,ue2,441598,1885274.7487860215,1.885275
2026-06-28T00:36:19,dl,ue3,441610,1870040.2173202252,1.870040
2026-06-28T00:36:19,dl,ue4,441622,1919552.4084890939,1.919552
2026-06-28T00:36:19,dl,ue5,442346,1870040.2173202252,1.870040
2026-06-28T00:36:19,dl,ue6,442358,1889083.3455575013,1.889083
2026-06-28T00:36:19,dl,ue7,442370,1866231.4761688686,1.866231
2026-06-28T00:36:19,dl,ue8,442382,1969064.7440378391,1.969065
2026-06-28T00:36:24,dl,cu_cp,441331,421234.2102280945,0.421234
2026-06-28T00:36:24,dl,cu_up,441358,727225.0858347934,0.727225
2026-06-28T00:36:24,dl,du1,441519,4740871.546828301,4.740872
2026-06-28T00:36:24,dl,du2,442282,4724976.213541832,4.724976
2026-06-28T00:36:24,dl,ue1,441586,1871710.4040230978,1.871710
2026-06-28T00:36:24,dl,ue2,441598,1891580.0765665662,1.891580
2026-06-28T00:36:24,dl,ue3,441610,1859788.831781763,1.859789
2026-06-28T00:36:24,dl,ue4,441622,1915423.5101551688,1.915424
2026-06-28T00:36:24,dl,ue5,442346,1859788.831781763,1.859789
2026-06-28T00:36:24,dl,ue6,442358,1883632.2653703655,1.883632
2026-06-28T00:36:24,dl,ue7,442370,1867736.6429779637,1.867737
2026-06-28T00:36:24,dl,ue8,442382,1975032.094126675,1.975032
2026-06-28T00:36:29,dl,cu_cp,441331,420657.42978497624,0.420657
2026-06-28T00:36:29,dl,cu_up,441358,742103.1968277037,0.742103
2026-06-28T00:36:29,dl,du1,441519,4698664.208669529,4.698664
2026-06-28T00:36:29,dl,du2,442282,4726443.390376988,4.726443
2026-06-28T00:36:29,dl,ue1,441586,1892958.4701791047,1.892958
2026-06-28T00:36:29,dl,ue2,441598,1885021.5198093033,1.885022
2026-06-28T00:36:29,dl,ue3,441610,1869147.763656547,1.869148
2026-06-28T00:36:29,dl,ue4,441622,1936611.5526261663,1.936612
2026-06-28T00:36:29,dl,ue5,442346,1865179.2884716464,1.865179
2026-06-28T00:36:29,dl,ue6,442358,1940580.0278110672,1.940580
2026-06-28T00:36:29,dl,ue7,442370,1849305.2431451965,1.849305
2026-06-28T00:36:29,dl,ue8,442382,1972327.6847034264,1.972328
2026-06-28T00:36:35,dl,cu_cp,441331,413043.85849076987,0.413044
2026-06-28T00:36:35,dl,cu_up,441358,738713.0185293353,0.738713
2026-06-28T00:36:35,dl,du1,441519,4670572.717079001,4.670573
2026-06-28T00:36:35,dl,du2,442282,4690430.685088949,4.690431
2026-06-28T00:36:35,dl,ue1,441586,1882526.708345461,1.882527
2026-06-28T00:36:35,dl,ue2,441598,1878555.259060099,1.878555
2026-06-28T00:36:35,dl,ue3,441610,1842811.0609588195,1.842811
2026-06-28T00:36:35,dl,ue4,441622,1902384.6763554097,1.902385
2026-06-28T00:36:35,dl,ue5,442346,1874583.5211414814,1.874584
2026-06-28T00:36:35,dl,ue6,442358,1930185.6872527099,1.930186
2026-06-28T00:36:35,dl,ue7,442370,1890469.8955494403,1.890470
2026-06-28T00:36:35,dl,ue8,442382,1985787.8533639384,1.985788
2026-06-28T00:36:40,dl,cu_cp,441331,426055.7033076799,0.426056
2026-06-28T00:36:40,dl,cu_up,441358,712747.3273593854,0.712747
2026-06-28T00:36:40,dl,du1,441519,4698558.115342021,4.698558
2026-06-28T00:36:40,dl,du2,442282,4710503.4220404,4.710503
2026-06-28T00:36:40,dl,ue1,441586,1867477.6504017783,1.867478
2026-06-28T00:36:40,dl,ue2,441598,1883405.0150362682,1.883405
2026-06-28T00:36:40,dl,ue3,441610,1871459.4193012381,1.871459
2026-06-28T00:36:40,dl,ue4,441622,1943132.4156381178,1.943132
2026-06-28T00:36:40,dl,ue5,442346,1875441.3327190233,1.875441
2026-06-28T00:36:40,dl,ue6,442358,1923223.2821041679,1.923223
2026-06-28T00:36:40,dl,ue7,442370,1883405.0150362682,1.883405
2026-06-28T00:36:40,dl,ue8,442382,1986932.5961238027,1.986933
2026-06-28T00:36:45,dl,cu_cp,441331,424328.8367756653,0.424329
2026-06-28T00:36:45,dl,cu_up,441358,723287.8297682905,0.723288
2026-06-28T00:36:45,dl,du1,441519,4802631.084563656,4.802631
2026-06-28T00:36:45,dl,du2,442282,4590466.666175824,4.590467
2026-06-28T00:36:45,dl,ue1,441586,1919123.509800477,1.919124
2026-06-28T00:36:45,dl,ue2,441598,1909479.7654904937,1.909480
2026-06-28T00:36:45,dl,ue3,441610,1928767.5460487746,1.928768
2026-06-28T00:36:45,dl,ue4,441622,1967342.8152270222,1.967343
2026-06-28T00:36:45,dl,ue5,442346,1890192.13090137,1.890192
2026-06-28T00:36:45,dl,ue6,442358,1938411.290358758,1.938411
2026-06-28T00:36:45,dl,ue7,442370,1880548.2406222296,1.880548
2026-06-28T00:36:45,dl,ue8,442382,2015561.97468441,2.015562
2026-06-28T00:36:51,dl,cu_cp,441331,365351.4505301714,0.365351
2026-06-28T00:36:51,dl,cu_up,441358,365351.4505301714,0.365351
2026-06-28T00:36:51,dl,du1,441519,3281137.007512665,3.281137
2026-06-28T00:36:51,dl,du2,442282,3281137.007512665,3.281137
2026-06-28T00:36:51,dl,ue1,441586,934456.6081588983,0.934457
2026-06-28T00:36:51,dl,ue2,441598,913378.5943367959,0.913379
2026-06-28T00:36:51,dl,ue3,441610,913378.5943367959,0.913379
2026-06-28T00:36:51,dl,ue4,441622,857170.7280838967,0.857171
2026-06-28T00:36:51,dl,ue5,442346,899326.6277735711,0.899327
2026-06-28T00:36:51,dl,ue6,442358,899326.6277735711,0.899327
2026-06-28T00:36:51,dl,ue7,442370,913378.5943367959,0.913379
2026-06-28T00:36:51,dl,ue8,442382,920404.6415956735,0.920405
2026-06-28T00:36:56,dl,cu_cp,441331,357599.2304955411,0.357599
2026-06-28T00:36:56,dl,cu_up,441358,357599.2304955411,0.357599
2026-06-28T00:36:56,dl,du1,441519,3224454.0588175394,3.224454
2026-06-28T00:36:56,dl,du2,442282,3254759.0767219733,3.254759
2026-06-28T00:36:56,dl,ue1,441586,933394.5386410952,0.933395
2026-06-28T00:36:56,dl,ue2,441598,903089.5207366609,0.903090
2026-06-28T00:36:56,dl,ue3,441610,915211.5535293913,0.915212
2026-06-28T00:36:56,dl,ue4,441622,890967.6160987138,0.890968
2026-06-28T00:36:56,dl,ue5,442346,878845.5833059836,0.878846
2026-06-28T00:36:56,dl,ue6,442358,884906.5997023487,0.884907
2026-06-28T00:36:56,dl,ue7,442370,927333.6503995132,0.927334
2026-06-28T00:36:56,dl,ue8,442382,897028.5043402958,0.897029
2026-06-28T00:37:02,dl,cu_cp,441331,332227.73040820955,0.332228
2026-06-28T00:37:02,dl,cu_up,441358,337261.4646218526,0.337261
2026-06-28T00:37:02,dl,du1,441519,3050454.5659958553,3.050455
2026-06-28T00:37:02,dl,du2,442282,3010184.449942374,3.010184
2026-06-28T00:37:02,dl,ue1,441586,855738.0879678655,0.855738
2026-06-28T00:37:02,dl,ue2,441598,805400.5640731823,0.805401
2026-06-28T00:37:02,dl,ue3,441610,805400.5640731823,0.805401
2026-06-28T00:37:02,dl,ue4,441622,815468.0325004685,0.815468
2026-06-28T00:37:02,dl,ue5,442346,840636.8247408521,0.840637
2026-06-28T00:37:02,dl,ue6,442358,855738.0879678655,0.855738
2026-06-28T00:37:02,dl,ue7,442370,845670.6195405793,0.845671
2026-06-28T00:37:02,dl,ue8,442382,855738.0879678655,0.855738
2026-06-28T00:37:07,ul,cu_cp,441331,335965.99340188026,0.335966
2026-06-28T00:37:07,ul,cu_up,441358,339076.8087674391,0.339077
2026-06-28T00:37:07,ul,du1,441519,3042358.89357729,3.042359
2026-06-28T00:37:07,ul,du2,442282,3033026.538631134,3.033027
2026-06-28T00:37:07,ul,ue1,441586,839915.0442717146,0.839915
2026-06-28T00:37:07,ul,ue2,441598,852358.1841999221,0.852358
2026-06-28T00:37:07,ul,ue3,441610,849247.3992178702,0.849247
2026-06-28T00:37:07,ul,ue4,441622,867912.1698771954,0.867912
2026-06-28T00:37:07,ul,ue5,442346,874133.8006083131,0.874134
2026-06-28T00:37:07,ul,ue6,442358,833693.413540597,0.833693
2026-06-28T00:37:07,ul,ue7,442370,839915.0442717146,0.839915
2026-06-28T00:37:07,ul,ue8,442382,864801.3848951436,0.864801
2026-06-28T00:37:12,ul,cu_cp,441331,376802.92413677333,0.376803
2026-06-28T00:37:12,ul,cu_up,441358,413810.35389216425,0.413810
2026-06-28T00:37:12,ul,du1,441519,3855501.0250369646,3.855501
2026-06-28T00:37:12,ul,du2,442282,3781486.2313276385,3.781486
2026-06-28T00:37:12,ul,ue1,441586,1258252.545881834,1.258253
2026-06-28T00:37:12,ul,ue2,441598,1271709.7332461071,1.271710
2026-06-28T00:37:12,ul,ue3,441610,1264981.1395639705,1.264981
2026-06-28T00:37:12,ul,ue4,441622,1258252.545881834,1.258253
2026-06-28T00:37:12,ul,ue5,442346,1271709.7332461071,1.271710
2026-06-28T00:37:12,ul,ue6,442358,1275074.0300871753,1.275074
2026-06-28T00:37:12,ul,ue7,442370,1244795.3585175609,1.244795
2026-06-28T00:37:12,ul,ue8,442382,1301988.6680215455,1.301989
2026-06-28T00:37:18,ul,cu_cp,441331,383169.21978115203,0.383169
2026-06-28T00:37:18,ul,cu_up,441358,434032.3525785267,0.434032
2026-06-28T00:37:18,ul,du1,441519,4055489.888990364,4.055490
2026-06-28T00:37:18,ul,du2,442282,3960545.5873029325,3.960546
2026-06-28T00:37:18,ul,ue1,441586,1417386.9517998076,1.417387
2026-06-28T00:37:18,ul,ue2,441598,1427559.6315761996,1.427560
2026-06-28T00:37:18,ul,ue3,441610,1407214.2720234157,1.407214
2026-06-28T00:37:18,ul,ue4,441622,1430950.480487566,1.430950
2026-06-28T00:37:18,ul,ue5,442346,1410605.2539770745,1.410605
2026-06-28T00:37:18,ul,ue6,442358,1400432.5742006826,1.400433
2026-06-28T00:37:18,ul,ue7,442370,1386869.0455129242,1.386869
2026-06-28T00:37:18,ul,ue8,442382,1434341.3293989324,1.434341
2026-06-28T00:37:23,ul,cu_cp,441331,385826.0238575846,0.385826
2026-06-28T00:37:23,ul,cu_up,441358,439977.003025572,0.439977
2026-06-28T00:37:23,ul,du1,441519,4135783.902133727,4.135784
2026-06-28T00:37:23,ul,du2,442282,4041019.61322155,4.041020
2026-06-28T00:37:23,ul,ue1,441586,1458693.0083405436,1.458693
2026-06-28T00:37:23,ul,ue2,441598,1438386.33671996,1.438386
2026-06-28T00:37:23,ul,ue3,441610,1401157.5280741632,1.401158
2026-06-28T00:37:23,ul,ue4,441622,1435001.9361124993,1.435002
2026-06-28T00:37:23,ul,ue5,442346,1401157.5280741632,1.401158
2026-06-28T00:37:23,ul,ue6,442358,1407926.4632769942,1.407926
2026-06-28T00:37:23,ul,ue7,442370,1387619.7916564108,1.387620
2026-06-28T00:37:23,ul,ue8,442382,1448539.6725302518,1.448540
2026-06-28T00:37:29,ul,cu_cp,441331,378961.1614777863,0.378961
2026-06-28T00:37:29,ul,cu_up,441358,429975.1819945425,0.429975
2026-06-28T00:37:29,ul,du1,441519,4062900.843166411,4.062901
2026-06-28T00:37:29,ul,du2,442282,4037393.866355419,4.037394
2026-06-28T00:37:29,ul,ue1,441586,1406528.9545557261,1.406529
2026-06-28T00:37:29,ul,ue2,441598,1388309.628066641,1.388310
2026-06-28T00:37:29,ul,ue3,441610,1417460.496933359,1.417460
2026-06-28T00:37:29,ul,ue4,441622,1446611.3658000766,1.446611
2026-06-28T00:37:29,ul,ue5,442346,1417460.496933359,1.417460
2026-06-28T00:37:29,ul,ue6,442358,1435679.8234224438,1.435680
2026-06-28T00:37:29,ul,ue7,442370,1410172.712821907,1.410173
2026-06-28T00:37:29,ul,ue8,442382,1446611.3658000766,1.446611
2026-06-28T00:37:34,ul,cu_cp,441331,377833.248172003,0.377833
2026-06-28T00:37:34,ul,cu_up,441358,425520.94745799305,0.425521
2026-06-28T00:37:34,ul,du1,441519,4024107.8037519692,4.024108
2026-06-28T00:37:34,ul,du2,442282,4009434.4192883014,4.009434
2026-06-28T00:37:34,ul,ue1,441586,1404952.8225085915,1.404953
2026-06-28T00:37:34,ul,ue2,441598,1401284.4763926745,1.401284
2026-06-28T00:37:34,ul,ue3,441610,1412289.3813702702,1.412289
2026-06-28T00:37:34,ul,ue4,441622,1437967.2707010687,1.437967
2026-06-28T00:37:34,ul,ue5,442346,1412289.3813702702,1.412289
2026-06-28T00:37:34,ul,ue6,442358,1404952.8225085915,1.404953
2026-06-28T00:37:34,ul,ue7,442370,1379274.799807638,1.379275
2026-06-28T00:37:34,ul,ue8,442382,1434299.0579553067,1.434299
2026-06-28T00:37:39,ul,cu_cp,441331,384227.6076219273,0.384228
2026-06-28T00:37:39,ul,cu_up,441358,439645.053609533,0.439645
2026-06-28T00:37:39,ul,du1,441519,4104585.215444288,4.104585
2026-06-28T00:37:39,ul,du2,442282,4030695.600573251,4.030696
2026-06-28T00:37:39,ul,ue1,441586,1444548.0764213013,1.444548
2026-06-28T00:37:39,ul,ue2,441598,1448242.6242603755,1.448243
2026-06-28T00:37:39,ul,ue3,441610,1422381.0577689456,1.422381
2026-06-28T00:37:39,ul,ue4,441622,1463020.547234583,1.463021
2026-06-28T00:37:39,ul,ue5,442346,1429770.0192560493,1.429770
2026-06-28T00:37:39,ul,ue6,442358,1455631.4515564346,1.455631
2026-06-28T00:37:39,ul,ue7,442370,1381741.5683033084,1.381742
2026-06-28T00:37:39,ul,ue8,442382,1448242.6242603755,1.448243
2026-06-28T00:37:45,ul,cu_cp,441331,377898.8421841496,0.377899
2026-06-28T00:37:45,ul,cu_up,441358,432932.6593357551,0.432933
2026-06-28T00:37:45,ul,du1,441519,4068832.829598041,4.068833
2026-06-28T00:37:45,ul,du2,442282,4061495.2853791523,4.061495
2026-06-28T00:37:45,ul,ue1,441586,1408865.478847196,1.408865
2026-06-28T00:37:45,ul,ue2,441598,1401527.6677017475,1.401528
2026-06-28T00:37:45,ul,ue3,441610,1416203.423455925,1.416203
2026-06-28T00:37:45,ul,ue4,441622,1445554.8015009998,1.445555
2026-06-28T00:37:45,ul,ue5,442346,1405196.5732744718,1.405197
2026-06-28T00:37:45,ul,ue6,442358,1423541.2346013738,1.423541
2026-06-28T00:37:45,ul,ue7,442370,1375845.195229397,1.375845
2026-06-28T00:37:45,ul,ue8,442382,1445554.8015009998,1.445555
2026-06-28T00:37:50,ul,cu_cp,441331,382735.0291898072,0.382735
2026-06-28T00:37:50,ul,cu_up,441358,430576.91619782866,0.430577
2026-06-28T00:37:50,ul,du1,441519,4015037.877394152,4.015038
2026-06-28T00:37:50,ul,du2,442282,4103361.2582176304,4.103361
2026-06-28T00:37:50,ul,ue1,441586,1380054.162854147,1.380054
2026-06-28T00:37:50,ul,ue2,441598,1402135.0080600167,1.402135
2026-06-28T00:37:50,ul,ue3,441610,1413175.4306629514,1.413175
2026-06-28T00:37:50,ul,ue4,441622,1431576.179584086,1.431576
2026-06-28T00:37:50,ul,ue5,442346,1413175.4306629514,1.413175
2026-06-28T00:37:50,ul,ue6,442358,1431576.179584086,1.431576
2026-06-28T00:37:50,ul,ue7,442370,1420535.7569811512,1.420536
2026-06-28T00:37:50,ul,ue8,442382,1475737.8699958252,1.475738
2026-06-28T00:37:55,ul,cu_cp,441331,386242.09392476914,0.386242
2026-06-28T00:37:55,ul,cu_up,441358,421355.04204394104,0.421355
2026-06-28T00:37:55,ul,du1,441519,3967760.018375492,3.967760
2026-06-28T00:37:55,ul,du2,442282,4090655.1523302267,4.090655
2026-06-28T00:37:55,ul,ue1,441586,1413294.9795605899,1.413295
2026-06-28T00:37:55,ul,ue2,441598,1430851.503928094,1.430852
2026-06-28T00:37:55,ul,ue3,441610,1439629.766111846,1.439630
2026-06-28T00:37:55,ul,ue4,441622,1492299.0709054612,1.492299
2026-06-28T00:37:55,ul,ue5,442346,1430851.503928094,1.430852
2026-06-28T00:37:55,ul,ue6,442358,1439629.766111846,1.439630
2026-06-28T00:37:55,ul,ue7,442370,1395738.589347534,1.395739
2026-06-28T00:37:55,ul,ue8,442382,1474742.6806924057,1.474743
2026-06-28T00:38:01,ul,cu_cp,441331,376429.1023093718,0.376429
2026-06-28T00:38:01,ul,cu_up,441358,412624.15788487793,0.412624
2026-06-28T00:38:01,ul,du1,441519,4003178.4628992127,4.003178
2026-06-28T00:38:01,ul,du2,442282,3952505.3917305185,3.952505
2026-06-28T00:38:01,ul,ue1,441586,1462282.1965325712,1.462282
2026-06-28T00:38:01,ul,ue2,441598,1411609.1253638768,1.411609
2026-06-28T00:38:01,ul,ue3,441610,1397131.010215478,1.397131
2026-06-28T00:38:01,ul,ue4,441622,1455043.2053285122,1.455043
2026-06-28T00:38:01,ul,ue5,442346,1382652.895067079,1.382653
2026-06-28T00:38:01,ul,ue6,442358,1375413.90386302,1.375414
2026-06-28T00:38:01,ul,ue7,442370,1397131.010215478,1.397131
2026-06-28T00:38:01,ul,ue8,442382,1433326.0989760542,1.433326
2026-06-28T00:38:06,ul,cu_cp,441331,380329.20474483666,0.380329
2026-06-28T00:38:06,ul,cu_up,441358,417135.2237890845,0.417135
2026-06-28T00:38:06,ul,du1,441519,3895307.12808682,3.895307
2026-06-28T00:38:06,ul,du2,442282,3993456.3360563708,3.993456
2026-06-28T00:38:06,ul,ue1,441586,1380226.8040777873,1.380227
2026-06-28T00:38:06,ul,ue2,441598,1398629.9126834106,1.398630
2026-06-28T00:38:06,ul,ue3,441610,1374092.6106910228,1.374093
2026-06-28T00:38:06,ul,ue4,441622,1361823.8275834965,1.361824
2026-06-28T00:38:06,ul,ue5,442346,1367958.285192926,1.367958
2026-06-28T00:38:06,ul,ue6,442358,1410898.5636796046,1.410899
2026-06-28T00:38:06,ul,ue7,442370,1386361.2616872168,1.386361
2026-06-28T00:38:06,ul,ue8,442382,1404764.2381815077,1.404764
2026-06-28T00:38:12,ul,cu_cp,441331,380270.0138667172,0.380270
2026-06-28T00:38:12,ul,cu_up,441358,423729.4354364848,0.423729
2026-06-28T00:38:12,ul,du1,441519,3971105.334640646,3.971105
2026-06-28T00:38:12,ul,du2,442282,4003700.1429075575,4.003700
2026-06-28T00:38:12,ul,ue1,441586,1417863.874977212,1.417864
2026-06-28T00:38:12,ul,ue2,441598,1401566.6044104241,1.401567
2026-06-28T00:38:12,ul,ue3,441610,1374404.4867991114,1.374404
2026-06-28T00:38:12,ul,ue4,441622,1417863.874977212,1.417864
2026-06-28T00:38:12,ul,ue5,442346,1406999.0279326867,1.406999
2026-06-28T00:38:12,ul,ue6,442358,1417863.874977212,1.417864
2026-06-28T00:38:12,ul,ue7,442370,1406999.0279326867,1.406999
2026-06-28T00:38:12,ul,ue8,442382,1450458.4161107873,1.450458
2026-06-28T00:38:17,ul,cu_cp,441331,382787.9728534627,0.382788
2026-06-28T00:38:17,ul,cu_up,441358,423438.00831598043,0.423438
2026-06-28T00:38:17,ul,du1,441519,4014192.4855331993,4.014192
2026-06-28T00:38:17,ul,du2,442282,3963379.557800331,3.963380
2026-06-28T00:38:17,ul,ue1,441586,1422751.7079416942,1.422752
2026-06-28T00:38:17,ul,ue2,441598,1395651.728752737,1.395652
2026-06-28T00:38:17,ul,ue3,441610,1378714.175080557,1.378714
2026-06-28T00:38:17,ul,ue4,441622,1415976.7131444549,1.415977
2026-06-28T00:38:17,ul,ue5,442346,1385489.1698777962,1.385489
2026-06-28T00:38:17,ul,ue6,442358,1419364.2772221565,1.419364
2026-06-28T00:38:17,ul,ue7,442370,1392264.2980331993,1.392264
2026-06-28T00:38:17,ul,ue8,442382,1487114.2251945497,1.487114
2026-06-28T00:38:23,ul,cu_cp,441331,378430.5808419478,0.378431
2026-06-28T00:38:23,ul,cu_up,441358,422355.5441085845,0.422356
2026-06-28T00:38:23,ul,du1,441519,3990415.1207949542,3.990415
2026-06-28T00:38:23,ul,du2,442282,3946490.257433238,3.946490
2026-06-28T00:38:23,ul,ue1,441586,1408978.1417685342,1.408978
2026-06-28T00:38:23,ul,ue2,441598,1415735.710588367,1.415736
2026-06-28T00:38:23,ul,ue3,441610,1408978.1417685342,1.408978
2026-06-28T00:38:23,ul,ue4,441622,1425872.3302312375,1.425872
2026-06-28T00:38:23,ul,ue5,442346,1398841.5221256637,1.398842
2026-06-28T00:38:23,ul,ue6,442358,1422493.545821321,1.422494
2026-06-28T00:38:23,ul,ue7,442370,1378568.5492530442,1.378569
2026-06-28T00:38:23,ul,ue8,442382,1449524.220720334,1.449524
2026-06-28T00:38:28,ul,cu_cp,441331,378735.03209064004,0.378735
2026-06-28T00:38:28,ul,cu_up,441358,418954.6668487787,0.418955
2026-06-28T00:38:28,ul,du1,441519,3998503.453109169,3.998503
2026-06-28T00:38:28,ul,du2,442282,3958283.8846477508,3.958284
2026-06-28T00:38:28,ul,ue1,441586,1434500.726252842,1.434501
2026-06-28T00:38:28,ul,ue2,441598,1407687.6806118966,1.407688
2026-06-28T00:38:28,ul,ue3,441610,1400984.4192016602,1.400984
2026-06-28T00:38:28,ul,ue4,441622,1427797.5974360467,1.427798
2026-06-28T00:38:28,ul,ue5,442346,1380874.6349709511,1.380875
2026-06-28T00:38:28,ul,ue6,442358,1411039.3776137352,1.411039
2026-06-28T00:38:28,ul,ue7,442370,1360764.850740242,1.360765
2026-06-28T00:38:28,ul,ue8,442382,1441204.1202565194,1.441204
2026-06-28T00:38:33,ul,cu_cp,441331,383590.5553474277,0.383591
2026-06-28T00:38:33,ul,cu_up,441358,410747.4140847784,0.410747
2026-06-28T00:38:33,ul,du1,441519,3978478.9792702007,3.978479
2026-06-28T00:38:33,ul,du2,442282,3934349.224199791,3.934349
2026-06-28T00:38:33,ul,ue1,441586,1418945.5222108697,1.418946
2026-06-28T00:38:33,ul,ue2,441598,1398577.9937630915,1.398578
2026-06-28T00:38:33,ul,ue3,441610,1391788.7295336532,1.391789
2026-06-28T00:38:33,ul,ue4,441622,1412156.3901016999,1.412156
2026-06-28T00:38:33,ul,ue5,442346,1388394.0313588,1.388394
2026-06-28T00:38:33,ul,ue6,442358,1408761.824047115,1.408762
2026-06-28T00:38:33,ul,ue7,442370,1357842.6726269985,1.357843
2026-06-28T00:38:33,ul,ue8,442382,1429129.4846151613,1.429129
2026-06-28T00:38:39,ul,cu_cp,441331,379391.15200896264,0.379391
2026-06-28T00:38:39,ul,cu_up,441358,412223.07607257663,0.412223
2026-06-28T00:38:39,ul,du1,441519,4001847.1829526187,4.001847
2026-06-28T00:38:39,ul,du2,442282,3958071.2399569987,3.958071
2026-06-28T00:38:39,ul,ue1,441586,1404476.8659075021,1.404477
2026-06-28T00:38:39,ul,ue2,441598,1397180.8311640979,1.397181
2026-06-28T00:38:39,ul,ue3,441610,1400828.9812682034,1.400829
2026-06-28T00:38:39,ul,ue4,441622,1426364.837405312,1.426365
2026-06-28T00:38:39,ul,ue5,442346,1378941.0097703934,1.378941
2026-06-28T00:38:39,ul,ue6,442358,1404476.8659075021,1.404477
2026-06-28T00:38:39,ul,ue7,442370,1371644.975026989,1.371645
2026-06-28T00:38:39,ul,ue8,442382,1437308.7567880154,1.437309
2026-06-28T00:38:44,ul,cu_cp,441331,383109.22952734976,0.383109
2026-06-28T00:38:44,ul,cu_up,441358,412298.49122262595,0.412298
2026-06-28T00:38:44,ul,du1,441519,3977038.438113928,3.977038
2026-06-28T00:38:44,ul,du2,442282,3969741.445680213,3.969741
2026-06-28T00:38:44,ul,ue1,441586,1430274.3862307668,1.430274
2026-06-28T00:38:44,ul,ue2,441598,1408382.4813682972,1.408382
2026-06-28T00:38:44,ul,ue3,441610,1386490.576505828,1.386491
2026-06-28T00:38:44,ul,ue4,441622,1430274.3862307668,1.430274
2026-06-28T00:38:44,ul,ue5,442346,1382841.815271449,1.382842
2026-06-28T00:38:44,ul,ue6,442358,1404733.8526426791,1.404734
2026-06-28T00:38:44,ul,ue7,442370,1390139.205231446,1.390139
2026-06-28T00:38:44,ul,ue8,442382,1441220.404916382,1.441220
2026-06-28T00:38:49,ul,cu_cp,441331,379494.71656597854,0.379495
2026-06-28T00:38:49,ul,cu_up,441358,419633.58592246025,0.419634
2026-06-28T00:38:49,ul,du1,441519,3995641.545620215,3.995642
2026-06-28T00:38:49,ul,du2,442282,3948204.938295615,3.948205
2026-06-28T00:38:49,ul,ue1,441586,1408509.1803378463,1.408509
2026-06-28T00:38:49,ul,ue2,441598,1386615.4024071335,1.386615
2026-06-28T00:38:49,ul,ue3,441610,1412158.2318010211,1.412158
2026-06-28T00:38:49,ul,ue4,441622,1408509.1803378463,1.408509
2026-06-28T00:38:49,ul,ue5,442346,1379317.299480784,1.379317
2026-06-28T00:38:49,ul,ue6,442358,1423105.1207663775,1.423105
2026-06-28T00:38:49,ul,ue7,442370,1386615.4024071335,1.386615
2026-06-28T00:38:49,ul,ue8,442382,1437701.0611949086,1.437701
2026-06-28T00:38:55,ul,cu_cp,441331,377429.78066841484,0.377430
2026-06-28T00:38:55,ul,cu_up,441358,421402.15868528845,0.421402
2026-06-28T00:38:55,ul,du1,441519,4045461.0432406426,4.045461
2026-06-28T00:38:55,ul,du2,442282,3979502.326280079,3.979502
2026-06-28T00:38:55,ul,ue1,441586,1414445.5980983304,1.414446
2026-06-28T00:38:55,ul,ue2,441598,1377801.9553040934,1.377802
2026-06-28T00:38:55,ul,ue3,441610,1425438.584315977,1.425439
2026-06-28T00:38:55,ul,ue4,441622,1429103.001905713,1.429103
2026-06-28T00:38:55,ul,ue5,442346,1392459.359111476,1.392459
2026-06-28T00:38:55,ul,ue6,442358,1410781.1805085945,1.410781
2026-06-28T00:38:55,ul,ue7,442370,1388794.94152174,1.388795
2026-06-28T00:38:55,ul,ue8,442382,1451089.2408925677,1.451089
2026-06-28T00:39:00,ul,cu_cp,441331,386434.267826128,0.386434
2026-06-28T00:39:00,ul,cu_up,441358,415599.10824171064,0.415599
2026-06-28T00:39:00,ul,du1,441519,4021103.8939745235,4.021104
2026-06-28T00:39:00,ul,du2,442282,3937255.0439395523,3.937255
2026-06-28T00:39:00,ul,ue1,441586,1381684.7778070306,1.381685
2026-06-28T00:39:00,ul,ue2,441598,1374393.567703135,1.374394
2026-06-28T00:39:00,ul,ue3,441610,1403558.4081187176,1.403558
2026-06-28T00:39:00,ul,ue4,441622,1429077.5773225236,1.429078
2026-06-28T00:39:00,ul,ue5,442346,1345228.7272875523,1.345229
2026-06-28T00:39:00,ul,ue6,442358,1396267.198014822,1.396267
2026-06-28T00:39:00,ul,ue7,442370,1352519.937391448,1.352520
2026-06-28T00:39:00,ul,ue8,442382,1432723.2485343004,1.432723
2026-06-28T00:39:05,ul,cu_cp,441331,381555.2177869582,0.381555
2026-06-28T00:39:05,ul,cu_up,441358,423950.2124708462,0.423950
2026-06-28T00:39:05,ul,du1,441519,4078401.118346491,4.078401
2026-06-28T00:39:05,ul,du2,442282,3951216.26711081,3.951216
2026-06-28T00:39:05,ul,ue1,441586,1399035.7542801858,1.399036
2026-06-28T00:39:05,ul,ue2,441598,1415993.6990273476,1.415994
2026-06-28T00:39:05,ul,ue3,441610,1399035.7542801858,1.399036
2026-06-28T00:39:05,ul,ue4,441622,1441430.7489640736,1.441431
2026-06-28T00:39:05,ul,ue5,442346,1407514.7266537666,1.407515
2026-06-28T00:39:05,ul,ue6,442358,1424472.8042169118,1.424473
2026-06-28T00:39:05,ul,ue7,442370,1382077.6767170406,1.382078
2026-06-28T00:39:05,ul,ue8,442382,1466867.7989007998,1.466868
2026-06-28T00:39:11,ul,cu_cp,441331,383645.59356085537,0.383646
2026-06-28T00:39:11,ul,cu_up,441358,412063.79792007565,0.412064
2026-06-28T00:39:11,ul,du1,441519,4042488.0659726574,4.042488
2026-06-28T00:39:11,ul,du2,442282,3928815.5129975653,3.928816
2026-06-28T00:39:11,ul,ue1,441586,1442223.3257779884,1.442223
2026-06-28T00:39:11,ul,ue2,441598,1392491.550793662,1.392492
2026-06-28T00:39:11,ul,ue3,441610,1371177.9140531088,1.371178
2026-06-28T00:39:11,ul,ue4,441622,1428014.1905406546,1.428014
2026-06-28T00:39:11,ul,ue5,442346,1307236.871600554,1.307237
2026-06-28T00:39:11,ul,ue6,442358,1385386.917059548,1.385387
2026-06-28T00:39:11,ul,ue7,442370,1364073.2803189945,1.364073
2026-06-28T00:39:11,ul,ue8,442382,1428014.1905406546,1.428014
2026-06-28T00:39:16,ul,cu_cp,441331,380912.5094971418,0.380913
2026-06-28T00:39:16,ul,cu_up,441358,417775.02006855723,0.417775
2026-06-28T00:39:16,ul,du1,441519,4018012.821110802,4.018013
2026-06-28T00:39:16,ul,du2,442282,3975006.4424131964,3.975006
2026-06-28T00:39:16,ul,ue1,441586,1456068.851724987,1.456069
2026-06-28T00:39:16,ul,ue2,441598,1400774.9362566376,1.400775
2026-06-28T00:39:16,ul,ue3,441610,1388487.53247365,1.388488
2026-06-28T00:39:16,ul,ue4,441622,1419206.2414127542,1.419206
2026-06-28T00:39:16,ul,ue5,442346,1388487.53247365,1.388488
2026-06-28T00:39:16,ul,ue6,442358,1425350.0097981263,1.425350
2026-06-28T00:39:16,ul,ue7,442370,1357768.823534546,1.357769
2026-06-28T00:39:16,ul,ue8,442382,1474500.1568811035,1.474500
2026-06-28T00:39:22,ul,cu_cp,441331,380137.6185876089,0.380138
2026-06-28T00:39:22,ul,cu_up,441358,417615.96085804014,0.417616
2026-06-28T00:39:22,ul,du1,441519,3978059.6050338433,3.978060
2026-06-28T00:39:22,ul,du2,442282,3908457.049994817,3.908457
2026-06-28T00:39:22,ul,ue1,441586,1440239.6603077375,1.440240
2026-06-28T00:39:22,ul,ue2,441598,1402761.351228037,1.402761
2026-06-28T00:39:22,ul,ue3,441610,1408115.4143484116,1.408115
2026-06-28T00:39:22,ul,ue4,441622,1413469.344705864,1.413469
2026-06-28T00:39:22,ul,ue5,442346,1397407.2881076622,1.397407
2026-06-28T00:39:22,ul,ue6,442358,1418823.4078262388,1.418823
2026-06-28T00:39:22,ul,ue7,442370,1381345.0987465382,1.381345
2026-06-28T00:39:22,ul,ue8,442382,1461655.9127892363,1.461656
2026-06-28T00:39:27,ul,cu_cp,441331,377636.51837306976,0.377637
2026-06-28T00:39:27,ul,cu_up,441358,418097.56917282403,0.418098
2026-06-28T00:39:27,ul,du1,441519,4009016.499576845,4.009016
2026-06-28T00:39:27,ul,du2,442282,3998901.1788092423,3.998901
2026-06-28T00:39:27,ul,ue1,441586,1473456.8294632481,1.473457
2026-06-28T00:39:27,ul,ue2,441598,1416136.9438990117,1.416137
2026-06-28T00:39:27,ul,ue3,441610,1385791.2470483826,1.385791
2026-06-28T00:39:27,ul,ue4,441622,1443111.1326126193,1.443111
2026-06-28T00:39:27,ul,ue5,442346,1372304.152691579,1.372304
2026-06-28T00:39:27,ul,ue6,442358,1419508.7174882125,1.419509
2026-06-28T00:39:27,ul,ue7,442370,1399278.2086790968,1.399278
2026-06-28T00:39:27,ul,ue8,442382,1493687.338272364,1.493687
2026-06-28T00:39:33,ul,cu_cp,441331,376574.44179443957,0.376574
2026-06-28T00:39:33,ul,cu_up,441358,423646.23872590245,0.423646
2026-06-28T00:39:33,ul,du1,441519,4017914.6188550377,4.017915
2026-06-28T00:39:33,ul,du2,442282,3991016.6197755244,3.991017
2026-06-28T00:39:33,ul,ue1,441586,1365082.3432120013,1.365082
2026-06-28T00:39:33,ul,ue2,441598,1412154.106972096,1.412154
2026-06-28T00:39:33,ul,ue3,441610,1405429.6072022177,1.405430
2026-06-28T00:39:33,ul,ue4,441622,1412154.106972096,1.412154
2026-06-28T00:39:33,ul,ue5,442346,1378531.3427517582,1.378531
2026-06-28T00:39:33,ul,ue6,442358,1445776.738506961,1.445777
2026-06-28T00:39:33,ul,ue7,442370,1391980.4749769878,1.391980
2026-06-28T00:39:33,ul,ue8,442382,1442414.4886220216,1.442414
2026-06-28T00:39:38,ul,cu_cp,441331,378471.7461974621,0.378472
2026-06-28T00:39:38,ul,cu_up,441358,429616.6048166215,0.429617
2026-06-28T00:39:38,ul,du1,441519,4043851.2605296136,4.043851
2026-06-28T00:39:38,ul,du2,442282,4019983.617430973,4.019984
2026-06-28T00:39:38,ul,ue1,441586,1449103.6690764665,1.449104
2026-06-28T00:39:38,ul,ue2,441598,1421826.4200746058,1.421826
2026-06-28T00:39:38,ul,ue3,441610,1408187.7286109924,1.408188
2026-06-28T00:39:38,ul,ue4,441622,1462742.2266147137,1.462742
2026-06-28T00:39:38,ul,ue5,442346,1401368.5168045522,1.401369
2026-06-28T00:39:38,ul,ue6,442358,1438874.7174414396,1.438875
2026-06-28T00:39:38,ul,ue7,442370,1408187.7286109924,1.408188
2026-06-28T00:39:38,ul,ue8,442382,1503658.0331548215,1.503658
2026-06-28T00:39:43,ul,cu_cp,441331,384718.02719960245,0.384718
2026-06-28T00:39:43,ul,cu_up,441358,422502.83433249505,0.422503
2026-06-28T00:39:43,ul,du1,441519,4046409.224851778,4.046409
2026-06-28T00:39:43,ul,du2,442282,3919315.091088438,3.919315
2026-06-28T00:39:43,ul,ue1,441586,1435822.6710499192,1.435823
2026-06-28T00:39:43,ul,ue2,441598,1401472.7255492948,1.401473
2026-06-28T00:39:43,ul,ue3,441610,1411777.709199482,1.411778
2026-06-28T00:39:43,ul,ue4,441622,1439257.6655999816,1.439258
2026-06-28T00:39:43,ul,ue5,442346,1387732.8802668392,1.387733
2026-06-28T00:39:43,ul,ue6,442358,1422082.6928496694,1.422083
2026-06-28T00:39:43,ul,ue7,442370,1387732.8802668392,1.387733
2026-06-28T00:39:43,ul,ue8,442382,1463302.4945326245,1.463302
2026-06-28T00:39:49,ul,cu_cp,441331,382925.6821301764,0.382926
2026-06-28T00:39:49,ul,cu_up,441358,423041.706602394,0.423042
2026-06-28T00:39:49,ul,du1,441519,3997014.585465267,3.997015
2026-06-28T00:39:49,ul,du2,442282,3916782.5365208318,3.916783
2026-06-28T00:39:49,ul,ue1,441586,1444176.8809998322,1.444177
2026-06-28T00:39:49,ul,ue2,441598,1400413.9572393955,1.400414
2026-06-28T00:39:49,ul,ue3,441610,1404060.7242258084,1.404061
2026-06-28T00:39:49,ul,ue4,441622,1429589.151545149,1.429589
2026-06-28T00:39:49,ul,ue5,442346,1374885.5299200546,1.374886
2026-06-28T00:39:49,ul,ue6,442358,1411354.655104053,1.411355
2026-06-28T00:39:49,ul,ue7,442370,1371238.4983300292,1.371238
2026-06-28T00:39:49,ul,ue8,442382,1447823.7802880513,1.447824
2026-06-28T00:39:54,ul,cu_cp,441331,379806.6361142501,0.379807
2026-06-28T00:39:54,ul,cu_up,441358,416681.08536336065,0.416681
2026-06-28T00:39:54,ul,du1,441519,4023000.7396631767,4.023001
2026-06-28T00:39:54,ul,du2,442282,3993500.885152664,3.993501
2026-06-28T00:39:54,ul,ue1,441586,1438102.8835433496,1.438103
2026-06-28T00:39:54,ul,ue2,441598,1415978.260943396,1.415978
2026-06-28T00:39:54,ul,ue3,441610,1401228.4678296053,1.401228
2026-06-28T00:39:54,ul,ue4,441622,1449165.1277725934,1.449165
2026-06-28T00:39:54,ul,ue5,442346,1404915.8825726868,1.404916
2026-06-28T00:39:54,ul,ue6,442358,1441790.2982864308,1.441790
2026-06-28T00:39:54,ul,ue7,442370,1364354.052115861,1.364354
2026-06-28T00:39:54,ul,ue8,442382,1482352.1287432564,1.482352
2026-06-28T00:39:59,ul,cu_cp,441331,382458.4441969091,0.382458
2026-06-28T00:39:59,ul,cu_up,441358,422910.7818892497,0.422911
2026-06-28T00:39:59,ul,du1,441519,4026846.130430794,4.026846
2026-06-28T00:39:59,ul,du2,442282,3968006.4879886485,3.968006
2026-06-28T00:39:59,ul,ue1,441586,1441574.045881648,1.441574
2026-06-28T00:39:59,ul,ue2,441598,1419509.2801818824,1.419509
2026-06-28T00:39:59,ul,ue3,441610,1404799.3027606534,1.404799
2026-06-28T00:39:59,ul,ue4,441622,1448929.1014029551,1.448929
2026-06-28T00:39:59,ul,ue5,442346,1390089.3253394247,1.390089
2026-06-28T00:39:59,ul,ue6,442358,1437896.6517423796,1.437897
2026-06-28T00:39:59,ul,ue7,442370,1368024.426018274,1.368024
2026-06-28T00:39:59,ul,ue8,442382,1448929.1014029551,1.448929
2026-06-28T00:40:05,ul,cu_cp,441331,378699.76578666834,0.378700
2026-06-28T00:40:05,ul,cu_up,441358,422820.13823048474,0.422820
2026-06-28T00:40:05,ul,du1,441519,3959802.296426349,3.959802
2026-06-28T00:40:05,ul,du2,442282,3970832.6491120527,3.970833
2026-06-28T00:40:05,ul,ue1,441586,1389791.3468047797,1.389791
2026-06-28T00:40:05,ul,ue2,441598,1404498.2157709228,1.404498
2026-06-28T00:40:05,ul,ue3,441610,1422881.7349915695,1.422882
2026-06-28T00:40:05,ul,ue4,441622,1441265.1202381516,1.441265
2026-06-28T00:40:05,ul,ue5,442346,1419204.9507630013,1.419205
2026-06-28T00:40:05,ul,ue6,442358,1463325.2897133017,1.463325
2026-06-28T00:40:05,ul,ue7,442370,1371407.9615581976,1.371408
2026-06-28T00:40:05,ul,ue8,442382,1448618.5547212232,1.448619
2026-06-28T00:40:10,ul,cu_cp,441331,380148.4269700393,0.380148
2026-06-28T00:40:10,ul,cu_up,441358,416701.14946150035,0.416701
2026-06-28T00:40:10,ul,du1,441519,3936729.4493271234,3.936729
2026-06-28T00:40:10,ul,du2,442282,3958661.0030157566,3.958661
2026-06-28T00:40:10,ul,ue1,441586,1432867.0940944075,1.432867
2026-06-28T00:40:10,ul,ue2,441598,1407280.2814576686,1.407280
2026-06-28T00:40:10,ul,ue3,441610,1403624.8894991577,1.403625
2026-06-28T00:40:10,ul,ue4,441622,1440177.6119906188,1.440178
2026-06-28T00:40:10,ul,ue5,442346,1392659.112654841,1.392659
2026-06-28T00:40:10,ul,ue6,442358,1436522.3530425131,1.436522
2026-06-28T00:40:10,ul,ue7,442370,1381693.3358105242,1.381693
2026-06-28T00:40:10,ul,ue8,442382,1451143.3888349354,1.451143
2026-06-28T00:40:16,ul,cu_cp,441331,382159.5683791542,0.382160
2026-06-28T00:40:16,ul,cu_up,441358,407083.0040583646,0.407083
2026-06-28T00:40:16,ul,du1,441519,3962828.4638439417,3.962828
2026-06-28T00:40:16,ul,du2,442282,3971136.165088048,3.971136
2026-06-28T00:40:16,ul,ue1,441586,1420636.6967769123,1.420637
2026-06-28T00:40:16,ul,ue2,441598,1395713.1947083236,1.395713
2026-06-28T00:40:16,ul,ue3,441610,1412328.7299752927,1.412329
2026-06-28T00:40:16,ul,ue4,441622,1445560.0660667443,1.445560
2026-06-28T00:40:16,ul,ue5,442346,1329250.6553041767,1.329251
2026-06-28T00:40:16,ul,ue6,442358,1404020.8959524299,1.404021
2026-06-28T00:40:16,ul,ue7,442370,1395713.1947083236,1.395713
2026-06-28T00:40:16,ul,ue8,442382,1495406.9374251652,1.495407
2026-06-28T00:40:21,ul,cu_cp,441331,376931.74553659913,0.376932
2026-06-28T00:40:21,ul,cu_up,441358,418813.07286617276,0.418813
2026-06-28T00:40:21,ul,du1,441519,4076447.100036392,4.076447
2026-06-28T00:40:21,ul,du2,442282,3915902.217936745,3.915902
2026-06-28T00:40:21,ul,ue1,441586,1423964.3942971039,1.423964
2026-06-28T00:40:21,ul,ue2,441598,1430944.687896042,1.430945
2026-06-28T00:40:21,ul,ue3,441610,1423964.3942971039,1.423964
2026-06-28T00:40:21,ul,ue4,441622,1458865.4614326668,1.458865
2026-06-28T00:40:21,ul,ue5,442346,1403023.7807397079,1.403024
2026-06-28T00:40:21,ul,ue6,442358,1465845.6214118958,1.465846
2026-06-28T00:40:21,ul,ue7,442370,1368122.713604145,1.368123
2026-06-28T00:40:21,ul,ue8,442382,1472825.9150108336,1.472826
2026-06-28T00:40:26,ul,cu_cp,441331,379361.5844939524,0.379362
2026-06-28T00:40:26,ul,cu_up,441358,426781.77423573437,0.426782
2026-06-28T00:40:26,ul,du1,441519,4036644.3340060804,4.036644
2026-06-28T00:40:26,ul,du2,442282,3953658.7689990234,3.953659
2026-06-28T00:40:26,ul,ue1,441586,1416678.4181345988,1.416678
2026-06-28T00:40:26,ul,ue2,441598,1410750.8777769518,1.410751
2026-06-28T00:40:26,ul,ue3,441610,1416678.4181345988,1.416678
2026-06-28T00:40:26,ul,ue4,441622,1446316.1199228335,1.446316
2026-06-28T00:40:26,ul,ue5,442346,1357403.1476775229,1.357403
2026-06-28T00:40:26,ul,ue6,442358,1440388.5795651865,1.440389
2026-06-28T00:40:26,ul,ue7,442370,1369258.2283928168,1.369258
2026-06-28T00:40:26,ul,ue8,442382,1440388.5795651865,1.440389
2026-06-28T00:40:32,ul,cu_cp,441331,381174.89233082236,0.381175
2026-06-28T00:40:32,ul,cu_up,441358,415208.361268191,0.415208
2026-06-28T00:40:32,ul,du1,441519,4012546.286105275,4.012546
2026-06-28T00:40:32,ul,du2,442282,3937672.9159529684,3.937673
2026-06-28T00:40:32,ul,ue1,441586,1398775.7107861876,1.398776
2026-06-28T00:40:32,ul,ue2,441598,1415792.4955452383,1.415792
2026-06-28T00:40:32,ul,ue3,441610,1402179.0945595265,1.402179
2026-06-28T00:40:32,ul,ue4,441622,1453229.314729035,1.453229
2026-06-28T00:40:32,ul,ue5,442346,1419195.7452109337,1.419196
2026-06-28T00:40:32,ul,ue6,442358,1439615.9137433232,1.439616
2026-06-28T00:40:32,ul,ue7,442370,1368145.6591490686,1.368146
2026-06-28T00:40:32,ul,ue8,442382,1487262.7501394928,1.487263
2026-06-28T00:40:37,ul,cu_cp,441331,377994.955234358,0.377995
2026-06-28T00:40:37,ul,cu_up,441358,418494.4324884212,0.418494
2026-06-28T00:40:37,ul,du1,441519,4002696.4948570062,4.002696
2026-06-28T00:40:37,ul,du2,442282,3881198.2952198074,3.881198
2026-06-28T00:40:37,ul,ue1,441586,1430980.9327507317,1.430981
2026-06-28T00:40:37,ul,ue2,441598,1410731.1443826305,1.410731
2026-06-28T00:40:37,ul,ue3,441610,1410731.1443826305,1.410731
2026-06-28T00:40:37,ul,ue4,441622,1417481.0738386642,1.417481
2026-06-28T00:40:37,ul,ue5,442346,1380356.594473331,1.380357
2026-06-28T00:40:37,ul,ue6,442358,1437730.7295639133,1.437731
2026-06-28T00:40:37,ul,ue7,442370,1346607.0798360144,1.346607
2026-06-28T00:40:37,ul,ue8,442382,1457980.5179320145,1.457981
2026-06-28T00:40:43,ul,cu_cp,441331,384244.04235671996,0.384244
2026-06-28T00:40:43,ul,cu_up,441358,411208.53480612667,0.411209
2026-06-28T00:40:43,ul,du1,441519,3957039.6079703188,3.957040
2026-06-28T00:40:43,ul,du2,442282,3862663.668140881,3.862664
2026-06-28T00:40:43,ul,ue1,441586,1425747.658866973,1.425748
2026-06-28T00:40:43,ul,ue2,441598,1412265.3627369201,1.412265
2026-06-28T00:40:43,ul,ue3,441610,1398783.0666068674,1.398783
2026-06-28T00:40:43,ul,ue4,441622,1432488.7403915334,1.432489
2026-06-28T00:40:43,ul,ue5,442346,1381930.362795466,1.381930
2026-06-28T00:40:43,ul,ue6,442358,1442600.3626783742,1.442600
2026-06-28T00:40:43,ul,ue7,442370,1358336.4443785727,1.358336
2026-06-28T00:40:43,ul,ue8,442382,1476306.0364630402,1.476306
2026-06-28T00:40:48,ul,cu_cp,441331,377477.56061138393,0.377478
2026-06-28T00:40:48,ul,cu_up,441358,411180.9237560311,0.411181
2026-06-28T00:40:48,ul,du1,441519,3960144.086751795,3.960144
2026-06-28T00:40:48,ul,du2,442282,3902848.592617786,3.902849
2026-06-28T00:40:48,ul,ue1,441586,1408800.1863268018,1.408800
2026-06-28T00:40:48,ul,ue2,441598,1395318.8543950259,1.395319
2026-06-28T00:40:48,ul,ue3,441610,1385207.955391817,1.385208
2026-06-28T00:40:48,ul,ue4,441622,1445873.882454393,1.445874
2026-06-28T00:40:48,ul,ue5,442346,1385207.955391817,1.385208
2026-06-28T00:40:48,ul,ue6,442358,1432392.550522617,1.432393
2026-06-28T00:40:48,ul,ue7,442370,1368356.1905314743,1.368356
2026-06-28T00:40:48,ul,ue8,442382,1459355.3476469994,1.459355
2026-06-28T00:40:54,ul,cu_cp,441331,381704.6449353307,0.381705
2026-06-28T00:40:54,ul,cu_up,441358,413221.56298386457,0.413222
2026-06-28T00:40:54,ul,du1,441519,3960623.7608010294,3.960624
2026-06-28T00:40:54,ul,du2,442282,3873076.6959692,3.873077
2026-06-28T00:40:54,ul,ue1,441586,1407754.8963587522,1.407755
2026-06-28T00:40:54,ul,ue2,441598,1372736.0171819688,1.372736
2026-06-28T00:40:54,ul,ue3,441610,1404252.90195297,1.404253
2026-06-28T00:40:54,ul,ue4,441622,1449777.231906581,1.449777
2026-06-28T00:40:54,ul,ue5,442346,1369234.1558863162,1.369234
2026-06-28T00:40:54,ul,ue6,442358,1439271.6480196237,1.439272
2026-06-28T00:40:54,ul,ue7,442370,1358728.5719993592,1.358729
2026-06-28T00:40:54,ul,ue8,442382,1474290.5271964073,1.474291
2026-06-28T00:40:59,ul,cu_cp,441331,379346.60394641873,0.379347
2026-06-28T00:40:59,ul,cu_up,441358,419469.8177542305,0.419470
2026-06-28T00:40:59,ul,du1,441519,3957606.4837173843,3.957606
2026-06-28T00:40:59,ul,du2,442282,3943016.127629585,3.943016
2026-06-28T00:40:59,ul,ue1,441586,1386074.1400132084,1.386074
2026-06-28T00:40:59,ul,ue2,441598,1378779.0946861268,1.378779
2026-06-28T00:40:59,ul,ue3,441610,1411607.130450039,1.411607
2026-06-28T00:40:59,ul,ue4,441622,1466320.5676288318,1.466321
2026-06-28T00:40:59,ul,ue5,442346,1393369.318057108,1.393369
2026-06-28T00:40:59,ul,ue6,442358,1440787.7099088193,1.440788
2026-06-28T00:40:59,ul,ue7,442370,1397016.7743622398,1.397017
2026-06-28T00:40:59,ul,ue8,442382,1469968.1566507816,1.469968
2026-06-28T00:41:04,ul,cu_cp,441331,378664.2093534136,0.378664
2026-06-28T00:41:04,ul,cu_up,441358,415427.7180110049,0.415428
2026-06-28T00:41:04,ul,du1,441519,4043986.553879814,4.043987
2026-06-28T00:41:04,ul,du2,442282,3955754.106366272,3.955754
2026-06-28T00:41:04,ul,ue1,441586,1404366.144345112,1.404366
2026-06-28T00:41:04,ul,ue2,441598,1411718.8928634452,1.411719
2026-06-28T00:41:04,ul,ue3,441610,1419071.6413817788,1.419072
2026-06-28T00:41:04,ul,ue4,441622,1463187.8651385498,1.463188
2026-06-28T00:41:04,ul,ue5,442346,1397013.5295033932,1.397014
2026-06-28T00:41:04,ul,ue6,442358,1433777.0047418308,1.433777
2026-06-28T00:41:04,ul,ue7,442370,1404366.144345112,1.404366
2026-06-28T00:41:04,ul,ue8,442382,1481569.7364343833,1.481570
2026-06-28T00:41:10,ul,cu_cp,441331,383111.5492599815,0.383112
2026-06-28T00:41:10,ul,cu_up,441358,415949.64410434366,0.415950
2026-06-28T00:41:10,ul,du1,441519,4002603.313852444,4.002603
2026-06-28T00:41:10,ul,du2,442282,3911386.509172902,3.911387
2026-06-28T00:41:10,ul,ue1,441586,1393796.2713975692,1.393796
2026-06-28T00:41:10,ul,ue2,441598,1426634.4326532949,1.426634
2026-06-28T00:41:10,ul,ue3,441610,1386498.8579553878,1.386499
2026-06-28T00:41:10,ul,ue4,441622,1433931.7132727492,1.433932
2026-06-28T00:41:10,ul,ue5,442346,1375552.8042034793,1.375553
2026-06-28T00:41:10,ul,ue6,442358,1433931.7132727492,1.433932
2026-06-28T00:41:10,ul,ue7,442370,1357309.4698321163,1.357309
2026-06-28T00:41:10,ul,ue8,442382,1444877.7670246577,1.444878
2026-06-28T00:41:15,ul,cu_cp,441331,374635.57671489357,0.374636
2026-06-28T00:41:15,ul,cu_up,441358,421919.6914722848,0.421920
2026-06-28T00:41:15,ul,du1,441519,3942766.908866973,3.942767
2026-06-28T00:41:15,ul,du2,442282,3862747.251098528,3.862747
2026-06-28T00:41:15,ul,ue1,441586,1396699.6591998553,1.396700
2026-06-28T00:41:15,ul,ue2,441598,1393062.450127387,1.393062
2026-06-28T00:41:15,ul,ue3,441610,1422160.2549789012,1.422160
2026-06-28T00:41:15,ul,ue4,441622,1443983.7739572464,1.443984
2026-06-28T00:41:15,ul,ue5,442346,1363964.513004105,1.363965
2026-06-28T00:41:15,ul,ue6,442358,1429434.8053956055,1.429435
2026-06-28T00:41:15,ul,ue7,442370,1374876.1402215098,1.374876
2026-06-28T00:41:15,ul,ue8,442382,1465807.160663824,1.465807
2026-06-28T00:41:20,ul,cu_cp,441331,384146.1549471009,0.384146
2026-06-28T00:41:20,ul,cu_up,441358,413414.44577962876,0.413414
2026-06-28T00:41:20,ul,du1,441519,4020729.8682578946,4.020730
2026-06-28T00:41:20,ul,du2,442282,3914632.4263029383,3.914632
2026-06-28T00:41:20,ul,ue1,441586,1382926.2509877204,1.382926
2026-06-28T00:41:20,ul,ue2,441598,1393901.8392512226,1.393902
2026-06-28T00:41:20,ul,ue3,441610,1408536.0013064432,1.408536
2026-06-28T00:41:20,ul,ue4,441622,1467072.5164156724,1.467073
2026-06-28T00:41:20,ul,ue5,442346,1379267.677196002,1.379268
2026-06-28T00:41:20,ul,ue6,442358,1456096.9281521703,1.456097
2026-06-28T00:41:20,ul,ue7,442370,1353657.9268772793,1.353658
2026-06-28T00:41:20,ul,ue8,442382,1456096.9281521703,1.456097
2026-06-28T00:41:26,ul,cu_cp,441331,386252.0103306121,0.386252
2026-06-28T00:41:26,ul,cu_up,441358,410392.7462644136,0.410393
2026-06-28T00:41:26,ul,du1,441519,3999317.4163773586,3.999317
2026-06-28T00:41:26,ul,du2,442282,3983224.0183649156,3.983224
2026-06-28T00:41:26,ul,ue1,441586,1408210.5264885353,1.408211
2026-06-28T00:41:26,ul,ue2,441598,1416257.3600032066,1.416257
2026-06-28T00:41:26,ul,ue3,441610,1416257.3600032066,1.416257
2026-06-28T00:41:26,ul,ue4,441622,1456491.9311019136,1.456492
2026-06-28T00:41:26,ul,ue5,442346,1392116.5904422926,1.392117
2026-06-28T00:41:26,ul,ue6,442358,1440398.1295641207,1.440398
2026-06-28T00:41:26,ul,ue7,442370,1367975.8208813786,1.367976
2026-06-28T00:41:26,ul,ue8,442382,1496726.5022006202,1.496727
2026-06-28T00:41:31,ul,cu_cp,441331,379138.21471966326,0.379138
2026-06-28T00:41:31,ul,cu_up,441358,412989.85644702194,0.412990
2026-06-28T00:41:31,ul,du1,441519,3994492.2631404065,3.994492
2026-06-28T00:41:31,ul,du2,442282,3920018.691177161,3.920019
2026-06-28T00:41:31,ul,ue1,441586,1394687.0017760862,1.394687
2026-06-28T00:41:31,ul,ue2,441598,1408227.711582954,1.408228
2026-06-28T00:41:31,ul,ue3,441610,1401457.4230744254,1.401457
2026-06-28T00:41:31,ul,ue4,441622,1475930.9950376714,1.475931
2026-06-28T00:41:31,ul,ue5,442346,1401457.4230744254,1.401457
2026-06-28T00:41:31,ul,ue6,442358,1428538.7098983503,1.428539
2026-06-28T00:41:31,ul,ue7,442370,1360835.426443633,1.360835
2026-06-28T00:41:31,ul,ue8,442382,1496241.9933530677,1.496242
2026-06-28T00:41:36,ul,cu_cp,441331,376822.11187360046,0.376822
2026-06-28T00:41:36,ul,cu_up,441358,405808.4155047315,0.405808
2026-06-28T00:41:36,ul,du1,441519,3982719.8775812243,3.982720
2026-06-28T00:41:36,ul,du2,442282,3878368.8024773123,3.878369
2026-06-28T00:41:36,ul,ue1,441586,1431923.972425635,1.431924
2026-06-28T00:41:36,ul,ue2,441598,1408734.9031737065,1.408735
2026-06-28T00:41:36,ul,ue3,441610,1350762.2300438858,1.350762
2026-06-28T00:41:36,ul,ue4,441622,1466707.4445684098,1.466707
2026-06-28T00:41:36,ul,ue5,442346,1379748.5666087961,1.379749
2026-06-28T00:41:36,ul,ue6,442358,1455112.9099424458,1.455113
2026-06-28T00:41:36,ul,ue7,442370,1356559.4973568679,1.356559
2026-06-28T00:41:36,ul,ue8,442382,1478302.1109294915,1.478302
2026-06-28T00:41:42,ul,cu_cp,441331,381167.83882964373,0.381168
2026-06-28T00:41:42,ul,cu_up,441358,414899.51159973623,0.414900
2026-06-28T00:41:42,ul,du1,441519,4020814.6726140403,4.020815
2026-06-28T00:41:42,ul,du2,442282,3862276.114594002,3.862276
2026-06-28T00:41:42,ul,ue1,441586,1413356.9320561981,1.413357
2026-06-28T00:41:42,ul,ue2,441598,1413356.9320561981,1.413357
2026-06-28T00:41:42,ul,ue3,441610,1396491.0455613614,1.396491
2026-06-28T00:41:42,ul,ue4,441622,1457208.076591444,1.457208
2026-06-28T00:41:42,ul,ue5,442346,1393117.7880867291,1.393118
2026-06-28T00:41:42,ul,ue6,442358,1470700.7056116485,1.470701
2026-06-28T00:41:42,ul,ue7,442370,1372878.9113694762,1.372879
2026-06-28T00:41:42,ul,ue8,442382,1450461.6952682876,1.450462
2026-06-28T00:41:47,ul,cu_cp,441331,384518.20728556724,0.384518
2026-06-28T00:41:47,ul,cu_up,441358,415143.53550848813,0.415144
2026-06-28T00:41:47,ul,du1,441519,4059559.3033829094,4.059559
2026-06-28T00:41:47,ul,du2,442282,3937057.722358389,3.937058
2026-06-28T00:41:47,ul,ue1,441586,1429182.7434460127,1.429183
2026-06-28T00:41:47,ul,ue2,441598,1446196.7104070878,1.446197
2026-06-28T00:41:47,ul,ue3,441610,1432585.4832116603,1.432585
2026-06-28T00:41:47,ul,ue4,441622,1466613.551200229,1.466614
2026-06-28T00:41:47,ul,ue5,442346,1408765.7685864533,1.408766
2026-06-28T00:41:47,ul,ue6,442358,1463210.8114345812,1.463211
2026-06-28T00:41:47,ul,ue7,442370,1340709.4985428976,1.340709
2026-06-28T00:41:47,ul,ue8,442382,1470016.425032295,1.470016
2026-06-28T00:41:53,ul,cu_cp,441331,373338.7868038863,0.373339
2026-06-28T00:41:53,ul,cu_up,441358,417865.4394537583,0.417865
2026-06-28T00:41:53,ul,du1,441519,4038224.1901152134,4.038224
2026-06-28T00:41:53,ul,du2,442282,3949170.6825075746,3.949171
2026-06-28T00:41:53,ul,ue1,441586,1404301.7744798362,1.404302
2026-06-28T00:41:53,ul,ue2,441598,1472804.306643337,1.472804
2026-06-28T00:41:53,ul,ue3,441610,1428277.6877114475,1.428278
2026-06-28T00:41:53,ul,ue4,441622,1472804.306643337,1.472804
2026-06-28T00:41:53,ul,ue5,442346,1418002.3348613083,1.418002
2026-06-28T00:41:53,ul,ue6,442358,1441978.1132209897,1.441978
2026-06-28T00:41:53,ul,ue7,442370,1397451.62916103,1.397452
2026-06-28T00:41:53,ul,ue8,442382,1493355.1472155452,1.493355
2026-06-28T00:41:58,ul,cu_cp,441331,384090.36820512,0.384090
2026-06-28T00:41:58,ul,cu_up,441358,414954.7694908839,0.414955
2026-06-28T00:41:58,ul,du1,441519,4060384.0557603263,4.060384
2026-06-28T00:41:58,ul,du2,442282,3998655.118701339,3.998655
2026-06-28T00:41:58,ul,ue1,441586,1419762.5936326026,1.419763
2026-06-28T00:41:58,ul,ue2,441598,1412903.8676774239,1.412904
2026-06-28T00:41:58,ul,ue3,441610,1436909.4757642793,1.436909
2026-06-28T00:41:58,ul,ue4,441622,1474632.670248952,1.474633
2026-06-28T00:41:58,ul,ue5,442346,1416333.297898743,1.416333
2026-06-28T00:41:58,ul,ue6,442358,1481491.5306915904,1.481492
2026-06-28T00:41:58,ul,ue7,442370,1399186.2812796067,1.399186
2026-06-28T00:41:58,ul,ue8,442382,1491779.5523806287,1.491780
2026-06-28T00:42:04,ul,cu_cp,441331,381721.970323807,0.381722
2026-06-28T00:42:04,ul,cu_up,441358,417396.9082585514,0.417397
2026-06-28T00:42:04,ul,du1,441519,4020567.0510991765,4.020567
2026-06-28T00:42:04,ul,du2,442282,3974189.295728903,3.974189
2026-06-28T00:42:04,ul,ue1,441586,1405592.9578950547,1.405593
2026-06-28T00:42:04,ul,ue2,441598,1434133.0426648927,1.434133
2026-06-28T00:42:04,ul,ue3,441610,1434133.0426648927,1.434133
2026-06-28T00:42:04,ul,ue4,441622,1473375.4071820902,1.473375
2026-06-28T00:42:04,ul,ue5,442346,1402025.5313126016,1.402026
2026-06-28T00:42:04,ul,ue6,442358,1484077.9557735347,1.484078
2026-06-28T00:42:04,ul,ue7,442370,1366350.5933778572,1.366351
2026-06-28T00:42:04,ul,ue8,442382,1523320.3202907324,1.523320
2026-06-28T00:42:09,ul,cu_cp,441331,382931.98477368953,0.382932
2026-06-28T00:42:09,ul,cu_up,441358,420109.8627570516,0.420110
2026-06-28T00:42:09,ul,du1,441519,4052386.7784988973,4.052387
2026-06-28T00:42:09,ul,du2,442282,3974313.3999315407,3.974313
2026-06-28T00:42:09,ul,ue1,441586,1449936.600788598,1.449937
2026-06-28T00:42:09,ul,ue2,441598,1420194.2714308547,1.420194
2026-06-28T00:42:09,ul,ue3,441610,1438783.2609932614,1.438783
2026-06-28T00:42:09,ul,ue4,441622,1479678.9301463412,1.479679
2026-06-28T00:42:09,ul,ue5,442346,1409040.931635518,1.409041
2026-06-28T00:42:09,ul,ue6,442358,1490832.269941678,1.490832
2026-06-28T00:42:09,ul,ue7,442370,1401605.4167237163,1.401605
2026-06-28T00:42:09,ul,ue8,442382,1498267.7848534798,1.498268
2026-06-28T00:42:14,ul,cu_cp,441331,426426.9337466002,0.426427
2026-06-28T00:42:14,ul,cu_up,441358,466655.8801047206,0.466656
2026-06-28T00:42:14,ul,du1,441519,4445299.340201234,4.445299
2026-06-28T00:42:14,ul,du2,442282,4336681.163102055,4.336681
2026-06-28T00:42:14,ul,ue1,441586,1601112.372104764,1.601112
2026-06-28T00:42:14,ul,ue2,441598,1605135.3325373412,1.605135
2026-06-28T00:42:14,ul,ue3,441610,1564906.313071704,1.564906
2026-06-28T00:42:14,ul,ue4,441622,1633295.6169202805,1.633296
2026-06-28T00:42:14,ul,ue5,442346,1572952.0877218246,1.572952
2026-06-28T00:42:14,ul,ue6,442358,1609158.2929699183,1.609158
2026-06-28T00:42:14,ul,ue7,442370,1576975.0481544018,1.576975
2026-06-28T00:42:14,ul,ue8,442382,1665478.7155207633,1.665479
2026-06-28T00:42:20,ul,cu_cp,441331,446622.04718275665,0.446622
2026-06-28T00:42:20,ul,cu_up,441358,475569.7724631205,0.475570
2026-06-28T00:42:20,ul,du1,441519,4610959.060715082,4.610959
2026-06-28T00:42:20,ul,du2,442282,4507574.440113838,4.507574
2026-06-28T00:42:20,ul,ue1,441586,1645885.026683582,1.645885
2026-06-28T00:42:20,ul,ue2,441598,1637614.1730034412,1.637614
2026-06-28T00:42:20,ul,ue3,441610,1621072.615700376,1.621073
2026-06-28T00:42:20,ul,ue4,441622,1678967.9912324953,1.678968
2026-06-28T00:42:20,ul,ue5,442346,1587989.5010942458,1.587990
2026-06-28T00:42:20,ul,ue6,442358,1674832.7144496418,1.674833
2026-06-28T00:42:20,ul,ue7,442370,1625208.0425404466,1.625208
2026-06-28T00:42:20,ul,ue8,442382,1666562.0108267176,1.666562
2026-06-28T00:42:25,ul,cu_cp,441331,425015.79830369947,0.425016
2026-06-28T00:42:25,ul,cu_up,441358,461102.0360244751,0.461102
2026-06-28T00:42:25,ul,du1,441519,4406531.862480926,4.406532
2026-06-28T00:42:25,ul,du2,442282,4350397.787976837,4.350398
2026-06-28T00:42:25,ul,ue1,441586,1639919.3540878296,1.639919
2026-06-28T00:42:25,ul,ue2,441598,1551708.6238319397,1.551709
2026-06-28T00:42:25,ul,ue3,441610,1591804.516583252,1.591805
2026-06-28T00:42:25,ul,ue4,441622,1655957.828086853,1.655958
2026-06-28T00:42:25,ul,ue5,442346,1531660.6774562835,1.531661
2026-06-28T00:42:25,ul,ue6,442358,1623881.1723350524,1.623881
2026-06-28T00:42:25,ul,ue7,442370,1503593.640204239,1.503594
2026-06-28T00:42:25,ul,ue8,442382,1663976.9189632416,1.663977
