timestamp,phase,component,pid,microwatts,watts
2026-06-23T08:54:44,idle,cu_cp,3786797,591390.9636957317,0.591391
2026-06-23T08:54:44,idle,cu_up,3786824,596160.2785352826,0.596160
2026-06-23T08:54:44,idle,du1,3786985,4502201.928339601,4.502202
2026-06-23T08:54:44,idle,du2,3787737,4540356.447056008,4.540356
2026-06-23T08:54:44,idle,du3,3788496,4640511.30995847,4.640511
2026-06-23T08:54:44,idle,du4,3789267,4545126.011471594,4.545126
2026-06-23T08:54:44,idle,ue1,3787045,1302013.9664601176,1.302014
2026-06-23T08:54:44,idle,ue2,3787053,1263859.697319746,1.263860
2026-06-23T08:54:44,idle,ue3,3787063,1282936.790293926,1.282937
2026-06-23T08:54:44,idle,ue4,3787071,1263859.697319746,1.263860
2026-06-23T08:54:44,idle,ue5,3787798,1273398.3269988478,1.273398
2026-06-23T08:54:44,idle,ue6,3787807,1321091.0594342977,1.321091
2026-06-23T08:54:44,idle,ue7,3787816,1340168.2356004894,1.340168
2026-06-23T08:54:44,idle,ue8,3787824,1335398.9207609384,1.335399
2026-06-23T08:54:44,idle,ue9,3788557,1325860.3742738485,1.325860
2026-06-23T08:54:44,idle,ue10,3788566,1306783.2812996686,1.306783
2026-06-23T08:54:44,idle,ue11,3788575,1273398.3269988478,1.273398
2026-06-23T08:54:44,idle,ue12,3788584,1206628.418397206,1.206628
2026-06-23T08:54:44,idle,ue13,3789309,1287706.105133477,1.287706
2026-06-23T08:54:44,idle,ue14,3789318,1254321.150832656,1.254321
2026-06-23T08:54:44,idle,ue15,3789327,1306783.2812996686,1.306783
2026-06-23T08:54:44,idle,ue16,3789336,1282936.790293926,1.282937
2026-06-23T08:54:50,idle,cu_cp,3786797,599261.0499141776,0.599261
2026-06-23T08:54:50,idle,cu_up,3786824,594466.9651909572,0.594467
2026-06-23T08:54:50,idle,du1,3786985,4549590.120202961,4.549590
2026-06-23T08:54:50,idle,du2,3787737,4544796.160801091,4.544796
2026-06-23T08:54:50,idle,du3,3788496,4616706.888590212,4.616707
2026-06-23T08:54:50,idle,du4,3789267,4573560.251402578,4.573560
2026-06-23T08:54:50,idle,ue1,3787045,1308786.0902362096,1.308786
2026-06-23T08:54:50,idle,ue2,3787053,1294403.8778403318,1.294404
2026-06-23T08:54:50,idle,ue3,3787063,1256051.116507001,1.256051
2026-06-23T08:54:50,idle,ue4,3787071,1294403.8778403318,1.294404
2026-06-23T08:54:50,idle,ue5,3787798,1294403.8778403318,1.294404
2026-06-23T08:54:50,idle,ue6,3787807,1323168.3861796546,1.323168
2026-06-23T08:54:50,idle,ue7,3787816,1332756.5556260955,1.332757
2026-06-23T08:54:50,idle,ue8,3787824,1318374.3432302177,1.318374
2026-06-23T08:54:50,idle,ue9,3788557,1337550.7656706667,1.337551
2026-06-23T08:54:50,idle,ue10,3788566,1313580.3002807808,1.313580
2026-06-23T08:54:50,idle,ue11,3788575,1284815.791941458,1.284816
2026-06-23T08:54:50,idle,ue12,3788584,1284815.791941458,1.284816
2026-06-23T08:54:50,idle,ue13,3789309,1323168.3861796546,1.323168
2026-06-23T08:54:50,idle,ue14,3789318,1294403.8778403318,1.294404
2026-06-23T08:54:50,idle,ue15,3789327,1323168.3861796546,1.323168
2026-06-23T08:54:50,idle,ue16,3789336,1308786.0902362096,1.308786
2026-06-23T08:54:55,idle,cu_cp,3786797,588432.4448262692,0.588432
2026-06-23T08:54:55,idle,cu_up,3786824,577329.9820173883,0.577330
2026-06-23T08:54:55,idle,du1,3786985,4540922.36656969,4.540922
2026-06-23T08:54:55,idle,du2,3787737,4540922.36656969,4.540922
2026-06-23T08:54:55,idle,du3,3788496,4651947.494472999,4.651947
2026-06-23T08:54:55,idle,du4,3789267,4529819.820458394,4.529820
2026-06-23T08:54:55,idle,ue1,3787045,1287890.017555847,1.287890
2026-06-23T08:54:55,idle,ue2,3787053,1310094.859871192,1.310095
2026-06-23T08:54:55,idle,ue3,3787063,1265684.925333252,1.265685
2026-06-23T08:54:55,idle,ue4,3787071,1287890.017555847,1.287890
2026-06-23T08:54:55,idle,ue5,3787798,1265684.925333252,1.265685
2026-06-23T08:54:55,idle,ue6,3787807,1298992.480364728,1.298992
2026-06-23T08:54:55,idle,ue7,3787816,1276787.4714445495,1.276787
2026-06-23T08:54:55,idle,ue8,3787824,1298992.480364728,1.298992
2026-06-23T08:54:55,idle,ue9,3788557,1298992.480364728,1.298992
2026-06-23T08:54:55,idle,ue10,3788566,1310094.859871192,1.310095
2026-06-23T08:54:55,idle,ue11,3788575,1287890.017555847,1.287890
2026-06-23T08:54:55,idle,ue12,3788584,1298992.480364728,1.298992
2026-06-23T08:54:55,idle,ue13,3789309,1243479.9164130734,1.243480
2026-06-23T08:54:55,idle,ue14,3789318,1310094.859871192,1.310095
2026-06-23T08:54:55,idle,ue15,3789327,1276787.4714445495,1.276787
2026-06-23T08:54:55,idle,ue16,3789336,1276787.4714445495,1.276787
2026-06-23T08:55:01,idle,cu_cp,3786797,586095.7620807254,0.586096
2026-06-23T08:55:01,idle,cu_up,3786824,602605.4701912426,0.602605
2026-06-23T08:55:01,idle,du1,3786985,4556688.098678002,4.556688
2026-06-23T08:55:01,idle,du2,3787737,4507158.891075535,4.507159
2026-06-23T08:55:01,idle,du3,3788496,4639236.555959673,4.639237
2026-06-23T08:55:01,idle,du4,3789267,4573197.723517604,4.573198
2026-06-23T08:55:01,idle,ue1,3787045,1304269.3555874205,1.304269
2026-06-23T08:55:01,idle,ue2,3787053,1246485.335565152,1.246485
2026-06-23T08:55:01,idle,ue3,3787063,1229975.5441837192,1.229976
2026-06-23T08:55:01,idle,ue4,3787071,1271249.939366386,1.271250
2026-06-23T08:55:01,idle,ue5,3787798,1262995.1269465853,1.262995
2026-06-23T08:55:01,idle,ue6,3787807,1296014.459896704,1.296014
2026-06-23T08:55:01,idle,ue7,3787816,1304269.3555874205,1.304269
2026-06-23T08:55:01,idle,ue8,3787824,1312524.2512781369,1.312524
2026-06-23T08:55:01,idle,ue9,3788557,1238230.4398744358,1.238230
2026-06-23T08:55:01,idle,ue10,3788566,1320779.1469688534,1.320779
2026-06-23T08:55:01,idle,ue11,3788575,1287759.730747819,1.287760
2026-06-23T08:55:01,idle,ue12,3788584,1238230.4398744358,1.238230
2026-06-23T08:55:01,idle,ue13,3789309,1320779.1469688534,1.320779
2026-06-23T08:55:01,idle,ue14,3789318,1320779.1469688534,1.320779
2026-06-23T08:55:01,idle,ue15,3789327,1271249.939366386,1.271250
2026-06-23T08:55:01,idle,ue16,3789336,1287759.730747819,1.287760
2026-06-23T08:55:07,idle,cu_cp,3786797,606537.4238552195,0.606537
2026-06-23T08:55:07,idle,cu_up,3786824,593351.8558787066,0.593352
2026-06-23T08:55:07,idle,du1,3786985,4529252.30603106,4.529252
2026-06-23T08:55:07,idle,du2,3787737,4601772.929901881,4.601773
2026-06-23T08:55:07,idle,du3,3788496,4641329.968524485,4.641330
2026-06-23T08:55:07,idle,du4,3789267,4575401.793948855,4.575402
2026-06-23T08:55:07,idle,ue1,3787045,1292188.3392427827,1.292188
2026-06-23T08:55:07,idle,ue2,3787053,1311966.774880818,1.311967
2026-06-23T08:55:07,idle,ue3,3787063,1246038.7676517211,1.246039
2026-06-23T08:55:07,idle,ue4,3787071,1298781.1232310391,1.298781
2026-06-23T08:55:07,idle,ue5,3787798,1272409.9872780133,1.272410
2026-06-23T08:55:07,idle,ue6,3787807,1318559.5588690746,1.318560
2026-06-23T08:55:07,idle,ue7,3787816,1318559.5588690746,1.318560
2026-06-23T08:55:07,idle,ue8,3787824,1338337.910833844,1.338338
2026-06-23T08:55:07,idle,ue9,3788557,1331745.1268455875,1.331745
2026-06-23T08:55:07,idle,ue10,3788566,1331745.1268455875,1.331745
2026-06-23T08:55:07,idle,ue11,3788575,1318559.5588690746,1.318560
2026-06-23T08:55:07,idle,ue12,3788584,1285595.5552545262,1.285596
2026-06-23T08:55:07,idle,ue13,3789309,1344930.7784953667,1.344931
2026-06-23T08:55:07,idle,ue14,3789318,1325152.342857331,1.325152
2026-06-23T08:55:07,idle,ue15,3789327,1259224.335628234,1.259224
2026-06-23T08:55:07,idle,ue16,3789336,1311966.774880818,1.311967
2026-06-23T08:55:13,idle,cu_cp,3786797,602863.4392880538,0.602863
2026-06-23T08:55:13,idle,cu_up,3786824,602863.4392880538,0.602863
2026-06-23T08:55:13,idle,du1,3786985,4506923.674618721,4.506924
2026-06-23T08:55:13,idle,du2,3787737,4610865.934470585,4.610866
2026-06-23T08:55:13,idle,du3,3788496,4610865.934470585,4.610866
2026-06-23T08:55:13,idle,du4,3789267,4585919.215481668,4.585919
2026-06-23T08:55:13,idle,ue1,3787045,1293038.048309824,1.293038
2026-06-23T08:55:13,idle,ue2,3787053,1317984.0968051713,1.317984
2026-06-23T08:55:13,idle,ue3,3787063,1234830.5738834476,1.234831
2026-06-23T08:55:13,idle,ue4,3787071,1293038.048309824,1.293038
2026-06-23T08:55:13,idle,ue5,3787798,1268092.0836261725,1.268092
2026-06-23T08:55:13,idle,ue6,3787807,1301353.341933809,1.301353
2026-06-23T08:55:13,idle,ue7,3787816,1309668.8031811863,1.309669
2026-06-23T08:55:13,idle,ue8,3787824,1347087.8759242075,1.347088
2026-06-23T08:55:13,idle,ue9,3788557,1334614.851676534,1.334615
2026-06-23T08:55:13,idle,ue10,3788566,1326299.5580525487,1.326300
2026-06-23T08:55:13,idle,ue11,3788575,1330457.1210528451,1.330457
2026-06-23T08:55:13,idle,ue12,3788584,1272249.646626469,1.272250
2026-06-23T08:55:13,idle,ue13,3789309,1338772.5823002225,1.338773
2026-06-23T08:55:13,idle,ue14,3789318,1297195.7789335125,1.297196
2026-06-23T08:55:13,idle,ue15,3789327,1272249.646626469,1.272250
2026-06-23T08:55:13,idle,ue16,3789336,1330457.1210528451,1.330457
2026-06-23T08:55:18,idle,cu_cp,3786797,599123.5693152577,0.599124
2026-06-23T08:55:18,idle,cu_up,3786824,590503.0596910089,0.590503
2026-06-23T08:55:18,idle,du1,3786985,4581786.825370252,4.581787
2026-06-23T08:55:18,idle,du2,3787737,4607648.186100269,4.607648
2026-06-23T08:55:18,idle,du3,3788496,4620579.0346080065,4.620579
2026-06-23T08:55:18,idle,du4,3789267,4590407.503137231,4.590408
2026-06-23T08:55:18,idle,ue1,3787045,1262900.708598286,1.262901
2026-06-23T08:55:18,idle,ue2,3787053,1344795.297814554,1.344795
2026-06-23T08:55:18,idle,ue3,3787063,1284452.0667302727,1.284452
2026-06-23T08:55:18,idle,ue4,3787071,1327554.3626374216,1.327554
2026-06-23T08:55:18,idle,ue5,3787798,1310313.427460289,1.310313
2026-06-23T08:55:18,idle,ue6,3787807,1318933.9370845377,1.318934
2026-06-23T08:55:18,idle,ue7,3787816,1310313.427460289,1.310313
2026-06-23T08:55:18,idle,ue8,3787824,1318933.9370845377,1.318934
2026-06-23T08:55:18,idle,ue9,3788557,1340485.0430024297,1.340485
2026-06-23T08:55:18,idle,ue10,3788566,1344795.297814554,1.344795
2026-06-23T08:55:18,idle,ue11,3788575,1318933.9370845377,1.318934
2026-06-23T08:55:18,idle,ue12,3788584,1318933.9370845377,1.318934
2026-06-23T08:55:18,idle,ue13,3789309,1331864.6174495458,1.331865
2026-06-23T08:55:18,idle,ue14,3789318,1323244.1078252972,1.323244
2026-06-23T08:55:18,idle,ue15,3789327,1340485.0430024297,1.340485
2026-06-23T08:55:18,idle,ue16,3789336,1293072.4922831566,1.293072
2026-06-23T08:55:24,idle,cu_cp,3786797,611943.7669625953,0.611944
2026-06-23T08:55:24,idle,cu_up,3786824,602306.8595659882,0.602307
2026-06-23T08:55:24,idle,du1,3786985,4611260.757348955,4.611261
2026-06-23T08:55:24,idle,du2,3787737,4644990.29091233,4.644990
2026-06-23T08:55:24,idle,du3,3788496,4664264.021546662,4.664264
2026-06-23T08:55:24,idle,du4,3789267,4534165.498176098,4.534165
2026-06-23T08:55:24,idle,ue1,3787045,1296164.3604394644,1.296164
2026-06-23T08:55:24,idle,ue2,3787053,1344348.8553430587,1.344349
2026-06-23T08:55:24,idle,ue3,3787063,1247979.6972181052,1.247980
2026-06-23T08:55:24,idle,ue4,3787071,1329893.55736731,1.329894
2026-06-23T08:55:24,idle,ue5,3787798,1315438.0069149137,1.315438
2026-06-23T08:55:24,idle,ue6,3787807,1320256.523732379,1.320257
2026-06-23T08:55:24,idle,ue7,3787816,1320256.523732379,1.320257
2026-06-23T08:55:24,idle,ue8,3787824,1305801.2257566303,1.305801
2026-06-23T08:55:24,idle,ue9,3788557,1344348.8553430587,1.344349
2026-06-23T08:55:24,idle,ue10,3788566,1344348.8553430587,1.344349
2026-06-23T08:55:24,idle,ue11,3788575,1305801.2257566303,1.305801
2026-06-23T08:55:24,idle,ue12,3788584,1296164.3604394644,1.296164
2026-06-23T08:55:24,idle,ue13,3789309,1334711.9058670104,1.334712
2026-06-23T08:55:24,idle,ue14,3789318,1349167.3721605241,1.349167
2026-06-23T08:55:24,idle,ue15,3789327,1344348.8553430587,1.344349
2026-06-23T08:55:24,idle,ue16,3789336,1296164.3604394644,1.296164
2026-06-23T08:55:30,idle,cu_cp,3786797,604007.7608733752,0.604008
2026-06-23T08:55:30,idle,cu_up,3786824,599214.0381639814,0.599214
2026-06-23T08:55:30,idle,du1,3786985,4544439.563462241,4.544440
2026-06-23T08:55:30,idle,du2,3787737,4544439.563462241,4.544440
2026-06-23T08:55:30,idle,du3,3788496,4587582.941990955,4.587583
2026-06-23T08:55:30,idle,du4,3789267,4530058.437286003,4.530058
2026-06-23T08:55:30,idle,ue1,3787045,1313477.1696417541,1.313477
2026-06-23T08:55:30,idle,ue2,3787053,1284714.917289278,1.284715
2026-06-23T08:55:30,idle,ue3,3787063,1279921.1526279408,1.279921
2026-06-23T08:55:30,idle,ue4,3787071,1270333.79111304,1.270334
2026-06-23T08:55:30,idle,ue5,3787798,1337445.7412367796,1.337446
2026-06-23T08:55:30,idle,ue6,3787807,1299096.043465516,1.299096
2026-06-23T08:55:30,idle,ue7,3787816,1289508.5980467284,1.289509
2026-06-23T08:55:30,idle,ue8,3787824,1318270.8503992045,1.318271
2026-06-23T08:55:30,idle,ue9,3788557,1318270.8503992045,1.318271
2026-06-23T08:55:30,idle,ue10,3788566,1327858.2958179922,1.327858
2026-06-23T08:55:30,idle,ue11,3788575,1327858.2958179922,1.327858
2026-06-23T08:55:30,idle,ue12,3788584,1279921.1526279408,1.279921
2026-06-23T08:55:30,idle,ue13,3789309,1332651.9765754426,1.332652
2026-06-23T08:55:30,idle,ue14,3789318,1318270.8503992045,1.318271
2026-06-23T08:55:30,idle,ue15,3789327,1337445.7412367796,1.337446
2026-06-23T08:55:30,idle,ue16,3789336,1294302.2788041788,1.294302
2026-06-23T08:55:35,idle,cu_cp,3786797,597675.2324630421,0.597675
2026-06-23T08:55:35,idle,cu_up,3786824,597675.2324630421,0.597675
2026-06-23T08:55:35,idle,du1,3786985,4593245.644349546,4.593246
2026-06-23T08:55:35,idle,du2,3787737,4659653.522615518,4.659654
2026-06-23T08:55:35,idle,du3,3788496,4670721.614380088,4.670722
2026-06-23T08:55:35,idle,du4,3789267,4670721.614380088,4.670722
2026-06-23T08:55:35,idle,ue1,3787045,1328167.3139803743,1.328167
2026-06-23T08:55:35,idle,ue2,3787053,1306031.1304512357,1.306031
2026-06-23T08:55:35,idle,ue3,3787063,1272827.0232378887,1.272827
2026-06-23T08:55:35,idle,ue4,3787071,1272827.0232378887,1.272827
2026-06-23T08:55:35,idle,ue5,3787798,1328167.3139803743,1.328167
2026-06-23T08:55:35,idle,ue6,3787807,1306031.1304512357,1.306031
2026-06-23T08:55:35,idle,ue7,3787816,1306031.1304512357,1.306031
2026-06-23T08:55:35,idle,ue8,3787824,1294963.0386866664,1.294963
2026-06-23T08:55:35,idle,ue9,3788557,1339235.3217047632,1.339235
2026-06-23T08:55:35,idle,ue10,3788566,1317099.222215805,1.317099
2026-06-23T08:55:35,idle,ue11,3788575,1272827.0232378887,1.272827
2026-06-23T08:55:35,idle,ue12,3788584,1239622.8319843614,1.239623
2026-06-23T08:55:35,idle,ue13,3789309,1317099.222215805,1.317099
2026-06-23T08:55:35,idle,ue14,3789318,1339235.3217047632,1.339235
2026-06-23T08:55:35,idle,ue15,3789327,1306031.1304512357,1.306031
2026-06-23T08:55:35,idle,ue16,3789336,1283895.115002458,1.283895
2026-06-23T08:55:41,idle,cu_cp,3786797,605950.3082111793,0.605950
2026-06-23T08:55:41,idle,cu_up,3786824,589573.2705901181,0.589573
2026-06-23T08:55:41,idle,du1,3786985,4585569.528680115,4.585570
2026-06-23T08:55:41,idle,du2,3787737,4577381.365883946,4.577381
2026-06-23T08:55:41,idle,du3,3788496,4610135.3573579835,4.610135
2026-06-23T08:55:41,idle,du4,3789267,4585569.528680115,4.585570
2026-06-23T08:55:41,idle,ue1,3787045,1277408.6831385184,1.277409
2026-06-23T08:55:41,idle,ue2,3787053,1269220.2690380942,1.269220
2026-06-23T08:55:41,idle,ue3,3787063,1277408.6831385184,1.277409
2026-06-23T08:55:41,idle,ue4,3787071,1269220.2690380942,1.269220
2026-06-23T08:55:41,idle,ue5,3787798,1326539.8378857446,1.326540
2026-06-23T08:55:41,idle,ue6,3787807,1334728.335754254,1.334728
2026-06-23T08:55:41,idle,ue7,3787816,1334728.335754254,1.334728
2026-06-23T08:55:41,idle,ue8,3787824,1252843.1895329906,1.252843
2026-06-23T08:55:41,idle,ue9,3788557,1293785.7626436222,1.293786
2026-06-23T08:55:41,idle,ue10,3788566,1326539.8378857446,1.326540
2026-06-23T08:55:41,idle,ue11,3788575,1318351.25624915,1.318351
2026-06-23T08:55:41,idle,ue12,3788584,1261031.6874014998,1.261032
2026-06-23T08:55:41,idle,ue13,3789309,1293785.7626436222,1.293786
2026-06-23T08:55:41,idle,ue14,3789318,1318351.25624915,1.318351
2026-06-23T08:55:41,idle,ue15,3789327,1334728.335754254,1.334728
2026-06-23T08:55:41,idle,ue16,3789336,1301974.2605121315,1.301974
2026-06-23T08:55:47,idle,cu_cp,3786797,595773.1656031108,0.595773
2026-06-23T08:55:47,idle,cu_up,3786824,595773.1656031108,0.595773
2026-06-23T08:55:47,idle,du1,3786985,4550136.186268687,4.550136
2026-06-23T08:55:47,idle,du2,3787737,4569777.139274797,4.569777
2026-06-23T08:55:47,idle,du3,3788496,4609058.373031511,4.609058
2026-06-23T08:55:47,idle,du4,3789267,4537041.993512779,4.537042
2026-06-23T08:55:47,idle,ue1,3787045,1289750.8441409576,1.289751
2026-06-23T08:55:47,idle,ue2,3787053,1329032.498057363,1.329032
2026-06-23T08:55:47,idle,ue3,3787063,1322485.5697432852,1.322486
2026-06-23T08:55:47,idle,ue4,3787071,1302844.7007691134,1.302845
2026-06-23T08:55:47,idle,ue5,3787798,1289750.8441409576,1.289751
2026-06-23T08:55:47,idle,ue6,3787807,1315938.557397269,1.315939
2026-06-23T08:55:47,idle,ue7,3787816,1329032.498057363,1.329032
2026-06-23T08:55:47,idle,ue8,3787824,1243922.0098146594,1.243922
2026-06-23T08:55:47,idle,ue9,3788557,1309391.7131151294,1.309392
2026-06-23T08:55:47,idle,ue10,3788566,1302844.7007691134,1.302845
2026-06-23T08:55:47,idle,ue11,3788575,1296297.6884230971,1.296298
2026-06-23T08:55:47,idle,ue12,3788584,1270109.8911348474,1.270110
2026-06-23T08:55:47,idle,ue13,3789309,1355220.3793775511,1.355220
2026-06-23T08:55:47,idle,ue14,3789318,1348673.367031535,1.348673
2026-06-23T08:55:47,idle,ue15,3789327,1302844.7007691134,1.302845
2026-06-23T08:55:47,idle,ue16,3789336,1289750.8441409576,1.289751
2026-06-23T08:55:53,idle,cu_cp,3786797,590945.3173678106,0.590945
2026-06-23T08:55:53,idle,cu_up,3786824,599327.5735264444,0.599328
2026-06-23T08:55:53,idle,du1,3786985,4572491.598822384,4.572492
2026-06-23T08:55:53,idle,du2,3787737,4597638.619555536,4.597639
2026-06-23T08:55:53,idle,du3,3788496,4647931.651992839,4.647932
2026-06-23T08:55:53,idle,du4,3789267,4606020.959799919,4.606021
2026-06-23T08:55:53,idle,ue1,3787045,1290859.376197611,1.290859
2026-06-23T08:55:53,idle,ue2,3787053,1345343.578757106,1.345344
2026-06-23T08:55:53,idle,ue3,3787063,1278286.0340025353,1.278286
2026-06-23T08:55:53,idle,ue4,3787071,1328579.1505255883,1.328579
2026-06-23T08:55:53,idle,ue5,3787798,1341152.4927206642,1.341152
2026-06-23T08:55:53,idle,ue6,3787807,1328579.1505255883,1.328579
2026-06-23T08:55:53,idle,ue7,3787816,1328579.1505255883,1.328579
2026-06-23T08:55:53,idle,ue8,3787824,1278286.0340025353,1.278286
2026-06-23T08:55:53,idle,ue9,3788557,1328579.1505255883,1.328579
2026-06-23T08:55:53,idle,ue10,3788566,1316005.8083305126,1.316006
2026-06-23T08:55:53,idle,ue11,3788575,1332770.3206477803,1.332770
2026-06-23T08:55:53,idle,ue12,3788584,1290859.376197611,1.290859
2026-06-23T08:55:53,idle,ue13,3789309,1328579.1505255883,1.328579
2026-06-23T08:55:53,idle,ue14,3789318,1311814.8063798207,1.311815
2026-06-23T08:55:53,idle,ue15,3789327,1324388.1485748964,1.324388
2026-06-23T08:55:53,idle,ue16,3789336,1290859.376197611,1.290859
2026-06-23T08:55:58,idle,cu_cp,3786797,601378.5691239542,0.601379
2026-06-23T08:55:58,idle,cu_up,3786824,597083.056567829,0.597083
2026-06-23T08:55:58,idle,du1,3786985,4583363.738691165,4.583364
2026-06-23T08:55:58,idle,du2,3787737,4613432.536808315,4.613433
2026-06-23T08:55:58,idle,du3,3788496,4634910.730261757,4.634911
2026-06-23T08:55:58,idle,du4,3789267,4639206.032593611,4.639206
2026-06-23T08:55:58,idle,ue1,3787045,1301555.0622498589,1.301555
2026-06-23T08:55:58,idle,ue2,3787053,1297259.5917385882,1.297260
2026-06-23T08:55:58,idle,ue3,3787063,1267190.6254420215,1.267191
2026-06-23T08:55:58,idle,ue4,3787071,1275781.7346439809,1.275782
2026-06-23T08:55:58,idle,ue5,3787798,1292964.0371376085,1.292964
2026-06-23T08:55:58,idle,ue6,3787807,1335919.5831474054,1.335920
2026-06-23T08:55:58,idle,ue7,3787816,1361692.9107532834,1.361693
2026-06-23T08:55:58,idle,ue8,3787824,1288668.3143572109,1.288668
2026-06-23T08:55:58,idle,ue9,3788557,1314441.726052798,1.314442
2026-06-23T08:55:58,idle,ue10,3788566,1327328.473945446,1.327328
2026-06-23T08:55:58,idle,ue11,3788575,1305850.6168508388,1.305851
2026-06-23T08:55:58,idle,ue12,3788584,1288668.3143572109,1.288668
2026-06-23T08:55:58,idle,ue13,3789309,1262894.9867513329,1.262895
2026-06-23T08:55:58,idle,ue14,3789318,1275781.7346439809,1.275782
2026-06-23T08:55:58,idle,ue15,3789327,1327328.473945446,1.327328
2026-06-23T08:55:58,idle,ue16,3789336,1305850.6168508388,1.305851
2026-06-23T08:56:04,idle,cu_cp,3786797,592526.4398717934,0.592526
2026-06-23T08:56:04,idle,cu_up,3786824,602161.0308465448,0.602161
2026-06-23T08:56:04,idle,du1,3786985,4576423.34611398,4.576423
2026-06-23T08:56:04,idle,du2,3787737,4639048.166401599,4.639048
2026-06-23T08:56:04,idle,du3,3788496,4672769.171668432,4.672769
2026-06-23T08:56:04,idle,du4,3789267,4619779.068645158,4.619779
2026-06-23T08:56:04,idle,ue1,3787045,1271764.0722267563,1.271764
2026-06-23T08:56:04,idle,ue2,3787053,1271764.0722267563,1.271764
2026-06-23T08:56:04,idle,ue3,3787063,1247677.6158381433,1.247678
2026-06-23T08:56:04,idle,ue4,3787071,1262129.5233485359,1.262130
2026-06-23T08:56:04,idle,ue5,3787798,1315119.5421787477,1.315120
2026-06-23T08:56:04,idle,ue6,3787807,1319936.90081092,1.319937
2026-06-23T08:56:04,idle,ue7,3787816,1334388.7241282505,1.334389
2026-06-23T08:56:04,idle,ue8,3787824,1305484.9933005273,1.305485
2026-06-23T08:56:04,idle,ue9,3788557,1339205.9985673607,1.339206
2026-06-23T08:56:04,idle,ue10,3788566,1281398.7052980387,1.281399
2026-06-23T08:56:04,idle,ue11,3788575,1262129.5233485359,1.262130
2026-06-23T08:56:04,idle,ue12,3788584,1315119.5421787477,1.315120
2026-06-23T08:56:04,idle,ue13,3789309,1305484.9933005273,1.305485
2026-06-23T08:56:04,idle,ue14,3789318,1291033.0857901347,1.291033
2026-06-23T08:56:04,idle,ue15,3789327,1315119.5421787477,1.315120
2026-06-23T08:56:04,idle,ue16,3789336,1319936.90081092,1.319937
2026-06-23T08:56:10,idle,cu_cp,3786797,590847.9365165752,0.590848
2026-06-23T08:56:10,idle,cu_up,3786824,600455.2743819153,0.600455
2026-06-23T08:56:10,idle,du1,3786985,4568263.741623145,4.568264
2026-06-23T08:56:10,idle,du2,3787737,4577871.121528759,4.577871
2026-06-23T08:56:10,idle,du3,3788496,4635514.728318052,4.635515
2026-06-23T08:56:10,idle,du4,3789267,4597085.545017791,4.597086
2026-06-23T08:56:10,idle,ue1,3787045,1301786.9447256434,1.301787
2026-06-23T08:56:10,idle,ue2,3787053,1296983.3388533855,1.296983
2026-06-23T08:56:10,idle,ue3,3787063,1272965.2254115462,1.272965
2026-06-23T08:56:10,idle,ue4,3787071,1277768.8312838043,1.277769
2026-06-23T08:56:10,idle,ue5,3787798,1287376.0430283202,1.287376
2026-06-23T08:56:10,idle,ue6,3787807,1258554.155553124,1.258554
2026-06-23T08:56:10,idle,ue7,3787816,1287376.0430283202,1.287376
2026-06-23T08:56:10,idle,ue8,3787824,1296983.3388533855,1.296983
2026-06-23T08:56:10,idle,ue9,3788557,1321001.6204563237,1.321002
2026-06-23T08:56:10,idle,ue10,3788566,1301786.9447256434,1.301787
2026-06-23T08:56:10,idle,ue11,3788575,1277768.8312838043,1.277769
2026-06-23T08:56:10,idle,ue12,3788584,1306590.5505979015,1.306591
2026-06-23T08:56:10,idle,ue13,3789309,1296983.3388533855,1.296983
2026-06-23T08:56:10,idle,ue14,3789318,1349823.5079315198,1.349824
2026-06-23T08:56:10,idle,ue15,3789327,1306590.5505979015,1.306591
2026-06-23T08:56:10,idle,ue16,3789336,1272965.2254115462,1.272965
2026-06-23T08:56:15,idle,cu_cp,3786797,578620.4160631072,0.578620
2026-06-23T08:56:15,idle,cu_up,3786824,601311.4680787799,0.601311
2026-06-23T08:56:15,idle,du1,3786985,4628963.328504858,4.628963
2026-06-23T08:56:15,idle,du2,3787737,4617617.991945215,4.617618
2026-06-23T08:56:15,idle,du3,3788496,4674345.685133793,4.674346
2026-06-23T08:56:15,idle,du4,3789267,4583581.645469496,4.583582
2026-06-23T08:56:15,idle,ue1,3787045,1248004.9559897082,1.248005
2026-06-23T08:56:15,idle,ue2,3787053,1350114.416412846,1.350114
2026-06-23T08:56:15,idle,ue3,3787063,1282041.4708638198,1.282041
2026-06-23T08:56:15,idle,ue4,3787071,1293386.8916226602,1.293387
2026-06-23T08:56:15,idle,ue5,3787798,1293386.8916226602,1.293387
2026-06-23T08:56:15,idle,ue6,3787807,1316077.9015387343,1.316078
2026-06-23T08:56:15,idle,ue7,3787816,1304732.480779894,1.304732
2026-06-23T08:56:15,idle,ue8,3787824,1327423.322297575,1.327423
2026-06-23T08:56:15,idle,ue9,3788557,1248004.9559897082,1.248005
2026-06-23T08:56:15,idle,ue10,3788566,1327423.322297575,1.327423
2026-06-23T08:56:15,idle,ue11,3788575,1316077.9015387343,1.316078
2026-06-23T08:56:15,idle,ue12,3788584,1270695.8817065859,1.270696
2026-06-23T08:56:15,idle,ue13,3789309,1361459.921370883,1.361460
2026-06-23T08:56:15,idle,ue14,3789318,1350114.416412846,1.350114
2026-06-23T08:56:15,idle,ue15,3789327,1270695.8817065859,1.270696
2026-06-23T08:56:15,idle,ue16,3789336,1327423.322297575,1.327423
2026-06-23T08:56:21,idle,cu_cp,3786797,593311.0400907875,0.593311
2026-06-23T08:56:21,idle,cu_up,3786824,610024.0205952055,0.610024
2026-06-23T08:56:21,idle,du1,3786985,4579358.093529487,4.579358
2026-06-23T08:56:21,idle,du2,3787737,4662923.375988946,4.662923
2026-06-23T08:56:21,idle,du3,3788496,4654566.780198579,4.654567
2026-06-23T08:56:21,idle,du4,3789267,4604427.880900588,4.604428
2026-06-23T08:56:21,idle,ue1,3787045,1278543.4518482422,1.278543
2026-06-23T08:56:21,idle,ue2,3787053,1345395.4582964408,1.345395
2026-06-23T08:56:21,idle,ue3,3787063,1286899.9632080828,1.286900
2026-06-23T08:56:21,idle,ue4,3787071,1311969.4972876047,1.311969
2026-06-23T08:56:21,idle,ue5,3787798,1328682.4355767595,1.328682
2026-06-23T08:56:21,idle,ue6,3787807,1337038.9469366001,1.337039
2026-06-23T08:56:21,idle,ue7,3787816,1311969.4972876047,1.311969
2026-06-23T08:56:21,idle,ue8,3787824,1337038.9469366001,1.337039
2026-06-23T08:56:21,idle,ue9,3788557,1345395.4582964408,1.345395
2026-06-23T08:56:21,idle,ue10,3788566,1345395.4582964408,1.345395
2026-06-23T08:56:21,idle,ue11,3788575,1345395.4582964408,1.345395
2026-06-23T08:56:21,idle,ue12,3788584,1303612.985927764,1.303613
2026-06-23T08:56:21,idle,ue13,3789309,1353751.9696562814,1.353752
2026-06-23T08:56:21,idle,ue14,3789318,1328682.4355767595,1.328682
2026-06-23T08:56:21,idle,ue15,3789327,1311969.4972876047,1.311969
2026-06-23T08:56:21,idle,ue16,3789336,1311969.4972876047,1.311969
2026-06-23T08:56:27,idle,cu_cp,3786797,590581.0490066134,0.590581
2026-06-23T08:56:27,idle,cu_up,3786824,603852.5214460945,0.603853
2026-06-23T08:56:27,idle,du1,3786985,4558754.92350543,4.558755
2026-06-23T08:56:27,idle,du2,3787737,4625112.243666858,4.625112
2026-06-23T08:56:27,idle,du3,3788496,4664926.703021279,4.664927
2026-06-23T08:56:27,idle,du4,3789267,4631747.874796658,4.631748
2026-06-23T08:56:27,idle,ue1,3787045,1333784.2202291535,1.333784
2026-06-23T08:56:27,idle,ue2,3787053,1287333.9616010285,1.287334
2026-06-23T08:56:27,idle,ue3,3787063,1307241.2753501916,1.307241
2026-06-23T08:56:27,idle,ue4,3787071,1300605.476076486,1.300605
2026-06-23T08:56:27,idle,ue5,3787798,1307241.2753501916,1.307241
2026-06-23T08:56:27,idle,ue6,3787807,1327148.4209554482,1.327148
2026-06-23T08:56:27,idle,ue7,3787816,1333784.2202291535,1.333784
2026-06-23T08:56:27,idle,ue8,3787824,1313876.9064799906,1.313877
2026-06-23T08:56:27,idle,ue9,3788557,1340419.8513589525,1.340420
2026-06-23T08:56:27,idle,ue10,3788566,1340419.8513589525,1.340420
2026-06-23T08:56:27,idle,ue11,3788575,1320512.6216817426,1.320513
2026-06-23T08:56:27,idle,ue12,3788584,1280698.1623273229,1.280698
2026-06-23T08:56:27,idle,ue13,3789309,1307241.2753501916,1.307241
2026-06-23T08:56:27,idle,ue14,3789318,1300605.476076486,1.300605
2026-06-23T08:56:27,idle,ue15,3789327,1300605.476076486,1.300605
2026-06-23T08:56:27,idle,ue16,3789336,1287333.9616010285,1.287334
2026-06-23T08:56:33,idle,cu_cp,3786797,586296.5595278287,0.586297
2026-06-23T08:56:33,idle,cu_up,3786824,598860.0367295006,0.598860
2026-06-23T08:56:33,idle,du1,3786985,4547986.260566945,4.547986
2026-06-23T08:56:33,idle,du2,3787737,4614991.69743464,4.614992
2026-06-23T08:56:33,idle,du3,3788496,4673621.117005706,4.673621
2026-06-23T08:56:33,idle,du4,3789267,4631742.381275229,4.631742
2026-06-23T08:56:33,idle,ue1,3787045,1331730.7783503074,1.331731
2026-06-23T08:56:33,idle,ue2,3787053,1314979.334711342,1.314979
2026-06-23T08:56:33,idle,ue3,3787063,1310791.6637511945,1.310792
2026-06-23T08:56:33,idle,ue4,3787071,1302415.899720691,1.302416
2026-06-23T08:56:33,idle,ue5,3787798,1285664.624925809,1.285665
2026-06-23T08:56:33,idle,ue6,3787807,1327542.9385460764,1.327543
2026-06-23T08:56:33,idle,ue7,3787816,1335918.5337324964,1.335919
2026-06-23T08:56:33,idle,ue8,3787824,1319167.1745155728,1.319167
2026-06-23T08:56:33,idle,ue9,3788557,1352669.8085273784,1.352670
2026-06-23T08:56:33,idle,ue10,3788566,1344294.2133409583,1.344294
2026-06-23T08:56:33,idle,ue11,3788575,1361045.5725578822,1.361046
2026-06-23T08:56:33,idle,ue12,3788584,1298228.05991646,1.298228
2026-06-23T08:56:33,idle,ue13,3789309,1314979.334711342,1.314979
2026-06-23T08:56:33,idle,ue14,3789318,1314979.334711342,1.314979
2026-06-23T08:56:33,idle,ue15,3789327,1323355.0987418455,1.323355
2026-06-23T08:56:33,idle,ue16,3789336,1281476.7006995361,1.281477
2026-06-23T08:56:38,idle,cu_cp,3786797,586439.0902733258,0.586439
2026-06-23T08:56:38,idle,cu_up,3786824,603687.270288167,0.603687
2026-06-23T08:56:38,idle,du1,3786985,4531967.04650836,4.531967
2026-06-23T08:56:38,idle,du2,3787737,4605271.442637682,4.605271
2026-06-23T08:56:38,idle,du3,3788496,4661328.4598654555,4.661328
2026-06-23T08:56:38,idle,du4,3789267,4605271.442637682,4.605271
2026-06-23T08:56:38,idle,ue1,3787045,1315175.8027016288,1.315176
2026-06-23T08:56:38,idle,ue2,3787053,1323800.0824464082,1.323800
2026-06-23T08:56:38,idle,ue3,3787063,1259119.2071124304,1.259119
2026-06-23T08:56:38,idle,ue4,3787071,1272055.415910312,1.272055
2026-06-23T08:56:38,idle,ue5,3787798,1297927.664850645,1.297928
2026-06-23T08:56:38,idle,ue6,3787807,1328112.0958272254,1.328112
2026-06-23T08:56:38,idle,ue7,3787816,1306551.7759399945,1.306552
2026-06-23T08:56:38,idle,ue8,3787824,1336736.2069165749,1.336736
2026-06-23T08:56:38,idle,ue9,3788557,1349672.3313867415,1.349672
2026-06-23T08:56:38,idle,ue10,3788566,1328112.0958272254,1.328112
2026-06-23T08:56:38,idle,ue11,3788575,1310863.7893208116,1.310864
2026-06-23T08:56:38,idle,ue12,3788584,1297927.664850645,1.297928
2026-06-23T08:56:38,idle,ue13,3789309,1336736.2069165749,1.336736
2026-06-23T08:56:38,idle,ue14,3789318,1315175.8027016288,1.315176
2026-06-23T08:56:38,idle,ue15,3789327,1341048.220297392,1.341048
2026-06-23T08:56:38,idle,ue16,3789336,1328112.0958272254,1.328112
2026-06-23T08:56:44,idle,cu_cp,3786797,599751.6942072964,0.599752
2026-06-23T08:56:44,idle,cu_up,3786824,599751.6942072964,0.599752
2026-06-23T08:56:44,idle,du1,3786985,4585198.381818218,4.585198
2026-06-23T08:56:44,idle,du2,3787737,4623892.2031313805,4.623892
2026-06-23T08:56:44,idle,du3,3788496,4672259.226158161,4.672259
2026-06-23T08:56:44,idle,du4,3789267,4648075.883721218,4.648076
2026-06-23T08:56:44,idle,ue1,3787045,1330094.5703862833,1.330095
2026-06-23T08:56:44,idle,ue2,3787053,1339767.9411763502,1.339768
2026-06-23T08:56:44,idle,ue3,3787063,1247870.4114413739,1.247870
2026-06-23T08:56:44,idle,ue4,3787071,1325257.8004530263,1.325258
2026-06-23T08:56:44,idle,ue5,3787798,1296237.5190063787,1.296238
2026-06-23T08:56:44,idle,ue6,3787807,1334931.171243093,1.334931
2026-06-23T08:56:44,idle,ue7,3787816,1354277.9973614502,1.354278
2026-06-23T08:56:44,idle,ue8,3787824,1262380.6367029215,1.262381
2026-06-23T08:56:44,idle,ue9,3788557,1354277.9973614502,1.354278
2026-06-23T08:56:44,idle,ue10,3788566,1334931.171243093,1.334931
2026-06-23T08:56:44,idle,ue11,3788575,1276890.6928880215,1.276891
2026-06-23T08:56:44,idle,ue12,3788584,1349441.2274281932,1.349441
2026-06-23T08:56:44,idle,ue13,3789309,1363951.4526897406,1.363951
2026-06-23T08:56:44,idle,ue14,3789318,1325257.8004530263,1.325258
2026-06-23T08:56:44,idle,ue15,3789327,1330094.5703862833,1.330095
2026-06-23T08:56:44,idle,ue16,3789336,1315584.3451247357,1.315584
2026-06-23T08:56:50,idle,cu_cp,3786797,594712.7451238099,0.594713
2026-06-23T08:56:50,idle,cu_up,3786824,599547.8332105092,0.599548
2026-06-23T08:56:50,idle,du1,3786985,4607815.415331919,4.607815
2026-06-23T08:56:50,idle,du2,3787737,4593309.981781947,4.593310
2026-06-23T08:56:50,idle,du3,3788496,4665835.795212815,4.665836
2026-06-23T08:56:50,idle,du4,3789267,4627155.090519221,4.627155
2026-06-23T08:56:50,idle,ue1,3787045,1300632.008372081,1.300632
2026-06-23T08:56:50,idle,ue2,3787053,1339312.4591308641,1.339312
2026-06-23T08:56:50,idle,ue3,3787063,1261951.5576132976,1.261952
2026-06-23T08:56:50,idle,ue4,3787071,1305467.09645878,1.305467
2026-06-23T08:56:50,idle,ue5,3787798,1319972.191429004,1.319972
2026-06-23T08:56:50,idle,ue6,3787807,1324807.2795157032,1.324807
2026-06-23T08:56:50,idle,ue7,3787816,1339312.4591308641,1.339312
2026-06-23T08:56:50,idle,ue8,3787824,1257116.4695265985,1.257116
2026-06-23T08:56:50,idle,ue9,3788557,1368322.8183611857,1.368323
2026-06-23T08:56:50,idle,ue10,3788566,1334477.4556891017,1.334477
2026-06-23T08:56:50,idle,ue11,3788575,1271621.5644968224,1.271622
2026-06-23T08:56:50,idle,ue12,3788584,1324807.2795157032,1.324807
2026-06-23T08:56:50,idle,ue13,3789309,1353817.723390962,1.353818
2026-06-23T08:56:50,idle,ue14,3789318,1368322.8183611857,1.368323
2026-06-23T08:56:50,idle,ue15,3789327,1319972.191429004,1.319972
2026-06-23T08:56:50,idle,ue16,3789336,1334477.4556891017,1.334477
2026-06-23T08:56:56,idle,cu_cp,3786797,610644.5192960367,0.610645
2026-06-23T08:56:56,idle,cu_up,3786824,599740.1355873963,0.599740
2026-06-23T08:56:56,idle,du1,3786985,4623451.282191472,4.623451
2026-06-23T08:56:56,idle,du2,3787737,4568929.532063544,4.568930
2026-06-23T08:56:56,idle,du3,3788496,4699781.799736681,4.699782
2026-06-23T08:56:56,idle,du4,3789267,4612547.066898105,4.612547
2026-06-23T08:56:56,idle,ue1,3787045,1264906.489218998,1.264906
2026-06-23T08:56:56,idle,ue2,3787053,1275810.7887200015,1.275811
2026-06-23T08:56:56,idle,ue3,3787063,1210384.654883433,1.210385
2026-06-23T08:56:56,idle,ue4,3787071,1308523.9398459226,1.308524
2026-06-23T08:56:56,idle,ue5,3787798,1254002.1055103575,1.254002
2026-06-23T08:56:56,idle,ue6,3787807,1286715.172428642,1.286715
2026-06-23T08:56:56,idle,ue7,3787816,1286715.172428642,1.286715
2026-06-23T08:56:56,idle,ue8,3787824,1297619.5561372822,1.297620
2026-06-23T08:56:56,idle,ue9,3788557,1330332.6230555666,1.330333
2026-06-23T08:56:56,idle,ue10,3788566,1319428.239346926,1.319428
2026-06-23T08:56:56,idle,ue11,3788575,1286715.172428642,1.286715
2026-06-23T08:56:56,idle,ue12,3788584,1297619.5561372822,1.297620
2026-06-23T08:56:56,idle,ue13,3789309,1297619.5561372822,1.297620
2026-06-23T08:56:56,idle,ue14,3789318,1330332.6230555666,1.330333
2026-06-23T08:56:56,idle,ue15,3789327,1330332.6230555666,1.330333
2026-06-23T08:56:56,idle,ue16,3789336,1264906.489218998,1.264906
2026-06-23T08:57:01,idle,cu_cp,3786797,590031.0249866033,0.590031
2026-06-23T08:57:01,idle,cu_up,3786824,606420.8015396297,0.606421
2026-06-23T08:57:01,idle,du1,3786985,4605519.975594902,4.605520
2026-06-23T08:57:01,idle,du2,3787737,4630104.788525725,4.630105
2026-06-23T08:57:01,idle,du3,3788496,4671078.912548399,4.671079
2026-06-23T08:57:01,idle,du4,3789267,4679273.737352934,4.679274
2026-06-23T08:57:01,idle,ue1,3787045,1270205.7152282214,1.270206
2026-06-23T08:57:01,idle,ue2,3787053,1360349.295853932,1.360349
2026-06-23T08:57:01,idle,ue3,3787063,1278400.6246620608,1.278401
2026-06-23T08:57:01,idle,ue4,3787071,1327569.8273771834,1.327570
2026-06-23T08:57:01,idle,ue5,3787798,1294790.2742711306,1.294790
2026-06-23T08:57:01,idle,ue6,3787807,1327569.8273771834,1.327570
2026-06-23T08:57:01,idle,ue7,3787816,1245621.071556008,1.245621
2026-06-23T08:57:01,idle,ue8,3787824,1311180.0931388093,1.311180
2026-06-23T08:57:01,idle,ue9,3788557,1278400.6246620608,1.278401
2026-06-23T08:57:01,idle,ue10,3788566,1343959.6462448621,1.343960
2026-06-23T08:57:01,idle,ue11,3788575,1311180.0931388093,1.311180
2026-06-23T08:57:01,idle,ue12,3788584,1302985.18370497,1.302985
2026-06-23T08:57:01,idle,ue13,3789309,1302985.18370497,1.302985
2026-06-23T08:57:01,idle,ue14,3789318,1294790.2742711306,1.294790
2026-06-23T08:57:01,idle,ue15,3789327,1327569.8273771834,1.327570
2026-06-23T08:57:01,idle,ue16,3789336,1286595.3648372912,1.286595
2026-06-23T08:57:07,idle,cu_cp,3786797,594010.5273293951,0.594011
2026-06-23T08:57:07,idle,cu_up,3786824,607065.649400779,0.607066
2026-06-23T08:57:07,idle,du1,3786985,4615004.65480005,4.615005
2026-06-23T08:57:07,idle,du2,3787737,4601949.49045377,4.601949
2026-06-23T08:57:07,idle,du3,3788496,4667225.312185171,4.667225
2026-06-23T08:57:07,idle,du4,3789267,4667225.312185171,4.667225
2026-06-23T08:57:07,idle,ue1,3787045,1285934.8718056835,1.285935
2026-06-23T08:57:07,idle,ue2,3787053,1364265.857883364,1.364266
2026-06-23T08:57:07,idle,ue3,3787063,1298989.9516021712,1.298990
2026-06-23T08:57:07,idle,ue4,3787071,1338155.5291908039,1.338156
2026-06-23T08:57:07,idle,ue5,3787798,1351210.693537084,1.351211
2026-06-23T08:57:07,idle,ue6,3787807,1305517.6183251035,1.305518
2026-06-23T08:57:07,idle,ue7,3787816,1357738.3602600163,1.357738
2026-06-23T08:57:07,idle,ue8,3787824,1338155.5291908039,1.338156
2026-06-23T08:57:07,idle,ue9,3788557,1331627.9470176636,1.331628
2026-06-23T08:57:07,idle,ue10,3788566,1331627.9470176636,1.331628
2026-06-23T08:57:07,idle,ue11,3788575,1318572.7826713836,1.318573
2026-06-23T08:57:07,idle,ue12,3788584,1298989.9516021712,1.298990
2026-06-23T08:57:07,idle,ue13,3789309,1325100.4493943162,1.325100
2026-06-23T08:57:07,idle,ue14,3789318,1305517.6183251035,1.305518
2026-06-23T08:57:07,idle,ue15,3789327,1325100.4493943162,1.325100
2026-06-23T08:57:07,idle,ue16,3789336,1305517.6183251035,1.305518
2026-06-23T08:57:13,idle,cu_cp,3786797,594851.6781354058,0.594852
2026-06-23T08:57:13,idle,cu_up,3786824,594851.6781354058,0.594852
2026-06-23T08:57:13,idle,du1,3786985,4587060.193129229,4.587060
2026-06-23T08:57:13,idle,du2,3787737,4566114.512173939,4.566115
2026-06-23T08:57:13,idle,du3,3788496,4595438.803481188,4.595439
2026-06-23T08:57:13,idle,du4,3789267,4645707.42386436,4.645707
2026-06-23T08:57:13,idle,ue1,3787045,1323754.3625053049,1.323754
2026-06-23T08:57:13,idle,ue2,3787053,1336321.686586019,1.336322
2026-06-23T08:57:13,idle,ue3,3787063,1286052.4747556234,1.286052
2026-06-23T08:57:13,idle,ue4,3787071,1302808.9350273954,1.302809
2026-06-23T08:57:13,idle,ue5,3787798,1306997.9867259932,1.306998
2026-06-23T08:57:13,idle,ue6,3787807,1319565.3952991676,1.319565
2026-06-23T08:57:13,idle,ue7,3787816,1344699.8744756747,1.344700
2026-06-23T08:57:13,idle,ue8,3787824,1332132.5503949607,1.332133
2026-06-23T08:57:13,idle,ue9,3788557,1340510.7382846165,1.340511
2026-06-23T08:57:13,idle,ue10,3788566,1302808.9350273954,1.302809
2026-06-23T08:57:13,idle,ue11,3788575,1286052.4747556234,1.286052
2026-06-23T08:57:13,idle,ue12,3788584,1319565.3952991676,1.319565
2026-06-23T08:57:13,idle,ue13,3789309,1319565.3952991676,1.319565
2026-06-23T08:57:13,idle,ue14,3789318,1306997.9867259932,1.306998
2026-06-23T08:57:13,idle,ue15,3789327,1340510.7382846165,1.340511
2026-06-23T08:57:13,idle,ue16,3789336,1323754.3625053049,1.323754
2026-06-23T08:57:19,idle,cu_cp,3786797,594382.6801181826,0.594383
2026-06-23T08:57:19,idle,cu_up,3786824,603123.6161501106,0.603124
2026-06-23T08:57:19,idle,du1,3786985,4571502.121684684,4.571502
2026-06-23T08:57:19,idle,du2,3787737,4584613.525732577,4.584614
2026-06-23T08:57:19,idle,du3,3788496,4606465.528402683,4.606466
2026-06-23T08:57:19,idle,du4,3789267,4615206.464434612,4.615206
2026-06-23T08:57:19,idle,ue1,3787045,1298026.8919306092,1.298027
2026-06-23T08:57:19,idle,ue2,3787053,1298026.8919306092,1.298027
2026-06-23T08:57:19,idle,ue3,3787063,1298026.8919306092,1.298027
2026-06-23T08:57:19,idle,ue4,3787071,1302397.275594145,1.302397
2026-06-23T08:57:19,idle,ue5,3787798,1324249.531321537,1.324250
2026-06-23T08:57:19,idle,ue6,3787807,1280545.0198667531,1.280545
2026-06-23T08:57:19,idle,ue7,3787816,1328620.0836899292,1.328620
2026-06-23T08:57:19,idle,ue8,3787824,1324249.531321537,1.324250
2026-06-23T08:57:19,idle,ue9,3788557,1324249.531321537,1.324250
2026-06-23T08:57:19,idle,ue10,3788566,1306767.7436101092,1.306768
2026-06-23T08:57:19,idle,ue11,3788575,1298026.8919306092,1.298027
2026-06-23T08:57:19,idle,ue12,3788584,1293656.4239146453,1.293656
2026-06-23T08:57:19,idle,ue13,3789309,1315508.6796420373,1.315509
2026-06-23T08:57:19,idle,ue14,3789318,1289285.8715462529,1.289286
2026-06-23T08:57:19,idle,ue15,3789327,1319879.1476580012,1.319879
2026-06-23T08:57:19,idle,ue16,3789336,1289285.8715462529,1.289286
2026-06-23T08:57:24,idle,cu_cp,3786797,595770.8966294575,0.595771
2026-06-23T08:57:24,idle,cu_up,3786824,605458.256144465,0.605458
2026-06-23T08:57:24,idle,du1,3786985,4582107.723037963,4.582108
2026-06-23T08:57:24,idle,du2,3787737,4591795.29410155,4.591795
2026-06-23T08:57:24,idle,du3,3788496,4635388.517693374,4.635389
2026-06-23T08:57:24,idle,du4,3789267,4659606.599158023,4.659607
2026-06-23T08:57:24,idle,ue1,3787045,1273884.201052472,1.273884
2026-06-23T08:57:24,idle,ue2,3787053,1341695.4214895116,1.341695
2026-06-23T08:57:24,idle,ue3,3787063,1283571.5182577635,1.283572
2026-06-23T08:57:24,idle,ue4,3787071,1307789.768961276,1.307790
2026-06-23T08:57:24,idle,ue5,3787798,1332008.1042842204,1.332008
2026-06-23T08:57:24,idle,ue6,3787807,1273884.201052472,1.273884
2026-06-23T08:57:24,idle,ue7,3787816,1332008.1042842204,1.332008
2026-06-23T08:57:24,idle,ue8,3787824,1278727.9019648337,1.278728
2026-06-23T08:57:24,idle,ue9,3788557,1336851.805196582,1.336852
2026-06-23T08:57:24,idle,ue10,3788566,1332008.1042842204,1.332008
2026-06-23T08:57:24,idle,ue11,3788575,1317477.0861665672,1.317477
2026-06-23T08:57:24,idle,ue12,3788584,1302946.068048914,1.302946
2026-06-23T08:57:24,idle,ue13,3789309,1356226.4396071648,1.356226
2026-06-23T08:57:24,idle,ue14,3789318,1332008.1042842204,1.332008
2026-06-23T08:57:24,idle,ue15,3789327,1278727.9019648337,1.278728
2026-06-23T08:57:24,idle,ue16,3789336,1351382.738694803,1.351383
2026-06-23T08:57:30,idle,cu_cp,3786797,600322.7092807749,0.600323
2026-06-23T08:57:30,idle,cu_up,3786824,600322.7092807749,0.600323
2026-06-23T08:57:30,idle,du1,3786985,4584722.871917806,4.584723
2026-06-23T08:57:30,idle,du2,3787737,4594405.123206692,4.594405
2026-06-23T08:57:30,idle,du3,3788496,4691231.370746095,4.691231
2026-06-23T08:57:30,idle,du4,3789267,4696073.175417909,4.696073
2026-06-23T08:57:30,idle,ue1,3787045,1311995.6371832322,1.311996
2026-06-23T08:57:30,idle,ue2,3787053,1350726.1701503622,1.350726
2026-06-23T08:57:30,idle,ue3,3787063,1278106.3996173881,1.278106
2026-06-23T08:57:30,idle,ue4,3787071,1331360.9036667973,1.331361
2026-06-23T08:57:30,idle,ue5,3787798,1292630.4555780888,1.292630
2026-06-23T08:57:30,idle,ue6,3787807,1268423.8088148164,1.268424
2026-06-23T08:57:30,idle,ue7,3787816,1297471.7509793746,1.297472
2026-06-23T08:57:30,idle,ue8,3787824,1297471.7509793746,1.297472
2026-06-23T08:57:30,idle,ue9,3788557,1345884.789870655,1.345885
2026-06-23T08:57:30,idle,ue10,3788566,1336202.2839465046,1.336202
2026-06-23T08:57:30,idle,ue11,3788575,1297471.7509793746,1.297472
2026-06-23T08:57:30,idle,ue12,3788584,1307154.3417819464,1.307154
2026-06-23T08:57:30,idle,ue13,3789309,1360408.760952934,1.360409
2026-06-23T08:57:30,idle,ue14,3789318,1336202.2839465046,1.336202
2026-06-23T08:57:30,idle,ue15,3789327,1321678.227985804,1.321678
2026-06-23T08:57:30,idle,ue16,3789336,1326519.6082655115,1.326520
2026-06-23T08:57:36,idle,cu_cp,3786797,590147.5429643565,0.590148
2026-06-23T08:57:36,idle,cu_up,3786824,612004.8016467431,0.612005
2026-06-23T08:57:36,idle,du1,3786985,4546321.600292551,4.546322
2026-06-23T08:57:36,idle,du2,3787737,4590036.53888433,4.590037
2026-06-23T08:57:36,idle,du3,3788496,4644679.453915443,4.644679
2026-06-23T08:57:36,idle,du4,3789267,4655608.441299591,4.655608
2026-06-23T08:57:36,idle,ue1,3787045,1267724.2891490615,1.267724
2026-06-23T08:57:36,idle,ue2,3787053,1322367.541161779,1.322368
2026-06-23T08:57:36,idle,ue3,3787063,1322367.541161779,1.322368
2026-06-23T08:57:36,idle,ue4,3787071,1322367.541161779,1.322368
2026-06-23T08:57:36,idle,ue5,3787798,1267724.2891490615,1.267724
2026-06-23T08:57:36,idle,ue6,3787807,1355153.4923694099,1.355153
2026-06-23T08:57:36,idle,ue7,3787816,1311438.9750046367,1.311439
2026-06-23T08:57:36,idle,ue8,3787824,1344224.8419668663,1.344225
2026-06-23T08:57:36,idle,ue9,3788557,1311438.9750046367,1.311439
2026-06-23T08:57:36,idle,ue10,3788566,1311438.9750046367,1.311439
2026-06-23T08:57:36,idle,ue11,3788575,1289581.5899541485,1.289582
2026-06-23T08:57:36,idle,ue12,3788584,1278653.023797006,1.278653
2026-06-23T08:57:36,idle,ue13,3789309,1333296.2758097237,1.333296
2026-06-23T08:57:36,idle,ue14,3789318,1322367.541161779,1.322368
2026-06-23T08:57:36,idle,ue15,3789327,1311438.9750046367,1.311439
2026-06-23T08:57:36,idle,ue16,3789336,1333296.2758097237,1.333296
2026-06-23T08:57:41,idle,cu_cp,3786797,598294.8573562801,0.598295
2026-06-23T08:57:41,idle,cu_up,3786824,606379.8910806722,0.606380
2026-06-23T08:57:41,idle,du1,3786985,4559976.56499511,4.559977
2026-06-23T08:57:41,idle,du2,3787737,4608487.27343102,4.608487
2026-06-23T08:57:41,idle,du3,3788496,4640827.408328588,4.640827
2026-06-23T08:57:41,idle,du4,3789267,4624657.509576323,4.624658
2026-06-23T08:57:41,idle,ue1,3787045,1277440.3050012595,1.277440
2026-06-23T08:57:41,idle,ue2,3787053,1285525.3387256516,1.285525
2026-06-23T08:57:41,idle,ue3,3787063,1317865.6423197389,1.317866
2026-06-23T08:57:41,idle,ue4,3787071,1293610.3724500434,1.293610
2026-06-23T08:57:41,idle,ue5,3787798,1309780.6085953468,1.309781
2026-06-23T08:57:41,idle,ue6,3787807,1317865.6423197389,1.317866
2026-06-23T08:57:41,idle,ue7,3787816,1269355.2712768675,1.269355
2026-06-23T08:57:41,idle,ue8,3787824,1334035.709768523,1.334036
2026-06-23T08:57:41,idle,ue9,3788557,1301695.5748709547,1.301696
2026-06-23T08:57:41,idle,ue10,3788566,1317865.6423197389,1.317866
2026-06-23T08:57:41,idle,ue11,3788575,1293610.3724500434,1.293610
2026-06-23T08:57:41,idle,ue12,3788584,1293610.3724500434,1.293610
2026-06-23T08:57:41,idle,ue13,3789309,1309780.6085953468,1.309781
2026-06-23T08:57:41,idle,ue14,3789318,1317865.6423197389,1.317866
2026-06-23T08:57:41,idle,ue15,3789327,1325950.676044131,1.325951
2026-06-23T08:57:41,idle,ue16,3789336,1309780.6085953468,1.309781
2026-06-23T08:57:47,idle,cu_cp,3786797,588209.5515098548,0.588210
2026-06-23T08:57:47,idle,cu_up,3786824,594673.3904137445,0.594673
2026-06-23T08:57:47,idle,du1,3786985,4647501.94644619,4.647502
2026-06-23T08:57:47,idle,du2,3787737,4666893.547660218,4.666894
2026-06-23T08:57:47,idle,du3,3788496,4653965.700847721,4.653966
2026-06-23T08:57:47,idle,du4,3789267,4634574.099633694,4.634574
2026-06-23T08:57:47,idle,ue1,3787045,1331551.3212154198,1.331551
2026-06-23T08:57:47,idle,ue2,3787053,1286304.3643858337,1.286304
2026-06-23T08:57:47,idle,ue3,3787063,1266912.9321765231,1.266913
2026-06-23T08:57:47,idle,ue4,3787071,1273376.771080413,1.273377
2026-06-23T08:57:47,idle,ue5,3787798,1273376.771080413,1.273377
2026-06-23T08:57:47,idle,ue6,3787807,1344478.999023199,1.344479
2026-06-23T08:57:47,idle,ue7,3787816,1292768.287792082,1.292768
2026-06-23T08:57:47,idle,ue8,3787824,1292768.287792082,1.292768
2026-06-23T08:57:47,idle,ue9,3788557,1344478.999023199,1.344479
2026-06-23T08:57:47,idle,ue10,3788566,1338015.075616951,1.338015
2026-06-23T08:57:47,idle,ue11,3788575,1318623.6434076405,1.318624
2026-06-23T08:57:47,idle,ue12,3788584,1247521.4154648543,1.247521
2026-06-23T08:57:47,idle,ue13,3789309,1357406.6768309784,1.357407
2026-06-23T08:57:47,idle,ue14,3789318,1318623.6434076405,1.318624
2026-06-23T08:57:47,idle,ue15,3789327,1331551.3212154198,1.331551
2026-06-23T08:57:47,idle,ue16,3789336,1331551.3212154198,1.331551
2026-06-23T08:57:53,idle,cu_cp,3786797,595181.9038155728,0.595182
2026-06-23T08:57:53,idle,cu_up,3786824,599403.0382670372,0.599403
2026-06-23T08:57:53,idle,du1,3786985,4588388.548783316,4.588389
2026-06-23T08:57:53,idle,du2,3787737,4634820.8585182,4.634821
2026-06-23T08:57:53,idle,du3,3788496,4647484.431103818,4.647484
2026-06-23T08:57:53,idle,du4,3789267,4685474.810398224,4.685475
2026-06-23T08:57:53,idle,ue1,3787045,1338104.0211260759,1.338104
2026-06-23T08:57:53,idle,ue2,3787053,1304334.860898748,1.304335
2026-06-23T08:57:53,idle,ue3,3787063,1304334.860898748,1.304335
2026-06-23T08:57:53,idle,ue4,3787071,1291671.372928742,1.291671
2026-06-23T08:57:53,idle,ue5,3787798,1363430.9124504752,1.363431
2026-06-23T08:57:53,idle,ue6,3787807,1274786.8351228845,1.274787
2026-06-23T08:57:53,idle,ue7,3787816,1304334.860898748,1.304335
2026-06-23T08:57:53,idle,ue8,3787824,1279007.969574349,1.279008
2026-06-23T08:57:53,idle,ue9,3788557,1312777.1298016768,1.312777
2026-06-23T08:57:53,idle,ue10,3788566,1350767.4244804692,1.350767
2026-06-23T08:57:53,idle,ue11,3788575,1312777.1298016768,1.312777
2026-06-23T08:57:53,idle,ue12,3788584,1253681.0782499497,1.253681
2026-06-23T08:57:53,idle,ue13,3789309,1283229.1040258133,1.283229
2026-06-23T08:57:53,idle,ue14,3789318,1333882.8866746116,1.333883
2026-06-23T08:57:53,idle,ue15,3789327,1312777.1298016768,1.312777
2026-06-23T08:57:53,idle,ue16,3789336,1257902.2127014142,1.257902
2026-06-23T08:57:59,idle,cu_cp,3786797,591013.8816653055,0.591014
2026-06-23T08:57:59,idle,cu_up,3786824,604147.5103334838,0.604148
2026-06-23T08:57:59,idle,du1,3786985,4579263.1490645595,4.579263
2026-06-23T08:57:59,idle,du2,3787737,4609908.226281044,4.609908
2026-06-23T08:57:59,idle,du3,3788496,4644931.461433246,4.644931
2026-06-23T08:57:59,idle,du4,3789267,4662442.740953757,4.662443
2026-06-23T08:57:59,idle,ue1,3787045,1322119.8588004445,1.322120
2026-06-23T08:57:59,idle,ue2,3787053,1300230.421344216,1.300230
2026-06-23T08:57:59,idle,ue3,3787063,1287096.877189935,1.287097
2026-06-23T08:57:59,idle,ue4,3787071,1269585.3441277314,1.269585
2026-06-23T08:57:59,idle,ue5,3787798,1330875.5830745976,1.330876
2026-06-23T08:57:59,idle,ue6,3787807,1265207.3552198089,1.265207
2026-06-23T08:57:59,idle,ue7,3787816,1260829.535339681,1.260830
2026-06-23T08:57:59,idle,ue8,3787824,1269585.3441277314,1.269585
2026-06-23T08:57:59,idle,ue9,3788557,1339631.391862648,1.339631
2026-06-23T08:57:59,idle,ue10,3788566,1326497.7631944697,1.326498
2026-06-23T08:57:59,idle,ue11,3788575,1295852.601464088,1.295853
2026-06-23T08:57:59,idle,ue12,3788584,1252073.8110655278,1.252074
2026-06-23T08:57:59,idle,ue13,3789309,1313364.2190401887,1.313364
2026-06-23T08:57:59,idle,ue14,3789318,1344009.2962566733,1.344009
2026-06-23T08:57:59,idle,ue15,3789327,1317742.0389203166,1.317742
2026-06-23T08:57:59,idle,ue16,3789336,1260829.535339681,1.260830
2026-06-23T08:58:04,idle,cu_cp,3786797,605431.39310942,0.605431
2026-06-23T08:58:04,idle,cu_up,3786824,600587.9713947282,0.600588
2026-06-23T08:58:04,idle,du1,3786985,4562530.909463882,4.562531
2026-06-23T08:58:04,idle,du2,3787737,4649713.261453772,4.649713
2026-06-23T08:58:04,idle,du3,3788496,4625496.279734552,4.625496
2026-06-23T08:58:04,idle,du4,3789267,4630339.405456019,4.630339
2026-06-23T08:58:04,idle,ue1,3787045,1273827.7336420447,1.273828
2026-06-23T08:58:04,idle,ue2,3787053,1288358.0410708666,1.288358
2026-06-23T08:58:04,idle,ue3,3787063,1254453.8776442916,1.254454
2026-06-23T08:58:04,idle,ue4,3787071,1298044.969069743,1.298045
2026-06-23T08:58:04,idle,ue5,3787798,1298044.969069743,1.298045
2026-06-23T08:58:04,idle,ue6,3787807,1273827.7336420447,1.273828
2026-06-23T08:58:04,idle,ue7,3787816,1346479.524494633,1.346480
2026-06-23T08:58:04,idle,ue8,3787824,1327105.7530663728,1.327106
2026-06-23T08:58:04,idle,ue9,3788557,1365853.2959228933,1.365853
2026-06-23T08:58:04,idle,ue10,3788566,1293201.505070305,1.293202
2026-06-23T08:58:04,idle,ue11,3788575,1273827.7336420447,1.273828
2026-06-23T08:58:04,idle,ue12,3788584,1268984.2696426064,1.268984
2026-06-23T08:58:04,idle,ue13,3789309,1336792.5964957564,1.336793
2026-06-23T08:58:04,idle,ue14,3789318,1322262.2890669345,1.322262
2026-06-23T08:58:04,idle,ue15,3789327,1307731.8970686197,1.307732
2026-06-23T08:58:04,idle,ue16,3789336,1327105.7530663728,1.327106
2026-06-23T08:58:10,idle,cu_cp,3786797,599192.4882415384,0.599192
2026-06-23T08:58:10,idle,cu_up,3786824,608935.461051355,0.608935
2026-06-23T08:58:10,idle,du1,3786985,4564580.596690164,4.564581
2026-06-23T08:58:10,idle,du2,3787737,4681495.93084578,4.681496
2026-06-23T08:58:10,idle,du3,3788496,4642524.039606514,4.642524
2026-06-23T08:58:10,idle,du4,3789267,4715596.463015957,4.715596
2026-06-23T08:58:10,idle,ue1,3787045,1310429.2062412405,1.310429
2026-06-23T08:58:10,idle,ue2,3787053,1329915.066970328,1.329915
2026-06-23T08:58:10,idle,ue3,3787063,1334786.5958205091,1.334787
2026-06-23T08:58:10,idle,ue4,3787071,1334786.5958205091,1.334787
2026-06-23T08:58:10,idle,ue5,3787798,1305557.6773910595,1.305558
2026-06-23T08:58:10,idle,ue6,3787807,1349401.0125899613,1.349401
2026-06-23T08:58:10,idle,ue7,3787816,1364015.4293594135,1.364015
2026-06-23T08:58:10,idle,ue8,3787824,1344529.4837397803,1.344529
2026-06-23T08:58:10,idle,ue9,3788557,1320172.0941605114,1.320172
2026-06-23T08:58:10,idle,ue10,3788566,1320172.0941605114,1.320172
2026-06-23T08:58:10,idle,ue11,3788575,1325043.6230106927,1.325044
2026-06-23T08:58:10,idle,ue12,3788584,1300686.1485408782,1.300686
2026-06-23T08:58:10,idle,ue13,3789309,1359144.0702903236,1.359144
2026-06-23T08:58:10,idle,ue14,3789318,1334786.5958205091,1.334787
2026-06-23T08:58:10,idle,ue15,3789327,1339658.1246706904,1.339658
2026-06-23T08:58:10,idle,ue16,3789336,1334786.5958205091,1.334787
2026-06-23T08:58:16,idle,cu_cp,3786797,611726.4559725124,0.611726
2026-06-23T08:58:16,idle,cu_up,3786824,600994.4165951365,0.600994
2026-06-23T08:58:16,idle,du1,3786985,4646974.488345947,4.646974
2026-06-23T08:58:16,idle,du2,3787737,4614778.454798656,4.614778
2026-06-23T08:58:16,idle,du3,3788496,4646974.488345947,4.646974
2026-06-23T08:58:16,idle,du4,3789267,4711366.893779874,4.711367
2026-06-23T08:58:16,idle,ue1,3787045,1330773.390303619,1.330773
2026-06-23T08:58:16,idle,ue2,3787053,1309309.3115488673,1.309309
2026-06-23T08:58:16,idle,ue3,3787063,1309309.3115488673,1.309309
2026-06-23T08:58:16,idle,ue4,3787071,1309309.3115488673,1.309309
2026-06-23T08:58:16,idle,ue5,3787798,1330773.390303619,1.330773
2026-06-23T08:58:16,idle,ue6,3787807,1277113.108831904,1.277113
2026-06-23T08:58:16,idle,ue7,3787816,1330773.390303619,1.330773
2026-06-23T08:58:16,idle,ue8,3787824,1320041.2663414073,1.320041
2026-06-23T08:58:16,idle,ue9,3788557,1373701.4632282865,1.373701
2026-06-23T08:58:16,idle,ue10,3788566,1298577.1875866556,1.298577
2026-06-23T08:58:16,idle,ue11,3788575,1266381.0694545282,1.266381
2026-06-23T08:58:16,idle,ue12,3788584,1287845.2327941156,1.287845
2026-06-23T08:58:16,idle,ue13,3789309,1341505.4296809947,1.341505
2026-06-23T08:58:16,idle,ue14,3789318,1309309.3115488673,1.309309
2026-06-23T08:58:16,idle,ue15,3789327,1320041.2663414073,1.320041
2026-06-23T08:58:16,idle,ue16,3789336,1309309.3115488673,1.309309
2026-06-23T08:58:21,idle,cu_cp,3786797,610845.291165042,0.610845
2026-06-23T08:58:21,idle,cu_up,3786824,594770.4150817513,0.594770
2026-06-23T08:58:21,idle,du1,3786985,4621526.831486187,4.621527
2026-06-23T08:58:21,idle,du2,3787737,4621526.831486187,4.621527
2026-06-23T08:58:21,idle,du3,3788496,4669751.714495182,4.669752
2026-06-23T08:58:21,idle,du4,3789267,4734050.879149513,4.734051
2026-06-23T08:58:21,idle,ue1,3787045,1342252.195414617,1.342252
2026-06-23T08:58:21,idle,ue2,3787053,1285990.0866632462,1.285990
2026-06-23T08:58:21,idle,ue3,3787063,1318139.923749535,1.318140
2026-06-23T08:58:21,idle,ue4,3787071,1245802.8539951658,1.245803
2026-06-23T08:58:21,idle,ue5,3787798,1302064.9627465368,1.302065
2026-06-23T08:58:21,idle,ue6,3787807,1342252.195414617,1.342252
2026-06-23T08:58:21,idle,ue7,3787816,1302064.9627465368,1.302065
2026-06-23T08:58:21,idle,ue8,3787824,1294027.4822450376,1.294027
2026-06-23T08:58:21,idle,ue9,3788557,1358327.0714979076,1.358327
2026-06-23T08:58:21,idle,ue10,3788566,1277952.6910814547,1.277953
2026-06-23T08:58:21,idle,ue11,3788575,1277952.6910814547,1.277953
2026-06-23T08:58:21,idle,ue12,3788584,1310102.3583283282,1.310102
2026-06-23T08:58:21,idle,ue13,3789309,1350289.5909964084,1.350290
2026-06-23T08:58:21,idle,ue14,3789318,1334214.62999341,1.334215
2026-06-23T08:58:21,idle,ue15,3789327,1326177.3193313265,1.326177
2026-06-23T08:58:21,idle,ue16,3789336,1310102.3583283282,1.310102
2026-06-23T08:58:27,idle,cu_cp,3786797,586231.4302684006,0.586231
2026-06-23T08:58:27,idle,cu_up,3786824,603101.3677182314,0.603101
2026-06-23T08:58:27,idle,du1,3786985,4635023.593491864,4.635024
2026-06-23T08:58:27,idle,du2,3787737,4672981.334868639,4.672981
2026-06-23T08:58:27,idle,du3,3788496,4694068.968966846,4.694069
2026-06-23T08:58:27,idle,du4,3789267,4689851.442147205,4.689851
2026-06-23T08:58:27,idle,ue1,3787045,1307422.529964183,1.307423
2026-06-23T08:58:27,idle,ue2,3787053,1332727.521053297,1.332728
2026-06-23T08:58:27,idle,ue3,3787063,1282117.6237894369,1.282118
2026-06-23T08:58:27,idle,ue4,3787071,1303205.0880589092,1.303205
2026-06-23T08:58:27,idle,ue5,3787798,1345380.016597854,1.345380
2026-06-23T08:58:27,idle,ue6,3787807,1332727.521053297,1.332728
2026-06-23T08:58:27,idle,ue7,3787816,1294770.2042483615,1.294770
2026-06-23T08:58:27,idle,ue8,3787824,1277900.0969697952,1.277900
2026-06-23T08:58:27,idle,ue9,3788557,1358032.427228043,1.358032
2026-06-23T08:58:27,idle,ue10,3788566,1307422.529964183,1.307423
2026-06-23T08:58:27,idle,ue11,3788575,1294770.2042483615,1.294770
2026-06-23T08:58:27,idle,ue12,3788584,1307422.529964183,1.307423
2026-06-23T08:58:27,idle,ue13,3789309,1370684.9227726,1.370685
2026-06-23T08:58:27,idle,ue14,3789318,1320075.02550874,1.320075
2026-06-23T08:58:27,idle,ue15,3789327,1328510.0791480232,1.328510
2026-06-23T08:58:27,idle,ue16,3789336,1328510.0791480232,1.328510
2026-06-23T08:58:33,idle,cu_cp,3786797,592203.5456590215,0.592204
2026-06-23T08:58:33,idle,cu_up,3786824,600663.6029888976,0.600664
2026-06-23T08:58:33,idle,du1,3786985,4653027.876961103,4.653028
2026-06-23T08:58:33,idle,du2,3787737,4644567.862125073,4.644568
2026-06-23T08:58:33,idle,du3,3788496,4674177.574100409,4.674178
2026-06-23T08:58:33,idle,du4,3789267,4703787.626026514,4.703788
2026-06-23T08:58:33,idle,ue1,3787045,1285927.694288864,1.285928
2026-06-23T08:58:33,idle,ue2,3787053,1290157.616719187,1.290158
2026-06-23T08:58:33,idle,ue3,3787063,1285927.694288864,1.285928
2026-06-23T08:58:33,idle,ue4,3787071,1332457.8608747213,1.332458
2026-06-23T08:58:33,idle,ue5,3787798,1332457.8608747213,1.332458
2026-06-23T08:58:33,idle,ue6,3787807,1328227.8534567065,1.328228
2026-06-23T08:58:33,idle,ue7,3787816,1264777.572211097,1.264778
2026-06-23T08:58:33,idle,ue8,3787824,1277467.5094774496,1.277468
2026-06-23T08:58:33,idle,ue9,3788557,1328227.8534567065,1.328228
2026-06-23T08:58:33,idle,ue10,3788566,1298617.8015306015,1.298618
2026-06-23T08:58:33,idle,ue11,3788575,1290157.616719187,1.290158
2026-06-23T08:58:33,idle,ue12,3788584,1319767.9236083687,1.319768
2026-06-23T08:58:33,idle,ue13,3789309,1362068.167763903,1.362068
2026-06-23T08:58:33,idle,ue14,3789318,1323997.9310263835,1.323998
2026-06-23T08:58:33,idle,ue15,3789327,1319767.9236083687,1.319768
2026-06-23T08:58:33,idle,ue16,3789336,1349377.9755344735,1.349378
2026-06-23T08:58:39,idle,cu_cp,3786797,603041.8878731155,0.603042
2026-06-23T08:58:39,idle,cu_up,3786824,603041.8878731155,0.603042
2026-06-23T08:58:39,idle,du1,3786985,4587585.69045868,4.587586
2026-06-23T08:58:39,idle,du2,3787737,4645656.339521179,4.645656
2026-06-23T08:58:39,idle,du3,3788496,4739462.877107849,4.739463
2026-06-23T08:58:39,idle,du4,3789267,4694793.016452637,4.694793
2026-06-23T08:58:39,idle,ue1,3787045,1308824.3703585817,1.308824
2026-06-23T08:58:39,idle,ue2,3787053,1304357.2993984222,1.304357
2026-06-23T08:58:39,idle,ue3,3787063,1286489.5249256133,1.286490
2026-06-23T08:58:39,idle,ue4,3787071,1335626.1169624329,1.335626
2026-06-23T08:58:39,idle,ue5,3787798,1317758.342489624,1.317758
2026-06-23T08:58:39,idle,ue6,3787807,1313291.2715294647,1.313291
2026-06-23T08:58:39,idle,ue7,3787816,1268621.5806635285,1.268622
2026-06-23T08:58:39,idle,ue8,3787824,1277555.552794571,1.277556
2026-06-23T08:58:39,idle,ue9,3788557,1331159.2157915498,1.331159
2026-06-23T08:58:39,idle,ue10,3788566,1331159.2157915498,1.331159
2026-06-23T08:58:39,idle,ue11,3788575,1264154.509703369,1.264155
2026-06-23T08:58:39,idle,ue12,3788584,1295423.3272673797,1.295423
2026-06-23T08:58:39,idle,ue13,3789309,1362428.0333555604,1.362428
2026-06-23T08:58:39,idle,ue14,3789318,1326692.3146206664,1.326692
2026-06-23T08:58:39,idle,ue15,3789327,1349027.1600536346,1.349027
2026-06-23T08:58:39,idle,ue16,3789336,1349027.1600536346,1.349027
2026-06-23T08:58:44,idle,cu_cp,3786797,603049.451242981,0.603049
2026-06-23T08:58:44,idle,cu_up,3786824,603049.451242981,0.603049
2026-06-23T08:58:44,idle,du1,3786985,4600683.3965209965,4.600683
2026-06-23T08:58:44,idle,du2,3787737,4663906.531655273,4.663907
2026-06-23T08:58:44,idle,du3,3788496,4707676.3421167,4.707676
2026-06-23T08:58:44,idle,du4,3789267,4654179.869318848,4.654180
2026-06-23T08:58:44,idle,ue1,3787045,1303364.930666504,1.303365
2026-06-23T08:58:44,idle,ue2,3787053,1327681.331428833,1.327681
2026-06-23T08:58:44,idle,ue3,3787063,1269321.782541504,1.269322
2026-06-23T08:58:44,idle,ue4,3787071,1308228.1768084718,1.308228
2026-06-23T08:58:44,idle,ue5,3787798,1337407.9937652587,1.337408
2026-06-23T08:58:44,idle,ue6,3787807,1322818.0852868652,1.322818
2026-06-23T08:58:44,idle,ue7,3787816,1303364.930666504,1.303365
2026-06-23T08:58:44,idle,ue8,3787824,1293638.3533563232,1.293638
2026-06-23T08:58:44,idle,ue9,3788557,1361724.5645800782,1.361725
2026-06-23T08:58:44,idle,ue10,3788566,1298501.514472046,1.298502
2026-06-23T08:58:44,idle,ue11,3788575,1279048.3598516847,1.279048
2026-06-23T08:58:44,idle,ue12,3788584,1308228.1768084718,1.308228
2026-06-23T08:58:44,idle,ue13,3789309,1361724.5645800782,1.361725
2026-06-23T08:58:44,idle,ue14,3789318,1342271.3249334716,1.342271
2026-06-23T08:58:44,idle,ue15,3789327,1317954.7541186523,1.317955
2026-06-23T08:58:44,idle,ue16,3789336,1347134.5710754395,1.347135
2026-06-23T08:58:50,idle,cu_cp,3786797,602960.4030436277,0.602960
2026-06-23T08:58:50,idle,cu_up,3786824,598097.8776605129,0.598098
2026-06-23T08:58:50,idle,du1,3786985,4561104.053277969,4.561104
2026-06-23T08:58:50,idle,du2,3787737,4648630.104194641,4.648630
2026-06-23T08:58:50,idle,du3,3788496,4658355.748981476,4.658356
2026-06-23T08:58:50,idle,du4,3789267,4653493.266028404,4.653493
2026-06-23T08:58:50,idle,ue1,3787045,1332348.078389883,1.332348
2026-06-23T08:58:50,idle,ue2,3787053,1278859.6627249718,1.278860
2026-06-23T08:58:50,idle,ue3,3787063,1278859.6627249718,1.278860
2026-06-23T08:58:50,idle,ue4,3787071,1346935.7818293571,1.346936
2026-06-23T08:58:50,idle,ue5,3787798,1351798.3496425152,1.351798
2026-06-23T08:58:50,idle,ue6,3787807,1322622.773043394,1.322623
2026-06-23T08:58:50,idle,ue7,3787816,1283722.1456780434,1.283722
2026-06-23T08:58:50,idle,ue8,3787824,1278859.6627249718,1.278860
2026-06-23T08:58:50,idle,ue9,3788557,1371248.7057552338,1.371249
2026-06-23T08:58:50,idle,ue10,3788566,1317760.2900903225,1.317760
2026-06-23T08:58:50,idle,ue11,3788575,1312897.7222771645,1.312898
2026-06-23T08:58:50,idle,ue12,3788584,1249684.0861258507,1.249684
2026-06-23T08:58:50,idle,ue13,3789309,1342073.2988762856,1.342073
2026-06-23T08:58:50,idle,ue14,3789318,1351798.3496425152,1.351798
2026-06-23T08:58:50,idle,ue15,3789327,1356661.0023157597,1.356661
2026-06-23T08:58:50,idle,ue16,3789336,1322622.773043394,1.322623
2026-06-23T08:58:56,idle,cu_cp,3786797,588050.0969061852,0.588050
2026-06-23T08:58:56,idle,cu_up,3786824,598550.9429237961,0.598551
2026-06-23T08:58:56,idle,du1,3786985,4599391.465098381,4.599391
2026-06-23T08:58:56,idle,du2,3787737,4672897.982204151,4.672898
2026-06-23T08:58:56,idle,du3,3788496,4756905.090335036,4.756905
2026-06-23T08:58:56,idle,du4,3789267,4756905.090335036,4.756905
2026-06-23T08:58:56,idle,ue1,3787045,1312611.7020263076,1.312612
2026-06-23T08:58:56,idle,ue2,3787053,1281108.9939784766,1.281109
2026-06-23T08:58:56,idle,ue3,3787063,1333613.5640565276,1.333614
2026-06-23T08:58:56,idle,ue4,3787071,1344114.4950716377,1.344114
2026-06-23T08:58:56,idle,ue5,3787798,1375617.0331244706,1.375617
2026-06-23T08:58:56,idle,ue6,3787807,1344114.4950716377,1.344114
2026-06-23T08:58:56,idle,ue7,3787816,1323112.6330414177,1.323113
2026-06-23T08:58:56,idle,ue8,3787824,1323112.6330414177,1.323113
2026-06-23T08:58:56,idle,ue9,3788557,1354615.3410892487,1.354615
2026-06-23T08:58:56,idle,ue10,3788566,1323112.6330414177,1.323113
2026-06-23T08:58:56,idle,ue11,3788575,1281108.9939784766,1.281109
2026-06-23T08:58:56,idle,ue12,3788584,1302110.8560086966,1.302111
2026-06-23T08:58:56,idle,ue13,3789309,1333613.5640565276,1.333614
2026-06-23T08:58:56,idle,ue14,3789318,1312611.7020263076,1.312612
2026-06-23T08:58:56,idle,ue15,3789327,1323112.6330414177,1.323113
2026-06-23T08:58:56,idle,ue16,3789336,1333613.5640565276,1.333614
2026-06-23T08:59:01,idle,cu_cp,3786797,590581.3911903002,0.590581
2026-06-23T08:59:01,idle,cu_up,3786824,614204.7045514905,0.614205
2026-06-23T08:59:01,idle,du1,3786985,4614409.707777757,4.614410
2026-06-23T08:59:01,idle,du2,3787737,4716776.960499551,4.716777
2026-06-23T08:59:01,idle,du3,3788496,4708902.451985064,4.708902
2026-06-23T08:59:01,idle,du4,3789267,4708902.451985064,4.708902
2026-06-23T08:59:01,idle,ue1,3787045,1338651.1703392626,1.338651
2026-06-23T08:59:01,idle,ue2,3787053,1338651.1703392626,1.338651
2026-06-23T08:59:01,idle,ue3,3787063,1354400.0176224196,1.354400
2026-06-23T08:59:01,idle,ue4,3787071,1315027.8994145268,1.315028
2026-06-23T08:59:01,idle,ue5,3787798,1330776.7466976838,1.330777
2026-06-23T08:59:01,idle,ue6,3787807,1354400.0176224196,1.354400
2026-06-23T08:59:01,idle,ue7,3787816,1330776.7466976838,1.330777
2026-06-23T08:59:01,idle,ue8,3787824,1330776.7466976838,1.330777
2026-06-23T08:59:01,idle,ue9,3788557,1338651.1703392626,1.338651
2026-06-23T08:59:01,idle,ue10,3788566,1275655.8660795433,1.275656
2026-06-23T08:59:01,idle,ue11,3788575,1330776.7466976838,1.330777
2026-06-23T08:59:01,idle,ue12,3788584,1338651.1703392626,1.338651
2026-06-23T08:59:01,idle,ue13,3789309,1338651.1703392626,1.338651
2026-06-23T08:59:01,idle,ue14,3789318,1307153.5606458574,1.307154
2026-06-23T08:59:01,idle,ue15,3789327,1283530.2048482127,1.283530
2026-06-23T08:59:01,idle,ue16,3789336,1354400.0176224196,1.354400
2026-06-23T08:59:07,idle,cu_cp,3786797,596573.524466672,0.596574
2026-06-23T08:59:07,idle,cu_up,3786824,605035.5735418546,0.605036
2026-06-23T08:59:07,idle,du1,3786985,4607578.663918998,4.607579
2026-06-23T08:59:07,idle,du2,3787737,4658350.958370094,4.658351
2026-06-23T08:59:07,idle,du3,3788496,4704892.143253262,4.704892
2026-06-23T08:59:07,idle,du4,3789267,4709122.912699843,4.709123
2026-06-23T08:59:07,idle,ue1,3787045,1358156.7508083952,1.358157
2026-06-23T08:59:07,idle,ue2,3787053,1298922.4923124535,1.298922
2026-06-23T08:59:07,idle,ue3,3787063,1324308.5545076644,1.324309
2026-06-23T08:59:07,idle,ue4,3787071,1303153.5168500447,1.303154
2026-06-23T08:59:07,idle,ue5,3787798,1362387.7753459865,1.362388
2026-06-23T08:59:07,idle,ue6,3787807,1345463.762225958,1.345464
2026-06-23T08:59:07,idle,ue7,3787816,1307384.626417973,1.307385
2026-06-23T08:59:07,idle,ue8,3787824,1324308.5545076644,1.324309
2026-06-23T08:59:07,idle,ue9,3788557,1353925.7262708037,1.353926
2026-06-23T08:59:07,idle,ue10,3788566,1337001.7131507755,1.337002
2026-06-23T08:59:07,idle,ue11,3788575,1311615.5659252275,1.311616
2026-06-23T08:59:07,idle,ue12,3788584,1273536.4301172423,1.273536
2026-06-23T08:59:07,idle,ue13,3789309,1358156.7508083952,1.358157
2026-06-23T08:59:07,idle,ue14,3789318,1349694.7867635495,1.349695
2026-06-23T08:59:07,idle,ue15,3789327,1311615.5659252275,1.311616
2026-06-23T08:59:07,idle,ue16,3789336,1345463.762225958,1.345464
2026-06-23T08:59:13,idle,cu_cp,3786797,590556.8185037333,0.590557
2026-06-23T08:59:13,idle,cu_up,3786824,611648.122802316,0.611648
2026-06-23T08:59:13,idle,du1,3786985,4623216.287396669,4.623216
2026-06-23T08:59:13,idle,du2,3787737,4652744.070822768,4.652744
2026-06-23T08:59:13,idle,du3,3788496,4669617.625364637,4.669618
2026-06-23T08:59:13,idle,du4,3789267,4669617.625364637,4.669618
2026-06-23T08:59:13,idle,ue1,3787045,1324534.5914216626,1.324535
2026-06-23T08:59:13,idle,ue2,3787053,1320316.373153863,1.320316
2026-06-23T08:59:13,idle,ue3,3787063,1299225.0262633634,1.299225
2026-06-23T08:59:13,idle,ue4,3787071,1311879.8514344299,1.311880
2026-06-23T08:59:13,idle,ue5,3787798,1320316.373153863,1.320316
2026-06-23T08:59:13,idle,ue6,3787807,1341407.6348605286,1.341408
2026-06-23T08:59:13,idle,ue7,3787816,1337189.501776563,1.337190
2026-06-23T08:59:13,idle,ue8,3787824,1324534.5914216626,1.324535
2026-06-23T08:59:13,idle,ue9,3788557,1332971.1131410957,1.332971
2026-06-23T08:59:13,idle,ue10,3788566,1337189.501776563,1.337190
2026-06-23T08:59:13,idle,ue11,3788575,1332971.1131410957,1.332971
2026-06-23T08:59:13,idle,ue12,3788584,1290788.5045439303,1.290789
2026-06-23T08:59:13,idle,ue13,3789309,1354062.545215429,1.354063
2026-06-23T08:59:13,idle,ue14,3789318,1299225.0262633634,1.299225
2026-06-23T08:59:13,idle,ue15,3789327,1349844.1565799618,1.349844
2026-06-23T08:59:13,idle,ue16,3789336,1307661.5479827963,1.307662
2026-06-23T08:59:19,idle,cu_cp,3786797,594264.8524464592,0.594265
2026-06-23T08:59:19,idle,cu_up,3786824,607873.9614853263,0.607874
2026-06-23T08:59:19,idle,du1,3786985,4590809.341338897,4.590809
2026-06-23T08:59:19,idle,du2,3787737,4645245.607727992,4.645246
2026-06-23T08:59:19,idle,du3,3788496,4681536.904697716,4.681537
2026-06-23T08:59:19,idle,du4,3789267,4681536.904697716,4.681537
2026-06-23T08:59:19,idle,ue1,3787045,1261111.619766876,1.261112
2026-06-23T08:59:19,idle,ue2,3787053,1311011.8135675013,1.311012
2026-06-23T08:59:19,idle,ue3,3787063,1279257.0984853655,1.279257
2026-06-23T08:59:19,idle,ue4,3787071,1306475.4863294722,1.306475
2026-06-23T08:59:19,idle,ue5,3787798,1315548.1408055306,1.315548
2026-06-23T08:59:19,idle,ue6,3787807,1351839.1831256957,1.351839
2026-06-23T08:59:19,idle,ue7,3787816,1283793.5954897671,1.283794
2026-06-23T08:59:19,idle,ue8,3787824,1265648.1167712777,1.265648
2026-06-23T08:59:19,idle,ue9,3788557,1365448.3346061558,1.365448
2026-06-23T08:59:19,idle,ue10,3788566,1297402.6620870412,1.297403
2026-06-23T08:59:19,idle,ue11,3788575,1283793.5954897671,1.283794
2026-06-23T08:59:19,idle,ue12,3788584,1338229.946762049,1.338230
2026-06-23T08:59:19,idle,ue13,3789309,1333693.61952402,1.333694
2026-06-23T08:59:19,idle,ue14,3789318,1288329.9227277965,1.288330
2026-06-23T08:59:19,idle,ue15,3789327,1374520.9890822142,1.374521
2026-06-23T08:59:19,idle,ue16,3789336,1315548.1408055306,1.315548
2026-06-23T08:59:30,idle,cu_cp,3786797,583438.549764719,0.583439
2026-06-23T08:59:30,idle,cu_up,3786824,607748.5034986996,0.607749
2026-06-23T08:59:30,idle,du1,3786985,4565406.677397737,4.565407
2026-06-23T08:59:30,idle,du2,3787737,4633474.377927475,4.633474
2026-06-23T08:59:30,idle,du3,3788496,4682094.455320844,4.682094
2026-06-23T08:59:30,idle,du4,3789267,4735576.438498306,4.735576
2026-06-23T08:59:30,idle,ue1,3787045,1307874.7462238215,1.307875
2026-06-23T08:59:30,idle,ue2,3787053,1278702.886705749,1.278703
2026-06-23T08:59:30,idle,ue3,3787063,1273840.8959589528,1.273841
2026-06-23T08:59:30,idle,ue4,3787071,1225220.9884909915,1.225221
2026-06-23T08:59:30,idle,ue5,3787798,1293288.7739834331,1.293289
2026-06-23T08:59:30,idle,ue6,3787807,1332184.6999578022,1.332185
2026-06-23T08:59:30,idle,ue7,3787816,1317598.7277174138,1.317599
2026-06-23T08:59:30,idle,ue8,3787824,1337046.6907045983,1.337047
2026-06-23T08:59:30,idle,ue9,3788557,1298150.7647302293,1.298151
2026-06-23T08:59:30,idle,ue10,3788566,1341908.6814513945,1.341909
2026-06-23T08:59:30,idle,ue11,3788575,1322460.71846421,1.322461
2026-06-23T08:59:30,idle,ue12,3788584,1312736.7369706177,1.312737
2026-06-23T08:59:30,idle,ue13,3789309,1288426.8681993412,1.288427
2026-06-23T08:59:30,idle,ue14,3789318,1332184.6999578022,1.332185
2026-06-23T08:59:30,idle,ue15,3789327,1337046.6907045983,1.337047
2026-06-23T08:59:30,idle,ue16,3789336,1288426.8681993412,1.288427
2026-06-23T08:59:35,idle,cu_cp,3786797,599816.1309121418,0.599816
2026-06-23T08:59:35,idle,cu_up,3786824,604692.6799685955,0.604693
2026-06-23T08:59:35,idle,du1,3786985,4637602.757871781,4.637603
2026-06-23T08:59:35,idle,du2,3787737,4657109.295222359,4.657109
2026-06-23T08:59:35,idle,du3,3788496,4715627.54277504,4.715628
2026-06-23T08:59:35,idle,du4,3789267,4710751.164280968,4.710751
2026-06-23T08:59:35,idle,ue1,3787045,1302039.8772910023,1.302040
2026-06-23T08:59:35,idle,ue2,3787053,1360558.5512496375,1.360559
2026-06-23T08:59:35,idle,ue3,3787063,1336175.8059673691,1.336176
2026-06-23T08:59:35,idle,ue4,3787071,1350805.4531367302,1.350805
2026-06-23T08:59:35,idle,ue5,3787798,1355682.0021931839,1.355682
2026-06-23T08:59:35,idle,ue6,3787807,1355682.0021931839,1.355682
2026-06-23T08:59:35,idle,ue7,3787816,1316669.6097415544,1.316670
2026-06-23T08:59:35,idle,ue8,3787824,1336175.8059673691,1.336176
2026-06-23T08:59:35,idle,ue9,3788557,1306916.5116286469,1.306917
2026-06-23T08:59:35,idle,ue10,3788566,1355682.0021931839,1.355682
2026-06-23T08:59:35,idle,ue11,3788575,1326422.7078544616,1.326423
2026-06-23T08:59:35,idle,ue12,3788584,1277657.2172899246,1.277657
2026-06-23T08:59:35,idle,ue13,3789309,1345928.9040802764,1.345929
2026-06-23T08:59:35,idle,ue14,3789318,1326422.7078544616,1.326423
2026-06-23T08:59:35,idle,ue15,3789327,1345928.9040802764,1.345929
2026-06-23T08:59:35,idle,ue16,3789336,1341052.3550238227,1.341052
2026-06-23T08:59:41,idle,cu_cp,3786797,603476.4747056675,0.603476
2026-06-23T08:59:41,idle,cu_up,3786824,603476.4747056675,0.603476
2026-06-23T08:59:41,idle,du1,3786985,4636232.267715664,4.636232
2026-06-23T08:59:41,idle,du2,3787737,4808653.776407573,4.808654
2026-06-23T08:59:41,idle,du3,3788496,4751180.0539182685,4.751180
2026-06-23T08:59:41,idle,du4,3789267,4741601.213911383,4.741601
2026-06-23T08:59:41,idle,ue1,3787045,1341058.8421577055,1.341059
2026-06-23T08:59:41,idle,ue2,3787053,1302742.799682172,1.302743
2026-06-23T08:59:41,idle,ue3,3787063,1321900.8209199386,1.321901
2026-06-23T08:59:41,idle,ue4,3787071,1312321.8956070542,1.312322
2026-06-23T08:59:41,idle,ue5,3787798,1331479.916844821,1.331480
2026-06-23T08:59:41,idle,ue6,3787807,1331479.916844821,1.331480
2026-06-23T08:59:41,idle,ue7,3787816,1350637.8527765889,1.350638
2026-06-23T08:59:41,idle,ue8,3787824,1321900.8209199386,1.321901
2026-06-23T08:59:41,idle,ue9,3788557,1312321.8956070542,1.312322
2026-06-23T08:59:41,idle,ue10,3788566,1369795.8740143555,1.369796
2026-06-23T08:59:41,idle,ue11,3788575,1369795.8740143555,1.369796
2026-06-23T08:59:41,idle,ue12,3788584,1302742.799682172,1.302743
2026-06-23T08:59:41,idle,ue13,3789309,1350637.8527765889,1.350638
2026-06-23T08:59:41,idle,ue14,3789318,1321900.8209199386,1.321901
2026-06-23T08:59:41,idle,ue15,3789327,1331479.916844821,1.331480
2026-06-23T08:59:41,idle,ue16,3789336,1321900.8209199386,1.321901
2026-06-23T08:59:47,idle,cu_cp,3786797,578770.9609654871,0.578771
2026-06-23T08:59:47,idle,cu_up,3786824,608075.7949676618,0.608076
2026-06-23T08:59:47,idle,du1,3786985,4652145.908919955,4.652146
2026-06-23T08:59:47,idle,du2,3787737,4688776.845026469,4.688777
2026-06-23T08:59:47,idle,du3,3788496,4725408.121600836,4.725408
2026-06-23T08:59:47,idle,du4,3789267,4718082.274847384,4.718082
2026-06-23T08:59:47,idle,ue1,3787045,1326044.7387227195,1.326045
2026-06-23T08:59:47,idle,ue2,3787053,1311392.3642801135,1.311392
2026-06-23T08:59:47,idle,ue3,3787063,1274761.257939673,1.274761
2026-06-23T08:59:47,idle,ue4,3787071,1296739.9047205448,1.296740
2026-06-23T08:59:47,idle,ue5,3787798,1333370.9259440226,1.333371
2026-06-23T08:59:47,idle,ue6,3787807,1355349.5727248944,1.355350
2026-06-23T08:59:47,idle,ue7,3787816,1340697.1982822884,1.340697
2026-06-23T08:59:47,idle,ue8,3787824,1340697.1982822884,1.340697
2026-06-23T08:59:47,idle,ue9,3788557,1274761.257939673,1.274761
2026-06-23T08:59:47,idle,ue10,3788566,1362675.9301801228,1.362676
2026-06-23T08:59:47,idle,ue11,3788575,1318718.5515014166,1.318719
2026-06-23T08:59:47,idle,ue12,3788584,1304066.0919418477,1.304066
2026-06-23T08:59:47,idle,ue13,3789309,1348023.3855035913,1.348023
2026-06-23T08:59:47,idle,ue14,3789318,1304066.0919418477,1.304066
2026-06-23T08:59:47,idle,ue15,3789327,1348023.3855035913,1.348023
2026-06-23T08:59:47,idle,ue16,3789336,1348023.3855035913,1.348023
2026-06-23T08:59:52,idle,cu_cp,3786797,585784.515253529,0.585785
2026-06-23T08:59:52,idle,cu_up,3786824,623987.8615617901,0.623988
2026-06-23T08:59:52,idle,du1,3786985,4660807.395342469,4.660807
2026-06-23T08:59:52,idle,du2,3787737,4728724.569348097,4.728725
2026-06-23T08:59:52,idle,du3,3788496,4783907.038304687,4.783907
2026-06-23T08:59:52,idle,du4,3789267,4737213.917105913,4.737214
2026-06-23T08:59:52,idle,ue1,3787045,1354096.243437469,1.354096
2026-06-23T08:59:52,idle,ue2,3787053,1332872.1052040756,1.332872
2026-06-23T08:59:52,idle,ue3,3787063,1320137.571008116,1.320138
2026-06-23T08:59:52,idle,ue4,3787071,1311648.0523972213,1.311648
2026-06-23T08:59:52,idle,ue5,3787798,1349851.3132789433,1.349851
2026-06-23T08:59:52,idle,ue6,3787807,1341361.6238149703,1.341362
2026-06-23T08:59:52,idle,ue7,3787816,1328627.1750455499,1.328627
2026-06-23T08:59:52,idle,ue8,3787824,1324382.4157401025,1.324382
2026-06-23T08:59:52,idle,ue9,3788557,1298913.603627801,1.298914
2026-06-23T08:59:52,idle,ue10,3788566,1358341.0027429163,1.358341
2026-06-23T08:59:52,idle,ue11,3788575,1345606.553973496,1.345607
2026-06-23T08:59:52,idle,ue12,3788584,1290423.914163828,1.290424
2026-06-23T08:59:52,idle,ue13,3789309,1345606.553973496,1.345607
2026-06-23T08:59:52,idle,ue14,3789318,1362585.7620483637,1.362586
2026-06-23T08:59:52,idle,ue15,3789327,1349851.3132789433,1.349851
2026-06-23T08:59:52,idle,ue16,3789336,1341361.6238149703,1.341362
2026-06-23T08:59:58,idle,cu_cp,3786797,589200.826044263,0.589201
2026-06-23T08:59:58,idle,cu_up,3786824,614634.004584843,0.614634
2026-06-23T08:59:58,idle,du1,3786985,4586441.2696349025,4.586441
2026-06-23T08:59:58,idle,du2,3787737,4709368.036460566,4.709368
2026-06-23T08:59:58,idle,du3,3788496,4755995.395506883,4.755995
2026-06-23T08:59:58,idle,du4,3789267,4709368.036460566,4.709368
2026-06-23T08:59:58,idle,ue1,3787045,1364911.2587303133,1.364911
2026-06-23T08:59:58,idle,ue2,3787053,1326761.6400689005,1.326762
2026-06-23T08:59:58,idle,ue3,3787063,1339478.1228038638,1.339478
2026-06-23T08:59:58,idle,ue4,3787071,1297089.591335869,1.297090
2026-06-23T08:59:58,idle,ue5,3787798,1343717.0356104462,1.343717
2026-06-23T08:59:58,idle,ue6,3787807,1309806.1592990935,1.309806
2026-06-23T08:59:58,idle,ue7,3787816,1335239.380453804,1.335239
2026-06-23T08:59:58,idle,ue8,3787824,1305567.4169490337,1.305567
2026-06-23T08:59:58,idle,ue9,3788557,1356433.603573671,1.356434
2026-06-23T08:59:58,idle,ue10,3788566,1314045.072105676,1.314045
2026-06-23T08:59:58,idle,ue11,3788575,1326761.6400689005,1.326762
2026-06-23T08:59:58,idle,ue12,3788584,1326761.6400689005,1.326762
2026-06-23T08:59:58,idle,ue13,3789309,1360672.4311519922,1.360672
2026-06-23T08:59:58,idle,ue14,3789318,1360672.4311519922,1.360672
2026-06-23T08:59:58,idle,ue15,3789327,1318283.8144557357,1.318284
2026-06-23T08:59:58,idle,ue16,3789336,1339478.1228038638,1.339478
2026-06-23T09:00:04,idle,cu_cp,3786797,602820.4867164874,0.602820
2026-06-23T09:00:04,idle,cu_up,3786824,612313.74054677,0.612314
2026-06-23T09:00:04,idle,du1,3786985,4656432.101146203,4.656432
2026-06-23T09:00:04,idle,du2,3787737,4680165.21437273,4.680165
2026-06-23T09:00:04,idle,du3,3788496,4775097.667278843,4.775098
2026-06-23T09:00:04,idle,du4,3789267,4708645.018561935,4.708645
2026-06-23T09:00:04,idle,ue1,3787045,1352786.002167964,1.352786
2026-06-23T09:00:04,idle,ue2,3787053,1319559.7632062244,1.319560
2026-06-23T09:00:04,idle,ue3,3787063,1310066.4666775847,1.310066
2026-06-23T09:00:04,idle,ue4,3787071,1305319.8611116218,1.305320
2026-06-23T09:00:04,idle,ue5,3787798,1390759.0174890948,1.390759
2026-06-23T09:00:04,idle,ue6,3787807,1324306.3687721873,1.324306
2026-06-23T09:00:04,idle,ue7,3787816,1338546.2708667899,1.338546
2026-06-23T09:00:04,idle,ue8,3787824,1343292.8764327527,1.343293
2026-06-23T09:00:04,idle,ue9,3788557,1343292.8764327527,1.343293
2026-06-23T09:00:04,idle,ue10,3788566,1291080.1298104478,1.291080
2026-06-23T09:00:04,idle,ue11,3788575,1319559.7632062244,1.319560
2026-06-23T09:00:04,idle,ue12,3788584,1314813.1576402616,1.314813
2026-06-23T09:00:04,idle,ue13,3789309,1352786.002167964,1.352786
2026-06-23T09:00:04,idle,ue14,3789318,1348039.3966020013,1.348039
2026-06-23T09:00:04,idle,ue15,3789327,1343292.8764327527,1.343293
2026-06-23T09:00:04,idle,ue16,3789336,1310066.4666775847,1.310066
2026-06-23T09:00:10,idle,cu_cp,3786797,591699.3793874723,0.591699
2026-06-23T09:00:10,idle,cu_up,3786824,611259.6549001801,0.611260
2026-06-23T09:00:10,idle,du1,3786985,4674914.293878231,4.674914
2026-06-23T09:00:10,idle,du2,3787737,4782495.766539836,4.782496
2026-06-23T09:00:10,idle,du3,3788496,4767825.751867602,4.767826
2026-06-23T09:00:10,idle,du4,3789267,4704254.664489005,4.704255
2026-06-23T09:00:10,idle,ue1,3787045,1364331.6698629416,1.364332
2026-06-23T09:00:10,idle,ue2,3787053,1315430.8531063073,1.315431
2026-06-23T09:00:10,idle,ue3,3787063,1330101.1237282706,1.330101
2026-06-23T09:00:10,idle,ue4,3787071,1310540.8482155628,1.310541
2026-06-23T09:00:10,idle,ue5,3787798,1339881.2188263363,1.339881
2026-06-23T09:00:10,idle,ue6,3787807,1286090.4824955338,1.286090
2026-06-23T09:00:10,idle,ue7,3787816,1305650.7580082417,1.305651
2026-06-23T09:00:10,idle,ue8,3787824,1305650.7580082417,1.305651
2026-06-23T09:00:10,idle,ue9,3788557,1359441.4943390442,1.359441
2026-06-23T09:00:10,idle,ue10,3788566,1359441.4943390442,1.359441
2026-06-23T09:00:10,idle,ue11,3788575,1330101.1237282706,1.330101
2026-06-23T09:00:10,idle,ue12,3788584,1364331.6698629416,1.364332
2026-06-23T09:00:10,idle,ue13,3789309,1330101.1237282706,1.330101
2026-06-23T09:00:10,idle,ue14,3789318,1364331.6698629416,1.364332
2026-06-23T09:00:10,idle,ue15,3789327,1334991.299252168,1.334991
2026-06-23T09:00:10,idle,ue16,3789336,1310540.8482155628,1.310541
2026-06-23T09:00:15,idle,cu_cp,3786797,603314.79332075,0.603315
2026-06-23T09:00:15,idle,cu_up,3786824,608219.7693521833,0.608220
2026-06-23T09:00:15,idle,du1,3786985,4635223.4246355845,4.635223
2026-06-23T09:00:15,idle,du2,3787737,4718608.53119266,4.718609
2026-06-23T09:00:15,idle,du3,3788496,4757848.339444127,4.757848
2026-06-23T09:00:15,idle,du4,3789267,4713703.383820324,4.713703
2026-06-23T09:00:15,idle,ue1,3787045,1368494.566712864,1.368495
2026-06-23T09:00:15,idle,ue2,3787053,1334159.5631519277,1.334160
2026-06-23T09:00:15,idle,ue3,3787063,1299824.6452614428,1.299825
2026-06-23T09:00:15,idle,ue4,3787071,1314539.5733557427,1.314540
2026-06-23T09:00:15,idle,ue5,3787798,1339064.4535129094,1.339064
2026-06-23T09:00:15,idle,ue6,3787807,1280204.5697948062,1.280205
2026-06-23T09:00:15,idle,ue7,3787816,1339064.4535129094,1.339064
2026-06-23T09:00:15,idle,ue8,3787824,1324349.5254186094,1.324350
2026-06-23T09:00:15,idle,ue9,3788557,1358684.528979546,1.358685
2026-06-23T09:00:15,idle,ue10,3788566,1363589.5050109793,1.363590
2026-06-23T09:00:15,idle,ue11,3788575,1314539.5733557427,1.314540
2026-06-23T09:00:15,idle,ue12,3788584,1334159.5631519277,1.334160
2026-06-23T09:00:15,idle,ue13,3789309,1383209.5804776156,1.383210
2026-06-23T09:00:15,idle,ue14,3789318,1368494.566712864,1.368495
2026-06-23T09:00:15,idle,ue15,3789327,1294919.5835595578,1.294920
2026-06-23T09:00:15,idle,ue16,3789336,1334159.5631519277,1.334160
2026-06-23T09:00:21,idle,cu_cp,3786797,587189.9962134361,0.587190
2026-06-23T09:00:21,idle,cu_up,3786824,605539.6782655811,0.605540
2026-06-23T09:00:21,idle,du1,3786985,4624121.241498909,4.624121
2026-06-23T09:00:21,idle,du2,3787737,4697519.969707489,4.697520
2026-06-23T09:00:21,idle,du3,3788496,4789268.976875,4.789269
2026-06-23T09:00:21,idle,du4,3789267,4743394.473291244,4.743394
2026-06-23T09:00:21,idle,ue1,3787045,1312002.7357265567,1.312003
2026-06-23T09:00:21,idle,ue2,3787053,1348702.0998308468,1.348702
2026-06-23T09:00:21,idle,ue3,3787063,1302827.7667918873,1.302828
2026-06-23T09:00:21,idle,ue4,3787071,1339527.2161685752,1.339527
2026-06-23T09:00:21,idle,ue5,3787798,1348702.0998308468,1.348702
2026-06-23T09:00:21,idle,ue6,3787807,1302827.7667918873,1.302828
2026-06-23T09:00:21,idle,ue7,3787816,1312002.7357265567,1.312003
2026-06-23T09:00:21,idle,ue8,3787824,1321177.4488440324,1.321177
2026-06-23T09:00:21,idle,ue9,3788557,1348702.0998308468,1.348702
2026-06-23T09:00:21,idle,ue10,3788566,1321177.4488440324,1.321177
2026-06-23T09:00:21,idle,ue11,3788575,1275303.3716222667,1.275303
2026-06-23T09:00:21,idle,ue12,3788584,1321177.4488440324,1.321177
2026-06-23T09:00:21,idle,ue13,3789309,1348702.0998308468,1.348702
2026-06-23T09:00:21,idle,ue14,3789318,1266128.4026875973,1.266128
2026-06-23T09:00:21,idle,ue15,3789327,1302827.7667918873,1.302828
2026-06-23T09:00:21,idle,ue16,3789336,1321177.4488440324,1.321177
2026-06-23T09:00:27,dl,cu_cp,3786797,567962.4285638166,0.567962
2026-06-23T09:00:27,dl,cu_up,3786824,603460.0697138608,0.603460
2026-06-23T09:00:27,dl,du1,3786985,4635993.51671269,4.635994
2026-06-23T09:00:27,dl,du2,3787737,4706988.628849668,4.706989
2026-06-23T09:00:27,dl,du3,3788496,4770884.195740328,4.770884
2026-06-23T09:00:27,dl,du4,3789267,4643093.06195901,4.643093
2026-06-23T09:00:27,dl,ue1,3787045,1334711.6986168134,1.334712
2026-06-23T09:00:27,dl,ue2,3787053,1320512.6932057284,1.320513
2026-06-23T09:00:27,dl,ue3,3787063,1285015.0520556844,1.285015
2026-06-23T09:00:27,dl,ue4,3787071,1306313.602713089,1.306314
2026-06-23T09:00:27,dl,ue5,3787798,1356010.249274218,1.356010
2026-06-23T09:00:27,dl,ue6,3787807,1341811.2438631332,1.341811
2026-06-23T09:00:27,dl,ue7,3787816,1299214.0574667691,1.299214
2026-06-23T09:00:27,dl,ue8,3787824,1313413.1479594088,1.313413
2026-06-23T09:00:27,dl,ue9,3788557,1341811.2438631332,1.341811
2026-06-23T09:00:27,dl,ue10,3788566,1306313.602713089,1.306314
2026-06-23T09:00:27,dl,ue11,3788575,1263716.5013982796,1.263717
2026-06-23T09:00:27,dl,ue12,3788584,1341811.2438631332,1.341811
2026-06-23T09:00:27,dl,ue13,3789309,1334711.6986168134,1.334712
2026-06-23T09:00:27,dl,ue14,3789318,1327612.1533704936,1.327612
2026-06-23T09:00:27,dl,ue15,3789327,1348910.7891094529,1.348911
2026-06-23T09:00:27,dl,ue16,3789336,1320512.6932057284,1.320513
2026-06-23T09:00:33,dl,cu_cp,3786797,655680.6863493461,0.655681
2026-06-23T09:00:33,dl,cu_up,3786824,1180225.2262155341,1.180225
2026-06-23T09:00:33,dl,du1,3786985,5552937.15732533,5.552937
2026-06-23T09:00:33,dl,du2,3787737,5693117.344360533,5.693117
2026-06-23T09:00:33,dl,du3,3788496,5932779.6741460655,5.932780
2026-06-23T09:00:33,dl,du4,3789267,5760946.312574015,5.760946
2026-06-23T09:00:33,dl,ue1,3787045,3260315.6731077433,3.260316
2026-06-23T09:00:33,dl,ue2,3787053,1713813.576301551,1.713814
2026-06-23T09:00:33,dl,ue3,3787063,1713813.576301551,1.713814
2026-06-23T09:00:33,dl,ue4,3787071,1713813.576301551,1.713814
2026-06-23T09:00:33,dl,ue5,3787798,2152441.4814481568,2.152441
2026-06-23T09:00:33,dl,ue6,3787807,2021305.2428321124,2.021305
2026-06-23T09:00:33,dl,ue7,3787816,2184095.0245165513,2.184095
2026-06-23T09:00:33,dl,ue8,3787824,1944432.5104652452,1.944433
2026-06-23T09:00:33,dl,ue9,3788557,2260967.941149192,2.260968
2026-06-23T09:00:33,dl,ue10,3788566,2220270.633927412,2.220271
2026-06-23T09:00:33,dl,ue11,3788575,2170529.1940207006,2.170529
2026-06-23T09:00:33,dl,ue12,3788584,2048436.9038238144,2.048437
2026-06-23T09:00:33,dl,ue13,3789309,2265489.823225884,2.265490
2026-06-23T09:00:33,dl,ue14,3789318,2111743.989960604,2.111744
2026-06-23T09:00:33,dl,ue15,3789327,2197660.8550124024,2.197661
2026-06-23T09:00:33,dl,ue16,3789336,2129831.7025331473,2.129832
2026-06-23T09:00:38,dl,cu_cp,3786797,714939.0805544979,0.714939
2026-06-23T09:00:38,dl,cu_up,3786824,1420653.1577907992,1.420653
2026-06-23T09:00:38,dl,du1,3786985,5913238.281287082,5.913238
2026-06-23T09:00:38,dl,du2,3787737,6157700.963747451,6.157701
2026-06-23T09:00:38,dl,du3,3788496,6379102.17772211,6.379102
2026-06-23T09:00:38,dl,du4,3789267,6176150.970383844,6.176151
2026-06-23T09:00:38,dl,ue1,3787045,4188159.446826825,4.188159
2026-06-23T09:00:38,dl,ue2,3787053,1895741.6794313777,1.895742
2026-06-23T09:00:38,dl,ue3,3787063,1895741.6794313777,1.895742
2026-06-23T09:00:38,dl,ue4,3787071,1932641.6927041637,1.932642
2026-06-23T09:00:38,dl,ue5,3787798,2541493.0460430775,2.541493
2026-06-23T09:00:38,dl,ue6,3787807,2523043.2284630085,2.523043
2026-06-23T09:00:38,dl,ue7,3787816,2601455.8511958406,2.601456
2026-06-23T09:00:38,dl,ue8,3787824,2638355.6754123033,2.638356
2026-06-23T09:00:38,dl,ue9,3788557,2523043.2284630085,2.523043
2026-06-23T09:00:38,dl,ue10,3788566,2527655.6355939447,2.527656
2026-06-23T09:00:38,dl,ue11,3788575,2583005.655503124,2.583006
2026-06-23T09:00:38,dl,ue12,3788584,2564555.8379230546,2.564556
2026-06-23T09:00:38,dl,ue13,3789309,2356992.6015664996,2.356993
2026-06-23T09:00:38,dl,ue14,3789318,2347767.787304627,2.347768
2026-06-23T09:00:38,dl,ue15,3789327,2403117.807213806,2.403118
2026-06-23T09:00:38,dl,ue16,3789336,2426180.4100374593,2.426180
2026-06-23T09:00:44,dl,cu_cp,3786797,701488.8680883187,0.701489
2026-06-23T09:00:44,dl,cu_up,3786824,1504720.4181293743,1.504720
2026-06-23T09:00:44,dl,du1,3786985,5906429.179721603,5.906429
2026-06-23T09:00:44,dl,du2,3787737,6366948.298584556,6.366948
2026-06-23T09:00:44,dl,du3,3788496,6447271.453588662,6.447271
2026-06-23T09:00:44,dl,du4,3789267,6168818.076944869,6.168818
2026-06-23T09:00:44,dl,ue1,3787045,4053642.040787487,4.053642
2026-06-23T09:00:44,dl,ue2,3787053,1852787.3284094823,1.852787
2026-06-23T09:00:44,dl,ue3,3787063,1874206.9500957965,1.874207
2026-06-23T09:00:44,dl,ue4,3787071,1900981.335097165,1.900981
2026-06-23T09:00:44,dl,ue5,3787798,2543566.3856546436,2.543566
2026-06-23T09:00:44,dl,ue6,3787807,2543566.3856546436,2.543566
2026-06-23T09:00:44,dl,ue7,3787816,2623889.730134115,2.623890
2026-06-23T09:00:44,dl,ue8,3787824,2709567.6484532747,2.709568
2026-06-23T09:00:44,dl,ue9,3788557,2522147.1429190612,2.522147
2026-06-23T09:00:44,dl,ue10,3788566,2484663.0418122183,2.484663
2026-06-23T09:00:44,dl,ue11,3788575,2570340.7706560125,2.570341
2026-06-23T09:00:44,dl,ue12,3788584,2607824.871762855,2.607825
2026-06-23T09:00:44,dl,ue13,3789309,2377565.3123313785,2.377565
2026-06-23T09:00:44,dl,ue14,3789318,2334726.4479094814,2.334726
2026-06-23T09:00:44,dl,ue15,3789327,2409694.650123167,2.409695
2026-06-23T09:00:44,dl,ue16,3789336,2506082.284547801,2.506082
2026-06-23T09:00:50,dl,cu_cp,3786797,733627.6857213735,0.733628
2026-06-23T09:00:50,dl,cu_up,3786824,1445678.1369656145,1.445678
2026-06-23T09:00:50,dl,du1,3786985,5847443.965710712,5.847444
2026-06-23T09:00:50,dl,du2,3787737,6214258.379737687,6.214258
2026-06-23T09:00:50,dl,du3,3788496,6376087.685913372,6.376088
2026-06-23T09:00:50,dl,du4,3789267,6332933.026570344,6.332933
2026-06-23T09:00:50,dl,ue1,3787045,4040346.5562882423,4.040347
2026-06-23T09:00:50,dl,ue2,3787053,1871829.3984370113,1.871829
2026-06-23T09:00:50,dl,ue3,3787063,1877223.8736464619,1.877224
2026-06-23T09:00:50,dl,ue4,3787071,1898801.203317976,1.898801
2026-06-23T09:00:50,dl,ue5,3787798,2454416.1572353123,2.454416
2026-06-23T09:00:50,dl,ue6,3787807,2465204.917265451,2.465205
2026-06-23T09:00:50,dl,ue7,3787816,2524542.4310705424,2.524542
2026-06-23T09:00:50,dl,ue8,3787824,2594668.704905772,2.594669
2026-06-23T09:00:50,dl,ue9,3788557,2556908.330383432,2.556908
2026-06-23T09:00:50,dl,ue10,3788566,2524542.4310705424,2.524542
2026-06-23T09:00:50,dl,ue11,3788575,2556908.330383432,2.556908
2026-06-23T09:00:50,dl,ue12,3788584,2637823.1738600372,2.637823
2026-06-23T09:00:50,dl,ue13,3789309,2643217.458680725,2.643217
2026-06-23T09:00:50,dl,ue14,3789318,2600062.799337697,2.600063
2026-06-23T09:00:50,dl,ue15,3789327,2589274.0393075584,2.589274
2026-06-23T09:00:50,dl,ue16,3789336,2761892.486290908,2.761892
2026-06-23T09:00:56,dl,cu_cp,3786797,697074.901934979,0.697075
2026-06-23T09:00:56,dl,cu_up,3786824,1333534.7076122165,1.333535
2026-06-23T09:00:56,dl,du1,3786985,5970598.444278555,5.970598
2026-06-23T09:00:56,dl,du2,3787737,6465623.057328987,6.465623
2026-06-23T09:00:56,dl,du3,3788496,6556544.982287292,6.556545
2026-06-23T09:00:56,dl,du4,3789267,6293879.597145004,6.293880
2026-06-23T09:00:56,dl,ue1,3787045,4061219.219094391,4.061219
2026-06-23T09:00:56,dl,ue2,3787053,1838661.3410994387,1.838661
2026-06-23T09:00:56,dl,ue3,3787063,1899276.7251285028,1.899277
2026-06-23T09:00:56,dl,ue4,3787071,1959891.9173100186,1.959892
2026-06-23T09:00:56,dl,ue5,3787798,2667069.415224433,2.667069
2026-06-23T09:00:56,dl,ue6,3787807,2606454.0311953686,2.606454
2026-06-23T09:00:56,dl,ue7,3787816,2737787.10746161,2.737787
2026-06-23T09:00:56,dl,ue8,3787824,2757992.2994204806,2.757992
2026-06-23T09:00:56,dl,ue9,3788557,2505428.64694366,2.505429
2026-06-23T09:00:56,dl,ue10,3788566,2566044.030972724,2.566044
2026-06-23T09:00:56,dl,ue11,3788575,2626659.22315424,2.626659
2026-06-23T09:00:56,dl,ue12,3788584,2737787.10746161,2.737787
2026-06-23T09:00:56,dl,ue13,3789309,2475121.146776676,2.475121
2026-06-23T09:00:56,dl,ue14,3789318,2434710.954706483,2.434711
2026-06-23T09:00:56,dl,ue15,3789327,2475121.146776676,2.475121
2026-06-23T09:00:56,dl,ue16,3789336,2626659.22315424,2.626659
2026-06-23T09:01:02,dl,cu_cp,3786797,675377.1973225486,0.675377
2026-06-23T09:01:02,dl,cu_up,3786824,1320737.5474175352,1.320738
2026-06-23T09:01:02,dl,du1,3786985,5935814.679829802,5.935815
2026-06-23T09:01:02,dl,du2,3787737,6190957.546467075,6.190958
2026-06-23T09:01:02,dl,du3,3788496,6318528.214535415,6.318528
2026-06-23T09:01:02,dl,du4,3789267,6446099.647854052,6.446100
2026-06-23T09:01:02,dl,ue1,3787045,4059766.8457185314,4.059767
2026-06-23T09:01:02,dl,ue2,3787053,1928576.9102202845,1.928577
2026-06-23T09:01:02,dl,ue3,3787063,1921072.8658118963,1.921073
2026-06-23T09:01:02,dl,ue4,3787071,1913568.630090934,1.913569
2026-06-23T09:01:02,dl,ue5,3787798,2528912.1329583586,2.528912
2026-06-23T09:01:02,dl,ue6,3787807,2558928.8845296334,2.558929
2026-06-23T09:01:02,dl,ue7,3787816,2566433.1202505957,2.566433
2026-06-23T09:01:02,dl,ue8,3787824,2678996.0821273075,2.678996
2026-06-23T09:01:02,dl,ue9,3788557,2528912.1329583586,2.528912
2026-06-23T09:01:02,dl,ue10,3788566,2483887.101257733,2.483887
2026-06-23T09:01:02,dl,ue11,3788575,2476382.865536771,2.476383
2026-06-23T09:01:02,dl,ue12,3788584,2566433.1202505957,2.566433
2026-06-23T09:01:02,dl,ue13,3789309,2603954.298855407,2.603954
2026-06-23T09:01:02,dl,ue14,3789318,2596450.063134445,2.596450
2026-06-23T09:01:02,dl,ue15,3789327,2641475.0948350704,2.641475
2026-06-23T09:01:02,dl,ue16,3789336,2716516.878106971,2.716517
2026-06-23T09:01:08,dl,cu_cp,3786797,667592.7616073323,0.667593
2026-06-23T09:01:08,dl,cu_up,3786824,1421472.9523663903,1.421473
2026-06-23T09:01:08,dl,du1,3786985,5876632.885645599,5.876633
2026-06-23T09:01:08,dl,du2,3787737,6239948.43726326,6.239948
2026-06-23T09:01:08,dl,du3,3788496,6421606.404505005,6.421606
2026-06-23T09:01:08,dl,du4,3789267,6407981.741097565,6.407982
2026-06-23T09:01:08,dl,ue1,3787045,3982849.0844476316,3.982849
2026-06-23T09:01:08,dl,ue2,3787053,1880159.1377905274,1.880159
2026-06-23T09:01:08,dl,ue3,3787063,1884700.5008267593,1.884701
2026-06-23T09:01:08,dl,ue4,3787071,1875617.5833213807,1.875618
2026-06-23T09:01:08,dl,ue5,3787798,2515961.83170372,2.515962
2026-06-23T09:01:08,dl,ue6,3787807,2547751.9472560883,2.547752
2026-06-23T09:01:08,dl,ue7,3787816,2538669.0297507094,2.538669
2026-06-23T09:01:08,dl,ue8,3787824,2674912.4094655607,2.674912
2026-06-23T09:01:08,dl,ue9,3788557,2479630.1616822053,2.479630
2026-06-23T09:01:08,dl,ue10,3788566,2479630.1616822053,2.479630
2026-06-23T09:01:08,dl,ue11,3788575,2497795.805260048,2.497796
2026-06-23T09:01:08,dl,ue12,3788584,2661288.1289239503,2.661288
2026-06-23T09:01:08,dl,ue13,3789309,2565917.782266846,2.565918
2026-06-23T09:01:08,dl,ue14,3789318,2584083.617277603,2.584084
2026-06-23T09:01:08,dl,ue15,3789327,2629498.013371582,2.629498
2026-06-23T09:01:08,dl,ue16,3789336,2724868.3600286865,2.724868
2026-06-23T09:01:14,dl,cu_cp,3786797,718667.9840635568,0.718668
2026-06-23T09:01:14,dl,cu_up,3786824,1422363.6885576218,1.422364
2026-06-23T09:01:14,dl,du1,3786985,5874112.6456563445,5.874113
2026-06-23T09:01:14,dl,du2,3787737,6268381.876946268,6.268382
2026-06-23T09:01:14,dl,du3,3788496,6383169.194171033,6.383169
2026-06-23T09:01:14,dl,du4,3789267,6213483.295260258,6.213483
2026-06-23T09:01:14,dl,ue1,3787045,4147313.116171341,4.147313
2026-06-23T09:01:14,dl,ue2,3787053,1926429.4134259438,1.926429
2026-06-23T09:01:14,dl,ue3,3787063,1951383.2446033645,1.951383
2026-06-23T09:01:14,dl,ue4,3787071,1926429.4134259438,1.926429
2026-06-23T09:01:14,dl,ue5,3787798,2485393.432925867,2.485393
2026-06-23T09:01:14,dl,ue6,3787807,2490384.1608874295,2.490384
2026-06-23T09:01:14,dl,ue7,3787816,2525319.25661837,2.525319
2026-06-23T09:01:14,dl,ue8,3787824,2610162.2060737573,2.610162
2026-06-23T09:01:14,dl,ue9,3788557,2420513.586686337,2.420514
2026-06-23T09:01:14,dl,ue10,3788566,2515337.800695244,2.515338
2026-06-23T09:01:14,dl,ue11,3788575,2430495.233979069,2.430495
2026-06-23T09:01:14,dl,ue12,3788584,2535301.0952807083,2.535301
2026-06-23T09:01:14,dl,ue13,3789309,2590199.294227506,2.590199
2026-06-23T09:01:14,dl,ue14,3789318,2505356.536141725,2.505357
2026-06-23T09:01:14,dl,ue15,3789327,2585208.374896337,2.585208
2026-06-23T09:01:14,dl,ue16,3789336,2665060.4050205555,2.665060
2026-06-23T09:01:20,dl,cu_cp,3786797,696800.5612986302,0.696801
2026-06-23T09:01:20,dl,cu_up,3786824,1420608.8628886384,1.420609
2026-06-23T09:01:20,dl,du1,3786985,5893096.113087662,5.893096
2026-06-23T09:01:20,dl,du2,3787737,6276606.695499402,6.276607
2026-06-23T09:01:20,dl,du3,3788496,6352228.559822166,6.352229
2026-06-23T09:01:20,dl,du4,3789267,6265803.024862129,6.265803
2026-06-23T09:01:20,dl,ue1,3787045,4051166.2143931673,4.051166
2026-06-23T09:01:20,dl,ue2,3787053,1922953.4068289876,1.922953
2026-06-23T09:01:20,dl,ue3,3787063,1890544.118479334,1.890544
2026-06-23T09:01:20,dl,ue4,3787071,1868937.926246232,1.868938
2026-06-23T09:01:20,dl,ue5,3787798,2479313.718612453,2.479314
2026-06-23T09:01:20,dl,ue6,3787807,2511722.8154551997,2.511723
2026-06-23T09:01:20,dl,ue7,3787816,2571139.939849684,2.571140
2026-06-23T09:01:20,dl,ue8,3787824,2592746.1320827864,2.592746
2026-06-23T09:01:20,dl,ue9,3788557,2484715.170917275,2.484715
2026-06-23T09:01:20,dl,ue10,3788566,2500919.7193386485,2.500920
2026-06-23T09:01:20,dl,ue11,3788575,2544132.103804853,2.544132
2026-06-23T09:01:20,dl,ue12,3788584,2657564.9002890005,2.657565
2026-06-23T09:01:20,dl,ue13,3789309,2490116.8147290037,2.490117
2026-06-23T09:01:20,dl,ue14,3789318,2468510.430988995,2.468510
2026-06-23T09:01:20,dl,ue15,3789327,2517124.6507738354,2.517125
2026-06-23T09:01:20,dl,ue16,3789336,2560336.8437331333,2.560337
2026-06-23T09:01:26,dl,cu_cp,3786797,740232.6678583985,0.740233
2026-06-23T09:01:26,dl,cu_up,3786824,1443453.7477984214,1.443454
2026-06-23T09:01:26,dl,du1,3786985,6045233.877010402,6.045234
2026-06-23T09:01:26,dl,du2,3787737,6193280.611627435,6.193281
2026-06-23T09:01:26,dl,du3,3788496,6304315.088174915,6.304315
2026-06-23T09:01:26,dl,du4,3789267,6403012.655957251,6.403013
2026-06-23T09:01:26,dl,ue1,3787045,4157640.4997761776,4.157640
2026-06-23T09:01:26,dl,ue2,3787053,1949279.4528340674,1.949279
2026-06-23T09:01:26,dl,ue3,3787063,1924605.0608884834,1.924605
2026-06-23T09:01:26,dl,ue4,3787071,1887593.3772342252,1.887593
2026-06-23T09:01:26,dl,ue5,3787798,2467442.258106623,2.467442
2026-06-23T09:01:26,dl,ue6,3787807,2492116.8415239714,2.492117
2026-06-23T09:01:26,dl,ue7,3787816,2566139.825888958,2.566140
2026-06-23T09:01:26,dl,ue8,3787824,2578477.3090693974,2.578477
2026-06-23T09:01:26,dl,ue9,3788557,2504453.941760881,2.504454
2026-06-23T09:01:26,dl,ue10,3788566,2566139.825888958,2.566140
2026-06-23T09:01:26,dl,ue11,3788575,2529128.3337064646,2.529128
2026-06-23T09:01:26,dl,ue12,3788584,2640163.1931974743,2.640163
2026-06-23T09:01:26,dl,ue13,3789309,2516791.0419977903,2.516791
2026-06-23T09:01:26,dl,ue14,3789318,2504453.941760881,2.504454
2026-06-23T09:01:26,dl,ue15,3789327,2578477.3090693974,2.578477
2026-06-23T09:01:26,dl,ue16,3789336,2578477.3090693974,2.578477
2026-06-23T09:01:31,dl,cu_cp,3786797,725991.3967249632,0.725991
2026-06-23T09:01:31,dl,cu_up,3786824,1460523.8360954493,1.460524
2026-06-23T09:01:31,dl,du1,3786985,6072704.164879489,6.072704
2026-06-23T09:01:31,dl,du2,3787737,6243525.782439744,6.243526
2026-06-23T09:01:31,dl,du3,3788496,6328936.400057423,6.328936
2026-06-23T09:01:31,dl,du4,3789267,6234985.026537895,6.234985
2026-06-23T09:01:31,dl,ue1,3787045,4210749.795144868,4.210750
2026-06-23T09:01:31,dl,ue2,3787053,1972988.4020325423,1.972988
2026-06-23T09:01:31,dl,ue3,3787063,1981529.5402592898,1.981530
2026-06-23T09:01:31,dl,ue4,3787071,1921741.9549969553,1.921742
2026-06-23T09:01:31,dl,ue5,3787798,2451288.5106438696,2.451289
2026-06-23T09:01:31,dl,ue6,3787807,2425665.4782885252,2.425665
2026-06-23T09:01:31,dl,ue7,3787816,2519617.2341329516,2.519617
2026-06-23T09:01:31,dl,ue8,3787824,2545240.457650745,2.545240
2026-06-23T09:01:31,dl,ue9,3788557,2442747.5635795714,2.442748
2026-06-23T09:01:31,dl,ue10,3788566,2493993.819452709,2.493994
2026-06-23T09:01:31,dl,ue11,3788575,2536699.3194239973,2.536699
2026-06-23T09:01:31,dl,ue12,3788584,2553781.5958774923,2.553782
2026-06-23T09:01:31,dl,ue13,3789309,2485452.8723884104,2.485453
2026-06-23T09:01:31,dl,ue14,3789318,2485452.8723884104,2.485453
2026-06-23T09:01:31,dl,ue15,3789327,2511076.095906204,2.511076
2026-06-23T09:01:31,dl,ue16,3789336,2579404.819395286,2.579405
2026-06-23T09:01:37,dl,cu_cp,3786797,717212.938888733,0.717213
2026-06-23T09:01:37,dl,cu_up,3786824,1334560.8314254135,1.334561
2026-06-23T09:01:37,dl,du1,3786985,5860265.920664298,5.860266
2026-06-23T09:01:37,dl,du2,3787737,6155321.739431727,6.155322
2026-06-23T09:01:37,dl,du3,3788496,6300579.60779171,6.300580
2026-06-23T09:01:37,dl,du4,3789267,6146243.098854268,6.146243
2026-06-23T09:01:37,dl,ue1,3787045,4044536.6625343324,4.044537
2026-06-23T09:01:37,dl,ue2,3787053,1942830.0357747138,1.942830
2026-06-23T09:01:37,dl,ue3,3787063,1938290.715485984,1.938291
2026-06-23T09:01:37,dl,ue4,3787071,1911054.9841932892,1.911055
2026-06-23T09:01:37,dl,ue5,3787798,2496627.682318783,2.496628
2026-06-23T09:01:37,dl,ue6,3787807,2532942.054188937,2.532942
2026-06-23T09:01:37,dl,ue7,3787816,2555638.6556325853,2.555639
2026-06-23T09:01:37,dl,ue8,3787824,2551099.3353438554,2.551099
2026-06-23T09:01:37,dl,ue9,3788557,2464852.249857992,2.464852
2026-06-23T09:01:37,dl,ue10,3788566,2510245.643184972,2.510246
2026-06-23T09:01:37,dl,ue11,3788575,2551099.3353438554,2.551099
2026-06-23T09:01:37,dl,ue12,3788584,2591953.4083821056,2.591953
2026-06-23T09:01:37,dl,ue13,3789309,2405841.086104506,2.405841
2026-06-23T09:01:37,dl,ue14,3789318,2487548.8513016403,2.487549
2026-06-23T09:01:37,dl,ue15,3789327,2473930.890435451,2.473931
2026-06-23T09:01:37,dl,ue16,3789336,2528402.733900207,2.528403
2026-06-23T09:01:43,dl,cu_cp,3786797,692557.1271174103,0.692557
2026-06-23T09:01:43,dl,cu_up,3786824,1403339.5245619023,1.403340
2026-06-23T09:01:43,dl,du1,3786985,6014311.7579439925,6.014312
2026-06-23T09:01:43,dl,du2,3787737,6264908.081191659,6.264908
2026-06-23T09:01:43,dl,du3,3788496,6151000.904147203,6.151001
2026-06-23T09:01:43,dl,du4,3789267,6351478.115245297,6.351478
2026-06-23T09:01:43,dl,ue1,3787045,4086998.1896028565,4.086998
2026-06-23T09:01:43,dl,ue2,3787053,1895419.5358936943,1.895420
2026-06-23T09:01:43,dl,ue3,3787063,1922757.2507593655,1.922757
2026-06-23T09:01:43,dl,ue4,3787071,1899975.8534754645,1.899976
2026-06-23T09:01:43,dl,ue5,3787798,2433062.532418239,2.433063
2026-06-23T09:01:43,dl,ue6,3787807,2464956.564865681,2.464957
2026-06-23T09:01:43,dl,ue7,3787816,2528744.8203855157,2.528745
2026-06-23T09:01:43,dl,ue8,3787824,2651765.013843415,2.651765
2026-06-23T09:01:43,dl,ue9,3788557,2442175.16758178,2.442175
2026-06-23T09:01:43,dl,ue10,3788566,2510519.550058434,2.510520
2026-06-23T09:01:43,dl,ue11,3788575,2542413.773130827,2.542414
2026-06-23T09:01:43,dl,ue12,3788584,2583420.4407418096,2.583420
2026-06-23T09:01:43,dl,ue13,3789309,2446731.4851635504,2.446731
2026-06-23T09:01:43,dl,ue14,3789318,2551526.2176694167,2.551526
2026-06-23T09:01:43,dl,ue15,3789327,2515075.8676402043,2.515076
2026-06-23T09:01:43,dl,ue16,3789336,2660877.4583820044,2.660877
2026-06-23T09:01:49,dl,cu_cp,3786797,700840.9486237738,0.700841
2026-06-23T09:01:49,dl,cu_up,3786824,1396290.826623289,1.396291
2026-06-23T09:01:49,dl,du1,3786985,5967930.467282645,5.967930
2026-06-23T09:01:49,dl,du2,3787737,6372261.91056917,6.372262
2026-06-23T09:01:49,dl,du3,3788496,6086534.403172045,6.086534
2026-06-23T09:01:49,dl,du4,3789267,6366870.457789199,6.366870
2026-06-23T09:01:49,dl,ue1,3787045,4005575.7920282935,4.005576
2026-06-23T09:01:49,dl,ue2,3787053,1940790.392757318,1.940790
2026-06-23T09:01:49,dl,ue3,3787063,1903052.7073096526,1.903053
2026-06-23T09:01:49,dl,ue4,3787071,1892270.5660611356,1.892271
2026-06-23T09:01:49,dl,ue5,3787798,2533809.6900486015,2.533810
2026-06-23T09:01:49,dl,ue6,3787807,2560765.0431698943,2.560765
2026-06-23T09:01:49,dl,ue7,3787816,2533809.6900486015,2.533810
2026-06-23T09:01:49,dl,ue8,3787824,2598502.7286175597,2.598503
2026-06-23T09:01:49,dl,ue9,3788557,2431379.157109834,2.431379
2026-06-23T09:01:49,dl,ue10,3788566,2549982.901921377,2.549983
2026-06-23T09:01:49,dl,ue11,3788575,2544591.8312971187,2.544592
2026-06-23T09:01:49,dl,ue12,3788584,2657804.696562259,2.657805
2026-06-23T09:01:49,dl,ue13,3789309,2490681.1250545336,2.490681
2026-06-23T09:01:49,dl,ue14,3789318,2528418.619424343,2.528419
2026-06-23T09:01:49,dl,ue15,3789327,2544591.8312971187,2.544592
2026-06-23T09:01:49,dl,ue16,3789336,2555373.972545636,2.555374
2026-06-23T09:01:55,dl,cu_cp,3786797,717073.2482990741,0.717073
2026-06-23T09:01:55,dl,cu_up,3786824,1450321.1262575984,1.450321
2026-06-23T09:01:55,dl,du1,3786985,5909114.988486433,5.909115
2026-06-23T09:01:55,dl,du2,3787737,6329654.026341105,6.329654
2026-06-23T09:01:55,dl,du3,3788496,6178691.578066826,6.178692
2026-06-23T09:01:55,dl,du4,3789267,6405135.440948391,6.405135
2026-06-23T09:01:55,dl,ue1,3787045,3930424.2456830502,3.930424
2026-06-23T09:01:55,dl,ue2,3787053,1892426.4322266101,1.892426
2026-06-23T09:01:55,dl,ue3,3787063,1870860.2593473434,1.870860
2026-06-23T09:01:55,dl,ue4,3787071,1843902.6384833336,1.843903
2026-06-23T09:01:55,dl,ue5,3787798,2436970.678431845,2.436971
2026-06-23T09:01:55,dl,ue6,3787807,2410013.057567835,2.410013
2026-06-23T09:01:55,dl,ue7,3787816,2566367.3347671507,2.566367
2026-06-23T09:01:55,dl,ue8,3787824,2631065.8534049513,2.631066
2026-06-23T09:01:55,dl,ue9,3788557,2356097.815839815,2.356098
2026-06-23T09:01:55,dl,ue10,3788566,2507060.645054388,2.507061
2026-06-23T09:01:55,dl,ue11,3788575,2474711.576205635,2.474712
2026-06-23T09:01:55,dl,ue12,3788584,2571758.782751894,2.571759
2026-06-23T09:01:55,dl,ue13,3789309,2555584.438797665,2.555584
2026-06-23T09:01:55,dl,ue14,3789318,2517843.541023874,2.517844
2026-06-23T09:01:55,dl,ue15,3789327,2555584.438797665,2.555584
2026-06-23T09:01:55,dl,ue16,3789336,2738896.3368609906,2.738896
2026-06-23T09:02:01,dl,cu_cp,3786797,678022.9852089643,0.678023
2026-06-23T09:02:01,dl,cu_up,3786824,1325686.7726647854,1.325687
2026-06-23T09:02:01,dl,du1,3786985,5859333.142425728,5.859333
2026-06-23T09:02:01,dl,du2,3787737,6193284.697523117,6.193285
2026-06-23T09:02:01,dl,du3,3788496,6132566.30201683,6.132566
2026-06-23T09:02:01,dl,du4,3789267,6324841.221120072,6.324841
2026-06-23T09:02:01,dl,ue1,3787045,3896101.982553291,3.896102
2026-06-23T09:02:01,dl,ue2,3787053,1882272.7294781685,1.882273
2026-06-23T09:02:01,dl,ue3,3787063,1851913.5317250253,1.851914
2026-06-23T09:02:01,dl,ue4,3787071,1851913.5317250253,1.851914
2026-06-23T09:02:01,dl,ue5,3787798,2448978.513829136,2.448979
2026-06-23T09:02:01,dl,ue6,3787807,2479337.7115822793,2.479338
2026-06-23T09:02:01,dl,ue7,3787816,2479337.7115822793,2.479338
2026-06-23T09:02:01,dl,ue8,3787824,2529936.374504185,2.529936
2026-06-23T09:02:01,dl,ue9,3788557,2438858.781244755,2.438859
2026-06-23T09:02:01,dl,ue10,3788566,2560295.572257328,2.560296
2026-06-23T09:02:01,dl,ue11,3788575,2580535.2273324965,2.580535
2026-06-23T09:02:01,dl,ue12,3788584,2540056.296994972,2.540056
2026-06-23T09:02:01,dl,ue13,3789309,2570415.4947481155,2.570415
2026-06-23T09:02:01,dl,ue14,3789318,2540056.296994972,2.540056
2026-06-23T09:02:01,dl,ue15,3789327,2560295.572257328,2.560296
2026-06-23T09:02:01,dl,ue16,3789336,2580535.2273324965,2.580535
2026-06-23T09:02:07,dl,cu_cp,3786797,708456.4505957168,0.708456
2026-06-23T09:02:07,dl,cu_up,3786824,1416912.9011914337,1.416913
2026-06-23T09:02:07,dl,du1,3786985,5840997.077393052,5.840997
2026-06-23T09:02:07,dl,du2,3787737,6180151.641414621,6.180152
2026-06-23T09:02:07,dl,du3,3788496,6202761.542006586,6.202762
2026-06-23T09:02:07,dl,du4,3789267,6217835.439811864,6.217835
2026-06-23T09:02:07,dl,ue1,3787045,3934194.229367888,3.934194
2026-06-23T09:02:07,dl,ue2,3787053,1876655.80930737,1.876656
2026-06-23T09:02:07,dl,ue3,3787063,1823898.3023280394,1.823898
2026-06-23T09:02:07,dl,ue4,3787071,1816361.7318717814,1.816362
2026-06-23T09:02:07,dl,ue5,3787798,2449450.301838226,2.449450
2026-06-23T09:02:07,dl,ue6,3787807,2517281.328176454,2.517281
2026-06-23T09:02:07,dl,ue7,3787816,2487134.28945866,2.487134
2026-06-23T09:02:07,dl,ue8,3787824,2547428.366894249,2.547428
2026-06-23T09:02:07,dl,ue9,3788557,2517281.328176454,2.517281
2026-06-23T09:02:07,dl,ue10,3788566,2517281.328176454,2.517281
2026-06-23T09:02:07,dl,ue11,3788575,2539891.41799161,2.539891
2026-06-23T09:02:07,dl,ue12,3788584,2615259.393232477,2.615259
2026-06-23T09:02:07,dl,ue13,3789309,2487134.28945866,2.487134
2026-06-23T09:02:07,dl,ue14,3789318,2509744.379273815,2.509744
2026-06-23T09:02:07,dl,ue15,3789327,2464523.8211971237,2.464524
2026-06-23T09:02:07,dl,ue16,3789336,2592648.92497094,2.592649
2026-06-23T09:02:13,dl,cu_cp,3786797,658318.0269497922,0.658318
2026-06-23T09:02:13,dl,cu_up,3786824,1402898.4672840787,1.402898
2026-06-23T09:02:13,dl,du1,3786985,5888541.692081158,5.888542
2026-06-23T09:02:13,dl,du2,3787737,6142788.526295521,6.142789
2026-06-23T09:02:13,dl,du3,3788496,6292612.175067645,6.292612
2026-06-23T09:02:13,dl,du4,3789267,6342553.896035378,6.342554
2026-06-23T09:02:13,dl,ue1,3787045,4022550.3982310058,4.022550
2026-06-23T09:02:13,dl,ue2,3787053,1875071.348662852,1.875071
2026-06-23T09:02:13,dl,ue3,3787063,1847830.616425599,1.847831
2026-06-23T09:02:13,dl,ue4,3787071,1779728.7858324659,1.779729
2026-06-23T09:02:13,dl,ue5,3787798,2419886.3719406854,2.419886
2026-06-23T09:02:13,dl,ue6,3787807,2487988.2025338183,2.487988
2026-06-23T09:02:13,dl,ue7,3787816,2419886.3719406854,2.419886
2026-06-23T09:02:13,dl,ue8,3787824,2506148.690691987,2.506149
2026-06-23T09:02:13,dl,ue9,3788557,2433506.738059312,2.433507
2026-06-23T09:02:13,dl,ue10,3788566,2556090.2223933362,2.556090
2026-06-23T09:02:13,dl,ue11,3788575,2565170.277206036,2.565170
2026-06-23T09:02:13,dl,ue12,3788584,2615111.619641,2.615112
2026-06-23T09:02:13,dl,ue13,3789309,2519769.0568106137,2.519769
2026-06-23T09:02:13,dl,ue14,3789318,2565170.277206036,2.565170
2026-06-23T09:02:13,dl,ue15,3789327,2492528.324573361,2.492528
2026-06-23T09:02:13,dl,ue16,3789336,2633272.1077991687,2.633272
2026-06-23T09:02:19,dl,cu_cp,3786797,666462.1142816991,0.666462
2026-06-23T09:02:19,dl,cu_up,3786824,1439171.8352922737,1.439172
2026-06-23T09:02:19,dl,du1,3786985,5795322.387604868,5.795322
2026-06-23T09:02:19,dl,du2,3787737,6302413.564497292,6.302414
2026-06-23T09:02:19,dl,du3,3788496,6215483.6700679185,6.215484
2026-06-23T09:02:19,dl,du4,3789267,6239630.526819873,6.239631
2026-06-23T09:02:19,dl,ue1,3787045,3945648.8823257564,3.945649
2026-06-23T09:02:19,dl,ue2,3787053,1830356.1711428403,1.830356
2026-06-23T09:02:19,dl,ue3,3787063,1830356.1711428403,1.830356
2026-06-23T09:02:19,dl,ue4,3787071,1719279.0417982817,1.719279
2026-06-23T09:02:19,dl,ue5,3787798,2516135.903183234,2.516136
2026-06-23T09:02:19,dl,ue6,3787807,2569259.8956292868,2.569260
2026-06-23T09:02:19,dl,ue7,3787816,2559600.8503979207,2.559601
2026-06-23T09:02:19,dl,ue8,3787824,2641701.2222116115,2.641701
2026-06-23T09:02:19,dl,ue9,3788557,2405058.9629202904,2.405059
2026-06-23T09:02:19,dl,ue10,3788566,2467841.622434479,2.467842
2026-06-23T09:02:19,dl,ue11,3788575,2443694.5766009092,2.443695
2026-06-23T09:02:19,dl,ue12,3788584,2559600.8503979207,2.559601
2026-06-23T09:02:19,dl,ue13,3789309,2496818.3799653472,2.496818
2026-06-23T09:02:19,dl,ue14,3789318,2549941.9942481695,2.549942
2026-06-23T09:02:19,dl,ue15,3789327,2574089.2291633547,2.574089
2026-06-23T09:02:19,dl,ue16,3789336,2598236.274996924,2.598236
2026-06-23T09:02:24,dl,cu_cp,3786797,692435.7651931823,0.692436
2026-06-23T09:02:24,dl,cu_up,3786824,1454651.9974802793,1.454652
2026-06-23T09:02:24,dl,du1,3786985,5818607.989921117,5.818608
2026-06-23T09:02:24,dl,du2,3787737,6124568.0561041115,6.124568
2026-06-23T09:02:24,dl,du3,3788496,6285599.888706779,6.285600
2026-06-23T09:02:24,dl,du4,3789267,6285599.888706779,6.285600
2026-06-23T09:02:24,dl,ue1,3787045,4159982.6464826344,4.159983
2026-06-23T09:02:24,dl,ue2,3787053,1932378.9675078392,1.932379
2026-06-23T09:02:24,dl,ue3,3787063,1867966.4612460851,1.867966
2026-06-23T09:02:24,dl,ue4,3787071,1857231.1065300466,1.857231
2026-06-23T09:02:24,dl,ue5,3787798,2394002.9999527214,2.394003
2026-06-23T09:02:24,dl,ue6,3787807,2463783.372555256,2.463783
2026-06-23T09:02:24,dl,ue7,3787816,2490621.7593453526,2.490622
2026-06-23T09:02:24,dl,ue8,3787824,2533563.7451577904,2.533564
2026-06-23T09:02:24,dl,ue9,3788557,2458415.6951972367,2.458416
2026-06-23T09:02:24,dl,ue10,3788566,2490621.7593453526,2.490622
2026-06-23T09:02:24,dl,ue11,3788575,2474518.7272712947,2.474519
2026-06-23T09:02:24,dl,ue12,3788584,2597976.062436783,2.597976
2026-06-23T09:02:24,dl,ue13,3789309,2544299.0998738287,2.544299
2026-06-23T09:02:24,dl,ue14,3789318,2517460.5241009714,2.517461
2026-06-23T09:02:24,dl,ue15,3789327,2555034.4545898675,2.555034
2026-06-23T09:02:24,dl,ue16,3789336,2662388.757681298,2.662389
2026-06-23T09:02:30,dl,cu_cp,3786797,705341.5169693652,0.705342
2026-06-23T09:02:30,dl,cu_up,3786824,1397374.763114922,1.397375
2026-06-23T09:02:30,dl,du1,3786985,5842357.0479558585,5.842357
2026-06-23T09:02:30,dl,du2,3787737,6188373.7890625,6.188374
2026-06-23T09:02:30,dl,du3,3788496,6281532.156964609,6.281532
2026-06-23T09:02:30,dl,du4,3789267,6055290.514261875,6.055291
2026-06-23T09:02:30,dl,ue1,3787045,3952574.470245314,3.952574
2026-06-23T09:02:30,dl,ue2,3787053,1836549.6832694924,1.836550
2026-06-23T09:02:30,dl,ue3,3787063,1809932.9527676953,1.809933
2026-06-23T09:02:30,dl,ue4,3787071,1783316.4111200785,1.783316
2026-06-23T09:02:30,dl,ue5,3787798,2515274.4225235153,2.515274
2026-06-23T09:02:30,dl,ue6,3787807,2555199.3294220306,2.555199
2026-06-23T09:02:30,dl,ue7,3787816,2648357.8861783207,2.648358
2026-06-23T09:02:30,dl,ue8,3787824,2581816.0599238276,2.581816
2026-06-23T09:02:30,dl,ue9,3788557,2528582.787774414,2.528583
2026-06-23T09:02:30,dl,ue10,3788566,2515274.4225235153,2.515274
2026-06-23T09:02:30,dl,ue11,3788575,2408807.8782246877,2.408808
2026-06-23T09:02:30,dl,ue12,3788584,2648357.8861783207,2.648358
2026-06-23T09:02:30,dl,ue13,3789309,2581816.0599238276,2.581816
2026-06-23T09:02:30,dl,ue14,3789318,2515274.4225235153,2.515274
2026-06-23T09:02:30,dl,ue15,3789327,2501966.246126797,2.501966
2026-06-23T09:02:30,dl,ue16,3789336,2501966.246126797,2.501966
2026-06-23T09:02:36,dl,cu_cp,3786797,711862.0996267152,0.711862
2026-06-23T09:02:36,dl,cu_up,3786824,1281351.6287684608,1.281352
2026-06-23T09:02:36,dl,du1,3786985,5730489.845535197,5.730490
2026-06-23T09:02:36,dl,du2,3787737,6380063.54565073,6.380064
2026-06-23T09:02:36,dl,du3,3788496,6139810.279931235,6.139810
2026-06-23T09:02:36,dl,du4,3789267,6175403.704851777,6.175404
2026-06-23T09:02:36,dl,ue1,3787045,3870750.237295089,3.870750
2026-06-23T09:02:36,dl,ue2,3787053,1833044.8218490016,1.833045
2026-06-23T09:02:36,dl,ue3,3787063,1859739.7964396416,1.859740
2026-06-23T09:02:36,dl,ue4,3787071,1815248.2975882636,1.815248
2026-06-23T09:02:36,dl,ue5,3787798,2491517.16049397,2.491517
2026-06-23T09:02:36,dl,ue6,3787807,2527110.397214979,2.527110
2026-06-23T09:02:36,dl,ue7,3787816,2544907.10967525,2.544907
2026-06-23T09:02:36,dl,ue8,3787824,2758465.589003638,2.758466
2026-06-23T09:02:36,dl,ue9,3788557,2384737.826730009,2.384738
2026-06-23T09:02:36,dl,ue10,3788566,2366941.490668805,2.366941
2026-06-23T09:02:36,dl,ue11,3788575,2411432.801320649,2.411433
2026-06-23T09:02:36,dl,ue12,3788584,2571601.7078668238,2.571602
2026-06-23T09:02:36,dl,ue13,3789309,2464822.374102863,2.464822
2026-06-23T09:02:36,dl,ue14,3789318,2482618.898363601,2.482619
2026-06-23T09:02:36,dl,ue15,3789327,2544907.10967525,2.544907
2026-06-23T09:02:36,dl,ue16,3789336,2562703.2575369217,2.562703
2026-06-23T09:02:42,dl,cu_cp,3786797,685090.663616463,0.685091
2026-06-23T09:02:42,dl,cu_up,3786824,1452392.1615640318,1.452392
2026-06-23T09:02:42,dl,du1,3786985,5836972.729604721,5.836973
2026-06-23T09:02:42,dl,du2,3787737,6371342.728042508,6.371343
2026-06-23T09:02:42,dl,du3,3788496,6254877.355811529,6.254877
2026-06-23T09:02:42,dl,du4,3789267,6412448.286779528,6.412448
2026-06-23T09:02:42,dl,ue1,3787045,3905016.754299545,3.905017
2026-06-23T09:02:42,dl,ue2,3787053,1849744.8578311347,1.849745
2026-06-23T09:02:42,dl,ue3,3787063,1842893.9313749648,1.842894
2026-06-23T09:02:42,dl,ue4,3787071,1822341.1520064545,1.822341
2026-06-23T09:02:42,dl,ue5,3787798,2719810.0638592984,2.719810
2026-06-23T09:02:42,dl,ue6,3787807,2836275.2473283196,2.836275
2026-06-23T09:02:42,dl,ue7,3787816,2774617.286746702,2.774617
2026-06-23T09:02:42,dl,ue8,3787824,2212842.827436409,2.212843
2026-06-23T09:02:42,dl,ue9,3788557,2466326.3512668754,2.466326
2026-06-23T09:02:42,dl,ue10,3788566,2521133.574154279,2.521134
2026-06-23T09:02:42,dl,ue11,3788575,2404668.2019233014,2.404668
2026-06-23T09:02:42,dl,ue12,3788584,2548537.4687409163,2.548537
2026-06-23T09:02:42,dl,ue13,3789309,2555388.2064351295,2.555388
2026-06-23T09:02:42,dl,ue14,3789318,2569090.05934747,2.569090
2026-06-23T09:02:42,dl,ue15,3789327,2548537.4687409163,2.548537
2026-06-23T09:02:42,dl,ue16,3789336,2712959.137403128,2.712959
2026-06-23T09:02:48,dl,cu_cp,3786797,684269.6083688927,0.684270
2026-06-23T09:02:48,dl,cu_up,3786824,1418058.6769086933,1.418059
2026-06-23T09:02:48,dl,du1,3786985,5789281.374240761,5.789281
2026-06-23T09:02:48,dl,du2,3787737,6275472.575139694,6.275473
2026-06-23T09:02:48,dl,du3,3788496,6234956.421314545,6.234956
2026-06-23T09:02:48,dl,du4,3789267,6275472.575139694,6.275473
2026-06-23T09:02:48,dl,ue1,3787045,3979568.1495835497,3.979568
2026-06-23T09:02:48,dl,ue2,3787053,1832222.0100757407,1.832222
2026-06-23T09:02:48,dl,ue3,3787063,1841225.4108858872,1.841225
2026-06-23T09:02:48,dl,ue4,3787071,1809713.0357284355,1.809713
2026-06-23T09:02:48,dl,ue5,3787798,2534498.7979224776,2.534499
2026-06-23T09:02:48,dl,ue6,3787807,2575014.5738900756,2.575015
2026-06-23T09:02:48,dl,ue7,3787816,2520993.224385319,2.520993
2026-06-23T09:02:48,dl,ue8,3787824,2511989.6346463966,2.511990
2026-06-23T09:02:48,dl,ue9,3788557,2493982.644097328,2.493983
2026-06-23T09:02:48,dl,ue10,3788566,2453466.6792009543,2.453467
2026-06-23T09:02:48,dl,ue11,3788575,2430957.7048536493,2.430958
2026-06-23T09:02:48,dl,ue12,3788584,2584018.1636289977,2.584018
2026-06-23T09:02:48,dl,ue13,3789309,2534498.7979224776,2.534499
2026-06-23T09:02:48,dl,ue14,3789318,2606526.9490475273,2.606527
2026-06-23T09:02:48,dl,ue15,3789327,2606526.9490475273,2.606527
2026-06-23T09:02:48,dl,ue16,3789336,2638039.324204979,2.638039
2026-06-23T09:02:54,dl,cu_cp,3786797,717095.3798183858,0.717095
2026-06-23T09:02:54,dl,cu_up,3786824,1429031.7655560516,1.429032
2026-06-23T09:02:54,dl,du1,3786985,5876055.126192927,5.876055
2026-06-23T09:02:54,dl,du2,3787737,6195910.877863569,6.195911
2026-06-23T09:02:54,dl,du3,3788496,6278453.6543546915,6.278454
2026-06-23T09:02:54,dl,du4,3789267,6211387.48383893,6.211387
2026-06-23T09:02:54,dl,ue1,3787045,4091055.2148013925,4.091055
2026-06-23T09:02:54,dl,ue2,3787053,1852066.4581740953,1.852066
2026-06-23T09:02:54,dl,ue3,3787063,1852066.4581740953,1.852066
2026-06-23T09:02:54,dl,ue4,3787071,1810794.8817951346,1.810795
2026-06-23T09:02:54,dl,ue5,3787798,2491777.58524858,2.491778
2026-06-23T09:02:54,dl,ue6,3787807,2548526.1438697004,2.548526
2026-06-23T09:02:54,dl,ue7,3787816,2512413.3734380603,2.512413
2026-06-23T09:02:54,dl,ue8,3787824,2594956.5261959815,2.594957
2026-06-23T09:02:54,dl,ue9,3788557,2440188.0207081796,2.440188
2026-06-23T09:02:54,dl,ue10,3788566,2424711.0384660196,2.424711
2026-06-23T09:02:54,dl,ue11,3788575,2409234.05622386,2.409234
2026-06-23T09:02:54,dl,ue12,3788584,2584638.726167941,2.584639
2026-06-23T09:02:54,dl,ue13,3789309,2476300.60300642,2.476301
2026-06-23T09:02:54,dl,ue14,3789318,2538208.1557082604,2.538208
2026-06-23T09:02:54,dl,ue15,3789327,2517572.3675187803,2.517572
2026-06-23T09:02:54,dl,ue16,3789336,2574320.738006501,2.574321
2026-06-23T09:03:00,dl,cu_cp,3786797,710482.0018294752,0.710482
2026-06-23T09:03:00,dl,cu_up,3786824,1410359.7630795478,1.410360
2026-06-23T09:03:00,dl,du1,3786985,5837617.267815972,5.837617
2026-06-23T09:03:00,dl,du2,3787737,6240576.716240874,6.240577
2026-06-23T09:03:00,dl,du3,3788496,6192858.05703166,6.192858
2026-06-23T09:03:00,dl,du4,3789267,6198160.130277128,6.198160
2026-06-23T09:03:00,dl,ue1,3787045,3971276.1947952462,3.971276
2026-06-23T09:03:00,dl,ue2,3787053,1866340.6966668605,1.866341
2026-06-23T09:03:00,dl,ue3,3787063,1813319.5878583146,1.813320
2026-06-23T09:03:00,dl,ue4,3787071,1797413.3681219101,1.797413
2026-06-23T09:03:00,dl,ue5,3787798,2454874.4022755385,2.454874
2026-06-23T09:03:00,dl,ue6,3787807,2470780.810188875,2.470781
2026-06-23T09:03:00,dl,ue7,3787816,2481384.768502879,2.481385
2026-06-23T09:03:00,dl,ue8,3787824,2539707.9505568934,2.539708
2026-06-23T09:03:00,dl,ue9,3788557,2545010.0238023615,2.545010
2026-06-23T09:03:00,dl,ue10,3788566,2513197.5843295525,2.513198
2026-06-23T09:03:00,dl,ue11,3788575,2460176.4755210066,2.460176
2026-06-23T09:03:00,dl,ue12,3788584,2587426.986119971,2.587427
2026-06-23T09:03:00,dl,ue13,3789309,2412457.439957929,2.412457
2026-06-23T09:03:00,dl,ue14,3789318,2497290.9882392837,2.497291
2026-06-23T09:03:00,dl,ue15,3789327,2502593.249661684,2.502593
2026-06-23T09:03:00,dl,ue16,3789336,2582124.724697571,2.582125
2026-06-23T09:03:06,dl,cu_cp,3786797,635086.5482580343,0.635087
2026-06-23T09:03:06,dl,cu_up,3786824,1383581.5451677435,1.383582
2026-06-23T09:03:06,dl,du1,3786985,5965277.644003987,5.965278
2026-06-23T09:03:06,dl,du2,3787737,6112708.080052423,6.112708
2026-06-23T09:03:06,dl,du3,3788496,6316843.400838971,6.316843
2026-06-23T09:03:06,dl,du4,3789267,6305502.423891349,6.305502
2026-06-23T09:03:06,dl,ue1,3787045,4105381.1994357943,4.105381
2026-06-23T09:03:06,dl,ue2,3787053,1916600.5745494198,1.916601
2026-06-23T09:03:06,dl,ue3,3787063,1871237.232826594,1.871237
2026-06-23T09:03:06,dl,ue4,3787071,1871237.232826594,1.871237
2026-06-23T09:03:06,dl,ue5,3787798,2483642.2517401315,2.483642
2026-06-23T09:03:06,dl,ue6,3787807,2449619.6982757067,2.449620
2026-06-23T09:03:06,dl,ue7,3787816,2517664.6165153347,2.517665
2026-06-23T09:03:06,dl,ue8,3787824,2631073.06516701,2.631073
2026-06-23T09:03:06,dl,ue9,3788557,2540346.193032137,2.540346
2026-06-23T09:03:06,dl,ue10,3788566,2449619.6982757067,2.449620
2026-06-23T09:03:06,dl,ue11,3788575,2449619.6982757067,2.449620
2026-06-23T09:03:06,dl,ue12,3788584,2585709.912133405,2.585710
2026-06-23T09:03:06,dl,ue13,3789309,2551687.1699797595,2.551687
2026-06-23T09:03:06,dl,ue14,3789318,2540346.193032137,2.540346
2026-06-23T09:03:06,dl,ue15,3789327,2574368.746496562,2.574369
2026-06-23T09:03:06,dl,ue16,3789336,2619732.2769086086,2.619732
2026-06-23T09:03:12,dl,cu_cp,3786797,665774.4342165589,0.665774
2026-06-23T09:03:12,dl,cu_up,3786824,1379677.168963015,1.379677
2026-06-23T09:03:12,dl,du1,3786985,5807478.666126013,5.807479
2026-06-23T09:03:12,dl,du2,3787737,6272718.499210119,6.272718
2026-06-23T09:03:12,dl,du3,3788496,6160419.100124598,6.160419
2026-06-23T09:03:12,dl,du4,3789267,6152397.233375311,6.152397
2026-06-23T09:03:12,dl,ue1,3787045,3778069.4867830276,3.778069
2026-06-23T09:03:12,dl,ue2,3787053,1812831.6866375208,1.812832
2026-06-23T09:03:12,dl,ue3,3787063,1772724.7851204872,1.772725
2026-06-23T09:03:12,dl,ue4,3787071,1756681.98709476,1.756682
2026-06-23T09:03:12,dl,ue5,3787798,2438499.3128843307,2.438499
2026-06-23T09:03:12,dl,ue6,3787807,2406413.716832876,2.406414
2026-06-23T09:03:12,dl,ue7,3787816,2502670.1307981014,2.502670
2026-06-23T09:03:12,dl,ue8,3787824,2430477.8203241825,2.430478
2026-06-23T09:03:12,dl,ue9,3788557,2494648.8253325224,2.494649
2026-06-23T09:03:12,dl,ue10,3788566,2478606.027306795,2.478606
2026-06-23T09:03:12,dl,ue11,3788575,2470584.721841216,2.470585
2026-06-23T09:03:12,dl,ue12,3788584,2526734.421383977,2.526734
2026-06-23T09:03:12,dl,ue13,3789309,2438499.3128843307,2.438499
2026-06-23T09:03:12,dl,ue14,3789318,2462563.229281068,2.462563
2026-06-23T09:03:12,dl,ue15,3789327,2518712.9288238287,2.518713
2026-06-23T09:03:12,dl,ue16,3789336,2590905.426392317,2.590905
2026-06-23T09:03:18,dl,cu_cp,3786797,669835.0701944161,0.669835
2026-06-23T09:03:18,dl,cu_up,3786824,1326362.0597057533,1.326362
2026-06-23T09:03:18,dl,du1,3786985,5691380.239169541,5.691380
2026-06-23T09:03:18,dl,du2,3787737,6374523.202890014,6.374523
2026-06-23T09:03:18,dl,du3,3788496,6183775.013410492,6.183775
2026-06-23T09:03:18,dl,du4,3789267,6099491.095081558,6.099491
2026-06-23T09:03:18,dl,ue1,3787045,4001266.2512033843,4.001266
2026-06-23T09:03:18,dl,ue2,3787053,1880861.4288175965,1.880861
2026-06-23T09:03:18,dl,ue3,3787063,1783269.5233840942,1.783270
2026-06-23T09:03:18,dl,ue4,3787071,1787705.519085617,1.787706
2026-06-23T09:03:18,dl,ue5,3787798,2444232.5085969544,2.444233
2026-06-23T09:03:18,dl,ue6,3787807,2377692.5730741117,2.377693
2026-06-23T09:03:18,dl,ue7,3787816,2484156.46991066,2.484156
2026-06-23T09:03:18,dl,ue8,3787824,2479720.474209137,2.479720
2026-06-23T09:03:18,dl,ue9,3788557,2461976.678560066,2.461977
2026-06-23T09:03:18,dl,ue10,3788566,2435360.517193909,2.435361
2026-06-23T09:03:18,dl,ue11,3788575,2444232.5085969544,2.444233
2026-06-23T09:03:18,dl,ue12,3788584,2564004.3925380707,2.564004
2026-06-23T09:03:18,dl,ue13,3789309,2391000.5601786803,2.391001
2026-06-23T09:03:18,dl,ue14,3789318,2386564.564477158,2.386565
2026-06-23T09:03:18,dl,ue15,3789327,2399872.551581726,2.399873
2026-06-23T09:03:18,dl,ue16,3789336,2532952.422627411,2.532952
2026-06-23T09:03:24,dl,cu_cp,3786797,657789.2096806258,0.657789
2026-06-23T09:03:24,dl,cu_up,3786824,1431386.5012168318,1.431387
2026-06-23T09:03:24,dl,du1,3786985,5901573.951053667,5.901574
2026-06-23T09:03:24,dl,du2,3787737,6466716.6012959005,6.466717
2026-06-23T09:03:24,dl,du3,3788496,6337011.324128223,6.337011
2026-06-23T09:03:24,dl,du4,3789267,6063704.9837896945,6.063705
2026-06-23T09:03:24,dl,ue1,3787045,4085704.956310451,4.085705
2026-06-23T09:03:24,dl,ue2,3787053,1917779.8812866986,1.917780
2026-06-23T09:03:24,dl,ue3,3787063,1857559.7350941538,1.857560
2026-06-23T09:03:24,dl,ue4,3787071,1843662.8216438412,1.843663
2026-06-23T09:03:24,dl,ue5,3787798,2371747.036018574,2.371747
2026-06-23T09:03:24,dl,ue6,3787807,2441231.9790858505,2.441232
2026-06-23T09:03:24,dl,ue7,3787816,2501451.9373705387,2.501452
2026-06-23T09:03:24,dl,ue8,3787824,2547775.170112771,2.547775
2026-06-23T09:03:24,dl,ue9,3788557,2473658.1104699136,2.473658
2026-06-23T09:03:24,dl,ue10,3788566,2478290.227045494,2.478290
2026-06-23T09:03:24,dl,ue11,3788575,2515349.038728708,2.515349
2026-06-23T09:03:24,dl,ue12,3788584,2654318.5490475474,2.654319
2026-06-23T09:03:24,dl,ue13,3789309,2362482.4270516993,2.362482
2026-06-23T09:03:24,dl,ue14,3789318,2418070.2687608064,2.418070
2026-06-23T09:03:24,dl,ue15,3789327,2394908.7463436187,2.394909
2026-06-23T09:03:24,dl,ue16,3789336,2506084.241853976,2.506084
2026-06-23T09:03:29,dl,cu_cp,3786797,644542.5520782727,0.644543
2026-06-23T09:03:29,dl,cu_up,3786824,1325470.4721267307,1.325470
2026-06-23T09:03:29,dl,du1,3786985,5665736.66809596,5.665737
2026-06-23T09:03:29,dl,du2,3787737,5343465.689942937,5.343466
2026-06-23T09:03:29,dl,du3,3788496,6154341.752105856,6.154342
2026-06-23T09:03:29,dl,du4,3789267,6102362.550254431,6.102363
2026-06-23T09:03:29,dl,ue1,3787045,3914036.5391415595,3.914037
2026-06-23T09:03:29,dl,ue2,3787053,1850460.8324495459,1.850461
2026-06-23T09:03:29,dl,ue3,3787063,1777689.9131946445,1.777690
2026-06-23T09:03:29,dl,ue4,3787071,1798481.4472835897,1.798481
2026-06-23T09:03:29,dl,ue5,3787798,1548981.2050709366,1.548981
2026-06-23T09:03:29,dl,ue6,3787807,1569772.922474413,1.569773
2026-06-23T09:03:29,dl,ue7,3787816,1517793.7206229877,1.517794
2026-06-23T09:03:29,dl,ue8,3787824,1590564.639877889,1.590565
2026-06-23T09:03:29,dl,ue9,3788557,2489805.4551769495,2.489805
2026-06-23T09:03:29,dl,ue10,3788566,2479409.504817946,2.479410
2026-06-23T09:03:29,dl,ue11,3788575,2474211.6212957096,2.474212
2026-06-23T09:03:29,dl,ue12,3788584,2541784.6570283747,2.541785
2026-06-23T09:03:29,dl,ue13,3789309,2417034.535922048,2.417035
2026-06-23T09:03:29,dl,ue14,3789318,2474211.6212957096,2.474212
2026-06-23T09:03:29,dl,ue15,3789327,2469013.921088004,2.469014
2026-06-23T09:03:29,dl,ue16,3789336,2536586.7735061385,2.536587
2026-06-23T09:03:35,dl,cu_cp,3786797,604556.3284264255,0.604556
2026-06-23T09:03:35,dl,cu_up,3786824,1164514.173451824,1.164514
2026-06-23T09:03:35,dl,du1,3786985,5500471.030710583,5.500471
2026-06-23T09:03:35,dl,du2,3787737,3711579.3166085817,3.711579
2026-06-23T09:03:35,dl,du3,3788496,5891945.8768948745,5.891946
2026-06-23T09:03:35,dl,du4,3789267,5916722.8413311,5.916723
2026-06-23T09:03:35,dl,ue1,3787045,3771043.610582085,3.771044
2026-06-23T09:03:35,dl,ue2,3787053,1783936.706832075,1.783937
2026-06-23T09:03:35,dl,ue3,3787063,1729427.5954090976,1.729428
2026-06-23T09:03:35,dl,ue4,3787071,1744293.6689024735,1.744294
2026-06-23T09:03:35,dl,ue5,3787798,227947.44618513464,0.227947
2026-06-23T09:03:35,dl,ue6,3787807,213081.30696153402,0.213081
2026-06-23T09:03:35,dl,ue7,3787816,89196.82986408501,0.089197
2026-06-23T09:03:35,dl,ue8,3787824,198215.18964800835,0.198215
2026-06-23T09:03:35,dl,ue9,3788557,2428136.204648552,2.428136
2026-06-23T09:03:35,dl,ue10,3788566,2398403.5318200015,2.398404
2026-06-23T09:03:35,dl,ue11,3788575,2373626.9179449747,2.373627
2026-06-23T09:03:35,dl,ue12,3788584,2443002.102861328,2.443002
2026-06-23T09:03:35,dl,ue13,3789309,2333983.880015373,2.333984
2026-06-23T09:03:35,dl,ue14,3789318,2413269.9558745767,2.413270
2026-06-23T09:03:35,dl,ue15,3789327,2408314.4227628517,2.408314
2026-06-23T09:03:35,dl,ue16,3789336,2447957.635973053,2.447958
2026-06-23T09:03:41,dl,cu_cp,3786797,629675.9595809453,0.629676
2026-06-23T09:03:41,dl,cu_up,3786824,1146574.19022056,1.146574
2026-06-23T09:03:41,dl,du1,3786985,5450926.366185031,5.450926
2026-06-23T09:03:41,dl,du2,3787737,3684074.579265671,3.684075
2026-06-23T09:03:41,dl,du3,3788496,5855046.999165535,5.855047
2026-06-23T09:03:41,dl,du4,3789267,5920833.745150204,5.920834
2026-06-23T09:03:41,dl,ue1,3787045,3787453.9015641166,3.787454
2026-06-23T09:03:41,dl,ue2,3787053,1785648.2501192093,1.785648
2026-06-23T09:03:41,dl,ue3,3787063,1766852.1370052814,1.766852
2026-06-23T09:03:41,dl,ue4,3787071,1729259.385648544,1.729259
2026-06-23T09:03:41,dl,ue5,3787798,225555.56728451222,0.225556
2026-06-23T09:03:41,dl,ue6,3787807,197361.1350491795,0.197361
2026-06-23T09:03:41,dl,ue7,3787816,84583.34046673834,0.084583
2026-06-23T09:03:41,dl,ue8,3787824,197361.1350491795,0.197361
2026-06-23T09:03:41,dl,ue9,3788557,2434120.6291392636,2.434121
2026-06-23T09:03:41,dl,ue10,3788566,2377731.5896256375,2.377732
2026-06-23T09:03:41,dl,ue11,3788575,2415324.340982375,2.415324
2026-06-23T09:03:41,dl,ue12,3788584,2434120.6291392636,2.434121
2026-06-23T09:03:41,dl,ue13,3789309,2424722.397539339,2.424722
2026-06-23T09:03:41,dl,ue14,3789318,2434120.6291392636,2.434121
2026-06-23T09:03:41,dl,ue15,3789327,2424722.397539339,2.424722
2026-06-23T09:03:41,dl,ue16,3789336,2518703.8383237813,2.518704
2026-06-23T09:03:47,dl,cu_cp,3786797,623351.525331676,0.623352
2026-06-23T09:03:47,dl,cu_up,3786824,1168784.137443304,1.168784
2026-06-23T09:03:47,dl,du1,3786985,5680999.315226555,5.680999
2026-06-23T09:03:47,dl,du2,3787737,3810944.6953172684,3.810945
2026-06-23T09:03:47,dl,du3,3788496,5985591.422556877,5.985591
2026-06-23T09:03:47,dl,du4,3789267,5907672.77282238,5.907673
2026-06-23T09:03:47,dl,ue1,3787045,3895946.890601635,3.895947
2026-06-23T09:03:47,dl,ue2,3787053,1770884.982211113,1.770885
2026-06-23T09:03:47,dl,ue3,3787063,1799219.1644105911,1.799219
2026-06-23T09:03:47,dl,ue4,3787071,1735467.2544617653,1.735467
2026-06-23T09:03:47,dl,ue5,3787798,226673.28193879128,0.226673
2026-06-23T09:03:47,dl,ue6,3787807,212506.21279618144,0.212506
2026-06-23T09:03:47,dl,ue7,3787816,77918.9406664595,0.077919
2026-06-23T09:03:47,dl,ue8,3787824,212506.21279618144,0.212506
2026-06-23T09:03:47,dl,ue9,3788557,2422570.6458280087,2.422571
2026-06-23T09:03:47,dl,ue10,3788566,2436737.7369277477,2.436738
2026-06-23T09:03:47,dl,ue11,3788575,2365902.2814290524,2.365902
2026-06-23T09:03:47,dl,ue12,3788584,2521740.283526182,2.521740
2026-06-23T09:03:47,dl,ue13,3789309,2302150.5471372604,2.302151
2026-06-23T09:03:47,dl,ue14,3789318,2422570.6458280087,2.422571
2026-06-23T09:03:47,dl,ue15,3789327,2408403.7303853035,2.408404
2026-06-23T09:03:47,dl,ue16,3789336,2557158.01127553,2.557158
2026-06-23T09:03:53,dl,cu_cp,3786797,626429.35408919,0.626429
2026-06-23T09:03:53,dl,cu_up,3786824,1171891.5909185081,1.171892
2026-06-23T09:03:53,dl,du1,3786985,5650648.507924902,5.650649
2026-06-23T09:03:53,dl,du2,3787737,3758576.2127165557,3.758576
2026-06-23T09:03:53,dl,du3,3788496,6038437.568489075,6.038438
2026-06-23T09:03:53,dl,du4,3789267,5957470.803954864,5.957471
2026-06-23T09:03:53,dl,ue1,3787045,3831020.4198344946,3.831020
2026-06-23T09:03:53,dl,ue2,3787053,1798320.989098406,1.798321
2026-06-23T09:03:53,dl,ue3,3787063,1742922.4259015024,1.742922
2026-06-23T09:03:53,dl,ue4,3787071,1755706.7911144018,1.755707
2026-06-23T09:03:53,dl,ue5,3787798,230116.92043065504,0.230117
2026-06-23T09:03:53,dl,ue6,3787807,208809.77734794543,0.208810
2026-06-23T09:03:53,dl,ue7,3787816,89489.91166369748,0.089490
2026-06-23T09:03:53,dl,ue8,3787824,208809.77734794543,0.208810
2026-06-23T09:03:53,dl,ue9,3788557,2492933.227506691,2.492933
2026-06-23T09:03:53,dl,ue10,3788566,2450319.029522687,2.450319
2026-06-23T09:03:53,dl,ue11,3788575,2394920.4663257836,2.394920
2026-06-23T09:03:53,dl,ue12,3788584,2620775.9978215336,2.620776
2026-06-23T09:03:53,dl,ue13,3789309,2305430.4389239787,2.305430
2026-06-23T09:03:53,dl,ue14,3789318,2514240.3264986933,2.514240
2026-06-23T09:03:53,dl,ue15,3789327,2475887.583585656,2.475888
2026-06-23T09:03:53,dl,ue16,3789336,2492933.227506691,2.492933
2026-06-23T09:03:59,dl,cu_cp,3786797,629675.8942459524,0.629676
2026-06-23T09:03:59,dl,cu_up,3786824,1180091.9103599787,1.180092
2026-06-23T09:03:59,dl,du1,3786985,5574613.249119019,5.574613
2026-06-23T09:03:59,dl,du2,3787737,3681181.907037449,3.681182
2026-06-23T09:03:59,dl,du3,3788496,6014945.357297897,6.014945
2026-06-23T09:03:59,dl,du4,3789267,5896055.804367137,5.896056
2026-06-23T09:03:59,dl,ue1,3787045,3826491.8304277183,3.826492
2026-06-23T09:03:59,dl,ue2,3787053,1765734.4704633832,1.765734
2026-06-23T09:03:59,dl,ue3,3787063,1739314.4523600459,1.739314
2026-06-23T09:03:59,dl,ue4,3787071,1734911.057283461,1.734911
2026-06-23T09:03:59,dl,ue5,3787798,224569.71343315244,0.224570
2026-06-23T09:03:59,dl,ue6,3787807,206956.39739394188,0.206956
2026-06-23T09:03:59,dl,ue7,3787816,88066.55817379206,0.088067
2026-06-23T09:03:59,dl,ue8,3787824,206956.39739394188,0.206956
2026-06-23T09:03:59,dl,ue9,3788557,2443846.9177503823,2.443847
2026-06-23T09:03:59,dl,ue10,3788566,2523106.9720603945,2.523107
2026-06-23T09:03:59,dl,ue11,3788575,2448250.3128269673,2.448250
2026-06-23T09:03:59,dl,ue12,3788584,2562736.823037314,2.562737
2026-06-23T09:03:59,dl,ue13,3789309,2329360.2313619494,2.329360
2026-06-23T09:03:59,dl,ue14,3789318,2492283.558880472,2.492284
2026-06-23T09:03:59,dl,ue15,3789327,2439443.522673798,2.439444
2026-06-23T09:03:59,dl,ue16,3789336,2448250.3128269673,2.448250
2026-06-23T09:04:04,dl,cu_cp,3786797,615880.8897669527,0.615881
2026-06-23T09:04:04,dl,cu_up,3786824,1152293.288945747,1.152293
2026-06-23T09:04:04,dl,du1,3786985,5547894.382911479,5.547894
2026-06-23T09:04:04,dl,du2,3787737,3774753.741481149,3.774754
2026-06-23T09:04:04,dl,du3,3788496,5875701.884660452,5.875702
2026-06-23T09:04:04,dl,du4,3789267,5850868.036169605,5.850868
2026-06-23T09:04:04,dl,ue1,3787045,3809521.1293683336,3.809521
2026-06-23T09:04:04,dl,ue2,3787053,1778107.5865459503,1.778108
2026-06-23T09:04:04,dl,ue3,3787063,1758240.5077532732,1.758241
2026-06-23T09:04:04,dl,ue4,3787071,1748306.9683569348,1.748307
2026-06-23T09:04:04,dl,ue5,3787798,218538.37104461686,0.218538
2026-06-23T09:04:04,dl,ue6,3787807,203638.0180957465,0.203638
2026-06-23T09:04:04,dl,ue7,3787816,84435.28221350894,0.084435
2026-06-23T09:04:04,dl,ue8,3787824,203638.0180957465,0.203638
2026-06-23T09:04:04,dl,ue9,3788557,2473457.098464149,2.473457
2026-06-23T09:04:04,dl,ue10,3788566,2453589.8442540215,2.453590
2026-06-23T09:04:04,dl,ue11,3788575,2359221.0445713555,2.359221
2026-06-23T09:04:04,dl,ue12,3788584,2488357.4075586568,2.488357
2026-06-23T09:04:04,dl,ue13,3789309,2354254.2748731864,2.354254
2026-06-23T09:04:04,dl,ue14,3789318,2438689.535159514,2.438690
2026-06-23T09:04:04,dl,ue15,3789327,2458556.613952191,2.458557
2026-06-23T09:04:04,dl,ue16,3789336,2448623.0745558525,2.448623
2026-06-23T09:04:10,dl,cu_cp,3786797,625356.1653576589,0.625356
2026-06-23T09:04:10,dl,cu_up,3786824,1166338.939106667,1.166339
2026-06-23T09:04:10,dl,du1,3786985,5523979.533878832,5.523980
2026-06-23T09:04:10,dl,du2,3787737,3737247.4822339537,3.737247
2026-06-23T09:04:10,dl,du3,3788496,5881326.014498539,5.881326
2026-06-23T09:04:10,dl,du4,3789267,5906142.157229919,5.906142
2026-06-23T09:04:10,dl,ue1,3787045,3801768.3989745714,3.801768
2026-06-23T09:04:10,dl,ue2,3787053,1761916.260367155,1.761916
2026-06-23T09:04:10,dl,ue3,3787063,1781768.8230986022,1.781769
2026-06-23T09:04:10,dl,ue4,3787071,1761916.260367155,1.761916
2026-06-23T09:04:10,dl,ue5,3787798,218378.365772748,0.218378
2026-06-23T09:04:10,dl,ue6,3787807,198525.78107544722,0.198526
2026-06-23T09:04:10,dl,ue7,3787816,84373.452014748,0.084373
2026-06-23T09:04:10,dl,ue8,3787824,198525.78107544722,0.198526
2026-06-23T09:04:10,dl,ue9,3788557,2451793.0788751887,2.451793
2026-06-23T09:04:10,dl,ue10,3788566,2426977.463324294,2.426977
2026-06-23T09:04:10,dl,ue11,3788575,2426977.463324294,2.426977
2026-06-23T09:04:10,dl,ue12,3788584,2471645.8173334645,2.471646
2026-06-23T09:04:10,dl,ue13,3789309,2342604.1595790577,2.342604
2026-06-23T09:04:10,dl,ue14,3789318,2476609.0458797407,2.476609
2026-06-23T09:04:10,dl,ue15,3789327,2412088.3048659516,2.412088
2026-06-23T09:04:10,dl,ue16,3789336,2451793.0788751887,2.451793
2026-06-23T09:04:16,dl,cu_cp,3786797,623790.242523222,0.623790
2026-06-23T09:04:16,dl,cu_up,3786824,1207336.0385699272,1.207336
2026-06-23T09:04:16,dl,du1,3786985,5654357.069897919,5.654357
2026-06-23T09:04:16,dl,du2,3787737,3803108.653708992,3.803109
2026-06-23T09:04:16,dl,du3,3788496,6066863.1751371,6.066863
2026-06-23T09:04:16,dl,du4,3789267,5946130.5408473965,5.946131
2026-06-23T09:04:16,dl,ue1,3787045,3823230.87694725,3.823231
2026-06-23T09:04:16,dl,ue2,3787053,1811003.96971241,1.811004
2026-06-23T09:04:16,dl,ue3,3787063,1780820.6348550224,1.780821
2026-06-23T09:04:16,dl,ue4,3787071,1780820.6348550224,1.780821
2026-06-23T09:04:16,dl,ue5,3787798,231406.07405923604,0.231406
2026-06-23T09:04:16,dl,ue6,3787807,211283.80674973727,0.211284
2026-06-23T09:04:16,dl,ue7,3787816,90550.2084016496,0.090550
2026-06-23T09:04:16,dl,ue8,3787824,211283.80674973727,0.211284
2026-06-23T09:04:16,dl,ue9,3788557,2495160.970092888,2.495161
2026-06-23T09:04:16,dl,ue10,3788566,2495160.970092888,2.495161
2026-06-23T09:04:16,dl,ue11,3788575,2505222.2579969787,2.505222
2026-06-23T09:04:16,dl,ue12,3788584,2565589.1039967155,2.565589
2026-06-23T09:04:16,dl,ue13,3789309,2324121.89628273,2.324122
2026-06-23T09:04:16,dl,ue14,3789318,2495160.970092888,2.495161
2026-06-23T09:04:16,dl,ue15,3789327,2444855.411997242,2.444855
2026-06-23T09:04:16,dl,ue16,3789336,2485100.0347587205,2.485100
2026-06-23T09:04:22,dl,cu_cp,3786797,611074.1408974457,0.611074
2026-06-23T09:04:22,dl,cu_up,3786824,1161795.2442778968,1.161795
2026-06-23T09:04:22,dl,du1,3786985,5703358.295443191,5.703358
2026-06-23T09:04:22,dl,du2,3787737,3726797.4417354586,3.726797
2026-06-23T09:04:22,dl,du3,3788496,6088108.523593597,6.088109
2026-06-23T09:04:22,dl,du4,3789267,5846697.079391556,5.846697
2026-06-23T09:04:22,dl,ue1,3787045,3885224.1100717927,3.885224
2026-06-23T09:04:22,dl,ue2,3787053,1818134.0089049148,1.818134
2026-06-23T09:04:22,dl,ue3,3787063,1795501.6529235076,1.795502
2026-06-23T09:04:22,dl,ue4,3787071,1810589.8902444458,1.810590
2026-06-23T09:04:22,dl,ue5,3787798,226323.73628055572,0.226324
2026-06-23T09:04:22,dl,ue6,3787807,203691.35824083805,0.203691
2026-06-23T09:04:22,dl,ue7,3787816,90529.49561513781,0.090529
2026-06-23T09:04:22,dl,ue8,3787824,211235.4989596176,0.211235
2026-06-23T09:04:22,dl,ue9,3788557,2504649.512873535,2.504650
2026-06-23T09:04:22,dl,ue10,3788566,2414119.9124814225,2.414120
2026-06-23T09:04:22,dl,ue11,3788575,2421664.2076083757,2.421664
2026-06-23T09:04:22,dl,ue12,3788584,2663076.181209869,2.663076
2026-06-23T09:04:22,dl,ue13,3789309,2361310.905391655,2.361311
2026-06-23T09:04:22,dl,ue14,3789318,2436752.2684628298,2.436752
2026-06-23T09:04:22,dl,ue15,3789327,2451840.505783768,2.451841
2026-06-23T09:04:22,dl,ue16,3789336,2444296.563589783,2.444297
2026-06-23T09:04:27,dl,cu_cp,3786797,622119.9319038326,0.622120
2026-06-23T09:04:27,dl,cu_up,3786824,1154756.783510226,1.154757
2026-06-23T09:04:27,dl,du1,3786985,5564990.621930799,5.564991
2026-06-23T09:04:27,dl,du2,3787737,3711413.865193882,3.711414
2026-06-23T09:04:27,dl,du3,3788496,5978316.6851123525,5.978317
2026-06-23T09:04:27,dl,du4,3789267,5944228.2285020165,5.944228
2026-06-23T09:04:27,dl,ue1,3787045,3796636.0647540903,3.796636
2026-06-23T09:04:27,dl,ue2,3787053,1781137.9047446465,1.781138
2026-06-23T09:04:27,dl,ue3,3787063,1776876.8476683544,1.776877
2026-06-23T09:04:27,dl,ue4,3787071,1755571.385947833,1.755571
2026-06-23T09:04:27,dl,ue5,3787798,221576.95178162516,0.221577
2026-06-23T09:04:27,dl,ue6,3787807,208793.67034083576,0.208794
2026-06-23T09:04:27,dl,ue7,3787816,85221.90198804245,0.085222
2026-06-23T09:04:27,dl,ue8,3787824,208793.67034083576,0.208794
2026-06-23T09:04:27,dl,ue9,3788557,2467174.0895557473,2.467174
2026-06-23T09:04:27,dl,ue10,3788566,2445868.8041742872,2.445869
2026-06-23T09:04:27,dl,ue11,3788575,2462913.0324794557,2.462913
2026-06-23T09:04:27,dl,ue12,3788584,2514046.2464121436,2.514046
2026-06-23T09:04:27,dl,ue13,3789309,2343602.376308911,2.343602
2026-06-23T09:04:27,dl,ue14,3789318,2416041.0519621205,2.416041
2026-06-23T09:04:27,dl,ue15,3789327,2462913.0324794557,2.462913
2026-06-23T09:04:27,dl,ue16,3789336,2526829.593980081,2.526830
2026-06-23T09:04:33,dl,cu_cp,3786797,612388.7908347356,0.612389
2026-06-23T09:04:33,dl,cu_up,3786824,1190990.5270205683,1.190991
2026-06-23T09:04:33,dl,du1,3786985,5490382.153298433,5.490382
2026-06-23T09:04:33,dl,du2,3787737,3708119.8877511146,3.708120
2026-06-23T09:04:33,dl,du3,3788496,5997186.827812609,5.997187
2026-06-23T09:04:33,dl,du4,3789267,5862038.961592188,5.862039
2026-06-23T09:04:33,dl,ue1,3787045,3720789.890092032,3.720790
2026-06-23T09:04:33,dl,ue2,3787053,1744252.2585245657,1.744252
2026-06-23T09:04:33,dl,ue3,3787063,1740028.865681728,1.740029
2026-06-23T09:04:33,dl,ue4,3787071,1727358.6871532155,1.727359
2026-06-23T09:04:33,dl,ue5,3787798,223838.67545102298,0.223839
2026-06-23T09:04:33,dl,ue6,3787807,198498.4285112445,0.198498
2026-06-23T09:04:33,dl,ue7,3787816,80244.04556837544,0.080244
2026-06-23T09:04:33,dl,ue8,3787824,202721.7993306327,0.202722
2026-06-23T09:04:33,dl,ue9,3788557,2458001.9490246177,2.458002
2026-06-23T09:04:33,dl,ue10,3788566,2470671.951365535,2.470672
2026-06-23T09:04:33,dl,ue11,3788575,2508682.3107634783,2.508682
2026-06-23T09:04:33,dl,ue12,3788584,2546692.6701614214,2.546693
2026-06-23T09:04:33,dl,ue13,3789309,2348194.087486031,2.348194
2026-06-23T09:04:33,dl,ue14,3789318,2424214.982469512,2.424215
2026-06-23T09:04:33,dl,ue15,3789327,2381981.0540411365,2.381981
2026-06-23T09:04:33,dl,ue16,3789336,2428438.199124755,2.428438
2026-06-23T09:04:39,dl,cu_cp,3786797,630558.6966764734,0.630559
2026-06-23T09:04:39,dl,cu_up,3786824,1171037.5732404846,1.171038
2026-06-23T09:04:39,dl,du1,3786985,5574940.291747784,5.574940
2026-06-23T09:04:39,dl,du2,3787737,3668250.1778905247,3.668250
2026-06-23T09:04:39,dl,du3,3788496,6060370.3942553755,6.060370
2026-06-23T09:04:39,dl,du4,3789267,5900228.217366264,5.900228
2026-06-23T09:04:39,dl,ue1,3787045,3853414.4486139677,3.853414
2026-06-23T09:04:39,dl,ue2,3787053,1786583.21652586,1.786583
2026-06-23T09:04:39,dl,ue3,3787063,1756556.49219301,1.756556
2026-06-23T09:04:39,dl,ue4,3787071,1736538.8524141537,1.736539
2026-06-23T09:04:39,dl,ue5,3787798,225199.5502811551,0.225200
2026-06-23T09:04:39,dl,ue6,3787807,210186.2322254911,0.210186
2026-06-23T09:04:39,dl,ue7,3787816,85075.38259852241,0.085075
2026-06-23T09:04:39,dl,ue8,3787824,225199.5502811551,0.225200
2026-06-23T09:04:39,dl,ue9,3788557,2477195.053092706,2.477195
2026-06-23T09:04:39,dl,ue10,3788566,2452172.959258375,2.452173
2026-06-23T09:04:39,dl,ue11,3788575,2427150.865424044,2.427151
2026-06-23T09:04:39,dl,ue12,3788584,2522234.7867058935,2.522235
2026-06-23T09:04:39,dl,ue13,3789309,2397123.9646481504,2.397124
2026-06-23T09:04:39,dl,ue14,3789318,2422146.2349255253,2.422146
2026-06-23T09:04:39,dl,ue15,3789327,2437159.59709195,2.437160
2026-06-23T09:04:39,dl,ue16,3789336,2462181.6909262813,2.462182
2026-06-23T09:04:45,dl,cu_cp,3786797,624229.7701749211,0.624230
2026-06-23T09:04:45,dl,cu_up,3786824,1188533.5190664518,1.188534
2026-06-23T09:04:45,dl,du1,3786985,5588105.053096304,5.588105
2026-06-23T09:04:45,dl,du2,3787737,3625526.8428101633,3.625527
2026-06-23T09:04:45,dl,du3,3788496,6077501.275383596,6.077501
2026-06-23T09:04:45,dl,du4,3789267,5822815.112219782,5.822815
2026-06-23T09:04:45,dl,ue1,3787045,3850249.2023500297,3.850249
2026-06-23T09:04:45,dl,ue2,3787053,1797781.6958113862,1.797782
2026-06-23T09:04:45,dl,ue3,3787063,1777806.4728624416,1.777806
2026-06-23T09:04:45,dl,ue4,3787071,1727867.974944384,1.727868
2026-06-23T09:04:45,dl,ue5,3787798,219728.88421190233,0.219729
2026-06-23T09:04:45,dl,ue6,3787807,204747.35686376988,0.204747
2026-06-23T09:04:45,dl,ue7,3787816,84895.24821513444,0.084895
2026-06-23T09:04:45,dl,ue8,3787824,224722.71197642328,0.224723
2026-06-23T09:04:45,dl,ue9,3788557,2466956.1581671285,2.466956
2026-06-23T09:04:45,dl,ue10,3788566,2476943.6815324617,2.476944
2026-06-23T09:04:45,dl,ue11,3788575,2476943.6815324617,2.476944
2026-06-23T09:04:45,dl,ue12,3788584,2506906.780283296,2.506907
2026-06-23T09:04:45,dl,ue13,3789309,2387054.737716515,2.387055
2026-06-23T09:04:45,dl,ue14,3789318,2392048.587508321,2.392049
2026-06-23T09:04:45,dl,ue15,3789327,2417017.660249071,2.417018
2026-06-23T09:04:45,dl,ue16,3789336,2436993.059416294,2.436993
2026-06-23T09:04:51,dl,cu_cp,3786797,614620.2815819085,0.614620
2026-06-23T09:04:51,dl,cu_up,3786824,1145902.2541393172,1.145902
2026-06-23T09:04:51,dl,du1,3786985,5583668.724851265,5.583669
2026-06-23T09:04:51,dl,du2,3787737,3739808.1436111643,3.739808
2026-06-23T09:04:51,dl,du3,3788496,5969108.590739394,5.969109
2026-06-23T09:04:51,dl,du4,3789267,5792014.892670951,5.792015
2026-06-23T09:04:51,dl,ue1,3787045,3854398.3075404502,3.854398
2026-06-23T09:04:51,dl,ue2,3787053,1770939.791411085,1.770940
2026-06-23T09:04:51,dl,ue3,3787063,1739687.8486710906,1.739688
2026-06-23T09:04:51,dl,ue4,3787071,1708436.0816015124,1.708436
2026-06-23T09:04:51,dl,ue5,3787798,218763.16000392078,0.218763
2026-06-23T09:04:51,dl,ue6,3787807,208345.8603964573,0.208346
2026-06-23T09:04:51,dl,ue7,3787816,83338.34745240324,0.083338
2026-06-23T09:04:51,dl,ue8,3787824,218763.16000392078,0.218763
2026-06-23T09:04:51,dl,ue9,3788557,2448063.8706377745,2.448064
2026-06-23T09:04:51,dl,ue10,3788566,2406394.4965375043,2.406394
2026-06-23T09:04:51,dl,ue11,3788575,2375142.729467926,2.375143
2026-06-23T09:04:51,dl,ue12,3788584,2489732.893397212,2.489733
2026-06-23T09:04:51,dl,ue13,3789309,2343890.962398348,2.343891
2026-06-23T09:04:51,dl,ue14,3789318,2343890.962398348,2.343891
2026-06-23T09:04:51,dl,ue15,3789327,2354308.2180882073,2.354308
2026-06-23T09:04:51,dl,ue16,3789336,2395977.240847645,2.395977
2026-06-23T09:04:57,dl,cu_cp,3786797,618809.5475756631,0.618810
2026-06-23T09:04:57,dl,cu_up,3786824,1152532.815967843,1.152533
2026-06-23T09:04:57,dl,du1,3786985,5638902.17913934,5.638902
2026-06-23T09:04:57,dl,du2,3787737,3821149.1138524534,3.821149
2026-06-23T09:04:57,dl,du3,3788496,6033393.077843642,6.033393
2026-06-23T09:04:57,dl,du4,3789267,5870955.731932533,5.870956
2026-06-23T09:04:57,dl,ue1,3787045,3898500.1805800796,3.898500
2026-06-23T09:04:57,dl,ue2,3787053,1771342.3194672167,1.771342
2026-06-23T09:04:57,dl,ue3,3787063,1771342.3194672167,1.771342
2026-06-23T09:04:57,dl,ue4,3787071,1724931.5736475468,1.724932
2026-06-23T09:04:57,dl,ue5,3787798,201113.09965636878,0.201113
2026-06-23T09:04:57,dl,ue6,3787807,216583.34826292546,0.216583
2026-06-23T09:04:57,dl,ue7,3787816,85086.31224070005,0.085086
2026-06-23T09:04:57,dl,ue8,3787824,224318.45052805915,0.224318
2026-06-23T09:04:57,dl,ue9,3788557,2421092.408332282,2.421092
2026-06-23T09:04:57,dl,ue10,3788566,2459767.9416960953,2.459768
2026-06-23T09:04:57,dl,ue11,3788575,2436562.656938839,2.436563
2026-06-23T09:04:57,dl,ue12,3788584,2459767.9416960953,2.459768
2026-06-23T09:04:57,dl,ue13,3789309,2328271.0929980995,2.328271
2026-06-23T09:04:57,dl,ue14,3789318,2421092.408332282,2.421092
2026-06-23T09:04:57,dl,ue15,3789327,2421092.408332282,2.421092
2026-06-23T09:04:57,dl,ue16,3789336,2459767.9416960953,2.459768
2026-06-23T09:05:02,dl,cu_cp,3786797,628693.7051050338,0.628694
2026-06-23T09:05:02,dl,cu_up,3786824,1180404.363020798,1.180404
2026-06-23T09:05:02,dl,du1,3786985,5666796.688362065,5.666797
2026-06-23T09:05:02,dl,du2,3787737,3695179.183440933,3.695179
2026-06-23T09:05:02,dl,du3,3788496,6055988.26356473,6.055988
2026-06-23T09:05:02,dl,du4,3789267,5953344.082618304,5.953344
2026-06-23T09:05:02,dl,ue1,3787045,3904743.4419873524,3.904743
2026-06-23T09:05:02,dl,ue2,3787053,1821928.5464838601,1.821929
2026-06-23T09:05:02,dl,ue3,3787063,1779160.3738109828,1.779160
2026-06-23T09:05:02,dl,ue4,3787071,1787713.937529118,1.787714
2026-06-23T09:05:02,dl,ue5,3787798,209564.54623820708,0.209565
2026-06-23T09:05:02,dl,ue6,3787807,205287.74224900187,0.205288
2026-06-23T09:05:02,dl,ue7,3787816,85536.5500495268,0.085537
2026-06-23T09:05:02,dl,ue8,3787824,230948.6989650583,0.230949
2026-06-23T09:05:02,dl,ue9,3788557,2527604.988956238,2.527605
2026-06-23T09:05:02,dl,ue10,3788566,2472006.2936650575,2.472006
2026-06-23T09:05:02,dl,ue11,3788575,2450622.207328619,2.450622
2026-06-23T09:05:02,dl,ue12,3788584,2506220.9026197996,2.506221
2026-06-23T09:05:02,dl,ue13,3789309,2429238.12099218,2.429238
2026-06-23T09:05:02,dl,ue14,3789318,2386469.7712782025,2.386470
2026-06-23T09:05:02,dl,ue15,3789327,2416407.775414977,2.416408
2026-06-23T09:05:02,dl,ue16,3789336,2489113.7751835287,2.489114
2026-06-23T09:05:08,dl,cu_cp,3786797,617969.4750690305,0.617969
2026-06-23T09:05:08,dl,cu_up,3786824,1128652.5988472616,1.128653
2026-06-23T09:05:08,dl,du1,3786985,5578890.971998692,5.578891
2026-06-23T09:05:08,dl,du2,3787737,3677776.397150681,3.677776
2026-06-23T09:05:08,dl,du3,3788496,6050950.7062150715,6.050951
2026-06-23T09:05:08,dl,du4,3789267,5849252.584300277,5.849253
2026-06-23T09:05:08,dl,ue1,3787045,3956721.2981891776,3.956721
2026-06-23T09:05:08,dl,ue2,3787053,1849616.957057917,1.849617
2026-06-23T09:05:08,dl,ue3,3787063,1768079.4146621644,1.768079
2026-06-23T09:05:08,dl,ue4,3787071,1776662.1747412323,1.776662
2026-06-23T09:05:08,dl,ue5,3787798,205989.83236548022,0.205990
2026-06-23T09:05:08,dl,ue6,3787807,205989.83236548022,0.205990
2026-06-23T09:05:08,dl,ue7,3787816,81537.64151909821,0.081538
2026-06-23T09:05:08,dl,ue8,3787824,227447.10702912213,0.227447
2026-06-23T09:05:08,dl,ue9,3788557,2467586.4321269477,2.467586
2026-06-23T09:05:08,dl,ue10,3788566,2420380.2824860285,2.420380
2026-06-23T09:05:08,dl,ue11,3788575,2398923.1179594374,2.398923
2026-06-23T09:05:08,dl,ue12,3788584,2497626.709171169,2.497627
2026-06-23T09:05:08,dl,ue13,3789309,2351717.1445377995,2.351717
2026-06-23T09:05:08,dl,ue14,3789318,2407506.230477067,2.407506
2026-06-23T09:05:08,dl,ue15,3789327,2394631.649810263,2.394632
2026-06-23T09:05:08,dl,ue16,3789336,2454712.0276794243,2.454712
2026-06-23T09:05:14,dl,cu_cp,3786797,629167.6860977232,0.629168
2026-06-23T09:05:14,dl,cu_up,3786824,1155912.700930971,1.155913
2026-06-23T09:05:14,dl,du1,3786985,5682017.875945938,5.682018
2026-06-23T09:05:14,dl,du2,3787737,3755496.8846757174,3.755497
2026-06-23T09:05:14,dl,du3,3788496,6013671.987257481,6.013672
2026-06-23T09:05:14,dl,du4,3789267,5921003.931948316,5.921004
2026-06-23T09:05:14,dl,ue1,3787045,3921324.1172795533,3.921324
2026-06-23T09:05:14,dl,ue2,3787053,1843607.551916367,1.843608
2026-06-23T09:05:14,dl,ue3,3787063,1765571.155118072,1.765571
2026-06-23T09:05:14,dl,ue4,3787071,1794834.8260359406,1.794835
2026-06-23T09:05:14,dl,ue5,3787798,209722.5620325744,0.209723
2026-06-23T09:05:14,dl,ue6,3787807,204845.29829193503,0.204845
2026-06-23T09:05:14,dl,ue7,3787816,82913.56653527488,0.082914
2026-06-23T09:05:14,dl,ue8,3787824,224354.35325449257,0.224354
2026-06-23T09:05:14,dl,ue9,3788557,2443511.5670962213,2.443512
2026-06-23T09:05:14,dl,ue10,3788566,2448388.963547909,2.448389
2026-06-23T09:05:14,dl,ue11,3788575,2409370.6766747297,2.409371
2026-06-23T09:05:14,dl,ue12,3788584,2472775.0610660254,2.472775
2026-06-23T09:05:14,dl,ue13,3789309,2399616.2376674833,2.399616
2026-06-23T09:05:14,dl,ue14,3789318,2409370.6766747297,2.409371
2026-06-23T09:05:14,dl,ue15,3789327,2428879.731637287,2.428880
2026-06-23T09:05:14,dl,ue16,3789336,2472775.0610660254,2.472775
2026-06-23T09:05:20,dl,cu_cp,3786797,613990.3395596123,0.613990
2026-06-23T09:05:20,dl,cu_up,3786824,1133136.5682600974,1.133137
2026-06-23T09:05:20,dl,du1,3786985,5545880.39529499,5.545880
2026-06-23T09:05:20,dl,du2,3787737,3848670.8642326356,3.848671
2026-06-23T09:05:20,dl,du3,3788496,6005125.136068497,6.005125
2026-06-23T09:05:20,dl,du4,3789267,5825420.672287559,5.825421
2026-06-23T09:05:20,dl,ue1,3787045,3893597.068485947,3.893597
2026-06-23T09:05:20,dl,ue2,3787053,1817012.1536840058,1.817012
2026-06-23T09:05:20,dl,ue3,3787063,1762102.3681095315,1.762102
2026-06-23T09:05:20,dl,ue4,3787071,1772085.9494306946,1.772086
2026-06-23T09:05:20,dl,ue5,3787798,229622.4145407915,0.229622
2026-06-23T09:05:20,dl,ue6,3787807,204663.46123788357,0.204663
2026-06-23T09:05:20,dl,ue7,3787816,84860.45778765142,0.084860
2026-06-23T09:05:20,dl,ue8,3787824,224630.62388020993,0.224631
2026-06-23T09:05:20,dl,ue9,3788557,2445977.7769172858,2.445978
2026-06-23T09:05:20,dl,ue10,3788566,2435994.3722122763,2.435994
2026-06-23T09:05:20,dl,ue11,3788575,2445977.7769172858,2.445978
2026-06-23T09:05:20,dl,ue12,3788584,2470936.641912117,2.470937
2026-06-23T09:05:20,dl,ue13,3789309,2341150.084736996,2.341150
2026-06-23T09:05:20,dl,ue14,3789318,2406043.4516326333,2.406043
2026-06-23T09:05:20,dl,ue15,3789327,2396059.693695316,2.396060
2026-06-23T09:05:20,dl,ue16,3789336,2440985.8979486274,2.440986
2026-06-23T09:05:26,dl,cu_cp,3786797,613423.0864557863,0.613423
2026-06-23T09:05:26,dl,cu_up,3786824,1135968.6328264643,1.135969
2026-06-23T09:05:26,dl,du1,3786985,5566246.283185749,5.566246
2026-06-23T09:05:26,dl,du2,3787737,3896372.2569186212,3.896372
2026-06-23T09:05:26,dl,du3,3788496,5986554.442401333,5.986554
2026-06-23T09:05:26,dl,du4,3789267,5816159.385940356,5.816159
2026-06-23T09:05:26,dl,ue1,3787045,3919091.9510585926,3.919092
2026-06-23T09:05:26,dl,ue2,3787053,1783470.7305744458,1.783471
2026-06-23T09:05:26,dl,ue3,3787063,1738032.0488515187,1.738032
2026-06-23T09:05:26,dl,ue4,3787071,1772111.0601437138,1.772111
2026-06-23T09:05:26,dl,ue5,3787798,238553.41024396865,0.238553
2026-06-23T09:05:26,dl,ue6,3787807,204474.35479195983,0.204474
2026-06-23T09:05:26,dl,ue7,3787816,79517.79789467953,0.079518
2026-06-23T09:05:26,dl,ue8,3787824,227193.71773333012,0.227194
2026-06-23T09:05:26,dl,ue9,3788557,2453692.345823145,2.453692
2026-06-23T09:05:26,dl,ue10,3788566,2385534.1465995,2.385534
2026-06-23T09:05:26,dl,ue11,3788575,2374174.2995295143,2.374174
2026-06-23T09:05:26,dl,ue12,3788584,2430972.8283224273,2.430973
2026-06-23T09:05:26,dl,ue13,3789309,2408253.487460964,2.408253
2026-06-23T09:05:26,dl,ue14,3789318,2430972.8283224273,2.430973
2026-06-23T09:05:26,dl,ue15,3789327,2385534.1465995,2.385534
2026-06-23T09:05:26,dl,ue16,3789336,2499131.027546072,2.499131
2026-06-23T09:05:31,dl,cu_cp,3786797,634989.4511244756,0.634989
2026-06-23T09:05:31,dl,cu_up,3786824,935773.9802997905,0.935774
2026-06-23T09:05:31,dl,du1,3786985,4954589.023115394,4.954589
2026-06-23T09:05:31,dl,du2,3787737,3943618.820138984,3.943619
2026-06-23T09:05:31,dl,du3,3788496,5990624.543267887,5.990625
2026-06-23T09:05:31,dl,du4,3789267,5932138.92370075,5.932139
2026-06-23T09:05:31,dl,ue1,3787045,1729510.8619924784,1.729511
2026-06-23T09:05:31,dl,ue2,3787053,1437081.408414927,1.437081
2026-06-23T09:05:31,dl,ue3,3787063,1386950.774062763,1.386951
2026-06-23T09:05:31,dl,ue4,3787071,1403661.0156410814,1.403661
2026-06-23T09:05:31,dl,ue5,3787798,225588.3742857884,0.225588
2026-06-23T09:05:31,dl,ue6,3787807,217233.23090093135,0.217233
2026-06-23T09:05:31,dl,ue7,3787816,83551.24743406352,0.083551
2026-06-23T09:05:31,dl,ue8,3787824,225588.3742857884,0.225588
2026-06-23T09:05:31,dl,ue9,3788557,2448051.5210085465,2.448052
2026-06-23T09:05:31,dl,ue10,3788566,2189042.6409704234,2.189043
2026-06-23T09:05:31,dl,ue11,3788575,2565023.3024395667,2.565023
2026-06-23T09:05:31,dl,ue12,3788584,2748836.050183861,2.748836
2026-06-23T09:05:31,dl,ue13,3789309,2406276.052636937,2.406276
2026-06-23T09:05:31,dl,ue14,3789318,2464761.8529696558,2.464762
2026-06-23T09:05:31,dl,ue15,3789327,2523247.653302375,2.523248
2026-06-23T09:05:31,dl,ue16,3789336,2439696.535793574,2.439697
2026-06-23T09:05:37,dl,cu_cp,3786797,561977.1502883291,0.561977
2026-06-23T09:05:37,dl,cu_up,3786824,570121.7610704708,0.570122
2026-06-23T09:05:37,dl,du1,3786985,4455094.562429028,4.455095
2026-06-23T09:05:37,dl,du2,3787737,3636562.3795197867,3.636562
2026-06-23T09:05:37,dl,du3,3788496,4503961.730282154,4.503962
2026-06-23T09:05:37,dl,du4,3789267,4577263.144514808,4.577263
2026-06-23T09:05:37,dl,ue1,3787045,1258340.1714654446,1.258340
2026-06-23T09:05:37,dl,ue2,3787053,1229834.075131259,1.229834
2026-06-23T09:05:37,dl,ue3,3787063,1193183.3680149317,1.193183
2026-06-23T09:05:37,dl,ue4,3787071,1258340.1714654446,1.258340
2026-06-23T09:05:37,dl,ue5,3787798,207687.22301647544,0.207687
2026-06-23T09:05:37,dl,ue6,3787807,195470.30684326292,0.195470
2026-06-23T09:05:37,dl,ue7,3787816,77373.66786958755,0.077374
2026-06-23T09:05:37,dl,ue8,3787824,199542.6329359889,0.199543
2026-06-23T09:05:37,dl,ue9,3788557,1294990.8785817719,1.294991
2026-06-23T09:05:37,dl,ue10,3788566,1242050.9499011612,1.242051
2026-06-23T09:05:37,dl,ue11,3788575,1221689.5471557379,1.221690
2026-06-23T09:05:37,dl,ue12,3788584,1242050.9499011612,1.242051
2026-06-23T09:05:37,dl,ue13,3789309,1270557.1290419674,1.270557
2026-06-23T09:05:37,dl,ue14,3789318,1364219.9460200453,1.364220
2026-06-23T09:05:37,dl,ue15,3789327,1323496.8921093368,1.323497
2026-06-23T09:05:37,dl,ue16,3789336,1274629.393029728,1.274629
2026-06-23T09:05:43,dl,cu_cp,3786797,550154.1182882077,0.550154
2026-06-23T09:05:43,dl,cu_up,3786824,550154.1182882077,0.550154
2026-06-23T09:05:43,dl,du1,3786985,4381154.502831673,4.381155
2026-06-23T09:05:43,dl,du2,3787737,3658324.0297804787,3.658324
2026-06-23T09:05:43,dl,du3,3788496,4453437.41997704,4.453437
2026-06-23T09:05:43,dl,du4,3789267,4457452.848352332,4.457453
2026-06-23T09:05:43,dl,ue1,3787045,1252905.7411161875,1.252906
2026-06-23T09:05:43,dl,ue2,3787053,1228811.381167835,1.228811
2026-06-23T09:05:43,dl,ue3,3787063,1200701.348794654,1.200701
2026-06-23T09:05:43,dl,ue4,3787071,1216764.2825435041,1.216764
2026-06-23T09:05:43,dl,ue5,3787798,204801.89686130584,0.204802
2026-06-23T09:05:43,dl,ue6,3787807,196770.4503243421,0.196770
2026-06-23T09:05:43,dl,ue7,3787816,80314.47045400266,0.080314
2026-06-23T09:05:43,dl,ue8,3787824,200786.18376155465,0.200786
2026-06-23T09:05:43,dl,ue9,3788557,1264952.8397405182,1.264953
2026-06-23T09:05:43,dl,ue10,3788566,1208732.7749941563,1.208733
2026-06-23T09:05:43,dl,ue11,3788575,1184638.4150458039,1.184638
2026-06-23T09:05:43,dl,ue12,3788584,1236842.8073673374,1.236843
2026-06-23T09:05:43,dl,ue13,3789309,1220779.873618487,1.220780
2026-06-23T09:05:43,dl,ue14,3789318,1264952.8397405182,1.264953
2026-06-23T09:05:43,dl,ue15,3789327,1252905.7411161875,1.252906
2026-06-23T09:05:43,dl,ue16,3789336,1184638.4150458039,1.184638
2026-06-23T09:05:49,dl,cu_cp,3786797,552428.8912202328,0.552429
2026-06-23T09:05:49,dl,cu_up,3786824,535560.8294578961,0.535561
2026-06-23T09:05:49,dl,du1,3786985,4347742.099919226,4.347742
2026-06-23T09:05:49,dl,du2,3787737,3542292.4036451387,3.542292
2026-06-23T09:05:49,dl,du3,3788496,4389912.193634469,4.389912
2026-06-23T09:05:49,dl,du4,3789267,4377261.3597298125,4.377261
2026-06-23T09:05:49,dl,ue1,3787045,1269321.3745081497,1.269321
2026-06-23T09:05:49,dl,ue2,3787053,1206066.2339352847,1.206066
2026-06-23T09:05:49,dl,ue3,3787063,1210283.1785701704,1.210283
2026-06-23T09:05:49,dl,ue4,3787071,1210283.1785701704,1.210283
2026-06-23T09:05:49,dl,ue5,3787798,193982.669806474,0.193983
2026-06-23T09:05:49,dl,ue6,3787807,198199.69536215797,0.198200
2026-06-23T09:05:49,dl,ue7,3787816,75906.2627578659,0.075906
2026-06-23T09:05:49,dl,ue8,3787824,198199.69536215797,0.198200
2026-06-23T09:05:49,dl,ue9,3788557,1231368.2254277922,1.231368
2026-06-23T09:05:49,dl,ue10,3788566,1214500.2041258544,1.214500
2026-06-23T09:05:49,dl,ue11,3788575,1201849.2083796007,1.201849
2026-06-23T09:05:49,dl,ue12,3788584,1214500.2041258544,1.214500
2026-06-23T09:05:49,dl,ue13,3789309,1222934.2552372224,1.222934
2026-06-23T09:05:49,dl,ue14,3789318,1227151.2807929062,1.227151
2026-06-23T09:05:49,dl,ue15,3789327,1244019.302094844,1.244019
2026-06-23T09:05:49,dl,ue16,3789336,1172330.1104106111,1.172330
2026-06-23T09:05:54,dl,cu_cp,3786797,548578.7210464859,0.548579
2026-06-23T09:05:54,dl,cu_up,3786824,544007.2370979404,0.544007
2026-06-23T09:05:54,dl,du1,3786985,4315485.701584645,4.315486
2026-06-23T09:05:54,dl,du2,3787737,3565761.686802158,3.565762
2026-06-23T09:05:54,dl,du3,3788496,4416058.995673675,4.416059
2026-06-23T09:05:54,dl,du4,3789267,4393201.41412569,4.393201
2026-06-23T09:05:54,dl,ue1,3787045,1270873.993942957,1.270874
2026-06-23T09:05:54,dl,ue2,3787053,1193158.6859150552,1.193159
2026-06-23T09:05:54,dl,ue3,3787063,1229730.557503419,1.229731
2026-06-23T09:05:54,dl,ue4,3787071,1206873.2186633206,1.206873
2026-06-23T09:05:54,dl,ue5,3787798,201145.53644388675,0.201146
2026-06-23T09:05:54,dl,ue6,3787807,196574.03226968407,0.196574
2026-06-23T09:05:54,dl,ue7,3787816,73143.8291357705,0.073144
2026-06-23T09:05:54,dl,ue8,3787824,201145.53644388675,0.201146
2026-06-23T09:05:54,dl,ue9,3788557,1238873.6063031387,1.238874
2026-06-23T09:05:54,dl,ue10,3788566,1238873.6063031387,1.238874
2026-06-23T09:05:54,dl,ue11,3788575,1229730.557503419,1.229731
2026-06-23T09:05:54,dl,ue12,3788584,1220587.670508957,1.220588
2026-06-23T09:05:54,dl,ue13,3789309,1179444.3149720477,1.179444
2026-06-23T09:05:54,dl,ue14,3789318,1234302.1223545934,1.234302
2026-06-23T09:05:54,dl,ue15,3789327,1184015.6371153356,1.184016
2026-06-23T09:05:54,dl,ue16,3789336,1188587.20196651,1.188587
2026-06-23T09:06:00,dl,cu_cp,3786797,546877.1535702082,0.546877
2026-06-23T09:06:00,dl,cu_up,3786824,546877.1535702082,0.546877
2026-06-23T09:06:00,dl,du1,3786985,4407186.857268781,4.407187
2026-06-23T09:06:00,dl,du2,3787737,3593764.140436611,3.593764
2026-06-23T09:06:00,dl,du3,3788496,4425569.03839684,4.425569
2026-06-23T09:06:00,dl,du4,3789267,4370421.845626254,4.370422
2026-06-23T09:06:00,dl,ue1,3787045,1236218.1590421016,1.236218
2026-06-23T09:06:00,dl,ue2,3787053,1222431.360849455,1.222431
2026-06-23T09:06:00,dl,ue3,3787063,1213240.107938823,1.213240
2026-06-23T09:06:00,dl,ue4,3787071,1190262.138008846,1.190262
2026-06-23T09:06:00,dl,ue5,3787798,202206.6914209123,0.202207
2026-06-23T09:06:00,dl,ue6,3787807,197611.0852589217,0.197611
2026-06-23T09:06:00,dl,ue7,3787816,78125.30475384042,0.078125
2026-06-23T09:06:00,dl,ue8,3787824,193015.47909693106,0.193015
2026-06-23T09:06:00,dl,ue9,3788557,1268387.3818827104,1.268387
2026-06-23T09:06:00,dl,ue10,3788566,1227026.9061314696,1.227027
2026-06-23T09:06:00,dl,ue11,3788575,1254600.583690064,1.254601
2026-06-23T09:06:00,dl,ue12,3788584,1217835.6532208377,1.217836
2026-06-23T09:06:00,dl,ue13,3789309,1217835.6532208377,1.217836
2026-06-23T09:06:00,dl,ue14,3789318,1245409.330779432,1.245409
2026-06-23T09:06:00,dl,ue15,3789327,1199453.2285728753,1.199453
2026-06-23T09:06:00,dl,ue16,3789336,1190262.138008846,1.190262
2026-06-23T09:06:06,dl,cu_cp,3786797,551041.5422262445,0.551042
2026-06-23T09:06:06,dl,cu_up,3786824,540644.553998895,0.540645
2026-06-23T09:06:06,dl,du1,3786985,4418729.486889267,4.418729
2026-06-23T09:06:06,dl,du2,3787737,3586968.498477769,3.586968
2026-06-23T09:06:06,dl,du3,3788496,4460317.761502588,4.460318
2026-06-23T09:06:06,dl,du4,3789267,4377141.2122759465,4.377141
2026-06-23T09:06:06,dl,ue1,3787045,1195656.2197765769,1.195656
2026-06-23T09:06:06,dl,ue2,3787053,1237244.2531119555,1.237244
2026-06-23T09:06:06,dl,ue3,3787063,1164465.1746685475,1.164465
2026-06-23T09:06:06,dl,ue4,3787071,1206053.288429907,1.206053
2026-06-23T09:06:06,dl,ue5,3787798,197543.19855603948,0.197543
2026-06-23T09:06:06,dl,ue6,3787807,207940.20688988417,0.207940
2026-06-23T09:06:06,dl,ue7,3787816,72779.07341678422,0.072779
2026-06-23T09:06:06,dl,ue8,3787824,197543.19855603948,0.197543
2026-06-23T09:06:06,dl,ue9,3788557,1174862.2433218777,1.174862
2026-06-23T09:06:06,dl,ue10,3788566,1206053.288429907,1.206053
2026-06-23T09:06:06,dl,ue11,3788575,1226847.3453105867,1.226847
2026-06-23T09:06:06,dl,ue12,3788584,1226847.3453105867,1.226847
2026-06-23T09:06:06,dl,ue13,3789309,1226847.3453105867,1.226847
2026-06-23T09:06:06,dl,ue14,3789318,1206053.288429907,1.206053
2026-06-23T09:06:06,dl,ue15,3789327,1195656.2197765769,1.195656
2026-06-23T09:06:06,dl,ue16,3789336,1216450.2766572565,1.216450
2026-06-23T09:06:11,dl,cu_cp,3786797,544525.4119390583,0.544525
2026-06-23T09:06:11,dl,cu_up,3786824,544525.4119390583,0.544525
2026-06-23T09:06:11,dl,du1,3786985,4356203.295512467,4.356203
2026-06-23T09:06:11,dl,du2,3787737,3586089.018322163,3.586089
2026-06-23T09:06:11,dl,du3,3788496,4348424.402346897,4.348424
2026-06-23T09:06:11,dl,du4,3789267,4356203.295512467,4.356203
2026-06-23T09:06:11,dl,ue1,3787045,1221292.7302800966,1.221293
2026-06-23T09:06:11,dl,ue2,3787053,1197955.8902084327,1.197956
2026-06-23T09:06:11,dl,ue3,3787063,1205734.86366148,1.205735
2026-06-23T09:06:11,dl,ue4,3787071,1229071.7037331439,1.229072
2026-06-23T09:06:11,dl,ue5,3787798,210031.23949506282,0.210031
2026-06-23T09:06:11,dl,ue6,3787807,194473.37287644626,0.194473
2026-06-23T09:06:11,dl,ue7,3787816,77789.34312901765,0.077789
2026-06-23T09:06:11,dl,ue8,3787824,194473.37287644626,0.194473
2026-06-23T09:06:11,dl,ue9,3788557,1260187.517257855,1.260188
2026-06-23T09:06:11,dl,ue10,3788566,1182398.103877294,1.182398
2026-06-23T09:06:11,dl,ue11,3788575,1182398.103877294,1.182398
2026-06-23T09:06:11,dl,ue12,3788584,1236850.677186191,1.236851
2026-06-23T09:06:11,dl,ue13,3789309,1260187.517257855,1.260188
2026-06-23T09:06:11,dl,ue14,3789318,1244629.4900642824,1.244629
2026-06-23T09:06:11,dl,ue15,3789327,1221292.7302800966,1.221293
2026-06-23T09:06:11,dl,ue16,3789336,1236850.677186191,1.236851
2026-06-23T09:22:28,ul,cu_cp,3786797,514255.3675233543,0.514255
2026-06-23T09:22:28,ul,cu_up,3786824,509783.64321449876,0.509784
2026-06-23T09:22:28,ul,du1,3786985,4100627.6908061597,4.100628
2026-06-23T09:22:28,ul,du2,3787737,3349367.6091597746,3.349368
2026-06-23T09:22:28,ul,du3,3788496,4172176.1971971416,4.172176
2026-06-23T09:22:28,ul,du4,3789267,4060381.636847706,4.060382
2026-06-23T09:22:28,ul,ue1,3787045,1144777.2490673233,1.144777
2026-06-23T09:22:28,ul,ue2,3787053,1122418.2452525068,1.122418
2026-06-23T09:22:28,ul,ue3,3787063,1126890.04601547,1.126890
2026-06-23T09:22:28,ul,ue4,3787071,1135833.6475413966,1.135834
2026-06-23T09:22:28,ul,ue5,3787798,192286.80206103265,0.192287
2026-06-23T09:22:28,ul,ue6,3787807,187815.02041159628,0.187815
2026-06-23T09:22:28,ul,ue7,3787816,71548.5780667077,0.071549
2026-06-23T09:22:28,ul,ue8,3787824,192286.80206103265,0.192287
2026-06-23T09:22:28,ul,ue9,3788557,1162664.3756650686,1.162664
2026-06-23T09:22:28,ul,ue10,3788566,1202910.4296235228,1.202910
2026-06-23T09:22:28,ul,ue11,3788575,1140305.3718502522,1.140305
2026-06-23T09:22:28,ul,ue12,3788584,1167136.0999739242,1.167136
2026-06-23T09:22:28,ul,ue13,3789309,1185023.2265716696,1.185023
2026-06-23T09:22:28,ul,ue14,3789318,1113474.720180688,1.113475
2026-06-23T09:22:28,ul,ue15,3789327,1185023.2265716696,1.185023
2026-06-23T09:22:28,ul,ue16,3789336,1167136.0999739242,1.167136
2026-06-23T09:22:34,ul,cu_cp,3786797,554733.8037950826,0.554734
2026-06-23T09:22:34,ul,cu_up,3786824,649444.4432634478,0.649444
2026-06-23T09:22:34,ul,du1,3786985,4861812.880491099,4.861813
2026-06-23T09:22:34,ul,du2,3787737,3549393.9609490945,3.549394
2026-06-23T09:22:34,ul,du3,3788496,5037704.453102801,5.037704
2026-06-23T09:22:34,ul,du4,3789267,4893382.9030780075,4.893383
2026-06-23T09:22:34,ul,ue1,3787045,2006963.6634250307,2.006964
2026-06-23T09:22:34,ul,ue2,3787053,1465760.0559900976,1.465760
2026-06-23T09:22:34,ul,ue3,3787063,1474779.969103477,1.474780
2026-06-23T09:22:34,ul,ue4,3787071,1465760.0559900976,1.465760
2026-06-23T09:22:34,ul,ue5,3787798,207461.41143543975,0.207461
2026-06-23T09:22:34,ul,ue6,3787807,202951.37320622997,0.202951
2026-06-23T09:22:34,ul,ue7,3787816,76670.5273877862,0.076671
2026-06-23T09:22:34,ul,ue8,3787824,207461.41143543975,0.207461
2026-06-23T09:22:34,ul,ue9,3788557,1655181.334926828,1.655181
2026-06-23T09:22:34,ul,ue10,3788566,1668711.3679419374,1.668711
2026-06-23T09:22:34,ul,ue11,3788575,1623610.9856498397,1.623611
2026-06-23T09:22:34,ul,ue12,3788584,1646161.2584684086,1.646161
2026-06-23T09:22:34,ul,ue13,3789309,1637141.182009989,1.637141
2026-06-23T09:22:34,ul,ue14,3789318,1623610.9856498397,1.623611
2026-06-23T09:22:34,ul,ue15,3789327,1650671.2150250983,1.650671
2026-06-23T09:22:34,ul,ue16,3789336,1659691.291483518,1.659691
2026-06-23T09:22:40,ul,cu_cp,3786797,576166.6236048889,0.576167
2026-06-23T09:22:40,ul,cu_up,3786824,744215.2221563149,0.744215
2026-06-23T09:22:40,ul,du1,3786985,5516795.827134032,5.516796
2026-06-23T09:22:40,ul,du2,3787737,3692267.8472875333,3.692268
2026-06-23T09:22:40,ul,du3,3788496,5487987.2252089735,5.487987
2026-06-23T09:22:40,ul,du4,3789267,5396761.113883014,5.396761
2026-06-23T09:22:40,ul,ue1,3787045,2780004.0265797926,2.780004
2026-06-23T09:22:40,ul,ue2,3787053,1771712.4352712368,1.771712
2026-06-23T09:22:40,ul,ue3,3787063,1714095.7390676462,1.714096
2026-06-23T09:22:40,ul,ue4,3787071,1747705.4926210332,1.747705
2026-06-23T09:22:40,ul,ue5,3787798,206459.7152525273,0.206460
2026-06-23T09:22:40,ul,ue6,3787807,211261.09955218033,0.211261
2026-06-23T09:22:40,ul,ue7,3787816,81623.6124138711,0.081624
2026-06-23T09:22:40,ul,ue8,3787824,216062.48385183336,0.216062
2026-06-23T09:22:40,ul,ue9,3788557,1968569.4665322124,1.968569
2026-06-23T09:22:40,ul,ue10,3788566,1978172.1082198871,1.978172
2026-06-23T09:22:40,ul,ue11,3788575,1968569.4665322124,1.968569
2026-06-23T09:22:40,ul,ue12,3788584,2045391.615326661,2.045392
2026-06-23T09:22:40,ul,ue13,3789309,1925356.9020756423,1.925357
2026-06-23T09:22:40,ul,ue14,3789318,1973370.7873760497,1.973371
2026-06-23T09:22:40,ul,ue15,3789327,1944562.5238820089,1.944563
2026-06-23T09:22:40,ul,ue16,3789336,2030987.4835796403,2.030987
2026-06-23T09:22:45,ul,cu_cp,3786797,597977.6023711207,0.597978
2026-06-23T09:22:45,ul,cu_up,3786824,747471.9923290748,0.747472
2026-06-23T09:22:45,ul,du1,3786985,5632563.326624337,5.632563
2026-06-23T09:22:45,ul,du2,3787737,3698780.9810501,3.698781
2026-06-23T09:22:45,ul,du3,3788496,5565049.706459212,5.565050
2026-06-23T09:22:45,ul,du4,3789267,5560227.450867891,5.560227
2026-06-23T09:22:45,ul,ue1,3787045,2835571.1961491094,2.835571
2026-06-23T09:22:45,ul,ue2,3787053,1803577.5309925282,1.803578
2026-06-23T09:22:45,ul,ue3,3787063,1731241.6552360833,1.731242
2026-06-23T09:22:45,ul,ue4,3787071,1711952.1223991418,1.711952
2026-06-23T09:22:45,ul,ue5,3787798,217007.98885342554,0.217008
2026-06-23T09:22:45,ul,ue6,3787807,212185.60564419016,0.212186
2026-06-23T09:22:45,ul,ue7,3787816,81980.80169730865,0.081981
2026-06-23T09:22:45,ul,ue8,3787824,212185.60564419016,0.212186
2026-06-23T09:22:45,ul,ue9,3788557,1972361.5814053381,1.972362
2026-06-23T09:22:45,ul,ue10,3788566,1986828.8586509586,1.986829
2026-06-23T09:22:45,ul,ue11,3788575,2039875.201570462,2.039875
2026-06-23T09:22:45,ul,ue12,3788584,2010940.8172364403,2.010941
2026-06-23T09:22:45,ul,ue13,3789309,1977184.0071538782,1.977184
2026-06-23T09:22:45,ul,ue14,3789318,2010940.8172364403,2.010941
2026-06-23T09:22:45,ul,ue15,3789327,2035052.7758219219,2.035053
2026-06-23T09:22:45,ul,ue16,3789336,2006118.3914879,2.006118
2026-06-23T09:22:51,ul,cu_cp,3786797,586765.314743565,0.586765
2026-06-23T09:22:51,ul,cu_up,3786824,746792.2342176229,0.746792
2026-06-23T09:22:51,ul,du1,3786985,5512037.988028335,5.512038
2026-06-23T09:22:51,ul,du2,3787737,3556153.463896501,3.556153
2026-06-23T09:22:51,ul,du3,3788496,5565380.308685017,5.565380
2026-06-23T09:22:51,ul,du4,3789267,5627612.789472556,5.627613
2026-06-23T09:22:51,ul,ue1,3787045,2773799.8242277084,2.773800
2026-06-23T09:22:51,ul,ue2,3787053,1822528.7224901319,1.822529
2026-06-23T09:22:51,ul,ue3,3787063,1715844.0811767697,1.715844
2026-06-23T09:22:51,ul,ue4,3787071,1706953.5810780288,1.706954
2026-06-23T09:22:51,ul,ue5,3787798,213369.1976347536,0.213369
2026-06-23T09:22:51,ul,ue6,3787807,213369.1976347536,0.213369
2026-06-23T09:22:51,ul,ue7,3787816,80013.44911303259,0.080013
2026-06-23T09:22:51,ul,ue8,3787824,213369.1976347536,0.213369
2026-06-23T09:22:51,ul,ue9,3788557,1982555.684460175,1.982556
2026-06-23T09:22:51,ul,ue10,3788566,2000336.3446897746,2.000336
2026-06-23T09:22:51,ul,ue11,3788575,1973665.184361434,1.973665
2026-06-23T09:22:51,ul,ue12,3788584,1964774.8542466343,1.964775
2026-06-23T09:22:51,ul,ue13,3789309,1991446.0145749748,1.991446
2026-06-23T09:22:51,ul,ue14,3789318,2000336.3446897746,2.000336
2026-06-23T09:22:51,ul,ue15,3789327,1964774.8542466343,1.964775
2026-06-23T09:22:51,ul,ue16,3789336,1973665.184361434,1.973665
2026-06-23T09:22:57,ul,cu_cp,3786797,590129.9583097148,0.590130
2026-06-23T09:22:57,ul,cu_up,3786824,734231.4252578116,0.734231
2026-06-23T09:22:57,ul,du1,3786985,5695440.005517845,5.695440
2026-06-23T09:22:57,ul,du2,3787737,3616261.2728427793,3.616261
2026-06-23T09:22:57,ul,du3,3788496,5647405.646321945,5.647406
2026-06-23T09:22:57,ul,du4,3789267,5441546.916447696,5.441547
2026-06-23T09:22:57,ul,ue1,3787045,2779100.1435658215,2.779100
2026-06-23T09:22:57,ul,ue2,3787053,1859595.3188899518,1.859595
2026-06-23T09:22:57,ul,ue3,3787063,1708631.9338389493,1.708632
2026-06-23T09:22:57,ul,ue4,3787071,1708631.9338389493,1.708632
2026-06-23T09:22:57,ul,ue5,3787798,219583.22305147708,0.219583
2026-06-23T09:22:57,ul,ue6,3787807,219583.22305147708,0.219583
2026-06-23T09:22:57,ul,ue7,3787816,75481.73491075396,0.075482
2026-06-23T09:22:57,ul,ue8,3787824,212721.24137069227,0.212721
2026-06-23T09:22:57,ul,ue9,3788557,1989972.8648617314,1.989973
2026-06-23T09:22:57,ul,ue10,3788566,1962525.0229090976,1.962525
2026-06-23T09:22:57,ul,ue11,3788575,1969387.0257825088,1.969387
2026-06-23T09:22:57,ul,ue12,3788584,2003696.870608554,2.003697
2026-06-23T09:22:57,ul,ue13,3789309,1969387.0257825088,1.969387
2026-06-23T09:22:57,ul,ue14,3789318,1983111.031529331,1.983111
2026-06-23T09:22:57,ul,ue15,3789327,1989972.8648617314,1.989973
2026-06-23T09:22:57,ul,ue16,3789336,2010558.8734819652,2.010559
2026-06-23T09:23:08,ul,cu_cp,3786797,592390.4643141937,0.592390
2026-06-23T09:23:08,ul,cu_up,3786824,725563.602080524,0.725564
2026-06-23T09:23:08,ul,du1,3786985,5611637.5105896285,5.611638
2026-06-23T09:23:08,ul,du2,3787737,3637002.0627881815,3.637002
2026-06-23T09:23:08,ul,du3,3788496,5561123.054634476,5.561123
2026-06-23T09:23:08,ul,du4,3789267,5515201.687536106,5.515202
2026-06-23T09:23:08,ul,ue1,3787045,2732343.785816717,2.732344
2026-06-23T09:23:08,ul,ue2,3787053,1823093.2701196717,1.823093
2026-06-23T09:23:08,ul,ue3,3787063,1717473.309667468,1.717473
2026-06-23T09:23:08,ul,ue4,3787071,1717473.309667468,1.717473
2026-06-23T09:23:08,ul,ue5,3787798,215832.20213654876,0.215832
2026-06-23T09:23:08,ul,ue6,3787807,220424.37710228979,0.220424
2026-06-23T09:23:08,ul,ue7,3787816,82659.14407001868,0.082659
2026-06-23T09:23:08,ul,ue8,3787824,220424.37710228979,0.220424
2026-06-23T09:23:08,ul,ue9,3788557,1970042.869023385,1.970043
2026-06-23T09:23:08,ul,ue10,3788566,1983819.4151738882,1.983819
2026-06-23T09:23:08,ul,ue11,3788575,1988411.6538994694,1.988412
2026-06-23T09:23:08,ul,ue12,3788584,2020556.8148998164,2.020557
2026-06-23T09:23:08,ul,ue13,3789309,1965450.8003240442,1.965451
2026-06-23T09:23:08,ul,ue14,3789318,1997595.9613243914,1.997596
2026-06-23T09:23:08,ul,ue15,3789327,1993003.7225988102,1.993004
2026-06-23T09:23:08,ul,ue16,3789336,1983819.4151738882,1.983819
2026-06-23T09:23:14,ul,cu_cp,3786797,590522.1161777505,0.590522
2026-06-23T09:23:14,ul,cu_up,3786824,754802.6670945418,0.754803
2026-06-23T09:23:14,ul,du1,3786985,5629940.266251211,5.629940
2026-06-23T09:23:14,ul,du2,3787737,3649693.194878428,3.649693
2026-06-23T09:23:14,ul,du3,3788496,5545579.89699933,5.545580
2026-06-23T09:23:14,ul,du4,3789267,5492299.861086738,5.492300
2026-06-23T09:23:14,ul,ue1,3787045,2779449.995587413,2.779450
2026-06-23T09:23:14,ul,ue2,3787053,1793766.4344946218,1.793766
2026-06-23T09:23:14,ul,ue3,3787063,1722726.1594182372,1.722726
2026-06-23T09:23:14,ul,ue4,3787071,1731606.1086054372,1.731606
2026-06-23T09:23:14,ul,ue5,3787798,208680.7441388686,0.208681
2026-06-23T09:23:14,ul,ue6,3787807,208680.7441388686,0.208681
2026-06-23T09:23:14,ul,ue7,3787816,84360.3000290354,0.084360
2026-06-23T09:23:14,ul,ue8,3787824,213120.76133114262,0.213121
2026-06-23T09:23:14,ul,ue9,3788557,2024647.1580981754,2.024647
2026-06-23T09:23:14,ul,ue10,3788566,1984687.2163610791,1.984687
2026-06-23T09:23:14,ul,ue11,3788575,1980247.0713727833,1.980247
2026-06-23T09:23:14,ul,ue12,3788584,2037967.2522736716,2.037967
2026-06-23T09:23:14,ul,ue13,3789309,1993567.1655482792,1.993567
2026-06-23T09:23:14,ul,ue14,3789318,1998007.1401418792,1.998007
2026-06-23T09:23:14,ul,ue15,3789327,2024647.1580981754,2.024647
2026-06-23T09:23:14,ul,ue16,3789336,1975807.0967791833,1.975807
2026-06-23T09:23:19,ul,cu_cp,3786797,597971.4496792555,0.597971
2026-06-23T09:23:19,ul,cu_up,3786824,742641.9561898875,0.742642
2026-06-23T09:23:19,ul,du1,3786985,5613215.959989204,5.613216
2026-06-23T09:23:19,ul,du2,3787737,3640874.3996205046,3.640874
2026-06-23T09:23:19,ul,du3,3788496,5521591.069641132,5.521591
2026-06-23T09:23:19,ul,du4,3789267,5468545.368096161,5.468545
2026-06-23T09:23:19,ul,ue1,3787045,2777673.7591570998,2.777674
2026-06-23T09:23:19,ul,ue2,3787053,1784269.5518369912,1.784270
2026-06-23T09:23:19,ul,ue3,3787063,1736046.0781275844,1.736046
2026-06-23T09:23:19,ul,ue4,3787071,1702289.6294545173,1.702290
2026-06-23T09:23:19,ul,ue5,3787798,212183.40385676624,0.212183
2026-06-23T09:23:19,ul,ue6,3787807,212183.40385676624,0.212183
2026-06-23T09:23:19,ul,ue7,3787816,81979.95440087825,0.081980
2026-06-23T09:23:19,ul,ue8,3787824,221828.1156751299,0.221828
2026-06-23T09:23:19,ul,ue9,3788557,1991630.6424757815,1.991631
2026-06-23T09:23:19,ul,ue10,3788566,1977163.6174394416,1.977164
2026-06-23T09:23:19,ul,ue11,3788575,1986808.2438753939,1.986808
2026-06-23T09:23:19,ul,ue12,3788584,2006097.8382769441,2.006098
2026-06-23T09:23:19,ul,ue13,3789309,1967518.9910034896,1.967519
2026-06-23T09:23:19,ul,ue14,3789318,2006097.8382769441,2.006098
2026-06-23T09:23:19,ul,ue15,3789327,2015742.4647128964,2.015742
2026-06-23T09:23:19,ul,ue16,3789336,1948229.567366762,1.948230
2026-06-23T09:23:25,ul,cu_cp,3786797,597398.6652077311,0.597399
2026-06-23T09:23:25,ul,cu_up,3786824,747962.6112507373,0.747963
2026-06-23T09:23:25,ul,du1,3786985,5595148.782196834,5.595149
2026-06-23T09:23:25,ul,du2,3787737,3846664.809095292,3.846665
2026-06-23T09:23:25,ul,du3,3788496,5546579.811390638,5.546580
2026-06-23T09:23:25,ul,du4,3789267,5522295.155307791,5.522295
2026-06-23T09:23:25,ul,ue1,3787045,2821858.7058217656,2.821859
2026-06-23T09:23:25,ul,ue2,3787053,1787339.2180183984,1.787339
2026-06-23T09:23:25,ul,ue3,3787063,1763054.5619355512,1.763055
2026-06-23T09:23:25,ul,ue4,3787071,1714485.7618091046,1.714486
2026-06-23T09:23:25,ul,ue5,3787798,218560.49663769276,0.218560
2026-06-23T09:23:25,ul,ue6,3787807,213703.59102308573,0.213704
2026-06-23T09:23:25,ul,ue7,3787816,77710.39916009578,0.077710
2026-06-23T09:23:25,ul,ue8,3787824,223417.4022522998,0.223417
2026-06-23T09:23:25,ul,ue9,3788557,1986471.964187851,1.986472
2026-06-23T09:23:25,ul,ue10,3788566,2059325.5910768937,2.059326
2026-06-23T09:23:25,ul,ue11,3788575,2044754.8315631354,2.044755
2026-06-23T09:23:25,ul,ue12,3788584,2044754.8315631354,2.044755
2026-06-23T09:23:25,ul,ue13,3789309,1962187.6494645022,1.962188
2026-06-23T09:23:25,ul,ue14,3789318,2030184.072049377,2.030184
2026-06-23T09:23:25,ul,ue15,3789327,2020470.3461600374,2.020470
2026-06-23T09:23:25,ul,ue16,3789336,1952473.7528954137,1.952474
2026-06-23T09:23:31,ul,cu_cp,3786797,591045.1783880309,0.591045
2026-06-23T09:23:31,ul,cu_up,3786824,736384.1329964298,0.736384
2026-06-23T09:23:31,ul,du1,3786985,5658530.804584265,5.658531
2026-06-23T09:23:31,ul,du2,3787737,3633474.2476327135,3.633474
2026-06-23T09:23:31,ul,du3,3788496,5464745.475117845,5.464745
2026-06-23T09:23:31,ul,du4,3789267,5532570.2724448275,5.532570
2026-06-23T09:23:31,ul,ue1,3787045,2809886.5974004315,2.809887
2026-06-23T09:23:31,ul,ue2,3787053,1840960.2899996592,1.840960
2026-06-23T09:23:31,ul,ue3,3787063,1724689.1603060723,1.724689
2026-06-23T09:23:31,ul,ue4,3787071,1734378.392786261,1.734378
2026-06-23T09:23:31,ul,ue5,3787798,203474.56194660784,0.203475
2026-06-23T09:23:31,ul,ue6,3787807,213163.8369182119,0.213164
2026-06-23T09:23:31,ul,ue7,3787816,77514.12010142845,0.077514
2026-06-23T09:23:31,ul,ue8,3787824,213163.8369182119,0.213164
2026-06-23T09:23:31,ul,ue9,3788557,2005677.7520598506,2.005678
2026-06-23T09:23:31,ul,ue10,3788566,2044434.8519462668,2.044435
2026-06-23T09:23:31,ul,ue11,3788575,2054124.0844264554,2.054124
2026-06-23T09:23:31,ul,ue12,3788584,2034745.6194660782,2.034746
2026-06-23T09:23:31,ul,ue13,3789309,1918474.3198068298,1.918474
2026-06-23T09:23:31,ul,ue14,3789318,1986299.2870994734,1.986299
2026-06-23T09:23:31,ul,ue15,3789327,1966920.6521734344,1.966921
2026-06-23T09:23:31,ul,ue16,3789336,1957231.4196932458,1.957231
2026-06-23T09:23:37,ul,cu_cp,3786797,597120.6063608069,0.597121
2026-06-23T09:23:37,ul,cu_up,3786824,729814.0839173162,0.729814
2026-06-23T09:23:37,ul,du1,3786985,5565754.022197037,5.565754
2026-06-23T09:23:37,ul,du2,3787737,3730160.7596392105,3.730161
2026-06-23T09:23:37,ul,du3,3788496,5521522.834582543,5.521523
2026-06-23T09:23:37,ul,du4,3789267,5462547.917763219,5.462548
2026-06-23T09:23:37,ul,ue1,3787045,2808678.537206973,2.808679
2026-06-23T09:23:37,ul,ue2,3787053,1769246.139988203,1.769246
2026-06-23T09:23:37,ul,ue3,3787063,1747130.7167548977,1.747131
2026-06-23T09:23:37,ul,ue4,3787071,1732386.9875500668,1.732387
2026-06-23T09:23:37,ul,ue5,3787798,213783.9242178525,0.213784
2026-06-23T09:23:37,ul,ue6,3787807,221155.76749852538,0.221156
2026-06-23T09:23:37,ul,ue7,3787816,81090.4519917788,0.081090
2026-06-23T09:23:37,ul,ue8,3787824,221155.76749852538,0.221156
2026-06-23T09:23:37,ul,ue9,3788557,2027261.2304988063,2.027261
2026-06-23T09:23:37,ul,ue10,3788566,2086236.1473181308,2.086236
2026-06-23T09:23:37,ul,ue11,3788575,2108351.911699319,2.108352
2026-06-23T09:23:37,ul,ue12,3788584,2034633.0951012217,2.034633
2026-06-23T09:23:37,ul,ue13,3789309,1990402.0780606698,1.990402
2026-06-23T09:23:37,ul,ue14,3789318,1990402.0780606698,1.990402
2026-06-23T09:23:37,ul,ue15,3789327,2012517.5012939752,2.012518
2026-06-23T09:23:37,ul,ue16,3789336,2049376.8243060529,2.049377
2026-06-23T09:23:42,ul,cu_cp,3786797,593667.7757684871,0.593668
2026-06-23T09:23:42,ul,cu_up,3786824,741032.1481558257,0.741032
2026-06-23T09:23:42,ul,du1,3786985,5625107.355713935,5.625107
2026-06-23T09:23:42,ul,du2,3787737,3650424.9279581783,3.650425
2026-06-23T09:23:42,ul,du3,3788496,5532478.241134508,5.532478
2026-06-23T09:23:42,ul,du4,3789267,5481953.6110922145,5.481954
2026-06-23T09:23:42,ul,ue1,3787045,2799922.26418653,2.799922
2026-06-23T09:23:42,ul,ue2,3787053,1768371.9563283348,1.768372
2026-06-23T09:23:42,ul,ue3,3787063,1717847.155512799,1.717847
2026-06-23T09:23:42,ul,ue4,3787071,1730478.3984099936,1.730478
2026-06-23T09:23:42,ul,ue5,3787798,214730.89443909988,0.214731
2026-06-23T09:23:42,ul,ue6,3787807,218941.30873816475,0.218941
2026-06-23T09:23:42,ul,ue7,3787816,84208.1952580123,0.084208
2026-06-23T09:23:42,ul,ue8,3787824,214730.89443909988,0.214731
2026-06-23T09:23:42,ul,ue9,3788557,2004154.986302725,2.004155
2026-06-23T09:23:42,ul,ue10,3788566,2063100.7864896334,2.063101
2026-06-23T09:23:42,ul,ue11,3788575,2063100.7864896334,2.063101
2026-06-23T09:23:42,ul,ue12,3788584,2025207.0577980494,2.025207
2026-06-23T09:23:42,ul,ue13,3789309,2033627.8863961792,2.033628
2026-06-23T09:23:42,ul,ue14,3789318,1987313.3291064657,1.987313
2026-06-23T09:23:42,ul,ue15,3789327,2058890.3721905684,2.058890
2026-06-23T09:23:42,ul,ue16,3789336,2037838.300695244,2.037838
2026-06-23T09:23:48,ul,cu_cp,3786797,587942.2358531595,0.587942
2026-06-23T09:23:48,ul,cu_up,3786824,746394.7745214403,0.746395
2026-06-23T09:23:48,ul,du1,3786985,5716800.405113926,5.716800
2026-06-23T09:23:48,ul,du2,3787737,3644407.9622550965,3.644408
2026-06-23T09:23:48,ul,du3,3788496,5570857.1357706785,5.570857
2026-06-23T09:23:48,ul,du4,3789267,5474951.627112146,5.474952
2026-06-23T09:23:48,ul,ue1,3787045,2814617.1192463017,2.814617
2026-06-23T09:23:48,ul,ue2,3787053,1767996.5494242287,1.767997
2026-06-23T09:23:48,ul,ue3,3787063,1742977.6690818714,1.742978
2026-06-23T09:23:48,ul,ue4,3787071,1730468.3143337655,1.730468
2026-06-23T09:23:48,ul,ue5,3787798,220999.5686780286,0.221000
2026-06-23T09:23:48,ul,ue6,3787807,216829.76952481447,0.216830
2026-06-23T09:23:48,ul,ue7,3787816,83396.05780947044,0.083396
2026-06-23T09:23:48,ul,ue8,3787824,220999.5686780286,0.221000
2026-06-23T09:23:48,ul,ue9,3788557,2009845.156579864,2.009845
2026-06-23T09:23:48,ul,ue10,3788566,2059882.7464184333,2.059883
2026-06-23T09:23:48,ul,ue11,3788575,2059882.7464184333,2.059883
2026-06-23T09:23:48,ul,ue12,3788584,1993165.9599670076,1.993166
2026-06-23T09:23:48,ul,ue13,3789309,2047373.3916703272,2.047373
2026-06-23T09:23:48,ul,ue14,3789318,1997335.801831758,1.997336
2026-06-23T09:23:48,ul,ue15,3789327,2051543.2335350777,2.051543
2026-06-23T09:23:48,ul,ue16,3789336,2030694.0242113257,2.030694
2026-06-23T09:23:54,ul,cu_cp,3786797,596160.002348569,0.596160
2026-06-23T09:23:54,ul,cu_up,3786824,726569.9855643511,0.726570
2026-06-23T09:23:54,ul,du1,3786985,5556397.872173238,5.556398
2026-06-23T09:23:54,ul,du2,3787737,3576959.92893219,3.576960
2026-06-23T09:23:54,ul,du3,3788496,5402700.11974926,5.402700
2026-06-23T09:23:54,ul,du4,3789267,5398042.591455388,5.398043
2026-06-23T09:23:54,ul,ue1,3787045,2808472.529359889,2.808473
2026-06-23T09:23:54,ul,ue2,3787053,1755877.607045889,1.755878
2026-06-23T09:23:54,ul,ue3,3787063,1751220.078752017,1.751220
2026-06-23T09:23:54,ul,ue4,3787071,1709302.4944256186,1.709302
2026-06-23T09:23:54,ul,ue5,3787798,218902.50984400214,0.218903
2026-06-23T09:23:54,ul,ue6,3787807,218902.50984400214,0.218903
2026-06-23T09:23:54,ul,ue7,3787816,83834.9983343482,0.083835
2026-06-23T09:23:54,ul,ue8,3787824,218902.50984400214,0.218903
2026-06-23T09:23:54,ul,ue9,3788557,1984094.960579574,1.984095
2026-06-23T09:23:54,ul,ue10,3788566,2016697.4883182286,2.016697
2026-06-23T09:23:54,ul,ue11,3788575,2039984.9594691396,2.039985
2026-06-23T09:23:54,ul,ue12,3788584,2026012.5449059724,2.026013
2026-06-23T09:23:54,ul,ue13,3789309,2039984.9594691396,2.039985
2026-06-23T09:23:54,ul,ue14,3789318,1988752.488873446,1.988752
2026-06-23T09:23:54,ul,ue15,3789327,2026012.5449059724,2.026013
2026-06-23T09:23:54,ul,ue16,3789336,2044642.4877630114,2.044642
2026-06-23T09:24:00,ul,cu_cp,3786797,597032.8529759645,0.597033
2026-06-23T09:24:00,ul,cu_up,3786824,742650.5614972115,0.742651
2026-06-23T09:24:00,ul,du1,3786985,5620845.721398354,5.620846
2026-06-23T09:24:00,ul,du2,3787737,3669567.8627114296,3.669568
2026-06-23T09:24:00,ul,du3,3788496,5407273.321719646,5.407273
2026-06-23T09:24:00,ul,du4,3789267,5572306.741816521,5.572307
2026-06-23T09:24:00,ul,ue1,3787045,2844400.2490432262,2.844400
2026-06-23T09:24:00,ul,ue2,3787053,1766828.812545061,1.766829
2026-06-23T09:24:00,ul,ue3,3787063,1723143.5256478786,1.723144
2026-06-23T09:24:00,ul,ue4,3787071,1718289.6619019508,1.718290
2026-06-23T09:24:00,ul,ue5,3787798,208718.7925246954,0.208719
2026-06-23T09:24:00,ul,ue6,3787807,213572.72041860223,0.213573
2026-06-23T09:24:00,ul,ue7,3787816,77662.80353718996,0.077663
2026-06-23T09:24:00,ul,ue8,3787824,213572.72041860223,0.213573
2026-06-23T09:24:00,ul,ue9,3788557,1999817.1803913116,1.999817
2026-06-23T09:24:00,ul,ue10,3788566,2048356.5020956993,2.048357
2026-06-23T09:24:00,ul,ue11,3788575,2072626.1629478931,2.072626
2026-06-23T09:24:00,ul,ue12,3788584,1999817.1803913116,1.999817
2026-06-23T09:24:00,ul,ue13,3789309,2028940.8760507107,2.028941
2026-06-23T09:24:00,ul,ue14,3789318,1999817.1803913116,1.999817
2026-06-23T09:24:00,ul,ue15,3789327,2009525.0789444447,2.009525
2026-06-23T09:24:00,ul,ue16,3789336,2092041.7889928818,2.092042
2026-06-23T09:24:05,ul,cu_cp,3786797,574281.3453608394,0.574281
2026-06-23T09:24:05,ul,cu_up,3786824,741780.13665905,0.741780
2026-06-23T09:24:05,ul,du1,3786985,5694956.94773283,5.694957
2026-06-23T09:24:05,ul,du2,3787737,3780685.484639168,3.780685
2026-06-23T09:24:05,ul,du3,3788496,5527458.284026337,5.527458
2026-06-23T09:24:05,ul,du4,3789267,5575315.045085335,5.575315
2026-06-23T09:24:05,ul,ue1,3787045,2715872.38095417,2.715872
2026-06-23T09:24:05,ul,ue2,3787053,1734808.4390001297,1.734808
2026-06-23T09:24:05,ul,ue3,3787063,1710879.888348341,1.710880
2026-06-23T09:24:05,ul,ue4,3787071,1651058.9370245934,1.651059
2026-06-23T09:24:05,ul,ue5,3787798,215355.50982663632,0.215356
2026-06-23T09:24:05,ul,ue6,3787807,215355.50982663632,0.215356
2026-06-23T09:24:05,ul,ue7,3787816,83749.36906749755,0.083749
2026-06-23T09:24:05,ul,ue8,3787824,191427.10803185106,0.191427
2026-06-23T09:24:05,ul,ue9,3788557,1986056.4345598698,1.986056
2026-06-23T09:24:05,ul,ue10,3788566,1986056.4345598698,1.986056
2026-06-23T09:24:05,ul,ue11,3788575,1938199.6735008718,1.938200
2026-06-23T09:24:05,ul,ue12,3788584,1974092.0741728307,1.974092
2026-06-23T09:24:05,ul,ue13,3789309,1926235.4832361222,1.926235
2026-06-23T09:24:05,ul,ue14,3789318,1974092.0741728307,1.974092
2026-06-23T09:24:05,ul,ue15,3789327,1974092.0741728307,1.974092
2026-06-23T09:24:05,ul,ue16,3789336,2021949.0053541183,2.021949
2026-06-23T09:24:11,ul,cu_cp,3786797,595128.4067207199,0.595128
2026-06-23T09:24:11,ul,cu_up,3786824,741754.277015047,0.741754
2026-06-23T09:24:11,ul,du1,3786985,5623531.940906873,5.623532
2026-06-23T09:24:11,ul,du2,3787737,3838147.0197925996,3.838147
2026-06-23T09:24:11,ul,du3,3788496,5511406.071834078,5.511406
2026-06-23T09:24:11,ul,du4,3789267,5589032.067848721,5.589032
2026-06-23T09:24:11,ul,ue1,3787045,2811765.9704534365,2.811766
2026-06-23T09:24:11,ul,ue2,3787053,1742259.9943493295,1.742260
2026-06-23T09:24:11,ul,ue3,3787063,1725009.8869357468,1.725010
2026-06-23T09:24:11,ul,ue4,3787071,1759510.1017629122,1.759510
2026-06-23T09:24:11,ul,ue5,3787798,215626.23586696835,0.215626
2026-06-23T09:24:11,ul,ue6,3787807,207001.18216017692,0.207001
2026-06-23T09:24:11,ul,ue7,3787816,77625.44063999593,0.077625
2026-06-23T09:24:11,ul,ue8,3787824,215626.23586696835,0.215626
2026-06-23T09:24:11,ul,ue9,3788557,2009636.3174908494,2.009636
2026-06-23T09:24:11,ul,ue10,3788566,2070011.6934383893,2.070012
2026-06-23T09:24:11,ul,ue11,3788575,2035511.4786112236,2.035511
2026-06-23T09:24:11,ul,ue12,3788584,2018261.5420821477,2.018262
2026-06-23T09:24:11,ul,ue13,3789309,1957886.1661346077,1.957886
2026-06-23T09:24:11,ul,ue14,3789318,2001011.4346685647,2.001011
2026-06-23T09:24:11,ul,ue15,3789327,1975136.2735481905,1.975136
2026-06-23T09:24:11,ul,ue16,3789336,2070011.6934383893,2.070012
2026-06-23T09:24:17,ul,cu_cp,3786797,581033.0121146515,0.581033
2026-06-23T09:24:17,ul,cu_up,3786824,727960.8850564015,0.727961
2026-06-23T09:24:17,ul,du1,3786985,5583259.938580742,5.583260
2026-06-23T09:24:17,ul,du2,3787737,3813446.6854296327,3.813447
2026-06-23T09:24:17,ul,du3,3788496,5422975.063734615,5.422975
2026-06-23T09:24:17,ul,du4,3789267,5489760.456653621,5.489760
2026-06-23T09:24:17,ul,ue1,3787045,2825022.8361485945,2.825023
2026-06-23T09:24:17,ul,ue2,3787053,1729742.1196389378,1.729742
2026-06-23T09:24:17,ul,ue3,3787063,1729742.1196389378,1.729742
2026-06-23T09:24:17,ul,ue4,3787071,1689670.8157280458,1.689671
2026-06-23T09:24:17,ul,ue5,3787798,213713.30846043647,0.213713
2026-06-23T09:24:17,ul,ue6,3787807,213713.30846043647,0.213713
2026-06-23T09:24:17,ul,ue7,3787816,86821.02889957231,0.086821
2026-06-23T09:24:17,ul,ue8,3787824,213713.30846043647,0.213713
2026-06-23T09:24:17,ul,ue9,3788557,2010240.7358190203,2.010241
2026-06-23T09:24:17,ul,ue10,3788566,2010240.7358190203,2.010241
2026-06-23T09:24:17,ul,ue11,3788575,2016919.3432704092,2.016919
2026-06-23T09:24:17,ul,ue12,3788584,1970169.6023068489,1.970170
2026-06-23T09:24:17,ul,ue13,3789309,1936776.7354486252,1.936777
2026-06-23T09:24:17,ul,ue14,3789318,2036954.9952258551,2.036955
2026-06-23T09:24:17,ul,ue15,3789327,1996883.6913149632,1.996884
2026-06-23T09:24:17,ul,ue16,3789336,2003562.298766352,2.003562
2026-06-23T09:24:23,ul,cu_cp,3786797,586967.5034103888,0.586968
2026-06-23T09:24:23,ul,cu_up,3786824,704361.0296219927,0.704361
2026-06-23T09:24:23,ul,du1,3786985,5597154.576197719,5.597155
2026-06-23T09:24:23,ul,du2,3787737,3702087.981304307,3.702088
2026-06-23T09:24:23,ul,du3,3788496,5353982.095626955,5.353982
2026-06-23T09:24:23,ul,du4,3789267,5312055.465479693,5.312055
2026-06-23T09:24:23,ul,ue1,3787045,2771325.029562192,2.771325
2026-06-23T09:24:23,ul,ue2,3787053,1710590.9199776603,1.710591
2026-06-23T09:24:23,ul,ue3,3787063,1752517.2097312403,1.752517
2026-06-23T09:24:23,ul,ue4,3787071,1714783.5489530182,1.714784
2026-06-23T09:24:23,ul,ue5,3787798,218016.49397256554,0.218016
2026-06-23T09:24:23,ul,ue6,3787807,222209.12294792355,0.222209
2026-06-23T09:24:23,ul,ue7,3787816,83852.49972739108,0.083852
2026-06-23T09:24:23,ul,ue8,3787824,209631.2572964546,0.209631
2026-06-23T09:24:23,ul,ue9,3788557,1974726.375228374,1.974726
2026-06-23T09:24:23,ul,ue10,3788566,2008267.407031238,2.008267
2026-06-23T09:24:23,ul,ue11,3788575,2008267.407031238,2.008267
2026-06-23T09:24:23,ul,ue12,3788584,1995689.520105164,1.995690
2026-06-23T09:24:23,ul,ue13,3789309,1962148.4883023,1.962148
2026-06-23T09:24:23,ul,ue14,3789318,1953763.230351584,1.953763
2026-06-23T09:24:23,ul,ue15,3789327,1983111.63317909,1.983112
2026-06-23T09:24:23,ul,ue16,3789336,2046000.8976126194,2.046001
2026-06-23T09:24:28,ul,cu_cp,3786797,590770.9135687685,0.590771
2026-06-23T09:24:28,ul,cu_up,3786824,727761.3210899138,0.727761
2026-06-23T09:24:28,ul,du1,3786985,5672256.795356827,5.672257
2026-06-23T09:24:28,ul,du2,3787737,3762953.903362942,3.762954
2026-06-23T09:24:28,ul,du3,3788496,5475333.442204532,5.475333
2026-06-23T09:24:28,ul,du4,3789267,5299814.4745607665,5.299814
2026-06-23T09:24:28,ul,ue1,3787045,2816864.2457338856,2.816864
2026-06-23T09:24:28,ul,ue2,3787053,1720941.3272094773,1.720941
2026-06-23T09:24:28,ul,ue3,3787063,1725222.3068046093,1.725222
2026-06-23T09:24:28,ul,ue4,3787071,1712379.3680192137,1.712379
2026-06-23T09:24:28,ul,ue5,3787798,218328.37924473642,0.218328
2026-06-23T09:24:28,ul,ue6,3787807,218328.37924473642,0.218328
2026-06-23T09:24:28,ul,ue7,3787816,85618.9780097194,0.085619
2026-06-23T09:24:28,ul,ue8,3787824,218328.37924473642,0.218328
2026-06-23T09:24:28,ul,ue9,3788557,1994921.9714293908,1.994922
2026-06-23T09:24:28,ul,ue10,3788566,2033450.6169632005,2.033451
2026-06-23T09:24:28,ul,ue11,3788575,2037731.5965583324,2.037732
2026-06-23T09:24:28,ul,ue12,3788584,2020607.8490001822,2.020608
2026-06-23T09:24:28,ul,ue13,3789309,1969236.435503354,1.969236
2026-06-23T09:24:28,ul,ue14,3789318,1986360.1830615043,1.986360
2026-06-23T09:24:28,ul,ue15,3789327,1982079.2034663726,1.982079
2026-06-23T09:24:28,ul,ue16,3789336,2063417.3033067465,2.063417
2026-06-23T09:24:34,ul,cu_cp,3786797,589222.1888093734,0.589222
2026-06-23T09:24:34,ul,cu_up,3786824,724453.5178333282,0.724454
2026-06-23T09:24:34,ul,du1,3786985,5679715.648154097,5.679716
2026-06-23T09:24:34,ul,du2,3787737,3689882.9546876047,3.689883
2026-06-23T09:24:34,ul,du3,3788496,5457549.606541729,5.457550
2026-06-23T09:24:34,ul,du4,3789267,5365785.676524983,5.365786
2026-06-23T09:24:34,ul,ue1,3787045,2810879.615022912,2.810880
2026-06-23T09:24:34,ul,ue2,3787053,1748347.7319166947,1.748348
2026-06-23T09:24:34,ul,ue3,3787063,1733858.7982416344,1.733859
2026-06-23T09:24:34,ul,ue4,3787071,1738688.4427999877,1.738688
2026-06-23T09:24:34,ul,ue5,3787798,217336.05534999847,0.217336
2026-06-23T09:24:34,ul,ue6,3787807,212506.36807864308,0.212506
2026-06-23T09:24:34,ul,ue7,3787816,82104.7370042941,0.082105
2026-06-23T09:24:34,ul,ue8,3787824,217336.05534999847,0.217336
2026-06-23T09:24:34,ul,ue9,3788557,2004321.2854375362,2.004321
2026-06-23T09:24:34,ul,ue10,3788566,2033299.4944916726,2.033299
2026-06-23T09:24:34,ul,ue11,3788575,2018810.3899646043,2.018810
2026-06-23T09:24:34,ul,ue12,3788584,2033299.4944916726,2.033299
2026-06-23T09:24:34,ul,ue13,3789309,1941535.393622918,1.941535
2026-06-23T09:24:34,ul,ue14,3789318,1970513.4318250464,1.970513
2026-06-23T09:24:34,ul,ue15,3789327,1975343.2472354078,1.975343
2026-06-23T09:24:34,ul,ue16,3789336,2038129.3099020338,2.038129
2026-06-23T09:24:40,ul,cu_cp,3786797,585310.817396627,0.585311
2026-06-23T09:24:40,ul,cu_up,3786824,720754.663050971,0.720755
2026-06-23T09:24:40,ul,du1,3786985,5635430.5297582485,5.635431
2026-06-23T09:24:40,ul,du2,3787737,3768240.826850982,3.768241
2026-06-23T09:24:40,ul,du3,3788496,5412915.942812247,5.412916
2026-06-23T09:24:40,ul,du4,3789267,5340356.585557523,5.340357
2026-06-23T09:24:40,ul,ue1,3787045,2795947.526111691,2.795948
2026-06-23T09:24:40,ul,ue2,3787053,1755932.4094342662,1.755932
2026-06-23T09:24:40,ul,ue3,3787063,1717234.3021935297,1.717234
2026-06-23T09:24:40,ul,ue4,3787071,1722071.501465199,1.722072
2026-06-23T09:24:40,ul,ue5,3787798,227352.14964039891,0.227352
2026-06-23T09:24:40,ul,ue6,3787807,222514.8648574993,0.222515
2026-06-23T09:24:40,ul,ue7,3787816,82233.75579806328,0.082234
2026-06-23T09:24:40,ul,ue8,3787824,217677.58007459968,0.217678
2026-06-23T09:24:40,ul,ue9,3788557,1992959.2782851171,1.992959
2026-06-23T09:24:40,ul,ue10,3788566,2017145.616688385,2.017146
2026-06-23T09:24:40,ul,ue11,3788575,2002633.6768284559,2.002634
2026-06-23T09:24:40,ul,ue12,3788584,2051006.524657452,2.051007
2026-06-23T09:24:40,ul,ue13,3789309,1983284.7087193178,1.983285
2026-06-23T09:24:40,ul,ue14,3789318,2007471.0471225858,2.007471
2026-06-23T09:24:40,ul,ue15,3789327,1992959.2782851171,1.992959
2026-06-23T09:24:40,ul,ue16,3789336,2060681.0942232513,2.060681
2026-06-23T09:24:46,ul,cu_cp,3786797,612870.8309201243,0.612871
2026-06-23T09:24:46,ul,cu_up,3786824,720392.0495587849,0.720392
2026-06-23T09:24:46,ul,du1,3786985,5655615.220542819,5.655615
2026-06-23T09:24:46,ul,du2,3787737,3763241.8408403136,3.763242
2026-06-23T09:24:46,ul,du3,3788496,5429820.580250352,5.429821
2026-06-23T09:24:46,ul,du4,3789267,5429820.580250352,5.429821
2026-06-23T09:24:46,ul,ue1,3787045,2795551.08664837,2.795551
2026-06-23T09:24:46,ul,ue2,3787053,1806356.0972709346,1.806356
2026-06-23T09:24:46,ul,ue3,3787063,1731091.4449665141,1.731091
2026-06-23T09:24:46,ul,ue4,3787071,1763347.6268999504,1.763348
2026-06-23T09:24:46,ul,ue5,3787798,215042.3945661208,0.215042
2026-06-23T09:24:46,ul,ue6,3787807,215042.3945661208,0.215042
2026-06-23T09:24:46,ul,ue7,3787816,86016.96209756836,0.086017
2026-06-23T09:24:46,ul,ue8,3787824,215042.3945661208,0.215042
2026-06-23T09:24:46,ul,ue9,3788557,1967638.0320069266,1.967638
2026-06-23T09:24:46,ul,ue10,3788566,2032150.7375634026,2.032151
2026-06-23T09:24:46,ul,ue11,3788575,2032150.7375634026,2.032151
2026-06-23T09:24:46,ul,ue12,3788584,2064407.0903416406,2.064407
2026-06-23T09:24:46,ul,ue13,3789309,1956885.9144141804,1.956886
2026-06-23T09:24:46,ul,ue14,3789318,1946133.7968214345,1.946134
2026-06-23T09:24:46,ul,ue15,3789327,1956885.9144141804,1.956886
2026-06-23T09:24:46,ul,ue16,3789336,2085911.3255271327,2.085911
2026-06-23T09:24:51,ul,cu_cp,3786797,588406.022241311,0.588406
2026-06-23T09:24:51,ul,cu_up,3786824,698241.8278083962,0.698242
2026-06-23T09:24:51,ul,du1,3786985,5601624.977768311,5.601625
2026-06-23T09:24:51,ul,du2,3787737,3679498.933420837,3.679499
2026-06-23T09:24:51,ul,du3,3788496,5350571.805144911,5.350572
2026-06-23T09:24:51,ul,du4,3789267,5295653.859817021,5.295654
2026-06-23T09:24:51,ul,ue1,3787045,2769430.927394925,2.769431
2026-06-23T09:24:51,ul,ue2,3787053,1773063.4145518935,1.773063
2026-06-23T09:24:51,ul,ue3,3787063,1725990.9872293533,1.725991
2026-06-23T09:24:51,ul,ue4,3787071,1694609.2555627334,1.694609
2026-06-23T09:24:51,ul,ue5,3787798,219671.56858982294,0.219672
2026-06-23T09:24:51,ul,ue6,3787807,219671.56858982294,0.219672
2026-06-23T09:24:51,ul,ue7,3787816,78454.13771698638,0.078454
2026-06-23T09:24:51,ul,ue8,3787824,219671.56858982294,0.219672
2026-06-23T09:24:51,ul,ue9,3788557,1953507.9461914836,1.953508
2026-06-23T09:24:51,ul,ue10,3788566,2024116.587175294,2.024117
2026-06-23T09:24:51,ul,ue11,3788575,2008425.8915193737,2.008426
2026-06-23T09:24:51,ul,ue12,3788584,1984889.5076807141,1.984890
2026-06-23T09:24:51,ul,ue13,3789309,2055498.1486645245,2.055498
2026-06-23T09:24:51,ul,ue14,3789318,1969198.8120247936,1.969199
2026-06-23T09:24:51,ul,ue15,3789327,2039807.453008604,2.039807
2026-06-23T09:24:51,ul,ue16,3789336,1992735.0256860638,1.992735
2026-06-23T09:24:57,ul,cu_cp,3786797,596735.5780934722,0.596736
2026-06-23T09:24:57,ul,cu_up,3786824,717751.8339250922,0.717752
2026-06-23T09:24:57,ul,du1,3786985,5691938.926272464,5.691939
2026-06-23T09:24:57,ul,du2,3787737,3755678.1490818737,3.755678
2026-06-23T09:24:57,ul,du3,3788496,5441560.884515762,5.441561
2026-06-23T09:24:57,ul,du4,3789267,5333062.9238243345,5.333063
2026-06-23T09:24:57,ul,ue1,3787045,2754164.10137223,2.754164
2026-06-23T09:24:57,ul,ue2,3787053,1769341.7977341772,1.769342
2026-06-23T09:24:57,ul,ue3,3787063,1719266.0526059032,1.719266
2026-06-23T09:24:57,ul,ue4,3787071,1710920.0950845242,1.710920
2026-06-23T09:24:57,ul,ue5,3787798,216994.74595608265,0.216995
2026-06-23T09:24:57,ul,ue6,3787807,216994.74595608265,0.216995
2026-06-23T09:24:57,ul,ue7,3787816,87632.48986029178,0.087632
2026-06-23T09:24:57,ul,ue8,3787824,212821.76719539316,0.212822
2026-06-23T09:24:57,ul,ue9,3788557,1994682.4798402428,1.994682
2026-06-23T09:24:57,ul,ue10,3788566,2023893.416650653,2.023893
2026-06-23T09:24:57,ul,ue11,3788575,2007201.3306367279,2.007201
2026-06-23T09:24:57,ul,ue12,3788584,2007201.3306367279,2.007201
2026-06-23T09:24:57,ul,ue13,3789309,2019720.3524043798,2.019720
2026-06-23T09:24:57,ul,ue14,3789318,1998855.3731153489,1.998855
2026-06-23T09:24:57,ul,ue15,3789327,2028066.3099257587,2.028066
2026-06-23T09:24:57,ul,ue16,3789336,1990509.586565137,1.990510
2026-06-23T09:25:03,ul,cu_cp,3786797,590938.7557522929,0.590939
2026-06-23T09:25:03,ul,cu_up,3786824,733434.6256304479,0.733435
2026-06-23T09:25:03,ul,du1,3786985,5766891.473854256,5.766891
2026-06-23T09:25:03,ul,du2,3787737,3662982.406417513,3.662982
2026-06-23T09:25:03,ul,du3,3788496,5561530.117321911,5.561530
2026-06-23T09:25:03,ul,du4,3789267,5310066.97347825,5.310067
2026-06-23T09:25:03,ul,ue1,3787045,2770287.4419201706,2.770287
2026-06-23T09:25:03,ul,ue2,3787053,1772816.3100149822,1.772816
2026-06-23T09:25:03,ul,ue3,3787063,1722523.5444203187,1.722524
2026-06-23T09:25:03,ul,ue4,3787071,1676422.099173832,1.676422
2026-06-23T09:25:03,ul,ue5,3787798,217934.8686167878,0.217935
2026-06-23T09:25:03,ul,ue6,3787807,217934.8686167878,0.217935
2026-06-23T09:25:03,ul,ue7,3787816,83821.09961392864,0.083821
2026-06-23T09:25:03,ul,ue8,3787824,217934.8686167878,0.217935
2026-06-23T09:25:03,ul,ue9,3788557,2032661.7524901675,2.032662
2026-06-23T09:25:03,ul,ue10,3788566,2003324.3914094877,2.003324
2026-06-23T09:25:03,ul,ue11,3788575,2007515.3696928357,2.007515
2026-06-23T09:25:03,ul,ue12,3788584,1986560.1362112665,1.986560
2026-06-23T09:25:03,ul,ue13,3789309,1986560.1362112665,1.986560
2026-06-23T09:25:03,ul,ue14,3789318,1978178.008612156,1.978178
2026-06-23T09:25:03,ul,ue15,3789327,2015897.4972919463,2.015897
2026-06-23T09:25:03,ul,ue16,3789336,2003324.3914094877,2.003324
2026-06-23T09:25:09,ul,cu_cp,3786797,590010.4535295534,0.590010
2026-06-23T09:25:09,ul,cu_up,3786824,718074.7025888157,0.718075
2026-06-23T09:25:09,ul,du1,3786985,5653123.2364190295,5.653123
2026-06-23T09:25:09,ul,du2,3787737,3645258.331451721,3.645258
2026-06-23T09:25:09,ul,du3,3788496,5511337.547816925,5.511338
2026-06-23T09:25:09,ul,du4,3789267,5346683.519413872,5.346684
2026-06-23T09:25:09,ul,ue1,3787045,2744234.604007988,2.744235
2026-06-23T09:25:09,ul,ue2,3787053,1728867.8107759093,1.728868
2026-06-23T09:25:09,ul,ue3,3787063,1719720.4406859397,1.719720
2026-06-23T09:25:09,ul,ue4,3787071,1683130.4477822112,1.683130
2026-06-23T09:25:09,ul,ue5,3787798,219538.76148672105,0.219539
2026-06-23T09:25:09,ul,ue6,3787807,219538.76148672105,0.219539
2026-06-23T09:25:09,ul,ue7,3787816,82327.04089651883,0.082327
2026-06-23T09:25:09,ul,ue8,3787824,214965.05508574247,0.214965
2026-06-23T09:25:09,ul,ue9,3788557,1989569.9939394188,1.989570
2026-06-23T09:25:09,ul,ue10,3788566,2007864.904967308,2.007865
2026-06-23T09:25:09,ul,ue11,3788575,2007864.904967308,2.007865
2026-06-23T09:25:09,ul,ue12,3788584,1971275.0829115296,1.971275
2026-06-23T09:25:09,ul,ue13,3789309,1989569.9939394188,1.989570
2026-06-23T09:25:09,ul,ue14,3789318,1971275.0829115296,1.971275
2026-06-23T09:25:09,ul,ue15,3789327,2026159.8159951973,2.026160
2026-06-23T09:25:09,ul,ue16,3789336,1989569.9939394188,1.989570
2026-06-23T09:25:15,ul,cu_cp,3786797,592134.3596128378,0.592134
2026-06-23T09:25:15,ul,cu_up,3786824,732887.6670116746,0.732888
2026-06-23T09:25:15,ul,du1,3786985,5761176.33066732,5.761176
2026-06-23T09:25:15,ul,du2,3787737,3703266.5084150266,3.703267
2026-06-23T09:25:15,ul,du3,3788496,5528205.232669708,5.528205
2026-06-23T09:25:15,ul,du4,3789267,5397159.483074457,5.397159
2026-06-23T09:25:15,ul,ue1,3787045,2771383.1453534295,2.771383
2026-06-23T09:25:15,ul,ue2,3787053,1761842.578137821,1.761843
2026-06-23T09:25:15,ul,ue3,3787063,1752135.3204384816,1.752135
2026-06-23T09:25:15,ul,ue4,3787071,1698746.0890446783,1.698746
2026-06-23T09:25:15,ul,ue5,3787798,213556.6683430022,0.213557
2026-06-23T09:25:15,ul,ue6,3787807,213556.6683430022,0.213557
2026-06-23T09:25:15,ul,ue7,3787816,77656.96299881297,0.077657
2026-06-23T09:25:15,ul,ue8,3787824,218410.2328846191,0.218410
2026-06-23T09:25:15,ul,ue9,3788557,2023934.5917927455,2.023935
2026-06-23T09:25:15,ul,ue10,3788566,2004520.4193703486,2.004520
2026-06-23T09:25:15,ul,ue11,3788575,1999666.9620088197,1.999667
2026-06-23T09:25:15,ul,ue12,3788584,2009374.0482200182,2.009374
2026-06-23T09:25:15,ul,ue13,3789309,2038495.3068536138,2.038495
2026-06-23T09:25:15,ul,ue14,3789318,1975399.1607367527,1.975399
2026-06-23T09:25:15,ul,ue15,3789327,2048202.5645529532,2.048203
2026-06-23T09:25:15,ul,ue16,3789336,1980252.7895864225,1.980253
2026-06-23T09:25:20,ul,cu_cp,3786797,585783.2565094328,0.585783
2026-06-23T09:25:20,ul,cu_up,3786824,721336.4760516179,0.721336
2026-06-23T09:25:20,ul,du1,3786985,5586726.468146295,5.586726
2026-06-23T09:25:20,ul,du2,3787737,3650252.929666951,3.650253
2026-06-23T09:25:20,ul,du3,3788496,5441490.961313753,5.441491
2026-06-23T09:25:20,ul,du4,3789267,5397920.240836723,5.397920
2026-06-23T09:25:20,ul,ue1,3787045,2711063.193366519,2.711063
2026-06-23T09:25:20,ul,ue2,3787053,1742826.253058678,1.742826
2026-06-23T09:25:20,ul,ue3,3787063,1713779.220119437,1.713779
2026-06-23T09:25:20,ul,ue4,3787071,1684732.187180196,1.684732
2026-06-23T09:25:20,ul,ue5,3787798,222694.46804455563,0.222694
2026-06-23T09:25:20,ul,ue6,3787807,213012.09522011384,0.213012
2026-06-23T09:25:20,ul,ue7,3787816,82300.126240713,0.082300
2026-06-23T09:25:20,ul,ue8,3787824,217853.28163233475,0.217853
2026-06-23T09:25:20,ul,ue9,3788557,1984885.4881356382,1.984885
2026-06-23T09:25:20,ul,ue10,3788566,1989726.7173149013,1.989727
2026-06-23T09:25:20,ul,ue11,3788575,2013932.6921430482,2.013933
2026-06-23T09:25:20,ul,ue12,3788584,1994567.7754259957,1.994568
2026-06-23T09:25:20,ul,ue13,3789309,2076868.1582689618,2.076868
2026-06-23T09:25:20,ul,ue14,3789318,1965520.7424867547,1.965521
2026-06-23T09:25:20,ul,ue15,3789327,1994567.7754259957,1.994568
2026-06-23T09:25:20,ul,ue16,3789336,1999409.0046052588,1.999409
2026-06-23T09:25:26,ul,cu_cp,3786797,587051.7797463334,0.587052
2026-06-23T09:25:26,ul,cu_up,3786824,715469.308429969,0.715469
2026-06-23T09:25:26,ul,du1,3786985,5595336.68203145,5.595337
2026-06-23T09:25:26,ul,du2,3787737,3742454.817764487,3.742455
2026-06-23T09:25:26,ul,du3,3788496,5421055.890833833,5.421056
2026-06-23T09:25:26,ul,du4,3789267,5329329.194656093,5.329329
2026-06-23T09:25:26,ul,ue1,3787045,2687596.2713724817,2.687596
2026-06-23T09:25:26,ul,ue2,3787053,1742809.9657734965,1.742810
2026-06-23T09:25:26,ul,ue3,3787063,1696946.4465348495,1.696946
2026-06-23T09:25:26,ul,ue4,3787071,1696946.4465348495,1.696946
2026-06-23T09:25:26,ul,ue5,3787798,201799.0225456494,0.201799
2026-06-23T09:25:26,ul,ue6,3787807,210971.70927840113,0.210972
2026-06-23T09:25:26,ul,ue7,3787816,91726.82454007298,0.091727
2026-06-23T09:25:26,ul,ue8,3787824,210971.70927840113,0.210972
2026-06-23T09:25:26,ul,ue9,3788557,1990472.2508331274,1.990472
2026-06-23T09:25:26,ul,ue10,3788566,1972126.877367624,1.972127
2026-06-23T09:25:26,ul,ue11,3788575,1972126.877367624,1.972127
2026-06-23T09:25:26,ul,ue12,3788584,1962954.276209761,1.962954
2026-06-23T09:25:26,ul,ue13,3789309,2017990.3966062712,2.017990
2026-06-23T09:25:26,ul,ue14,3789318,2008817.624298631,2.008818
2026-06-23T09:25:26,ul,ue15,3789327,1981299.6496752643,1.981300
2026-06-23T09:25:26,ul,ue16,3789336,2008817.624298631,2.008818
2026-06-23T09:25:32,ul,cu_cp,3786797,591553.103774339,0.591553
2026-06-23T09:25:32,ul,cu_up,3786824,719841.649055624,0.719842
2026-06-23T09:25:32,ul,du1,3786985,5715970.585658874,5.715971
2026-06-23T09:25:32,ul,du2,3787737,3670479.938868723,3.670480
2026-06-23T09:25:32,ul,du3,3788496,5552046.236224813,5.552046
2026-06-23T09:25:32,ul,du4,3789267,5331104.395462189,5.331104
2026-06-23T09:25:32,ul,ue1,3787045,2772459.567546897,2.772460
2026-06-23T09:25:32,ul,ue2,3787053,1739023.42188519,1.739023
2026-06-23T09:25:32,ul,ue3,3787063,1689133.5433979512,1.689134
2026-06-23T09:25:32,ul,ue4,3787071,1710515.0173611117,1.710515
2026-06-23T09:25:32,ul,ue5,3787798,213814.37717013896,0.213814
2026-06-23T09:25:32,ul,ue6,3787807,206687.21207533122,0.206687
2026-06-23T09:25:32,ul,ue7,3787816,78398.59749994233,0.078399
2026-06-23T09:25:32,ul,ue8,3787824,213814.37717013896,0.213814
2026-06-23T09:25:32,ul,ue9,3788557,2024109.3433970928,2.024109
2026-06-23T09:25:32,ul,ue10,3788566,1981346.3954707717,1.981346
2026-06-23T09:25:32,ul,ue11,3788575,1931456.3464134312,1.931456
2026-06-23T09:25:32,ul,ue12,3788584,1945710.719245572,1.945711
2026-06-23T09:25:32,ul,ue13,3789309,1952837.9909466933,1.952838
2026-06-23T09:25:32,ul,ue14,3789318,2002727.8694339322,2.002728
2026-06-23T09:25:32,ul,ue15,3789327,1981346.3954707717,1.981346
2026-06-23T09:25:32,ul,ue16,3789336,1967092.0226386308,1.967092
2026-06-23T09:25:38,ul,cu_cp,3786797,588050.6992574519,0.588051
2026-06-23T09:25:38,ul,cu_up,3786824,729850.1322657013,0.729850
2026-06-23T09:25:38,ul,du1,3786985,5709513.37123971,5.709513
2026-06-23T09:25:38,ul,du2,3787737,3657591.9679614212,3.657592
2026-06-23T09:25:38,ul,du3,3788496,5576055.544222207,5.576056
2026-06-23T09:25:38,ul,du4,3789267,5304968.381562653,5.304968
2026-06-23T09:25:38,ul,ue1,3787045,2752577.817636881,2.752578
2026-06-23T09:25:38,ul,ue2,3787053,1734958.0805074144,1.734958
2026-06-23T09:25:38,ul,ue3,3787063,1714105.327109983,1.714105
2026-06-23T09:25:38,ul,ue4,3787071,1701593.5382222296,1.701594
2026-06-23T09:25:38,ul,ue5,3787798,221040.3492317772,0.221040
2026-06-23T09:25:38,ul,ue6,3787807,225210.9170174253,0.225211
2026-06-23T09:25:38,ul,ue7,3787816,79240.87880379878,0.079241
2026-06-23T09:25:38,ul,ue8,3787824,212699.1922777787,0.212699
2026-06-23T09:25:38,ul,ue9,3788557,1976851.3541982411,1.976851
2026-06-23T09:25:38,ul,ue10,3788566,1951827.9474843526,1.951828
2026-06-23T09:25:38,ul,ue11,3788575,1968510.218626945,1.968510
2026-06-23T09:25:38,ul,ue12,3788584,1960169.0830556487,1.960169
2026-06-23T09:25:38,ul,ue13,3789309,1918463.2341375493,1.918463
2026-06-23T09:25:38,ul,ue14,3789318,2006045.4142285872,2.006045
2026-06-23T09:25:38,ul,ue15,3789327,1985192.4897695375,1.985192
2026-06-23T09:25:38,ul,ue16,3789336,1964339.5653104878,1.964340
2026-06-23T09:25:43,ul,cu_cp,3786797,594790.6833534479,0.594791
2026-06-23T09:25:43,ul,cu_up,3786824,733997.0007307029,0.733997
2026-06-23T09:25:43,ul,du1,3786985,5618874.047092028,5.618874
2026-06-23T09:25:43,ul,du2,3787737,3640456.3389148805,3.640456
2026-06-23T09:25:43,ul,du3,3788496,5534506.384560671,5.534506
2026-06-23T09:25:43,ul,du4,3789267,5348897.732759781,5.348898
2026-06-23T09:25:43,ul,ue1,3787045,2750379.6940687466,2.750380
2026-06-23T09:25:43,ul,ue2,3787053,1767498.551848755,1.767499
2026-06-23T09:25:43,ul,ue3,3787063,1754843.4710584164,1.754843
2026-06-23T09:25:43,ul,ue4,3787071,1691567.7241598987,1.691568
2026-06-23T09:25:43,ul,ue5,3787798,215137.05932940484,0.215137
2026-06-23T09:25:43,ul,ue6,3787807,219355.43388230205,0.219355
2026-06-23T09:25:43,ul,ue7,3787816,84367.47498231188,0.084367
2026-06-23T09:25:43,ul,ue8,3787824,219355.43388230205,0.219355
2026-06-23T09:25:43,ul,ue9,3788557,2012164.190180087,2.012164
2026-06-23T09:25:43,ul,ue10,3788566,1986854.02859941,1.986854
2026-06-23T09:25:43,ul,ue11,3788575,1986854.02859941,1.986854
2026-06-23T09:25:43,ul,ue12,3788584,1982635.6111781597,1.982636
2026-06-23T09:25:43,ul,ue13,3789309,2020601.0250225877,2.020601
2026-06-23T09:25:43,ul,ue14,3789318,2007945.9442322492,2.007946
2026-06-23T09:25:43,ul,ue15,3789327,2033256.1058129263,2.033256
2026-06-23T09:25:43,ul,ue16,3789336,1999509.1093897487,1.999509
2026-06-23T09:25:49,ul,cu_cp,3786797,589906.8737820864,0.589907
2026-06-23T09:25:49,ul,cu_up,3786824,715624.6872044087,0.715625
2026-06-23T09:25:49,ul,du1,3786985,5623456.568869924,5.623457
2026-06-23T09:25:49,ul,du2,3787737,3665159.0561148403,3.665159
2026-06-23T09:25:49,ul,du3,3788496,5444550.225793481,5.444550
2026-06-23T09:25:49,ul,du4,3789267,5343009.297028136,5.343009
2026-06-23T09:25:49,ul,ue1,3787045,2731945.8325044634,2.731946
2026-06-23T09:25:49,ul,ue2,3787053,1764885.3471800685,1.764885
2026-06-23T09:25:49,ul,ue3,3787063,1721367.7084090114,1.721368
2026-06-23T09:25:49,ul,ue4,3787071,1726202.982575202,1.726203
2026-06-23T09:25:49,ul,ue5,3787798,217588.60063422174,0.217589
2026-06-23T09:25:49,ul,ue6,3787807,217588.60063422174,0.217589
2026-06-23T09:25:49,ul,ue7,3787816,82200.1371847842,0.082200
2026-06-23T09:25:49,ul,ue8,3787824,212753.30505861342,0.212753
2026-06-23T09:25:49,ul,ue9,3788557,1948626.7931473614,1.948627
2026-06-23T09:25:49,ul,ue10,3788566,2016320.974024713,2.016321
2026-06-23T09:25:49,ul,ue11,3788575,2001815.1515261412,2.001815
2026-06-23T09:25:49,ul,ue12,3788584,2011485.6998585225,2.011486
2026-06-23T09:25:49,ul,ue13,3789309,1972803.335253656,1.972803
2026-06-23T09:25:49,ul,ue14,3789318,2045332.7902971983,2.045333
2026-06-23T09:25:49,ul,ue15,3789327,1958297.3414797424,1.958297
2026-06-23T09:25:49,ul,ue16,3789336,2030826.9677986265,2.030827
2026-06-23T09:25:55,ul,cu_cp,3786797,587439.0499639958,0.587439
2026-06-23T09:25:55,ul,cu_up,3786824,723375.2527272254,0.723375
2026-06-23T09:25:55,ul,du1,3786985,5631646.557549596,5.631647
2026-06-23T09:25:55,ul,du2,3787737,3699409.3686142564,3.699409
2026-06-23T09:25:55,ul,du3,3788496,5403468.30516994,5.403468
2026-06-23T09:25:55,ul,du4,3789267,5432596.940134585,5.432597
2026-06-23T09:25:55,ul,ue1,3787045,2752710.0356515646,2.752710
2026-06-23T09:25:55,ul,ue2,3787053,1733187.9145774245,1.733188
2026-06-23T09:25:55,ul,ue3,3787063,1728332.970554769,1.728333
2026-06-23T09:25:55,ul,ue4,3787071,1742897.6310941875,1.742898
2026-06-23T09:25:55,ul,ue5,3787798,208759.3124907054,0.208759
2026-06-23T09:25:55,ul,ue6,3787807,208759.3124907054,0.208759
2026-06-23T09:25:55,ul,ue7,3787816,82532.75120049901,0.082533
2026-06-23T09:25:55,ul,ue8,3787824,218469.05044853687,0.218469
2026-06-23T09:25:55,ul,ue9,3788557,1985641.0585989058,1.985641
2026-06-23T09:25:55,ul,ue10,3788566,2005060.4916324317,2.005060
2026-06-23T09:25:55,ul,ue11,3788575,2000205.5476097763,2.000206
2026-06-23T09:25:55,ul,ue12,3788584,2024479.9246659577,2.024480
2026-06-23T09:25:55,ul,ue13,3789309,1966221.6255653799,1.966222
2026-06-23T09:25:55,ul,ue14,3789318,2029334.8686886132,2.029335
2026-06-23T09:25:55,ul,ue15,3789327,1975931.3420821428,1.975931
2026-06-23T09:25:55,ul,ue16,3789336,2034189.6411827207,2.034190
2026-06-23T09:26:01,ul,cu_cp,3786797,581344.5307887471,0.581345
2026-06-23T09:26:01,ul,cu_up,3786824,723938.4932929361,0.723938
2026-06-23T09:26:01,ul,du1,3786985,5583101.2146114735,5.583101
2026-06-23T09:26:01,ul,du2,3787737,3685505.1501180218,3.685505
2026-06-23T09:26:01,ul,du3,3788496,5418569.890563302,5.418570
2026-06-23T09:26:01,ul,du4,3789267,5363725.887681952,5.363726
2026-06-23T09:26:01,ul,ue1,3787045,2818972.4375974415,2.818972
2026-06-23T09:26:01,ul,ue2,3787053,1733064.74044528,1.733065
2026-06-23T09:26:01,ul,ue3,3787063,1744033.5067917563,1.744034
2026-06-23T09:26:01,ul,ue4,3787071,1678221.0798618698,1.678221
2026-06-23T09:26:01,ul,ue5,3787798,219375.28414227904,0.219375
2026-06-23T09:26:01,ul,ue6,3787807,208406.53918942422,0.208407
2026-06-23T09:26:01,ul,ue7,3787816,76781.3537285219,0.076781
2026-06-23T09:26:01,ul,ue8,3787824,219375.28414227904,0.219375
2026-06-23T09:26:01,ul,ue9,3788557,1941471.4721772957,1.941471
2026-06-23T09:26:01,ul,ue10,3788566,1996315.132760706,1.996315
2026-06-23T09:26:01,ul,ue11,3788575,1963409.0048702478,1.963409
2026-06-23T09:26:01,ul,ue12,3788584,1941471.4721772957,1.941471
2026-06-23T09:26:01,ul,ue13,3789309,1952440.2385237718,1.952440
2026-06-23T09:26:01,ul,ue14,3789318,1985346.3664142299,1.985346
2026-06-23T09:26:01,ul,ue15,3789327,1963409.0048702478,1.963409
2026-06-23T09:26:01,ul,ue16,3789336,1996315.132760706,1.996315
2026-06-23T09:26:06,ul,cu_cp,3786797,578429.9391705036,0.578430
2026-06-23T09:26:06,ul,cu_up,3786824,706969.9922968823,0.706970
2026-06-23T09:26:06,ul,du1,3786985,5575421.837506621,5.575422
2026-06-23T09:26:06,ul,du2,3787737,3655355.998879466,3.655356
2026-06-23T09:26:06,ul,du3,3788496,5390646.1591317775,5.390646
2026-06-23T09:26:06,ul,du4,3789267,5390646.1591317775,5.390646
2026-06-23T09:26:06,ul,ue1,3787045,2723441.1920883213,2.723441
2026-06-23T09:26:06,ul,ue2,3787053,1767424.8522144055,1.767425
2026-06-23T09:26:06,ul,ue3,3787063,1735289.8175115108,1.735290
2026-06-23T09:26:06,ul,ue4,3787071,1727255.9731505872,1.727256
2026-06-23T09:26:06,ul,ue5,3787798,216911.22718893885,0.216911
2026-06-23T09:26:06,ul,ue6,3787807,216911.22718893885,0.216911
2026-06-23T09:26:06,ul,ue7,3787816,72303.74239631295,0.072304
2026-06-23T09:26:06,ul,ue8,3787824,216911.22718893885,0.216911
2026-06-23T09:26:06,ul,ue9,3788557,2000403.5967547917,2.000404
2026-06-23T09:26:06,ul,ue10,3788566,1952201.0447004498,1.952201
2026-06-23T09:26:06,ul,ue11,3788575,1992369.752393868,1.992370
2026-06-23T09:26:06,ul,ue12,3788584,2000403.5967547917,2.000404
2026-06-23T09:26:06,ul,ue13,3789309,1992369.752393868,1.992370
2026-06-23T09:26:06,ul,ue14,3789318,1976302.4064128208,1.976302
2026-06-23T09:26:06,ul,ue15,3789327,2008437.4411157155,2.008437
2026-06-23T09:26:06,ul,ue16,3789336,1976302.4064128208,1.976302
2026-06-23T09:26:12,ul,cu_cp,3786797,585989.3272093991,0.585989
2026-06-23T09:26:12,ul,cu_up,3786824,713378.2704991645,0.713378
2026-06-23T09:26:12,ul,du1,3786985,5611485.022892659,5.611485
2026-06-23T09:26:12,ul,du2,3787737,3707019.527797332,3.707020
2026-06-23T09:26:12,ul,du3,3788496,5433140.305661578,5.433140
2026-06-23T09:26:12,ul,du4,3789267,5318490.2524263235,5.318490
2026-06-23T09:26:12,ul,ue1,3787045,2757971.598938768,2.757972
2026-06-23T09:26:12,ul,ue2,3787053,1732490.244263829,1.732490
2026-06-23T09:26:12,ul,ue3,3787063,1738859.539684795,1.738860
2026-06-23T09:26:12,ul,ue4,3787071,1719751.3114646638,1.719751
2026-06-23T09:26:12,ul,ue5,3787798,222930.7255602342,0.222931
2026-06-23T09:26:12,ul,ue6,3787807,222930.7255602342,0.222931
2026-06-23T09:26:12,ul,ue7,3787816,82802.83878513999,0.082803
2026-06-23T09:26:12,ul,ue8,3787824,203822.36910614042,0.203822
2026-06-23T09:26:12,ul,ue9,3788557,2019115.5483305813,2.019116
2026-06-23T09:26:12,ul,ue10,3788566,1987268.216332668,1.987268
2026-06-23T09:26:12,ul,ue11,3788575,2050962.709349878,2.050963
2026-06-23T09:26:12,ul,ue12,3788584,2038223.7765507125,2.038224
2026-06-23T09:26:12,ul,ue13,3789309,1955421.0553133714,1.955421
2026-06-23T09:26:12,ul,ue14,3789318,2006376.4445527995,2.006376
2026-06-23T09:26:12,ul,ue15,3789327,2006376.4445527995,2.006376
2026-06-23T09:26:12,ul,ue16,3789336,2006376.4445527995,2.006376
2026-06-23T09:26:18,ul,cu_cp,3786797,589999.2173379981,0.589999
2026-06-23T09:26:18,ul,cu_up,3786824,715531.0140122431,0.715531
2026-06-23T09:26:18,ul,du1,3786985,5581979.036674533,5.581979
2026-06-23T09:26:18,ul,du2,3787737,3652973.9595872355,3.652974
2026-06-23T09:26:18,ul,du3,3788496,5489922.354366999,5.489922
2026-06-23T09:26:18,ul,du4,3789267,5389496.882758779,5.389497
2026-06-23T09:26:18,ul,ue1,3787045,2736592.216538699,2.736592
2026-06-23T09:26:18,ul,ue2,3787053,1723969.3965322853,1.723969
2026-06-23T09:26:18,ul,ue3,3787063,1732338.357177086,1.732338
2026-06-23T09:26:18,ul,ue4,3787071,1665388.0427716065,1.665388
2026-06-23T09:26:18,ul,ue5,3787798,213403.99865937888,0.213404
2026-06-23T09:26:18,ul,ue6,3787807,217588.39330972134,0.217588
2026-06-23T09:26:18,ul,ue7,3787816,79503.44481147066,0.079503
2026-06-23T09:26:18,ul,ue8,3787824,209219.6040090364,0.209220
2026-06-23T09:26:18,ul,ue9,3788557,2000139.272110772,2.000139
2026-06-23T09:26:18,ul,ue10,3788566,1958295.3256073475,1.958295
2026-06-23T09:26:18,ul,ue11,3788575,2021061.2453624844,2.021061
2026-06-23T09:26:18,ul,ue12,3788584,1966664.1149080324,1.966664
2026-06-23T09:26:18,ul,ue13,3789309,1970848.6809024906,1.970849
2026-06-23T09:26:18,ul,ue14,3789318,2021061.2453624844,2.021061
2026-06-23T09:26:18,ul,ue15,3789327,2012692.4560617995,2.012692
2026-06-23T09:26:18,ul,ue16,3789336,2008508.2327555728,2.008508
2026-06-23T09:26:24,ul,cu_cp,3786797,579203.8217262697,0.579204
2026-06-23T09:26:24,ul,cu_up,3786824,719479.8320295238,0.719480
2026-06-23T09:26:24,ul,du1,3786985,5683437.648043671,5.683438
2026-06-23T09:26:24,ul,du2,3787737,3610974.30631691,3.610974
2026-06-23T09:26:24,ul,du3,3788496,5475286.721363297,5.475287
2026-06-23T09:26:24,ul,du4,3789267,5362160.531863746,5.362161
2026-06-23T09:26:24,ul,ue1,3787045,2810043.8544724844,2.810044
2026-06-23T09:26:24,ul,ue2,3787053,1760236.7802389718,1.760237
2026-06-23T09:26:24,ul,ue3,3787063,1733086.4879003905,1.733086
2026-06-23T09:26:24,ul,ue4,3787071,1692361.3065933608,1.692361
2026-06-23T09:26:24,ul,ue5,3787798,221726.48008433104,0.221726
2026-06-23T09:26:24,ul,ue6,3787807,221726.48008433104,0.221726
2026-06-23T09:26:24,ul,ue7,3787816,85975.5756599164,0.085976
2026-06-23T09:26:24,ul,ue8,3787824,217201.45993910552,0.217201
2026-06-23T09:26:24,ul,ue9,3788557,2022688.463063736,2.022688
2026-06-23T09:26:24,ul,ue10,3788566,1995538.3421923828,1.995538
2026-06-23T09:26:24,ul,ue11,3788575,2040788.543644638,2.040789
2026-06-23T09:26:24,ul,ue12,3788584,2027213.4832089616,2.027213
2026-06-23T09:26:24,ul,ue13,3789309,1977438.0901442529,1.977438
2026-06-23T09:26:24,ul,ue14,3789318,2022688.463063736,2.022688
2026-06-23T09:26:24,ul,ue15,3789327,2013638.594240513,2.013639
2026-06-23T09:26:24,ul,ue16,3789336,2018163.4429185104,2.018163
2026-06-23T09:26:29,ul,cu_cp,3786797,592141.2501284948,0.592141
2026-06-23T09:26:29,ul,cu_up,3786824,713481.7113522559,0.713482
2026-06-23T09:26:29,ul,du1,3786985,5702999.833997807,5.703000
2026-06-23T09:26:29,ul,du2,3787737,3630505.5228568767,3.630506
2026-06-23T09:26:29,ul,du3,3788496,5513709.021456084,5.513709
2026-06-23T09:26:29,ul,du4,3789267,5358393.148774404,5.358393
2026-06-23T09:26:29,ul,ue1,3787045,2771415.3952282164,2.771415
2026-06-23T09:26:29,ul,ue2,3787053,1776423.7932580186,1.776424
2026-06-23T09:26:29,ul,ue3,3787063,1757009.2234277404,1.757009
2026-06-23T09:26:29,ul,ue4,3787071,1703619.5422472823,1.703620
2026-06-23T09:26:29,ul,ue5,3787798,218412.77446847572,0.218413
2026-06-23T09:26:29,ul,ue6,3787807,218412.77446847572,0.218413
2026-06-23T09:26:29,ul,ue7,3787816,77657.86667297196,0.077658
2026-06-23T09:26:29,ul,ue8,3787824,213559.15344717324,0.213559
2026-06-23T09:26:29,ul,ue9,3788557,1994836.5462902272,1.994837
2026-06-23T09:26:29,ul,ue10,3788566,1980275.833280189,1.980276
2026-06-23T09:26:29,ul,ue11,3788575,1980275.833280189,1.980276
2026-06-23T09:26:29,ul,ue12,3788584,1985129.3471201563,1.985129
2026-06-23T09:26:29,ul,ue13,3789309,1956007.5781198072,1.956008
2026-06-23T09:26:29,ul,ue14,3789318,2023958.1438004398,2.023958
2026-06-23T09:26:29,ul,ue15,3789327,1985129.3471201563,1.985129
2026-06-23T09:26:29,ul,ue16,3789336,1989982.8609601236,1.989983
2026-06-23T09:26:35,ul,cu_cp,3786797,582861.9459450126,0.582862
2026-06-23T09:26:35,ul,cu_up,3786824,718863.0981571346,0.718863
2026-06-23T09:26:35,ul,du1,3786985,5590617.711473393,5.590618
2026-06-23T09:26:35,ul,du2,3787737,3628315.8325176,3.628316
2026-06-23T09:26:35,ul,du3,3788496,5493474.196959615,5.493474
2026-06-23T09:26:35,ul,du4,3789267,5396330.3389008995,5.396330
2026-06-23T09:26:35,ul,ue1,3787045,2788023.126502657,2.788023
2026-06-23T09:26:35,ul,ue2,3787053,1768014.5063832998,1.768015
2026-06-23T09:26:35,ul,ue3,3787063,1753443.0479152203,1.753443
2026-06-23T09:26:35,ul,ue4,3787071,1695156.8704979657,1.695157
2026-06-23T09:26:35,ul,ue5,3787798,213716.04112075566,0.213716
2026-06-23T09:26:35,ul,ue6,3787807,218573.2297293797,0.218573
2026-06-23T09:26:35,ul,ue7,3787816,87429.2929653298,0.087429
2026-06-23T09:26:35,ul,ue8,3787824,223430.41833800374,0.223430
2026-06-23T09:26:35,ul,ue9,3788557,2035159.6866135956,2.035160
2026-06-23T09:26:35,ul,ue10,3788566,1981730.7192765237,1.981731
2026-06-23T09:26:35,ul,ue11,3788575,1976873.509196341,1.976874
2026-06-23T09:26:35,ul,ue12,3788584,1981730.7192765237,1.981731
2026-06-23T09:26:35,ul,ue13,3789309,1991444.9676644206,1.991445
2026-06-23T09:26:35,ul,ue14,3789318,2020588.0563730479,2.020588
2026-06-23T09:26:35,ul,ue15,3789327,2006016.5979049683,2.006017
2026-06-23T09:26:35,ul,ue16,3789336,2030302.476533413,2.030302
2026-06-23T09:26:41,ul,cu_cp,3786797,609203.5288418644,0.609204
2026-06-23T09:26:41,ul,cu_up,3786824,705902.4921445763,0.705902
2026-06-23T09:26:41,ul,du1,3786985,5608540.386141114,5.608540
2026-06-23T09:26:41,ul,du2,3787737,3809939.548641114,3.809940
2026-06-23T09:26:41,ul,du3,3788496,5434482.406571381,5.434482
2026-06-23T09:26:41,ul,du4,3789267,5415142.631063633,5.415143
2026-06-23T09:26:41,ul,ue1,3787045,2784930.417562809,2.784930
2026-06-23T09:26:41,ul,ue2,3787053,1779261.0619922518,1.779261
2026-06-23T09:26:41,ul,ue3,3787063,1740581.339448813,1.740581
2026-06-23T09:26:41,ul,ue4,3787071,1730911.451694939,1.730911
2026-06-23T09:26:41,ul,ue5,3787798,222407.63274903147,0.222408
2026-06-23T09:26:41,ul,ue6,3787807,212737.7235541646,0.212738
2026-06-23T09:26:41,ul,ue7,3787816,87029.07554883778,0.087029
2026-06-23T09:26:41,ul,ue8,3787824,212737.7235541646,0.212738
2026-06-23T09:26:41,ul,ue9,3788557,1982328.8763515495,1.982329
2026-06-23T09:26:41,ul,ue10,3788566,2001668.6518592976,2.001669
2026-06-23T09:26:41,ul,ue11,3788575,2001668.6518592976,2.001669
2026-06-23T09:26:41,ul,ue12,3788584,2088697.8131721066,2.088698
2026-06-23T09:26:41,ul,ue13,3789309,2001668.6518592976,2.001669
2026-06-23T09:26:41,ul,ue14,3789318,2040348.3744027363,2.040348
2026-06-23T09:26:41,ul,ue15,3789327,1972658.9885976755,1.972659
2026-06-23T09:26:41,ul,ue16,3789336,2040348.3744027363,2.040348
2026-06-23T09:26:47,ul,cu_cp,3786797,600480.6175382531,0.600481
2026-06-23T09:26:47,ul,cu_up,3786824,732293.4381146001,0.732293
2026-06-23T09:26:47,ul,du1,3786985,5748503.394835062,5.748503
2026-06-23T09:26:47,ul,du2,3787737,3683436.1155324937,3.683436
2026-06-23T09:26:47,ul,du3,3788496,5448263.193298378,5.448263
2026-06-23T09:26:47,ul,du4,3789267,5397002.311202259,5.397002
2026-06-23T09:26:47,ul,ue1,3787045,2782714.8246348095,2.782715
2026-06-23T09:26:47,ul,ue2,3787053,1779473.1421201515,1.779473
2026-06-23T09:26:47,ul,ue3,3787063,1742858.3243782998,1.742858
2026-06-23T09:26:47,ul,ue4,3787071,1691597.7854259969,1.691598
2026-06-23T09:26:47,ul,ue5,3787798,219688.02714508236,0.219688
2026-06-23T09:26:47,ul,ue6,3787807,219688.02714508236,0.219688
2026-06-23T09:26:47,ul,ue7,3787816,80552.27090079994,0.080552
2026-06-23T09:26:47,ul,ue8,3787824,212365.0807539028,0.212365
2026-06-23T09:26:47,ul,ue9,3788557,2006484.051316948,2.006484
2026-06-23T09:26:47,ul,ue10,3788566,1977192.2657522296,1.977192
2026-06-23T09:26:47,ul,ue11,3788575,2006484.051316948,2.006484
2026-06-23T09:26:47,ul,ue12,3788584,1962546.3729698705,1.962546
2026-06-23T09:26:47,ul,ue13,3789309,1984515.1263574553,1.984515
2026-06-23T09:26:47,ul,ue14,3789318,2043098.6974868916,2.043099
2026-06-23T09:26:47,ul,ue15,3789327,2006484.051316948,2.006484
2026-06-23T09:26:47,ul,ue16,3789336,2035775.8368816662,2.035776
2026-06-23T09:26:52,ul,cu_cp,3786797,578180.644341315,0.578181
2026-06-23T09:26:52,ul,cu_up,3786824,720630.9829083515,0.720631
2026-06-23T09:26:52,ul,du1,3786985,5685442.845067249,5.685443
2026-06-23T09:26:52,ul,du2,3787737,3645051.794786739,3.645052
2026-06-23T09:26:52,ul,du3,3788496,5421491.209886456,5.421491
2026-06-23T09:26:52,ul,du4,3789267,5417301.435886131,5.417301
2026-06-23T09:26:52,ul,ue1,3787045,2777780.9572385075,2.777781
2026-06-23T09:26:52,ul,ue2,3787053,1751300.943049419,1.751301
2026-06-23T09:26:52,ul,ue3,3787063,1713593.3209498,1.713593
2026-06-23T09:26:52,ul,ue4,3787071,1705213.9449008035,1.705214
2026-06-23T09:26:52,ul,ue5,3787798,217865.15288713932,0.217865
2026-06-23T09:26:52,ul,ue6,3787807,217865.15288713932,0.217865
2026-06-23T09:26:52,ul,ue7,3787816,79604.58294693894,0.079605
2026-06-23T09:26:52,ul,ue8,3787824,217865.15288713932,0.217865
2026-06-23T09:26:52,ul,ue9,3788557,2036201.4482318377,2.036201
2026-06-23T09:26:52,ul,ue10,3788566,1981735.074034226,1.981735
2026-06-23T09:26:52,ul,ue11,3788575,2015252.7501818656,2.015253
2026-06-23T09:26:52,ul,ue12,3788584,1990114.6220348764,1.990115
2026-06-23T09:26:52,ul,ue13,3789309,1990114.6220348764,1.990115
2026-06-23T09:26:52,ul,ue14,3789318,2065529.3503791522,2.065529
2026-06-23T09:26:52,ul,ue15,3789327,2019442.524182191,2.019443
2026-06-23T09:26:52,ul,ue16,3789336,2027821.9002311872,2.027822
2026-06-23T09:26:58,ul,cu_cp,3786797,593050.8083864838,0.593051
2026-06-23T09:26:58,ul,cu_up,3786824,727643.8746940255,0.727644
2026-06-23T09:26:58,ul,du1,3786985,5682352.206371844,5.682352
2026-06-23T09:26:58,ul,du2,3787737,3684485.86607523,3.684486
2026-06-23T09:26:58,ul,du3,3788496,5463638.377064049,5.463638
2026-06-23T09:26:58,ul,du4,3789267,5392135.6469759345,5.392136
2026-06-23T09:26:58,ul,ue1,3787045,2775982.5182979284,2.775983
2026-06-23T09:26:58,ul,ue2,3787053,1766534.2205885767,1.766534
2026-06-23T09:26:58,ul,ue3,3787063,1741298.1547643007,1.741298
2026-06-23T09:26:58,ul,ue4,3787071,1716061.917281288,1.716062
2026-06-23T09:26:58,ul,ue5,3787798,218713.78639311047,0.218714
2026-06-23T09:26:58,ul,ue6,3787807,214507.739660161,0.214508
2026-06-23T09:26:58,ul,ue7,3787816,88326.71853949856,0.088327
2026-06-23T09:26:58,ul,ue8,3787824,214507.739660161,0.214508
2026-06-23T09:26:58,ul,ue9,3788557,2002072.150998801,2.002072
2026-06-23T09:26:58,ul,ue10,3788566,2014690.2697403072,2.014690
2026-06-23T09:26:58,ul,ue11,3788575,2035720.5248623968,2.035721
2026-06-23T09:26:58,ul,ue12,3788584,1997866.1686378778,1.997866
2026-06-23T09:26:58,ul,ue13,3789309,1972630.1028136015,1.972630
2026-06-23T09:26:58,ul,ue14,3789318,2048338.643603903,2.048339
2026-06-23T09:26:58,ul,ue15,3789327,1993660.1862769544,1.993660
2026-06-23T09:26:58,ul,ue16,3789336,2090398.9821893454,2.090399
2026-06-23T09:27:04,ul,cu_cp,3786797,582060.5896576721,0.582061
2026-06-23T09:27:04,ul,cu_up,3786824,715648.2631623823,0.715648
2026-06-23T09:27:04,ul,du1,3786985,5610682.287197828,5.610682
2026-06-23T09:27:04,ul,du2,3787737,3749996.7858336256,3.749997
2026-06-23T09:27:04,ul,du3,3788496,5429384.632344243,5.429385
2026-06-23T09:27:04,ul,du4,3789267,5281484.067286923,5.281484
2026-06-23T09:27:04,ul,ue1,3787045,2762402.2975209965,2.762402
2026-06-23T09:27:04,ul,ue2,3787053,1793891.6646118474,1.793892
2026-06-23T09:27:04,ul,ue3,3787063,1684158.9817815744,1.684159
2026-06-23T09:27:04,ul,ue4,3787071,1722326.8640086222,1.722327
2026-06-23T09:27:04,ul,ue5,3787798,214694.487519719,0.214694
2026-06-23T09:27:04,ul,ue6,3787807,214694.487519719,0.214694
2026-06-23T09:27:04,ul,ue7,3787816,76335.81802287244,0.076336
2026-06-23T09:27:04,ul,ue8,3787824,219465.47279809997,0.219465
2026-06-23T09:27:04,ul,ue9,3788557,2041982.9847977005,2.041983
2026-06-23T09:27:04,ul,ue10,3788566,1979960.2833163023,1.979960
2026-06-23T09:27:04,ul,ue11,3788575,2008586.066421523,2.008586
2026-06-23T09:27:04,ul,ue12,3788584,2022899.1293942202,2.022899
2026-06-23T09:27:04,ul,ue13,3789309,1908395.3112929903,1.908395
2026-06-23T09:27:04,ul,ue14,3789318,2032441.0570959605,2.032441
2026-06-23T09:27:04,ul,ue15,3789327,1951334.3287909948,1.951334
2026-06-23T09:27:04,ul,ue16,3789336,2022899.1293942202,2.022899
2026-06-23T09:27:10,ul,cu_cp,3786797,595425.4968885332,0.595425
2026-06-23T09:27:10,ul,cu_up,3786824,727200.0083211809,0.727200
2026-06-23T09:27:10,ul,du1,3786985,5744391.966424882,5.744392
2026-06-23T09:27:10,ul,du2,3787737,3718969.009551406,3.718969
2026-06-23T09:27:10,ul,du3,3788496,5500364.851230383,5.500365
2026-06-23T09:27:10,ul,du4,3789267,5475962.380607426,5.475962
2026-06-23T09:27:10,ul,ue1,3787045,2757503.097974509,2.757503
2026-06-23T09:27:10,ul,ue2,3787053,1756993.1989870965,1.756993
2026-06-23T09:27:10,ul,ue3,3787063,1703307.3506511748,1.703307
2026-06-23T09:27:10,ul,ue4,3787071,1727709.9933430552,1.727710
2026-06-23T09:27:10,ul,ue5,3787798,224504.69131693244,0.224505
2026-06-23T09:27:10,ul,ue6,3787807,224504.69131693244,0.224505
2026-06-23T09:27:10,ul,ue7,3787816,82969.12388296332,0.082969
2026-06-23T09:27:10,ul,ue8,3787824,219624.14987338707,0.219624
2026-06-23T09:27:10,ul,ue9,3788557,2035183.7386399508,2.035184
2026-06-23T09:27:10,ul,ue10,3788566,2005900.5329959095,2.005901
2026-06-23T09:27:10,ul,ue11,3788575,2025422.7848045528,2.025423
2026-06-23T09:27:10,ul,ue12,3788584,2049825.4274964333,2.049825
2026-06-23T09:27:10,ul,ue13,3789309,2015661.8309691548,2.015662
2026-06-23T09:27:10,ul,ue14,3789318,2040064.3015921116,2.040064
2026-06-23T09:27:10,ul,ue15,3789327,1976617.4994207919,1.976617
2026-06-23T09:27:10,ul,ue16,3789336,2049825.4274964333,2.049825
2026-06-23T09:27:15,ul,cu_cp,3786797,592669.6566274703,0.592670
2026-06-23T09:27:15,ul,cu_up,3786824,706644.616959092,0.706645
2026-06-23T09:27:15,ul,du1,3786985,5550579.274297392,5.550579
2026-06-23T09:27:15,ul,du2,3787737,3749775.3637600183,3.749775
2026-06-23T09:27:15,ul,du3,3788496,5391014.518341446,5.391015
2026-06-23T09:27:15,ul,du4,3789267,5311232.311734676,5.311232
2026-06-23T09:27:15,ul,ue1,3787045,2849373.408491331,2.849373
2026-06-23T09:27:15,ul,ue2,3787053,1800803.910537374,1.800804
2026-06-23T09:27:15,ul,ue3,3787063,1778008.9698824107,1.778009
2026-06-23T09:27:15,ul,ue4,3787071,1709623.9765463173,1.709624
2026-06-23T09:27:15,ul,ue5,3787798,216552.36465016007,0.216552
2026-06-23T09:27:15,ul,ue6,3787807,227949.8778204426,0.227950
2026-06-23T09:27:15,ul,ue7,3787816,79782.45830822494,0.079782
2026-06-23T09:27:15,ul,ue8,3787824,216552.36465016007,0.216552
2026-06-23T09:27:15,ul,ue9,3788557,2017356.4465587377,2.017356
2026-06-23T09:27:15,ul,ue10,3788566,1994561.3345325708,1.994561
2026-06-23T09:27:15,ul,ue11,3788575,2017356.4465587377,2.017356
2026-06-23T09:27:15,ul,ue12,3788584,1994561.3345325708,1.994561
2026-06-23T09:27:15,ul,ue13,3789309,1960368.8378645242,1.960369
2026-06-23T09:27:15,ul,ue14,3789318,2051548.7718555809,2.051549
2026-06-23T09:27:15,ul,ue15,3789327,1971766.3938776075,1.971766
2026-06-23T09:27:15,ul,ue16,3789336,2085741.2685236274,2.085741
2026-06-23T09:27:21,ul,cu_cp,3786797,596857.1033034321,0.596857
2026-06-23T09:27:21,ul,cu_up,3786824,704622.962633982,0.704623
2026-06-23T09:27:21,ul,du1,3786985,5578956.108578005,5.578956
2026-06-23T09:27:21,ul,du2,3787737,3746936.2429704596,3.746936
2026-06-23T09:27:21,ul,du3,3788496,5404872.303143659,5.404872
2026-06-23T09:27:21,ul,du4,3789267,5371713.972562256,5.371714
2026-06-23T09:27:21,ul,ue1,3787045,2785333.1773035945,2.785333
2026-06-23T09:27:21,ul,ue2,3787053,1765702.3478174126,1.765702
2026-06-23T09:27:21,ul,ue3,3787063,1715964.1666434468,1.715964
2026-06-23T09:27:21,ul,ue4,3787071,1699384.83002728,1.699385
2026-06-23T09:27:21,ul,ue5,3787798,223821.40838486626,0.223821
2026-06-23T09:27:21,ul,ue6,3787807,223821.40838486626,0.223821
2026-06-23T09:27:21,ul,ue7,3787816,82896.82228277482,0.082897
2026-06-23T09:27:21,ul,ue8,3787824,215531.74007678285,0.215532
2026-06-23T09:27:21,ul,ue9,3788557,1981234.0664785122,1.981234
2026-06-23T09:27:21,ul,ue10,3788566,1964654.7298623454,1.964655
2026-06-23T09:27:21,ul,ue11,3788575,1989523.649123863,1.989524
2026-06-23T09:27:21,ul,ue12,3788584,1997813.4030946791,1.997813
2026-06-23T09:27:21,ul,ue13,3789309,1948075.221920713,1.948075
2026-06-23T09:27:21,ul,ue14,3789318,2047551.4129431797,2.047551
2026-06-23T09:27:21,ul,ue15,3789327,1948075.221920713,1.948075
2026-06-23T09:27:21,ul,ue16,3789336,2088999.8401463295,2.089000
2026-06-23T09:27:27,ul,cu_cp,3786797,601680.2799807966,0.601680
2026-06-23T09:27:27,ul,cu_up,3786824,719400.3338262117,0.719400
2026-06-23T09:27:27,ul,du1,3786985,5676722.52021122,5.676723
2026-06-23T09:27:27,ul,du2,3787737,3780121.690868931,3.780122
2026-06-23T09:27:27,ul,du3,3788496,5369342.246029739,5.369342
2026-06-23T09:27:27,ul,du4,3789267,5428202.444704742,5.428202
2026-06-23T09:27:27,ul,ue1,3787045,2831821.2761977864,2.831821
2026-06-23T09:27:27,ul,ue2,3787053,1805040.8828804635,1.805041
2026-06-23T09:27:27,ul,ue3,3787063,1765800.8076812266,1.765801
2026-06-23T09:27:27,ul,ue4,3787071,1746180.6842054606,1.746181
2026-06-23T09:27:27,ul,ue5,3787798,215820.09156024872,0.215820
2026-06-23T09:27:27,ul,ue6,3787807,222360.09693710922,0.222360
2026-06-23T09:27:27,ul,ue7,3787816,78480.03768602983,0.078480
2026-06-23T09:27:27,ul,ue8,3787824,209280.10765242518,0.209280
2026-06-23T09:27:27,ul,ue9,3788557,1994700.9314642334,1.994701
2026-06-23T09:27:27,ul,ue10,3788566,1981620.9636485863,1.981621
2026-06-23T09:27:27,ul,ue11,3788575,1981620.9636485863,1.981621
2026-06-23T09:27:27,ul,ue12,3788584,2060100.9422947646,2.060101
2026-06-23T09:27:27,ul,ue13,3789309,1988160.9475564098,1.988161
2026-06-23T09:27:27,ul,ue14,3789318,2014321.0549399995,2.014321
2026-06-23T09:27:27,ul,ue15,3789327,1975080.9797407626,1.975081
2026-06-23T09:27:27,ul,ue16,3789336,2086261.0496783543,2.086261
2026-06-23T09:27:33,ul,cu_cp,3786797,606259.4757826441,0.606259
2026-06-23T09:27:33,ul,cu_up,3786824,694672.3646982807,0.694672
2026-06-23T09:27:33,ul,du1,3786985,5540538.037514549,5.540538
2026-06-23T09:27:33,ul,du2,3787737,3738600.230519197,3.738600
2026-06-23T09:27:33,ul,du3,3788496,5540538.037514549,5.540538
2026-06-23T09:27:33,ul,du4,3789267,5393183.107224436,5.393183
2026-06-23T09:27:33,ul,ue1,3787045,2446088.483781966,2.446088
2026-06-23T09:27:33,ul,ue2,3787053,1650373.0029794693,1.650373
2026-06-23T09:27:33,ul,ue3,3787063,1637742.6892178513,1.637743
2026-06-23T09:27:33,ul,ue4,3787071,1595641.1816229178,1.595641
2026-06-23T09:27:33,ul,ue5,3787798,227347.3142401214,0.227347
2026-06-23T09:27:33,ul,ue6,3787807,223137.1807952358,0.223137
2026-06-23T09:27:33,ul,ue7,3787816,88412.84021830227,0.088413
2026-06-23T09:27:33,ul,ue8,3787824,214716.8922622049,0.214717
2026-06-23T09:27:33,ul,ue9,3788557,1953502.7841573106,1.953503
2026-06-23T09:27:33,ul,ue10,3788566,1974553.3648087,1.974553
2026-06-23T09:27:33,ul,ue11,3788575,1999814.1654780137,1.999814
2026-06-23T09:27:33,ul,ue12,3788584,2029285.1861652518,2.029285
2026-06-23T09:27:33,ul,ue13,3789309,1936662.2503777682,1.936662
2026-06-23T09:27:33,ul,ue14,3789318,2041915.6730729472,2.041916
2026-06-23T09:27:33,ul,ue15,3789327,1999814.1654780137,1.999814
2026-06-23T09:27:33,ul,ue16,3789336,2058756.0337064124,2.058756
2026-06-23T09:27:39,ul,cu_cp,3786797,621206.809197107,0.621207
2026-06-23T09:27:39,ul,cu_up,3786824,676425.2061233371,0.676425
2026-06-23T09:27:39,ul,du1,3786985,4808600.897706437,4.808601
2026-06-23T09:27:39,ul,du2,3787737,3998731.3141757967,3.998731
2026-06-23T09:27:39,ul,du3,3788496,5669087.798876691,5.669088
2026-06-23T09:27:39,ul,du4,3789267,5577057.286116767,5.577057
2026-06-23T09:27:39,ul,ue1,3787045,1352850.4122466743,1.352850
2026-06-23T09:27:39,ul,ue2,3787053,1357452.0271549462,1.357452
2026-06-23T09:27:39,ul,ue3,3787063,1311436.6815047085,1.311437
2026-06-23T09:27:39,ul,ue4,3787071,1325241.2584186972,1.325241
2026-06-23T09:27:39,ul,ue5,3787798,225475.06870777905,0.225475
2026-06-23T09:27:39,ul,ue6,3787807,225475.06870777905,0.225475
2026-06-23T09:27:39,ul,ue7,3787816,87429.109868557,0.087429
2026-06-23T09:27:39,ul,ue8,3787824,225475.06870777905,0.225475
2026-06-23T09:27:39,ul,ue9,3788557,2102900.2517536404,2.102900
2026-06-23T09:27:39,ul,ue10,3788566,2061486.3424711227,2.061486
2026-06-23T09:27:39,ul,ue11,3788575,2130509.4055816173,2.130509
2026-06-23T09:27:39,ul,ue12,3788584,2135110.9312196136,2.135111
2026-06-23T09:27:39,ul,ue13,3789309,2024674.137367153,2.024674
2026-06-23T09:27:39,ul,ue14,3789318,2135110.9312196136,2.135111
2026-06-23T09:27:39,ul,ue15,3789327,2056884.9953736782,2.056885
2026-06-23T09:27:39,ul,ue16,3789336,2181126.366140127,2.181126
2026-06-23T09:27:44,ul,cu_cp,3786797,614720.556486924,0.614721
2026-06-23T09:27:44,ul,cu_up,3786824,669695.6203598768,0.669696
2026-06-23T09:27:44,ul,du1,3786985,4772830.075778484,4.772830
2026-06-23T09:27:44,ul,du2,3787737,3938209.7512022974,3.938210
2026-06-23T09:27:44,ul,du3,3788496,5652430.743271148,5.652431
2026-06-23T09:27:44,ul,du4,3789267,5577464.686658954,5.577465
2026-06-23T09:27:44,ul,ue1,3787045,1354384.3634235472,1.354384
2026-06-23T09:27:44,ul,ue2,3787053,1339391.2407197536,1.339391
2026-06-23T09:27:44,ul,ue3,3787063,1319400.2036711902,1.319400
2026-06-23T09:27:44,ul,ue4,3787071,1334393.4149936289,1.334393
2026-06-23T09:27:44,ul,ue5,3787798,214902.31899238005,0.214902
2026-06-23T09:27:44,ul,ue6,3787807,224897.77105267794,0.224898
2026-06-23T09:27:44,ul,ue7,3787816,79963.64971437491,0.079964
2026-06-23T09:27:44,ul,ue8,3787824,214902.31899238005,0.214902
2026-06-23T09:27:44,ul,ue9,3788557,2104043.600265807,2.104044
2026-06-23T09:27:44,ul,ue10,3788566,1999091.298246026,1.999091
2026-06-23T09:27:44,ul,ue11,3788575,2104043.600265807,2.104044
2026-06-23T09:27:44,ul,ue12,3788584,2139027.760018164,2.139028
2026-06-23T09:27:44,ul,ue13,3789309,2034075.457998383,2.034075
2026-06-23T09:27:44,ul,ue14,3789318,2109041.1601359965,2.109041
2026-06-23T09:27:44,ul,ue15,3789327,2054066.2291910113,2.054066
2026-06-23T09:27:44,ul,ue16,3789336,2114039.074480766,2.114039
2026-06-23T09:27:50,ul,cu_cp,3786797,596821.5322174251,0.596822
2026-06-23T09:27:50,ul,cu_up,3786824,646145.6247145146,0.646146
2026-06-23T09:27:50,ul,du1,3786985,4651261.788114905,4.651262
2026-06-23T09:27:50,ul,du2,3787737,3847279.301457262,3.847279
2026-06-23T09:27:50,ul,du3,3788496,5450312.632678723,5.450313
2026-06-23T09:27:50,ul,du4,3789267,5578555.091134166,5.578555
2026-06-23T09:27:50,ul,ue1,3787045,1351480.1430886805,1.351480
2026-06-23T09:27:50,ul,ue2,3787053,1307088.4295018017,1.307088
2026-06-23T09:27:50,ul,ue3,3787063,1262696.715914923,1.262697
2026-06-23T09:27:50,ul,ue4,3787071,1326818.2051954865,1.326818
2026-06-23T09:27:50,ul,ue5,3787798,221958.41623690276,0.221958
2026-06-23T09:27:50,ul,ue6,3787807,217026.0156556219,0.217026
2026-06-23T09:27:50,ul,ue7,3787816,83850.95616149865,0.083851
2026-06-23T09:27:50,ul,ue8,3787824,221958.41623690276,0.221958
2026-06-23T09:27:50,ul,ue9,3788557,2007490.5689657568,2.007491
2026-06-23T09:27:50,ul,ue10,3788566,1790464.683336556,1.790465
2026-06-23T09:27:50,ul,ue11,3788575,2170260.2432404994,2.170260
2026-06-23T09:27:50,ul,ue12,3788584,2204787.112322676,2.204787
2026-06-23T09:27:50,ul,ue13,3789309,1987761.053324914,1.987761
2026-06-23T09:27:50,ul,ue14,3789318,2086409.1516348124,2.086409
2026-06-23T09:27:50,ul,ue15,3789327,2017355.413470459,2.017355
2026-06-23T09:27:50,ul,ue16,3789336,2116003.6851489185,2.116004
2026-06-23T09:27:56,ul,cu_cp,3786797,571687.4205270075,0.571687
2026-06-23T09:27:56,ul,cu_up,3786824,581377.04729828,0.581377
2026-06-23T09:27:56,ul,du1,3786985,4554120.196670141,4.554120
2026-06-23T09:27:56,ul,du2,3787737,3711123.484537382,3.711123
2026-06-23T09:27:56,ul,du3,3788496,5329289.30641243,5.329289
2026-06-23T09:27:56,ul,du4,3789267,5300220.3831003,5.300220
2026-06-23T09:27:56,ul,ue1,3787045,1279029.443858578,1.279029
2026-06-23T09:27:56,ul,ue2,3787053,1298408.6114044976,1.298409
2026-06-23T09:27:56,ul,ue3,3787063,1259650.1903160333,1.259650
2026-06-23T09:27:56,ul,ue4,3787071,1249960.5205464482,1.249961
2026-06-23T09:27:56,ul,ue5,3787798,213171.5739764297,0.213172
2026-06-23T09:27:56,ul,ue6,3787807,222861.20074770213,0.222861
2026-06-23T09:27:56,ul,ue7,3787816,77516.93892313213,0.077517
2026-06-23T09:27:56,ul,ue8,3787824,213171.5739764297,0.213172
2026-06-23T09:27:56,ul,ue9,3788557,1773199.8502154064,1.773200
2026-06-23T09:27:56,ul,ue10,3788566,1753820.682669487,1.753821
2026-06-23T09:27:56,ul,ue11,3788575,2151094.9933068417,2.151095
2026-06-23T09:27:56,ul,ue12,3788584,2209232.667937851,2.209233
2026-06-23T09:27:56,ul,ue13,3789309,1685993.424265518,1.685993
2026-06-23T09:27:56,ul,ue14,3789318,2199543.0841648914,2.199543
2026-06-23T09:27:56,ul,ue15,3789327,1782889.605981617,1.782890
2026-06-23T09:27:56,ul,ue16,3789336,2306128.84965395,2.306129
2026-06-23T09:28:02,ul,cu_cp,3786797,592922.6312954307,0.592923
2026-06-23T09:28:02,ul,cu_up,3786824,592922.6312954307,0.592923
2026-06-23T09:28:02,ul,du1,3786985,4632208.083907127,4.632208
2026-06-23T09:28:02,ul,du2,3787737,3794705.046971655,3.794705
2026-06-23T09:28:02,ul,du3,3788496,5432653.580179882,5.432654
2026-06-23T09:28:02,ul,du4,3789267,5373360.96397047,5.373361
2026-06-23T09:28:02,ul,ue1,3787045,1289606.7381380438,1.289607
2026-06-23T09:28:02,ul,ue2,3787053,1311841.3830995322,1.311841
2026-06-23T09:28:02,ul,ue3,3787063,1267372.0931765556,1.267372
2026-06-23T09:28:02,ul,ue4,3787071,1259960.516150379,1.259961
2026-06-23T09:28:02,ul,ue5,3787798,222345.97597115635,0.222346
2026-06-23T09:28:02,ul,ue6,3787807,222345.97597115635,0.222346
2026-06-23T09:28:02,ul,ue7,3787816,81526.85749726967,0.081527
2026-06-23T09:28:02,ul,ue8,3787824,229757.53146807253,0.229758
2026-06-23T09:28:02,ul,ue9,3788557,1860294.6383549452,1.860295
2026-06-23T09:28:02,ul,ue10,3788566,1763944.8259509802,1.763945
2026-06-23T09:28:02,ul,ue11,3788575,2178990.7281397106,2.178991
2026-06-23T09:28:02,ul,ue12,3788584,2304986.676414299,2.304987
2026-06-23T09:28:02,ul,ue13,3789309,1726887.11305418,1.726887
2026-06-23T09:28:02,ul,ue14,3789318,2297575.2716222047,2.297575
2026-06-23T09:28:02,ul,ue15,3789327,1756533.2489248037,1.756533
2026-06-23T09:28:02,ul,ue16,3789336,2290163.6945960284,2.290164
2026-06-23T09:28:07,ul,cu_cp,3786797,586348.6153124392,0.586349
2026-06-23T09:28:07,ul,cu_up,3786824,586348.6153124392,0.586349
2026-06-23T09:28:07,ul,du1,3786985,4639801.947389603,4.639802
2026-06-23T09:28:07,ul,du2,3787737,3845257.136264992,3.845257
2026-06-23T09:28:07,ul,du3,3788496,5510827.048373508,5.510827
2026-06-23T09:28:07,ul,du4,3789267,5451342.532087898,5.451343
2026-06-23T09:28:07,ul,ue1,3787045,1325657.7239406824,1.325658
2026-06-23T09:28:07,ul,ue2,3787053,1312910.9801632047,1.312911
2026-06-23T09:28:07,ul,ue3,3787063,1287417.579011035,1.287418
2026-06-23T09:28:07,ul,ue4,3787071,1300164.2363857268,1.300164
2026-06-23T09:28:07,ul,ue5,3787798,220942.93958964944,0.220943
2026-06-23T09:28:07,ul,ue6,3787807,220942.93958964944,0.220943
2026-06-23T09:28:07,ul,ue7,3787816,84978.0578423068,0.084978
2026-06-23T09:28:07,ul,ue8,3787824,220942.93958964944,0.220943
2026-06-23T09:28:07,ul,ue9,3788557,1890761.6654874086,1.890762
2026-06-23T09:28:07,ul,ue10,3788566,1784539.2902908802,1.784539
2026-06-23T09:28:07,ul,ue11,3788575,2230674.0264608143,2.230674
2026-06-23T09:28:07,ul,ue12,3788584,2379385.4899804117,2.379385
2026-06-23T09:28:07,ul,ue13,3789309,1708059.0004315854,1.708059
2026-06-23T09:28:07,ul,ue14,3789318,2294407.6589454175,2.294408
2026-06-23T09:28:07,ul,ue15,3789327,1771792.4601106166,1.771792
2026-06-23T09:28:07,ul,ue16,3789336,2349643.2318376065,2.349643
