timestamp,phase,component,pid,microwatts,watts
2026-06-23T11:54:39,idle,cu_cp,3949832,463417.7591400832,0.463418
2026-06-23T11:54:39,idle,cu_up,3949840,467482.8180237424,0.467483
2026-06-23T11:54:39,idle,du1,3950023,3837424.246060638,3.837424
2026-06-23T11:54:39,idle,du2,3950773,3808969.014289322,3.808969
2026-06-23T11:54:39,idle,du3,3951527,3756122.924056015,3.756123
2026-06-23T11:54:39,idle,ue1,3950064,1093503.3294216513,1.093503
2026-06-23T11:54:39,idle,ue2,3950073,1040657.383519783,1.040657
2026-06-23T11:54:39,idle,ue3,3950082,1077243.0938870143,1.077243
2026-06-23T11:54:39,idle,ue4,3950090,1044722.4784863018,1.044722
2026-06-23T11:54:39,idle,ue5,3950814,1060982.786186658,1.060983
2026-06-23T11:54:39,idle,ue6,3950823,1048787.5734528208,1.048788
2026-06-23T11:54:39,idle,ue7,3950832,1028462.1707859456,1.028462
2026-06-23T11:54:39,idle,ue8,3950841,1036592.3607189835,1.036592
2026-06-23T11:54:39,idle,ue9,3951588,1052852.5962536205,1.052853
2026-06-23T11:54:39,idle,ue10,3951597,1065047.8089874578,1.065048
2026-06-23T11:54:39,idle,ue11,3951606,1065047.8089874578,1.065048
2026-06-23T11:54:39,idle,ue12,3951615,1065047.8089874578,1.065048
2026-06-23T11:54:45,idle,cu_cp,3949832,460324.75819891575,0.460325
2026-06-23T11:54:45,idle,cu_up,3949840,464362.7133362746,0.464363
2026-06-23T11:54:45,idle,du1,3950023,3815850.0442445087,3.815850
2026-06-23T11:54:45,idle,du2,3950773,3803736.3591256524,3.803736
2026-06-23T11:54:45,idle,du3,3951527,3714901.706690197,3.714902
2026-06-23T11:54:45,idle,ue1,3950064,1078129.0816405916,1.078129
2026-06-23T11:54:45,idle,ue2,3950073,1049863.5038550114,1.049864
2026-06-23T11:54:45,idle,ue3,3950082,1057939.4141297294,1.057939
2026-06-23T11:54:45,idle,ue4,3950090,1029673.8363441491,1.029674
2026-06-23T11:54:45,idle,ue5,3950814,1070053.243483162,1.070053
2026-06-23T11:54:45,idle,ue6,3950823,1013522.0879120016,1.013522
2026-06-23T11:54:45,idle,ue7,3950832,1021597.9260694314,1.021598
2026-06-23T11:54:45,idle,ue8,3950841,1066015.252287159,1.066015
2026-06-23T11:54:45,idle,ue9,3951588,1053901.4229337263,1.053901
2026-06-23T11:54:45,idle,ue10,3951597,1078129.0816405916,1.078129
2026-06-23T11:54:45,idle,ue11,3951606,1049863.5038550114,1.049864
2026-06-23T11:54:45,idle,ue12,3951615,1013522.0879120016,1.013522
2026-06-23T11:54:50,idle,cu_cp,3949832,462601.4104827523,0.462601
2026-06-23T11:54:50,idle,cu_up,3949840,462601.4104827523,0.462601
2026-06-23T11:54:50,idle,du1,3950023,3842837.822427187,3.842838
2026-06-23T11:54:50,idle,du2,3950773,3810374.7129288577,3.810375
2026-06-23T11:54:50,idle,du3,3951527,3721100.872135134,3.721101
2026-06-23T11:54:50,idle,ue1,3950064,1079403.2428475355,1.079403
2026-06-23T11:54:50,idle,ue2,3950073,1099692.8311206507,1.099693
2026-06-23T11:54:50,idle,ue3,3950082,1067229.5767856622,1.067230
2026-06-23T11:54:50,idle,ue4,3950090,1046940.0609308768,1.046940
2026-06-23T11:54:50,idle,ue5,3950814,1079403.2428475355,1.079403
2026-06-23T11:54:50,idle,ue6,3950823,1079403.2428475355,1.079403
2026-06-23T11:54:50,idle,ue7,3950832,1030708.3613450527,1.030708
2026-06-23T11:54:50,idle,ue8,3950841,1067229.5767856622,1.067230
2026-06-23T11:54:50,idle,ue9,3951588,1079403.2428475355,1.079403
2026-06-23T11:54:50,idle,ue10,3951597,1071287.537891283,1.071288
2026-06-23T11:54:50,idle,ue11,3951606,1075345.3541602446,1.075345
2026-06-23T11:54:50,idle,ue12,3951615,1071287.537891283,1.071288
2026-06-23T11:54:56,idle,cu_cp,3949832,463748.6872004646,0.463749
2026-06-23T11:54:56,idle,cu_up,3949840,463748.6872004646,0.463749
2026-06-23T11:54:56,idle,du1,3950023,3755455.1393359425,3.755455
2026-06-23T11:54:56,idle,du2,3950773,3810013.8512133765,3.810014
2026-06-23T11:54:56,idle,du3,3951527,3737268.9990455247,3.737269
2026-06-23T11:54:56,idle,ue1,3950064,1082080.3671364777,1.082080
2026-06-23T11:54:56,idle,ue2,3950073,1027521.6552590436,1.027522
2026-06-23T11:54:56,idle,ue3,3950082,1082080.3671364777,1.082080
2026-06-23T11:54:56,idle,ue4,3950090,1009335.3694655353,1.009335
2026-06-23T11:54:56,idle,ue5,3950814,1063894.0085914242,1.063894
2026-06-23T11:54:56,idle,ue6,3950823,1082080.3671364777,1.082080
2026-06-23T11:54:56,idle,ue7,3950832,1082080.3671364777,1.082080
2026-06-23T11:54:56,idle,ue8,3950841,1082080.3671364777,1.082080
2026-06-23T11:54:56,idle,ue9,3951588,1082080.3671364777,1.082080
2026-06-23T11:54:56,idle,ue10,3951597,1082080.3671364777,1.082080
2026-06-23T11:54:56,idle,ue11,3951606,1018428.5123622895,1.018429
2026-06-23T11:54:56,idle,ue12,3951615,1045707.8683010065,1.045708
2026-06-23T11:55:01,idle,cu_cp,3949832,470476.6254086208,0.470477
2026-06-23T11:55:01,idle,cu_up,3949840,470476.6254086208,0.470477
2026-06-23T11:55:01,idle,du1,3950023,3807241.7767339326,3.807242
2026-06-23T11:55:01,idle,du2,3950773,3836193.811885414,3.836194
2026-06-23T11:55:01,idle,du3,3951527,3727622.4548131945,3.727622
2026-06-23T11:55:01,idle,ue1,3950064,1071239.0666957188,1.071239
2026-06-23T11:55:01,idle,ue2,3950073,1013334.2756550121,1.013334
2026-06-23T11:55:01,idle,ue3,3950082,1064000.9137602998,1.064001
2026-06-23T11:55:01,idle,ue4,3950090,1020572.2844428825,1.020572
2026-06-23T11:55:01,idle,ue5,3950814,1056762.9049724294,1.056763
2026-06-23T11:55:01,idle,ue6,3950823,1085715.3004927826,1.085715
2026-06-23T11:55:01,idle,ue7,3950832,1078477.1475573636,1.078477
2026-06-23T11:55:01,idle,ue8,3950841,1085715.3004927826,1.085715
2026-06-23T11:55:01,idle,ue9,3951588,1064000.9137602998,1.064001
2026-06-23T11:55:01,idle,ue10,3951597,1092953.3813544274,1.092953
2026-06-23T11:55:01,idle,ue11,3951606,1020572.2844428825,1.020572
2026-06-23T11:55:01,idle,ue12,3951615,1078477.1475573636,1.078477
2026-06-23T11:55:07,idle,cu_cp,3949832,462660.62023882626,0.462661
2026-06-23T11:55:07,idle,cu_up,3949840,462660.62023882626,0.462661
2026-06-23T11:55:07,idle,du1,3950023,3755362.092108431,3.755362
2026-06-23T11:55:07,idle,du2,3950773,3779396.7244605254,3.779397
2026-06-23T11:55:07,idle,du3,3951527,3737336.4781145384,3.737336
2026-06-23T11:55:07,idle,ue1,3950064,1117595.7774031616,1.117596
2026-06-23T11:55:07,idle,ue2,3950073,1057509.9170632816,1.057510
2026-06-23T11:55:07,idle,ue3,3950082,1075535.7472192813,1.075536
2026-06-23T11:55:07,idle,ue4,3950090,1003432.8589194965,1.003433
2026-06-23T11:55:07,idle,ue5,3950814,1009441.3728994488,1.009441
2026-06-23T11:55:07,idle,ue6,3950823,1087552.8472332216,1.087553
2026-06-23T11:55:07,idle,ue7,3950832,1051501.403083329,1.051501
2026-06-23T11:55:07,idle,ue8,3950841,1021458.4729133892,1.021458
2026-06-23T11:55:07,idle,ue9,3951588,1057509.9170632816,1.057510
2026-06-23T11:55:07,idle,ue10,3951597,1051501.403083329,1.051501
2026-06-23T11:55:07,idle,ue11,3951606,1069527.233239329,1.069527
2026-06-23T11:55:07,idle,ue12,3951615,1063518.5751513052,1.063519
2026-06-23T11:55:12,idle,cu_cp,3949832,464515.4804612884,0.464515
2026-06-23T11:55:12,idle,cu_up,3949840,471888.7176207894,0.471889
2026-06-23T11:55:12,idle,du1,3950023,3841468.985359876,3.841469
2026-06-23T11:55:12,idle,du2,3950773,3893081.828739803,3.893082
2026-06-23T11:55:12,idle,du3,3951527,3797229.489097502,3.797229
2026-06-23T11:55:12,idle,ue1,3950064,1105989.2391935438,1.105989
2026-06-23T11:55:12,idle,ue2,3950073,1069122.943437987,1.069123
2026-06-23T11:55:12,idle,ue3,3950082,1102302.5656347675,1.102303
2026-06-23T11:55:12,idle,ue4,3950090,1039629.921494615,1.039630
2026-06-23T11:55:12,idle,ue5,3950814,1094929.2918225825,1.094929
2026-06-23T11:55:12,idle,ue6,3950823,1091242.691569174,1.091243
2026-06-23T11:55:12,idle,ue7,3950832,1094929.2918225825,1.094929
2026-06-23T11:55:12,idle,ue8,3950841,1076496.2172501718,1.076496
2026-06-23T11:55:12,idle,ue9,3951588,1065436.2698792105,1.065436
2026-06-23T11:55:12,idle,ue10,3951597,1087556.0180103974,1.087556
2026-06-23T11:55:12,idle,ue11,3951606,1076496.2172501718,1.076496
2026-06-23T11:55:12,idle,ue12,3951615,1024883.3738702452,1.024883
2026-06-23T11:55:18,idle,cu_cp,3949832,458143.2599294221,0.458143
2026-06-23T11:55:18,idle,cu_up,3949840,465532.70200455544,0.465533
2026-06-23T11:55:18,idle,du1,3950023,3787071.5094837476,3.787072
2026-06-23T11:55:18,idle,du2,3950773,3879439.4625846483,3.879439
2026-06-23T11:55:18,idle,du3,3951527,3820323.9259835817,3.820324
2026-06-23T11:55:18,idle,ue1,3950064,1075158.796091552,1.075159
2026-06-23T11:55:18,idle,ue2,3950073,1075158.796091552,1.075159
2026-06-23T11:55:18,idle,ue3,3950082,1104716.4915538193,1.104716
2026-06-23T11:55:18,idle,ue4,3950090,1038211.8042306829,1.038212
2026-06-23T11:55:18,idle,ue5,3950814,1078853.5171291186,1.078854
2026-06-23T11:55:18,idle,ue6,3950823,1078853.5171291186,1.078854
2026-06-23T11:55:18,idle,ue7,3950832,1093632.3284411193,1.093632
2026-06-23T11:55:18,idle,ue8,3950841,1089937.6802418185,1.089938
2026-06-23T11:55:18,idle,ue9,3951588,1101021.7705162526,1.101022
2026-06-23T11:55:18,idle,ue10,3951597,1049295.8945051169,1.049296
2026-06-23T11:55:18,idle,ue11,3951606,1064074.7786553835,1.064075
2026-06-23T11:55:18,idle,ue12,3951615,1060380.0576178168,1.060380
2026-06-23T11:55:23,idle,cu_cp,3949832,467929.12433601916,0.467929
2026-06-23T11:55:23,idle,cu_up,3949840,460501.6779179871,0.460502
2026-06-23T11:55:23,idle,du1,3950023,3773142.925706506,3.773143
2026-06-23T11:55:23,idle,du2,3950773,3821421.1275726557,3.821421
2026-06-23T11:55:23,idle,du3,3951527,3791711.487246752,3.791711
2026-06-23T11:55:23,idle,ue1,3950064,1036128.8298203051,1.036129
2026-06-23T11:55:23,idle,ue2,3950073,1091834.7324603796,1.091835
2026-06-23T11:55:23,idle,ue3,3950082,1091834.7324603796,1.091835
2026-06-23T11:55:23,idle,ue4,3950090,1036128.8298203051,1.036129
2026-06-23T11:55:23,idle,ue5,3950814,1076979.7669512033,1.076980
2026-06-23T11:55:23,idle,ue6,3950823,1080693.4356553853,1.080693
2026-06-23T11:55:23,idle,ue7,3950832,1054697.3913605511,1.054697
2026-06-23T11:55:23,idle,ue8,3950841,1076979.7669512033,1.076980
2026-06-23T11:55:23,idle,ue9,3951588,1084407.1770326793,1.084407
2026-06-23T11:55:23,idle,ue10,3951597,1058411.060064733,1.058411
2026-06-23T11:55:23,idle,ue11,3951606,1039842.5711975992,1.039843
2026-06-23T11:55:23,idle,ue12,3951615,1062124.9467882514,1.062125
2026-06-23T11:55:29,idle,cu_cp,3949832,472907.88533535006,0.472908
2026-06-23T11:55:29,idle,cu_up,3949840,460677.50273563416,0.460678
2026-06-23T11:55:29,idle,du1,3950023,3779186.300575578,3.779186
2026-06-23T11:55:29,idle,du2,3950773,3815877.04931618,3.815877
2026-06-23T11:55:29,idle,du3,3951527,3750648.8258250235,3.750649
2026-06-23T11:55:29,idle,ue1,3950064,1076273.160882303,1.076273
2026-06-23T11:55:29,idle,ue2,3950073,1084426.7250967473,1.084427
2026-06-23T11:55:29,idle,ue3,3950082,1051812.323126772,1.051812
2026-06-23T11:55:29,idle,ue4,3950090,1035505.2672539831,1.035505
2026-06-23T11:55:29,idle,ue5,3950814,1080349.870433426,1.080350
2026-06-23T11:55:29,idle,ue6,3950823,1092580.2167550921,1.092580
2026-06-23T11:55:29,idle,ue7,3950832,1064042.8145606369,1.064043
2026-06-23T11:55:29,idle,ue8,3950841,1072196.3062189817,1.072196
2026-06-23T11:55:29,idle,ue9,3951588,1084426.7250967473,1.084427
2026-06-23T11:55:29,idle,ue10,3951597,1076273.160882303,1.076273
2026-06-23T11:55:29,idle,ue11,3951606,1072196.3062189817,1.072196
2026-06-23T11:55:29,idle,ue12,3951615,1076273.160882303,1.076273
2026-06-23T11:55:34,idle,cu_cp,3949832,462720.1187726006,0.462720
2026-06-23T11:55:34,idle,cu_up,3949840,458661.1789251858,0.458661
2026-06-23T11:55:34,idle,du1,3950023,3726114.8061913634,3.726115
2026-06-23T11:55:34,idle,du2,3950773,3795116.67513438,3.795117
2026-06-23T11:55:34,idle,du3,3951527,3766703.9877394415,3.766704
2026-06-23T11:55:34,idle,ue1,3950064,1083739.2892921728,1.083739
2026-06-23T11:55:34,idle,ue2,3950073,1083739.2892921728,1.083739
2026-06-23T11:55:34,idle,ue3,3950082,1063444.4815920638,1.063444
2026-06-23T11:55:34,idle,ue4,3950090,1026913.9868109858,1.026914
2026-06-23T11:55:34,idle,ue5,3950814,1071562.3612868935,1.071562
2026-06-23T11:55:34,idle,ue6,3950823,1079680.2409817232,1.079680
2026-06-23T11:55:34,idle,ue7,3950832,1055326.6018972343,1.055327
2026-06-23T11:55:34,idle,ue8,3950841,1079680.2409817232,1.079680
2026-06-23T11:55:34,idle,ue9,3951588,1075621.3372886532,1.075621
2026-06-23T11:55:34,idle,ue10,3951597,1051267.6982041644,1.051268
2026-06-23T11:55:34,idle,ue11,3951606,1047208.6498937148,1.047209
2026-06-23T11:55:34,idle,ue12,3951615,1067503.4575938238,1.067503
2026-06-23T11:55:40,idle,cu_cp,3949832,447052.3429260635,0.447052
2026-06-23T11:55:40,idle,cu_up,3949840,471437.00034782407,0.471437
2026-06-23T11:55:40,idle,du1,3950023,3743047.435298767,3.743047
2026-06-23T11:55:40,idle,du2,3950773,3816201.516386719,3.816202
2026-06-23T11:55:40,idle,du3,3951527,3787752.6587091065,3.787753
2026-06-23T11:55:40,idle,ue1,3950064,1068861.4880603028,1.068861
2026-06-23T11:55:40,idle,ue2,3950073,1052605.049779129,1.052605
2026-06-23T11:55:40,idle,ue3,3950082,1089182.0903231048,1.089182
2026-06-23T11:55:40,idle,ue4,3950090,1020092.1732167816,1.020092
2026-06-23T11:55:40,idle,ue5,3950814,1052605.049779129,1.052605
2026-06-23T11:55:40,idle,ue6,3950823,1052605.049779129,1.052605
2026-06-23T11:55:40,idle,ue7,3950832,1048541.0308943939,1.048541
2026-06-23T11:55:40,idle,ue8,3950841,1072925.6520419312,1.072926
2026-06-23T11:55:40,idle,ue9,3951588,1032284.4475163269,1.032284
2026-06-23T11:55:40,idle,ue10,3951597,1016028.0817835998,1.016028
2026-06-23T11:55:40,idle,ue11,3951606,1048541.0308943939,1.048541
2026-06-23T11:55:40,idle,ue12,3951615,1060733.3051939392,1.060733
2026-06-23T11:55:45,idle,cu_cp,3949832,460106.5210021919,0.460107
2026-06-23T11:55:45,idle,cu_up,3949840,464178.2691048157,0.464178
2026-06-23T11:55:45,idle,du1,3950023,3725641.288439865,3.725641
2026-06-23T11:55:45,idle,du2,3950773,3876295.4971753075,3.876295
2026-06-23T11:55:45,idle,du3,3951527,3741928.1359083178,3.741928
2026-06-23T11:55:45,idle,ue1,3950064,1083082.6037542296,1.083083
2026-06-23T11:55:45,idle,ue2,3950073,1066795.6113437342,1.066796
2026-06-23T11:55:45,idle,ue3,3950082,1119728.227971312,1.119728
2026-06-23T11:55:45,idle,ue4,3950090,993504.3629095698,0.993504
2026-06-23T11:55:45,idle,ue5,3950814,1070867.3956818688,1.070867
2026-06-23T11:55:45,idle,ue6,3950823,1066795.6113437342,1.066796
2026-06-23T11:55:45,idle,ue7,3950832,1058652.187609508,1.058652
2026-06-23T11:55:45,idle,ue8,3950841,1091226.0274884559,1.091226
2026-06-23T11:55:45,idle,ue9,3951588,1079010.819416095,1.079011
2026-06-23T11:55:45,idle,ue10,3951597,1062723.899476621,1.062724
2026-06-23T11:55:45,idle,ue11,3951606,1074939.107548982,1.074939
2026-06-23T11:55:45,idle,ue12,3951615,1062723.899476621,1.062724
2026-06-23T11:55:51,idle,cu_cp,3949832,460705.1373476133,0.460705
2026-06-23T11:55:51,idle,cu_up,3949840,452478.282528162,0.452478
2026-06-23T11:55:51,idle,du1,3950023,3767910.009106374,3.767910
2026-06-23T11:55:51,idle,du2,3950773,3817271.3553016544,3.817271
2026-06-23T11:55:51,idle,du3,3951527,3792590.827056396,3.792591
2026-06-23T11:55:51,idle,ue1,3950064,1061267.2049699486,1.061267
2026-06-23T11:55:51,idle,ue2,3950073,1028359.7132659524,1.028360
2026-06-23T11:55:51,idle,ue3,3950082,1028359.7132659524,1.028360
2026-06-23T11:55:51,idle,ue4,3950090,1053040.3863635927,1.053040
2026-06-23T11:55:51,idle,ue5,3950814,1044813.422904855,1.044813
2026-06-23T11:55:51,idle,ue6,3950823,1044813.422904855,1.044813
2026-06-23T11:55:51,idle,ue7,3950832,1077720.9870350421,1.077721
2026-06-23T11:55:51,idle,ue8,3950841,1028359.7132659524,1.028360
2026-06-23T11:55:51,idle,ue9,3951588,1077720.9870350421,1.077721
2026-06-23T11:55:51,idle,ue10,3951597,1020132.8946595967,1.020133
2026-06-23T11:55:51,idle,ue11,3951606,1053040.3863635927,1.053040
2026-06-23T11:55:51,idle,ue12,3951615,1053040.3863635927,1.053040
2026-06-23T11:55:56,idle,cu_cp,3949832,461184.90524489136,0.461185
2026-06-23T11:55:56,idle,cu_up,3949840,461184.90524489136,0.461185
2026-06-23T11:55:56,idle,du1,3950023,3859032.5111151505,3.859033
2026-06-23T11:55:56,idle,du2,3950773,3886161.2561088586,3.886161
2026-06-23T11:55:56,idle,du3,3951527,3818339.831641848,3.818340
2026-06-23T11:55:56,idle,ue1,3950064,1037666.1006785226,1.037666
2026-06-23T11:55:56,idle,ue2,3950073,1058012.4404151738,1.058012
2026-06-23T11:55:56,idle,ue3,3950082,1078358.780151825,1.078359
2026-06-23T11:55:56,idle,ue4,3950090,1058012.4404151738,1.058012
2026-06-23T11:55:56,idle,ue5,3950814,1058012.4404151738,1.058012
2026-06-23T11:55:56,idle,ue6,3950823,1064794.553660724,1.064795
2026-06-23T11:55:56,idle,ue7,3950832,1051230.2541667467,1.051230
2026-06-23T11:55:56,idle,ue8,3950841,1003755.3154421407,1.003755
2026-06-23T11:55:56,idle,ue9,3951588,1085140.966400252,1.085141
2026-06-23T11:55:56,idle,ue10,3951597,1058012.4404151738,1.058012
2026-06-23T11:55:56,idle,ue11,3951606,1058012.4404151738,1.058012
2026-06-23T11:55:56,idle,ue12,3951615,1064794.553660724,1.064795
2026-06-23T11:56:02,idle,cu_cp,3949832,461678.412195223,0.461678
2026-06-23T11:56:02,idle,cu_up,3949840,469006.6495773372,0.469007
2026-06-23T11:56:02,idle,du1,3950023,3825335.3532886505,3.825335
2026-06-23T11:56:02,idle,du2,3950773,3810679.0956756114,3.810679
2026-06-23T11:56:02,idle,du3,3951527,3796022.5485276533,3.796023
2026-06-23T11:56:02,idle,ue1,3950064,1073585.4916685307,1.073585
2026-06-23T11:56:02,idle,ue2,3950073,1106562.5056002473,1.106563
2026-06-23T11:56:02,idle,ue3,3950082,1073585.4916685307,1.073585
2026-06-23T11:56:02,idle,ue4,3950090,1062593.1536912918,1.062593
2026-06-23T11:56:02,idle,ue5,3950814,1066257.3628620112,1.066257
2026-06-23T11:56:02,idle,ue6,3950823,1088241.966432759,1.088242
2026-06-23T11:56:02,idle,ue7,3950832,1080913.8376262398,1.080914
2026-06-23T11:56:02,idle,ue8,3950841,1047936.6789270634,1.047937
2026-06-23T11:56:02,idle,ue9,3951588,1095570.312390468,1.095570
2026-06-23T11:56:02,idle,ue10,3951597,1066257.3628620112,1.066257
2026-06-23T11:56:02,idle,ue11,3951606,1022287.9385693258,1.022288
2026-06-23T11:56:02,idle,ue12,3951615,1051600.8880977826,1.051601
2026-06-23T11:56:07,idle,cu_cp,3949832,464483.8840515983,0.464484
2026-06-23T11:56:07,idle,cu_up,3949840,460826.5394829315,0.460827
2026-06-23T11:56:07,idle,du1,3950023,3847535.6218952322,3.847536
2026-06-23T11:56:07,idle,du2,3950773,3796332.7254286767,3.796333
2026-06-23T11:56:07,idle,du3,3951527,3759759.352247229,3.759759
2026-06-23T11:56:07,idle,ue1,3950064,1067947.1517334164,1.067947
2026-06-23T11:56:07,idle,ue2,3950073,1089891.3641558576,1.089891
2026-06-23T11:56:07,idle,ue3,3950082,1064289.8434173595,1.064290
2026-06-23T11:56:07,idle,ue4,3950090,1053317.773458749,1.053318
2026-06-23T11:56:07,idle,ue5,3950814,1038688.3951840817,1.038688
2026-06-23T11:56:07,idle,ue6,3950823,1111835.3590626384,1.111835
2026-06-23T11:56:07,idle,ue7,3950832,1108178.0507465815,1.108178
2026-06-23T11:56:07,idle,ue8,3950841,1038688.3951840817,1.038688
2026-06-23T11:56:07,idle,ue9,3951588,1082576.6025133037,1.082577
2026-06-23T11:56:07,idle,ue10,3951597,1075261.9133759702,1.075262
2026-06-23T11:56:07,idle,ue11,3951606,1042345.7035001385,1.042346
2026-06-23T11:56:07,idle,ue12,3951615,1060632.535101303,1.060633
2026-06-23T11:56:13,idle,cu_cp,3949832,456907.111083293,0.456907
2026-06-23T11:56:13,idle,cu_up,3949840,464276.58768202184,0.464277
2026-06-23T11:56:13,idle,du1,3950023,3835808.8098130943,3.835809
2026-06-23T11:56:13,idle,du2,3950773,3865287.0082332753,3.865287
2026-06-23T11:56:13,idle,du3,3951527,3824754.777430792,3.824755
2026-06-23T11:56:13,idle,ue1,3950064,1079627.3361285115,1.079627
2026-06-23T11:56:13,idle,ue2,3950073,1072257.9325360989,1.072258
2026-06-23T11:56:13,idle,ue3,3950082,1075942.5613259887,1.075943
2026-06-23T11:56:13,idle,ue4,3950090,1050149.4297335958,1.050149
2026-06-23T11:56:13,idle,ue5,3950814,1083312.1109310342,1.083312
2026-06-23T11:56:13,idle,ue6,3950823,1105420.4677209044,1.105420
2026-06-23T11:56:13,idle,ue7,3950832,1053834.2045361185,1.053834
2026-06-23T11:56:13,idle,ue8,3950841,1098051.0641284918,1.098051
2026-06-23T11:56:13,idle,ue9,3951588,1072257.9325360989,1.072258
2026-06-23T11:56:13,idle,ue10,3951597,1098051.0641284918,1.098051
2026-06-23T11:56:13,idle,ue11,3951606,1035410.4765361381,1.035410
2026-06-23T11:56:13,idle,ue12,3951615,1057518.9793386413,1.057519
2026-06-23T11:56:19,idle,cu_cp,3949832,452750.79594290437,0.452751
2026-06-23T11:56:19,idle,cu_up,3949840,468362.91879067005,0.468363
2026-06-23T11:56:19,idle,du1,3950023,3891315.103346043,3.891315
2026-06-23T11:56:19,idle,du2,3950773,3844478.9538434027,3.844479
2026-06-23T11:56:19,idle,du3,3951527,3785933.4749108935,3.785933
2026-06-23T11:56:19,idle,ue1,3950064,1100652.8719354463,1.100653
2026-06-23T11:56:19,idle,ue2,3950073,1092846.7740047872,1.092847
2026-06-23T11:56:19,idle,ue3,3950082,1100652.8719354463,1.100653
2026-06-23T11:56:19,idle,ue4,3950090,1038204.453557936,1.038204
2026-06-23T11:56:19,idle,ue5,3950814,1077234.6511570215,1.077235
2026-06-23T11:56:19,idle,ue6,3950823,1085040.6760741281,1.085041
2026-06-23T11:56:19,idle,ue7,3950832,1038204.453557936,1.038204
2026-06-23T11:56:19,idle,ue8,3950841,1077234.6511570215,1.077235
2026-06-23T11:56:19,idle,ue9,3951588,1049913.5639471484,1.049914
2026-06-23T11:56:19,idle,ue10,3951597,1061622.5283092558,1.061623
2026-06-23T11:56:19,idle,ue11,3951606,1073331.6386984682,1.073332
2026-06-23T11:56:19,idle,ue12,3951615,1085040.6760741281,1.085041
2026-06-23T11:56:24,idle,cu_cp,3949832,468598.324033463,0.468598
2026-06-23T11:56:24,idle,cu_up,3949840,464487.79899082927,0.464488
2026-06-23T11:56:24,idle,du1,3950023,3888544.370820737,3.888544
2026-06-23T11:56:24,idle,du2,3950773,3876212.321865499,3.876212
2026-06-23T11:56:24,idle,du3,3951527,3814554.9929498434,3.814555
2026-06-23T11:56:24,idle,ue1,3950064,1101617.139496681,1.101617
2026-06-23T11:56:24,idle,ue2,3950073,1089285.67371355,1.089286
2026-06-23T11:56:24,idle,ue3,3950082,1113948.6781763255,1.113949
2026-06-23T11:56:24,idle,ue4,3950090,1048180.4232872128,1.048180
2026-06-23T11:56:24,idle,ue5,3950814,1085175.1122226596,1.085175
2026-06-23T11:56:24,idle,ue6,3950823,1101617.139496681,1.101617
2026-06-23T11:56:24,idle,ue7,3950832,1089285.67371355,1.089286
2026-06-23T11:56:24,idle,ue8,3950841,1064622.4505612343,1.064622
2026-06-23T11:56:24,idle,ue9,3951588,1072843.5006465018,1.072844
2026-06-23T11:56:24,idle,ue10,3951597,1101617.139496681,1.101617
2026-06-23T11:56:24,idle,ue11,3951606,1109838.1166854352,1.109838
2026-06-23T11:56:24,idle,ue12,3951615,1056401.4733724804,1.056401
2026-06-23T11:56:30,idle,cu_cp,3949832,456984.093031618,0.456984
2026-06-23T11:56:30,idle,cu_up,3949840,465218.0855286628,0.465218
2026-06-23T11:56:30,idle,du1,3950023,3878189.5894023655,3.878190
2026-06-23T11:56:30,idle,du2,3950773,3861721.750911474,3.861722
2026-06-23T11:56:30,idle,du3,3951527,3787616.038192868,3.787616
2026-06-23T11:56:30,idle,ue1,3950064,1086881.149481988,1.086881
2026-06-23T11:56:30,idle,ue2,3950073,1103348.9879728793,1.103349
2026-06-23T11:56:30,idle,ue3,3950082,1066296.2781167745,1.066296
2026-06-23T11:56:30,idle,ue4,3950090,1053945.399248606,1.053945
2026-06-23T11:56:30,idle,ue5,3950814,1066296.2781167745,1.066296
2026-06-23T11:56:30,idle,ue6,3950823,1099232.0283501565,1.099232
2026-06-23T11:56:30,idle,ue7,3950832,1082764.189859265,1.082764
2026-06-23T11:56:30,idle,ue8,3950841,1053945.399248606,1.053945
2026-06-23T11:56:30,idle,ue9,3951588,1107465.9475956024,1.107466
2026-06-23T11:56:30,idle,ue10,3951597,1115699.940092647,1.115700
2026-06-23T11:56:30,idle,ue11,3951606,1090998.1091047109,1.090998
2026-06-23T11:56:30,idle,ue12,3951615,1029243.4217574715,1.029243
2026-06-23T11:56:35,idle,cu_cp,3949832,458667.7247932574,0.458668
2026-06-23T11:56:35,idle,cu_up,3949840,466931.9958848858,0.466932
2026-06-23T11:56:35,idle,du1,3950023,3789173.7475316403,3.789174
2026-06-23T11:56:35,idle,du2,3950773,3946195.448981674,3.946195
2026-06-23T11:56:35,idle,du3,3951527,3805702.3631427763,3.805702
2026-06-23T11:56:35,idle,ue1,3950064,1086753.245605504,1.086753
2026-06-23T11:56:35,idle,ue2,3950073,1107413.9416915446,1.107414
2026-06-23T11:56:35,idle,ue3,3950082,1074356.783897152,1.074357
2026-06-23T11:56:35,idle,ue4,3950090,1053696.1612389905,1.053696
2026-06-23T11:56:35,idle,ue5,3950814,1099149.7073138559,1.099150
2026-06-23T11:56:35,idle,ue6,3950823,1099149.7073138559,1.099150
2026-06-23T11:56:35,idle,ue7,3950832,1099149.7073138559,1.099150
2026-06-23T11:56:35,idle,ue8,3950841,1082621.09170272,1.082621
2026-06-23T11:56:35,idle,ue9,3951588,1115678.2494971126,1.115678
2026-06-23T11:56:35,idle,ue10,3951597,1086753.245605504,1.086753
2026-06-23T11:56:35,idle,ue11,3951606,1090885.399508288,1.090885
2026-06-23T11:56:35,idle,ue12,3951615,1033035.3917250704,1.033035
2026-06-23T11:56:41,idle,cu_cp,3949832,463248.08475656033,0.463248
2026-06-23T11:56:41,idle,cu_up,3949840,453983.09535294055,0.453983
2026-06-23T11:56:41,idle,du1,3950023,3752309.479236431,3.752309
2026-06-23T11:56:41,idle,du2,3950773,3882019.039218807,3.882019
2026-06-23T11:56:41,idle,du3,3951527,3807899.123989849,3.807899
2026-06-23T11:56:41,idle,ue1,3950064,1074735.489551511,1.074735
2026-06-23T11:56:41,idle,ue2,3950073,1065470.5730649661,1.065471
2026-06-23T11:56:41,idle,ue3,3950082,1009880.7824773979,1.009881
2026-06-23T11:56:41,idle,ue4,3950090,1046940.5942577267,1.046941
2026-06-23T11:56:41,idle,ue5,3950814,1093265.395441675,1.093265
2026-06-23T11:56:41,idle,ue6,3950823,1046940.5942577267,1.046941
2026-06-23T11:56:41,idle,ue7,3950832,1056205.6565784216,1.056206
2026-06-23T11:56:41,idle,ue8,3950841,1037675.7506882572,1.037676
2026-06-23T11:56:41,idle,ue9,3951588,1093265.395441675,1.093265
2026-06-23T11:56:41,idle,ue10,3951597,1074735.489551511,1.074735
2026-06-23T11:56:41,idle,ue11,3951606,1074735.489551511,1.074735
2026-06-23T11:56:41,idle,ue12,3951615,1028410.6883675623,1.028411
2026-06-23T11:56:46,idle,cu_cp,3949832,465531.84648103773,0.465532
2026-06-23T11:56:46,idle,cu_up,3949840,465531.84648103773,0.465532
2026-06-23T11:56:46,idle,du1,3950023,3842485.1374490117,3.842485
2026-06-23T11:56:46,idle,du2,3950773,3827706.2690583374,3.827706
2026-06-23T11:56:46,idle,du3,3951527,3798148.8230393315,3.798149
2026-06-23T11:56:46,idle,ue1,3950064,1071462.2157676255,1.071462
2026-06-23T11:56:46,idle,ue2,3950073,1078851.6499629628,1.078852
2026-06-23T11:56:46,idle,ue3,3950082,1034515.2628626967,1.034515
2026-06-23T11:56:46,idle,ue4,3950090,1034515.2628626967,1.034515
2026-06-23T11:56:46,idle,ue5,3950814,1078851.6499629628,1.078852
2026-06-23T11:56:46,idle,ue6,3950823,1086241.0114677143,1.086241
2026-06-23T11:56:46,idle,ue7,3950832,1027125.8286673593,1.027126
2026-06-23T11:56:46,idle,ue8,3950841,1093630.4456630517,1.093630
2026-06-23T11:56:46,idle,ue9,3951588,1093630.4456630517,1.093630
2026-06-23T11:56:46,idle,ue10,3951597,1071462.2157676255,1.071462
2026-06-23T11:56:46,idle,ue11,3951606,1071462.2157676255,1.071462
2026-06-23T11:56:46,idle,ue12,3951615,1056683.4200675369,1.056683
2026-06-23T11:56:52,idle,cu_cp,3949832,457587.76301763294,0.457588
2026-06-23T11:56:52,idle,cu_up,3949840,469790.1077214664,0.469790
2026-06-23T11:56:52,idle,du1,3950023,3880344.381421676,3.880344
2026-06-23T11:56:52,idle,du2,3950773,3898647.444654865,3.898647
2026-06-23T11:56:52,idle,du3,3951527,3770523.388004589,3.770523
2026-06-23T11:56:52,idle,ue1,3950064,1061603.6624812675,1.061604
2026-06-23T11:56:52,idle,ue2,3950073,1061603.6624812675,1.061604
2026-06-23T11:56:52,idle,ue3,3950082,1079907.0887725055,1.079907
2026-06-23T11:56:52,idle,ue4,3950090,1049401.2814716292,1.049401
2026-06-23T11:56:52,idle,ue5,3950814,1067704.8529860866,1.067705
2026-06-23T11:56:52,idle,ue6,3950823,1055502.4719764483,1.055502
2026-06-23T11:56:52,idle,ue7,3950832,1061603.6624812675,1.061604
2026-06-23T11:56:52,idle,ue8,3950841,1031097.7825687814,1.031098
2026-06-23T11:56:52,idle,ue9,3951588,1079907.0887725055,1.079907
2026-06-23T11:56:52,idle,ue10,3951597,1055502.4719764483,1.055502
2026-06-23T11:56:52,idle,ue11,3951606,1055502.4719764483,1.055502
2026-06-23T11:56:52,idle,ue12,3951615,1055502.4719764483,1.055502
2026-06-23T11:56:57,idle,cu_cp,3949832,463960.97261505364,0.463961
2026-06-23T11:56:57,idle,cu_up,3949840,471325.44573038816,0.471325
2026-06-23T11:56:57,idle,du1,3950023,3796379.1855010795,3.796379
2026-06-23T11:56:57,idle,du2,3950773,3892117.4084918215,3.892117
2026-06-23T11:56:57,idle,du3,3951527,3752192.2018262865,3.752192
2026-06-23T11:56:57,idle,ue1,3950064,1086257.7909985303,1.086258
2026-06-23T11:56:57,idle,ue2,3950073,1067846.7169472838,1.067847
2026-06-23T11:56:57,idle,ue3,3950082,1042071.1697807026,1.042071
2026-06-23T11:56:57,idle,ue4,3950090,1023659.8782552767,1.023660
2026-06-23T11:56:57,idle,ue5,3950814,1067846.7169472838,1.067847
2026-06-23T11:56:57,idle,ue6,3950823,1056800.0435199784,1.056800
2026-06-23T11:56:57,idle,ue7,3950832,1093622.409096651,1.093622
2026-06-23T11:56:57,idle,ue8,3950841,1012613.2773193646,1.012613
2026-06-23T11:56:57,idle,ue9,3951588,1053117.8432080077,1.053118
2026-06-23T11:56:57,idle,ue10,3951597,1038388.8969773388,1.038389
2026-06-23T11:56:57,idle,ue11,3951606,1078893.390374589,1.078893
2026-06-23T11:56:57,idle,ue12,3951615,1067846.7169472838,1.067847
2026-06-23T11:57:03,idle,cu_cp,3949832,462887.80484758795,0.462888
2026-06-23T11:57:03,idle,cu_up,3949840,470294.0379061013,0.470294
2026-06-23T11:57:03,idle,du1,3950023,3884554.8918566466,3.884555
2026-06-23T11:57:03,idle,du2,3950773,3840117.3467297745,3.840117
2026-06-23T11:57:03,idle,du3,3951527,3817899.014493713,3.817899
2026-06-23T11:57:03,idle,ue1,3950064,1081305.9902086866,1.081306
2026-06-23T11:57:03,idle,ue2,3950073,1051681.1313625288,1.051681
2026-06-23T11:57:03,idle,ue3,3950082,1088712.2232672,1.088712
2026-06-23T11:57:03,idle,ue4,3950090,1014650.1862336493,1.014650
2026-06-23T11:57:03,idle,ue5,3950814,1073899.7571501732,1.073900
2026-06-23T11:57:03,idle,ue6,3950823,1044274.8983040154,1.044275
2026-06-23T11:57:03,idle,ue7,3950832,1103524.615996331,1.103525
2026-06-23T11:57:03,idle,ue8,3950841,1077602.836985482,1.077603
2026-06-23T11:57:03,idle,ue9,3951588,1085009.0700439953,1.085009
2026-06-23T11:57:03,idle,ue10,3951597,1059087.2910331464,1.059087
2026-06-23T11:57:03,idle,ue11,3951606,1092415.303102509,1.092415
2026-06-23T11:57:03,idle,ue12,3951615,1055384.2111978375,1.055384
2026-06-23T11:57:08,idle,cu_cp,3949832,464876.96645405143,0.464877
2026-06-23T11:57:08,idle,cu_up,3949840,461187.4635472393,0.461187
2026-06-23T11:57:08,idle,du1,3950023,3822321.376873031,3.822321
2026-06-23T11:57:08,idle,du2,3950773,3855526.9393801834,3.855527
2026-06-23T11:57:08,idle,du3,3951527,3789116.105132625,3.789116
2026-06-23T11:57:08,idle,ue1,3950064,1081023.3703581833,1.081023
2026-06-23T11:57:08,idle,ue2,3950073,1018301.9299799072,1.018302
2026-06-23T11:57:08,idle,ue3,3950082,1088402.3761718078,1.088402
2026-06-23T11:57:08,idle,ue4,3950090,1029370.4023545003,1.029370
2026-06-23T11:57:08,idle,ue5,3950814,1069954.970675277,1.069955
2026-06-23T11:57:08,idle,ue6,3950823,1047817.9532344043,1.047818
2026-06-23T11:57:08,idle,ue7,3950832,1058886.4256089972,1.058886
2026-06-23T11:57:08,idle,ue8,3950841,1058886.4256089972,1.058886
2026-06-23T11:57:08,idle,ue9,3951588,1055196.9590480286,1.055197
2026-06-23T11:57:08,idle,ue10,3951597,1066265.4314226217,1.066265
2026-06-23T11:57:08,idle,ue11,3951606,1069954.970675277,1.069955
2026-06-23T11:57:08,idle,ue12,3951615,1025680.9357935316,1.025681
2026-06-23T11:57:19,idle,cu_cp,3949832,465879.0683607012,0.465879
2026-06-23T11:57:19,idle,cu_up,3949840,457705.73221340775,0.457706
2026-06-23T11:57:19,idle,du1,3950023,3771985.950297475,3.771986
2026-06-23T11:57:19,idle,du2,3950773,3833285.807596922,3.833286
2026-06-23T11:57:19,idle,du3,3951527,3771985.950297475,3.771986
2026-06-23T11:57:19,idle,ue1,3950064,1066617.910142988,1.066618
2026-06-23T11:57:19,idle,ue2,3950073,1062531.2238687575,1.062531
2026-06-23T11:57:19,idle,ue3,3950082,1099311.1819298267,1.099311
2026-06-23T11:57:19,idle,ue4,3950090,1046184.5515741706,1.046185
2026-06-23T11:57:19,idle,ue5,3950814,1070704.5236148834,1.070705
2026-06-23T11:57:19,idle,ue6,3950823,1013491.3525896668,1.013491
2026-06-23T11:57:19,idle,ue7,3950832,1033924.6383561492,1.033925
2026-06-23T11:57:19,idle,ue8,3950841,1009404.5935131013,1.009405
2026-06-23T11:57:19,idle,ue9,3951588,1095224.4228532612,1.095224
2026-06-23T11:57:19,idle,ue10,3951597,1054357.8513202965,1.054358
2026-06-23T11:57:19,idle,ue11,3951606,1107484.4816759527,1.107484
2026-06-23T11:57:19,idle,ue12,3951615,1038011.2518280447,1.038011
2026-06-23T11:57:24,idle,cu_cp,3949832,459692.76249723433,0.459693
2026-06-23T11:57:24,idle,cu_up,3949840,467828.9223820448,0.467829
2026-06-23T11:57:24,idle,du1,3950023,3738563.1365172197,3.738563
2026-06-23T11:57:24,idle,du2,3950773,3832128.957126236,3.832129
2026-06-23T11:57:24,idle,du3,3951527,3758903.4820303344,3.758903
2026-06-23T11:57:24,idle,ue1,3950064,1057700.134638424,1.057700
2026-06-23T11:57:24,idle,ue2,3950073,1041427.814868803,1.041428
2026-06-23T11:57:24,idle,ue3,3950082,1086176.6761689568,1.086177
2026-06-23T11:57:24,idle,ue4,3950090,1037359.7168600941,1.037360
2026-06-23T11:57:24,idle,ue5,3950814,1053632.036629715,1.053632
2026-06-23T11:57:24,idle,ue6,3950823,1025155.4950991821,1.025155
2026-06-23T11:57:24,idle,ue7,3950832,1033291.6188513851,1.033292
2026-06-23T11:57:24,idle,ue8,3950841,1049563.938621006,1.049564
2026-06-23T11:57:24,idle,ue9,3951588,1053632.036629715,1.053632
2026-06-23T11:57:24,idle,ue10,3951597,1037359.7168600941,1.037360
2026-06-23T11:57:24,idle,ue11,3951606,1041427.814868803,1.041428
2026-06-23T11:57:24,idle,ue12,3951615,1061768.1603819178,1.061768
2026-06-23T11:57:30,idle,cu_cp,3949832,463248.1389994499,0.463248
2026-06-23T11:57:30,idle,cu_up,3949840,467347.694241634,0.467348
2026-06-23T11:57:30,idle,du1,3950023,3792075.4441199615,3.792075
2026-06-23T11:57:30,idle,du2,3950773,3869966.7386402893,3.869967
2026-06-23T11:57:30,idle,du3,3951527,3800274.7732453323,3.800275
2026-06-23T11:57:30,idle,ue1,3950064,1074079.7565551877,1.074080
2026-06-23T11:57:30,idle,ue2,3950073,1028984.8310919983,1.028985
2026-06-23T11:57:30,idle,ue3,3950082,1102776.6068103092,1.102777
2026-06-23T11:57:30,idle,ue4,3950090,1020785.7934879643,1.020786
2026-06-23T11:57:30,idle,ue5,3950814,1078179.2753572047,1.078179
2026-06-23T11:57:30,idle,ue6,3950823,1065880.7189511538,1.065881
2026-06-23T11:57:30,idle,ue7,3950832,1053582.0167844342,1.053582
2026-06-23T11:57:30,idle,ue8,3950841,1053582.0167844342,1.053582
2026-06-23T11:57:30,idle,ue9,3951588,1057681.5355864512,1.057682
2026-06-23T11:57:30,idle,ue10,3951597,1069980.2377531708,1.069980
2026-06-23T11:57:30,idle,ue11,3951606,1041283.4603783834,1.041283
2026-06-23T11:57:30,idle,ue12,3951615,1061781.2001491368,1.061781
2026-06-23T11:57:35,idle,cu_cp,3949832,475634.8247033751,0.475635
2026-06-23T11:57:35,idle,cu_up,3949840,465927.98778898537,0.465928
2026-06-23T11:57:35,idle,du1,3950023,3805078.597627001,3.805079
2026-06-23T11:57:35,idle,du2,3950773,3873026.566488762,3.873027
2026-06-23T11:57:35,idle,du3,3951527,3805078.597627001,3.805079
2026-06-23T11:57:35,idle,ue1,3950064,1096872.1663022519,1.096872
2026-06-23T11:57:35,idle,ue2,3950073,1067751.692379427,1.067752
2026-06-23T11:57:35,idle,ue3,3950082,1077458.566114161,1.077459
2026-06-23T11:57:35,idle,ue4,3950090,1048338.0185506475,1.048338
2026-06-23T11:57:35,idle,ue5,3950814,1096872.1663022519,1.096872
2026-06-23T11:57:35,idle,ue6,3950823,1087165.2925675178,1.087165
2026-06-23T11:57:35,idle,ue7,3950832,1116285.8401310313,1.116286
2026-06-23T11:57:35,idle,ue8,3950841,1048338.0185506475,1.048338
2026-06-23T11:57:35,idle,ue9,3951588,1067751.692379427,1.067752
2026-06-23T11:57:35,idle,ue10,3951597,1058044.818644693,1.058045
2026-06-23T11:57:35,idle,ue11,3951606,1077458.566114161,1.077459
2026-06-23T11:57:35,idle,ue12,3951615,1038631.1448159134,1.038631
2026-06-23T11:57:41,idle,cu_cp,3949832,473044.5465435946,0.473045
2026-06-23T11:57:41,idle,cu_up,3949840,465414.7863601106,0.465415
2026-06-23T11:57:41,idle,du1,3950023,3875913.3483424615,3.875913
2026-06-23T11:57:41,idle,du2,3950773,3898802.5192368366,3.898803
2026-06-23T11:57:41,idle,du3,3951527,3791986.095980215,3.791986
2026-06-23T11:57:41,idle,ue1,3950064,1098684.0774447143,1.098684
2026-06-23T11:57:41,idle,ue2,3950073,1091054.4269173073,1.091054
2026-06-23T11:57:41,idle,ue3,3950082,1083424.6301817978,1.083425
2026-06-23T11:57:41,idle,ue4,3950090,1045275.8658164036,1.045276
2026-06-23T11:57:41,idle,ue5,3950814,1075794.9065503394,1.075795
2026-06-23T11:57:41,idle,ue6,3950823,1091054.4269173073,1.091054
2026-06-23T11:57:41,idle,ue7,3950832,1091054.4269173073,1.091054
2026-06-23T11:57:41,idle,ue8,3950841,1075794.9065503394,1.075795
2026-06-23T11:57:41,idle,ue9,3951588,1060535.3130793201,1.060535
2026-06-23T11:57:41,idle,ue10,3951597,1052905.6625519132,1.052906
2026-06-23T11:57:41,idle,ue11,3951606,1030016.3454494358,1.030016
2026-06-23T11:57:41,idle,ue12,3951615,1075794.9065503394,1.075795
2026-06-23T11:57:47,idle,cu_cp,3949832,469879.7853199083,0.469880
2026-06-23T11:57:47,idle,cu_up,3949840,463614.707956363,0.463615
2026-06-23T11:57:47,idle,du1,3950023,3809158.6109116315,3.809159
2026-06-23T11:57:47,idle,du2,3950773,3827954.0972387646,3.827954
2026-06-23T11:57:47,idle,du3,3951527,3802893.642506585,3.802894
2026-06-23T11:57:47,idle,ue1,3950064,1083856.0231258618,1.083856
2026-06-23T11:57:47,idle,ue2,3950073,1033735.4768564987,1.033735
2026-06-23T11:57:47,idle,ue3,3950082,1021205.3947684073,1.021205
2026-06-23T11:57:47,idle,ue4,3950090,1052530.672627635,1.052531
2026-06-23T11:57:47,idle,ue5,3950814,1071325.9410377706,1.071326
2026-06-23T11:57:47,idle,ue6,3950823,1096386.1778529524,1.096386
2026-06-23T11:57:47,idle,ue7,3950832,1052530.672627635,1.052531
2026-06-23T11:57:47,idle,ue8,3950841,1071325.9410377706,1.071326
2026-06-23T11:57:47,idle,ue9,3951588,1065060.8273547257,1.065061
2026-06-23T11:57:47,idle,ue10,3951597,1071325.9410377706,1.071326
2026-06-23T11:57:47,idle,ue11,3951606,1090121.0641699075,1.090121
2026-06-23T11:57:47,idle,ue12,3951615,1058795.7136716808,1.058796
2026-06-23T11:57:52,idle,cu_cp,3949832,471872.4032531023,0.471872
2026-06-23T11:57:52,idle,cu_up,3949840,468185.89437607524,0.468186
2026-06-23T11:57:52,idle,du1,3950023,3874515.039005184,3.874515
2026-06-23T11:57:52,idle,du2,3950773,3889260.7813107492,3.889261
2026-06-23T11:57:52,idle,du3,3951527,3826590.2037019255,3.826590
2026-06-23T11:57:52,idle,ue1,3950064,1094891.4505624056,1.094891
2026-06-23T11:57:52,idle,ue2,3950073,1054339.9995163798,1.054340
2026-06-23T11:57:52,idle,ue3,3950082,1083831.9239313244,1.083832
2026-06-23T11:57:52,idle,ue4,3950090,1065399.4528468251,1.065399
2026-06-23T11:57:52,idle,ue5,3950814,1094891.4505624056,1.094891
2026-06-23T11:57:52,idle,ue6,3950823,1105950.9771934866,1.105951
2026-06-23T11:57:52,idle,ue7,3950832,1091204.9416853786,1.091205
2026-06-23T11:57:52,idle,ue8,3950841,1083831.9239313244,1.083832
2026-06-23T11:57:52,idle,ue9,3951588,1083831.9239313244,1.083832
2026-06-23T11:57:52,idle,ue10,3951597,1091204.9416853786,1.091205
2026-06-23T11:57:52,idle,ue11,3951606,1054339.9995163798,1.054340
2026-06-23T11:57:52,idle,ue12,3951615,1061712.8706691624,1.061713
2026-06-23T11:57:58,idle,cu_cp,3949832,464647.09156295774,0.464647
2026-06-23T11:57:58,idle,cu_up,3949840,464647.09156295774,0.464647
2026-06-23T11:57:58,idle,du1,3950023,3872059.19387413,3.872059
2026-06-23T11:57:58,idle,du2,3950773,3820431.7067506406,3.820432
2026-06-23T11:57:58,idle,du3,3951527,3824119.572469177,3.824120
2026-06-23T11:57:58,idle,ue1,3950064,1065738.1935490416,1.065738
2026-06-23T11:57:58,idle,ue2,3950073,1087864.2176664735,1.087864
2026-06-23T11:57:58,idle,ue3,3950082,1095239.583417988,1.095240
2026-06-23T11:57:58,idle,ue4,3950090,1069425.8398562432,1.069426
2026-06-23T11:57:58,idle,ue5,3950814,1098927.3028623008,1.098927
2026-06-23T11:57:58,idle,ue6,3950823,1106302.5954767037,1.106303
2026-06-23T11:57:58,idle,ue7,3950832,1065738.1935490416,1.065738
2026-06-23T11:57:58,idle,ue8,3950841,1095239.583417988,1.095240
2026-06-23T11:57:58,idle,ue9,3951588,1106302.5954767037,1.106303
2026-06-23T11:57:58,idle,ue10,3951597,1095239.583417988,1.095240
2026-06-23T11:57:58,idle,ue11,3951606,1058362.8277975274,1.058363
2026-06-23T11:57:58,idle,ue12,3951615,1050987.462046013,1.050987
2026-06-23T11:58:03,idle,cu_cp,3949832,469555.8717534077,0.469556
2026-06-23T11:58:03,idle,cu_up,3949840,465858.5644506732,0.465859
2026-06-23T11:58:03,idle,du1,3950023,3848879.0354634905,3.848879
2026-06-23T11:58:03,idle,du2,3950773,3882154.764650917,3.882155
2026-06-23T11:58:03,idle,du3,3951527,3804511.786276889,3.804512
2026-06-23T11:58:03,idle,ue1,3950064,1068516.8048960208,1.068517
2026-06-23T11:58:03,idle,ue2,3950073,1035241.2949317008,1.035241
2026-06-23T11:58:03,idle,ue3,3950082,1057425.0656737394,1.057425
2026-06-23T11:58:03,idle,ue4,3950090,1053727.7218338205,1.053728
2026-06-23T11:58:03,idle,ue5,3950814,1064819.6072048396,1.064820
2026-06-23T11:58:03,idle,ue6,3950823,1101792.5340834474,1.101793
2026-06-23T11:58:03,idle,ue7,3950832,1098095.1902435285,1.098095
2026-06-23T11:58:03,idle,ue8,3950841,1090700.5756380593,1.090701
2026-06-23T11:58:03,idle,ue9,3951588,1101792.5340834474,1.101793
2026-06-23T11:58:03,idle,ue10,3951597,1098095.1902435285,1.098095
2026-06-23T11:58:03,idle,ue11,3951606,1072214.1487359398,1.072214
2026-06-23T11:58:03,idle,ue12,3951615,1038938.6387716198,1.038939
2026-06-23T11:58:09,idle,cu_cp,3949832,462421.8256924775,0.462422
2026-06-23T11:58:09,idle,cu_up,3949840,466550.6047911727,0.466551
2026-06-23T11:58:09,idle,du1,3950023,3922328.309340801,3.922328
2026-06-23T11:58:09,idle,du2,3950773,3897555.4142314936,3.897555
2026-06-23T11:58:09,idle,du3,3951527,3827366.279812243,3.827366
2026-06-23T11:58:09,idle,ue1,3950064,1081736.8161011005,1.081737
2026-06-23T11:58:09,idle,ue2,3950073,1077608.000249549,1.077608
2026-06-23T11:58:09,idle,ue3,3950082,1081736.8161011005,1.081737
2026-06-23T11:58:09,idle,ue4,3950090,1065221.6997063195,1.065222
2026-06-23T11:58:09,idle,ue5,3950814,1085865.5584469396,1.085866
2026-06-23T11:58:09,idle,ue6,3950823,1110638.0860276865,1.110638
2026-06-23T11:58:09,idle,ue7,3950832,1056964.1415089292,1.056964
2026-06-23T11:58:09,idle,ue8,3950841,1106509.4171875597,1.106509
2026-06-23T11:58:09,idle,ue9,3951588,1061092.9573604804,1.061093
2026-06-23T11:58:09,idle,ue10,3951597,1073479.25790371,1.073479
2026-06-23T11:58:09,idle,ue11,3951606,1023933.9822250796,1.023934
2026-06-23T11:58:09,idle,ue12,3951615,1069350.4420521588,1.069350
2026-06-23T11:58:14,idle,cu_cp,3949832,470988.3722569227,0.470988
2026-06-23T11:58:14,idle,cu_up,3949840,466856.90402318,0.466857
2026-06-23T11:58:14,idle,du1,3950023,3887719.8880373384,3.887720
2026-06-23T11:58:14,idle,du2,3950773,3867062.5100682448,3.867063
2026-06-23T11:58:14,idle,du3,3951527,3813353.38622921,3.813353
2026-06-23T11:58:14,idle,ue1,3950064,1070052.5909632873,1.070053
2026-06-23T11:58:14,idle,ue2,3950073,1045263.7079600715,1.045264
2026-06-23T11:58:14,idle,ue3,3950082,1041132.2029259491,1.041132
2026-06-23T11:58:14,idle,ue4,3950090,1061789.654495802,1.061790
2026-06-23T11:58:14,idle,ue5,3950814,1065921.0123284054,1.065921
2026-06-23T11:58:14,idle,ue6,3950823,1098972.8317991067,1.098973
2026-06-23T11:58:14,idle,ue7,3950832,1070052.5909632873,1.070053
2026-06-23T11:58:14,idle,ue8,3950841,1098972.8317991067,1.098973
2026-06-23T11:58:14,idle,ue9,3951588,1090709.8953316212,1.090710
2026-06-23T11:58:14,idle,ue10,3951597,1082446.9588641357,1.082447
2026-06-23T11:58:14,idle,ue11,3951606,1024606.3299909782,1.024606
2026-06-23T11:58:14,idle,ue12,3951615,1078315.5274307728,1.078316
2026-06-23T11:58:20,idle,cu_cp,3949832,471190.3801615685,0.471190
2026-06-23T11:58:20,idle,cu_up,3949840,462923.86938494444,0.462924
2026-06-23T11:58:20,idle,du1,3950023,3810855.5584703684,3.810856
2026-06-23T11:58:20,idle,du2,3950773,3881120.6614872217,3.881121
2026-06-23T11:58:20,idle,du3,3951527,3831521.8170592785,3.831522
2026-06-23T11:58:20,idle,ue1,3950064,1082911.186588645,1.082911
2026-06-23T11:58:20,idle,ue2,3950073,1095310.9711062312,1.095311
2026-06-23T11:58:20,idle,ue3,3950082,1078777.949552983,1.078778
2026-06-23T11:58:20,idle,ue4,3950090,1070511.4754816592,1.070511
2026-06-23T11:58:20,idle,ue5,3950814,1082911.186588645,1.082911
2026-06-23T11:58:20,idle,ue6,3950823,1107710.682213217,1.107711
2026-06-23T11:58:20,idle,ue7,3950832,1078777.949552983,1.078778
2026-06-23T11:58:20,idle,ue8,3950841,1074644.712517321,1.074645
2026-06-23T11:58:20,idle,ue9,3951588,1120110.3933202028,1.120110
2026-06-23T11:58:20,idle,ue10,3951597,1107710.682213217,1.107711
2026-06-23T11:58:20,idle,ue11,3951606,1099444.2081418931,1.099444
2026-06-23T11:58:20,idle,ue12,3951615,1045711.9798570871,1.045712
2026-06-23T11:58:25,idle,cu_cp,3949832,453828.6691162139,0.453829
2026-06-23T11:58:25,idle,cu_up,3949840,463913.7711034909,0.463914
2026-06-23T11:58:25,idle,du1,3950023,3822246.1066257237,3.822246
2026-06-23T11:58:25,idle,du2,3950773,3872671.5061247586,3.872672
2026-06-23T11:58:25,idle,du3,3951527,3822246.1066257237,3.822246
2026-06-23T11:58:25,idle,ue1,3950064,1038763.4800047785,1.038763
2026-06-23T11:58:25,idle,ue2,3950073,1069018.6755292595,1.069019
2026-06-23T11:58:25,idle,ue3,3950082,1079103.8143289865,1.079104
2026-06-23T11:58:25,idle,ue4,3950090,1048848.4715547054,1.048848
2026-06-23T11:58:25,idle,ue5,3950814,1079103.8143289865,1.079104
2026-06-23T11:58:25,idle,ue6,3950823,1089188.8058789135,1.089189
2026-06-23T11:58:25,idle,ue7,3950832,1028678.3412050515,1.028678
2026-06-23T11:58:25,idle,ue8,3950841,1079103.8143289865,1.079104
2026-06-23T11:58:25,idle,ue9,3951588,1089188.8058789135,1.089189
2026-06-23T11:58:25,idle,ue10,3951597,1109359.0834783674,1.109359
2026-06-23T11:58:25,idle,ue11,3951606,1109359.0834783674,1.109359
2026-06-23T11:58:25,idle,ue12,3951615,1079103.8143289865,1.079104
2026-06-23T11:58:31,idle,cu_cp,3949832,471718.8726999396,0.471719
2026-06-23T11:58:31,idle,cu_up,3949840,471718.8726999396,0.471719
2026-06-23T11:58:31,idle,du1,3950023,3844508.495562787,3.844508
2026-06-23T11:58:31,idle,du2,3950773,3915266.595776639,3.915267
2026-06-23T11:58:31,idle,du3,3951527,3789474.8084524013,3.789475
2026-06-23T11:58:31,idle,ue1,3950064,1092815.4195660888,1.092815
2026-06-23T11:58:31,idle,ue2,3950073,1061367.3994537068,1.061367
2026-06-23T11:58:31,idle,ue3,3950082,1029919.52590397,1.029920
2026-06-23T11:58:31,idle,ue4,3950090,1029919.52590397,1.029920
2026-06-23T11:58:31,idle,ue5,3950814,1069229.4594427943,1.069229
2026-06-23T11:58:31,idle,ue6,3950823,1077091.3728692364,1.077091
2026-06-23T11:58:31,idle,ue7,3950832,1053505.4860272645,1.053505
2026-06-23T11:58:31,idle,ue8,3950841,1084953.3595770013,1.084953
2026-06-23T11:58:31,idle,ue9,3951588,1069229.4594427943,1.069229
2026-06-23T11:58:31,idle,ue10,3951597,1053505.4860272645,1.053505
2026-06-23T11:58:31,idle,ue11,3951606,1092815.4195660888,1.092815
2026-06-23T11:58:31,idle,ue12,3951615,1108539.2464189732,1.108539
2026-06-23T11:58:36,idle,cu_cp,3949832,466534.6902542916,0.466535
2026-06-23T11:58:36,idle,cu_up,3949840,466534.6902542916,0.466535
2026-06-23T11:58:36,idle,du1,3950023,3913707.7948881197,3.913708
2026-06-23T11:58:36,idle,du2,3950773,3868350.00777066,3.868350
2026-06-23T11:58:36,idle,du3,3951527,3764675.607835927,3.764676
2026-06-23T11:58:36,idle,ue1,3950064,1101540.243918522,1.101540
2026-06-23T11:58:36,idle,ue2,3950073,1056182.6757050753,1.056183
2026-06-23T11:58:36,idle,ue3,3950082,1114499.5074263616,1.114500
2026-06-23T11:58:36,idle,ue4,3950090,1036743.7804433161,1.036744
2026-06-23T11:58:36,idle,ue5,3950814,1114499.5074263616,1.114500
2026-06-23T11:58:36,idle,ue6,3950823,1075621.5709668344,1.075622
2026-06-23T11:58:36,idle,ue7,3950832,1062662.3804269994,1.062662
2026-06-23T11:58:36,idle,ue8,3950841,1075621.5709668344,1.075622
2026-06-23T11:58:36,idle,ue9,3951588,1108019.8027044374,1.108020
2026-06-23T11:58:36,idle,ue10,3951597,1095060.6121646024,1.095061
2026-06-23T11:58:36,idle,ue11,3951606,1095060.6121646024,1.095061
2026-06-23T11:58:36,idle,ue12,3951615,1108019.8027044374,1.108020
2026-06-23T11:58:42,idle,cu_cp,3949832,465962.04780000926,0.465962
2026-06-23T11:58:42,idle,cu_up,3949840,462263.9099117255,0.462264
2026-06-23T11:58:42,idle,du1,3950023,3894111.34464529,3.894111
2026-06-23T11:58:42,idle,du2,3950773,3868224.891138649,3.868225
2026-06-23T11:58:42,idle,du3,3951527,3801658.5553527833,3.801659
2026-06-23T11:58:42,idle,ue1,3950064,1072452.3119321107,1.072452
2026-06-23T11:58:42,idle,ue2,3950073,1053961.7686939335,1.053962
2026-06-23T11:58:42,idle,ue3,3950082,1109433.471510086,1.109433
2026-06-23T11:58:42,idle,ue4,3950090,972603.3199646568,0.972603
2026-06-23T11:58:42,idle,ue5,3950814,1046565.492917366,1.046565
2026-06-23T11:58:42,idle,ue6,3950823,1102037.1957335186,1.102037
2026-06-23T11:58:42,idle,ue7,3950832,1061357.9713688802,1.061358
2026-06-23T11:58:42,idle,ue8,3950841,1079848.5877086783,1.079849
2026-06-23T11:58:42,idle,ue9,3951588,1083546.5793937207,1.083547
2026-06-23T11:58:42,idle,ue10,3951597,1068754.2471454476,1.068754
2026-06-23T11:58:42,idle,ue11,3951606,1053961.7686939335,1.053962
2026-06-23T11:58:42,idle,ue12,3951615,1087244.7172820044,1.087245
2026-06-23T11:58:48,idle,cu_cp,3949832,464101.9586197817,0.464102
2026-06-23T11:58:48,idle,cu_up,3949840,464101.9586197817,0.464102
2026-06-23T11:58:48,idle,du1,3950023,3860149.864412837,3.860150
2026-06-23T11:58:48,idle,du2,3950773,3893299.8691245792,3.893300
2026-06-23T11:58:48,idle,du3,3951527,3753332.761973803,3.753333
2026-06-23T11:58:48,idle,ue1,3950064,1071854.5685422432,1.071855
2026-06-23T11:58:48,idle,ue2,3950073,1064487.8442106266,1.064488
2026-06-23T11:58:48,idle,ue3,3950082,1108688.044611451,1.108688
2026-06-23T11:58:48,idle,ue4,3950090,972404.117640388,0.972404
2026-06-23T11:58:48,idle,ue5,3950814,1060804.4456475992,1.060804
2026-06-23T11:58:48,idle,ue6,3950823,1097637.9945112448,1.097638
2026-06-23T11:58:48,idle,ue7,3950832,1038704.4182416248,1.038704
2026-06-23T11:58:48,idle,ue8,3950841,1079221.220079422,1.079221
2026-06-23T11:58:48,idle,ue9,3951588,1086587.8716166008,1.086588
2026-06-23T11:58:48,idle,ue10,3951597,1082904.6186424494,1.082905
2026-06-23T11:58:48,idle,ue11,3951606,1079221.220079422,1.079221
2026-06-23T11:58:48,idle,ue12,3951615,1108688.044611451,1.108688
2026-06-23T11:58:53,idle,cu_cp,3949832,462881.4608807349,0.462881
2026-06-23T11:58:53,idle,cu_up,3949840,466555.1143096113,0.466555
2026-06-23T11:58:53,idle,du1,3950023,3816935.125412388,3.816935
2026-06-23T11:58:53,idle,du2,3950773,3861018.8209018325,3.861019
2026-06-23T11:58:53,idle,du3,3951527,3776524.9012804795,3.776525
2026-06-23T11:58:53,idle,ue1,3950064,1080056.7299169588,1.080057
2026-06-23T11:58:53,idle,ue2,3950073,1061688.3535297727,1.061688
2026-06-23T11:58:53,idle,ue3,3950082,1087404.0367747117,1.087404
2026-06-23T11:58:53,idle,ue4,3950090,1028625.4362556172,1.028625
2026-06-23T11:58:53,idle,ue5,3950814,1028625.4362556172,1.028625
2026-06-23T11:58:53,idle,ue6,3950823,1076383.0400738143,1.076383
2026-06-23T11:58:53,idle,ue7,3950832,1072709.35023067,1.072709
2026-06-23T11:58:53,idle,ue8,3950841,1091077.726617856,1.091078
2026-06-23T11:58:53,idle,ue9,3951588,1046993.7398142671,1.046994
2026-06-23T11:58:53,idle,ue10,3951597,1069035.7332160615,1.069036
2026-06-23T11:58:53,idle,ue11,3951606,1076383.0400738143,1.076383
2026-06-23T11:58:53,idle,ue12,3951615,1098425.0334756088,1.098425
2026-06-23T11:58:59,idle,cu_cp,3949832,459469.2983472288,0.459469
2026-06-23T11:58:59,idle,cu_up,3949840,463464.70415323554,0.463465
2026-06-23T11:58:59,idle,du1,3950023,3847556.143858776,3.847556
2026-06-23T11:58:59,idle,du2,3950773,3863537.6212770464,3.863538
2026-06-23T11:58:59,idle,du3,3951527,3779634.573219614,3.779635
2026-06-23T11:58:59,idle,ue1,3950064,1098731.01958166,1.098731
2026-06-23T11:58:59,idle,ue2,3950073,1074758.7305513762,1.074759
2026-06-23T11:58:59,idle,ue3,3950082,1086744.838615079,1.086745
2026-06-23T11:58:59,idle,ue4,3950090,1030809.448942498,1.030809
2026-06-23T11:58:59,idle,ue5,3950814,1074758.7305513762,1.074759
2026-06-23T11:58:59,idle,ue6,3950823,1014827.8986213494,1.014828
2026-06-23T11:58:59,idle,ue7,3950832,1078754.0270030655,1.078754
2026-06-23T11:58:59,idle,ue8,3950841,1086744.838615079,1.086745
2026-06-23T11:58:59,idle,ue9,3951588,1058777.1802302278,1.058777
2026-06-23T11:58:59,idle,ue10,3951597,1046790.9992636465,1.046791
2026-06-23T11:58:59,idle,ue11,3951606,1074758.7305513762,1.074759
2026-06-23T11:58:59,idle,ue12,3951615,1114712.5699028086,1.114713
2026-06-23T11:59:04,idle,cu_cp,3949832,468265.62709601223,0.468266
2026-06-23T11:59:04,idle,cu_up,3949840,464158.03739657224,0.464158
2026-06-23T11:59:04,idle,du1,3950023,3906321.306944332,3.906321
2026-06-23T11:59:04,idle,du2,3950773,3865245.4099499322,3.865245
2026-06-23T11:59:04,idle,du3,3951527,3795416.093161378,3.795416
2026-06-23T11:59:04,idle,ue1,3950064,1088512.2190203415,1.088512
2026-06-23T11:59:04,idle,ue2,3950073,1051543.9117253816,1.051544
2026-06-23T11:59:04,idle,ue3,3950082,1117265.4198909402,1.117265
2026-06-23T11:59:04,idle,ue4,3950090,1018683.121155343,1.018683
2026-06-23T11:59:04,idle,ue5,3950814,1084404.6293209016,1.084405
2026-06-23T11:59:04,idle,ue6,3950823,1088512.2190203415,1.088512
2026-06-23T11:59:04,idle,ue7,3950832,1063866.6808237017,1.063867
2026-06-23T11:59:04,idle,ue8,3950841,1100834.9881186616,1.100835
2026-06-23T11:59:04,idle,ue9,3951588,1084404.6293209016,1.084405
2026-06-23T11:59:04,idle,ue10,3951597,1092619.8816943,1.092620
2026-06-23T11:59:04,idle,ue11,3951606,1092619.8816943,1.092620
2026-06-23T11:59:04,idle,ue12,3951615,1096727.3984192216,1.096727
2026-06-23T11:59:10,idle,cu_cp,3949832,463718.7980177021,0.463719
2026-06-23T11:59:10,idle,cu_up,3949840,471926.198718996,0.471926
2026-06-23T11:59:10,idle,du1,3950023,3828757.9869301985,3.828758
2026-06-23T11:59:10,idle,du2,3950773,3906728.293592491,3.906728
2026-06-23T11:59:10,idle,du3,3951527,3828757.9869301985,3.828758
2026-06-23T11:59:10,idle,ue1,3950064,1071067.327772913,1.071067
2026-06-23T11:59:10,idle,ue2,3950073,1062859.8539166641,1.062860
2026-06-23T11:59:10,idle,ue3,3950082,1108000.7040836907,1.108001
2026-06-23T11:59:10,idle,ue4,3950090,1042341.4253183842,1.042341
2026-06-23T11:59:10,idle,ue5,3950814,1071067.327772913,1.071067
2026-06-23T11:59:10,idle,ue6,3950823,1087482.129175501,1.087482
2026-06-23T11:59:10,idle,ue7,3950832,1046445.0525140762,1.046445
2026-06-23T11:59:10,idle,ue8,3950841,1087482.129175501,1.087482
2026-06-23T11:59:10,idle,ue9,3951588,1108000.7040836907,1.108001
2026-06-23T11:59:10,idle,ue10,3951597,1116208.1047849846,1.116208
2026-06-23T11:59:10,idle,ue11,3951606,1083378.5019798088,1.083379
2026-06-23T11:59:10,idle,ue12,3951615,1116208.1047849846,1.116208
2026-06-23T11:59:15,idle,cu_cp,3949832,469195.9774404329,0.469196
2026-06-23T11:59:15,idle,cu_up,3949840,465043.79607946693,0.465044
2026-06-23T11:59:15,idle,du1,3950023,3811698.358576987,3.811698
2026-06-23T11:59:15,idle,du2,3950773,3923807.107794862,3.923807
2026-06-23T11:59:15,idle,du3,3951527,3836611.4467427824,3.836611
2026-06-23T11:59:15,idle,ue1,3950064,1100326.8066662294,1.100327
2026-06-23T11:59:15,idle,ue2,3950073,1083718.0812223656,1.083718
2026-06-23T11:59:15,idle,ue3,3950082,1116935.6058741964,1.116936
2026-06-23T11:59:15,idle,ue4,3950090,1050500.7778628438,1.050501
2026-06-23T11:59:15,idle,ue5,3950814,1079565.9736255025,1.079566
2026-06-23T11:59:15,idle,ue6,3950823,1133544.2575539572,1.133544
2026-06-23T11:59:15,idle,ue7,3950832,1087870.3363474344,1.087870
2026-06-23T11:59:15,idle,ue8,3950841,1071261.6846676737,1.071262
2026-06-23T11:59:15,idle,ue9,3951588,1129392.002428888,1.129392
2026-06-23T11:59:15,idle,ue10,3951597,1121087.7134710592,1.121088
2026-06-23T11:59:15,idle,ue11,3951606,1071261.6846676737,1.071262
2026-06-23T11:59:15,idle,ue12,3951615,1100326.8066662294,1.100327
2026-06-23T11:59:21,idle,cu_cp,3949832,460923.07342179894,0.460923
2026-06-23T11:59:21,idle,cu_up,3949840,469619.75514647516,0.469620
2026-06-23T11:59:21,idle,du1,3950023,3800441.1214546873,3.800441
2026-06-23T11:59:21,idle,du2,3950773,3843924.493595791,3.843924
2026-06-23T11:59:21,idle,du3,3951527,3791744.3302831794,3.791744
2026-06-23T11:59:21,idle,ue1,3950064,1095779.4165143496,1.095779
2026-06-23T11:59:21,idle,ue2,3950073,1087082.6983073961,1.087083
2026-06-23T11:59:21,idle,ue3,3950082,1078386.0530649973,1.078386
2026-06-23T11:59:21,idle,ue4,3950090,1017509.3904390954,1.017509
2026-06-23T11:59:21,idle,ue5,3950814,1034902.6809238935,1.034903
2026-06-23T11:59:21,idle,ue6,3950823,1087082.6983073961,1.087083
2026-06-23T11:59:21,idle,ue7,3950832,1078386.0530649973,1.078386
2026-06-23T11:59:21,idle,ue8,3950841,1087082.6983073961,1.087083
2026-06-23T11:59:21,idle,ue9,3951588,1087082.6983073961,1.087083
2026-06-23T11:59:21,idle,ue10,3951597,1095779.4165143496,1.095779
2026-06-23T11:59:21,idle,ue11,3951606,1069689.3348580438,1.069689
2026-06-23T11:59:21,idle,ue12,3951615,1095779.4165143496,1.095779
2026-06-23T11:59:26,idle,cu_cp,3949832,463523.03110693576,0.463523
2026-06-23T11:59:26,idle,cu_up,3949840,470546.0729747128,0.470546
2026-06-23T11:59:26,idle,du1,3950023,3890784.0689769317,3.890784
2026-06-23T11:59:26,idle,du2,3950773,3869714.8702176763,3.869715
2026-06-23T11:59:26,idle,du3,3951527,3771391.845133252,3.771392
2026-06-23T11:59:26,idle,ue1,3950064,1088576.7567319858,1.088577
2026-06-23T11:59:26,idle,ue2,3950073,1046438.359213475,1.046438
2026-06-23T11:59:26,idle,ue3,3950082,1060484.5161049534,1.060485
2026-06-23T11:59:26,idle,ue4,3950090,1046438.359213475,1.046438
2026-06-23T11:59:26,idle,ue5,3950814,1081553.6417082846,1.081554
2026-06-23T11:59:26,idle,ue6,3950823,1095599.7985997628,1.095600
2026-06-23T11:59:26,idle,ue7,3950832,1109645.9554912413,1.109646
2026-06-23T11:59:26,idle,ue8,3950841,1088576.7567319858,1.088577
2026-06-23T11:59:26,idle,ue9,3951588,1095599.7985997628,1.095600
2026-06-23T11:59:26,idle,ue10,3951597,1088576.7567319858,1.088577
2026-06-23T11:59:26,idle,ue11,3951606,1060484.5161049534,1.060485
2026-06-23T11:59:26,idle,ue12,3951615,1067507.5579727304,1.067508
2026-06-23T11:59:32,idle,cu_cp,3949832,480489.9565615356,0.480490
2026-06-23T11:59:32,idle,cu_up,3949840,468626.02966186404,0.468626
2026-06-23T11:59:32,idle,du1,3950023,3849851.7626820947,3.849852
2026-06-23T11:59:32,idle,du2,3950773,3808327.87179327,3.808328
2026-06-23T11:59:32,idle,du3,3951527,3808327.87179327,3.808328
2026-06-23T11:59:32,idle,ue1,3950064,1091483.3291294193,1.091483
2026-06-23T11:59:32,idle,ue2,3950073,1044027.6215307331,1.044028
2026-06-23T11:59:32,idle,ue3,3950082,1103347.402769065,1.103347
2026-06-23T11:59:32,idle,ue4,3950090,1038095.6580808973,1.038096
2026-06-23T11:59:32,idle,ue5,3950814,1079619.4022297477,1.079619
2026-06-23T11:59:32,idle,ue6,3950823,1085551.3656795835,1.085551
2026-06-23T11:59:32,idle,ue7,3950832,1085551.3656795835,1.085551
2026-06-23T11:59:32,idle,ue8,3950841,1091483.3291294193,1.091483
2026-06-23T11:59:32,idle,ue9,3951588,1091483.3291294193,1.091483
2026-06-23T11:59:32,idle,ue10,3951597,1067755.4753300762,1.067755
2026-06-23T11:59:32,idle,ue11,3951606,1055891.5484304046,1.055892
2026-06-23T11:59:32,idle,ue12,3951615,1044027.6215307331,1.044028
2026-06-23T11:59:37,idle,cu_cp,3949832,468353.66658827575,0.468354
2026-06-23T11:59:37,idle,cu_up,3949840,464636.5836307463,0.464637
2026-06-23T11:59:37,idle,du1,3950023,3862059.125105903,3.862059
2026-06-23T11:59:37,idle,du2,3950773,3925249.6089559984,3.925250
2026-06-23T11:59:37,idle,du3,3951527,3850907.94980541,3.850908
2026-06-23T11:59:37,idle,ue1,3950064,1096542.268210792,1.096542
2026-06-23T11:59:37,idle,ue2,3950073,1107693.5170833801,1.107694
2026-06-23T11:59:37,idle,ue3,3950082,1107693.5170833801,1.107694
2026-06-23T11:59:37,idle,ue4,3950090,1066805.6045505565,1.066806
2026-06-23T11:59:37,idle,ue5,3950814,1100259.4247404165,1.100259
2026-06-23T11:59:37,idle,ue6,3950823,1063088.521593027,1.063089
2026-06-23T11:59:37,idle,ue7,3950832,1040785.9502757555,1.040786
2026-06-23T11:59:37,idle,ue8,3950841,1085391.0929102986,1.085391
2026-06-23T11:59:37,idle,ue9,3951588,1122561.996057688,1.122562
2026-06-23T11:59:37,idle,ue10,3951597,1081673.9363806741,1.081674
2026-06-23T11:59:37,idle,ue11,3951606,1118844.8395280635,1.118845
2026-06-23T11:59:37,idle,ue12,3951615,1085391.0929102986,1.085391
2026-06-23T11:59:43,idle,cu_cp,3949832,472823.29427918314,0.472823
2026-06-23T11:59:43,idle,cu_up,3949840,461654.22037178755,0.461654
2026-06-23T11:59:43,idle,du1,3950023,3879384.9456779193,3.879385
2026-06-23T11:59:43,idle,du2,3950773,3868215.6508821393,3.868216
2026-06-23T11:59:43,idle,du3,3951527,3823539.649770403,3.823540
2026-06-23T11:59:43,idle,ue1,3950064,1102013.3287440585,1.102013
2026-06-23T11:59:43,idle,ue2,3950073,1079675.254558729,1.079675
2026-06-23T11:59:43,idle,ue3,3950082,1105736.3288367032,1.105736
2026-06-23T11:59:43,idle,ue4,3950090,1061060.1068365825,1.061060
2026-06-23T11:59:43,idle,ue5,3950814,1090844.254836663,1.090844
2026-06-23T11:59:43,idle,ue6,3950823,1087121.2547440184,1.087121
2026-06-23T11:59:43,idle,ue7,3950832,1075952.1808366226,1.075952
2026-06-23T11:59:43,idle,ue8,3950841,1075952.1808366226,1.075952
2026-06-23T11:59:43,idle,ue9,3951588,1105736.3288367032,1.105736
2026-06-23T11:59:43,idle,ue10,3951597,1094567.3285587693,1.094567
2026-06-23T11:59:43,idle,ue11,3951606,1090844.254836663,1.090844
2026-06-23T11:59:43,idle,ue12,3951615,1083398.2546513737,1.083398
2026-06-23T11:59:48,idle,cu_cp,3949832,474861.6957240674,0.474862
2026-06-23T11:59:48,idle,cu_up,3949840,467202.66279195336,0.467203
2026-06-23T11:59:48,idle,du1,3950023,3856336.937602527,3.856337
2026-06-23T11:59:48,idle,du2,3950773,3848677.39011348,3.848677
2026-06-23T11:59:48,idle,du3,3951527,3802723.3395370627,3.802723
2026-06-23T11:59:48,idle,ue1,3950064,1095245.6052233672,1.095246
2026-06-23T11:59:48,idle,ue2,3950073,1102904.6381554813,1.102905
2026-06-23T11:59:48,idle,ue3,3950082,1110563.6710875952,1.110564
2026-06-23T11:59:48,idle,ue4,3950090,1056950.2200383972,1.056950
2026-06-23T11:59:48,idle,ue5,3950814,1087586.49878312,1.087586
2026-06-23T11:59:48,idle,ue6,3950823,1083756.9455629962,1.083757
2026-06-23T11:59:48,idle,ue7,3950832,1068438.8796987683,1.068439
2026-06-23T11:59:48,idle,ue8,3950841,1095245.6052233672,1.095246
2026-06-23T11:59:48,idle,ue9,3951588,1102904.6381554813,1.102905
2026-06-23T11:59:48,idle,ue10,3951597,1106734.1913756048,1.106734
2026-06-23T11:59:48,idle,ue11,3951606,1072268.432918892,1.072268
2026-06-23T11:59:48,idle,ue12,3951615,1053120.740326407,1.053121
2026-06-23T11:59:54,idle,cu_cp,3949832,465691.5044259533,0.465692
2026-06-23T11:59:54,idle,cu_up,3949840,465691.5044259533,0.465692
2026-06-23T11:59:54,idle,du1,3950023,3879376.355654442,3.879376
2026-06-23T11:59:54,idle,du2,3950773,3912640.264503467,3.912640
2026-06-23T11:59:54,idle,du3,3951527,3808691.2154455185,3.808691
2026-06-23T11:59:54,idle,ue1,3950064,1114333.1753310352,1.114333
2026-06-23T11:59:54,idle,ue2,3950073,1085227.4771198898,1.085227
2026-06-23T11:59:54,idle,ue3,3950082,1085227.4771198898,1.085227
2026-06-23T11:59:54,idle,ue4,3950090,1068595.670716545,1.068596
2026-06-23T11:59:54,idle,ue5,3950814,1097701.3689276904,1.097701
2026-06-23T11:59:54,idle,ue6,3950823,1093543.52834273,1.093544
2026-06-23T11:59:54,idle,ue7,3950832,1085227.4771198898,1.085227
2026-06-23T11:59:54,idle,ue8,3950841,1085227.4771198898,1.085227
2026-06-23T11:59:54,idle,ue9,3951588,1114333.1753310352,1.114333
2026-06-23T11:59:54,idle,ue10,3951597,1085227.4771198898,1.085227
2026-06-23T11:59:54,idle,ue11,3951606,1097701.3689276904,1.097701
2026-06-23T11:59:54,idle,ue12,3951615,1081069.5625243455,1.081070
2026-06-23T11:59:59,idle,cu_cp,3949832,477185.60440577415,0.477186
2026-06-23T11:59:59,idle,cu_up,3949840,460587.8766406208,0.460588
2026-06-23T11:59:59,idle,du1,3950023,3875576.9746180535,3.875577
2026-06-23T11:59:59,idle,du2,3950773,3896324.27261523,3.896324
2026-06-23T11:59:59,idle,du3,3951527,3838232.13324337,3.838232
2026-06-23T11:59:59,idle,ue1,3950064,1053957.7966676443,1.053958
2026-06-23T11:59:59,idle,ue2,3950073,1095452.1713968217,1.095452
2026-06-23T11:59:59,idle,ue3,3950082,1070555.5613103271,1.070556
2026-06-23T11:59:59,idle,ue4,3950090,1074705.0209097625,1.074705
2026-06-23T11:59:59,idle,ue5,3950814,1091302.785552445,1.091303
2026-06-23T11:59:59,idle,ue6,3950823,1116199.3956389397,1.116199
2026-06-23T11:59:59,idle,ue7,3950832,1116199.3956389397,1.116199
2026-06-23T11:59:59,idle,ue8,3950841,1091302.785552445,1.091303
2026-06-23T11:59:59,idle,ue9,3951588,1116199.3956389397,1.116199
2026-06-23T11:59:59,idle,ue10,3951597,1103751.164350751,1.103751
2026-06-23T11:59:59,idle,ue11,3951606,1083003.8663535744,1.083004
2026-06-23T11:59:59,idle,ue12,3951615,1062256.6421114565,1.062257
2026-06-23T12:00:05,idle,cu_cp,3949832,468237.75598424615,0.468238
2026-06-23T12:00:05,idle,cu_up,3949840,468237.75598424615,0.468238
2026-06-23T12:00:05,idle,du1,3950023,3832919.453652048,3.832919
2026-06-23T12:00:05,idle,du2,3950773,3853638.1367079876,3.853638
2026-06-23T12:00:05,idle,du3,3951527,3828775.894217005,3.828776
2026-06-23T12:00:05,idle,ue1,3950064,1064930.1362116635,1.064930
2026-06-23T12:00:05,idle,ue2,3950073,1118798.1068052792,1.118798
2026-06-23T12:00:05,idle,ue3,3950082,1093936.0119610834,1.093936
2026-06-23T12:00:05,idle,ue4,3950090,1081504.8907155918,1.081505
2026-06-23T12:00:05,idle,ue5,3950814,1089792.3787026466,1.089792
2026-06-23T12:00:05,idle,ue6,3950823,1114654.4735468423,1.114654
2026-06-23T12:00:05,idle,ue7,3950832,1110510.7664650118,1.110511
2026-06-23T12:00:05,idle,ue8,3950841,1085648.5239740289,1.085649
2026-06-23T12:00:05,idle,ue9,3951588,1118798.1068052792,1.118798
2026-06-23T12:00:05,idle,ue10,3951597,1118798.1068052792,1.118798
2026-06-23T12:00:05,idle,ue11,3951606,1106367.0593831814,1.106367
2026-06-23T12:00:05,idle,ue12,3951615,1069073.843293494,1.069074
2026-06-23T12:00:10,dl,cu_cp,3949832,469983.1534480977,0.469983
2026-06-23T12:00:10,dl,cu_up,3949840,460391.67473462014,0.460392
2026-06-23T12:00:10,dl,du1,3950023,3798231.289067681,3.798231
2026-06-23T12:00:10,dl,du2,3950773,3932512.650886817,3.932513
2026-06-23T12:00:10,dl,du3,3951527,3769456.8162700008,3.769457
2026-06-23T12:00:10,dl,ue1,3950064,1055064.344715904,1.055064
2026-06-23T12:00:10,dl,ue2,3950073,1103021.7016260445,1.103022
2026-06-23T12:00:10,dl,ue3,3950082,1093430.2595698142,1.093430
2026-06-23T12:00:10,dl,ue4,3950090,997515.3258060497,0.997515
2026-06-23T12:00:10,dl,ue5,3950814,1093430.2595698142,1.093430
2026-06-23T12:00:10,dl,ue6,3950823,1093430.2595698142,1.093430
2026-06-23T12:00:10,dl,ue7,3950832,1083838.7441990895,1.083839
2026-06-23T12:00:10,dl,ue8,3950841,1083838.7441990895,1.083839
2026-06-23T12:00:10,dl,ue9,3951588,1112613.2169967694,1.112613
2026-06-23T12:00:10,dl,ue10,3951597,1064655.7867721342,1.064656
2026-06-23T12:00:10,dl,ue11,3951606,1093430.2595698142,1.093430
2026-06-23T12:00:10,dl,ue12,3951615,1045472.8293451793,1.045473
2026-06-23T12:00:16,dl,cu_cp,3949832,571416.2554142505,0.571416
2026-06-23T12:00:16,dl,cu_up,3949840,1134041.4586766649,1.134041
2026-06-23T12:00:16,dl,du1,3950023,5336148.3361519985,5.336148
2026-06-23T12:00:16,dl,du2,3950773,5635043.08477598,5.635043
2026-06-23T12:00:16,dl,du3,3951527,5687789.3976869965,5.687789
2026-06-23T12:00:16,dl,ue1,3950064,3621899.8260438587,3.621900
2026-06-23T12:00:16,dl,ue2,3950073,1687875.524409039,1.687876
2026-06-23T12:00:16,dl,ue3,3950082,1670293.5908617747,1.670294
2026-06-23T12:00:16,dl,ue4,3950090,1670293.5908617747,1.670294
2026-06-23T12:00:16,dl,ue5,3950814,2391156.964453404,2.391157
2026-06-23T12:00:16,dl,ue6,3950823,2461485.040155277,2.461485
2026-06-23T12:00:16,dl,ue7,3950832,2505440.13015805,2.505440
2026-06-23T12:00:16,dl,ue8,3950841,2285665.021657002,2.285665
2026-06-23T12:00:16,dl,ue9,3951588,2417529.9501525043,2.417530
2026-06-23T12:00:16,dl,ue10,3951597,2382365.912301568,2.382366
2026-06-23T12:00:16,dl,ue11,3951606,2312037.8365996946,2.312038
2026-06-23T12:00:16,dl,ue12,3951615,2426321.0023043407,2.426321
2026-06-23T12:00:22,dl,cu_cp,3949832,589084.505302459,0.589085
2026-06-23T12:00:22,dl,cu_up,3949840,1114292.3950353265,1.114292
2026-06-23T12:00:22,dl,du1,3950023,5379831.614781022,5.379832
2026-06-23T12:00:22,dl,du2,3950773,5677923.058202267,5.677923
2026-06-23T12:00:22,dl,du3,3951527,5741799.331313968,5.741799
2026-06-23T12:00:22,dl,ue1,3950064,3740331.586856246,3.740332
2026-06-23T12:00:22,dl,ue2,3950073,1703376.8147233129,1.703377
2026-06-23T12:00:22,dl,ue3,3950082,1696279.3749424815,1.696279
2026-06-23T12:00:22,dl,ue4,3950090,1618208.0510401726,1.618208
2026-06-23T12:00:22,dl,ue5,3950814,2363435.4609906673,2.363435
2026-06-23T12:00:22,dl,ue6,3950823,2384727.437875271,2.384727
2026-06-23T12:00:22,dl,ue7,3950832,2413117.196998596,2.413117
2026-06-23T12:00:22,dl,ue8,3950841,2434409.345112145,2.434409
2026-06-23T12:00:22,dl,ue9,3951588,2370532.9007714987,2.370533
2026-06-23T12:00:22,dl,ue10,3951597,2342143.1416481733,2.342143
2026-06-23T12:00:22,dl,ue11,3951606,2342143.1416481733,2.342143
2026-06-23T12:00:22,dl,ue12,3951615,2484091.081120074,2.484091
2026-06-23T12:00:27,dl,cu_cp,3949832,591960.991744163,0.591961
2026-06-23T12:00:27,dl,cu_up,3949840,1150095.4525487835,1.150095
2026-06-23T12:00:27,dl,du1,3950023,5369931.33944057,5.369931
2026-06-23T12:00:27,dl,du2,3950773,5775847.310934839,5.775847
2026-06-23T12:00:27,dl,du3,3951527,5708195.106120126,5.708195
2026-06-23T12:00:27,dl,ue1,3950064,3771636.901709354,3.771637
2026-06-23T12:00:27,dl,ue2,3950073,1733599.8758378888,1.733600
2026-06-23T12:00:27,dl,ue3,3950082,1704001.843391968,1.704002
2026-06-23T12:00:27,dl,ue4,3950090,1632120.8829643214,1.632121
2026-06-23T12:00:27,dl,ue5,3950814,2329789.108956362,2.329789
2026-06-23T12:00:27,dl,ue6,3950823,2372072.2083509625,2.372072
2026-06-23T12:00:27,dl,ue7,3950832,2376300.4497252726,2.376300
2026-06-23T12:00:27,dl,ue8,3950841,2443952.9973657345,2.443953
2026-06-23T12:00:27,dl,ue9,3951588,2359387.1414022828,2.359387
2026-06-23T12:00:27,dl,ue10,3951597,2329789.108956362,2.329789
2026-06-23T12:00:27,dl,ue11,3951606,2367843.966976652,2.367844
2026-06-23T12:00:27,dl,ue12,3951615,2482007.512560276,2.482008
2026-06-23T12:00:33,dl,cu_cp,3949832,592163.6952927411,0.592164
2026-06-23T12:00:33,dl,cu_up,3949840,1044745.9297894835,1.044746
2026-06-23T12:00:33,dl,du1,3950023,5295635.405525923,5.295635
2026-06-23T12:00:33,dl,du2,3950773,5718609.155800438,5.718609
2026-06-23T12:00:33,dl,du3,3951527,5625554.848603105,5.625555
2026-06-23T12:00:33,dl,ue1,3950064,3696793.34267621,3.696793
2026-06-23T12:00:33,dl,ue2,3950073,1725734.0510371686,1.725734
2026-06-23T12:00:33,dl,ue3,3950082,1666517.7670672059,1.666518
2026-06-23T12:00:33,dl,ue4,3950090,1658058.346819675,1.658058
2026-06-23T12:00:33,dl,ue5,3950814,2313668.207324767,2.313668
2026-06-23T12:00:33,dl,ue6,3950823,2364424.899928576,2.364425
2026-06-23T12:00:33,dl,ue7,3950832,2394033.21303218,2.394033
2026-06-23T12:00:33,dl,ue8,3950841,2457479.207125908,2.457479
2026-06-23T12:00:33,dl,ue9,3951588,2368654.7811709642,2.368655
2026-06-23T12:00:33,dl,ue10,3951597,2339046.46806736,2.339046
2026-06-23T12:00:33,dl,ue11,3951606,2364424.899928576,2.364425
2026-06-23T12:00:33,dl,ue12,3951615,2470168.5086158277,2.470169
2026-06-23T12:00:39,dl,cu_cp,3949832,588582.6887831694,0.588583
2026-06-23T12:00:39,dl,cu_up,3949840,1059448.899681096,1.059449
2026-06-23T12:00:39,dl,du1,3950023,5238386.473289256,5.238386
2026-06-23T12:00:39,dl,du2,3950773,5559842.814964227,5.559843
2026-06-23T12:00:39,dl,du3,3951527,5736417.574557371,5.736418
2026-06-23T12:00:39,dl,ue1,3950064,3685433.0916352747,3.685433
2026-06-23T12:00:39,dl,ue2,3950073,1697834.7926746916,1.697835
2026-06-23T12:00:39,dl,ue3,3950082,1661614.3116236757,1.661614
2026-06-23T12:00:39,dl,ue4,3950090,1666141.786224494,1.666142
2026-06-23T12:00:39,dl,ue5,3950814,2245669.4830407477,2.245669
2026-06-23T12:00:39,dl,ue6,3950823,2263779.7235662555,2.263780
2026-06-23T12:00:39,dl,ue7,3950832,2372440.9956581853,2.372441
2026-06-23T12:00:39,dl,ue8,3950841,2404134.1731695007,2.404134
2026-06-23T12:00:39,dl,ue9,3951588,2363386.0464565493,2.363386
2026-06-23T12:00:39,dl,ue10,3951597,2386023.761582875,2.386024
2026-06-23T12:00:39,dl,ue11,3951606,2426771.888295827,2.426772
2026-06-23T12:00:39,dl,ue12,3951615,2549015.9263124466,2.549016
2026-06-23T12:00:44,dl,cu_cp,3949832,600554.4913894564,0.600554
2026-06-23T12:00:44,dl,cu_up,3949840,1104245.2160308273,1.104245
2026-06-23T12:00:44,dl,du1,3950023,5346871.989966521,5.346872
2026-06-23T12:00:44,dl,du2,3950773,5932896.2048236085,5.932896
2026-06-23T12:00:44,dl,du3,3951527,5836033.5592588,5.836034
2026-06-23T12:00:44,dl,ue1,3950064,3719563.1234549712,3.719563
2026-06-23T12:00:44,dl,ue2,3950073,1699956.5406440962,1.699957
2026-06-23T12:00:44,dl,ue3,3950082,1685427.040315534,1.685427
2026-06-23T12:00:44,dl,ue4,3950090,1661211.033944862,1.661211
2026-06-23T12:00:44,dl,ue5,3950814,2397374.798781638,2.397375
2026-06-23T12:00:44,dl,ue6,3950823,2373158.792410966,2.373159
2026-06-23T12:00:44,dl,ue7,3950832,2494238.1343053863,2.494238
2026-06-23T12:00:44,dl,ue8,3950841,2610474.4819133542,2.610474
2026-06-23T12:00:44,dl,ue9,3951588,2421590.4601728404,2.421590
2026-06-23T12:00:44,dl,ue10,3951597,2382845.125963341,2.382845
2026-06-23T12:00:44,dl,ue11,3951606,2373158.792410966,2.373159
2026-06-23T12:00:44,dl,ue12,3951615,2562042.8141514803,2.562043
2026-06-23T12:00:50,dl,cu_cp,3949832,582235.9259464317,0.582236
2026-06-23T12:00:50,dl,cu_up,3949840,1097105.6768661917,1.097106
2026-06-23T12:00:50,dl,du1,3950023,5336360.769423103,5.336361
2026-06-23T12:00:50,dl,du2,3950773,5711686.085594897,5.711686
2026-06-23T12:00:50,dl,du3,3951527,5726121.952589016,5.726122
2026-06-23T12:00:50,dl,ue1,3950064,3743632.691186285,3.743633
2026-06-23T12:00:50,dl,ue2,3950073,1693777.254756882,1.693777
2026-06-23T12:00:50,dl,ue3,3950082,1703400.9940464068,1.703401
2026-06-23T12:00:50,dl,ue4,3950090,1640846.774684441,1.640847
2026-06-23T12:00:50,dl,ue5,3950814,2276013.2237132858,2.276013
2026-06-23T12:00:50,dl,ue6,3950823,2338567.4430752518,2.338567
2026-06-23T12:00:50,dl,ue7,3950832,2348191.1823647763,2.348191
2026-06-23T12:00:50,dl,ue8,3950841,2420369.313056154,2.420369
2026-06-23T12:00:50,dl,ue9,3951588,2367438.4889039374,2.367438
2026-06-23T12:00:50,dl,ue10,3951597,2348191.1823647763,2.348191
2026-06-23T12:00:50,dl,ue11,3951606,2381874.1838581683,2.381874
2026-06-23T12:00:50,dl,ue12,3951615,2521418.489576218,2.521418
2026-06-23T12:00:55,dl,cu_cp,3949832,580854.2057995534,0.580854
2026-06-23T12:00:55,dl,cu_up,3949840,1038835.4657244659,1.038835
2026-06-23T12:00:55,dl,du1,3950023,5350560.798070622,5.350561
2026-06-23T12:00:55,dl,du2,3950773,5540455.475162289,5.540455
2026-06-23T12:00:55,dl,du3,3951527,5518115.126113188,5.518115
2026-06-23T12:00:55,dl,ue1,3950064,3708530.7774975016,3.708531
2026-06-23T12:00:55,dl,ue2,3950073,1709051.7517901468,1.709052
2026-06-23T12:00:55,dl,ue3,3950082,1642030.191590551,1.642030
2026-06-23T12:00:55,dl,ue4,3950090,1653200.3661151016,1.653200
2026-06-23T12:00:55,dl,ue5,3950814,2312246.477656232,2.312246
2026-06-23T12:00:55,dl,ue6,3950823,2323416.8231982137,2.323417
2026-06-23T12:00:55,dl,ue7,3950832,2312246.477656232,2.312246
2026-06-23T12:00:55,dl,ue8,3950841,2412779.0744817723,2.412779
2026-06-23T12:00:55,dl,ue9,3951588,2267565.6085405992,2.267566
2026-06-23T12:00:55,dl,ue10,3951597,2267565.6085405992,2.267566
2026-06-23T12:00:55,dl,ue11,3951606,2345757.3432647455,2.345757
2026-06-23T12:00:55,dl,ue12,3951615,2379268.208873259,2.379268
2026-06-23T12:01:01,dl,cu_cp,3949832,598080.4659259862,0.598080
2026-06-23T12:01:01,dl,cu_up,3949840,1085088.822567594,1.085089
2026-06-23T12:01:01,dl,du1,3950023,5459620.1862028595,5.459620
2026-06-23T12:01:01,dl,du2,3950773,5758660.3545900965,5.758660
2026-06-23T12:01:01,dl,du3,3951527,5553604.2588047935,5.553604
2026-06-23T12:01:01,dl,ue1,3950064,3759362.904077339,3.759363
2026-06-23T12:01:01,dl,ue2,3950073,1725889.3801996922,1.725889
2026-06-23T12:01:01,dl,ue3,3950082,1717345.2327069568,1.717345
2026-06-23T12:01:01,dl,ue4,3950090,1683169.3315440845,1.683169
2026-06-23T12:01:01,dl,ue5,3950814,2315425.913885465,2.315426
2026-06-23T12:01:01,dl,ue6,3950823,2323969.889176183,2.323970
2026-06-23T12:01:01,dl,ue7,3950832,2358145.962541072,2.358146
2026-06-23T12:01:01,dl,ue8,3950841,2460674.010433724,2.460674
2026-06-23T12:01:01,dl,ue9,3951588,2298337.791102011,2.298338
2026-06-23T12:01:01,dl,ue10,3951597,2298337.791102011,2.298338
2026-06-23T12:01:01,dl,ue11,3951606,2289793.9880133104,2.289794
2026-06-23T12:01:01,dl,ue12,3951615,2409409.986487398,2.409410
2026-06-23T12:01:07,dl,cu_cp,3949832,584263.753037712,0.584264
2026-06-23T12:01:07,dl,cu_up,3949840,1058548.3921196759,1.058548
2026-06-23T12:01:07,dl,du1,3950023,5395847.32625556,5.395847
2026-06-23T12:01:07,dl,du2,3950773,5581436.898556352,5.581437
2026-06-23T12:01:07,dl,du3,3951527,5560815.911307049,5.560816
2026-06-23T12:01:07,dl,ue1,3950064,3766782.462989974,3.766782
2026-06-23T12:01:07,dl,ue2,3950073,1718422.646443498,1.718423
2026-06-23T12:01:07,dl,ue3,3950082,1656559.5129313231,1.656560
2026-06-23T12:01:07,dl,ue4,3950090,1656559.5129313231,1.656560
2026-06-23T12:01:07,dl,ue5,3950814,2282065.369290841,2.282065
2026-06-23T12:01:07,dl,ue6,3950823,2385170.649065888,2.385171
2026-06-23T12:01:07,dl,ue7,3950832,2364549.4900523187,2.364549
2026-06-23T12:01:07,dl,ue8,3950841,2412665.642260158,2.412666
2026-06-23T12:01:07,dl,ue9,3951588,2316433.8531372785,2.316434
2026-06-23T12:01:07,dl,ue10,3951597,2288939.2034715414,2.288939
2026-06-23T12:01:07,dl,ue11,3951606,2330181.177970147,2.330181
2026-06-23T12:01:07,dl,ue12,3951615,2385170.649065888,2.385171
2026-06-23T12:01:12,dl,cu_cp,3949832,584231.0637230111,0.584231
2026-06-23T12:01:12,dl,cu_up,3949840,1083790.9912818528,1.083791
2026-06-23T12:01:12,dl,du1,3950023,5406254.579156494,5.406255
2026-06-23T12:01:12,dl,du2,3950773,5706837.129784699,5.706837
2026-06-23T12:01:12,dl,du3,3951527,5605231.352498016,5.605231
2026-06-23T12:01:12,dl,ue1,3950064,3767867.1113918303,3.767867
2026-06-23T12:01:12,dl,ue2,3950073,1756926.8514496612,1.756927
2026-06-23T12:01:12,dl,ue3,3950082,1714591.2833675765,1.714591
2026-06-23T12:01:12,dl,ue4,3950090,1672255.715285492,1.672256
2026-06-23T12:01:12,dl,ue5,3950814,2315756.3846239853,2.315756
2026-06-23T12:01:12,dl,ue6,3950823,2366559.2732673264,2.366559
2026-06-23T12:01:12,dl,ue7,3950832,2396194.1191885755,2.396194
2026-06-23T12:01:12,dl,ue8,3950841,2421595.563510246,2.421596
2026-06-23T12:01:12,dl,ue9,3951588,2311522.9830244062,2.311523
2026-06-23T12:01:12,dl,ue10,3951597,2307289.4089707946,2.307289
2026-06-23T12:01:12,dl,ue11,3951606,2286121.5387027357,2.286122
2026-06-23T12:01:12,dl,ue12,3951615,2404661.267295799,2.404661
2026-06-23T12:01:18,dl,cu_cp,3949832,591676.0414384023,0.591676
2026-06-23T12:01:18,dl,cu_up,3949840,1064165.5949003934,1.064166
2026-06-23T12:01:18,dl,du1,3950023,5367651.246877012,5.367651
2026-06-23T12:01:18,dl,du2,3950773,5733723.852707863,5.733724
2026-06-23T12:01:18,dl,du3,3951527,5618794.065062628,5.618794
2026-06-23T12:01:18,dl,ue1,3950064,3767146.067941668,3.767146
2026-06-23T12:01:18,dl,ue2,3950073,1728204.8088133729,1.728205
2026-06-23T12:01:18,dl,ue3,3950082,1698408.3377630317,1.698408
2026-06-23T12:01:18,dl,ue4,3950090,1668611.5216983783,1.668612
2026-06-23T12:01:18,dl,ue5,3950814,2315624.2793009663,2.315624
2026-06-23T12:01:18,dl,ue6,3950823,2353934.3235208155,2.353934
2026-06-23T12:01:18,dl,ue7,3950832,2362447.551676011,2.362448
2026-06-23T12:01:18,dl,ue8,3950841,2413527.438128654,2.413527
2026-06-23T12:01:18,dl,ue9,3951588,2294340.8638986647,2.294341
2026-06-23T12:01:18,dl,ue10,3951597,2273057.7935106754,2.273058
2026-06-23T12:01:18,dl,ue11,3951606,2298597.822990575,2.298598
2026-06-23T12:01:18,dl,ue12,3951615,2387987.4086487545,2.387987
2026-06-23T12:01:24,dl,cu_cp,3949832,596841.4090173393,0.596841
2026-06-23T12:01:24,dl,cu_up,3949840,1094992.4382219762,1.094992
2026-06-23T12:01:24,dl,du1,3950023,5371572.421750581,5.371572
2026-06-23T12:01:24,dl,du2,3950773,5691140.941264128,5.691141
2026-06-23T12:01:24,dl,du3,3951527,5658244.522690022,5.658245
2026-06-23T12:01:24,dl,ue1,3950064,3778429.213729441,3.778429
2026-06-23T12:01:24,dl,ue2,3950073,1743528.6886847198,1.743529
2026-06-23T12:01:24,dl,ue3,3950082,1710631.9242366492,1.710632
2026-06-23T12:01:24,dl,ue4,3950090,1677735.3327255608,1.677735
2026-06-23T12:01:24,dl,ue5,3950814,2312172.8092690767,2.312173
2026-06-23T12:01:24,dl,ue6,3950823,2396764.7610365152,2.396765
2026-06-23T12:01:24,dl,ue7,3950832,2415562.665096867,2.415563
2026-06-23T12:01:24,dl,ue8,3950841,2424961.7900640247,2.424962
2026-06-23T12:01:24,dl,ue9,3951588,2363867.823651463,2.363868
2026-06-23T12:01:24,dl,ue10,3951597,2382666.0735857785,2.382666
2026-06-23T12:01:24,dl,ue11,3951606,2321571.9342362345,2.321572
2026-06-23T12:01:24,dl,ue12,3951615,2486055.929413569,2.486056
2026-06-23T12:01:29,dl,cu_cp,3949832,600578.5462110478,0.600579
2026-06-23T12:01:29,dl,cu_up,3949840,1084916.0806808246,1.084916
2026-06-23T12:01:29,dl,du1,3950023,5419737.215793319,5.419737
2026-06-23T12:01:29,dl,du2,3950773,5821736.788858929,5.821737
2026-06-23T12:01:29,dl,du3,3951527,5603785.108626833,5.603785
2026-06-23T12:01:29,dl,ue1,3950064,3705182.0324702263,3.705182
2026-06-23T12:01:29,dl,ue2,3950073,1733928.2806187677,1.733928
2026-06-23T12:01:29,dl,ue3,3950082,1704868.114396565,1.704868
2026-06-23T12:01:29,dl,ue4,3950090,1685494.4968221998,1.685494
2026-06-23T12:01:29,dl,ue5,3950814,2358723.848797772,2.358724
2026-06-23T12:01:29,dl,ue6,3950823,2465277.965038745,2.465278
2026-06-23T12:01:29,dl,ue7,3950832,2421687.628992326,2.421688
2026-06-23T12:01:29,dl,ue8,3950841,2494338.304687178,2.494338
2026-06-23T12:01:29,dl,ue9,3951588,2319976.787075272,2.319977
2026-06-23T12:01:29,dl,ue10,3951597,2378097.466372137,2.378097
2026-06-23T12:01:29,dl,ue11,3951606,2310289.891574974,2.310290
2026-06-23T12:01:29,dl,ue12,3951615,2445904.6943168403,2.445905
2026-06-23T12:01:35,dl,cu_cp,3949832,594873.07162817,0.594873
2026-06-23T12:01:35,dl,cu_up,3949840,1112364.328173809,1.112364
2026-06-23T12:01:35,dl,du1,3950023,5392548.725456543,5.392549
2026-06-23T12:01:35,dl,du2,3950773,5803639.942948265,5.803640
2026-06-23T12:01:35,dl,du3,3951527,5586003.089901123,5.586003
2026-06-23T12:01:35,dl,ue1,3950064,3690147.7540703774,3.690148
2026-06-23T12:01:35,dl,ue2,3950073,1692728.287816286,1.692728
2026-06-23T12:01:35,dl,ue3,3950082,1687892.03266222,1.687892
2026-06-23T12:01:35,dl,ue4,3950090,1591164.5039164352,1.591165
2026-06-23T12:01:35,dl,ue5,3950814,2355310.4909571074,2.355310
2026-06-23T12:01:35,dl,ue6,3950823,2432692.3060396384,2.432692
2026-06-23T12:01:35,dl,ue7,3950832,2389164.9700825596,2.389165
2026-06-23T12:01:35,dl,ue8,3950841,2418183.367315693,2.418183
2026-06-23T12:01:35,dl,ue9,3951588,2335964.950555601,2.335965
2026-06-23T12:01:35,dl,ue10,3951597,2413346.9388998793,2.413347
2026-06-23T12:01:35,dl,ue11,3951606,2384328.888190241,2.384329
2026-06-23T12:01:35,dl,ue12,3951615,2466546.958426838,2.466547
2026-06-23T12:01:41,dl,cu_cp,3949832,591756.5404880333,0.591757
2026-06-23T12:01:41,dl,cu_up,3949840,1118957.757623949,1.118958
2026-06-23T12:01:41,dl,du1,3950023,5411882.225771256,5.411882
2026-06-23T12:01:41,dl,du2,3950773,5637825.641562309,5.637826
2026-06-23T12:01:41,dl,du3,3951527,5648584.703764,5.648585
2026-06-23T12:01:41,dl,ue1,3950064,3765723.2510113907,3.765723
2026-06-23T12:01:41,dl,ue2,3950073,1753751.1515545463,1.753751
2026-06-23T12:01:41,dl,ue3,3950082,1667677.4446694183,1.667677
2026-06-23T12:01:41,dl,ue4,3950090,1689195.914578972,1.689196
2026-06-23T12:01:41,dl,ue5,3950814,2313229.9871782493,2.313230
2026-06-23T12:01:41,dl,ue6,3950823,2313229.9871782493,2.313230
2026-06-23T12:01:41,dl,ue7,3950832,2302470.924976559,2.302471
2026-06-23T12:01:41,dl,ue8,3950841,2442340.4611293986,2.442340
2026-06-23T12:01:41,dl,ue9,3951588,2302470.924976559,2.302471
2026-06-23T12:01:41,dl,ue10,3951597,2399303.6940633776,2.399304
2026-06-23T12:01:41,dl,ue11,3951606,2334748.4570878027,2.334748
2026-06-23T12:01:41,dl,ue12,3951615,2442340.4611293986,2.442340
2026-06-23T12:01:46,dl,cu_cp,3949832,605911.8383179164,0.605912
2026-06-23T12:01:46,dl,cu_up,3949840,1112221.8211378336,1.112222
2026-06-23T12:01:46,dl,du1,3950023,5436606.3080727765,5.436606
2026-06-23T12:01:46,dl,du2,3950773,5884815.092580948,5.884815
2026-06-23T12:01:46,dl,du3,3951527,5702211.835757008,5.702212
2026-06-23T12:01:46,dl,ue1,3950064,3718472.866000614,3.718473
2026-06-23T12:01:46,dl,ue2,3950073,1759634.403595438,1.759634
2026-06-23T12:01:46,dl,ue3,3950082,1709833.3888930036,1.709833
2026-06-23T12:01:46,dl,ue4,3950090,1701533.3357138443,1.701533
2026-06-23T12:01:46,dl,ue5,3950814,2398746.845920448,2.398747
2026-06-23T12:01:46,dl,ue6,3950823,2423647.3532716655,2.423647
2026-06-23T12:01:46,dl,ue7,3950832,2398746.845920448,2.398747
2026-06-23T12:01:46,dl,ue8,3950841,2490048.822146158,2.490049
2026-06-23T12:01:46,dl,ue9,3951588,2382146.73956213,2.382147
2026-06-23T12:01:46,dl,ue10,3951597,2440247.8074437235,2.440248
2026-06-23T12:01:46,dl,ue11,3951606,2431947.5803576945,2.431948
2026-06-23T12:01:46,dl,ue12,3951615,2523249.2087696646,2.523249
2026-06-23T12:01:52,dl,cu_cp,3949832,604709.5234453306,0.604710
2026-06-23T12:01:52,dl,cu_up,3949840,1095196.1008196622,1.095196
2026-06-23T12:01:52,dl,du1,3950023,5388633.479108095,5.388633
2026-06-23T12:01:52,dl,du2,3950773,5657393.20956701,5.657393
2026-06-23T12:01:52,dl,du3,3951527,5684269.563690364,5.684270
2026-06-23T12:01:52,dl,ue1,3950064,3742480.000134468,3.742480
2026-06-23T12:01:52,dl,ue2,3950073,1740219.6791031957,1.740220
2026-06-23T12:01:52,dl,ue3,3950082,1686467.6637246013,1.686468
2026-06-23T12:01:52,dl,ue4,3950090,1693186.5790384114,1.693187
2026-06-23T12:01:52,dl,ue5,3950814,2358367.1630889177,2.358367
2026-06-23T12:01:52,dl,ue6,3950823,2351647.901341051,2.351648
2026-06-23T12:01:52,dl,ue7,3950832,2371804.993716538,2.371805
2026-06-23T12:01:52,dl,ue8,3950841,2459151.9320982397,2.459152
2026-06-23T12:01:52,dl,ue9,3951588,2304615.1477103233,2.304615
2026-06-23T12:01:52,dl,ue10,3951597,2418838.0937813222,2.418838
2026-06-23T12:01:52,dl,ue11,3951606,2459151.9320982397,2.459152
2026-06-23T12:01:52,dl,ue12,3951615,2405399.9167196453,2.405400
2026-06-23T12:01:58,dl,cu_cp,3949832,598044.7337841546,0.598045
2026-06-23T12:01:58,dl,cu_up,3949840,1089295.8332097316,1.089296
2026-06-23T12:01:58,dl,du1,3950023,5314054.629529123,5.314055
2026-06-23T12:01:58,dl,du2,3950773,5818121.526740742,5.818122
2026-06-23T12:01:58,dl,du3,3951527,5638707.638552985,5.638708
2026-06-23T12:01:58,dl,ue1,3950064,3682246.759335809,3.682247
2026-06-23T12:01:58,dl,ue2,3950073,1738601.5045518922,1.738602
2026-06-23T12:01:58,dl,ue3,3950082,1695883.912126236,1.695884
2026-06-23T12:01:58,dl,ue4,3950090,1678797.048508755,1.678797
2026-06-23T12:01:58,dl,ue5,3950814,2396450.8677319656,2.396451
2026-06-23T12:01:58,dl,ue6,3950823,2379363.6574089215,2.379364
2026-06-23T12:01:58,dl,ue7,3950832,2443440.0460474063,2.443440
2026-06-23T12:01:58,dl,ue8,3950841,2473342.187392584,2.473342
2026-06-23T12:01:58,dl,ue9,3951588,2306743.9236380877,2.306744
2026-06-23T12:01:58,dl,ue10,3951597,2370820.312276572,2.370820
2026-06-23T12:01:58,dl,ue11,3951606,2447711.8052899716,2.447712
2026-06-23T12:01:58,dl,ue12,3951615,2387907.175894053,2.387907
2026-06-23T12:02:03,dl,cu_cp,3949832,604833.5188974971,0.604834
2026-06-23T12:02:03,dl,cu_up,3949840,1111006.279630047,1.111006
2026-06-23T12:02:03,dl,du1,3950023,5473528.83283174,5.473529
2026-06-23T12:02:03,dl,du2,3950773,5735194.721633677,5.735195
2026-06-23T12:02:03,dl,du3,3951527,5645113.016522226,5.645113
2026-06-23T12:02:03,dl,ue1,3950064,3813453.8766557123,3.813454
2026-06-23T12:02:03,dl,ue2,3950073,1775894.1674058079,1.775894
2026-06-23T12:02:03,dl,ue3,3950082,1737287.821488855,1.737288
2026-06-23T12:02:03,dl,ue4,3950090,1728708.5949564385,1.728709
2026-06-23T12:02:03,dl,ue5,3950814,2350700.6102884985,2.350701
2026-06-23T12:02:03,dl,ue6,3950823,2354990.2235547067,2.354990
2026-06-23T12:02:03,dl,ue7,3950832,2363569.2766082026,2.363569
2026-06-23T12:02:03,dl,ue8,3950841,2376438.116406827,2.376438
2026-06-23T12:02:03,dl,ue9,3951588,2354990.2235547067,2.354990
2026-06-23T12:02:03,dl,ue10,3951597,2397886.0092589473,2.397886
2026-06-23T12:02:03,dl,ue11,3951606,2372148.676619539,2.372149
2026-06-23T12:02:03,dl,ue12,3951615,2487967.7143703983,2.487968
2026-06-23T12:02:09,dl,cu_cp,3949832,601796.2934524625,0.601796
2026-06-23T12:02:09,dl,cu_up,3949840,1117621.7496303855,1.117622
2026-06-23T12:02:09,dl,du1,3950023,5334972.586190534,5.334973
2026-06-23T12:02:09,dl,du2,3950773,5755274.418863332,5.755274
2026-06-23T12:02:09,dl,du3,3951527,5645423.043363595,5.645423
2026-06-23T12:02:09,dl,ue1,3950064,3634658.8179767965,3.634659
2026-06-23T12:02:09,dl,ue2,3950073,1695537.2453392386,1.695537
2026-06-23T12:02:09,dl,ue3,3950082,1700313.422189188,1.700313
2026-06-23T12:02:09,dl,ue4,3950090,1628671.1154644967,1.628671
2026-06-23T12:02:09,dl,ue5,3950814,2397632.993122226,2.397633
2026-06-23T12:02:09,dl,ue6,3950823,2426290.054221922,2.426290
2026-06-23T12:02:09,dl,ue7,3950832,2373752.2818847536,2.373752
2026-06-23T12:02:09,dl,ue8,3950841,2431066.058059597,2.431066
2026-06-23T12:02:09,dl,ue9,3951588,2359423.7513349056,2.359424
2026-06-23T12:02:09,dl,ue10,3951597,2407185.17380985,2.407185
2026-06-23T12:02:09,dl,ue11,3951606,2402409.1699721753,2.402409
2026-06-23T12:02:09,dl,ue12,3951615,2440618.4117594957,2.440618
2026-06-23T12:02:14,dl,cu_cp,3949832,599707.5185890418,0.599708
2026-06-23T12:02:14,dl,cu_up,3949840,1131706.1335418813,1.131706
2026-06-23T12:02:14,dl,du1,3950023,5392531.01470227,5.392531
2026-06-23T12:02:14,dl,du2,3950773,5581148.63164035,5.581149
2026-06-23T12:02:14,dl,du3,3951527,5624675.827169249,5.624676
2026-06-23T12:02:14,dl,ue1,3950064,3757844.54053128,3.757845
2026-06-23T12:02:14,dl,ue2,3950073,1745922.6597187698,1.745923
2026-06-23T12:02:14,dl,ue3,3950082,1673377.27624882,1.673377
2026-06-23T12:02:14,dl,ue4,3950090,1683050.0631509565,1.683050
2026-06-23T12:02:14,dl,ue5,3950814,2340793.8712394224,2.340794
2026-06-23T12:02:14,dl,ue6,3950823,2311775.683298371,2.311776
2026-06-23T12:02:14,dl,ue7,3950832,2340793.8712394224,2.340794
2026-06-23T12:02:14,dl,ue8,3950841,2403666.295041877,2.403666
2026-06-23T12:02:14,dl,ue9,3951588,2360139.2722783373,2.360139
2026-06-23T12:02:14,dl,ue10,3951597,2393993.680905099,2.393994
2026-06-23T12:02:14,dl,ue11,3951606,2403666.295041877,2.403666
2026-06-23T12:02:14,dl,ue12,3951615,2510066.0871385885,2.510066
2026-06-23T12:02:20,dl,cu_cp,3949832,591544.4902261749,0.591544
2026-06-23T12:02:20,dl,cu_up,3949840,1101330.7480451167,1.101331
2026-06-23T12:02:20,dl,du1,3950023,5304663.117470741,5.304663
2026-06-23T12:02:20,dl,du2,3950773,5660551.579317098,5.660552
2026-06-23T12:02:20,dl,du3,3951527,5535509.444918723,5.535509
2026-06-23T12:02:20,dl,ue1,3950064,3712782.974982226,3.712783
2026-06-23T12:02:20,dl,ue2,3950073,1721731.0723212182,1.721731
2026-06-23T12:02:20,dl,ue3,3950082,1678447.2565679348,1.678447
2026-06-23T12:02:20,dl,ue4,3950090,1654400.8647362709,1.654401
2026-06-23T12:02:20,dl,ue5,3950814,2318084.659814224,2.318085
2026-06-23T12:02:20,dl,ue6,3950823,2318084.659814224,2.318085
2026-06-23T12:02:20,dl,ue7,3950832,2351749.849844556,2.351750
2026-06-23T12:02:20,dl,ue8,3950841,2524884.940381974,2.524885
2026-06-23T12:02:20,dl,ue9,3951588,2332512.770874368,2.332513
2026-06-23T12:02:20,dl,ue10,3951597,2404652.463796507,2.404652
2026-06-23T12:02:20,dl,ue11,3951606,2356559.162706032,2.356559
2026-06-23T12:02:20,dl,ue12,3951615,2433508.168489647,2.433508
2026-06-23T12:02:26,dl,cu_cp,3949832,586799.2593723536,0.586799
2026-06-23T12:02:26,dl,cu_up,3949840,1162929.4570216774,1.162929
2026-06-23T12:02:26,dl,du1,3950023,5302531.111954952,5.302531
2026-06-23T12:02:26,dl,du2,3950773,5739963.50720489,5.739964
2026-06-23T12:02:26,dl,du3,3951527,5750632.741849065,5.750633
2026-06-23T12:02:26,dl,ue1,3950064,3659493.5315546514,3.659494
2026-06-23T12:02:26,dl,ue2,3950073,1717721.3583037972,1.717721
2026-06-23T12:02:26,dl,ue3,3950082,1664376.0496886491,1.664376
2026-06-23T12:02:26,dl,ue4,3950090,1675045.1114116788,1.675045
2026-06-23T12:02:26,dl,ue5,3950814,2304520.617676151,2.304521
2026-06-23T12:02:26,dl,ue6,3950823,2368534.9880143283,2.368535
2026-06-23T12:02:26,dl,ue7,3950832,2357865.926291299,2.357866
2026-06-23T12:02:26,dl,ue8,3950841,2539240.3214250924,2.539240
2026-06-23T12:02:26,dl,ue9,3951588,2368534.9880143283,2.368535
2026-06-23T12:02:26,dl,ue10,3951597,2411211.407827592,2.411211
2026-06-23T12:02:26,dl,ue11,3951606,2464556.71644274,2.464557
2026-06-23T12:02:26,dl,ue12,3951615,2507233.1362560033,2.507233
2026-06-23T12:02:31,dl,cu_cp,3949832,596835.3327765584,0.596835
2026-06-23T12:02:31,dl,cu_up,3949840,1092797.0577933788,1.092797
2026-06-23T12:02:31,dl,du1,3950023,5287456.712725849,5.287457
2026-06-23T12:02:31,dl,du2,3950773,5699357.241784401,5.699357
2026-06-23T12:02:31,dl,du3,3951527,5522827.802494278,5.522828
2026-06-23T12:02:31,dl,ue1,3950064,3564199.7143152426,3.564200
2026-06-23T12:02:31,dl,ue2,3950073,1672820.0650733756,1.672820
2026-06-23T12:02:31,dl,ue3,3950082,1639195.672994976,1.639196
2026-06-23T12:02:31,dl,ue4,3950090,1647601.7710145758,1.647602
2026-06-23T12:02:31,dl,ue5,3950814,2412559.625165033,2.412560
2026-06-23T12:02:31,dl,ue6,3950823,2437778.0918336487,2.437778
2026-06-23T12:02:31,dl,ue7,3950832,2429371.821204233,2.429372
2026-06-23T12:02:31,dl,ue8,3950841,2505027.2212100793,2.505027
2026-06-23T12:02:31,dl,ue9,3951588,2303280.005690603,2.303280
2026-06-23T12:02:31,dl,ue10,3951597,2378935.2330866335,2.378935
2026-06-23T12:02:31,dl,ue11,3951606,2404153.5271454332,2.404154
2026-06-23T12:02:31,dl,ue12,3951615,2446184.1898532487,2.446184
2026-06-23T12:02:37,dl,cu_cp,3949832,593194.0893779659,0.593194
2026-06-23T12:02:37,dl,cu_up,3949840,1118204.9927296673,1.118205
2026-06-23T12:02:37,dl,du1,3950023,5386475.405569544,5.386475
2026-06-23T12:02:37,dl,du2,3950773,5672844.942161026,5.672845
2026-06-23T12:02:37,dl,du3,3951527,5577388.084894595,5.577388
2026-06-23T12:02:37,dl,ue1,3950064,3715986.097049961,3.715986
2026-06-23T12:02:37,dl,ue2,3950073,1752309.028230319,1.752309
2026-06-23T12:02:37,dl,ue3,3950082,1697762.3758885264,1.697762
2026-06-23T12:02:37,dl,ue4,3950090,1670489.1359849477,1.670489
2026-06-23T12:02:37,dl,ue5,3950814,2365957.9612686513,2.365958
2026-06-23T12:02:37,dl,ue6,3950823,2372776.3575118636,2.372776
2026-06-23T12:02:37,dl,ue7,3950832,2386413.149998288,2.386413
2026-06-23T12:02:37,dl,ue8,3950841,2447778.026048658,2.447778
2026-06-23T12:02:37,dl,ue9,3951588,2304593.085218282,2.304593
2026-06-23T12:02:37,dl,ue10,3951597,2331866.497656496,2.331866
2026-06-23T12:02:37,dl,ue11,3951606,2338684.8938997076,2.338685
2026-06-23T12:02:37,dl,ue12,3951615,2454596.42229187,2.454596
2026-06-23T12:02:43,dl,cu_cp,3949832,592914.4247376252,0.592914
2026-06-23T12:02:43,dl,cu_up,3949840,1117579.7542655182,1.117580
2026-06-23T12:02:43,dl,du1,3950023,5430072.458058243,5.430072
2026-06-23T12:02:43,dl,du2,3950773,5698803.07618721,5.698803
2026-06-23T12:02:43,dl,du3,3951527,5485524.6104880525,5.485525
2026-06-23T12:02:43,dl,ue1,3950064,3851810.7067646026,3.851811
2026-06-23T12:02:43,dl,ue2,3950073,1765946.504107933,1.765947
2026-06-23T12:02:43,dl,ue3,3950082,1719025.3590731048,1.719025
2026-06-23T12:02:43,dl,ue4,3950090,1723290.7764331056,1.723291
2026-06-23T12:02:43,dl,ue5,3950814,2384454.4690554426,2.384454
2026-06-23T12:02:43,dl,ue6,3950823,2358860.756170578,2.358861
2026-06-23T12:02:43,dl,ue7,3950832,2363126.518880539,2.363127
2026-06-23T12:02:43,dl,ue8,3950841,2448437.801555214,2.448438
2026-06-23T12:02:43,dl,ue9,3951588,2260752.876065941,2.260753
2026-06-23T12:02:43,dl,ue10,3951597,2299143.0137057877,2.299143
2026-06-23T12:02:43,dl,ue11,3951606,2316205.2011707304,2.316205
2026-06-23T12:02:43,dl,ue12,3951615,2375923.2889854815,2.375923
2026-06-23T12:02:48,dl,cu_cp,3949832,597087.6962573603,0.597088
2026-06-23T12:02:48,dl,cu_up,3949840,1074757.896375752,1.074758
2026-06-23T12:02:48,dl,du1,3950023,5399378.563483507,5.399379
2026-06-23T12:02:48,dl,du2,3950773,5604094.665321772,5.604095
2026-06-23T12:02:48,dl,du3,3951527,5476147.446572886,5.476147
2026-06-23T12:02:48,dl,ue1,3950064,3812831.533437188,3.812832
2026-06-23T12:02:48,dl,ue2,3950073,1740084.2788750327,1.740084
2026-06-23T12:02:48,dl,ue3,3950082,1714494.5936952352,1.714495
2026-06-23T12:02:48,dl,ue4,3950090,1727289.3500601267,1.727289
2026-06-23T12:02:48,dl,ue5,3950814,2371291.1673595905,2.371291
2026-06-23T12:02:48,dl,ue6,3950823,2358496.410994699,2.358496
2026-06-23T12:02:48,dl,ue7,3950832,2375556.02866455,2.375556
2026-06-23T12:02:48,dl,ue8,3950841,2409675.264004251,2.409675
2026-06-23T12:02:48,dl,ue9,3951588,2277463.0115003907,2.277463
2026-06-23T12:02:48,dl,ue10,3951597,2303052.696680188,2.303053
2026-06-23T12:02:48,dl,ue11,3951606,2328642.2094099713,2.328642
2026-06-23T12:02:48,dl,ue12,3951615,2371291.1673595905,2.371291
2026-06-23T12:02:54,dl,cu_cp,3949832,583634.334005476,0.583634
2026-06-23T12:02:54,dl,cu_up,3949840,1106570.6037730486,1.106571
2026-06-23T12:02:54,dl,du1,3950023,5346090.228646812,5.346090
2026-06-23T12:02:54,dl,du2,3950773,5556198.766575821,5.556199
2026-06-23T12:02:54,dl,du3,3951527,5649579.687277899,5.649580
2026-06-23T12:02:54,dl,ue1,3950064,3744597.6571935676,3.744598
2026-06-23T12:02:54,dl,ue2,3950073,1732226.584985236,1.732227
2026-06-23T12:02:54,dl,ue3,3950082,1671528.6932590187,1.671529
2026-06-23T12:02:54,dl,ue4,3950090,1690204.980906446,1.690205
2026-06-23T12:02:54,dl,ue5,3950814,2329868.134726282,2.329868
2026-06-23T12:02:54,dl,ue6,3950823,2241155.725273081,2.241156
2026-06-23T12:02:54,dl,ue7,3950832,2385896.9976685643,2.385897
2026-06-23T12:02:54,dl,ue8,3950841,2348544.4223737097,2.348544
2026-06-23T12:02:54,dl,ue9,3951588,2390566.1989641855,2.390566
2026-06-23T12:02:54,dl,ue10,3951597,2404573.285315992,2.404573
2026-06-23T12:02:54,dl,ue11,3951606,2399904.08402037,2.399904
2026-06-23T12:02:54,dl,ue12,3951615,2535307.4713596688,2.535307
2026-06-23T12:02:59,dl,cu_cp,3949832,589703.4775460378,0.589703
2026-06-23T12:02:59,dl,cu_up,3949840,1082734.273674711,1.082734
2026-06-23T12:02:59,dl,du1,3950023,5394336.849361527,5.394337
2026-06-23T12:02:59,dl,du2,3950773,5578014.866333017,5.578015
2026-06-23T12:02:59,dl,du3,3951527,5597349.212630596,5.597349
2026-06-23T12:02:59,dl,ue1,3950064,3770235.525206685,3.770236
2026-06-23T12:02:59,dl,ue2,3950073,1740108.610941459,1.740109
2026-06-23T12:02:59,dl,ue3,3950082,1667604.1214677417,1.667604
2026-06-23T12:02:59,dl,ue4,3950090,1720774.091929431,1.720774
2026-06-23T12:02:59,dl,ue5,3950814,2305643.9397224616,2.305644
2026-06-23T12:02:59,dl,ue6,3950823,2295976.766573672,2.295977
2026-06-23T12:02:59,dl,ue7,3950832,2358813.910184151,2.358814
2026-06-23T12:02:59,dl,ue8,3950841,2324978.631448939,2.324979
2026-06-23T12:02:59,dl,ue9,3951588,2344313.150460967,2.344313
2026-06-23T12:02:59,dl,ue10,3951597,2368481.2560473895,2.368481
2026-06-23T12:02:59,dl,ue11,3951606,2407150.4667858947,2.407150
2026-06-23T12:02:59,dl,ue12,3951615,2436152.158946712,2.436152
2026-06-23T12:03:05,dl,cu_cp,3949832,593137.2338139904,0.593137
2026-06-23T12:03:05,dl,cu_up,3949840,1109118.4615835291,1.109118
2026-06-23T12:03:05,dl,du1,3950023,5391280.209439158,5.391280
2026-06-23T12:03:05,dl,du2,3950773,5777060.4988301685,5.777060
2026-06-23T12:03:05,dl,du3,3951527,5579348.260338006,5.579348
2026-06-23T12:03:05,dl,ue1,3950064,3775825.053237741,3.775825
2026-06-23T12:03:05,dl,ue2,3950073,1736011.475038712,1.736011
2026-06-23T12:03:05,dl,ue3,3950082,1687788.9820596278,1.687789
2026-06-23T12:03:05,dl,ue4,3950090,1702255.7817871035,1.702256
2026-06-23T12:03:05,dl,ue5,3950814,2343615.508580178,2.343616
2026-06-23T12:03:05,dl,ue6,3950823,2333970.9754285277,2.333971
2026-06-23T12:03:05,dl,ue7,3950832,2353260.0417318284,2.353260
2026-06-23T12:03:05,dl,ue8,3950841,2517216.75975155,2.517217
2026-06-23T12:03:05,dl,ue9,3951588,2343615.508580178,2.343616
2026-06-23T12:03:05,dl,ue10,3951597,2358082.3083076538,2.358082
2026-06-23T12:03:05,dl,ue11,3951606,2367726.841459304,2.367727
2026-06-23T12:03:05,dl,ue12,3951615,2420771.6010142136,2.420772
2026-06-23T12:03:11,dl,cu_cp,3949832,580050.8209400511,0.580051
2026-06-23T12:03:11,dl,cu_up,3949840,1084909.871968807,1.084910
2026-06-23T12:03:11,dl,du1,3950023,5252682.224615507,5.252682
2026-06-23T12:03:11,dl,du2,3950773,5478257.448664184,5.478257
2026-06-23T12:03:11,dl,du3,3951527,5564191.144806261,5.564191
2026-06-23T12:03:11,dl,ue1,3950064,3738105.3285848666,3.738105
2026-06-23T12:03:11,dl,ue2,3950073,1729410.793644998,1.729411
2026-06-23T12:03:11,dl,ue3,3950082,1686443.9455739593,1.686444
2026-06-23T12:03:11,dl,ue4,3950090,1686443.9455739593,1.686444
2026-06-23T12:03:11,dl,ue5,3950814,2245011.599534118,2.245012
2026-06-23T12:03:11,dl,ue6,3950823,2245011.599534118,2.245012
2026-06-23T12:03:11,dl,ue7,3950832,2234269.758988545,2.234270
2026-06-23T12:03:11,dl,ue8,3950841,2255753.0973388553,2.255753
2026-06-23T12:03:11,dl,ue9,3951588,2298719.945409894,2.298720
2026-06-23T12:03:11,dl,ue10,3951597,2384653.2988111353,2.384653
2026-06-23T12:03:11,dl,ue11,3951606,2373911.6296359804,2.373912
2026-06-23T12:03:11,dl,ue12,3951615,2481328.49275795,2.481328
2026-06-23T12:03:16,dl,cu_cp,3949832,614204.6328804016,0.614205
2026-06-23T12:03:16,dl,cu_up,3949840,1112208.3006991195,1.112208
2026-06-23T12:03:16,dl,du1,3950023,5428240.720887909,5.428241
2026-06-23T12:03:16,dl,du2,3950773,5702142.712316208,5.702143
2026-06-23T12:03:16,dl,du3,3951527,5561041.67597557,5.561042
2026-06-23T12:03:16,dl,ue1,3950064,3726728.203547287,3.726728
2026-06-23T12:03:16,dl,ue2,3950073,1759613.258591423,1.759613
2026-06-23T12:03:16,dl,ue3,3950082,1684912.6997946168,1.684913
2026-06-23T12:03:16,dl,ue4,3950090,1684912.6997946168,1.684913
2026-06-23T12:03:16,dl,ue5,3950814,2315717.495180969,2.315717
2026-06-23T12:03:16,dl,ue6,3950823,2373817.8914718246,2.373818
2026-06-23T12:03:16,dl,ue7,3950832,2324017.5764339445,2.324018
2026-06-23T12:03:16,dl,ue8,3950841,2398718.1352307512,2.398718
2026-06-23T12:03:16,dl,ue9,3951588,2241016.76390419,2.241017
2026-06-23T12:03:16,dl,ue10,3951597,2357217.728965874,2.357218
2026-06-23T12:03:16,dl,ue11,3951606,2324017.5764339445,2.324018
2026-06-23T12:03:16,dl,ue12,3951615,2431918.28776268,2.431918
2026-06-23T12:03:22,dl,cu_cp,3949832,594980.0927283611,0.594980
2026-06-23T12:03:22,dl,cu_up,3949840,1129109.915817883,1.129110
2026-06-23T12:03:22,dl,du1,3950023,5354820.964122233,5.354821
2026-06-23T12:03:22,dl,du2,3950773,5625265.954327829,5.625266
2026-06-23T12:03:22,dl,du3,3951527,5692877.461013193,5.692877
2026-06-23T12:03:22,dl,ue1,3950064,3678058.7079327847,3.678059
2026-06-23T12:03:22,dl,ue2,3950073,1703806.6861076176,1.703807
2026-06-23T12:03:22,dl,ue3,3950082,1670000.9327649355,1.670001
2026-06-23T12:03:22,dl,ue4,3950090,1649717.4807593261,1.649717
2026-06-23T12:03:22,dl,ue5,3950814,2352875.595483322,2.352876
2026-06-23T12:03:22,dl,ue6,3950823,2373159.0474889316,2.373159
2026-06-23T12:03:22,dl,ue7,3950832,2325831.3383211303,2.325831
2026-06-23T12:03:22,dl,ue8,3950841,2427248.252837223,2.427248
2026-06-23T12:03:22,dl,ue9,3951588,2332592.4889896666,2.332592
2026-06-23T12:03:22,dl,ue10,3951597,2386681.5215819813,2.386682
2026-06-23T12:03:22,dl,ue11,3951606,2359636.9189078356,2.359637
2026-06-23T12:03:22,dl,ue12,3951615,2501620.7374351467,2.501621
2026-06-23T12:03:28,dl,cu_cp,3949832,598681.243277676,0.598681
2026-06-23T12:03:28,dl,cu_up,3949840,1137494.3492841674,1.137494
2026-06-23T12:03:28,dl,du1,3950023,5443723.12370388,5.443723
2026-06-23T12:03:28,dl,du2,3950773,5610498.538015747,5.610499
2026-06-23T12:03:28,dl,du3,3951527,5503591.088396167,5.503591
2026-06-23T12:03:28,dl,ue1,3950064,3793073.2751140785,3.793073
2026-06-23T12:03:28,dl,ue2,3950073,1740451.7956282329,1.740452
2026-06-23T12:03:28,dl,ue3,3950082,1697688.9883592988,1.697689
2026-06-23T12:03:28,dl,ue4,3950090,1701965.148280964,1.701965
2026-06-23T12:03:28,dl,ue5,3950814,2369067.150686226,2.369067
2026-06-23T12:03:28,dl,ue6,3950823,2394724.973110704,2.394725
2026-06-23T12:03:28,dl,ue7,3950832,2351961.8206839752,2.351962
2026-06-23T12:03:28,dl,ue8,3950841,2416106.4630346205,2.416106
2026-06-23T12:03:28,dl,ue9,3951588,2262159.873645544,2.262160
2026-06-23T12:03:28,dl,ue10,3951597,2360514.485685101,2.360514
2026-06-23T12:03:28,dl,ue11,3951606,2330580.3307600594,2.330580
2026-06-23T12:03:28,dl,ue12,3951615,2386172.308109579,2.386172
2026-06-23T12:03:33,dl,cu_cp,3949832,586235.7498558426,0.586236
2026-06-23T12:03:33,dl,cu_up,3949840,1096005.9201769256,1.096006
2026-06-23T12:03:33,dl,du1,3950023,5395068.085786438,5.395068
2026-06-23T12:03:33,dl,du2,3950773,5632960.500818482,5.632961
2026-06-23T12:03:33,dl,du3,3951527,5543750.801992187,5.543751
2026-06-23T12:03:33,dl,ue1,3950064,3751058.9031961057,3.751059
2026-06-23T12:03:33,dl,ue2,3950073,1745962.82795105,1.745963
2026-06-23T12:03:33,dl,ue3,3950082,1677993.6158724977,1.677994
2026-06-23T12:03:33,dl,ue4,3950090,1699233.9298631286,1.699234
2026-06-23T12:03:33,dl,ue5,3950814,2370431.4107635496,2.370431
2026-06-23T12:03:33,dl,ue6,3950823,2332198.534617615,2.332199
2026-06-23T12:03:33,dl,ue7,3950832,2344942.99942337,2.344943
2026-06-23T12:03:33,dl,ue8,3950841,2404415.8440457154,2.404416
2026-06-23T12:03:33,dl,ue9,3951588,2285469.6365296934,2.285470
2026-06-23T12:03:33,dl,ue10,3951597,2366183.140656891,2.366183
2026-06-23T12:03:33,dl,ue11,3951606,2336446.8047242737,2.336447
2026-06-23T12:03:33,dl,ue12,3951615,2361935.216064453,2.361935
2026-06-23T12:03:39,dl,cu_cp,3949832,594126.8574025243,0.594127
2026-06-23T12:03:39,dl,cu_up,3949840,1088440.3789068281,1.088440
2026-06-23T12:03:39,dl,du1,3950023,5342388.645065618,5.342389
2026-06-23T12:03:39,dl,du2,3950773,5561027.084512281,5.561027
2026-06-23T12:03:39,dl,du3,3951527,5670346.822813797,5.670347
2026-06-23T12:03:39,dl,ue1,3950064,3759634.4421505453,3.759634
2026-06-23T12:03:39,dl,ue2,3950073,1734850.4184295894,1.734850
2026-06-23T12:03:39,dl,ue3,3950082,1701579.3064635159,1.701579
2026-06-23T12:03:39,dl,ue4,3950090,1696826.1916915656,1.696826
2026-06-23T12:03:39,dl,ue5,3950814,2309965.2056779503,2.309965
2026-06-23T12:03:39,dl,ue6,3950823,2314717.9747311114,2.314718
2026-06-23T12:03:39,dl,ue7,3950832,2381260.1986632585,2.381260
2026-06-23T12:03:39,dl,ue8,3950841,2328977.319046962,2.328977
2026-06-23T12:03:39,dl,ue9,3951588,2376507.4296100973,2.376507
2026-06-23T12:03:39,dl,ue10,3951597,2419284.4254012825,2.419284
2026-06-23T12:03:39,dl,ue11,3951606,2481073.534561479,2.481074
2026-06-23T12:03:39,dl,ue12,3951615,2443049.6535422443,2.443050
2026-06-23T12:03:44,dl,cu_cp,3949832,590611.5214580548,0.590612
2026-06-23T12:03:44,dl,cu_up,3949840,1094083.6820208663,1.094084
2026-06-23T12:03:44,dl,du1,3950023,5431689.450047062,5.431689
2026-06-23T12:03:44,dl,du2,3950773,5722153.9287621165,5.722154
2026-06-23T12:03:44,dl,du3,3951527,5562398.793802645,5.562399
2026-06-23T12:03:44,dl,ue1,3950064,3722789.0461491537,3.722789
2026-06-23T12:03:44,dl,ue2,3950073,1742788.0819412053,1.742788
2026-06-23T12:03:44,dl,ue3,3950082,1689536.3126856256,1.689536
2026-06-23T12:03:44,dl,ue4,3950090,1694377.3354886961,1.694377
2026-06-23T12:03:44,dl,ue5,3950814,2376969.3270486984,2.376969
2026-06-23T12:03:44,dl,ue6,3950823,2391492.3954579104,2.391492
2026-06-23T12:03:44,dl,ue7,3950832,2386651.37265484,2.386651
2026-06-23T12:03:44,dl,ue8,3950841,2536724.8076227056,2.536725
2026-06-23T12:03:44,dl,ue9,3951588,2275306.6385333417,2.275307
2026-06-23T12:03:44,dl,ue10,3951597,2333399.60339926,2.333400
2026-06-23T12:03:44,dl,ue11,3951606,2343081.821812669,2.343082
2026-06-23T12:03:44,dl,ue12,3951615,2343081.821812669,2.343082
2026-06-23T12:03:50,dl,cu_cp,3949832,593900.0460461378,0.593900
2026-06-23T12:03:50,dl,cu_up,3949840,1120201.6524899865,1.120202
2026-06-23T12:03:50,dl,du1,3950023,5427184.246268578,5.427184
2026-06-23T12:03:50,dl,du2,3950773,5658949.831454124,5.658950
2026-06-23T12:03:50,dl,du3,3951527,5528581.344371643,5.528581
2026-06-23T12:03:50,dl,ue1,3950064,3814479.861720276,3.814480
2026-06-23T12:03:50,dl,ue2,3950073,1752729.3104593658,1.752729
2026-06-23T12:03:50,dl,ue3,3950082,1714101.8280669784,1.714102
2026-06-23T12:03:50,dl,ue4,3950090,1704444.8711149788,1.704445
2026-06-23T12:03:50,dl,ue5,3950814,2356286.270280552,2.356286
2026-06-23T12:03:50,dl,ue6,3950823,2351457.878158455,2.351458
2026-06-23T12:03:50,dl,ue7,3950832,2351457.878158455,2.351458
2026-06-23T12:03:50,dl,ue8,3950841,2414227.6665769387,2.414228
2026-06-23T12:03:50,dl,ue9,3951588,2245231.8698098753,2.245232
2026-06-23T12:03:50,dl,ue10,3951597,2332143.9642544556,2.332144
2026-06-23T12:03:50,dl,ue11,3951606,2346629.313328552,2.346629
2026-06-23T12:03:50,dl,ue12,3951615,2322487.1800102615,2.322487
2026-06-23T12:03:56,dl,cu_cp,3949832,589017.3136331558,0.589017
2026-06-23T12:03:56,dl,cu_up,3949840,1092359.3409521102,1.092359
2026-06-23T12:03:56,dl,du1,3950023,5354702.725995636,5.354703
2026-06-23T12:03:56,dl,du2,3950773,5558181.33730011,5.558181
2026-06-23T12:03:56,dl,du3,3951527,5526053.298624039,5.526053
2026-06-23T12:03:56,dl,ue1,3950064,3566231.920475006,3.566232
2026-06-23T12:03:56,dl,ue2,3950073,1724214.2116571427,1.724214
2026-06-23T12:03:56,dl,ue3,3950082,1659957.7899641036,1.659958
2026-06-23T12:03:56,dl,ue4,3950090,1670667.308359909,1.670667
2026-06-23T12:03:56,dl,ue5,3950814,2291812.8328395844,2.291813
2026-06-23T12:03:56,dl,ue6,3950823,2334650.3899114607,2.334650
2026-06-23T12:03:56,dl,ue7,3950832,2270393.968218422,2.270394
2026-06-23T12:03:56,dl,ue8,3950841,2366778.428587532,2.366778
2026-06-23T12:03:56,dl,ue9,3951588,2259684.4498226168,2.259684
2026-06-23T12:03:56,dl,ue10,3951597,2323940.8715156554,2.323941
2026-06-23T12:03:56,dl,ue11,3951606,2345359.5639663697,2.345360
2026-06-23T12:03:56,dl,ue12,3951615,2356069.254532623,2.356069
2026-06-23T12:04:01,dl,cu_cp,3949832,581824.2584794897,0.581824
2026-06-23T12:04:01,dl,cu_up,3949840,1130401.3574214578,1.130401
2026-06-23T12:04:01,dl,du1,3950023,5336159.589630651,5.336160
2026-06-23T12:04:01,dl,du2,3950773,5652006.6148694325,5.652007
2026-06-23T12:04:01,dl,du3,3951527,5519018.665670771,5.519019
2026-06-23T12:04:01,dl,ue1,3950064,3773546.105529623,3.773546
2026-06-23T12:04:01,dl,ue2,3950073,1745472.732379005,1.745473
2026-06-23T12:04:01,dl,ue3,3950082,1670666.903306098,1.670667
2026-06-23T12:04:01,dl,ue4,3950090,1695602.1222511148,1.695602
2026-06-23T12:04:01,dl,ue5,3950814,2410414.7174644424,2.410415
2026-06-23T12:04:01,dl,ue6,3950823,2352232.2528629755,2.352232
2026-06-23T12:04:01,dl,ue7,3950832,2368855.7895722724,2.368856
2026-06-23T12:04:01,dl,ue8,3950841,2443661.963120892,2.443662
2026-06-23T12:04:01,dl,ue9,3951588,2202620.4224793054,2.202620
2026-06-23T12:04:01,dl,ue10,3951597,2310673.3249708056,2.310673
2026-06-23T12:04:01,dl,ue11,3951606,2285738.106025789,2.285738
2026-06-23T12:04:01,dl,ue12,3951615,2327297.033917959,2.327297
2026-06-23T12:04:07,dl,cu_cp,3949832,597737.3205057776,0.597737
2026-06-23T12:04:07,dl,cu_up,3949840,1154719.7470994378,1.154720
2026-06-23T12:04:07,dl,du1,3950023,5366050.833488579,5.366051
2026-06-23T12:04:07,dl,du2,3950773,5732844.360141354,5.732844
2026-06-23T12:04:07,dl,du3,3951527,5556239.9927076055,5.556240
2026-06-23T12:04:07,dl,ue1,3950064,3708688.2590668295,3.708688
2026-06-23T12:04:07,dl,ue2,3950073,1711702.2601191448,1.711702
2026-06-23T12:04:07,dl,ue3,3950082,1684532.3308444,1.684532
2026-06-23T12:04:07,dl,ue4,3950090,1657362.5744217492,1.657363
2026-06-23T12:04:07,dl,ue5,3950814,2397741.850767844,2.397742
2026-06-23T12:04:07,dl,ue6,3950823,2384156.713278377,2.384157
2026-06-23T12:04:07,dl,ue7,3950832,2390949.2820231104,2.390949
2026-06-23T12:04:07,dl,ue8,3950841,2479251.2928878902,2.479251
2026-06-23T12:04:07,dl,ue9,3951588,2241514.843864107,2.241515
2026-06-23T12:04:07,dl,ue10,3951597,2329816.854728887,2.329817
2026-06-23T12:04:07,dl,ue11,3951606,2309439.4941988755,2.309439
2026-06-23T12:04:07,dl,ue12,3951615,2404534.073808389,2.404534
2026-06-23T12:04:13,dl,cu_cp,3949832,591579.5444326401,0.591580
2026-06-23T12:04:13,dl,cu_up,3949840,1144577.895179329,1.144578
2026-06-23T12:04:13,dl,du1,3950023,5397091.911338653,5.397092
2026-06-23T12:04:13,dl,du2,3950773,5761470.4963851925,5.761470
2026-06-23T12:04:13,dl,du3,3951527,5602858.739523468,5.602859
2026-06-23T12:04:13,dl,ue1,3950064,3729523.414454956,3.729523
2026-06-23T12:04:13,dl,ue2,3950073,1727583.821770935,1.727584
2026-06-23T12:04:13,dl,ue3,3950082,1701862.9682478332,1.701863
2026-06-23T12:04:13,dl,ue4,3950090,1658994.8790426636,1.658995
2026-06-23T12:04:13,dl,ue5,3950814,2422046.866894684,2.422047
2026-06-23T12:04:13,dl,ue6,3950823,2396326.013371582,2.396326
2026-06-23T12:04:13,dl,ue7,3950832,2404899.458015213,2.404899
2026-06-23T12:04:13,dl,ue8,3950841,2486348.8275050353,2.486349
2026-06-23T12:04:13,dl,ue9,3951588,2289155.790358658,2.289156
2026-06-23T12:04:13,dl,ue10,3951597,2357744.5598895266,2.357745
2026-06-23T12:04:13,dl,ue11,3951606,2323450.261722794,2.323450
2026-06-23T12:04:13,dl,ue12,3951615,2400612.649094696,2.400613
2026-06-23T12:04:18,dl,cu_cp,3949832,603507.0277241627,0.603507
2026-06-23T12:04:18,dl,cu_up,3949840,1065767.7969809282,1.065768
2026-06-23T12:04:18,dl,du1,3950023,5371640.4410814075,5.371640
2026-06-23T12:04:18,dl,du2,3950773,5722616.291218979,5.722616
2026-06-23T12:04:18,dl,du3,3951527,5551408.736649928,5.551409
2026-06-23T12:04:18,dl,ue1,3950064,3745167.8077444267,3.745168
2026-06-23T12:04:18,dl,ue2,3950073,1742038.1391886568,1.742038
2026-06-23T12:04:18,dl,ue3,3950082,1716356.9541074396,1.716357
2026-06-23T12:04:18,dl,ue4,3950090,1707796.559080367,1.707797
2026-06-23T12:04:18,dl,ue5,3950814,2448269.6910049403,2.448270
2026-06-23T12:04:18,dl,ue6,3950823,2396907.320842506,2.396907
2026-06-23T12:04:18,dl,ue7,3950832,2371226.1357612885,2.371226
2026-06-23T12:04:18,dl,ue8,3950841,2486791.468626766,2.486791
2026-06-23T12:04:18,dl,ue9,3951588,2268501.568422618,2.268502
2026-06-23T12:04:18,dl,ue10,3951597,2379786.5307883606,2.379787
2026-06-23T12:04:18,dl,ue11,3951606,2264221.5438952805,2.264222
2026-06-23T12:04:18,dl,ue12,3951615,2392627.296315168,2.392627
2026-06-23T12:04:24,dl,cu_cp,3949832,603508.3681579083,0.603508
2026-06-23T12:04:24,dl,cu_up,3949840,1112718.5551440418,1.112719
2026-06-23T12:04:24,dl,du1,3950023,5408000.984591961,5.408001
2026-06-23T12:04:24,dl,du2,3950773,5719185.086361408,5.719185
2026-06-23T12:04:24,dl,du3,3951527,5601311.753798246,5.601312
2026-06-23T12:04:24,dl,ue1,3950064,3734207.8358654976,3.734208
2026-06-23T12:04:24,dl,ue2,3950073,1739801.5984731317,1.739802
2026-06-23T12:04:24,dl,ue3,3950082,1706797.1138433218,1.706797
2026-06-23T12:04:24,dl,ue4,3950090,1683222.4819648862,1.683222
2026-06-23T12:04:24,dl,ue5,3950814,2428178.078587711,2.428178
2026-06-23T12:04:24,dl,ue6,3950823,2385743.9143775105,2.385744
2026-06-23T12:04:24,dl,ue7,3950832,2414033.4726316333,2.414033
2026-06-23T12:04:24,dl,ue8,3950841,2432893.178134382,2.432893
2026-06-23T12:04:24,dl,ue9,3951588,2305590.685503781,2.305591
2026-06-23T12:04:24,dl,ue10,3951597,2395173.9402998686,2.395174
2026-06-23T12:04:24,dl,ue11,3951606,2315020.3650841713,2.315020
2026-06-23T12:04:24,dl,ue12,3951615,2494186.874676347,2.494187
2026-06-23T12:04:29,dl,cu_cp,3949832,606985.249269948,0.606985
2026-06-23T12:04:29,dl,cu_up,3949840,1111996.8871944416,1.111997
2026-06-23T12:04:29,dl,du1,3950023,5448299.200735774,5.448299
2026-06-23T12:04:29,dl,du2,3950773,5710516.686935949,5.710517
2026-06-23T12:04:29,dl,du3,3951527,5647390.698175091,5.647391
2026-06-23T12:04:29,dl,ue1,3950064,3777875.963971367,3.777876
2026-06-23T12:04:29,dl,ue2,3950073,1733549.7456886554,1.733550
2026-06-23T12:04:29,dl,ue3,3950082,1723837.948409879,1.723838
2026-06-23T12:04:29,dl,ue4,3950090,1660711.6128734278,1.660712
2026-06-23T12:04:29,dl,ue5,3950814,2389093.9813524843,2.389094
2026-06-23T12:04:29,dl,ue6,3950823,2355102.517488971,2.355103
2026-06-23T12:04:29,dl,ue7,3950832,2369670.213407135,2.369670
2026-06-23T12:04:29,dl,ue8,3950841,2413373.1277738307,2.413373
2026-06-23T12:04:29,dl,ue9,3951588,2364814.488155544,2.364814
2026-06-23T12:04:29,dl,ue10,3951597,2481355.535337467,2.481356
2026-06-23T12:04:29,dl,ue11,3951606,2403661.5038828515,2.403662
2026-06-23T12:04:29,dl,ue12,3951615,2481355.535337467,2.481356
2026-06-23T12:04:35,dl,cu_cp,3949832,586628.0114346147,0.586628
2026-06-23T12:04:35,dl,cu_up,3949840,1134470.7583571768,1.134471
2026-06-23T12:04:35,dl,du1,3950023,5381463.789492913,5.381464
2026-06-23T12:04:35,dl,du2,3950773,5662657.2596359635,5.662657
2026-06-23T12:04:35,dl,du3,3951527,5701443.0426005935,5.701443
2026-06-23T12:04:35,dl,ue1,3950064,3708846.6003411864,3.708847
2026-06-23T12:04:35,dl,ue2,3950073,1730794.9995110417,1.730795
2026-06-23T12:04:35,dl,ue3,3950082,1692009.7349989892,1.692010
2026-06-23T12:04:35,dl,ue4,3950090,1677465.4120223045,1.677465
2026-06-23T12:04:35,dl,ue5,3950814,2336815.945632353,2.336816
2026-06-23T12:04:35,dl,ue6,3950823,2283486.012508564,2.283486
2026-06-23T12:04:35,dl,ue7,3950832,2356208.491479616,2.356208
2026-06-23T12:04:35,dl,ue8,3950841,2428930.970450668,2.428931
2026-06-23T12:04:35,dl,ue9,3951588,2336815.945632353,2.336816
2026-06-23T12:04:35,dl,ue10,3951597,2428930.970450668,2.428931
2026-06-23T12:04:35,dl,ue11,3951606,2365904.9372207737,2.365905
2026-06-23T12:04:35,dl,ue12,3951615,2511349.722345352,2.511350
2026-06-23T12:04:41,dl,cu_cp,3949832,598281.3271243786,0.598281
2026-06-23T12:04:41,dl,cu_up,3949840,1143144.663977127,1.143145
2026-06-23T12:04:41,dl,du1,3950023,5320430.347166195,5.320430
2026-06-23T12:04:41,dl,du2,3950773,5715723.66497591,5.715724
2026-06-23T12:04:41,dl,du3,3951527,5672989.065704441,5.672989
2026-06-23T12:04:41,dl,ue1,3950064,3600371.698836708,3.600372
2026-06-23T12:04:41,dl,ue2,3950073,1688008.2165112973,1.688008
2026-06-23T12:04:41,dl,ue3,3950082,1613222.8403313637,1.613223
2026-06-23T12:04:41,dl,ue4,3950090,1623906.490149231,1.623906
2026-06-23T12:04:41,dl,ue5,3950814,2414492.6081332495,2.414493
2026-06-23T12:04:41,dl,ue6,3950823,2329023.754680586,2.329024
2026-06-23T12:04:41,dl,ue7,3950832,2361074.5315890503,2.361075
2026-06-23T12:04:41,dl,ue8,3950841,2435859.907768984,2.435860
2026-06-23T12:04:41,dl,ue9,3951588,2318340.277407856,2.318340
2026-06-23T12:04:41,dl,ue10,3951597,2435859.907768984,2.435860
2026-06-23T12:04:41,dl,ue11,3951606,2403809.1308605196,2.403809
2026-06-23T12:04:41,dl,ue12,3951615,2478594.161950178,2.478594
2026-06-23T12:04:46,dl,cu_cp,3949832,577858.1041234583,0.577858
2026-06-23T12:04:46,dl,cu_up,3949840,1130950.7906469107,1.130951
2026-06-23T12:04:46,dl,du1,3950023,5382335.222727478,5.382335
2026-06-23T12:04:46,dl,du2,3950773,5696029.821853161,5.696030
2026-06-23T12:04:46,dl,du3,3951527,5588713.184871733,5.588713
2026-06-23T12:04:46,dl,ue1,3950064,3632250.8908849955,3.632251
2026-06-23T12:04:46,dl,ue2,3950073,1700553.669261068,1.700554
2026-06-23T12:04:46,dl,ue3,3950082,1659278.145879656,1.659278
2026-06-23T12:04:46,dl,ue4,3950090,1618002.4498796463,1.618002
2026-06-23T12:04:46,dl,ue5,3950814,2402238.602456659,2.402239
2026-06-23T12:04:46,dl,ue6,3950823,2369218.0456566513,2.369218
2026-06-23T12:04:46,dl,ue7,3950832,2360962.9064566493,2.360963
2026-06-23T12:04:46,dl,ue8,3950841,2435258.986638069,2.435259
2026-06-23T12:04:46,dl,ue9,3951588,2311432.416493833,2.311432
2026-06-23T12:04:46,dl,ue10,3951597,2377473.184856653,2.377473
2026-06-23T12:04:46,dl,ue11,3951606,2352707.939875245,2.352708
2026-06-23T12:04:46,dl,ue12,3951615,2427003.6748194695,2.427004
2026-06-23T12:04:52,dl,cu_cp,3949832,589695.9693907308,0.589696
2026-06-23T12:04:52,dl,cu_up,3949840,1037051.4344400502,1.037051
2026-06-23T12:04:52,dl,du1,3950023,5347932.058894902,5.347932
2026-06-23T12:04:52,dl,du2,3950773,5619056.697921391,5.619057
2026-06-23T12:04:52,dl,du3,3951527,5578387.933214912,5.578388
2026-06-23T12:04:52,dl,ue1,3950064,3694072.1739483452,3.694072
2026-06-23T12:04:52,dl,ue2,3950073,1755531.6245814895,1.755532
2026-06-23T12:04:52,dl,ue3,3950082,1680972.2799967004,1.680972
2026-06-23T12:04:52,dl,ue4,3950090,1674194.267299795,1.674194
2026-06-23T12:04:52,dl,ue5,3950814,2338449.4952096846,2.338449
2026-06-23T12:04:52,dl,ue6,3950823,2297780.730503206,2.297781
2026-06-23T12:04:52,dl,ue7,3950832,2277446.3481499674,2.277446
2026-06-23T12:04:52,dl,ue8,3950841,2446899.0754102613,2.446899
2026-06-23T12:04:52,dl,ue9,3951588,2304558.915331373,2.304559
2026-06-23T12:04:52,dl,ue10,3951597,2399452.4701381396,2.399452
2026-06-23T12:04:52,dl,ue11,3951606,2379118.087784901,2.379118
2026-06-23T12:04:52,dl,ue12,3951615,2419786.852491379,2.419787
2026-06-23T12:04:58,dl,cu_cp,3949832,593399.4112990057,0.593399
2026-06-23T12:04:58,dl,cu_up,3949840,1122762.9255100512,1.122763
2026-06-23T12:04:58,dl,du1,3950023,5289366.20949553,5.289366
2026-06-23T12:04:58,dl,du2,3950773,5891303.91962986,5.891304
2026-06-23T12:04:58,dl,du3,3951527,5639428.743566375,5.639429
2026-06-23T12:04:58,dl,ue1,3950064,3603087.354922991,3.603087
2026-06-23T12:04:58,dl,ue2,3950073,1690547.960629654,1.690548
2026-06-23T12:04:58,dl,ue3,3950082,1677740.8159005,1.677741
2026-06-23T12:04:58,dl,ue4,3950090,1609435.812755425,1.609436
2026-06-23T12:04:58,dl,ue5,3950814,2429095.5036119437,2.429096
2026-06-23T12:04:58,dl,ue6,3950823,2480324.08252856,2.480324
2026-06-23T12:04:58,dl,ue7,3950832,2424826.3975548293,2.424826
2026-06-23T12:04:58,dl,ue8,3950841,2595588.9054175164,2.595589
2026-06-23T12:04:58,dl,ue9,3951588,2330907.2783936355,2.330907
2026-06-23T12:04:58,dl,ue10,3951597,2420557.2914977144,2.420557
2026-06-23T12:04:58,dl,ue11,3951606,2416288.1854406,2.416288
2026-06-23T12:04:58,dl,ue12,3951615,2450440.860455327,2.450441
2026-06-23T12:05:03,dl,cu_cp,3949832,595779.3216736034,0.595779
2026-06-23T12:05:03,dl,cu_up,3949840,1135838.2754443227,1.135838
2026-06-23T12:05:03,dl,du1,3950023,5349155.318676854,5.349155
2026-06-23T12:05:03,dl,du2,3950773,5722053.385018838,5.722053
2026-06-23T12:05:03,dl,du3,3951527,5713481.087273752,5.713481
2026-06-23T12:05:03,dl,ue1,3950064,3677544.4546142695,3.677544
2026-06-23T12:05:03,dl,ue2,3950073,1701614.4252421795,1.701614
2026-06-23T12:05:03,dl,ue3,3950082,1688755.9786245525,1.688756
2026-06-23T12:05:03,dl,ue4,3950090,1633035.3511857688,1.633035
2026-06-23T12:05:03,dl,ue5,3950814,2413120.6748500764,2.413121
2026-06-23T12:05:03,dl,ue6,3950823,2387403.608590889,2.387404
2026-06-23T12:05:03,dl,ue7,3950832,2408834.5259775342,2.408835
2026-06-23T12:05:03,dl,ue8,3950841,2473127.278137469,2.473127
2026-06-23T12:05:03,dl,ue9,3951588,2335969.303048581,2.335969
2026-06-23T12:05:03,dl,ue10,3951597,2417406.8237226186,2.417407
2026-06-23T12:05:03,dl,ue11,3951606,2395975.9063359736,2.395976
2026-06-23T12:05:03,dl,ue12,3951615,2468841.129264927,2.468841
2026-06-23T12:05:09,dl,cu_cp,3949832,593815.9371167064,0.593816
2026-06-23T12:05:09,dl,cu_up,3949840,1102801.0568742515,1.102801
2026-06-23T12:05:09,dl,du1,3950023,5363194.817829037,5.363195
2026-06-23T12:05:09,dl,du2,3950773,5683667.177812671,5.683667
2026-06-23T12:05:09,dl,du3,3951527,5594123.115644073,5.594123
2026-06-23T12:05:09,dl,ue1,3950064,3666577.780717564,3.666578
2026-06-23T12:05:09,dl,ue2,3950073,1724893.918737173,1.724894
2026-06-23T12:05:09,dl,ue3,3950082,1682478.5100575923,1.682479
2026-06-23T12:05:09,dl,ue4,3950090,1654201.6284318925,1.654202
2026-06-23T12:05:09,dl,ue5,3950814,2370550.8486215114,2.370551
2026-06-23T12:05:09,dl,ue6,3950823,2304571.2856794833,2.304571
2026-06-23T12:05:09,dl,ue7,3950832,2375263.7484668256,2.375264
2026-06-23T12:05:09,dl,ue8,3950841,2417679.1571464064,2.417679
2026-06-23T12:05:09,dl,ue9,3951588,2332848.512269306,2.332849
2026-06-23T12:05:09,dl,ue10,3951597,2403540.802574587,2.403541
2026-06-23T12:05:09,dl,ue11,3951606,2375263.7484668256,2.375264
2026-06-23T12:05:09,dl,ue12,3951615,2441243.483890915,2.441243
2026-06-23T12:05:20,dl,cu_cp,3949832,519404.0392242074,0.519404
2026-06-23T12:05:20,dl,cu_up,3949840,568236.913168357,0.568237
2026-06-23T12:05:20,dl,du1,3950023,4110838.576216066,4.110839
2026-06-23T12:05:20,dl,du2,3950773,4381639.267613771,4.381639
2026-06-23T12:05:20,dl,du3,3951527,4426033.005191364,4.426033
2026-06-23T12:05:20,dl,ue1,3950064,1198624.6632933395,1.198625
2026-06-23T12:05:20,dl,ue2,3950073,1127595.0788211953,1.127595
2026-06-23T12:05:20,dl,ue3,3950082,1180867.3265231042,1.180867
2026-06-23T12:05:20,dl,ue4,3950090,1145352.4947218318,1.145352
2026-06-23T12:05:20,dl,ue5,3950814,1496061.2015855955,1.496061
2026-06-23T12:05:20,dl,ue6,3950823,1345123.2851257885,1.345123
2026-06-23T12:05:20,dl,ue7,3950832,1340683.9113680292,1.340684
2026-06-23T12:05:20,dl,ue8,3950841,1571530.0806850982,1.571530
2026-06-23T12:05:20,dl,ue9,3951588,1331805.1638525105,1.331805
2026-06-23T12:05:20,dl,ue10,3951597,1478303.7065545584,1.478304
2026-06-23T12:05:20,dl,ue11,3951606,1473864.491057601,1.473864
2026-06-23T12:05:20,dl,ue12,3951615,1504939.9491011142,1.504940
2026-06-23T12:05:25,dl,cu_cp,3949832,496076.3431617254,0.496076
2026-06-23T12:05:25,dl,cu_up,3949840,483356.45144422085,0.483356
2026-06-23T12:05:25,dl,du1,3950023,3938930.8847171497,3.938931
2026-06-23T12:05:25,dl,du2,3950773,3968610.745293803,3.968611
2026-06-23T12:05:25,dl,du3,3951527,3951651.040651543,3.951651
2026-06-23T12:05:25,dl,ue1,3950064,1132071.68394235,1.132072
2026-06-23T12:05:25,dl,ue2,3950073,1119351.7544795757,1.119352
2026-06-23T12:05:25,dl,ue3,3950082,1132071.68394235,1.132072
2026-06-23T12:05:25,dl,ue4,3950090,1106631.8250168012,1.106632
2026-06-23T12:05:25,dl,ue5,3950814,1127831.7577817852,1.127832
2026-06-23T12:05:25,dl,ue6,3950823,1093911.9710445667,1.093912
2026-06-23T12:05:25,dl,ue7,3950832,1064232.110467913,1.064232
2026-06-23T12:05:25,dl,ue8,3950841,1106631.8250168012,1.106632
2026-06-23T12:05:25,dl,ue9,3951588,1106631.8250168012,1.106632
2026-06-23T12:05:25,dl,ue10,3951597,1115111.8283190108,1.115112
2026-06-23T12:05:25,dl,ue11,3951606,1123591.7561306804,1.123592
2026-06-23T12:05:25,dl,ue12,3951615,1089671.969393462,1.089672
2026-06-23T12:05:31,dl,cu_cp,3949832,478970.3842717123,0.478970
2026-06-23T12:05:31,dl,cu_up,3949840,488549.7979583454,0.488550
2026-06-23T12:05:31,dl,du1,3950023,3841342.4878603313,3.841342
2026-06-23T12:05:31,dl,du2,3950773,3965874.8657865617,3.965875
2026-06-23T12:05:31,dl,du3,3951527,3994613.106846461,3.994613
2026-06-23T12:05:31,dl,ue1,3950064,1082473.0714546693,1.082473
2026-06-23T12:05:31,dl,ue2,3950073,1082473.0714546693,1.082473
2026-06-23T12:05:31,dl,ue3,3950082,1082473.0714546693,1.082473
2026-06-23T12:05:31,dl,ue4,3950090,1063314.3190963888,1.063314
2026-06-23T12:05:31,dl,ue5,3950814,1082473.0714546693,1.082473
2026-06-23T12:05:31,dl,ue6,3950823,1092052.4851413025,1.092052
2026-06-23T12:05:31,dl,ue7,3950832,1072893.7327830219,1.072894
2026-06-23T12:05:31,dl,ue8,3950841,1063314.3190963888,1.063314
2026-06-23T12:05:31,dl,ue9,3951588,1063314.3190963888,1.063314
2026-06-23T12:05:31,dl,ue10,3951597,1053734.9054097557,1.053735
2026-06-23T12:05:31,dl,ue11,3951606,1072893.7327830219,1.072894
2026-06-23T12:05:31,dl,ue12,3951615,1063314.3190963888,1.063314
2026-06-23T12:05:36,dl,cu_cp,3949832,494669.8698560375,0.494670
2026-06-23T12:05:36,dl,cu_up,3949840,494669.8698560375,0.494670
2026-06-23T12:05:36,dl,du1,3950023,3972817.3982005403,3.972817
2026-06-23T12:05:36,dl,du2,3950773,3980546.4663441326,3.980546
2026-06-23T12:05:36,dl,du3,3951527,4065568.0343139837,4.065568
2026-06-23T12:05:36,dl,ue1,3950064,1074361.156149398,1.074361
2026-06-23T12:05:36,dl,ue2,3950073,1143924.0574682164,1.143924
2026-06-23T12:05:36,dl,ue3,3950082,1120736.4742061198,1.120736
2026-06-23T12:05:36,dl,ue4,3950090,1128465.69388224,1.128466
2026-06-23T12:05:36,dl,ue5,3950814,1113007.2545299996,1.113007
2026-06-23T12:05:36,dl,ue6,3950823,1128465.69388224,1.128466
2026-06-23T12:05:36,dl,ue7,3950832,1105278.0348538791,1.105278
2026-06-23T12:05:36,dl,ue8,3950841,1120736.4742061198,1.120736
2026-06-23T12:05:36,dl,ue9,3951588,1113007.2545299996,1.113007
2026-06-23T12:05:36,dl,ue10,3951597,1089819.5955016387,1.089820
2026-06-23T12:05:36,dl,ue11,3951606,1128465.69388224,1.128466
2026-06-23T12:05:36,dl,ue12,3951615,1074361.156149398,1.074361
2026-06-23T12:05:42,dl,cu_cp,3949832,493321.9421320999,0.493322
2026-06-23T12:05:42,dl,cu_up,3949840,468343.6268100405,0.468344
2026-06-23T12:05:42,dl,du1,3950023,3921597.333658962,3.921597
2026-06-23T12:05:42,dl,du2,3950773,3915352.8574256515,3.915353
2026-06-23T12:05:42,dl,du3,3951527,3934086.5845901775,3.934087
2026-06-23T12:05:42,dl,ue1,3950064,1067823.4183879113,1.067823
2026-06-23T12:05:42,dl,ue2,3950073,1099046.3218675042,1.099046
2026-06-23T12:05:42,dl,ue3,3950082,1092801.771018045,1.092802
2026-06-23T12:05:42,dl,ue4,3950090,1111535.5727987194,1.111536
2026-06-23T12:05:42,dl,ue5,3950814,1049089.616607237,1.049090
2026-06-23T12:05:42,dl,ue6,3950823,1124024.6744976377,1.124025
2026-06-23T12:05:42,dl,ue7,3950832,1092801.771018045,1.092802
2026-06-23T12:05:42,dl,ue8,3950841,1105290.8727169633,1.105291
2026-06-23T12:05:42,dl,ue9,3951588,1117780.1236481785,1.117780
2026-06-23T12:05:42,dl,ue10,3951597,1080312.5200868296,1.080313
2026-06-23T12:05:42,dl,ue11,3951606,1092801.771018045,1.092802
2026-06-23T12:05:42,dl,ue12,3951615,1099046.3218675042,1.099046
2026-06-23T12:21:28,ul,cu_cp,3949832,472795.87854800554,0.472796
2026-06-23T12:21:28,ul,cu_up,3949840,477342.0066243964,0.477342
2026-06-23T12:21:28,ul,du1,3950023,3868743.2031232524,3.868743
2026-06-23T12:21:28,ul,du2,3950773,3891473.8065463183,3.891474
2026-06-23T12:21:28,ul,du3,3951527,3909658.1710163285,3.909658
2026-06-23T12:21:28,ul,ue1,3950064,1068336.8825285698,1.068337
2026-06-23T12:21:28,ul,ue2,3950073,1077429.0647635746,1.077429
2026-06-23T12:21:28,ul,ue3,3950082,1059244.626375788,1.059245
2026-06-23T12:21:28,ul,ue4,3950090,1072882.8997282952,1.072883
2026-06-23T12:21:28,ul,ue5,3950814,1091067.412033859,1.091067
2026-06-23T12:21:28,ul,ue6,3950823,1091067.412033859,1.091067
2026-06-23T12:21:28,ul,ue7,3950832,1072882.8997282952,1.072883
2026-06-23T12:21:28,ul,ue8,3950841,1100159.5942688638,1.100160
2026-06-23T12:21:28,ul,ue9,3951588,1072882.8997282952,1.072883
2026-06-23T12:21:28,ul,ue10,3951597,1063790.7174932903,1.063791
2026-06-23T12:21:28,ul,ue11,3951606,1104705.7593041433,1.104706
2026-06-23T12:21:28,ul,ue12,3951615,1100159.5942688638,1.100160
2026-06-23T12:21:33,ul,cu_cp,3949832,528276.1085691282,0.528276
2026-06-23T12:21:33,ul,cu_up,3949840,614274.550368135,0.614275
2026-06-23T12:21:33,ul,du1,3950023,4734009.425162246,4.734009
2026-06-23T12:21:33,ul,du2,3950773,4766770.434897241,4.766770
2026-06-23T12:21:33,ul,du3,3951527,4717628.445547963,4.717628
2026-06-23T12:21:33,ul,ue1,3950064,1998439.7924615275,1.998440
2026-06-23T12:21:33,ul,ue2,3950073,1461973.3918964183,1.461973
2026-06-23T12:21:33,ul,ue3,3950082,1441497.5630008853,1.441498
2026-06-23T12:21:33,ul,ue4,3950090,1396450.7394307125,1.396451
2026-06-23T12:21:33,ul,ue5,3950814,1564352.5363740837,1.564353
2026-06-23T12:21:33,ul,ue6,3950823,1588923.5310487235,1.588924
2026-06-23T12:21:33,ul,ue7,3950832,1584828.207020688,1.584828
2026-06-23T12:21:33,ul,ue8,3950841,1560257.2123460483,1.560257
2026-06-23T12:21:33,ul,ue9,3951588,1584828.207020688,1.584828
2026-06-23T12:21:33,ul,ue10,3951597,1556162.0465669418,1.556162
2026-06-23T12:21:33,ul,ue11,3951606,1597113.8626069366,1.597114
2026-06-23T12:21:33,ul,ue12,3951615,1617589.6915024698,1.617590
2026-06-23T12:21:39,ul,cu_cp,3949832,557948.3756946981,0.557948
2026-06-23T12:21:39,ul,cu_up,3949840,687060.3941406512,0.687060
2026-06-23T12:21:39,ul,du1,3950023,5381204.760310364,5.381205
2026-06-23T12:21:39,ul,du2,3950773,5224425.449532023,5.224425
2026-06-23T12:21:39,ul,du3,3951527,5178314.486679754,5.178314
2026-06-23T12:21:39,ul,ue1,3950064,2609907.209479537,2.609907
2026-06-23T12:21:39,ul,ue2,3950073,1678456.1987272168,1.678456
2026-06-23T12:21:39,ul,ue3,3950082,1660011.5835933352,1.660012
2026-06-23T12:21:39,ul,ue4,3950090,1613900.292179675,1.613900
2026-06-23T12:21:39,ul,ue5,3950814,1927458.0923328782,1.927458
2026-06-23T12:21:39,ul,ue6,3950823,1881346.4723578263,1.881346
2026-06-23T12:21:39,ul,ue7,3950832,1895179.8926380635,1.895180
2026-06-23T12:21:39,ul,ue8,3950841,1895179.8926380635,1.895180
2026-06-23T12:21:39,ul,ue9,3951588,1835235.1809441661,1.835235
2026-06-23T12:21:39,ul,ue10,3951597,1858290.8266509962,1.858291
2026-06-23T12:21:39,ul,ue11,3951606,1932069.1229058267,1.932069
2026-06-23T12:21:39,ul,ue12,3951615,1932069.1229058267,1.932069
2026-06-23T12:21:45,ul,cu_cp,3949832,552995.2979884815,0.552995
2026-06-23T12:21:45,ul,cu_up,3949840,709677.2265921592,0.709677
2026-06-23T12:21:45,ul,du1,3950023,5341012.488199882,5.341012
2026-06-23T12:21:45,ul,du2,3950773,5267279.989706039,5.267280
2026-06-23T12:21:45,ul,du3,3951527,5152072.488920632,5.152072
2026-06-23T12:21:45,ul,ue1,3950064,2668202.2779156878,2.668202
2026-06-23T12:21:45,ul,ue2,3950073,1672810.7579499437,1.672811
2026-06-23T12:21:45,ul,ue3,3950082,1635944.3445677948,1.635944
2026-06-23T12:21:45,ul,ue4,3950090,1580644.8886297988,1.580645
2026-06-23T12:21:45,ul,ue5,3950814,1857142.496590233,1.857142
2026-06-23T12:21:45,ul,ue6,3950823,1894008.9099723815,1.894009
2026-06-23T12:21:45,ul,ue7,3950832,1921658.6379413796,1.921659
2026-06-23T12:21:45,ul,ue8,3950841,1940091.6804972268,1.940092
2026-06-23T12:21:45,ul,ue9,3951588,1866359.0178681565,1.866359
2026-06-23T12:21:45,ul,ue10,3951597,1806451.3012911987,1.806451
2026-06-23T12:21:45,ul,ue11,3951606,1926266.8985803414,1.926267
2026-06-23T12:21:45,ul,ue12,3951615,1898617.1706113433,1.898617
2026-06-23T12:21:50,ul,cu_cp,3949832,540594.7199402106,0.540595
2026-06-23T12:21:50,ul,cu_up,3949840,696359.336366018,0.696359
2026-06-23T12:21:50,ul,du1,3950023,5241020.36330347,5.241020
2026-06-23T12:21:50,ul,du2,3950773,5062349.214554489,5.062349
2026-06-23T12:21:50,ul,du3,3951527,5176882.203884062,5.176882
2026-06-23T12:21:50,ul,ue1,3950064,2620510.181651735,2.620510
2026-06-23T12:21:50,ul,ue2,3950073,1658434.6770804513,1.658435
2026-06-23T12:21:50,ul,ue3,3950082,1635528.1447572769,1.635528
2026-06-23T12:21:50,ul,ue4,3950090,1571389.821481018,1.571390
2026-06-23T12:21:50,ul,ue5,3950814,1873756.3430892527,1.873756
2026-06-23T12:21:50,ul,ue6,3950823,1837105.989686284,1.837106
2026-06-23T12:21:50,ul,ue7,3950832,1841687.2633795487,1.841687
2026-06-23T12:21:50,ul,ue8,3950841,1860012.5220094586,1.860013
2026-06-23T12:21:50,ul,ue9,3951588,1809618.019812994,1.809618
2026-06-23T12:21:50,ul,ue10,3951597,1800455.3085696136,1.800455
2026-06-23T12:21:50,ul,ue11,3951606,1901244.1491056918,1.901244
2026-06-23T12:21:50,ul,ue12,3951615,1901244.1491056918,1.901244
2026-06-23T12:21:56,ul,cu_cp,3949832,549485.5277577683,0.549486
2026-06-23T12:21:56,ul,cu_up,3949840,689354.6609927058,0.689355
2026-06-23T12:21:56,ul,du1,3950023,5295042.929883778,5.295043
2026-06-23T12:21:56,ul,du2,3950773,5075248.571825909,5.075249
2026-06-23T12:21:56,ul,du3,3951527,5115211.123006225,5.115211
2026-06-23T12:21:56,ul,ue1,3950064,2697474.490634215,2.697474
2026-06-23T12:21:56,ul,ue2,3950073,1658447.3435306847,1.658447
2026-06-23T12:21:56,ul,ue3,3950082,1598503.5167602121,1.598504
2026-06-23T12:21:56,ul,ue4,3950090,1618484.7923503697,1.618485
2026-06-23T12:21:56,ul,ue5,3950814,1868250.9005104066,1.868251
2026-06-23T12:21:56,ul,ue6,3950823,1838278.9871251702,1.838279
2026-06-23T12:21:56,ul,ue7,3950832,1818297.7115350128,1.818298
2026-06-23T12:21:56,ul,ue8,3950841,1808307.073739934,1.808307
2026-06-23T12:21:56,ul,ue9,3951588,1818297.7115350128,1.818298
2026-06-23T12:21:56,ul,ue10,3951597,1818297.7115350128,1.818298
2026-06-23T12:21:56,ul,ue11,3951606,1928194.890563947,1.928195
2026-06-23T12:21:56,ul,ue12,3951615,1898222.8138956428,1.898223
2026-06-23T12:22:01,ul,cu_cp,3949832,542632.7816598013,0.542633
2026-06-23T12:22:01,ul,cu_up,3949840,692053.4015141648,0.692053
2026-06-23T12:22:01,ul,du1,3950023,5229721.898865581,5.229722
2026-06-23T12:22:01,ul,du2,3950773,5080301.319803788,5.080301
2026-06-23T12:22:01,ul,du3,3951527,5213993.2622767,5.213993
2026-06-23T12:22:01,ul,ue1,3950064,2642385.8187079025,2.642386
2026-06-23T12:22:01,ul,ue2,3950073,1627898.3857719756,1.627898
2026-06-23T12:22:01,ul,ue3,3950082,1604305.7572292269,1.604306
2026-06-23T12:22:01,ul,ue4,3950090,1612169.9123533808,1.612170
2026-06-23T12:22:01,ul,ue5,3950814,1871689.9685156215,1.871690
2026-06-23T12:22:01,ul,ue6,3950823,1800911.7565468026,1.800912
2026-06-23T12:22:01,ul,ue7,3950832,1824504.5482598376,1.824505
2026-06-23T12:22:01,ul,ue8,3950841,1855961.495097027,1.855961
2026-06-23T12:22:01,ul,ue9,3951588,1816640.2299653972,1.816640
2026-06-23T12:22:01,ul,ue10,3951597,1800911.7565468026,1.800912
2026-06-23T12:22:01,ul,ue11,3951606,1863825.6502211809,1.863826
2026-06-23T12:22:01,ul,ue12,3951615,1879554.1236397754,1.879554
2026-06-23T12:22:07,ul,cu_cp,3949832,537986.1227312699,0.537986
2026-06-23T12:22:07,ul,cu_up,3949840,693548.3983111012,0.693548
2026-06-23T12:22:07,ul,du1,3950023,5243744.292572184,5.243744
2026-06-23T12:22:07,ul,du2,3950773,5204853.856967023,5.204854
2026-06-23T12:22:07,ul,du3,3951527,5204853.856967023,5.204854
2026-06-23T12:22:07,ul,ue1,3950064,2579740.759022677,2.579741
2026-06-23T12:22:07,ul,ue2,3950073,1659330.6661032331,1.659331
2026-06-23T12:22:07,ul,ue3,3950082,1639885.4483006524,1.639885
2026-06-23T12:22:07,ul,ue4,3950090,1600994.8486465109,1.600995
2026-06-23T12:22:07,ul,ue5,3950814,1847301.7610574341,1.847302
2026-06-23T12:22:07,ul,ue6,3950823,1821374.639938346,1.821375
2026-06-23T12:22:07,ul,ue7,3950832,1860265.4036414684,1.860265
2026-06-23T12:22:07,ul,ue8,3950841,1873228.7181275415,1.873229
2026-06-23T12:22:07,ul,ue9,3951588,1853783.500324961,1.853784
2026-06-23T12:22:07,ul,ue10,3951597,1827856.379205873,1.827856
2026-06-23T12:22:07,ul,ue11,3951606,1892674.0999791026,1.892674
2026-06-23T12:22:07,ul,ue12,3951615,1873228.7181275415,1.873229
2026-06-23T12:22:12,ul,cu_cp,3949832,538562.0466050059,0.538562
2026-06-23T12:22:12,ul,cu_up,3949840,698897.3035932183,0.698897
2026-06-23T12:22:12,ul,du1,3950023,5282841.566997886,5.282842
2026-06-23T12:22:12,ul,du2,3950773,5180062.503354371,5.180063
2026-06-23T12:22:12,ul,du3,3951527,5295175.0546351075,5.295175
2026-06-23T12:22:12,ul,ue1,3950064,2655809.852409035,2.655810
2026-06-23T12:22:12,ul,ue2,3950073,1681464.8228425384,1.681465
2026-06-23T12:22:12,ul,ue3,3950082,1640353.1973851323,1.640353
2026-06-23T12:22:12,ul,ue4,3950090,1636242.0348393917,1.636242
2026-06-23T12:22:12,ul,ue5,3950814,1891133.948083967,1.891134
2026-06-23T12:22:12,ul,ue6,3950823,1850022.322626561,1.850022
2026-06-23T12:22:12,ul,ue7,3950832,1891133.948083967,1.891134
2026-06-23T12:22:12,ul,ue8,3950841,1895245.1106297076,1.895245
2026-06-23T12:22:12,ul,ue9,3951588,1862355.8102637827,1.862356
2026-06-23T12:22:12,ul,ue10,3951597,1878800.4604467452,1.878800
2026-06-23T12:22:12,ul,ue11,3951606,1915800.9233584106,1.915801
2026-06-23T12:22:12,ul,ue12,3951615,1919912.0859041512,1.919912
2026-06-23T12:22:18,ul,cu_cp,3949832,544200.0610187554,0.544200
2026-06-23T12:22:18,ul,cu_up,3949840,695594.1315465755,0.695594
2026-06-23T12:22:18,ul,du1,3950023,5327432.124382718,5.327432
2026-06-23T12:22:18,ul,du2,3950773,5159671.373865569,5.159671
2026-06-23T12:22:18,ul,du3,3951527,5225138.751300802,5.225139
2026-06-23T12:22:18,ul,ue1,3950064,2643257.486196663,2.643257
2026-06-23T12:22:18,ul,ue2,3950073,1677609.148866284,1.677609
2026-06-23T12:22:18,ul,ue3,3950082,1599866.32996917,1.599866
2026-06-23T12:22:18,ul,ue4,3950090,1612141.4426920915,1.612141
2026-06-23T12:22:18,ul,ue5,3950814,1894470.8433835567,1.894471
2026-06-23T12:22:18,ul,ue6,3950823,1845370.0637529122,1.845370
2026-06-23T12:22:18,ul,ue7,3950832,1869920.4535682343,1.869920
2026-06-23T12:22:18,ul,ue8,3950841,1837186.7648506176,1.837187
2026-06-23T12:22:18,ul,ue9,3951588,1841278.414301765,1.841278
2026-06-23T12:22:18,ul,ue10,3951597,1824911.487758217,1.824911
2026-06-23T12:22:18,ul,ue11,3951606,1869920.4535682343,1.869920
2026-06-23T12:22:18,ul,ue12,3951615,1906746.1204759574,1.906746
2026-06-23T12:22:24,ul,cu_cp,3949832,546623.8752147278,0.546624
2026-06-23T12:22:24,ul,cu_up,3949840,687688.0786547279,0.687688
2026-06-23T12:22:24,ul,du1,3950023,5276683.753051393,5.276684
2026-06-23T12:22:24,ul,du2,3950773,4963697.243739197,4.963697
2026-06-23T12:22:24,ul,du3,3951527,5188518.1199256275,5.188518
2026-06-23T12:22:24,ul,ue1,3950064,2614096.417367358,2.614096
2026-06-23T12:22:24,ul,ue2,3950073,1661912.9112648333,1.661913
2026-06-23T12:22:24,ul,ue3,3950082,1604605.6258928466,1.604606
2026-06-23T12:22:24,ul,ue4,3950090,1591380.8299882985,1.591381
2026-06-23T12:22:24,ul,ue5,3950814,1864692.6244914054,1.864693
2026-06-23T12:22:24,ul,ue6,3950823,1816201.869722451,1.816202
2026-06-23T12:22:24,ul,ue7,3950832,1869100.8897929215,1.869101
2026-06-23T12:22:24,ul,ue8,3950841,1847059.7268330634,1.847060
2026-06-23T12:22:24,ul,ue9,3951588,1807385.3391194188,1.807385
2026-06-23T12:22:24,ul,ue10,3951597,1820610.1350239671,1.820610
2026-06-23T12:22:24,ul,ue11,3951606,1882325.6856974696,1.882326
2026-06-23T12:22:24,ul,ue12,3951615,1882325.6856974696,1.882326
2026-06-23T12:22:29,ul,cu_cp,3949832,541677.1927571583,0.541677
2026-06-23T12:22:29,ul,cu_up,3949840,683982.2367305983,0.683982
2026-06-23T12:22:29,ul,du1,3950023,5320372.224391479,5.320372
2026-06-23T12:22:29,ul,du2,3950773,4976085.836937075,4.976086
2026-06-23T12:22:29,ul,du3,3951527,5095437.94408679,5.095438
2026-06-23T12:22:29,ul,ue1,3950064,2579852.370391874,2.579852
2026-06-23T12:22:29,ul,ue2,3950073,1689298.3749684333,1.689298
2026-06-23T12:22:29,ul,ue3,3950082,1625031.578271475,1.625032
2026-06-23T12:22:29,ul,ue4,3950090,1625031.578271475,1.625032
2026-06-23T12:22:29,ul,ue5,3950814,1859146.3610896969,1.859146
2026-06-23T12:22:29,ul,ue6,3950823,1817831.9683623505,1.817832
2026-06-23T12:22:29,ul,ue7,3950832,1872917.7706804418,1.872918
2026-06-23T12:22:29,ul,ue8,3950841,1854555.7819227076,1.854556
2026-06-23T12:22:29,ul,ue9,3951588,1845374.7875438405,1.845375
2026-06-23T12:22:29,ul,ue10,3951597,1827012.9627412176,1.827013
2026-06-23T12:22:29,ul,ue11,3951606,1891279.7594381762,1.891280
2026-06-23T12:22:29,ul,ue12,3951615,1868327.355468564,1.868327
2026-06-23T12:22:35,ul,cu_cp,3949832,546717.5508497417,0.546718
2026-06-23T12:22:35,ul,cu_up,3949840,675357.0083815247,0.675357
2026-06-23T12:22:35,ul,du1,3950023,5306376.083968163,5.306376
2026-06-23T12:22:35,ul,du2,3950773,4961806.357643306,4.961806
2026-06-23T12:22:35,ul,du3,3951527,5136388.636898851,5.136389
2026-06-23T12:22:35,ul,ue1,3950064,2600354.2033552765,2.600354
2026-06-23T12:22:35,ul,ue2,3950073,1630964.137459445,1.630964
2026-06-23T12:22:35,ul,ue3,3950082,1630964.137459445,1.630964
2026-06-23T12:22:35,ul,ue4,3950090,1621775.622369665,1.621776
2026-06-23T12:22:35,ul,ue5,3950814,1865271.6827069402,1.865272
2026-06-23T12:22:35,ul,ue6,3950823,1842300.4770741104,1.842300
2026-06-23T12:22:35,ul,ue7,3950832,1837706.1374376,1.837706
2026-06-23T12:22:35,ul,ue8,3950841,1814734.767621529,1.814735
2026-06-23T12:22:35,ul,ue9,3951588,1856083.1676171601,1.856083
2026-06-23T12:22:35,ul,ue10,3951597,1823923.2827113091,1.823923
2026-06-23T12:22:35,ul,ue11,3951606,1897431.567612791,1.897432
2026-06-23T12:22:35,ul,ue12,3951615,1883648.8770697415,1.883649
2026-06-23T12:22:46,ul,cu_cp,3949832,551909.11514476,0.551909
2026-06-23T12:22:46,ul,cu_up,3949840,697696.4803851176,0.697696
2026-06-23T12:22:46,ul,du1,3950023,5383717.28945384,5.383717
2026-06-23T12:22:46,ul,du2,3950773,4925528.556066599,4.925529
2026-06-23T12:22:46,ul,du3,3951527,5175450.011214976,5.175450
2026-06-23T12:22:46,ul,ue1,3950064,2592931.531836493,2.592932
2026-06-23T12:22:46,ul,ue2,3950073,1666140.684757755,1.666141
2026-06-23T12:22:46,ul,ue3,3950082,1645314.0880723668,1.645314
2026-06-23T12:22:46,ul,ue4,3950090,1614073.9471596002,1.614074
2026-06-23T12:22:46,ul,ue5,3950814,1853581.5302343536,1.853582
2026-06-23T12:22:46,ul,ue6,3950823,1863995.0744617318,1.863995
2026-06-23T12:22:46,ul,ue7,3950832,1884821.67114712,1.884822
2026-06-23T12:22:46,ul,ue8,3950841,1853581.5302343536,1.853582
2026-06-23T12:22:46,ul,ue9,3951588,1853581.5302343536,1.853582
2026-06-23T12:22:46,ul,ue10,3951597,1853581.5302343536,1.853582
2026-06-23T12:22:46,ul,ue11,3951606,1916061.9759830094,1.916062
2026-06-23T12:22:46,ul,ue12,3951615,1895235.0514513755,1.895235
2026-06-23T12:22:51,ul,cu_cp,3949832,552402.628493011,0.552403
2026-06-23T12:22:51,ul,cu_up,3949840,674256.1012604088,0.674256
2026-06-23T12:22:51,ul,du1,3950023,5329060.400581062,5.329060
2026-06-23T12:22:51,ul,du2,3950773,4931005.6955474615,4.931006
2026-06-23T12:22:51,ul,du3,3951527,5109724.067619443,5.109724
2026-06-23T12:22:51,ul,ue1,3950064,2583294.6064324677,2.583295
2026-06-23T12:22:51,ul,ue2,3950073,1665331.3136963546,1.665331
2026-06-23T12:22:51,ul,ue3,3950082,1640960.701123178,1.640961
2026-06-23T12:22:51,ul,ue4,3950090,1592219.312016219,1.592219
2026-06-23T12:22:51,ul,ue5,3950814,1860297.034084797,1.860297
2026-06-23T12:22:51,ul,ue6,3950823,1835926.2575510144,1.835926
2026-06-23T12:22:51,ul,ue7,3950832,1900914.8310138285,1.900915
2026-06-23T12:22:51,ul,ue8,3950841,1909038.423191756,1.909038
2026-06-23T12:22:51,ul,ue9,3951588,1835926.2575510144,1.835926
2026-06-23T12:22:51,ul,ue10,3951597,1860297.034084797,1.860297
2026-06-23T12:22:51,ul,ue11,3951606,1852173.4419068694,1.852173
2026-06-23T12:22:51,ul,ue12,3951615,1884667.8106185794,1.884668
2026-06-23T12:22:57,ul,cu_cp,3949832,536302.0960804427,0.536302
2026-06-23T12:22:57,ul,cu_up,3949840,675343.3317931151,0.675343
2026-06-23T12:22:57,ul,du1,3950023,5257084.41519546,5.257084
2026-06-23T12:22:57,ul,du2,3950773,4906170.824195385,4.906171
2026-06-23T12:22:57,ul,du3,3951527,5045211.978137999,5.045212
2026-06-23T12:22:57,ul,ue1,3950064,2615300.364264271,2.615300
2026-06-23T12:22:57,ul,ue2,3950073,1622148.2133448457,1.622148
2026-06-23T12:22:57,ul,ue3,3950082,1602285.1212644218,1.602285
2026-06-23T12:22:57,ul,ue4,3950090,1582422.029183998,1.582422
2026-06-23T12:22:57,ul,ue5,3950814,1847262.6572758842,1.847263
2026-06-23T12:22:57,ul,ue6,3950823,1774431.5377011537,1.774432
2026-06-23T12:22:57,ul,ue7,3950832,1860504.6641494608,1.860505
2026-06-23T12:22:57,ul,ue8,3950841,1834020.6504023075,1.834021
2026-06-23T12:22:57,ul,ue9,3951588,1800915.7149884247,1.800916
2026-06-23T12:22:57,ul,ue10,3951597,1794294.6297815775,1.794295
2026-06-23T12:22:57,ul,ue11,3951606,1860504.6641494608,1.860505
2026-06-23T12:22:57,ul,ue12,3951615,1867125.749356308,1.867126
2026-06-23T12:23:02,ul,cu_cp,3949832,545620.2548310059,0.545620
2026-06-23T12:23:02,ul,cu_up,3949840,676897.378980369,0.676897
2026-06-23T12:23:02,ul,du1,3950023,5300311.44561058,5.300311
2026-06-23T12:23:02,ul,du2,3950773,4988528.419398193,4.988528
2026-06-23T12:23:02,ul,du3,3951527,5074679.026991129,5.074679
2026-06-23T12:23:02,ul,ue1,3950064,2629643.759368379,2.629644
2026-06-23T12:23:02,ul,ue2,3950073,1673782.5531316209,1.673783
2026-06-23T12:23:02,ul,ue3,3950082,1640963.3131349515,1.640963
2026-06-23T12:23:02,ul,ue4,3950090,1628656.0365751935,1.628656
2026-06-23T12:23:02,ul,ue5,3950814,1883005.4338340806,1.883005
2026-06-23T12:23:02,ul,ue6,3950823,1858391.0448772502,1.858391
2026-06-23T12:23:02,ul,ue7,3950832,1907619.986953597,1.907620
2026-06-23T12:23:02,ul,ue8,3950841,1866595.731754403,1.866596
2026-06-23T12:23:02,ul,ue9,3951588,1796854.8262411451,1.796855
2026-06-23T12:23:02,ul,ue10,3951597,1800957.2517610646,1.800957
2026-06-23T12:23:02,ul,ue11,3951606,1866595.731754403,1.866596
2026-06-23T12:23:02,ul,ue12,3951615,1903517.5614336776,1.903518
2026-06-23T12:23:08,ul,cu_cp,3949832,538022.4231551334,0.538022
2026-06-23T12:23:08,ul,cu_up,3949840,680679.8673813075,0.680680
2026-06-23T12:23:08,ul,du1,3950023,5262022.1489174245,5.262022
2026-06-23T12:23:08,ul,du2,3950773,4887037.06839776,4.887037
2026-06-23T12:23:08,ul,du3,3951527,5086757.186973786,5.086757
2026-06-23T12:23:08,ul,ue1,3950064,2539302.679392195,2.539303
2026-06-23T12:23:08,ul,ue2,3950073,1654826.5333883106,1.654827
2026-06-23T12:23:08,ul,ue3,3950082,1597763.5720946311,1.597764
2026-06-23T12:23:08,ul,ue4,3950090,1614067.228473425,1.614067
2026-06-23T12:23:08,ul,ue5,3950814,1858622.893994838,1.858623
2026-06-23T12:23:08,ul,ue6,3950823,1830091.3313640475,1.830091
2026-06-23T12:23:08,ul,ue7,3950832,1944217.417919308,1.944217
2026-06-23T12:23:08,ul,ue8,3950841,1887154.292657727,1.887154
2026-06-23T12:23:08,ul,ue9,3951588,1801559.9327011586,1.801560
2026-06-23T12:23:08,ul,ue10,3951597,1793407.9405438602,1.793408
2026-06-23T12:23:08,ul,ue11,3951606,1879002.4644683301,1.879002
2026-06-23T12:23:08,ul,ue12,3951615,1874926.5503736318,1.874927
2026-06-23T12:23:14,ul,cu_cp,3949832,537741.8733194241,0.537742
2026-06-23T12:23:14,ul,cu_up,3949840,689523.8844897884,0.689524
2026-06-23T12:23:14,ul,du1,3950023,5351398.9035345055,5.351399
2026-06-23T12:23:14,ul,du2,3950773,4982785.430236223,4.982785
2026-06-23T12:23:14,ul,du3,3951527,5190943.410491254,5.190943
2026-06-23T12:23:14,ul,ue1,3950064,2584630.171149963,2.584630
2026-06-23T12:23:14,ul,ue2,3950073,1617562.1761070383,1.617562
2026-06-23T12:23:14,ul,ue3,3950082,1626235.53478814,1.626236
2026-06-23T12:23:14,ul,ue4,3950090,1565522.6810432803,1.565523
2026-06-23T12:23:14,ul,ue5,3950814,1908116.2425539708,1.908116
2026-06-23T12:23:14,ul,ue6,3950823,1838730.3586394358,1.838730
2026-06-23T12:23:14,ul,ue7,3950832,1899443.0481285823,1.899443
2026-06-23T12:23:14,ul,ue8,3950841,1886433.1743626427,1.886433
2026-06-23T12:23:14,ul,ue9,3951588,1817047.1261923944,1.817047
2026-06-23T12:23:14,ul,ue10,3951597,1786690.6993199647,1.786691
2026-06-23T12:23:14,ul,ue11,3951606,1860413.2625750506,1.860413
2026-06-23T12:23:14,ul,ue12,3951615,1916789.4369793595,1.916789
2026-06-23T12:23:19,ul,cu_cp,3949832,549952.1984567761,0.549952
2026-06-23T12:23:19,ul,cu_up,3949840,670109.7899349451,0.670110
2026-06-23T12:23:19,ul,du1,3950023,5300799.2776117325,5.300799
2026-06-23T12:23:19,ul,du2,3950773,4949569.622025156,4.949570
2026-06-23T12:23:19,ul,du3,3951527,5055862.781360174,5.055863
2026-06-23T12:23:19,ul,ue1,3950064,2601874.7006052374,2.601875
2026-06-23T12:23:19,ul,ue2,3950073,1654477.9086655497,1.654478
2026-06-23T12:23:19,ul,ue3,3950082,1659099.3860466003,1.659099
2026-06-23T12:23:19,ul,ue4,3950090,1608263.4630267024,1.608263
2026-06-23T12:23:19,ul,ue5,3950814,1936386.2239655138,1.936386
2026-06-23T12:23:19,ul,ue6,3950823,1820850.1098683954,1.820850
2026-06-23T12:23:19,ul,ue7,3950832,1880928.8235645653,1.880929
2026-06-23T12:23:19,ul,ue8,3950841,1927143.2692034126,1.927143
2026-06-23T12:23:19,ul,ue9,3951588,1862443.078126192,1.862443
2026-06-23T12:23:19,ul,ue10,3951597,1839335.6912209392,1.839336
2026-06-23T12:23:19,ul,ue11,3951606,1853200.123364091,1.853200
2026-06-23T12:23:19,ul,ue12,3951615,1894793.0916218876,1.894793
2026-06-23T12:23:25,ul,cu_cp,3949832,551717.6869658891,0.551718
2026-06-23T12:23:25,ul,cu_up,3949840,681533.6060450703,0.681534
2026-06-23T12:23:25,ul,du1,3950023,5350270.423305354,5.350270
2026-06-23T12:23:25,ul,du2,3950773,5030367.080473854,5.030367
2026-06-23T12:23:25,ul,du3,3951527,5118456.120343456,5.118456
2026-06-23T12:23:25,ul,ue1,3950064,2605591.085454074,2.605591
2026-06-23T12:23:25,ul,ue2,3950073,1673698.0157411576,1.673698
2026-06-23T12:23:25,ul,ue3,3950082,1627335.3198387444,1.627335
2026-06-23T12:23:25,ul,ue4,3950090,1618062.7806582619,1.618063
2026-06-23T12:23:25,ul,ue5,3950814,1933329.9362445034,1.933330
2026-06-23T12:23:25,ul,ue6,3950823,1868421.9972911584,1.868422
2026-06-23T12:23:25,ul,ue7,3950832,1914784.8578835381,1.914785
2026-06-23T12:23:25,ul,ue8,3950841,1919421.2098187625,1.919421
2026-06-23T12:23:25,ul,ue9,3951588,1868421.9972911584,1.868422
2026-06-23T12:23:25,ul,ue10,3951597,1859149.458110676,1.859149
2026-06-23T12:23:25,ul,ue11,3951606,1882330.723716899,1.882331
2026-06-23T12:23:25,ul,ue12,3951615,1896239.6148326064,1.896240
2026-06-23T12:23:30,ul,cu_cp,3949832,538858.9797091413,0.538859
2026-06-23T12:23:30,ul,cu_up,3949840,686239.2039906511,0.686239
2026-06-23T12:23:30,ul,du1,3950023,5282660.55759464,5.282661
2026-06-23T12:23:30,ul,du2,3950773,4941843.51407356,4.941844
2026-06-23T12:23:30,ul,du3,3951527,5047772.753570332,5.047773
2026-06-23T12:23:30,ul,ue1,3950064,2652844.119271315,2.652844
2026-06-23T12:23:30,ul,ue2,3950073,1681055.7281663597,1.681056
2026-06-23T12:23:30,ul,ue3,3950082,1630393.8107494616,1.630394
2026-06-23T12:23:30,ul,ue4,3950090,1607365.6365766395,1.607366
2026-06-23T12:23:30,ul,ue5,3950814,1952788.0847606957,1.952788
2026-06-23T12:23:30,ul,ue6,3950823,1819224.773203293,1.819225
2026-06-23T12:23:30,ul,ue7,3950832,1934365.6440674043,1.934366
2026-06-23T12:23:30,ul,ue8,3950841,1911337.469894582,1.911337
2026-06-23T12:23:30,ul,ue9,3951588,1837647.3783048617,1.837647
2026-06-23T12:23:30,ul,ue10,3951597,1851464.0855186223,1.851464
2026-06-23T12:23:30,ul,ue11,3951606,1902126.1673437976,1.902126
2026-06-23T12:23:30,ul,ue12,3951615,1874492.424099722,1.874492
2026-06-23T12:23:36,ul,cu_cp,3949832,538466.0359927386,0.538466
2026-06-23T12:23:36,ul,cu_up,3949840,677724.4525285721,0.677724
2026-06-23T12:23:36,ul,du1,3950023,5328956.730602682,5.328957
2026-06-23T12:23:36,ul,du2,3950773,4976168.555958724,4.976169
2026-06-23T12:23:36,ul,du3,3951527,4994736.924982238,4.994737
2026-06-23T12:23:36,ul,ue1,3950064,2618058.9204883934,2.618059
2026-06-23T12:23:36,ul,ue2,3950073,1661817.4706941724,1.661817
2026-06-23T12:23:36,ul,ue3,3950082,1633965.902322793,1.633966
2026-06-23T12:23:36,ul,ue4,3950090,1606114.1697574318,1.606114
2026-06-23T12:23:36,ul,ue5,3950814,1968186.2005251825,1.968186
2026-06-23T12:23:36,ul,ue6,3950823,1828927.701892358,1.828928
2026-06-23T12:23:36,ul,ue7,3950832,1903198.8792706667,1.903199
2026-06-23T12:23:36,ul,ue8,3950841,1875347.1467053057,1.875347
2026-06-23T12:23:36,ul,ue9,3951588,1838211.5580161512,1.838212
2026-06-23T12:23:36,ul,ue10,3951597,1819643.681574583,1.819644
2026-06-23T12:23:36,ul,ue11,3951606,1893915.0231468738,1.893915
2026-06-23T12:23:36,ul,ue12,3951615,1875347.1467053057,1.875347
2026-06-23T12:23:41,ul,cu_cp,3949832,532316.7621880069,0.532317
2026-06-23T12:23:41,ul,cu_up,3949840,665395.9425427625,0.665396
2026-06-23T12:23:41,ul,du1,3950023,5219661.2846829295,5.219661
2026-06-23T12:23:41,ul,du2,3950773,4923930.243891742,4.923930
2026-06-23T12:23:41,ul,du3,3951527,5005256.214878943,5.005256
2026-06-23T12:23:41,ul,ue1,3950064,2654190.559381646,2.654191
2026-06-23T12:23:41,ul,ue2,3950073,1648703.2920866513,1.648703
2026-06-23T12:23:41,ul,ue3,3950082,1596950.3273330056,1.596950
2026-06-23T12:23:41,ul,ue4,3950090,1589556.9534676624,1.589557
2026-06-23T12:23:41,ul,ue5,3950814,1937041.4482403134,1.937041
2026-06-23T12:23:41,ul,ue6,3950823,1826142.1448676789,1.826142
2026-06-23T12:23:41,ul,ue7,3950832,1855715.3141771734,1.855715
2026-06-23T12:23:41,ul,ue8,3950841,1840928.7295224261,1.840929
2026-06-23T12:23:41,ul,ue9,3951588,1818748.934078275,1.818749
2026-06-23T12:23:41,ul,ue10,3951597,1818748.934078275,1.818749
2026-06-23T12:23:41,ul,ue11,3951606,1855715.3141771734,1.855715
2026-06-23T12:23:41,ul,ue12,3951615,1885288.483486668,1.885288
2026-06-23T12:23:47,ul,cu_cp,3949832,538486.0065723419,0.538486
2026-06-23T12:23:47,ul,cu_up,3949840,674135.190840149,0.674135
2026-06-23T12:23:47,ul,du1,3950023,5339643.87605896,5.339644
2026-06-23T12:23:47,ul,du2,3950773,4998465.837268067,4.998466
2026-06-23T12:23:47,ul,du3,3951527,4990244.130160523,4.990244
2026-06-23T12:23:47,ul,ue1,3950064,2643103.112698364,2.643103
2026-06-23T12:23:47,ul,ue2,3950073,1660674.4144729613,1.660674
2026-06-23T12:23:47,ul,ue3,3950082,1627789.7189941406,1.627790
2026-06-23T12:23:47,ul,ue4,3950090,1611347.4532913207,1.611347
2026-06-23T12:23:47,ul,ue5,3950814,1899088.1695663452,1.899088
2026-06-23T12:23:47,ul,ue6,3950823,1853871.7337921143,1.853872
2026-06-23T12:23:47,ul,ue7,3950832,1890866.9546783448,1.890867
2026-06-23T12:23:47,ul,ue8,3950841,1845650.5189041137,1.845651
2026-06-23T12:23:47,ul,ue9,3951588,1816876.5129058838,1.816877
2026-06-23T12:23:47,ul,ue10,3951597,1812765.823425293,1.812766
2026-06-23T12:23:47,ul,ue11,3951606,1841539.9934967041,1.841540
2026-06-23T12:23:47,ul,ue12,3951615,1899088.1695663452,1.899088
2026-06-23T12:23:53,ul,cu_cp,3949832,547417.3804289926,0.547417
2026-06-23T12:23:53,ul,cu_up,3949840,669973.5256829399,0.669974
2026-06-23T12:23:53,ul,du1,3950023,5327106.512031555,5.327107
2026-06-23T12:23:53,ul,du2,3950773,4930841.594516745,4.930842
2026-06-23T12:23:53,ul,du3,3951527,4992120.056863961,4.992120
2026-06-23T12:23:53,ul,ue1,3950064,2610445.6272583865,2.610446
2026-06-23T12:23:53,ul,ue2,3950073,1646337.4760355235,1.646337
2026-06-23T12:23:53,ul,ue3,3950082,1617740.8712130047,1.617741
2026-06-23T12:23:53,ul,ue4,3950090,1593229.6831853986,1.593230
2026-06-23T12:23:53,ul,ue5,3950814,1858767.9910650873,1.858768
2026-06-23T12:23:53,ul,ue6,3950823,1830171.5503353023,1.830172
2026-06-23T12:23:53,ul,ue7,3950832,1891449.6844970512,1.891450
2026-06-23T12:23:53,ul,ue8,3950841,1801575.1096055175,1.801575
2026-06-23T12:23:53,ul,ue9,3951588,1826086.2976331234,1.826086
2026-06-23T12:23:53,ul,ue10,3951597,1789319.5155917143,1.789320
2026-06-23T12:23:53,ul,ue11,3951606,1879193.9263905145,1.879194
2026-06-23T12:23:53,ul,ue12,3951615,1895534.7731064963,1.895535
2026-06-23T12:23:58,ul,cu_cp,3949832,538200.361737552,0.538200
2026-06-23T12:23:58,ul,cu_up,3949840,669669.1645989919,0.669669
2026-06-23T12:23:58,ul,du1,3950023,5328594.427746091,5.328594
2026-06-23T12:23:58,ul,du2,3950773,4897212.404261065,4.897212
2026-06-23T12:23:58,ul,du3,3951527,5004030.947545252,5.004031
2026-06-23T12:23:58,ul,ue1,3950064,2707435.3834164822,2.707435
2026-06-23T12:23:58,ul,ue2,3950073,1676227.1647222769,1.676227
2026-06-23T12:23:58,ul,ue3,3950082,1639251.5908279025,1.639252
2026-06-23T12:23:58,ul,ue4,3950090,1602275.8529081987,1.602276
2026-06-23T12:23:58,ul,ue5,3950814,1877538.731941868,1.877539
2026-06-23T12:23:58,ul,ue6,3950823,1778937.0375315405,1.778937
2026-06-23T12:23:58,ul,ue7,3950832,1877538.731941868,1.877539
2026-06-23T12:23:58,ul,ue8,3950841,1832346.309173634,1.832346
2026-06-23T12:23:58,ul,ue9,3951588,1820021.1178755092,1.820021
2026-06-23T12:23:58,ul,ue10,3951597,1811804.2690016497,1.811804
2026-06-23T12:23:58,ul,ue11,3951606,1828237.966749369,1.828238
2026-06-23T12:23:58,ul,ue12,3951615,1861105.0341941488,1.861105
2026-06-23T12:24:04,ul,cu_cp,3949832,539333.043042925,0.539333
2026-06-23T12:24:04,ul,cu_up,3949840,676451.6007594824,0.676452
2026-06-23T12:24:04,ul,du1,3950023,5388759.486899853,5.388759
2026-06-23T12:24:04,ul,du2,3950773,4954550.700231671,4.954551
2026-06-23T12:24:04,ul,du3,3951527,5114522.618255734,5.114523
2026-06-23T12:24:04,ul,ue1,3950064,2614393.9489638926,2.614394
2026-06-23T12:24:04,ul,ue2,3950073,1654564.0860794901,1.654564
2026-06-23T12:24:04,ul,ue3,3950082,1640852.1603842855,1.640852
2026-06-23T12:24:04,ul,ue4,3950090,1617999.0057342767,1.617999
2026-06-23T12:24:04,ul,ue5,3950814,1887665.6712159873,1.887666
2026-06-23T12:24:04,ul,ue6,3950823,1819106.3717919588,1.819106
2026-06-23T12:24:04,ul,ue7,3950832,1910518.6613399982,1.910519
2026-06-23T12:24:04,ul,ue8,3950841,1837388.8297015666,1.837389
2026-06-23T12:24:04,ul,ue9,3951588,1860241.8198255778,1.860242
2026-06-23T12:24:04,ul,ue10,3951597,1837388.8297015666,1.837389
2026-06-23T12:24:04,ul,ue11,3951606,1869383.2133063793,1.869383
2026-06-23T12:24:04,ul,ue12,3951615,1896806.9001707912,1.896807
2026-06-23T12:24:09,ul,cu_cp,3949832,524519.7372207865,0.524520
2026-06-23T12:24:09,ul,cu_up,3949840,662551.2816189694,0.662551
2026-06-23T12:24:09,ul,du1,3950023,5341819.482050535,5.341819
2026-06-23T12:24:09,ul,du2,3950773,4978336.936995421,4.978337
2026-06-23T12:24:09,ul,du3,3951527,5079559.716168509,5.079560
2026-06-23T12:24:09,ul,ue1,3950064,2641002.965988114,2.641003
2026-06-23T12:24:09,ul,ue2,3950073,1642574.9633157777,1.642575
2026-06-23T12:24:09,ul,ue3,3950082,1637974.0474372816,1.637974
2026-06-23T12:24:09,ul,ue4,3950090,1628771.8869495178,1.628772
2026-06-23T12:24:09,ul,ue5,3950814,1904834.8935631907,1.904835
2026-06-23T12:24:09,ul,ue6,3950823,1799010.705415449,1.799011
2026-06-23T12:24:09,ul,ue7,3950832,1886430.5725876628,1.886431
2026-06-23T12:24:09,ul,ue8,3950841,1849622.259367379,1.849622
2026-06-23T12:24:09,ul,ue9,3951588,1799010.705415449,1.799011
2026-06-23T12:24:09,ul,ue10,3951597,1799010.705415449,1.799011
2026-06-23T12:24:09,ul,ue11,3951606,1872627.496221403,1.872627
2026-06-23T12:24:09,ul,ue12,3951615,1918637.9699294507,1.918638
2026-06-23T12:24:15,ul,cu_cp,3949832,535001.6867961079,0.535002
2026-06-23T12:24:15,ul,cu_up,3949840,673364.1990821362,0.673364
2026-06-23T12:24:15,ul,du1,3950023,5331568.4234834695,5.331568
2026-06-23T12:24:15,ul,du2,3950773,4985662.1838332005,4.985662
2026-06-23T12:24:15,ul,du3,3951527,4971825.9736694,4.971826
2026-06-23T12:24:15,ul,ue1,3950064,2642724.025727942,2.642724
2026-06-23T12:24:15,ul,ue2,3950073,1651126.0073231386,1.651126
2026-06-23T12:24:15,ul,ue3,3950082,1628065.492790929,1.628065
2026-06-23T12:24:15,ul,ue4,3950090,1581944.6279857182,1.581945
2026-06-23T12:24:15,ul,ue5,3950814,1914014.8217313946,1.914015
2026-06-23T12:24:15,ul,ue6,3950823,1830997.2322301734,1.830997
2026-06-23T12:24:15,ul,ue7,3950832,1886342.2371445848,1.886342
2026-06-23T12:24:15,ul,ue8,3950841,1854057.5825031744,1.854058
2026-06-23T12:24:15,ul,ue9,3951588,1812548.9520117724,1.812549
2026-06-23T12:24:15,ul,ue10,3951597,1807936.8819571722,1.807937
2026-06-23T12:24:15,ul,ue11,3951606,1877118.0970353843,1.877118
2026-06-23T12:24:15,ul,ue12,3951615,1918626.7275267863,1.918627
2026-06-23T12:24:20,ul,cu_cp,3949832,541068.1659408659,0.541068
2026-06-23T12:24:20,ul,cu_up,3949840,678987.5297065794,0.678988
2026-06-23T12:24:20,ul,du1,3950023,5272762.746908283,5.272763
2026-06-23T12:24:20,ul,du2,3950773,5049969.931673217,5.049970
2026-06-23T12:24:20,ul,du3,3951527,5081797.429822087,5.081797
2026-06-23T12:24:20,ul,ue1,3950064,2588639.962134349,2.588640
2026-06-23T12:24:20,ul,ue2,3950073,1655032.0369955897,1.655032
2026-06-23T12:24:20,ul,ue3,3950082,1665641.2030452131,1.665641
2026-06-23T12:24:20,ul,ue4,3950090,1591376.8766013621,1.591377
2026-06-23T12:24:20,ul,ue5,3950814,1888434.0182802796,1.888434
2026-06-23T12:24:20,ul,ue6,3950823,1877824.8522306562,1.877825
2026-06-23T12:24:20,ul,ue7,3950832,1909652.3503795266,1.909652
2026-06-23T12:24:20,ul,ue8,3950841,1824779.0219825387,1.824779
2026-06-23T12:24:20,ul,ue9,3951588,1824779.0219825387,1.824779
2026-06-23T12:24:20,ul,ue10,3951597,1782342.1936875582,1.782342
2026-06-23T12:24:20,ul,ue11,3951606,1888434.0182802796,1.888434
2026-06-23T12:24:20,ul,ue12,3951615,1941479.848528397,1.941480
2026-06-23T12:24:26,ul,cu_cp,3949832,529173.7032946217,0.529174
2026-06-23T12:24:26,ul,cu_up,3949840,675714.0887817412,0.675714
2026-06-23T12:24:26,ul,du1,3950023,5348725.118160138,5.348725
2026-06-23T12:24:26,ul,du2,3950773,4957950.4281144,4.957950
2026-06-23T12:24:26,ul,du3,3951527,5080067.68312707,5.080068
2026-06-23T12:24:26,ul,ue1,3950064,2580739.2644876717,2.580739
2026-06-23T12:24:26,ul,ue2,3950073,1652650.1974959255,1.652650
2026-06-23T12:24:26,ul,ue3,3950082,1611944.4458250357,1.611944
2026-06-23T12:24:26,ul,ue4,3950090,1595662.2766553806,1.595662
2026-06-23T12:24:26,ul,ue5,3950814,1937589.8016986488,1.937590
2026-06-23T12:24:26,ul,ue6,3950823,1872460.796273277,1.872461
2026-06-23T12:24:26,ul,ue7,3950832,1880601.8808581042,1.880602
2026-06-23T12:24:26,ul,ue8,3950841,1823613.9600175596,1.823614
2026-06-23T12:24:26,ul,ue9,3951588,1831755.044602387,1.831755
2026-06-23T12:24:26,ul,ue10,3951597,1831755.044602387,1.831755
2026-06-23T12:24:26,ul,ue11,3951606,1888743.129816308,1.888743
2026-06-23T12:24:26,ul,ue12,3951615,1905025.2989859628,1.905025
2026-06-23T12:24:32,ul,cu_cp,3949832,542236.8737706405,0.542237
2026-06-23T12:24:32,ul,cu_up,3949840,669428.2382094281,0.669428
2026-06-23T12:24:32,ul,du1,3950023,5295177.373267617,5.295177
2026-06-23T12:24:32,ul,du2,3950773,4967157.841137354,4.967158
2026-06-23T12:24:32,ul,du3,3951527,5027406.045143699,5.027406
2026-06-23T12:24:32,ul,ue1,3950064,2671018.6532145417,2.671019
2026-06-23T12:24:32,ul,ue2,3950073,1640099.3026586294,1.640099
2026-06-23T12:24:32,ul,ue3,3950082,1640099.3026586294,1.640099
2026-06-23T12:24:32,ul,ue4,3950090,1599933.5049196028,1.599934
2026-06-23T12:24:32,ul,ue5,3950814,2014979.0963518214,2.014979
2026-06-23T12:24:32,ul,ue6,3950823,1787373.401766199,1.787373
2026-06-23T12:24:32,ul,ue7,3950832,1887787.7319130336,1.887788
2026-06-23T12:24:32,ul,ue8,3950841,1934647.6650744998,1.934648
2026-06-23T12:24:32,ul,ue9,3951588,1840927.6345508362,1.840928
2026-06-23T12:24:32,ul,ue10,3951597,1807456.3006357122,1.807456
2026-06-23T12:24:32,ul,ue11,3951606,1887787.7319130336,1.887788
2026-06-23T12:24:32,ul,ue12,3951615,1887787.7319130336,1.887788
2026-06-23T12:24:37,ul,cu_cp,3949832,555327.6819387102,0.555328
2026-06-23T12:24:37,ul,cu_up,3949840,666393.1935440325,0.666393
2026-06-23T12:24:37,ul,du1,3950023,5351713.3045266345,5.351713
2026-06-23T12:24:37,ul,du2,3950773,5002063.101723595,5.002063
2026-06-23T12:24:37,ul,du3,3951527,5088447.347223702,5.088447
2026-06-23T12:24:37,ul,ue1,3950064,2616210.3245737646,2.616210
2026-06-23T12:24:37,ul,ue2,3950073,1628961.1673103238,1.628961
2026-06-23T12:24:37,ul,ue3,3950082,1645415.3722498226,1.645415
2026-06-23T12:24:37,ul,ue4,3950090,1612507.1275869561,1.612507
2026-06-23T12:24:37,ul,ue5,3950814,1937476.518629141,1.937477
2026-06-23T12:24:37,ul,ue6,3950823,1867546.478068533,1.867546
2026-06-23T12:24:37,ul,ue7,3950832,1941590.2350801467,1.941590
2026-06-23T12:24:37,ul,ue8,3950841,1875773.4153221513,1.875773
2026-06-23T12:24:37,ul,ue9,3951588,1826410.9657197858,1.826411
2026-06-23T12:24:37,ul,ue10,3951597,1842865.3358754157,1.842865
2026-06-23T12:24:37,ul,ue11,3951606,1921022.4789057733,1.921022
2026-06-23T12:24:37,ul,ue12,3951615,1941590.2350801467,1.941590
2026-06-23T12:24:43,ul,cu_cp,3949832,542597.1899366463,0.542597
2026-06-23T12:24:43,ul,cu_up,3949840,670025.2947987717,0.670025
2026-06-23T12:24:43,ul,du1,3950023,5360202.358390174,5.360202
2026-06-23T12:24:43,ul,du2,3950773,4982028.526910119,4.982029
2026-06-23T12:24:43,ul,du3,3951527,5023134.263610907,5.023134
2026-06-23T12:24:43,ul,ue1,3950064,2647216.491037631,2.647216
2026-06-23T12:24:43,ul,ue2,3950073,1673007.9954437686,1.673008
2026-06-23T12:24:43,ul,ue3,3950082,1603128.0125265026,1.603128
2026-06-23T12:24:43,ul,ue4,3950090,1611349.2257312108,1.611349
2026-06-23T12:24:43,ul,ue5,3950814,1903200.6478845836,1.903201
2026-06-23T12:24:43,ul,ue6,3950823,1853873.697979088,1.853874
2026-06-23T12:24:43,ul,ue7,3950832,1894979.4346798754,1.894979
2026-06-23T12:24:43,ul,ue8,3950841,1849763.0913767337,1.849763
2026-06-23T12:24:43,ul,ue9,3951588,1841541.8781720258,1.841542
2026-06-23T12:24:43,ul,ue10,3951597,1804546.748073592,1.804547
2026-06-23T12:24:43,ul,ue11,3951606,1894979.4346798754,1.894979
2026-06-23T12:24:43,ul,ue12,3951615,1907311.2544869375,1.907311
2026-06-23T12:24:49,ul,cu_cp,3949832,544136.0487059292,0.544136
2026-06-23T12:24:49,ul,cu_up,3949840,674728.655870971,0.674729
2026-06-23T12:24:49,ul,du1,3950023,5345592.583383517,5.345593
2026-06-23T12:24:49,ul,du2,3950773,5010404.467029238,5.010404
2026-06-23T12:24:49,ul,du3,3951527,5097466.452496938,5.097466
2026-06-23T12:24:49,ul,ue1,3950064,2668443.1264563273,2.668443
2026-06-23T12:24:49,ul,ue2,3950073,1675938.932720244,1.675939
2026-06-23T12:24:49,ul,ue3,3950082,1619348.7740903306,1.619349
2026-06-23T12:24:49,ul,ue4,3950090,1645467.2707875716,1.645467
2026-06-23T12:24:49,ul,ue5,3950814,1963242.8911052418,1.963243
2026-06-23T12:24:49,ul,ue6,3950823,1854415.574175731,1.854416
2026-06-23T12:24:49,ul,ue7,3950832,1954536.5606343793,1.954537
2026-06-23T12:24:49,ul,ue8,3950841,1858768.7394111622,1.858769
2026-06-23T12:24:49,ul,ue9,3951588,1854415.574175731,1.854416
2026-06-23T12:24:49,ul,ue10,3951597,1863121.7397414779,1.863122
2026-06-23T12:24:49,ul,ue11,3951606,1902299.5672398973,1.902300
2026-06-23T12:24:49,ul,ue12,3951615,1902299.5672398973,1.902300
2026-06-23T12:24:54,ul,cu_cp,3949832,541007.4742352307,0.541007
2026-06-23T12:24:54,ul,cu_up,3949840,679727.3563725937,0.679727
2026-06-23T12:24:54,ul,du1,3950023,5373082.68013999,5.373083
2026-06-23T12:24:54,ul,du2,3950773,4975419.188772469,4.975419
2026-06-23T12:24:54,ul,du3,3951527,5058650.936278553,5.058651
2026-06-23T12:24:54,ul,ue1,3950064,2575565.5665610745,2.575566
2026-06-23T12:24:54,ul,ue2,3950073,1692382.2811487676,1.692382
2026-06-23T12:24:54,ul,ue3,3950082,1627646.4408104324,1.627646
2026-06-23T12:24:54,ul,ue4,3950090,1623022.381392889,1.623022
2026-06-23T12:24:54,ul,ue5,3950814,1895838.2515012836,1.895838
2026-06-23T12:24:54,ul,ue6,3950823,1858846.2719145727,1.858846
2026-06-23T12:24:54,ul,ue7,3950832,1965198.151257162,1.965198
2026-06-23T12:24:54,ul,ue8,3950841,1868094.2254984474,1.868094
2026-06-23T12:24:54,ul,ue9,3951588,1835726.30532928,1.835726
2026-06-23T12:24:54,ul,ue10,3951597,1858846.2719145727,1.858846
2026-06-23T12:24:54,ul,ue11,3951606,1905086.2050851583,1.905086
2026-06-23T12:24:54,ul,ue12,3951615,1905086.2050851583,1.905086
2026-06-23T12:25:00,ul,cu_cp,3949832,544776.2620637891,0.544776
2026-06-23T12:25:00,ul,cu_up,3949840,664811.667692796,0.664812
2026-06-23T12:25:00,ul,du1,3950023,5350810.846920087,5.350811
2026-06-23T12:25:00,ul,du2,3950773,5046105.43735961,5.046105
2026-06-23T12:25:00,ul,du3,3951527,5004554.924666622,5.004555
2026-06-23T12:25:00,ul,ue1,3950064,2585378.652700477,2.585379
2026-06-23T12:25:00,ul,ue2,3950073,1680496.2562402617,1.680496
2026-06-23T12:25:00,ul,ue3,3950082,1597394.735910716,1.597395
2026-06-23T12:25:00,ul,ue4,3950090,1615861.7404283928,1.615862
2026-06-23T12:25:00,ul,ue5,3950814,1897483.4768323696,1.897483
2026-06-23T12:25:00,ul,ue6,3950823,1855932.6341770017,1.855933
2026-06-23T12:25:00,ul,ue7,3950832,1939034.1545065474,1.939034
2026-06-23T12:25:00,ul,ue8,3950841,1837465.629659325,1.837466
2026-06-23T12:25:00,ul,ue9,3951588,1818998.625141648,1.818999
2026-06-23T12:25:00,ul,ue10,3951597,1846699.1319181633,1.846699
2026-06-23T12:25:00,ul,ue11,3951606,1879016.4723146928,1.879016
2026-06-23T12:25:00,ul,ue12,3951615,1934417.3208865332,1.934417
2026-06-23T12:25:05,ul,cu_cp,3949832,543987.4989982081,0.543987
2026-06-23T12:25:05,ul,cu_up,3949840,677679.341972344,0.677679
2026-06-23T12:25:05,ul,du1,3950023,5343063.820596571,5.343064
2026-06-23T12:25:05,ul,du2,3950773,5001919.117834982,5.001919
2026-06-23T12:25:05,ul,du3,3951527,5066459.677182699,5.066460
2026-06-23T12:25:05,ul,ue1,3950064,2600075.677487433,2.600076
2026-06-23T12:25:05,ul,ue2,3950073,1687283.2596046114,1.687283
2026-06-23T12:25:05,ul,ue3,3950082,1659622.8782996177,1.659623
2026-06-23T12:25:05,ul,ue4,3950090,1636572.5605454564,1.636573
2026-06-23T12:25:05,ul,ue5,3950814,1927006.5642478894,1.927007
2026-06-23T12:25:05,ul,ue6,3950823,1816365.039027915,1.816365
2026-06-23T12:25:05,ul,ue7,3950832,1963887.0726545476,1.963887
2026-06-23T12:25:05,ul,ue8,3950841,1871685.8016379022,1.871686
2026-06-23T12:25:05,ul,ue9,3951588,1834805.2932312442,1.834805
2026-06-23T12:25:05,ul,ue10,3951597,1862465.6745362377,1.862466
2026-06-23T12:25:05,ul,ue11,3951606,1899346.182942896,1.899346
2026-06-23T12:25:05,ul,ue12,3951615,1922396.5006970572,1.922397
2026-06-23T12:25:11,ul,cu_cp,3949832,537635.5278541436,0.537636
2026-06-23T12:25:11,ul,cu_up,3949840,667409.6378844451,0.667410
2026-06-23T12:25:11,ul,du1,3950023,5330007.414571669,5.330007
2026-06-23T12:25:11,ul,du2,3950773,5070459.11186111,5.070459
2026-06-23T12:25:11,ul,du3,3951527,5033380.688445365,5.033381
2026-06-23T12:25:11,ul,ue1,3950064,2604751.3932101848,2.604751
2026-06-23T12:25:11,ul,ue2,3950073,1687063.1411190724,1.687063
2026-06-23T12:25:11,ul,ue3,3950082,1705602.3528269446,1.705602
2026-06-23T12:25:11,ul,ue4,3950090,1649984.883003241,1.649985
2026-06-23T12:25:11,ul,ue5,3950814,1900263.4972099077,1.900263
2026-06-23T12:25:11,ul,ue6,3950823,1881724.2855020356,1.881724
2026-06-23T12:25:11,ul,ue7,3950832,1955880.9670336116,1.955881
2026-06-23T12:25:11,ul,ue8,3950841,1853915.5505901838,1.853916
2026-06-23T12:25:11,ul,ue9,3951588,1900263.4972099077,1.900263
2026-06-23T12:25:11,ul,ue10,3951597,1863185.2390940762,1.863185
2026-06-23T12:25:11,ul,ue11,3951606,1946611.443829632,1.946611
2026-06-23T12:25:11,ul,ue12,3951615,1890993.974005928,1.890994
2026-06-23T12:25:16,ul,cu_cp,3949832,551378.5038430989,0.551379
2026-06-23T12:25:16,ul,cu_up,3949840,676357.5983321071,0.676358
2026-06-23T12:25:16,ul,du1,3950023,5447619.270957828,5.447619
2026-06-23T12:25:16,ul,du2,3950773,5021220.192091346,5.021220
2026-06-23T12:25:16,ul,du3,3951527,5072682.070112705,5.072682
2026-06-23T12:25:16,ul,ue1,3950064,2624561.727866292,2.624562
2026-06-23T12:25:16,ul,ue2,3950073,1646783.7320472002,1.646784
2026-06-23T12:25:16,ul,ue3,3950082,1632080.3383268118,1.632080
2026-06-23T12:25:16,ul,ue4,3950090,1646783.7320472002,1.646784
2026-06-23T12:25:16,ul,ue5,3950814,1948203.9642903805,1.948204
2026-06-23T12:25:16,ul,ue6,3950823,1859983.4367242455,1.859983
2026-06-23T12:25:16,ul,ue7,3950832,1977610.9169749618,1.977611
2026-06-23T12:25:16,ul,ue8,3950841,1896741.9210252166,1.896742
2026-06-23T12:25:16,ul,ue9,3951588,1874686.830444634,1.874687
2026-06-23T12:25:16,ul,ue10,3951597,1867335.1335844398,1.867335
2026-06-23T12:25:16,ul,ue11,3951606,1911445.4799894094,1.911445
2026-06-23T12:25:16,ul,ue12,3951615,1911445.4799894094,1.911445
2026-06-23T12:25:22,ul,cu_cp,3949832,549081.3215259367,0.549081
2026-06-23T12:25:22,ul,cu_up,3949840,677062.7660614741,0.677063
2026-06-23T12:25:22,ul,du1,3950023,5362832.059951449,5.362832
2026-06-23T12:25:22,ul,du2,3950773,5003658.2951918505,5.003658
2026-06-23T12:25:22,ul,du3,3951527,5057328.3637321945,5.057328
2026-06-23T12:25:22,ul,ue1,3950064,2629810.716086156,2.629811
2026-06-23T12:25:22,ul,ue2,3950073,1680271.4861163688,1.680271
2026-06-23T12:25:22,ul,ue3,3950082,1684400.0037803722,1.684400
2026-06-23T12:25:22,ul,ue4,3950090,1626601.9133947992,1.626602
2026-06-23T12:25:22,ul,ue5,3950814,1927977.4224958993,1.927977
2026-06-23T12:25:22,ul,ue6,3950823,1866050.8144463229,1.866051
2026-06-23T12:25:22,ul,ue7,3950832,1969261.7727713084,1.969262
2026-06-23T12:25:22,ul,ue8,3950841,1903206.8123306537,1.903207
2026-06-23T12:25:22,ul,ue9,3951588,1866050.8144463229,1.866051
2026-06-23T12:25:22,ul,ue10,3951597,1857794.1096641659,1.857794
2026-06-23T12:25:22,ul,ue11,3951606,1903206.8123306537,1.903207
2026-06-23T12:25:22,ul,ue12,3951615,1911463.6823857354,1.911464
2026-06-23T12:25:28,ul,cu_cp,3949832,558743.5958967388,0.558744
2026-06-23T12:25:28,ul,cu_up,3949840,681995.8050045699,0.681996
2026-06-23T12:25:28,ul,du1,3950023,5340931.292810488,5.340931
2026-06-23T12:25:28,ul,du2,3950773,5004041.631984306,5.004042
2026-06-23T12:25:28,ul,du3,3951527,5077992.916125464,5.077993
2026-06-23T12:25:28,ul,ue1,3950064,2641706.776951647,2.641707
2026-06-23T12:25:28,ul,ue2,3950073,1668013.767131996,1.668014
2026-06-23T12:25:28,ul,ue3,3950082,1680339.0913516283,1.680339
2026-06-23T12:25:28,ul,ue4,3950090,1635146.6766640663,1.635147
2026-06-23T12:25:28,ul,ue5,3950814,1922735.2059058785,1.922735
2026-06-23T12:25:28,ul,ue6,3950823,1848783.9217647195,1.848784
2026-06-23T12:25:28,ul,ue7,3950832,1976144.5585045815,1.976145
2026-06-23T12:25:28,ul,ue8,3950841,1881651.1775268079,1.881651
2026-06-23T12:25:28,ul,ue9,3951588,1852892.3080732108,1.852892
2026-06-23T12:25:28,ul,ue10,3951597,1848783.9217647195,1.848784
2026-06-23T12:25:28,ul,ue11,3951606,1906301.6606719135,1.906302
2026-06-23T12:25:28,ul,ue12,3951615,1914518.433288896,1.914518
2026-06-23T12:25:33,ul,cu_cp,3949832,546085.4565308287,0.546085
2026-06-23T12:25:33,ul,cu_up,3949840,686743.9086486596,0.686744
2026-06-23T12:25:33,ul,du1,3950023,5386388.736429653,5.386389
2026-06-23T12:25:33,ul,du2,3950773,4980961.566853965,4.980962
2026-06-23T12:25:33,ul,du3,3951527,5134031.0455057975,5.134031
2026-06-23T12:25:33,ul,ue1,3950064,2606317.141186135,2.606317
2026-06-23T12:25:33,ul,ue2,3950073,1679626.6094382955,1.679627
2026-06-23T12:25:33,ul,ue3,3950082,1629982.5033022845,1.629983
2026-06-23T12:25:33,ul,ue4,3950090,1629982.5033022845,1.629983
2026-06-23T12:25:33,ul,ue5,3950814,1940258.2905243707,1.940258
2026-06-23T12:25:33,ul,ue6,3950823,1857518.058576789,1.857518
2026-06-23T12:25:33,ul,ue7,3950832,1919573.1499561297,1.919573
2026-06-23T12:25:33,ul,ue8,3950841,1824421.932765218,1.824422
2026-06-23T12:25:33,ul,ue9,3951588,1878203.1991450298,1.878203
2026-06-23T12:25:33,ul,ue10,3951597,1824421.932765218,1.824422
2026-06-23T12:25:33,ul,ue11,3951606,1927847.1401183498,1.927847
2026-06-23T12:25:33,ul,ue12,3951615,1969217.4212548316,1.969217
2026-06-23T12:25:39,ul,cu_cp,3949832,552018.2835662896,0.552018
2026-06-23T12:25:39,ul,cu_up,3949840,686543.7807449314,0.686544
2026-06-23T12:25:39,ul,du1,3950023,5404212.909903853,5.404213
2026-06-23T12:25:39,ul,du2,3950773,4995998.054414699,4.995998
2026-06-23T12:25:39,ul,du3,3951527,5107329.076948221,5.107329
2026-06-23T12:25:39,ul,ue1,3950064,2630204.865360811,2.630205
2026-06-23T12:25:39,ul,ue2,3950073,1688526.592522738,1.688527
2026-06-23T12:25:39,ul,ue3,3950082,1665332.5741849423,1.665333
2026-06-23T12:25:39,ul,ue4,3950090,1651416.196368252,1.651416
2026-06-23T12:25:39,ul,ue5,3950814,1962216.4071405744,1.962216
2026-06-23T12:25:39,ul,ue6,3950823,1864801.4305638706,1.864801
2026-06-23T12:25:39,ul,ue7,3950832,1939022.3888027787,1.939022
2026-06-23T12:25:39,ul,ue8,3950841,1869440.3337893914,1.869440
2026-06-23T12:25:39,ul,ue9,3951588,1883356.5456761455,1.883357
2026-06-23T12:25:39,ul,ue10,3951597,1887995.6148316027,1.887996
2026-06-23T12:25:39,ul,ue11,3951606,1911189.6331693984,1.911190
2026-06-23T12:25:39,ul,ue12,3951615,1943661.1260983634,1.943661
2026-06-23T12:25:45,ul,cu_cp,3949832,552972.7654289496,0.552973
2026-06-23T12:25:45,ul,cu_up,3949840,673790.3485982287,0.673790
2026-06-23T12:25:45,ul,du1,3950023,5390322.788785829,5.390323
2026-06-23T12:25:45,ul,du2,3950773,5037163.267118917,5.037163
2026-06-23T12:25:45,ul,du3,3951527,5041810.046369886,5.041810
2026-06-23T12:25:45,ul,ue1,3950064,2616165.15514338,2.616165
2026-06-23T12:25:45,ul,ue2,3950073,1672858.7167050124,1.672859
2026-06-23T12:25:45,ul,ue3,3950082,1682152.44053746,1.682152
2026-06-23T12:25:45,ul,ue4,3950090,1621743.6489528203,1.621744
2026-06-23T12:25:45,ul,ue5,3950814,1942374.8892104053,1.942375
2026-06-23T12:25:45,ul,ue6,3950823,1877319.3183747958,1.877319
2026-06-23T12:25:45,ul,ue7,3950832,1933081.1653779577,1.933081
2026-06-23T12:25:45,ul,ue8,3950841,1863378.8152913784,1.863379
2026-06-23T12:25:45,ul,ue9,3951588,1849438.1468774534,1.849438
2026-06-23T12:25:45,ul,ue10,3951597,1835497.8091245436,1.835498
2026-06-23T12:25:45,ul,ue11,3951606,1928434.3861269879,1.928434
2026-06-23T12:25:45,ul,ue12,3951615,1965608.9507957625,1.965609
2026-06-23T12:25:50,ul,cu_cp,3949832,557580.6693636697,0.557581
2026-06-23T12:25:50,ul,cu_up,3949840,659803.8326667916,0.659804
2026-06-23T12:25:50,ul,du1,3950023,5389946.704403486,5.389947
2026-06-23T12:25:50,ul,du2,3950773,4925296.194753842,4.925296
2026-06-23T12:25:50,ul,du3,3951527,5036812.2378229955,5.036812
2026-06-23T12:25:50,ul,ue1,3950064,2620629.3234889745,2.620629
2026-06-23T12:25:50,ul,ue2,3950073,1668095.6301195263,1.668096
2026-06-23T12:25:50,ul,ue3,3950082,1654156.1247358823,1.654156
2026-06-23T12:25:50,ul,ue4,3950090,1621630.612174046,1.621631
2026-06-23T12:25:50,ul,ue5,3950814,1984057.917246213,1.984058
2026-06-23T12:25:50,ul,ue6,3950823,1863248.870587964,1.863249
2026-06-23T12:25:50,ul,ue7,3950832,1965472.075165441,1.965472
2026-06-23T12:25:50,ul,ue8,3950841,1914360.3903279924,1.914360
2026-06-23T12:25:50,ul,ue9,3951588,1853955.866998868,1.853956
2026-06-23T12:25:50,ul,ue10,3951597,1840016.3616152238,1.840016
2026-06-23T12:25:50,ul,ue11,3951606,1932946.3975061846,1.932946
2026-06-23T12:25:50,ul,ue12,3951615,1928299.8957116366,1.928300
2026-06-23T12:25:56,ul,cu_cp,3949832,552485.4351965967,0.552485
2026-06-23T12:25:56,ul,cu_up,3949840,683072.8611709732,0.683073
2026-06-23T12:25:56,ul,du1,3950023,5333995.257007756,5.333995
2026-06-23T12:25:56,ul,du2,3950773,4982413.830318689,4.982414
2026-06-23T12:25:56,ul,du3,3951527,5042685.045254087,5.042685
2026-06-23T12:25:56,ul,ue1,3950064,2722246.407303182,2.722246
2026-06-23T12:25:56,ul,ue2,3950073,1687591.7066718363,1.687592
2026-06-23T12:25:56,ul,ue3,3950082,1677546.5041826034,1.677547
2026-06-23T12:25:56,ul,ue4,3950090,1647411.0618234265,1.647411
2026-06-23T12:25:56,ul,ue5,3950814,1948766.8062833727,1.948767
2026-06-23T12:25:56,ul,ue6,3950823,1838269.5789018094,1.838270
2026-06-23T12:25:56,ul,ue7,3950832,1968857.0461533165,1.968857
2026-06-23T12:25:56,ul,ue8,3950841,1898540.7938372076,1.898541
2026-06-23T12:25:56,ul,ue9,3951588,1868405.1863695085,1.868405
2026-06-23T12:25:56,ul,ue10,3951597,1808133.9714341103,1.808134
2026-06-23T12:25:56,ul,ue11,3951606,1898540.7938372076,1.898541
2026-06-23T12:25:56,ul,ue12,3951615,1938721.6037941396,1.938722
2026-06-23T12:26:01,ul,cu_cp,3949832,553167.6416248966,0.553168
2026-06-23T12:26:01,ul,cu_up,3949840,663801.1534001374,0.663801
2026-06-23T12:26:01,ul,du1,3950023,5365725.734842644,5.365726
2026-06-23T12:26:01,ul,du2,3950773,4986410.695472632,4.986411
2026-06-23T12:26:01,ul,du3,3951527,5128654.373102885,5.128654
2026-06-23T12:26:01,ul,ue1,3950064,2647302.113511143,2.647302
2026-06-23T12:26:01,ul,ue2,3950073,1643698.0074445677,1.643698
2026-06-23T12:26:01,ul,ue3,3950082,1659502.8421259976,1.659503
2026-06-23T12:26:01,ul,ue4,3950090,1635795.6728525448,1.635796
2026-06-23T12:26:01,ul,ue5,3950814,1991403.3774517202,1.991403
2026-06-23T12:26:01,ul,ue6,3950823,1817550.6924481438,1.817551
2026-06-23T12:26:01,ul,ue7,3950832,1928184.3697207689,1.928184
2026-06-23T12:26:01,ul,ue8,3950841,1896574.7003579093,1.896575
2026-06-23T12:26:01,ul,ue9,3951588,1872867.5310844565,1.872868
2026-06-23T12:26:01,ul,ue10,3951597,1864965.0309950495,1.864965
2026-06-23T12:26:01,ul,ue11,3951606,1928184.3697207689,1.928184
2026-06-23T12:26:01,ul,ue12,3951615,1936086.7043127918,1.936087
2026-06-23T12:26:07,ul,cu_cp,3949832,547948.0075836903,0.547948
2026-06-23T12:26:07,ul,cu_up,3949840,670430.4423037303,0.670430
2026-06-23T12:26:07,ul,du1,3950023,5292533.104179873,5.292533
2026-06-23T12:26:07,ul,du2,3950773,4950871.491154389,4.950871
2026-06-23T12:26:07,ul,du3,3951527,4989549.759969329,4.989550
2026-06-23T12:26:07,ul,ue1,3950064,2681721.769214921,2.681722
2026-06-23T12:26:07,ul,ue2,3950073,1656736.7652849222,1.656737
2026-06-23T12:26:07,ul,ue3,3950082,1618058.1667628884,1.618058
2026-06-23T12:26:07,ul,ue4,3950090,1605165.3005888772,1.605165
2026-06-23T12:26:07,ul,ue5,3950814,1972612.6459623838,1.972613
2026-06-23T12:26:07,ul,ue6,3950823,1843683.8193687247,1.843684
2026-06-23T12:26:07,ul,ue7,3950832,1953273.5115549136,1.953274
2026-06-23T12:26:07,ul,ue8,3950841,1875915.984803753,1.875916
2026-06-23T12:26:07,ul,ue9,3951588,1869469.5517167472,1.869470
2026-06-23T12:26:07,ul,ue10,3951597,1824344.3552541614,1.824344
2026-06-23T12:26:07,ul,ue11,3951606,1856576.685542736,1.856577
2026-06-23T12:26:07,ul,ue12,3951615,1933934.04744035,1.933934
2026-06-23T12:26:13,ul,cu_cp,3949832,555011.8215265453,0.555012
2026-06-23T12:26:13,ul,cu_up,3949840,678347.841608262,0.678348
2026-06-23T12:26:13,ul,du1,3950023,5369225.90419321,5.369226
2026-06-23T12:26:13,ul,du2,3950773,5048552.144444275,5.048552
2026-06-23T12:26:13,ul,du3,3951527,5093775.036091519,5.093775
2026-06-23T12:26:13,ul,ue1,3950064,2647612.1336640357,2.647612
2026-06-23T12:26:13,ul,ue2,3950073,1677369.1120840074,1.677369
2026-06-23T12:26:13,ul,ue3,3950082,1656813.101843691,1.656813
2026-06-23T12:26:13,ul,ue4,3950090,1623923.4854591847,1.623923
2026-06-23T12:26:13,ul,ue5,3950814,1985709.100248027,1.985709
2026-06-23T12:26:13,ul,ue6,3950823,1858261.8367580653,1.858262
2026-06-23T12:26:13,ul,ue7,3950832,1969264.2920557738,1.969264
2026-06-23T12:26:13,ul,ue8,3950841,1911707.463382888,1.911707
2026-06-23T12:26:13,ul,ue9,3951588,1882929.049046445,1.882929
2026-06-23T12:26:13,ul,ue10,3951597,1841817.0285658122,1.841817
2026-06-23T12:26:13,ul,ue11,3951606,1932263.4736232043,1.932263
2026-06-23T12:26:13,ul,ue12,3951615,1940485.8777193308,1.940486
2026-06-23T12:26:18,ul,cu_cp,3949832,554261.2932253602,0.554261
2026-06-23T12:26:18,ul,cu_up,3949840,673324.8865847504,0.673325
2026-06-23T12:26:18,ul,du1,3950023,5386599.092678003,5.386599
2026-06-23T12:26:18,ul,du2,3950773,4959612.5953527475,4.959613
2026-06-23T12:26:18,ul,du3,3951527,5074570.25700777,5.074570
2026-06-23T12:26:18,ul,ue1,3950064,2648137.47801831,2.648137
2026-06-23T12:26:18,ul,ue2,3950073,1691523.4190025902,1.691523
2026-06-23T12:26:18,ul,ue3,3950082,1613516.210085032,1.613516
2026-06-23T12:26:18,ul,ue4,3950090,1638150.065532682,1.638150
2026-06-23T12:26:18,ul,ue5,3950814,1950178.7359859096,1.950179
2026-06-23T12:26:18,ul,ue6,3950823,1831115.1013222681,1.831115
2026-06-23T12:26:18,ul,ue7,3950832,1978918.2340081679,1.978918
2026-06-23T12:26:18,ul,ue8,3950841,1863960.2419191347,1.863960
2026-06-23T12:26:18,ul,ue9,3951588,1863960.2419191347,1.863960
2026-06-23T12:26:18,ul,ue10,3951597,1839326.3864714848,1.839326
2026-06-23T12:26:18,ul,ue11,3951606,1925544.8805382596,1.925545
2026-06-23T12:26:18,ul,ue12,3951615,1937861.8082620846,1.937862
2026-06-23T12:26:24,ul,cu_cp,3949832,545300.5558301801,0.545301
2026-06-23T12:26:24,ul,cu_up,3949840,685005.6572533458,0.685006
2026-06-23T12:26:24,ul,du1,3950023,5425966.024446755,5.425966
2026-06-23T12:26:24,ul,du2,3950773,5060929.787887349,5.060930
2026-06-23T12:26:24,ul,du3,3951527,5092475.924540729,5.092476
2026-06-23T12:26:24,ul,ue1,3950064,2622850.4586469294,2.622850
2026-06-23T12:26:24,ul,ue2,3950073,1708007.51960129,1.708008
2026-06-23T12:26:24,ul,ue3,3950082,1662941.3257480264,1.662941
2026-06-23T12:26:24,ul,ue4,3950090,1640408.2288213945,1.640408
2026-06-23T12:26:24,ul,ue5,3950814,1955871.4199243211,1.955871
2026-06-23T12:26:24,ul,ue6,3950823,1883765.443411131,1.883765
2026-06-23T12:26:24,ul,ue7,3950832,1969391.3112542843,1.969391
2026-06-23T12:26:24,ul,ue8,3950841,1861232.5123544193,1.861233
2026-06-23T12:26:24,ul,ue9,3951588,1834192.8955644132,1.834193
2026-06-23T12:26:24,ul,ue10,3951597,1829686.2098311186,1.829686
2026-06-23T12:26:24,ul,ue11,3951606,1919818.431667726,1.919818
2026-06-23T12:26:24,ul,ue12,3951615,1969391.3112542843,1.969391
2026-06-23T12:26:29,ul,cu_cp,3949832,548644.1148622691,0.548644
2026-06-23T12:26:29,ul,cu_up,3949840,678830.8329054326,0.678831
2026-06-23T12:26:29,ul,du1,3950023,5360903.8052244475,5.360904
2026-06-23T12:26:29,ul,du2,3950773,5044735.717955539,5.044736
2026-06-23T12:26:29,ul,du3,3951527,5040086.5920156455,5.040087
2026-06-23T12:26:29,ul,ue1,3950064,2636281.5585095286,2.636282
2026-06-23T12:26:29,ul,ue2,3950073,1664530.3405765342,1.664530
2026-06-23T12:26:29,ul,ue3,3950082,1692427.5832661497,1.692428
2026-06-23T12:26:29,ul,ue4,3950090,1645932.3445868075,1.645932
2026-06-23T12:26:29,ul,ue5,3950814,1985347.7195886862,1.985348
2026-06-23T12:26:29,ul,ue6,3950823,1892357.0764266516,1.892357
2026-06-23T12:26:29,ul,ue7,3950832,1980698.2620420922,1.980698
2026-06-23T12:26:29,ul,ue8,3950841,1920254.319116267,1.920254
2026-06-23T12:26:29,ul,ue9,3951588,1836562.922654121,1.836563
2026-06-23T12:26:29,ul,ue10,3951597,1859810.5419937922,1.859811
2026-06-23T12:26:29,ul,ue11,3951606,1957450.642702421,1.957451
2026-06-23T12:26:29,ul,ue12,3951615,1971399.1811455535,1.971399
2026-06-23T12:26:35,ul,cu_cp,3949832,575318.001624071,0.575318
2026-06-23T12:26:35,ul,cu_up,3949840,665657.2379607168,0.665657
2026-06-23T12:26:35,ul,du1,3950023,5130315.575864497,5.130316
2026-06-23T12:26:35,ul,du2,3950773,5158843.456110826,5.158843
2026-06-23T12:26:35,ul,du3,3951527,5158843.456110826,5.158843
2026-06-23T12:26:35,ul,ue1,3950064,2153876.5423032795,2.153877
2026-06-23T12:26:35,ul,ue2,3950073,1521502.1853600228,1.521502
2026-06-23T12:26:35,ul,ue3,3950082,1569049.2189386927,1.569049
2026-06-23T12:26:35,ul,ue4,3950090,1492974.1351632571,1.492974
2026-06-23T12:26:35,ul,ue5,3950814,2025499.8915417432,2.025500
2026-06-23T12:26:35,ul,ue6,3950823,1925651.2909769726,1.925651
2026-06-23T12:26:35,ul,ue7,3950832,2039764.0016153443,2.039764
2026-06-23T12:26:35,ul,ue8,3950841,1963688.9178399085,1.963689
2026-06-23T12:26:35,ul,ue9,3951588,1911387.1809033717,1.911387
2026-06-23T12:26:35,ul,ue10,3951597,1878104.427348739,1.878104
2026-06-23T12:26:35,ul,ue11,3951606,1992216.9680366742,1.992217
2026-06-23T12:26:35,ul,ue12,3951615,1992216.9680366742,1.992217
2026-06-23T12:26:40,ul,cu_cp,3949832,578853.0377606472,0.578853
2026-06-23T12:26:40,ul,cu_up,3949840,612248.347656067,0.612248
2026-06-23T12:26:40,ul,du1,3950023,4452715.532130998,4.452716
2026-06-23T12:26:40,ul,du2,3950773,5098359.062976,5.098359
2026-06-23T12:26:40,ul,du3,3951527,5209676.959726375,5.209677
2026-06-23T12:26:40,ul,ue1,3950064,1257892.0474430483,1.257892
2026-06-23T12:26:40,ul,ue2,3950073,1224496.695312134,1.224497
2026-06-23T12:26:40,ul,ue3,3950082,1246760.3760273957,1.246760
2026-06-23T12:26:40,ul,ue4,3950090,1224496.695312134,1.224497
2026-06-23T12:26:40,ul,ue5,3950814,2003721.9725647508,2.003722
2026-06-23T12:26:40,ul,ue6,3950823,1870140.5640410937,1.870141
2026-06-23T12:26:40,ul,ue7,3950832,1948063.024189564,1.948063
2026-06-23T12:26:40,ul,ue8,3950841,1892404.075814377,1.892404
2026-06-23T12:26:40,ul,ue9,3951588,1948063.024189564,1.948063
2026-06-23T12:26:40,ul,ue10,3951597,1892404.075814377,1.892404
2026-06-23T12:26:40,ul,ue11,3951606,1936931.2683029221,1.936931
2026-06-23T12:26:40,ul,ue12,3951615,2014853.7284513926,2.014854
2026-06-23T12:26:46,ul,cu_cp,3949832,560899.3441584706,0.560899
2026-06-23T12:26:46,ul,cu_up,3949840,569397.8228577948,0.569398
2026-06-23T12:26:46,ul,du1,3950023,4385213.342205104,4.385213
2026-06-23T12:26:46,ul,du2,3950773,5039595.618726912,5.039596
2026-06-23T12:26:46,ul,du3,3951527,5175571.277916098,5.175571
2026-06-23T12:26:46,ul,ue1,3950064,1240777.3067751718,1.240777
2026-06-23T12:26:46,ul,ue2,3950073,1257774.3475061273,1.257774
2026-06-23T12:26:46,ul,ue3,3950082,1240777.3067751718,1.240777
2026-06-23T12:26:46,ul,ue4,3950090,1172789.5605128861,1.172790
2026-06-23T12:26:46,ul,ue5,3950814,2209603.461836586,2.209603
2026-06-23T12:26:46,ul,ue6,3950823,1648704.2010104228,1.648704
2026-06-23T12:26:46,ul,ue7,3950832,2175609.5470392895,2.175610
2026-06-23T12:26:46,ul,ue8,3950841,1725190.4259720326,1.725190
2026-06-23T12:26:46,ul,ue9,3951588,1954649.2675214768,1.954649
2026-06-23T12:26:46,ul,ue10,3951597,1657202.5963774396,1.657203
2026-06-23T12:26:46,ul,ue11,3951606,2039634.054514718,2.039634
2026-06-23T12:26:46,ul,ue12,3951615,2048132.4498817348,2.048132
2026-06-23T12:26:52,ul,cu_cp,3949832,551751.7960557067,0.551752
2026-06-23T12:26:52,ul,cu_up,3949840,551751.7960557067,0.551752
2026-06-23T12:26:52,ul,du1,3950023,4379093.028183575,4.379093
2026-06-23T12:26:52,ul,du2,3950773,5098465.964608584,5.098466
2026-06-23T12:26:52,ul,du3,3951527,5042592.153837948,5.042592
2026-06-23T12:26:52,ul,ue1,3950064,1236203.35051255,1.236203
2026-06-23T12:26:52,ul,ue2,3950073,1264140.172485695,1.264140
2026-06-23T12:26:52,ul,ue3,3950082,1222234.8978198909,1.222235
2026-06-23T12:26:52,ul,ue4,3950090,1159377.069233358,1.159377
2026-06-23T12:26:52,ul,ue5,3950814,2241928.190836215,2.241928
2026-06-23T12:26:52,ul,ue6,3950823,1662239.4476891041,1.662239
2026-06-23T12:26:52,ul,ue7,3950832,2172086.0107850935,2.172086
2026-06-23T12:26:52,ul,ue8,3950841,1669223.7157415198,1.669224
2026-06-23T12:26:52,ul,ue9,3951588,1683192.085022006,1.683192
2026-06-23T12:26:52,ul,ue10,3951597,1648271.078408618,1.648271
2026-06-23T12:26:52,ul,ue11,3951606,2179070.1120131635,2.179070
2026-06-23T12:26:52,ul,ue12,3951615,2193038.6481179954,2.193039
2026-06-23T12:26:57,ul,cu_cp,3949832,548604.4970254665,0.548604
2026-06-23T12:26:57,ul,cu_up,3949840,561072.7383246571,0.561073
2026-06-23T12:26:57,ul,du1,3950023,4334806.596376381,4.334807
2026-06-23T12:26:57,ul,du2,3950773,5128620.966869244,5.128621
2026-06-23T12:26:57,ul,du3,3951527,5028874.368080668,5.028874
2026-06-23T12:26:57,ul,ue1,3950064,1242672.2269550634,1.242672
2026-06-23T12:26:57,ul,ue2,3950073,1255140.5518036354,1.255141
2026-06-23T12:26:57,ul,ue3,3950082,1234360.1496383178,1.234360
2026-06-23T12:26:57,ul,ue4,3950090,1176174.7729272842,1.176175
2026-06-23T12:26:57,ul,ue5,3950814,2211042.1427353574,2.211042
2026-06-23T12:26:57,ul,ue6,3950823,1633345.124453137,1.633345
2026-06-23T12:26:57,ul,ue7,3950832,2215198.557365947,2.215199
2026-06-23T12:26:57,ul,ue8,3950841,1666593.9350164079,1.666594
2026-06-23T12:26:57,ul,ue9,3951588,1658281.774150281,1.658282
2026-06-23T12:26:57,ul,ue10,3951597,1620876.8831539464,1.620877
2026-06-23T12:26:57,ul,ue11,3951606,2169481.338404722,2.169481
2026-06-23T12:26:57,ul,ue12,3951615,2173637.4188377857,2.173637
