timestamp,phase,component,pid,microwatts,watts
2026-06-29T00:37:42,idle,cu_cp1,2027561,597066.636748428,0.597067
2026-06-29T00:37:42,idle,cu_up1,2027588,623901.1284417459,0.623901
2026-06-29T00:37:42,idle,cu_cp2,2027616,630609.7513650754,0.630610
2026-06-29T00:37:42,idle,cu_up2,2027624,617192.5055184164,0.617193
2026-06-29T00:37:42,idle,du1,2027807,4702738.833830302,4.702739
2026-06-29T00:37:42,idle,du2,2028564,4742990.740512993,4.742991
2026-06-29T00:37:42,idle,du3,2029330,4716156.248819675,4.716156
2026-06-29T00:37:42,idle,du4,2030102,4709447.372182274,4.709447
2026-06-29T00:37:42,idle,ue1,2027851,1328305.647392088,1.328306
2026-06-29T00:37:42,idle,ue2,2027863,1294762.5327754407,1.294763
2026-06-29T00:37:42,idle,ue3,2027875,1341722.893238747,1.341723
2026-06-29T00:37:42,idle,ue4,2027887,1301471.1556987702,1.301471
2026-06-29T00:37:42,idle,ue5,2028610,1381974.6307787239,1.381975
2026-06-29T00:37:42,idle,ue6,2028622,1375266.0078553944,1.375266
2026-06-29T00:37:42,idle,ue7,2028634,1328305.647392088,1.328306
2026-06-29T00:37:42,idle,ue8,2028646,1348431.5161620765,1.348432
2026-06-29T00:37:42,idle,ue9,2029394,1375266.0078553944,1.375266
2026-06-29T00:37:42,idle,ue10,2029406,1341722.893238747,1.341723
2026-06-29T00:37:42,idle,ue11,2029418,1314888.4015454291,1.314888
2026-06-29T00:37:42,idle,ue12,2029430,1308179.7786220997,1.308180
2026-06-29T00:37:42,idle,ue13,2030165,1254510.8798068212,1.254511
2026-06-29T00:37:42,idle,ue14,2030177,1335014.2703154176,1.335014
2026-06-29T00:37:42,idle,ue15,2030189,1335014.2703154176,1.335014
2026-06-29T00:37:42,idle,ue16,2030201,1227676.3881135033,1.227676
2026-06-29T00:37:48,idle,cu_cp1,2027561,604848.8816536051,0.604849
2026-06-29T00:37:48,idle,cu_up1,2027588,617449.8664698455,0.617450
2026-06-29T00:37:48,idle,cu_cp2,2027616,634251.2219390625,0.634251
2026-06-29T00:37:48,idle,cu_up2,2027624,621650.1947419256,0.621650
2026-06-29T00:37:48,idle,du1,2027807,4649775.645271787,4.649776
2026-06-29T00:37:48,idle,du2,2028564,4700179.754060335,4.700180
2026-06-29T00:37:48,idle,du3,2029330,4687578.726863198,4.687579
2026-06-29T00:37:48,idle,du4,2030102,4695979.298645565,4.695979
2026-06-29T00:37:48,idle,ue1,2027851,1335707.950516786,1.335708
2026-06-29T00:37:48,idle,ue2,2027863,1289504.212381215,1.289504
2026-06-29T00:37:48,idle,ue3,2027875,1352509.2636051064,1.352509
2026-06-29T00:37:48,idle,ue4,2027887,1285303.8417282384,1.285304
2026-06-29T00:37:48,idle,ue5,2028610,1390312.3451965172,1.390312
2026-06-29T00:37:48,idle,ue6,2028622,1360909.9201492667,1.360910
2026-06-29T00:37:48,idle,ue7,2028634,1318906.6374284655,1.318907
2026-06-29T00:37:48,idle,ue8,2028646,1352509.2636051064,1.352509
2026-06-29T00:37:48,idle,ue9,2029394,1394512.7158494936,1.394513
2026-06-29T00:37:48,idle,ue10,2029406,1327307.2939726256,1.327307
2026-06-29T00:37:48,idle,ue11,2029418,1348308.89295213,1.348309
2026-06-29T00:37:48,idle,ue12,2029430,1331507.6646256023,1.331508
2026-06-29T00:37:48,idle,ue13,2030165,1344108.6918227393,1.344109
2026-06-29T00:37:48,idle,ue14,2030177,1297904.8689253754,1.297905
2026-06-29T00:37:48,idle,ue15,2030189,1360909.9201492667,1.360910
2026-06-29T00:37:48,idle,ue16,2030201,1302105.239578352,1.302105
2026-06-29T00:37:54,idle,cu_cp1,2027561,602480.1835464298,0.602480
2026-06-29T00:37:54,idle,cu_up1,2027588,615673.1975916863,0.615673
2026-06-29T00:37:54,idle,cu_cp2,2027616,624468.5544168621,0.624469
2026-06-29T00:37:54,idle,cu_up2,2027624,620070.8548117668,0.620071
2026-06-29T00:37:54,idle,du1,2027807,4701104.76581428,4.701105
2026-06-29T00:37:54,idle,du2,2028564,4736286.023574924,4.736286
2026-06-29T00:37:54,idle,du3,2029330,4701104.76581428,4.701105
2026-06-29T00:37:54,idle,du4,2030102,4740683.892720079,4.740684
2026-06-29T00:37:54,idle,ue1,2027851,1310504.394684881,1.310504
2026-06-29T00:37:54,idle,ue2,2027863,1336890.4227753938,1.336890
2026-06-29T00:37:54,idle,ue3,2027875,1270925.4373191416,1.270925
2026-06-29T00:37:54,idle,ue4,2027887,1279720.666989273,1.279721
2026-06-29T00:37:54,idle,ue5,2028610,1354481.1364257454,1.354481
2026-06-29T00:37:54,idle,ue6,2028622,1341288.122380489,1.341288
2026-06-29T00:37:54,idle,ue7,2028634,1328095.1083352328,1.328095
2026-06-29T00:37:54,idle,ue8,2028646,1297311.3806396245,1.297311
2026-06-29T00:37:54,idle,ue9,2029394,1372071.6805360378,1.372072
2026-06-29T00:37:54,idle,ue10,2029406,1336890.4227753938,1.336890
2026-06-29T00:37:54,idle,ue11,2029418,1350083.3520506204,1.350083
2026-06-29T00:37:54,idle,ue12,2029430,1297311.3806396245,1.297311
2026-06-29T00:37:54,idle,ue13,2030165,1336890.4227753938,1.336890
2026-06-29T00:37:54,idle,ue14,2030177,1288516.1509694934,1.288516
2026-06-29T00:37:54,idle,ue15,2030189,1345685.652445525,1.345686
2026-06-29T00:37:54,idle,ue16,2030201,1323697.4087301374,1.323697
2026-06-29T00:37:59,idle,cu_cp1,2027561,612514.2318003237,0.612514
2026-06-29T00:37:59,idle,cu_up1,2027588,627214.6021953527,0.627215
2026-06-29T00:37:59,idle,cu_cp2,2027616,632114.6973938709,0.632115
2026-06-29T00:37:59,idle,cu_up2,2027624,622314.4645970974,0.622314
2026-06-29T00:37:59,idle,du1,2027807,4709009.760062742,4.709010
2026-06-29T00:37:59,idle,du2,2028564,4748210.1824529935,4.748210
2026-06-29T00:37:59,idle,du3,2029330,4655108.500880356,4.655109
2026-06-29T00:37:59,idle,du4,2030102,4772711.124842691,4.772711
2026-06-29T00:37:59,idle,ue1,2027851,1347531.3099607122,1.347531
2026-06-29T00:37:59,idle,ue2,2027863,1352431.4475589674,1.352431
2026-06-29T00:37:59,idle,ue3,2027875,1323030.7915683836,1.323031
2026-06-29T00:37:59,idle,ue4,2027887,1308330.3787736178,1.308330
2026-06-29T00:37:59,idle,ue5,2028610,1303430.3259748362,1.303430
2026-06-29T00:37:59,idle,ue6,2028622,1337731.2043631494,1.337731
2026-06-29T00:37:59,idle,ue7,2028634,1332830.9819654203,1.332831
2026-06-29T00:37:59,idle,ue8,2028646,1283829.8603812892,1.283830
2026-06-29T00:37:59,idle,ue9,2029394,1323030.7915683836,1.323031
2026-06-29T00:37:59,idle,ue10,2029406,1327930.844367165,1.327931
2026-06-29T00:37:59,idle,ue11,2029418,1318130.7387696023,1.318131
2026-06-29T00:37:59,idle,ue12,2029430,1308330.3787736178,1.308330
2026-06-29T00:37:59,idle,ue13,2030165,1308330.3787736178,1.308330
2026-06-29T00:37:59,idle,ue14,2030177,1342631.257161931,1.342631
2026-06-29T00:37:59,idle,ue15,2030189,1318130.7387696023,1.318131
2026-06-29T00:37:59,idle,ue16,2030201,1308330.3787736178,1.308330
2026-06-29T00:38:05,idle,cu_cp1,2027561,605764.6569284892,0.605765
2026-06-29T00:38:05,idle,cu_up1,2027588,620420.240482378,0.620420
2026-06-29T00:38:05,idle,cu_cp2,2027616,625305.4632477665,0.625305
2026-06-29T00:38:05,idle,cu_up2,2027624,620420.240482378,0.620420
2026-06-29T00:38:05,idle,du1,2027807,4694676.027639084,4.694676
2026-06-29T00:38:05,idle,du2,2028564,4704446.812138967,4.704447
2026-06-29T00:38:05,idle,du3,2029330,4631168.47065814,4.631168
2026-06-29T00:38:05,idle,du4,2030102,4743528.255292969,4.743528
2026-06-29T00:38:05,idle,ue1,2027851,1358085.3188804197,1.358085
2026-06-29T00:38:05,idle,ue2,2027863,1362970.5416458081,1.362971
2026-06-29T00:38:05,idle,ue3,2027875,1328774.151772642,1.328774
2026-06-29T00:38:05,idle,ue4,2027887,1284807.316368699,1.284807
2026-06-29T00:38:05,idle,ue5,2028610,1314118.65296103,1.314119
2026-06-29T00:38:05,idle,ue6,2028622,1323889.0137495303,1.323889
2026-06-29T00:38:05,idle,ue7,2028634,1338544.5125611424,1.338545
2026-06-29T00:38:05,idle,ue8,2028646,1270151.817557087,1.270152
2026-06-29T00:38:05,idle,ue9,2029394,1309233.3454533648,1.309233
2026-06-29T00:38:05,idle,ue10,2029406,1328774.151772642,1.328774
2026-06-29T00:38:05,idle,ue11,2029418,1372740.9024343085,1.372741
2026-06-29T00:38:05,idle,ue12,2029430,1319003.7062418652,1.319004
2026-06-29T00:38:05,idle,ue13,2030165,1279922.1783455873,1.279922
2026-06-29T00:38:05,idle,ue14,2030177,1328774.151772642,1.328774
2026-06-29T00:38:05,idle,ue15,2030189,1358085.3188804197,1.358085
2026-06-29T00:38:05,idle,ue16,2030201,1289692.5391340875,1.289693
2026-06-29T00:38:11,idle,cu_cp1,2027561,610123.221632247,0.610123
2026-06-29T00:38:11,idle,cu_up1,2027588,610123.221632247,0.610123
2026-06-29T00:38:11,idle,cu_cp2,2027616,629804.6582098538,0.629805
2026-06-29T00:38:11,idle,cu_up2,2027624,619963.9187553477,0.619964
2026-06-29T00:38:11,idle,du1,2027807,4595605.725813675,4.595606
2026-06-29T00:38:11,idle,du2,2028564,4694012.697044683,4.694013
2026-06-29T00:38:11,idle,du3,2029330,4625127.647857356,4.625128
2026-06-29T00:38:11,idle,du4,2030102,4694012.697044683,4.694013
2026-06-29T00:38:11,idle,ue1,2027851,1358016.2029879047,1.358016
2026-06-29T00:38:11,idle,ue2,2027863,1308812.7173724007,1.308813
2026-06-29T00:38:11,idle,ue3,2027875,1318653.4144955014,1.318653
2026-06-29T00:38:11,idle,ue4,2027887,1338334.8934045136,1.338335
2026-06-29T00:38:11,idle,ue5,2028610,1348175.5058648037,1.348176
2026-06-29T00:38:11,idle,ue6,2028622,1259609.3164197076,1.259609
2026-06-29T00:38:11,idle,ue7,2028634,1308812.7173724007,1.308813
2026-06-29T00:38:11,idle,ue8,2028646,1338334.8934045136,1.338335
2026-06-29T00:38:11,idle,ue9,2029394,1328494.1962814128,1.328494
2026-06-29T00:38:11,idle,ue10,2029406,1298972.1049121106,1.298972
2026-06-29T00:38:11,idle,ue11,2029418,1289131.4077890099,1.289131
2026-06-29T00:38:11,idle,ue12,2029430,1269449.9288799977,1.269450
2026-06-29T00:38:11,idle,ue13,2030165,1249768.6192966069,1.249769
2026-06-29T00:38:11,idle,ue14,2030177,1348175.5058648037,1.348176
2026-06-29T00:38:11,idle,ue15,2030189,1328494.1962814128,1.328494
2026-06-29T00:38:11,idle,ue16,2030201,1230087.1403875947,1.230087
2026-06-29T00:38:17,idle,cu_cp1,2027561,613844.7426783863,0.613845
2026-06-29T00:38:17,idle,cu_up1,2027588,621330.6971815511,0.621331
2026-06-29T00:38:17,idle,cu_cp2,2027616,628816.5667068574,0.628817
2026-06-29T00:38:17,idle,cu_up2,2027624,628816.5667068574,0.628817
2026-06-29T00:38:17,idle,du1,2027807,4731096.053085437,4.731096
2026-06-29T00:38:17,idle,du2,2028564,4761039.531186662,4.761040
2026-06-29T00:38:17,idle,du3,2029330,4708638.444509518,4.708638
2026-06-29T00:38:17,idle,du4,2030102,4693666.365547471,4.693666
2026-06-29T00:38:17,idle,ue1,2027851,1347464.1625624,1.347464
2026-06-29T00:38:17,idle,ue2,2027863,1369921.8561161775,1.369922
2026-06-29T00:38:17,idle,ue3,2027875,1384893.6801446485,1.384894
2026-06-29T00:38:17,idle,ue4,2027887,1347464.1625624,1.347464
2026-06-29T00:38:17,idle,ue5,2028610,1332492.2535560704,1.332492
2026-06-29T00:38:17,idle,ue6,2028622,1354950.0320877063,1.354950
2026-06-29T00:38:17,idle,ue7,2028634,1347464.1625624,1.347464
2026-06-29T00:38:17,idle,ue8,2028646,1265119.002939021,1.265119
2026-06-29T00:38:17,idle,ue9,2029394,1362435.9016130127,1.362436
2026-06-29T00:38:17,idle,ue10,2029406,1332492.2535560704,1.332492
2026-06-29T00:38:17,idle,ue11,2029418,1369921.8561161775,1.369922
2026-06-29T00:38:17,idle,ue12,2029430,1332492.2535560704,1.332492
2026-06-29T00:38:17,idle,ue13,2030165,1257633.1334137148,1.257633
2026-06-29T00:38:17,idle,ue14,2030177,1347464.1625624,1.347464
2026-06-29T00:38:17,idle,ue15,2030189,1347464.1625624,1.347464
2026-06-29T00:38:17,idle,ue16,2030201,1250147.2638884084,1.250147
2026-06-29T00:38:22,idle,cu_cp1,2027561,611962.0368990728,0.611962
2026-06-29T00:38:22,idle,cu_up1,2027588,628843.7200935181,0.628844
2026-06-29T00:38:22,idle,cu_cp2,2027616,633064.1834379807,0.633064
2026-06-29T00:38:22,idle,cu_up2,2027624,624623.2992949069,0.624623
2026-06-29T00:38:22,idle,du1,2027807,4722658.5744451545,4.722659
2026-06-29T00:38:22,idle,du2,2028564,4752201.392397881,4.752201
2026-06-29T00:38:22,idle,du3,2029330,4735319.879386839,4.735320
2026-06-29T00:38:22,idle,du4,2030102,4722658.5744451545,4.722659
2026-06-29T00:38:22,idle,ue1,2027851,1354757.2461926509,1.354757
2026-06-29T00:38:22,idle,ue2,2027863,1371639.0144787985,1.371639
2026-06-29T00:38:22,idle,ue3,2027875,1358977.7946288157,1.358978
2026-06-29T00:38:22,idle,ue4,2027887,1316773.501551,1.316774
2026-06-29T00:38:22,idle,ue5,2028610,1363198.1728815758,1.363198
2026-06-29T00:38:22,idle,ue6,2028622,1337875.5629982054,1.337876
2026-06-29T00:38:22,idle,ue7,2028634,1342095.9412509657,1.342096
2026-06-29T00:38:22,idle,ue8,2028646,1274569.2084731841,1.274569
2026-06-29T00:38:22,idle,ue9,2029394,1371639.0144787985,1.371639
2026-06-29T00:38:22,idle,ue10,2029406,1346316.4045954281,1.346316
2026-06-29T00:38:22,idle,ue11,2029418,1350536.7828481882,1.350537
2026-06-29T00:38:22,idle,ue12,2029430,1320993.87980376,1.320994
2026-06-29T00:38:22,idle,ue13,2030165,1270348.7451287217,1.270349
2026-06-29T00:38:22,idle,ue14,2030177,1320993.87980376,1.320994
2026-06-29T00:38:22,idle,ue15,2030189,1375859.477823261,1.375859
2026-06-29T00:38:22,idle,ue16,2030201,1249246.5985898138,1.249247
2026-06-29T00:38:33,idle,cu_cp1,2027561,606093.3563844556,0.606093
2026-06-29T00:38:33,idle,cu_up1,2027588,620524.1131350929,0.620524
2026-06-29T00:38:33,idle,cu_cp2,2027616,625334.4220648616,0.625334
2026-06-29T00:38:33,idle,cu_up2,2027624,620524.1131350929,0.620524
2026-06-29T00:38:33,idle,du1,2027807,4651525.8003224805,4.651526
2026-06-29T00:38:33,idle,du2,2028564,4723679.669095001,4.723680
2026-06-29T00:38:33,idle,du3,2029330,4661146.248143349,4.661146
2026-06-29T00:38:33,idle,du4,2030102,4766971.854327578,4.766972
2026-06-29T00:38:33,idle,ue1,2027851,1380545.9099434626,1.380546
2026-06-29T00:38:33,idle,ue2,2027863,1318012.48899181,1.318012
2026-06-29T00:38:33,idle,ue3,2027875,1361304.8442630565,1.361305
2026-06-29T00:38:33,idle,ue4,2027887,1322822.7129022444,1.322823
2026-06-29T00:38:33,idle,ue5,2028610,1375735.6860330284,1.375736
2026-06-29T00:38:33,idle,ue6,2028622,1346874.0024930846,1.346874
2026-06-29T00:38:33,idle,ue7,2028634,1313202.2650813758,1.313202
2026-06-29T00:38:33,idle,ue8,2028646,1337253.554672216,1.337254
2026-06-29T00:38:33,idle,ue9,2029394,1370925.3771032596,1.370925
2026-06-29T00:38:33,idle,ue10,2029406,1313202.2650813758,1.313202
2026-06-29T00:38:33,idle,ue11,2029418,1346874.0024930846,1.346874
2026-06-29T00:38:33,idle,ue12,2029430,1322822.7129022444,1.322823
2026-06-29T00:38:33,idle,ue13,2030165,1313202.2650813758,1.313202
2026-06-29T00:38:33,idle,ue14,2030177,1327632.9368126786,1.327633
2026-06-29T00:38:33,idle,ue15,2030189,1279530.357630998,1.279530
2026-06-29T00:38:33,idle,ue16,2030201,1308391.8711322725,1.308392
2026-06-29T00:38:39,idle,cu_cp1,2027561,610660.6006491628,0.610661
2026-06-29T00:38:39,idle,cu_up1,2027588,625434.6298611143,0.625435
2026-06-29T00:38:39,idle,cu_cp2,2027616,630359.3490036374,0.630359
2026-06-29T00:38:39,idle,cu_up2,2027624,625434.6298611143,0.625435
2026-06-29T00:38:39,idle,du1,2027807,4707996.112741571,4.707996
2026-06-29T00:38:39,idle,du2,2028564,4772017.076947518,4.772017
2026-06-29T00:38:39,idle,du3,2029330,4668598.7015097,4.668599
2026-06-29T00:38:39,idle,du4,2030102,4772017.076947518,4.772017
2026-06-29T00:38:39,idle,ue1,2027851,1369061.6643719978,1.369062
2026-06-29T00:38:39,idle,ue2,2027863,1364136.9879680139,1.364137
2026-06-29T00:38:39,idle,ue3,2027875,1359212.3115640301,1.359212
2026-06-29T00:38:39,idle,ue4,2027887,1324739.4912590648,1.324739
2026-06-29T00:38:39,idle,ue5,2028610,1369061.6643719978,1.369062
2026-06-29T00:38:39,idle,ue6,2028622,1354287.6351600462,1.354288
2026-06-29T00:38:39,idle,ue7,2028634,1339513.6059480947,1.339514
2026-06-29T00:38:39,idle,ue8,2028646,1314890.138451097,1.314890
2026-06-29T00:38:39,idle,ue9,2029394,1383835.6935839492,1.383836
2026-06-29T00:38:39,idle,ue10,2029406,1314890.138451097,1.314890
2026-06-29T00:38:39,idle,ue11,2029418,1359212.3115640301,1.359212
2026-06-29T00:38:39,idle,ue12,2029430,1364136.9879680139,1.364137
2026-06-29T00:38:39,idle,ue13,2030165,1359212.3115640301,1.359212
2026-06-29T00:38:39,idle,ue14,2030177,1339513.6059480947,1.339514
2026-06-29T00:38:39,idle,ue15,2030189,1314890.138451097,1.314890
2026-06-29T00:38:39,idle,ue16,2030201,1305040.7856431294,1.305041
2026-06-29T00:38:45,idle,cu_cp1,2027561,611026.6722082323,0.611027
2026-06-29T00:38:45,idle,cu_up1,2027588,625809.5569309369,0.625810
2026-06-29T00:38:45,idle,cu_cp2,2027616,630737.1851718384,0.630737
2026-06-29T00:38:45,idle,cu_up2,2027624,615954.2576526648,0.615954
2026-06-29T00:38:45,idle,du1,2027807,4725601.5173267005,4.725602
2026-06-29T00:38:45,idle,du2,2028564,4725601.5173267005,4.725602
2026-06-29T00:38:45,idle,du3,2029330,4705890.490805466,4.705890
2026-06-29T00:38:45,idle,du4,2030102,4765022.543253913,4.765023
2026-06-29T00:38:45,idle,ue1,2027851,1384665.2903485603,1.384665
2026-06-29T00:38:45,idle,ue2,2027863,1374809.9482738192,1.374810
2026-06-29T00:38:45,idle,ue3,2027875,1340316.5077910393,1.340317
2026-06-29T00:38:45,idle,ue4,2027887,1320605.9092344951,1.320606
2026-06-29T00:38:45,idle,ue5,2028610,1330461.3369021744,1.330461
2026-06-29T00:38:45,idle,ue6,2028622,1360027.1063475835,1.360027
2026-06-29T00:38:45,idle,ue7,2028634,1330461.3369021744,1.330461
2026-06-29T00:38:45,idle,ue8,2028646,1300895.4818638272,1.300895
2026-06-29T00:38:45,idle,ue9,2029394,1394520.5468303633,1.394521
2026-06-29T00:38:45,idle,ue10,2029406,1315678.3237900627,1.315678
2026-06-29T00:38:45,idle,ue11,2029418,1305823.1529011978,1.305823
2026-06-29T00:38:45,idle,ue12,2029430,1330461.3369021744,1.330461
2026-06-29T00:38:45,idle,ue13,2030165,1360027.1063475835,1.360027
2026-06-29T00:38:45,idle,ue14,2030177,1345244.1788284099,1.345244
2026-06-29T00:38:45,idle,ue15,2030189,1345244.1788284099,1.345244
2026-06-29T00:38:45,idle,ue16,2030201,1335388.9223466069,1.335389
2026-06-29T00:38:51,idle,cu_cp1,2027561,608950.3086109662,0.608950
2026-06-29T00:38:51,idle,cu_up1,2027588,629592.7187492925,0.629593
2026-06-29T00:38:51,idle,cu_cp2,2027616,639913.9024544108,0.639914
2026-06-29T00:38:51,idle,cu_up2,2027624,629592.7187492925,0.629593
2026-06-29T00:38:51,idle,du1,2027807,4778711.601901216,4.778712
2026-06-29T00:38:51,idle,du2,2028564,4747748.093513952,4.747748
2026-06-29T00:38:51,idle,du3,2029330,4685821.418564138,4.685821
2026-06-29T00:38:51,idle,du4,2030102,4768390.546380367,4.768391
2026-06-29T00:38:51,idle,ue1,2027851,1352076.2190289188,1.352076
2026-06-29T00:38:51,idle,ue2,2027863,1372718.500982976,1.372719
2026-06-29T00:38:51,idle,ue3,2027875,1341754.9925957108,1.341755
2026-06-29T00:38:51,idle,ue4,2027887,1321112.625185474,1.321113
2026-06-29T00:38:51,idle,ue5,2028610,1321112.625185474,1.321113
2026-06-29T00:38:51,idle,ue6,2028622,1362397.274549768,1.362397
2026-06-29T00:38:51,idle,ue7,2028634,1331433.6807063234,1.331434
2026-06-29T00:38:51,idle,ue8,2028646,1290149.0313420296,1.290149
2026-06-29T00:38:51,idle,ue9,2029394,1290149.0313420296,1.290149
2026-06-29T00:38:51,idle,ue10,2029406,1362397.274549768,1.362397
2026-06-29T00:38:51,idle,ue11,2029418,1352076.2190289188,1.352076
2026-06-29T00:38:51,idle,ue12,2029430,1279827.8049088216,1.279828
2026-06-29T00:38:51,idle,ue13,2030165,1310791.398752266,1.310791
2026-06-29T00:38:51,idle,ue14,2030177,1331433.6807063234,1.331434
2026-06-29T00:38:51,idle,ue15,2030189,1310791.398752266,1.310791
2026-06-29T00:38:51,idle,ue16,2030201,1300470.172319058,1.300470
2026-06-29T00:38:57,idle,cu_cp1,2027561,608187.6829746366,0.608188
2026-06-29T00:38:57,idle,cu_up1,2027588,631283.372309804,0.631283
2026-06-29T00:38:57,idle,cu_cp2,2027616,654379.1044002771,0.654379
2026-06-29T00:38:57,idle,cu_up2,2027624,631283.372309804,0.631283
2026-06-29T00:38:57,idle,du1,2027807,4765419.84405756,4.765420
2026-06-29T00:38:57,idle,du2,2028564,4788515.576148033,4.788516
2026-06-29T00:38:57,idle,du3,2029330,4773118.5354352,4.773119
2026-06-29T00:38:57,idle,du4,2030102,4719228.0378341675,4.719228
2026-06-29T00:38:57,idle,ue1,2027851,1370346.7992049456,1.370347
2026-06-29T00:38:57,idle,ue2,2027863,1308758.2088005543,1.308758
2026-06-29T00:38:57,idle,ue3,2027875,1362648.3643591404,1.362648
2026-06-29T00:38:57,idle,ue4,2027887,1331853.9408910275,1.331854
2026-06-29T00:38:57,idle,ue5,2028610,1378045.4905825853,1.378045
2026-06-29T00:38:57,idle,ue6,2028622,1385744.0964496136,1.385744
2026-06-29T00:38:57,idle,ue7,2028634,1339552.6322686672,1.339553
2026-06-29T00:38:57,idle,ue8,2028646,1378045.4905825853,1.378045
2026-06-29T00:38:57,idle,ue9,2029394,1324155.5060452223,1.324156
2026-06-29T00:38:57,idle,ue10,2029406,1339552.6322686672,1.339553
2026-06-29T00:38:57,idle,ue11,2029418,1362648.3643591404,1.362648
2026-06-29T00:38:57,idle,ue12,2029430,1270265.3504866362,1.270265
2026-06-29T00:38:57,idle,ue13,2030165,1293361.0825771093,1.293361
2026-06-29T00:38:57,idle,ue14,2030177,1401141.2226730585,1.401141
2026-06-29T00:38:57,idle,ue15,2030189,1331853.9408910275,1.331854
2026-06-29T00:38:57,idle,ue16,2030201,1254868.2242631912,1.254868
2026-06-29T00:39:02,idle,cu_cp1,2027561,622879.6223315864,0.622880
2026-06-29T00:39:02,idle,cu_up1,2027588,635678.550427489,0.635679
2026-06-29T00:39:02,idle,cu_cp2,2027616,648477.43560666,0.648477
2026-06-29T00:39:02,idle,cu_up2,2027624,635678.550427489,0.635679
2026-06-29T00:39:02,idle,du1,2027807,4803852.757811224,4.803853
2026-06-29T00:39:02,idle,du2,2028564,4842249.1558483485,4.842249
2026-06-29T00:39:02,idle,du3,2029330,4791053.958465517,4.791054
2026-06-29T00:39:02,idle,du4,2030102,4752656.873760688,4.752657
2026-06-29T00:39:02,idle,ue1,2027851,1382280.8868524104,1.382281
2026-06-29T00:39:02,idle,ue2,2027863,1318286.3751230924,1.318286
2026-06-29T00:39:02,idle,ue3,2027875,1382280.8868524104,1.382281
2026-06-29T00:39:02,idle,ue4,2027887,1360949.382942638,1.360949
2026-06-29T00:39:02,idle,ue5,2028610,1416411.1901078909,1.416411
2026-06-29T00:39:02,idle,ue6,2028622,1403612.3907621831,1.403612
2026-06-29T00:39:02,idle,ue7,2028634,1365215.7352246703,1.365216
2026-06-29T00:39:02,idle,ue8,2028646,1356683.0306606055,1.356683
2026-06-29T00:39:02,idle,ue9,2029394,1352416.764212036,1.352417
2026-06-29T00:39:02,idle,ue10,2029406,1382280.8868524104,1.382281
2026-06-29T00:39:02,idle,ue11,2029418,1360949.382942638,1.360949
2026-06-29T00:39:02,idle,ue12,2029430,1288422.2524827183,1.288422
2026-06-29T00:39:02,idle,ue13,2030165,1301221.2234953523,1.301221
2026-06-29T00:39:02,idle,ue14,2030177,1407878.6572107524,1.407879
2026-06-29T00:39:02,idle,ue15,2030189,1314020.02284106,1.314020
2026-06-29T00:39:02,idle,ue16,2030201,1267090.7485729456,1.267091
2026-06-29T00:39:08,idle,cu_cp1,2027561,608088.1013241756,0.608088
2026-06-29T00:39:08,idle,cu_up1,2027588,624979.3850727761,0.624979
2026-06-29T00:39:08,idle,cu_cp2,2027616,641870.7545656747,0.641871
2026-06-29T00:39:08,idle,cu_up2,2027624,629202.2488820753,0.629202
2026-06-29T00:39:08,idle,du1,2027807,4725351.119457364,4.725351
2026-06-29T00:39:08,idle,du2,2028564,4742242.746183157,4.742243
2026-06-29T00:39:08,idle,du3,2029330,4704237.100515911,4.704237
2026-06-29T00:39:08,idle,du4,2030102,4725351.119457364,4.725351
2026-06-29T00:39:08,idle,ue1,2027851,1372421.0917886943,1.372421
2026-06-29T00:39:08,idle,ue2,2027863,1380866.6479186965,1.380867
2026-06-29T00:39:08,idle,ue3,2027875,1368198.185107246,1.368198
2026-06-29T00:39:08,idle,ue4,2027887,1342861.1737400473,1.342861
2026-06-29T00:39:08,idle,ue5,2028610,1410426.5659673435,1.410427
2026-06-29T00:39:08,idle,ue6,2028622,1325969.8899914466,1.325970
2026-06-29T00:39:08,idle,ue7,2028634,1296409.9719427996,1.296410
2026-06-29T00:39:08,idle,ue8,2028646,1296409.9719427996,1.296410
2026-06-29T00:39:08,idle,ue9,2029394,1380866.6479186965,1.380867
2026-06-29T00:39:08,idle,ue10,2029406,1309078.6062428462,1.309079
2026-06-29T00:39:08,idle,ue11,2029418,1368198.185107246,1.368198
2026-06-29T00:39:08,idle,ue12,2029430,1334415.446121449,1.334415
2026-06-29T00:39:08,idle,ue13,2030165,1287964.3300684995,1.287964
2026-06-29T00:39:08,idle,ue14,2030177,1347084.0804214955,1.347084
2026-06-29T00:39:08,idle,ue15,2030189,1342861.1737400473,1.342861
2026-06-29T00:39:08,idle,ue16,2030201,1245736.0349527001,1.245736
2026-06-29T00:39:14,idle,cu_cp1,2027561,599765.2257698536,0.599765
2026-06-29T00:39:14,idle,cu_up1,2027588,618957.6848755538,0.618958
2026-06-29T00:39:14,idle,cu_cp2,2027616,638150.1439812541,0.638150
2026-06-29T00:39:14,idle,cu_up2,2027624,614159.5486670136,0.614160
2026-06-29T00:39:14,idle,du1,2027807,4735745.778262424,4.735746
2026-06-29T00:39:14,idle,du2,2028564,4750139.929702664,4.750140
2026-06-29T00:39:14,idle,du3,2029330,4668572.042799783,4.668572
2026-06-29T00:39:14,idle,du4,2030102,4716553.233428264,4.716553
2026-06-29T00:39:14,idle,ue1,2027851,1377060.8054280102,1.377061
2026-06-29T00:39:14,idle,ue2,2027863,1372262.6692194701,1.372263
2026-06-29T00:39:14,idle,ue3,2027875,1338675.8872166097,1.338676
2026-06-29T00:39:14,idle,ue4,2027887,1343474.02342515,1.343474
2026-06-29T00:39:14,idle,ue5,2028610,1391455.2997820913,1.391455
2026-06-29T00:39:14,idle,ue6,2028622,1319483.4281109094,1.319483
2026-06-29T00:39:14,idle,ue7,2028634,1271502.151753968,1.271502
2026-06-29T00:39:14,idle,ue8,2028646,1281098.4241710484,1.281098
2026-06-29T00:39:14,idle,ue9,2029394,1410647.7588877915,1.410648
2026-06-29T00:39:14,idle,ue10,2029406,1372262.6692194701,1.372263
2026-06-29T00:39:14,idle,ue11,2029418,1309887.2414222895,1.309887
2026-06-29T00:39:14,idle,ue12,2029430,1329079.7005279898,1.329080
2026-06-29T00:39:14,idle,ue13,2030165,1281098.4241710484,1.281098
2026-06-29T00:39:14,idle,ue14,2030177,1343474.02342515,1.343474
2026-06-29T00:39:14,idle,ue15,2030189,1343474.02342515,1.343474
2026-06-29T00:39:14,idle,ue16,2030201,1242713.505959648,1.242714
2026-06-29T00:39:20,idle,cu_cp1,2027561,606357.5494455225,0.606358
2026-06-29T00:39:20,idle,cu_up1,2027588,626076.501807425,0.626077
2026-06-29T00:39:20,idle,cu_cp2,2027616,631006.218472175,0.631006
2026-06-29T00:39:20,idle,cu_up2,2027624,621146.6994397724,0.621147
2026-06-29T00:39:20,idle,du1,2027807,4767054.612343111,4.767055
2026-06-29T00:39:20,idle,du2,2028564,4771984.243304959,4.771984
2026-06-29T00:39:20,idle,du3,2029330,4678319.540971806,4.678320
2026-06-29T00:39:20,idle,du4,2030102,4742406.114722264,4.742406
2026-06-29T00:39:20,idle,ue1,2027851,1360607.1130509602,1.360607
2026-06-29T00:39:20,idle,ue2,2027863,1365536.915418613,1.365537
2026-06-29T00:39:20,idle,ue3,2027875,1345817.9630567103,1.345818
2026-06-29T00:39:20,idle,ue4,2027887,1340888.1606890578,1.340888
2026-06-29T00:39:20,idle,ue5,2028610,1375396.348748113,1.375396
2026-06-29T00:39:20,idle,ue6,2028622,1306380.0583329052,1.306380
2026-06-29T00:39:20,idle,ue7,2028634,1306380.0583329052,1.306380
2026-06-29T00:39:20,idle,ue8,2028646,1365536.915418613,1.365537
2026-06-29T00:39:20,idle,ue9,2029394,1355677.482089113,1.355677
2026-06-29T00:39:20,idle,ue10,2029406,1340888.1606890578,1.340888
2026-06-29T00:39:20,idle,ue11,2029418,1370466.7177862655,1.370467
2026-06-29T00:39:20,idle,ue12,2029430,1316239.4916624052,1.316239
2026-06-29T00:39:20,idle,ue13,2030165,1286661.1916739054,1.286661
2026-06-29T00:39:20,idle,ue14,2030177,1350747.6797214604,1.350748
2026-06-29T00:39:20,idle,ue15,2030189,1350747.6797214604,1.350748
2026-06-29T00:39:20,idle,ue16,2030201,1252153.00361485,1.252153
2026-06-29T00:39:25,idle,cu_cp1,2027561,604196.8735479749,0.604197
2026-06-29T00:39:25,idle,cu_up1,2027588,615596.899420141,0.615597
2026-06-29T00:39:25,idle,cu_cp2,2027616,638396.7798244036,0.638397
2026-06-29T00:39:25,idle,cu_up2,2027624,626996.8396222723,0.626997
2026-06-29T00:39:25,idle,du1,2027807,4776575.630053282,4.776576
2026-06-29T00:39:25,idle,du2,2028564,4799375.510457545,4.799376
2026-06-29T00:39:25,idle,du3,2029330,4696776.048638362,4.696776
2026-06-29T00:39:25,idle,du4,2030102,4776575.630053282,4.776576
2026-06-29T00:39:25,idle,ue1,2027851,1379392.9357979535,1.379393
2026-06-29T00:39:25,idle,ue2,2027863,1310993.294585166,1.310993
2026-06-29T00:39:25,idle,ue3,2027875,1322393.320457332,1.322393
2026-06-29T00:39:25,idle,ue4,2027887,1310993.294585166,1.310993
2026-06-29T00:39:25,idle,ue5,2028610,1367992.9955958223,1.367993
2026-06-29T00:39:25,idle,ue6,2028622,1242593.6533723783,1.242594
2026-06-29T00:39:25,idle,ue7,2028634,1310993.294585166,1.310993
2026-06-29T00:39:25,idle,ue8,2028646,1322393.320457332,1.322393
2026-06-29T00:39:25,idle,ue9,2029394,1345193.2008615946,1.345193
2026-06-29T00:39:25,idle,ue10,2029406,1367992.9955958223,1.367993
2026-06-29T00:39:25,idle,ue11,2029418,1367992.9955958223,1.367993
2026-06-29T00:39:25,idle,ue12,2029430,1310993.294585166,1.310993
2026-06-29T00:39:25,idle,ue13,2030165,1322393.320457332,1.322393
2026-06-29T00:39:25,idle,ue14,2030177,1322393.320457332,1.322393
2026-06-29T00:39:25,idle,ue15,2030189,1367992.9955958223,1.367993
2026-06-29T00:39:25,idle,ue16,2030201,1299593.4400530695,1.299593
2026-06-29T00:39:31,idle,cu_cp1,2027561,620272.0455015191,0.620272
2026-06-29T00:39:31,idle,cu_up1,2027588,628542.3097445155,0.628542
2026-06-29T00:39:31,idle,cu_cp2,2027616,645082.9238950002,0.645083
2026-06-29T00:39:31,idle,cu_up2,2027624,628542.3097445155,0.628542
2026-06-29T00:39:31,idle,du1,2027807,4730608.108563335,4.730608
2026-06-29T00:39:31,idle,du2,2028564,4805040.61524704,4.805041
2026-06-29T00:39:31,idle,du3,2029330,4738878.158645101,4.738878
2026-06-29T00:39:31,idle,du4,2030102,4738878.158645101,4.738878
2026-06-29T00:39:31,idle,ue1,2027851,1348057.911652205,1.348058
2026-06-29T00:39:31,idle,ue2,2027863,1306706.4619404853,1.306706
2026-06-29T00:39:31,idle,ue3,2027875,1364598.5258026898,1.364599
2026-06-29T00:39:31,idle,ue4,2027887,1323247.07609097,1.323247
2026-06-29T00:39:31,idle,ue5,2028610,1364598.5258026898,1.364599
2026-06-29T00:39:31,idle,ue6,2028622,1314976.6833512355,1.314977
2026-06-29T00:39:31,idle,ue7,2028634,1339787.6045769625,1.339788
2026-06-29T00:39:31,idle,ue8,2028646,1331517.2975017203,1.331517
2026-06-29T00:39:31,idle,ue9,2029394,1331517.2975017203,1.331517
2026-06-29T00:39:31,idle,ue10,2029406,1323247.07609097,1.323247
2026-06-29T00:39:31,idle,ue11,2029418,1364598.5258026898,1.364599
2026-06-29T00:39:31,idle,ue12,2029430,1306706.4619404853,1.306706
2026-06-29T00:39:31,idle,ue13,2030165,1356328.2187274473,1.356328
2026-06-29T00:39:31,idle,ue14,2030177,1339787.6045769625,1.339788
2026-06-29T00:39:31,idle,ue15,2030189,1381139.1399531746,1.381139
2026-06-29T00:39:31,idle,ue16,2030201,1331517.2975017203,1.331517
2026-06-29T00:39:37,idle,cu_cp1,2027561,615227.2433513361,0.615227
2026-06-29T00:39:37,idle,cu_up1,2027588,641131.5429128569,0.641132
2026-06-29T00:39:37,idle,cu_cp2,2027616,641131.5429128569,0.641132
2026-06-29T00:39:37,idle,cu_up2,2027624,621703.2753199774,0.621703
2026-06-29T00:39:37,idle,du1,2027807,4753439.74213037,4.753440
2026-06-29T00:39:37,idle,du2,2028564,4759915.774099011,4.759916
2026-06-29T00:39:37,idle,du3,2029330,4675726.671758852,4.675727
2026-06-29T00:39:37,idle,du4,2030102,4746964.05353564,4.746964
2026-06-29T00:39:37,idle,ue1,2027851,1353499.8666981573,1.353500
2026-06-29T00:39:37,idle,ue2,2027863,1366452.0164789176,1.366452
2026-06-29T00:39:37,idle,ue3,2027875,1366452.0164789176,1.366452
2026-06-29T00:39:37,idle,ue4,2027887,1347023.834729516,1.347024
2026-06-29T00:39:37,idle,ue5,2028610,1372928.1342910368,1.372928
2026-06-29T00:39:37,idle,ue6,2028622,1308167.3853872346,1.308167
2026-06-29T00:39:37,idle,ue7,2028634,1262834.8182328343,1.262835
2026-06-29T00:39:37,idle,ue8,2028646,1321119.621011473,1.321120
2026-06-29T00:39:37,idle,ue9,2029394,1347023.834729516,1.347024
2026-06-29T00:39:37,idle,ue10,2029406,1359975.9845102762,1.359976
2026-06-29T00:39:37,idle,ue11,2029418,1379404.252103156,1.379404
2026-06-29T00:39:37,idle,ue12,2029430,1295215.2356064743,1.295215
2026-06-29T00:39:37,idle,ue13,2030165,1301691.3534185933,1.301691
2026-06-29T00:39:37,idle,ue14,2030177,1353499.8666981573,1.353500
2026-06-29T00:39:37,idle,ue15,2030189,1379404.252103156,1.379404
2026-06-29T00:39:37,idle,ue16,2030201,1314643.5031993538,1.314644
2026-06-29T00:39:43,idle,cu_cp1,2027561,617137.6057162296,0.617138
2026-06-29T00:39:43,idle,cu_up1,2027588,621393.7095983407,0.621394
2026-06-29T00:39:43,idle,cu_cp2,2027616,634162.1074416274,0.634162
2026-06-29T00:39:43,idle,cu_up2,2027624,621393.7095983407,0.621394
2026-06-29T00:39:43,idle,du1,2027807,4775368.46722485,4.775368
2026-06-29T00:39:43,idle,du2,2028564,4783880.2440043045,4.783880
2026-06-29T00:39:43,idle,du3,2029330,4724294.358669982,4.724294
2026-06-29T00:39:43,idle,du4,2030102,4779624.183220671,4.779624
2026-06-29T00:39:43,idle,ue1,2027851,1391751.6153507656,1.391752
2026-06-29T00:39:43,idle,ue2,2027863,1391751.6153507656,1.391752
2026-06-29T00:39:43,idle,ue3,2027875,1361958.8450775116,1.361959
2026-06-29T00:39:43,idle,ue4,2027887,1361958.8450775116,1.361959
2026-06-29T00:39:43,idle,ue5,2028610,1417288.411037339,1.417288
2026-06-29T00:39:43,idle,ue6,2028622,1336422.0493909384,1.336422
2026-06-29T00:39:43,idle,ue7,2028634,1349190.404135748,1.349190
2026-06-29T00:39:43,idle,ue8,2028646,1344934.3433521139,1.344934
2026-06-29T00:39:43,idle,ue9,2029394,1378983.3468029094,1.378983
2026-06-29T00:39:43,idle,ue10,2029406,1357702.7842938774,1.357703
2026-06-29T00:39:43,idle,ue11,2029418,1391751.6153507656,1.391752
2026-06-29T00:39:43,idle,ue12,2029430,1344934.3433521139,1.344934
2026-06-29T00:39:43,idle,ue13,2030165,1357702.7842938774,1.357703
2026-06-29T00:39:43,idle,ue14,2030177,1349190.404135748,1.349190
2026-06-29T00:39:43,idle,ue15,2030189,1344934.3433521139,1.344934
2026-06-29T00:39:43,idle,ue16,2030201,1344934.3433521139,1.344934
2026-06-29T00:39:49,idle,cu_cp1,2027561,599694.68879578,0.599695
2026-06-29T00:39:49,idle,cu_up1,2027588,627587.4630149001,0.627587
2026-06-29T00:39:49,idle,cu_cp2,2027616,636885.0544212735,0.636885
2026-06-29T00:39:49,idle,cu_up2,2027624,627587.4630149001,0.627587
2026-06-29T00:39:49,idle,du1,2027807,4774313.1440880345,4.774313
2026-06-29T00:39:49,idle,du2,2028564,4806855.187942007,4.806855
2026-06-29T00:39:49,idle,du3,2029330,4709230.090412814,4.709230
2026-06-29T00:39:49,idle,du4,2030102,4783610.821663802,4.783611
2026-06-29T00:39:49,idle,ue1,2027851,1403936.3885317743,1.403936
2026-06-29T00:39:49,idle,ue2,2027863,1399287.5497438908,1.399288
2026-06-29T00:39:49,idle,ue3,2027875,1348150.7539241402,1.348151
2026-06-29T00:39:49,idle,ue4,2027887,1343502.0013056505,1.343502
2026-06-29T00:39:49,idle,ue5,2028610,1431829.1627508944,1.431829
2026-06-29T00:39:49,idle,ue6,2028622,1352799.5927120238,1.352800
2026-06-29T00:39:49,idle,ue7,2028634,1366745.936736887,1.366746
2026-06-29T00:39:49,idle,ue8,2028646,1329555.6572807871,1.329556
2026-06-29T00:39:49,idle,ue9,2029394,1343502.0013056505,1.343502
2026-06-29T00:39:49,idle,ue10,2029406,1352799.5927120238,1.352800
2026-06-29T00:39:49,idle,ue11,2029418,1389990.044506911,1.389990
2026-06-29T00:39:49,idle,ue12,2029430,1324906.8184929036,1.324907
2026-06-29T00:39:49,idle,ue13,2030165,1357448.4314999073,1.357448
2026-06-29T00:39:49,idle,ue14,2030177,1338853.162517767,1.338853
2026-06-29T00:39:49,idle,ue15,2030189,1324906.8184929036,1.324907
2026-06-29T00:39:49,idle,ue16,2030201,1334204.3237298834,1.334204
2026-06-29T00:39:55,idle,cu_cp1,2027561,614600.4471030724,0.614600
2026-06-29T00:39:55,idle,cu_up1,2027588,624513.4117720377,0.624513
2026-06-29T00:39:55,idle,cu_cp2,2027616,634426.3333336598,0.634426
2026-06-29T00:39:55,idle,cu_up2,2027624,629469.8509991771,0.629470
2026-06-29T00:39:55,idle,du1,2027807,4778023.45089405,4.778023
2026-06-29T00:39:55,idle,du2,2028564,4827587.584521384,4.827588
2026-06-29T00:39:55,idle,du3,2029330,4723502.317644115,4.723502
2026-06-29T00:39:55,idle,du4,2030102,4763153.831461229,4.763154
2026-06-29T00:39:55,idle,ue1,2027851,1402676.9999808585,1.402677
2026-06-29T00:39:55,idle,ue2,2027863,1387807.4667627239,1.387807
2026-06-29T00:39:55,idle,ue3,2027875,1358068.8313998878,1.358069
2026-06-29T00:39:55,idle,ue4,2027887,1303547.7843646384,1.303548
2026-06-29T00:39:55,idle,ue5,2028610,1402676.9999808585,1.402677
2026-06-29T00:39:55,idle,ue6,2028622,1328330.0236076785,1.328330
2026-06-29T00:39:55,idle,ue7,2028634,1298591.3020301557,1.298591
2026-06-29T00:39:55,idle,ue8,2028646,1348155.8667309224,1.348156
2026-06-29T00:39:55,idle,ue9,2029394,1348155.8667309224,1.348156
2026-06-29T00:39:55,idle,ue10,2029406,1348155.8667309224,1.348156
2026-06-29T00:39:55,idle,ue11,2029418,1377894.674523132,1.377895
2026-06-29T00:39:55,idle,ue12,2029430,1318417.2313680863,1.318417
2026-06-29T00:39:55,idle,ue13,2030165,1338242.9882766437,1.338243
2026-06-29T00:39:55,idle,ue14,2030177,1367981.7960688532,1.367982
2026-06-29T00:39:55,idle,ue15,2030189,1343199.4706111264,1.343199
2026-06-29T00:39:55,idle,ue16,2030201,1308504.266699121,1.308504
2026-06-29T00:40:00,idle,cu_cp1,2027561,614775.8155678547,0.614776
2026-06-29T00:40:00,idle,cu_up1,2027588,624691.5510620796,0.624692
2026-06-29T00:40:00,idle,cu_cp2,2027616,649480.8897976422,0.649481
2026-06-29T00:40:00,idle,cu_up2,2027624,629649.4188091921,0.629649
2026-06-29T00:40:00,idle,du1,2027807,4754596.6739622215,4.754597
2026-06-29T00:40:00,idle,du2,2028564,4794259.615939122,4.794260
2026-06-29T00:40:00,idle,du3,2029330,4739722.769824619,4.739723
2026-06-29T00:40:00,idle,du4,2030102,4749638.9351706505,4.749639
2026-06-29T00:40:00,idle,ue1,2027851,1358456.1925606346,1.358456
2026-06-29T00:40:00,idle,ue2,2027863,1373329.7528167916,1.373330
2026-06-29T00:40:00,idle,ue3,2027875,1358456.1925606346,1.358456
2026-06-29T00:40:00,idle,ue4,2027887,1348540.4570664095,1.348540
2026-06-29T00:40:00,idle,ue5,2028610,1393161.2238052415,1.393161
2026-06-29T00:40:00,idle,ue6,2028622,1308877.5150895095,1.308878
2026-06-29T00:40:00,idle,ue7,2028634,1318793.2505837346,1.318793
2026-06-29T00:40:00,idle,ue8,2028646,1294003.8688629912,1.294004
2026-06-29T00:40:00,idle,ue9,2029394,1343582.5463341165,1.343583
2026-06-29T00:40:00,idle,ue10,2029406,1358456.1925606346,1.358456
2026-06-29T00:40:00,idle,ue11,2029418,1388203.485013671,1.388203
2026-06-29T00:40:00,idle,ue12,2029430,1303919.6043572163,1.303920
2026-06-29T00:40:00,idle,ue13,2030165,1269214.5731126093,1.269215
2026-06-29T00:40:00,idle,ue14,2030177,1343582.5463341165,1.343583
2026-06-29T00:40:00,idle,ue15,2030189,1368372.0140252209,1.368372
2026-06-29T00:40:00,idle,ue16,2030201,1249383.1021241592,1.249383
2026-06-29T00:40:06,idle,cu_cp1,2027561,613517.8263148927,0.613518
2026-06-29T00:40:06,idle,cu_up1,2027588,622674.7953159356,0.622675
2026-06-29T00:40:06,idle,cu_cp2,2027616,631831.8503403139,0.631832
2026-06-29T00:40:06,idle,cu_up2,2027624,613517.8263148927,0.613518
2026-06-29T00:40:06,idle,du1,2027807,4752474.094489746,4.752474
2026-06-29T00:40:06,idle,du2,2028564,4743317.082477036,4.743317
2026-06-29T00:40:06,idle,du3,2029330,4679218.342481404,4.679218
2026-06-29T00:40:06,idle,du4,2030102,4734160.4145576665,4.734160
2026-06-29T00:40:06,idle,ue1,2027851,1364390.4887271023,1.364390
2026-06-29T00:40:06,idle,ue2,2027863,1391861.4387418986,1.391861
2026-06-29T00:40:06,idle,ue3,2027875,1373547.5007398129,1.373548
2026-06-29T00:40:06,idle,ue4,2027887,1364390.4887271023,1.364390
2026-06-29T00:40:06,idle,ue5,2028610,1382704.426729188,1.382704
2026-06-29T00:40:06,idle,ue6,2028622,1382704.426729188,1.382704
2026-06-29T00:40:06,idle,ue7,2028634,1364390.4887271023,1.364390
2026-06-29T00:40:06,idle,ue8,2028646,1318605.6007102204,1.318606
2026-06-29T00:40:06,idle,ue9,2029394,1346076.4647016812,1.346076
2026-06-29T00:40:06,idle,ue10,2029406,1336919.538712306,1.336920
2026-06-29T00:40:06,idle,ue11,2029418,1382704.426729188,1.382704
2026-06-29T00:40:06,idle,ue12,2029430,1327762.5266995954,1.327763
2026-06-29T00:40:06,idle,ue13,2030165,1346076.4647016812,1.346076
2026-06-29T00:40:06,idle,ue14,2030177,1355233.562737727,1.355234
2026-06-29T00:40:06,idle,ue15,2030189,1355233.562737727,1.355234
2026-06-29T00:40:06,idle,ue16,2030201,1300291.6627081346,1.300292
2026-06-29T00:40:12,idle,cu_cp1,2027561,635386.313986018,0.635386
2026-06-29T00:40:12,idle,cu_up1,2027588,621421.727534962,0.621422
2026-06-29T00:40:12,idle,cu_cp2,2027616,635386.313986018,0.635386
2026-06-29T00:40:12,idle,cu_up2,2027624,621421.727534962,0.621422
2026-06-29T00:40:12,idle,du1,2027807,4768888.178389213,4.768888
2026-06-29T00:40:12,idle,du2,2028564,4775870.299284775,4.775870
2026-06-29T00:40:12,idle,du3,2029330,4671136.762551684,4.671137
2026-06-29T00:40:12,idle,du4,2030102,4740959.350147033,4.740959
2026-06-29T00:40:12,idle,ue1,2027851,1382488.8887555695,1.382489
2026-06-29T00:40:12,idle,ue2,2027863,1389471.0958161145,1.389471
2026-06-29T00:40:12,idle,ue3,2027875,1368524.3884694963,1.368524
2026-06-29T00:40:12,idle,ue4,2027887,1382488.8887555695,1.382489
2026-06-29T00:40:12,idle,ue5,2028610,1368524.3884694963,1.368524
2026-06-29T00:40:12,idle,ue6,2028622,1382488.8887555695,1.382489
2026-06-29T00:40:12,idle,ue7,2028634,1333613.0085068392,1.333613
2026-06-29T00:40:12,idle,ue8,2028646,1312666.1288302552,1.312666
2026-06-29T00:40:12,idle,ue9,2029394,1354559.7158534573,1.354560
2026-06-29T00:40:12,idle,ue10,2029406,1333613.0085068392,1.333613
2026-06-29T00:40:12,idle,ue11,2029418,1375506.5955300415,1.375507
2026-06-29T00:40:12,idle,ue12,2029430,1347577.5087929124,1.347578
2026-06-29T00:40:12,idle,ue13,2030165,1298701.6285441823,1.298702
2026-06-29T00:40:12,idle,ue14,2030177,1340595.2155673844,1.340595
2026-06-29T00:40:12,idle,ue15,2030189,1368524.3884694963,1.368524
2026-06-29T00:40:12,idle,ue16,2030201,1298701.6285441823,1.298702
2026-06-29T00:40:18,idle,cu_cp1,2027561,623684.4360630497,0.623684
2026-06-29T00:40:18,idle,cu_up1,2027588,615198.8653855276,0.615199
2026-06-29T00:40:18,idle,cu_cp2,2027616,619441.6292275727,0.619442
2026-06-29T00:40:18,idle,cu_up2,2027624,610956.1445369145,0.610956
2026-06-29T00:40:18,idle,du1,2027807,4739152.937744923,4.739153
2026-06-29T00:40:18,idle,du2,2028564,4764609.520797193,4.764610
2026-06-29T00:40:18,idle,du3,2029330,4709453.762824335,4.709454
2026-06-29T00:40:18,idle,du4,2030102,4794308.695717781,4.794309
2026-06-29T00:40:18,idle,ue1,2027851,1349194.7744008612,1.349195
2026-06-29T00:40:18,idle,ue2,2027863,1319495.5994802737,1.319496
2026-06-29T00:40:18,idle,ue3,2027875,1387379.477005539,1.387379
2026-06-29T00:40:18,idle,ue4,2027887,1353437.5382429063,1.353438
2026-06-29T00:40:18,idle,ue5,2028610,1353437.5382429063,1.353438
2026-06-29T00:40:18,idle,ue6,2028622,1306767.3939410024,1.306767
2026-06-29T00:40:18,idle,ue7,2028634,1327980.955190636,1.327981
2026-06-29T00:40:18,idle,ue8,2028646,1319495.5994802737,1.319496
2026-06-29T00:40:18,idle,ue9,2029394,1400107.854518538,1.400108
2026-06-29T00:40:18,idle,ue10,2029406,1357680.3020849514,1.357680
2026-06-29T00:40:18,idle,ue11,2029418,1332223.805019545,1.332224
2026-06-29T00:40:18,idle,ue12,2029430,1323738.3633223188,1.323738
2026-06-29T00:40:18,idle,ue13,2030165,1285553.5747307772,1.285554
2026-06-29T00:40:18,idle,ue14,2030177,1319495.5994802737,1.319496
2026-06-29T00:40:18,idle,ue15,2030189,1400107.854518538,1.400108
2026-06-29T00:40:18,idle,ue16,2030201,1264339.8415074158,1.264340
2026-06-29T00:40:24,idle,cu_cp1,2027561,621616.3594551963,0.621616
2026-06-29T00:40:24,idle,cu_up1,2027588,617176.2851551983,0.617176
2026-06-29T00:40:24,idle,cu_cp2,2027616,643816.9468050223,0.643817
2026-06-29T00:40:24,idle,cu_up2,2027624,626056.4769251614,0.626056
2026-06-29T00:40:24,idle,du1,2027807,4790885.886693127,4.790886
2026-06-29T00:40:24,idle,du2,2028564,4813086.646722822,4.813087
2026-06-29T00:40:24,idle,du3,2029330,4759805.2370832395,4.759805
2026-06-29T00:40:24,idle,du4,2030102,4795326.522202699,4.795327
2026-06-29T00:40:24,idle,ue1,2027851,1376436.243009349,1.376436
2026-06-29T00:40:24,idle,ue2,2027863,1327594.9508397316,1.327595
2026-06-29T00:40:24,idle,ue3,2027875,1385316.391609345,1.385316
2026-06-29T00:40:24,idle,ue4,2027887,1380876.3604793143,1.380876
2026-06-29T00:40:24,idle,ue5,2028610,1420837.3313690668,1.420837
2026-06-29T00:40:24,idle,ue6,2028622,1327594.9508397316,1.327595
2026-06-29T00:40:24,idle,ue7,2028634,1354235.655659523,1.354236
2026-06-29T00:40:24,idle,ue8,2028646,1349795.5381895578,1.349796
2026-06-29T00:40:24,idle,ue9,2029394,1376436.243009349,1.376436
2026-06-29T00:40:24,idle,ue10,2029406,1367556.0080694186,1.367556
2026-06-29T00:40:24,idle,ue11,2029418,1389756.5954192448,1.389757
2026-06-29T00:40:24,idle,ue12,2029430,1340915.3032496274,1.340915
2026-06-29T00:40:24,idle,ue13,2030165,1363115.8905994534,1.363116
2026-06-29T00:40:24,idle,ue14,2030177,1336475.0994397276,1.336475
2026-06-29T00:40:24,idle,ue15,2030189,1380876.3604793143,1.380876
2026-06-29T00:40:24,idle,ue16,2030201,1332035.0683096969,1.332035
2026-06-29T00:40:29,idle,cu_cp1,2027561,625770.453223511,0.625770
2026-06-29T00:40:29,idle,cu_up1,2027588,625770.453223511,0.625770
2026-06-29T00:40:29,idle,cu_cp2,2027616,635703.354644813,0.635703
2026-06-29T00:40:29,idle,cu_up2,2027624,625770.453223511,0.625770
2026-06-29T00:40:29,idle,du1,2027807,4772741.177895172,4.772741
2026-06-29T00:40:29,idle,du2,2028564,4782674.51196805,4.782675
2026-06-29T00:40:29,idle,du3,2029330,4718110.436403799,4.718110
2026-06-29T00:40:29,idle,du4,2030102,4767775.030040625,4.767775
2026-06-29T00:40:29,idle,ue1,2027851,1395567.414608851,1.395567
2026-06-29T00:40:29,idle,ue2,2027863,1380668.1057420557,1.380668
2026-06-29T00:40:29,idle,ue3,2027875,1350869.4880084652,1.350869
2026-06-29T00:40:29,idle,ue4,2027887,1345903.0805629718,1.345903
2026-06-29T00:40:29,idle,ue5,2028610,1375701.6982965625,1.375702
2026-06-29T00:40:29,idle,ue6,2028622,1306171.73446871,1.306172
2026-06-29T00:40:29,idle,ue7,2028634,1340936.6731174784,1.340937
2026-06-29T00:40:29,idle,ue8,2028646,1345903.0805629718,1.345903
2026-06-29T00:40:29,idle,ue9,2029394,1380668.1057420557,1.380668
2026-06-29T00:40:29,idle,ue10,2029406,1335970.1791416698,1.335970
2026-06-29T00:40:29,idle,ue11,2029418,1375701.6982965625,1.375702
2026-06-29T00:40:29,idle,ue12,2029430,1380668.1057420557,1.380668
2026-06-29T00:40:29,idle,ue13,2030165,1360802.3894297672,1.360802
2026-06-29T00:40:29,idle,ue14,2030177,1326037.3642506832,1.326037
2026-06-29T00:40:29,idle,ue15,2030189,1400533.8220543445,1.400534
2026-06-29T00:40:29,idle,ue16,2030201,1345903.0805629718,1.345903
2026-06-29T00:40:35,idle,cu_cp1,2027561,613455.7163167772,0.613456
2026-06-29T00:40:35,idle,cu_up1,2027588,613455.7163167772,0.613456
2026-06-29T00:40:35,idle,cu_cp2,2027616,643380.3506035763,0.643380
2026-06-29T00:40:35,idle,cu_up2,2027624,628418.0118408618,0.628418
2026-06-29T00:40:35,idle,du1,2027807,4782959.357985113,4.782959
2026-06-29T00:40:35,idle,du2,2028564,4782959.357985113,4.782959
2026-06-29T00:40:35,idle,du3,2029330,4743059.787951207,4.743060
2026-06-29T00:40:35,idle,du4,2030102,4792934.682879889,4.792935
2026-06-29T00:40:35,idle,ue1,2027851,1386509.6262919165,1.386510
2026-06-29T00:40:35,idle,ue2,2027863,1386509.6262919165,1.386510
2026-06-29T00:40:35,idle,ue3,2027875,1381522.2232763083,1.381522
2026-06-29T00:40:35,idle,ue4,2027887,1361572.4382593555,1.361572
2026-06-29T00:40:35,idle,ue5,2028610,1431396.59934143,1.431397
2026-06-29T00:40:35,idle,ue6,2028622,1336635.2502267945,1.336635
2026-06-29T00:40:35,idle,ue7,2028634,1366559.8412749637,1.366560
2026-06-29T00:40:35,idle,ue8,2028646,1326660.357718318,1.326660
2026-06-29T00:40:35,idle,ue9,2029394,1391497.1157847845,1.391497
2026-06-29T00:40:35,idle,ue10,2029406,1331647.7607339262,1.331648
2026-06-29T00:40:35,idle,ue11,2029418,1386509.6262919165,1.386510
2026-06-29T00:40:35,idle,ue12,2029430,1391497.1157847845,1.391497
2026-06-29T00:40:35,idle,ue13,2030165,1366559.8412749637,1.366560
2026-06-29T00:40:35,idle,ue14,2030177,1321672.86822545,1.321673
2026-06-29T00:40:35,idle,ue15,2030189,1351597.545750879,1.351598
2026-06-29T00:40:35,idle,ue16,2030201,1321672.86822545,1.321673
2026-06-29T00:40:41,idle,cu_cp1,2027561,621375.0317554736,0.621375
2026-06-29T00:40:41,idle,cu_up1,2027588,621375.0317554736,0.621375
2026-06-29T00:40:41,idle,cu_cp2,2027616,641748.0211529619,0.641748
2026-06-29T00:40:41,idle,cu_up2,2027624,641748.0211529619,0.641748
2026-06-29T00:40:41,idle,du1,2027807,4787643.7382894615,4.787644
2026-06-29T00:40:41,idle,du2,2028564,4848762.92249474,4.848763
2026-06-29T00:40:41,idle,du3,2029330,4695965.826032801,4.695966
2026-06-29T00:40:41,idle,du4,2030102,4797830.557007427,4.797831
2026-06-29T00:40:41,idle,ue1,2027851,1385360.7732805503,1.385361
2026-06-29T00:40:41,idle,ue2,2027863,1395547.246378013,1.395547
2026-06-29T00:40:41,idle,ue3,2027875,1354801.3539881622,1.354801
2026-06-29T00:40:41,idle,ue4,2027887,1364987.827085625,1.364988
2026-06-29T00:40:41,idle,ue5,2028610,1354801.3539881622,1.354801
2026-06-29T00:40:41,idle,ue6,2028622,1324242.0211009001,1.324242
2026-06-29T00:40:41,idle,ue7,2028634,1344614.7944855737,1.344615
2026-06-29T00:40:41,idle,ue8,2028646,1375174.3001830876,1.375174
2026-06-29T00:40:41,idle,ue9,2029394,1385360.7732805503,1.385361
2026-06-29T00:40:41,idle,ue10,2029406,1354801.3539881622,1.354801
2026-06-29T00:40:41,idle,ue11,2029418,1344614.7944855737,1.344615
2026-06-29T00:40:41,idle,ue12,2029430,1344614.7944855737,1.344615
2026-06-29T00:40:41,idle,ue13,2030165,1293682.5154033864,1.293683
2026-06-29T00:40:41,idle,ue14,2030177,1303868.988500849,1.303869
2026-06-29T00:40:41,idle,ue15,2030189,1385360.7732805503,1.385361
2026-06-29T00:40:41,idle,ue16,2030201,1252936.5366084098,1.252937
2026-06-29T00:40:47,idle,cu_cp1,2027561,633108.0844452238,0.633108
2026-06-29T00:40:47,idle,cu_up1,2027588,618034.0465197372,0.618034
2026-06-29T00:40:47,idle,cu_cp2,2027616,640645.0818590355,0.640645
2026-06-29T00:40:47,idle,cu_up2,2027624,625571.0870314122,0.625571
2026-06-29T00:40:47,idle,du1,2027807,4801069.550589066,4.801070
2026-06-29T00:40:47,idle,du2,2028564,4853828.575583611,4.853829
2026-06-29T00:40:47,idle,du3,2029330,4710625.409231872,4.710625
2026-06-29T00:40:47,idle,du4,2030102,4718162.363547821,4.718162
2026-06-29T00:40:47,idle,ue1,2027851,1386808.1275114345,1.386808
2026-06-29T00:40:47,idle,ue2,2027863,1379271.173195486,1.379271
2026-06-29T00:40:47,idle,ue3,2027875,1371734.1326838112,1.371734
2026-06-29T00:40:47,idle,ue4,2027887,1349123.097344513,1.349123
2026-06-29T00:40:47,idle,ue5,2028610,1379271.173195486,1.379271
2026-06-29T00:40:47,idle,ue6,2028622,1326512.0620052146,1.326512
2026-06-29T00:40:47,idle,ue7,2028634,1311438.0671775914,1.311438
2026-06-29T00:40:47,idle,ue8,2028646,1288827.0318382932,1.288827
2026-06-29T00:40:47,idle,ue9,2029394,1394345.1680231094,1.394345
2026-06-29T00:40:47,idle,ue10,2029406,1364197.1783678627,1.364197
2026-06-29T00:40:47,idle,ue11,2029418,1334049.1025168896,1.334049
2026-06-29T00:40:47,idle,ue12,2029430,1326512.0620052146,1.326512
2026-06-29T00:40:47,idle,ue13,2030165,1311438.0671775914,1.311438
2026-06-29T00:40:47,idle,ue14,2030177,1311438.0671775914,1.311438
2026-06-29T00:40:47,idle,ue15,2030189,1401882.2085347844,1.401882
2026-06-29T00:40:47,idle,ue16,2030201,1303901.0266659164,1.303901
2026-06-29T00:40:52,idle,cu_cp1,2027561,617319.7312889898,0.617320
2026-06-29T00:40:52,idle,cu_up1,2027588,630091.8761754311,0.630092
2026-06-29T00:40:52,idle,cu_cp2,2027616,642864.0210618722,0.642864
2026-06-29T00:40:52,idle,cu_up2,2027624,625834.4945466173,0.625834
2026-06-29T00:40:52,idle,du1,2027807,4755491.131574645,4.755491
2026-06-29T00:40:52,idle,du2,2028564,4798064.256561065,4.798064
2026-06-29T00:40:52,idle,du3,2029330,4729946.150500045,4.729946
2026-06-29T00:40:52,idle,du4,2030102,4789549.838954296,4.789550
2026-06-29T00:40:52,idle,ue1,2027851,1341073.9168856083,1.341074
2026-06-29T00:40:52,idle,ue2,2027863,1379390.3515449322,1.379390
2026-06-29T00:40:52,idle,ue3,2027875,1379390.3515449322,1.379390
2026-06-29T00:40:52,idle,ue4,2027887,1332559.153627981,1.332559
2026-06-29T00:40:52,idle,ue5,2028610,1409191.9365339137,1.409192
2026-06-29T00:40:52,idle,ue6,2028622,1396419.8780601872,1.396420
2026-06-29T00:40:52,idle,ue7,2028634,1366618.1202457761,1.366618
2026-06-29T00:40:52,idle,ue8,2028646,1324044.3903703534,1.324044
2026-06-29T00:40:52,idle,ue9,2029394,1392162.4100186587,1.392162
2026-06-29T00:40:52,idle,ue10,2029406,1353846.0617720496,1.353846
2026-06-29T00:40:52,idle,ue11,2029418,1341073.9168856083,1.341074
2026-06-29T00:40:52,idle,ue12,2029430,1379390.3515449322,1.379390
2026-06-29T00:40:52,idle,ue13,2030165,1294242.8053813719,1.294243
2026-06-29T00:40:52,idle,ue14,2030177,1349588.680143236,1.349589
2026-06-29T00:40:52,idle,ue15,2030189,1358103.4434008633,1.358103
2026-06-29T00:40:52,idle,ue16,2030201,1268698.5156084895,1.268699
2026-06-29T00:40:58,idle,cu_cp1,2027561,620009.5499992311,0.620010
2026-06-29T00:40:58,idle,cu_up1,2027588,624285.540421443,0.624286
2026-06-29T00:40:58,idle,cu_cp2,2027616,641389.2000695742,0.641389
2026-06-29T00:40:58,idle,cu_up2,2027624,628561.4445463073,0.628561
2026-06-29T00:40:58,idle,du1,2027807,4746280.244479809,4.746280
2026-06-29T00:40:58,idle,du2,2028564,4797591.611762267,4.797592
2026-06-29T00:40:58,idle,du3,2029330,4720624.388243885,4.720624
2026-06-29T00:40:58,idle,du4,2030102,4729176.800575047,4.729177
2026-06-29T00:40:58,idle,ue1,2027851,1338365.455803101,1.338365
2026-06-29T00:40:58,idle,ue2,2027863,1308434.083780377,1.308434
2026-06-29T00:40:58,idle,ue3,2027875,1385400.6169199776,1.385401
2026-06-29T00:40:58,idle,ue4,2027887,1308434.083780377,1.308434
2026-06-29T00:40:58,idle,ue5,2028610,1415332.161537397,1.415332
2026-06-29T00:40:58,idle,ue6,2028622,1398228.458740592,1.398228
2026-06-29T00:40:58,idle,ue7,2028634,1312709.9447565675,1.312710
2026-06-29T00:40:58,idle,ue8,2028646,1385400.6169199776,1.385401
2026-06-29T00:40:58,idle,ue9,2029394,1355469.158599906,1.355469
2026-06-29T00:40:58,idle,ue10,2029406,1376848.808670249,1.376849
2026-06-29T00:40:58,idle,ue11,2029418,1376848.808670249,1.376849
2026-06-29T00:40:58,idle,ue12,2029430,1308434.083780377,1.308434
2026-06-29T00:40:58,idle,ue13,2030165,1274226.5918894196,1.274227
2026-06-29T00:40:58,idle,ue14,2030177,1355469.158599906,1.355469
2026-06-29T00:40:58,idle,ue15,2030189,1385400.6169199776,1.385401
2026-06-29T00:40:58,idle,ue16,2030201,1240019.0999984622,1.240019
2026-06-29T00:41:04,idle,cu_cp1,2027561,607692.8756652308,0.607693
2026-06-29T00:41:04,idle,cu_up1,2027588,627455.2736814547,0.627455
2026-06-29T00:41:04,idle,cu_cp2,2027616,637336.4295228838,0.637336
2026-06-29T00:41:04,idle,cu_up2,2027624,627455.2736814547,0.627455
2026-06-29T00:41:04,idle,du1,2027807,4787434.444427834,4.787434
2026-06-29T00:41:04,idle,du2,2028564,4747909.303061924,4.747909
2026-06-29T00:41:04,idle,du3,2029330,4723206.56454174,4.723207
2026-06-29T00:41:04,idle,du4,2030102,4826958.89512682,4.826959
2026-06-29T00:41:04,idle,ue1,2027851,1398187.7603138017,1.398188
2026-06-29T00:41:04,idle,ue2,2027863,1329019.367257018,1.329019
2026-06-29T00:41:04,idle,ue3,2027875,1378425.3622975778,1.378425
2026-06-29T00:41:04,idle,ue4,2027887,1329019.367257018,1.329019
2026-06-29T00:41:04,idle,ue5,2028610,1437712.3836795187,1.437712
2026-06-29T00:41:04,idle,ue6,2028622,1324078.7677529622,1.324079
2026-06-29T00:41:04,idle,ue7,2028634,1368544.0769561005,1.368544
2026-06-29T00:41:04,idle,ue8,2028646,1398187.7603138017,1.398188
2026-06-29T00:41:04,idle,ue9,2029394,1348781.6789398766,1.348782
2026-06-29T00:41:04,idle,ue10,2029406,1358662.9642813539,1.358663
2026-06-29T00:41:04,idle,ue11,2029418,1388306.4749723244,1.388306
2026-06-29T00:41:04,idle,ue12,2029430,1338900.56626513,1.338901
2026-06-29T00:41:04,idle,ue13,2030165,1264791.6600376558,1.264792
2026-06-29T00:41:04,idle,ue14,2030177,1358662.9642813539,1.358663
2026-06-29T00:41:04,idle,ue15,2030189,1388306.4749723244,1.388306
2026-06-29T00:41:04,idle,ue16,2030201,1264791.6600376558,1.264792
2026-06-29T00:41:10,idle,cu_cp1,2027561,625390.7906023961,0.625391
2026-06-29T00:41:10,idle,cu_up1,2027588,625390.7906023961,0.625391
2026-06-29T00:41:10,idle,cu_cp2,2027616,630354.2129934722,0.630354
2026-06-29T00:41:10,idle,cu_up2,2027624,625390.7906023961,0.625391
2026-06-29T00:41:10,idle,du1,2027807,4774808.894829669,4.774809
2026-06-29T00:41:10,idle,du2,2028564,4784736.084150374,4.784736
2026-06-29T00:41:10,idle,du3,2029330,4705320.981354604,4.705321
2026-06-29T00:41:10,idle,du4,2030102,4789699.162002897,4.789699
2026-06-29T00:41:10,idle,ue1,2027851,1389757.3220202846,1.389757
2026-06-29T00:41:10,idle,ue2,2027863,1330196.3394620097,1.330196
2026-06-29T00:41:10,idle,ue3,2027875,1379830.4772381324,1.379830
2026-06-29T00:41:10,idle,ue4,2027887,1340123.0981095238,1.340123
2026-06-29T00:41:10,idle,ue5,2028610,1384793.8134945703,1.384794
2026-06-29T00:41:10,idle,ue6,2028622,1330196.3394620097,1.330196
2026-06-29T00:41:10,idle,ue7,2028634,1330196.3394620097,1.330196
2026-06-29T00:41:10,idle,ue8,2028646,1320269.4085452193,1.320269
2026-06-29T00:41:10,idle,ue9,2029394,1325232.8309362954,1.325233
2026-06-29T00:41:10,idle,ue10,2029406,1345086.606635238,1.345087
2026-06-29T00:41:10,idle,ue11,2029418,1374867.1409816945,1.374867
2026-06-29T00:41:10,idle,ue12,2029430,1325232.8309362954,1.325233
2026-06-29T00:41:10,idle,ue13,2030165,1270635.2707690967,1.270635
2026-06-29T00:41:10,idle,ue14,2030177,1355013.3652827519,1.355013
2026-06-29T00:41:10,idle,ue15,2030189,1374867.1409816945,1.374867
2026-06-29T00:41:10,idle,ue16,2030201,1245818.1588137161,1.245818
2026-06-29T00:41:16,idle,cu_cp1,2027561,625447.1198621616,0.625447
2026-06-29T00:41:16,idle,cu_up1,2027588,614474.3452051639,0.614474
2026-06-29T00:41:16,idle,cu_cp2,2027616,614474.3452051639,0.614474
2026-06-29T00:41:16,idle,cu_up2,2027624,625447.1198621616,0.625447
2026-06-29T00:41:16,idle,du1,2027807,4795094.369862676,4.795094
2026-06-29T00:41:16,idle,du2,2028564,4773149.25204314,4.773149
2026-06-29T00:41:16,idle,du3,2029330,4740230.36712935,4.740230
2026-06-29T00:41:16,idle,du4,2030102,4773149.25204314,4.773149
2026-06-29T00:41:16,idle,ue1,2027851,1349648.995890072,1.349649
2026-06-29T00:41:16,idle,ue2,2027863,1294785.1657545299,1.294785
2026-06-29T00:41:16,idle,ue3,2027875,1349648.995890072,1.349649
2026-06-29T00:41:16,idle,ue4,2027887,1327703.4465760768,1.327703
2026-06-29T00:41:16,idle,ue5,2028610,1426458.2890407175,1.426458
2026-06-29T00:41:16,idle,ue6,2028622,1393539.9219202786,1.393540
2026-06-29T00:41:16,idle,ue7,2028634,1426458.2890407175,1.426458
2026-06-29T00:41:16,idle,ue8,2028646,1327703.4465760768,1.327703
2026-06-29T00:41:16,idle,ue9,2029394,1404512.7397267222,1.404513
2026-06-29T00:41:16,idle,ue10,2029406,1360621.8136965155,1.360622
2026-06-29T00:41:16,idle,ue11,2029418,1349648.995890072,1.349649
2026-06-29T00:41:16,idle,ue12,2029430,1349648.995890072,1.349649
2026-06-29T00:41:16,idle,ue13,2030165,1316730.7150685252,1.316731
2026-06-29T00:41:16,idle,ue14,2030177,1393539.9219202786,1.393540
2026-06-29T00:41:16,idle,ue15,2030189,1360621.8136965155,1.360622
2026-06-29T00:41:16,idle,ue16,2030201,1283812.3479480862,1.283812
2026-06-29T00:41:21,idle,cu_cp1,2027561,619624.4863167781,0.619624
2026-06-29T00:41:21,idle,cu_up1,2027588,619624.4863167781,0.619624
2026-06-29T00:41:21,idle,cu_cp2,2027616,635718.6054123801,0.635719
2026-06-29T00:41:21,idle,cu_up2,2027624,611577.3838577342,0.611577
2026-06-29T00:41:21,idle,du1,2027807,4699488.955134763,4.699489
2026-06-29T00:41:21,idle,du2,2028564,4771913.177644858,4.771913
2026-06-29T00:41:21,idle,du3,2029330,4715583.417520309,4.715583
2026-06-29T00:41:21,idle,du4,2030102,4699488.955134763,4.699489
2026-06-29T00:41:21,idle,ue1,2027851,1392143.275686747,1.392143
2026-06-29T00:41:21,idle,ue2,2027863,1359954.9516730572,1.359955
2026-06-29T00:41:21,idle,ue3,2027875,1351907.8063027703,1.351908
2026-06-29T00:41:21,idle,ue4,2027887,1311672.5085637653,1.311673
2026-06-29T00:41:21,idle,ue5,2028610,1368002.0112208582,1.368002
2026-06-29T00:41:21,idle,ue6,2028622,1351907.8063027703,1.351908
2026-06-29T00:41:21,idle,ue7,2028634,1351907.8063027703,1.351908
2026-06-29T00:41:21,idle,ue8,2028646,1255343.091729158,1.255343
2026-06-29T00:41:21,idle,ue9,2029394,1400190.335234548,1.400190
2026-06-29T00:41:21,idle,ue10,2029406,1359954.9516730572,1.359955
2026-06-29T00:41:21,idle,ue11,2029418,1392143.275686747,1.392143
2026-06-29T00:41:21,idle,ue12,2029430,1311672.5085637653,1.311673
2026-06-29T00:41:21,idle,ue13,2030165,1287531.3299203622,1.287531
2026-06-29T00:41:21,idle,ue14,2030177,1343860.7467549695,1.343861
2026-06-29T00:41:21,idle,ue15,2030189,1384096.216138946,1.384096
2026-06-29T00:41:21,idle,ue16,2030201,1231201.8272632693,1.231202
2026-06-29T00:41:27,idle,cu_cp1,2027561,621584.259266983,0.621584
2026-06-29T00:41:27,idle,cu_up1,2027588,621584.259266983,0.621584
2026-06-29T00:41:27,idle,cu_cp2,2027616,634356.4911281556,0.634356
2026-06-29T00:41:27,idle,cu_up2,2027624,621584.259266983,0.621584
2026-06-29T00:41:27,idle,du1,2027807,4738515.099064541,4.738515
2026-06-29T00:41:27,idle,du2,2028564,4776832.353895927,4.776832
2026-06-29T00:41:27,idle,du3,2029330,4691683.510541797,4.691684
2026-06-29T00:41:27,idle,du4,2030102,4725742.910222435,4.725743
2026-06-29T00:41:27,idle,ue1,2027851,1409208.0919770778,1.409208
2026-06-29T00:41:27,idle,ue2,2027863,1383663.542216599,1.383664
2026-06-29T00:41:27,idle,ue3,2027875,1379406.1172565192,1.379406
2026-06-29T00:41:27,idle,ue4,2027887,1336831.8676557213,1.336832
2026-06-29T00:41:27,idle,ue5,2028610,1404950.667016998,1.404951
2026-06-29T00:41:27,idle,ue6,2028622,1349604.1425359608,1.349604
2026-06-29T00:41:27,idle,ue7,2028634,1315544.7428553223,1.315545
2026-06-29T00:41:27,idle,ue8,2028646,1315544.7428553223,1.315545
2026-06-29T00:41:27,idle,ue9,2029394,1366633.7563381463,1.366634
2026-06-29T00:41:27,idle,ue10,2029406,1387920.8811385452,1.387921
2026-06-29T00:41:27,idle,ue11,2029418,1324059.5067373484,1.324060
2026-06-29T00:41:27,idle,ue12,2029430,1341089.292615801,1.341089
2026-06-29T00:41:27,idle,ue13,2030165,1341089.292615801,1.341089
2026-06-29T00:41:27,idle,ue14,2030177,1328316.9316974282,1.328317
2026-06-29T00:41:27,idle,ue15,2030189,1370891.2673363597,1.370891
2026-06-29T00:41:27,idle,ue16,2030201,1324059.5067373484,1.324060
2026-06-29T00:41:33,idle,cu_cp1,2027561,605708.4994957233,0.605708
2026-06-29T00:41:33,idle,cu_up1,2027588,626887.0973335021,0.626887
2026-06-29T00:41:33,idle,cu_cp2,2027616,635358.5364686138,0.635359
2026-06-29T00:41:33,idle,cu_up2,2027624,622651.3777659464,0.622651
2026-06-29T00:41:33,idle,du1,2027807,4744010.382724307,4.744010
2026-06-29T00:41:33,idle,du2,2028564,4769424.871939711,4.769425
2026-06-29T00:41:33,idle,du3,2029330,4705889.16433141,4.705889
2026-06-29T00:41:33,idle,du4,2030102,4765189.410087261,4.765189
2026-06-29T00:41:33,idle,ue1,2027851,1355431.5501933782,1.355432
2026-06-29T00:41:33,idle,ue2,2027863,1376610.2339361925,1.376610
2026-06-29T00:41:33,idle,ue3,2027875,1351195.8306258225,1.351196
2026-06-29T00:41:33,idle,ue4,2027887,1334252.9523555995,1.334253
2026-06-29T00:41:33,idle,ue5,2028610,1393553.1122064155,1.393553
2026-06-29T00:41:33,idle,ue6,2028622,1368138.7948010808,1.368139
2026-06-29T00:41:33,idle,ue7,2028634,1380845.8675987131,1.380846
2026-06-29T00:41:33,idle,ue8,2028646,1270717.0729372276,1.270717
2026-06-29T00:41:33,idle,ue9,2029394,1389317.3067338245,1.389317
2026-06-29T00:41:33,idle,ue10,2029406,1355431.5501933782,1.355432
2026-06-29T00:41:33,idle,ue11,2029418,1376610.2339361925,1.376610
2026-06-29T00:41:33,idle,ue12,2029430,1359667.2697609342,1.359667
2026-06-29T00:41:33,idle,ue13,2030165,1346960.1110582668,1.346960
2026-06-29T00:41:33,idle,ue14,2030177,1325781.5132204879,1.325782
2026-06-29T00:41:33,idle,ue15,2030189,1380845.8675987131,1.380846
2026-06-29T00:41:33,idle,ue16,2030201,1313074.2686127853,1.313074
2026-06-29T00:41:39,idle,cu_cp1,2027561,612918.2709130895,0.612918
2026-06-29T00:41:39,idle,cu_up1,2027588,608203.4656044161,0.608203
2026-06-29T00:41:39,idle,cu_cp2,2027616,636492.0389645994,0.636492
2026-06-29T00:41:39,idle,cu_up2,2027624,627062.5575931811,0.627063
2026-06-29T00:41:39,idle,du1,2027807,4780762.090918732,4.780762
2026-06-29T00:41:39,idle,du2,2028564,4785476.982391357,4.785477
2026-06-29T00:41:39,idle,du3,2029330,4700611.34847476,4.700611
2026-06-29T00:41:39,idle,du4,2030102,4724185.461182079,4.724185
2026-06-29T00:41:39,idle,ue1,2027851,1400282.4426401425,1.400282
2026-06-29T00:41:39,idle,ue2,2027863,1371993.8692799592,1.371994
2026-06-29T00:41:39,idle,ue3,2027875,1334275.8576303339,1.334276
2026-06-29T00:41:39,idle,ue4,2027887,1329561.0523216606,1.329561
2026-06-29T00:41:39,idle,ue5,2028610,1423856.2106916523,1.423856
2026-06-29T00:41:39,idle,ue6,2028622,1395567.637331469,1.395568
2026-06-29T00:41:39,idle,ue7,2028634,1395567.637331469,1.395568
2026-06-29T00:41:39,idle,ue8,2028646,1310702.0895788241,1.310702
2026-06-29T00:41:39,idle,ue9,2029394,1371993.8692799592,1.371994
2026-06-29T00:41:39,idle,ue10,2029406,1348420.1012284493,1.348420
2026-06-29T00:41:39,idle,ue11,2029418,1367279.2362991904,1.367279
2026-06-29T00:41:39,idle,ue12,2029430,1329561.0523216606,1.329561
2026-06-29T00:41:39,idle,ue13,2030165,1338990.6629390074,1.338991
2026-06-29T00:41:39,idle,ue14,2030177,1338990.6629390074,1.338991
2026-06-29T00:41:39,idle,ue15,2030189,1353134.9065371228,1.353135
2026-06-29T00:41:39,idle,ue16,2030201,1324846.3331769395,1.324846
2026-06-29T00:41:45,idle,cu_cp1,2027561,614622.2235662803,0.614622
2026-06-29T00:41:45,idle,cu_up1,2027588,624535.5247020095,0.624536
2026-06-29T00:41:45,idle,cu_cp2,2027616,644362.0411191195,0.644362
2026-06-29T00:41:45,idle,cu_up2,2027624,624535.5247020095,0.624536
2026-06-29T00:41:45,idle,du1,2027807,4763322.200443292,4.763322
2026-06-29T00:41:45,idle,du2,2028564,4783148.716860401,4.783149
2026-06-29T00:41:45,idle,du3,2029330,4718712.624359143,4.718713
2026-06-29T00:41:45,idle,du4,2030102,4713756.424526608,4.713756
2026-06-29T00:41:45,idle,ue1,2027851,1397769.9225323438,1.397770
2026-06-29T00:41:45,idle,ue2,2027863,1358116.889698124,1.358117
2026-06-29T00:41:45,idle,ue3,2027875,1343246.916530943,1.343247
2026-06-29T00:41:45,idle,ue4,2027887,1343246.916530943,1.343247
2026-06-29T00:41:45,idle,ue5,2028610,1353160.174739498,1.353160
2026-06-29T00:41:45,idle,ue6,2028622,1353160.174739498,1.353160
2026-06-29T00:41:45,idle,ue7,2028634,1387856.5784694403,1.387857
2026-06-29T00:41:45,idle,ue8,2028646,1328377.115072459,1.328377
2026-06-29T00:41:45,idle,ue9,2029394,1402726.5516366214,1.402727
2026-06-29T00:41:45,idle,ue10,2029406,1348203.5456352204,1.348204
2026-06-29T00:41:45,idle,ue11,2029418,1288724.082238239,1.288724
2026-06-29T00:41:45,idle,ue12,2029430,1328377.115072459,1.328377
2026-06-29T00:41:45,idle,ue13,2030165,1348203.5456352204,1.348204
2026-06-29T00:41:45,idle,ue14,2030177,1298637.340446794,1.298637
2026-06-29T00:41:45,idle,ue15,2030189,1363073.5188024014,1.363074
2026-06-29T00:41:45,idle,ue16,2030201,1328377.115072459,1.328377
2026-06-29T00:41:50,idle,cu_cp1,2027561,621796.7053289071,0.621797
2026-06-29T00:41:50,idle,cu_up1,2027588,621796.7053289071,0.621797
2026-06-29T00:41:50,idle,cu_cp2,2027616,621796.7053289071,0.621797
2026-06-29T00:41:50,idle,cu_up2,2027624,633988.8060043663,0.633989
2026-06-29T00:41:50,idle,du1,2027807,4742724.287652898,4.742724
2026-06-29T00:41:50,idle,du2,2028564,4803684.66229434,4.803685
2026-06-29T00:41:50,idle,du3,2029330,4632995.338661814,4.632995
2026-06-29T00:41:50,idle,du4,2030102,4767108.574827719,4.767109
2026-06-29T00:41:50,idle,ue1,2027851,1365514.3315885037,1.365514
2026-06-29T00:41:50,idle,ue2,2027863,1353322.2738249958,1.353322
2026-06-29T00:41:50,idle,ue3,2027875,1377706.3893520117,1.377706
2026-06-29T00:41:50,idle,ue4,2027887,1365514.3315885037,1.365514
2026-06-29T00:41:50,idle,ue5,2028610,1353322.2738249958,1.353322
2026-06-29T00:41:50,idle,ue6,2028622,1353322.2738249958,1.353322
2026-06-29T00:41:50,idle,ue7,2028634,1328938.0724740773,1.328938
2026-06-29T00:41:50,idle,ue8,2028646,1353322.2738249958,1.353322
2026-06-29T00:41:50,idle,ue9,2029394,1377706.3893520117,1.377706
2026-06-29T00:41:50,idle,ue10,2029406,1389898.5329394222,1.389899
2026-06-29T00:41:50,idle,ue11,2029418,1353322.2738249958,1.353322
2026-06-29T00:41:50,idle,ue12,2029430,1304553.8711231588,1.304554
2026-06-29T00:41:50,idle,ue13,2030165,1280169.755596143,1.280170
2026-06-29T00:41:50,idle,ue14,2030177,1341130.1302375854,1.341130
2026-06-29T00:41:50,idle,ue15,2030189,1377706.3893520117,1.377706
2026-06-29T00:41:50,idle,ue16,2030201,1255785.5542452247,1.255786
2026-06-29T00:41:56,idle,cu_cp1,2027561,614169.5247720614,0.614170
2026-06-29T00:41:56,idle,cu_up1,2027588,614169.5247720614,0.614170
2026-06-29T00:41:56,idle,cu_cp2,2027616,640120.3292322468,0.640120
2026-06-29T00:41:56,idle,cu_up2,2027624,614169.5247720614,0.614170
2026-06-29T00:41:56,idle,du1,2027807,4783601.61854147,4.783602
2026-06-29T00:41:56,idle,du2,2028564,4766301.282303329,4.766301
2026-06-29T00:41:56,idle,du3,2029330,4697099.25140111,4.697099
2026-06-29T00:41:56,idle,du4,2030102,4792252.129635368,4.792252
2026-06-29T00:41:56,idle,ue1,2027851,1375393.6224424583,1.375394
2026-06-29T00:41:56,idle,ue2,2027863,1384043.9620489425,1.384044
2026-06-29T00:41:56,idle,ue3,2027875,1401344.4697744972,1.401344
2026-06-29T00:41:56,idle,ue4,2027887,1314841.6739156032,1.314842
2026-06-29T00:41:56,idle,ue5,2028610,1392694.130168013,1.392694
2026-06-29T00:41:56,idle,ue6,2028622,1358093.1147169035,1.358093
2026-06-29T00:41:56,idle,ue7,2028634,1340792.521247642,1.340793
2026-06-29T00:41:56,idle,ue8,2028646,1314841.6739156032,1.314842
2026-06-29T00:41:56,idle,ue9,2029394,1384043.9620489425,1.384044
2026-06-29T00:41:56,idle,ue10,2029406,1384043.9620489425,1.384044
2026-06-29T00:41:56,idle,ue11,2029418,1297541.1661900484,1.297541
2026-06-29T00:41:56,idle,ue12,2029430,1323492.0135220874,1.323492
2026-06-29T00:41:56,idle,ue13,2030165,1314841.6739156032,1.314842
2026-06-29T00:41:56,idle,ue14,2030177,1340792.521247642,1.340793
2026-06-29T00:41:56,idle,ue15,2030189,1340792.521247642,1.340793
2026-06-29T00:41:56,idle,ue16,2030201,1297541.1661900484,1.297541
2026-06-29T00:42:02,idle,cu_cp1,2027561,619489.113960199,0.619489
2026-06-29T00:42:02,idle,cu_up1,2027588,619489.113960199,0.619489
2026-06-29T00:42:02,idle,cu_cp2,2027616,646423.3823273069,0.646423
2026-06-29T00:42:02,idle,cu_up2,2027624,626222.7131491369,0.626223
2026-06-29T00:42:02,idle,du1,2027807,4753905.5351604605,4.753906
2026-06-29T00:42:02,idle,du2,2028564,4827974.826665275,4.827975
2026-06-29T00:42:02,idle,du3,2029330,4686569.628863511,4.686570
2026-06-29T00:42:02,idle,du4,2030102,4700037.084018674,4.700037
2026-06-29T00:42:02,idle,ue1,2027851,1360182.585359134,1.360183
2026-06-29T00:42:02,idle,ue2,2027863,1292846.7646546138,1.292847
2026-06-29T00:42:02,idle,ue3,2027875,1373649.7837370099,1.373650
2026-06-29T00:42:02,idle,ue4,2027887,1346715.3869812584,1.346715
2026-06-29T00:42:02,idle,ue5,2028610,1380383.340129733,1.380383
2026-06-29T00:42:02,idle,ue6,2028622,1353449.0289664108,1.353449
2026-06-29T00:42:02,idle,ue7,2028634,1366916.1417518575,1.366916
2026-06-29T00:42:02,idle,ue8,2028646,1299580.321047337,1.299580
2026-06-29T00:42:02,idle,ue9,2029394,1366916.1417518575,1.366916
2026-06-29T00:42:02,idle,ue10,2029406,1360182.585359134,1.360183
2026-06-29T00:42:02,idle,ue11,2029418,1339981.8305885352,1.339982
2026-06-29T00:42:02,idle,ue12,2029430,1313047.5194252126,1.313048
2026-06-29T00:42:02,idle,ue13,2030165,1265912.5390837204,1.265913
2026-06-29T00:42:02,idle,ue14,2030177,1339981.8305885352,1.339982
2026-06-29T00:42:02,idle,ue15,2030189,1360182.585359134,1.360183
2026-06-29T00:42:02,idle,ue16,2030201,1286113.2082618903,1.286113
2026-06-29T00:42:08,idle,cu_cp1,2027561,605823.1295223892,0.605823
2026-06-29T00:42:08,idle,cu_up1,2027588,618532.7215550005,0.618533
2026-06-29T00:42:08,idle,cu_cp2,2027616,635478.7871054948,0.635479
2026-06-29T00:42:08,idle,cu_up2,2027624,627005.7114605069,0.627006
2026-06-29T00:42:08,idle,du1,2027807,4732198.965104056,4.732199
2026-06-29T00:42:08,idle,du2,2028564,4744907.956960296,4.744908
2026-06-29T00:42:08,idle,du3,2029330,4677124.037716245,4.677124
2026-06-29T00:42:08,idle,du4,2030102,4727962.405846691,4.727962
2026-06-29T00:42:08,idle,ue1,2027851,1342978.4814098119,1.342978
2026-06-29T00:42:08,idle,ue2,2027863,1326032.5015987991,1.326033
2026-06-29T00:42:08,idle,ue3,2027875,1398053.4087976217,1.398053
2026-06-29T00:42:08,idle,ue4,2027887,1376870.7839897634,1.376871
2026-06-29T00:42:08,idle,ue5,2028610,1389580.2902828932,1.389580
2026-06-29T00:42:08,idle,ue6,2028622,1338742.0078919292,1.338742
2026-06-29T00:42:08,idle,ue7,2028634,1359924.6326997876,1.359925
2026-06-29T00:42:08,idle,ue8,2028646,1321795.8566019535,1.321796
2026-06-29T00:42:08,idle,ue9,2029394,1338742.0078919292,1.338742
2026-06-29T00:42:08,idle,ue10,2029406,1334505.4486345649,1.334505
2026-06-29T00:42:08,idle,ue11,2029418,1313322.8238267065,1.313323
2026-06-29T00:42:08,idle,ue12,2029430,1334505.4486345649,1.334505
2026-06-29T00:42:08,idle,ue13,2030165,1283667.166243601,1.283667
2026-06-29T00:42:08,idle,ue14,2030177,1347215.1264066577,1.347215
2026-06-29T00:42:08,idle,ue15,2030189,1351451.5999245406,1.351452
2026-06-29T00:42:08,idle,ue16,2030201,1270957.5742109895,1.270958
2026-06-29T00:42:14,idle,cu_cp1,2027561,614669.5875720114,0.614670
2026-06-29T00:42:14,idle,cu_up1,2027588,628129.4861890018,0.628129
2026-06-29T00:42:14,idle,cu_cp2,2027616,641589.4275832236,0.641589
2026-06-29T00:42:14,idle,cu_up2,2027624,623642.9246120572,0.623643
2026-06-29T00:42:14,idle,du1,2027807,4737891.157537651,4.737891
2026-06-29T00:42:14,idle,du2,2028564,4796217.39913702,4.796217
2026-06-29T00:42:14,idle,du3,2029330,4719944.569012022,4.719945
2026-06-29T00:42:14,idle,du4,2030102,4755837.74606328,4.755838
2026-06-29T00:42:14,idle,ue1,2027851,1363938.4179773151,1.363938
2026-06-29T00:42:14,idle,ue2,2027863,1381884.9209484817,1.381885
2026-06-29T00:42:14,idle,ue3,2027875,1395344.8623427034,1.395345
2026-06-29T00:42:14,idle,ue4,2027887,1377398.3593715369,1.377398
2026-06-29T00:42:14,idle,ue5,2028610,1399831.5950285732,1.399832
2026-06-29T00:42:14,idle,ue6,2028622,1314585.385086298,1.314585
2026-06-29T00:42:14,idle,ue7,2028634,1337018.5351888717,1.337019
2026-06-29T00:42:14,idle,ue8,2028646,1337018.5351888717,1.337019
2026-06-29T00:42:14,idle,ue9,2029394,1381884.9209484817,1.381885
2026-06-29T00:42:14,idle,ue10,2029406,1287665.5022978545,1.287666
2026-06-29T00:42:14,idle,ue11,2029418,1283178.855166447,1.283179
2026-06-29T00:42:14,idle,ue12,2029430,1359451.6852914453,1.359452
2026-06-29T00:42:14,idle,ue13,2030165,1251772.4963555217,1.251772
2026-06-29T00:42:14,idle,ue14,2030177,1345991.8294516862,1.345992
2026-06-29T00:42:14,idle,ue15,2030189,1332531.8880574643,1.332532
2026-06-29T00:42:14,idle,ue16,2030201,1247285.8492241143,1.247286
2026-06-29T00:42:19,idle,cu_cp1,2027561,617776.6513931281,0.617777
2026-06-29T00:42:19,idle,cu_up1,2027588,617776.6513931281,0.617777
2026-06-29T00:42:19,idle,cu_cp2,2027616,627661.0506945458,0.627661
2026-06-29T00:42:19,idle,cu_up2,2027624,617776.6513931281,0.617777
2026-06-29T00:42:19,idle,du1,2027807,4759350.901444185,4.759351
2026-06-29T00:42:19,idle,du2,2028564,4803830.505193088,4.803831
2026-06-29T00:42:19,idle,du3,2029330,4714870.954393101,4.714871
2026-06-29T00:42:19,idle,du4,2030102,4744524.023559037,4.744524
2026-06-29T00:42:19,idle,ue1,2027851,1368992.9722884179,1.368993
2026-06-29T00:42:19,idle,ue2,2027863,1388761.7708912534,1.388762
2026-06-29T00:42:19,idle,ue3,2027875,1373935.1504827405,1.373935
2026-06-29T00:42:19,idle,ue4,2027887,1378877.3286770629,1.378877
2026-06-29T00:42:19,idle,ue5,2028610,1398646.2131054436,1.398646
2026-06-29T00:42:19,idle,ue6,2028622,1329455.2892572016,1.329455
2026-06-29T00:42:19,idle,ue7,2028634,1344281.9096657145,1.344282
2026-06-29T00:42:19,idle,ue8,2028646,1319570.847043011,1.319571
2026-06-29T00:42:19,idle,ue9,2029394,1393704.0349111212,1.393704
2026-06-29T00:42:19,idle,ue10,2029406,1329455.2892572016,1.329455
2026-06-29T00:42:19,idle,ue11,2029418,1359108.5300742274,1.359109
2026-06-29T00:42:19,idle,ue12,2029430,1383819.5926969307,1.383820
2026-06-29T00:42:19,idle,ue13,2030165,1349224.087860037,1.349224
2026-06-29T00:42:19,idle,ue14,2030177,1329455.2892572016,1.329455
2026-06-29T00:42:19,idle,ue15,2030189,1359108.5300742274,1.359109
2026-06-29T00:42:19,idle,ue16,2030201,1344281.9096657145,1.344282
2026-06-29T00:42:25,idle,cu_cp1,2027561,631137.2581926254,0.631137
2026-06-29T00:42:25,idle,cu_up1,2027588,626167.6372745964,0.626168
2026-06-29T00:42:25,idle,cu_cp2,2027616,641076.3711016631,0.641076
2026-06-29T00:42:25,idle,cu_up2,2027624,621198.0593322408,0.621198
2026-06-29T00:42:25,idle,du1,2027807,4721104.975880721,4.721105
2026-06-29T00:42:25,idle,du2,2028564,4805588.273633173,4.805588
2026-06-29T00:42:25,idle,du3,2029330,4736013.752683461,4.736014
2026-06-29T00:42:25,idle,du4,2030102,4765831.306288941,4.765831
2026-06-29T00:42:25,idle,ue1,2027851,1336818.2284962577,1.336818
2026-06-29T00:42:25,idle,ue2,2027863,1336818.2284962577,1.336818
2026-06-29T00:42:25,idle,ue3,2027875,1366635.6961503911,1.366636
2026-06-29T00:42:25,idle,ue4,2027887,1371605.3170684201,1.371605
2026-06-29T00:42:25,idle,ue5,2028610,1346757.3843809688,1.346757
2026-06-29T00:42:25,idle,ue6,2028622,1386514.0938711602,1.386514
2026-06-29T00:42:25,idle,ue7,2028634,1361666.0752323621,1.361666
2026-06-29T00:42:25,idle,ue8,2028646,1351727.0052989977,1.351727
2026-06-29T00:42:25,idle,ue9,2029394,1406392.3196892357,1.406392
2026-06-29T00:42:25,idle,ue10,2029406,1351727.0052989977,1.351727
2026-06-29T00:42:25,idle,ue11,2029418,1356696.4543143332,1.356696
2026-06-29T00:42:25,idle,ue12,2029430,1351727.0052989977,1.351727
2026-06-29T00:42:25,idle,ue13,2030165,1356696.4543143332,1.356696
2026-06-29T00:42:25,idle,ue14,2030177,1302031.1399240952,1.302031
2026-06-29T00:42:25,idle,ue15,2030189,1361666.0752323621,1.361666
2026-06-29T00:42:25,idle,ue16,2030201,1346757.3843809688,1.346757
2026-06-29T00:42:31,idle,cu_cp1,2027561,652167.5708519572,0.652168
2026-06-29T00:42:31,idle,cu_up1,2027588,622523.5767074972,0.622524
2026-06-29T00:42:31,idle,cu_cp2,2027616,642286.2394704706,0.642286
2026-06-29T00:42:31,idle,cu_up2,2027624,622523.5767074972,0.622524
2026-06-29T00:42:31,idle,du1,2027807,4841850.489164013,4.841850
2026-06-29T00:42:31,idle,du2,2028564,4792443.574834156,4.792444
2026-06-29T00:42:31,idle,du3,2029330,4762799.494882221,4.762799
2026-06-29T00:42:31,idle,du4,2030102,4752918.24930821,4.752918
2026-06-29T00:42:31,idle,ue1,2027851,1373504.461374321,1.373504
2026-06-29T00:42:31,idle,ue2,2027863,1373504.461374321,1.373504
2026-06-29T00:42:31,idle,ue3,2027875,1353741.7986113476,1.353742
2026-06-29T00:42:31,idle,ue4,2027887,1353741.7986113476,1.353742
2026-06-29T00:42:31,idle,ue5,2028610,1373504.461374321,1.373504
2026-06-29T00:42:31,idle,ue6,2028622,1363623.1299928343,1.363623
2026-06-29T00:42:31,idle,ue7,2028634,1324097.8044668876,1.324098
2026-06-29T00:42:31,idle,ue8,2028646,1353741.7986113476,1.353742
2026-06-29T00:42:31,idle,ue9,2029394,1383385.7927558077,1.383386
2026-06-29T00:42:31,idle,ue10,2029406,1314216.558892876,1.314217
2026-06-29T00:42:31,idle,ue11,2029418,1353741.7986113476,1.353742
2026-06-29T00:42:31,idle,ue12,2029430,1393267.1241372942,1.393267
2026-06-29T00:42:31,idle,ue13,2030165,1353741.7986113476,1.353742
2026-06-29T00:42:31,idle,ue14,2030177,1314216.558892876,1.314217
2026-06-29T00:42:31,idle,ue15,2030189,1353741.7986113476,1.353742
2026-06-29T00:42:31,idle,ue16,2030201,1324097.8044668876,1.324098
2026-06-29T00:42:37,idle,cu_cp1,2027561,609459.1570729197,0.609459
2026-06-29T00:42:37,idle,cu_up1,2027588,616891.6233700342,0.616892
2026-06-29T00:42:37,idle,cu_cp2,2027616,639188.8511896848,0.639189
2026-06-29T00:42:37,idle,cu_up2,2027624,631756.4704284167,0.631756
2026-06-29T00:42:37,idle,du1,2027807,4727024.614927838,4.727025
2026-06-29T00:42:37,idle,du2,2028564,4786484.345304754,4.786484
2026-06-29T00:42:37,idle,du3,2029330,4667565.568837693,4.667566
2026-06-29T00:42:37,idle,du4,2030102,4734457.337832492,4.734457
2026-06-29T00:42:37,idle,ue1,2027851,1337837.1761487466,1.337837
2026-06-29T00:42:37,idle,ue2,2027863,1367566.8702655118,1.367567
2026-06-29T00:42:37,idle,ue3,2027875,1360134.4895042437,1.360134
2026-06-29T00:42:37,idle,ue4,2027887,1322972.4146262102,1.322972
2026-06-29T00:42:37,idle,ue5,2028610,1419593.9632736207,1.419594
2026-06-29T00:42:37,idle,ue6,2028622,1345269.5569100147,1.345270
2026-06-29T00:42:37,idle,ue7,2028634,1345269.5569100147,1.345270
2026-06-29T00:42:37,idle,ue8,2028646,1337837.1761487466,1.337837
2026-06-29T00:42:37,idle,ue9,2029394,1374999.25102678,1.374999
2026-06-29T00:42:37,idle,ue10,2029406,1360134.4895042437,1.360134
2026-06-29T00:42:37,idle,ue11,2029418,1360134.4895042437,1.360134
2026-06-29T00:42:37,idle,ue12,2029430,1322972.4146262102,1.322972
2026-06-29T00:42:37,idle,ue13,2030165,1352702.1087429756,1.352702
2026-06-29T00:42:37,idle,ue14,2030177,1300675.015734867,1.300675
2026-06-29T00:42:37,idle,ue15,2030189,1374999.25102678,1.374999
2026-06-29T00:42:37,idle,ue16,2030201,1330404.7953874785,1.330405
2026-06-29T00:42:42,idle,cu_cp1,2027561,616024.721756497,0.616025
2026-06-29T00:42:42,idle,cu_up1,2027588,611776.3226360226,0.611776
2026-06-29T00:42:42,idle,cu_cp2,2027616,637266.9742071581,0.637267
2026-06-29T00:42:42,idle,cu_up2,2027624,628770.0903501129,0.628770
2026-06-29T00:42:42,idle,du1,2027807,4728520.832179222,4.728521
2026-06-29T00:42:42,idle,du2,2028564,4728520.832179222,4.728521
2026-06-29T00:42:42,idle,du3,2029330,4711527.064465132,4.711527
2026-06-29T00:42:42,idle,du4,2030102,4792247.632339253,4.792248
2026-06-29T00:42:42,idle,ue1,2027851,1397738.8499575674,1.397739
2026-06-29T00:42:42,idle,ue2,2027863,1372248.198386432,1.372248
2026-06-29T00:42:42,idle,ue3,2027875,1376496.6403149546,1.376497
2026-06-29T00:42:42,idle,ue4,2027887,1295776.2436730254,1.295776
2026-06-29T00:42:42,idle,ue5,2028610,1406235.819430709,1.406236
2026-06-29T00:42:42,idle,ue6,2028622,1351005.9031277227,1.351006
2026-06-29T00:42:42,idle,ue7,2028634,1334012.2210297287,1.334012
2026-06-29T00:42:42,idle,ue8,2028646,1338260.6629582513,1.338261
2026-06-29T00:42:42,idle,ue9,2029394,1376496.6403149546,1.376497
2026-06-29T00:42:42,idle,ue10,2029406,1351005.9031277227,1.351006
2026-06-29T00:42:42,idle,ue11,2029418,1380745.082243477,1.380745
2026-06-29T00:42:42,idle,ue12,2029430,1334012.2210297287,1.334012
2026-06-29T00:42:42,idle,ue13,2030165,1351005.9031277227,1.351006
2026-06-29T00:42:42,idle,ue14,2030177,1300024.5999854517,1.300025
2026-06-29T00:42:42,idle,ue15,2030189,1351005.9031277227,1.351006
2026-06-29T00:42:42,idle,ue16,2030201,1325515.2515565872,1.325515
2026-06-29T00:42:48,idle,cu_cp1,2027561,620665.8631162173,0.620666
2026-06-29T00:42:48,idle,cu_up1,2027588,624916.973071658,0.624917
2026-06-29T00:42:48,idle,cu_cp2,2027616,633419.2785920197,0.633419
2026-06-29T00:42:48,idle,cu_up2,2027624,629168.0830270988,0.629168
2026-06-29T00:42:48,idle,du1,2027807,4706007.228629809,4.706007
2026-06-29T00:42:48,idle,du2,2028564,4774025.672792702,4.774026
2026-06-29T00:42:48,idle,du3,2029330,4718760.9865435315,4.718761
2026-06-29T00:42:48,idle,du4,2030102,4697505.179937887,4.697505
2026-06-29T00:42:48,idle,ue1,2027851,1364614.5998160576,1.364615
2026-06-29T00:42:48,idle,ue2,2027863,1381619.1252473008,1.381619
2026-06-29T00:42:48,idle,ue3,2027875,1351861.1843402553,1.351861
2026-06-29T00:42:48,idle,ue4,2027887,1326354.3533886503,1.326354
2026-06-29T00:42:48,idle,ue5,2028610,1424130.567239629,1.424131
2026-06-29T00:42:48,idle,ue6,2028622,1351861.1843402553,1.351861
2026-06-29T00:42:48,idle,ue7,2028634,1373116.8197269393,1.373117
2026-06-29T00:42:48,idle,ue8,2028646,1334856.5732995318,1.334857
2026-06-29T00:42:48,idle,ue9,2029394,1377368.01529186,1.377368
2026-06-29T00:42:48,idle,ue10,2029406,1283842.9970058023,1.283843
2026-06-29T00:42:48,idle,ue11,2029418,1351861.1843402553,1.351861
2026-06-29T00:42:48,idle,ue12,2029430,1368865.7953809786,1.368866
2026-06-29T00:42:48,idle,ue13,2030165,1279591.8870503616,1.279592
2026-06-29T00:42:48,idle,ue14,2030177,1356112.379905176,1.356112
2026-06-29T00:42:48,idle,ue15,2030189,1347609.9887753343,1.347610
2026-06-29T00:42:48,idle,ue16,2030201,1275340.7770949209,1.275341
2026-06-29T00:42:54,idle,cu_cp1,2027561,613332.8977273068,0.613333
2026-06-29T00:42:54,idle,cu_up1,2027588,623146.2134761697,0.623146
2026-06-29T00:42:54,idle,cu_cp2,2027616,642772.8449738956,0.642773
2026-06-29T00:42:54,idle,cu_up2,2027624,632959.5292250327,0.632960
2026-06-29T00:42:54,idle,du1,2027807,4744743.022546382,4.744743
2026-06-29T00:42:54,idle,du2,2028564,4823249.89094935,4.823250
2026-06-29T00:42:54,idle,du3,2029330,4705489.588344898,4.705490
2026-06-29T00:42:54,idle,du4,2030102,4749649.787424583,4.749650
2026-06-29T00:42:54,idle,ue1,2027851,1359145.7078695411,1.359146
2026-06-29T00:42:54,idle,ue2,2027863,1368958.980816896,1.368959
2026-06-29T00:42:54,idle,ue3,2027875,1334612.3970966297,1.334612
2026-06-29T00:42:54,idle,ue4,2027887,1349332.3493191702,1.349332
2026-06-29T00:42:54,idle,ue5,2028610,1398398.9708649928,1.398399
2026-06-29T00:42:54,idle,ue6,2028622,1378772.339367267,1.378772
2026-06-29T00:42:54,idle,ue7,2028634,1344425.7556470006,1.344426
2026-06-29T00:42:54,idle,ue8,2028646,1344425.7556470006,1.344426
2026-06-29T00:42:54,idle,ue9,2029394,1388585.612314622,1.388586
2026-06-29T00:42:54,idle,ue10,2029406,1319892.4448740894,1.319892
2026-06-29T00:42:54,idle,ue11,2029418,1359145.7078695411,1.359146
2026-06-29T00:42:54,idle,ue12,2029430,1339519.0763718153,1.339519
2026-06-29T00:42:54,idle,ue13,2030165,1329705.7178214444,1.329706
2026-06-29T00:42:54,idle,ue14,2030177,1354239.0285943556,1.354239
2026-06-29T00:42:54,idle,ue15,2030189,1334612.3970966297,1.334612
2026-06-29T00:42:54,idle,ue16,2030201,1275732.4170004362,1.275732
2026-06-29T00:43:00,idle,cu_cp1,2027561,610306.6213496387,0.610307
2026-06-29T00:43:00,idle,cu_up1,2027588,620150.2641425729,0.620150
2026-06-29T00:43:00,idle,cu_cp2,2027616,625072.0855390399,0.625072
2026-06-29T00:43:00,idle,cu_up2,2027624,620150.2641425729,0.620150
2026-06-29T00:43:00,idle,du1,2027807,4710188.752472711,4.710189
2026-06-29T00:43:00,idle,du2,2028564,4779094.166669059,4.779094
2026-06-29T00:43:00,idle,du3,2029330,4700345.36574235,4.700345
2026-06-29T00:43:00,idle,du4,2030102,4754485.529134775,4.754486
2026-06-29T00:43:00,idle,ue1,2027851,1309206.027835685,1.309206
2026-06-29T00:43:00,idle,ue2,2027863,1338737.0415686786,1.338737
2026-06-29T00:43:00,idle,ue3,2027875,1353502.6337893666,1.353503
2026-06-29T00:43:00,idle,ue4,2027887,1289518.8276040077,1.289519
2026-06-29T00:43:00,idle,ue5,2028610,1387955.3408875405,1.387955
2026-06-29T00:43:00,idle,ue6,2028622,1378111.6980946064,1.378112
2026-06-29T00:43:00,idle,ue7,2028634,1323971.5347021818,1.323972
2026-06-29T00:43:00,idle,ue8,2028646,1304284.3344705044,1.304284
2026-06-29T00:43:00,idle,ue9,2029394,1387955.3408875405,1.387955
2026-06-29T00:43:00,idle,ue10,2029406,1314127.8919092477,1.314128
2026-06-29T00:43:00,idle,ue11,2029418,1338737.0415686786,1.338737
2026-06-29T00:43:00,idle,ue12,2029430,1323971.5347021818,1.323972
2026-06-29T00:43:00,idle,ue13,2030165,1299362.470396942,1.299362
2026-06-29T00:43:00,idle,ue14,2030177,1348580.769715804,1.348581
2026-06-29T00:43:00,idle,ue15,2030189,1358424.327154547,1.358424
2026-06-29T00:43:00,idle,ue16,2030201,1250144.1710780798,1.250144
2026-06-29T00:43:06,idle,cu_cp1,2027561,617107.8188944415,0.617108
2026-06-29T00:43:06,idle,cu_up1,2027588,617107.8188944415,0.617108
2026-06-29T00:43:06,idle,cu_cp2,2027616,627934.2823230207,0.627934
2026-06-29T00:43:06,idle,cu_up2,2027624,617107.8188944415,0.617108
2026-06-29T00:43:06,idle,du1,2027807,4720333.453022396,4.720333
2026-06-29T00:43:06,idle,du2,2028564,4763639.136298263,4.763639
2026-06-29T00:43:06,idle,du3,2029330,4666201.178489113,4.666201
2026-06-29T00:43:06,idle,du4,2030102,4720333.453022396,4.720333
2026-06-29T00:43:06,idle,ue1,2027851,1331653.6808172583,1.331654
2026-06-29T00:43:06,idle,ue2,2027863,1266694.985465008,1.266695
2026-06-29T00:43:06,idle,ue3,2027875,1364133.0284933834,1.364133
2026-06-29T00:43:06,idle,ue4,2027887,1331653.6808172583,1.331654
2026-06-29T00:43:06,idle,ue5,2028610,1407438.8822077005,1.407439
2026-06-29T00:43:06,idle,ue6,2028622,1310000.7539600998,1.310001
2026-06-29T00:43:06,idle,ue7,2028634,1331653.6808172583,1.331654
2026-06-29T00:43:06,idle,ue8,2028646,1331653.6808172583,1.331654
2026-06-29T00:43:06,idle,ue9,2029394,1374959.4493123502,1.374959
2026-06-29T00:43:06,idle,ue10,2029406,1320827.2599982917,1.320827
2026-06-29T00:43:06,idle,ue11,2029418,1277521.4062839746,1.277521
2026-06-29T00:43:06,idle,ue12,2029430,1331653.6808172583,1.331654
2026-06-29T00:43:06,idle,ue13,2030165,1266694.985465008,1.266695
2026-06-29T00:43:06,idle,ue14,2030177,1331653.6808172583,1.331654
2026-06-29T00:43:06,idle,ue15,2030189,1374959.4493123502,1.374959
2026-06-29T00:43:06,idle,ue16,2030201,1255868.5646460415,1.255869
2026-06-29T00:43:11,idle,cu_cp1,2027561,633400.042656835,0.633400
2026-06-29T00:43:11,idle,cu_up1,2027588,617364.6023133611,0.617365
2026-06-29T00:43:11,idle,cu_cp2,2027616,641417.7415300551,0.641418
2026-06-29T00:43:11,idle,cu_up2,2027624,609346.8182460737,0.609347
2026-06-29T00:43:11,idle,du1,2027807,4762526.591355374,4.762527
2026-06-29T00:43:11,idle,du2,2028564,4778562.500266219,4.778563
2026-06-29T00:43:11,idle,du3,2029330,4658296.420809445,4.658296
2026-06-29T00:43:11,idle,du4,2030102,4770544.7161989305,4.770545
2026-06-29T00:43:11,idle,ue1,2027851,1363012.7273745132,1.363013
2026-06-29T00:43:11,idle,ue2,2027863,1274817.78418689,1.274818
2026-06-29T00:43:11,idle,ue3,2027875,1363012.7273745132,1.363013
2026-06-29T00:43:11,idle,ue4,2027887,1314906.363747058,1.314906
2026-06-29T00:43:11,idle,ue5,2028610,1403101.306934681,1.403101
2026-06-29T00:43:11,idle,ue6,2028622,1346977.329628073,1.346977
2026-06-29T00:43:11,idle,ue7,2028634,1322924.062620278,1.322924
2026-06-29T00:43:11,idle,ue8,2028646,1330941.761493498,1.330942
2026-06-29T00:43:11,idle,ue9,2029394,1379048.2103150208,1.379048
2026-06-29T00:43:11,idle,ue10,2029406,1338959.4603667182,1.338959
2026-06-29T00:43:11,idle,ue11,2029418,1258782.3012463825,1.258782
2026-06-29T00:43:11,idle,ue12,2029430,1314906.363747058,1.314906
2026-06-29T00:43:11,idle,ue13,2030165,1330941.761493498,1.330942
2026-06-29T00:43:11,idle,ue14,2030177,1338959.4603667182,1.338959
2026-06-29T00:43:11,idle,ue15,2030189,1330941.761493498,1.330942
2026-06-29T00:43:11,idle,ue16,2030201,1322924.062620278,1.322924
2026-06-29T00:43:17,idle,cu_cp1,2027561,620707.6558451396,0.620708
2026-06-29T00:43:17,idle,cu_up1,2027588,620707.6558451396,0.620708
2026-06-29T00:43:17,idle,cu_cp2,2027616,633461.9490952778,0.633462
2026-06-29T00:43:17,idle,cu_up2,2027624,620707.6558451396,0.620708
2026-06-29T00:43:17,idle,du1,2027807,4714827.5822386835,4.714828
2026-06-29T00:43:17,idle,du2,2028564,4736084.481189931,4.736084
2026-06-29T00:43:17,idle,du3,2029330,4714827.5822386835,4.714828
2026-06-29T00:43:17,idle,du4,2030102,4736084.481189931,4.736084
2026-06-29T00:43:17,idle,ue1,2027851,1339198.055630905,1.339198
2026-06-29T00:43:17,idle,ue2,2027863,1356203.6944758724,1.356204
2026-06-29T00:43:17,idle,ue3,2027875,1385963.7120595283,1.385964
2026-06-29T00:43:17,idle,ue4,2027887,1347700.9177976637,1.347701
2026-06-29T00:43:17,idle,ue5,2028610,1394466.4887377368,1.394466
2026-06-29T00:43:17,idle,ue6,2028622,1347700.9177976637,1.347701
2026-06-29T00:43:17,idle,ue7,2028634,1305186.69245242,1.305187
2026-06-29T00:43:17,idle,ue8,2028646,1322192.3312973874,1.322192
2026-06-29T00:43:17,idle,ue9,2029394,1356203.6944758724,1.356204
2026-06-29T00:43:17,idle,ue10,2029406,1360455.211047802,1.360455
2026-06-29T00:43:17,idle,ue11,2029418,1322192.3312973874,1.322192
2026-06-29T00:43:17,idle,ue12,2029430,1300935.2613690407,1.300935
2026-06-29T00:43:17,idle,ue13,2030165,1296683.7447971113,1.296684
2026-06-29T00:43:17,idle,ue14,2030177,1356203.6944758724,1.356204
2026-06-29T00:43:17,idle,ue15,2030189,1373209.4188093902,1.373209
2026-06-29T00:43:17,idle,ue16,2030201,1266923.8981905556,1.266924
2026-06-29T00:43:23,idle,cu_cp1,2027561,618883.7703889016,0.618884
2026-06-29T00:43:23,idle,cu_up1,2027588,618883.7703889016,0.618884
2026-06-29T00:43:23,idle,cu_cp2,2027616,635839.4860268688,0.635839
2026-06-29T00:43:23,idle,cu_up2,2027624,614644.8307934743,0.614645
2026-06-29T00:43:23,idle,du1,2027807,4717929.041031356,4.717929
2026-06-29T00:43:23,idle,du2,2028564,4781513.263193989,4.781513
2026-06-29T00:43:23,idle,du3,2029330,4739123.781752233,4.739124
2026-06-29T00:43:23,idle,du4,2030102,4734884.970388031,4.734885
2026-06-29T00:43:23,idle,ue1,2027851,1377652.3337081934,1.377652
2026-06-29T00:43:23,idle,ue2,2027863,1326785.14405055,1.326785
2026-06-29T00:43:23,idle,ue3,2027875,1364935.47217817,1.364935
2026-06-29T00:43:23,idle,ue4,2027887,1309829.300181358,1.309829
2026-06-29T00:43:23,idle,ue5,2028610,1381891.145072396,1.381891
2026-06-29T00:43:23,idle,ue6,2028622,1339501.92009309,1.339502
2026-06-29T00:43:23,idle,ue7,2028634,1347979.7137964612,1.347980
2026-06-29T00:43:23,idle,ue8,2028646,1339501.92009309,1.339502
2026-06-29T00:43:23,idle,ue9,2029394,1377652.3337081934,1.377652
2026-06-29T00:43:23,idle,ue10,2029406,1335262.9377539211,1.335263
2026-06-29T00:43:23,idle,ue11,2029418,1335262.9377539211,1.335263
2026-06-29T00:43:23,idle,ue12,2029430,1322546.161711381,1.322546
2026-06-29T00:43:23,idle,ue13,2030165,1331024.0409022355,1.331024
2026-06-29T00:43:23,idle,ue14,2030177,1339501.92009309,1.339502
2026-06-29T00:43:23,idle,ue15,2030189,1335262.9377539211,1.335263
2026-06-29T00:43:23,idle,ue16,2030201,1314068.2825205266,1.314068
2026-06-29T00:43:29,dl,cu_cp1,2027561,608386.3354804835,0.608386
2026-06-29T00:43:29,dl,cu_up1,2027588,622318.9110057551,0.622319
2026-06-29T00:43:29,dl,cu_cp2,2027616,636251.4009456274,0.636251
2026-06-29T00:43:29,dl,cu_up2,2027624,617674.7048997646,0.617675
2026-06-29T00:43:29,dl,du1,2027807,4713833.59405417,4.713834
2026-06-29T00:43:29,dl,du2,2028564,4732409.733794937,4.732410
2026-06-29T00:43:29,dl,du3,2029330,4690612.563524217,4.690613
2026-06-29T00:43:29,dl,du4,2030102,4713833.59405417,4.713834
2026-06-29T00:43:29,dl,ue1,2027851,1379318.7720604409,1.379319
2026-06-29T00:43:29,dl,ue2,2027863,1374674.5659544503,1.374675
2026-06-29T00:43:29,dl,ue3,2027875,1342165.3799687154,1.342165
2026-06-29T00:43:29,dl,ue4,2027887,1342165.3799687154,1.342165
2026-06-29T00:43:29,dl,ue5,2028610,1393251.3047930128,1.393251
2026-06-29T00:43:29,dl,ue6,2028622,1370030.35984846,1.370030
2026-06-29T00:43:29,dl,ue7,2028634,1360742.0332218783,1.360742
2026-06-29T00:43:29,dl,ue8,2028646,1356097.827115888,1.356098
2026-06-29T00:43:29,dl,ue9,2029394,1388607.0131016232,1.388607
2026-06-29T00:43:29,dl,ue10,2029406,1332877.0533421338,1.332877
2026-06-29T00:43:29,dl,ue11,2029418,1342165.3799687154,1.342165
2026-06-29T00:43:29,dl,ue12,2029430,1379318.7720604409,1.379319
2026-06-29T00:43:29,dl,ue13,2030165,1328232.8472361434,1.328233
2026-06-29T00:43:29,dl,ue14,2030177,1342165.3799687154,1.342165
2026-06-29T00:43:29,dl,ue15,2030189,1337521.0882773257,1.337521
2026-06-29T00:43:29,dl,ue16,2030201,1300367.8673563986,1.300368
2026-06-29T00:43:35,dl,cu_cp1,2027561,665938.9393956214,0.665939
2026-06-29T00:43:35,dl,cu_up1,2027588,887918.5252340495,0.887919
2026-06-29T00:43:35,dl,cu_cp2,2027616,696912.7970260292,0.696913
2026-06-29T00:43:35,dl,cu_up2,2027624,882756.2156289816,0.882756
2026-06-29T00:43:35,dl,du1,2027807,5518517.152432824,5.518517
2026-06-29T00:43:35,dl,du2,2028564,5575302.376208234,5.575302
2026-06-29T00:43:35,dl,du3,2029330,5446244.817961872,5.446245
2026-06-29T00:43:35,dl,du4,2030102,5570140.612244177,5.570141
2026-06-29T00:43:35,dl,ue1,2027851,2111387.720438528,2.111388
2026-06-29T00:43:35,dl,ue2,2027863,2033953.0763625086,2.033953
2026-06-29T00:43:35,dl,ue3,2027875,1904894.9724751352,1.904895
2026-06-29T00:43:35,dl,ue4,2027887,1842947.2572143197,1.842947
2026-06-29T00:43:35,dl,ue5,2028610,2209471.7848151564,2.209472
2026-06-29T00:43:35,dl,ue6,2028622,2095900.7916233242,2.095901
2026-06-29T00:43:35,dl,ue7,2028634,1904894.9724751352,1.904895
2026-06-29T00:43:35,dl,ue8,2028646,1786161.8515585721,1.786162
2026-06-29T00:43:35,dl,ue9,2029394,2018466.1475473046,2.018466
2026-06-29T00:43:35,dl,ue10,2029406,1997816.9091270328,1.997817
2026-06-29T00:43:35,dl,ue11,2029418,1956518.250406152,1.956518
2026-06-29T00:43:35,dl,ue12,2029430,1961680.56001122,1.961681
2026-06-29T00:43:35,dl,ue13,2030165,1915219.7735656083,1.915220
2026-06-29T00:43:35,dl,ue14,2030177,2033953.0763625086,2.033953
2026-06-29T00:43:35,dl,ue15,2030189,1972005.1792213558,1.972005
2026-06-29T00:43:35,dl,ue16,2030201,1977167.4888264239,1.977167
2026-06-29T00:43:40,dl,cu_cp1,2027561,701439.7781989414,0.701440
2026-06-29T00:43:40,dl,cu_up1,2027588,1107536.4372741317,1.107536
2026-06-29T00:43:40,dl,cu_cp2,2027616,713745.7218412239,0.713746
2026-06-29T00:43:40,dl,cu_up2,2027624,1156760.306185056,1.156760
2026-06-29T00:43:40,dl,du1,2027807,6362181.919872293,6.362182
2026-06-29T00:43:40,dl,du2,2028564,6325263.334211092,6.325263
2026-06-29T00:43:40,dl,du3,2029330,6091450.405007725,6.091450
2026-06-29T00:43:40,dl,du4,2030102,6300652.201660881,6.300652
2026-06-29T00:43:40,dl,ue1,2027851,2498109.955687938,2.498110
2026-06-29T00:43:40,dl,ue2,2027863,2485804.0120456554,2.485804
2026-06-29T00:43:40,dl,ue3,2027875,2522722.031656091,2.522722
2026-06-29T00:43:40,dl,ue4,2027887,2547333.9189406564,2.547334
2026-06-29T00:43:40,dl,ue5,2028610,2596557.693509786,2.596558
2026-06-29T00:43:40,dl,ue6,2028622,2621169.7694779397,2.621170
2026-06-29T00:43:40,dl,ue7,2028634,2584251.7498675035,2.584252
2026-06-29T00:43:40,dl,ue8,2028646,2744229.2059007646,2.744229
2026-06-29T00:43:40,dl,ue9,2029394,2387356.4629073953,2.387356
2026-06-29T00:43:40,dl,ue10,2029406,2399662.4065496777,2.399662
2026-06-29T00:43:40,dl,ue11,2029418,2411968.35019196,2.411968
2026-06-29T00:43:40,dl,ue12,2029430,2436580.2374765254,2.436580
2026-06-29T00:43:40,dl,ue13,2030165,2387356.4629073953,2.387356
2026-06-29T00:43:40,dl,ue14,2030177,2399662.4065496777,2.399662
2026-06-29T00:43:40,dl,ue15,2030189,2522722.031656091,2.522722
2026-06-29T00:43:40,dl,ue16,2030201,2448886.1811188078,2.448886
2026-06-29T00:43:46,dl,cu_cp1,2027561,718766.6323807696,0.718767
2026-06-29T00:43:46,dl,cu_up1,2027588,1192307.0203489673,1.192307
2026-06-29T00:43:46,dl,cu_cp2,2027616,676486.2617555478,0.676486
2026-06-29T00:43:46,dl,cu_up2,2027624,1200762.999687726,1.200763
2026-06-29T00:43:46,dl,du1,2027807,6240585.737443872,6.240586
2026-06-29T00:43:46,dl,du2,2028564,6342058.626944404,6.342059
2026-06-29T00:43:46,dl,du3,2029330,6147568.542923241,6.147569
2026-06-29T00:43:46,dl,du4,2030102,6443531.516444935,6.443532
2026-06-29T00:43:46,dl,ue1,2027851,2528367.3008236885,2.528367
2026-06-29T00:43:46,dl,ue2,2027863,2494542.8147509396,2.494543
2026-06-29T00:43:46,dl,ue3,2027875,2528367.3008236885,2.528367
2026-06-29T00:43:46,dl,ue4,2027887,2680576.635074487,2.680577
2026-06-29T00:43:46,dl,ue5,2028610,2460718.707823334,2.460719
2026-06-29T00:43:46,dl,ue6,2028622,2494542.8147509396,2.494543
2026-06-29T00:43:46,dl,ue7,2028634,2519911.226698644,2.519911
2026-06-29T00:43:46,dl,ue8,2028646,2536823.374948733,2.536823
2026-06-29T00:43:46,dl,ue9,2029394,2426894.221750585,2.426894
2026-06-29T00:43:46,dl,ue10,2029406,2443806.5595732452,2.443807
2026-06-29T00:43:46,dl,ue11,2029418,2469174.7819483783,2.469175
2026-06-29T00:43:46,dl,ue12,2029430,2486086.930198467,2.486087
2026-06-29T00:43:46,dl,ue13,2030165,2494542.8147509396,2.494543
2026-06-29T00:43:46,dl,ue14,2030177,2604472.157521659,2.604472
2026-06-29T00:43:46,dl,ue15,2030189,2621384.1161991763,2.621384
2026-06-29T00:43:46,dl,ue16,2030201,2536823.374948733,2.536823
2026-06-29T00:43:53,dl,cu_cp1,2027561,728070.6218405125,0.728071
2026-06-29T00:43:53,dl,cu_up1,2027588,1054139.063345058,1.054139
2026-06-29T00:43:53,dl,cu_cp2,2027616,710203.8233826995,0.710204
2026-06-29T00:43:53,dl,cu_up2,2027624,1085405.8773923856,1.085406
2026-06-29T00:43:53,dl,du1,2027807,6222100.46733902,6.222100
2026-06-29T00:43:53,dl,du2,2028564,6329300.972644143,6.329301
2026-06-29T00:43:53,dl,du3,2029330,6150633.463802271,6.150633
2026-06-29T00:43:53,dl,du4,2030102,6235500.625649411,6.235501
2026-06-29T00:43:53,dl,ue1,2027851,2590680.590857674,2.590681
2026-06-29T00:43:53,dl,ue2,2027863,2510280.4021733343,2.510280
2026-06-29T00:43:53,dl,ue3,2027875,2554947.2793838023,2.554947
2026-06-29T00:43:53,dl,ue4,2027887,2680014.34527861,2.680014
2026-06-29T00:43:53,dl,ue5,2028610,2554947.2793838023,2.554947
2026-06-29T00:43:53,dl,ue6,2028622,2501346.836436738,2.501347
2026-06-29T00:43:53,dl,ue7,2028634,2590680.590857674,2.590681
2026-06-29T00:43:53,dl,ue8,2028646,2617480.907478458,2.617481
2026-06-29T00:43:53,dl,ue9,2029394,2559413.871957598,2.559414
2026-06-29T00:43:53,dl,ue10,2029406,2568347.2473996915,2.568347
2026-06-29T00:43:53,dl,ue11,2029418,2546013.713647206,2.546014
2026-06-29T00:43:53,dl,ue12,2029430,2635347.468068142,2.635347
2026-06-29T00:43:53,dl,ue13,2030165,2447746.583784176,2.447747
2026-06-29T00:43:53,dl,ue14,2030177,2501346.836436738,2.501347
2026-06-29T00:43:53,dl,ue15,2030189,2532613.7456313167,2.532614
2026-06-29T00:43:53,dl,ue16,2030201,2510280.4021733343,2.510280
2026-06-29T00:43:59,dl,cu_cp1,2027561,689868.3075950736,0.689868
2026-06-29T00:43:59,dl,cu_up1,2027588,1016157.4556609505,1.016157
2026-06-29T00:43:59,dl,cu_cp2,2027616,731819.7967026526,0.731820
2026-06-29T00:43:59,dl,cu_up2,2027624,1095399.146725613,1.095399
2026-06-29T00:43:59,dl,du1,2027807,6129573.839266054,6.129574
2026-06-29T00:43:59,dl,du2,2028564,6404588.542935834,6.404589
2026-06-29T00:43:59,dl,du3,2029330,6264750.499902256,6.264750
2026-06-29T00:43:59,dl,du4,2030102,6404588.542935834,6.404589
2026-06-29T00:43:59,dl,ue1,2027851,2437845.6552055585,2.437846
2026-06-29T00:43:59,dl,ue2,2027863,2442506.8471091725,2.442507
2026-06-29T00:43:59,dl,ue3,2027875,2433184.272808181,2.433184
2026-06-29T00:43:59,dl,ue4,2027887,2563699.9320345316,2.563700
2026-06-29T00:43:59,dl,ue5,2028610,2587006.2725401283,2.587006
2026-06-29T00:43:59,dl,ue6,2028622,2559038.740130918,2.559039
2026-06-29T00:43:59,dl,ue7,2028634,2610312.8035394885,2.610313
2026-06-29T00:43:59,dl,ue8,2028646,2684893.207453655,2.684893
2026-06-29T00:43:59,dl,ue9,2029394,2517087.251023339,2.517087
2026-06-29T00:43:59,dl,ue10,2029406,2591667.6549375057,2.591668
2026-06-29T00:43:59,dl,ue11,2029418,2605651.4211421106,2.605651
2026-06-29T00:43:59,dl,ue12,2029430,2670909.2507552863,2.670909
2026-06-29T00:43:59,dl,ue13,2030165,2498442.1024213564,2.498442
2026-06-29T00:43:59,dl,ue14,2030177,2600990.229238497,2.600990
2026-06-29T00:43:59,dl,ue15,2030189,2619635.187346716,2.619635
2026-06-29T00:43:59,dl,ue16,2030201,2582345.0806365144,2.582345
2026-06-29T00:44:04,dl,cu_cp1,2027561,693832.8783435297,0.693833
2026-06-29T00:44:04,dl,cu_up1,2027588,1048817.1240590669,1.048817
2026-06-29T00:44:04,dl,cu_cp2,2027616,709968.4440692267,0.709968
2026-06-29T00:44:04,dl,cu_up2,2027624,1081088.3502341555,1.081088
2026-06-29T00:44:04,dl,du1,2027807,6142303.057379353,6.142303
2026-06-29T00:44:04,dl,du2,2028564,6309037.978547165,6.309038
2026-06-29T00:44:04,dl,du3,2029330,6249873.937594576,6.249874
2026-06-29T00:44:04,dl,du4,2030102,6233738.703401811,6.233739
2026-06-29T00:44:04,dl,ue1,2027851,2409589.876521236,2.409590
2026-06-29T00:44:04,dl,ue2,2027863,2409589.876521236,2.409590
2026-06-29T00:44:04,dl,ue3,2027875,2350426.025016036,2.350426
2026-06-29T00:44:04,dl,ue4,2027887,2452618.304386281,2.452618
2026-06-29T00:44:04,dl,ue5,2028610,2570946.3862914597,2.570946
2026-06-29T00:44:04,dl,ue6,2028622,2624732.015846461,2.624732
2026-06-29T00:44:04,dl,ue7,2028634,2651624.641176572,2.651625
2026-06-29T00:44:04,dl,ue8,2028646,2721545.8838191177,2.721546
2026-06-29T00:44:04,dl,ue9,2029394,2463375.506076237,2.463376
2026-06-29T00:44:04,dl,ue10,2029406,2457996.905231259,2.457997
2026-06-29T00:44:04,dl,ue11,2029418,2484889.7200087593,2.484890
2026-06-29T00:44:04,dl,ue12,2029430,2565567.9748938717,2.565568
2026-06-29T00:44:04,dl,ue13,2030165,2468754.106921215,2.468754
2026-06-29T00:44:04,dl,ue14,2030177,2501025.333096304,2.501025
2026-06-29T00:44:04,dl,ue15,2030189,2544053.760961349,2.544054
2026-06-29T00:44:04,dl,ue16,2030201,2544053.760961349,2.544054
2026-06-29T00:44:10,dl,cu_cp1,2027561,682932.7001264613,0.682933
2026-06-29T00:44:10,dl,cu_up1,2027588,1133925.8959736167,1.133926
2026-06-29T00:44:10,dl,cu_cp2,2027616,734474.7647392062,0.734475
2026-06-29T00:44:10,dl,cu_up2,2027624,1146811.423989134,1.146811
2026-06-29T00:44:10,dl,du1,2027807,6236592.5227535395,6.236593
2026-06-29T00:44:10,dl,du2,2028564,6133508.298629403,6.133508
2026-06-29T00:44:10,dl,du3,2029330,6223707.184535315,6.223707
2026-06-29T00:44:10,dl,du4,2030102,6455646.688814621,6.455647
2026-06-29T00:44:10,dl,ue1,2027851,2589989.8025378655,2.589990
2026-06-29T00:44:10,dl,ue2,2027863,2538447.6904757977,2.538448
2026-06-29T00:44:10,dl,ue3,2027875,2602875.3305533826,2.602875
2026-06-29T00:44:10,dl,ue4,2027887,2718845.0826930357,2.718845
2026-06-29T00:44:10,dl,ue5,2028610,2345164.9600403355,2.345165
2026-06-29T00:44:10,dl,ue6,2028622,2422478.1281334376,2.422478
2026-06-29T00:44:10,dl,ue7,2028634,2409592.6001179204,2.409593
2026-06-29T00:44:10,dl,ue8,2028646,2486905.7682110225,2.486906
2026-06-29T00:44:10,dl,ue9,2029394,2461134.7121799886,2.461135
2026-06-29T00:44:10,dl,ue10,2029406,2538447.6904757977,2.538448
2026-06-29T00:44:10,dl,ue11,2029418,2538447.6904757977,2.538448
2026-06-29T00:44:10,dl,ue12,2029430,2615761.0483661927,2.615761
2026-06-29T00:44:10,dl,ue13,2030165,2525562.3522575735,2.525562
2026-06-29T00:44:10,dl,ue14,2030177,2499791.2962265396,2.499791
2026-06-29T00:44:10,dl,ue15,2030189,2474020.240195506,2.474020
2026-06-29T00:44:10,dl,ue16,2030201,2667302.9706309675,2.667303
2026-06-29T00:44:16,dl,cu_cp1,2027561,684663.4857325542,0.684663
2026-06-29T00:44:16,dl,cu_up1,2027588,1104019.876069908,1.104020
2026-06-29T00:44:16,dl,cu_cp2,2027616,718896.7097300505,0.718897
2026-06-29T00:44:16,dl,cu_up2,2027624,1044111.7459102107,1.044112
2026-06-29T00:44:16,dl,du1,2027807,6238995.8060174845,6.238996
2026-06-29T00:44:16,dl,du2,2028564,6110621.7012996385,6.110622
2026-06-29T00:44:16,dl,du3,2029330,6179088.243982,6.179088
2026-06-29T00:44:16,dl,du4,2030102,6067829.828061056,6.067830
2026-06-29T00:44:16,dl,ue1,2027851,2576046.1881217146,2.576046
2026-06-29T00:44:16,dl,ue2,2027863,2524696.659859419,2.524697
2026-06-29T00:44:16,dl,ue3,2027875,2584604.7900191164,2.584605
2026-06-29T00:44:16,dl,ue4,2027887,2695862.4484411096,2.695862
2026-06-29T00:44:16,dl,ue5,2028610,2439113.670881205,2.439114
2026-06-29T00:44:16,dl,ue6,2028622,2421997.035210614,2.421997
2026-06-29T00:44:16,dl,ue7,2028634,2550371.5186779355,2.550372
2026-06-29T00:44:16,dl,ue8,2028646,2550371.5186779355,2.550372
2026-06-29T00:44:16,dl,ue9,2029394,2421997.035210614,2.421997
2026-06-29T00:44:16,dl,ue10,2029406,2404880.399540024,2.404880
2026-06-29T00:44:16,dl,ue11,2029418,2507580.213563566,2.507580
2026-06-29T00:44:16,dl,ue12,2029430,2550371.5186779355,2.550372
2026-06-29T00:44:16,dl,ue13,2030165,2430555.4477332784,2.430555
2026-06-29T00:44:16,dl,ue14,2030177,2447671.894029131,2.447672
2026-06-29T00:44:16,dl,ue15,2030189,2404880.399540024,2.404880
2026-06-29T00:44:16,dl,ue16,2030201,2499021.6116661644,2.499022
2026-06-29T00:44:22,dl,cu_cp1,2027561,724225.164226318,0.724225
2026-06-29T00:44:22,dl,cu_up1,2027588,1111078.346658114,1.111078
2026-06-29T00:44:22,dl,cu_cp2,2027616,701733.7050866622,0.701734
2026-06-29T00:44:22,dl,cu_up2,2027624,1021112.5100994909,1.021113
2026-06-29T00:44:22,dl,du1,2027807,6153664.660045037,6.153665
2026-06-29T00:44:22,dl,du2,2028564,6225637.177772441,6.225637
2026-06-29T00:44:22,dl,du3,2029330,6239132.640394278,6.239133
2026-06-29T00:44:22,dl,du4,2030102,6086189.9985270165,6.086190
2026-06-29T00:44:22,dl,ue1,2027851,2474061.073560247,2.474061
2026-06-29T00:44:22,dl,ue2,2027863,2411085.025849085,2.411085
2026-06-29T00:44:22,dl,ue3,2027875,2492054.2029920984,2.492054
2026-06-29T00:44:22,dl,ue4,2027887,2595515.123373821,2.595515
2026-06-29T00:44:22,dl,ue5,2028610,2582020.0395507216,2.582020
2026-06-29T00:44:22,dl,ue6,2028622,2546033.7806870197,2.546034
2026-06-29T00:44:22,dl,ue7,2028634,2649494.5116693736,2.649495
2026-06-29T00:44:22,dl,ue8,2028646,2640498.0416531325,2.640498
2026-06-29T00:44:22,dl,ue9,2029394,2510047.332423949,2.510047
2026-06-29T00:44:22,dl,ue10,2029406,2460566.179136517,2.460566
2026-06-29T00:44:22,dl,ue11,2029418,2559528.4857113813,2.559528
2026-06-29T00:44:22,dl,ue12,2029430,2631501.192838154,2.631501
2026-06-29T00:44:22,dl,ue13,2030165,2298627.6354511213,2.298628
2026-06-29T00:44:22,dl,ue14,2030177,2334614.083714192,2.334614
2026-06-29T00:44:22,dl,ue15,2030189,2289630.9760355116,2.289631
2026-06-29T00:44:22,dl,ue16,2030201,2343610.553730433,2.343611
2026-06-29T00:44:28,dl,cu_cp1,2027561,690750.9216794968,0.690751
2026-06-29T00:44:28,dl,cu_up1,2027588,1114411.490140915,1.114411
2026-06-29T00:44:28,dl,cu_cp2,2027616,718380.920570755,0.718381
2026-06-29T00:44:28,dl,cu_up2,2027624,976261.3532749176,0.976261
2026-06-29T00:44:28,dl,du1,2027807,6120052.942971801,6.120053
2026-06-29T00:44:28,dl,du2,2028564,6143078.124015808,6.143078
2026-06-29T00:44:28,dl,du3,2029330,6184523.525846863,6.184524
2026-06-29T00:44:28,dl,du4,2030102,6359513.5346481325,6.359514
2026-06-29T00:44:28,dl,ue1,2027851,2463678.231941986,2.463678
2026-06-29T00:44:28,dl,ue2,2027863,2417628.2496131896,2.417628
2026-06-29T00:44:28,dl,ue3,2027875,2509728.4041503905,2.509728
2026-06-29T00:44:28,dl,ue4,2027887,2620248.3997154236,2.620248
2026-06-29T00:44:28,dl,ue5,2028610,2509728.4041503905,2.509728
2026-06-29T00:44:28,dl,ue6,2028622,2491308.183363342,2.491308
2026-06-29T00:44:28,dl,ue7,2028634,2523543.2849212647,2.523543
2026-06-29T00:44:28,dl,ue8,2028646,2597223.408551025,2.597223
2026-06-29T00:44:28,dl,ue9,2029394,2422233.399749756,2.422233
2026-06-29T00:44:28,dl,ue10,2029406,2380788.187798309,2.380788
2026-06-29T00:44:28,dl,ue11,2029418,2523543.2849212647,2.523543
2026-06-29T00:44:28,dl,ue12,2029430,2500518.2937568664,2.500518
2026-06-29T00:44:28,dl,ue13,2030165,2537358.545451355,2.537359
2026-06-29T00:44:28,dl,ue14,2030177,2509728.4041503905,2.509728
2026-06-29T00:44:28,dl,ue15,2030189,2528148.435057831,2.528148
2026-06-29T00:44:28,dl,ue16,2030201,2606433.5189445494,2.606434
2026-06-29T00:44:34,dl,cu_cp1,2027561,744400.3162158817,0.744400
2026-06-29T00:44:34,dl,cu_up1,2027588,1108450.1400278676,1.108450
2026-06-29T00:44:34,dl,cu_cp2,2027616,733533.1879172683,0.733533
2026-06-29T00:44:34,dl,cu_up2,2027624,1005212.1110629082,1.005212
2026-06-29T00:44:34,dl,du1,2027807,6123643.519331775,6.123644
2026-06-29T00:44:34,dl,du2,2028564,6259483.076328635,6.259483
2026-06-29T00:44:34,dl,du3,2029330,6357287.374152217,6.357287
2026-06-29T00:44:34,dl,du4,2030102,6194280.592809076,6.194281
2026-06-29T00:44:34,dl,ue1,2027851,2537481.542961247,2.537482
2026-06-29T00:44:34,dl,ue2,2027863,2521180.6358092357,2.521181
2026-06-29T00:44:34,dl,ue3,2027875,2548348.432699759,2.548348
2026-06-29T00:44:34,dl,ue4,2027887,2684188.1805447005,2.684188
2026-06-29T00:44:34,dl,ue5,2028610,2570082.784721026,2.570083
2026-06-29T00:44:34,dl,ue6,2028622,2580950.0561557007,2.580950
2026-06-29T00:44:34,dl,ue7,2028634,2570082.784721026,2.570083
2026-06-29T00:44:34,dl,ue8,2028646,2624418.7601982355,2.624419
2026-06-29T00:44:34,dl,ue9,2029394,2466844.851180108,2.466845
2026-06-29T00:44:34,dl,ue10,2029406,2428809.973702991,2.428810
2026-06-29T00:44:34,dl,ue11,2029418,2559215.8949825144,2.559216
2026-06-29T00:44:34,dl,ue12,2029430,2640719.4765021657,2.640719
2026-06-29T00:44:34,dl,ue13,2030165,2461411.4063108517,2.461411
2026-06-29T00:44:34,dl,ue14,2030177,2510313.7460707235,2.510314
2026-06-29T00:44:34,dl,ue15,2030189,2515747.1909399796,2.515747
2026-06-29T00:44:34,dl,ue16,2030201,2521180.6358092357,2.521181
2026-06-29T00:44:40,dl,cu_cp1,2027561,742826.9239002564,0.742827
2026-06-29T00:44:40,dl,cu_up1,2027588,1089840.9777003098,1.089841
2026-06-29T00:44:40,dl,cu_cp2,2027616,704872.262510886,0.704872
2026-06-29T00:44:40,dl,cu_up2,2027624,997665.398715071,0.997665
2026-06-29T00:44:40,dl,du1,2027807,6175765.794598593,6.175766
2026-06-29T00:44:40,dl,du2,2028564,6370960.487631307,6.370960
2026-06-29T00:44:40,dl,du3,2029330,6192031.764721148,6.192032
2026-06-29T00:44:40,dl,du4,2030102,6164921.305923214,6.164921
2026-06-29T00:44:40,dl,ue1,2027851,2505007.651698457,2.505008
2026-06-29T00:44:40,dl,ue2,2027863,2553806.324956635,2.553806
2026-06-29T00:44:40,dl,ue3,2027875,2553806.324956635,2.553806
2026-06-29T00:44:40,dl,ue4,2027887,2749001.7808798635,2.749002
2026-06-29T00:44:40,dl,ue5,2028610,2477897.192900523,2.477897
2026-06-29T00:44:40,dl,ue6,2028622,2570072.6765244473,2.570073
2026-06-29T00:44:40,dl,ue7,2028634,2532117.919773762,2.532118
2026-06-29T00:44:40,dl,ue8,2028646,2700202.9168990566,2.700203
2026-06-29T00:44:40,dl,ue9,2029394,2461630.6506100823,2.461631
2026-06-29T00:44:40,dl,ue10,2029406,2456208.7877176497,2.456209
2026-06-29T00:44:40,dl,ue11,2029418,2570072.6765244473,2.570073
2026-06-29T00:44:40,dl,ue12,2029430,2570072.6765244473,2.570073
2026-06-29T00:44:40,dl,ue13,2030165,2439942.436149838,2.439942
2026-06-29T00:44:40,dl,ue14,2030177,2467052.894947772,2.467053
2026-06-29T00:44:40,dl,ue15,2030189,2515851.7589285793,2.515852
2026-06-29T00:44:40,dl,ue16,2030201,2461630.6506100823,2.461631
2026-06-29T00:44:46,dl,cu_cp1,2027561,700385.54954108,0.700386
2026-06-29T00:44:46,dl,cu_up1,2027588,1050578.32431162,1.050578
2026-06-29T00:44:46,dl,cu_cp2,2027616,700385.54954108,0.700386
2026-06-29T00:44:46,dl,cu_up2,2027624,1041362.7725058377,1.041363
2026-06-29T00:44:46,dl,du1,2027807,6238961.273350382,6.238961
2026-06-29T00:44:46,dl,du2,2028564,6294254.2039428,6.294254
2026-06-29T00:44:46,dl,du3,2029330,6220530.169738817,6.220530
2026-06-29T00:44:46,dl,du4,2030102,6294254.2039428,6.294254
2026-06-29T00:44:46,dl,ue1,2027851,2478996.363992834,2.478996
2026-06-29T00:44:46,dl,ue2,2027863,2414487.1211100817,2.414487
2026-06-29T00:44:46,dl,ue3,2027875,2368409.171960032,2.368409
2026-06-29T00:44:46,dl,ue4,2027887,2598799.1078314185,2.598799
2026-06-29T00:44:46,dl,ue5,2028610,2451349.518454349,2.451350
2026-06-29T00:44:46,dl,ue6,2028622,2534289.864948666,2.534290
2026-06-29T00:44:46,dl,ue7,2028634,2552721.158681369,2.552721
2026-06-29T00:44:46,dl,ue8,2028646,2617230.4015641212,2.617230
2026-06-29T00:44:46,dl,ue9,2029394,2525074.3131428836,2.525074
2026-06-29T00:44:46,dl,ue10,2029406,2451349.518454349,2.451350
2026-06-29T00:44:46,dl,ue11,2029418,2525074.3131428836,2.525074
2026-06-29T00:44:46,dl,ue12,2029430,2589583.5560256364,2.589584
2026-06-29T00:44:46,dl,ue13,2030165,2377624.723765814,2.377625
2026-06-29T00:44:46,dl,ue14,2030177,2396056.017498517,2.396056
2026-06-29T00:44:46,dl,ue15,2030189,2515858.7613371015,2.515859
2026-06-29T00:44:46,dl,ue16,2030201,2506643.2095313193,2.506643
2026-06-29T00:44:52,dl,cu_cp1,2027561,667124.1223044544,0.667124
2026-06-29T00:44:52,dl,cu_up1,2027588,1093533.415663004,1.093533
2026-06-29T00:44:52,dl,cu_cp2,2027616,729022.2293614894,0.729022
2026-06-29T00:44:52,dl,cu_up2,2027624,1121043.621803224,1.121044
2026-06-29T00:44:52,dl,du1,2027807,6217321.4848098755,6.217321
2026-06-29T00:44:52,dl,du2,2028564,6244832.263916254,6.244832
2026-06-29T00:44:52,dl,du3,2029330,6231076.874363065,6.231077
2026-06-29T00:44:52,dl,du4,2030102,6409893.882735014,6.409894
2026-06-29T00:44:52,dl,ue1,2027851,2503434.6794103384,2.503435
2026-06-29T00:44:52,dl,ue2,2027863,2455291.9619064927,2.455292
2026-06-29T00:44:52,dl,ue3,2027875,2489679.671834588,2.489680
2026-06-29T00:44:52,dl,ue4,2027887,2565332.977456093,2.565333
2026-06-29T00:44:52,dl,ue5,2028610,2338373.251580298,2.338373
2026-06-29T00:44:52,dl,ue6,2028622,2455291.9619064927,2.455292
2026-06-29T00:44:52,dl,ue7,2028634,2407148.862425208,2.407149
2026-06-29T00:44:52,dl,ue8,2028646,2503434.6794103384,2.503435
2026-06-29T00:44:52,dl,ue9,2029394,2627230.8935244083,2.627231
2026-06-29T00:44:52,dl,ue10,2029406,2585965.4888197184,2.585965
2026-06-29T00:44:52,dl,ue11,2029418,2613475.885948658,2.613476
2026-06-29T00:44:52,dl,ue12,2029430,2702884.199145913,2.702884
2026-06-29T00:44:52,dl,ue13,2030165,2606598.1911720634,2.606598
2026-06-29T00:44:52,dl,ue14,2030177,2689129.191570163,2.689129
2026-06-29T00:44:52,dl,ue15,2030189,2668496.489217818,2.668496
2026-06-29T00:44:52,dl,ue16,2030201,2661618.794441223,2.661619
2026-06-29T00:44:58,dl,cu_cp1,2027561,689747.1642233938,0.689747
2026-06-29T00:44:58,dl,cu_up1,2027588,1043578.5150213576,1.043579
2026-06-29T00:44:58,dl,cu_cp2,2027616,662873.8819929457,0.662874
2026-06-29T00:44:58,dl,cu_up2,2027624,1115240.5691980827,1.115241
2026-06-29T00:44:58,dl,du1,2027807,6077837.225227489,6.077837
2026-06-29T00:44:58,dl,du2,2028564,6279386.198590335,6.279386
2026-06-29T00:44:58,dl,du3,2029330,6194287.33649992,6.194287
2026-06-29T00:44:58,dl,du4,2030102,6364485.060680752,6.364485
2026-06-29T00:44:58,dl,ue1,2027851,2414115.003296821,2.414115
2026-06-29T00:44:58,dl,ue2,2027863,2337974.0766911386,2.337974
2026-06-29T00:44:58,dl,ue3,2027875,2414115.003296821,2.414115
2026-06-29T00:44:58,dl,ue4,2027887,2463382.69532876,2.463383
2026-06-29T00:44:58,dl,ue5,2028610,2449945.982728479,2.449946
2026-06-29T00:44:58,dl,ue6,2028622,2490255.9299025033,2.490256
2026-06-29T00:44:58,dl,ue7,2028634,2517129.164476247,2.517129
2026-06-29T00:44:58,dl,ue8,2028646,2615664.5485401247,2.615665
2026-06-29T00:44:58,dl,ue9,2029394,2593269.9004551102,2.593270
2026-06-29T00:44:58,dl,ue10,2029406,2544002.3990499903,2.544002
2026-06-29T00:44:58,dl,ue11,2029418,2588791.123339562,2.588791
2026-06-29T00:44:58,dl,ue12,2029430,2655974.3050873303,2.655974
2026-06-29T00:44:58,dl,ue13,2030165,2481298.185044589,2.481298
2026-06-29T00:44:58,dl,ue14,2030177,2512650.387360699,2.512650
2026-06-29T00:44:58,dl,ue15,2030189,2535044.8448188948,2.535045
2026-06-29T00:44:58,dl,ue16,2030201,2503692.6425027847,2.503693
2026-06-29T00:45:04,dl,cu_cp1,2027561,650133.6444263462,0.650134
2026-06-29T00:45:04,dl,cu_up1,2027588,1096093.117924775,1.096093
2026-06-29T00:45:04,dl,cu_cp2,2027616,709236.681385996,0.709237
2026-06-29T00:45:04,dl,cu_up2,2027624,1079973.9867473156,1.079974
2026-06-29T00:45:04,dl,du1,2027807,6291789.2613257505,6.291789
2026-06-29T00:45:04,dl,du2,2028564,6033885.065447977,6.033885
2026-06-29T00:45:04,dl,du3,2029330,6130598.901031945,6.130599
2026-06-29T00:45:04,dl,du4,2030102,6302534.904753022,6.302535
2026-06-29T00:45:04,dl,ue1,2027851,2444717.41971753,2.444717
2026-06-29T00:45:04,dl,ue2,2027863,2471582.4797664974,2.471582
2026-06-29T00:45:04,dl,ue3,2027875,2487701.3254997204,2.487701
2026-06-29T00:45:04,dl,ue4,2027887,2589788.5536857974,2.589789
2026-06-29T00:45:04,dl,ue5,2028610,2407106.3356489753,2.407106
2026-06-29T00:45:04,dl,ue6,2028622,2337257.1795216594,2.337257
2026-06-29T00:45:04,dl,ue7,2028634,2455463.443737117,2.455463
2026-06-29T00:45:04,dl,ue8,2028646,2514566.5758448457,2.514567
2026-06-29T00:45:04,dl,ue9,2029394,2525312.4095682753,2.525312
2026-06-29T00:45:04,dl,ue10,2029406,2482328.5037860847,2.482329
2026-06-29T00:45:04,dl,ue11,2029418,2562923.49363683,2.562923
2026-06-29T00:45:04,dl,ue12,2029430,2589788.5536857974,2.589789
2026-06-29T00:45:04,dl,ue13,2030165,2589788.5536857974,2.589789
2026-06-29T00:45:04,dl,ue14,2030177,2579042.5296662105,2.579043
2026-06-29T00:45:04,dl,ue15,2030189,2573669.517656417,2.573670
2026-06-29T00:45:04,dl,ue16,2030201,2589788.5536857974,2.589789
2026-06-29T00:45:10,dl,cu_cp1,2027561,672666.5445002782,0.672667
2026-06-29T00:45:10,dl,cu_up1,2027588,1112069.6827855527,1.112070
2026-06-29T00:45:10,dl,cu_cp2,2027616,726913.8927897442,0.726914
2026-06-29T00:45:10,dl,cu_up2,2027624,1112069.6827855527,1.112070
2026-06-29T00:45:10,dl,du1,2027807,6390332.651326892,6.390333
2026-06-29T00:45:10,dl,du2,2028564,6184192.727826922,6.184193
2026-06-29T00:45:10,dl,du3,2029330,6189617.462655868,6.189617
2026-06-29T00:45:10,dl,du4,2030102,6178767.992997975,6.178768
2026-06-29T00:45:10,dl,ue1,2027851,2549623.455307901,2.549623
2026-06-29T00:45:10,dl,ue2,2027863,2511650.120075575,2.511650
2026-06-29T00:45:10,dl,ue3,2027875,2587596.599110527,2.587597
2026-06-29T00:45:10,dl,ue4,2027887,2593021.142509774,2.593021
2026-06-29T00:45:10,dl,ue5,2028610,2435704.0239000227,2.435704
2026-06-29T00:45:10,dl,ue6,2028622,2500800.8418473816,2.500801
2026-06-29T00:45:10,dl,ue7,2028634,2500800.8418473816,2.500801
2026-06-29T00:45:10,dl,ue8,2028646,2582171.672851881,2.582172
2026-06-29T00:45:10,dl,ue9,2029394,2538773.794220308,2.538774
2026-06-29T00:45:10,dl,ue10,2029406,2484526.6373605416,2.484527
2026-06-29T00:45:10,dl,ue11,2029418,2500800.8418473816,2.500801
2026-06-29T00:45:10,dl,ue12,2029430,2576746.9380229344,2.576747
2026-06-29T00:45:10,dl,ue13,2030165,2484526.6373605416,2.484527
2026-06-29T00:45:10,dl,ue14,2030177,2544198.5290492545,2.544199
2026-06-29T00:45:10,dl,ue15,2030189,2522499.5897334684,2.522500
2026-06-29T00:45:10,dl,ue16,2030201,2598445.8773387205,2.598446
2026-06-29T00:45:16,dl,cu_cp1,2027561,690310.3522844347,0.690310
2026-06-29T00:45:16,dl,cu_up1,2027588,1115844.1547359102,1.115844
2026-06-29T00:45:16,dl,cu_cp2,2027616,765960.8156433535,0.765961
2026-06-29T00:45:16,dl,cu_up2,2027624,1153669.362440951,1.153669
2026-06-29T00:45:16,dl,du1,2027807,6241162.244159625,6.241162
2026-06-29T00:45:16,dl,du2,2028564,6383006.7970279455,6.383007
2026-06-29T00:45:16,dl,du3,2029330,6335725.790859439,6.335726
2026-06-29T00:45:16,dl,du4,2030102,6316812.851365056,6.316813
2026-06-29T00:45:16,dl,ue1,2027851,2487008.5813529384,2.487009
2026-06-29T00:45:16,dl,ue2,2027863,2392445.6100391746,2.392446
2026-06-29T00:45:16,dl,ue3,2027875,2553202.718811178,2.553203
2026-06-29T00:45:16,dl,ue4,2027887,2609940.5783175766,2.609941
2026-06-29T00:45:16,dl,ue5,2028610,2543746.440859337,2.543746
2026-06-29T00:45:16,dl,ue6,2028622,2619397.0480647683,2.619397
2026-06-29T00:45:16,dl,ue7,2028634,2562659.18855837,2.562659
2026-06-29T00:45:16,dl,ue8,2028646,2723416.2973303734,2.723416
2026-06-29T00:45:16,dl,ue9,2029394,2496464.8593047797,2.496465
2026-06-29T00:45:16,dl,ue10,2029406,2439726.9997983812,2.439727
2026-06-29T00:45:16,dl,ue11,2029418,2543746.440859337,2.543746
2026-06-29T00:45:16,dl,ue12,2029430,2591028.214209244,2.591028
2026-06-29T00:45:16,dl,ue13,2030165,2439726.9997983812,2.439727
2026-06-29T00:45:16,dl,ue14,2030177,2449183.469545573,2.449183
2026-06-29T00:45:16,dl,ue15,2030189,2449183.469545573,2.449183
2026-06-29T00:45:16,dl,ue16,2030201,2685590.993727658,2.685591
2026-06-29T00:45:22,dl,cu_cp1,2027561,723756.2488893744,0.723756
2026-06-29T00:45:22,dl,cu_up1,2027588,1099552.6680806226,1.099553
2026-06-29T00:45:22,dl,cu_cp2,2027616,709837.7868880687,0.709838
2026-06-29T00:45:22,dl,cu_up2,2027624,1134348.7275097473,1.134349
2026-06-29T00:45:22,dl,du1,2027807,6103213.570235717,6.103214
2026-06-29T00:45:22,dl,du2,2028564,6284152.620511293,6.284153
2026-06-29T00:45:22,dl,du3,2029330,6270233.967361707,6.270234
2026-06-29T00:45:22,dl,du4,2030102,6423336.858227792,6.423337
2026-06-29T00:45:22,dl,ue1,2027851,2449636.5052950704,2.449637
2026-06-29T00:45:22,dl,ue2,2027863,2338289.1915811836,2.338289
2026-06-29T00:45:22,dl,ue3,2027875,2414840.445865946,2.414840
2026-06-29T00:45:22,dl,ue4,2027887,2442677.3698685574,2.442677
2026-06-29T00:45:22,dl,ue5,2028610,2477473.238149402,2.477473
2026-06-29T00:45:22,dl,ue6,2028622,2540105.8392845783,2.540106
2026-06-29T00:45:22,dl,ue7,2028634,2498350.644428941,2.498351
2026-06-29T00:45:22,dl,ue8,2028646,2658412.288424978,2.658412
2026-06-29T00:45:22,dl,ue9,2029394,2491391.509002428,2.491392
2026-06-29T00:45:22,dl,ue10,2029406,2393962.848438127,2.393963
2026-06-29T00:45:22,dl,ue11,2029418,2491391.509002428,2.491392
2026-06-29T00:45:22,dl,ue12,2029430,2581861.034140216,2.581861
2026-06-29T00:45:22,dl,ue13,2030165,2588820.360715009,2.588820
2026-06-29T00:45:22,dl,ue14,2030177,2609697.9581428277,2.609698
2026-06-29T00:45:22,dl,ue15,2030189,2560983.4367123973,2.560983
2026-06-29T00:45:22,dl,ue16,2030201,2644493.8264236725,2.644494
2026-06-29T00:45:28,dl,cu_cp1,2027561,737721.1444374025,0.737721
2026-06-29T00:45:28,dl,cu_up1,2027588,1102083.4117290974,1.102083
2026-06-29T00:45:28,dl,cu_cp2,2027616,692738.1431446522,0.692738
2026-06-29T00:45:28,dl,cu_up2,2027624,1097585.0588247776,1.097585
2026-06-29T00:45:28,dl,du1,2027807,6266131.518745542,6.266132
2026-06-29T00:45:28,dl,du2,2028564,6248138.49094677,6.248138
2026-06-29T00:45:28,dl,du3,2029330,6257134.812936902,6.257135
2026-06-29T00:45:28,dl,du4,2030102,6279626.577458501,6.279627
2026-06-29T00:45:28,dl,ue1,2027851,2676488.121134162,2.676488
2026-06-29T00:45:28,dl,ue2,2027863,2519047.88048476,2.519048
2026-06-29T00:45:28,dl,ue3,2027875,2649498.579436004,2.649499
2026-06-29T00:45:28,dl,ue4,2027887,2658495.2852446437,2.658495
2026-06-29T00:45:28,dl,ue5,2028610,2433580.1348489523,2.433580
2026-06-29T00:45:28,dl,ue6,2028622,2402092.048337221,2.402092
2026-06-29T00:45:28,dl,ue7,2028634,2406590.401241541,2.406590
2026-06-29T00:45:28,dl,ue8,2028646,2492057.954968095,2.492058
2026-06-29T00:45:28,dl,ue9,2029394,2550535.966996491,2.550536
2026-06-29T00:45:28,dl,ue10,2029406,2501054.6607767344,2.501055
2026-06-29T00:45:28,dl,ue11,2029418,2559532.480895877,2.559532
2026-06-29T00:45:28,dl,ue12,2029430,2564030.8338001966,2.564031
2026-06-29T00:45:28,dl,ue13,2030165,2604515.6261205673,2.604516
2026-06-29T00:45:28,dl,ue14,2030177,2613512.331929207,2.613512
2026-06-29T00:45:28,dl,ue15,2030189,2595518.920311928,2.595519
2026-06-29T00:45:28,dl,ue16,2030201,2716972.9134545326,2.716973
2026-06-29T00:45:34,dl,cu_cp1,2027561,736986.9776386347,0.736987
2026-06-29T00:45:34,dl,cu_up1,2027588,1027478.2356967991,1.027478
2026-06-29T00:45:34,dl,cu_cp2,2027616,747745.9793943617,0.747746
2026-06-29T00:45:34,dl,cu_up2,2027624,1102790.7643797356,1.102791
2026-06-29T00:45:34,dl,du1,2027807,6347771.380092418,6.347771
2026-06-29T00:45:34,dl,du2,2028564,6353150.639166705,6.353151
2026-06-29T00:45:34,dl,du3,2029330,6503776.470304022,6.503776
2026-06-29T00:45:34,dl,du4,2030102,6304735.759955232,6.304736
2026-06-29T00:45:34,dl,ue1,2027851,2668215.799334247,2.668216
2026-06-29T00:45:34,dl,ue2,2027863,2566006.008065569,2.566006
2026-06-29T00:45:34,dl,ue3,2027875,2678974.704368544,2.678975
2026-06-29T00:45:34,dl,ue4,2027887,2813461.404182972,2.813461
2026-06-29T00:45:34,dl,ue5,2028610,2566006.008065569,2.566006
2026-06-29T00:45:34,dl,ue6,2028622,2587523.8181341626,2.587524
2026-06-29T00:45:34,dl,ue7,2028634,2555246.909588412,2.555247
2026-06-29T00:45:34,dl,ue8,2028646,2582144.1721741534,2.582144
2026-06-29T00:45:34,dl,ue9,2029394,2641318.343305645,2.641318
2026-06-29T00:45:34,dl,ue10,2029406,2603662.369128468,2.603662
2026-06-29T00:45:34,dl,ue11,2029418,2630559.6317142094,2.630560
2026-06-29T00:45:34,dl,ue12,2029430,2652077.4417828023,2.652077
2026-06-29T00:45:34,dl,ue13,2030165,2657456.8942999505,2.657457
2026-06-29T00:45:34,dl,ue14,2030177,2582144.1721741534,2.582144
2026-06-29T00:45:34,dl,ue15,2030189,2388483.494671094,2.388483
2026-06-29T00:45:34,dl,ue16,2030201,2695113.0619199886,2.695113
2026-06-29T00:45:40,dl,cu_cp1,2027561,729093.5745623001,0.729094
2026-06-29T00:45:40,dl,cu_up1,2027588,1101863.179968004,1.101863
2026-06-29T00:45:40,dl,cu_cp2,2027616,745539.2590833887,0.745539
2026-06-29T00:45:40,dl,cu_up2,2027624,1134754.6455541425,1.134755
2026-06-29T00:45:40,dl,du1,2027807,6194554.4283140395,6.194554
2026-06-29T00:45:40,dl,du2,2028564,6676962.590244069,6.676963
2026-06-29T00:45:40,dl,du3,2029330,6550878.494014597,6.550878
2026-06-29T00:45:40,dl,du4,2030102,6145216.98857493,6.145217
2026-06-29T00:45:40,dl,ue1,2027851,2647760.61435709,2.647761
2026-06-29T00:45:40,dl,ue2,2027863,2505231.219782374,2.505231
2026-06-29T00:45:40,dl,ue3,2027875,2576496.110157654,2.576496
2026-06-29T00:45:40,dl,ue4,2027887,2653242.5735600935,2.653243
2026-06-29T00:45:40,dl,ue5,2028610,2708061.7794142854,2.708062
2026-06-29T00:45:40,dl,ue6,2028622,2801254.1204257356,2.801254
2026-06-29T00:45:40,dl,ue7,2028634,2697098.0540962005,2.697098
2026-06-29T00:45:40,dl,ue8,2028646,2834145.682555835,2.834146
2026-06-29T00:45:40,dl,ue9,2029394,2554568.27334564,2.554568
2026-06-29T00:45:40,dl,ue10,2029406,2499749.2605793704,2.499749
2026-06-29T00:45:40,dl,ue11,2029418,2609387.4791998314,2.609387
2026-06-29T00:45:40,dl,ue12,2029430,2790290.3951076507,2.790290
2026-06-29T00:45:40,dl,ue13,2030165,2395593.194249835,2.395593
2026-06-29T00:45:40,dl,ue14,2030177,2362701.6321197357,2.362702
2026-06-29T00:45:40,dl,ue15,2030189,2450412.2070161044,2.450412
2026-06-29T00:45:40,dl,ue16,2030201,2549086.5072305584,2.549087
2026-06-29T00:45:46,dl,cu_cp1,2027561,664602.1757000041,0.664602
2026-06-29T00:45:46,dl,cu_up1,2027588,1076468.2428780817,1.076468
2026-06-29T00:45:46,dl,cu_cp2,2027616,758208.0870486319,0.758208
2026-06-29T00:45:46,dl,cu_up2,2027624,1085828.800620544,1.085829
2026-06-29T00:45:46,dl,du1,2027807,6252876.61449317,6.252877
2026-06-29T00:45:46,dl,du2,2028564,6140549.539956188,6.140550
2026-06-29T00:45:46,dl,du3,2029330,5990779.852821922,5.990780
2026-06-29T00:45:46,dl,du4,2030102,6449448.7087123105,6.449449
2026-06-29T00:45:46,dl,ue1,2027851,2630326.838758912,2.630327
2026-06-29T00:45:46,dl,ue2,2027863,2499278.4579232885,2.499278
2026-06-29T00:45:46,dl,ue3,2027875,2574163.3014904214,2.574163
2026-06-29T00:45:46,dl,ue4,2027887,2695850.742956147,2.695851
2026-06-29T00:45:46,dl,ue5,2028610,2508639.0156657505,2.508639
2026-06-29T00:45:46,dl,ue6,2028622,2583523.8592328834,2.583524
2026-06-29T00:45:46,dl,ue7,2028634,2564802.5529342415,2.564803
2026-06-29T00:45:46,dl,ue8,2028646,2574163.3014904214,2.574163
2026-06-29T00:45:46,dl,ue9,2029394,2330787.846117816,2.330788
2026-06-29T00:45:46,dl,ue10,2029406,2302705.9820767115,2.302706
2026-06-29T00:45:46,dl,ue11,2029418,2255903.002550683,2.255903
2026-06-29T00:45:46,dl,ue12,2029430,2377590.8256438444,2.377591
2026-06-29T00:45:46,dl,ue13,2030165,2630326.838758912,2.630327
2026-06-29T00:45:46,dl,ue14,2030177,2620966.28101645,2.620966
2026-06-29T00:45:46,dl,ue15,2030189,2602244.974717808,2.602245
2026-06-29T00:45:46,dl,ue16,2030201,2677129.627471223,2.677130
2026-06-29T00:45:52,dl,cu_cp1,2027561,713743.7493401659,0.713744
2026-06-29T00:45:52,dl,cu_up1,2027588,1094869.0264523602,1.094869
2026-06-29T00:45:52,dl,cu_cp2,2027616,734532.3800048328,0.734532
2026-06-29T00:45:52,dl,cu_up2,2027624,1087939.387499146,1.087939
2026-06-29T00:45:52,dl,du1,2027807,6340538.649012873,6.340539
2026-06-29T00:45:52,dl,du2,2028564,6174229.603695538,6.174230
2026-06-29T00:45:52,dl,du3,2029330,6208877.130673332,6.208877
2026-06-29T00:45:52,dl,du4,2030102,6368256.823232429,6.368257
2026-06-29T00:45:52,dl,ue1,2027851,2688665.570450027,2.688666
2026-06-29T00:45:52,dl,ue2,2027863,2570863.139220264,2.570863
2026-06-29T00:45:52,dl,ue3,2027875,2570863.139220264,2.570863
2026-06-29T00:45:52,dl,ue4,2027887,2730242.831779361,2.730243
2026-06-29T00:45:52,dl,ue5,2028610,2418413.181012707,2.418413
2026-06-29T00:45:52,dl,ue6,2028622,2425342.724567596,2.425343
2026-06-29T00:45:52,dl,ue7,2028634,2480779.263803358,2.480779
2026-06-29T00:45:52,dl,ue8,2028646,2494638.1601164853,2.494638
2026-06-29T00:45:52,dl,ue9,2029394,2418413.181012707,2.418413
2026-06-29T00:45:52,dl,ue10,2029406,2390695.0067931507,2.390695
2026-06-29T00:45:52,dl,ue11,2029418,2418413.181012707,2.418413
2026-06-29T00:45:52,dl,ue12,2029430,2501567.7036713744,2.501568
2026-06-29T00:45:52,dl,ue13,2030165,2418413.181012707,2.418413
2026-06-29T00:45:52,dl,ue14,2030177,2459990.4423420406,2.459990
2026-06-29T00:45:52,dl,ue15,2030189,2439201.8116773735,2.439202
2026-06-29T00:45:52,dl,ue16,2030201,2543144.965000708,2.543145
2026-06-29T00:45:58,dl,cu_cp1,2027561,722483.6580811674,0.722484
2026-06-29T00:45:58,dl,cu_up1,2027588,1070179.0432341553,1.070179
2026-06-29T00:45:58,dl,cu_cp2,2027616,726999.1949321628,0.726999
2026-06-29T00:45:58,dl,cu_up2,2027624,1097272.0738653957,1.097272
2026-06-29T00:45:58,dl,du1,2027807,6181750.758683491,6.181751
2026-06-29T00:45:58,dl,du2,2028564,6339794.500849647,6.339795
2026-06-29T00:45:58,dl,du3,2029330,6150142.619769402,6.150143
2026-06-29T00:45:58,dl,du4,2030102,6294639.418051791,6.294639
2026-06-29T00:45:58,dl,ue1,2027851,2406773.7606846974,2.406774
2026-06-29T00:45:58,dl,ue2,2027863,2388711.8037554477,2.388712
2026-06-29T00:45:58,dl,ue3,2027875,2451929.033957286,2.451929
2026-06-29T00:45:58,dl,ue4,2027887,2483537.744295571,2.483538
2026-06-29T00:45:58,dl,ue5,2028610,2578363.494360962,2.578363
2026-06-29T00:45:58,dl,ue6,2028622,2582879.269305372,2.582879
2026-06-29T00:45:58,dl,ue7,2028634,2582879.269305372,2.582879
2026-06-29T00:45:58,dl,ue8,2028646,2659643.0624415134,2.659643
2026-06-29T00:45:58,dl,ue9,2029394,2510630.6796894455,2.510631
2026-06-29T00:45:58,dl,ue10,2029406,2492568.722760196,2.492569
2026-06-29T00:45:58,dl,ue11,2029418,2465475.596891589,2.465476
2026-06-29T00:45:58,dl,ue12,2029430,2600941.416709354,2.600941
2026-06-29T00:45:58,dl,ue13,2030165,2442897.865017929,2.442898
2026-06-29T00:45:58,dl,ue14,2030177,2460960.2028966425,2.460960
2026-06-29T00:45:58,dl,ue15,2030189,2420320.514093733,2.420321
2026-06-29T00:45:58,dl,ue16,2030201,2578363.494360962,2.578363
2026-06-29T00:46:04,dl,cu_cp1,2027561,686725.1351530004,0.686725
2026-06-29T00:46:04,dl,cu_up1,2027588,1067065.126522535,1.067065
2026-06-29T00:46:04,dl,cu_cp2,2027616,734267.5983736116,0.734268
2026-06-29T00:46:04,dl,cu_up2,2027624,1077630.1183493375,1.077630
2026-06-29T00:46:04,dl,du1,2027807,6222785.993281117,6.222786
2026-06-29T00:46:04,dl,du2,2028564,6418238.580080833,6.418239
2026-06-29T00:46:04,dl,du3,2029330,6154113.689209223,6.154114
2026-06-29T00:46:04,dl,du4,2030102,6344283.732494764,6.344284
2026-06-29T00:46:04,dl,ue1,2027851,2493340.3559625484,2.493340
2026-06-29T00:46:04,dl,ue2,2027863,2392972.790805602,2.392973
2026-06-29T00:46:04,dl,ue3,2027875,2546165.410298109,2.546165
2026-06-29T00:46:04,dl,ue4,2027887,2540882.8667839337,2.540883
2026-06-29T00:46:04,dl,ue5,2028610,2572577.9374658894,2.572578
2026-06-29T00:46:04,dl,ue6,2028622,2567295.393951714,2.567295
2026-06-29T00:46:04,dl,ue7,2028634,2540882.8667839337,2.540883
2026-06-29T00:46:04,dl,ue8,2028646,2593707.9211194944,2.593708
2026-06-29T00:46:04,dl,ue9,2029394,2456362.741766417,2.456363
2026-06-29T00:46:04,dl,ue10,2029406,2340147.926873138,2.340148
2026-06-29T00:46:04,dl,ue11,2029418,2424667.861487558,2.424668
2026-06-29T00:46:04,dl,ue12,2029430,2525035.426644504,2.525035
2026-06-29T00:46:04,dl,ue13,2030165,2482775.2689341973,2.482775
2026-06-29T00:46:04,dl,ue14,2030177,2424667.861487558,2.424668
2026-06-29T00:46:04,dl,ue15,2030189,2424667.861487558,2.424668
2026-06-29T00:46:04,dl,ue16,2030201,2519752.8831303287,2.519753
2026-06-29T00:46:10,dl,cu_cp1,2027561,718293.7592642498,0.718294
2026-06-29T00:46:10,dl,cu_up1,2027588,1123346.6453699183,1.123347
2026-06-29T00:46:10,dl,cu_cp2,2027616,729095.1949902034,0.729095
2026-06-29T00:46:10,dl,cu_up2,2027624,1063938.8442389327,1.063939
2026-06-29T00:46:10,dl,du1,2027807,6227012.6288543055,6.227013
2026-06-29T00:46:10,dl,du2,2028564,6367430.911844666,6.367431
2026-06-29T00:46:10,dl,du3,2029330,6259416.936032167,6.259417
2026-06-29T00:46:10,dl,du4,2030102,6216211.193128352,6.216211
2026-06-29T00:46:10,dl,ue1,2027851,2592338.4710762785,2.592338
2026-06-29T00:46:10,dl,ue2,2027863,2559934.354621936,2.559934
2026-06-29T00:46:10,dl,ue3,2027875,2619341.8696676446,2.619342
2026-06-29T00:46:10,dl,ue4,2027887,2603139.716078714,2.603140
2026-06-29T00:46:10,dl,ue5,2028610,2549132.7281724643,2.549133
2026-06-29T00:46:10,dl,ue6,2028622,2495125.7402662146,2.495126
2026-06-29T00:46:10,dl,ue7,2028634,2468122.1509513306,2.468122
2026-06-29T00:46:10,dl,ue8,2028646,2619341.8696676446,2.619342
2026-06-29T00:46:10,dl,ue9,2029394,2430317.3166340115,2.430317
2026-06-29T00:46:10,dl,ue10,2029406,2424916.4080475164,2.424916
2026-06-29T00:46:10,dl,ue11,2029418,2451920.1880859183,2.451920
2026-06-29T00:46:10,dl,ue12,2029430,2484324.304540261,2.484324
2026-06-29T00:46:10,dl,ue13,2030165,2473522.8688143073,2.473523
2026-06-29T00:46:10,dl,ue14,2030177,2462721.433088354,2.462721
2026-06-29T00:46:10,dl,ue15,2030189,2495125.7402662146,2.495126
2026-06-29T00:46:10,dl,ue16,2030201,2543732.0103094876,2.543732
2026-06-29T00:46:16,dl,cu_cp1,2027561,715314.117069645,0.715314
2026-06-29T00:46:16,dl,cu_up1,2027588,1053638.3310419107,1.053638
2026-06-29T00:46:16,dl,cu_cp2,2027616,724980.4921948835,0.724980
2026-06-29T00:46:16,dl,cu_up2,2027624,1111636.7704175012,1.111637
2026-06-29T00:46:16,dl,du1,2027807,6041504.305966868,6.041504
2026-06-29T00:46:16,dl,du2,2028564,6186500.451561885,6.186500
2026-06-29T00:46:16,dl,du3,2029330,6215499.529781561,6.215500
2026-06-29T00:46:16,dl,du4,2030102,6225166.140686998,6.225166
2026-06-29T00:46:16,dl,ue1,2027851,2484266.5651812004,2.484267
2026-06-29T00:46:16,dl,ue2,2027863,2406935.3755551325,2.406935
2026-06-29T00:46:16,dl,ue3,2027875,2455267.2983373655,2.455267
2026-06-29T00:46:16,dl,ue4,2027887,2513265.6434008763,2.513266
2026-06-29T00:46:16,dl,ue5,2028610,2416601.797836411,2.416602
2026-06-29T00:46:16,dl,ue6,2028622,2358603.2641487406,2.358603
2026-06-29T00:46:16,dl,ue7,2028634,2397268.953273854,2.397269
2026-06-29T00:46:16,dl,ue8,2028646,2474600.142899922,2.474600
2026-06-29T00:46:16,dl,ue9,2029394,2455267.2983373655,2.455267
2026-06-29T00:46:16,dl,ue10,2029406,2590596.833026944,2.590597
2026-06-29T00:46:16,dl,ue11,2029418,2503599.4097437575,2.503599
2026-06-29T00:46:16,dl,ue12,2029430,2590596.833026944,2.590597
2026-06-29T00:46:16,dl,ue13,2030165,2339270.419586184,2.339270
2026-06-29T00:46:16,dl,ue14,2030177,2416601.797836411,2.416602
2026-06-29T00:46:16,dl,ue15,2030189,2464933.720618644,2.464934
2026-06-29T00:46:16,dl,ue16,2030201,2464933.720618644,2.464934
2026-06-29T00:46:22,dl,cu_cp1,2027561,720449.9009269304,0.720450
2026-06-29T00:46:22,dl,cu_up1,2027588,1105640.8895214582,1.105641
2026-06-29T00:46:22,dl,cu_cp2,2027616,699050.3989191997,0.699050
2026-06-29T00:46:22,dl,cu_up2,2027624,1148439.8935369193,1.148440
2026-06-29T00:46:22,dl,du1,2027807,6270054.040720444,6.270054
2026-06-29T00:46:22,dl,du2,2028564,6248654.396078844,6.248654
2026-06-29T00:46:22,dl,du3,2029330,6120256.90858623,6.120257
2026-06-29T00:46:22,dl,du4,2030102,6191588.677034578,6.191589
2026-06-29T00:46:22,dl,ue1,2027851,2575073.2656297134,2.575073
2026-06-29T00:46:22,dl,ue2,2027863,2553673.620988114,2.553674
2026-06-29T00:46:22,dl,ue3,2027875,2596472.720092821,2.596473
2026-06-29T00:46:22,dl,ue4,2027887,2653538.2489585946,2.653538
2026-06-29T00:46:22,dl,ue5,2028610,2432409.9189115097,2.432410
2026-06-29T00:46:22,dl,ue6,2028622,2375344.580224228,2.375345
2026-06-29T00:46:22,dl,ue7,2028634,2411010.4644484017,2.411010
2026-06-29T00:46:22,dl,ue8,2028646,2632138.604316995,2.632139
2026-06-29T00:46:22,dl,ue9,2029394,2539407.3814055393,2.539407
2026-06-29T00:46:22,dl,ue10,2029406,2510874.902240391,2.510875
2026-06-29T00:46:22,dl,ue11,2029418,2418143.679328935,2.418144
2026-06-29T00:46:22,dl,ue12,2029430,2653538.2489585946,2.653538
2026-06-29T00:46:22,dl,ue13,2030165,2375344.580224228,2.375345
2026-06-29T00:46:22,dl,ue14,2030177,2425276.704030976,2.425277
2026-06-29T00:46:22,dl,ue15,2030189,2418143.679328935,2.418144
2026-06-29T00:46:22,dl,ue16,2030201,2525141.332001457,2.525141
2026-06-29T00:46:28,dl,cu_cp1,2027561,732261.4013298672,0.732261
2026-06-29T00:46:28,dl,cu_up1,2027588,1087161.0977423752,1.087161
2026-06-29T00:46:28,dl,cu_cp2,2027616,678352.5999002963,0.678353
2026-06-29T00:46:28,dl,cu_up2,2027624,1105130.666582111,1.105131
2026-06-29T00:46:28,dl,du1,2027807,6226467.941315703,6.226468
2026-06-29T00:46:28,dl,du2,2028564,6212991.429058442,6.212991
2026-06-29T00:46:28,dl,du3,2029330,6145605.071357617,6.145605
2026-06-29T00:46:28,dl,du4,2030102,6073726.416357222,6.073726
2026-06-29T00:46:28,dl,ue1,2027851,2538206.8186826706,2.538207
2026-06-29T00:46:28,dl,ue2,2027863,2547191.6031025387,2.547192
2026-06-29T00:46:28,dl,ue3,2027875,2587623.0380815817,2.587623
2026-06-29T00:46:28,dl,ue4,2027887,2596608.2021429013,2.596608
2026-06-29T00:46:28,dl,ue5,2028610,2520237.060022209,2.520237
2026-06-29T00:46:28,dl,ue6,2028622,2538206.8186826706,2.538207
2026-06-29T00:46:28,dl,ue7,2028634,2565160.9821215486,2.565161
2026-06-29T00:46:28,dl,ue8,2028646,2578638.2536617136,2.578638
2026-06-29T00:46:28,dl,ue9,2029394,2461836.0562034296,2.461836
2026-06-29T00:46:28,dl,ue10,2029406,2430389.026002803,2.430389
2026-06-29T00:46:28,dl,ue11,2029418,2349525.966223991,2.349526
2026-06-29T00:46:28,dl,ue12,2029430,2592115.5252018785,2.592116
2026-06-29T00:46:28,dl,ue13,2030165,2331556.207563529,2.331556
2026-06-29T00:46:28,dl,ue14,2030177,2421404.4314036607,2.421404
2026-06-29T00:46:28,dl,ue15,2030189,2331556.207563529,2.331556
2026-06-29T00:46:28,dl,ue16,2030201,2457343.569083133,2.457344
2026-06-29T00:46:34,dl,cu_cp1,2027561,669288.6418089408,0.669289
2026-06-29T00:46:34,dl,cu_up1,2027588,1105104.4307647222,1.105104
2026-06-29T00:46:34,dl,cu_cp2,2027616,726359.7117086303,0.726360
2026-06-29T00:46:34,dl,cu_up2,2027624,1125857.5817004247,1.125858
2026-06-29T00:46:34,dl,du1,2027807,6340082.661835484,6.340083
2026-06-29T00:46:34,dl,du2,2028564,6314141.41351284,6.314141
2026-06-29T00:46:34,dl,du3,2029330,6199999.083366478,6.199999
2026-06-29T00:46:34,dl,du4,2030102,6168869.737656891,6.168870
2026-06-29T00:46:34,dl,ue1,2027851,2474811.3456126656,2.474811
2026-06-29T00:46:34,dl,ue2,2027863,2495564.6868953514,2.495565
2026-06-29T00:46:34,dl,ue3,2027875,2526694.0326049374,2.526694
2026-06-29T00:46:34,dl,ue4,2027887,2609706.8266947307,2.609707
2026-06-29T00:46:34,dl,ue5,2028610,2386610.6444829144,2.386611
2026-06-29T00:46:34,dl,ue6,2028622,2381422.356748989,2.381422
2026-06-29T00:46:34,dl,ue7,2028634,2422928.4682734096,2.422928
2026-06-29T00:46:34,dl,ue8,2028646,2614894.9240816724,2.614895
2026-06-29T00:46:34,dl,ue9,2029394,2459246.6727578724,2.459247
2026-06-29T00:46:34,dl,ue10,2029406,2495564.6868953514,2.495565
2026-06-29T00:46:34,dl,ue11,2029418,2479999.633346591,2.480000
2026-06-29T00:46:34,dl,ue12,2029430,2531882.5106858467,2.531883
2026-06-29T00:46:34,dl,ue13,2030165,2474811.3456126656,2.474811
2026-06-29T00:46:34,dl,ue14,2030177,2614894.9240816724,2.614895
2026-06-29T00:46:34,dl,ue15,2030189,2505940.8816692354,2.505941
2026-06-29T00:46:34,dl,ue16,2030201,2656401.225953077,2.656401
2026-06-29T00:46:40,dl,cu_cp1,2027561,722880.7072573531,0.722881
2026-06-29T00:46:40,dl,cu_up1,2027588,1111294.1548609382,1.111294
2026-06-29T00:46:40,dl,cu_cp2,2027616,744459.2585534417,0.744459
2026-06-29T00:46:40,dl,cu_up2,2027624,1046558.5961178744,1.046559
2026-06-29T00:46:40,dl,du1,2027807,6322508.6792994235,6.322509
2026-06-29T00:46:40,dl,du2,2028564,6171459.200807612,6.171459
2026-06-29T00:46:40,dl,du3,2029330,6117512.251696177,6.117512
2026-06-29T00:46:40,dl,du4,2030102,6166064.467838388,6.166064
2026-06-29T00:46:40,dl,ue1,2027851,2621791.1281187083,2.621791
2026-06-29T00:46:40,dl,ue2,2027863,2589423.301174575,2.589423
2026-06-29T00:46:40,dl,ue3,2027875,2637975.136735977,2.637975
2026-06-29T00:46:40,dl,ue4,2027887,2729683.694308747,2.729684
2026-06-29T00:46:40,dl,ue5,2028610,2341270.341850364,2.341270
2026-06-29T00:46:40,dl,ue6,2028622,2335875.6088811397,2.335876
2026-06-29T00:46:40,dl,ue7,2028634,2389821.9871213613,2.389822
2026-06-29T00:46:40,dl,ue8,2028646,2438373.632392359,2.438374
2026-06-29T00:46:40,dl,ue9,2029394,2449162.908040403,2.449163
2026-06-29T00:46:40,dl,ue10,2029406,2438373.632392359,2.438374
2026-06-29T00:46:40,dl,ue11,2029418,2508503.8289594445,2.508504
2026-06-29T00:46:40,dl,ue12,2029430,2540871.655903578,2.540872
2026-06-29T00:46:40,dl,ue13,2030165,2406005.8054482257,2.406006
2026-06-29T00:46:40,dl,ue14,2030177,2540871.655903578,2.540872
2026-06-29T00:46:40,dl,ue15,2030189,2422189.8140654946,2.422190
2026-06-29T00:46:40,dl,ue16,2030201,2551660.7412612177,2.551661
2026-06-29T00:46:46,dl,cu_cp1,2027561,680566.5144638419,0.680567
2026-06-29T00:46:46,dl,cu_up1,2027588,1097032.606044339,1.097033
2026-06-29T00:46:46,dl,cu_cp2,2027616,700881.9243158769,0.700882
2026-06-29T00:46:46,dl,cu_up2,2027624,1066559.3964593972,1.066559
2026-06-29T00:46:46,dl,du1,2027807,6297779.708723765,6.297780
2026-06-29T00:46:46,dl,du2,2028564,6338410.528427835,6.338411
2026-06-29T00:46:46,dl,du3,2029330,6439987.008846674,6.439987
2026-06-29T00:46:46,dl,du4,2030102,6277464.10925795,6.277464
2026-06-29T00:46:46,dl,ue1,2027851,2488638.7497500754,2.488639
2026-06-29T00:46:46,dl,ue2,2027863,2549585.168919959,2.549585
2026-06-29T00:46:46,dl,ue3,2027875,2458165.5401651333,2.458166
2026-06-29T00:46:46,dl,ue4,2027887,2701950.648003333,2.701951
2026-06-29T00:46:46,dl,ue5,2028610,2376903.9007569933,2.376904
2026-06-29T00:46:46,dl,ue6,2028622,2427692.5201939703,2.427693
2026-06-29T00:46:46,dl,ue7,2028634,2448007.930046005,2.448008
2026-06-29T00:46:46,dl,ue8,2028646,2580057.999277344,2.580058
2026-06-29T00:46:46,dl,ue9,2029394,2468323.3398980405,2.468323
2026-06-29T00:46:46,dl,ue10,2029406,2519111.7697212384,2.519112
2026-06-29T00:46:46,dl,ue11,2029418,2407376.9207281563,2.407377
2026-06-29T00:46:46,dl,ue12,2029430,2783212.2874114728,2.783212
2026-06-29T00:46:46,dl,ue13,2030165,2448007.930046005,2.448008
2026-06-29T00:46:46,dl,ue14,2030177,2478480.9500171687,2.478481
2026-06-29T00:46:46,dl,ue15,2030189,2498796.3598692035,2.498796
2026-06-29T00:46:46,dl,ue16,2030201,2529269.379840367,2.529269
2026-06-29T00:46:52,dl,cu_cp1,2027561,707799.3435336667,0.707799
2026-06-29T00:46:52,dl,cu_up1,2027588,1098563.6462270147,1.098564
2026-06-29T00:46:52,dl,cu_cp2,2027616,737291.0104373986,0.737291
2026-06-29T00:46:52,dl,cu_up2,2027624,1113309.4796788807,1.113309
2026-06-29T00:46:52,dl,du1,2027807,6067905.073601947,6.067905
2026-06-29T00:46:52,dl,du2,2028564,6377567.76527853,6.377568
2026-06-29T00:46:52,dl,du3,2029330,6178498.729897242,6.178499
2026-06-29T00:46:52,dl,du4,2030102,6171125.718577609,6.171126
2026-06-29T00:46:52,dl,ue1,2027851,2455179.094080584,2.455179
2026-06-29T00:46:52,dl,ue2,2027863,2484670.760984316,2.484671
2026-06-29T00:46:52,dl,ue3,2027875,2425687.4271768522,2.425687
2026-06-29T00:46:52,dl,ue4,2027887,2506789.4165684152,2.506789
2026-06-29T00:46:52,dl,ue5,2028610,2492043.583116549,2.492044
2026-06-29T00:46:52,dl,ue6,2028622,2536281.083472147,2.536281
2026-06-29T00:46:52,dl,ue7,2028634,2528908.0721525145,2.528908
2026-06-29T00:46:52,dl,ue8,2028646,2595264.4172796104,2.595264
2026-06-29T00:46:52,dl,ue9,2029394,2433060.438496485,2.433060
2026-06-29T00:46:52,dl,ue10,2029406,2455179.094080584,2.455179
2026-06-29T00:46:52,dl,ue11,2029418,2366704.2825567876,2.366704
2026-06-29T00:46:52,dl,ue12,2029430,2602637.428599243,2.602637
2026-06-29T00:46:52,dl,ue13,2030165,2455179.094080584,2.455179
2026-06-29T00:46:52,dl,ue14,2030177,2455179.094080584,2.455179
2026-06-29T00:46:52,dl,ue15,2030189,2499416.5944361817,2.499417
2026-06-29T00:46:52,dl,ue16,2030201,2551026.916924013,2.551027
2026-06-29T00:46:58,dl,cu_cp1,2027561,700437.2685800153,0.700437
2026-06-29T00:46:58,dl,cu_up1,2027588,1090554.190473336,1.090554
2026-06-29T00:46:58,dl,cu_cp2,2027616,731469.2937631345,0.731469
2026-06-29T00:46:58,dl,cu_up2,2027624,1081687.9517670178,1.081688
2026-06-29T00:46:58,dl,du1,2027807,6219705.675232601,6.219706
2026-06-29T00:46:58,dl,du2,2028564,6348267.5118790055,6.348268
2026-06-29T00:46:58,dl,du3,2029330,6268470.1304006055,6.268470
2026-06-29T00:46:58,dl,du4,2030102,6100010.930992041,6.100011
2026-06-29T00:46:58,dl,ue1,2027851,2518027.7283188296,2.518028
2026-06-29T00:46:58,dl,ue2,2027863,2495862.0841252827,2.495862
2026-06-29T00:46:58,dl,ue3,2027875,2540193.562223382,2.540194
2026-06-29T00:46:58,dl,ue4,2027887,2571225.5399787496,2.571226
2026-06-29T00:46:58,dl,ue5,2028610,2500295.0611951877,2.500295
2026-06-29T00:46:58,dl,ue6,2028622,2531327.228661561,2.531327
2026-06-29T00:46:58,dl,ue7,2028634,2549059.7060741973,2.549060
2026-06-29T00:46:58,dl,ue8,2028646,2580091.873540571,2.580092
2026-06-29T00:46:58,dl,ue9,2029394,2549059.7060741973,2.549060
2026-06-29T00:46:58,dl,ue10,2029406,2553492.8728551078,2.553493
2026-06-29T00:46:58,dl,ue11,2029418,2447097.439246273,2.447097
2026-06-29T00:46:58,dl,ue12,2029430,2699786.807492137,2.699787
2026-06-29T00:46:58,dl,ue13,2030165,2398332.794367263,2.398333
2026-06-29T00:46:58,dl,ue14,2030177,2376166.960462711,2.376167
2026-06-29T00:46:58,dl,ue15,2030189,2416065.4614909054,2.416065
2026-06-29T00:46:58,dl,ue16,2030201,2460396.9395890045,2.460397
2026-06-29T00:47:04,dl,cu_cp1,2027561,717351.1769481361,0.717351
2026-06-29T00:47:04,dl,cu_up1,2027588,1070975.075223747,1.070975
2026-06-29T00:47:04,dl,cu_cp2,2027616,712299.439424394,0.712299
2026-06-29T00:47:04,dl,cu_up2,2027624,1096233.9048183113,1.096234
2026-06-29T00:47:04,dl,du1,2027807,6142951.067700398,6.142951
2026-06-29T00:47:04,dl,du2,2028564,6163158.207096505,6.163158
2026-06-29T00:47:04,dl,du3,2029330,6208624.176087176,6.208624
2026-06-29T00:47:04,dl,du4,2030102,6223779.625284826,6.223780
2026-06-29T00:47:04,dl,ue1,2027851,2414745.5857892456,2.414746
2026-06-29T00:47:04,dl,ue2,2027863,2419797.2759877024,2.419797
2026-06-29T00:47:04,dl,ue3,2027875,2490522.0745729385,2.490522
2026-06-29T00:47:04,dl,ue4,2027887,2520832.7836670997,2.520833
2026-06-29T00:47:04,dl,ue5,2028610,2445056.105582267,2.445056
2026-06-29T00:47:04,dl,ue6,2028622,2530936.164064014,2.530936
2026-06-29T00:47:04,dl,ue7,2028634,2525884.4738655565,2.525884
2026-06-29T00:47:04,dl,ue8,2028646,2571350.4428562284,2.571350
2026-06-29T00:47:04,dl,ue9,2029394,2440004.4153838097,2.440004
2026-06-29T00:47:04,dl,ue10,2029406,2445056.105582267,2.445056
2026-06-29T00:47:04,dl,ue11,2029418,2586505.702752739,2.586506
2026-06-29T00:47:04,dl,ue12,2029430,2535988.0435636104,2.535988
2026-06-29T00:47:04,dl,ue13,2030165,2379383.1864966275,2.379383
2026-06-29T00:47:04,dl,ue14,2030177,2364227.9266001163,2.364228
2026-06-29T00:47:04,dl,ue15,2030189,2409693.706289649,2.409694
2026-06-29T00:47:04,dl,ue16,2030201,2505677.3344694497,2.505677
2026-06-29T00:47:10,dl,cu_cp1,2027561,664252.9285790485,0.664253
2026-06-29T00:47:10,dl,cu_up1,2027588,1087446.2358974684,1.087446
2026-06-29T00:47:10,dl,cu_cp2,2027616,728535.5005512167,0.728536
2026-06-29T00:47:10,dl,cu_up2,2027624,1082089.4100481248,1.082089
2026-06-29T00:47:10,dl,du1,2027807,6278261.15735485,6.278261
2026-06-29T00:47:10,dl,du2,2028564,6122911.884163797,6.122912
2026-06-29T00:47:10,dl,du3,2029330,6144339.565721197,6.144340
2026-06-29T00:47:10,dl,du4,2030102,6117554.86923444,6.117555
2026-06-29T00:47:10,dl,ue1,2027851,2469520.91878904,2.469521
2026-06-29T00:47:10,dl,ue2,2027863,2458807.0780103398,2.458807
2026-06-29T00:47:10,dl,ue3,2027875,2523089.5554425013,2.523090
2026-06-29T00:47:10,dl,ue4,2027887,2555230.8886985886,2.555231
2026-06-29T00:47:10,dl,ue5,2028610,2362383.456402104,2.362383
2026-06-29T00:47:10,dl,ue6,2028622,2448093.4263116526,2.448093
2026-06-29T00:47:10,dl,ue7,2028634,2410595.267206222,2.410595
2026-06-29T00:47:10,dl,ue8,2028646,2533803.3962212014,2.533803
2026-06-29T00:47:10,dl,ue9,2029394,2415952.0930555654,2.415952
2026-06-29T00:47:10,dl,ue10,2029406,2448093.4263116526,2.448093
2026-06-29T00:47:10,dl,ue11,2029418,2442736.411382296,2.442736
2026-06-29T00:47:10,dl,ue12,2029430,2517732.729593158,2.517733
2026-06-29T00:47:10,dl,ue13,2030165,2421309.107984922,2.421309
2026-06-29T00:47:10,dl,ue14,2030177,2394524.600578178,2.394525
2026-06-29T00:47:10,dl,ue15,2030189,2405238.4413568783,2.405238
2026-06-29T00:47:10,dl,ue16,2030201,2474877.7446383834,2.474878
2026-06-29T00:47:16,dl,cu_cp1,2027561,748222.5262800455,0.748223
2026-06-29T00:47:16,dl,cu_up1,2027588,1116911.9602083778,1.116912
2026-06-29T00:47:16,dl,cu_cp2,2027616,715691.1264510202,0.715691
2026-06-29T00:47:16,dl,cu_up2,2027624,1138599.5600943947,1.138600
2026-06-29T00:47:16,dl,du1,2027807,6278563.186087265,6.278563
2026-06-29T00:47:16,dl,du2,2028564,5985780.210240364,5.985780
2026-06-29T00:47:16,dl,du3,2029330,6050843.387284088,6.050843
2026-06-29T00:47:16,dl,du4,2030102,6083374.40972744,6.083374
2026-06-29T00:47:16,dl,ue1,2027851,2494075.3077417947,2.494075
2026-06-29T00:47:16,dl,ue2,2027863,2602513.307171879,2.602513
2026-06-29T00:47:16,dl,ue3,2027875,2472387.519162941,2.472388
2026-06-29T00:47:16,dl,ue4,2027887,2624200.718365059,2.624201
2026-06-29T00:47:16,dl,ue5,2028610,2461543.7192199323,2.461544
2026-06-29T00:47:16,dl,ue6,2028622,2472387.519162941,2.472388
2026-06-29T00:47:16,dl,ue7,2028634,2504918.918991966,2.504919
2026-06-29T00:47:16,dl,ue8,2028646,2548294.118764,2.548294
2026-06-29T00:47:16,dl,ue9,2029394,2385637.1196188736,2.385637
2026-06-29T00:47:16,dl,ue10,2029406,2374793.319675865,2.374793
2026-06-29T00:47:16,dl,ue11,2029418,2429012.3193909074,2.429012
2026-06-29T00:47:16,dl,ue12,2029430,2483231.3191059493,2.483231
2026-06-29T00:47:16,dl,ue13,2030165,2385637.1196188736,2.385637
2026-06-29T00:47:16,dl,ue14,2030177,2374793.319675865,2.374793
2026-06-29T00:47:16,dl,ue15,2030189,2472387.519162941,2.472388
2026-06-29T00:47:16,dl,ue16,2030201,2494075.3077417947,2.494075
2026-06-29T00:47:22,dl,cu_cp1,2027561,752641.0180653811,0.752641
2026-06-29T00:47:22,dl,cu_up1,2027588,1075201.4001615143,1.075201
2026-06-29T00:47:22,dl,cu_cp2,2027616,675840.9383854449,0.675841
2026-06-29T00:47:22,dl,cu_up2,2027624,1105921.4320334888,1.105921
2026-06-29T00:47:22,dl,du1,2027807,6136328.240322752,6.136328
2026-06-29T00:47:22,dl,du2,2028564,6113288.14525817,6.113288
2026-06-29T00:47:22,dl,du3,2029330,6090248.050193586,6.090248
2026-06-29T00:47:22,dl,du4,2030102,6113288.14525817,6.113288
2026-06-29T00:47:22,dl,ue1,2027851,2580483.626053882,2.580484
2026-06-29T00:47:22,dl,ue2,2027863,2496003.0877221394,2.496003
2026-06-29T00:47:22,dl,ue3,2027875,2580483.626053882,2.580484
2026-06-29T00:47:22,dl,ue4,2027887,2626563.6264214423,2.626564
2026-06-29T00:47:22,dl,ue5,2028610,2419203.340125012,2.419203
2026-06-29T00:47:22,dl,ue6,2028622,2380803.181684041,2.380803
2026-06-29T00:47:22,dl,ue7,2028634,2457603.3088043784,2.457603
2026-06-29T00:47:22,dl,ue8,2028646,2488323.2457955503,2.488323
2026-06-29T00:47:22,dl,ue9,2029394,2611203.5630450533,2.611204
2026-06-29T00:47:22,dl,ue10,2029406,2580483.626053882,2.580484
2026-06-29T00:47:22,dl,ue11,2029418,2611203.5630450533,2.611204
2026-06-29T00:47:22,dl,ue12,2029430,2688003.690165391,2.688004
2026-06-29T00:47:22,dl,ue13,2030165,2503683.1194103337,2.503683
2026-06-29T00:47:22,dl,ue14,2030177,2503683.1194103337,2.503683
2026-06-29T00:47:22,dl,ue15,2030189,2542083.46761291,2.542083
2026-06-29T00:47:22,dl,ue16,2030201,2672643.626789002,2.672644
2026-06-29T00:47:28,dl,cu_cp1,2027561,692286.5672498143,0.692287
2026-06-29T00:47:28,dl,cu_up1,2027588,1054062.0402787447,1.054062
2026-06-29T00:47:28,dl,cu_cp2,2027616,687820.2139004994,0.687820
2026-06-29T00:47:28,dl,cu_up2,2027624,1067461.2422824265,1.067461
2026-06-29T00:47:28,dl,du1,2027807,6154650.719761343,6.154651
2026-06-29T00:47:28,dl,du2,2028564,6235045.363960486,6.235045
2026-06-29T00:47:28,dl,du3,2029330,6279708.802816477,6.279709
2026-06-29T00:47:28,dl,du4,2030102,6141251.9909434505,6.141252
2026-06-29T00:47:28,dl,ue1,2027851,2460966.9888435267,2.460967
2026-06-29T00:47:28,dl,ue2,2027863,2434168.7741104793,2.434169
2026-06-29T00:47:28,dl,ue3,2027875,2447568.0707513187,2.447568
2026-06-29T00:47:28,dl,ue4,2027887,2648554.3027005433,2.648554
2026-06-29T00:47:28,dl,ue5,2028610,2483298.8975458383,2.483299
2026-06-29T00:47:28,dl,ue6,2028622,2487765.203576574,2.487765
2026-06-29T00:47:28,dl,ue7,2028634,2501164.3109430983,2.501164
2026-06-29T00:47:28,dl,ue8,2028646,2590491.7564780284,2.590492
2026-06-29T00:47:28,dl,ue9,2029394,2523496.2196454094,2.523496
2026-06-29T00:47:28,dl,ue10,2029406,2492231.698881626,2.492232
2026-06-29T00:47:28,dl,ue11,2029418,2469899.600904999,2.469900
2026-06-29T00:47:28,dl,ue12,2029430,2563693.352470665,2.563693
2026-06-29T00:47:28,dl,ue13,2030165,2434168.7741104793,2.434169
2026-06-29T00:47:28,dl,ue14,2030177,2443101.575446267,2.443102
2026-06-29T00:47:28,dl,ue15,2030189,2594958.062508764,2.594958
2026-06-29T00:47:28,dl,ue16,2030201,2590491.7564780284,2.590492
2026-06-29T00:47:34,dl,cu_cp1,2027561,676778.4356547564,0.676778
2026-06-29T00:47:34,dl,cu_up1,2027588,1037397.6835785627,1.037398
2026-06-29T00:47:34,dl,cu_cp2,2027616,740998.3386561379,0.740998
2026-06-29T00:47:34,dl,cu_up2,2027624,1052217.5775099187,1.052218
2026-06-29T00:47:34,dl,du1,2027807,6184865.375257659,6.184865
2026-06-29T00:47:34,dl,du2,2028564,6224385.723072588,6.224386
2026-06-29T00:47:34,dl,du3,2029330,6293545.669550836,6.293546
2026-06-29T00:47:34,dl,du4,2030102,6263905.314089942,6.263905
2026-06-29T00:47:34,dl,ue1,2027851,2474934.3006979823,2.474934
2026-06-29T00:47:34,dl,ue2,2027863,2395894.3618656993,2.395894
2026-06-29T00:47:34,dl,ue3,2027875,2479874.296875,2.479874
2026-06-29T00:47:34,dl,ue4,2027887,2544094.24717623,2.544094
2026-06-29T00:47:34,dl,ue5,2028610,2430474.524304217,2.430475
2026-06-29T00:47:34,dl,ue6,2028622,2410714.5395961464,2.410715
2026-06-29T00:47:34,dl,ue7,2028634,2460114.3121669292,2.460114
2026-06-29T00:47:34,dl,ue8,2028646,2573734.035038942,2.573734
2026-06-29T00:47:34,dl,ue9,2029394,2529274.258645177,2.529274
2026-06-29T00:47:34,dl,ue10,2029406,2524334.073268765,2.524334
2026-06-29T00:47:34,dl,ue11,2029418,2539154.061799818,2.539154
2026-06-29T00:47:34,dl,ue12,2029430,2633013.9891631543,2.633014
2026-06-29T00:47:34,dl,ue13,2030165,2489754.2892290354,2.489754
2026-06-29T00:47:34,dl,ue14,2030177,2425534.5281271995,2.425535
2026-06-29T00:47:34,dl,ue15,2030189,2623133.996809119,2.623134
2026-06-29T00:47:34,dl,ue16,2030201,2608314.008278066,2.608314
2026-06-29T00:47:40,dl,cu_cp1,2027561,713563.7654207766,0.713564
2026-06-29T00:47:40,dl,cu_up1,2027588,1046202.4216054112,1.046202
2026-06-29T00:47:40,dl,cu_cp2,2027616,740389.4467436373,0.740389
2026-06-29T00:47:40,dl,cu_up2,2027624,1083758.3943466127,1.083758
2026-06-29T00:47:40,dl,du1,2027807,6159181.418476701,6.159181
2026-06-29T00:47:40,dl,du2,2028564,6105530.05583098,6.105530
2026-06-29T00:47:40,dl,du3,2029330,6180641.812421417,6.180642
2026-06-29T00:47:40,dl,du4,2030102,6180641.812421417,6.180642
2026-06-29T00:47:40,dl,ue1,2027851,2435773.7908137976,2.435774
2026-06-29T00:47:40,dl,ue2,2027863,2382122.428168076,2.382122
2026-06-29T00:47:40,dl,ue3,2027875,2543076.7049972056,2.543077
2026-06-29T00:47:40,dl,ue4,2027887,2473329.8580009816,2.473330
2026-06-29T00:47:40,dl,ue5,2028610,2355296.7468452156,2.355297
2026-06-29T00:47:40,dl,ue6,2028622,2366027.132709539,2.366027
2026-06-29T00:47:40,dl,ue7,2028634,2398217.9125185786,2.398218
2026-06-29T00:47:40,dl,ue8,2028646,2510885.7362962007,2.510886
2026-06-29T00:47:40,dl,ue9,2029394,2510885.7362962007,2.510886
2026-06-29T00:47:40,dl,ue10,2029406,2500155.5393238426,2.500156
2026-06-29T00:47:40,dl,ue11,2029418,2505520.6378100216,2.505521
2026-06-29T00:47:40,dl,ue12,2029430,2543076.7049972056,2.543077
2026-06-29T00:47:40,dl,ue13,2030165,2457234.5625424446,2.457235
2026-06-29T00:47:40,dl,ue14,2030177,2543076.7049972056,2.543077
2026-06-29T00:47:40,dl,ue15,2030189,2602093.3550210716,2.602093
2026-06-29T00:47:40,dl,ue16,2030201,2575267.4848062457,2.575267
2026-06-29T00:47:46,dl,cu_cp1,2027561,693782.408784239,0.693782
2026-06-29T00:47:46,dl,cu_up1,2027588,1130193.9034605413,1.130194
2026-06-29T00:47:46,dl,cu_cp2,2027616,749732.593157813,0.749733
2026-06-29T00:47:46,dl,cu_up2,2027624,1096623.7268469005,1.096624
2026-06-29T00:47:46,dl,du1,2027807,6098570.89802059,6.098571
2026-06-29T00:47:46,dl,du2,2028564,6232851.604475153,6.232852
2026-06-29T00:47:46,dl,du3,2029330,6143331.0078111645,6.143331
2026-06-29T00:47:46,dl,du4,2030102,6221661.294215381,6.221661
2026-06-29T00:47:46,dl,ue1,2027851,2372288.2699389397,2.372288
2026-06-29T00:47:46,dl,ue2,2027863,2405858.2580111623,2.405858
2026-06-29T00:47:46,dl,ue3,2027875,2417048.3797295154,2.417048
2026-06-29T00:47:46,dl,ue4,2027887,2461808.4895200906,2.461808
2026-06-29T00:47:46,dl,ue5,2028610,2495378.6661337316,2.495379
2026-06-29T00:47:46,dl,ue6,2028622,2540138.7759243073,2.540139
2026-06-29T00:47:46,dl,ue7,2028634,2517758.532487601,2.517759
2026-06-29T00:47:46,dl,ue8,2028646,2596089.0074332356,2.596089
2026-06-29T00:47:46,dl,ue9,2029394,2383478.2031158744,2.383478
2026-06-29T00:47:46,dl,ue10,2029406,2383478.2031158744,2.383478
2026-06-29T00:47:46,dl,ue11,2029418,2394668.3248342276,2.394668
2026-06-29T00:47:46,dl,ue12,2029430,2484188.35587396,2.484188
2026-06-29T00:47:46,dl,ue13,2030165,2517758.532487601,2.517759
2026-06-29T00:47:46,dl,ue14,2030177,2517758.532487601,2.517759
2026-06-29T00:47:46,dl,ue15,2030189,2461808.4895200906,2.461808
2026-06-29T00:47:46,dl,ue16,2030201,2596089.0074332356,2.596089
2026-06-29T00:47:52,dl,cu_cp1,2027561,717949.6522669897,0.717950
2026-06-29T00:47:52,dl,cu_up1,2027588,1123747.302345255,1.123747
2026-06-29T00:47:52,dl,cu_cp2,2027616,733557.2523764259,0.733557
2026-06-29T00:47:52,dl,cu_up2,2027624,1076924.5492498702,1.076925
2026-06-29T00:47:52,dl,du1,2027807,6102572.351283417,6.102572
2026-06-29T00:47:52,dl,du2,2028564,6336686.305692036,6.336686
2026-06-29T00:47:52,dl,du3,2029330,6118179.620762386,6.118180
2026-06-29T00:47:52,dl,du4,2030102,6157198.928049982,6.157199
2026-06-29T00:47:52,dl,ue1,2027851,2497216.2064414895,2.497216
2026-06-29T00:47:52,dl,ue2,2027863,2481608.7480308246,2.481609
2026-06-29T00:47:52,dl,ue3,2027875,2512824.042715545,2.512824
2026-06-29T00:47:52,dl,ue4,2027887,2528431.5011262093,2.528432
2026-06-29T00:47:52,dl,ue5,2028610,2567450.430550414,2.567450
2026-06-29T00:47:52,dl,ue6,2028622,2528431.5011262093,2.528432
2026-06-29T00:47:52,dl,ue7,2028634,2536235.3247973896,2.536235
2026-06-29T00:47:52,dl,ue8,2028646,2629880.8309881594,2.629881
2026-06-29T00:47:52,dl,ue9,2029394,2497216.2064414895,2.497216
2026-06-29T00:47:52,dl,ue10,2029406,2458197.2770172847,2.458197
2026-06-29T00:47:52,dl,ue11,2029418,2512824.042715545,2.512824
2026-06-29T00:47:52,dl,ue12,2029430,2559646.6068792343,2.559647
2026-06-29T00:47:52,dl,ue13,2030165,2466001.1006884645,2.466001
2026-06-29T00:47:52,dl,ue14,2030177,2473804.9243596448,2.473805
2026-06-29T00:47:52,dl,ue15,2030189,2419178.1586613846,2.419178
2026-06-29T00:47:52,dl,ue16,2030201,2489412.382770309,2.489412
2026-06-29T00:47:58,dl,cu_cp1,2027561,659569.8696758472,0.659570
2026-06-29T00:47:58,dl,cu_up1,2027588,1087399.0178035235,1.087399
2026-06-29T00:47:58,dl,cu_cp2,2027616,686309.2091746766,0.686309
2026-06-29T00:47:58,dl,cu_up2,2027624,1127508.0033973015,1.127508
2026-06-29T00:47:58,dl,du1,2027807,6145586.947066012,6.145587
2026-06-29T00:47:58,dl,du2,2028564,6207979.101931758,6.207979
2026-06-29T00:47:58,dl,du3,2029330,6301566.388051739,6.301566
2026-06-29T00:47:58,dl,du4,2030102,6190152.717902766,6.190153
2026-06-29T00:47:58,dl,ue1,2027851,2464474.0321601247,2.464474
2026-06-29T00:47:58,dl,ue2,2027863,2446647.83736686,2.446648
2026-06-29T00:47:58,dl,ue3,2027875,2473387.0349388933,2.473387
2026-06-29T00:47:58,dl,ue4,2027887,2526865.8085544156,2.526866
2026-06-29T00:47:58,dl,ue5,2028610,2486756.728342774,2.486757
2026-06-29T00:47:58,dl,ue6,2028622,2486756.728342774,2.486757
2026-06-29T00:47:58,dl,ue7,2028634,2504583.1123717665,2.504583
2026-06-29T00:47:58,dl,ue8,2028646,2562518.1981409453,2.562518
2026-06-29T00:47:58,dl,ue9,2029394,2584800.8943235944,2.584801
2026-06-29T00:47:58,dl,ue10,2029406,2580344.39293421,2.580344
2026-06-29T00:47:58,dl,ue11,2029418,2580344.39293421,2.580344
2026-06-29T00:47:58,dl,ue12,2029430,2633822.9773140047,2.633823
2026-06-29T00:47:58,dl,ue13,2030165,2468930.533549509,2.468931
2026-06-29T00:47:58,dl,ue14,2030177,2455561.029381356,2.455561
2026-06-29T00:47:58,dl,ue15,2030189,2433278.1439629793,2.433278
2026-06-29T00:47:58,dl,ue16,2030201,2549148.6939727925,2.549149
2026-06-29T00:48:04,dl,cu_cp1,2027561,710328.2682391235,0.710328
2026-06-29T00:48:04,dl,cu_up1,2027588,1072740.58241001,1.072741
2026-06-29T00:48:04,dl,cu_cp2,2027616,705496.0693571774,0.705496
2026-06-29T00:48:04,dl,cu_up2,2027624,1058244.080381447,1.058244
2026-06-29T00:48:04,dl,du1,2027807,6276982.35061497,6.276982
2026-06-29T00:48:04,dl,du2,2028564,6276982.35061497,6.276982
2026-06-29T00:48:04,dl,du3,2029330,6190002.959974489,6.190003
2026-06-29T00:48:04,dl,du4,2030102,6103024.326272214,6.103024
2026-06-29T00:48:04,dl,ue1,2027851,2527222.132592778,2.527222
2026-06-29T00:48:04,dl,ue2,2027863,2454739.8116845144,2.454740
2026-06-29T00:48:04,dl,ue3,2027875,2556215.1366499043,2.556215
2026-06-29T00:48:04,dl,ue4,2027887,2590040.244971701,2.590040
2026-06-29T00:48:04,dl,ue5,2028610,2474068.417977748,2.474068
2026-06-29T00:48:04,dl,ue6,2028622,2503061.2328003226,2.503061
2026-06-29T00:48:04,dl,ue7,2028634,2517557.924063437,2.517558
2026-06-29T00:48:04,dl,ue8,2028646,2522390.2175626587,2.522390
2026-06-29T00:48:04,dl,ue9,2029394,2512725.819798766,2.512726
2026-06-29T00:48:04,dl,ue10,2029406,2498229.3177702036,2.498229
2026-06-29T00:48:04,dl,ue11,2029418,2522390.2175626587,2.522390
2026-06-29T00:48:04,dl,ue12,2029430,2565879.534413797,2.565880
2026-06-29T00:48:04,dl,ue13,2030165,2474068.417977748,2.474068
2026-06-29T00:48:04,dl,ue14,2030177,2464404.0202138554,2.464404
2026-06-29T00:48:04,dl,ue15,2030189,2503061.2328003226,2.503061
2026-06-29T00:48:04,dl,ue16,2030201,2570711.8279130184,2.570712
2026-06-29T00:48:10,dl,cu_cp1,2027561,723032.5210282967,0.723033
2026-06-29T00:48:10,dl,cu_up1,2027588,1039024.4997884452,1.039024
2026-06-29T00:48:10,dl,cu_cp2,2027616,717676.7704704568,0.717677
2026-06-29T00:48:10,dl,cu_up2,2027624,1071159.2869089157,1.071159
2026-06-29T00:48:10,dl,du1,2027807,6057405.716863656,6.057406
2026-06-29T00:48:10,dl,du2,2028564,6121675.101922309,6.121675
2026-06-29T00:48:10,dl,du3,2029330,6110963.979171204,6.110964
2026-06-29T00:48:10,dl,du4,2030102,6239502.749288511,6.239503
2026-06-29T00:48:10,dl,ue1,2027851,2517224.328965509,2.517224
2026-06-29T00:48:10,dl,ue2,2027863,2426175.8127530813,2.426176
2026-06-29T00:48:10,dl,ue3,2027875,2522580.2687056363,2.522580
2026-06-29T00:48:10,dl,ue4,2027887,2581494.092388737,2.581494
2026-06-29T00:48:10,dl,ue5,2028610,2452954.754724568,2.452955
2026-06-29T00:48:10,dl,ue6,2028622,2506512.827849829,2.506513
2026-06-29T00:48:10,dl,ue7,2028634,2474377.9461382153,2.474378
2026-06-29T00:48:10,dl,ue8,2028646,2544003.4601192833,2.544003
2026-06-29T00:48:10,dl,ue9,2029394,2452954.754724568,2.452955
2026-06-29T00:48:10,dl,ue10,2029406,2554714.961234963,2.554715
2026-06-29T00:48:10,dl,ue11,2029418,2527935.8300811886,2.527936
2026-06-29T00:48:10,dl,ue12,2029430,2527935.8300811886,2.527936
2026-06-29T00:48:10,dl,ue13,2030165,2447599.0041667284,2.447599
2026-06-29T00:48:10,dl,ue14,2030177,2501156.8881097017,2.501157
2026-06-29T00:48:10,dl,ue15,2030189,2469022.1955803754,2.469022
2026-06-29T00:48:10,dl,ue16,2030201,2501156.8881097017,2.501157
2026-06-29T00:48:16,dl,cu_cp1,2027561,664006.7063589245,0.664007
2026-06-29T00:48:16,dl,cu_up1,2027588,1129976.2626710832,1.129976
2026-06-29T00:48:16,dl,cu_cp2,2027616,722252.918620764,0.722253
2026-06-29T00:48:16,dl,cu_up2,2027624,1071730.0976700962,1.071730
2026-06-29T00:48:16,dl,du1,2027807,6325537.299975391,6.325537
2026-06-29T00:48:16,dl,du2,2028564,6092552.261884622,6.092552
2026-06-29T00:48:16,dl,du3,2029330,6034306.474970455,6.034306
2026-06-29T00:48:16,dl,du4,2030102,6209044.969973416,6.209045
2026-06-29T00:48:16,dl,ue1,2027851,2481288.141389327,2.481288
2026-06-29T00:48:16,dl,ue2,2027863,2621078.937391696,2.621079
2026-06-29T00:48:16,dl,ue3,2027875,2562832.772390709,2.562833
2026-06-29T00:48:16,dl,ue4,2027887,2516235.6513465093,2.516236
2026-06-29T00:48:16,dl,ue5,2028610,2516235.6513465093,2.516236
2026-06-29T00:48:16,dl,ue6,2028622,2527885.2624335266,2.527885
2026-06-29T00:48:16,dl,ue7,2028634,2469638.9083891297,2.469639
2026-06-29T00:48:16,dl,ue8,2028646,2527885.2624335266,2.527885
2026-06-29T00:48:16,dl,ue9,2029394,2446340.442388735,2.446340
2026-06-29T00:48:16,dl,ue10,2029406,2423041.97638834,2.423042
2026-06-29T00:48:16,dl,ue11,2029418,2388094.2773877475,2.388094
2026-06-29T00:48:16,dl,ue12,2029430,2457989.675388932,2.457990
2026-06-29T00:48:16,dl,ue13,2030165,2469638.9083891297,2.469639
2026-06-29T00:48:16,dl,ue14,2030177,2551183.7284339215,2.551184
2026-06-29T00:48:16,dl,ue15,2030189,2423041.97638834,2.423042
2026-06-29T00:48:16,dl,ue16,2030201,2527885.2624335266,2.527885
2026-06-29T00:48:22,dl,cu_cp1,2027561,703229.4567590415,0.703229
2026-06-29T00:48:22,dl,cu_up1,2027588,1058885.6968403768,1.058886
2026-06-29T00:48:22,dl,cu_cp2,2027616,670897.0326702371,0.670897
2026-06-29T00:48:22,dl,cu_up2,2027624,1083134.9558937144,1.083135
2026-06-29T00:48:22,dl,du1,2027807,6151236.51868458,6.151237
2026-06-29T00:48:22,dl,du2,2028564,6159319.73093066,6.159320
2026-06-29T00:48:22,dl,du3,2029330,6151236.51868458,6.151237
2026-06-29T00:48:22,dl,du4,2030102,6393729.486902857,6.393729
2026-06-29T00:48:22,dl,ue1,2027851,2481510.8460081685,2.481511
2026-06-29T00:48:22,dl,ue2,2027863,2473427.633762089,2.473428
2026-06-29T00:48:22,dl,ue3,2027875,2481510.8460081685,2.481511
2026-06-29T00:48:22,dl,ue4,2027887,2489593.8694117977,2.489594
2026-06-29T00:48:22,dl,ue5,2028610,2521926.3407112146,2.521926
2026-06-29T00:48:22,dl,ue6,2028622,2530009.364114844,2.530009
2026-06-29T00:48:22,dl,ue7,2028634,2521926.3407112146,2.521926
2026-06-29T00:48:22,dl,ue8,2028646,2521926.3407112146,2.521926
2026-06-29T00:48:22,dl,ue9,2029394,2521926.3407112146,2.521926
2026-06-29T00:48:22,dl,ue10,2029406,2449178.374708751,2.449178
2026-06-29T00:48:22,dl,ue11,2029418,2441095.162462672,2.441095
2026-06-29T00:48:22,dl,ue12,2029430,2481510.8460081685,2.481511
2026-06-29T00:48:22,dl,ue13,2030165,2513842.939622685,2.513843
2026-06-29T00:48:22,dl,ue14,2030177,2505759.9162190557,2.505760
2026-06-29T00:48:22,dl,ue15,2030189,2465344.61035846,2.465345
2026-06-29T00:48:22,dl,ue16,2030201,2610840.1646784856,2.610840
2026-06-29T00:48:28,dl,cu_cp1,2027561,743259.2855819303,0.743259
2026-06-29T00:48:28,dl,cu_up1,2027588,1049572.2144742596,1.049572
2026-06-29T00:48:28,dl,cu_cp2,2027616,693708.6570679396,0.693709
2026-06-29T00:48:28,dl,cu_up2,2027624,1094618.2403960694,1.094618
2026-06-29T00:48:28,dl,du1,2027807,6220855.32703434,6.220855
2026-06-29T00:48:28,dl,du2,2028564,6220855.32703434,6.220855
2026-06-29T00:48:28,dl,du3,2029330,6324460.902398643,6.324461
2026-06-29T00:48:28,dl,du4,2030102,6274910.1791327,6.274910
2026-06-29T00:48:28,dl,ue1,2027851,2504558.4727409007,2.504558
2026-06-29T00:48:28,dl,ue2,2027863,2522577.0726135303,2.522577
2026-06-29T00:48:28,dl,ue3,2027875,2513567.6779252626,2.513568
2026-06-29T00:48:28,dl,ue4,2027887,2612669.1244571493,2.612669
2026-06-29T00:48:28,dl,ue5,2028610,2491044.7597163105,2.491045
2026-06-29T00:48:28,dl,ue6,2028622,2509063.1700850343,2.509063
2026-06-29T00:48:28,dl,ue7,2028634,2513567.6779252626,2.513568
2026-06-29T00:48:28,dl,ue8,2028646,2522577.0726135303,2.522577
2026-06-29T00:48:28,dl,ue9,2029394,2495549.457060444,2.495549
2026-06-29T00:48:28,dl,ue10,2029406,2464017.144163225,2.464017
2026-06-29T00:48:28,dl,ue11,2029418,2522577.0726135303,2.522577
2026-06-29T00:48:28,dl,ue12,2029430,2549604.49866271,2.549604
2026-06-29T00:48:28,dl,ue13,2030165,2495549.457060444,2.495549
2026-06-29T00:48:28,dl,ue14,2030177,2477531.0466917204,2.477531
2026-06-29T00:48:28,dl,ue15,2030189,2486540.2518760823,2.486540
2026-06-29T00:48:28,dl,ue16,2030201,2567623.09853534,2.567623
2026-06-29T00:48:34,dl,cu_cp1,2027561,708467.9550457835,0.708468
2026-06-29T00:48:34,dl,cu_up1,2027588,1010045.5108743489,1.010046
2026-06-29T00:48:34,dl,cu_cp2,2027616,737189.6616158455,0.737190
2026-06-29T00:48:34,dl,cu_up2,2027624,1033980.3712614477,1.033980
2026-06-29T00:48:34,dl,du1,2027807,6189521.156389403,6.189521
2026-06-29T00:48:34,dl,du2,2028564,6290047.298857927,6.290047
2026-06-29T00:48:34,dl,du3,2029330,6218242.5240128515,6.218243
2026-06-29T00:48:34,dl,du4,2030102,6203882.033884907,6.203882
2026-06-29T00:48:34,dl,ue1,2027851,2522720.571988642,2.522721
2026-06-29T00:48:34,dl,ue2,2027863,2479637.939502132,2.479638
2026-06-29T00:48:34,dl,ue3,2027875,2537081.4494841457,2.537081
2026-06-29T00:48:34,dl,ue4,2027887,2613672.3441980123,2.613672
2026-06-29T00:48:34,dl,ue5,2028610,2450916.3781949044,2.450916
2026-06-29T00:48:34,dl,ue6,2028622,2470064.150294316,2.470064
2026-06-29T00:48:34,dl,ue7,2028634,2465277.255690408,2.465277
2026-06-29T00:48:34,dl,ue8,2028646,2561016.1161874654,2.561016
2026-06-29T00:48:34,dl,ue9,2029394,2556229.2215835573,2.556229
2026-06-29T00:48:34,dl,ue10,2029406,2522720.571988642,2.522721
2026-06-29T00:48:34,dl,ue11,2029418,2556229.2215835573,2.556229
2026-06-29T00:48:34,dl,ue12,2029430,2493998.816997635,2.493999
2026-06-29T00:48:34,dl,ue13,2030165,2498785.7116015432,2.498786
2026-06-29T00:48:34,dl,ue14,2030177,2498785.7116015432,2.498786
2026-06-29T00:48:34,dl,ue15,2030189,2537081.4494841457,2.537081
2026-06-29T00:48:34,dl,ue16,2030201,2551442.13329587,2.551442
2026-06-29T00:48:39,dl,cu_cp1,2027561,651335.7940348029,0.651336
2026-06-29T00:48:39,dl,cu_up1,2027588,697132.8486359001,0.697133
2026-06-29T00:48:39,dl,cu_cp2,2027616,661512.9567006469,0.661513
2026-06-29T00:48:39,dl,cu_up2,2027624,676778.6120018124,0.676779
2026-06-29T00:48:39,dl,du1,2027807,5073295.543265534,5.073296
2026-06-29T00:48:39,dl,du2,2028564,5078383.947203254,5.078384
2026-06-29T00:48:39,dl,du3,2029330,4920638.458068276,4.920638
2026-06-29T00:48:39,dl,du4,2030102,5073295.543265534,5.073296
2026-06-29T00:48:39,dl,ue1,2027851,1592719.7483725548,1.592720
2026-06-29T00:48:39,dl,ue2,2027863,1521479.609711647,1.521480
2026-06-29T00:48:39,dl,ue3,2027875,1689402.2615124702,1.689402
2026-06-29T00:48:39,dl,ue4,2027887,1592719.7483725548,1.592720
2026-06-29T00:48:39,dl,ue5,2028610,1475682.7325057506,1.475683
2026-06-29T00:48:39,dl,ue6,2028622,1628339.4629126072,1.628339
2026-06-29T00:48:39,dl,ue7,2028634,1653782.3695772171,1.653782
2026-06-29T00:48:39,dl,ue8,2028646,1480771.2251410722,1.480771
2026-06-29T00:48:39,dl,ue9,2029394,1506214.2205032825,1.506214
2026-06-29T00:48:39,dl,ue10,2029406,1567276.8417079449,1.567277
2026-06-29T00:48:39,dl,ue11,2029418,1597808.152310276,1.597808
2026-06-29T00:48:39,dl,ue12,2029430,1440062.7518728971,1.440063
2026-06-29T00:48:39,dl,ue13,2030165,1536745.353710413,1.536745
2026-06-29T00:48:39,dl,ue14,2030177,1714844.9907818795,1.714845
2026-06-29T00:48:39,dl,ue15,2030189,1572365.4230408669,1.572365
2026-06-29T00:48:39,dl,ue16,2030201,1618162.4776419639,1.618162
2026-06-29T00:48:45,dl,cu_cp1,2027561,637526.7281336123,0.637527
2026-06-29T00:48:45,dl,cu_up1,2027588,632546.0941905975,0.632546
2026-06-29T00:48:45,dl,cu_cp2,2027616,642507.448641398,0.642507
2026-06-29T00:48:45,dl,cu_up2,2027624,617604.0625143969,0.617604
2026-06-29T00:48:45,dl,du1,2027807,4746586.001759796,4.746586
2026-06-29T00:48:45,dl,du2,2028564,4771489.64758111,4.771490
2026-06-29T00:48:45,dl,du3,2029330,4741605.411099167,4.741605
2026-06-29T00:48:45,dl,du4,2030102,4796392.600884256,4.796393
2026-06-29T00:48:45,dl,ue1,2027851,1374667.0873399996,1.374667
2026-06-29T00:48:45,dl,ue2,2027863,1384628.4417908,1.384628
2026-06-29T00:48:45,dl,ue3,2027875,1394589.7962416005,1.394590
2026-06-29T00:48:45,dl,ue4,2027887,1394589.7962416005,1.394590
2026-06-29T00:48:45,dl,ue5,2028610,1379647.8511301707,1.379648
2026-06-29T00:48:45,dl,ue6,2028622,1394589.7962416005,1.394590
2026-06-29T00:48:45,dl,ue7,2028634,1339802.3467621983,1.339802
2026-06-29T00:48:45,dl,ue8,2028646,1339802.3467621983,1.339802
2026-06-29T00:48:45,dl,ue9,2029394,1409531.8279178012,1.409532
2026-06-29T00:48:45,dl,ue10,2029406,1389609.1190162003,1.389609
2026-06-29T00:48:45,dl,ue11,2029418,1364705.8194539703,1.364706
2026-06-29T00:48:45,dl,ue12,2029430,1374667.0873399996,1.374667
2026-06-29T00:48:45,dl,ue13,2030165,1339802.3467621983,1.339802
2026-06-29T00:48:45,dl,ue14,2030177,1364705.8194539703,1.364706
2026-06-29T00:48:45,dl,ue15,2030189,1379647.8511301707,1.379648
2026-06-29T00:48:45,dl,ue16,2030201,1324860.3150859976,1.324860
2026-06-29T00:48:51,dl,cu_cp1,2027561,620762.2054097459,0.620762
2026-06-29T00:48:51,dl,cu_up1,2027588,639019.8960053313,0.639020
2026-06-29T00:48:51,dl,cu_cp2,2027616,629891.0293793079,0.629891
2026-06-29T00:48:51,dl,cu_up2,2027624,611633.3387837225,0.611633
2026-06-29T00:48:51,dl,du1,2027807,4719618.713596411,4.719619
2026-06-29T00:48:51,dl,du2,2028564,4792649.646604598,4.792650
2026-06-29T00:48:51,dl,du3,2029330,4646587.439336534,4.646587
2026-06-29T00:48:51,dl,du4,2030102,4774391.6574137835,4.774392
2026-06-29T00:48:51,dl,ue1,2027851,1396714.9301795822,1.396715
2026-06-29T00:48:51,dl,ue2,2027863,1360199.5489884114,1.360200
2026-06-29T00:48:51,dl,ue3,2027875,1360199.5489884114,1.360200
2026-06-29T00:48:51,dl,ue4,2027887,1332812.9917668027,1.332813
2026-06-29T00:48:51,dl,ue5,2028610,1351070.6397059269,1.351071
2026-06-29T00:48:51,dl,ue6,2028622,1369328.3729579735,1.369328
2026-06-29T00:48:51,dl,ue7,2028634,1305426.3492322713,1.305426
2026-06-29T00:48:51,dl,ue8,2028646,1341941.9010492873,1.341942
2026-06-29T00:48:51,dl,ue9,2029394,1369328.3729579735,1.369328
2026-06-29T00:48:51,dl,ue10,2029406,1332812.9917668027,1.332813
2026-06-29T00:48:51,dl,ue11,2029418,1369328.3729579735,1.369328
2026-06-29T00:48:51,dl,ue12,2029430,1314555.2585147559,1.314555
2026-06-29T00:48:51,dl,ue13,2030165,1414972.6634316288,1.414973
2026-06-29T00:48:51,dl,ue14,2030177,1387586.1915229429,1.387586
2026-06-29T00:48:51,dl,ue15,2030189,1332812.9917668027,1.332813
2026-06-29T00:48:51,dl,ue16,2030201,1369328.3729579735,1.369328
2026-06-29T00:48:57,dl,cu_cp1,2027561,635674.4596294453,0.635674
2026-06-29T00:48:57,dl,cu_up1,2027588,628689.061225386,0.628689
2026-06-29T00:48:57,dl,cu_cp2,2027616,628689.061225386,0.628689
2026-06-29T00:48:57,dl,cu_up2,2027624,600747.2539518124,0.600747
2026-06-29T00:48:57,dl,du1,2027807,4673255.461937371,4.673255
2026-06-29T00:48:57,dl,du2,2028564,4722152.908914048,4.722153
2026-06-29T00:48:57,dl,du3,2029330,4673255.461937371,4.673255
2026-06-29T00:48:57,dl,du4,2030102,4680240.176637955,4.680240
2026-06-29T00:48:57,dl,ue1,2027851,1306276.0822050564,1.306276
2026-06-29T00:48:57,dl,ue2,2027863,1383115.8065014475,1.383116
2026-06-29T00:48:57,dl,ue3,2027875,1376130.4080973882,1.376130
2026-06-29T00:48:57,dl,ue4,2027887,1299290.6838009972,1.299291
2026-06-29T00:48:57,dl,ue5,2028610,1418043.0549105478,1.418043
2026-06-29T00:48:57,dl,ue6,2028622,1383115.8065014475,1.383116
2026-06-29T00:48:57,dl,ue7,2028634,1362159.525826335,1.362160
2026-06-29T00:48:57,dl,ue8,2028646,1313261.480609116,1.313261
2026-06-29T00:48:57,dl,ue9,2029394,1411057.571043554,1.411058
2026-06-29T00:48:57,dl,ue10,2029406,1355174.1274222755,1.355174
2026-06-29T00:48:57,dl,ue11,2029418,1383115.8065014475,1.383116
2026-06-29T00:48:57,dl,ue12,2029430,1369145.095156263,1.369145
2026-06-29T00:48:57,dl,ue13,2030165,1362159.525826335,1.362160
2026-06-29T00:48:57,dl,ue14,2030177,1348188.729018216,1.348189
2026-06-29T00:48:57,dl,ue15,2030189,1362159.525826335,1.362160
2026-06-29T00:48:57,dl,ue16,2030201,1327232.4483431035,1.327232
2026-06-29T00:49:03,dl,cu_cp1,2027561,628304.7549957142,0.628305
2026-06-29T00:49:03,dl,cu_up1,2027588,628304.7549957142,0.628305
2026-06-29T00:49:03,dl,cu_cp2,2027616,640955.2307856843,0.640955
2026-06-29T00:49:03,dl,cu_up2,2027624,607220.7427043602,0.607221
2026-06-29T00:49:03,dl,du1,2027807,4718611.221058893,4.718611
2026-06-29T00:49:03,dl,du2,2028564,4739695.404388142,4.739695
2026-06-29T00:49:03,dl,du3,2029330,4735478.63613745,4.735479
2026-06-29T00:49:03,dl,du4,2030102,4689093.501228261,4.689094
2026-06-29T00:49:03,dl,ue1,2027851,1362029.8280050396,1.362030
2026-06-29T00:49:03,dl,ue2,2027863,1340945.8157136857,1.340946
2026-06-29T00:49:03,dl,ue3,2027875,1370463.4500253708,1.370463
2026-06-29T00:49:03,dl,ue4,2027887,1340945.8157136857,1.340946
2026-06-29T00:49:03,dl,ue5,2028610,1374680.3037950099,1.374680
2026-06-29T00:49:03,dl,ue6,2028622,1391547.6333546191,1.391548
2026-06-29T00:49:03,dl,ue7,2028634,1370463.4500253708,1.370463
2026-06-29T00:49:03,dl,ue8,2028646,1324078.4861540764,1.324078
2026-06-29T00:49:03,dl,ue9,2029394,1378897.0720457018,1.378897
2026-06-29T00:49:03,dl,ue10,2029406,1340945.8157136857,1.340946
2026-06-29T00:49:03,dl,ue11,2029418,1311428.0958830535,1.311428
2026-06-29T00:49:03,dl,ue12,2029430,1340945.8157136857,1.340946
2026-06-29T00:49:03,dl,ue13,2030165,1349379.4377340167,1.349379
2026-06-29T00:49:03,dl,ue14,2030177,1357813.059754348,1.357813
2026-06-29T00:49:03,dl,ue15,2030189,1357813.059754348,1.357813
2026-06-29T00:49:03,dl,ue16,2030201,1345162.669483325,1.345163
2026-06-29T00:49:08,dl,cu_cp1,2027561,636957.3975438118,0.636957
2026-06-29T00:49:08,dl,cu_up1,2027588,628232.0029878616,0.628232
2026-06-29T00:49:08,dl,cu_cp2,2027616,628232.0029878616,0.628232
2026-06-29T00:49:08,dl,cu_up2,2027624,606418.3882065773,0.606418
2026-06-29T00:49:08,dl,du1,2027807,4729190.383549499,4.729190
2026-06-29T00:49:08,dl,du2,2028564,4737916.206076813,4.737916
2026-06-29T00:49:08,dl,du3,2029330,4685563.667552566,4.685564
2026-06-29T00:49:08,dl,du4,2030102,4720465.245776367,4.720465
2026-06-29T00:49:08,dl,ue1,2027851,1369894.7343629836,1.369895
2026-06-29T00:49:08,dl,ue2,2027863,1339355.6394314766,1.339356
2026-06-29T00:49:08,dl,ue3,2027875,1352443.774062538,1.352444
2026-06-29T00:49:08,dl,ue4,2027887,1348081.205175972,1.348081
2026-06-29T00:49:08,dl,ue5,2028610,1361169.3398070335,1.361169
2026-06-29T00:49:08,dl,ue6,2028622,1378620.128918934,1.378620
2026-06-29T00:49:08,dl,ue7,2028634,1339355.6394314766,1.339356
2026-06-29T00:49:08,dl,ue8,2028646,1321904.8503195762,1.321905
2026-06-29T00:49:08,dl,ue9,2029394,1409159.223850441,1.409159
2026-06-29T00:49:08,dl,ue10,2029406,1356806.5997319221,1.356807
2026-06-29T00:49:08,dl,ue11,2029418,1348081.205175972,1.348081
2026-06-29T00:49:08,dl,ue12,2029430,1343718.379506588,1.343718
2026-06-29T00:49:08,dl,ue13,2030165,1369894.7343629836,1.369895
2026-06-29T00:49:08,dl,ue14,2030177,1378620.128918934,1.378620
2026-06-29T00:49:08,dl,ue15,2030189,1330630.2448755265,1.330630
2026-06-29T00:49:08,dl,ue16,2030201,1361169.3398070335,1.361169
2026-06-29T00:49:14,dl,cu_cp1,2027561,624246.4078969109,0.624246
2026-06-29T00:49:14,dl,cu_up1,2027588,624246.4078969109,0.624246
2026-06-29T00:49:14,dl,cu_cp2,2027616,629161.7708906484,0.629162
2026-06-29T00:49:14,dl,cu_up2,2027624,614415.7672241223,0.614416
2026-06-29T00:49:14,dl,du1,2027807,4694136.210767116,4.694136
2026-06-29T00:49:14,dl,du2,2028564,4767866.186442404,4.767866
2026-06-29T00:49:14,dl,du3,2029330,4703967.19269865,4.703967
2026-06-29T00:49:14,dl,du4,2030102,4753120.054803848,4.753120
2026-06-29T00:49:14,dl,ue1,2027851,1386121.9558422351,1.386122
2026-06-29T00:49:14,dl,ue2,2027863,1361545.3541602634,1.361545
2026-06-29T00:49:14,dl,ue3,2027875,1322222.7061544228,1.322223
2026-06-29T00:49:14,dl,ue4,2027887,1341884.0728146862,1.341884
2026-06-29T00:49:14,dl,ue5,2028610,1312392.065481634,1.312392
2026-06-29T00:49:14,dl,ue6,2028622,1366460.674496658,1.366461
2026-06-29T00:49:14,dl,ue7,2028634,1322222.7061544228,1.322223
2026-06-29T00:49:14,dl,ue8,2028646,1322222.7061544228,1.322223
2026-06-29T00:49:14,dl,ue9,2029394,1336968.752478292,1.336969
2026-06-29T00:49:14,dl,ue10,2029406,1332053.3468272113,1.332053
2026-06-29T00:49:14,dl,ue11,2029418,1361545.3541602634,1.361545
2026-06-29T00:49:14,dl,ue12,2029430,1302561.4248088456,1.302561
2026-06-29T00:49:14,dl,ue13,2030165,1346799.3931510807,1.346799
2026-06-29T00:49:14,dl,ue14,2030177,1332053.3468272113,1.332053
2026-06-29T00:49:14,dl,ue15,2030189,1322222.7061544228,1.322223
2026-06-29T00:49:14,dl,ue16,2030201,1341884.0728146862,1.341884
2026-06-29T00:49:20,dl,cu_cp1,2027561,624773.527574662,0.624774
2026-06-29T00:49:20,dl,cu_up1,2027588,619892.4883739921,0.619892
2026-06-29T00:49:20,dl,cu_cp2,2027616,644297.6843773413,0.644298
2026-06-29T00:49:20,dl,cu_up2,2027624,605249.3707719827,0.605249
2026-06-29T00:49:20,dl,du1,2027807,4676039.378408625,4.676039
2026-06-29T00:49:20,dl,du2,2028564,4710206.695304058,4.710207
2026-06-29T00:49:20,dl,du3,2029330,4695564.045100229,4.695564
2026-06-29T00:49:20,dl,du4,2030102,4705325.6985941315,4.705326
2026-06-29T00:49:20,dl,ue1,2027851,1386216.322731054,1.386216
2026-06-29T00:49:20,dl,ue2,2027863,1347168.0091256953,1.347168
2026-06-29T00:49:20,dl,ue3,2027875,1308119.6105388491,1.308120
2026-06-29T00:49:20,dl,ue4,2027887,1347168.0091256953,1.347168
2026-06-29T00:49:20,dl,ue5,2028610,1356930.0875270348,1.356930
2026-06-29T00:49:20,dl,ue6,2028622,1342287.012415769,1.342287
2026-06-29T00:49:20,dl,ue7,2028634,1313000.6072487754,1.313001
2026-06-29T00:49:20,dl,ue8,2028646,1298357.5321375097,1.298358
2026-06-29T00:49:20,dl,ue9,2029394,1298357.5321375097,1.298358
2026-06-29T00:49:20,dl,ue10,2029406,1337405.8457428683,1.337406
2026-06-29T00:49:20,dl,ue11,2029418,1356930.0875270348,1.356930
2026-06-29T00:49:20,dl,ue12,2029430,1269071.2969334906,1.269071
2026-06-29T00:49:20,dl,ue13,2030165,1313000.6072487754,1.313001
2026-06-29T00:49:20,dl,ue14,2030177,1332524.849032942,1.332525
2026-06-29T00:49:20,dl,ue15,2030189,1308119.6105388491,1.308120
2026-06-29T00:49:20,dl,ue16,2030201,1313000.6072487754,1.313001
2026-06-29T00:49:26,ul,cu_cp1,2027561,603963.1158230639,0.603963
2026-06-29T00:49:26,ul,cu_up1,2027588,634673.1127188349,0.634673
2026-06-29T00:49:26,ul,cu_cp2,2027616,634673.1127188349,0.634673
2026-06-29T00:49:26,ul,cu_up2,2027624,624436.4613105869,0.624436
2026-06-29T00:49:26,ul,du1,2027807,4729338.156475868,4.729338
2026-06-29T00:49:26,ul,du2,2028564,4790758.491635628,4.790758
2026-06-29T00:49:26,ul,du3,2029330,4708865.280369644,4.708865
2026-06-29T00:49:26,ul,du4,2030102,4780521.541530189,4.780522
2026-06-29T00:49:26,ul,ue1,2027851,1402422.907100029,1.402423
2026-06-29T00:49:26,ul,ue2,2027863,1381949.5189414788,1.381950
2026-06-29T00:49:26,ul,ue3,2027875,1320529.610491991,1.320530
2026-06-29T00:49:26,ul,ue4,2027887,1371712.8248622036,1.371713
2026-06-29T00:49:26,ul,ue5,2028610,1402422.907100029,1.402423
2026-06-29T00:49:26,ul,ue6,2028622,1320529.610491991,1.320530
2026-06-29T00:49:26,ul,ue7,2028634,1320529.610491991,1.320530
2026-06-29T00:49:26,ul,ue8,2028646,1330766.2192292118,1.330766
2026-06-29T00:49:26,ul,ue9,2029394,1351239.5220457078,1.351240
2026-06-29T00:49:26,ul,ue10,2029406,1381949.5189414788,1.381950
2026-06-29T00:49:26,ul,ue11,2029418,1351239.5220457078,1.351240
2026-06-29T00:49:26,ul,ue12,2029430,1351239.5220457078,1.351240
2026-06-29T00:49:26,ul,ue13,2030165,1330766.2192292118,1.330766
2026-06-29T00:49:26,ul,ue14,2030177,1300056.2223334408,1.300056
2026-06-29T00:49:26,ul,ue15,2030189,1351239.5220457078,1.351240
2026-06-29T00:49:26,ul,ue16,2030201,1341002.913308487,1.341003
2026-06-29T00:49:32,ul,cu_cp1,2027561,714617.2959924334,0.714617
2026-06-29T00:49:32,ul,cu_up1,2027588,823911.6770067799,0.823912
2026-06-29T00:49:32,ul,cu_cp2,2027616,739839.1235665553,0.739839
2026-06-29T00:49:32,ul,cu_up2,2027624,832318.9844248486,0.832319
2026-06-29T00:49:32,ul,du1,2027807,6187745.311029296,6.187745
2026-06-29T00:49:32,ul,du2,2028564,6322261.472277722,6.322261
2026-06-29T00:49:32,ul,du3,2029330,6246596.178915525,6.246596
2026-06-29T00:49:32,ul,du4,2030102,6162523.6728153415,6.162524
2026-06-29T00:49:32,ul,ue1,2027851,2379255.4068622566,2.379255
2026-06-29T00:49:32,ul,ue2,2027863,2328811.7517140126,2.328812
2026-06-29T00:49:32,ul,ue3,2027875,2370848.004764104,2.370848
2026-06-29T00:49:32,ul,ue4,2027887,2396069.832338226,2.396070
2026-06-29T00:49:32,ul,ue5,2028610,2269960.883827784,2.269961
2026-06-29T00:49:32,ul,ue6,2028622,2337218.964451997,2.337219
2026-06-29T00:49:32,ul,ue7,2028634,2295182.711401906,2.295183
2026-06-29T00:49:32,ul,ue8,2028646,2379255.4068622566,2.379255
2026-06-29T00:49:32,ul,ue9,2029394,2404477.0450762105,2.404477
2026-06-29T00:49:32,ul,ue10,2029406,2379255.4068622566,2.379255
2026-06-29T00:49:32,ul,ue11,2029418,2387662.619600241,2.387663
2026-06-29T00:49:32,ul,ue12,2029430,2354033.5792881344,2.354034
2026-06-29T00:49:32,ul,ue13,2030165,2387662.619600241,2.387663
2026-06-29T00:49:32,ul,ue14,2030177,2379255.4068622566,2.379255
2026-06-29T00:49:32,ul,ue15,2030189,2345626.36655015,2.345626
2026-06-29T00:49:32,ul,ue16,2030201,2396069.832338226,2.396070
2026-06-29T00:49:38,ul,cu_cp1,2027561,732904.6848718501,0.732905
2026-06-29T00:49:38,ul,cu_up1,2027588,836959.0026611137,0.836959
2026-06-29T00:49:38,ul,cu_cp2,2027616,751001.0528348851,0.751001
2026-06-29T00:49:38,ul,cu_up2,2027624,832434.9225528145,0.832435
2026-06-29T00:49:38,ul,du1,2027807,6460419.09517994,6.460419
2026-06-29T00:49:38,ul,du2,2028564,6342792.25188675,6.342792
2026-06-29T00:49:38,ul,du3,2029330,6473991.335504837,6.473991
2026-06-29T00:49:38,ul,du4,2030102,6351840.792342053,6.351841
2026-06-29T00:49:38,ul,ue1,2027851,2352533.443715458,2.352533
2026-06-29T00:49:38,ul,ue2,2027863,2343485.2834988595,2.343485
2026-06-29T00:49:38,ul,ue3,2027875,2397774.434917803,2.397774
2026-06-29T00:49:38,ul,ue4,2027887,2397774.434917803,2.397774
2026-06-29T00:49:38,ul,ue5,2028610,2293720.2121882155,2.293720
2026-06-29T00:49:38,ul,ue6,2028622,2357057.523823757,2.357058
2026-06-29T00:49:38,ul,ue7,2028634,2316340.6127297115,2.316341
2026-06-29T00:49:38,ul,ue8,2028646,2393250.3548095035,2.393250
2026-06-29T00:49:38,ul,ue9,2029394,2393250.3548095035,2.393250
2026-06-29T00:49:38,ul,ue10,2029406,2379678.114484606,2.379678
2026-06-29T00:49:38,ul,ue11,2029418,2402298.515026102,2.402299
2026-06-29T00:49:38,ul,ue12,2029430,2388726.274701204,2.388726
2026-06-29T00:49:38,ul,ue13,2030165,2334437.1232822607,2.334437
2026-06-29T00:49:38,ul,ue14,2030177,2352533.443715458,2.352533
2026-06-29T00:49:38,ul,ue15,2030189,2298244.2922965144,2.298244
2026-06-29T00:49:38,ul,ue16,2030201,2411346.6752427006,2.411347
2026-06-29T00:49:44,ul,cu_cp1,2027561,733556.9583212999,0.733557
2026-06-29T00:49:44,ul,cu_up1,2027588,851114.1842248755,0.851114
2026-06-29T00:49:44,ul,cu_cp2,2027616,747663.7835605365,0.747664
2026-06-29T00:49:44,ul,cu_up2,2027624,841709.6023462993,0.841710
2026-06-29T00:49:44,ul,du1,2027807,6188211.450441992,6.188211
2026-06-29T00:49:44,ul,du2,2028564,6329279.417362592,6.329279
2026-06-29T00:49:44,ul,du3,2029330,6338683.999241169,6.338684
2026-06-29T00:49:44,ul,du4,2030102,6423325.616777377,6.423326
2026-06-29T00:49:44,ul,ue1,2027851,2365250.8199458458,2.365251
2026-06-29T00:49:44,ul,ue2,2027863,2341739.555563916,2.341740
2026-06-29T00:49:44,ul,ue3,2027875,2374655.592138933,2.374656
2026-06-29T00:49:44,ul,ue4,2027887,2379357.883078221,2.379358
2026-06-29T00:49:44,ul,ue5,2028610,2355846.42838178,2.355846
2026-06-29T00:49:44,ul,ue6,2028622,2365250.8199458458,2.365251
2026-06-29T00:49:44,ul,ue7,2028634,2332334.9736853396,2.332335
2026-06-29T00:49:44,ul,ue8,2028646,2402869.1474601505,2.402869
2026-06-29T00:49:44,ul,ue9,2029394,2402869.1474601505,2.402869
2026-06-29T00:49:44,ul,ue10,2029406,2365250.8199458458,2.365251
2026-06-29T00:49:44,ul,ue11,2029418,2369953.110885134,2.369953
2026-06-29T00:49:44,ul,ue12,2029430,2374655.592138933,2.374656
2026-06-29T00:49:44,ul,ue13,2030165,2369953.110885134,2.369953
2026-06-29T00:49:44,ul,ue14,2030177,2393464.5655815746,2.393465
2026-06-29T00:49:44,ul,ue15,2030189,2346441.656188693,2.346442
2026-06-29T00:49:44,ul,ue16,2030201,2365250.8199458458,2.365251
2026-06-29T00:49:49,ul,cu_cp1,2027561,712110.2576467514,0.712110
2026-06-29T00:49:49,ul,cu_up1,2027588,837137.2182101399,0.837137
2026-06-29T00:49:49,ul,cu_cp2,2027616,701238.2901063561,0.701238
2026-06-29T00:49:49,ul,cu_up2,2027624,842573.1068158865,0.842573
2026-06-29T00:49:49,ul,du1,2027807,6224169.251291847,6.224169
2026-06-29T00:49:49,ul,du2,2028564,6528582.819791699,6.528583
2026-06-29T00:49:49,ul,du3,2029330,6387248.3837399725,6.387248
2026-06-29T00:49:49,ul,du4,2030102,6256784.773255229,6.256785
2026-06-29T00:49:49,ul,ue1,2027851,2391820.487508327,2.391820
2026-06-29T00:49:49,ul,ue2,2027863,2342896.8239054503,2.342897
2026-06-29T00:49:49,ul,ue3,2027875,2380948.5199679313,2.380949
2026-06-29T00:49:49,ul,ue4,2027887,2359204.775216043,2.359205
2026-06-29T00:49:49,ul,ue5,2028610,2370076.7427564384,2.370077
2026-06-29T00:49:49,ul,ue6,2028622,2310281.1116131665,2.310281
2026-06-29T00:49:49,ul,ue7,2028634,2299409.334401673,2.299409
2026-06-29T00:49:49,ul,ue8,2028646,2364640.7589862407,2.364641
2026-06-29T00:49:49,ul,ue9,2029394,2326589.062923759,2.326589
2026-06-29T00:49:49,ul,ue10,2029406,2397256.4712785245,2.397256
2026-06-29T00:49:49,ul,ue11,2029418,2359204.775216043,2.359205
2026-06-29T00:49:49,ul,ue12,2029430,2293973.3506314754,2.293973
2026-06-29T00:49:49,ul,ue13,2030165,2364640.7589862407,2.364641
2026-06-29T00:49:49,ul,ue14,2030177,2359204.775216043,2.359205
2026-06-29T00:49:49,ul,ue15,2030189,2310281.1116131665,2.310281
2026-06-29T00:49:49,ul,ue16,2030201,2391820.487508327,2.391820
2026-06-29T00:49:55,ul,cu_cp1,2027561,704572.2145093215,0.704572
2026-06-29T00:49:55,ul,cu_up1,2027588,824216.4576740658,0.824216
2026-06-29T00:49:55,ul,cu_cp2,2027616,717865.9347292626,0.717866
2026-06-29T00:49:55,ul,cu_up2,2027624,850804.1835584259,0.850804
2026-06-29T00:49:55,ul,du1,2027807,6287974.193370695,6.287974
2026-06-29T00:49:55,ul,du2,2028564,6394324.716315499,6.394325
2026-06-29T00:49:55,ul,du3,2029330,6301267.532997999,6.301268
2026-06-29T00:49:55,ul,du4,2030102,6314561.633810577,6.314562
2026-06-29T00:49:55,ul,ue1,2027851,2432768.117214215,2.432768
2026-06-29T00:49:55,ul,ue2,2027863,2353005.034709294,2.353005
2026-06-29T00:49:55,ul,ue3,2027875,2366298.9452255536,2.366299
2026-06-29T00:49:55,ul,ue4,2027887,2379592.6654454945,2.379593
2026-06-29T00:49:55,ul,ue5,2028610,2326417.5942694116,2.326418
2026-06-29T00:49:55,ul,ue6,2028622,2299829.9635332106,2.299830
2026-06-29T00:49:55,ul,ue7,2028634,2299829.9635332106,2.299830
2026-06-29T00:49:55,ul,ue8,2028646,2353005.034709294,2.353005
2026-06-29T00:49:55,ul,ue9,2029394,2432768.117214215,2.432768
2026-06-29T00:49:55,ul,ue10,2029406,2366298.9452255536,2.366299
2026-06-29T00:49:55,ul,ue11,2029418,2392886.575961754,2.392887
2026-06-29T00:49:55,ul,ue12,2029430,2379592.6654454945,2.379593
2026-06-29T00:49:55,ul,ue13,2030165,2406180.486478014,2.406180
2026-06-29T00:49:55,ul,ue14,2030177,2366298.9452255536,2.366299
2026-06-29T00:49:55,ul,ue15,2030189,2326417.5942694116,2.326418
2026-06-29T00:49:55,ul,ue16,2030201,2379592.6654454945,2.379593
2026-06-29T00:50:01,ul,cu_cp1,2027561,719854.1587624609,0.719854
2026-06-29T00:50:01,ul,cu_up1,2027588,862047.5757746458,0.862048
2026-06-29T00:50:01,ul,cu_cp2,2027616,719854.1587624609,0.719854
2026-06-29T00:50:01,ul,cu_up2,2027624,808725.0384503865,0.808725
2026-06-29T00:50:01,ul,du1,2027807,6398703.717990799,6.398704
2026-06-29T00:50:01,ul,du2,2028564,6229849.0323164845,6.229849
2026-06-29T00:50:01,ul,du3,2029330,6354267.873907919,6.354268
2026-06-29T00:50:01,ul,du4,2030102,6345381.0855515,6.345381
2026-06-29T00:50:01,ul,ue1,2027851,2363965.4092103243,2.363965
2026-06-29T00:50:01,ul,ue2,2027863,2328417.1144041778,2.328417
2026-06-29T00:50:01,ul,ue3,2027875,2381739.556613398,2.381740
2026-06-29T00:50:01,ul,ue4,2027887,2355078.430623827,2.355078
2026-06-29T00:50:01,ul,ue5,2028610,2230659.208572235,2.230659
2026-06-29T00:50:01,ul,ue6,2028622,2310642.9670011043,2.310643
2026-06-29T00:50:01,ul,ue7,2028634,2310642.9670011043,2.310643
2026-06-29T00:50:01,ul,ue8,2028646,2355078.430623827,2.355078
2026-06-29T00:50:01,ul,ue9,2029394,2355078.430623827,2.355078
2026-06-29T00:50:01,ul,ue10,2029406,2346191.261807251,2.346191
2026-06-29T00:50:01,ul,ue11,2029418,2390626.7254299736,2.390627
2026-06-29T00:50:01,ul,ue12,2029430,2399513.704016471,2.399514
2026-06-29T00:50:01,ul,ue13,2030165,2346191.261807251,2.346191
2026-06-29T00:50:01,ul,ue14,2030177,2319530.1358176805,2.319530
2026-06-29T00:50:01,ul,ue15,2030189,2319530.1358176805,2.319530
2026-06-29T00:50:01,ul,ue16,2030201,2337304.2832207535,2.337304
2026-06-29T00:50:07,ul,cu_cp1,2027561,729393.7228818417,0.729394
2026-06-29T00:50:07,ul,cu_up1,2027588,847920.2350580692,0.847920
2026-06-29T00:50:07,ul,cu_cp2,2027616,747628.5635681152,0.747629
2026-06-29T00:50:07,ul,cu_up2,2027624,811450.4582546235,0.811450
2026-06-29T00:50:07,ul,du1,2027807,6386754.119395828,6.386754
2026-06-29T00:50:07,ul,du2,2028564,6414105.378400803,6.414105
2026-06-29T00:50:07,ul,du3,2029330,6386754.119395828,6.386754
2026-06-29T00:50:07,ul,du4,2030102,6341166.779102897,6.341167
2026-06-29T00:50:07,ul,ue1,2027851,2420675.3635377884,2.420675
2026-06-29T00:50:07,ul,ue2,2027863,2397881.8842531205,2.397882
2026-06-29T00:50:07,ul,ue3,2027875,2411558.0863409997,2.411558
2026-06-29T00:50:07,ul,ue4,2027887,2457145.0449103354,2.457145
2026-06-29T00:50:07,ul,ue5,2028610,2334059.989566612,2.334060
2026-06-29T00:50:07,ul,ue6,2028622,2347736.0007926943,2.347736
2026-06-29T00:50:07,ul,ue7,2028634,2315825.05344944,2.315825
2026-06-29T00:50:07,ul,ue8,2028646,2420675.3635377884,2.420675
2026-06-29T00:50:07,ul,ue9,2029394,2411558.0863409997,2.411558
2026-06-29T00:50:07,ul,ue10,2029406,2370529.6709391596,2.370530
2026-06-29T00:50:07,ul,ue11,2029418,2397881.8842531205,2.397882
2026-06-29T00:50:07,ul,ue12,2029430,2370529.6709391596,2.370530
2026-06-29T00:50:07,ul,ue13,2030165,2379646.9481359483,2.379647
2026-06-29T00:50:07,ul,ue14,2030177,2329501.255537319,2.329501
2026-06-29T00:50:07,ul,ue15,2030189,2356853.4688512804,2.356853
2026-06-29T00:50:07,ul,ue16,2030201,2379646.9481359483,2.379647
2026-06-29T00:50:13,ul,cu_cp1,2027561,715143.3352055895,0.715143
2026-06-29T00:50:13,ul,cu_up1,2027588,833574.7252704895,0.833575
2026-06-29T00:50:13,ul,cu_cp2,2027616,706033.2979218358,0.706033
2026-06-29T00:50:13,ul,cu_up2,2027624,824464.6403353619,0.824465
2026-06-29T00:50:13,ul,du1,2027807,6358854.342553096,6.358854
2026-06-29T00:50:13,ul,du2,2028564,6281418.5729531385,6.281419
2026-06-29T00:50:13,ul,du3,2029330,6267753.302596326,6.267753
2026-06-29T00:50:13,ul,du4,2030102,6213092.9835910555,6.213093
2026-06-29T00:50:13,ul,ue1,2027851,2400513.050919571,2.400513
2026-06-29T00:50:13,ul,ue2,2027863,2364072.711179061,2.364073
2026-06-29T00:50:13,ul,ue3,2027875,2405067.9504330135,2.405068
2026-06-29T00:50:13,ul,ue4,2027887,2432398.4911466385,2.432398
2026-06-29T00:50:13,ul,ue5,2028610,2286636.5603681137,2.286637
2026-06-29T00:50:13,ul,ue6,2028622,2359517.6210601237,2.359518
2026-06-29T00:50:13,ul,ue7,2028634,2323077.0907141184,2.323077
2026-06-29T00:50:13,ul,ue8,2028646,2391402.870681696,2.391403
2026-06-29T00:50:13,ul,ue9,2029394,2377737.7909303783,2.377738
2026-06-29T00:50:13,ul,ue10,2029406,2391402.870681696,2.391403
2026-06-29T00:50:13,ul,ue11,2029418,2368627.6106925034,2.368628
2026-06-29T00:50:13,ul,ue12,2029430,2359517.6210601237,2.359518
2026-06-29T00:50:13,ul,ue13,2030165,2341297.4511898686,2.341297
2026-06-29T00:50:13,ul,ue14,2030177,2313967.1010817382,2.313967
2026-06-29T00:50:13,ul,ue15,2030189,2318522.191200676,2.318522
2026-06-29T00:50:13,ul,ue16,2030201,2368627.6106925034,2.368628
2026-06-29T00:50:19,ul,cu_cp1,2027561,717660.0751061761,0.717660
2026-06-29T00:50:19,ul,cu_up1,2027588,804649.1232205975,0.804649
2026-06-29T00:50:19,ul,cu_cp2,2027616,706786.4678786624,0.706786
2026-06-29T00:50:19,ul,cu_up2,2027624,820959.6292090237,0.820960
2026-06-29T00:50:19,ul,du1,2027807,6263215.650713181,6.263216
2026-06-29T00:50:19,ul,du2,2028564,6399135.645909948,6.399136
2026-06-29T00:50:19,ul,du3,2029330,6219720.841214504,6.219721
2026-06-29T00:50:19,ul,du4,2030102,6197973.626759477,6.197974
2026-06-29T00:50:19,ul,ue1,2027851,2354142.5299104666,2.354143
2026-06-29T00:50:19,ul,ue2,2027863,2386763.3515930083,2.386763
2026-06-29T00:50:19,ul,ue3,2027875,2381326.6431264067,2.381327
2026-06-29T00:50:19,ul,ue4,2027887,2403073.8575814343,2.403074
2026-06-29T00:50:19,ul,ue5,2028610,2354142.5299104666,2.354143
2026-06-29T00:50:19,ul,ue6,2028622,2403073.8575814343,2.403074
2026-06-29T00:50:19,ul,ue7,2028634,2386763.3515930083,2.386763
2026-06-29T00:50:19,ul,ue8,2028646,2408510.756342347,2.408511
2026-06-29T00:50:19,ul,ue9,2029394,2359579.428671379,2.359579
2026-06-29T00:50:19,ul,ue10,2029406,2326958.606988838,2.326959
2026-06-29T00:50:19,ul,ue11,2029418,2299774.3034785865,2.299774
2026-06-29T00:50:19,ul,ue12,2029430,2370453.0358988927,2.370453
2026-06-29T00:50:19,ul,ue13,2030165,2348705.821443865,2.348706
2026-06-29T00:50:19,ul,ue14,2030177,2305211.202239499,2.305211
2026-06-29T00:50:19,ul,ue15,2030189,2348705.821443865,2.348706
2026-06-29T00:50:19,ul,ue16,2030201,2359579.428671379,2.359579
2026-06-29T00:50:25,ul,cu_cp1,2027561,708175.6807749975,0.708176
2026-06-29T00:50:25,ul,cu_up1,2027588,762650.7258064097,0.762651
2026-06-29T00:50:25,ul,cu_cp2,2027616,729965.6701775709,0.729966
2026-06-29T00:50:25,ul,cu_up2,2027624,811678.2377246893,0.811678
2026-06-29T00:50:25,ul,du1,2027807,6280973.064051721,6.280973
2026-06-29T00:50:25,ul,du2,2028564,6449845.636892452,6.449846
2026-06-29T00:50:25,ul,du3,2029330,6231945.838233356,6.231946
2026-06-29T00:50:25,ul,du4,2030102,6221050.772007091,6.221051
2026-06-29T00:50:25,ul,ue1,2027851,2407797.2383416807,2.407797
2026-06-29T00:50:25,ul,ue2,2027863,2342427.0317173647,2.342427
2026-06-29T00:50:25,ul,ue3,2027875,2380559.5727760172,2.380560
2026-06-29T00:50:25,ul,ue4,2027887,2478614.7873458527,2.478615
2026-06-29T00:50:25,ul,ue5,2028610,2320637.0899981107,2.320637
2026-06-29T00:50:25,ul,ue6,2028622,2320637.0899981107,2.320637
2026-06-29T00:50:25,ul,ue7,2028634,2309742.2145051216,2.309742
2026-06-29T00:50:25,ul,ue8,2028646,2424139.837681079,2.424140
2026-06-29T00:50:25,ul,ue9,2029394,2336979.498604232,2.336979
2026-06-29T00:50:25,ul,ue10,2029406,2358769.6310567628,2.358770
2026-06-29T00:50:25,ul,ue11,2029418,2386007.10588915,2.386007
2026-06-29T00:50:25,ul,ue12,2029430,2336979.498604232,2.336979
2026-06-29T00:50:25,ul,ue13,2030165,2396902.1721154153,2.396902
2026-06-29T00:50:25,ul,ue14,2030177,2320637.0899981107,2.320637
2026-06-29T00:50:25,ul,ue15,2030189,2315189.556884978,2.315190
2026-06-29T00:50:25,ul,ue16,2030201,2418692.304567946,2.418692
2026-06-29T00:50:31,ul,cu_cp1,2027561,703968.165044136,0.703968
2026-06-29T00:50:31,ul,cu_up1,2027588,753543.4125865803,0.753543
2026-06-29T00:50:31,ul,cu_cp2,2027616,733713.3041085601,0.733713
2026-06-29T00:50:31,ul,cu_up2,2027624,793203.5822374081,0.793204
2026-06-29T00:50:31,ul,du1,2027807,6177073.374456461,6.177073
2026-06-29T00:50:31,ul,du2,2028564,6315883.140393143,6.315883
2026-06-29T00:50:31,ul,du3,2029330,6196902.962577146,6.196903
2026-06-29T00:50:31,ul,du4,2030102,6097752.3728818325,6.097752
2026-06-29T00:50:31,ul,ue1,2027851,2379610.7467122246,2.379611
2026-06-29T00:50:31,ul,ue2,2027863,2369695.763431033,2.369696
2026-06-29T00:50:31,ul,ue3,2027875,2379610.7467122246,2.379611
2026-06-29T00:50:31,ul,ue4,2027887,2439101.0248410725,2.439101
2026-06-29T00:50:31,ul,ue5,2028610,2310205.4853021847,2.310205
2026-06-29T00:50:31,ul,ue6,2028622,2320120.4685833766,2.320120
2026-06-29T00:50:31,ul,ue7,2028634,2270545.17373572,2.270545
2026-06-29T00:50:31,ul,ue8,2028646,2369695.763431033,2.369696
2026-06-29T00:50:31,ul,ue9,2029394,2399440.902495457,2.399441
2026-06-29T00:50:31,ul,ue10,2029406,2369695.763431033,2.369696
2026-06-29T00:50:31,ul,ue11,2029418,2330035.451864568,2.330035
2026-06-29T00:50:31,ul,ue12,2029430,2389525.9192142654,2.389526
2026-06-29T00:50:31,ul,ue13,2030165,2300290.5020209933,2.300291
2026-06-29T00:50:31,ul,ue14,2030177,2310205.4853021847,2.310205
2026-06-29T00:50:31,ul,ue15,2030189,2320120.4685833766,2.320120
2026-06-29T00:50:31,ul,ue16,2030201,2389525.9192142654,2.389526
2026-06-29T00:50:37,ul,cu_cp1,2027561,730147.4856906035,0.730147
2026-06-29T00:50:37,ul,cu_up1,2027588,833400.6381325269,0.833401
2026-06-29T00:50:37,ul,cu_cp2,2027616,715397.0760623295,0.715397
2026-06-29T00:50:37,ul,cu_up2,2027624,796524.4952935064,0.796524
2026-06-29T00:50:37,ul,du1,2027807,6209941.313915033,6.209941
2026-06-29T00:50:37,ul,du2,2028564,6298444.0567286825,6.298444
2026-06-29T00:50:37,ul,du3,2029330,6320569.932461431,6.320570
2026-06-29T00:50:37,ul,du4,2030102,6114063.152504244,6.114063
2026-06-29T00:50:37,ul,ue1,2027851,2389573.6759098554,2.389574
2026-06-29T00:50:37,ul,ue2,2027863,2345322.3045030306,2.345322
2026-06-29T00:50:37,ul,ue3,2027875,2382198.447342051,2.382198
2026-06-29T00:50:37,ul,ue4,2027887,2396948.9044776596,2.396949
2026-06-29T00:50:37,ul,ue5,2028610,2337946.8859058903,2.337947
2026-06-29T00:50:37,ul,ue6,2028622,2345322.3045030306,2.345322
2026-06-29T00:50:37,ul,ue7,2028634,2315821.3902318142,2.315821
2026-06-29T00:50:37,ul,ue8,2028646,2411699.3616132676,2.411699
2026-06-29T00:50:37,ul,ue9,2029394,2419074.4001517356,2.419074
2026-06-29T00:50:37,ul,ue10,2029406,2345322.3045030306,2.345322
2026-06-29T00:50:37,ul,ue11,2029418,2396948.9044776596,2.396949
2026-06-29T00:50:37,ul,ue12,2029430,2367447.9902064432,2.367448
2026-06-29T00:50:37,ul,ue13,2030165,2345322.3045030306,2.345322
2026-06-29T00:50:37,ul,ue14,2030177,2323196.4287702823,2.323196
2026-06-29T00:50:37,ul,ue15,2030189,2323196.4287702823,2.323196
2026-06-29T00:50:37,ul,ue16,2030201,2389573.6759098554,2.389574
2026-06-29T00:50:43,ul,cu_cp1,2027561,733249.7688724815,0.733250
2026-06-29T00:50:43,ul,cu_up1,2027588,847819.9525568963,0.847820
2026-06-29T00:50:43,ul,cu_cp2,2027616,719501.3219503552,0.719501
2026-06-29T00:50:43,ul,cu_up2,2027624,815740.3547129452,0.815740
2026-06-29T00:50:43,ul,du1,2027807,6448014.764478207,6.448015
2026-06-29T00:50:43,ul,du2,2028564,6333444.676486087,6.333445
2026-06-29T00:50:43,ul,du3,2029330,6347192.597100591,6.347193
2026-06-29T00:50:43,ul,du4,2030102,6218874.205724788,6.218874
2026-06-29T00:50:43,ul,ue1,2027851,2419724.170294583,2.419724
2026-06-29T00:50:43,ul,ue2,2027863,2401392.9715266107,2.401393
2026-06-29T00:50:43,ul,ue3,2027875,2442638.2644468425,2.442638
2026-06-29T00:50:43,ul,ue4,2027887,2415141.274910295,2.415141
2026-06-29T00:50:43,ul,ue5,2028610,2410558.5709105968,2.410559
2026-06-29T00:50:43,ul,ue6,2028622,2442638.2644468425,2.442638
2026-06-29T00:50:43,ul,ue7,2028634,2373895.981990063,2.373896
2026-06-29T00:50:43,ul,ue8,2028646,2424306.874294281,2.424307
2026-06-29T00:50:43,ul,ue9,2029394,2396810.076142323,2.396810
2026-06-29T00:50:43,ul,ue10,2029406,2433472.473678267,2.433472
2026-06-29T00:50:43,ul,ue11,2029418,2415141.274910295,2.415141
2026-06-29T00:50:43,ul,ue12,2029430,2410558.5709105968,2.410559
2026-06-29T00:50:43,ul,ue13,2030165,2378478.877374351,2.378479
2026-06-29T00:50:43,ul,ue14,2030177,2369313.277990365,2.369313
2026-06-29T00:50:43,ul,ue15,2030189,2364730.382606077,2.364730
2026-06-29T00:50:43,ul,ue16,2030201,2424306.874294281,2.424307
2026-06-29T00:50:49,ul,cu_cp1,2027561,720565.359624579,0.720565
2026-06-29T00:50:49,ul,cu_up1,2027588,842351.0353813851,0.842351
2026-06-29T00:50:49,ul,cu_cp2,2027616,720565.359624579,0.720565
2026-06-29T00:50:49,ul,cu_up2,2027624,811904.5687006939,0.811905
2026-06-29T00:50:49,ul,du1,2027807,6327781.937691543,6.327782
2026-06-29T00:50:49,ul,du2,2028564,6226293.460801294,6.226293
2026-06-29T00:50:49,ul,du3,2029330,6221219.113343165,6.221219
2026-06-29T00:50:49,ul,du4,2030102,6114656.670926704,6.114657
2026-06-29T00:50:49,ul,ue1,2027851,2395118.5445051324,2.395119
2026-06-29T00:50:49,ul,ue2,2027863,2354523.382908183,2.354523
2026-06-29T00:50:49,ul,ue3,2027875,2395118.5445051324,2.395119
2026-06-29T00:50:49,ul,ue4,2027887,2430639.5496099116,2.430640
2026-06-29T00:50:49,ul,ue5,2028610,2344374.6879919255,2.344375
2026-06-29T00:50:49,ul,ue6,2028622,2400193.08292922,2.400193
2026-06-29T00:50:49,ul,ue7,2028634,2324077.107193451,2.324077
2026-06-29T00:50:49,ul,ue8,2028646,2359597.7303663124,2.359598
2026-06-29T00:50:49,ul,ue9,2029394,2374820.9637066578,2.374821
2026-06-29T00:50:49,ul,ue10,2029406,2400193.08292922,2.400193
2026-06-29T00:50:49,ul,ue11,2029418,2349449.0354500543,2.349449
2026-06-29T00:50:49,ul,ue12,2029430,2384969.8495888747,2.384970
2026-06-29T00:50:49,ul,ue13,2030165,2374820.9637066578,2.374821
2026-06-29T00:50:49,ul,ue14,2030177,2374820.9637066578,2.374821
2026-06-29T00:50:49,ul,ue15,2030189,2319002.568769363,2.319003
2026-06-29T00:50:49,ul,ue16,2030201,2440788.2445261693,2.440788
2026-06-29T00:50:55,ul,cu_cp1,2027561,725977.0061636853,0.725977
2026-06-29T00:50:55,ul,cu_up1,2027588,835146.4814913684,0.835146
2026-06-29T00:50:55,ul,cu_cp2,2027616,736893.982288897,0.736894
2026-06-29T00:50:55,ul,cu_up2,2027624,818771.0173035508,0.818771
2026-06-29T00:50:55,ul,du1,2027807,6288162.23635364,6.288162
2026-06-29T00:50:55,ul,du2,2028564,6364580.687997544,6.364581
2026-06-29T00:50:55,ul,du3,2029330,6217201.510307185,6.217202
2026-06-29T00:50:55,ul,du4,2030102,6206284.534181974,6.206285
2026-06-29T00:50:55,ul,ue1,2027851,2319851.3268862297,2.319851
2026-06-29T00:50:55,ul,ue2,2027863,2368977.528833393,2.368978
2026-06-29T00:50:55,ul,ue3,2027875,2368977.528833393,2.368978
2026-06-29T00:50:55,ul,ue4,2027887,2374436.0168959987,2.374436
2026-06-29T00:50:55,ul,ue5,2028610,2358060.7433244707,2.358061
2026-06-29T00:50:55,ul,ue6,2028622,2352602.2552618645,2.352602
2026-06-29T00:50:55,ul,ue7,2028634,2308934.3507610178,2.308934
2026-06-29T00:50:55,ul,ue8,2028646,2423562.409459451,2.423562
2026-06-29T00:50:55,ul,ue9,2029394,2407186.945271634,2.407187
2026-06-29T00:50:55,ul,ue10,2029406,2374436.0168959987,2.374436
2026-06-29T00:50:55,ul,ue11,2029418,2325309.8149488354,2.325310
2026-06-29T00:50:55,ul,ue12,2029430,2472688.611406615,2.472689
2026-06-29T00:50:55,ul,ue13,2030165,2390811.4810838164,2.390811
2026-06-29T00:50:55,ul,ue14,2030177,2330768.303011441,2.330768
2026-06-29T00:50:55,ul,ue15,2030189,2347143.767199259,2.347144
2026-06-29T00:50:55,ul,ue16,2030201,2423562.409459451,2.423562
2026-06-29T00:51:01,ul,cu_cp1,2027561,722384.8709062636,0.722385
2026-06-29T00:51:01,ul,cu_up1,2027588,833520.9975679922,0.833521
2026-06-29T00:51:01,ul,cu_cp2,2027616,733498.5026144475,0.733499
2026-06-29T00:51:01,ul,cu_up2,2027624,777952.9342371279,0.777953
2026-06-29T00:51:01,ul,du1,2027807,6279191.870463081,6.279192
2026-06-29T00:51:01,ul,du2,2028564,6312532.527562494,6.312533
2026-06-29T00:51:01,ul,du3,2029330,6145828.099544764,6.145828
2026-06-29T00:51:01,ul,du4,2030102,6179168.756644177,6.179169
2026-06-29T00:51:01,ul,ue1,2027851,2411654.1294586156,2.411654
2026-06-29T00:51:01,ul,ue2,2027863,2311631.5869000433,2.311632
2026-06-29T00:51:01,ul,ue3,2027875,2378313.2819390916,2.378313
2026-06-29T00:51:01,ul,ue4,2027887,2400540.4501454043,2.400540
2026-06-29T00:51:01,ul,ue5,2028610,2289404.228273621,2.289404
2026-06-29T00:51:01,ul,ue6,2028622,2333858.755106356,2.333859
2026-06-29T00:51:01,ul,ue7,2028634,2311631.5869000433,2.311632
2026-06-29T00:51:01,ul,ue8,2028646,2378313.2819390916,2.378313
2026-06-29T00:51:01,ul,ue9,2029394,2344972.4344195677,2.344972
2026-06-29T00:51:01,ul,ue10,2029406,2389426.9612523033,2.389427
2026-06-29T00:51:01,ul,ue11,2029418,2333858.755106356,2.333859
2026-06-29T00:51:01,ul,ue12,2029430,2367199.7930459906,2.367200
2026-06-29T00:51:01,ul,ue13,2030165,2367199.7930459906,2.367200
2026-06-29T00:51:01,ul,ue14,2030177,2356086.113732779,2.356086
2026-06-29T00:51:01,ul,ue15,2030189,2278290.7393805194,2.278291
2026-06-29T00:51:01,ul,ue16,2030201,2422767.8087718273,2.422768
2026-06-29T00:51:07,ul,cu_cp1,2027561,695137.5989507433,0.695138
2026-06-29T00:51:07,ul,cu_up1,2027588,797828.3854870579,0.797828
2026-06-29T00:51:07,ul,cu_cp2,2027616,742533.3649092137,0.742533
2026-06-29T00:51:07,ul,cu_up2,2027624,789929.1308676841,0.789929
2026-06-29T00:51:07,ul,du1,2027807,6216742.260405159,6.216742
2026-06-29T00:51:07,ul,du2,2028564,6224641.610321424,6.224642
2026-06-29T00:51:07,ul,du3,2029330,6224641.610321424,6.224642
2026-06-29T00:51:07,ul,du4,2030102,6074555.105475085,6.074555
2026-06-29T00:51:07,ul,ue1,2027851,2361888.090335233,2.361888
2026-06-29T00:51:07,ul,ue2,2027863,2330290.881263956,2.330291
2026-06-29T00:51:07,ul,ue3,2027875,2369787.440251498,2.369787
2026-06-29T00:51:07,ul,ue4,2027887,2425082.317884005,2.425082
2026-06-29T00:51:07,ul,ue5,2028610,2314492.3720252085,2.314492
2026-06-29T00:51:07,ul,ue6,2028622,2346089.3905027034,2.346089
2026-06-29T00:51:07,ul,ue7,2028634,2306593.0221089437,2.306593
2026-06-29T00:51:07,ul,ue8,2028646,2401384.6493227757,2.401385
2026-06-29T00:51:07,ul,ue9,2029394,2369787.440251498,2.369787
2026-06-29T00:51:07,ul,ue10,2029406,2314492.3720252085,2.314492
2026-06-29T00:51:07,ul,ue11,2029418,2330290.881263956,2.330291
2026-06-29T00:51:07,ul,ue12,2029430,2440881.0177165354,2.440881
2026-06-29T00:51:07,ul,ue13,2030165,2385585.9494902454,2.385586
2026-06-29T00:51:07,ul,ue14,2030177,2393485.299406511,2.393485
2026-06-29T00:51:07,ul,ue15,2030189,2322391.7219414734,2.322392
2026-06-29T00:51:07,ul,ue16,2030201,2377686.5995739806,2.377687
2026-06-29T00:51:13,ul,cu_cp1,2027561,706309.1780885393,0.706309
2026-06-29T00:51:13,ul,cu_up1,2027588,838457.4234032154,0.838457
2026-06-29T00:51:13,ul,cu_cp2,2027616,751877.5599781513,0.751878
2026-06-29T00:51:13,ul,cu_up2,2027624,815673.2085487176,0.815673
2026-06-29T00:51:13,ul,du1,2027807,6361339.550970397,6.361340
2026-06-29T00:51:13,ul,du2,2028564,6397794.3712486075,6.397794
2026-06-29T00:51:13,ul,du3,2029330,6206407.425536909,6.206407
2026-06-29T00:51:13,ul,du4,2030102,6156282.382390056,6.156282
2026-06-29T00:51:13,ul,ue1,2027851,2392337.7777839066,2.392338
2026-06-29T00:51:13,ul,ue2,2027863,2360439.7622210886,2.360440
2026-06-29T00:51:13,ul,ue3,2027875,2415121.8013608693,2.415122
2026-06-29T00:51:13,ul,ue4,2027887,2424235.4107916546,2.424235
2026-06-29T00:51:13,ul,ue5,2028610,2392337.7777839066,2.392338
2026-06-29T00:51:13,ul,ue6,2028622,2383223.977075586,2.383224
2026-06-29T00:51:13,ul,ue7,2028634,2346769.3480749107,2.346769
2026-06-29T00:51:13,ul,ue8,2028646,2396894.391221764,2.396894
2026-06-29T00:51:13,ul,ue9,2029394,2406008.191930084,2.406008
2026-06-29T00:51:13,ul,ue10,2029406,2401451.387214692,2.401451
2026-06-29T00:51:13,ul,ue11,2029418,2342212.543359518,2.342213
2026-06-29T00:51:13,ul,ue12,2029430,2410564.9966454767,2.410565
2026-06-29T00:51:13,ul,ue13,2030165,2383223.977075586,2.383224
2026-06-29T00:51:13,ul,ue14,2030177,2415121.8013608693,2.415122
2026-06-29T00:51:13,ul,ue15,2030189,2328541.9379358054,2.328542
2026-06-29T00:51:13,ul,ue16,2030201,2424235.4107916546,2.424235
2026-06-29T00:51:19,ul,cu_cp1,2027561,718028.1850428963,0.718028
2026-06-29T00:51:19,ul,cu_up1,2027588,849910.9382369996,0.849911
2026-06-29T00:51:19,ul,cu_cp2,2027616,747335.442314663,0.747335
2026-06-29T00:51:19,ul,cu_up2,2027624,801065.5094507218,0.801066
2026-06-29T00:51:19,ul,du1,2027807,6379216.722862854,6.379217
2026-06-29T00:51:19,ul,du2,2028564,6374332.036777496,6.374332
2026-06-29T00:51:19,ul,du3,2029330,6296179.350719452,6.296179
2026-06-29T00:51:19,ul,du4,2030102,6017759.881546326,6.017760
2026-06-29T00:51:19,ul,ue1,2027851,2437388.280766983,2.437388
2026-06-29T00:51:19,ul,ue2,2027863,2383658.261366501,2.383658
2026-06-29T00:51:19,ul,ue3,2027875,2393427.4425949096,2.393427
2026-06-29T00:51:19,ul,ue4,2027887,2442272.7759100343,2.442273
2026-06-29T00:51:19,ul,ue5,2028610,2408080.928024063,2.408081
2026-06-29T00:51:19,ul,ue6,2028622,2339697.232252121,2.339697
2026-06-29T00:51:19,ul,ue7,2028634,2325043.555880661,2.325044
2026-06-29T00:51:19,ul,ue8,2028646,2408080.928024063,2.408081
2026-06-29T00:51:19,ul,ue9,2029394,2383658.261366501,2.383658
2026-06-29T00:51:19,ul,ue10,2029406,2359235.403766632,2.359235
2026-06-29T00:51:19,ul,ue11,2029418,2334812.7371090697,2.334813
2026-06-29T00:51:19,ul,ue12,2029430,2383658.261366501,2.383658
2026-06-29T00:51:19,ul,ue13,2030165,2408080.928024063,2.408081
2026-06-29T00:51:19,ul,ue14,2030177,2398311.937737961,2.398312
2026-06-29T00:51:19,ul,ue15,2030189,2354350.908623581,2.354351
2026-06-29T00:51:19,ul,ue16,2030201,2417850.109252472,2.417850
2026-06-29T00:51:25,ul,cu_cp1,2027561,708004.9238461449,0.708005
2026-06-29T00:51:25,ul,cu_up1,2027588,822375.0237289428,0.822375
2026-06-29T00:51:25,ul,cu_cp2,2027616,746128.2904737443,0.746128
2026-06-29T00:51:25,ul,cu_up2,2027624,816928.7399449497,0.816929
2026-06-29T00:51:25,ul,du1,2027807,6116073.983332014,6.116074
2026-06-29T00:51:25,ul,du2,2028564,6372044.648386264,6.372045
2026-06-29T00:51:25,ul,du3,2029330,6268567.259116149,6.268567
2026-06-29T00:51:25,ul,du4,2030102,6116073.983332014,6.116074
2026-06-29T00:51:25,ul,ue1,2027851,2347308.7352016033,2.347309
2026-06-29T00:51:25,ul,ue2,2027863,2358201.112043327,2.358201
2026-06-29T00:51:25,ul,ue3,2027875,2314631.6046764315,2.314632
2026-06-29T00:51:25,ul,ue4,2027887,2439893.9383562566,2.439894
2026-06-29T00:51:25,ul,ue5,2028610,2347308.7352016033,2.347309
2026-06-29T00:51:25,ul,ue6,2028622,2314631.6046764315,2.314632
2026-06-29T00:51:25,ul,ue7,2028634,2276508.285730398,2.276508
2026-06-29T00:51:25,ul,ue8,2028646,2423555.5638199328,2.423556
2026-06-29T00:51:25,ul,ue9,2029394,2390878.242568499,2.390878
2026-06-29T00:51:25,ul,ue10,2029406,2390878.242568499,2.390878
2026-06-29T00:51:25,ul,ue11,2029418,2363647.300464189,2.363647
2026-06-29T00:51:25,ul,ue12,2029430,2429001.5615145327,2.429002
2026-06-29T00:51:25,ul,ue13,2030165,2434447.9406616567,2.434448
2026-06-29T00:51:25,ul,ue14,2030177,2330970.1699390174,2.330970
2026-06-29T00:51:25,ul,ue15,2030189,2379986.056453037,2.379986
2026-06-29T00:51:25,ul,ue16,2030201,2374539.677305913,2.374540
2026-06-29T00:51:30,ul,cu_cp1,2027561,710386.2645776289,0.710386
2026-06-29T00:51:30,ul,cu_up1,2027588,839547.3862334914,0.839547
2026-06-29T00:51:30,ul,cu_cp2,2027616,749134.6392625421,0.749135
2026-06-29T00:51:30,ul,cu_up2,2027624,826631.2931619823,0.826631
2026-06-29T00:51:30,ul,du1,2027807,6393476.476669047,6.393476
2026-06-29T00:51:30,ul,du2,2028564,6496804.839359574,6.496805
2026-06-29T00:51:30,ul,du3,2029330,6264314.97313164,6.264315
2026-06-29T00:51:30,ul,du4,2030102,6277231.734495852,6.277232
2026-06-29T00:51:30,ul,ue1,2027851,2376564.9439731026,2.376565
2026-06-29T00:51:30,ul,ue2,2027863,2389480.941574225,2.389481
2026-06-29T00:51:30,ul,ue3,2027875,2415313.3186580157,2.415313
2026-06-29T00:51:30,ul,ue4,2027887,2389480.941574225,2.389481
2026-06-29T00:51:30,ul,ue5,2028610,2389480.941574225,2.389481
2026-06-29T00:51:30,ul,ue6,2028622,2389480.941574225,2.389481
2026-06-29T00:51:30,ul,ue7,2028634,2376564.9439731026,2.376565
2026-06-29T00:51:30,ul,ue8,2028646,2389480.941574225,2.389481
2026-06-29T00:51:30,ul,ue9,2029394,2350732.757830085,2.350733
2026-06-29T00:51:30,ul,ue10,2029406,2350732.757830085,2.350733
2026-06-29T00:51:30,ul,ue11,2029418,2337816.5692881895,2.337817
2026-06-29T00:51:30,ul,ue12,2029430,2415313.3186580157,2.415313
2026-06-29T00:51:30,ul,ue13,2030165,2402397.321056893,2.402397
2026-06-29T00:51:30,ul,ue14,2030177,2363648.7554312074,2.363649
2026-06-29T00:51:30,ul,ue15,2030189,2286152.1970021534,2.286152
2026-06-29T00:51:30,ul,ue16,2030201,2466977.690944052,2.466978
2026-06-29T00:51:36,ul,cu_cp1,2027561,714981.4891094661,0.714981
2026-06-29T00:51:36,ul,cu_up1,2027588,838558.5566845036,0.838559
2026-06-29T00:51:36,ul,cu_cp2,2027616,759116.1902611709,0.759116
2026-06-29T00:51:36,ul,cu_up2,2027624,812077.7359934807,0.812078
2026-06-29T00:51:36,ul,du1,2027807,6399525.545414095,6.399526
2026-06-29T00:51:36,ul,du2,2028564,6426007.131303005,6.426007
2026-06-29T00:51:36,ul,du3,2029330,6205333.242945538,6.205333
2026-06-29T00:51:36,ul,du4,2030102,6170025.482024174,6.170025
2026-06-29T00:51:36,ul,ue1,2027851,2392098.5068287374,2.392099
2026-06-29T00:51:36,ul,ue2,2027863,2400925.447059078,2.400925
2026-06-29T00:51:36,ul,ue3,2027875,2400925.447059078,2.400925
2026-06-29T00:51:36,ul,ue4,2027887,2418579.518819232,2.418580
2026-06-29T00:51:36,ul,ue5,2028610,2400925.447059078,2.400925
2026-06-29T00:51:36,ul,ue6,2028622,2409752.578588891,2.409753
2026-06-29T00:51:36,ul,ue7,2028634,2418579.518819232,2.418580
2026-06-29T00:51:36,ul,ue8,2028646,2392098.5068287374,2.392099
2026-06-29T00:51:36,ul,ue9,2029394,2356790.9372068453,2.356791
2026-06-29T00:51:36,ul,ue10,2029406,2400925.447059078,2.400925
2026-06-29T00:51:36,ul,ue11,2029418,2330310.1165158222,2.330310
2026-06-29T00:51:36,ul,ue12,2029430,2418579.518819232,2.418580
2026-06-29T00:51:36,ul,ue13,2030165,2409752.578588891,2.409753
2026-06-29T00:51:36,ul,ue14,2030177,2409752.578588891,2.409753
2026-06-29T00:51:36,ul,ue15,2030189,2347963.996976504,2.347964
2026-06-29T00:51:36,ul,ue16,2030201,2436233.207980442,2.436233
2026-06-29T00:51:42,ul,cu_cp1,2027561,734583.3290189549,0.734583
2026-06-29T00:51:42,ul,cu_up1,2027588,829807.0735810787,0.829807
2026-06-29T00:51:42,ul,cu_cp2,2027616,743652.2048449665,0.743652
2026-06-29T00:51:42,ul,cu_up2,2027624,798065.8412890375,0.798066
2026-06-29T00:51:42,ul,du1,2027807,6175941.298792029,6.175941
2026-06-29T00:51:42,ul,du2,2028564,6357319.769032264,6.357320
2026-06-29T00:51:42,ul,du3,2029330,6207682.62645607,6.207683
2026-06-29T00:51:42,ul,du4,2030102,6067114.216647888,6.067114
2026-06-29T00:51:42,ul,ue1,2027851,2376059.486099088,2.376059
2026-06-29T00:51:42,ul,ue2,2027863,2389662.966739106,2.389663
2026-06-29T00:51:42,ul,ue3,2027875,2380594.043227094,2.380594
2026-06-29T00:51:42,ul,ue4,2027887,2403266.4473791244,2.403266
2026-06-29T00:51:42,ul,ue5,2028610,2357921.8298190655,2.357922
2026-06-29T00:51:42,ul,ue6,2028622,2371525.3104590834,2.371525
2026-06-29T00:51:42,ul,ue7,2028634,2394197.5238671126,2.394198
2026-06-29T00:51:42,ul,ue8,2028646,2394197.5238671126,2.394198
2026-06-29T00:51:42,ul,ue9,2029394,2371525.3104590834,2.371525
2026-06-29T00:51:42,ul,ue10,2029406,2371525.3104590834,2.371525
2026-06-29T00:51:42,ul,ue11,2029418,2298973.7316189883,2.298974
2026-06-29T00:51:42,ul,ue12,2029430,2439542.1414271714,2.439542
2026-06-29T00:51:42,ul,ue13,2030165,2394197.5238671126,2.394198
2026-06-29T00:51:42,ul,ue14,2030177,2371525.3104590834,2.371525
2026-06-29T00:51:42,ul,ue15,2030189,2339783.982795042,2.339784
2026-06-29T00:51:42,ul,ue16,2030201,2453145.4313231884,2.453145
2026-06-29T00:51:48,ul,cu_cp1,2027561,739393.1510862446,0.739393
2026-06-29T00:51:48,ul,cu_up1,2027588,850999.67890656,0.851000
2026-06-29T00:51:48,ul,cu_cp2,2027616,744043.4390326485,0.744043
2026-06-29T00:51:48,ul,cu_up2,2027624,818447.8068667495,0.818448
2026-06-29T00:51:48,ul,du1,2027807,6440626.550091791,6.440627
2026-06-29T00:51:48,ul,du2,2028564,6468527.990600181,6.468528
2026-06-29T00:51:48,ul,du3,2029330,6440626.550091791,6.440627
2026-06-29T00:51:48,ul,du4,2030102,6031402.359488382,6.031402
2026-06-29T00:51:48,ul,ue1,2027851,2483245.0525553273,2.483245
2026-06-29T00:51:48,ul,ue2,2027863,2464643.900769712,2.464644
2026-06-29T00:51:48,ul,ue3,2027875,2413490.876944286,2.413491
2026-06-29T00:51:48,ul,ue4,2027887,2446042.748984096,2.446043
2026-06-29T00:51:48,ul,ue5,2028610,2390239.4850739385,2.390239
2026-06-29T00:51:48,ul,ue6,2028622,2380939.004904475,2.380939
2026-06-29T00:51:48,ul,ue7,2028634,2390239.4850739385,2.390239
2026-06-29T00:51:48,ul,ue8,2028646,2404190.3967748224,2.404190
2026-06-29T00:51:48,ul,ue9,2029394,2390239.4850739385,2.390239
2026-06-29T00:51:48,ul,ue10,2029406,2394889.72515867,2.394890
2026-06-29T00:51:48,ul,ue11,2029418,2362337.8531188597,2.362338
2026-06-29T00:51:48,ul,ue12,2029430,2478594.6210239064,2.478595
2026-06-29T00:51:48,ul,ue13,2030165,2413490.876944286,2.413491
2026-06-29T00:51:48,ul,ue14,2030177,2390239.4850739385,2.390239
2026-06-29T00:51:48,ul,ue15,2030189,2371638.524735012,2.371639
2026-06-29T00:51:48,ul,ue16,2030201,2464643.900769712,2.464644
2026-06-29T00:51:54,ul,cu_cp1,2027561,728800.0648451686,0.728800
2026-06-29T00:51:54,ul,cu_up1,2027588,821259.8223481893,0.821260
2026-06-29T00:51:54,ul,cu_cp2,2027616,723361.3061749578,0.723361
2026-06-29T00:51:54,ul,cu_up2,2027624,783188.1771697104,0.783188
2026-06-29T00:51:54,ul,du1,2027807,6401475.722060966,6.401476
2026-06-29T00:51:54,ul,du2,2028564,6270943.984892463,6.270944
2026-06-29T00:51:54,ul,du3,2029330,6145851.579800462,6.145852
2026-06-29T00:51:54,ul,du4,2030102,6086024.278750991,6.086024
2026-06-29T00:51:54,ul,ue1,2027851,2371319.613973832,2.371320
2026-06-29T00:51:54,ul,ue2,2027863,2349564.579292989,2.349565
2026-06-29T00:51:54,ul,ue3,2027875,2365880.8553036214,2.365881
2026-06-29T00:51:54,ul,ue4,2027887,2431146.532752442,2.431147
2026-06-29T00:51:54,ul,ue5,2028610,2333247.9210114954,2.333248
2026-06-29T00:51:54,ul,ue6,2028622,2371319.613973832,2.371320
2026-06-29T00:51:54,ul,ue7,2028634,2349564.579292989,2.349565
2026-06-29T00:51:54,ul,ue8,2028646,2403952.5482659577,2.403953
2026-06-29T00:51:54,ul,ue9,2029394,2393074.839790106,2.393075
2026-06-29T00:51:54,ul,ue10,2029406,2333247.9210114954,2.333248
2026-06-29T00:51:54,ul,ue11,2029418,2306054.127660441,2.306054
2026-06-29T00:51:54,ul,ue12,2029430,2409391.498071599,2.409391
2026-06-29T00:51:54,ul,ue13,2030165,2371319.613973832,2.371320
2026-06-29T00:51:54,ul,ue14,2030177,2398513.789595747,2.398514
2026-06-29T00:51:54,ul,ue15,2030189,2344125.629487348,2.344126
2026-06-29T00:51:54,ul,ue16,2030201,2442024.2412282946,2.442024
2026-06-29T00:52:00,ul,cu_cp1,2027561,730502.5710272115,0.730503
2026-06-29T00:52:00,ul,cu_up1,2027588,839532.799090004,0.839533
2026-06-29T00:52:00,ul,cu_cp2,2027616,714148.0583210438,0.714148
2026-06-29T00:52:00,ul,cu_up2,2027624,790469.2131864983,0.790469
2026-06-29T00:52:00,ul,du1,2027807,6351011.035528922,6.351011
2026-06-29T00:52:00,ul,du2,2028564,6356462.730904322,6.356463
2026-06-29T00:52:00,ul,du3,2029330,6236529.255445737,6.236529
2026-06-29T00:52:00,ul,du4,2030102,6100241.8407010175,6.100242
2026-06-29T00:52:00,ul,ue1,2027851,2436825.8337391736,2.436826
2026-06-29T00:52:00,ul,ue2,2027863,2376859.0960098817,2.376859
2026-06-29T00:52:00,ul,ue3,2027875,2387762.10448066,2.387762
2026-06-29T00:52:00,ul,ue4,2027887,2442277.337974563,2.442277
2026-06-29T00:52:00,ul,ue5,2028610,2436825.8337391736,2.436826
2026-06-29T00:52:00,ul,ue6,2028622,2349601.5748329354,2.349602
2026-06-29T00:52:00,ul,ue7,2028634,2387762.10448066,2.387762
2026-06-29T00:52:00,ul,ue8,2028646,2436825.8337391736,2.436826
2026-06-29T00:52:00,ul,ue9,2029394,2404116.6171868276,2.404117
2026-06-29T00:52:00,ul,ue10,2029406,2415019.625657606,2.415020
2026-06-29T00:52:00,ul,ue11,2029418,2344150.070597546,2.344150
2026-06-29T00:52:00,ul,ue12,2029430,2458631.65954072,2.458632
2026-06-29T00:52:00,ul,ue13,2030165,2398665.1129514384,2.398665
2026-06-29T00:52:00,ul,ue14,2030177,2376859.0960098817,2.376859
2026-06-29T00:52:00,ul,ue15,2030189,2305989.349809811,2.305989
2026-06-29T00:52:00,ul,ue16,2030201,2453180.1553053306,2.453180
2026-06-29T00:52:06,ul,cu_cp1,2027561,734712.2195693717,0.734712
2026-06-29T00:52:06,ul,cu_up1,2027588,803285.3221045488,0.803285
2026-06-29T00:52:06,ul,cu_cp2,2027616,734712.2195693717,0.734712
2026-06-29T00:52:06,ul,cu_up2,2027624,734712.2195693717,0.734712
2026-06-29T00:52:06,ul,du1,2027807,6308728.659663255,6.308729
2026-06-29T00:52:06,ul,du2,2028564,6279340.465054703,6.279340
2026-06-29T00:52:06,ul,du3,2029330,6034436.059732726,6.034436
2026-06-29T00:52:06,ul,du4,2030102,5897289.759767461,5.897290
2026-06-29T00:52:06,ul,ue1,2027851,2351079.1026219893,2.351079
2026-06-29T00:52:06,ul,ue2,2027863,2409856.061208557,2.409856
2026-06-29T00:52:06,ul,ue3,2027875,2331486.9096196806,2.331487
2026-06-29T00:52:06,ul,ue4,2027887,2390263.678416427,2.390264
2026-06-29T00:52:06,ul,ue5,2028610,2341282.9112259243,2.341283
2026-06-29T00:52:06,ul,ue6,2028622,2370671.485414119,2.370671
2026-06-29T00:52:06,ul,ue7,2028634,2390263.678416427,2.390264
2026-06-29T00:52:06,ul,ue8,2028646,2400060.059602313,2.400060
2026-06-29T00:52:06,ul,ue9,2029394,2302098.3354314864,2.302098
2026-06-29T00:52:06,ul,ue10,2029406,2311894.526827551,2.311895
2026-06-29T00:52:06,ul,ue11,2029418,2302098.3354314864,2.302098
2026-06-29T00:52:06,ul,ue12,2029430,2380467.6768101836,2.380468
2026-06-29T00:52:06,ul,ue13,2030165,2272709.761243292,2.272710
2026-06-29T00:52:06,ul,ue14,2030177,2351079.1026219893,2.351079
2026-06-29T00:52:06,ul,ue15,2030189,2302098.3354314864,2.302098
2026-06-29T00:52:06,ul,ue16,2030201,2341282.9112259243,2.341283
2026-06-29T00:52:12,ul,cu_cp1,2027561,728962.9511933327,0.728963
2026-06-29T00:52:12,ul,cu_up1,2027588,824685.3627693558,0.824685
2026-06-29T00:52:12,ul,cu_cp2,2027616,721599.644859066,0.721600
2026-06-29T00:52:12,ul,cu_up2,2027624,787869.0213545036,0.787869
2026-06-29T00:52:12,ul,du1,2027807,6030511.358520012,6.030511
2026-06-29T00:52:12,ul,du2,2028564,6295588.864501762,6.295589
2026-06-29T00:52:12,ul,du3,2029330,6199866.643182221,6.199867
2026-06-29T00:52:12,ul,du4,2030102,6185140.030513687,6.185140
2026-06-29T00:52:12,ul,ue1,2027851,2378333.676732044,2.378334
2026-06-29T00:52:12,ul,ue2,2027863,2400423.405478363,2.400423
2026-06-29T00:52:12,ul,ue3,2027875,2334154.028982925,2.334154
2026-06-29T00:52:12,ul,ue4,2027887,2363607.064063511,2.363607
2026-06-29T00:52:12,ul,ue5,2028610,2312064.3002366065,2.312064
2026-06-29T00:52:12,ul,ue6,2028622,2356243.9479857255,2.356244
2026-06-29T00:52:12,ul,ue7,2028634,2341517.335317192,2.341517
2026-06-29T00:52:12,ul,ue8,2028646,2370970.3703977778,2.370970
2026-06-29T00:52:12,ul,ue9,2029394,2363607.064063511,2.363607
2026-06-29T00:52:12,ul,ue10,2029406,2370970.3703977778,2.370970
2026-06-29T00:52:12,ul,ue11,2029418,2334154.028982925,2.334154
2026-06-29T00:52:12,ul,ue12,2029430,2393060.0991440965,2.393060
2026-06-29T00:52:12,ul,ue13,2030165,2319427.416314392,2.319427
2026-06-29T00:52:12,ul,ue14,2030177,2363607.064063511,2.363607
2026-06-29T00:52:12,ul,ue15,2030189,2297337.877824554,2.297338
2026-06-29T00:52:12,ul,ue16,2030201,2422513.1342246816,2.422513
2026-06-29T00:52:18,ul,cu_cp1,2027561,737153.5695012689,0.737154
2026-06-29T00:52:18,ul,cu_up1,2027588,800858.2450083017,0.800858
2026-06-29T00:52:18,ul,cu_cp2,2027616,741703.9205428004,0.741704
2026-06-29T00:52:18,ul,cu_up2,2027624,800858.2450083017,0.800858
2026-06-29T00:52:18,ul,du1,2027807,6111094.576813316,6.111095
2026-06-29T00:52:18,ul,du2,2028564,6375013.598405456,6.375014
2026-06-29T00:52:18,ul,du3,2029330,6215752.172619725,6.215752
2026-06-29T00:52:18,ul,du4,2030102,6265805.555927753,6.265806
2026-06-29T00:52:18,ul,ue1,2027851,2407125.086066437,2.407125
2026-06-29T00:52:18,ul,ue2,2027863,2411675.341478205,2.411675
2026-06-29T00:52:18,ul,ue3,2027875,2329769.596509218,2.329770
2026-06-29T00:52:18,ul,ue4,2027887,2429876.745644331,2.429877
2026-06-29T00:52:18,ul,ue5,2028610,2402574.6393951415,2.402575
2026-06-29T00:52:18,ul,ue6,2028622,2420776.0435612677,2.420776
2026-06-29T00:52:18,ul,ue7,2028634,2388923.873159838,2.388924
2026-06-29T00:52:18,ul,ue8,2028646,2425326.298973036,2.425326
2026-06-29T00:52:18,ul,ue9,2029394,2352521.2560871122,2.352521
2026-06-29T00:52:18,ul,ue10,2029406,2384373.4264885425,2.384373
2026-06-29T00:52:18,ul,ue11,2029418,2347970.8094158173,2.347971
2026-06-29T00:52:18,ul,ue12,2029430,2420776.0435612677,2.420776
2026-06-29T00:52:18,ul,ue13,2030165,2393473.9373120787,2.393474
2026-06-29T00:52:18,ul,ue14,2030177,2393473.9373120787,2.393474
2026-06-29T00:52:18,ul,ue15,2030189,2379823.1710767746,2.379823
2026-06-29T00:52:18,ul,ue16,2030201,2452628.405222225,2.452628
2026-06-29T00:52:24,ul,cu_cp1,2027561,733397.1637931705,0.733397
2026-06-29T00:52:24,ul,cu_up1,2027588,774426.3777550942,0.774426
2026-06-29T00:52:24,ul,cu_cp2,2027616,723139.7887502575,0.723140
2026-06-29T00:52:24,ul,cu_up2,2027624,784683.7050963858,0.784684
2026-06-29T00:52:24,ul,du1,2027807,6046680.037950942,6.046680
2026-06-29T00:52:24,ul,du2,2028564,6200539.518755725,6.200540
2026-06-29T00:52:24,ul,du3,2029330,6164639.278524986,6.164639
2026-06-29T00:52:24,ul,du4,2030102,6205668.015470696,6.205668
2026-06-29T00:52:24,ul,ue1,2027851,2384822.906506547,2.384823
2026-06-29T00:52:24,ul,ue2,2027863,2405337.465785887,2.405337
2026-06-29T00:52:24,ul,ue3,2027875,2415594.8408288,2.415595
2026-06-29T00:52:24,ul,ue4,2027887,2415594.8408288,2.415595
2026-06-29T00:52:24,ul,ue5,2028610,2348922.2846628367,2.348922
2026-06-29T00:52:24,ul,ue6,2028622,2405337.465785887,2.405337
2026-06-29T00:52:24,ul,ue7,2028634,2348922.2846628367,2.348922
2026-06-29T00:52:24,ul,ue8,2028646,2441238.087629597,2.441238
2026-06-29T00:52:24,ul,ue9,2029394,2400208.969070916,2.400209
2026-06-29T00:52:24,ul,ue10,2029406,2384822.906506547,2.384823
2026-06-29T00:52:24,ul,ue11,2029418,2354050.9721842934,2.354051
2026-06-29T00:52:24,ul,ue12,2029430,2451495.271866025,2.451495
2026-06-29T00:52:24,ul,ue13,2030165,2348922.2846628367,2.348922
2026-06-29T00:52:24,ul,ue14,2030177,2410466.153307344,2.410466
2026-06-29T00:52:24,ul,ue15,2030189,2297635.791061243,2.297636
2026-06-29T00:52:24,ul,ue16,2030201,2425852.025065228,2.425852
2026-06-29T00:52:30,ul,cu_cp1,2027561,742181.3010437622,0.742181
2026-06-29T00:52:30,ul,cu_up1,2027588,780381.8572315505,0.780382
2026-06-29T00:52:30,ul,cu_cp2,2027616,720352.4322343677,0.720352
2026-06-29T00:52:30,ul,cu_up2,2027624,785839.0386625513,0.785839
2026-06-29T00:52:30,ul,du1,2027807,5997479.499481368,5.997479
2026-06-29T00:52:30,ul,du2,2028564,6172110.449956524,6.172110
2026-06-29T00:52:30,ul,du3,2029330,6248511.562332101,6.248512
2026-06-29T00:52:30,ul,du4,2030102,6090252.633101251,6.090253
2026-06-29T00:52:30,ul,ue1,2027851,2335688.1517879986,2.335688
2026-06-29T00:52:30,ul,ue2,2027863,2406631.9873423134,2.406632
2026-06-29T00:52:30,ul,ue3,2027875,2412089.264163575,2.412089
2026-06-29T00:52:30,ul,ue4,2027887,2401174.9013015735,2.401175
2026-06-29T00:52:30,ul,ue5,2028610,2362974.3451137855,2.362974
2026-06-29T00:52:30,ul,ue6,2028622,2346602.705430522,2.346603
2026-06-29T00:52:30,ul,ue7,2028634,2346602.705430522,2.346603
2026-06-29T00:52:30,ul,ue8,2028646,2412089.264163575,2.412089
2026-06-29T00:52:30,ul,ue9,2029394,2412089.264163575,2.412089
2026-06-29T00:52:30,ul,ue10,2029406,2439375.26670884,2.439375
2026-06-29T00:52:30,ul,ue11,2029418,2352059.791471262,2.352060
2026-06-29T00:52:30,ul,ue12,2029430,2483033.09971789,2.483033
2026-06-29T00:52:30,ul,ue13,2030165,2341145.4286092604,2.341145
2026-06-29T00:52:30,ul,ue14,2030177,2417546.540984837,2.417547
2026-06-29T00:52:30,ul,ue15,2030189,2335688.1517879986,2.335688
2026-06-29T00:52:30,ul,ue16,2030201,2450289.8203513636,2.450290
2026-06-29T00:52:36,ul,cu_cp1,2027561,727109.4017778048,0.727109
2026-06-29T00:52:36,ul,cu_up1,2027588,783914.8141576346,0.783915
2026-06-29T00:52:36,ul,cu_cp2,2027616,670303.9419687509,0.670304
2026-06-29T00:52:36,ul,cu_up2,2027624,738470.5032254603,0.738471
2026-06-29T00:52:36,ul,du1,2027807,6191791.087702832,6.191791
2026-06-29T00:52:36,ul,du2,2028564,6100902.2761215875,6.100902
2026-06-29T00:52:36,ul,du3,2029330,6180429.701679833,6.180430
2026-06-29T00:52:36,ul,du4,2030102,6282679.519850285,6.282680
2026-06-29T00:52:36,ul,ue1,2027851,2351744.489902128,2.351744
2026-06-29T00:52:36,ul,ue2,2027863,2363105.496491336,2.363105
2026-06-29T00:52:36,ul,ue3,2027875,2351744.489902128,2.351744
2026-06-29T00:52:36,ul,ue4,2027887,2374466.503080543,2.374467
2026-06-29T00:52:36,ul,ue5,2028610,2260855.8680377793,2.260856
2026-06-29T00:52:36,ul,ue6,2028622,2260855.8680377793,2.260856
2026-06-29T00:52:36,ul,ue7,2028634,2294939.0775222983,2.294939
2026-06-29T00:52:36,ul,ue8,2028646,2340383.2935960246,2.340383
2026-06-29T00:52:36,ul,ue9,2029394,2351744.489902128,2.351744
2026-06-29T00:52:36,ul,ue10,2029406,2397188.7059758543,2.397189
2026-06-29T00:52:36,ul,ue11,2029418,2340383.2935960246,2.340383
2026-06-29T00:52:36,ul,ue12,2029430,2408549.9022819577,2.408550
2026-06-29T00:52:36,ul,ue13,2030165,2363105.496491336,2.363105
2026-06-29T00:52:36,ul,ue14,2030177,2340383.2935960246,2.340383
2026-06-29T00:52:36,ul,ue15,2030189,2294939.0775222983,2.294939
2026-06-29T00:52:36,ul,ue16,2030201,2476716.3212509956,2.476716
2026-06-29T00:52:47,ul,cu_cp1,2027561,718954.353998074,0.718954
2026-06-29T00:52:47,ul,cu_up1,2027588,816526.7653214693,0.816527
2026-06-29T00:52:47,ul,cu_cp2,2027616,729225.1291226089,0.729225
2026-06-29T00:52:47,ul,cu_up2,2027624,801120.5549943537,0.801121
2026-06-29T00:52:47,ul,du1,2027807,6203548.93746413,6.203549
2026-06-29T00:52:47,ul,du2,2028564,6023810.420425082,6.023810
2026-06-29T00:52:47,ul,du3,2029330,6188142.441295135,6.188142
2026-06-29T00:52:47,ul,du4,2030102,6064893.5209232215,6.064894
2026-06-29T00:52:47,ul,ue1,2027851,2331466.2391113164,2.331466
2026-06-29T00:52:47,ul,ue2,2027863,2367413.9044068754,2.367414
2026-06-29T00:52:47,ul,ue3,2027875,2403361.5697024344,2.403362
2026-06-29T00:52:47,ul,ue4,2027887,2367413.9044068754,2.367414
2026-06-29T00:52:47,ul,ue5,2028610,2346872.3541578054,2.346872
2026-06-29T00:52:47,ul,ue6,2028622,2372549.3396094562,2.372549
2026-06-29T00:52:47,ul,ue7,2028634,2393091.080419779,2.393091
2026-06-29T00:52:47,ul,ue8,2028646,2423903.3105127574,2.423903
2026-06-29T00:52:47,ul,ue9,2029394,2362278.6597655476,2.362279
2026-06-29T00:52:47,ul,ue10,2029406,2413632.440107596,2.413632
2026-06-29T00:52:47,ul,ue11,2029418,2321195.5592674077,2.321196
2026-06-29T00:52:47,ul,ue12,2029430,2429038.555154085,2.429039
2026-06-29T00:52:47,ul,ue13,2030165,2377684.7748120367,2.377685
2026-06-29T00:52:47,ul,ue14,2030177,2387955.4546559453,2.387955
2026-06-29T00:52:47,ul,ue15,2030189,2331466.2391113164,2.331466
2026-06-29T00:52:47,ul,ue16,2030201,2423903.3105127574,2.423903
2026-06-29T00:52:53,ul,cu_cp1,2027561,723696.0499581754,0.723696
2026-06-29T00:52:53,ul,cu_up1,2027588,801072.2990689694,0.801072
2026-06-29T00:52:53,ul,cu_cp2,2027616,723696.0499581754,0.723696
2026-06-29T00:52:53,ul,cu_up2,2027624,796520.839060688,0.796521
2026-06-29T00:52:53,ul,du1,2027807,6108176.887713146,6.108177
2026-06-29T00:52:53,ul,du2,2028564,6140037.584094453,6.140038
2026-06-29T00:52:53,ul,du3,2029330,6089970.666621352,6.089971
2026-06-29T00:52:53,ul,du4,2030102,6094522.031364965,6.094522
2026-06-29T00:52:53,ul,ue1,2027851,2344046.964452577,2.344047
2026-06-29T00:52:53,ul,ue2,2027863,2325840.7433607816,2.325841
2026-06-29T00:52:53,ul,ue3,2027875,2348598.5197255253,2.348599
2026-06-29T00:52:53,ul,ue4,2027887,2394113.8819256783,2.394114
2026-06-29T00:52:53,ul,ue5,2028610,2353150.074998474,2.353150
2026-06-29T00:52:53,ul,ue6,2028622,2353150.074998474,2.353150
2026-06-29T00:52:53,ul,ue7,2028634,2389562.5171820642,2.389563
2026-06-29T00:52:53,ul,ue8,2028646,2416871.8488197564,2.416872
2026-06-29T00:52:53,ul,ue9,2029394,2334943.853906679,2.334944
2026-06-29T00:52:53,ul,ue10,2029406,2371356.296090269,2.371356
2026-06-29T00:52:53,ul,ue11,2029418,2385010.9619091153,2.385011
2026-06-29T00:52:53,ul,ue12,2029430,2394113.8819256783,2.394114
2026-06-29T00:52:53,ul,ue13,2030165,2348598.5197255253,2.348599
2026-06-29T00:52:53,ul,ue14,2030177,2416871.8488197564,2.416872
2026-06-29T00:52:53,ul,ue15,2030189,2307634.522268987,2.307635
2026-06-29T00:52:53,ul,ue16,2030201,2462387.2110199095,2.462387
2026-06-29T00:52:59,ul,cu_cp1,2027561,716488.3499976307,0.716488
2026-06-29T00:52:59,ul,cu_up1,2027588,808608.3284051031,0.808608
2026-06-29T00:52:59,ul,cu_cp2,2027616,736959.5410988313,0.736960
2026-06-29T00:52:59,ul,cu_up2,2027624,793254.982772694,0.793255
2026-06-29T00:52:59,ul,du1,2027807,6207859.989957325,6.207860
2026-06-29T00:52:59,ul,du2,2028564,6212978.073893573,6.212978
2026-06-29T00:52:59,ul,du3,2029330,6166917.989302855,6.166918
2026-06-29T00:52:59,ul,du4,2030102,6182271.096467807,6.182271
2026-06-29T00:52:59,ul,ue1,2027851,2395118.484724456,2.395118
2026-06-29T00:52:59,ul,ue2,2027863,2384882.6983998907,2.384883
2026-06-29T00:52:59,ul,ue3,2027875,2354176.29329602,2.354176
2026-06-29T00:52:59,ul,ue4,2027887,2425824.8898283266,2.425825
2026-06-29T00:52:59,ul,ue5,2028610,2425824.8898283266,2.425825
2026-06-29T00:52:59,ul,ue6,2028622,2369529.400460973,2.369529
2026-06-29T00:52:59,ul,ue7,2028634,2390000.5915621733,2.390001
2026-06-29T00:52:59,ul,ue8,2028646,2446296.080929527,2.446296
2026-06-29T00:52:59,ul,ue9,2029394,2430942.7829906093,2.430943
2026-06-29T00:52:59,ul,ue10,2029406,2390000.5915621733,2.390001
2026-06-29T00:52:59,ul,ue11,2029418,2359293.8049103725,2.359294
2026-06-29T00:52:59,ul,ue12,2029430,2466767.0812567626,2.466767
2026-06-29T00:52:59,ul,ue13,2030165,2379764.996011573,2.379765
2026-06-29T00:52:59,ul,ue14,2030177,2395118.484724456,2.395118
2026-06-29T00:52:59,ul,ue15,2030189,2338822.804583137,2.338823
2026-06-29T00:52:59,ul,ue16,2030201,2477002.676807363,2.477003
2026-06-29T00:53:05,ul,cu_cp1,2027561,727405.9821995312,0.727406
2026-06-29T00:53:05,ul,cu_up1,2027588,803975.0706260419,0.803975
2026-06-29T00:53:05,ul,cu_cp2,2027616,732875.2062095421,0.732875
2026-06-29T00:53:05,ul,cu_up2,2027624,793036.62260602,0.793037
2026-06-29T00:53:05,ul,du1,2027807,6125524.020447722,6.125524
2026-06-29T00:53:05,ul,du2,2028564,6207562.09431603,6.207562
2026-06-29T00:53:05,ul,du3,2029330,6180216.451402402,6.180216
2026-06-29T00:53:05,ul,du4,2030102,6163808.683945084,6.163809
2026-06-29T00:53:05,ul,ue1,2027851,2384578.9964007856,2.384579
2026-06-29T00:53:05,ul,ue2,2027863,2390048.3158380818,2.390048
2026-06-29T00:53:05,ul,ue3,2027875,2390048.3158380818,2.390048
2026-06-29T00:53:05,ul,ue4,2027887,2417394.3404608513,2.417394
2026-06-29T00:53:05,ul,ue5,2028610,2368171.419798038,2.368171
2026-06-29T00:53:05,ul,ue6,2028622,2384578.9964007856,2.384579
2026-06-29T00:53:05,ul,ue7,2028634,2406455.8924408294,2.406456
2026-06-29T00:53:05,ul,ue8,2028646,2422863.6598981475,2.422864
2026-06-29T00:53:05,ul,ue9,2029394,2390048.3158380818,2.390048
2026-06-29T00:53:05,ul,ue10,2029406,2390048.3158380818,2.390048
2026-06-29T00:53:05,ul,ue11,2029418,2406455.8924408294,2.406456
2026-06-29T00:53:05,ul,ue12,2029430,2450209.684520917,2.450210
2026-06-29T00:53:05,ul,ue13,2030165,2302540.7316779066,2.302541
2026-06-29T00:53:05,ul,ue14,2030177,2461148.132540939,2.461148
2026-06-29T00:53:05,ul,ue15,2030189,2368171.419798038,2.368171
2026-06-29T00:53:05,ul,ue16,2030201,2455679.003958213,2.455679
2026-06-29T00:53:11,ul,cu_cp1,2027561,735778.2725063789,0.735778
2026-06-29T00:53:11,ul,cu_up1,2027588,790687.1244469285,0.790687
2026-06-29T00:53:11,ul,cu_cp2,2027616,724796.5307430178,0.724797
2026-06-29T00:53:11,ul,cu_up2,2027624,790687.1244469285,0.790687
2026-06-29T00:53:11,ul,du1,2027807,6303533.416632877,6.303533
2026-06-29T00:53:11,ul,du2,2028564,6193715.903583436,6.193716
2026-06-29T00:53:11,ul,du3,2029330,6127825.1667557815,6.127825
2026-06-29T00:53:11,ul,du4,2030102,6204697.502223053,6.204698
2026-06-29T00:53:11,ul,ue1,2027851,2317152.6168160653,2.317153
2026-06-29T00:53:11,ul,ue2,2027863,2426970.1298655057,2.426970
2026-06-29T00:53:11,ul,ue3,2027875,2361079.58386951,2.361080
2026-06-29T00:53:11,ul,ue4,2027887,2339116.004926958,2.339116
2026-06-29T00:53:11,ul,ue5,2028610,2284207.248402238,2.284207
2026-06-29T00:53:11,ul,ue6,2028622,2350097.7943982338,2.350098
2026-06-29T00:53:11,ul,ue7,2028634,2383043.162812061,2.383043
2026-06-29T00:53:11,ul,ue8,2028646,2383043.162812061,2.383043
2026-06-29T00:53:11,ul,ue9,2029394,2394024.9522833372,2.394025
2026-06-29T00:53:11,ul,ue10,2029406,2284207.248402238,2.284207
2026-06-29T00:53:11,ul,ue11,2029418,2306170.8273447896,2.306171
2026-06-29T00:53:11,ul,ue12,2029430,2415988.34039423,2.415988
2026-06-29T00:53:11,ul,ue13,2030165,2339116.004926958,2.339116
2026-06-29T00:53:11,ul,ue14,2030177,2372061.3733407855,2.372061
2026-06-29T00:53:11,ul,ue15,2030189,2383043.162812061,2.383043
2026-06-29T00:53:11,ul,ue16,2030201,2415988.34039423,2.415988
2026-06-29T00:53:17,ul,cu_cp1,2027561,727615.3082020372,0.727615
2026-06-29T00:53:17,ul,cu_up1,2027588,798029.6897910386,0.798030
2026-06-29T00:53:17,ul,cu_cp2,2027616,743262.953852208,0.743263
2026-06-29T00:53:17,ul,cu_up2,2027624,798029.6897910386,0.798030
2026-06-29T00:53:17,ul,du1,2027807,6321647.126421762,6.321647
2026-06-29T00:53:17,ul,du2,2028564,6102579.991972303,6.102580
2026-06-29T00:53:17,ul,du3,2029330,6204289.760208714,6.204290
2026-06-29T00:53:17,ul,du4,2030102,6290351.930468488,6.290352
2026-06-29T00:53:17,ul,ue1,2027851,2347146.1800961373,2.347146
2026-06-29T00:53:17,ul,ue2,2027863,2401912.7730143666,2.401913
2026-06-29T00:53:17,ul,ue3,2027875,2362793.7780727744,2.362794
2026-06-29T00:53:17,ul,ue4,2027887,2386265.1750377296,2.386265
2026-06-29T00:53:17,ul,ue5,2028610,2331498.391425365,2.331498
2026-06-29T00:53:17,ul,ue6,2028622,2370617.577061093,2.370618
2026-06-29T00:53:17,ul,ue7,2028634,2394088.974026048,2.394089
2026-06-29T00:53:17,ul,ue8,2028646,2409736.7626968203,2.409737
2026-06-29T00:53:17,ul,ue9,2029394,2417560.561685139,2.417561
2026-06-29T00:53:17,ul,ue10,2029406,2362793.7780727744,2.362794
2026-06-29T00:53:17,ul,ue11,2029418,2308026.99446041,2.308027
2026-06-29T00:53:17,ul,ue12,2029430,2487974.9432741404,2.487975
2026-06-29T00:53:17,ul,ue13,2030165,2308026.99446041,2.308027
2026-06-29T00:53:17,ul,ue14,2030177,2401912.7730143666,2.401913
2026-06-29T00:53:17,ul,ue15,2030189,2378441.3760494115,2.378441
2026-06-29T00:53:17,ul,ue16,2030201,2487974.9432741404,2.487975
2026-06-29T00:53:23,ul,cu_cp1,2027561,724292.1373279104,0.724292
2026-06-29T00:53:23,ul,cu_up1,2027588,802222.3549956077,0.802222
2026-06-29T00:53:23,ul,cu_cp2,2027616,728876.2397353672,0.728876
2026-06-29T00:53:23,ul,cu_up2,2027624,802222.3549956077,0.802222
2026-06-29T00:53:23,ul,du1,2027807,6060216.277782202,6.060216
2026-06-29T00:53:23,ul,du2,2028564,6202324.358221132,6.202324
2026-06-29T00:53:23,ul,du3,2029330,6028127.417907724,6.028127
2026-06-29T00:53:23,ul,du4,2030102,6234413.21809561,6.234413
2026-06-29T00:53:23,ul,ue1,2027851,2379162.25984571,2.379162
2026-06-29T00:53:23,ul,ue2,2027863,2397498.6694755377,2.397499
2026-06-29T00:53:23,ul,ue3,2027875,2356241.5094379606,2.356242
2026-06-29T00:53:23,ul,ue4,2027887,2402082.628860716,2.402083
2026-06-29T00:53:23,ul,ue5,2028610,2374578.10976416,2.374578
2026-06-29T00:53:23,ul,ue6,2028622,2411251.119720187,2.411251
2026-06-29T00:53:23,ul,ue7,2028634,2392914.5193939875,2.392915
2026-06-29T00:53:23,ul,ue8,2028646,2466260.5393060423,2.466261
2026-06-29T00:53:23,ul,ue9,2029394,2392914.5193939875,2.392915
2026-06-29T00:53:23,ul,ue10,2029406,2356241.5094379606,2.356242
2026-06-29T00:53:23,ul,ue11,2029418,2314984.3494003834,2.314984
2026-06-29T00:53:23,ul,ue12,2029430,2420419.419883287,2.420419
2026-06-29T00:53:23,ul,ue13,2030165,2333320.949726583,2.333321
2026-06-29T00:53:23,ul,ue14,2030177,2429587.529350015,2.429588
2026-06-29T00:53:23,ul,ue15,2030189,2397498.6694755377,2.397499
2026-06-29T00:53:23,ul,ue16,2030201,2489181.09901742,2.489181
2026-06-29T00:53:29,ul,cu_cp1,2027561,724584.2322170961,0.724584
2026-06-29T00:53:29,ul,cu_up1,2027588,793125.9877765015,0.793126
2026-06-29T00:53:29,ul,cu_cp2,2027616,729480.0548834628,0.729480
2026-06-29T00:53:29,ul,cu_up2,2027624,798021.7627968139,0.798022
2026-06-29T00:53:29,ul,du1,2027807,6124694.834012316,6.124695
2026-06-29T00:53:29,ul,du2,2028564,6036569.835433497,6.036570
2026-06-29T00:53:29,ul,du3,2029330,6041465.562807756,6.041466
2026-06-29T00:53:29,ul,du4,2030102,6212819.832591133,6.212820
2026-06-29T00:53:29,ul,ue1,2027851,2379377.8203913416,2.379378
2026-06-29T00:53:29,ul,ue2,2027863,2364690.44768435,2.364690
2026-06-29T00:53:29,ul,ue3,2027875,2374482.0930170836,2.374482
2026-06-29T00:53:29,ul,ue4,2027887,2447919.71888891,2.447920
2026-06-29T00:53:29,ul,ue5,2028610,2330419.403143457,2.330419
2026-06-29T00:53:29,ul,ue6,2028622,2301044.467145257,2.301044
2026-06-29T00:53:29,ul,ue7,2028634,2330419.403143457,2.330419
2026-06-29T00:53:29,ul,ue8,2028646,2438127.882971959,2.438128
2026-06-29T00:53:29,ul,ue9,2029394,2369586.175058608,2.369586
2026-06-29T00:53:29,ul,ue10,2029406,2398961.3016410256,2.398961
2026-06-29T00:53:29,ul,ue11,2029418,2325523.675769199,2.325524
2026-06-29T00:53:29,ul,ue12,2029430,2462607.091595901,2.462607
2026-06-29T00:53:29,ul,ue13,2030165,2403857.0290152836,2.403857
2026-06-29T00:53:29,ul,ue14,2030177,2418544.5923064924,2.418545
2026-06-29T00:53:29,ul,ue15,2030189,2374482.0930170836,2.374482
2026-06-29T00:53:29,ul,ue16,2030201,2550732.090174719,2.550732
2026-06-29T00:53:35,ul,cu_cp1,2027561,699823.9833358157,0.699824
2026-06-29T00:53:35,ul,cu_up1,2027588,792048.896593678,0.792049
2026-06-29T00:53:35,ul,cu_cp2,2027616,726948.9690248108,0.726949
2026-06-29T00:53:35,ul,cu_up2,2027624,797473.9222950179,0.797474
2026-06-29T00:53:35,ul,du1,2027807,6054291.169244991,6.054291
2026-06-29T00:53:35,ul,du2,2028564,6092266.587183876,6.092267
2026-06-29T00:53:35,ul,du3,2029330,6097690.994008498,6.097691
2026-06-29T00:53:35,ul,du4,2030102,6097690.994008498,6.097691
2026-06-29T00:53:35,ul,ue1,2027851,2370721.7116855956,2.370722
2026-06-29T00:53:35,ul,ue2,2027863,2370721.7116855956,2.370722
2026-06-29T00:53:35,ul,ue3,2027875,2386996.645971911,2.386997
2026-06-29T00:53:35,ul,ue4,2027887,2414121.536449103,2.414122
2026-06-29T00:53:35,ul,ue5,2028610,2376146.689781034,2.376147
2026-06-29T00:53:35,ul,ue6,2028622,2343596.6307847975,2.343597
2026-06-29T00:53:35,ul,ue7,2028634,2354446.77739928,2.354447
2026-06-29T00:53:35,ul,ue8,2028646,2479221.4640179705,2.479221
2026-06-29T00:53:35,ul,ue9,2029394,2392421.6240673494,2.392422
2026-06-29T00:53:35,ul,ue10,2029406,2381571.6678764727,2.381572
2026-06-29T00:53:35,ul,ue11,2029418,2338171.652689359,2.338172
2026-06-29T00:53:35,ul,ue12,2029430,2473796.485922532,2.473796
2026-06-29T00:53:35,ul,ue13,2030165,2294771.8279258516,2.294772
2026-06-29T00:53:35,ul,ue14,2030177,2403271.5802582265,2.403272
2026-06-29T00:53:35,ul,ue15,2030189,2365296.7335901572,2.365297
2026-06-29T00:53:35,ul,ue16,2030201,2441246.6173499012,2.441247
2026-06-29T00:53:40,ul,cu_cp1,2027561,724367.6405147457,0.724368
2026-06-29T00:53:40,ul,cu_up1,2027588,775200.4932354945,0.775200
2026-06-29T00:53:40,ul,cu_cp2,2027616,724367.6405147457,0.724368
2026-06-29T00:53:40,ul,cu_up2,2027624,787908.6232693684,0.787909
2026-06-29T00:53:40,ul,du1,2027807,6023688.319946919,6.023688
2026-06-29T00:53:40,ul,du2,2028564,6049105.055136456,6.049105
2026-06-29T00:53:40,ul,du3,2029330,6201603.945883956,6.201604
2026-06-29T00:53:40,ul,du4,2030102,6010980.142400865,6.010980
2026-06-29T00:53:40,ul,ue1,2027851,2338309.6097403574,2.338310
2026-06-29T00:53:40,ul,ue2,2027863,2338309.6097403574,2.338310
2026-06-29T00:53:40,ul,ue3,2027875,2287476.7095074295,2.287477
2026-06-29T00:53:40,ul,ue4,2027887,2389142.319924569,2.389142
2026-06-29T00:53:40,ul,ue5,2028610,2414558.675016675,2.414559
2026-06-29T00:53:40,ul,ue6,2028622,2312893.2546482515,2.312893
2026-06-29T00:53:40,ul,ue7,2028634,2363725.7747837473,2.363726
2026-06-29T00:53:40,ul,ue8,2028646,2401850.497470622,2.401850
2026-06-29T00:53:40,ul,ue9,2029394,2376434.142378516,2.376434
2026-06-29T00:53:40,ul,ue10,2029406,2338309.6097403574,2.338310
2026-06-29T00:53:40,ul,ue11,2029418,2439975.220157497,2.439975
2026-06-29T00:53:40,ul,ue12,2029430,2414558.675016675,2.414559
2026-06-29T00:53:40,ul,ue13,2030165,2287476.7095074295,2.287477
2026-06-29T00:53:40,ul,ue14,2030177,2414558.675016675,2.414559
2026-06-29T00:53:40,ul,ue15,2030189,2312893.2546482515,2.312893
2026-06-29T00:53:40,ul,ue16,2030201,2490807.9303417085,2.490808
2026-06-29T00:53:46,ul,cu_cp1,2027561,714705.7014732099,0.714706
2026-06-29T00:53:46,ul,cu_up1,2027588,793149.0287562454,0.793149
2026-06-29T00:53:46,ul,cu_cp2,2027616,723421.6955162913,0.723422
2026-06-29T00:53:46,ul,cu_up2,2027624,732137.5943124961,0.732138
2026-06-29T00:53:46,ul,du1,2027807,6179589.914804879,6.179590
2026-06-29T00:53:46,ul,du2,2028564,6179589.914804879,6.179590
2026-06-29T00:53:46,ul,du3,2029330,6214453.319495945,6.214453
2026-06-29T00:53:46,ul,du4,2030102,5909395.86153657,5.909396
2026-06-29T00:53:46,ul,ue1,2027851,2414310.7767004324,2.414311
2026-06-29T00:53:46,ul,ue2,2027863,2379446.9910218595,2.379447
2026-06-29T00:53:46,ul,ue3,2027875,2396879.074354899,2.396879
2026-06-29T00:53:46,ul,ue4,2027887,2475322.306391058,2.475322
2026-06-29T00:53:46,ul,ue5,2028610,2353299.4375035595,2.353299
2026-06-29T00:53:46,ul,ue6,2028622,2405594.9255276658,2.405595
2026-06-29T00:53:46,ul,ue7,2028634,2431742.6695397184,2.431743
2026-06-29T00:53:46,ul,ue8,2028646,2484038.1575638247,2.484038
2026-06-29T00:53:46,ul,ue9,2029394,2388163.0326883793,2.388163
2026-06-29T00:53:46,ul,ue10,2029406,2353299.4375035595,2.353299
2026-06-29T00:53:46,ul,ue11,2029418,2327151.6934915064,2.327152
2026-06-29T00:53:46,ul,ue12,2029430,2484038.1575638247,2.484038
2026-06-29T00:53:46,ul,ue13,2030165,2274856.0149736474,2.274856
2026-06-29T00:53:46,ul,ue14,2030177,2405594.9255276658,2.405595
2026-06-29T00:53:46,ul,ue15,2030189,2353299.4375035595,2.353299
2026-06-29T00:53:46,ul,ue16,2030201,2379446.9910218595,2.379447
2026-06-29T00:53:52,ul,cu_cp1,2027561,733502.5462056255,0.733503
2026-06-29T00:53:52,ul,cu_up1,2027588,783308.2311433983,0.783308
2026-06-29T00:53:52,ul,cu_cp2,2027616,747085.940801711,0.747086
2026-06-29T00:53:52,ul,cu_up2,2027624,787836.0769660306,0.787836
2026-06-29T00:53:52,ul,du1,2027807,6062715.406445274,6.062715
2026-06-29T00:53:52,ul,du2,2028564,6189493.75600874,6.189494
2026-06-29T00:53:52,ul,du3,2029330,6270993.933089504,6.270994
2026-06-29T00:53:52,ul,du4,2030102,5999326.803150787,5.999327
2026-06-29T00:53:52,ul,ue1,2027851,2322758.0947337723,2.322758
2026-06-29T00:53:52,ul,ue2,2027863,2408786.1652611066,2.408786
2026-06-29T00:53:52,ul,ue3,2027875,2417841.7616584967,2.417842
2026-06-29T00:53:52,ul,ue4,2027887,2399730.568863716,2.399731
2026-06-29T00:53:52,ul,ue5,2028610,2368035.886224976,2.368036
2026-06-29T00:53:52,ul,ue6,2028622,2363508.1832741546,2.363508
2026-06-29T00:53:52,ul,ue7,2028634,2363508.1832741546,2.363508
2026-06-29T00:53:52,ul,ue8,2028646,2485758.63939105,2.485759
2026-06-29T00:53:52,ul,ue9,2029394,2381619.3760689353,2.381619
2026-06-29T00:53:52,ul,ue10,2029406,2408786.1652611066,2.408786
2026-06-29T00:53:52,ul,ue11,2029418,2336341.5845777323,2.336342
2026-06-29T00:53:52,ul,ue12,2029430,2435952.9544532774,2.435953
2026-06-29T00:53:52,ul,ue13,2030165,2304646.9019389916,2.304647
2026-06-29T00:53:52,ul,ue14,2030177,2440480.847899847,2.440481
2026-06-29T00:53:52,ul,ue15,2030189,2322758.0947337723,2.322758
2026-06-29T00:53:52,ul,ue16,2030201,2463119.7436454487,2.463120
2026-06-29T00:53:58,ul,cu_cp1,2027561,716200.6804063756,0.716201
2026-06-29T00:53:58,ul,cu_up1,2027588,795261.7696817991,0.795262
2026-06-29T00:53:58,ul,cu_cp2,2027616,734803.281224505,0.734803
2026-06-29T00:53:58,ul,cu_up2,2027624,790611.0836788934,0.790611
2026-06-29T00:53:58,ul,du1,2027807,6120259.821775901,6.120260
2026-06-29T00:53:58,ul,du2,2028564,6148164.224180322,6.148164
2026-06-29T00:53:58,ul,du3,2029330,6008644.885103426,6.008645
2026-06-29T00:53:58,ul,du4,2030102,6194670.415973077,6.194670
2026-06-29T00:53:58,ul,ue1,2027851,2371833.346499009,2.371833
2026-06-29T00:53:58,ul,ue2,2027863,2418339.9201410795,2.418340
2026-06-29T00:53:58,ul,ue3,2027875,2371833.346499009,2.371833
2026-06-29T00:53:58,ul,ue4,2027887,2427641.196684562,2.427641
2026-06-29T00:53:58,ul,ue5,2028610,2422990.462950492,2.422990
2026-06-29T00:53:58,ul,ue6,2028622,2422990.462950492,2.422990
2026-06-29T00:53:58,ul,ue7,2028634,2418339.9201410795,2.418340
2026-06-29T00:53:58,ul,ue8,2028646,2469497.036592562,2.469497
2026-06-29T00:53:58,ul,ue9,2029394,2329977.506591009,2.329978
2026-06-29T00:53:58,ul,ue10,2029406,2348580.2506026314,2.348580
2026-06-29T00:53:58,ul,ue11,2029418,2329977.506591009,2.329978
2026-06-29T00:53:58,ul,ue12,2029430,2395086.6333200443,2.395087
2026-06-29T00:53:58,ul,ue13,2030165,2278820.390139526,2.278820
2026-06-29T00:53:58,ul,ue14,2030177,2422990.462950492,2.422990
2026-06-29T00:53:58,ul,ue15,2030189,2385785.3567765616,2.385785
2026-06-29T00:53:58,ul,ue16,2030201,2469497.036592562,2.469497
2026-06-29T00:54:04,ul,cu_cp1,2027561,721631.5084980648,0.721632
2026-06-29T00:54:04,ul,cu_up1,2027588,797592.6923375794,0.797593
2026-06-29T00:54:04,ul,cu_cp2,2027616,743334.75152127,0.743335
2026-06-29T00:54:04,ul,cu_up2,2027624,797592.6923375794,0.797593
2026-06-29T00:54:04,ul,du1,2027807,5962955.4325274415,5.962955
2026-06-29T00:54:04,ul,du2,2028564,6196264.616149962,6.196265
2026-06-29T00:54:04,ul,du3,2029330,6169135.836303754,6.169136
2026-06-29T00:54:04,ul,du4,2030102,6114877.5143635515,6.114878
2026-06-29T00:54:04,ul,ue1,2027851,2333094.5040924526,2.333095
2026-06-29T00:54:04,ul,ue2,2027863,2360223.4745006072,2.360223
2026-06-29T00:54:04,ul,ue3,2027875,2349371.924449735,2.349372
2026-06-29T00:54:04,ul,ue4,2027887,2371075.0245514796,2.371075
2026-06-29T00:54:04,ul,ue5,2028610,2403629.6747040977,2.403630
2026-06-29T00:54:04,ul,ue6,2028622,2371075.0245514796,2.371075
2026-06-29T00:54:04,ul,ue7,2028634,2392778.315215172,2.392778
2026-06-29T00:54:04,ul,ue8,2028646,2452461.935775944,2.452462
2026-06-29T00:54:04,ul,ue9,2029394,2376500.8948578895,2.376501
2026-06-29T00:54:04,ul,ue10,2029406,2354797.604194198,2.354798
2026-06-29T00:54:04,ul,ue11,2029418,2349371.924449735,2.349372
2026-06-29T00:54:04,ul,ue12,2029430,2457887.8060823535,2.457888
2026-06-29T00:54:04,ul,ue13,2030165,2327668.633786043,2.327669
2026-06-29T00:54:04,ul,ue14,2030177,2436184.5154186618,2.436185
2026-06-29T00:54:04,ul,ue15,2030189,2376500.8948578895,2.376501
2026-06-29T00:54:04,ul,ue16,2030201,2495868.326541381,2.495868
2026-06-29T00:54:10,ul,cu_cp1,2027561,722240.3764395941,0.722240
2026-06-29T00:54:10,ul,cu_up1,2027588,798265.6214079955,0.798266
2026-06-29T00:54:10,ul,cu_cp2,2027616,738531.4491899863,0.738531
2026-06-29T00:54:10,ul,cu_up2,2027624,787404.9062410673,0.787405
2026-06-29T00:54:10,ul,du1,2027807,6060302.943136348,6.060303
2026-06-29T00:54:10,ul,du2,2028564,6196061.643923047,6.196062
2026-06-29T00:54:10,ul,du3,2029330,6147188.282391927,6.147188
2026-06-29T00:54:10,ul,du4,2030102,6054872.060193095,6.054872
2026-06-29T00:54:10,ul,ue1,2027851,2318771.714775547,2.318772
2026-06-29T00:54:10,ul,ue2,2027863,2373075.3861301495,2.373075
2026-06-29T00:54:10,ul,ue3,2027875,2383936.196817039,2.383936
2026-06-29T00:54:10,ul,ue4,2027887,2432809.5583481584,2.432810
2026-06-29T00:54:10,ul,ue5,2028610,2373075.3861301495,2.373075
2026-06-29T00:54:10,ul,ue6,2028622,2378505.886993556,2.378506
2026-06-29T00:54:10,ul,ue7,2028634,2394797.007503929,2.394797
2026-06-29T00:54:10,ul,ue8,2028646,2487113.4207426845,2.487113
2026-06-29T00:54:10,ul,ue9,2029394,2400227.3173274123,2.400227
2026-06-29T00:54:10,ul,ue10,2029406,2378505.886993556,2.378506
2026-06-29T00:54:10,ul,ue11,2029418,2345923.454932886,2.345923
2026-06-29T00:54:10,ul,ue12,2029430,2503404.541253058,2.503405
2026-06-29T00:54:10,ul,ue13,2030165,2286189.4737548004,2.286189
2026-06-29T00:54:10,ul,ue14,2030177,2443670.3690350484,2.443670
2026-06-29T00:54:10,ul,ue15,2030189,2340493.145109403,2.340493
2026-06-29T00:54:10,ul,ue16,2030201,2432809.5583481584,2.432810
2026-06-29T00:54:16,ul,cu_cp1,2027561,732054.3901432336,0.732054
2026-06-29T00:54:16,ul,cu_up1,2027588,760575.9891415298,0.760576
2026-06-29T00:54:16,ul,cu_cp2,2027616,713039.9749574065,0.713040
2026-06-29T00:54:16,ul,cu_up2,2027624,779590.4518882453,0.779590
2026-06-29T00:54:16,ul,du1,2027807,5951507.434879446,5.951507
2026-06-29T00:54:16,ul,du2,2028564,6103622.756366062,6.103623
2026-06-29T00:54:16,ul,du3,2029330,6170172.61500535,6.170173
2026-06-29T00:54:16,ul,du4,2030102,6122636.8386256695,6.122637
2026-06-29T00:54:16,ul,ue1,2027851,2310249.613983774,2.310250
2026-06-29T00:54:16,ul,ue2,2027863,2367292.8119803667,2.367293
2026-06-29T00:54:16,ul,ue3,2027875,2386307.2747270823,2.386307
2026-06-29T00:54:16,ul,ue4,2027887,2386307.2747270823,2.386307
2026-06-29T00:54:16,ul,ue5,2028610,2376800.0433537243,2.376800
2026-06-29T00:54:16,ul,ue6,2028622,2367292.8119803667,2.367293
2026-06-29T00:54:16,ul,ue7,2028634,2405321.5472302437,2.405322
2026-06-29T00:54:16,ul,ue8,2028646,2462364.7452268363,2.462365
2026-06-29T00:54:16,ul,ue9,2029394,2386307.2747270823,2.386307
2026-06-29T00:54:16,ul,ue10,2029406,2414828.7786036013,2.414829
2026-06-29T00:54:16,ul,ue11,2029418,2319756.845357132,2.319757
2026-06-29T00:54:16,ul,ue12,2029430,2462364.7452268363,2.462365
2026-06-29T00:54:16,ul,ue13,2030165,2319756.845357132,2.319757
2026-06-29T00:54:16,ul,ue14,2030177,2395814.315856886,2.395814
2026-06-29T00:54:16,ul,ue15,2030189,2367292.8119803667,2.367293
2026-06-29T00:54:16,ul,ue16,2030201,2452857.5138534782,2.452858
2026-06-29T00:54:22,ul,cu_cp1,2027561,707502.9003885757,0.707503
2026-06-29T00:54:22,ul,cu_up1,2027588,757028.1500760829,0.757028
2026-06-29T00:54:22,ul,cu_cp2,2027616,735803.0430671513,0.735803
2026-06-29T00:54:22,ul,cu_up2,2027624,806553.3045384741,0.806553
2026-06-29T00:54:22,ul,du1,2027807,6042074.748368911,6.042075
2026-06-29T00:54:22,ul,du2,2028564,6346301.091713366,6.346301
2026-06-29T00:54:22,ul,du3,2029330,6197725.533101077,6.197726
2026-06-29T00:54:22,ul,du4,2030102,6289701.18725668,6.289701
2026-06-29T00:54:22,ul,ue1,2027851,2306459.5333513524,2.306460
2026-06-29T00:54:22,ul,ue2,2027863,2377209.699597559,2.377210
2026-06-29T00:54:22,ul,ue3,2027875,2412585.0683960104,2.412585
2026-06-29T00:54:22,ul,ue4,2027887,2384284.925717435,2.384285
2026-06-29T00:54:22,ul,ue5,2028610,2412585.0683960104,2.412585
2026-06-29T00:54:22,ul,ue6,2028622,2419659.9136154223,2.419660
2026-06-29T00:54:22,ul,ue7,2028634,2447960.056293998,2.447960
2026-06-29T00:54:22,ul,ue8,2028646,2476260.1989725735,2.476260
2026-06-29T00:54:22,ul,ue9,2029394,2355984.5925886272,2.355985
2026-06-29T00:54:22,ul,ue10,2029406,2377209.699597559,2.377210
2026-06-29T00:54:22,ul,ue11,2029418,2355984.5925886272,2.355985
2026-06-29T00:54:22,ul,ue12,2029430,2455035.091963642,2.455035
2026-06-29T00:54:22,ul,ue13,2030165,2306459.5333513524,2.306460
2026-06-29T00:54:22,ul,ue14,2030177,2455035.091963642,2.455035
2026-06-29T00:54:22,ul,ue15,2030189,2327684.6403602837,2.327685
2026-06-29T00:54:22,ul,ue16,2030201,2490410.270311861,2.490410
2026-06-29T00:54:28,ul,cu_cp1,2027561,711609.9734495238,0.711610
2026-06-29T00:54:28,ul,cu_up1,2027588,766000.5309886038,0.766001
2026-06-29T00:54:28,ul,cu_cp2,2027616,752402.8319438696,0.752403
2026-06-29T00:54:28,ul,cu_up2,2027624,797728.3681517267,0.797728
2026-06-29T00:54:28,ul,du1,2027807,6046418.053640425,6.046418
2026-06-29T00:54:28,ul,du2,2028564,6322903.900873108,6.322904
2026-06-29T00:54:28,ul,du3,2029330,6268513.104694171,6.268513
2026-06-29T00:54:28,ul,du4,2030102,6168796.772307377,6.168797
2026-06-29T00:54:28,ul,ue1,2027851,2343327.1291736686,2.343327
2026-06-29T00:54:28,ul,ue2,2027863,2347859.568247323,2.347860
2026-06-29T00:54:28,ul,ue3,2027875,2402249.982602489,2.402250
2026-06-29T00:54:28,ul,ue4,2027887,2429445.3806919577,2.429445
2026-06-29T00:54:28,ul,ue5,2028610,2406782.8034999142,2.406783
2026-06-29T00:54:28,ul,ue6,2028622,2375054.775424906,2.375055
2026-06-29T00:54:28,ul,ue7,2028634,2406782.8034999142,2.406783
2026-06-29T00:54:28,ul,ue8,2028646,2506498.944974823,2.506499
2026-06-29T00:54:28,ul,ue9,2029394,2393185.10445518,2.393185
2026-06-29T00:54:28,ul,ue10,2029406,2415847.6816472234,2.415848
2026-06-29T00:54:28,ul,ue11,2029418,2424912.7507064175,2.424913
2026-06-29T00:54:28,ul,ue12,2029430,2497433.685003743,2.497434
2026-06-29T00:54:28,ul,ue13,2030165,2288936.3329947316,2.288936
2026-06-29T00:54:28,ul,ue14,2030177,2474770.9168998147,2.474771
2026-06-29T00:54:28,ul,ue15,2030189,2347859.568247323,2.347860
2026-06-29T00:54:28,ul,ue16,2030201,2470238.2869142746,2.470238
2026-06-29T00:54:34,ul,cu_cp1,2027561,710463.7497331172,0.710464
2026-06-29T00:54:34,ul,cu_up1,2027588,798583.2207016465,0.798583
2026-06-29T00:54:34,ul,cu_cp2,2027616,738001.0812509707,0.738001
2026-06-29T00:54:34,ul,cu_up2,2027624,815105.6499465534,0.815106
2026-06-29T00:54:34,ul,du1,2027807,6085754.96724581,6.085755
2026-06-29T00:54:34,ul,du2,2028564,6311561.500259537,6.311562
2026-06-29T00:54:34,ul,du3,2029330,6234456.830449972,6.234457
2026-06-29T00:54:34,ul,du4,2030102,6184889.542715251,6.184890
2026-06-29T00:54:34,ul,ue1,2027851,2340675.049626224,2.340675
2026-06-29T00:54:34,ul,ue2,2027863,2379227.3845310067,2.379227
2026-06-29T00:54:34,ul,ue3,2027875,2406764.5643778862,2.406765
2026-06-29T00:54:34,ul,ue4,2027887,2456332.0543405726,2.456332
2026-06-29T00:54:34,ul,ue5,2028610,2423287.1958507583,2.423287
2026-06-29T00:54:34,ul,ue6,2028622,2390242.3373609446,2.390242
2026-06-29T00:54:34,ul,ue7,2028634,2450824.375697638,2.450824
2026-06-29T00:54:34,ul,ue8,2028646,2505899.1398473275,2.505899
2026-06-29T00:54:34,ul,ue9,2029394,2384734.860945976,2.384735
2026-06-29T00:54:34,ul,ue10,2029406,2384734.860945976,2.384735
2026-06-29T00:54:34,ul,ue11,2029418,2390242.3373609446,2.390242
2026-06-29T00:54:34,ul,ue12,2029430,2511406.616262296,2.511407
2026-06-29T00:54:34,ul,ue13,2030165,2346182.526041193,2.346183
2026-06-29T00:54:34,ul,ue14,2030177,2483869.2341874517,2.483869
2026-06-29T00:54:34,ul,ue15,2030189,2335167.573211255,2.335168
2026-06-29T00:54:34,ul,ue16,2030201,2511406.616262296,2.511407
2026-06-29T00:54:40,ul,cu_cp1,2027561,717475.6235572681,0.717476
2026-06-29T00:54:40,ul,cu_up1,2027588,802216.8206145347,0.802217
2026-06-29T00:54:40,ul,cu_cp2,2027616,734423.7921443597,0.734424
2026-06-29T00:54:40,ul,cu_up2,2027624,830463.8525744036,0.830464
2026-06-29T00:54:40,ul,du1,2027807,6140912.892877114,6.140913
2026-06-29T00:54:40,ul,du2,2028564,6479877.8834615,6.479878
2026-06-29T00:54:40,ul,du3,2029330,6372538.909069848,6.372539
2026-06-29T00:54:40,ul,du4,2030102,6084418.930135036,6.084419
2026-06-29T00:54:40,ul,ue1,2027851,2389702.1920788526,2.389702
2026-06-29T00:54:40,ul,ue2,2027863,2372753.9223141014,2.372754
2026-06-29T00:54:40,ul,ue3,2027875,2440547.001373106,2.440547
2026-06-29T00:54:40,ul,ue4,2027887,2440547.001373106,2.440547
2026-06-29T00:54:40,ul,ue5,2028610,2451845.712979394,2.451846
2026-06-29T00:54:40,ul,ue6,2028622,2440547.001373106,2.440547
2026-06-29T00:54:40,ul,ue7,2028634,2485742.2525088964,2.485742
2026-06-29T00:54:40,ul,ue8,2028646,2564834.0431741895,2.564834
2026-06-29T00:54:40,ul,ue9,2029394,2434897.443214643,2.434897
2026-06-29T00:54:40,ul,ue10,2029406,2412299.817646748,2.412300
2026-06-29T00:54:40,ul,ue11,2029418,2451845.712979394,2.451846
2026-06-29T00:54:40,ul,ue12,2029430,2508339.8780767918,2.508340
2026-06-29T00:54:40,ul,ue13,2030165,2333208.0269814553,2.333208
2026-06-29T00:54:40,ul,ue14,2030177,2457495.068782538,2.457495
2026-06-29T00:54:40,ul,ue15,2030189,2304961.0456104157,2.304961
2026-06-29T00:54:40,ul,ue16,2030201,2502690.5222736476,2.502691
2026-06-29T00:54:46,ul,cu_cp1,2027561,750507.5140512895,0.750508
2026-06-29T00:54:46,ul,cu_up1,2027588,792202.3704151672,0.792202
2026-06-29T00:54:46,ul,cu_cp2,2027616,760931.1908291995,0.760931
2026-06-29T00:54:46,ul,cu_up2,2027624,771354.9173578555,0.771355
2026-06-29T00:54:46,ul,du1,2027807,6264652.927371493,6.264653
2026-06-29T00:54:46,ul,du2,2028564,6254229.151092091,6.254229
2026-06-29T00:54:46,ul,du3,2029330,6181263.513148213,6.181264
2026-06-29T00:54:46,ul,du4,2030102,6295923.858203731,6.295924
2026-06-29T00:54:46,ul,ue1,2027851,2355759.7079389356,2.355760
2026-06-29T00:54:46,ul,ue2,2027863,2439149.3211651994,2.439149
2026-06-29T00:54:46,ul,ue3,2027875,2512115.3571150447,2.512115
2026-06-29T00:54:46,ul,ue4,2027887,2407878.1913299775,2.407878
2026-06-29T00:54:46,ul,ue5,2028610,2147285.3763688016,2.147285
2026-06-29T00:54:46,ul,ue6,2028622,2157709.1526482035,2.157709
2026-06-29T00:54:46,ul,ue7,2028634,2731013.4649645807,2.731013
2026-06-29T00:54:46,ul,ue8,2028646,2783131.948355622,2.783132
2026-06-29T00:54:46,ul,ue9,2029394,2168132.928927605,2.168133
2026-06-29T00:54:46,ul,ue10,2029406,2136861.7990923836,2.136862
2026-06-29T00:54:46,ul,ue11,2029418,2762284.594799802,2.762285
2026-06-29T00:54:46,ul,ue12,2029430,2824826.854470246,2.824827
2026-06-29T00:54:46,ul,ue13,2030165,2188980.282483425,2.188980
2026-06-29T00:54:46,ul,ue14,2030177,2772708.1720762206,2.772708
2026-06-29T00:54:46,ul,ue15,2030189,2209827.636039245,2.209828
2026-06-29T00:54:46,ul,ue16,2030201,2845674.208026066,2.845674
2026-06-29T00:54:52,ul,cu_cp1,2027561,730244.7727800697,0.730245
2026-06-29T00:54:52,ul,cu_up1,2027588,722638.0078798834,0.722638
2026-06-29T00:54:52,ul,cu_cp2,2027616,753064.8692832747,0.753065
2026-06-29T00:54:52,ul,cu_up2,2027624,737851.438581579,0.737851
2026-06-29T00:54:52,ul,du1,2027807,5986485.278413282,5.986485
2026-06-29T00:54:52,ul,du2,2028564,6115799.93487108,6.115800
2026-06-29T00:54:52,ul,du3,2029330,6229900.169640413,6.229900
2026-06-29T00:54:52,ul,du4,2030102,6054945.815669589,6.054946
2026-06-29T00:54:52,ul,ue1,2027851,2099453.635031358,2.099454
2026-06-29T00:54:52,ul,ue2,2027863,2137487.310884274,2.137487
2026-06-29T00:54:52,ul,ue3,2027875,2799271.6455067135,2.799272
2026-06-29T00:54:52,ul,ue4,2027887,2669957.385443623,2.669957
2026-06-29T00:54:52,ul,ue5,2028610,2122273.6819852246,2.122274
2026-06-29T00:54:52,ul,ue6,2028622,2107060.449480883,2.107060
2026-06-29T00:54:52,ul,ue7,2028634,2677563.80349844,2.677564
2026-06-29T00:54:52,ul,ue8,2028646,2822091.4942632257,2.822091
2026-06-29T00:54:52,ul,ue9,2029394,2198341.033691057,2.198341
2026-06-29T00:54:52,ul,ue10,2029406,2205947.649943228,2.205948
2026-06-29T00:54:52,ul,ue11,2029418,2806878.0635615303,2.806878
2026-06-29T00:54:52,ul,ue12,2029430,2920979.091120279,2.920979
2026-06-29T00:54:52,ul,ue13,2030165,2114667.0657330537,2.114667
2026-06-29T00:54:52,ul,ue14,2030177,2753631.1552042724,2.753631
2026-06-29T00:54:52,ul,ue15,2030189,2061419.9591784417,2.061420
2026-06-29T00:54:52,ul,ue16,2030201,2928585.70737245,2.928586
2026-06-29T00:54:58,ul,cu_cp1,2027561,714515.2632218743,0.714515
2026-06-29T00:54:58,ul,cu_up1,2027588,709875.5897953988,0.709876
2026-06-29T00:54:58,ul,cu_cp2,2027616,737713.8783696378,0.737714
2026-06-29T00:54:58,ul,cu_up2,2027624,742353.5517961133,0.742354
2026-06-29T00:54:58,ul,du1,2027807,6008423.912590656,6.008424
2026-06-29T00:54:58,ul,du2,2028564,6291446.769377985,6.291447
2026-06-29T00:54:58,ul,du3,2029330,6263607.935169897,6.263608
2026-06-29T00:54:58,ul,du4,2030102,6059461.113931122,6.059461
2026-06-29T00:54:58,ul,ue1,2027851,2124986.8975474117,2.124987
2026-06-29T00:54:58,ul,ue2,2027863,2148185.661504407,2.148186
2026-06-29T00:54:58,ul,ue3,2027875,2732789.076723423,2.732789
2026-06-29T00:54:58,ul,ue4,2027887,2742068.423576374,2.742068
2026-06-29T00:54:58,ul,ue5,2028610,2134266.442812672,2.134266
2026-06-29T00:54:58,ul,ue6,2028622,2083229.6382968235,2.083230
2026-06-29T00:54:58,ul,ue7,2028634,2644634.487971153,2.644634
2026-06-29T00:54:58,ul,ue8,2028646,2742068.423576374,2.742068
2026-06-29T00:54:58,ul,ue9,2029394,2083229.6382968235,2.083230
2026-06-29T00:54:58,ul,ue10,2029406,2097148.8569885588,2.097149
2026-06-29T00:54:58,ul,ue11,2029418,2779186.009400487,2.779186
2026-06-29T00:54:58,ul,ue12,2029430,2844142.231020379,2.844142
2026-06-29T00:54:58,ul,ue13,2030165,2050751.7258991862,2.050752
2026-06-29T00:54:58,ul,ue14,2030177,2793105.228092222,2.793105
2026-06-29T00:54:58,ul,ue15,2030189,2069310.4196050882,2.069310
2026-06-29T00:54:58,ul,ue16,2030201,2793105.228092222,2.793105
2026-06-29T00:55:04,ul,cu_cp1,2027561,725445.0222120404,0.725445
2026-06-29T00:55:04,ul,cu_up1,2027588,730740.2406265795,0.730740
2026-06-29T00:55:04,ul,cu_cp2,2027616,736035.4093310267,0.736035
2026-06-29T00:55:04,ul,cu_up2,2027624,741330.6277455657,0.741331
2026-06-29T00:55:04,ul,du1,2027807,5941235.259953236,5.941235
2026-06-29T00:55:04,ul,du2,2028564,6232472.372173071,6.232472
2026-06-29T00:55:04,ul,du3,2029330,6285424.7551588295,6.285425
2026-06-29T00:55:04,ul,du4,2030102,6190110.624856758,6.190111
2026-06-29T00:55:04,ul,ue1,2027851,2081021.1351744174,2.081021
2026-06-29T00:55:04,ul,ue2,2027863,2112792.2468212843,2.112792
2026-06-29T00:55:04,ul,ue3,2027875,2689971.15342623,2.689971
2026-06-29T00:55:04,ul,ue4,2027887,2668790.2797680735,2.668790
2026-06-29T00:55:04,ul,ue5,2028610,2171039.5499610305,2.171040
2026-06-29T00:55:04,ul,ue6,2028622,2086316.2541687726,2.086316
2026-06-29T00:55:04,ul,ue7,2028634,2732332.900742543,2.732333
2026-06-29T00:55:04,ul,ue8,2028646,2795875.521717012,2.795876
2026-06-29T00:55:04,ul,ue9,2029394,2160449.31197232,2.160449
2026-06-29T00:55:04,ul,ue10,2029406,2144563.557308519,2.144564
2026-06-29T00:55:04,ul,ue11,2029418,2790580.4027226567,2.790580
2026-06-29T00:55:04,ul,ue12,2029430,2928255.8826603056,2.928256
2026-06-29T00:55:04,ul,ue13,2030165,2091611.3731631278,2.091611
2026-06-29T00:55:04,ul,ue14,2030177,2885894.1353439926,2.885894
2026-06-29T00:55:04,ul,ue15,2030189,2086316.2541687726,2.086316
2026-06-29T00:55:04,ul,ue16,2030201,2896484.572173071,2.896485
2026-06-29T00:55:10,ul,cu_cp1,2027561,717572.4802231219,0.717572
2026-06-29T00:55:10,ul,cu_up1,2027588,762420.8005294028,0.762421
2026-06-29T00:55:10,ul,cu_cp2,2027616,728784.5107091251,0.728785
2026-06-29T00:55:10,ul,cu_up2,2027624,734390.5755426937,0.734391
2026-06-29T00:55:10,ul,du1,2027807,6133002.297330963,6.133002
2026-06-29T00:55:10,ul,du2,2028564,6385273.8758962415,6.385274
2026-06-29T00:55:10,ul,du3,2029330,6233911.166791797,6.233911
2026-06-29T00:55:10,ul,du4,2030102,6211487.105819791,6.211487
2026-06-29T00:55:10,ul,ue1,2027851,2141505.3605927955,2.141505
2026-06-29T00:55:10,ul,ue2,2027863,2152717.3910787986,2.152717
2026-06-29T00:55:10,ul,ue3,2027875,2707714.9829397714,2.707715
2026-06-29T00:55:10,ul,ue4,2027887,2774987.3642180585,2.774987
2026-06-29T00:55:10,ul,ue5,2028610,2141505.3605927955,2.141505
2026-06-29T00:55:10,ul,ue6,2028622,2102263.1547106504,2.102263
2026-06-29T00:55:10,ul,ue7,2028634,2662866.4642712222,2.662866
2026-06-29T00:55:10,ul,ue8,2028646,2836653.63107221,2.836654
2026-06-29T00:55:10,ul,ue9,2029394,2119081.101258521,2.119081
2026-06-29T00:55:10,ul,ue10,2029406,2102263.1547106504,2.102263
2026-06-29T00:55:10,ul,ue11,2029418,2758169.0209456515,2.758169
2026-06-29T00:55:10,ul,ue12,2029430,2864684.0048306203,2.864684
2026-06-29T00:55:10,ul,ue13,2030165,2096657.0402865147,2.096657
2026-06-29T00:55:10,ul,ue14,2030177,2937562.302170775,2.937562
2026-06-29T00:55:10,ul,ue15,2030189,2147111.475016931,2.147111
2026-06-29T00:55:10,ul,ue16,2030201,2931956.3861089074,2.931956
2026-06-29T00:55:16,ul,cu_cp1,2027561,707512.4898247207,0.707512
2026-06-29T00:55:16,ul,cu_up1,2027588,772821.3445998073,0.772821
2026-06-29T00:55:16,ul,cu_cp2,2027616,707512.4898247207,0.707512
2026-06-29T00:55:16,ul,cu_up2,2027624,718397.3547234678,0.718397
2026-06-29T00:55:16,ul,du1,2027807,6106377.419544506,6.106377
2026-06-29T00:55:16,ul,du2,2028564,6160801.122605934,6.160801
2026-06-29T00:55:16,ul,du3,2029330,6226110.025183506,6.226110
2026-06-29T00:55:16,ul,du4,2030102,6030183.317450791,6.030183
2026-06-29T00:55:16,ul,ue1,2027851,2089882.9703828907,2.089883
2026-06-29T00:55:16,ul,ue2,2027863,2046343.8932077838,2.046344
2026-06-29T00:55:16,ul,ue3,2027875,2753856.4308349895,2.753856
2026-06-29T00:55:16,ul,ue4,2027887,2753856.4308349895,2.753856
2026-06-29T00:55:16,ul,ue5,2028610,2122537.4216716764,2.122537
2026-06-29T00:55:16,ul,ue6,2028622,2100767.9786890936,2.100768
2026-06-29T00:55:16,ul,ue7,2028634,2721201.9795462037,2.721202
2026-06-29T00:55:16,ul,ue8,2028646,2764741.0567213106,2.764741
2026-06-29T00:55:16,ul,ue9,2029394,2111652.6045754147,2.111653
2026-06-29T00:55:16,ul,ue10,2029406,2122537.4216716764,2.122537
2026-06-29T00:55:16,ul,ue11,2029418,2840934.7763951444,2.840935
2026-06-29T00:55:16,ul,ue12,2029430,2884474.0447801924,2.884474
2026-06-29T00:55:16,ul,ue13,2030165,2068113.3361903667,2.068113
2026-06-29T00:55:16,ul,ue14,2030177,2742971.4225287866,2.742971
2026-06-29T00:55:16,ul,ue15,2030189,2078998.1532866287,2.078998
2026-06-29T00:55:16,ul,ue16,2030201,2960667.5732440855,2.960668
