timestamp,phase,component,pid,microwatts,watts
2026-06-29T19:45:08,idle,cu_cp1,2600076,616724.4754343694,0.616724
2026-06-29T19:45:08,idle,cu_up1,2600103,606091.3567761087,0.606091
2026-06-29T19:45:08,idle,cu_cp2,2600111,622041.0981738865,0.622041
2026-06-29T19:45:08,idle,cu_up2,2600138,611407.8949684436,0.611408
2026-06-29T19:45:08,idle,du1,2600301,4726448.911662297,4.726449
2026-06-29T19:45:08,idle,du2,2601079,4641383.624207483,4.641384
2026-06-29T19:45:08,idle,du3,2601847,4689232.932947998,4.689233
2026-06-29T19:45:08,idle,du4,2602612,4678599.602921781,4.678600
2026-06-29T19:45:08,idle,ue1,2600364,1318514.4919651009,1.318514
2026-06-29T19:45:08,idle,ue2,2600376,1313197.8269519925,1.313198
2026-06-29T19:45:08,idle,ue3,2600388,1265348.602758659,1.265349
2026-06-29T19:45:08,idle,ue4,2600400,1350413.9747606562,1.350414
2026-06-29T19:45:08,idle,ue5,2601125,1334464.1488156961,1.334464
2026-06-29T19:45:08,idle,ue6,2601137,1339780.7292816222,1.339781
2026-06-29T19:45:08,idle,ue7,2601149,1350413.9747606562,1.350414
2026-06-29T19:45:08,idle,ue8,2601161,1323831.0724310267,1.323831
2026-06-29T19:45:08,idle,ue9,2601891,1361047.1356925082,1.361047
2026-06-29T19:45:08,idle,ue10,2601903,1345097.4788419127,1.345097
2026-06-29T19:45:08,idle,ue11,2601915,1355730.5552265823,1.355731
2026-06-29T19:45:08,idle,ue12,2601927,1366363.716158434,1.366364
2026-06-29T19:45:08,idle,ue13,2602658,1307881.2464860666,1.307881
2026-06-29T19:45:08,idle,ue14,2602670,1382313.5421033942,1.382314
2026-06-29T19:45:08,idle,ue15,2602684,1355730.5552265823,1.355731
2026-06-29T19:45:08,idle,ue16,2602712,1350413.9747606562,1.350414
2026-06-29T19:45:14,idle,cu_cp1,2600076,622900.6281900778,0.622901
2026-06-29T19:45:14,idle,cu_up1,2600103,609359.279801622,0.609359
2026-06-29T19:45:14,idle,cu_cp2,2600111,622900.6281900778,0.622901
2026-06-29T19:45:14,idle,cu_up2,2600138,609359.279801622,0.609359
2026-06-29T19:45:14,idle,du1,2600301,4734947.437625229,4.734947
2026-06-29T19:45:14,idle,du2,2601079,4622102.740659714,4.622103
2026-06-29T19:45:14,idle,du3,2601847,4653699.432002306,4.653699
2026-06-29T19:45:14,idle,du4,2602612,4703351.085113883,4.703351
2026-06-29T19:45:14,idle,ue1,2600364,1349617.96421431,1.349618
2026-06-29T19:45:14,idle,ue2,2600376,1313507.786552906,1.313508
2026-06-29T19:45:14,idle,ue3,2600388,1299966.480518356,1.299966
2026-06-29T19:45:14,idle,ue4,2600400,1327049.092587456,1.327049
2026-06-29T19:45:14,idle,ue5,2601125,1358645.529806614,1.358646
2026-06-29T19:45:14,idle,ue6,2601137,1363159.2702488601,1.363159
2026-06-29T19:45:14,idle,ue7,2601149,1363159.2702488601,1.363159
2026-06-29T19:45:14,idle,ue8,2601161,1308994.0461106598,1.308994
2026-06-29T19:45:14,idle,ue9,2601891,1376700.5762834102,1.376701
2026-06-29T19:45:14,idle,ue10,2601903,1322535.35214521,1.322535
2026-06-29T19:45:14,idle,ue11,2601915,1372186.835841164,1.372187
2026-06-29T19:45:14,idle,ue12,2601927,1340590.4833298177,1.340590
2026-06-29T19:45:14,idle,ue13,2602658,1327049.092587456,1.327049
2026-06-29T19:45:14,idle,ue14,2602670,1358645.529806614,1.358646
2026-06-29T19:45:14,idle,ue15,2602684,1345104.2237720639,1.345104
2026-06-29T19:45:14,idle,ue16,2602712,1358645.529806614,1.358646
2026-06-29T19:45:19,idle,cu_cp1,2600076,613700.8582840491,0.613701
2026-06-29T19:45:19,idle,cu_up1,2600103,618571.49396572,0.618571
2026-06-29T19:45:19,idle,cu_cp2,2600111,623442.1296473908,0.623442
2026-06-29T19:45:19,idle,cu_up2,2600138,613700.8582840491,0.613701
2026-06-29T19:45:19,idle,du1,2600301,4705039.405248699,4.705039
2026-06-29T19:45:19,idle,du2,2601079,4666074.997478456,4.666075
2026-06-29T19:45:19,idle,du3,2601847,4627109.573183527,4.627110
2026-06-29T19:45:19,idle,du4,2602612,4714781.100163993,4.714781
2026-06-29T19:45:19,idle,ue1,2600364,1285849.344748149,1.285849
2026-06-29T19:45:19,idle,ue2,2600376,1329685.1082383823,1.329685
2026-06-29T19:45:19,idle,ue3,2600388,1295590.6161114906,1.295591
2026-06-29T19:45:19,idle,ue4,2600400,1334555.7862752485,1.334556
2026-06-29T19:45:19,idle,ue5,2601125,1339426.3796017242,1.339426
2026-06-29T19:45:19,idle,ue6,2601137,1334555.7862752485,1.334556
2026-06-29T19:45:19,idle,ue7,2601149,1324814.5149119068,1.324815
2026-06-29T19:45:19,idle,ue8,2601161,1305331.8874748326,1.305332
2026-06-29T19:45:19,idle,ue9,2601891,1378391.5497654818,1.378392
2026-06-29T19:45:19,idle,ue10,2601903,1344297.142348981,1.344297
2026-06-29T19:45:19,idle,ue11,2601915,1329685.1082383823,1.329685
2026-06-29T19:45:19,idle,ue12,2601927,1319943.921585431,1.319944
2026-06-29T19:45:19,idle,ue13,2602658,1319943.921585431,1.319944
2026-06-29T19:45:19,idle,ue14,2602670,1324814.5149119068,1.324815
2026-06-29T19:45:19,idle,ue15,2602684,1300461.3788587474,1.300461
2026-06-29T19:45:19,idle,ue16,2602712,1315073.2435485648,1.315073
2026-06-29T19:45:25,idle,cu_cp1,2600076,609811.7022607086,0.609812
2026-06-29T19:45:25,idle,cu_up1,2600103,604933.198130615,0.604933
2026-06-29T19:45:25,idle,cu_cp2,2600111,619568.6681337672,0.619569
2026-06-29T19:45:25,idle,cu_up2,2600138,609811.7022607086,0.609812
2026-06-29T19:45:25,idle,du1,2600301,4707746.397403679,4.707746
2026-06-29T19:45:25,idle,du2,2601079,4649204.686939583,4.649205
2026-06-29T19:45:25,idle,du3,2601847,4668718.703459957,4.668719
2026-06-29T19:45:25,idle,du4,2602612,4697989.5586920045,4.697990
2026-06-29T19:45:25,idle,ue1,2600364,1336707.249320891,1.336707
2026-06-29T19:45:25,idle,ue2,2600376,1287922.2927942127,1.287922
2026-06-29T19:45:25,idle,ue3,2600388,1341585.7534509844,1.341586
2026-06-29T19:45:25,idle,ue4,2600400,1370856.6934572887,1.370857
2026-06-29T19:45:25,idle,ue5,2601125,1302557.805184493,1.302558
2026-06-29T19:45:25,idle,ue6,2601137,1331828.7451907974,1.331829
2026-06-29T19:45:25,idle,ue7,2601149,1322071.7369306106,1.322072
2026-06-29T19:45:25,idle,ue8,2601161,1297679.3010543997,1.297679
2026-06-29T19:45:25,idle,ue9,2601891,1385492.1210733128,1.385492
2026-06-29T19:45:25,idle,ue10,2601903,1341585.7534509844,1.341586
2026-06-29T19:45:25,idle,ue11,2601915,1312314.7286704236,1.312315
2026-06-29T19:45:25,idle,ue12,2601927,1331828.7451907974,1.331829
2026-06-29T19:45:25,idle,ue13,2602658,1341585.7534509844,1.341586
2026-06-29T19:45:25,idle,ue14,2602670,1370856.6934572887,1.370857
2026-06-29T19:45:25,idle,ue15,2602684,1322071.7369306106,1.322072
2026-06-29T19:45:25,idle,ue16,2602712,1326950.241060704,1.326950
2026-06-29T19:45:31,idle,cu_cp1,2600076,613026.3255729213,0.613026
2026-06-29T19:45:31,idle,cu_up1,2600103,613026.3255729213,0.613026
2026-06-29T19:45:31,idle,cu_cp2,2600111,622756.8744813099,0.622757
2026-06-29T19:45:31,idle,cu_up2,2600138,632487.4659346848,0.632487
2026-06-29T19:45:31,idle,du1,2600301,4680407.298970652,4.680407
2026-06-29T19:45:31,idle,du2,2601079,4622023.324800539,4.622023
2026-06-29T19:45:31,idle,du3,2601847,4660946.201153874,4.660946
2026-06-29T19:45:31,idle,du4,2602612,4719329.834964097,4.719330
2026-06-29T19:45:31,idle,ue1,2600364,1274705.4807777584,1.274705
2026-06-29T19:45:31,idle,ue2,2600376,1362280.591133201,1.362281
2026-06-29T19:45:31,idle,ue3,2600388,1352550.0422248126,1.352550
2026-06-29T19:45:31,idle,ue4,2600400,1372011.2251315624,1.372011
2026-06-29T19:45:31,idle,ue5,2601125,1352550.0422248126,1.352550
2026-06-29T19:45:31,idle,ue6,2601137,1352550.0422248126,1.352550
2026-06-29T19:45:31,idle,ue7,2601149,1333088.9444080354,1.333089
2026-06-29T19:45:31,idle,ue8,2601161,1294166.6636845083,1.294167
2026-06-29T19:45:31,idle,ue9,2601891,1381741.8591299236,1.381742
2026-06-29T19:45:31,idle,ue10,2601903,1303897.2125928968,1.303897
2026-06-29T19:45:31,idle,ue11,2601915,1362280.591133201,1.362281
2026-06-29T19:45:31,idle,ue12,2601927,1342819.4933164238,1.342819
2026-06-29T19:45:31,idle,ue13,2602658,1391472.4931282848,1.391472
2026-06-29T19:45:31,idle,ue14,2602670,1391472.4931282848,1.391472
2026-06-29T19:45:31,idle,ue15,2602684,1342819.4933164238,1.342819
2026-06-29T19:45:31,idle,ue16,2602712,1333088.9444080354,1.333089
2026-06-29T19:45:37,idle,cu_cp1,2600076,630578.1598281146,0.630578
2026-06-29T19:45:37,idle,cu_up1,2600103,623245.9036785841,0.623246
2026-06-29T19:45:37,idle,cu_cp2,2600111,623245.9036785841,0.623246
2026-06-29T19:45:37,idle,cu_up2,2600138,623245.9036785841,0.623246
2026-06-29T19:45:37,idle,du1,2600301,4751333.329151535,4.751333
2026-06-29T19:45:37,idle,du2,2601079,4692674.939256859,4.692675
2026-06-29T19:45:37,idle,du3,2601847,4700007.110231781,4.700007
2026-06-29T19:45:37,idle,du4,2602612,4670678.08563366,4.670678
2026-06-29T19:45:37,idle,ue1,2600364,1312482.4534013749,1.312482
2026-06-29T19:45:37,idle,ue2,2600376,1327147.136049652,1.327147
2026-06-29T19:45:37,idle,ue3,2600388,1319814.7947255136,1.319815
2026-06-29T19:45:37,idle,ue4,2600400,1349143.9896728515,1.349144
2026-06-29T19:45:37,idle,ue5,2601125,1341811.733523321,1.341812
2026-06-29T19:45:37,idle,ue6,2601137,1327147.136049652,1.327147
2026-06-29T19:45:37,idle,ue7,2601149,1305150.1972518445,1.305150
2026-06-29T19:45:37,idle,ue8,2601161,1327147.136049652,1.327147
2026-06-29T19:45:37,idle,ue9,2601891,1385805.5259443284,1.385806
2026-06-29T19:45:37,idle,ue10,2601903,1341811.733523321,1.341812
2026-06-29T19:45:37,idle,ue11,2601915,1341811.733523321,1.341812
2026-06-29T19:45:37,idle,ue12,2601927,1327147.136049652,1.327147
2026-06-29T19:45:37,idle,ue13,2602658,1363808.672321129,1.363809
2026-06-29T19:45:37,idle,ue14,2602670,1356476.3309969902,1.356476
2026-06-29T19:45:37,idle,ue15,2602684,1356476.3309969902,1.356476
2026-06-29T19:45:37,idle,ue16,2602712,1297817.8559277058,1.297818
2026-06-29T19:45:42,idle,cu_cp1,2600076,612784.7190473009,0.612785
2026-06-29T19:45:42,idle,cu_up1,2600103,621179.0168439662,0.621179
2026-06-29T19:45:42,idle,cu_cp2,2600111,625376.1870442713,0.625376
2026-06-29T19:45:42,idle,cu_up2,2600138,625376.1870442713,0.625376
2026-06-29T19:45:42,idle,du1,2600301,4725996.944797154,4.725997
2026-06-29T19:45:42,idle,du2,2601079,4667237.243655996,4.667237
2026-06-29T19:45:42,idle,du3,2601847,4759574.306399593,4.759574
2026-06-29T19:45:42,idle,du4,2602612,4721799.945012626,4.721800
2026-06-29T19:45:42,idle,ue1,2600364,1322104.0118700599,1.322104
2026-06-29T19:45:42,idle,ue2,2600376,1355681.2030567217,1.355681
2026-06-29T19:45:42,idle,ue3,2600388,1301118.2460764241,1.301118
2026-06-29T19:45:42,idle,ue4,2600400,1347286.8626561118,1.347287
2026-06-29T19:45:42,idle,ue5,2601125,1351484.0328564167,1.351484
2026-06-29T19:45:42,idle,ue6,2601137,1338892.6074633908,1.338893
2026-06-29T19:45:42,idle,ue7,2601149,1330498.267062781,1.330498
2026-06-29T19:45:42,idle,ue8,2601161,1301118.2460764241,1.301118
2026-06-29T19:45:42,idle,ue9,2601891,1364075.5434573316,1.364076
2026-06-29T19:45:42,idle,ue10,2601903,1330498.267062781,1.330498
2026-06-29T19:45:42,idle,ue11,2601915,1355681.2030567217,1.355681
2026-06-29T19:45:42,idle,ue12,2601927,1355681.2030567217,1.355681
2026-06-29T19:45:42,idle,ue13,2602658,1385061.3092509676,1.385061
2026-06-29T19:45:42,idle,ue14,2602670,1380864.1390506625,1.380864
2026-06-29T19:45:42,idle,ue15,2602684,1355681.2030567217,1.355681
2026-06-29T19:45:42,idle,ue16,2602712,1301118.2460764241,1.301118
2026-06-29T19:45:48,idle,cu_cp1,2600076,623834.8448171425,0.623835
2026-06-29T19:45:48,idle,cu_up1,2600103,628049.9399325943,0.628050
2026-06-29T19:45:48,idle,cu_cp2,2600111,632264.9923963642,0.632265
2026-06-29T19:45:48,idle,cu_up2,2600138,623834.8448171425,0.623835
2026-06-29T19:45:48,idle,du1,2600301,4754633.090858383,4.754633
2026-06-29T19:45:48,idle,du2,2601079,4670330.847335892,4.670331
2026-06-29T19:45:48,idle,du3,2601847,4720911.988721314,4.720912
2026-06-29T19:45:48,idle,du4,2602612,4771493.130106735,4.771493
2026-06-29T19:45:48,idle,ue1,2600364,1365692.4381702996,1.365692
2026-06-29T19:45:48,idle,ue2,2600376,1336186.6870587731,1.336187
2026-06-29T19:45:48,idle,ue3,2600388,1365692.4381702996,1.365692
2026-06-29T19:45:48,idle,ue4,2600400,1390983.0088630104,1.390983
2026-06-29T19:45:48,idle,ue5,2601125,1369907.5332857512,1.369908
2026-06-29T19:45:48,idle,ue6,2601137,1315111.2967848778,1.315111
2026-06-29T19:45:48,idle,ue7,2601149,1319326.3919003296,1.319326
2026-06-29T19:45:48,idle,ue8,2601161,1340401.8674775886,1.340402
2026-06-29T19:45:48,idle,ue9,2601891,1365692.4381702996,1.365692
2026-06-29T19:45:48,idle,ue10,2601903,1348832.1430118561,1.348832
2026-06-29T19:45:48,idle,ue11,2601915,1361477.4283582114,1.361477
2026-06-29T19:45:48,idle,ue12,2601927,1374122.713704567,1.374123
2026-06-29T19:45:48,idle,ue13,2602658,1399413.2843972777,1.399413
2026-06-29T19:45:48,idle,ue14,2602670,1348832.1430118561,1.348832
2026-06-29T19:45:48,idle,ue15,2602684,1382552.8186321068,1.382553
2026-06-29T19:45:48,idle,ue16,2602712,1378337.723516655,1.378338
2026-06-29T19:45:54,idle,cu_cp1,2600076,627044.6503607959,0.627045
2026-06-29T19:45:54,idle,cu_up1,2600103,627044.6503607959,0.627045
2026-06-29T19:45:54,idle,cu_cp2,2600111,636919.3410128743,0.636919
2026-06-29T19:45:54,idle,cu_up2,2600138,631982.0384000211,0.631982
2026-06-29T19:45:54,idle,du1,2600301,4759614.733374095,4.759615
2026-06-29T19:45:54,idle,du2,2601079,4725052.931673145,4.725053
2026-06-29T19:45:54,idle,du3,2601847,4759614.733374095,4.759615
2026-06-29T19:45:54,idle,du4,2602612,4769489.338599801,4.769489
2026-06-29T19:45:54,idle,ue1,2600364,1377523.318291247,1.377523
2026-06-29T19:45:54,idle,ue2,2600376,1318274.9180996597,1.318275
2026-06-29T19:45:54,idle,ue3,2600388,1352836.4635214924,1.352836
2026-06-29T19:45:54,idle,ue4,2600400,1392335.3115561784,1.392335
2026-06-29T19:45:54,idle,ue5,2601125,1382460.6209041,1.382461
2026-06-29T19:45:54,idle,ue6,2601137,1338024.470256561,1.338024
2026-06-29T19:45:54,idle,ue7,2601149,1338024.470256561,1.338024
2026-06-29T19:45:54,idle,ue8,2601161,1342961.6874430417,1.342962
2026-06-29T19:45:54,idle,ue9,2601891,1357773.851560718,1.357774
2026-06-29T19:45:54,idle,ue10,2601903,1402210.087634629,1.402210
2026-06-29T19:45:54,idle,ue11,2601915,1318274.9180996597,1.318275
2026-06-29T19:45:54,idle,ue12,2601927,1392335.3115561784,1.392335
2026-06-29T19:45:54,idle,ue13,2602658,1392335.3115561784,1.392335
2026-06-29T19:45:54,idle,ue14,2602670,1417022.0808995604,1.417022
2026-06-29T19:45:54,idle,ue15,2602684,1402210.087634629,1.402210
2026-06-29T19:45:54,idle,ue16,2602712,1342961.6874430417,1.342962
2026-06-29T19:46:00,idle,cu_cp1,2600076,617450.9058985171,0.617451
2026-06-29T19:46:00,idle,cu_up1,2600103,612511.3212219304,0.612511
2026-06-29T19:46:00,idle,cu_cp2,2600111,632269.7454229796,0.632270
2026-06-29T19:46:00,idle,cu_up2,2600138,627330.0752516905,0.627330
2026-06-29T19:46:00,idle,du1,2600301,4756841.459975946,4.756841
2026-06-29T19:46:00,idle,du2,2601079,4697566.272867501,4.697566
2026-06-29T19:46:00,idle,du3,2601847,4746962.376117475,4.746962
2026-06-29T19:46:00,idle,du4,2602612,4766720.885813227,4.766721
2026-06-29T19:46:00,idle,ue1,2600364,1333693.8473075777,1.333694
2026-06-29T19:46:00,idle,ue2,2600376,1338633.560226218,1.338634
2026-06-29T19:46:00,idle,ue3,2600388,1333693.8473075777,1.333694
2026-06-29T19:46:00,idle,ue4,2600400,1373210.6957096762,1.373211
2026-06-29T19:46:00,idle,ue5,2601125,1353452.3570033293,1.353452
2026-06-29T19:46:00,idle,ue6,2601137,1304056.3392480577,1.304056
2026-06-29T19:46:00,idle,ue7,2601149,1299116.6263294173,1.299117
2026-06-29T19:46:00,idle,ue8,2601161,1328754.2198836398,1.328754
2026-06-29T19:46:00,idle,ue9,2601891,1392969.2054054278,1.392969
2026-06-29T19:46:00,idle,ue10,2601903,1368271.0682857381,1.368271
2026-06-29T19:46:00,idle,ue11,2601915,1397908.7473346633,1.397909
2026-06-29T19:46:00,idle,ue12,2601927,1373210.6957096762,1.373211
2026-06-29T19:46:00,idle,ue13,2602658,1373210.6957096762,1.373211
2026-06-29T19:46:00,idle,ue14,2602670,1358391.8989325648,1.358392
2026-06-29T19:46:00,idle,ue15,2602684,1373210.6957096762,1.373211
2026-06-29T19:46:00,idle,ue16,2602712,1343573.187650156,1.343573
2026-06-29T19:46:06,idle,cu_cp1,2600076,632066.766742909,0.632067
2026-06-29T19:46:06,idle,cu_up1,2600103,621353.737303257,0.621354
2026-06-29T19:46:06,idle,cu_cp2,2600111,642779.753352201,0.642780
2026-06-29T19:46:06,idle,cu_up2,2600138,632066.766742909,0.632067
2026-06-29T19:46:06,idle,du1,2600301,4767282.895867348,4.767283
2026-06-29T19:46:06,idle,du2,2601079,4703005.490175915,4.703005
2026-06-29T19:46:06,idle,du3,2601847,4842274.059114551,4.842274
2026-06-29T19:46:06,idle,du4,2602612,4799422.455320263,4.799422
2026-06-29T19:46:06,idle,ue1,2600364,1349837.512020874,1.349838
2026-06-29T19:46:06,idle,ue2,2600376,1317698.466532278,1.317698
2026-06-29T19:46:06,idle,ue3,2600388,1296272.493313694,1.296272
2026-06-29T19:46:06,idle,ue4,2600400,1349837.512020874,1.349838
2026-06-29T19:46:06,idle,ue5,2601125,1371263.485239458,1.371263
2026-06-29T19:46:06,idle,ue6,2601137,1328411.45314157,1.328411
2026-06-29T19:46:06,idle,ue7,2601149,1296272.493313694,1.296272
2026-06-29T19:46:06,idle,ue8,2601161,1360550.4129694463,1.360550
2026-06-29T19:46:06,idle,ue9,2601891,1392689.544118762,1.392690
2026-06-29T19:46:06,idle,ue10,2601903,1371263.485239458,1.371263
2026-06-29T19:46:06,idle,ue11,2601915,1381976.47184875,1.381976
2026-06-29T19:46:06,idle,ue12,2601927,1403402.4450673342,1.403402
2026-06-29T19:46:06,idle,ue13,2602658,1414115.4316766262,1.414115
2026-06-29T19:46:06,idle,ue14,2602670,1381976.47184875,1.381976
2026-06-29T19:46:06,idle,ue15,2602684,1381976.47184875,1.381976
2026-06-29T19:46:06,idle,ue16,2602712,1328411.45314157,1.328411
2026-06-29T19:46:11,idle,cu_cp1,2600076,625211.3005586863,0.625211
2026-06-29T19:46:11,idle,cu_up1,2600103,617297.2090893656,0.617297
2026-06-29T19:46:11,idle,cu_cp2,2600111,633125.392028007,0.633125
2026-06-29T19:46:11,idle,cu_up2,2600138,617297.2090893656,0.617297
2026-06-29T19:46:11,idle,du1,2600301,4827580.820037246,4.827581
2026-06-29T19:46:11,idle,du2,2601079,4693041.735740886,4.693042
2026-06-29T19:46:11,idle,du3,2601847,4835494.783138723,4.835495
2026-06-29T19:46:11,idle,du4,2602612,4843409.088554449,4.843409
2026-06-29T19:46:11,idle,ue1,2600364,1369133.5880536532,1.369134
2026-06-29T19:46:11,idle,ue2,2600376,1321649.2103948533,1.321649
2026-06-29T19:46:11,idle,ue3,2600388,1321649.2103948533,1.321649
2026-06-29T19:46:11,idle,ue4,2600400,1361219.5393736137,1.361220
2026-06-29T19:46:11,idle,ue5,2601125,1392875.7340937722,1.392876
2026-06-29T19:46:11,idle,ue6,2601137,1305821.113034774,1.305821
2026-06-29T19:46:11,idle,ue7,2601149,1345391.4420135343,1.345391
2026-06-29T19:46:11,idle,ue8,2601161,1337477.2221763707,1.337477
2026-06-29T19:46:11,idle,ue9,2601891,1353305.4051150118,1.353305
2026-06-29T19:46:11,idle,ue10,2601903,1392875.7340937722,1.392876
2026-06-29T19:46:11,idle,ue11,2601915,1361219.5393736137,1.361220
2026-06-29T19:46:11,idle,ue12,2601927,1377047.5511551308,1.377048
2026-06-29T19:46:11,idle,ue13,2602658,1361219.5393736137,1.361220
2026-06-29T19:46:11,idle,ue14,2602670,1361219.5393736137,1.361220
2026-06-29T19:46:11,idle,ue15,2602684,1361219.5393736137,1.361220
2026-06-29T19:46:11,idle,ue16,2602712,1305821.113034774,1.305821
2026-06-29T19:46:17,idle,cu_cp1,2600076,604389.7996441126,0.604390
2026-06-29T19:46:17,idle,cu_up1,2600103,621295.7592471546,0.621296
2026-06-29T19:46:17,idle,cu_cp2,2600111,625522.3026397973,0.625522
2026-06-29T19:46:17,idle,cu_up2,2600138,621295.7592471546,0.621296
2026-06-29T19:46:17,idle,du1,2600301,4771721.016546364,4.771721
2026-06-29T19:46:17,idle,du2,2601079,4721002.495834651,4.721002
2026-06-29T19:46:17,idle,du3,2601847,4809759.650319113,4.809760
2026-06-29T19:46:17,idle,du4,2602612,4792853.476748543,4.792853
2026-06-29T19:46:17,idle,ue1,2600364,1310215.6136675118,1.310216
2026-06-29T19:46:17,idle,ue2,2600376,1356707.1630515242,1.356707
2026-06-29T19:46:17,idle,ue3,2600388,1356707.1630515242,1.356707
2026-06-29T19:46:17,idle,ue4,2600400,1390519.1678446198,1.390519
2026-06-29T19:46:17,idle,ue5,2601125,1356707.1630515242,1.356707
2026-06-29T19:46:17,idle,ue6,2601137,1339801.1606549763,1.339801
2026-06-29T19:46:17,idle,ue7,2601149,1339801.1606549763,1.339801
2026-06-29T19:46:17,idle,ue8,2601161,1318668.614865786,1.318669
2026-06-29T19:46:17,idle,ue9,2601891,1297536.1546636068,1.297536
2026-06-29T19:46:17,idle,ue10,2601903,1360933.6208571554,1.360934
2026-06-29T19:46:17,idle,ue11,2601915,1394745.6256502508,1.394746
2026-06-29T19:46:17,idle,ue12,2601927,1356707.1630515242,1.356707
2026-06-29T19:46:17,idle,ue13,2602658,1394745.6256502508,1.394746
2026-06-29T19:46:17,idle,ue14,2602670,1352480.6196588813,1.352481
2026-06-29T19:46:17,idle,ue15,2602684,1369386.7076424407,1.369387
2026-06-29T19:46:17,idle,ue16,2602712,1360933.6208571554,1.360934
2026-06-29T19:46:23,idle,cu_cp1,2600076,618235.9664444774,0.618236
2026-06-29T19:46:23,idle,cu_up1,2600103,626704.9299699664,0.626705
2026-06-29T19:46:23,idle,cu_cp2,2600111,639408.4395641387,0.639408
2026-06-29T19:46:23,idle,cu_up2,2600138,630939.390297398,0.630939
2026-06-29T19:46:23,idle,du1,2600301,4755335.344866991,4.755335
2026-06-29T19:46:23,idle,du2,2601079,4721459.319282532,4.721459
2026-06-29T19:46:23,idle,du3,2601847,4797680.205365062,4.797680
2026-06-29T19:46:23,idle,du4,2602612,4806149.38324368,4.806149
2026-06-29T19:46:23,idle,ue1,2600364,1342334.255616635,1.342334
2026-06-29T19:46:23,idle,ue2,2600376,1342334.255616635,1.342334
2026-06-29T19:46:23,idle,ue3,2600388,1350803.1762714982,1.350803
2026-06-29T19:46:23,idle,ue4,2600400,1376210.0239773393,1.376210
2026-06-29T19:46:23,idle,ue5,2601125,1371975.6065205336,1.371976
2026-06-29T19:46:23,idle,ue6,2601137,1355037.593728304,1.355038
2026-06-29T19:46:23,idle,ue7,2601149,1359272.182667613,1.359272
2026-06-29T19:46:23,idle,ue8,2601161,1316927.2364282906,1.316927
2026-06-29T19:46:23,idle,ue9,2601891,1363506.6858656704,1.363507
2026-06-29T19:46:23,idle,ue10,2601903,1338099.666677326,1.338100
2026-06-29T19:46:23,idle,ue11,2601915,1376210.0239773393,1.376210
2026-06-29T19:46:23,idle,ue12,2601927,1312692.6474889815,1.312693
2026-06-29T19:46:23,idle,ue13,2602658,1363506.6858656704,1.363507
2026-06-29T19:46:23,idle,ue14,2602670,1338099.666677326,1.338100
2026-06-29T19:46:23,idle,ue15,2602684,1333865.1634792686,1.333865
2026-06-29T19:46:23,idle,ue16,2602712,1333865.1634792686,1.333865
2026-06-29T19:46:29,idle,cu_cp1,2600076,626808.577508739,0.626809
2026-06-29T19:46:29,idle,cu_up1,2600103,626808.577508739,0.626809
2026-06-29T19:46:29,idle,cu_cp2,2600111,631557.0729992652,0.631557
2026-06-29T19:46:29,idle,cu_up2,2600138,622060.0390675584,0.622060
2026-06-29T19:46:29,idle,du1,2600301,4772292.214655306,4.772292
2026-06-29T19:46:29,idle,du2,2601079,4753298.060890584,4.753298
2026-06-29T19:46:29,idle,du3,2601847,4758046.685233073,4.758047
2026-06-29T19:46:29,idle,du4,2602612,4777041.18260303,4.777041
2026-06-29T19:46:29,idle,ue1,2600364,1329593.8559776759,1.329594
2026-06-29T19:46:29,idle,ue2,2600376,1320096.7790953147,1.320097
2026-06-29T19:46:29,idle,ue3,2600388,1367582.2494084293,1.367582
2026-06-29T19:46:29,idle,ue4,2600400,1372330.8737509185,1.372331
2026-06-29T19:46:29,idle,ue5,2601125,1391324.9416143321,1.391325
2026-06-29T19:46:29,idle,ue6,2601137,1353336.6340848876,1.353337
2026-06-29T19:46:29,idle,ue7,2601149,1381827.9506332797,1.381828
2026-06-29T19:46:29,idle,ue8,2601161,1348588.0956437069,1.348588
2026-06-29T19:46:29,idle,ue9,2601891,1410319.267181672,1.410319
2026-06-29T19:46:29,idle,ue10,2601903,1372330.8737509185,1.372331
2026-06-29T19:46:29,idle,ue11,2601915,1377079.412192099,1.377079
2026-06-29T19:46:29,idle,ue12,2601927,1391324.9416143321,1.391325
2026-06-29T19:46:29,idle,ue13,2602658,1381827.9506332797,1.381828
2026-06-29T19:46:29,idle,ue14,2602670,1353336.6340848876,1.353337
2026-06-29T19:46:29,idle,ue15,2602684,1381827.9506332797,1.381828
2026-06-29T19:46:29,idle,ue16,2602712,1367582.2494084293,1.367582
2026-06-29T19:46:35,idle,cu_cp1,2600076,629078.6400488436,0.629079
2026-06-29T19:46:35,idle,cu_up1,2600103,629078.6400488436,0.629079
2026-06-29T19:46:35,idle,cu_cp2,2600111,629078.6400488436,0.629079
2026-06-29T19:46:35,idle,cu_up2,2600138,619171.924957441,0.619172
2026-06-29T19:46:35,idle,du1,2600301,4745333.867722048,4.745334
2026-06-29T19:46:35,idle,du2,2601079,4715613.550775166,4.715614
2026-06-29T19:46:35,idle,du3,2601847,4740379.737649308,4.740380
2026-06-29T19:46:35,idle,du4,2602612,4775053.497978229,4.775053
2026-06-29T19:46:35,idle,ue1,2600364,1327504.5432465184,1.327505
2026-06-29T19:46:35,idle,ue2,2600376,1317597.828155116,1.317598
2026-06-29T19:46:35,idle,ue3,2600388,1347317.9734293234,1.347318
2026-06-29T19:46:35,idle,ue4,2600400,1362178.131902765,1.362178
2026-06-29T19:46:35,idle,ue5,2601125,1386945.0054676093,1.386945
2026-06-29T19:46:35,idle,ue6,2601137,1322551.0998644794,1.322551
2026-06-29T19:46:35,idle,ue7,2601149,1362178.131902765,1.362178
2026-06-29T19:46:35,idle,ue8,2601161,1337411.258337921,1.337411
2026-06-29T19:46:35,idle,ue9,2601891,1411711.8790324533,1.411712
2026-06-29T19:46:35,idle,ue10,2601903,1362178.131902765,1.362178
2026-06-29T19:46:35,idle,ue11,2601915,1342364.70171996,1.342365
2026-06-29T19:46:35,idle,ue12,2601927,1352271.4168113626,1.352271
2026-06-29T19:46:35,idle,ue13,2602658,1372084.8469941677,1.372085
2026-06-29T19:46:35,idle,ue14,2602670,1381991.7337582456,1.381992
2026-06-29T19:46:35,idle,ue15,2602684,1352271.4168113626,1.352271
2026-06-29T19:46:35,idle,ue16,2602712,1307691.1130637133,1.307691
2026-06-29T19:46:40,idle,cu_cp1,2600076,616371.8365393567,0.616372
2026-06-29T19:46:40,idle,cu_up1,2600103,640078.4919314969,0.640078
2026-06-29T19:46:40,idle,cu_cp2,2600111,640078.4919314969,0.640078
2026-06-29T19:46:40,idle,cu_up2,2600138,616371.8365393567,0.616372
2026-06-29T19:46:40,idle,du1,2600301,4836148.586598988,4.836149
2026-06-29T19:46:40,idle,du2,2601079,4705762.003436079,4.705762
2026-06-29T19:46:40,idle,du3,2601847,4895415.2465732,4.895415
2026-06-29T19:46:40,idle,du4,2602612,4729468.529865045,4.729469
2026-06-29T19:46:40,idle,ue1,2600364,1398689.9599096226,1.398690
2026-06-29T19:46:40,idle,ue2,2600376,1339423.4718863082,1.339423
2026-06-29T19:46:40,idle,ue3,2600388,1327570.122696376,1.327570
2026-06-29T19:46:40,idle,ue4,2600400,1363130.1702661728,1.363130
2026-06-29T19:46:40,idle,ue5,2601125,1386836.6107196903,1.386837
2026-06-29T19:46:40,idle,ue6,2601137,1351276.8210762406,1.351277
2026-06-29T19:46:40,idle,ue7,2601149,1386836.6107196903,1.386837
2026-06-29T19:46:40,idle,ue8,2601161,1339423.4718863082,1.339423
2026-06-29T19:46:40,idle,ue9,2601891,1351276.8210762406,1.351277
2026-06-29T19:46:40,idle,ue10,2601903,1386836.6107196903,1.386837
2026-06-29T19:46:40,idle,ue11,2601915,1363130.1702661728,1.363130
2026-06-29T19:46:40,idle,ue12,2601927,1398689.9599096226,1.398690
2026-06-29T19:46:40,idle,ue13,2602658,1374983.3475052072,1.374983
2026-06-29T19:46:40,idle,ue14,2602670,1374983.3475052072,1.374983
2026-06-29T19:46:40,idle,ue15,2602684,1315716.8594818925,1.315717
2026-06-29T19:46:40,idle,ue16,2602712,1315716.8594818925,1.315717
2026-06-29T19:46:46,idle,cu_cp1,2600076,628411.3668104726,0.628411
2026-06-29T19:46:46,idle,cu_up1,2600103,628411.3668104726,0.628411
2026-06-29T19:46:46,idle,cu_cp2,2600111,636903.4465341967,0.636903
2026-06-29T19:46:46,idle,cu_up2,2600138,628411.3668104726,0.628411
2026-06-29T19:46:46,idle,du1,2600301,4806497.720224619,4.806498
2026-06-29T19:46:46,idle,du2,2601079,4814989.885804109,4.814990
2026-06-29T19:46:46,idle,du3,2601847,4738561.082434826,4.738561
2026-06-29T19:46:46,idle,du4,2602612,4764037.235750232,4.764037
2026-06-29T19:46:46,idle,ue1,2600364,1316267.119975481,1.316267
2026-06-29T19:46:46,idle,ue2,2600376,1324759.027987672,1.324759
2026-06-29T19:46:46,idle,ue3,2600388,1384203.4143422078,1.384203
2026-06-29T19:46:46,idle,ue4,2600400,1375711.3346184837,1.375711
2026-06-29T19:46:46,idle,ue5,2601125,1367219.2548947597,1.367219
2026-06-29T19:46:46,idle,ue6,2601137,1358727.1751710356,1.358727
2026-06-29T19:46:46,idle,ue7,2601149,1350235.2671588445,1.350235
2026-06-29T19:46:46,idle,ue8,2601161,1350235.2671588445,1.350235
2026-06-29T19:46:46,idle,ue9,2601891,1350235.2671588445,1.350235
2026-06-29T19:46:46,idle,ue10,2601903,1333251.1077113962,1.333251
2026-06-29T19:46:46,idle,ue11,2601915,1341743.1874351203,1.341743
2026-06-29T19:46:46,idle,ue12,2601927,1333251.1077113962,1.333251
2026-06-29T19:46:46,idle,ue13,2602658,1367219.2548947597,1.367219
2026-06-29T19:46:46,idle,ue14,2602670,1392695.494065932,1.392695
2026-06-29T19:46:46,idle,ue15,2602684,1307775.040251757,1.307775
2026-06-29T19:46:46,idle,ue16,2602712,1358727.1751710356,1.358727
2026-06-29T19:46:52,idle,cu_cp1,2600076,629884.6554548513,0.629885
2026-06-29T19:46:52,idle,cu_up1,2600103,623254.3191303804,0.623254
2026-06-29T19:46:52,idle,cu_cp2,2600111,636515.034709959,0.636515
2026-06-29T19:46:52,idle,cu_up2,2600138,629884.6554548513,0.629885
2026-06-29T19:46:52,idle,du1,2600301,4767232.552792132,4.767233
2026-06-29T19:46:52,idle,du2,2601079,4740711.0357717015,4.740711
2026-06-29T19:46:52,idle,du3,2601847,4787123.518834908,4.787124
2026-06-29T19:46:52,idle,du4,2602612,4773862.760324692,4.773863
2026-06-29T19:46:52,idle,ue1,2600364,1345964.1553648286,1.345964
2026-06-29T19:46:52,idle,ue2,2600376,1332703.3968546134,1.332703
2026-06-29T19:46:52,idle,ue3,2600388,1359224.913875044,1.359225
2026-06-29T19:46:52,idle,ue4,2600400,1392376.7242893088,1.392377
2026-06-29T19:46:52,idle,ue5,2601125,1345964.1553648286,1.345964
2026-06-29T19:46:52,idle,ue6,2601137,1372485.586523986,1.372486
2026-06-29T19:46:52,idle,ue7,2601149,1399007.1035444164,1.399007
2026-06-29T19:46:52,idle,ue8,2601161,1319442.6383443982,1.319443
2026-06-29T19:46:52,idle,ue9,2601891,1352594.5346199363,1.352595
2026-06-29T19:46:52,idle,ue10,2601903,1365855.2072688781,1.365855
2026-06-29T19:46:52,idle,ue11,2601915,1399007.1035444164,1.399007
2026-06-29T19:46:52,idle,ue12,2601927,1345964.1553648286,1.345964
2026-06-29T19:46:52,idle,ue13,2602658,1418898.1554484658,1.418898
2026-06-29T19:46:52,idle,ue14,2602670,1399007.1035444164,1.399007
2026-06-29T19:46:52,idle,ue15,2602684,1359224.913875044,1.359225
2026-06-29T19:46:52,idle,ue16,2602712,1319442.6383443982,1.319443
2026-06-29T19:46:58,idle,cu_cp1,2600076,633634.0465887737,0.633634
2026-06-29T19:46:58,idle,cu_up1,2600103,633634.0465887737,0.633634
2026-06-29T19:46:58,idle,cu_cp2,2600111,637886.63072873,0.637887
2026-06-29T19:46:58,idle,cu_up2,2600138,620876.3372238922,0.620876
2026-06-29T19:46:58,idle,du1,2600301,4775644.712878018,4.775645
2026-06-29T19:46:58,idle,du2,2601079,4741624.384198265,4.741624
2026-06-29T19:46:58,idle,du3,2601847,4767139.802928028,4.767140
2026-06-29T19:46:58,idle,du4,2602612,4767139.802928028,4.767140
2026-06-29T19:46:58,idle,ue1,2600364,1356572.2309516668,1.356572
2026-06-29T19:46:58,idle,ue2,2600376,1335309.3533068728,1.335309
2026-06-29T19:46:58,idle,ue3,2600388,1331056.8122219038,1.331057
2026-06-29T19:46:58,idle,ue4,2600400,1339561.894391842,1.339562
2026-06-29T19:46:58,idle,ue5,2601125,1390592.8179613424,1.390593
2026-06-29T19:46:58,idle,ue6,2601137,1373582.5675114917,1.373583
2026-06-29T19:46:58,idle,ue7,2601149,1352319.6037567235,1.352320
2026-06-29T19:46:58,idle,ue8,2601161,1365077.313121605,1.365077
2026-06-29T19:46:58,idle,ue9,2601891,1403350.527326224,1.403351
2026-06-29T19:46:58,idle,ue10,2601903,1318299.016747048,1.318299
2026-06-29T19:46:58,idle,ue11,2601915,1373582.5675114917,1.373583
2026-06-29T19:46:58,idle,ue12,2601927,1352319.6037567235,1.352320
2026-06-29T19:46:58,idle,ue13,2602658,1403350.527326224,1.403351
2026-06-29T19:46:58,idle,ue14,2602670,1373582.5675114917,1.373583
2026-06-29T19:46:58,idle,ue15,2602684,1335309.3533068728,1.335309
2026-06-29T19:46:58,idle,ue16,2602712,1339561.894391842,1.339562
2026-06-29T19:47:04,idle,cu_cp1,2600076,630164.399019739,0.630164
2026-06-29T19:47:04,idle,cu_up1,2600103,616465.2075576507,0.616465
2026-06-29T19:47:04,idle,cu_cp2,2600111,634730.8248541951,0.634731
2026-06-29T19:47:04,idle,cu_up2,2600138,621031.5903714668,0.621032
2026-06-29T19:47:04,idle,du1,2600301,4790162.760737548,4.790163
2026-06-29T19:47:04,idle,du2,2601079,4707967.525923738,4.707968
2026-06-29T19:47:04,idle,du3,2601847,4799295.52636518,4.799296
2026-06-29T19:47:04,idle,du4,2602612,4776463.2681309795,4.776463
2026-06-29T19:47:04,idle,ue1,2600364,1315125.735970391,1.315126
2026-06-29T19:47:04,idle,ue2,2600376,1296860.1186738468,1.296860
2026-06-29T19:47:04,idle,ue3,2600388,1342524.1188945675,1.342524
2026-06-29T19:47:04,idle,ue4,2600400,1388188.2911978483,1.388188
2026-06-29T19:47:04,idle,ue5,2601125,1383621.9083840323,1.383622
2026-06-29T19:47:04,idle,ue6,2601137,1360789.7361911118,1.360790
2026-06-29T19:47:04,idle,ue7,2601149,1342524.1188945675,1.342524
2026-06-29T19:47:04,idle,ue8,2601161,1333391.3532669353,1.333391
2026-06-29T19:47:04,idle,ue9,2601891,1388188.2911978483,1.388188
2026-06-29T19:47:04,idle,ue10,2601903,1342524.1188945675,1.342524
2026-06-29T19:47:04,idle,ue11,2601915,1360789.7361911118,1.360790
2026-06-29T19:47:04,idle,ue12,2601927,1347090.6737909436,1.347091
2026-06-29T19:47:04,idle,ue13,2602658,1438418.7602736652,1.438419
2026-06-29T19:47:04,idle,ue14,2602670,1319692.1187842072,1.319692
2026-06-29T19:47:04,idle,ue15,2602684,1369922.673901304,1.369923
2026-06-29T19:47:04,idle,ue16,2602712,1392754.6740116645,1.392755
2026-06-29T19:47:09,idle,cu_cp1,2600076,635948.2323249668,0.635948
2026-06-29T19:47:09,idle,cu_up1,2600103,621043.17037265,0.621043
2026-06-29T19:47:09,idle,cu_cp2,2600111,645884.8540819341,0.645885
2026-06-29T19:47:09,idle,cu_up2,2600138,621043.17037265,0.621043
2026-06-29T19:47:09,idle,du1,2600301,4779548.256430163,4.779548
2026-06-29T19:47:09,idle,du2,2601079,4769611.203616977,4.769611
2026-06-29T19:47:09,idle,du3,2601847,4839168.159394455,4.839168
2026-06-29T19:47:09,idle,du4,2602612,4809358.380334797,4.809358
2026-06-29T19:47:09,idle,ue1,2600364,1371263.2856983137,1.371263
2026-06-29T19:47:09,idle,ue2,2600376,1361326.5777301025,1.361327
2026-06-29T19:47:09,idle,ue3,2600388,1326548.1860526074,1.326548
2026-06-29T19:47:09,idle,ue4,2600400,1386168.3476506304,1.386168
2026-06-29T19:47:09,idle,ue5,2601125,1381199.993666525,1.381200
2026-06-29T19:47:09,idle,ue6,2601137,1366294.931714208,1.366295
2026-06-29T19:47:09,idle,ue7,2601149,1366294.931714208,1.366295
2026-06-29T19:47:09,idle,ue8,2601161,1351389.9559731353,1.351390
2026-06-29T19:47:09,idle,ue9,2601891,1406041.677375809,1.406042
2026-06-29T19:47:09,idle,ue10,2601903,1391136.701634736,1.391137
2026-06-29T19:47:09,idle,ue11,2601915,1326548.1860526074,1.326548
2026-06-29T19:47:09,idle,ue12,2601927,1381199.993666525,1.381200
2026-06-29T19:47:09,idle,ue13,2602658,1391136.701634736,1.391137
2026-06-29T19:47:09,idle,ue14,2602670,1411010.0313599145,1.411010
2026-06-29T19:47:09,idle,ue15,2602684,1361326.5777301025,1.361327
2026-06-29T19:47:09,idle,ue16,2602712,1351389.9559731353,1.351390
2026-06-29T19:47:20,idle,cu_cp1,2600076,630417.8582267589,0.630418
2026-06-29T19:47:20,idle,cu_up1,2600103,654207.1665907517,0.654207
2026-06-29T19:47:20,idle,cu_cp2,2600111,630417.8582267589,0.630418
2026-06-29T19:47:20,idle,cu_up2,2600138,630417.8582267589,0.630418
2026-06-29T19:47:20,idle,du1,2600301,4829238.443312163,4.829238
2026-06-29T19:47:20,idle,du2,2601079,4781659.567693789,4.781660
2026-06-29T19:47:20,idle,du3,2601847,4829238.443312163,4.829238
2026-06-29T19:47:20,idle,du4,2602612,4781659.567693789,4.781660
2026-06-29T19:47:20,idle,ue1,2600364,1332203.6846938943,1.332204
2026-06-29T19:47:20,idle,ue2,2600376,1344098.3173016917,1.344098
2026-06-29T19:47:20,idle,ue3,2600388,1332203.6846938943,1.332204
2026-06-29T19:47:20,idle,ue4,2600400,1355993.1225030816,1.355993
2026-06-29T19:47:20,idle,ue5,2601125,1391677.1929200662,1.391677
2026-06-29T19:47:20,idle,ue6,2601137,1367887.841407675,1.367888
2026-06-29T19:47:20,idle,ue7,2601149,1379782.4740154725,1.379782
2026-06-29T19:47:20,idle,ue8,2601161,1344098.3173016917,1.344098
2026-06-29T19:47:20,idle,ue9,2601891,1379782.4740154725,1.379782
2026-06-29T19:47:20,idle,ue10,2601903,1344098.3173016917,1.344098
2026-06-29T19:47:20,idle,ue11,2601915,1355993.1225030816,1.355993
2026-06-29T19:47:20,idle,ue12,2601927,1367887.841407675,1.367888
2026-06-29T19:47:20,idle,ue13,2602658,1427361.1770402545,1.427361
2026-06-29T19:47:20,idle,ue14,2602670,1367887.841407675,1.367888
2026-06-29T19:47:20,idle,ue15,2602684,1391677.1929200662,1.391677
2026-06-29T19:47:20,idle,ue16,2602712,1367887.841407675,1.367888
2026-06-29T19:47:26,idle,cu_cp1,2600076,628330.2848846206,0.628330
2026-06-29T19:47:26,idle,cu_up1,2600103,636821.1991211203,0.636821
2026-06-29T19:47:26,idle,cu_cp2,2600111,645312.1996324935,0.645312
2026-06-29T19:47:26,idle,cu_up2,2600138,628330.2848846206,0.628330
2026-06-29T19:47:26,idle,du1,2600301,4822859.302102489,4.822859
2026-06-29T19:47:26,idle,du2,2601079,4763422.816172118,4.763423
2026-06-29T19:47:26,idle,du3,2601847,4814368.129041369,4.814368
2026-06-29T19:47:26,idle,du4,2602612,4797386.473118117,4.797386
2026-06-29T19:47:26,idle,ue1,2600364,1392515.7152024775,1.392516
2026-06-29T19:47:26,idle,ue2,2600376,1350061.0577451056,1.350061
2026-06-29T19:47:26,idle,ue3,2600388,1333079.056722359,1.333079
2026-06-29T19:47:26,idle,ue4,2600400,1324588.1424858593,1.324588
2026-06-29T19:47:26,idle,ue5,2601125,1392515.7152024775,1.392516
2026-06-29T19:47:26,idle,ue6,2601137,1341570.143508606,1.341570
2026-06-29T19:47:26,idle,ue7,2601149,1358551.9719816053,1.358552
2026-06-29T19:47:26,idle,ue8,2601161,1350061.0577451056,1.350061
2026-06-29T19:47:26,idle,ue9,2601891,1358551.9719816053,1.358552
2026-06-29T19:47:26,idle,ue10,2601903,1392515.7152024775,1.392516
2026-06-29T19:47:26,idle,ue11,2601915,1341570.143508606,1.341570
2026-06-29T19:47:26,idle,ue12,2601927,1367042.886218105,1.367043
2026-06-29T19:47:26,idle,ue13,2602658,1409497.716225224,1.409498
2026-06-29T19:47:26,idle,ue14,2602670,1350061.0577451056,1.350061
2026-06-29T19:47:26,idle,ue15,2602684,1392515.7152024775,1.392516
2026-06-29T19:47:26,idle,ue16,2602712,1375533.8004546047,1.375534
2026-06-29T19:47:32,idle,cu_cp1,2600076,628250.4022188762,0.628250
2026-06-29T19:47:32,idle,cu_up1,2600103,621637.238729792,0.621637
2026-06-29T19:47:32,idle,cu_cp2,2600111,634863.5657079604,0.634864
2026-06-29T19:47:32,idle,cu_up2,2600138,628250.4022188762,0.628250
2026-06-29T19:47:32,idle,du1,2600301,4794542.495633061,4.794542
2026-06-29T19:47:32,idle,du2,2601079,4662279.570502382,4.662280
2026-06-29T19:47:32,idle,du3,2601847,4728410.860742219,4.728411
2026-06-29T19:47:32,idle,du4,2602612,4761476.333536634,4.761476
2026-06-29T19:47:32,idle,ue1,2600364,1342471.9297958475,1.342472
2026-06-29T19:47:32,idle,ue2,2600376,1342471.9297958475,1.342472
2026-06-29T19:47:32,idle,ue3,2600388,1335858.680144012,1.335859
2026-06-29T19:47:32,idle,ue4,2600400,1335858.680144012,1.335859
2026-06-29T19:47:32,idle,ue5,2601125,1329245.5166549277,1.329246
2026-06-29T19:47:32,idle,ue6,2601137,1276340.294905005,1.276340
2026-06-29T19:47:32,idle,ue7,2601149,1362311.3341003489,1.362311
2026-06-29T19:47:32,idle,ue8,2601161,1316019.2758395106,1.316019
2026-06-29T19:47:32,idle,ue9,2601891,1375537.6610785173,1.375538
2026-06-29T19:47:32,idle,ue10,2601903,1382150.8245676018,1.382151
2026-06-29T19:47:32,idle,ue11,2601915,1395377.2377085215,1.395377
2026-06-29T19:47:32,idle,ue12,2601927,1349085.0932849317,1.349085
2026-06-29T19:47:32,idle,ue13,2602658,1362311.3341003489,1.362311
2026-06-29T19:47:32,idle,ue14,2602670,1362311.3341003489,1.362311
2026-06-29T19:47:32,idle,ue15,2602684,1362311.3341003489,1.362311
2026-06-29T19:47:32,idle,ue16,2602712,1316019.2758395106,1.316019
2026-06-29T19:47:38,idle,cu_cp1,2600076,631374.6143178007,0.631375
2026-06-29T19:47:38,idle,cu_up1,2600103,622842.5185242433,0.622843
2026-06-29T19:47:38,idle,cu_cp2,2600111,635640.6837784636,0.635641
2026-06-29T19:47:38,idle,cu_up2,2600138,627108.6311126745,0.627109
2026-06-29T19:47:38,idle,du1,2600301,4731044.077019947,4.731044
2026-06-29T19:47:38,idle,du2,2601079,4739575.784663589,4.739576
2026-06-29T19:47:38,idle,du3,2601847,4795034.644524438,4.795035
2026-06-29T19:47:38,idle,du4,2602612,4756640.235017314,4.756640
2026-06-29T19:47:38,idle,ue1,2600364,1352336.2991596074,1.352336
2026-06-29T19:47:38,idle,ue2,2600376,1356602.239236965,1.356602
2026-06-29T19:47:38,idle,ue3,2600388,1339538.133905387,1.339538
2026-06-29T19:47:38,idle,ue4,2600400,1313941.889652483,1.313942
2026-06-29T19:47:38,idle,ue5,2601125,1373666.43082408,1.373666
2026-06-29T19:47:38,idle,ue6,2601137,1296877.6118098313,1.296878
2026-06-29T19:47:38,idle,ue7,2601149,1313941.889652483,1.313942
2026-06-29T19:47:38,idle,ue8,2601161,1352336.2991596074,1.352336
2026-06-29T19:47:38,idle,ue9,2601891,1377932.4571569746,1.377932
2026-06-29T19:47:38,idle,ue10,2601903,1394996.6487440895,1.394997
2026-06-29T19:47:38,idle,ue11,2601915,1318207.9159853775,1.318208
2026-06-29T19:47:38,idle,ue12,2601927,1390730.622411195,1.390731
2026-06-29T19:47:38,idle,ue13,2602658,1352336.2991596074,1.352336
2026-06-29T19:47:38,idle,ue14,2602670,1407794.81399831,1.407795
2026-06-29T19:47:38,idle,ue15,2602684,1365134.4644138278,1.365134
2026-06-29T19:47:38,idle,ue16,2602712,1309675.7770640517,1.309676
2026-06-29T19:47:44,idle,cu_cp1,2600076,641363.8236157224,0.641364
2026-06-29T19:47:44,idle,cu_up1,2600103,627620.3608875882,0.627620
2026-06-29T19:47:44,idle,cu_cp2,2600111,632201.4863608012,0.632201
2026-06-29T19:47:44,idle,cu_up2,2600138,627620.3608875882,0.627620
2026-06-29T19:47:44,idle,du1,2600301,4755254.588857019,4.755255
2026-06-29T19:47:44,idle,du2,2601079,4778160.863536799,4.778161
2026-06-29T19:47:44,idle,du3,2601847,4778160.863536799,4.778161
2026-06-29T19:47:44,idle,du4,2602612,4778160.863536799,4.778161
2026-06-29T19:47:44,idle,ue1,2600364,1356026.3452708144,1.356026
2026-06-29T19:47:44,idle,ue2,2600376,1406419.200172881,1.406419
2026-06-29T19:47:44,idle,ue3,2600388,1346864.0080158932,1.346864
2026-06-29T19:47:44,idle,ue4,2600400,1314795.8276236688,1.314796
2026-06-29T19:47:44,idle,ue5,2601125,1378932.1884081173,1.378932
2026-06-29T19:47:44,idle,ue6,2601137,1323958.16487859,1.323958
2026-06-29T19:47:44,idle,ue7,2601149,1346864.0080158932,1.346864
2026-06-29T19:47:44,idle,ue8,2601161,1360607.6002067702,1.360608
2026-06-29T19:47:44,idle,ue9,2601891,1360607.6002067702,1.360608
2026-06-29T19:47:44,idle,ue10,2601903,1374351.0197806568,1.374351
2026-06-29T19:47:44,idle,ue11,2601915,1342282.8393884324,1.342283
2026-06-29T19:47:44,idle,ue12,2601927,1383513.4433440734,1.383513
2026-06-29T19:47:44,idle,ue13,2602658,1337701.670760972,1.337702
2026-06-29T19:47:44,idle,ue14,2602670,1420162.7060552626,1.420163
2026-06-29T19:47:44,idle,ue15,2602684,1392675.7805989946,1.392676
2026-06-29T19:47:44,idle,ue16,2602712,1388094.5256630385,1.388095
2026-06-29T19:47:49,idle,cu_cp1,2600076,637015.9773842872,0.637016
2026-06-29T19:47:49,idle,cu_up1,2600103,617109.2186555744,0.617109
2026-06-29T19:47:49,idle,cu_cp2,2600111,632039.2769187331,0.632039
2026-06-29T19:47:49,idle,cu_up2,2600138,632039.2769187331,0.632039
2026-06-29T19:47:49,idle,du1,2600301,4737806.07569046,4.737806
2026-06-29T19:47:49,idle,du2,2601079,4777620.024482918,4.777620
2026-06-29T19:47:49,idle,du3,2601847,4787573.166613007,4.787573
2026-06-29T19:47:49,idle,du4,2602612,4802503.224876165,4.802503
2026-06-29T19:47:49,idle,ue1,2600364,1318822.1295580505,1.318822
2026-06-29T19:47:49,idle,ue2,2600376,1403425.7355379462,1.403426
2026-06-29T19:47:49,idle,ue3,2600388,1333752.1878212094,1.333752
2026-06-29T19:47:49,idle,ue4,2600400,1318822.1295580505,1.318822
2026-06-29T19:47:49,idle,ue5,2601125,1393472.4208738445,1.393472
2026-06-29T19:47:49,idle,ue6,2601137,1363612.304347527,1.363612
2026-06-29T19:47:49,idle,ue7,2601149,1353658.9896834255,1.353659
2026-06-29T19:47:49,idle,ue8,2601161,1358635.6470154761,1.358636
2026-06-29T19:47:49,idle,ue9,2601891,1363612.304347527,1.363612
2026-06-29T19:47:49,idle,ue10,2601903,1343705.5024853111,1.343706
2026-06-29T19:47:49,idle,ue11,2601915,1363612.304347527,1.363612
2026-06-29T19:47:49,idle,ue12,2601927,1363612.304347527,1.363612
2026-06-29T19:47:49,idle,ue13,2602658,1333752.1878212094,1.333752
2026-06-29T19:47:49,idle,ue14,2602670,1398449.0782058954,1.398449
2026-06-29T19:47:49,idle,ue15,2602684,1373565.6190116287,1.373566
2026-06-29T19:47:49,idle,ue16,2602712,1393472.4208738445,1.393472
2026-06-29T19:47:55,idle,cu_cp1,2600076,631246.568590427,0.631247
2026-06-29T19:47:55,idle,cu_up1,2600103,626276.1360769719,0.626276
2026-06-29T19:47:55,idle,cu_cp2,2600111,626276.1360769719,0.626276
2026-06-29T19:47:55,idle,cu_up2,2600138,626276.1360769719,0.626276
2026-06-29T19:47:55,idle,du1,2600301,4756716.512730103,4.756717
2026-06-29T19:47:55,idle,du2,2601079,4731864.17759634,4.731864
2026-06-29T19:47:55,idle,du3,2601847,4781568.847863865,4.781569
2026-06-29T19:47:55,idle,du4,2602612,4781568.847863865,4.781569
2026-06-29T19:47:55,idle,ue1,2600364,1391724.8139469046,1.391725
2026-06-29T19:47:55,idle,ue2,2600376,1361902.1325829304,1.361902
2026-06-29T19:47:55,idle,ue3,2600388,1307227.2886516803,1.307227
2026-06-29T19:47:55,idle,ue4,2600400,1322138.4999088026,1.322138
2026-06-29T19:47:55,idle,ue5,2601125,1371842.9976098407,1.371843
2026-06-29T19:47:55,idle,ue6,2601137,1332079.364935713,1.332079
2026-06-29T19:47:55,idle,ue7,2601149,1307227.2886516803,1.307227
2026-06-29T19:47:55,idle,ue8,2601161,1332079.364935713,1.332079
2026-06-29T19:47:55,idle,ue9,2601891,1322138.4999088026,1.322138
2026-06-29T19:47:55,idle,ue10,2601903,1361902.1325829304,1.361902
2026-06-29T19:47:55,idle,ue11,2601915,1322138.4999088026,1.322138
2026-06-29T19:47:55,idle,ue12,2601927,1381783.9489199943,1.381784
2026-06-29T19:47:55,idle,ue13,2602658,1317168.1536785907,1.317168
2026-06-29T19:47:55,idle,ue14,2602670,1396695.332743603,1.396695
2026-06-29T19:47:55,idle,ue15,2602684,1361902.1325829304,1.361902
2026-06-29T19:47:55,idle,ue16,2602712,1391724.8139469046,1.391725
2026-06-29T19:48:01,idle,cu_cp1,2600076,649637.8369057721,0.649638
2026-06-29T19:48:01,idle,cu_up1,2600103,630807.7703276504,0.630808
2026-06-29T19:48:01,idle,cu_cp2,2600111,630807.7703276504,0.630808
2026-06-29T19:48:01,idle,cu_up2,2600138,630807.7703276504,0.630808
2026-06-29T19:48:01,idle,du1,2600301,4745181.097371254,4.745181
2026-06-29T19:48:01,idle,du2,2601079,4792255.983037062,4.792256
2026-06-29T19:48:01,idle,du3,2601847,4792255.983037062,4.792256
2026-06-29T19:48:01,idle,du4,2602612,4811086.006418338,4.811086
2026-06-29T19:48:01,idle,ue1,2600364,1318105.869980203,1.318106
2026-06-29T19:48:01,idle,ue2,2600376,1412256.2460676574,1.412256
2026-06-29T19:48:01,idle,ue3,2600388,1346350.905052117,1.346351
2026-06-29T19:48:01,idle,ue4,2600400,1355765.916742755,1.355766
2026-06-29T19:48:01,idle,ue5,2601125,1365180.9284333931,1.365181
2026-06-29T19:48:01,idle,ue6,2601137,1346350.905052117,1.346351
2026-06-29T19:48:01,idle,ue7,2601149,1336935.893361479,1.336936
2026-06-29T19:48:01,idle,ue8,2601161,1336935.893361479,1.336936
2026-06-29T19:48:01,idle,ue9,2601891,1374596.0265177225,1.374596
2026-06-29T19:48:01,idle,ue10,2601903,1374596.0265177225,1.374596
2026-06-29T19:48:01,idle,ue11,2601915,1393426.13629269,1.393426
2026-06-29T19:48:01,idle,ue12,2601927,1384011.124602052,1.384011
2026-06-29T19:48:01,idle,ue13,2602658,1346350.905052117,1.346351
2026-06-29T19:48:01,idle,ue14,2602670,1393426.13629269,1.393426
2026-06-29T19:48:01,idle,ue15,2602684,1365180.9284333931,1.365181
2026-06-29T19:48:01,idle,ue16,2602712,1355765.916742755,1.355766
2026-06-29T19:48:07,idle,cu_cp1,2600076,624312.1660093635,0.624312
2026-06-29T19:48:07,idle,cu_up1,2600103,624312.1660093635,0.624312
2026-06-29T19:48:07,idle,cu_cp2,2600111,624312.1660093635,0.624312
2026-06-29T19:48:07,idle,cu_up2,2600138,631488.1842980572,0.631488
2026-06-29T19:48:07,idle,du1,2600301,4750513.82907089,4.750514
2026-06-29T19:48:07,idle,du2,2601079,4736161.53338314,4.736162
2026-06-29T19:48:07,idle,du3,2601847,4779217.729485423,4.779218
2026-06-29T19:48:07,idle,du4,2602612,4815097.605003591,4.815098
2026-06-29T19:48:07,idle,ue1,2600364,1399320.5001559937,1.399321
2026-06-29T19:48:07,idle,ue2,2600376,1384968.4635786063,1.384968
2026-06-29T19:48:07,idle,ue3,2600388,1334736.465112931,1.334736
2026-06-29T19:48:07,idle,ue4,2600400,1370616.5133713395,1.370617
2026-06-29T19:48:07,idle,ue5,2601125,1384968.4635786063,1.384968
2026-06-29T19:48:07,idle,ue6,2601137,1370616.5133713395,1.370617
2026-06-29T19:48:07,idle,ue7,2601149,1363440.4518975853,1.363440
2026-06-29T19:48:07,idle,ue8,2601161,1327560.403639177,1.327560
2026-06-29T19:48:07,idle,ue9,2601891,1356264.476793952,1.356264
2026-06-29T19:48:07,idle,ue10,2601903,1356264.476793952,1.356264
2026-06-29T19:48:07,idle,ue11,2601915,1384968.4635786063,1.384968
2026-06-29T19:48:07,idle,ue12,2601927,1363440.4518975853,1.363440
2026-06-29T19:48:07,idle,ue13,2602658,1313208.4534319104,1.313208
2026-06-29T19:48:07,idle,ue14,2602670,1356264.476793952,1.356264
2026-06-29T19:48:07,idle,ue15,2602684,1306032.3919581561,1.306032
2026-06-29T19:48:07,idle,ue16,2602712,1291680.4417508894,1.291680
2026-06-29T19:48:13,idle,cu_cp1,2600076,638694.7541938036,0.638695
2026-06-29T19:48:13,idle,cu_up1,2600103,621548.626090393,0.621549
2026-06-29T19:48:13,idle,cu_cp2,2600111,634408.1680678868,0.634408
2026-06-29T19:48:13,idle,cu_up2,2600138,625835.0823761559,0.625835
2026-06-29T19:48:13,idle,du1,2600301,4809500.2074600505,4.809500
2026-06-29T19:48:13,idle,du2,2601079,4766634.259640779,4.766634
2026-06-29T19:48:13,idle,du3,2601847,4835219.2914150385,4.835219
2026-06-29T19:48:13,idle,du4,2602612,4839506.093941212,4.839506
2026-06-29T19:48:13,idle,ue1,2600364,1393126.1652259754,1.393126
2026-06-29T19:48:13,idle,ue2,2600376,1380266.4501282764,1.380266
2026-06-29T19:48:13,idle,ue3,2600388,1354547.2796131861,1.354547
2026-06-29T19:48:13,idle,ue4,2600400,1345974.1939214552,1.345974
2026-06-29T19:48:13,idle,ue5,2601125,1384553.0795342445,1.384553
2026-06-29T19:48:13,idle,ue6,2601137,1303108.7654628002,1.303109
2026-06-29T19:48:13,idle,ue7,2601149,1328827.9359778904,1.328828
2026-06-29T19:48:13,idle,ue8,2601161,1354547.2796131861,1.354547
2026-06-29T19:48:13,idle,ue9,2601891,1414558.8794553028,1.414559
2026-06-29T19:48:13,idle,ue10,2601903,1375979.9938425135,1.375980
2026-06-29T19:48:13,idle,ue11,2601915,1405985.7072034692,1.405986
2026-06-29T19:48:13,idle,ue12,2601927,1384553.0795342445,1.384553
2026-06-29T19:48:13,idle,ue13,2602658,1337401.0216696216,1.337401
2026-06-29T19:48:13,idle,ue14,2602670,1354547.2796131861,1.354547
2026-06-29T19:48:13,idle,ue15,2602684,1320254.8502861594,1.320255
2026-06-29T19:48:13,idle,ue16,2602712,1341687.6510755897,1.341688
2026-06-29T19:48:18,idle,cu_cp1,2600076,642506.0109918595,0.642506
2026-06-29T19:48:18,idle,cu_up1,2600103,625022.847457037,0.625023
2026-06-29T19:48:18,idle,cu_cp2,2600111,638135.1876412582,0.638135
2026-06-29T19:48:18,idle,cu_up2,2600138,633764.4075798511,0.633764
2026-06-29T19:48:18,idle,du1,2600301,4772901.350679245,4.772901
2026-06-29T19:48:18,idle,du2,2601079,4790384.990395202,4.790385
2026-06-29T19:48:18,idle,du3,2601847,4834092.877587662,4.834093
2026-06-29T19:48:18,idle,du4,2602612,4873429.94142952,4.873430
2026-06-29T19:48:18,idle,ue1,2600364,1363686.1496674346,1.363686
2026-06-29T19:48:18,idle,ue2,2600376,1350573.7661940192,1.350574
2026-06-29T19:48:18,idle,ue3,2600388,1359315.3263168335,1.359315
2026-06-29T19:48:18,idle,ue4,2600400,1394281.7399648665,1.394282
2026-06-29T19:48:18,idle,ue5,2601125,1389910.9166142654,1.389911
2026-06-29T19:48:18,idle,ue6,2601137,1324348.9992471887,1.324349
2026-06-29T19:48:18,idle,ue7,2601149,1350573.7661940192,1.350574
2026-06-29T19:48:18,idle,ue8,2601161,1354944.5895446206,1.354945
2026-06-29T19:48:18,idle,ue9,2601891,1363686.1496674346,1.363686
2026-06-29T19:48:18,idle,ue10,2601903,1424877.2436839105,1.424877
2026-06-29T19:48:18,idle,ue11,2601915,1416135.6835610962,1.416136
2026-06-29T19:48:18,idle,ue12,2601927,1416135.6835610962,1.416136
2026-06-29T19:48:18,idle,ue13,2602658,1437989.6271573259,1.437990
2026-06-29T19:48:18,idle,ue14,2602670,1368056.8864396478,1.368057
2026-06-29T19:48:18,idle,ue15,2602684,1381169.3564914512,1.381169
2026-06-29T19:48:18,idle,ue16,2602712,1368056.8864396478,1.368057
2026-06-29T19:48:24,idle,cu_cp1,2600076,635683.7854433119,0.635684
2026-06-29T19:48:24,idle,cu_up1,2600103,625751.2080463314,0.625751
2026-06-29T19:48:24,idle,cu_cp2,2600111,640650.0525128496,0.640650
2026-06-29T19:48:24,idle,cu_up2,2600138,635683.7854433119,0.635684
2026-06-29T19:48:24,idle,du1,2600301,4747762.738564968,4.747763
2026-06-29T19:48:24,idle,du2,2601079,4757695.445735664,4.757695
2026-06-29T19:48:24,idle,du3,2601847,4747762.738564968,4.747763
2026-06-29T19:48:24,idle,du4,2602612,4807357.94339942,4.807358
2026-06-29T19:48:24,idle,ue1,2600364,1380625.619448073,1.380626
2026-06-29T19:48:24,idle,ue2,2600376,1360760.5511699223,1.360761
2026-06-29T19:48:24,idle,ue3,2600388,1316064.061028273,1.316064
2026-06-29T19:48:24,idle,ue4,2600400,1316064.061028273,1.316064
2026-06-29T19:48:24,idle,ue5,2601125,1375659.3523785353,1.375659
2026-06-29T19:48:24,idle,ue6,2601137,1395524.5071724963,1.395525
2026-06-29T19:48:24,idle,ue7,2601149,1365726.81823946,1.365727
2026-06-29T19:48:24,idle,ue8,2601161,1335929.1293064237,1.335929
2026-06-29T19:48:24,idle,ue9,2601891,1350828.017030847,1.350828
2026-06-29T19:48:24,idle,ue10,2601903,1345861.7499613094,1.345862
2026-06-29T19:48:24,idle,ue11,2601915,1395524.5071724963,1.395525
2026-06-29T19:48:24,idle,ue12,2601927,1375659.3523785353,1.375659
2026-06-29T19:48:24,idle,ue13,2602658,1410423.3083811093,1.410423
2026-06-29T19:48:24,idle,ue14,2602670,1380625.619448073,1.380626
2026-06-29T19:48:24,idle,ue15,2602684,1360760.5511699223,1.360761
2026-06-29T19:48:24,idle,ue16,2602712,1316064.061028273,1.316064
2026-06-29T19:48:30,idle,cu_cp1,2600076,640209.9134272572,0.640210
2026-06-29T19:48:30,idle,cu_up1,2600103,625205.0027288568,0.625205
2026-06-29T19:48:30,idle,cu_cp2,2600111,635208.3198939577,0.635208
2026-06-29T19:48:30,idle,cu_up2,2600138,640209.9134272572,0.640210
2026-06-29T19:48:30,idle,du1,2600301,4796572.865586548,4.796573
2026-06-29T19:48:30,idle,du2,2601079,4786569.5050552795,4.786570
2026-06-29T19:48:30,idle,du3,2601847,4796572.865586548,4.796573
2026-06-29T19:48:30,idle,du4,2602612,4836585.960782282,4.836586
2026-06-29T19:48:30,idle,ue1,2600364,1400459.1124417179,1.400459
2026-06-29T19:48:30,idle,ue2,2600376,1365447.784243952,1.365448
2026-06-29T19:48:30,idle,ue3,2600388,1360446.103978318,1.360446
2026-06-29T19:48:30,idle,ue4,2600400,1375450.9713105513,1.375451
2026-06-29T19:48:30,idle,ue5,2601125,1370449.3777772516,1.370449
2026-06-29T19:48:30,idle,ue6,2601137,1400459.1124417179,1.400459
2026-06-29T19:48:30,idle,ue7,2601149,1320433.0087825835,1.320433
2026-06-29T19:48:30,idle,ue8,2601161,1400459.1124417179,1.400459
2026-06-29T19:48:30,idle,ue9,2601891,1375450.9713105513,1.375451
2026-06-29T19:48:30,idle,ue10,2601903,1355444.4237126838,1.355444
2026-06-29T19:48:30,idle,ue11,2601915,1395457.5189084185,1.395458
2026-06-29T19:48:30,idle,ue12,2601927,1385454.3318418192,1.385454
2026-06-29T19:48:30,idle,ue13,2602658,1390455.9253751189,1.390456
2026-06-29T19:48:30,idle,ue14,2602670,1375450.9713105513,1.375451
2026-06-29T19:48:30,idle,ue15,2602684,1385454.3318418192,1.385454
2026-06-29T19:48:30,idle,ue16,2602712,1370449.3777772516,1.370449
2026-06-29T19:48:36,idle,cu_cp1,2600076,645794.4895715582,0.645794
2026-06-29T19:48:36,idle,cu_up1,2600103,623525.6841196632,0.623526
2026-06-29T19:48:36,idle,cu_cp2,2600111,645794.4895715582,0.645794
2026-06-29T19:48:36,idle,cu_up2,2600138,645794.4895715582,0.645794
2026-06-29T19:48:36,idle,du1,2600301,4798920.778609543,4.798921
2026-06-29T19:48:36,idle,du2,2601079,4798920.778609543,4.798921
2026-06-29T19:48:36,idle,du3,2601847,4854592.379685917,4.854592
2026-06-29T19:48:36,idle,du4,2602612,4887995.826710444,4.887996
2026-06-29T19:48:36,idle,ue1,2600364,1391798.4516832996,1.391798
2026-06-29T19:48:36,idle,ue2,2600376,1369529.6896580744,1.369530
2026-06-29T19:48:36,idle,ue3,2600388,1336126.4163402272,1.336126
2026-06-29T19:48:36,idle,ue4,2600400,1302723.3167290592,1.302723
2026-06-29T19:48:36,idle,ue5,2601125,1414067.126855185,1.414067
2026-06-29T19:48:36,idle,ue6,2601137,1347260.8407795096,1.347261
2026-06-29T19:48:36,idle,ue7,2601149,1380663.9403906774,1.380664
2026-06-29T19:48:36,idle,ue8,2601161,1347260.8407795096,1.347261
2026-06-29T19:48:36,idle,ue9,2601891,1380663.9403906774,1.380664
2026-06-29T19:48:36,idle,ue10,2601903,1380663.9403906774,1.380664
2026-06-29T19:48:36,idle,ue11,2601915,1402932.7892692422,1.402933
2026-06-29T19:48:36,idle,ue12,2601927,1358395.1783654522,1.358395
2026-06-29T19:48:36,idle,ue13,2602658,1402932.7892692422,1.402933
2026-06-29T19:48:36,idle,ue14,2602670,1380663.9403906774,1.380664
2026-06-29T19:48:36,idle,ue15,2602684,1380663.9403906774,1.380664
2026-06-29T19:48:36,idle,ue16,2602712,1347260.8407795096,1.347261
2026-06-29T19:48:41,idle,cu_cp1,2600076,629640.7937801352,0.629641
2026-06-29T19:48:41,idle,cu_up1,2600103,637713.1277293739,0.637713
2026-06-29T19:48:41,idle,cu_cp2,2600111,637713.1277293739,0.637713
2026-06-29T19:48:41,idle,cu_up2,2600138,645785.4184282512,0.645785
2026-06-29T19:48:41,idle,du1,2600301,4794956.850768259,4.794957
2026-06-29T19:48:41,idle,du2,2601079,4794956.850768259,4.794957
2026-06-29T19:48:41,idle,du3,2601847,4819173.593113806,4.819174
2026-06-29T19:48:41,idle,du4,2602612,4770739.76241982,4.770740
2026-06-29T19:48:41,idle,ue1,2600364,1380366.337296682,1.380366
2026-06-29T19:48:41,idle,ue2,2600376,1404583.339144398,1.404583
2026-06-29T19:48:41,idle,ue3,2600388,1340004.7540512115,1.340005
2026-06-29T19:48:41,idle,ue4,2600400,1348077.174501173,1.348077
2026-06-29T19:48:41,idle,ue5,2601125,1356149.4219496888,1.356149
2026-06-29T19:48:41,idle,ue6,2601137,1340004.7540512115,1.340005
2026-06-29T19:48:41,idle,ue7,2601149,1356149.4219496888,1.356149
2026-06-29T19:48:41,idle,ue8,2601161,1340004.7540512115,1.340005
2026-06-29T19:48:41,idle,ue9,2601891,1396511.0916958821,1.396511
2026-06-29T19:48:41,idle,ue10,2601903,1372294.089848166,1.372294
2026-06-29T19:48:41,idle,ue11,2601915,1388438.6712459207,1.388439
2026-06-29T19:48:41,idle,ue12,2601927,1372294.089848166,1.372294
2026-06-29T19:48:41,idle,ue13,2602658,1372294.089848166,1.372294
2026-06-29T19:48:41,idle,ue14,2602670,1412655.5865929138,1.412656
2026-06-29T19:48:41,idle,ue15,2602684,1372294.089848166,1.372294
2026-06-29T19:48:41,idle,ue16,2602712,1380366.337296682,1.380366
2026-06-29T19:48:47,idle,cu_cp1,2600076,635272.3412971294,0.635272
2026-06-29T19:48:47,idle,cu_up1,2600103,626687.5465189004,0.626688
2026-06-29T19:48:47,idle,cu_cp2,2600111,639564.6736259329,0.639565
2026-06-29T19:48:47,idle,cu_up2,2600138,630979.9222212445,0.630980
2026-06-29T19:48:47,idle,du1,2600301,4807466.338438682,4.807466
2026-06-29T19:48:47,idle,du2,2601079,4743080.572782898,4.743081
2026-06-29T19:48:47,idle,du3,2601847,4867559.164536094,4.867559
2026-06-29T19:48:47,idle,du4,2602612,4798881.500286913,4.798882
2026-06-29T19:48:47,idle,ue1,2600364,1373561.6994505192,1.373562
2026-06-29T19:48:47,idle,ue2,2600376,1364976.9480458307,1.364977
2026-06-29T19:48:47,idle,ue3,2600388,1369269.3671217156,1.369269
2026-06-29T19:48:47,idle,ue4,2600400,1334930.3615029622,1.334930
2026-06-29T19:48:47,idle,ue5,2601125,1403608.4594875502,1.403608
2026-06-29T19:48:47,idle,ue6,2601137,1343515.1129076504,1.343515
2026-06-29T19:48:47,idle,ue7,2601149,1373561.6994505192,1.373562
2026-06-29T19:48:47,idle,ue8,2601161,1356392.2833882237,1.356392
2026-06-29T19:48:47,idle,ue9,2601891,1373561.6994505192,1.373562
2026-06-29T19:48:47,idle,ue10,2601903,1395023.6213357807,1.395024
2026-06-29T19:48:47,idle,ue11,2601915,1407900.7918163538,1.407901
2026-06-29T19:48:47,idle,ue12,2601927,1399316.1271587468,1.399316
2026-06-29T19:48:47,idle,ue13,2602658,1352099.7775652576,1.352100
2026-06-29T19:48:47,idle,ue14,2602670,1364976.9480458307,1.364977
2026-06-29T19:48:47,idle,ue15,2602684,1364976.9480458307,1.364977
2026-06-29T19:48:47,idle,ue16,2602712,1360684.615717027,1.360685
2026-06-29T19:48:53,idle,cu_cp1,2600076,642311.6696209424,0.642312
2026-06-29T19:48:53,idle,cu_up1,2600103,642311.6696209424,0.642312
2026-06-29T19:48:53,idle,cu_cp2,2600111,642311.6696209424,0.642312
2026-06-29T19:48:53,idle,cu_up2,2600138,638000.9028741356,0.638001
2026-06-29T19:48:53,idle,du1,2600301,4797939.00667059,4.797939
2026-06-29T19:48:53,idle,du2,2601079,4746209.632039978,4.746210
2026-06-29T19:48:53,idle,du3,2601847,4935885.279257701,4.935885
2026-06-29T19:48:53,idle,du4,2602612,4871223.126797114,4.871223
2026-06-29T19:48:53,idle,ue1,2600364,1375150.6131901008,1.375151
2026-06-29T19:48:53,idle,ue2,2600376,1323420.717552702,1.323421
2026-06-29T19:48:53,idle,ue3,2600388,1383772.1466837144,1.383772
2026-06-29T19:48:53,idle,ue4,2600400,1409637.1813368786,1.409637
2026-06-29T19:48:53,idle,ue5,2601125,1409637.1813368786,1.409637
2026-06-29T19:48:53,idle,ue6,2601137,1401015.4741743356,1.401015
2026-06-29T19:48:53,idle,ue7,2601149,1388082.9568477536,1.388083
2026-06-29T19:48:53,idle,ue8,2601161,1362218.0958635188,1.362218
2026-06-29T19:48:53,idle,ue9,2601891,1405326.2843383746,1.405326
2026-06-29T19:48:53,idle,ue10,2601903,1370839.8030260617,1.370840
2026-06-29T19:48:53,idle,ue11,2601915,1388082.9568477536,1.388083
2026-06-29T19:48:53,idle,ue12,2601927,1362218.0958635188,1.362218
2026-06-29T19:48:53,idle,ue13,2602658,1383772.1466837144,1.383772
2026-06-29T19:48:53,idle,ue14,2602670,1396704.6640102966,1.396705
2026-06-29T19:48:53,idle,ue15,2602684,1405326.2843383746,1.405326
2026-06-29T19:48:53,idle,ue16,2602712,1392393.940680722,1.392394
2026-06-29T19:48:59,idle,cu_cp1,2600076,629311.1909289813,0.629311
2026-06-29T19:48:59,idle,cu_up1,2600103,629311.1909289813,0.629311
2026-06-29T19:48:59,idle,cu_cp2,2600111,638774.5490811133,0.638775
2026-06-29T19:48:59,idle,cu_up2,2600138,634042.9133966351,0.634043
2026-06-29T19:48:59,idle,du1,2600301,4816832.810631867,4.816833
2026-06-29T19:48:59,idle,du2,2601079,4741126.639680214,4.741127
2026-06-29T19:48:59,idle,du3,2601847,4864149.774958878,4.864150
2026-06-29T19:48:59,idle,du4,2602612,4807369.626046086,4.807370
2026-06-29T19:48:59,idle,ue1,2600364,1362719.0611818887,1.362719
2026-06-29T19:48:59,idle,ue2,2600376,1324865.715356536,1.324866
2026-06-29T19:48:59,idle,ue3,2600388,1391108.9620719338,1.391109
2026-06-29T19:48:59,idle,ue4,2600400,1400572.2334408902,1.400572
2026-06-29T19:48:59,idle,ue5,2601125,1405303.9993001318,1.405304
2026-06-29T19:48:59,idle,ue6,2601137,1381645.6039198018,1.381646
2026-06-29T19:48:59,idle,ue7,2601149,1367450.653474779,1.367451
2026-06-29T19:48:59,idle,ue8,2601161,1353255.616246581,1.353256
2026-06-29T19:48:59,idle,ue9,2601891,1362719.0611818887,1.362719
2026-06-29T19:48:59,idle,ue10,2601903,1386377.3697790431,1.386377
2026-06-29T19:48:59,idle,ue11,2601915,1386377.3697790431,1.386377
2026-06-29T19:48:59,idle,ue12,2601927,1381645.6039198018,1.381646
2026-06-29T19:48:59,idle,ue13,2602658,1424230.542038045,1.424231
2026-06-29T19:48:59,idle,ue14,2602670,1362719.0611818887,1.362719
2026-06-29T19:48:59,idle,ue15,2602684,1400572.2334408902,1.400572
2026-06-29T19:48:59,idle,ue16,2602712,1386377.3697790431,1.386377
2026-06-29T19:49:05,idle,cu_cp1,2600076,639656.3927211177,0.639656
2026-06-29T19:49:05,idle,cu_up1,2600103,624664.3846419668,0.624664
2026-06-29T19:49:05,idle,cu_cp2,2600111,639656.3927211177,0.639656
2026-06-29T19:49:05,idle,cu_up2,2600138,639656.3927211177,0.639656
2026-06-29T19:49:05,idle,du1,2600301,4832403.986537247,4.832404
2026-06-29T19:49:05,idle,du2,2601079,4772436.475058299,4.772436
2026-06-29T19:49:05,idle,du3,2601847,4847395.777600708,4.847396
2026-06-29T19:49:05,idle,du4,2602612,4867385.179577094,4.867385
2026-06-29T19:49:05,idle,ue1,2600364,1359269.785703845,1.359270
2026-06-29T19:49:05,idle,ue2,2600376,1384256.4513680506,1.384256
2026-06-29T19:49:05,idle,ue3,2600388,1334283.293652191,1.334283
2026-06-29T19:49:05,idle,ue4,2600400,1369264.3998857618,1.369264
2026-06-29T19:49:05,idle,ue5,2601125,1379259.1008739544,1.379259
2026-06-29T19:49:05,idle,ue6,2601137,1369264.3998857618,1.369264
2026-06-29T19:49:05,idle,ue7,2601149,1374261.750379858,1.374262
2026-06-29T19:49:05,idle,ue8,2601161,1359269.785703845,1.359270
2026-06-29T19:49:05,idle,ue9,2601891,1404245.5929256082,1.404246
2026-06-29T19:49:05,idle,ue10,2601903,1414240.2071075249,1.414240
2026-06-29T19:49:05,idle,ue11,2601915,1369264.3998857618,1.369264
2026-06-29T19:49:05,idle,ue12,2601927,1409242.9434197044,1.409243
2026-06-29T19:49:05,idle,ue13,2602658,1349275.0847156525,1.349275
2026-06-29T19:49:05,idle,ue14,2602670,1339280.5573400117,1.339281
2026-06-29T19:49:05,idle,ue15,2602684,1369264.3998857618,1.369264
2026-06-29T19:49:05,idle,ue16,2602712,1349275.0847156525,1.349275
2026-06-29T19:49:10,idle,cu_cp1,2600076,644455.972987158,0.644456
2026-06-29T19:49:10,idle,cu_up1,2600103,632062.5863930136,0.632063
2026-06-29T19:49:10,idle,cu_cp2,2600111,632062.5863930136,0.632063
2026-06-29T19:49:10,idle,cu_up2,2600138,644455.972987158,0.644456
2026-06-29T19:49:10,idle,du1,2600301,4771452.669570437,4.771453
2026-06-29T19:49:10,idle,du2,2601079,4808632.786050086,4.808633
2026-06-29T19:49:10,idle,du3,2601847,4796239.5293642925,4.796240
2026-06-29T19:49:10,idle,du4,2602612,4920173.1354890345,4.920173
2026-06-29T19:49:10,idle,ue1,2600364,1412845.7253101927,1.412846
2026-06-29T19:49:10,idle,ue2,2600376,1388058.952121904,1.388059
2026-06-29T19:49:10,idle,ue3,2600388,1338485.4057453263,1.338485
2026-06-29T19:49:10,idle,ue4,2600400,1388058.952121904,1.388059
2026-06-29T19:49:10,idle,ue5,2601125,1388058.952121904,1.388059
2026-06-29T19:49:10,idle,ue6,2601137,1301305.3758712441,1.301305
2026-06-29T19:49:10,idle,ue7,2601149,1363272.178933615,1.363272
2026-06-29T19:49:10,idle,ue8,2601161,1363272.178933615,1.363272
2026-06-29T19:49:10,idle,ue9,2601891,1363272.178933615,1.363272
2026-06-29T19:49:10,idle,ue10,2601903,1412845.7253101927,1.412846
2026-06-29T19:49:10,idle,ue11,2601915,1425239.1552071208,1.425239
2026-06-29T19:49:10,idle,ue12,2601927,1412845.7253101927,1.412846
2026-06-29T19:49:10,idle,ue13,2602658,1388058.952121904,1.388059
2026-06-29T19:49:10,idle,ue14,2602670,1338485.4057453263,1.338485
2026-06-29T19:49:10,idle,ue15,2602684,1326091.9758483982,1.326092
2026-06-29T19:49:10,idle,ue16,2602712,1301305.3758712441,1.301305
2026-06-29T19:49:16,idle,cu_cp1,2600076,634773.741583519,0.634774
2026-06-29T19:49:16,idle,cu_up1,2600103,634773.741583519,0.634774
2026-06-29T19:49:16,idle,cu_cp2,2600111,643469.2456840867,0.643469
2026-06-29T19:49:16,idle,cu_up2,2600138,626078.2374829513,0.626078
2026-06-29T19:49:16,idle,du1,2600301,4739064.107400766,4.739064
2026-06-29T19:49:16,idle,du2,2601079,4739064.107400766,4.739064
2026-06-29T19:49:16,idle,du3,2601847,4756455.201923771,4.756455
2026-06-29T19:49:16,idle,du4,2602612,4773846.641734256,4.773847
2026-06-29T19:49:16,idle,ue1,2600364,1339111.6886153198,1.339112
2026-06-29T19:49:16,idle,ue2,2600376,1373893.8776613306,1.373894
2026-06-29T19:49:16,idle,ue3,2600388,1365198.330399828,1.365198
2026-06-29T19:49:16,idle,ue4,2600400,1365198.330399828,1.365198
2026-06-29T19:49:16,idle,ue5,2601125,1339111.6886153198,1.339112
2026-06-29T19:49:16,idle,ue6,2601137,1330416.227675687,1.330416
2026-06-29T19:49:16,idle,ue7,2601149,1339111.6886153198,1.339112
2026-06-29T19:49:16,idle,ue8,2601161,1304329.672213049,1.304330
2026-06-29T19:49:16,idle,ue9,2601891,1347807.3221986925,1.347807
2026-06-29T19:49:16,idle,ue10,2601903,1399980.5194458389,1.399981
2026-06-29T19:49:16,idle,ue11,2601915,1399980.5194458389,1.399981
2026-06-29T19:49:16,idle,ue12,2601927,1391284.8858624662,1.391285
2026-06-29T19:49:16,idle,ue13,2602658,1417371.5276469744,1.417372
2026-06-29T19:49:16,idle,ue14,2602670,1313025.1331526816,1.313025
2026-06-29T19:49:16,idle,ue15,2602684,1365198.330399828,1.365198
2026-06-29T19:49:16,idle,ue16,2602712,1382589.3386009634,1.382589
2026-06-29T19:49:22,idle,cu_cp1,2600076,640200.0384161067,0.640200
2026-06-29T19:49:22,idle,cu_up1,2600103,626722.1274267435,0.626722
2026-06-29T19:49:22,idle,cu_cp2,2600111,633461.0829214251,0.633461
2026-06-29T19:49:22,idle,cu_up2,2600138,626722.1274267435,0.626722
2026-06-29T19:49:22,idle,du1,2600301,4703785.670782184,4.703786
2026-06-29T19:49:22,idle,du2,2601079,4798130.788797617,4.798131
2026-06-29T19:49:22,idle,du3,2601847,4750958.05718316,4.750958
2026-06-29T19:49:22,idle,du4,2602612,4784652.964111623,4.784653
2026-06-29T19:49:22,idle,ue1,2600364,1368006.2825046491,1.368006
2026-06-29T19:49:22,idle,ue2,2600376,1388223.192140379,1.388223
2026-06-29T19:49:22,idle,ue3,2600388,1327572.6358399296,1.327573
2026-06-29T19:49:22,idle,ue4,2600400,1347789.4591722894,1.347789
2026-06-29T19:49:22,idle,ue5,2601125,1401701.0168263721,1.401701
2026-06-29T19:49:22,idle,ue6,2601137,1394962.1044833756,1.394962
2026-06-29T19:49:22,idle,ue7,2601149,1320833.723496933,1.320834
2026-06-29T19:49:22,idle,ue8,2601161,1334311.5481829261,1.334312
2026-06-29T19:49:22,idle,ue9,2601891,1368006.2825046491,1.368006
2026-06-29T19:49:22,idle,ue10,2601903,1347789.4591722894,1.347789
2026-06-29T19:49:22,idle,ue11,2601915,1388223.192140379,1.388223
2026-06-29T19:49:22,idle,ue12,2601927,1374745.2811510158,1.374745
2026-06-29T19:49:22,idle,ue13,2602658,1415178.9278157353,1.415179
2026-06-29T19:49:22,idle,ue14,2602670,1334311.5481829261,1.334312
2026-06-29T19:49:22,idle,ue15,2602684,1368006.2825046491,1.368006
2026-06-29T19:49:22,idle,ue16,2602712,1394962.1044833756,1.394962
2026-06-29T19:49:28,idle,cu_cp1,2600076,634718.2305725861,0.634718
2026-06-29T19:49:28,idle,cu_up1,2600103,626198.5525741291,0.626199
2026-06-29T19:49:28,idle,cu_cp2,2600111,626198.5525741291,0.626199
2026-06-29T19:49:28,idle,cu_up2,2600138,630458.4131237221,0.630458
2026-06-29T19:49:28,idle,du1,2600301,4771036.91942749,4.771037
2026-06-29T19:49:28,idle,du2,2601079,4711398.957934647,4.711399
2026-06-29T19:49:28,idle,du3,2601847,4796595.651717758,4.796596
2026-06-29T19:49:28,idle,du4,2602612,4779556.381922302,4.779556
2026-06-29T19:49:28,idle,ue1,2600364,1388712.4703323173,1.388712
2026-06-29T19:49:28,idle,ue2,2600376,1367413.2106850815,1.367413
2026-06-29T19:49:28,idle,ue3,2600388,1329074.5950409316,1.329075
2026-06-29T19:49:28,idle,ue4,2600400,1320554.7877402878,1.320555
2026-06-29T19:49:28,idle,ue5,2601125,1333334.4124897956,1.333334
2026-06-29T19:49:28,idle,ue6,2601137,1333334.4124897956,1.333334
2026-06-29T19:49:28,idle,ue7,2601149,1341854.0473875236,1.341854
2026-06-29T19:49:28,idle,ue8,2601161,1307775.2491922379,1.307775
2026-06-29T19:49:28,idle,ue9,2601891,1358893.4895858956,1.358893
2026-06-29T19:49:28,idle,ue10,2601903,1341854.0473875236,1.341854
2026-06-29T19:49:28,idle,ue11,2601915,1380192.6630316735,1.380193
2026-06-29T19:49:28,idle,ue12,2601927,1363153.3932362176,1.363153
2026-06-29T19:49:28,idle,ue13,2602658,1410011.6437780953,1.410012
2026-06-29T19:49:28,idle,ue14,2602670,1324814.6051891518,1.324815
2026-06-29T19:49:28,idle,ue15,2602684,1358893.4895858956,1.358893
2026-06-29T19:49:28,idle,ue16,2602712,1350373.6822852516,1.350374
2026-06-29T19:49:34,idle,cu_cp1,2600076,634524.2665748894,0.634524
2026-06-29T19:49:34,idle,cu_up1,2600103,629992.0058557242,0.629992
2026-06-29T19:49:34,idle,cu_cp2,2600111,629992.0058557242,0.629992
2026-06-29T19:49:34,idle,cu_up2,2600138,625459.6588488728,0.625460
2026-06-29T19:49:34,idle,du1,2600301,4777061.646202135,4.777062
2026-06-29T19:49:34,idle,du2,2601079,4754399.738592505,4.754400
2026-06-29T19:49:34,idle,du3,2601847,4799722.863510275,4.799723
2026-06-29T19:49:34,idle,du4,2602612,4808787.557523978,4.808788
2026-06-29T19:49:34,idle,ue1,2600364,1364227.2162798555,1.364227
2026-06-29T19:49:34,idle,ue2,2600376,1364227.2162798555,1.364227
2026-06-29T19:49:34,idle,ue3,2600388,1327968.6990881027,1.327969
2026-06-29T19:49:34,idle,ue4,2600400,1364227.2162798555,1.364227
2026-06-29T19:49:34,idle,ue5,2601125,1355162.5222661525,1.355163
2026-06-29T19:49:34,idle,ue6,2601137,1350630.2615469873,1.350630
2026-06-29T19:49:34,idle,ue7,2601149,1364227.2162798555,1.364227
2026-06-29T19:49:34,idle,ue8,2601161,1309839.397348383,1.309839
2026-06-29T19:49:34,idle,ue9,2601891,1405018.0804784596,1.405018
2026-06-29T19:49:34,idle,ue10,2601903,1377824.0847250372,1.377824
2026-06-29T19:49:34,idle,ue11,2601915,1382356.518019575,1.382357
2026-06-29T19:49:34,idle,ue12,2601927,1341565.6538209706,1.341566
2026-06-29T19:49:34,idle,ue13,2602658,1355162.5222661525,1.355163
2026-06-29T19:49:34,idle,ue14,2602670,1323436.352081251,1.323436
2026-06-29T19:49:34,idle,ue15,2602684,1332500.9598072679,1.332501
2026-06-29T19:49:34,idle,ue16,2602712,1341565.6538209706,1.341566
2026-06-29T19:49:39,idle,cu_cp1,2600076,622023.078505553,0.622023
2026-06-29T19:49:39,idle,cu_up1,2600103,636951.6575961631,0.636952
2026-06-29T19:49:39,idle,cu_cp2,2600111,631975.4501787013,0.631975
2026-06-29T19:49:39,idle,cu_up2,2600138,626999.3290847903,0.626999
2026-06-29T19:49:39,idle,du1,2600301,4782113.747293124,4.782114
2026-06-29T19:49:39,idle,du2,2601079,4732352.018412709,4.732352
2026-06-29T19:49:39,idle,du3,2601847,4841828.236302666,4.841828
2026-06-29T19:49:39,idle,du4,2602612,4797042.196898408,4.797042
2026-06-29T19:49:39,idle,ue1,2600364,1333617.545231216,1.333618
2026-06-29T19:49:39,idle,ue2,2600376,1378403.2393412709,1.378403
2026-06-29T19:49:39,idle,ue3,2600388,1378403.2393412709,1.378403
2026-06-29T19:49:39,idle,ue4,2600400,1373426.9456002582,1.373427
2026-06-29T19:49:39,idle,ue5,2601125,1323665.2167198432,1.323665
2026-06-29T19:49:39,idle,ue6,2601137,1368450.824506347,1.368451
2026-06-29T19:49:39,idle,ue7,2601149,1378403.2393412709,1.378403
2026-06-29T19:49:39,idle,ue8,2601161,1308736.6807910085,1.308737
2026-06-29T19:49:39,idle,ue9,2601891,1383379.446758733,1.383379
2026-06-29T19:49:39,idle,ue10,2601903,1413236.6049399532,1.413237
2026-06-29T19:49:39,idle,ue11,2601915,1358498.5823185253,1.358499
2026-06-29T19:49:39,idle,ue12,2601927,1398307.9826875674,1.398308
2026-06-29T19:49:39,idle,ue13,2602658,1368450.824506347,1.368451
2026-06-29T19:49:39,idle,ue14,2602670,1358498.5823185253,1.358499
2026-06-29T19:49:39,idle,ue15,2602684,1323665.2167198432,1.323665
2026-06-29T19:49:39,idle,ue16,2602712,1343569.9600661397,1.343570
2026-06-29T19:49:45,idle,cu_cp1,2600076,630637.3586397838,0.630637
2026-06-29T19:49:45,idle,cu_up1,2600103,620706.0667358398,0.620706
2026-06-29T19:49:45,idle,cu_cp2,2600111,630637.3586397838,0.630637
2026-06-29T19:49:45,idle,cu_up2,2600138,625671.7772356797,0.625672
2026-06-29T19:49:45,idle,du1,2600301,4757091.791191101,4.757092
2026-06-29T19:49:45,idle,du2,2601079,4752125.908563614,4.752126
2026-06-29T19:49:45,idle,du3,2601847,4816679.2844232945,4.816679
2026-06-29T19:49:45,idle,du4,2602612,4762056.985307999,4.762057
2026-06-29T19:49:45,idle,ue1,2600364,1335759.5141389275,1.335760
2026-06-29T19:49:45,idle,ue2,2600376,1365553.4328826712,1.365553
2026-06-29T19:49:45,idle,ue3,2600388,1380450.3922545433,1.380450
2026-06-29T19:49:45,idle,ue4,2600400,1385416.0166905595,1.385416
2026-06-29T19:49:45,idle,ue5,2601125,1300999.9709591675,1.301000
2026-06-29T19:49:45,idle,ue6,2601137,1350656.4735107995,1.350656
2026-06-29T19:49:45,idle,ue7,2601149,1350656.4735107995,1.350656
2026-06-29T19:49:45,idle,ue8,2601161,1296034.3465231515,1.296034
2026-06-29T19:49:45,idle,ue9,2601891,1330793.8897029115,1.330794
2026-06-29T19:49:45,idle,ue10,2601903,1385416.0166905595,1.385416
2026-06-29T19:49:45,idle,ue11,2601915,1340725.2246387673,1.340725
2026-06-29T19:49:45,idle,ue12,2601927,1395347.2655625916,1.395347
2026-06-29T19:49:45,idle,ue13,2602658,1360587.8084466553,1.360588
2026-06-29T19:49:45,idle,ue14,2602670,1390381.6411265754,1.390382
2026-06-29T19:49:45,idle,ue15,2602684,1390381.6411265754,1.390382
2026-06-29T19:49:45,idle,ue16,2602712,1335759.5141389275,1.335760
2026-06-29T19:49:51,idle,cu_cp1,2600076,613743.5853539231,0.613744
2026-06-29T19:49:51,idle,cu_up1,2600103,613743.5853539231,0.613744
2026-06-29T19:49:51,idle,cu_cp2,2600111,632923.0952055731,0.632923
2026-06-29T19:49:51,idle,cu_up2,2600138,623333.2973445201,0.623333
2026-06-29T19:49:51,idle,du1,2600301,4794871.96720331,4.794872
2026-06-29T19:49:51,idle,du2,2601079,4689384.577148778,4.689385
2026-06-29T19:49:51,idle,du3,2601847,4756512.604018185,4.756513
2026-06-29T19:49:51,idle,du4,2602612,4727743.253370254,4.727743
2026-06-29T19:49:51,idle,ue1,2600364,1342564.058076834,1.342564
2026-06-29T19:49:51,idle,ue2,2600376,1361743.6537989401,1.361744
2026-06-29T19:49:51,idle,ue3,2600388,1323384.6340956402,1.323385
2026-06-29T19:49:51,idle,ue4,2600400,1380923.077780134,1.380923
2026-06-29T19:49:51,idle,ue5,2601125,1332974.3031510091,1.332974
2026-06-29T19:49:51,idle,ue6,2601137,1371333.322854309,1.371333
2026-06-29T19:49:51,idle,ue7,2601149,1332974.3031510091,1.332974
2026-06-29T19:49:51,idle,ue8,2601161,1342564.058076834,1.342564
2026-06-29T19:49:51,idle,ue9,2601891,1409692.342557609,1.409692
2026-06-29T19:49:51,idle,ue10,2601903,1352153.8988731152,1.352154
2026-06-29T19:49:51,idle,ue11,2601915,1361743.6537989401,1.361744
2026-06-29T19:49:51,idle,ue12,2601927,1313794.8791698152,1.313795
2026-06-29T19:49:51,idle,ue13,2602658,1313794.8791698152,1.313795
2026-06-29T19:49:51,idle,ue14,2602670,1361743.6537989401,1.361744
2026-06-29T19:49:51,idle,ue15,2602684,1342564.058076834,1.342564
2026-06-29T19:49:51,idle,ue16,2602712,1371333.322854309,1.371333
2026-06-29T19:49:57,idle,cu_cp1,2600076,619416.5839006364,0.619417
2026-06-29T19:49:57,idle,cu_up1,2600103,633821.6685787201,0.633822
2026-06-29T19:49:57,idle,cu_cp2,2600111,641024.1251987219,0.641024
2026-06-29T19:49:57,idle,cu_up2,2600138,619416.5839006364,0.619417
2026-06-29T19:49:57,idle,du1,2600301,4804079.710680413,4.804080
2026-06-29T19:49:57,idle,du2,2601079,4732054.801604236,4.732055
2026-06-29T19:49:57,idle,du3,2601847,4710447.088868069,4.710447
2026-06-29T19:49:57,idle,du4,2602612,4710447.088868069,4.710447
2026-06-29T19:49:57,idle,ue1,2600364,1339668.4176716984,1.339668
2026-06-29T19:49:57,idle,ue2,2600376,1332465.8753326565,1.332466
2026-06-29T19:49:57,idle,ue3,2600388,1318060.790654573,1.318061
2026-06-29T19:49:57,idle,ue4,2600400,1361275.9589697837,1.361276
2026-06-29T19:49:57,idle,ue5,2601125,1361275.9589697837,1.361276
2026-06-29T19:49:57,idle,ue6,2601137,1339668.4176716984,1.339668
2026-06-29T19:49:57,idle,ue7,2601149,1354073.416630742,1.354073
2026-06-29T19:49:57,idle,ue8,2601161,1325263.3329936147,1.325263
2026-06-29T19:49:57,idle,ue9,2601891,1375681.0436478674,1.375681
2026-06-29T19:49:57,idle,ue10,2601903,1339668.4176716984,1.339668
2026-06-29T19:49:57,idle,ue11,2601915,1354073.416630742,1.354073
2026-06-29T19:49:57,idle,ue12,2601927,1354073.416630742,1.354073
2026-06-29T19:49:57,idle,ue13,2602658,1354073.416630742,1.354073
2026-06-29T19:49:57,idle,ue14,2602670,1390086.128325951,1.390086
2026-06-29T19:49:57,idle,ue15,2602684,1361275.9589697837,1.361276
2026-06-29T19:49:57,idle,ue16,2602712,1325263.3329936147,1.325263
2026-06-29T19:50:03,idle,cu_cp1,2600076,631001.2477828923,0.631001
2026-06-29T19:50:03,idle,cu_up1,2600103,626766.3225062022,0.626766
2026-06-29T19:50:03,idle,cu_cp2,2600111,626766.3225062022,0.626766
2026-06-29T19:50:03,idle,cu_up2,2600138,622531.4401548224,0.622531
2026-06-29T19:50:03,idle,du1,2600301,4713452.516566414,4.713453
2026-06-29T19:50:03,idle,du2,2601079,4700747.654885723,4.700748
2026-06-29T19:50:03,idle,du3,2601847,4776975.7947624205,4.776976
2026-06-29T19:50:03,idle,du4,2602612,4730391.874270692,4.730392
2026-06-29T19:50:03,idle,ue1,2600364,1338230.7212931025,1.338231
2026-06-29T19:50:03,idle,ue2,2600376,1384814.813486073,1.384815
2026-06-29T19:50:03,idle,ue3,2600388,1308586.4160575133,1.308586
2026-06-29T19:50:03,idle,ue4,2600400,1355170.422399863,1.355170
2026-06-29T19:50:03,idle,ue5,2601125,1363640.2729532432,1.363640
2026-06-29T19:50:03,idle,ue6,2601137,1300116.565504133,1.300117
2026-06-29T19:50:03,idle,ue7,2601149,1329760.956590343,1.329761
2026-06-29T19:50:03,idle,ue8,2601161,1342465.7324204135,1.342466
2026-06-29T19:50:03,idle,ue9,2601891,1380579.9740600036,1.380580
2026-06-29T19:50:03,idle,ue10,2601903,1355170.422399863,1.355170
2026-06-29T19:50:03,idle,ue11,2601915,1389049.6529121422,1.389050
2026-06-29T19:50:03,idle,ue12,2601927,1397519.5034655225,1.397520
2026-06-29T19:50:03,idle,ue13,2602658,1342465.7324204135,1.342466
2026-06-29T19:50:03,idle,ue14,2602670,1376344.9629326928,1.376345
2026-06-29T19:50:03,idle,ue15,2602684,1325526.031313653,1.325526
2026-06-29T19:50:03,idle,ue16,2602712,1363640.2729532432,1.363640
2026-06-29T19:50:08,idle,cu_cp1,2600076,630837.4664127838,0.630837
2026-06-29T19:50:08,idle,cu_up1,2600103,630837.4664127838,0.630837
2026-06-29T19:50:08,idle,cu_cp2,2600111,630837.4664127838,0.630837
2026-06-29T19:50:08,idle,cu_up2,2600138,622254.6184244282,0.622255
2026-06-29T19:50:08,idle,du1,2600301,4720552.448804293,4.720552
2026-06-29T19:50:08,idle,du2,2601079,4733426.1433184715,4.733426
2026-06-29T19:50:08,idle,du3,2601847,4806380.500933514,4.806381
2026-06-29T19:50:08,idle,du4,2602612,4750592.095947785,4.750592
2026-06-29T19:50:08,idle,ue1,2600364,1394708.670278462,1.394709
2026-06-29T19:50:08,idle,ue2,2600376,1368960.0835379614,1.368960
2026-06-29T19:50:08,idle,ue3,2600388,1313171.8496539677,1.313172
2026-06-29T19:50:08,idle,ue4,2600400,1347503.1560565233,1.347503
2026-06-29T19:50:08,idle,ue5,2601125,1381834.462459079,1.381834
2026-06-29T19:50:08,idle,ue6,2601137,1364668.7664823674,1.364669
2026-06-29T19:50:08,idle,ue7,2601149,1373251.5716952896,1.373252
2026-06-29T19:50:08,idle,ue8,2601161,1343211.7534500624,1.343212
2026-06-29T19:50:08,idle,ue9,2601891,1364668.7664823674,1.364669
2026-06-29T19:50:08,idle,ue10,2601903,1317463.1667095614,1.317463
2026-06-29T19:50:08,idle,ue11,2601915,1368960.0835379614,1.368960
2026-06-29T19:50:08,idle,ue12,2601927,1330337.5456306792,1.330338
2026-06-29T19:50:08,idle,ue13,2602658,1373251.5716952896,1.373252
2026-06-29T19:50:08,idle,ue14,2602670,1360377.3638759064,1.360377
2026-06-29T19:50:08,idle,ue15,2602684,1334628.7771354055,1.334629
2026-06-29T19:50:08,idle,ue16,2602712,1334628.7771354055,1.334629
2026-06-29T19:50:14,idle,cu_cp1,2600076,624137.1614690393,0.624137
2026-06-29T19:50:14,idle,cu_up1,2600103,624137.1614690393,0.624137
2026-06-29T19:50:14,idle,cu_cp2,2600111,629051.6151993811,0.629052
2026-06-29T19:50:14,idle,cu_up2,2600138,629051.6151993811,0.629052
2026-06-29T19:50:14,idle,du1,2600301,4811262.418301022,4.811262
2026-06-29T19:50:14,idle,du2,2601079,4717887.199424004,4.717887
2026-06-29T19:50:14,idle,du3,2601847,4767032.2492993,4.767032
2026-06-29T19:50:14,idle,du4,2602612,4698229.726217222,4.698230
2026-06-29T19:50:14,idle,ue1,2600364,1317076.9314488024,1.317077
2026-06-29T19:50:14,idle,ue2,2600376,1346563.7392594994,1.346564
2026-06-29T19:50:14,idle,ue3,2600388,1317076.9314488024,1.317077
2026-06-29T19:50:14,idle,ue4,2600400,1351478.1075611948,1.351478
2026-06-29T19:50:14,idle,ue5,2601125,1317076.9314488024,1.317077
2026-06-29T19:50:14,idle,ue6,2601137,1351478.1075611948,1.351478
2026-06-29T19:50:14,idle,ue7,2601149,1376050.46164155,1.376050
2026-06-29T19:50:14,idle,ue8,2601161,1292504.577368447,1.292505
2026-06-29T19:50:14,idle,ue9,2601891,1371136.0079112083,1.371136
2026-06-29T19:50:14,idle,ue10,2601903,1331820.2926398278,1.331820
2026-06-29T19:50:14,idle,ue11,2601915,1326905.7534808398,1.326906
2026-06-29T19:50:14,idle,ue12,2601927,1312162.3922898143,1.312162
2026-06-29T19:50:14,idle,ue13,2602658,1326905.7534808398,1.326906
2026-06-29T19:50:14,idle,ue14,2602670,1317076.9314488024,1.317077
2026-06-29T19:50:14,idle,ue15,2602684,1312162.3922898143,1.312162
2026-06-29T19:50:14,idle,ue16,2602712,1326905.7534808398,1.326906
2026-06-29T19:50:20,idle,cu_cp1,2600076,630751.7152808511,0.630752
2026-06-29T19:50:20,idle,cu_up1,2600103,635679.5117801988,0.635680
2026-06-29T19:50:20,idle,cu_cp2,2600111,630751.7152808511,0.630752
2026-06-29T19:50:20,idle,cu_up2,2600138,630751.7152808511,0.630752
2026-06-29T19:50:20,idle,du1,2600301,4740493.414888396,4.740493
2026-06-29T19:50:20,idle,du2,2601079,4715854.4323916575,4.715854
2026-06-29T19:50:20,idle,du3,2601847,4784842.899915605,4.784843
2026-06-29T19:50:20,idle,du4,2602612,4725710.367123813,4.725710
2026-06-29T19:50:20,idle,ue1,2600364,1369913.842913605,1.369914
2026-06-29T19:50:20,idle,ue2,2600376,1360058.4207816399,1.360058
2026-06-29T19:50:20,idle,ue3,2600388,1330491.9835190142,1.330492
2026-06-29T19:50:20,idle,ue4,2600400,1360058.4207816399,1.360058
2026-06-29T19:50:20,idle,ue5,2601125,1310780.8829549884,1.310781
2026-06-29T19:50:20,idle,ue6,2601137,1364986.1318476223,1.364986
2026-06-29T19:50:20,idle,ue7,2601149,1360058.4207816399,1.360058
2026-06-29T19:50:20,idle,ue8,2601161,1281214.4456923627,1.281214
2026-06-29T19:50:20,idle,ue9,2601891,1399480.3656095958,1.399480
2026-06-29T19:50:20,idle,ue10,2601903,1291069.953257693,1.291070
2026-06-29T19:50:20,idle,ue11,2601915,1364986.1318476223,1.364986
2026-06-29T19:50:20,idle,ue12,2601927,1325564.1870196664,1.325564
2026-06-29T19:50:20,idle,ue13,2602658,1335419.6091516316,1.335420
2026-06-29T19:50:20,idle,ue14,2602670,1335419.6091516316,1.335420
2026-06-29T19:50:20,idle,ue15,2602684,1325564.1870196664,1.325564
2026-06-29T19:50:20,idle,ue16,2602712,1340347.4056509794,1.340347
2026-06-29T19:50:26,idle,cu_cp1,2600076,630317.6051688573,0.630318
2026-06-29T19:50:26,idle,cu_up1,2600103,619812.3067938599,0.619812
2026-06-29T19:50:26,idle,cu_cp2,2600111,619812.3067938599,0.619812
2026-06-29T19:50:26,idle,cu_up2,2600138,609307.0508947176,0.609307
2026-06-29T19:50:26,idle,du1,2600301,4685360.6966009475,4.685361
2026-06-29T19:50:26,idle,du2,2601079,4706371.633157782,4.706372
2026-06-29T19:50:26,idle,du3,2601847,4758898.294936189,4.758898
2026-06-29T19:50:26,idle,du4,2602612,4674855.56812937,4.674856
2026-06-29T19:50:26,idle,ue1,2600364,1323667.0005876988,1.323667
2026-06-29T19:50:26,idle,ue2,2600376,1355182.895712691,1.355183
2026-06-29T19:50:26,idle,ue3,2600388,1292151.1054627066,1.292151
2026-06-29T19:50:26,idle,ue4,2600400,1355182.895712691,1.355183
2026-06-29T19:50:26,idle,ue5,2601125,1302656.403837704,1.302656
2026-06-29T19:50:26,idle,ue6,2601137,1323667.0005876988,1.323667
2026-06-29T19:50:26,idle,ue7,2601149,1386698.790837683,1.386699
2026-06-29T19:50:26,idle,ue8,2601161,1271140.508712712,1.271141
2026-06-29T19:50:26,idle,ue9,2601891,1344677.5123859835,1.344678
2026-06-29T19:50:26,idle,ue10,2601903,1334172.2989626962,1.334172
2026-06-29T19:50:26,idle,ue11,2601915,1334172.2989626962,1.334172
2026-06-29T19:50:26,idle,ue12,2601927,1344677.5123859835,1.344678
2026-06-29T19:50:26,idle,ue13,2602658,1355182.895712691,1.355183
2026-06-29T19:50:26,idle,ue14,2602670,1386698.790837683,1.386699
2026-06-29T19:50:26,idle,ue15,2602684,1344677.5123859835,1.344678
2026-06-29T19:50:26,idle,ue16,2602712,1344677.5123859835,1.344678
2026-06-29T19:50:31,idle,cu_cp1,2600076,623809.6781592839,0.623810
2026-06-29T19:50:31,idle,cu_up1,2600103,631607.3487007213,0.631607
2026-06-29T19:50:31,idle,cu_cp2,2600111,639404.933969993,0.639405
2026-06-29T19:50:31,idle,cu_up2,2600138,616012.0502539295,0.616012
2026-06-29T19:50:31,idle,du1,2600301,4740954.014480252,4.740954
2026-06-29T19:50:31,idle,du2,2601079,4779941.812918362,4.779942
2026-06-29T19:50:31,idle,du3,2601847,4779941.812918362,4.779942
2026-06-29T19:50:31,idle,du4,2602612,4701965.192776156,4.701965
2026-06-29T19:50:31,idle,ue1,2600364,1341190.891182822,1.341191
2026-06-29T19:50:31,idle,ue2,2600376,1356786.0617213654,1.356786
2026-06-29T19:50:31,idle,ue3,2600388,1294405.123750695,1.294405
2026-06-29T19:50:31,idle,ue4,2600400,1317797.922194593,1.317798
2026-06-29T19:50:31,idle,ue5,2601125,1380178.8601652635,1.380179
2026-06-29T19:50:31,idle,ue6,2601137,1302202.666383884,1.302203
2026-06-29T19:50:31,idle,ue7,2601149,1294405.123750695,1.294405
2026-06-29T19:50:31,idle,ue8,2601161,1325595.5500999475,1.325596
2026-06-29T19:50:31,idle,ue9,2601891,1364583.68962672,1.364584
2026-06-29T19:50:31,idle,ue10,2601903,1356786.0617213654,1.356786
2026-06-29T19:50:31,idle,ue11,2601915,1325595.5500999475,1.325596
2026-06-29T19:50:31,idle,ue12,2601927,1348988.433816011,1.348988
2026-06-29T19:50:31,idle,ue13,2602658,1348988.433816011,1.348988
2026-06-29T19:50:31,idle,ue14,2602670,1364583.68962672,1.364584
2026-06-29T19:50:31,idle,ue15,2602684,1364583.68962672,1.364584
2026-06-29T19:50:31,idle,ue16,2602712,1348988.433816011,1.348988
2026-06-29T19:50:37,idle,cu_cp1,2600076,623768.9771052593,0.623769
2026-06-29T19:50:37,idle,cu_up1,2600103,615339.7041039186,0.615340
2026-06-29T19:50:37,idle,cu_cp2,2600111,627983.6562983304,0.627984
2026-06-29T19:50:37,idle,cu_up2,2600138,623768.9771052593,0.623769
2026-06-29T19:50:37,idle,du1,2600301,4720414.056181555,4.720414
2026-06-29T19:50:37,idle,du2,2601079,4699341.087140207,4.699341
2026-06-29T19:50:37,idle,du3,2601847,4766775.271150933,4.766775
2026-06-29T19:50:37,idle,du4,2602612,4745702.302109585,4.745702
2026-06-29T19:50:37,idle,ue1,2600364,1373977.6469242394,1.373978
2026-06-29T19:50:37,idle,ue2,2600376,1369762.9677311683,1.369763
2026-06-29T19:50:37,idle,ue3,2600388,1314972.47976045,1.314972
2026-06-29T19:50:37,idle,ue4,2600400,1361333.7801146293,1.361334
2026-06-29T19:50:37,idle,ue5,2601125,1386621.6845034529,1.386622
2026-06-29T19:50:37,idle,ue6,2601137,1336045.7049562025,1.336046
2026-06-29T19:50:37,idle,ue7,2601149,1361333.7801146293,1.361334
2026-06-29T19:50:37,idle,ue8,2601161,1357119.1009215582,1.357119
2026-06-29T19:50:37,idle,ue9,2601891,1357119.1009215582,1.357119
2026-06-29T19:50:37,idle,ue10,2601903,1382407.0053103818,1.382407
2026-06-29T19:50:37,idle,ue11,2601915,1319187.1589535212,1.319187
2026-06-29T19:50:37,idle,ue12,2601927,1390836.363696524,1.390836
2026-06-29T19:50:37,idle,ue13,2602658,1344475.0633423447,1.344475
2026-06-29T19:50:37,idle,ue14,2602670,1373977.6469242394,1.373978
2026-06-29T19:50:37,idle,ue15,2602684,1373977.6469242394,1.373978
2026-06-29T19:50:37,idle,ue16,2602712,1331831.1965327347,1.331831
2026-06-29T19:50:43,idle,cu_cp1,2600076,618653.3107216003,0.618653
2026-06-29T19:50:43,idle,cu_up1,2600103,618653.3107216003,0.618653
2026-06-29T19:50:43,idle,cu_cp2,2600111,627070.3854473144,0.627070
2026-06-29T19:50:43,idle,cu_up2,2600138,627070.3854473144,0.627070
2026-06-29T19:50:43,idle,du1,2600301,4734591.697570045,4.734592
2026-06-29T19:50:43,idle,du2,2601079,4667255.099764333,4.667255
2026-06-29T19:50:43,idle,du3,2601847,4755634.490815873,4.755634
2026-06-29T19:50:43,idle,du4,2602612,4696715.010308492,4.696715
2026-06-29T19:50:43,idle,ue1,2600364,1380396.5086267842,1.380397
2026-06-29T19:50:43,idle,ue2,2600376,1308851.6076076096,1.308852
2026-06-29T19:50:43,idle,ue3,2600388,1355145.3270222591,1.355145
2026-06-29T19:50:43,idle,ue4,2600400,1363562.4443205905,1.363562
2026-06-29T19:50:43,idle,ue5,2601125,1350936.9386635625,1.350937
2026-06-29T19:50:43,idle,ue6,2601137,1300434.5754545128,1.300435
2026-06-29T19:50:43,idle,ue7,2601149,1329894.2305629689,1.329894
2026-06-29T19:50:43,idle,ue8,2601161,1321477.1984098721,1.321477
2026-06-29T19:50:43,idle,ue9,2601891,1367770.9178245217,1.367771
2026-06-29T19:50:43,idle,ue10,2601903,1405647.6050860744,1.405648
2026-06-29T19:50:43,idle,ue11,2601915,1334102.7892121344,1.334103
2026-06-29T19:50:43,idle,ue12,2601927,1401439.2167273778,1.401439
2026-06-29T19:50:43,idle,ue13,2602658,1418273.195888337,1.418273
2026-06-29T19:50:43,idle,ue14,2602670,1329894.2305629689,1.329894
2026-06-29T19:50:43,idle,ue15,2602684,1367770.9178245217,1.367771
2026-06-29T19:50:43,idle,ue16,2602712,1355145.3270222591,1.355145
2026-06-29T19:50:49,idle,cu_cp1,2600076,620200.2077341354,0.620200
2026-06-29T19:50:49,idle,cu_up1,2600103,615465.9168684185,0.615466
2026-06-29T19:50:49,idle,cu_cp2,2600111,629668.9600829423,0.629669
2026-06-29T19:50:49,idle,cu_up2,2600138,620200.2077341354,0.620200
2026-06-29T19:50:49,idle,du1,2600301,4767493.688970213,4.767494
2026-06-29T19:50:49,idle,du2,2601079,4687009.720548787,4.687010
2026-06-29T19:50:49,idle,du3,2601847,4805368.357130694,4.805368
2026-06-29T19:50:49,idle,du4,2602612,4734353.311675448,4.734353
2026-06-29T19:50:49,idle,ue1,2600364,1344556.1794530272,1.344556
2026-06-29T19:50:49,idle,ue2,2600376,1344556.1794530272,1.344556
2026-06-29T19:50:49,idle,ue3,2600388,1311415.8021582628,1.311416
2026-06-29T19:50:49,idle,ue4,2600400,1372962.4364994478,1.372962
2026-06-29T19:50:49,idle,ue5,2601125,1354024.9318018341,1.354025
2026-06-29T19:50:49,idle,ue6,2601137,1325618.8453727865,1.325619
2026-06-29T19:50:49,idle,ue7,2601149,1339821.8032786238,1.339822
2026-06-29T19:50:49,idle,ue8,2601161,1311415.8021582628,1.311416
2026-06-29T19:50:49,idle,ue9,2601891,1330353.2215471899,1.330353
2026-06-29T19:50:49,idle,ue10,2601903,1391899.7705796885,1.391900
2026-06-29T19:50:49,idle,ue11,2601915,1372962.4364994478,1.372962
2026-06-29T19:50:49,idle,ue12,2601927,1387165.4797139717,1.387165
2026-06-29T19:50:49,idle,ue13,2602658,1339821.8032786238,1.339822
2026-06-29T19:50:49,idle,ue14,2602670,1325618.8453727865,1.325619
2026-06-29T19:50:49,idle,ue15,2602684,1354024.9318018341,1.354025
2026-06-29T19:50:49,idle,ue16,2602712,1330353.2215471899,1.330353
2026-06-29T19:50:55,dl,cu_cp1,2600076,628248.6325282156,0.628249
2026-06-29T19:50:55,dl,cu_up1,2600103,618432.2303257114,0.618432
2026-06-29T19:50:55,dl,cu_cp2,2600111,628248.6325282156,0.628249
2026-06-29T19:50:55,dl,cu_up2,2600138,623340.4101109623,0.623340
2026-06-29T19:50:55,dl,du1,2600301,4726589.28331737,4.726589
2026-06-29T19:50:55,dl,du2,2601079,4711864.8718576245,4.711865
2026-06-29T19:50:55,dl,du3,2601847,4775670.995905876,4.775671
2026-06-29T19:50:55,dl,du4,2602612,4785487.611268392,4.785488
2026-06-29T19:50:55,dl,ue1,2600364,1339936.4493017055,1.339936
2026-06-29T19:50:55,dl,ue2,2600376,1349752.8941362118,1.349753
2026-06-29T19:50:55,dl,ue3,2600388,1330120.0897312034,1.330120
2026-06-29T19:50:55,dl,ue4,2600400,1349752.8941362118,1.349753
2026-06-29T19:50:55,dl,ue5,2601125,1374293.9209584736,1.374294
2026-06-29T19:50:55,dl,ue6,2601137,1339936.4493017055,1.339936
2026-06-29T19:50:55,dl,ue7,2601149,1344844.5864549542,1.344845
2026-06-29T19:50:55,dl,ue8,2601161,1320303.6448966968,1.320304
2026-06-29T19:50:55,dl,ue9,2601891,1364477.4761239672,1.364477
2026-06-29T19:50:55,dl,ue10,2601903,1335028.3121484565,1.335028
2026-06-29T19:50:55,dl,ue11,2601915,1374293.9209584736,1.374294
2026-06-29T19:50:55,dl,ue12,2601927,1364477.4761239672,1.364477
2026-06-29T19:50:55,dl,ue13,2602658,1325211.9525779546,1.325212
2026-06-29T19:50:55,dl,ue14,2602670,1305579.0629089414,1.305579
2026-06-29T19:50:55,dl,ue15,2602684,1335028.3121484565,1.335028
2026-06-29T19:50:55,dl,ue16,2602712,1281038.1213506842,1.281038
2026-06-29T19:51:00,dl,cu_cp1,2600076,738946.9070107257,0.738947
2026-06-29T19:51:00,dl,cu_up1,2600103,1082939.396964817,1.082939
2026-06-29T19:51:00,dl,cu_cp2,2600111,713465.9434594542,0.713466
2026-06-29T19:51:00,dl,cu_up2,2600138,1044717.9987277347,1.044718
2026-06-29T19:51:00,dl,du1,2600301,5924315.502412316,5.924316
2026-06-29T19:51:00,dl,du2,2601079,6102682.341450867,6.102682
2026-06-29T19:51:00,dl,du3,2601847,6370232.411649394,6.370232
2026-06-29T19:51:00,dl,du4,2602612,6459415.266090769,6.459415
2026-06-29T19:51:00,dl,ue1,2600364,2471649.7914669933,2.471650
2026-06-29T19:51:00,dl,ue2,2600376,2560833.2109862687,2.560833
2026-06-29T19:51:00,dl,ue3,2600388,2522611.906928836,2.522612
2026-06-29T19:51:00,dl,ue4,2600400,2395207.183352128,2.395207
2026-06-29T19:51:00,dl,ue5,2601125,2306023.952192153,2.306024
2026-06-29T19:51:00,dl,ue6,2601137,2280543.082820531,2.280543
2026-06-29T19:51:00,dl,ue7,2601149,2433428.6757688606,2.433429
2026-06-29T19:51:00,dl,ue8,2601161,2407947.618037939,2.407948
2026-06-29T19:51:00,dl,ue9,2601891,2611795.1380888117,2.611795
2026-06-29T19:51:00,dl,ue10,2601903,2599054.7034030007,2.599055
2026-06-29T19:51:00,dl,ue11,2601915,2611795.1380888117,2.611795
2026-06-29T19:51:00,dl,ue12,2601927,2637276.007460433,2.637276
2026-06-29T19:51:00,dl,ue13,2602658,2535352.341614647,2.535352
2026-06-29T19:51:00,dl,ue14,2602670,2573573.645672079,2.573574
2026-06-29T19:51:00,dl,ue15,2602684,2611795.1380888117,2.611795
2026-06-29T19:51:00,dl,ue16,2602712,2739199.8616655194,2.739200
2026-06-29T19:51:06,dl,cu_cp1,2600076,723499.3285385102,0.723499
2026-06-29T19:51:06,dl,cu_up1,2600103,1136927.5027941763,1.136928
2026-06-29T19:51:06,dl,cu_cp2,2600111,714886.2199496806,0.714886
2026-06-29T19:51:06,dl,cu_up2,2600138,1136927.5027941763,1.136928
2026-06-29T19:51:06,dl,du1,2600301,6132517.839488733,6.132518
2026-06-29T19:51:06,dl,du2,2601079,6304779.633807814,6.304780
2026-06-29T19:51:06,dl,du3,2601847,6227262.317058993,6.227262
2026-06-29T19:51:06,dl,du4,2602612,6339232.068163132,6.339232
2026-06-29T19:51:06,dl,ue1,2600364,2489182.2484872043,2.489182
2026-06-29T19:51:06,dl,ue2,2600376,2523634.682842523,2.523635
2026-06-29T19:51:06,dl,ue3,2600388,2497795.2627116563,2.497795
2026-06-29T19:51:06,dl,ue4,2600400,2497795.2627116563,2.497795
2026-06-29T19:51:06,dl,ue5,2601125,2403051.162598908,2.403051
2026-06-29T19:51:06,dl,ue6,2601137,2334146.6713457825,2.334147
2026-06-29T19:51:06,dl,ue7,2601149,2446116.799907434,2.446117
2026-06-29T19:51:06,dl,ue8,2601161,2497795.2627116563,2.497795
2026-06-29T19:51:06,dl,ue9,2601891,2497795.2627116563,2.497795
2026-06-29T19:51:06,dl,ue10,2601903,2566699.9426935376,2.566700
2026-06-29T19:51:06,dl,ue11,2601915,2489182.2484872043,2.489182
2026-06-29T19:51:06,dl,ue12,2601927,2523634.682842523,2.523635
2026-06-29T19:51:06,dl,ue13,2602658,2575312.956917989,2.575313
2026-06-29T19:51:06,dl,ue14,2602670,2601152.377048856,2.601152
2026-06-29T19:51:06,dl,ue15,2602684,2592539.1740956483,2.592539
2026-06-29T19:51:06,dl,ue16,2602712,2747574.9399658265,2.747575
2026-06-29T19:51:12,dl,cu_cp1,2600076,644446.1159977388,0.644446
2026-06-29T19:51:12,dl,cu_up1,2600103,1124447.3713991784,1.124447
2026-06-29T19:51:12,dl,cu_cp2,2600111,728890.7830422664,0.728891
2026-06-29T19:51:12,dl,cu_up2,2600138,1155558.5917576598,1.155559
2026-06-29T19:51:12,dl,du1,2600301,6240015.943855477,6.240016
2026-06-29T19:51:12,dl,du2,2601079,6213349.479262181,6.213349
2026-06-29T19:51:12,dl,du3,2601847,6195571.585291157,6.195572
2026-06-29T19:51:12,dl,du4,2602612,6168904.744334621,6.168905
2026-06-29T19:51:12,dl,ue1,2600364,2386672.856528931,2.386673
2026-06-29T19:51:12,dl,ue2,2600376,2408895.0358110904,2.408895
2026-06-29T19:51:12,dl,ue3,2600388,2515561.8350923727,2.515562
2026-06-29T19:51:12,dl,ue4,2600400,2515561.8350923727,2.515562
2026-06-29T19:51:12,dl,ue5,2601125,2377783.909543419,2.377784
2026-06-29T19:51:12,dl,ue6,2601137,2395561.8035144424,2.395562
2026-06-29T19:51:12,dl,ue7,2601149,2462228.5295425416,2.462229
2026-06-29T19:51:12,dl,ue8,2601161,2591117.6962876036,2.591118
2026-06-29T19:51:12,dl,ue9,2601891,2520006.4967667484,2.520006
2026-06-29T19:51:12,dl,ue10,2601903,2471117.476528053,2.471117
2026-06-29T19:51:12,dl,ue11,2601915,2506672.888106861,2.506673
2026-06-29T19:51:12,dl,ue12,2601927,2533339.7290633963,2.533340
2026-06-29T19:51:12,dl,ue13,2602658,2511117.549781237,2.511118
2026-06-29T19:51:12,dl,ue14,2602670,2582228.7493020915,2.582229
2026-06-29T19:51:12,dl,ue15,2602684,2613340.2519330024,2.613340
2026-06-29T19:51:12,dl,ue16,2602712,2746673.7039892008,2.746674
2026-06-29T19:51:18,dl,cu_cp1,2600076,706225.6909803844,0.706226
2026-06-29T19:51:18,dl,cu_up1,2600103,1093510.6924611425,1.093511
2026-06-29T19:51:18,dl,cu_cp2,2600111,683444.1591665053,0.683444
2026-06-29T19:51:18,dl,cu_up2,2600138,1107179.630446837,1.107180
2026-06-29T19:51:18,dl,du1,2600301,6050759.278335857,6.050759
2026-06-29T19:51:18,dl,du2,2601079,6346918.813968944,6.346919
2026-06-29T19:51:18,dl,du3,2601847,6201117.312717991,6.201117
2026-06-29T19:51:18,dl,du4,2602612,6105434.652331295,6.105435
2026-06-29T19:51:18,dl,ue1,2600364,2533299.76141963,2.533300
2026-06-29T19:51:18,dl,ue2,2600376,2556081.1042598393,2.556081
2026-06-29T19:51:18,dl,ue3,2600388,2515074.762736931,2.515075
2026-06-29T19:51:18,dl,ue4,2600400,2492293.041949382,2.492293
2026-06-29T19:51:18,dl,ue5,2601125,2546968.7938921596,2.546969
2026-06-29T19:51:18,dl,ue6,2601137,2487736.697791872,2.487737
2026-06-29T19:51:18,dl,ue7,2601149,2587975.5133624077,2.587976
2026-06-29T19:51:18,dl,ue8,2601161,2724664.3262983416,2.724664
2026-06-29T19:51:18,dl,ue9,2601891,2510518.418579421,2.510518
2026-06-29T19:51:18,dl,ue10,2601903,2574306.4808898782,2.574306
2026-06-29T19:51:18,dl,ue11,2601915,2487736.697791872,2.487737
2026-06-29T19:51:18,dl,ue12,2601927,2615313.2003601263,2.615313
2026-06-29T19:51:18,dl,ue13,2602658,2478624.3874241924,2.478624
2026-06-29T19:51:18,dl,ue14,2602670,2469511.699109173,2.469512
2026-06-29T19:51:18,dl,ue15,2602684,2546968.7938921596,2.546969
2026-06-29T19:51:18,dl,ue16,2602712,2628981.854885316,2.628982
2026-06-29T19:51:24,dl,cu_cp1,2600076,695837.5240657306,0.695838
2026-06-29T19:51:24,dl,cu_up1,2600103,1046412.0974843139,1.046412
2026-06-29T19:51:24,dl,cu_cp2,2600111,637408.3969748536,0.637408
2026-06-29T19:51:24,dl,cu_up2,2600138,1051723.9093824285,1.051724
2026-06-29T19:51:24,dl,du1,2600301,6140367.555948367,6.140368
2026-06-29T19:51:24,dl,du2,2601079,6464383.920946431,6.464384
2026-06-29T19:51:24,dl,du3,2601847,6299719.643371663,6.299720
2026-06-29T19:51:24,dl,du4,2602612,6012886.339913759,6.012886
2026-06-29T19:51:24,dl,ue1,2600364,2432775.428281,2.432775
2026-06-29T19:51:24,dl,ue2,2600376,2480581.1679839958,2.480581
2026-06-29T19:51:24,dl,ue3,2600388,2464645.92141633,2.464646
2026-06-29T19:51:24,dl,ue4,2600400,2427463.8055095635,2.427464
2026-06-29T19:51:24,dl,ue5,2601125,2475269.356085881,2.475269
2026-06-29T19:51:24,dl,ue6,2601137,2576192.2691366305,2.576192
2026-06-29T19:51:24,dl,ue7,2601149,2618686.3860681904,2.618686
2026-06-29T19:51:24,dl,ue8,2601161,2730232.7337884903,2.730233
2026-06-29T19:51:24,dl,ue9,2601891,2693050.8070084024,2.693051
2026-06-29T19:51:24,dl,ue10,2601903,2687738.995110288,2.687739
2026-06-29T19:51:24,dl,ue11,2601915,2698362.2406531596,2.698362
2026-06-29T19:51:24,dl,ue12,2601927,2772726.472466693,2.772726
2026-06-29T19:51:24,dl,ue13,2602658,2384969.8777046823,2.384970
2026-06-29T19:51:24,dl,ue14,2602670,2310605.645891149,2.310606
2026-06-29T19:51:24,dl,ue15,2602684,2501828.0373230968,2.501828
2026-06-29T19:51:24,dl,ue16,2602712,2523074.9066621982,2.523075
2026-06-29T19:51:30,dl,cu_cp1,2600076,729392.3468569326,0.729392
2026-06-29T19:51:30,dl,cu_up1,2600103,1002914.4769282824,1.002914
2026-06-29T19:51:30,dl,cu_cp2,2600111,729392.3468569326,0.729392
2026-06-29T19:51:30,dl,cu_up2,2600138,1120138.3008636392,1.120138
2026-06-29T19:51:30,dl,du1,2600301,6251934.886773855,6.251935
2026-06-29T19:51:30,dl,du2,2601079,5900263.509301147,5.900264
2026-06-29T19:51:30,dl,du3,2601847,6277984.101351924,6.277984
2026-06-29T19:51:30,dl,du4,2602612,6277984.101351924,6.277984
2026-06-29T19:51:30,dl,ue1,2600364,2578922.8059107806,2.578923
2026-06-29T19:51:30,dl,ue2,2600376,2631022.555733985,2.631023
2026-06-29T19:51:30,dl,ue3,2600388,2578922.8059107806,2.578923
2026-06-29T19:51:30,dl,ue4,2600400,2513798.637465266,2.513799
2026-06-29T19:51:30,dl,ue5,2601125,2240276.6017272784,2.240277
2026-06-29T19:51:30,dl,ue6,2601137,2305400.9588395166,2.305401
2026-06-29T19:51:30,dl,ue7,2601149,2305400.9588395166,2.305401
2026-06-29T19:51:30,dl,ue8,2601161,2370525.127285031,2.370525
2026-06-29T19:51:30,dl,ue9,2601891,2552873.402665988,2.552873
2026-06-29T19:51:30,dl,ue10,2601903,2578922.8059107806,2.578923
2026-06-29T19:51:30,dl,ue11,2601915,2617997.5711115026,2.617998
2026-06-29T19:51:30,dl,ue12,2601927,2578922.8059107806,2.578923
2026-06-29T19:51:30,dl,ue13,2602658,2578922.8059107806,2.578923
2026-06-29T19:51:30,dl,ue14,2602670,2487749.04555375,2.487749
2026-06-29T19:51:30,dl,ue15,2602684,2578922.8059107806,2.578923
2026-06-29T19:51:30,dl,ue16,2602712,2709171.5201352574,2.709172
2026-06-29T19:51:36,dl,cu_cp1,2600076,727957.2380620461,0.727957
2026-06-29T19:51:36,dl,cu_up1,2600103,1070009.3196087743,1.070009
2026-06-29T19:51:36,dl,cu_cp2,2600111,657792.6855634046,0.657793
2026-06-29T19:51:36,dl,cu_up2,2600138,1043697.6536422599,1.043698
2026-06-29T19:51:36,dl,du1,2600301,6104316.302927399,6.104316
2026-06-29T19:51:36,dl,du2,2601079,6306039.043931264,6.306039
2026-06-29T19:51:36,dl,du3,2601847,6306039.043931264,6.306039
2026-06-29T19:51:36,dl,du4,2602612,6130627.686239218,6.130628
2026-06-29T19:51:36,dl,ue1,2600364,2315430.1853460576,2.315430
2026-06-29T19:51:36,dl,ue2,2600376,2429447.6243768265,2.429448
2026-06-29T19:51:36,dl,ue3,2600388,2394365.277463832,2.394365
2026-06-29T19:51:36,dl,ue4,2600400,2394365.277463832,2.394365
2026-06-29T19:51:36,dl,ue5,2601125,2569776.635155878,2.569777
2026-06-29T19:51:36,dl,ue6,2601137,2596088.206904161,2.596088
2026-06-29T19:51:36,dl,ue7,2601149,2578547.221884127,2.578547
2026-06-29T19:51:36,dl,ue8,2601161,2604858.7936324095,2.604859
2026-06-29T19:51:36,dl,ue9,2601891,2675023.4874583986,2.675023
2026-06-29T19:51:36,dl,ue10,2601903,2683793.885750184,2.683794
2026-06-29T19:51:36,dl,ue11,2601915,2657482.314001901,2.657482
2026-06-29T19:51:36,dl,ue12,2601927,2718876.4210996414,2.718876
2026-06-29T19:51:36,dl,ue13,2602658,2368053.705715549,2.368054
2026-06-29T19:51:36,dl,ue14,2602670,2394365.277463832,2.394365
2026-06-29T19:51:36,dl,ue15,2602684,2473300.3695816062,2.473300
2026-06-29T19:51:36,dl,ue16,2602712,2473300.3695816062,2.473300
2026-06-29T19:51:42,dl,cu_cp1,2600076,737931.9179861498,0.737932
2026-06-29T19:51:42,dl,cu_up1,2600103,1078176.0065060304,1.078176
2026-06-29T19:51:42,dl,cu_cp2,2600111,649556.79756877,0.649557
2026-06-29T19:51:42,dl,cu_up2,2600138,1078176.0065060304,1.078176
2026-06-29T19:51:42,dl,du1,2600301,6296724.816197019,6.296725
2026-06-29T19:51:42,dl,du2,2601079,6009505.356222625,6.009505
2026-06-29T19:51:42,dl,du3,2601847,6292305.892606731,6.292306
2026-06-29T19:51:42,dl,du4,2602612,6199512.2734229425,6.199512
2026-06-29T19:51:42,dl,ue1,2600364,2540783.638139305,2.540784
2026-06-29T19:51:42,dl,ue2,2600376,2589389.72071573,2.589390
2026-06-29T19:51:42,dl,ue3,2600388,2624739.787763743,2.624740
2026-06-29T19:51:42,dl,ue4,2600400,2571714.9704076434,2.571715
2026-06-29T19:51:42,dl,ue5,2601125,2337520.894221189,2.337521
2026-06-29T19:51:42,dl,ue6,2601137,2364033.302899239,2.364033
2026-06-29T19:51:42,dl,ue7,2601149,2364033.302899239,2.364033
2026-06-29T19:51:42,dl,ue8,2601161,2461246.0344839287,2.461246
2026-06-29T19:51:42,dl,ue9,2601891,2549621.296509268,2.549621
2026-06-29T19:51:42,dl,ue10,2601903,2624739.787763743,2.624740
2026-06-29T19:51:42,dl,ue11,2601915,2593808.455495405,2.593808
2026-06-29T19:51:42,dl,ue12,2601927,2624739.787763743,2.624740
2026-06-29T19:51:42,dl,ue13,2602658,2465664.7692636037,2.465665
2026-06-29T19:51:42,dl,ue14,2602670,2452408.5649245786,2.452409
2026-06-29T19:51:42,dl,ue15,2602684,2523108.699020605,2.523109
2026-06-29T19:51:42,dl,ue16,2602712,2598227.19027508,2.598227
2026-06-29T19:51:48,dl,cu_cp1,2600076,674316.6677694046,0.674317
2026-06-29T19:51:48,dl,cu_up1,2600103,1027314.6174688691,1.027315
2026-06-29T19:51:48,dl,cu_cp2,2600111,696944.7038747388,0.696945
2026-06-29T19:51:48,dl,cu_up2,2600138,1086147.5302606814,1.086148
2026-06-29T19:51:48,dl,du1,2600301,6100529.05237473,6.100529
2026-06-29T19:51:48,dl,du2,2601079,6209143.398665011,6.209143
2026-06-29T19:51:48,dl,du3,2601847,6349437.73330256,6.349438
2026-06-29T19:51:48,dl,du4,2602612,6123157.183069782,6.123157
2026-06-29T19:51:48,dl,ue1,2600364,2470985.742485969,2.470986
2026-06-29T19:51:48,dl,ue2,2600376,2502665.163294929,2.502665
2026-06-29T19:51:48,dl,ue3,2600388,2525293.104810545,2.525293
2026-06-29T19:51:48,dl,ue4,2600400,2516242.0038760733,2.516242
2026-06-29T19:51:48,dl,ue5,2601125,2543395.6850383617,2.543396
2026-06-29T19:51:48,dl,ue6,2601137,2579600.467135122,2.579600
2026-06-29T19:51:48,dl,ue7,2601149,2597702.8581835018,2.597703
2026-06-29T19:51:48,dl,ue8,2601161,2715369.0621259985,2.715369
2026-06-29T19:51:48,dl,ue9,2601891,2498139.612827693,2.498140
2026-06-29T19:51:48,dl,ue10,2601903,2538869.9453916894,2.538870
2026-06-29T19:51:48,dl,ue11,2601915,2525293.104810545,2.525293
2026-06-29T19:51:48,dl,ue12,2601927,2638433.56910637,2.638434
2026-06-29T19:51:48,dl,ue13,2602658,2466460.192018733,2.466460
2026-06-29T19:51:48,dl,ue14,2602670,2484562.772246549,2.484563
2026-06-29T19:51:48,dl,ue15,2602684,2543395.6850383617,2.543396
2026-06-29T19:51:48,dl,ue16,2602712,2538869.9453916894,2.538870
2026-06-29T19:51:54,dl,cu_cp1,2600076,633905.0017972273,0.633905
2026-06-29T19:51:54,dl,cu_up1,2600103,1015322.4476349461,1.015322
2026-06-29T19:51:54,dl,cu_cp2,2600111,730602.3956839412,0.730602
2026-06-29T19:51:54,dl,cu_up2,2600138,993834.1169739484,0.993834
2026-06-29T19:51:54,dl,du1,2600301,6435747.600034538,6.435748
2026-06-29T19:51:54,dl,du2,2601079,6242352.812261109,6.242353
2026-06-29T19:51:54,dl,du3,2601847,5887795.826793525,5.887796
2026-06-29T19:51:54,dl,du4,2602612,6285329.097232003,6.285329
2026-06-29T19:51:54,dl,ue1,2600364,2498015.3814882757,2.498015
2026-06-29T19:51:54,dl,ue2,2600376,2540992.0428102706,2.540992
2026-06-29T19:51:54,dl,ue3,2600388,2632317.5892511737,2.632318
2026-06-29T19:51:54,dl,ue4,2600400,2664549.9911548947,2.664550
2026-06-29T19:51:54,dl,ue5,2601125,2460411.1321387435,2.460411
2026-06-29T19:51:54,dl,ue6,2601137,2514131.864703462,2.514132
2026-06-29T19:51:54,dl,ue7,2601149,2546364.266607183,2.546364
2026-06-29T19:51:54,dl,ue8,2601161,2589340.9279291783,2.589341
2026-06-29T19:51:54,dl,ue9,2601891,2315364.8531331215,2.315365
2026-06-29T19:51:54,dl,ue10,2601903,2395946.1401557503,2.395946
2026-06-29T19:51:54,dl,ue11,2601915,2347597.4432123937,2.347597
2026-06-29T19:51:54,dl,ue12,2601927,2438922.8014777456,2.438923
2026-06-29T19:51:54,dl,ue13,2602658,2401318.175777112,2.401318
2026-06-29T19:51:54,dl,ue14,2602670,2444294.648923557,2.444295
2026-06-29T19:51:54,dl,ue15,2602684,2530247.7833919968,2.530248
2026-06-29T19:51:54,dl,ue16,2602712,2476527.2390028285,2.476527
2026-06-29T19:52:00,dl,cu_cp1,2600076,668921.0328793394,0.668921
2026-06-29T19:52:00,dl,cu_up1,2600103,1022111.2033716119,1.022111
2026-06-29T19:52:00,dl,cu_cp2,2600111,690326.4532723362,0.690326
2026-06-29T19:52:00,dl,cu_up2,2600138,1048868.1090900528,1.048868
2026-06-29T19:52:00,dl,du1,2600301,6303911.530480518,6.303912
2026-06-29T19:52:00,dl,du2,2601079,6319965.370837383,6.319965
2026-06-29T19:52:00,dl,du3,2601847,6063100.136700048,6.063100
2026-06-29T19:52:00,dl,du4,2602612,5977477.886863938,5.977478
2026-06-29T19:52:00,dl,ue1,2600364,2515142.8866280867,2.515143
2026-06-29T19:52:00,dl,ue2,2600376,2557954.011546142,2.557954
2026-06-29T19:52:00,dl,ue3,2600388,2574008.0413243817,2.574008
2026-06-29T19:52:00,dl,ue4,2600400,2590062.0711026215,2.590062
2026-06-29T19:52:00,dl,ue5,2601125,2504440.0106878853,2.504440
2026-06-29T19:52:00,dl,ue6,2601137,2568656.5086435936,2.568657
2026-06-29T19:52:00,dl,ue7,2601149,2595413.4143620348,2.595413
2026-06-29T19:52:00,dl,ue8,2601161,2734549.0967922783,2.734549
2026-06-29T19:52:00,dl,ue9,2601891,2456277.921353166,2.456278
2026-06-29T19:52:00,dl,ue10,2601903,2499088.856849847,2.499089
2026-06-29T19:52:00,dl,ue11,2601915,2541899.602925153,2.541900
2026-06-29T19:52:00,dl,ue12,2601927,2563305.1653841804,2.563305
2026-06-29T19:52:00,dl,ue13,2602658,2418818.329115899,2.418818
2026-06-29T19:52:00,dl,ue14,2602670,2392061.4233974577,2.392061
2026-06-29T19:52:00,dl,ue15,2602684,2440223.7021535514,2.440224
2026-06-29T19:52:00,dl,ue16,2602712,2413466.7964351107,2.413467
2026-06-29T19:52:06,dl,cu_cp1,2600076,711412.065638764,0.711412
2026-06-29T19:52:06,dl,cu_up1,2600103,1052889.8230590923,1.052890
2026-06-29T19:52:06,dl,cu_cp2,2600111,749354.0702468359,0.749354
2026-06-29T19:52:06,dl,cu_up2,2600138,1062375.3715531635,1.062375
2026-06-29T19:52:06,dl,du1,2600301,6108658.007694263,6.108658
2026-06-29T19:52:06,dl,du2,2601079,6288882.766292873,6.288883
2026-06-29T19:52:06,dl,du3,2601847,6241455.1185066225,6.241455
2026-06-29T19:52:06,dl,du4,2602612,6013803.09085819,6.013803
2026-06-29T19:52:06,dl,ue1,2600364,2456742.9520325838,2.456743
2026-06-29T19:52:06,dl,ue2,2600376,2504170.4104506206,2.504170
2026-06-29T19:52:06,dl,ue3,2600388,2599025.5166549073,2.599026
2026-06-29T19:52:06,dl,ue4,2600400,2561083.5120468354,2.561084
2026-06-29T19:52:06,dl,ue5,2601125,2580054.419666765,2.580054
2026-06-29T19:52:06,dl,ue6,2601137,2693880.2441227674,2.693880
2026-06-29T19:52:06,dl,ue7,2601149,2741307.8919090177,2.741308
2026-06-29T19:52:06,dl,ue8,2601161,2674909.5258710515,2.674910
2026-06-29T19:52:06,dl,ue9,2601891,2523141.5074387635,2.523142
2026-06-29T19:52:06,dl,ue10,2601903,2532627.1506169415,2.532627
2026-06-29T19:52:06,dl,ue11,2601915,2551597.8688686574,2.551598
2026-06-29T19:52:06,dl,ue12,2601927,2561083.5120468354,2.561084
2026-06-29T19:52:06,dl,ue13,2602658,2456742.9520325838,2.456743
2026-06-29T19:52:06,dl,ue14,2602670,2399830.0398045825,2.399830
2026-06-29T19:52:06,dl,ue15,2602684,2456742.9520325838,2.456743
2026-06-29T19:52:06,dl,ue16,2602712,2513655.8642605855,2.513656
2026-06-29T19:52:12,dl,cu_cp1,2600076,692900.0920101937,0.692900
2026-06-29T19:52:12,dl,cu_up1,2600103,1101711.0663959724,1.101711
2026-06-29T19:52:12,dl,cu_cp2,2600111,644397.0085059393,0.644397
2026-06-29T19:52:12,dl,cu_up2,2600138,1080924.05087054,1.080924
2026-06-29T19:52:12,dl,du1,2600301,6333106.758709023,6.333107
2026-06-29T19:52:12,dl,du2,2601079,6277674.71730787,6.277675
2026-06-29T19:52:12,dl,du3,2601847,6097520.39364114,6.097520
2026-06-29T19:52:12,dl,du4,2602612,6166810.634505565,6.166811
2026-06-29T19:52:12,dl,ue1,2600364,2522156.1817355882,2.522156
2026-06-29T19:52:12,dl,ue2,2600376,2570659.123405105,2.570659
2026-06-29T19:52:12,dl,ue3,2600388,2716168.3266396224,2.716168
2026-06-29T19:52:12,dl,ue4,2600400,2709239.0377950026,2.709239
2026-06-29T19:52:12,dl,ue5,2601125,2542943.2918175124,2.542943
2026-06-29T19:52:12,dl,ue6,2601137,2584517.322868377,2.584517
2026-06-29T19:52:12,dl,ue7,2601149,2633020.4536508773,2.633020
2026-06-29T19:52:12,dl,ue8,2601161,2667665.195857122,2.667665
2026-06-29T19:52:12,dl,ue9,2601891,2362789.1572637665,2.362789
2026-06-29T19:52:12,dl,ue10,2601903,2425150.109283571,2.425150
2026-06-29T19:52:12,dl,ue11,2601915,2466724.1403344357,2.466724
2026-06-29T19:52:12,dl,ue12,2601927,2536014.1920858766,2.536014
2026-06-29T19:52:12,dl,ue13,2602658,2473653.240066072,2.473653
2026-06-29T19:52:12,dl,ue14,2602670,2473653.240066072,2.473653
2026-06-29T19:52:12,dl,ue15,2602684,2452866.1299841474,2.452866
2026-06-29T19:52:12,dl,ue16,2602712,2549872.2024361645,2.549872
2026-06-29T19:52:18,dl,cu_cp1,2600076,676527.5429428053,0.676528
2026-06-29T19:52:18,dl,cu_up1,2600103,1041496.2817562199,1.041496
2026-06-29T19:52:18,dl,cu_cp2,2600111,729937.6195944822,0.729938
2026-06-29T19:52:18,dl,cu_up2,2600138,1059299.6879626631,1.059300
2026-06-29T19:52:18,dl,du1,2600301,6186666.384007931,6.186666
2026-06-29T19:52:18,dl,du2,2601079,6164411.913298397,6.164412
2026-06-29T19:52:18,dl,du3,2601847,6329092.876498661,6.329093
2026-06-29T19:52:18,dl,du4,2602612,6293486.253375978,6.293486
2026-06-29T19:52:18,dl,ue1,2600364,2492469.8651645137,2.492470
2026-06-29T19:52:18,dl,ue2,2600376,2536978.238712969,2.536978
2026-06-29T19:52:18,dl,ue3,2600388,2536978.238712969,2.536978
2026-06-29T19:52:18,dl,ue4,2600400,2599289.9238227652,2.599290
2026-06-29T19:52:18,dl,ue5,2601125,2376748.056080489,2.376748
2026-06-29T19:52:18,dl,ue6,2601137,2430157.990764513,2.430158
2026-06-29T19:52:18,dl,ue7,2601149,2443510.52175807,2.443511
2026-06-29T19:52:18,dl,ue8,2601161,2465764.8031773996,2.465765
2026-06-29T19:52:18,dl,ue9,2601891,2594839.143254981,2.594839
2026-06-29T19:52:18,dl,ue10,2601903,2634896.546945448,2.634897
2026-06-29T19:52:18,dl,ue11,2601915,2643798.297371221,2.643798
2026-06-29T19:52:18,dl,ue12,2601927,2750618.5453196764,2.750619
2026-06-29T19:52:18,dl,ue13,2602658,2496920.645732298,2.496921
2026-06-29T19:52:18,dl,ue14,2602670,2474666.5536031723,2.474667
2026-06-29T19:52:18,dl,ue15,2602684,2536978.238712969,2.536978
2026-06-29T19:52:18,dl,ue16,2602712,2585937.5821194123,2.585938
2026-06-29T19:52:24,dl,cu_cp1,2600076,663866.9730169773,0.663867
2026-06-29T19:52:24,dl,cu_up1,2600103,1064294.697998221,1.064295
2026-06-29T19:52:24,dl,cu_cp2,2600111,716554.8415038264,0.716555
2026-06-29T19:52:24,dl,cu_up2,2600138,1101176.1964991642,1.101176
2026-06-29T19:52:24,dl,du1,2600301,6127597.320888677,6.127597
2026-06-29T19:52:24,dl,du2,2601079,6164478.81938962,6.164479
2026-06-29T19:52:24,dl,du3,2601847,6206628.887622671,6.206629
2026-06-29T19:52:24,dl,du4,2602612,6290929.7792768665,6.290930
2026-06-29T19:52:24,dl,ue1,2600364,2423641.3840039875,2.423641
2026-06-29T19:52:24,dl,ue2,2600376,2455253.935178776,2.455254
2026-06-29T19:52:24,dl,ue3,2600388,2455253.935178776,2.455254
2026-06-29T19:52:24,dl,ue4,2600400,2476328.9692953015,2.476329
2026-06-29T19:52:24,dl,ue5,2601125,2349878.387002101,2.349878
2026-06-29T19:52:24,dl,ue6,2601137,2449985.1766496445,2.449985
2026-06-29T19:52:24,dl,ue7,2601149,2418372.4366778326,2.418372
2026-06-29T19:52:24,dl,ue8,2601161,2439447.6595913814,2.439448
2026-06-29T19:52:24,dl,ue9,2601891,2481597.916621456,2.481598
2026-06-29T19:52:24,dl,ue10,2601903,2518479.415122399,2.518479
2026-06-29T19:52:24,dl,ue11,2601915,2455253.935178776,2.455254
2026-06-29T19:52:24,dl,ue12,2601927,2702886.907627115,2.702887
2026-06-29T19:52:24,dl,ue13,2602658,2576435.947739868,2.576436
2026-06-29T19:52:24,dl,ue14,2602670,2544823.3965650797,2.544823
2026-06-29T19:52:24,dl,ue15,2602684,2539554.449238925,2.539554
2026-06-29T19:52:24,dl,ue16,2602712,2687080.4432426975,2.687080
2026-06-29T19:52:30,dl,cu_cp1,2600076,650815.9910221442,0.650816
2026-06-29T19:52:30,dl,cu_up1,2600103,1059592.9547914923,1.059593
2026-06-29T19:52:30,dl,cu_cp2,2600111,736874.2991841122,0.736874
2026-06-29T19:52:30,dl,cu_up2,2600138,1075728.8520246,1.075729
2026-06-29T19:52:30,dl,du1,2600301,6255363.618146574,6.255364
2026-06-29T19:52:30,dl,du2,2601079,6233848.709331644,6.233849
2026-06-29T19:52:30,dl,du3,2601847,6126276.061110926,6.126276
2026-06-29T19:52:30,dl,du4,2602612,6486645.285784602,6.486645
2026-06-29T19:52:30,dl,ue1,2600364,2517205.466341215,2.517205
2026-06-29T19:52:30,dl,ue2,2600376,2565613.252833235,2.565613
2026-06-29T19:52:30,dl,ue3,2600388,2554855.9880111637,2.554856
2026-06-29T19:52:30,dl,ue4,2600400,2565613.252833235,2.565613
2026-06-29T19:52:30,dl,ue5,2601125,2431147.347764641,2.431147
2026-06-29T19:52:30,dl,ue6,2601137,2484933.671875,2.484934
2026-06-29T19:52:30,dl,ue7,2601149,2458040.415027124,2.458040
2026-06-29T19:52:30,dl,ue8,2601161,2538720.1855707527,2.538720
2026-06-29T19:52:30,dl,ue9,2601891,2441904.423001319,2.441904
2026-06-29T19:52:30,dl,ue10,2601903,2484933.671875,2.484934
2026-06-29T19:52:30,dl,ue11,2601915,2420389.8933571754,2.420390
2026-06-29T19:52:30,dl,ue12,2601927,2603263.964088577,2.603264
2026-06-29T19:52:30,dl,ue13,2602658,2624778.304147327,2.624778
2026-06-29T19:52:30,dl,ue14,2602670,2549477.4503928246,2.549477
2026-06-29T19:52:30,dl,ue15,2602684,2678565.0074284733,2.678565
2026-06-29T19:52:30,dl,ue16,2602712,2700079.3474872233,2.700079
2026-06-29T19:52:36,dl,cu_cp1,2600076,646727.7275154757,0.646728
2026-06-29T19:52:36,dl,cu_up1,2600103,1119707.626650958,1.119708
2026-06-29T19:52:36,dl,cu_cp2,2600111,704643.6228861666,0.704644
2026-06-29T19:52:36,dl,cu_up2,2600138,1139013.004145589,1.139013
2026-06-29T19:52:36,dl,du1,2600301,6245265.813347626,6.245266
2026-06-29T19:52:36,dl,du2,2601079,6129434.307142086,6.129434
2026-06-29T19:52:36,dl,du3,2601847,6409361.047825584,6.409361
2026-06-29T19:52:36,dl,du4,2602612,6168044.682750225,6.168045
2026-06-29T19:52:36,dl,ue1,2600364,2442121.053078575,2.442121
2026-06-29T19:52:36,dl,ue2,2600376,2461426.430573206,2.461426
2026-06-29T19:52:36,dl,ue3,2600388,2480731.6183772753,2.480732
2026-06-29T19:52:36,dl,ue4,2600400,2528994.7775780107,2.528995
2026-06-29T19:52:36,dl,ue5,2601125,2403510.487779875,2.403510
2026-06-29T19:52:36,dl,ue6,2601137,2451773.8366711712,2.451774
2026-06-29T19:52:36,dl,ue7,2601149,2480731.6183772753,2.480732
2026-06-29T19:52:36,dl,ue8,2601161,2480731.6183772753,2.480732
2026-06-29T19:52:36,dl,ue9,2601891,2654479.2570667076,2.654479
2026-06-29T19:52:36,dl,ue10,2601903,2683437.4181539346,2.683437
2026-06-29T19:52:36,dl,ue11,2601915,2693090.0120559693,2.693090
2026-06-29T19:52:36,dl,ue12,2601927,2837879.869039297,2.837880
2026-06-29T19:52:36,dl,ue13,2602658,2471079.0244752406,2.471079
2026-06-29T19:52:36,dl,ue14,2602670,2500037.1855624677,2.500037
2026-06-29T19:52:36,dl,ue15,2602684,2500037.1855624677,2.500037
2026-06-29T19:52:36,dl,ue16,2602712,2548300.3447632026,2.548300
2026-06-29T19:52:42,dl,cu_cp1,2600076,710416.0623082793,0.710416
2026-06-29T19:52:42,dl,cu_up1,2600103,1079553.7823867989,1.079554
2026-06-29T19:52:42,dl,cu_cp2,2600111,668626.8545230734,0.668627
2026-06-29T19:52:42,dl,cu_up2,2600138,1107413.2542436027,1.107413
2026-06-29T19:52:42,dl,du1,2600301,6059430.616468735,6.059431
2026-06-29T19:52:42,dl,du2,2601079,6080325.5963935135,6.080326
2026-06-29T19:52:42,dl,du3,2601847,6045500.880540333,6.045501
2026-06-29T19:52:42,dl,du4,2602612,6268377.03142694,6.268377
2026-06-29T19:52:42,dl,ue1,2600364,2437702.0953255487,2.437702
2026-06-29T19:52:42,dl,ue2,2600376,2493420.8510230687,2.493421
2026-06-29T19:52:42,dl,ue3,2600388,2570034.586645367,2.570035
2026-06-29T19:52:42,dl,ue4,2600400,2576999.26659348,2.576999
2026-06-29T19:52:42,dl,ue5,2601125,2361088.547719338,2.361089
2026-06-29T19:52:42,dl,ue6,2601137,2416807.4914329457,2.416807
2026-06-29T19:52:42,dl,ue7,2601149,2416807.4914329457,2.416807
2026-06-29T19:52:42,dl,ue8,2601161,2458596.6992181516,2.458597
2026-06-29T19:52:42,dl,ue9,2601891,2388948.20759223,2.388948
2026-06-29T19:52:42,dl,ue10,2601903,2326264.395914421,2.326264
2026-06-29T19:52:42,dl,ue11,2601915,2409842.6234687446,2.409843
2026-06-29T19:52:42,dl,ue12,2601927,2458596.6992181516,2.458597
2026-06-29T19:52:42,dl,ue13,2602658,2465561.5671823528,2.465562
2026-06-29T19:52:42,dl,ue14,2602670,2479491.3031107546,2.479491
2026-06-29T19:52:42,dl,ue15,2602684,2493420.8510230687,2.493421
2026-06-29T19:52:42,dl,ue16,2602712,2535210.058808274,2.535210
2026-06-29T19:52:48,dl,cu_cp1,2600076,738640.8886541518,0.738641
2026-06-29T19:52:48,dl,cu_up1,2600103,1074788.8680838603,1.074789
2026-06-29T19:52:48,dl,cu_cp2,2600111,698833.9683626997,0.698834
2026-06-29T19:52:48,dl,cu_up2,2600138,1065942.8649160992,1.065943
2026-06-29T19:52:48,dl,du1,2600301,6143546.052233672,6.143546
2026-06-29T19:52:48,dl,du2,2601079,6170084.343627372,6.170084
2026-06-29T19:52:48,dl,du3,2601847,6147969.476653177,6.147969
2026-06-29T19:52:48,dl,du4,2602612,6046240.487205663,6.046240
2026-06-29T19:52:48,dl,ue1,2600364,2428226.6010435103,2.428227
2026-06-29T19:52:48,dl,ue2,2600376,2445918.6073790323,2.445919
2026-06-29T19:52:48,dl,ue3,2600388,2463610.6137145543,2.463611
2026-06-29T19:52:48,dl,ue4,2600400,2552070.8333191085,2.552071
2026-06-29T19:52:48,dl,ue5,2601125,2445918.6073790323,2.445919
2026-06-29T19:52:48,dl,ue6,2601137,2476879.759411404,2.476880
2026-06-29T19:52:48,dl,ue7,2601149,2516686.820648065,2.516687
2026-06-29T19:52:48,dl,ue8,2601161,2507840.723516831,2.507841
2026-06-29T19:52:48,dl,ue9,2601891,2450341.655944649,2.450342
2026-06-29T19:52:48,dl,ue10,2601903,2450341.655944649,2.450342
2026-06-29T19:52:48,dl,ue11,2601915,2468033.6622801707,2.468034
2026-06-29T19:52:48,dl,ue12,2601927,2463610.6137145543,2.463611
2026-06-29T19:52:48,dl,ue13,2602658,2344189.6179315173,2.344190
2026-06-29T19:52:48,dl,ue14,2602670,2322074.563030379,2.322075
2026-06-29T19:52:48,dl,ue15,2602684,2414957.643273605,2.414958
2026-06-29T19:52:48,dl,ue16,2602712,2423803.740404838,2.423804
2026-06-29T19:52:54,dl,cu_cp1,2600076,698436.8935303921,0.698437
2026-06-29T19:52:54,dl,cu_up1,2600103,1081283.8140411312,1.081284
2026-06-29T19:52:54,dl,cu_cp2,2600111,693263.2966873741,0.693263
2026-06-29T19:52:54,dl,cu_up2,2600138,1086457.4108841491,1.086457
2026-06-29T19:52:54,dl,du1,2600301,6280758.444930511,6.280758
2026-06-29T19:52:54,dl,du2,2601079,6151418.429589136,6.151418
2026-06-29T19:52:54,dl,du3,2601847,6146244.361416485,6.146244
2026-06-29T19:52:54,dl,du4,2602612,6130723.665153358,6.130724
2026-06-29T19:52:54,dl,ue1,2600364,2462636.810572861,2.462637
2026-06-29T19:52:54,dl,ue2,2600376,2509199.2764259493,2.509199
2026-06-29T19:52:54,dl,ue3,2600388,2540240.857484057,2.540241
2026-06-29T19:52:54,dl,ue4,2600400,2586803.511868998,2.586804
2026-06-29T19:52:54,dl,ue5,2601125,2416074.3447197736,2.416074
2026-06-29T19:52:54,dl,ue6,2601137,2426421.5384058096,2.426422
2026-06-29T19:52:54,dl,ue7,2601149,2545414.5485930014,2.545415
2026-06-29T19:52:54,dl,ue8,2601161,2467810.313149953,2.467810
2026-06-29T19:52:54,dl,ue9,2601891,2405727.1510337377,2.405727
2026-06-29T19:52:54,dl,ue10,2601903,2457463.30799577,2.457463
2026-06-29T19:52:54,dl,ue11,2601915,2483331.197944933,2.483331
2026-06-29T19:52:54,dl,ue12,2601927,2441942.2346689366,2.441942
2026-06-29T19:52:54,dl,ue13,2602658,2421247.847296865,2.421248
2026-06-29T19:52:54,dl,ue14,2602670,2385032.575129813,2.385033
2026-06-29T19:52:54,dl,ue15,2602684,2447115.925777881,2.447116
2026-06-29T19:52:54,dl,ue16,2602712,2483331.197944933,2.483331
2026-06-29T19:53:00,dl,cu_cp1,2600076,705529.7674421177,0.705530
2026-06-29T19:53:00,dl,cu_up1,2600103,1063639.63390629,1.063640
2026-06-29T19:53:00,dl,cu_cp2,2600111,721564.5509302095,0.721565
2026-06-29T19:53:00,dl,cu_up2,2600138,1101054.0659532666,1.101054
2026-06-29T19:53:00,dl,du1,2600301,6237524.281355632,6.237524
2026-06-29T19:53:00,dl,du2,2601079,5975623.351164651,5.975623
2026-06-29T19:53:00,dl,du3,2601847,6173385.147403264,6.173385
2026-06-29T19:53:00,dl,du4,2602612,6114591.5374866845,6.114592
2026-06-29T19:53:00,dl,ue1,2600364,2480044.1279991744,2.480044
2026-06-29T19:53:00,dl,ue2,2600376,2522803.425116944,2.522803
2026-06-29T19:53:00,dl,ue3,2600388,2490733.8581407606,2.490734
2026-06-29T19:53:00,dl,ue4,2600400,2672461.3415805637,2.672461
2026-06-29T19:53:00,dl,ue5,2601125,2314351.333909607,2.314351
2026-06-29T19:53:00,dl,ue6,2601137,2351765.86009444,2.351766
2026-06-29T19:53:00,dl,ue7,2601149,2415904.9940468073,2.415905
2026-06-29T19:53:00,dl,ue8,2601161,2394525.15721221,2.394525
2026-06-29T19:53:00,dl,ue9,2601891,2522803.425116944,2.522803
2026-06-29T19:53:00,dl,ue10,2601903,2517458.465908295,2.517458
2026-06-29T19:53:00,dl,ue11,2601915,2549527.844608766,2.549528
2026-06-29T19:53:00,dl,ue12,2601927,2528148.3843255937,2.528148
2026-06-29T19:53:00,dl,ue13,2602658,2437284.642605692,2.437285
2026-06-29T19:53:00,dl,ue14,2602670,2426594.7241883934,2.426595
2026-06-29T19:53:00,dl,ue15,2602684,2458664.291164577,2.458664
2026-06-29T19:53:00,dl,ue16,2602712,2453319.5202316404,2.453320
2026-06-29T19:53:06,dl,cu_cp1,2600076,741877.86127464,0.741878
2026-06-29T19:53:06,dl,cu_up1,2600103,1036596.4598251157,1.036596
2026-06-29T19:53:06,dl,cu_cp2,2600111,691064.3065500772,0.691064
2026-06-29T19:53:06,dl,cu_up2,2600138,1107735.47414348,1.107735
2026-06-29T19:53:06,dl,du1,2600301,6270392.219415316,6.270392
2026-06-29T19:53:06,dl,du2,2601079,5884209.241212616,5.884209
2026-06-29T19:53:06,dl,du3,2601847,6107788.919704668,6.107789
2026-06-29T19:53:06,dl,du4,2602612,6189090.758079874,6.189091
2026-06-29T19:53:06,dl,ue1,2600364,2479701.357446734,2.479701
2026-06-29T19:53:06,dl,ue2,2600376,2510189.735357318,2.510190
2026-06-29T19:53:06,dl,ue3,2600388,2561003.1958219395,2.561003
2026-06-29T19:53:06,dl,ue4,2600400,2845558.8760556327,2.845559
2026-06-29T19:53:06,dl,ue5,2601125,2347586.058606906,2.347586
2026-06-29T19:53:06,dl,ue6,2601137,2378074.247997608,2.378074
2026-06-29T19:53:06,dl,ue7,2601149,2428887.896982112,2.428888
2026-06-29T19:53:06,dl,ue8,2601161,2408562.43738831,2.408562
2026-06-29T19:53:06,dl,ue9,2601891,2469538.816169715,2.469539
2026-06-29T19:53:06,dl,ue10,2601903,2439050.438259131,2.439050
2026-06-29T19:53:06,dl,ue11,2601915,2520352.276634337,2.520352
2026-06-29T19:53:06,dl,ue12,2601927,2500026.628520653,2.500027
2026-06-29T19:53:06,dl,ue13,2602658,2479701.357446734,2.479701
2026-06-29T19:53:06,dl,ue14,2602670,2439050.438259131,2.439050
2026-06-29T19:53:06,dl,ue15,2602684,2500026.628520653,2.500027
2026-06-29T19:53:06,dl,ue16,2602712,2449213.1680560317,2.449213
2026-06-29T19:53:12,dl,cu_cp1,2600076,717925.1886384338,0.717925
2026-06-29T19:53:12,dl,cu_up1,2600103,1098865.0500712127,1.098865
2026-06-29T19:53:12,dl,cu_cp2,2600111,695947.8744583965,0.695948
2026-06-29T19:53:12,dl,cu_up2,2600138,1091539.3414331675,1.091539
2026-06-29T19:53:12,dl,du1,2600301,6102363.962227261,6.102364
2026-06-29T19:53:12,dl,du2,2601079,6117015.567769254,6.117016
2026-06-29T19:53:12,dl,du3,2601847,6182947.416176414,6.182947
2026-06-29T19:53:12,dl,du4,2602612,6095037.782924461,6.095038
2026-06-29T19:53:12,dl,ue1,2600364,2410177.250905901,2.410177
2026-06-29T19:53:12,dl,ue2,2600376,2461457.682036972,2.461458
2026-06-29T19:53:12,dl,ue3,2600388,2490760.8931209566,2.490761
2026-06-29T19:53:12,dl,ue4,2600400,2564018.356033212,2.564018
2026-06-29T19:53:12,dl,ue5,2601125,2366222.8108117282,2.366223
2026-06-29T19:53:12,dl,ue6,2601137,2366222.8108117282,2.366223
2026-06-29T19:53:12,dl,ue7,2601149,2439480.4619898857,2.439480
2026-06-29T19:53:12,dl,ue8,2601161,2476109.287578964,2.476109
2026-06-29T19:53:12,dl,ue9,2601891,2439480.4619898857,2.439480
2026-06-29T19:53:12,dl,ue10,2601903,2483434.9020840586,2.483435
2026-06-29T19:53:12,dl,ue11,2601915,2512738.3014339446,2.512738
2026-06-29T19:53:12,dl,ue12,2601927,2542041.1359861256,2.542041
2026-06-29T19:53:12,dl,ue13,2602658,2454131.879265976,2.454132
2026-06-29T19:53:12,dl,ue14,2602670,2439480.4619898857,2.439480
2026-06-29T19:53:12,dl,ue15,2602684,2490760.8931209566,2.490761
2026-06-29T19:53:12,dl,ue16,2602712,2505412.3103970466,2.505412
2026-06-29T19:53:18,dl,cu_cp1,2600076,695653.0163169861,0.695653
2026-06-29T19:53:18,dl,cu_up1,2600103,1125451.228271184,1.125451
2026-06-29T19:53:18,dl,cu_cp2,2600111,691222.0101275134,0.691222
2026-06-29T19:53:18,dl,cu_up2,2600138,1094434.8926150752,1.094435
2026-06-29T19:53:18,dl,du1,2600301,6225429.4747612,6.225429
2026-06-29T19:53:18,dl,du2,2601079,6345063.858374176,6.345064
2026-06-29T19:53:18,dl,du3,2601847,6092501.8366897395,6.092502
2026-06-29T19:53:18,dl,du4,2602612,6074778.378068008,6.074778
2026-06-29T19:53:18,dl,ue1,2600364,2366106.258567991,2.366106
2026-06-29T19:53:18,dl,ue2,2600376,2419277.2005693438,2.419277
2026-06-29T19:53:18,dl,ue3,2600388,2476879.101582155,2.476879
2026-06-29T19:53:18,dl,ue4,2600400,2516757.1665491294,2.516757
2026-06-29T19:53:18,dl,ue5,2601125,2490171.78990448,2.490172
2026-06-29T19:53:18,dl,ue6,2601137,2512326.20753767,2.512326
2026-06-29T19:53:18,dl,ue7,2601149,2521187.9368485357,2.521188
2026-06-29T19:53:18,dl,ue8,2601161,2600944.4442065908,2.600944
2026-06-29T19:53:18,dl,ue9,2601891,2450293.5362254526,2.450294
2026-06-29T19:53:18,dl,ue10,2601903,2468017.1835592366,2.468017
2026-06-29T19:53:18,dl,ue11,2601915,2525618.895859995,2.525619
2026-06-29T19:53:18,dl,ue12,2601927,2485740.8308930206,2.485741
2026-06-29T19:53:18,dl,ue13,2602658,2516757.1665491294,2.516757
2026-06-29T19:53:18,dl,ue14,2602670,2472448.142570696,2.472448
2026-06-29T19:53:18,dl,ue15,2602684,2534481.002594967,2.534481
2026-06-29T19:53:18,dl,ue16,2602712,2534481.002594967,2.534481
2026-06-29T19:53:24,dl,cu_cp1,2600076,734445.669908849,0.734446
2026-06-29T19:53:24,dl,cu_up1,2600103,1101668.5284635352,1.101669
2026-06-29T19:53:24,dl,cu_cp2,2600111,699232.474474343,0.699232
2026-06-29T19:53:24,dl,cu_up2,2600138,1116759.8574778747,1.116760
2026-06-29T19:53:24,dl,du1,2600301,6252848.584629279,6.252849
2026-06-29T19:53:24,dl,du2,2601079,6101935.672090072,6.101936
2026-06-29T19:53:24,dl,du3,2601847,5991265.548380728,5.991266
2026-06-29T19:53:24,dl,du4,2602612,6242787.698619719,6.242788
2026-06-29T19:53:24,dl,ue1,2600364,2525285.7868371676,2.525286
2026-06-29T19:53:24,dl,ue2,2600376,2454859.395968156,2.454859
2026-06-29T19:53:24,dl,ue3,2600388,2560498.8878706265,2.560499
2026-06-29T19:53:24,dl,ue4,2600400,2676199.2657826566,2.676199
2026-06-29T19:53:24,dl,ue5,2601125,2485042.053996835,2.485042
2026-06-29T19:53:24,dl,ue6,2601137,2545407.3700541924,2.545407
2026-06-29T19:53:24,dl,ue7,2601149,2580620.84869184,2.580621
2026-06-29T19:53:24,dl,ue8,2601161,2595711.988904085,2.595712
2026-06-29T19:53:24,dl,ue9,2601891,2278793.701998768,2.278794
2026-06-29T19:53:24,dl,ue10,2601903,2329098.132046566,2.329098
2026-06-29T19:53:24,dl,ue11,2601915,2329098.132046566,2.329098
2026-06-29T19:53:24,dl,ue12,2601927,2394494.079910798,2.394494
2026-06-29T19:53:24,dl,ue13,2602658,2545407.3700541924,2.545407
2026-06-29T19:53:24,dl,ue14,2602670,2474981.3567893696,2.474981
2026-06-29T19:53:24,dl,ue15,2602684,2555468.4448658465,2.555468
2026-06-29T19:53:24,dl,ue16,2602712,2530316.2298419476,2.530316
2026-06-29T19:53:30,dl,cu_cp1,2600076,702072.8162199194,0.702073
2026-06-29T19:53:30,dl,cu_up1,2600103,1096313.7773248684,1.096314
2026-06-29T19:53:30,dl,cu_cp2,2600111,739876.7199163884,0.739877
2026-06-29T19:53:30,dl,cu_up2,2600138,988302.5017362571,0.988303
2026-06-29T19:53:30,dl,du1,2600301,6237647.245617356,6.237647
2026-06-29T19:53:30,dl,du2,2601079,6172840.499268431,6.172840
2026-06-29T19:53:30,dl,du3,2601847,6172840.499268431,6.172840
2026-06-29T19:53:30,dl,du4,2602612,6237647.245617356,6.237647
2026-06-29T19:53:30,dl,ue1,2600364,2576067.217157645,2.576067
2026-06-29T19:53:30,dl,ue2,2600376,2559865.530570414,2.559866
2026-06-29T19:53:30,dl,ue3,2600388,2651675.024550583,2.651675
2026-06-29T19:53:30,dl,ue4,2600400,2586868.4682440804,2.586868
2026-06-29T19:53:30,dl,ue5,2601125,2559865.530570414,2.559866
2026-06-29T19:53:30,dl,ue6,2601137,2576067.217157645,2.576067
2026-06-29T19:53:30,dl,ue7,2601149,2613871.0258329036,2.613871
2026-06-29T19:53:30,dl,ue8,2601161,2738084.083029957,2.738084
2026-06-29T19:53:30,dl,ue9,2601891,2424851.602371769,2.424852
2026-06-29T19:53:30,dl,ue10,2601903,2451854.3500030134,2.451854
2026-06-29T19:53:30,dl,ue11,2601915,2462655.601089449,2.462656
2026-06-29T19:53:30,dl,ue12,2601927,2478857.28767668,2.478857
2026-06-29T19:53:30,dl,ue13,2602658,2559865.530570414,2.559866
2026-06-29T19:53:30,dl,ue14,2602670,2516661.0963519383,2.516661
2026-06-29T19:53:30,dl,ue15,2602684,2543663.8439831827,2.543664
2026-06-29T19:53:30,dl,ue16,2602712,2554465.0950696184,2.554465
2026-06-29T19:53:36,dl,cu_cp1,2600076,743781.4300512326,0.743781
2026-06-29T19:53:36,dl,cu_up1,2600103,1146663.0813263727,1.146663
2026-06-29T19:53:36,dl,cu_cp2,2600111,702460.2289884132,0.702460
2026-06-29T19:53:36,dl,cu_up2,2600138,1115672.192346728,1.115672
2026-06-29T19:53:36,dl,du1,2600301,6394454.4345574565,6.394454
2026-06-29T19:53:36,dl,du2,2601079,6063884.826054902,6.063885
2026-06-29T19:53:36,dl,du3,2601847,6125866.604014192,6.125867
2026-06-29T19:53:36,dl,du4,2602612,6177517.833540912,6.177518
2026-06-29T19:53:36,dl,ue1,2600364,2510262.5745897745,2.510263
2026-06-29T19:53:36,dl,ue2,2600376,2623895.7711553,2.623896
2026-06-29T19:53:36,dl,ue3,2600388,2706537.889661665,2.706538
2026-06-29T19:53:36,dl,ue4,2600400,2654886.471055429,2.654886
2026-06-29T19:53:36,dl,ue5,2601125,2520592.744863312,2.520593
2026-06-29T19:53:36,dl,ue6,2601137,2561913.9931960106,2.561914
2026-06-29T19:53:36,dl,ue7,2601149,2603235.052449193,2.603235
2026-06-29T19:53:36,dl,ue8,2601161,2541253.2744899034,2.541253
2026-06-29T19:53:36,dl,ue9,2601891,2365638.2999650883,2.365638
2026-06-29T19:53:36,dl,ue10,2601903,2386298.8295916794,2.386299
2026-06-29T19:53:36,dl,ue11,2601915,2448280.6075509693,2.448281
2026-06-29T19:53:36,dl,ue12,2601927,2623895.7711553,2.623896
2026-06-29T19:53:36,dl,ue13,2602658,2344977.581258981,2.344978
2026-06-29T19:53:36,dl,ue14,2602670,2282995.8032996915,2.282996
2026-06-29T19:53:36,dl,ue15,2602684,2355307.940612035,2.355308
2026-06-29T19:53:36,dl,ue16,2602712,2582574.5228226017,2.582575
2026-06-29T19:53:42,dl,cu_cp1,2600076,732192.412484014,0.732192
2026-06-29T19:53:42,dl,cu_up1,2600103,1072402.9815210612,1.072403
2026-06-29T19:53:42,dl,cu_cp2,2600111,687817.0817611947,0.687817
2026-06-29T19:53:42,dl,cu_up2,2600138,1065007.1798624396,1.065007
2026-06-29T19:53:42,dl,du1,2600301,6072019.725742149,6.072020
2026-06-29T19:53:42,dl,du2,2601079,6227333.359600604,6.227333
2026-06-29T19:53:42,dl,du3,2601847,6234729.066573572,6.234729
2026-06-29T19:53:42,dl,du4,2602612,6397438.407404995,6.397438
2026-06-29T19:53:42,dl,ue1,2600364,2374078.3709720136,2.374078
2026-06-29T19:53:42,dl,ue2,2600376,2425849.4560106276,2.425849
2026-06-29T19:53:42,dl,ue3,2600388,2359286.578283465,2.359287
2026-06-29T19:53:42,dl,ue4,2600400,2448037.1450434504,2.448037
2026-06-29T19:53:42,dl,ue5,2601125,2573767.382896113,2.573767
2026-06-29T19:53:42,dl,ue6,2601137,2632934.364279002,2.632934
2026-06-29T19:53:42,dl,ue7,2601149,2647725.967596245,2.647726
2026-06-29T19:53:42,dl,ue8,2601161,2669913.8460003734,2.669914
2026-06-29T19:53:42,dl,ue9,2601891,2507204.126426339,2.507204
2026-06-29T19:53:42,dl,ue10,2601903,2448037.1450434504,2.448037
2026-06-29T19:53:42,dl,ue11,2601915,2499808.4194533704,2.499808
2026-06-29T19:53:42,dl,ue12,2601927,2529392.0048304675,2.529392
2026-06-29T19:53:42,dl,ue13,2602658,2588558.9862133563,2.588559
2026-06-29T19:53:42,dl,ue14,2602670,2603350.5895305993,2.603351
2026-06-29T19:53:42,dl,ue15,2602684,2632934.364279002,2.632934
2026-06-29T19:53:42,dl,ue16,2602712,2647725.967596245,2.647726
2026-06-29T19:53:48,dl,cu_cp1,2600076,717998.5027823836,0.717999
2026-06-29T19:53:48,dl,cu_up1,2600103,1081429.8647280396,1.081430
2026-06-29T19:53:48,dl,cu_cp2,2600111,691405.9814156324,0.691406
2026-06-29T19:53:48,dl,cu_up2,2600138,1108022.3860947907,1.108022
2026-06-29T19:53:48,dl,du1,2600301,5983320.903839874,5.983321
2026-06-29T19:53:48,dl,du2,2601079,6337887.855396557,6.337888
2026-06-29T19:53:48,dl,du3,2601847,6240382.132998514,6.240382
2026-06-29T19:53:48,dl,du4,2602612,6324591.689353203,6.324592
2026-06-29T19:53:48,dl,ue1,2600364,2322415.046936631,2.322415
2026-06-29T19:53:48,dl,ue2,2600376,2335711.2129799845,2.335711
2026-06-29T19:53:48,dl,ue3,2600388,2304686.510078752,2.304687
2026-06-29T19:53:48,dl,ue4,2600400,2384464.2634590506,2.384464
2026-06-29T19:53:48,dl,ue5,2601125,2539587.2101250766,2.539587
2026-06-29T19:53:48,dl,ue6,2601137,2623796.955759811,2.623797
2026-06-29T19:53:48,dl,ue7,2601149,2663685.643169916,2.663686
2026-06-29T19:53:48,dl,ue8,2601161,2694710.535351193,2.694711
2026-06-29T19:53:48,dl,ue9,2601891,2495266.3411804913,2.495266
2026-06-29T19:53:48,dl,ue10,2601903,2512994.8780383705,2.512995
2026-06-29T19:53:48,dl,ue11,2601915,2566179.920771873,2.566180
2026-06-29T19:53:48,dl,ue12,2601927,2619364.963505375,2.619365
2026-06-29T19:53:48,dl,ue13,2602658,2557315.746982956,2.557316
2026-06-29T19:53:48,dl,ue14,2602670,2499698.5227149725,2.499699
2026-06-29T19:53:48,dl,ue15,2602684,2592772.631418669,2.592773
2026-06-29T19:53:48,dl,ue16,2602712,2623796.955759811,2.623797
2026-06-29T19:53:54,dl,cu_cp1,2600076,705291.2015890164,0.705291
2026-06-29T19:53:54,dl,cu_up1,2600103,1095992.1014037018,1.095992
2026-06-29T19:53:54,dl,cu_cp2,2600111,695143.1029474353,0.695143
2026-06-29T19:53:54,dl,cu_up2,2600138,1090918.004825744,1.090918
2026-06-29T19:53:54,dl,du1,2600301,6337472.715659566,6.337473
2026-06-29T19:53:54,dl,du2,2601079,6235991.918272426,6.235992
2026-06-29T19:53:54,dl,du3,2601847,6342547.001266194,6.342547
2026-06-29T19:53:54,dl,du4,2602612,5956920.198029466,5.956920
2026-06-29T19:53:54,dl,ue1,2600364,2455834.01137383,2.455834
2026-06-29T19:53:54,dl,ue2,2600376,2516722.414194646,2.516722
2026-06-29T19:53:54,dl,ue3,2600388,2547166.615605054,2.547167
2026-06-29T19:53:54,dl,ue4,2600400,2597907.2033272935,2.597907
2026-06-29T19:53:54,dl,ue5,2601125,2465982.2045297455,2.465982
2026-06-29T19:53:54,dl,ue6,2601137,2516722.414194646,2.516722
2026-06-29T19:53:54,dl,ue7,2601149,2557314.8087609694,2.557315
2026-06-29T19:53:54,dl,ue8,2601161,2577610.817015462,2.577611
2026-06-29T19:53:54,dl,ue9,2601891,2531944.51489985,2.531945
2026-06-29T19:53:54,dl,ue10,2601903,2542092.708055766,2.542093
2026-06-29T19:53:54,dl,ue11,2601915,2542092.708055766,2.542093
2026-06-29T19:53:54,dl,ue12,2601927,2663869.7027260675,2.663870
2026-06-29T19:53:54,dl,ue13,2602658,2313761.0084490357,2.313761
2026-06-29T19:53:54,dl,ue14,2602670,2379723.5078478097,2.379724
2026-06-29T19:53:54,dl,ue15,2602684,2374649.411269852,2.374649
2026-06-29T19:53:54,dl,ue16,2602712,2405093.8017089297,2.405094
2026-06-29T19:54:00,dl,cu_cp1,2600076,705425.0676718641,0.705425
2026-06-29T19:54:00,dl,cu_up1,2600103,1066215.0361842453,1.066215
2026-06-29T19:54:00,dl,cu_cp2,2600111,667730.6406713694,0.667731
2026-06-29T19:54:00,dl,cu_up2,2600138,1087754.6411535358,1.087755
2026-06-29T19:54:00,dl,du1,2600301,6101119.063500962,6.101119
2026-06-29T19:54:00,dl,du2,2601079,6208817.56156436,6.208818
2026-06-29T19:54:00,dl,du3,2601847,6343440.589500218,6.343441
2026-06-29T19:54:00,dl,du4,2602612,6149583.292986102,6.149583
2026-06-29T19:54:00,dl,ue1,2600364,2331672.009855609,2.331672
2026-06-29T19:54:00,dl,ue2,2600376,2337057.029402168,2.337057
2026-06-29T19:54:00,dl,ue3,2600388,2390906.2784338663,2.390906
2026-06-29T19:54:00,dl,ue4,2600400,2455525.377271905,2.455525
2026-06-29T19:54:00,dl,ue5,2601125,2552454.2148157405,2.552454
2026-06-29T19:54:00,dl,ue6,2601137,2579378.7446882008,2.579379
2026-06-29T19:54:00,dl,ue7,2601149,2595533.4247543216,2.595533
2026-06-29T19:54:00,dl,ue8,2601161,2627842.974173341,2.627843
2026-06-29T19:54:00,dl,ue9,2601891,2584763.5749479816,2.584764
2026-06-29T19:54:00,dl,ue10,2601903,2573993.725141642,2.573994
2026-06-29T19:54:00,dl,ue11,2601915,2595533.4247543216,2.595533
2026-06-29T19:54:00,dl,ue12,2601927,2670922.5626854775,2.670923
2026-06-29T19:54:00,dl,ue13,2602658,2509374.4370168257,2.509374
2026-06-29T19:54:00,dl,ue14,2602670,2503989.606757045,2.503990
2026-06-29T19:54:00,dl,ue15,2602684,2536299.345462842,2.536299
2026-06-29T19:54:00,dl,ue16,2602712,2509374.4370168257,2.509374
2026-06-29T19:54:06,dl,cu_cp1,2600076,722912.817709288,0.722913
2026-06-29T19:54:06,dl,cu_up1,2600103,1025025.6054191173,1.025026
2026-06-29T19:54:06,dl,cu_cp2,2600111,701333.2891412532,0.701333
2026-06-29T19:54:06,dl,cu_up2,2600138,1089764.0498364544,1.089764
2026-06-29T19:54:06,dl,du1,2600301,6225681.958955031,6.225682
2026-06-29T19:54:06,dl,du2,2601079,6193312.595459594,6.193313
2026-06-29T19:54:06,dl,du3,2601847,6042255.565814228,6.042256
2026-06-29T19:54:06,dl,du4,2602612,6279630.521349378,6.279631
2026-06-29T19:54:06,dl,ue1,2600364,2406112.702229178,2.406113
2026-06-29T19:54:06,dl,ue2,2600376,2503220.415950773,2.503220
2026-06-29T19:54:06,dl,ue3,2600388,2589538.341840556,2.589538
2026-06-29T19:54:06,dl,ue4,2600400,2600327.9412900116,2.600328
2026-06-29T19:54:06,dl,ue5,2601125,2406112.702229178,2.406113
2026-06-29T19:54:06,dl,ue6,2601137,2449271.6651740693,2.449272
2026-06-29T19:54:06,dl,ue7,2601149,2557168.97834512,2.557169
2026-06-29T19:54:06,dl,ue8,2601161,2492430.816501317,2.492431
2026-06-29T19:54:06,dl,ue9,2601891,2352163.9514524746,2.352164
2026-06-29T19:54:06,dl,ue10,2601903,2384533.126565554,2.384533
2026-06-29T19:54:06,dl,ue11,2601915,2298215.3890581275,2.298215
2026-06-29T19:54:06,dl,ue12,2601927,2373743.338733742,2.373743
2026-06-29T19:54:06,dl,ue13,2602658,2438481.8773422576,2.438482
2026-06-29T19:54:06,dl,ue14,2602670,2514010.2037825845,2.514010
2026-06-29T19:54:06,dl,ue15,2602684,2449271.6651740693,2.449272
2026-06-29T19:54:06,dl,ue16,2602712,2449271.6651740693,2.449272
2026-06-29T19:54:12,dl,cu_cp1,2600076,704323.7405554748,0.704324
2026-06-29T19:54:12,dl,cu_up1,2600103,1099054.6416476846,1.099055
2026-06-29T19:54:12,dl,cu_cp2,2600111,704323.7405554748,0.704324
2026-06-29T19:54:12,dl,cu_up2,2600138,1099054.6416476846,1.099055
2026-06-29T19:54:12,dl,du1,2600301,6238295.852495537,6.238296
2026-06-29T19:54:12,dl,du2,2601079,6122198.762602348,6.122199
2026-06-29T19:54:12,dl,du3,2601847,6292475.075254373,6.292475
2026-06-29T19:54:12,dl,du4,2602612,6246035.633235864,6.246036
2026-06-29T19:54:12,dl,ue1,2600364,2492222.655975046,2.492223
2026-06-29T19:54:12,dl,ue2,2600376,2523181.7789363577,2.523182
2026-06-29T19:54:12,dl,ue3,2600388,2561880.872032132,2.561881
2026-06-29T19:54:12,dl,ue4,2600400,2608319.7458682344,2.608320
2026-06-29T19:54:12,dl,ue5,2601125,2352905.8450726033,2.352906
2026-06-29T19:54:12,dl,ue6,2601137,2391604.7487742426,2.391605
2026-06-29T19:54:12,dl,ue7,2601149,2414824.2803893615,2.414824
2026-06-29T19:54:12,dl,ue8,2601161,2469003.124359927,2.469003
2026-06-29T19:54:12,dl,ue9,2601891,2523181.7789363577,2.523182
2026-06-29T19:54:12,dl,ue10,2601903,2569620.65277246,2.569621
2026-06-29T19:54:12,dl,ue11,2601915,2585100.403647251,2.585100
2026-06-29T19:54:12,dl,ue12,2601927,2662498.5898388005,2.662499
2026-06-29T19:54:12,dl,ue13,2602658,2592840.3737817146,2.592840
2026-06-29T19:54:12,dl,ue14,2602670,2577360.6229069233,2.577361
2026-06-29T19:54:12,dl,ue15,2602684,2554141.28068594,2.554141
2026-06-29T19:54:12,dl,ue16,2602712,2600579.9651279068,2.600580
2026-06-29T19:54:18,dl,cu_cp1,2600076,701036.6253087544,0.701037
2026-06-29T19:54:18,dl,cu_up1,2600103,1093974.2949972916,1.093974
2026-06-29T19:54:18,dl,cu_cp2,2600111,709967.031189524,0.709967
2026-06-29T19:54:18,dl,cu_up2,2600138,1080578.7334424674,1.080579
2026-06-29T19:54:18,dl,du1,2600301,6077139.074878783,6.077139
2026-06-29T19:54:18,dl,du2,2601079,6461146.244153891,6.461146
2026-06-29T19:54:18,dl,du3,2601847,6077139.074878783,6.077139
2026-06-29T19:54:18,dl,du4,2602612,6295933.782625985,6.295934
2026-06-29T19:54:18,dl,ue1,2600364,2326369.9284128402,2.326370
2026-06-29T19:54:18,dl,ue2,2600376,2393347.8307196214,2.393348
2026-06-29T19:54:18,dl,ue3,2600388,2420139.14289459,2.420139
2026-06-29T19:54:18,dl,ue4,2600400,2424604.2985686446,2.424604
2026-06-29T19:54:18,dl,ue5,2601125,2540699.6695513083,2.540700
2026-06-29T19:54:18,dl,ue6,2601137,2527304.0134638236,2.527304
2026-06-29T19:54:18,dl,ue7,2601149,2612142.7275321437,2.612143
2026-06-29T19:54:18,dl,ue8,2601161,2705911.9420138933,2.705912
2026-06-29T19:54:18,dl,ue9,2601891,2379952.363697457,2.379952
2026-06-29T19:54:18,dl,ue10,2601903,2420139.14289459,2.420139
2026-06-29T19:54:18,dl,ue11,2601915,2429069.6433080197,2.429070
2026-06-29T19:54:18,dl,ue12,2601927,2536234.5138772535,2.536235
2026-06-29T19:54:18,dl,ue13,2602658,2487117.0452013705,2.487117
2026-06-29T19:54:18,dl,ue14,2602670,2603212.416184034,2.603212
2026-06-29T19:54:18,dl,ue15,2602684,2545164.8252253626,2.545165
2026-06-29T19:54:18,dl,ue16,2602712,2607677.571858089,2.607678
2026-06-29T19:54:29,dl,cu_cp1,2600076,694667.9728199628,0.694668
2026-06-29T19:54:29,dl,cu_up1,2600103,1031314.7170844239,1.031315
2026-06-29T19:54:29,dl,cu_cp2,2600111,683980.7543209285,0.683981
2026-06-29T19:54:29,dl,cu_up2,2600138,1122156.003386758,1.122156
2026-06-29T19:54:29,dl,du1,2600301,6086360.317927866,6.086360
2026-06-29T19:54:29,dl,du2,2601079,6000862.569935591,6.000863
2026-06-29T19:54:29,dl,du3,2601847,6284073.316290825,6.284073
2026-06-29T19:54:29,dl,du4,2602612,6177201.036714537,6.177201
2026-06-29T19:54:29,dl,ue1,2600364,2324465.838111956,2.324466
2026-06-29T19:54:29,dl,ue2,2600376,2335153.1039039623,2.335153
2026-06-29T19:54:29,dl,ue3,2600388,2377901.788728212,2.377902
2026-06-29T19:54:29,dl,ue4,2600400,2383245.5162101593,2.383246
2026-06-29T19:54:29,dl,ue5,2601125,2297747.7682178845,2.297748
2026-06-29T19:54:29,dl,ue6,2601137,2393932.7820021654,2.393933
2026-06-29T19:54:29,dl,ue7,2601149,2415307.1244142903,2.415307
2026-06-29T19:54:29,dl,ue8,2601161,2436681.466826415,2.436681
2026-06-29T19:54:29,dl,ue9,2601891,2607676.5844671894,2.607677
2026-06-29T19:54:29,dl,ue10,2601903,2677143.3391855108,2.677143
2026-06-29T19:54:29,dl,ue11,2601915,2650425.4584633266,2.650425
2026-06-29T19:54:29,dl,ue12,2601927,2746610.28307572,2.746610
2026-06-29T19:54:29,dl,ue13,2602658,2570271.248781111,2.570271
2026-06-29T19:54:29,dl,ue14,2602670,2506148.2215447365,2.506148
2026-06-29T19:54:29,dl,ue15,2602684,2564927.8996429397,2.564928
2026-06-29T19:54:29,dl,ue16,2602712,2623707.388569255,2.623707
2026-06-29T19:54:35,dl,cu_cp1,2600076,694378.3951961232,0.694378
2026-06-29T19:54:35,dl,cu_up1,2600103,1098086.7952061177,1.098087
2026-06-29T19:54:35,dl,cu_cp2,2600111,688995.6454551459,0.688996
2026-06-29T19:54:35,dl,cu_up2,2600138,1125000.6382343387,1.125001
2026-06-29T19:54:35,dl,du1,2600301,6195577.682061996,6.195578
2026-06-29T19:54:35,dl,du2,2601079,6265553.523018036,6.265554
2026-06-29T19:54:35,dl,du3,2601847,6244022.524054127,6.244023
2026-06-29T19:54:35,dl,du4,2602612,6066390.933691864,6.066391
2026-06-29T19:54:35,dl,ue1,2600364,2319977.306071386,2.319977
2026-06-29T19:54:35,dl,ue2,2600376,2330742.9942000103,2.330743
2026-06-29T19:54:35,dl,ue3,2600388,2406101.867867031,2.406102
2026-06-29T19:54:35,dl,ue4,2600400,2443781.210377207,2.443781
2026-06-29T19:54:35,dl,ue5,2601125,2551436.7711367607,2.551437
2026-06-29T19:54:35,dl,ue6,2601137,2519140.0840442274,2.519140
2026-06-29T19:54:35,dl,ue7,2601149,2572967.77010067,2.572968
2026-06-29T19:54:35,dl,ue8,2601161,2578350.802811651,2.578351
2026-06-29T19:54:35,dl,ue9,2601891,2497609.0850803186,2.497609
2026-06-29T19:54:35,dl,ue10,2601903,2556819.615201073,2.556820
2026-06-29T19:54:35,dl,ue11,2601915,2616030.3339684964,2.616030
2026-06-29T19:54:35,dl,ue12,2601927,2562202.2706187153,2.562202
2026-06-29T19:54:35,dl,ue13,2602658,2438398.554959564,2.438399
2026-06-29T19:54:35,dl,ue14,2602670,2406101.867867031,2.406102
2026-06-29T19:54:35,dl,ue15,2602684,2411484.711931343,2.411485
2026-06-29T19:54:35,dl,ue16,2602712,2583733.646875963,2.583734
2026-06-29T19:54:41,dl,cu_cp1,2600076,745533.6680612433,0.745534
2026-06-29T19:54:41,dl,cu_up1,2600103,1018545.9660437393,1.018546
2026-06-29T19:54:41,dl,cu_cp2,2600111,693031.2831454718,0.693031
2026-06-29T19:54:41,dl,cu_up2,2600138,1134051.156360519,1.134051
2026-06-29T19:54:41,dl,du1,2600301,6111275.419609652,6.111275
2026-06-29T19:54:41,dl,du2,2601079,6142777.151881342,6.142777
2026-06-29T19:54:41,dl,du3,2601847,6415789.026129455,6.415789
2026-06-29T19:54:41,dl,du4,2602612,6006271.403083677,6.006271
2026-06-29T19:54:41,dl,ue1,2600364,2331105.0239588497,2.331105
2026-06-29T19:54:41,dl,ue2,2600376,2383607.5972010135,2.383608
2026-06-29T19:54:41,dl,ue3,2600388,2404608.438171487,2.404608
2026-06-29T19:54:41,dl,ue4,2600400,2352106.2415821077,2.352106
2026-06-29T19:54:41,dl,ue5,2601125,2457111.0114136506,2.457111
2026-06-29T19:54:41,dl,ue6,2601137,2467611.337735691,2.467611
2026-06-29T19:54:41,dl,ue7,2601149,2478112.040710516,2.478112
2026-06-29T19:54:41,dl,ue8,2601161,2593616.9485377073,2.593617
2026-06-29T19:54:41,dl,ue9,2601891,2541114.751948328,2.541115
2026-06-29T19:54:41,dl,ue10,2601903,2551615.0782703687,2.551615
2026-06-29T19:54:41,dl,ue11,2601915,2635619.0071314382,2.635619
2026-06-29T19:54:41,dl,ue12,2601927,2782625.458903928,2.782625
2026-06-29T19:54:41,dl,ue13,2602658,2436109.793790393,2.436110
2026-06-29T19:54:41,dl,ue14,2602670,2352106.2415821077,2.352106
2026-06-29T19:54:41,dl,ue15,2602684,2404608.438171487,2.404608
2026-06-29T19:54:41,dl,ue16,2602712,2467611.337735691,2.467611
2026-06-29T19:54:47,dl,cu_cp1,2600076,682845.9333740607,0.682846
2026-06-29T19:54:47,dl,cu_up1,2600103,1125570.2354953587,1.125570
2026-06-29T19:54:47,dl,cu_cp2,2600111,675342.1412972152,0.675342
2026-06-29T19:54:47,dl,cu_up2,2600138,982997.948707205,0.982998
2026-06-29T19:54:47,dl,du1,2600301,6175628.900933254,6.175629
2026-06-29T19:54:47,dl,du2,2601079,6318200.807996464,6.318201
2026-06-29T19:54:47,dl,du3,2601847,6168125.156322027,6.168125
2026-06-29T19:54:47,dl,du4,2602612,6198139.755041992,6.198140
2026-06-29T19:54:47,dl,ue1,2600364,2408720.247001326,2.408720
2026-06-29T19:54:47,dl,ue2,2600376,2431231.6706974804,2.431232
2026-06-29T19:54:47,dl,ue3,2600388,2528780.9202308534,2.528781
2026-06-29T19:54:47,dl,ue4,2600400,2476254.518089789,2.476255
2026-06-29T19:54:47,dl,ue5,2601125,2626330.5494891703,2.626331
2026-06-29T19:54:47,dl,ue6,2601137,2573803.7676231624,2.573804
2026-06-29T19:54:47,dl,ue7,2601149,2603819.125793016,2.603819
2026-06-29T19:54:47,dl,ue8,2601161,2671353.396881479,2.671353
2026-06-29T19:54:47,dl,ue9,2601891,2476254.518089789,2.476255
2026-06-29T19:54:47,dl,ue10,2601903,2551292.343927008,2.551292
2026-06-29T19:54:47,dl,ue11,2601915,2521277.175619626,2.521277
2026-06-29T19:54:47,dl,ue12,2601927,2648841.9731853246,2.648842
2026-06-29T19:54:47,dl,ue13,2602658,2566300.2128744065,2.566300
2026-06-29T19:54:47,dl,ue14,2602670,2536285.044567025,2.536285
2026-06-29T19:54:47,dl,ue15,2602684,2476254.518089789,2.476255
2026-06-29T19:54:47,dl,ue16,2602712,2543788.59931578,2.543789
2026-06-29T19:54:53,dl,cu_cp1,2600076,725233.3309325352,0.725233
2026-06-29T19:54:53,dl,cu_up1,2600103,1078784.6006385554,1.078785
2026-06-29T19:54:53,dl,cu_cp2,2600111,670840.8132185302,0.670841
2026-06-29T19:54:53,dl,cu_up2,2600138,1001728.4623007881,1.001728
2026-06-29T19:54:53,dl,du1,2600301,6173548.613251784,6.173549
2026-06-29T19:54:53,dl,du2,2601079,6341258.8523445465,6.341259
2026-06-29T19:54:53,dl,du3,2601847,6372987.940304816,6.372988
2026-06-29T19:54:53,dl,du4,2602612,6318595.327155798,6.318595
2026-06-29T19:54:53,dl,ue1,2600364,2402335.387837614,2.402335
2026-06-29T19:54:53,dl,ue2,2600376,2470325.96340386,2.470326
2026-06-29T19:54:53,dl,ue3,2600388,2515653.013781358,2.515653
2026-06-29T19:54:53,dl,ue4,2600400,2479391.3353053546,2.479391
2026-06-29T19:54:53,dl,ue5,2601125,2642568.983882383,2.642569
2026-06-29T19:54:53,dl,ue6,2601137,2633503.611980889,2.633504
2026-06-29T19:54:53,dl,ue7,2601149,2651634.3557838774,2.651634
2026-06-29T19:54:53,dl,ue8,2601161,2701494.187547135,2.701494
2026-06-29T19:54:53,dl,ue9,2601891,2610839.8959221137,2.610840
2026-06-29T19:54:53,dl,ue10,2601903,2579110.9988318705,2.579111
2026-06-29T19:54:53,dl,ue11,2601915,2647101.574398117,2.647102
2026-06-29T19:54:53,dl,ue12,2601927,2687895.8433898543,2.687896
2026-06-29T19:54:53,dl,ue13,2602658,2515653.013781358,2.515653
2026-06-29T19:54:53,dl,ue14,2602670,2524718.3856828525,2.524718
2026-06-29T19:54:53,dl,ue15,2602684,2588176.370733365,2.588176
2026-06-29T19:54:53,dl,ue16,2602712,2542849.129485841,2.542849
2026-06-29T19:54:59,dl,cu_cp1,2600076,661052.0166661436,0.661052
2026-06-29T19:54:59,dl,cu_up1,2600103,1065576.3921540773,1.065576
2026-06-29T19:54:59,dl,cu_cp2,2600111,621586.2366628731,0.621586
2026-06-29T19:54:59,dl,cu_up2,2600138,996511.2652888619,0.996511
2026-06-29T19:54:59,dl,du1,2600301,6225728.51514225,6.225729
2026-06-29T19:54:59,dl,du2,2601079,6166530.106046166,6.166530
2026-06-29T19:54:59,dl,du3,2601847,6275060.965476684,6.275061
2026-06-29T19:54:59,dl,du4,2602612,5959334.72545052,5.959335
2026-06-29T19:54:59,dl,ue1,2600364,2466612.0803688406,2.466612
2026-06-29T19:54:59,dl,ue2,2600376,2515944.3409514045,2.515944
2026-06-29T19:54:59,dl,ue3,2600388,2491278.1157841873,2.491278
2026-06-29T19:54:59,dl,ue4,2600400,2506077.8129341435,2.506078
2026-06-29T19:54:59,dl,ue5,2601125,2565276.6015339685,2.565277
2026-06-29T19:54:59,dl,ue6,2601137,2515944.3409514045,2.515944
2026-06-29T19:54:59,dl,ue7,2601149,2629408.369514618,2.629408
2026-06-29T19:54:59,dl,ue8,2601161,2599808.9752147053,2.599809
2026-06-29T19:54:59,dl,ue9,2601891,2585009.278064749,2.585009
2026-06-29T19:54:59,dl,ue10,2601903,2525810.489464924,2.525810
2026-06-29T19:54:59,dl,ue11,2601915,2599808.9752147053,2.599809
2026-06-29T19:54:59,dl,ue12,2601927,2619542.0312492275,2.619542
2026-06-29T19:54:59,dl,ue13,2602658,2432079.3271843623,2.432079
2026-06-29T19:54:59,dl,ue14,2602670,2412346.460901711,2.412346
2026-06-29T19:54:59,dl,ue15,2602684,2422212.988918972,2.422213
2026-06-29T19:54:59,dl,ue16,2602712,2506077.8129341435,2.506078
2026-06-29T19:55:05,dl,cu_cp1,2600076,701146.8888948441,0.701147
2026-06-29T19:55:05,dl,cu_up1,2600103,1024753.2257920658,1.024753
2026-06-29T19:55:05,dl,cu_cp2,2600111,641819.071560753,0.641819
2026-06-29T19:55:05,dl,cu_up2,2600138,1105654.7386780882,1.105655
2026-06-29T19:55:05,dl,du1,2600301,6299535.27117477,6.299535
2026-06-29T19:55:05,dl,du2,2601079,6250994.420513783,6.250994
2026-06-29T19:55:05,dl,du3,2601847,6407404.462317257,6.407404
2026-06-29T19:55:05,dl,du4,2602612,6240207.691634956,6.240208
2026-06-29T19:55:05,dl,ue1,2600364,2437834.0178137138,2.437834
2026-06-29T19:55:05,dl,ue2,2600376,2507948.516467776,2.507949
2026-06-29T19:55:05,dl,ue3,2600388,2475587.9493604517,2.475588
2026-06-29T19:55:05,dl,ue4,2600400,2513341.88090719,2.513342
2026-06-29T19:55:05,dl,ue5,2601125,2556489.3671287633,2.556489
2026-06-29T19:55:05,dl,ue6,2601137,2513341.88090719,2.513342
2026-06-29T19:55:05,dl,ue7,2601149,2621210.691578834,2.621211
2026-06-29T19:55:05,dl,ue8,2601161,2642784.720042753,2.642785
2026-06-29T19:55:05,dl,ue9,2601891,2480981.504035287,2.480982
2026-06-29T19:55:05,dl,ue10,2601903,2513341.88090719,2.513342
2026-06-29T19:55:05,dl,ue11,2601915,2507948.516467776,2.507949
2026-06-29T19:55:05,dl,ue12,2601927,2675145.287150078,2.675145
2026-06-29T19:55:05,dl,ue13,2602658,2540309.2738105226,2.540309
2026-06-29T19:55:05,dl,ue14,2602670,2534915.909371109,2.534916
2026-06-29T19:55:05,dl,ue15,2602684,2534915.909371109,2.534916
2026-06-29T19:55:05,dl,ue16,2602712,2583456.760032096,2.583457
2026-06-29T19:55:11,dl,cu_cp1,2600076,740840.4768248013,0.740840
2026-06-29T19:55:11,dl,cu_up1,2600103,1094164.38482471,1.094164
2026-06-29T19:55:11,dl,cu_cp2,2600111,752237.9669685644,0.752238
2026-06-29T19:55:11,dl,cu_up2,2600138,1173947.2442168647,1.173947
2026-06-29T19:55:11,dl,du1,2600301,6371227.976937389,6.371228
2026-06-29T19:55:11,dl,du2,2601079,6314240.097832761,6.314240
2026-06-29T19:55:11,dl,du3,2601847,6405420.399770255,6.405420
2026-06-29T19:55:11,dl,du4,2602612,6177469.644926519,6.177470
2026-06-29T19:55:11,dl,ue1,2600364,2632832.931988399,2.632833
2026-06-29T19:55:11,dl,ue2,2600376,2701218.3488352145,2.701218
2026-06-29T19:55:11,dl,ue3,2600388,2632832.931988399,2.632833
2026-06-29T19:55:11,dl,ue4,2600400,2587242.9714133465,2.587243
2026-06-29T19:55:11,dl,ue5,2601125,2496062.479082158,2.496062
2026-06-29T19:55:11,dl,ue6,2601137,2507460.016824344,2.507460
2026-06-29T19:55:11,dl,ue7,2601149,2553050.358186786,2.553050
2026-06-29T19:55:11,dl,ue8,2601161,2518857.7449602257,2.518858
2026-06-29T19:55:11,dl,ue9,2601891,2450472.3281134106,2.450472
2026-06-29T19:55:11,dl,ue10,2601903,2427677.252629037,2.427677
2026-06-29T19:55:11,dl,ue11,2601915,2484664.941339971,2.484665
2026-06-29T19:55:11,dl,ue12,2601927,2667025.735608654,2.667026
2026-06-29T19:55:11,dl,ue13,2602658,2484664.941339971,2.484665
2026-06-29T19:55:11,dl,ue14,2602670,2416279.71488685,2.416280
2026-06-29T19:55:11,dl,ue15,2602684,2439074.790371224,2.439075
2026-06-29T19:55:11,dl,ue16,2602712,2541652.6300509046,2.541653
2026-06-29T19:55:17,dl,cu_cp1,2600076,733604.1660157316,0.733604
2026-06-29T19:55:17,dl,cu_up1,2600103,1096375.4642155922,1.096375
2026-06-29T19:55:17,dl,cu_cp2,2600111,717481.0267837101,0.717481
2026-06-29T19:55:17,dl,cu_up2,2600138,1120560.2205978655,1.120560
2026-06-29T19:55:17,dl,du1,2600301,6408959.585686121,6.408960
2026-06-29T19:55:17,dl,du2,2601079,6150988.977699847,6.150989
2026-06-29T19:55:17,dl,du3,2601847,6400897.778398905,6.400898
2026-06-29T19:55:17,dl,du4,2602612,6030064.910583033,6.030065
2026-06-29T19:55:17,dl,ue1,2600364,2611953.3090116023,2.611953
2026-06-29T19:55:17,dl,ue2,2600376,2644199.77761261,2.644200
2026-06-29T19:55:17,dl,ue3,2600388,2652261.2046258976,2.652261
2026-06-29T19:55:17,dl,ue4,2600400,2668384.438926401,2.668384
2026-06-29T19:55:17,dl,ue5,2601125,2491029.6221687174,2.491030
2026-06-29T19:55:17,dl,ue6,2601137,2515214.2834825087,2.515214
2026-06-29T19:55:17,dl,ue7,2601149,2458783.15356771,2.458783
2026-06-29T19:55:17,dl,ue8,2601161,2563583.7962470558,2.563584
2026-06-29T19:55:17,dl,ue9,2601891,2531337.3276460483,2.531337
2026-06-29T19:55:17,dl,ue10,2601903,2499091.0491820048,2.499091
2026-06-29T19:55:17,dl,ue11,2601915,2571645.603534272,2.571646
2026-06-29T19:55:17,dl,ue12,2601927,2628076.353175142,2.628076
2026-06-29T19:55:17,dl,ue13,2602658,2450721.726554422,2.450722
2026-06-29T19:55:17,dl,ue14,2602670,2402352.2137898756,2.402352
2026-06-29T19:55:17,dl,ue15,2602684,2450721.726554422,2.450722
2026-06-29T19:55:17,dl,ue16,2602712,2482968.0050184657,2.482968
2026-06-29T19:55:23,dl,cu_cp1,2600076,728757.4993753552,0.728757
2026-06-29T19:55:23,dl,cu_up1,2600103,1099842.6362473494,1.099843
2026-06-29T19:55:23,dl,cu_cp2,2600111,670635.7631101352,0.670636
2026-06-29T19:55:23,dl,cu_up2,2600138,1090900.7866682606,1.090901
2026-06-29T19:55:23,dl,du1,2600301,6424690.513355484,6.424691
2026-06-29T19:55:23,dl,du2,2601079,6214558.001576421,6.214558
2026-06-29T19:55:23,dl,du3,2601847,6183261.337383706,6.183261
2026-06-29T19:55:23,dl,du4,2602612,6236912.434858238,6.236912
2026-06-29T19:55:23,dl,ue1,2600364,2584183.0884023737,2.584183
2026-06-29T19:55:23,dl,ue2,2600376,2584183.0884023737,2.584183
2026-06-29T19:55:23,dl,ue3,2600388,2606537.521684191,2.606538
2026-06-29T19:55:23,dl,ue4,2600400,2588654.013191918,2.588654
2026-06-29T19:55:23,dl,ue5,2601125,2481352.390240567,2.481352
2026-06-29T19:55:23,dl,ue6,2601137,2490294.049153751,2.490294
2026-06-29T19:55:23,dl,ue7,2601149,2557357.730331012,2.557358
2026-06-29T19:55:23,dl,ue8,2601161,2606537.521684191,2.606538
2026-06-29T19:55:23,dl,ue9,2601891,2557357.730331012,2.557358
2026-06-29T19:55:23,dl,ue10,2601903,2490294.049153751,2.490294
2026-06-29T19:55:23,dl,ue11,2601915,2593124.747315558,2.593125
2026-06-29T19:55:23,dl,ue12,2601927,2602066.787560551,2.602067
2026-06-29T19:55:23,dl,ue13,2602658,2521590.332014657,2.521590
2026-06-29T19:55:23,dl,ue14,2602670,2526061.4474701057,2.526061
2026-06-29T19:55:23,dl,ue15,2602684,2579711.972946925,2.579712
2026-06-29T19:55:23,dl,ue16,2602712,2557357.730331012,2.557358
2026-06-29T19:55:29,dl,cu_cp1,2600076,702586.9127543485,0.702587
2026-06-29T19:55:29,dl,cu_up1,2600103,1044255.8484312665,1.044256
2026-06-29T19:55:29,dl,cu_cp2,2600111,688150.2032046801,0.688150
2026-06-29T19:55:29,dl,cu_up2,2600138,1025006.902365042,1.025007
2026-06-29T19:55:29,dl,du1,2600301,6270347.756108451,6.270348
2026-06-29T19:55:29,dl,du2,2601079,6227037.389123726,6.227037
2026-06-29T19:55:29,dl,du3,2601847,6385841.4325057985,6.385841
2026-06-29T19:55:29,dl,du4,2602612,6125980.374608903,6.125980
2026-06-29T19:55:29,dl,ue1,2600364,2560111.161487899,2.560111
2026-06-29T19:55:29,dl,ue2,2600376,2521613.26935545,2.521613
2026-06-29T19:55:29,dl,ue3,2600388,2449429.7692742515,2.449430
2026-06-29T19:55:29,dl,ue4,2600400,2608233.4313191725,2.608233
2026-06-29T19:55:29,dl,ue5,2601125,2444617.4850905514,2.444617
2026-06-29T19:55:29,dl,ue6,2601137,2415743.9706569267,2.415744
2026-06-29T19:55:29,dl,ue7,2601149,2444617.4850905514,2.444617
2026-06-29T19:55:29,dl,ue8,2601161,2550486.7837890745,2.550487
2026-06-29T19:55:29,dl,ue9,2601891,2603421.528472624,2.603422
2026-06-29T19:55:29,dl,ue10,2601903,2449429.7692742515,2.449430
2026-06-29T19:55:29,dl,ue11,2601915,2588984.6759215235,2.588985
2026-06-29T19:55:29,dl,ue12,2601927,2617858.190355148,2.617858
2026-06-29T19:55:29,dl,ue13,2602658,2574548.014038999,2.574548
2026-06-29T19:55:29,dl,ue14,2602670,2670792.744370122,2.670793
2026-06-29T19:55:29,dl,ue15,2602684,2651543.7983038975,2.651544
2026-06-29T19:55:29,dl,ue16,2602712,2685229.4062526464,2.685229
2026-06-29T19:55:35,dl,cu_cp1,2600076,714689.42035914,0.714689
2026-06-29T19:55:35,dl,cu_up1,2600103,1074761.8922960341,1.074762
2026-06-29T19:55:35,dl,cu_cp2,2600111,720145.0392951149,0.720145
2026-06-29T19:55:35,dl,cu_up2,2600138,1036572.3689015567,1.036572
2026-06-29T19:55:35,dl,du1,2600301,6339458.211686093,6.339458
2026-06-29T19:55:35,dl,du2,2601079,6306724.498070245,6.306724
2026-06-29T19:55:35,dl,du3,2601847,6481305.067392054,6.481305
2026-06-29T19:55:35,dl,du4,2602612,6197611.737665441,6.197612
2026-06-29T19:55:35,dl,ue1,2600364,2444128.543033284,2.444129
2026-06-29T19:55:35,dl,ue2,2600376,2520507.589822239,2.520508
2026-06-29T19:55:35,dl,ue3,2600388,2504140.733014314,2.504141
2026-06-29T19:55:35,dl,ue4,2600400,2580519.779803269,2.580520
2026-06-29T19:55:35,dl,ue5,2601125,2569608.351088666,2.569608
2026-06-29T19:55:35,dl,ue6,2601137,2509596.351950289,2.509596
2026-06-29T19:55:35,dl,ue7,2601149,2569608.351088666,2.569608
2026-06-29T19:55:35,dl,ue8,2601161,2700543.7780800224,2.700544
2026-06-29T19:55:35,dl,ue9,2601891,2607797.6836404894,2.607798
2026-06-29T19:55:35,dl,ue10,2601903,2602342.255547168,2.602342
2026-06-29T19:55:35,dl,ue11,2601915,2673265.683400148,2.673266
2026-06-29T19:55:35,dl,ue12,2601927,2776922.824868977,2.776923
2026-06-29T19:55:35,dl,ue13,2602658,2444128.543033284,2.444129
2026-06-29T19:55:35,dl,ue14,2602670,2536874.446630163,2.536874
2026-06-29T19:55:35,dl,ue15,2602684,2525963.2087582136,2.525963
2026-06-29T19:55:35,dl,ue16,2602712,2575064.1608672943,2.575064
2026-06-29T19:55:40,dl,cu_cp1,2600076,688467.1172617758,0.688467
2026-06-29T19:55:40,dl,cu_up1,2600103,1101547.502095406,1.101548
2026-06-29T19:55:40,dl,cu_cp2,2600111,675949.6295759458,0.675950
2026-06-29T19:55:40,dl,cu_up2,2600138,1076512.240532334,1.076512
2026-06-29T19:55:40,dl,du1,2600301,6133616.950816813,6.133617
2026-06-29T19:55:40,dl,du2,2601079,6171169.079984321,6.171169
2026-06-29T19:55:40,dl,du3,2601847,6221239.603110466,6.221240
2026-06-29T19:55:40,dl,du4,2602612,6346415.529337278,6.346416
2026-06-29T19:55:40,dl,ue1,2600364,2478481.7366189575,2.478482
2026-06-29T19:55:40,dl,ue2,2600376,2528552.0689508272,2.528552
2026-06-29T19:55:40,dl,ue3,2600388,2465964.1058374215,2.465964
2026-06-29T19:55:40,dl,ue4,2600400,2541069.699732363,2.541070
2026-06-29T19:55:40,dl,ue5,2601125,2465964.1058374215,2.465964
2026-06-29T19:55:40,dl,ue6,2601137,2516034.4381692912,2.516034
2026-06-29T19:55:40,dl,ue7,2601149,2653727.9951776387,2.653728
2026-06-29T19:55:40,dl,ue8,2601161,2566104.961295435,2.566105
2026-06-29T19:55:40,dl,ue9,2601891,2503516.99818203,2.503517
2026-06-29T19:55:40,dl,ue10,2601903,2528552.0689508272,2.528552
2026-06-29T19:55:40,dl,ue11,2601915,2528552.0689508272,2.528552
2026-06-29T19:55:40,dl,ue12,2601927,2528552.0689508272,2.528552
2026-06-29T19:55:40,dl,ue13,2602658,2578622.4012826965,2.578622
2026-06-29T19:55:40,dl,ue14,2602670,2616175.293627305,2.616175
2026-06-29T19:55:40,dl,ue15,2602684,2578622.4012826965,2.578622
2026-06-29T19:55:40,dl,ue16,2602712,2666245.6259591747,2.666246
2026-06-29T19:55:47,dl,cu_cp1,2600076,734036.9628370285,0.734037
2026-06-29T19:55:47,dl,cu_up1,2600103,1088399.6279451274,1.088400
2026-06-29T19:55:47,dl,cu_cp2,2600111,683413.7933871316,0.683414
2026-06-29T19:55:47,dl,cu_up2,2600138,1113711.260565958,1.113711
2026-06-29T19:55:47,dl,du1,2600301,6176035.294146194,6.176035
2026-06-29T19:55:47,dl,du2,2601079,6209784.265362987,6.209784
2026-06-29T19:55:47,dl,du3,2601847,6412276.943162574,6.412277
2026-06-29T19:55:47,dl,du4,2602612,6454462.869808273,6.454463
2026-06-29T19:55:47,dl,ue1,2600364,2514287.4353899574,2.514287
2026-06-29T19:55:47,dl,ue2,2600376,2463664.361731825,2.463664
2026-06-29T19:55:47,dl,ue3,2600388,2522724.9655694487,2.522725
2026-06-29T19:55:47,dl,ue4,2600400,2497413.1413650895,2.497413
2026-06-29T19:55:47,dl,ue5,2601125,2556473.5536191845,2.556474
2026-06-29T19:55:47,dl,ue6,2601137,2531162.1125818826,2.531162
2026-06-29T19:55:47,dl,ue7,2601149,2607096.8188608456,2.607097
2026-06-29T19:55:47,dl,ue8,2601161,2607096.8188608456,2.607097
2026-06-29T19:55:47,dl,ue9,2601891,2514287.4353899574,2.514287
2026-06-29T19:55:47,dl,ue10,2601903,2488975.9943526555,2.488976
2026-06-29T19:55:47,dl,ue11,2601915,2598659.6718484117,2.598660
2026-06-29T19:55:47,dl,ue12,2601927,2640845.790077639,2.640846
2026-06-29T19:55:47,dl,ue13,2602658,2657720.0841025067,2.657720
2026-06-29T19:55:47,dl,ue14,2602670,2683031.9083068655,2.683032
2026-06-29T19:55:47,dl,ue15,2602684,2666157.2311149407,2.666157
2026-06-29T19:55:47,dl,ue16,2602712,2699906.202331734,2.699906
2026-06-29T19:55:53,dl,cu_cp1,2600076,748645.618434515,0.748646
2026-06-29T19:55:53,dl,cu_up1,2600103,1104928.7961100603,1.104929
2026-06-29T19:55:53,dl,cu_cp2,2600111,690016.7919909644,0.690017
2026-06-29T19:55:53,dl,cu_up2,2600138,1086889.1645683479,1.086889
2026-06-29T19:55:53,dl,du1,2600301,6291329.039062643,6.291329
2026-06-29T19:55:53,dl,du2,2601079,6219170.512895794,6.219171
2026-06-29T19:55:53,dl,du3,2601847,6151522.110011244,6.151522
2026-06-29T19:55:53,dl,du4,2602612,6354468.084520435,6.354468
2026-06-29T19:55:53,dl,ue1,2600364,2579670.469618964,2.579670
2026-06-29T19:55:53,dl,ue2,2600376,2575160.5378005505,2.575161
2026-06-29T19:55:53,dl,ue3,2600388,2588690.524719677,2.588691
2026-06-29T19:55:53,dl,ue4,2600400,2696928.3139699507,2.696928
2026-06-29T19:55:53,dl,ue5,2601125,2557121.0019907807,2.557121
2026-06-29T19:55:53,dl,ue6,2601137,2570650.605982137,2.570651
2026-06-29T19:55:53,dl,ue7,2601149,2624769.7878031014,2.624770
2026-06-29T19:55:53,dl,ue8,2601161,2624769.7878031014,2.624770
2026-06-29T19:55:53,dl,ue9,2601891,2430843.294002967,2.430843
2026-06-29T19:55:53,dl,ue10,2601903,2444373.089458208,2.444373
2026-06-29T19:55:53,dl,ue11,2601915,2516531.6156250574,2.516532
2026-06-29T19:55:53,dl,ue12,2601927,2566140.8656276083,2.566141
2026-06-29T19:55:53,dl,ue13,2602658,2557121.0019907807,2.557121
2026-06-29T19:55:53,dl,ue14,2602670,2561630.9338091947,2.561631
2026-06-29T19:55:53,dl,ue15,2602684,2593200.2650742056,2.593200
2026-06-29T19:55:53,dl,ue16,2602712,2624769.7878031014,2.624770
2026-06-29T19:55:59,dl,cu_cp1,2600076,720197.2457352009,0.720197
2026-06-29T19:55:59,dl,cu_up1,2600103,1075557.66949853,1.075558
2026-06-29T19:55:59,dl,cu_cp2,2600111,696506.5154524925,0.696507
2026-06-29T19:55:59,dl,cu_up2,2600138,1108724.6533141548,1.108725
2026-06-29T19:55:59,dl,du1,2600301,6268559.16954973,6.268559
2026-06-29T19:55:59,dl,du2,2601079,6301726.153365355,6.301726
2026-06-29T19:55:59,dl,du3,2601847,6135890.84848556,6.135891
2026-06-29T19:55:59,dl,du4,2602612,6263820.367630349,6.263820
2026-06-29T19:55:59,dl,ue1,2600364,2534904.6680347645,2.534905
2026-06-29T19:55:59,dl,ue2,2600376,2549119.1447845567,2.549119
2026-06-29T19:55:59,dl,ue3,2600388,2553857.175100597,2.553857
2026-06-29T19:55:59,dl,ue4,2600400,2643881.873014555,2.643882
2026-06-29T19:55:59,dl,ue5,2601125,2605976.8588828896,2.605977
2026-06-29T19:55:59,dl,ue6,2601137,2629667.589165598,2.629668
2026-06-29T19:55:59,dl,ue7,2601149,2658096.349764347,2.658096
2026-06-29T19:55:59,dl,ue8,2601161,2610715.0820997655,2.610715
2026-06-29T19:55:59,dl,ue9,2601891,2416451.209522058,2.416451
2026-06-29T19:55:59,dl,ue10,2601903,2402236.925673101,2.402237
2026-06-29T19:55:59,dl,ue11,2601915,2468570.8933043503,2.468571
2026-06-29T19:55:59,dl,ue12,2601927,2534904.6680347645,2.534905
2026-06-29T19:55:59,dl,ue13,2602658,2530166.637718724,2.530167
2026-06-29T19:55:59,dl,ue14,2602670,2577547.9053833056,2.577548
2026-06-29T19:55:59,dl,ue15,2602684,2539642.8912516404,2.539643
2026-06-29T19:55:59,dl,ue16,2602712,2568071.6518503893,2.568072
2026-06-29T19:56:05,dl,cu_cp1,2600076,683740.4694147574,0.683740
2026-06-29T19:56:05,dl,cu_up1,2600103,788931.2470617825,0.788931
2026-06-29T19:56:05,dl,cu_cp2,2600111,678480.9443560428,0.678481
2026-06-29T19:56:05,dl,cu_up2,2600138,820488.5817292243,0.820489
2026-06-29T19:56:05,dl,du1,2600301,5359473.268297167,5.359473
2026-06-29T19:56:05,dl,du2,2601079,5527778.438806346,5.527778
2026-06-29T19:56:05,dl,du3,2601847,5485702.238336627,5.485702
2026-06-29T19:56:05,dl,du4,2602612,5559336.142104094,5.559336
2026-06-29T19:56:05,dl,ue1,2600364,1746167.8489478969,1.746168
2026-06-29T19:56:05,dl,ue2,2600376,1719870.1314967466,1.719870
2026-06-29T19:56:05,dl,ue3,2600388,1656755.8307921696,1.656756
2026-06-29T19:56:05,dl,ue4,2600400,1725129.748713038,1.725130
2026-06-29T19:56:05,dl,ue5,2601125,2009145.0234594012,2.009145
2026-06-29T19:56:05,dl,ue6,2601137,1930251.8711059499,1.930252
2026-06-29T19:56:05,dl,ue7,2601149,1719870.1314967466,1.719870
2026-06-29T19:56:05,dl,ue8,2601161,2056480.8411454104,2.056481
2026-06-29T19:56:05,dl,ue9,2601891,1924992.438204812,1.924992
2026-06-29T19:56:05,dl,ue10,2601903,1903954.1536547996,1.903954
2026-06-29T19:56:05,dl,ue11,2601915,1809282.5182827807,1.809283
2026-06-29T19:56:05,dl,ue12,2601927,1740908.4160467589,1.740908
2026-06-29T19:56:05,dl,ue13,2602658,1951290.1556559622,1.951290
2026-06-29T19:56:05,dl,ue14,2602670,1877656.436203649,1.877656
2026-06-29T19:56:05,dl,ue15,2602684,1946030.5384396708,1.946031
2026-06-29T19:56:05,dl,ue16,2602712,1977587.8731071127,1.977588
2026-06-29T19:56:10,dl,cu_cp1,2600076,626551.8027995968,0.626552
2026-06-29T19:56:10,dl,cu_up1,2600103,639082.8371202227,0.639083
2026-06-29T19:56:10,dl,cu_cp2,2600111,651613.8714408487,0.651614
2026-06-29T19:56:10,dl,cu_up2,2600138,639082.8371202227,0.639083
2026-06-29T19:56:10,dl,du1,2600301,4924697.572609737,4.924698
2026-06-29T19:56:10,dl,du2,2601079,4824449.298044729,4.824449
2026-06-29T19:56:10,dl,du3,2601847,4874572.9147174405,4.874573
2026-06-29T19:56:10,dl,du4,2602612,4899635.070126992,4.899635
2026-06-29T19:56:10,dl,ue1,2600364,1365882.9578689765,1.365883
2026-06-29T19:56:10,dl,ue2,2600376,1340820.8892277246,1.340821
2026-06-29T19:56:10,dl,ue3,2600388,1365882.9578689765,1.365883
2026-06-29T19:56:10,dl,ue4,2600400,1328289.8115229493,1.328290
2026-06-29T19:56:10,dl,ue5,2601125,1378413.9488054533,1.378414
2026-06-29T19:56:10,dl,ue6,2601137,1315758.8205864727,1.315759
2026-06-29T19:56:10,dl,ue7,2601149,1340820.8892277246,1.340821
2026-06-29T19:56:10,dl,ue8,2601161,1365882.9578689765,1.365883
2026-06-29T19:56:10,dl,ue9,2601891,1403476.0174467051,1.403476
2026-06-29T19:56:10,dl,ue10,2601903,1390945.0265102284,1.390945
2026-06-29T19:56:10,dl,ue11,2601915,1378413.9488054533,1.378414
2026-06-29T19:56:10,dl,ue12,2601927,1403476.0174467051,1.403476
2026-06-29T19:56:10,dl,ue13,2602658,1390945.0265102284,1.390945
2026-06-29T19:56:10,dl,ue14,2602670,1365882.9578689765,1.365883
2026-06-29T19:56:10,dl,ue15,2602684,1378413.9488054533,1.378414
2026-06-29T19:56:10,dl,ue16,2602712,1353351.8801642014,1.353352
2026-06-29T19:56:16,dl,cu_cp1,2600076,610138.7849566251,0.610139
2026-06-29T19:56:16,dl,cu_up1,2600103,627571.3351656527,0.627571
2026-06-29T19:56:16,dl,cu_cp2,2600111,610138.7849566251,0.610139
2026-06-29T19:56:16,dl,cu_up2,2600138,618855.0171193809,0.618855
2026-06-29T19:56:16,dl,du1,2600301,4750366.02426002,4.750366
2026-06-29T19:56:16,dl,du2,2601079,4750366.02426002,4.750366
2026-06-29T19:56:16,dl,du3,2601847,4759082.514073324,4.759083
2026-06-29T19:56:16,dl,du4,2602612,4741649.877980781,4.741650
2026-06-29T19:56:16,dl,ue1,2600364,1342305.2496094108,1.342305
2026-06-29T19:56:16,dl,ue2,2600376,1342305.2496094108,1.342305
2026-06-29T19:56:16,dl,ue3,2600388,1290007.6848658442,1.290008
2026-06-29T19:56:16,dl,ue4,2600400,1368454.11786471,1.368454
2026-06-29T19:56:16,dl,ue5,2601125,1316156.5531211435,1.316157
2026-06-29T19:56:16,dl,ue6,2601137,1351021.4817721664,1.351021
2026-06-29T19:56:16,dl,ue7,2601149,1333589.017446655,1.333589
2026-06-29T19:56:16,dl,ue8,2601161,1324872.7852838994,1.324873
2026-06-29T19:56:16,dl,ue9,2601891,1333589.017446655,1.333589
2026-06-29T19:56:16,dl,ue10,2601903,1377170.3500274657,1.377170
2026-06-29T19:56:16,dl,ue11,2601915,1333589.017446655,1.333589
2026-06-29T19:56:16,dl,ue12,2601927,1377170.3500274657,1.377170
2026-06-29T19:56:16,dl,ue13,2602658,1368454.11786471,1.368454
2026-06-29T19:56:16,dl,ue14,2602670,1368454.11786471,1.368454
2026-06-29T19:56:16,dl,ue15,2602684,1368454.11786471,1.368454
2026-06-29T19:56:16,dl,ue16,2602712,1324872.7852838994,1.324873
2026-06-29T19:56:22,dl,cu_cp1,2600076,617933.6325917905,0.617934
2026-06-29T19:56:22,dl,cu_up1,2600103,617933.6325917905,0.617934
2026-06-29T19:56:22,dl,cu_cp2,2600111,591066.9901355052,0.591067
2026-06-29T19:56:22,dl,cu_up2,2600138,624650.357413154,0.624650
2026-06-29T19:56:22,dl,du1,2600301,4701669.535456925,4.701670
2026-06-29T19:56:22,dl,du2,2601079,4741969.1138976,4.741969
2026-06-29T19:56:22,dl,du3,2601847,4735252.517490821,4.735253
2026-06-29T19:56:22,dl,du4,2602612,4688236.000204475,4.688236
2026-06-29T19:56:22,dl,ue1,2600364,1343334.0918378907,1.343334
2026-06-29T19:56:22,dl,ue2,2600376,1329900.7278048866,1.329901
2026-06-29T19:56:22,dl,ue3,2600388,1329900.7278048866,1.329901
2026-06-29T19:56:22,dl,ue4,2600400,1309750.7673651034,1.309751
2026-06-29T19:56:22,dl,ue5,2601125,1282884.0392990953,1.282884
2026-06-29T19:56:22,dl,ue6,2601137,1336617.4098213888,1.336617
2026-06-29T19:56:22,dl,ue7,2601149,1343334.0918378907,1.343334
2026-06-29T19:56:22,dl,ue8,2601161,1336617.4098213888,1.336617
2026-06-29T19:56:22,dl,ue9,2601891,1343334.0918378907,1.343334
2026-06-29T19:56:22,dl,ue10,2601903,1336617.4098213888,1.336617
2026-06-29T19:56:22,dl,ue11,2601915,1370200.734294176,1.370201
2026-06-29T19:56:22,dl,ue12,2601927,1336617.4098213888,1.336617
2026-06-29T19:56:22,dl,ue13,2602658,1296317.4033320993,1.296317
2026-06-29T19:56:22,dl,ue14,2602670,1343334.0918378907,1.343334
2026-06-29T19:56:22,dl,ue15,2602684,1309750.7673651034,1.309751
2026-06-29T19:56:22,dl,ue16,2602712,1303033.9997388786,1.303034
2026-06-29T19:56:28,dl,cu_cp1,2600076,614586.617722047,0.614587
2026-06-29T19:56:28,dl,cu_up1,2600103,631540.6915321755,0.631541
2026-06-29T19:56:28,dl,cu_cp2,2600111,618825.1576985327,0.618825
2026-06-29T19:56:28,dl,cu_up2,2600138,631540.6915321755,0.631541
2026-06-29T19:56:28,dl,du1,2600301,4785298.331649041,4.785298
2026-06-29T19:56:28,dl,du2,2601079,4738675.037626305,4.738675
2026-06-29T19:56:28,dl,du3,2601847,4755628.680957363,4.755629
2026-06-29T19:56:28,dl,du4,2602612,4764106.019197776,4.764106
2026-06-29T19:56:28,dl,ue1,2600364,1390237.2379756647,1.390237
2026-06-29T19:56:28,dl,ue2,2600376,1356329.0903554077,1.356329
2026-06-29T19:56:28,dl,ue3,2600388,1369044.6672369575,1.369045
2026-06-29T19:56:28,dl,ue4,2600400,1398714.317928636,1.398714
2026-06-29T19:56:28,dl,ue5,2601125,1347852.0104024364,1.347852
2026-06-29T19:56:28,dl,ue6,2601137,1381760.1580226934,1.381760
2026-06-29T19:56:28,dl,ue7,2601149,1330897.8504964935,1.330898
2026-06-29T19:56:28,dl,ue8,2601161,1352090.5073310148,1.352091
2026-06-29T19:56:28,dl,ue9,2601891,1356329.0903554077,1.356329
2026-06-29T19:56:28,dl,ue10,2601903,1364806.170308379,1.364806
2026-06-29T19:56:28,dl,ue11,2601915,1369044.6672369575,1.369045
2026-06-29T19:56:28,dl,ue12,2601927,1377521.7471899288,1.377522
2026-06-29T19:56:28,dl,ue13,2602658,1347852.0104024364,1.347852
2026-06-29T19:56:28,dl,ue14,2602670,1339374.9304494648,1.339375
2026-06-29T19:56:28,dl,ue15,2602684,1360567.5872839862,1.360568
2026-06-29T19:56:28,dl,ue16,2602712,1347852.0104024364,1.347852
2026-06-29T19:56:34,dl,cu_cp1,2600076,617197.9694913536,0.617198
2026-06-29T19:56:34,dl,cu_up1,2600103,635218.3600785196,0.635218
2026-06-29T19:56:34,dl,cu_cp2,2600111,617197.9694913536,0.617198
2026-06-29T19:56:34,dl,cu_up2,2600138,630713.2839116796,0.630713
2026-06-29T19:56:34,dl,du1,2600301,4802431.213166213,4.802431
2026-06-29T19:56:34,dl,du2,2601079,4725844.359851194,4.725844
2026-06-29T19:56:34,dl,du3,2601847,4793420.974912727,4.793421
2026-06-29T19:56:34,dl,du4,2602612,4797925.922199857,4.797926
2026-06-29T19:56:34,dl,ue1,2600364,1392074.3351404578,1.392074
2026-06-29T19:56:34,dl,ue2,2600376,1351528.3489195765,1.351528
2026-06-29T19:56:34,dl,ue3,2600388,1342518.1965858967,1.342518
2026-06-29T19:56:34,dl,ue4,2600400,1387569.1300939084,1.387569
2026-06-29T19:56:34,dl,ue5,2601125,1365043.7062998055,1.365044
2026-06-29T19:56:34,dl,ue6,2601137,1338013.16337896,1.338013
2026-06-29T19:56:34,dl,ue7,2601149,1365043.7062998055,1.365044
2026-06-29T19:56:34,dl,ue8,2601161,1369548.8254265487,1.369549
2026-06-29T19:56:34,dl,ue9,2601891,1356033.4680463194,1.356033
2026-06-29T19:56:34,dl,ue10,2601903,1347023.3157126396,1.347023
2026-06-29T19:56:34,dl,ue11,2601915,1378558.9777602286,1.378559
2026-06-29T19:56:34,dl,ue12,2601927,1333508.0442522168,1.333508
2026-06-29T19:56:34,dl,ue13,2602658,1347023.3157126396,1.347023
2026-06-29T19:56:34,dl,ue14,2602670,1338013.16337896,1.338013
2026-06-29T19:56:34,dl,ue15,2602684,1360538.6730928689,1.360539
2026-06-29T19:56:34,dl,ue16,2602712,1342518.1965858967,1.342518
2026-06-29T19:56:39,dl,cu_cp1,2600076,625155.3407167989,0.625155
2026-06-29T19:56:39,dl,cu_up1,2600103,635078.4509336245,0.635078
2026-06-29T19:56:39,dl,cu_cp2,2600111,620193.8502094448,0.620194
2026-06-29T19:56:39,dl,cu_up2,2600138,635078.4509336245,0.635078
2026-06-29T19:56:39,dl,du1,2600301,4822627.172505255,4.822627
2026-06-29T19:56:39,dl,du2,2601079,4787896.265212679,4.787896
2026-06-29T19:56:39,dl,du3,2601847,4807742.744050565,4.807743
2026-06-29T19:56:39,dl,du4,2602612,4782934.903907442,4.782935
2026-06-29T19:56:39,dl,ue1,2600364,1389234.2244691562,1.389234
2026-06-29T19:56:39,dl,ue2,2600376,1364426.4704607786,1.364426
2026-06-29T19:56:39,dl,ue3,2600388,1334657.0967429292,1.334657
2026-06-29T19:56:39,dl,ue4,2600400,1384272.51862494,1.384273
2026-06-29T19:56:39,dl,ue5,2601125,1389234.2244691562,1.389234
2026-06-29T19:56:39,dl,ue6,2601137,1354503.3171765804,1.354503
2026-06-29T19:56:39,dl,ue7,2601149,1344580.1638923823,1.344580
2026-06-29T19:56:39,dl,ue8,2601161,1379311.0711849583,1.379311
2026-06-29T19:56:39,dl,ue9,2601891,1354503.3171765804,1.354503
2026-06-29T19:56:39,dl,ue10,2601903,1359464.850751307,1.359465
2026-06-29T19:56:39,dl,ue11,2601915,1349541.7836018538,1.349542
2026-06-29T19:56:39,dl,ue12,2601927,1384272.51862494,1.384273
2026-06-29T19:56:39,dl,ue13,2602658,1384272.51862494,1.384273
2026-06-29T19:56:39,dl,ue14,2602670,1404118.825193336,1.404119
2026-06-29T19:56:39,dl,ue15,2602684,1349541.7836018538,1.349542
2026-06-29T19:56:39,dl,ue16,2602712,1344580.1638923823,1.344580
2026-06-29T19:56:45,dl,cu_cp1,2600076,627372.9676422752,0.627373
2026-06-29T19:56:45,dl,cu_up1,2600103,622393.7924870664,0.622394
2026-06-29T19:56:45,dl,cu_cp2,2600111,637331.2317884141,0.637331
2026-06-29T19:56:45,dl,cu_up2,2600138,637331.2317884141,0.637331
2026-06-29T19:56:45,dl,du1,2600301,4809859.246262219,4.809859
2026-06-29T19:56:45,dl,du2,2601079,4775005.106340037,4.775005
2026-06-29T19:56:45,dl,du3,2601847,4829775.9468830535,4.829776
2026-06-29T19:56:45,dl,du4,2602612,4799900.723623245,4.799901
2026-06-29T19:56:45,dl,ue1,2600364,1414078.7647727234,1.414079
2026-06-29T19:56:45,dl,ue2,2600376,1369266.2745401233,1.369266
2026-06-29T19:56:45,dl,ue3,2600388,1354328.921403054,1.354329
2026-06-29T19:56:45,dl,ue4,2600400,1354328.921403054,1.354329
2026-06-29T19:56:45,dl,ue5,2601125,1394162.150316167,1.394162
2026-06-29T19:56:45,dl,ue6,2601137,1349349.6600835668,1.349350
2026-06-29T19:56:45,dl,ue7,2601149,1354328.921403054,1.354329
2026-06-29T19:56:45,dl,ue8,2601161,1384203.8000057496,1.384204
2026-06-29T19:56:45,dl,ue9,2601891,1354328.921403054,1.354329
2026-06-29T19:56:45,dl,ue10,2601903,1389182.8889966798,1.389183
2026-06-29T19:56:45,dl,ue11,2601915,1379224.6248505407,1.379225
2026-06-29T19:56:45,dl,ue12,2601927,1374245.5358596104,1.374246
2026-06-29T19:56:45,dl,ue13,2602658,1404120.4144623058,1.404120
2026-06-29T19:56:45,dl,ue14,2602670,1364287.185549193,1.364287
2026-06-29T19:56:45,dl,ue15,2602684,1379224.6248505407,1.379225
2026-06-29T19:56:45,dl,ue16,2602712,1369266.2745401233,1.369266
2026-06-29T19:56:51,ul,cu_cp1,2600076,628164.5229175534,0.628165
2026-06-29T19:56:51,ul,cu_up1,2600103,637682.1925283974,0.637682
2026-06-29T19:56:51,ul,cu_cp2,2600111,618646.8533067096,0.618647
2026-06-29T19:56:51,ul,cu_up2,2600138,637682.1925283974,0.637682
2026-06-29T19:56:51,ul,du1,2600301,4825445.764358146,4.825446
2026-06-29T19:56:51,ul,du2,2601079,4796892.798381977,4.796893
2026-06-29T19:56:51,ul,du3,2601847,4787374.91448932,4.787375
2026-06-29T19:56:51,ul,du4,2602612,4834963.305399902,4.834963
2026-06-29T19:56:51,ul,ue1,2600364,1303917.2653202384,1.303917
2026-06-29T19:56:51,ul,ue2,2600376,1303917.2653202384,1.303917
2026-06-29T19:56:51,ul,ue3,2600388,1332470.2312964075,1.332470
2026-06-29T19:56:51,ul,ue4,2600400,1351505.5705180955,1.351506
2026-06-29T19:56:51,ul,ue5,2601125,1370540.824027058,1.370541
2026-06-29T19:56:51,ul,ue6,2601137,1332470.2312964075,1.332470
2026-06-29T19:56:51,ul,ue7,2601149,1341987.9437636144,1.341988
2026-06-29T19:56:51,ul,ue8,2601161,1351505.5705180955,1.351506
2026-06-29T19:56:51,ul,ue9,2601891,1361023.111559851,1.361023
2026-06-29T19:56:51,ul,ue10,2601903,1380058.450781539,1.380058
2026-06-29T19:56:51,ul,ue11,2601915,1389576.0775360202,1.389576
2026-06-29T19:56:51,ul,ue12,2601927,1313434.8920747198,1.313435
2026-06-29T19:56:51,ul,ue13,2602658,1389576.0775360202,1.389576
2026-06-29T19:56:51,ul,ue14,2602670,1351505.5705180955,1.351506
2026-06-29T19:56:51,ul,ue15,2602684,1341987.9437636144,1.341988
2026-06-29T19:56:51,ul,ue16,2602712,1361023.111559851,1.361023
2026-06-29T19:56:57,ul,cu_cp1,2600076,735210.9717938304,0.735211
2026-06-29T19:56:57,ul,cu_up1,2600103,782643.962206471,0.782644
2026-06-29T19:56:57,ul,cu_cp2,2600111,727305.4733917236,0.727305
2026-06-29T19:56:57,ul,cu_up2,2600138,830076.9526191115,0.830077
2026-06-29T19:56:57,ul,du1,2600301,6324395.684868622,6.324396
2026-06-29T19:56:57,ul,du2,2601079,6103042.109211731,6.103042
2026-06-29T19:56:57,ul,du3,2601847,6182096.523829651,6.182097
2026-06-29T19:56:57,ul,du4,2602612,6245340.511046505,6.245341
2026-06-29T19:56:57,ul,ue1,2600364,2371648.381825733,2.371648
2026-06-29T19:56:57,ul,ue2,2600376,2419081.372238374,2.419081
2026-06-29T19:56:57,ul,ue3,2600388,2371648.381825733,2.371648
2026-06-29T19:56:57,ul,ue4,2600400,2355837.38502152,2.355837
2026-06-29T19:56:57,ul,ue5,2601125,2253066.0006946563,2.253066
2026-06-29T19:56:57,ul,ue6,2601137,2324215.3914130926,2.324215
2026-06-29T19:56:57,ul,ue7,2601149,2363742.7885231017,2.363743
2026-06-29T19:56:57,ul,ue8,2601161,2332120.984715724,2.332121
2026-06-29T19:56:57,ul,ue9,2601891,2371648.381825733,2.371648
2026-06-29T19:56:57,ul,ue10,2601903,2371648.381825733,2.371648
2026-06-29T19:56:57,ul,ue11,2601915,2387459.3786299466,2.387459
2026-06-29T19:56:57,ul,ue12,2601927,2442797.7725441693,2.442798
2026-06-29T19:56:57,ul,ue13,2602658,2371648.381825733,2.371648
2026-06-29T19:56:57,ul,ue14,2602670,2371648.381825733,2.371648
2026-06-29T19:56:57,ul,ue15,2602684,2363742.7885231017,2.363743
2026-06-29T19:56:57,ul,ue16,2602712,2442797.7725441693,2.442798
2026-06-29T19:57:03,ul,cu_cp1,2600076,719056.3329047423,0.719056
2026-06-29T19:57:03,ul,cu_up1,2600103,764280.0330574167,0.764280
2026-06-29T19:57:03,ul,cu_cp2,2600111,741668.1591942805,0.741668
2026-06-29T19:57:03,ul,cu_up2,2600138,827593.1656975627,0.827593
2026-06-29T19:57:03,ul,du1,2600301,6191120.3406376885,6.191120
2026-06-29T19:57:03,ul,du2,2601079,6385582.560522575,6.385583
2026-06-29T19:57:03,ul,du3,2601847,6222776.9545313595,6.222777
2026-06-29T19:57:03,ul,du4,2602612,6372014.950953994,6.372015
2026-06-29T19:57:03,ul,ue1,2600364,2365197.924269333,2.365198
2026-06-29T19:57:03,ul,ue2,2600376,2356153.231812396,2.356153
2026-06-29T19:57:03,ul,ue3,2600388,2279272.9653396485,2.279273
2026-06-29T19:57:03,ul,ue4,2600400,2378764.962954738,2.378765
2026-06-29T19:57:03,ul,ue5,2601125,2279272.9653396485,2.279273
2026-06-29T19:57:03,ul,ue6,2601137,2401376.884391472,2.401377
2026-06-29T19:57:03,ul,ue7,2601149,2401376.884391472,2.401377
2026-06-29T19:57:03,ul,ue8,2601161,2360675.5780408643,2.360676
2026-06-29T19:57:03,ul,ue9,2601891,2374242.61672627,2.374243
2026-06-29T19:57:03,ul,ue10,2601903,2378764.962954738,2.378765
2026-06-29T19:57:03,ul,ue11,2601915,2365197.924269333,2.365198
2026-06-29T19:57:03,ul,ue12,2601927,2405899.230619941,2.405899
2026-06-29T19:57:03,ul,ue13,2602658,2410421.576848409,2.410422
2026-06-29T19:57:03,ul,ue14,2602670,2442078.19074208,2.442078
2026-06-29T19:57:03,ul,ue15,2602684,2405899.230619941,2.405899
2026-06-29T19:57:03,ul,ue16,2602712,2446600.3466761564,2.446600
2026-06-29T19:57:09,ul,cu_cp1,2600076,719812.1051891333,0.719812
2026-06-29T19:57:09,ul,cu_up1,2600103,792766.1309167116,0.792766
2026-06-29T19:57:09,ul,cu_cp2,2600111,729539.3500038126,0.729539
2026-06-29T19:57:09,ul,cu_up2,2600138,846265.5715126187,0.846266
2026-06-29T19:57:09,ul,du1,2600301,6400491.656700955,6.400492
2026-06-29T19:57:09,ul,du2,2601079,6522081.381239209,6.522081
2026-06-29T19:57:09,ul,du3,2601847,6293492.393499889,6.293492
2026-06-29T19:57:09,ul,du4,2602612,6424810.365627107,6.424810
2026-06-29T19:57:09,ul,ue1,2600364,2407479.7929360783,2.407480
2026-06-29T19:57:09,ul,ue2,2600376,2412343.3437166833,2.412343
2026-06-29T19:57:09,ul,ue3,2600388,2339389.5089937304,2.339390
2026-06-29T19:57:09,ul,ue4,2600400,2417206.8944972884,2.417207
2026-06-29T19:57:09,ul,ue5,2601125,2276162.775831988,2.276163
2026-06-29T19:57:09,ul,ue6,2601137,2417206.8944972884,2.417207
2026-06-29T19:57:09,ul,ue7,2601149,2402616.242155473,2.402616
2026-06-29T19:57:09,ul,ue8,2601161,2397752.691374868,2.397753
2026-06-29T19:57:09,ul,ue9,2601891,2378298.2972478224,2.378298
2026-06-29T19:57:09,ul,ue10,2601903,2402616.242155473,2.402616
2026-06-29T19:57:09,ul,ue11,2601915,2383161.8480284275,2.383162
2026-06-29T19:57:09,ul,ue12,2601927,2431797.737843729,2.431798
2026-06-29T19:57:09,ul,ue13,2602658,2353980.1613355456,2.353980
2026-06-29T19:57:09,ul,ue14,2602670,2412343.3437166833,2.412343
2026-06-29T19:57:09,ul,ue15,2602684,2397752.691374868,2.397753
2026-06-29T19:57:09,ul,ue16,2602712,2378298.2972478224,2.378298
2026-06-29T19:57:15,ul,cu_cp1,2600076,717749.4325402343,0.717749
2026-06-29T19:57:15,ul,cu_up1,2600103,810186.9072306365,0.810187
2026-06-29T19:57:15,ul,cu_cp2,2600111,723186.9760136384,0.723187
2026-06-29T19:57:15,ul,cu_up2,2600138,837374.3379636067,0.837374
2026-06-29T19:57:15,ul,du1,2600301,6378182.791752565,6.378183
2026-06-29T19:57:15,ul,du2,2601079,6448870.188094034,6.448870
2026-06-29T19:57:15,ul,du3,2601847,6372745.152734477,6.372745
2026-06-29T19:57:15,ul,du4,2602612,6389057.305431273,6.389057
2026-06-29T19:57:15,ul,ue1,2600364,2430560.626147226,2.430561
2026-06-29T19:57:15,ul,ue2,2600376,2419685.7302897847,2.419686
2026-06-29T19:57:15,ul,ue3,2600388,2338123.2470015073,2.338123
2026-06-29T19:57:15,ul,ue4,2600400,2419685.7302897847,2.419686
2026-06-29T19:57:15,ul,ue5,2601125,2310935.816268537,2.310936
2026-06-29T19:57:15,ul,ue6,2601137,2376185.7646812857,2.376186
2026-06-29T19:57:15,ul,ue7,2601149,2365310.6777344774,2.365311
2026-06-29T19:57:15,ul,ue8,2601161,2370748.125663198,2.370748
2026-06-29T19:57:15,ul,ue9,2601891,2425123.1782185053,2.425123
2026-06-29T19:57:15,ul,ue10,2601903,2441435.713094034,2.441436
2026-06-29T19:57:15,ul,ue11,2601915,2397935.747485535,2.397936
2026-06-29T19:57:15,ul,ue12,2601927,2446873.161022755,2.446873
2026-06-29T19:57:15,ul,ue13,2602658,2387060.660538727,2.387061
2026-06-29T19:57:15,ul,ue14,2602670,2425123.1782185053,2.425123
2026-06-29T19:57:15,ul,ue15,2602684,2392498.1084674476,2.392498
2026-06-29T19:57:15,ul,ue16,2602712,2403373.195414256,2.403373
2026-06-29T19:57:20,ul,cu_cp1,2600076,712499.5730733973,0.712500
2026-06-29T19:57:20,ul,cu_up1,2600103,801561.9363768393,0.801562
2026-06-29T19:57:20,ul,cu_cp2,2600111,725222.7474235055,0.725223
2026-06-29T19:57:20,ul,cu_up2,2600138,827008.3803121787,0.827008
2026-06-29T19:57:20,ul,du1,2600301,6272540.620781085,6.272541
2026-06-29T19:57:20,ul,du2,2601079,6476111.791323309,6.476112
2026-06-29T19:57:20,ul,du3,2601847,6272540.620781085,6.272541
2026-06-29T19:57:20,ul,du4,2602612,6399772.840457783,6.399773
2026-06-29T19:57:20,ul,ue1,2600364,2302900.3190945294,2.302900
2026-06-29T19:57:20,ul,ue2,2600376,2366516.2384626316,2.366516
2026-06-29T19:57:20,ul,ue3,2600388,2277453.8751591896,2.277454
2026-06-29T19:57:20,ul,ue4,2600400,2379239.6509005474,2.379240
2026-06-29T19:57:20,ul,ue5,2601125,2328346.7630298687,2.328347
2026-06-29T19:57:20,ul,ue6,2601137,2264730.65319152,2.264731
2026-06-29T19:57:20,ul,ue7,2601149,2328346.7630298687,2.328347
2026-06-29T19:57:20,ul,ue8,2601161,2366516.2384626316,2.366516
2026-06-29T19:57:20,ul,ue9,2601891,2366516.2384626316,2.366516
2026-06-29T19:57:20,ul,ue10,2601903,2341069.9849975384,2.341070
2026-06-29T19:57:20,ul,ue11,2601915,2379239.6509005474,2.379240
2026-06-29T19:57:20,ul,ue12,2601927,2404685.904365641,2.404686
2026-06-29T19:57:20,ul,ue13,2602658,2353793.206965208,2.353793
2026-06-29T19:57:20,ul,ue14,2602670,2404685.904365641,2.404686
2026-06-29T19:57:20,ul,ue15,2602684,2302900.3190945294,2.302900
2026-06-29T19:57:20,ul,ue16,2602712,2341069.9849975384,2.341070
2026-06-29T19:57:26,ul,cu_cp1,2600076,721881.6903371528,0.721882
2026-06-29T19:57:26,ul,cu_up1,2600103,774702.342547147,0.774702
2026-06-29T19:57:26,ul,cu_cp2,2600111,730685.148273088,0.730685
2026-06-29T19:57:26,ul,cu_up2,2600138,836326.4049902677,0.836326
2026-06-29T19:57:26,ul,du1,2600301,6276849.289366889,6.276849
2026-06-29T19:57:26,ul,du2,2601079,6408900.585972214,6.408901
2026-06-29T19:57:26,ul,du3,2601847,6241635.839245617,6.241636
2026-06-29T19:57:26,ul,du4,2602612,6452918.448085594,6.452918
2026-06-29T19:57:26,ul,ue1,2600364,2412141.1776755154,2.412141
2026-06-29T19:57:26,ul,ue2,2600376,2403337.910550815,2.403338
2026-06-29T19:57:26,ul,ue3,2600388,2341713.8958105026,2.341714
2026-06-29T19:57:26,ul,ue4,2600400,2385730.9946789443,2.385731
2026-06-29T19:57:26,ul,ue5,2601125,2324106.9799386323,2.324107
2026-06-29T19:57:26,ul,ue6,2601137,2341713.8958105026,2.341714
2026-06-29T19:57:26,ul,ue7,2601149,2359320.6208711388,2.359321
2026-06-29T19:57:26,ul,ue8,2601161,2341713.8958105026,2.341714
2026-06-29T19:57:26,ul,ue9,2601891,2376927.727554244,2.376928
2026-06-29T19:57:26,ul,ue10,2601903,2438551.551483321,2.438552
2026-06-29T19:57:26,ul,ue11,2601915,2438551.551483321,2.438552
2026-06-29T19:57:26,ul,ue12,2601927,2500175.757034868,2.500176
2026-06-29T19:57:26,ul,ue13,2602658,2412141.1776755154,2.412141
2026-06-29T19:57:26,ul,ue14,2602670,2447355.0094192564,2.447355
2026-06-29T19:57:26,ul,ue15,2602684,2350517.353746438,2.350517
2026-06-29T19:57:26,ul,ue16,2602712,2368124.0788070736,2.368124
2026-06-29T19:57:32,ul,cu_cp1,2600076,712934.4205761779,0.712934
2026-06-29T19:57:32,ul,cu_up1,2600103,790131.1735083002,0.790131
2026-06-29T19:57:32,ul,cu_cp2,2600111,708393.4856588984,0.708393
2026-06-29T19:57:32,ul,cu_up2,2600138,826459.034774701,0.826459
2026-06-29T19:57:32,ul,du1,2600301,6298344.522515922,6.298345
2026-06-29T19:57:32,ul,du2,2601079,6384623.240764644,6.384623
2026-06-29T19:57:32,ul,du3,2601847,6307426.774278645,6.307427
2026-06-29T19:57:32,ul,du4,2602612,6402786.980433762,6.402787
2026-06-29T19:57:32,ul,ue1,2600364,2420344.282025181,2.420344
2026-06-29T19:57:32,ul,ue2,2600376,2420344.282025181,2.420344
2026-06-29T19:57:32,ul,ue3,2600388,2315901.6331432583,2.315902
2026-06-29T19:57:32,ul,ue4,2600400,2379475.4858415006,2.379475
2026-06-29T19:57:32,ul,ue5,2601125,2288655.832675499,2.288656
2026-06-29T19:57:32,ul,ue6,2601137,2315901.6331432583,2.315902
2026-06-29T19:57:32,ul,ue7,2601149,2388557.3556760596,2.388557
2026-06-29T19:57:32,ul,ue8,2601161,2374934.550924221,2.374935
2026-06-29T19:57:32,ul,ue9,2601891,2361311.5552083002,2.361312
2026-06-29T19:57:32,ul,ue10,2601903,2433967.277741102,2.433967
2026-06-29T19:57:32,ul,ue11,2601915,2406721.28630926,2.406721
2026-06-29T19:57:32,ul,ue12,2601927,2470295.1390075027,2.470295
2026-06-29T19:57:32,ul,ue13,2602658,2388557.3556760596,2.388557
2026-06-29T19:57:32,ul,ue14,2602670,2379475.4858415006,2.379475
2026-06-29T19:57:32,ul,ue15,2602684,2374934.550924221,2.374935
2026-06-29T19:57:32,ul,ue16,2602712,2393098.481557422,2.393098
2026-06-29T19:57:38,ul,cu_cp1,2600076,742807.0039410114,0.742807
2026-06-29T19:57:38,ul,cu_up1,2600103,784589.9892087489,0.784590
2026-06-29T19:57:38,ul,cu_cp2,2600111,738164.5034118801,0.738165
2026-06-29T19:57:38,ul,cu_up2,2600138,858870.6223320722,0.858871
2026-06-29T19:57:38,ul,du1,2600301,6439208.825655699,6.439209
2026-06-29T19:57:38,ul,du2,2601079,6513489.602930689,6.513490
2026-06-29T19:57:38,ul,du3,2601847,6476348.445484305,6.476348
2026-06-29T19:57:38,ul,du4,2602612,6569199.801482487,6.569200
2026-06-29T19:57:38,ul,ue1,2600364,2455905.7961265803,2.455906
2026-06-29T19:57:38,ul,ue2,2600376,2455905.7961265803,2.455906
2026-06-29T19:57:38,ul,ue3,2600388,2353769.919575691,2.353770
2026-06-29T19:57:38,ul,ue4,2600400,2465190.893285954,2.465191
2026-06-29T19:57:38,ul,ue5,2601125,2311986.886257398,2.311987
2026-06-29T19:57:38,ul,ue6,2601137,2390910.116010964,2.390910
2026-06-29T19:57:38,ul,ue7,2601149,2446620.6989672063,2.446621
2026-06-29T19:57:38,ul,ue8,2601161,2395552.5684895394,2.395553
2026-06-29T19:57:38,ul,ue9,2601891,2409480.3103297115,2.409480
2026-06-29T19:57:38,ul,ue10,2601903,2460548.4408073784,2.460548
2026-06-29T19:57:38,ul,ue11,2601915,2511616.3790828227,2.511616
2026-06-29T19:57:38,ul,ue12,2601927,2506973.7344020247,2.506974
2026-06-29T19:57:38,ul,ue13,2602658,2469833.34576453,2.469833
2026-06-29T19:57:38,ul,ue14,2602670,2437335.6018078327,2.437336
2026-06-29T19:57:38,ul,ue15,2602684,2432692.9571270347,2.432693
2026-06-29T19:57:38,ul,ue16,2602712,2474475.990445328,2.474476
2026-06-29T19:57:44,ul,cu_cp1,2600076,738311.0565536764,0.738311
2026-06-29T19:57:44,ul,cu_up1,2600103,716435.0985654092,0.716435
2026-06-29T19:57:44,ul,cu_cp2,2600111,738311.0565536764,0.738311
2026-06-29T19:57:44,ul,cu_up2,2600138,809407.6207797223,0.809408
2026-06-29T19:57:44,ul,du1,2600301,6278378.158264811,6.278378
2026-06-29T19:57:44,ul,du2,2601079,6393226.494834197,6.393226
2026-06-29T19:57:44,ul,du3,2601847,6207281.641916497,6.207282
2026-06-29T19:57:44,ul,du4,2602612,6442447.484093828,6.442447
2026-06-29T19:57:44,ul,ue1,2600364,2444629.6991666052,2.444630
2026-06-29T19:57:44,ul,ue2,2600376,2433691.7441113377,2.433692
2026-06-29T19:57:44,ul,ue3,2600388,2422753.980566996,2.422754
2026-06-29T19:57:44,ul,ue4,2600400,2417285.0030393624,2.417285
2026-06-29T19:57:44,ul,ue5,2601125,2264153.8237765394,2.264154
2026-06-29T19:57:44,ul,ue6,2601137,2406347.047984095,2.406347
2026-06-29T19:57:44,ul,ue7,2601149,2406347.047984095,2.406347
2026-06-29T19:57:44,ul,ue8,2601161,2373533.1828182912,2.373533
2026-06-29T19:57:44,ul,ue9,2601891,2373533.1828182912,2.373533
2026-06-29T19:57:44,ul,ue10,2601903,2411816.0255117286,2.411816
2026-06-29T19:57:44,ul,ue11,2601915,2422753.980566996,2.422754
2026-06-29T19:57:44,ul,ue12,2601927,2461036.8232604335,2.461037
2026-06-29T19:57:44,ul,ue13,2602658,2417285.0030393624,2.417285
2026-06-29T19:57:44,ul,ue14,2602670,2422753.980566996,2.422754
2026-06-29T19:57:44,ul,ue15,2602684,2433691.7441113377,2.433692
2026-06-29T19:57:44,ul,ue16,2602712,2455567.8457327997,2.455568
2026-06-29T19:57:50,ul,cu_cp1,2600076,710937.8551272494,0.710938
2026-06-29T19:57:50,ul,cu_up1,2600103,771094.0899788172,0.771094
2026-06-29T19:57:50,ul,cu_cp2,2600111,721875.3914574408,0.721875
2026-06-29T19:57:50,ul,cu_up2,2600138,820312.8840399646,0.820313
2026-06-29T19:57:50,ul,du1,2600301,6278127.796513137,6.278128
2026-06-29T19:57:50,ul,du2,2601079,6338283.840285163,6.338284
2026-06-29T19:57:50,ul,du3,2601847,6294533.88604394,6.294534
2026-06-29T19:57:50,ul,du4,2602612,6267190.403492603,6.267190
2026-06-29T19:57:50,ul,ue1,2600364,2406251.1137785935,2.406251
2026-06-29T19:57:50,ul,ue2,2600376,2384376.1366579817,2.384376
2026-06-29T19:57:50,ul,ue3,2600388,2378907.249068172,2.378907
2026-06-29T19:57:50,ul,ue4,2600400,2428126.0908992053,2.428126
2026-06-29T19:57:50,ul,ue5,2601125,2318751.2052961467,2.318751
2026-06-29T19:57:50,ul,ue6,2601137,2367969.8560476373,2.367970
2026-06-29T19:57:50,ul,ue7,2601149,2378907.249068172,2.378907
2026-06-29T19:57:50,ul,ue8,2601161,2384376.1366579817,2.384376
2026-06-29T19:57:50,ul,ue9,2601891,2378907.249068172,2.378907
2026-06-29T19:57:50,ul,ue10,2601903,2406251.1137785935,2.406251
2026-06-29T19:57:50,ul,ue11,2601915,2450001.0680198167,2.450001
2026-06-29T19:57:50,ul,ue12,2601927,2499219.9098508502,2.499220
2026-06-29T19:57:50,ul,ue13,2602658,2384376.1366579817,2.384376
2026-06-29T19:57:50,ul,ue14,2602670,2389844.833168249,2.389845
2026-06-29T19:57:50,ul,ue15,2602684,2433594.7874094723,2.433595
2026-06-29T19:57:50,ul,ue16,2602712,2406251.1137785935,2.406251
2026-06-29T19:57:56,ul,cu_cp1,2600076,722884.9534659386,0.722885
2026-06-29T19:57:56,ul,cu_up1,2600103,771728.5314028263,0.771729
2026-06-29T19:57:56,ul,cu_cp2,2600111,722884.9534659386,0.722885
2026-06-29T19:57:56,ul,cu_up2,2600138,810803.3460477066,0.810803
2026-06-29T19:57:56,ul,du1,2600301,6388739.898735656,6.388740
2026-06-29T19:57:56,ul,du2,2601079,6388739.898735656,6.388740
2026-06-29T19:57:56,ul,du3,2601847,6369202.372151642,6.369202
2026-06-29T19:57:56,ul,du4,2602612,6261746.739213638,6.261747
2026-06-29T19:57:56,ul,ue1,2600364,2373797.840028114,2.373798
2026-06-29T19:57:56,ul,ue2,2600376,2324954.214386597,2.324954
2026-06-29T19:57:56,ul,ue3,2600388,2334722.977678604,2.334723
2026-06-29T19:57:56,ul,ue4,2600400,2422641.465669632,2.422641
2026-06-29T19:57:56,ul,ue5,2601125,2305416.8786211014,2.305417
2026-06-29T19:57:56,ul,ue6,2601137,2324954.214386597,2.324954
2026-06-29T19:57:56,ul,ue7,2601149,2403103.939085617,2.403104
2026-06-29T19:57:56,ul,ue8,2601161,2422641.465669632,2.422641
2026-06-29T19:57:56,ul,ue9,2601891,2344491.7409706116,2.344492
2026-06-29T19:57:56,ul,ue10,2601903,2344491.7409706116,2.344492
2026-06-29T19:57:56,ul,ue11,2601915,2393335.3666121294,2.393335
2026-06-29T19:57:56,ul,ue12,2601927,2491022.4270766447,2.491022
2026-06-29T19:57:56,ul,ue13,2602658,2354260.504262619,2.354261
2026-06-29T19:57:56,ul,ue14,2602670,2364029.2675546263,2.364029
2026-06-29T19:57:56,ul,ue15,2602684,2393335.3666121294,2.393335
2026-06-29T19:57:56,ul,ue16,2602712,2442178.9922536467,2.442179
2026-06-29T19:58:02,ul,cu_cp1,2600076,733599.3361900332,0.733599
2026-06-29T19:58:02,ul,cu_up1,2600103,799623.2426262689,0.799623
2026-06-29T19:58:02,ul,cu_cp2,2600111,733599.3361900332,0.733599
2026-06-29T19:58:02,ul,cu_up2,2600138,806959.2269375145,0.806959
2026-06-29T19:58:02,ul,du1,2600301,6374978.178616512,6.374978
2026-06-29T19:58:02,ul,du2,2601079,6125554.712034158,6.125555
2026-06-29T19:58:02,ul,du3,2601847,6132890.505805306,6.132891
2026-06-29T19:58:02,ul,du4,2602612,6191578.380295272,6.191578
2026-06-29T19:58:02,ul,ue1,2600364,2435549.839975133,2.435550
2026-06-29T19:58:02,ul,ue2,2600376,2435549.839975133,2.435550
2026-06-29T19:58:02,ul,ue3,2600388,2391533.743567561,2.391534
2026-06-29T19:58:02,ul,ue4,2600400,2398869.7278788066,2.398870
2026-06-29T19:58:02,ul,ue5,2601125,2340181.8533888413,2.340182
2026-06-29T19:58:02,ul,ue6,2601137,2362189.8063225783,2.362190
2026-06-29T19:58:02,ul,ue7,2601149,2420877.6808125437,2.420878
2026-06-29T19:58:02,ul,ue8,2601161,2442885.633746281,2.442886
2026-06-29T19:58:02,ul,ue9,2601891,2310837.9161438583,2.310838
2026-06-29T19:58:02,ul,ue10,2601903,2369525.7906338237,2.369526
2026-06-29T19:58:02,ul,ue11,2601915,2362189.8063225783,2.362190
2026-06-29T19:58:02,ul,ue12,2601927,2435549.839975133,2.435550
2026-06-29T19:58:02,ul,ue13,2602658,2340181.8533888413,2.340182
2026-06-29T19:58:02,ul,ue14,2602670,2398869.7278788066,2.398870
2026-06-29T19:58:02,ul,ue15,2602684,2442885.633746281,2.442886
2026-06-29T19:58:02,ul,ue16,2602712,2420877.6808125437,2.420878
2026-06-29T19:58:08,ul,cu_cp1,2600076,721692.9269866913,0.721693
2026-06-29T19:58:08,ul,cu_up1,2600103,798372.8431598454,0.798373
2026-06-29T19:58:08,ul,cu_cp2,2600111,717182.3464914918,0.717182
2026-06-29T19:58:08,ul,cu_up2,2600138,807394.0519050062,0.807394
2026-06-29T19:58:08,ul,du1,2600301,6373450.574000311,6.373451
2026-06-29T19:58:08,ul,du2,2601079,6382472.403557372,6.382472
2026-06-29T19:58:08,ul,du3,2601847,6188517.012470936,6.188517
2026-06-29T19:58:08,ul,du4,2602612,6193027.736230421,6.193028
2026-06-29T19:58:08,ul,ue1,2600364,2372565.6270035384,2.372566
2026-06-29T19:58:08,ul,ue2,2600376,2359033.837763178,2.359034
2026-06-29T19:58:08,ul,ue3,2600388,2404139.5472056507,2.404140
2026-06-29T19:58:08,ul,ue4,2600400,2413160.803705573,2.413161
2026-06-29T19:58:08,ul,ue5,2601125,2313927.9373016595,2.313928
2026-06-29T19:58:08,ul,ue6,2601137,2363544.5615226626,2.363545
2026-06-29T19:58:08,ul,ue7,2601149,2386097.4162438987,2.386097
2026-06-29T19:58:08,ul,ue8,2601161,2449245.4476671694,2.449245
2026-06-29T19:58:08,ul,ue9,2601891,2377076.159743977,2.377076
2026-06-29T19:58:08,ul,ue10,2601903,2413160.803705573,2.413161
2026-06-29T19:58:08,ul,ue11,2601915,2399629.205484259,2.399629
2026-06-29T19:58:08,ul,ue12,2601927,2458266.7041670918,2.458267
2026-06-29T19:58:08,ul,ue13,2602658,2381586.883503461,2.381587
2026-06-29T19:58:08,ul,ue14,2602670,2377076.159743977,2.377076
2026-06-29T19:58:08,ul,ue15,2602684,2377076.159743977,2.377076
2026-06-29T19:58:08,ul,ue16,2602712,2444734.9149267315,2.444735
2026-06-29T19:58:14,ul,cu_cp1,2600076,737780.9263470572,0.737781
2026-06-29T19:58:14,ul,cu_up1,2600103,794932.9884663123,0.794933
2026-06-29T19:58:14,ul,cu_cp2,2600111,722194.0481530166,0.722194
2026-06-29T19:58:14,ul,cu_up2,2600138,805324.3203264785,0.805324
2026-06-29T19:58:14,ul,du1,2600301,6281529.660275745,6.281530
2026-06-29T19:58:14,ul,du2,2601079,6385442.500492573,6.385443
2026-06-29T19:58:14,ul,du3,2601847,6193203.746091442,6.193204
2026-06-29T19:58:14,ul,du4,2602612,6104877.449199271,6.104877
2026-06-29T19:58:14,ul,ue1,2600364,2364016.349517088,2.364016
2026-06-29T19:58:14,ul,ue2,2600376,2369212.1828818633,2.369212
2026-06-29T19:58:14,ul,ue3,2600388,2348429.6148384977,2.348430
2026-06-29T19:58:14,ul,ue4,2600400,2436755.3376688673,2.436755
2026-06-29T19:58:14,ul,ue5,2601125,2343233.7814737223,2.343234
2026-06-29T19:58:14,ul,ue6,2601137,2369212.1828818633,2.369212
2026-06-29T19:58:14,ul,ue7,2601149,2410777.12761466,2.410777
2026-06-29T19:58:14,ul,ue8,2601161,2421168.411636343,2.421168
2026-06-29T19:58:14,ul,ue9,2601891,2348429.6148384977,2.348430
2026-06-29T19:58:14,ul,ue10,2601903,2426364.0536471843,2.426364
2026-06-29T19:58:14,ul,ue11,2601915,2405581.6769577526,2.405582
2026-06-29T19:58:14,ul,ue12,2601927,2436755.3376688673,2.436755
2026-06-29T19:58:14,ul,ue13,2602658,2426364.0536471843,2.426364
2026-06-29T19:58:14,ul,ue14,2602670,2348429.6148384977,2.348430
2026-06-29T19:58:14,ul,ue15,2602684,2405581.6769577526,2.405582
2026-06-29T19:58:14,ul,ue16,2602712,2457537.9057122325,2.457538
2026-06-29T19:58:20,ul,cu_cp1,2600076,745542.5303467959,0.745543
2026-06-29T19:58:20,ul,cu_up1,2600103,821729.2702551717,0.821729
2026-06-29T19:58:20,ul,cu_cp2,2600111,707449.1125457522,0.707449
2026-06-29T19:58:20,ul,cu_up2,2600138,810845.4502682608,0.810845
2026-06-29T19:58:20,ul,du1,2600301,6421460.682224622,6.421461
2026-06-29T19:58:20,ul,du2,2601079,6301739.04514345,6.301739
2026-06-29T19:58:20,ul,du3,2601847,6328948.21233588,6.328948
2026-06-29T19:58:20,ul,du4,2602612,6301739.04514345,6.301739
2026-06-29T19:58:20,ul,ue1,2600364,2399884.9865377615,2.399885
2026-06-29T19:58:20,ul,ue2,2600376,2367233.5265770294,2.367234
2026-06-29T19:58:20,ul,ue3,2600388,2340023.976609752,2.340024
2026-06-29T19:58:20,ul,ue4,2600400,2389001.166550851,2.389001
2026-06-29T19:58:20,ul,ue5,2601125,2274720.865300864,2.274721
2026-06-29T19:58:20,ul,ue6,2601137,2323698.055241963,2.323698
2026-06-29T19:58:20,ul,ue7,2601149,2383559.0651699724,2.383559
2026-06-29T19:58:20,ul,ue8,2601161,2372675.4365704847,2.372675
2026-06-29T19:58:20,ul,ue9,2601891,2361791.6165835736,2.361792
2026-06-29T19:58:20,ul,ue10,2601903,2405326.8965312173,2.405327
2026-06-29T19:58:20,ul,ue11,2601915,2405326.8965312173,2.405327
2026-06-29T19:58:20,ul,ue12,2601927,2448862.1764788604,2.448862
2026-06-29T19:58:20,ul,ue13,2602658,2367233.5265770294,2.367234
2026-06-29T19:58:20,ul,ue14,2602670,2345465.886603208,2.345466
2026-06-29T19:58:20,ul,ue15,2602684,2367233.5265770294,2.367234
2026-06-29T19:58:20,ul,ue16,2602712,2416210.716518128,2.416211
2026-06-29T19:58:26,ul,cu_cp1,2600076,754541.7702637196,0.754542
2026-06-29T19:58:26,ul,cu_up1,2600103,819216.779143467,0.819217
2026-06-29T19:58:26,ul,cu_cp2,2600111,743762.5783418083,0.743763
2026-06-29T19:58:26,ul,cu_up2,2600138,829995.9235148048,0.829996
2026-06-29T19:58:26,ul,du1,2600301,6273476.099088363,6.273476
2026-06-29T19:58:26,ul,du2,2601079,6305813.532202377,6.305814
2026-06-29T19:58:26,ul,du3,2601847,6111788.172709121,6.111788
2026-06-29T19:58:26,ul,du4,2602612,6241138.285569763,6.241138
2026-06-29T19:58:26,ul,ue1,2600364,2371417.087358551,2.371417
2026-06-29T19:58:26,ul,ue2,2600376,2349858.6084135817,2.349859
2026-06-29T19:58:26,ul,ue3,2600388,2317521.175299568,2.317521
2026-06-29T19:58:26,ul,ue4,2600400,2392975.376101227,2.392975
2026-06-29T19:58:26,ul,ue5,2601125,2349858.6084135817,2.349859
2026-06-29T19:58:26,ul,ue6,2601137,2317521.175299568,2.317521
2026-06-29T19:58:26,ul,ue7,2601149,2392975.376101227,2.392975
2026-06-29T19:58:26,ul,ue8,2601161,2339079.6542445375,2.339080
2026-06-29T19:58:26,ul,ue9,2601891,2295962.696354599,2.295963
2026-06-29T19:58:26,ul,ue10,2601903,2360637.75278492,2.360638
2026-06-29T19:58:26,ul,ue11,2601915,2382196.231729889,2.382196
2026-06-29T19:58:26,ul,ue12,2601927,2446871.2881602095,2.446871
2026-06-29T19:58:26,ul,ue13,2602658,2414533.6648439025,2.414534
2026-06-29T19:58:26,ul,ue14,2602670,2339079.6542445375,2.339080
2026-06-29T19:58:26,ul,ue15,2602684,2392975.376101227,2.392975
2026-06-29T19:58:26,ul,ue16,2602712,2500767.010016899,2.500767
2026-06-29T19:58:32,ul,cu_cp1,2600076,741464.858299081,0.741465
2026-06-29T19:58:32,ul,cu_up1,2600103,803904.029935956,0.803904
2026-06-29T19:58:32,ul,cu_cp2,2600111,718050.1151313453,0.718050
2026-06-29T19:58:32,ul,cu_up2,2600138,811708.8008481145,0.811709
2026-06-29T19:58:32,ul,du1,2600301,6236109.523233605,6.236110
2026-06-29T19:58:32,ul,du2,2601079,6376597.695285845,6.376598
2026-06-29T19:58:32,ul,du3,2601847,6197084.903461683,6.197085
2026-06-29T19:58:32,ul,du4,2602612,6392207.237110162,6.392207
2026-06-29T19:58:32,ul,ue1,2600364,2372687.4700359465,2.372687
2026-06-29T19:58:32,ul,ue2,2600376,2372687.4700359465,2.372687
2026-06-29T19:58:32,ul,ue3,2600388,2372687.4700359465,2.372687
2026-06-29T19:58:32,ul,ue4,2600400,2396102.1653779866,2.396102
2026-06-29T19:58:32,ul,ue5,2601125,2357077.736908847,2.357078
2026-06-29T19:58:32,ul,ue6,2601137,2372687.4700359465,2.372687
2026-06-29T19:58:32,ul,ue7,2601149,2396102.1653779866,2.396102
2026-06-29T19:58:32,ul,ue8,2601161,2419516.8607200263,2.419517
2026-06-29T19:58:32,ul,ue9,2601891,2357077.736908847,2.357078
2026-06-29T19:58:32,ul,ue10,2601903,2388297.394465828,2.388297
2026-06-29T19:58:32,ul,ue11,2601915,2427321.8229349675,2.427322
2026-06-29T19:58:32,ul,ue12,2601927,2489760.946746147,2.489761
2026-06-29T19:58:32,ul,ue13,2602658,2403906.936290145,2.403907
2026-06-29T19:58:32,ul,ue14,2602670,2388297.394465828,2.388297
2026-06-29T19:58:32,ul,ue15,2602684,2419516.8607200263,2.419517
2026-06-29T19:58:32,ul,ue16,2602712,2450736.518277007,2.450737
2026-06-29T19:58:38,ul,cu_cp1,2600076,744713.6477296156,0.744714
2026-06-29T19:58:38,ul,cu_up1,2600103,804107.9930241138,0.804108
2026-06-29T19:58:38,ul,cu_cp2,2600111,731007.227180185,0.731007
2026-06-29T19:58:38,ul,cu_up2,2600138,813245.6067237342,0.813246
2026-06-29T19:58:38,ul,du1,2600301,6346056.661964195,6.346057
2026-06-29T19:58:38,ul,du2,2601079,6341487.615525994,6.341488
2026-06-29T19:58:38,ul,du3,2601847,6336919.335770642,6.336919
2026-06-29T19:58:38,ul,du4,2602612,6291231.171437185,6.291231
2026-06-29T19:58:38,ul,ue1,2600364,2407755.2201402094,2.407755
2026-06-29T19:58:38,ul,ue2,2600376,2389479.9927409682,2.389480
2026-06-29T19:58:38,ul,ue3,2600388,2334654.310543246,2.334654
2026-06-29T19:58:38,ul,ue4,2600400,2375773.620109216,2.375774
2026-06-29T19:58:38,ul,ue5,2601125,2330085.6474464703,2.330086
2026-06-29T19:58:38,ul,ue6,2601137,2357498.392709975,2.357498
2026-06-29T19:58:38,ul,ue7,2601149,2412324.0749076973,2.412324
2026-06-29T19:58:38,ul,ue8,2601161,2412324.0749076973,2.412324
2026-06-29T19:58:38,ul,ue9,2601891,2366635.9105742397,2.366636
2026-06-29T19:58:38,ul,ue10,2601903,2398617.510605233,2.398618
2026-06-29T19:58:38,ul,ue11,2601915,2435167.773733002,2.435168
2026-06-29T19:58:38,ul,ue12,2601927,2489993.4559307243,2.489993
2026-06-29T19:58:38,ul,ue13,2602658,2352929.537942487,2.352930
2026-06-29T19:58:38,ul,ue14,2602670,2412324.0749076973,2.412324
2026-06-29T19:58:38,ul,ue15,2602684,2398617.510605233,2.398618
2026-06-29T19:58:38,ul,ue16,2602712,2439736.62850049,2.439737
2026-06-29T19:58:44,ul,cu_cp1,2600076,736758.002515406,0.736758
2026-06-29T19:58:44,ul,cu_up1,2600103,776315.5321017551,0.776316
2026-06-29T19:58:44,ul,cu_cp2,2600111,721923.9946558815,0.721924
2026-06-29T19:58:44,ul,cu_up2,2600138,801038.862598452,0.801039
2026-06-29T19:58:44,ul,du1,2600301,6319307.044860597,6.319307
2026-06-29T19:58:44,ul,du2,2601079,6185800.496049557,6.185800
2026-06-29T19:58:44,ul,du3,2601847,6299528.112741061,6.299528
2026-06-29T19:58:44,ul,du4,2602612,6299528.112741061,6.299528
2026-06-29T19:58:44,ul,ue1,2600364,2417950.83469254,2.417951
2026-06-29T19:58:44,ul,ue2,2600376,2408061.368632772,2.408061
2026-06-29T19:58:44,ul,ue3,2600388,2338835.679904778,2.338836
2026-06-29T19:58:44,ul,ue4,2600400,2378393.352913723,2.378393
2026-06-29T19:58:44,ul,ue5,2601125,2304223.026770909,2.304223
2026-06-29T19:58:44,ul,ue6,2601137,2373448.524268775,2.373449
2026-06-29T19:58:44,ul,ue7,2601149,2403116.731217952,2.403117
2026-06-29T19:58:44,ul,ue8,2601161,2378393.352913723,2.378393
2026-06-29T19:58:44,ul,ue9,2601891,2333891.042489958,2.333891
2026-06-29T19:58:44,ul,ue10,2601903,2393227.4563883115,2.393227
2026-06-29T19:58:44,ul,ue11,2601915,2432784.9381671287,2.432785
2026-06-29T19:58:44,ul,ue12,2601927,2467397.591300998,2.467398
2026-06-29T19:58:44,ul,ue13,2602658,2393227.4563883115,2.393227
2026-06-29T19:58:44,ul,ue14,2602670,2383337.9903285434,2.383338
2026-06-29T19:58:44,ul,ue15,2602684,2383337.9903285434,2.383338
2026-06-29T19:58:44,ul,ue16,2602712,2427840.1095221806,2.427840
2026-06-29T19:58:50,ul,cu_cp1,2600076,729950.4337367469,0.729950
2026-06-29T19:58:50,ul,cu_up1,2600103,784424.2825269932,0.784424
2026-06-29T19:58:50,ul,cu_cp2,2600111,713608.1835499567,0.713608
2026-06-29T19:58:50,ul,cu_up2,2600138,789871.715180876,0.789872
2026-06-29T19:58:50,ul,du1,2600301,6324420.8196768835,6.324421
2026-06-29T19:58:50,ul,du2,2601079,6117420.0031745145,6.117420
2026-06-29T19:58:50,ul,du3,2601847,6264499.681557328,6.264500
2026-06-29T19:58:50,ul,du4,2602612,6204578.161238909,6.204578
2026-06-29T19:58:50,ul,ue1,2600364,2467668.121139929,2.467668
2026-06-29T19:58:50,ul,ue2,2600376,2424089.0421077325,2.424089
2026-06-29T19:58:50,ul,ue3,2600388,2347825.462701955,2.347825
2026-06-29T19:58:50,ul,ue4,2600400,2418641.561678991,2.418642
2026-06-29T19:58:50,ul,ue5,2601125,2320588.633856548,2.320589
2026-06-29T19:58:50,ul,ue6,2601137,2413194.272349683,2.413194
2026-06-29T19:58:50,ul,ue7,2601149,2445878.581623831,2.445879
2026-06-29T19:58:50,ul,ue8,2601161,2402299.5025916337,2.402300
2026-06-29T19:58:50,ul,ue9,2601891,2331483.4036145974,2.331483
2026-06-29T19:58:50,ul,ue10,2601903,2413194.272349683,2.413194
2026-06-29T19:58:50,ul,ue11,2601915,2407746.7919209423,2.407747
2026-06-29T19:58:50,ul,ue12,2601927,2478562.8908979786,2.478563
2026-06-29T19:58:50,ul,ue13,2602658,2396852.022162893,2.396852
2026-06-29T19:58:50,ul,ue14,2602670,2402299.5025916337,2.402300
2026-06-29T19:58:50,ul,ue15,2602684,2396852.022162893,2.396852
2026-06-29T19:58:50,ul,ue16,2602712,2385957.2524048435,2.385957
2026-06-29T19:58:56,ul,cu_cp1,2600076,700261.8264871717,0.700262
2026-06-29T19:58:56,ul,cu_up1,2600103,772702.6688122201,0.772703
2026-06-29T19:58:56,ul,cu_cp2,2600111,700261.8264871717,0.700262
2026-06-29T19:58:56,ul,cu_up2,2600138,772702.6688122201,0.772703
2026-06-29T19:58:56,ul,du1,2600301,6145401.503172569,6.145402
2026-06-29T19:58:56,ul,du2,2601079,5916005.438716879,5.916005
2026-06-29T19:58:56,ul,du3,2601847,6362724.030147715,6.362724
2026-06-29T19:58:56,ul,du4,2602612,6181621.350497761,6.181621
2026-06-29T19:58:56,ul,ue1,2600364,2426769.3655637885,2.426769
2026-06-29T19:58:56,ul,ue2,2600376,2390549.135680375,2.390549
2026-06-29T19:58:56,ul,ue3,2600388,2402622.4818818094,2.402622
2026-06-29T19:58:56,ul,ue4,2600400,2450916.4405248784,2.450916
2026-06-29T19:58:56,ul,ue5,2601125,2281887.6809136914,2.281888
2026-06-29T19:58:56,ul,ue6,2601137,2414696.019362354,2.414696
2026-06-29T19:58:56,ul,ue7,2601149,2378475.406920719,2.378475
2026-06-29T19:58:56,ul,ue8,2601161,2402622.4818818094,2.402622
2026-06-29T19:58:56,ul,ue9,2601891,2426769.3655637885,2.426769
2026-06-29T19:58:56,ul,ue10,2601903,2354328.52323874,2.354329
2026-06-29T19:58:56,ul,ue11,2601915,2414696.019362354,2.414696
2026-06-29T19:58:56,ul,ue12,2601927,2523357.282849927,2.523357
2026-06-29T19:58:56,ul,ue13,2602658,2366402.060719285,2.366402
2026-06-29T19:58:56,ul,ue14,2602670,2390549.135680375,2.390549
2026-06-29T19:58:56,ul,ue15,2602684,2390549.135680375,2.390549
2026-06-29T19:58:56,ul,ue16,2602712,2390549.135680375,2.390549
2026-06-29T19:59:02,ul,cu_cp1,2600076,650923.4725385297,0.650923
2026-06-29T19:59:02,ul,cu_up1,2600103,767755.8675053305,0.767756
2026-06-29T19:59:02,ul,cu_cp2,2600111,675958.968752008,0.675959
2026-06-29T19:59:02,ul,cu_up2,2600138,742720.3237095112,0.742720
2026-06-29T19:59:02,ul,du1,2600301,5941762.58967609,5.941763
2026-06-29T19:59:02,ul,du2,2601079,6100321.414375004,6.100321
2026-06-29T19:59:02,ul,du3,2601847,6217153.952088828,6.217154
2026-06-29T19:59:02,ul,du4,2602612,6200463.208899555,6.200463
2026-06-29T19:59:02,ul,ue1,2600364,2353338.642525289,2.353339
2026-06-29T19:59:02,ul,ue2,2600376,2344993.461260016,2.344993
2026-06-29T19:59:02,ul,ue3,2600388,2378374.186321108,2.378374
2026-06-29T19:59:02,ul,ue4,2600400,2403409.7301169275,2.403410
2026-06-29T19:59:02,ul,ue5,2601125,2294922.563997741,2.294923
2026-06-29T19:59:02,ul,ue6,2601137,2420100.092647474,2.420100
2026-06-29T19:59:02,ul,ue7,2601149,2395064.5488516544,2.395065
2026-06-29T19:59:02,ul,ue8,2601161,2378374.186321108,2.378374
2026-06-29T19:59:02,ul,ue9,2601891,2403409.7301169275,2.403410
2026-06-29T19:59:02,ul,ue10,2601903,2353338.642525289,2.353339
2026-06-29T19:59:02,ul,ue11,2601915,2428445.273912747,2.428445
2026-06-29T19:59:02,ul,ue12,2601927,2436790.45517802,2.436790
2026-06-29T19:59:02,ul,ue13,2602658,2328303.09872947,2.328303
2026-06-29T19:59:02,ul,ue14,2602670,2361683.8237905623,2.361684
2026-06-29T19:59:02,ul,ue15,2602684,2370029.0050558355,2.370029
2026-06-29T19:59:02,ul,ue16,2602712,2378374.186321108,2.378374
2026-06-29T19:59:08,ul,cu_cp1,2600076,675399.9184775805,0.675400
2026-06-29T19:59:08,ul,cu_up1,2600103,771233.7199380184,0.771234
2026-06-29T19:59:08,ul,cu_cp2,2600111,716471.547674911,0.716472
2026-06-29T19:59:08,ul,cu_up2,2600138,762106.6753735972,0.762107
2026-06-29T19:59:08,ul,du1,2600301,6096853.4029887775,6.096853
2026-06-29T19:59:08,ul,du2,2601079,6147051.934065399,6.147052
2026-06-29T19:59:08,ul,du3,2601847,6147051.934065399,6.147052
2026-06-29T19:59:08,ul,du4,2602612,6137925.032186108,6.137925
2026-06-29T19:59:08,ul,ue1,2600364,2395844.4657704257,2.395844
2026-06-29T19:59:08,ul,ue2,2600376,2377590.2815181636,2.377590
2026-06-29T19:59:08,ul,ue3,2600388,2350209.19538661,2.350209
2026-06-29T19:59:08,ul,ue4,2600400,2386717.3736442947,2.386717
2026-06-29T19:59:08,ul,ue5,2601125,2327391.750441542,2.327392
2026-06-29T19:59:08,ul,ue6,2601137,2400407.9167100717,2.400408
2026-06-29T19:59:08,ul,ue7,2601149,2414098.4597758483,2.414098
2026-06-29T19:59:08,ul,ue8,2601161,2373026.830578518,2.373027
2026-06-29T19:59:08,ul,ue9,2601891,2386717.3736442947,2.386717
2026-06-29T19:59:08,ul,ue10,2601903,2345645.7444469645,2.345646
2026-06-29T19:59:08,ul,ue11,2601915,2404971.3676497173,2.404971
2026-06-29T19:59:08,ul,ue12,2601927,2427789.0028416254,2.427789
2026-06-29T19:59:08,ul,ue13,2602658,2341082.103260479,2.341082
2026-06-29T19:59:08,ul,ue14,2602670,2354772.8365730955,2.354773
2026-06-29T19:59:08,ul,ue15,2602684,2382153.7324578096,2.382154
2026-06-29T19:59:08,ul,ue16,2602712,2404971.3676497173,2.404971
2026-06-29T19:59:14,ul,cu_cp1,2600076,687340.680703175,0.687341
2026-06-29T19:59:14,ul,cu_up1,2600103,762665.746266371,0.762666
2026-06-29T19:59:14,ul,cu_cp2,2600111,715587.6220248342,0.715588
2026-06-29T19:59:14,ul,cu_up2,2600138,776789.1692295313,0.776789
2026-06-29T19:59:14,ul,du1,2600301,6115449.440791798,6.115449
2026-06-29T19:59:14,ul,du2,2601079,6219021.3045836445,6.219021
2026-06-29T19:59:14,ul,du3,2601847,6228436.8244970795,6.228437
2026-06-29T19:59:14,ul,du4,2602612,6242560.676739263,6.242561
2026-06-29T19:59:14,ul,ue1,2600364,2363322.3997576474,2.363322
2026-06-29T19:59:14,ul,ue2,2600376,2368030.159714365,2.368030
2026-06-29T19:59:14,ul,ue3,2600388,2297412.997200894,2.297413
2026-06-29T19:59:14,ul,ue4,2600400,2405692.6209494593,2.405693
2026-06-29T19:59:14,ul,ue5,2601125,2306828.517114329,2.306829
2026-06-29T19:59:14,ul,ue6,2601137,2377445.6796278,2.377446
2026-06-29T19:59:14,ul,ue7,2601149,2419816.0916102887,2.419816
2026-06-29T19:59:14,ul,ue8,2601161,2344490.9783494235,2.344491
2026-06-29T19:59:14,ul,ue9,2601891,2372737.9196710824,2.372738
2026-06-29T19:59:14,ul,ue10,2601903,2405692.6209494593,2.405693
2026-06-29T19:59:14,ul,ue11,2601915,2415108.1408628942,2.415108
2026-06-29T19:59:14,ul,ue12,2601927,2476309.7834629295,2.476310
2026-06-29T19:59:14,ul,ue13,2602658,2382153.4395845174,2.382153
2026-06-29T19:59:14,ul,ue14,2602670,2372737.9196710824,2.372738
2026-06-29T19:59:14,ul,ue15,2602684,2405692.6209494593,2.405693
2026-06-29T19:59:14,ul,ue16,2602712,2452770.602097988,2.452771
2026-06-29T19:59:19,ul,cu_cp1,2600076,715483.7928750605,0.715484
2026-06-29T19:59:19,ul,cu_up1,2600103,775562.6175485284,0.775563
2026-06-29T19:59:19,ul,cu_cp2,2600111,726407.1850639835,0.726407
2026-06-29T19:59:19,ul,cu_up2,2600138,791947.6818841428,0.791948
2026-06-29T19:59:19,ul,du1,2600301,6237271.069059456,6.237271
2026-06-29T19:59:19,ul,du2,2601079,6193576.92555728,6.193577
2026-06-29T19:59:19,ul,du3,2601847,6275502.821981835,6.275503
2026-06-29T19:59:19,ul,du4,2602612,6166268.804301525,6.166269
2026-06-29T19:59:19,ul,ue1,2600364,2403151.6458635866,2.403152
2026-06-29T19:59:19,ul,ue2,2600376,2408613.2701147376,2.408613
2026-06-29T19:59:19,ul,ue3,2600388,2403151.6458635866,2.403152
2026-06-29T19:59:19,ul,ue4,2600400,2430460.1502836645,2.430460
2026-06-29T19:59:19,ul,ue5,2601125,2304840.8766855774,2.304841
2026-06-29T19:59:19,ul,ue6,2601137,2408613.2701147376,2.408613
2026-06-29T19:59:19,ul,ue7,2601149,2403151.6458635866,2.403152
2026-06-29T19:59:19,ul,ue8,2601161,2392228.205779123,2.392228
2026-06-29T19:59:19,ul,ue9,2601891,2353996.2612745822,2.353996
2026-06-29T19:59:19,ul,ue10,2601903,2430460.1502836645,2.430460
2026-06-29T19:59:19,ul,ue11,2601915,2414075.08594805,2.414075
2026-06-29T19:59:19,ul,ue12,2601927,2534232.7352949856,2.534233
2026-06-29T19:59:19,ul,ue13,2602658,2370381.3256101967,2.370381
2026-06-29T19:59:19,ul,ue14,2602670,2392228.205779123,2.392228
2026-06-29T19:59:19,ul,ue15,2602684,2419536.710199201,2.419537
2026-06-29T19:59:19,ul,ue16,2602712,2435921.7745348155,2.435922
2026-06-29T19:59:25,ul,cu_cp1,2600076,710509.5176345295,0.710510
2026-06-29T19:59:25,ul,cu_up1,2600103,770629.5599885422,0.770630
2026-06-29T19:59:25,ul,cu_cp2,2600111,721440.4127138198,0.721440
2026-06-29T19:59:25,ul,cu_up2,2600138,787025.9264910609,0.787026
2026-06-29T19:59:25,ul,du1,2600301,6154105.441527548,6.154105
2026-06-29T19:59:25,ul,du2,2601079,6219690.907537622,6.219691
2026-06-29T19:59:25,ul,du3,2601847,6274345.717304239,6.274346
2026-06-29T19:59:25,ul,du4,2602612,6318069.488690066,6.318069
2026-06-29T19:59:25,ul,ue1,2600364,2372008.5790181397,2.372009
2026-06-29T19:59:25,ul,ue2,2600376,2388405.1365893246,2.388405
2026-06-29T19:59:25,ul,ue3,2600388,2339215.8460131027,2.339216
2026-06-29T19:59:25,ul,ue4,2600400,2404801.5030918433,2.404802
2026-06-29T19:59:25,ul,ue5,2601125,2262699.532690904,2.262700
2026-06-29T19:59:25,ul,ue6,2601137,2393870.4647110533,2.393870
2026-06-29T19:59:25,ul,ue7,2601149,2415732.350403967,2.415732
2026-06-29T19:59:25,ul,ue8,2601161,2339215.8460131027,2.339216
2026-06-29T19:59:25,ul,ue9,2601891,2377474.0982085345,2.377474
2026-06-29T19:59:25,ul,ue10,2601903,2388405.1365893246,2.388405
2026-06-29T19:59:25,ul,ue11,2601915,2470386.969101918,2.470387
2026-06-29T19:59:25,ul,ue12,2601927,2437594.2360968804,2.437594
2026-06-29T19:59:25,ul,ue13,2602658,2415732.350403967,2.415732
2026-06-29T19:59:25,ul,ue14,2602670,2393870.4647110533,2.393870
2026-06-29T19:59:25,ul,ue15,2602684,2388405.1365893246,2.388405
2026-06-29T19:59:25,ul,ue16,2602712,2404801.5030918433,2.404802
2026-06-29T19:59:31,ul,cu_cp1,2600076,705235.8691830087,0.705236
2026-06-29T19:59:31,ul,cu_up1,2600103,724042.1793686557,0.724042
2026-06-29T19:59:31,ul,cu_cp2,2600111,705235.8691830087,0.705236
2026-06-29T19:59:31,ul,cu_up2,2600138,799267.2770902273,0.799267
2026-06-29T19:59:31,ul,du1,2600301,6065028.55125175,6.065029
2026-06-29T19:59:31,ul,du2,2601079,6121447.481808691,6.121447
2026-06-29T19:59:31,ul,du3,2601847,6215479.032736926,6.215479
2026-06-29T19:59:31,ul,du4,2602612,6206075.877644103,6.206076
2026-06-29T19:59:31,ul,ue1,2600364,2388398.914546219,2.388399
2026-06-29T19:59:31,ul,ue2,2600376,2407205.0340371775,2.407205
2026-06-29T19:59:31,ul,ue3,2600388,2331979.7932945895,2.331980
2026-06-29T19:59:31,ul,ue4,2600400,2397801.878944354,2.397802
2026-06-29T19:59:31,ul,ue5,2601125,2275561.053432337,2.275561
2026-06-29T19:59:31,ul,ue6,2601137,2341383.1390821016,2.341383
2026-06-29T19:59:31,ul,ue7,2601149,2369592.4136658837,2.369592
2026-06-29T19:59:31,ul,ue8,2601161,2378995.568758707,2.378996
2026-06-29T19:59:31,ul,ue9,2601891,2341383.1390821016,2.341383
2026-06-29T19:59:31,ul,ue10,2601903,2407205.0340371775,2.407205
2026-06-29T19:59:31,ul,ue11,2601915,2397801.878944354,2.397802
2026-06-29T19:59:31,ul,ue12,2601927,2435414.499315648,2.435414
2026-06-29T19:59:31,ul,ue13,2602658,2416608.1891300012,2.416608
2026-06-29T19:59:31,ul,ue14,2602670,2388398.914546219,2.388399
2026-06-29T19:59:31,ul,ue15,2602684,2444817.6544084717,2.444818
2026-06-29T19:59:31,ul,ue16,2602712,2444817.6544084717,2.444818
2026-06-29T19:59:37,ul,cu_cp1,2600076,718951.1327103657,0.718951
2026-06-29T19:59:37,ul,cu_up1,2600103,747145.2293169057,0.747145
2026-06-29T19:59:37,ul,cu_cp2,2600111,718951.1327103657,0.718951
2026-06-29T19:59:37,ul,cu_up2,2600138,810582.1136059803,0.810582
2026-06-29T19:59:37,ul,du1,2600301,6237957.96738219,6.237958
2026-06-29T19:59:37,ul,du2,2601079,6259103.754454128,6.259104
2026-06-29T19:59:37,ul,du3,2601847,6019453.408679123,6.019453
2026-06-29T19:59:37,ul,du4,2602612,6104035.793884091,6.104036
2026-06-29T19:59:37,ul,ue1,2600364,2431746.436203289,2.431746
2026-06-29T19:59:37,ul,ue2,2600376,2424697.8405126426,2.424698
2026-06-29T19:59:37,ul,ue3,2600388,2354212.45591827,2.354212
2026-06-29T19:59:37,ul,ue4,2600400,2424697.8405126426,2.424698
2026-06-29T19:59:37,ul,ue5,2601125,2347164.050998321,2.347164
2026-06-29T19:59:37,ul,ue6,2601137,2396503.6485207547,2.396504
2026-06-29T19:59:37,ul,ue7,2601149,2445843.436813885,2.445843
2026-06-29T19:59:37,ul,ue8,2601161,2438795.031893935,2.438795
2026-06-29T19:59:37,ul,ue9,2601891,2304872.66762514,2.304873
2026-06-29T19:59:37,ul,ue10,2601903,2347164.050998321,2.347164
2026-06-29T19:59:37,ul,ue11,2601915,2361261.0516089164,2.361261
2026-06-29T19:59:37,ul,ue12,2601927,2417649.244821997,2.417649
2026-06-29T19:59:37,ul,ue13,2602658,2396503.6485207547,2.396504
2026-06-29T19:59:37,ul,ue14,2602670,2389455.0528301084,2.389455
2026-06-29T19:59:37,ul,ue15,2602684,2396503.6485207547,2.396504
2026-06-29T19:59:37,ul,ue16,2602712,2438795.031893935,2.438795
2026-06-29T19:59:43,ul,cu_cp1,2600076,717685.7666358268,0.717686
2026-06-29T19:59:43,ul,cu_up1,2600103,754255.7541700065,0.754256
2026-06-29T19:59:43,ul,cu_cp2,2600111,726828.2635193717,0.726828
2026-06-29T19:59:43,ul,cu_up2,2600138,799968.2385877311,0.799968
2026-06-29T19:59:43,ul,du1,2600301,6221467.601428642,6.221468
2026-06-29T19:59:43,ul,du2,2601079,6226038.467914496,6.226038
2026-06-29T19:59:43,ul,du3,2601847,6020332.669990654,6.020333
2026-06-29T19:59:43,ul,du4,2602612,6125471.384151421,6.125471
2026-06-29T19:59:43,ul,ue1,2600364,2422760.9102275656,2.422761
2026-06-29T19:59:43,ul,ue2,2600376,2377048.425809841,2.377048
2026-06-29T19:59:43,ul,ue3,2600388,2372477.1773680686,2.372477
2026-06-29T19:59:43,ul,ue4,2600400,2468473.3946452904,2.468473
2026-06-29T19:59:43,ul,ue5,2601125,2354192.183600979,2.354192
2026-06-29T19:59:43,ul,ue6,2601137,2413618.413344021,2.413618
2026-06-29T19:59:43,ul,ue7,2601149,2445617.1524364282,2.445617
2026-06-29T19:59:43,ul,ue8,2601161,2459330.8977617454,2.459331
2026-06-29T19:59:43,ul,ue9,2601891,2335907.189833889,2.335907
2026-06-29T19:59:43,ul,ue10,2601903,2313050.9476250266,2.313051
2026-06-29T19:59:43,ul,ue11,2601915,2367906.119904256,2.367906
2026-06-29T19:59:43,ul,ue12,2601927,2427332.158669338,2.427332
2026-06-29T19:59:43,ul,ue13,2602658,2399904.6680187033,2.399905
2026-06-29T19:59:43,ul,ue14,2602670,2409047.1649022484,2.409047
2026-06-29T19:59:43,ul,ue15,2602684,2431903.4071111106,2.431903
2026-06-29T19:59:43,ul,ue16,2602712,2445617.1524364282,2.445617
2026-06-29T19:59:49,ul,cu_cp1,2600076,736966.4386332983,0.736966
2026-06-29T19:59:49,ul,cu_up1,2600103,784683.6800642636,0.784684
2026-06-29T19:59:49,ul,cu_cp2,2600111,742268.3809531278,0.742268
2026-06-29T19:59:49,ul,cu_up2,2600138,811193.247994911,0.811193
2026-06-29T19:59:49,ul,du1,2600301,6176733.302669349,6.176733
2026-06-29T19:59:49,ul,du2,2601079,6277469.440514109,6.277469
2026-06-29T19:59:49,ul,du3,2601847,6192639.129628837,6.192639
2026-06-29T19:59:49,ul,du4,2602612,6203242.631152497,6.203243
2026-06-29T19:59:49,ul,ue1,2600364,2438881.7820835626,2.438882
2026-06-29T19:59:49,ul,ue2,2600376,2412372.2620424153,2.412372
2026-06-29T19:59:49,ul,ue3,2600388,2332843.510360973,2.332844
2026-06-29T19:59:49,ul,ue4,2600400,2475995.186764369,2.475995
2026-06-29T19:59:49,ul,ue5,2601125,2407070.319722586,2.407070
2026-06-29T19:59:49,ul,ue6,2601137,2428277.8974439036,2.428278
2026-06-29T19:59:49,ul,ue7,2601149,2438881.7820835626,2.438882
2026-06-29T19:59:49,ul,ue8,2601161,2475995.186764369,2.475995
2026-06-29T19:59:49,ul,ue9,2601891,2369956.915041779,2.369957
2026-06-29T19:59:49,ul,ue10,2601903,2428277.8974439036,2.428278
2026-06-29T19:59:49,ul,ue11,2601915,2433579.839763733,2.433580
2026-06-29T19:59:49,ul,ue12,2601927,2507806.649125346,2.507807
2026-06-29T19:59:49,ul,ue13,2602658,2428277.8974439036,2.428278
2026-06-29T19:59:49,ul,ue14,2602670,2407070.319722586,2.407070
2026-06-29T19:59:49,ul,ue15,2602684,2460089.359804881,2.460089
2026-06-29T19:59:49,ul,ue16,2602712,2470693.24444454,2.470693
2026-06-29T19:59:55,ul,cu_cp1,2600076,732021.4605606392,0.732021
2026-06-29T19:59:55,ul,cu_up1,2600103,781187.0756962538,0.781187
2026-06-29T19:59:55,ul,cu_cp2,2600111,732021.4605606392,0.732021
2026-06-29T19:59:55,ul,cu_up2,2600138,808501.2903966308,0.808501
2026-06-29T19:59:55,ul,du1,2600301,6216719.624396074,6.216720
2026-06-29T19:59:55,ul,du2,2601079,6118388.298541725,6.118388
2026-06-29T19:59:55,ul,du3,2601847,6183942.260889637,6.183942
2026-06-29T19:59:55,ul,du4,2602612,6173016.727942479,6.173017
2026-06-29T19:59:55,ul,ue1,2600364,2436429.595303291,2.436430
2026-06-29T19:59:55,ul,ue2,2600376,2430966.828829712,2.430967
2026-06-29T19:59:55,ul,ue3,2600388,2359949.7176757394,2.359950
2026-06-29T19:59:55,ul,ue4,2600400,2414578.1470764936,2.414578
2026-06-29T19:59:55,ul,ue5,2601125,2327172.736501783,2.327173
2026-06-29T19:59:55,ul,ue6,2601137,2420041.104716313,2.420041
2026-06-29T19:59:55,ul,ue7,2601149,2458281.043530089,2.458281
2026-06-29T19:59:55,ul,ue8,2601161,2430966.828829712,2.430967
2026-06-29T19:59:55,ul,ue9,2601891,2349023.9935623407,2.349024
2026-06-29T19:59:55,ul,ue10,2601903,2403652.6141293347,2.403653
2026-06-29T19:59:55,ul,ue11,2601915,2425503.8711898923,2.425504
2026-06-29T19:59:55,ul,ue12,2601927,2507446.7064572633,2.507447
2026-06-29T19:59:55,ul,ue13,2602658,2387263.9323761165,2.387264
2026-06-29T19:59:55,ul,ue14,2602670,2370875.441789138,2.370875
2026-06-29T19:59:55,ul,ue15,2602684,2409115.380602914,2.409115
2026-06-29T19:59:55,ul,ue16,2602712,2447355.3194166897,2.447355
2026-06-29T20:00:01,ul,cu_cp1,2600076,694452.8035350889,0.694453
2026-06-29T20:00:01,ul,cu_up1,2600103,767007.5270074606,0.767008
2026-06-29T20:00:01,ul,cu_cp2,2600111,715182.6631227136,0.715183
2026-06-29T20:00:01,ul,cu_up2,2600138,777372.4806807935,0.777372
2026-06-29T20:00:01,ul,du1,2600301,6187885.270980597,6.187885
2026-06-29T20:00:01,ul,du2,2601079,6125695.357904434,6.125695
2026-06-29T20:00:01,ul,du3,2601847,6332994.431371093,6.332994
2026-06-29T20:00:01,ul,du4,2602612,6239709.943829179,6.239710
2026-06-29T20:00:01,ul,ue1,2600364,2373577.3522537947,2.373577
2026-06-29T20:00:01,ul,ue2,2600376,2311387.630213797,2.311388
2026-06-29T20:00:01,ul,ue3,2600388,2321752.4883690476,2.321752
2026-06-29T20:00:01,ul,ue4,2600400,2415037.1669471264,2.415037
2026-06-29T20:00:01,ul,ue5,2601125,2301022.581022382,2.301023
2026-06-29T20:00:01,ul,ue6,2601137,2332117.537560463,2.332118
2026-06-29T20:00:01,ul,ue7,2601149,2394307.2596004605,2.394307
2026-06-29T20:00:01,ul,ue8,2601161,2394307.2596004605,2.394307
2026-06-29T20:00:01,ul,ue9,2601891,2311387.630213797,2.311388
2026-06-29T20:00:01,ul,ue10,2601903,2363212.494098544,2.363212
2026-06-29T20:00:01,ul,ue11,2601915,2446132.1234852076,2.446132
2026-06-29T20:00:01,ul,ue12,2601927,2518686.7036804557,2.518687
2026-06-29T20:00:01,ul,ue13,2602658,2497956.9873699546,2.497957
2026-06-29T20:00:01,ul,ue14,2602670,2342482.3957157135,2.342482
2026-06-29T20:00:01,ul,ue15,2602684,2404672.117755711,2.404672
2026-06-29T20:00:01,ul,ue16,2602712,2466862.0308318734,2.466862
2026-06-29T20:00:07,ul,cu_cp1,2600076,698883.0303443128,0.698883
2026-06-29T20:00:07,ul,cu_up1,2600103,766516.8134492558,0.766517
2026-06-29T20:00:07,ul,cu_cp2,2600111,713912.7493104422,0.713913
2026-06-29T20:00:07,ul,cu_up2,2600138,781546.5801727459,0.781547
2026-06-29T20:00:07,ul,du1,2600301,6087045.828269265,6.087046
2026-06-29T20:00:07,ul,du2,2601079,6064500.533459661,6.064501
2026-06-29T20:00:07,ul,du3,2601847,6079530.347940512,6.079530
2026-06-29T20:00:07,ul,du4,2602612,6229828.492749019,6.229828
2026-06-29T20:00:07,ul,ue1,2600364,2382214.1334482823,2.382214
2026-06-29T20:00:07,ul,ue2,2600376,2344639.788275598,2.344640
2026-06-29T20:00:07,ul,ue3,2600388,2404758.8551695584,2.404759
2026-06-29T20:00:07,ul,ue4,2600400,2404758.8551695584,2.404759
2026-06-29T20:00:07,ul,ue5,2601125,2277005.8141412125,2.277006
2026-06-29T20:00:07,ul,ue6,2601137,2397243.7568996907,2.397244
2026-06-29T20:00:07,ul,ue7,2601149,2457362.823793651,2.457363
2026-06-29T20:00:07,ul,ue8,2601161,2427303.385861392,2.427303
2026-06-29T20:00:07,ul,ue9,2601891,2322095.0665543224,2.322095
2026-06-29T20:00:07,ul,ue10,2601903,2404758.8551695584,2.404759
2026-06-29T20:00:07,ul,ue11,2601915,2434818.2931018174,2.434818
2026-06-29T20:00:07,ul,ue12,2601927,2509966.7924177432,2.509967
2026-06-29T20:00:07,ul,ue13,2602658,2359669.602756449,2.359670
2026-06-29T20:00:07,ul,ue14,2602670,2359669.602756449,2.359670
2026-06-29T20:00:07,ul,ue15,2602684,2427303.385861392,2.427303
2026-06-29T20:00:07,ul,ue16,2602712,2419788.478620967,2.419788
2026-06-29T20:00:13,ul,cu_cp1,2600076,713672.9517951107,0.713673
2026-06-29T20:00:13,ul,cu_up1,2600103,768221.215385735,0.768221
2026-06-29T20:00:13,ul,cu_cp2,2600111,713672.9517951107,0.713673
2026-06-29T20:00:13,ul,cu_up2,2600138,777312.6484854198,0.777313
2026-06-29T20:00:13,ul,du1,2600301,6191226.601435032,6.191227
2026-06-29T20:00:13,ul,du2,2601079,6045764.437571469,6.045764
2026-06-29T20:00:13,ul,du3,2601847,6063947.878069382,6.063948
2026-06-29T20:00:13,ul,du4,2602612,6195772.748708782,6.195773
2026-06-29T20:00:13,ul,ue1,2600364,2404668.788096981,2.404669
2026-06-29T20:00:13,ul,ue2,2600376,2400123.2151217745,2.400123
2026-06-29T20:00:13,ul,ue3,2600388,2363757.674155884,2.363758
2026-06-29T20:00:13,ul,ue4,2600400,2422851.6542963507,2.422852
2026-06-29T20:00:13,ul,ue5,2601125,2295572.3566321563,2.295572
2026-06-29T20:00:13,ul,ue6,2601137,2345574.9993893625,2.345575
2026-06-29T20:00:13,ul,ue7,2601149,2409214.5525050354,2.409215
2026-06-29T20:00:13,ul,ue8,2601161,2422851.6542963507,2.422852
2026-06-29T20:00:13,ul,ue9,2601891,2345574.9993893625,2.345575
2026-06-29T20:00:13,ul,ue10,2601903,2400123.2151217745,2.400123
2026-06-29T20:00:13,ul,ue11,2601915,2459217.195262241,2.459217
2026-06-29T20:00:13,ul,ue12,2601927,2491036.7803872298,2.491037
2026-06-29T20:00:13,ul,ue13,2602658,2363757.674155884,2.363758
2026-06-29T20:00:13,ul,ue14,2602670,2368303.4385639383,2.368303
2026-06-29T20:00:13,ul,ue15,2602684,2409214.5525050354,2.409215
2026-06-29T20:00:13,ul,ue16,2602712,2481945.6344368174,2.481946
2026-06-29T20:00:19,ul,cu_cp1,2600076,715749.075931111,0.715749
2026-06-29T20:00:19,ul,cu_up1,2600103,786315.902394272,0.786316
2026-06-29T20:00:19,ul,cu_cp2,2600111,735911.0331787205,0.735911
2026-06-29T20:00:19,ul,cu_up2,2600138,801437.4300886595,0.801437
2026-06-29T20:00:19,ul,du1,2600301,6104029.652441911,6.104030
2026-06-29T20:00:19,ul,du2,2601079,6109069.651732636,6.109070
2026-06-29T20:00:19,ul,du3,2601847,6083867.360545692,6.083867
2026-06-29T20:00:19,ul,du4,2602612,6139312.70712141,6.139313
2026-06-29T20:00:19,ul,ue1,2600364,2358947.8027967047,2.358948
2026-06-29T20:00:19,ul,ue2,2600376,2348866.848076372,2.348867
2026-06-29T20:00:19,ul,ue3,2600388,2328704.74740793,2.328705
2026-06-29T20:00:19,ul,ue4,2600400,2454716.968253753,2.454717
2026-06-29T20:00:19,ul,ue5,2601125,2348866.848076372,2.348867
2026-06-29T20:00:19,ul,ue6,2601137,2399271.6216780352,2.399272
2026-06-29T20:00:19,ul,ue7,2601149,2429514.485839033,2.429514
2026-06-29T20:00:19,ul,ue8,2601161,2434555.058813088,2.434555
2026-06-29T20:00:19,ul,ue9,2601891,2379109.71223737,2.379110
2026-06-29T20:00:19,ul,ue10,2601903,2333745.3203819846,2.333745
2026-06-29T20:00:19,ul,ue11,2601915,2429514.485839033,2.429514
2026-06-29T20:00:19,ul,ue12,2601927,2479919.2594406963,2.479919
2026-06-29T20:00:19,ul,ue13,2602658,2369028.7575170374,2.369029
2026-06-29T20:00:19,ul,ue14,2602670,2313583.2197135426,2.313583
2026-06-29T20:00:19,ul,ue15,2602684,2394231.0487039806,2.394231
2026-06-29T20:00:19,ul,ue16,2602712,2414393.1493724226,2.414393
2026-06-29T20:00:25,ul,cu_cp1,2600076,721015.6672145677,0.721016
2026-06-29T20:00:25,ul,cu_up1,2600103,792024.8525937652,0.792025
2026-06-29T20:00:25,ul,cu_cp2,2600111,731940.1499181694,0.731940
2026-06-29T20:00:25,ul,cu_up2,2600138,797486.9983339933,0.797487
2026-06-29T20:00:25,ul,du1,2600301,6254265.05705575,6.254265
2026-06-29T20:00:25,ul,du2,2601079,5997539.570103751,5.997540
2026-06-29T20:00:25,ul,du3,2601847,6243340.096294284,6.243340
2026-06-29T20:00:25,ul,du4,2602612,6172331.293361378,6.172331
2026-06-29T20:00:25,ul,ue1,2600364,2414310.0082149697,2.414310
2026-06-29T20:00:25,ul,ue2,2600376,2397923.3319653533,2.397923
2026-06-29T20:00:25,ul,ue3,2600388,2354225.4011509465,2.354225
2026-06-29T20:00:25,ul,ue4,2600400,2474394.615278993,2.474395
2026-06-29T20:00:25,ul,ue5,2601125,2294140.794086924,2.294141
2026-06-29T20:00:25,ul,ue6,2601137,2414310.0082149697,2.414310
2026-06-29T20:00:25,ul,ue7,2601149,2430696.684464586,2.430697
2026-06-29T20:00:25,ul,ue8,2601161,2414310.0082149697,2.414310
2026-06-29T20:00:25,ul,ue9,2601891,2376074.36655815,2.376074
2026-06-29T20:00:25,ul,ue10,2601903,2397923.3319653533,2.397923
2026-06-29T20:00:25,ul,ue11,2601915,2463470.2281869636,2.463470
2026-06-29T20:00:25,ul,ue12,2601927,2523554.8352509867,2.523555
2026-06-29T20:00:25,ul,ue13,2602658,2376074.36655815,2.376074
2026-06-29T20:00:25,ul,ue14,2602670,2359687.690308534,2.359688
2026-06-29T20:00:25,ul,ue15,2602684,2425234.5865301443,2.425235
2026-06-29T20:00:25,ul,ue16,2602712,2436158.973622173,2.436159
2026-06-29T20:00:31,ul,cu_cp1,2600076,736281.7814583331,0.736282
2026-06-29T20:00:31,ul,cu_up1,2600103,781591.3926398486,0.781591
2026-06-29T20:00:31,ul,cu_cp2,2600111,736281.7814583331,0.736282
2026-06-29T20:00:31,ul,cu_up2,2600138,826901.0518020606,0.826901
2026-06-29T20:00:31,ul,du1,2600301,6286713.373495273,6.286713
2026-06-29T20:00:31,ul,du2,2601079,6218749.292587876,6.218749
2026-06-29T20:00:31,ul,du3,2601847,5946891.433575997,5.946891
2026-06-29T20:00:31,ul,du4,2602612,6377332.7877810905,6.377333
2026-06-29T20:00:31,ul,ue1,2600364,2424065.9734968496,2.424066
2026-06-29T20:00:31,ul,ue2,2600376,2390083.9330431507,2.390084
2026-06-29T20:00:31,ul,ue3,2600388,2378756.4582767272,2.378756
2026-06-29T20:00:31,ul,ue4,2600400,2401411.2158867884,2.401411
2026-06-29T20:00:31,ul,ue5,2601125,2344774.225900242,2.344774
2026-06-29T20:00:31,ul,ue6,2601137,2412738.690653212,2.412739
2026-06-29T20:00:31,ul,ue7,2601149,2503357.913016243,2.503358
2026-06-29T20:00:31,ul,ue8,2601161,2446720.923029697,2.446721
2026-06-29T20:00:31,ul,ue9,2601891,2367428.9835103033,2.367429
2026-06-29T20:00:31,ul,ue10,2601903,2435393.6401860593,2.435394
2026-06-29T20:00:31,ul,ue11,2601915,2424065.9734968496,2.424066
2026-06-29T20:00:31,ul,ue12,2601927,2526012.670626304,2.526013
2026-06-29T20:00:31,ul,ue13,2602658,2435393.6401860593,2.435394
2026-06-29T20:00:31,ul,ue14,2602670,2412738.690653212,2.412739
2026-06-29T20:00:31,ul,ue15,2602684,2469375.6806397582,2.469376
2026-06-29T20:00:31,ul,ue16,2602712,2492030.6301726056,2.492031
2026-06-29T20:00:37,ul,cu_cp1,2600076,735137.1854398245,0.735137
2026-06-29T20:00:37,ul,cu_up1,2600103,775090.2195302653,0.775090
2026-06-29T20:00:37,ul,cu_cp2,2600111,727146.5690571186,0.727147
2026-06-29T20:00:37,ul,cu_up2,2600138,799062.1643245599,0.799062
2026-06-29T20:00:37,ul,du1,2600301,6240675.077271095,6.240675
2026-06-29T20:00:37,ul,du2,2601079,6176750.146209448,6.176750
2026-06-29T20:00:37,ul,du3,2601847,6096844.269320919,6.096844
2026-06-29T20:00:37,ul,du4,2602612,6176750.146209448,6.176750
2026-06-29T20:00:37,ul,ue1,2600364,2421158.24647562,2.421158
2026-06-29T20:00:37,ul,ue2,2600376,2413167.77356218,2.413168
2026-06-29T20:00:37,ul,ue3,2600388,2285317.720146532,2.285318
2026-06-29T20:00:37,ul,ue4,2600400,2437139.383594855,2.437139
2026-06-29T20:00:37,ul,ue5,2601125,2325270.84988315,2.325271
2026-06-29T20:00:37,ul,ue6,2601137,2365223.7883274136,2.365224
2026-06-29T20:00:37,ul,ue7,2601149,2413167.77356218,2.413168
2026-06-29T20:00:37,ul,ue8,2601161,2413167.77356218,2.413168
2026-06-29T20:00:37,ul,ue9,2601891,2309289.5214715614,2.309290
2026-06-29T20:00:37,ul,ue10,2601903,2437139.383594855,2.437139
2026-06-29T20:00:37,ul,ue11,2601915,2469102.0404180326,2.469102
2026-06-29T20:00:37,ul,ue12,2601927,2477092.704623827,2.477093
2026-06-29T20:00:37,ul,ue13,2602658,2381205.1167390025,2.381205
2026-06-29T20:00:37,ul,ue14,2602670,2373214.4525332083,2.373214
2026-06-29T20:00:37,ul,ue15,2602684,2405177.1093563857,2.405177
2026-06-29T20:00:37,ul,ue16,2602712,2477092.704623827,2.477093
2026-06-29T20:00:43,ul,cu_cp1,2600076,722504.4809746632,0.722504
2026-06-29T20:00:43,ul,cu_up1,2600103,781951.0797592247,0.781951
2026-06-29T20:00:43,ul,cu_cp2,2600111,717931.6656835431,0.717932
2026-06-29T20:00:43,ul,cu_up2,2600138,804815.0126338333,0.804815
2026-06-29T20:00:43,ul,du1,2600301,6251035.487760362,6.251035
2026-06-29T20:00:43,ul,du2,2601079,6122996.468167677,6.122996
2026-06-29T20:00:43,ul,du3,2601847,6219025.732862191,6.219026
2026-06-29T20:00:43,ul,du4,2602612,6054404.190940545,6.054404
2026-06-29T20:00:43,ul,ue1,2600364,2405299.598760582,2.405300
2026-06-29T20:00:43,ul,ue2,2600376,2391581.1050268915,2.391581
2026-06-29T20:00:43,ul,ue3,2600388,2382435.5701653124,2.382436
2026-06-29T20:00:43,ul,ue4,2600400,2414445.325063484,2.414445
2026-06-29T20:00:43,ul,ue5,2601125,2368717.0764316213,2.368717
2026-06-29T20:00:43,ul,ue6,2601137,2464746.149684813,2.464746
2026-06-29T20:00:43,ul,ue7,2601149,2455600.6148232343,2.455601
2026-06-29T20:00:43,ul,ue8,2601161,2478464.643418504,2.478465
2026-06-29T20:00:43,ul,ue9,2601891,2377862.8027345226,2.377863
2026-06-29T20:00:43,ul,ue10,2601903,2437309.3536587534,2.437309
2026-06-29T20:00:43,ul,ue11,2601915,2469319.108556925,2.469319
2026-06-29T20:00:43,ul,ue12,2601927,2487610.178280083,2.487610
2026-06-29T20:00:43,ul,ue13,2602658,2327561.786671871,2.327562
2026-06-29T20:00:43,ul,ue14,2602670,2419018.092494273,2.419018
2026-06-29T20:00:43,ul,ue15,2602684,2387008.3375961017,2.387008
2026-06-29T20:00:43,ul,ue16,2602712,2478464.643418504,2.478465
2026-06-29T20:00:49,ul,cu_cp1,2600076,714700.319032006,0.714700
2026-06-29T20:00:49,ul,cu_up1,2600103,777905.1065449548,0.777905
2026-06-29T20:00:49,ul,cu_cp2,2600111,724424.1472267904,0.724424
2026-06-29T20:00:49,ul,cu_up2,2600138,807076.4953761578,0.807076
2026-06-29T20:00:49,ul,du1,2600301,6169759.653658598,6.169760
2026-06-29T20:00:49,ul,du2,2601079,6111417.259008794,6.111417
2026-06-29T20:00:49,ul,du3,2601847,6237826.3552689385,6.237826
2026-06-29T20:00:49,ul,du4,2602612,6228102.814333606,6.228103
2026-06-29T20:00:49,ul,ue1,2600364,2358024.937998401,2.358025
2026-06-29T20:00:49,ul,ue2,2600376,2367748.670440035,2.367749
2026-06-29T20:00:49,ul,ue3,2600388,2323991.58719323,2.323992
2026-06-29T20:00:49,ul,ue4,2600400,2411505.7536868392,2.411506
2026-06-29T20:00:49,ul,ue5,2601125,2328853.3576608966,2.328853
2026-06-29T20:00:49,ul,ue6,2601137,2401782.0212452053,2.401782
2026-06-29T20:00:49,ul,ue7,2601149,2435815.372050376,2.435815
2026-06-29T20:00:49,ul,ue8,2601161,2426091.639608742,2.426092
2026-06-29T20:00:49,ul,ue9,2601891,2353162.9760244335,2.353163
2026-06-29T20:00:49,ul,ue10,2601903,2411505.7536868392,2.411506
2026-06-29T20:00:49,ul,ue11,2601915,2430953.410076408,2.430953
2026-06-29T20:00:49,ul,ue12,2601927,2542777.194933554,2.542777
2026-06-29T20:00:49,ul,ue13,2602658,2343439.052076498,2.343439
2026-06-29T20:00:49,ul,ue14,2602670,2392058.2888035714,2.392058
2026-06-29T20:00:49,ul,ue15,2602684,2430953.410076408,2.430953
2026-06-29T20:00:49,ul,ue16,2602712,2523329.7300502863,2.523330
2026-06-29T20:00:55,ul,cu_cp1,2600076,718024.9018187189,0.718025
2026-06-29T20:00:55,ul,cu_up1,2600103,800241.4896086525,0.800241
2026-06-29T20:00:55,ul,cu_cp2,2600111,718024.9018187189,0.718025
2026-06-29T20:00:55,ul,cu_up2,2600138,789279.2715178799,0.789279
2026-06-29T20:00:55,ul,du1,2600301,6138838.682690677,6.138839
2026-06-29T20:00:55,ul,du2,2601079,6116914.246509132,6.116914
2026-06-29T20:00:55,ul,du3,2601847,6177206.158663216,6.177206
2026-06-29T20:00:55,ul,du4,2602612,6210093.004498977,6.210093
2026-06-29T20:00:55,ul,ue1,2600364,2356875.548572006,2.356876
2026-06-29T20:00:55,ul,ue2,2600376,2373318.779926443,2.373319
2026-06-29T20:00:55,ul,ue3,2600388,2334951.112390461,2.334951
2026-06-29T20:00:55,ul,ue4,2600400,2455535.51138896,2.455536
2026-06-29T20:00:55,ul,ue5,2601125,2345913.3304812335,2.345913
2026-06-29T20:00:55,ul,ue6,2601137,2433611.0752074146,2.433611
2026-06-29T20:00:55,ul,ue7,2601149,2488422.1656612777,2.488422
2026-06-29T20:00:55,ul,ue8,2601161,2482940.9608341693,2.482941
2026-06-29T20:00:55,ul,ue9,2601891,2367837.766662779,2.367838
2026-06-29T20:00:55,ul,ue10,2601903,2422648.857116642,2.422649
2026-06-29T20:00:55,ul,ue11,2601915,2461016.524652624,2.461017
2026-06-29T20:00:55,ul,ue12,2601927,2521308.6283701514,2.521309
2026-06-29T20:00:55,ul,ue13,2602658,2378799.9847535514,2.378800
2026-06-29T20:00:55,ul,ue14,2602670,2406205.434198761,2.406205
2026-06-29T20:00:55,ul,ue15,2602684,2488422.1656612777,2.488422
2026-06-29T20:00:55,ul,ue16,2602712,2543233.0645516966,2.543233
2026-06-29T20:01:00,ul,cu_cp1,2600076,708671.889088732,0.708672
2026-06-29T20:01:00,ul,cu_up1,2600103,798866.5512672961,0.798867
2026-06-29T20:01:00,ul,cu_cp2,2600111,721556.8680882275,0.721557
2026-06-29T20:01:00,ul,cu_up2,2600138,785981.5722678006,0.785982
2026-06-29T20:01:00,ul,du1,2600301,6184773.12778225,6.184773
2026-06-29T20:01:00,ul,du2,2601079,6171888.339600658,6.171888
2026-06-29T20:01:00,ul,du3,2601847,6287852.578142405,6.287853
2026-06-29T20:01:00,ul,du4,2602612,6094578.465603685,6.094578
2026-06-29T20:01:00,ul,ue1,2600364,2357944.669098926,2.357945
2026-06-29T20:01:00,ul,ue2,2600376,2345059.6900994303,2.345060
2026-06-29T20:01:00,ul,ue3,2600388,2319289.9229183435,2.319290
2026-06-29T20:01:00,ul,ue4,2600400,2473909.2892764807,2.473909
2026-06-29T20:01:00,ul,ue5,2601125,2345059.6900994303,2.345060
2026-06-29T20:01:00,ul,ue6,2601137,2422369.5640964033,2.422370
2026-06-29T20:01:00,ul,ue7,2601149,2499679.2472754717,2.499679
2026-06-29T20:01:00,ul,ue8,2601161,2422369.5640964033,2.422370
2026-06-29T20:01:00,ul,ue9,2601891,2332174.901917839,2.332175
2026-06-29T20:01:00,ul,ue10,2601903,2422369.5640964033,2.422370
2026-06-29T20:01:00,ul,ue11,2601915,2448139.3312774897,2.448139
2026-06-29T20:01:00,ul,ue12,2601927,2538333.9934560535,2.538334
2026-06-29T20:01:00,ul,ue13,2602658,2306404.943918848,2.306405
2026-06-29T20:01:00,ul,ue14,2602670,2345059.6900994303,2.345060
2026-06-29T20:01:00,ul,ue15,2602684,2461024.310276985,2.461024
2026-06-29T20:01:00,ul,ue16,2602712,2499679.2472754717,2.499679
2026-06-29T20:01:06,ul,cu_cp1,2600076,708943.7585597766,0.708944
2026-06-29T20:01:06,ul,cu_up1,2600103,770210.5519617945,0.770211
2026-06-29T20:01:06,ul,cu_cp2,2600111,726448.631566369,0.726449
2026-06-29T20:01:06,ul,cu_up2,2600138,778962.9169775301,0.778963
2026-06-29T20:01:06,ul,du1,2600301,5925369.797735515,5.925370
2026-06-29T20:01:06,ul,du2,2601079,5925369.797735515,5.925370
2026-06-29T20:01:06,ul,du3,2601847,6327980.113527312,6.327980
2026-06-29T20:01:06,ul,du4,2602612,6074160.38427001,6.074160
2026-06-29T20:01:06,ul,ue1,2600364,2310631.60822701,2.310632
2026-06-29T20:01:06,ul,ue2,2600376,2328136.338258481,2.328136
2026-06-29T20:01:06,ul,ue3,2600388,2363145.9889549185,2.363146
2026-06-29T20:01:06,ul,ue4,2600400,2380650.7189863897,2.380651
2026-06-29T20:01:06,ul,ue5,2601125,2258117.418132596,2.258117
2026-06-29T20:01:06,ul,ue6,2601137,2433165.290347793,2.433165
2026-06-29T20:01:06,ul,ue7,2601149,2468174.7504107356,2.468175
2026-06-29T20:01:06,ul,ue8,2601161,2433165.290347793,2.433165
2026-06-29T20:01:06,ul,ue9,2601891,2389403.27463562,2.389403
2026-06-29T20:01:06,ul,ue10,2601903,2415660.369682827,2.415660
2026-06-29T20:01:06,ul,ue11,2601915,2450670.0203792644,2.450670
2026-06-29T20:01:06,ul,ue12,2601927,2573203.321233058,2.573203
2026-06-29T20:01:06,ul,ue13,2602658,2328136.338258481,2.328136
2026-06-29T20:01:06,ul,ue14,2602670,2345641.258923447,2.345641
2026-06-29T20:01:06,ul,ue15,2602684,2415660.369682827,2.415660
2026-06-29T20:01:06,ul,ue16,2602712,2511936.766122909,2.511937
2026-06-29T20:01:12,ul,cu_cp1,2600076,708440.6882753181,0.708441
2026-06-29T20:01:12,ul,cu_up1,2600103,790183.835431118,0.790184
2026-06-29T20:01:12,ul,cu_cp2,2600111,717523.3132426643,0.717523
2026-06-29T20:01:12,ul,cu_up2,2600138,772018.7287615204,0.772019
2026-06-29T20:01:12,ul,du1,2600301,6080782.649975281,6.080783
2026-06-29T20:01:12,ul,du2,2601079,6058076.087556915,6.058076
2026-06-29T20:01:12,ul,du3,2601847,6189773.767543183,6.189774
2026-06-29T20:01:12,ul,du4,2602612,6121654.080288086,6.121654
2026-06-29T20:01:12,ul,ue1,2600364,2393258.1164667513,2.393258
2026-06-29T20:01:12,ul,ue2,2600376,2406881.862897644,2.406882
2026-06-29T20:01:12,ul,ue3,2600388,2306973.5613172147,2.306974
2026-06-29T20:01:12,ul,ue4,2600400,2429588.234295883,2.429588
2026-06-29T20:01:12,ul,ue5,2601125,2343303.8701664736,2.343304
2026-06-29T20:01:12,ul,ue6,2601137,2438670.859263229,2.438671
2026-06-29T20:01:12,ul,ue7,2601149,2465918.734165268,2.465919
2026-06-29T20:01:12,ul,ue8,2601161,2438670.859263229,2.438671
2026-06-29T20:01:12,ul,ue9,2601891,2375092.866532059,2.375093
2026-06-29T20:01:12,ul,ue10,2601903,2397799.237930298,2.397799
2026-06-29T20:01:12,ul,ue11,2601915,2470459.8556288145,2.470460
2026-06-29T20:01:12,ul,ue12,2601927,2493166.4180471804,2.493166
2026-06-29T20:01:12,ul,ue13,2602658,2366010.432584839,2.366010
2026-06-29T20:01:12,ul,ue14,2602670,2397799.237930298,2.397799
2026-06-29T20:01:12,ul,ue15,2602684,2406881.862897644,2.406882
2026-06-29T20:01:12,ul,ue16,2602712,2484083.793079834,2.484084
2026-06-29T20:01:24,ul,cu_cp1,2600076,734337.2873678022,0.734337
2026-06-29T20:01:24,ul,cu_up1,2600103,756257.8740660131,0.756258
2026-06-29T20:01:24,ul,cu_cp2,2600111,717896.9071174335,0.717897
2026-06-29T20:01:24,ul,cu_up2,2600138,783658.47593754,0.783658
2026-06-29T20:01:24,ul,du1,2600301,6154184.811017318,6.154185
2026-06-29T20:01:24,ul,du2,2601079,5973340.86735642,5.973341
2026-06-29T20:01:24,ul,du3,2601847,6033622.181910052,6.033622
2026-06-29T20:01:24,ul,du4,2602612,6258307.777153688,6.258308
2026-06-29T20:01:24,ul,ue1,2600364,2433177.4247017265,2.433177
2026-06-29T20:01:24,ul,ue2,2600376,2455097.8679440427,2.455098
2026-06-29T20:01:24,ul,ue3,2600388,2389336.3469425677,2.389336
2026-06-29T20:01:24,ul,ue4,2600400,2444137.6463228846,2.444138
2026-06-29T20:01:24,ul,ue5,2601125,2329054.841114409,2.329055
2026-06-29T20:01:24,ul,ue6,2601137,2416736.8053582,2.416737
2026-06-29T20:01:24,ul,ue7,2601149,2471538.296013043,2.471538
2026-06-29T20:01:24,ul,ue8,2601161,2416736.8053582,2.416737
2026-06-29T20:01:24,ul,ue9,2601891,2389336.3469425677,2.389336
2026-06-29T20:01:24,ul,ue10,2601903,2372895.9188735676,2.372896
2026-06-29T20:01:24,ul,ue11,2601915,2466058.0895652007,2.466058
2026-06-29T20:01:24,ul,ue12,2601927,2520859.1976709915,2.520859
2026-06-29T20:01:24,ul,ue13,2602658,2340015.2540100934,2.340015
2026-06-29T20:01:24,ul,ue14,2602670,2394816.3621158837,2.394816
2026-06-29T20:01:24,ul,ue15,2602684,2487978.532807517,2.487979
2026-06-29T20:01:24,ul,ue16,2602712,2487978.532807517,2.487979
2026-06-29T20:01:30,ul,cu_cp1,2600076,721820.0876211547,0.721820
2026-06-29T20:01:30,ul,cu_up1,2600103,754630.0220214843,0.754630
2026-06-29T20:01:30,ul,cu_cp2,2600111,699946.7182910442,0.699947
2026-06-29T20:01:30,ul,cu_up2,2600138,765566.7784434414,0.765567
2026-06-29T20:01:30,ul,du1,2600301,6031572.491610947,6.031572
2026-06-29T20:01:30,ul,du2,2601079,6119065.777579651,6.119066
2026-06-29T20:01:30,ul,du3,2601847,6113596.944908295,6.113597
2026-06-29T20:01:30,ul,du4,2602612,6321393.833949509,6.321394
2026-06-29T20:01:30,ul,ue1,2600364,2373256.7692012023,2.373257
2026-06-29T20:01:30,ul,ue2,2600376,2367788.5105850603,2.367789
2026-06-29T20:01:30,ul,ue3,2600388,2384193.669136963,2.384194
2026-06-29T20:01:30,ul,ue4,2600400,2466218.696489525,2.466219
2026-06-29T20:01:30,ul,ue5,2601125,2362320.251968918,2.362320
2026-06-29T20:01:30,ul,ue6,2601137,2395130.1863692473,2.395130
2026-06-29T20:01:30,ul,ue7,2601149,2471686.955105667,2.471687
2026-06-29T20:01:30,ul,ue8,2601161,2460750.2465216448,2.460750
2026-06-29T20:01:30,ul,ue9,2601891,2302168.641784401,2.302169
2026-06-29T20:01:30,ul,ue10,2601903,2334978.5761847305,2.334979
2026-06-29T20:01:30,ul,ue11,2601915,2471686.955105667,2.471687
2026-06-29T20:01:30,ul,ue12,2601927,2488091.9223058317,2.488092
2026-06-29T20:01:30,ul,ue13,2602658,2334978.5761847305,2.334979
2026-06-29T20:01:30,ul,ue14,2602670,2367788.5105850603,2.367789
2026-06-29T20:01:30,ul,ue15,2602684,2466218.696489525,2.466219
2026-06-29T20:01:30,ul,ue16,2602712,2504496.889505997,2.504497
2026-06-29T20:01:35,ul,cu_cp1,2600076,716464.4901770256,0.716464
2026-06-29T20:01:35,ul,cu_up1,2600103,793228.6024109569,0.793229
2026-06-29T20:01:35,ul,cu_cp2,2600111,690876.4368417246,0.690876
2026-06-29T20:01:35,ul,cu_up2,2600138,780434.5518573207,0.780435
2026-06-29T20:01:35,ul,du1,2600301,6038771.988176158,6.038772
2026-06-29T20:01:35,ul,du2,2601079,6166712.589256463,6.166713
2026-06-29T20:01:35,ul,du3,2601847,6038771.988176158,6.038772
2026-06-29T20:01:35,ul,du4,2602612,6320240.240460668,6.320240
2026-06-29T20:01:35,ul,ue1,2600364,2341303.560028019,2.341304
2026-06-29T20:01:35,ul,ue2,2600376,2341303.560028019,2.341304
2026-06-29T20:01:35,ul,ue3,2600388,2315715.5544646895,2.315716
2026-06-29T20:01:35,ul,ue4,2600400,2456449.6806069445,2.456450
2026-06-29T20:01:35,ul,ue5,2601125,2277333.6416636384,2.277334
2026-06-29T20:01:35,ul,ue6,2601137,2456449.6806069445,2.456450
2026-06-29T20:01:35,ul,ue7,2601149,2469243.587844666,2.469244
2026-06-29T20:01:35,ul,ue8,2601161,2418067.576718007,2.418068
2026-06-29T20:01:35,ul,ue9,2601891,2341303.560028019,2.341304
2026-06-29T20:01:35,ul,ue10,2601903,2238951.537774701,2.238952
2026-06-29T20:01:35,ul,ue11,2601915,2456449.6806069445,2.456450
2026-06-29T20:01:35,ul,ue12,2601927,2418067.576718007,2.418068
2026-06-29T20:01:35,ul,ue13,2602658,2251745.636100309,2.251746
2026-06-29T20:01:35,ul,ue14,2602670,2379685.663916956,2.379686
2026-06-29T20:01:35,ul,ue15,2602684,2456449.6806069445,2.456450
2026-06-29T20:01:35,ul,ue16,2602712,2469243.587844666,2.469244
2026-06-29T20:01:41,ul,cu_cp1,2600076,725865.8738838539,0.725866
2026-06-29T20:01:41,ul,cu_up1,2600103,806517.5633599699,0.806518
2026-06-29T20:01:41,ul,cu_cp2,2600111,734827.1992462322,0.734827
2026-06-29T20:01:41,ul,cu_up2,2600138,788595.0559063867,0.788595
2026-06-29T20:01:41,ul,du1,2600301,6156417.72506243,6.156418
2026-06-29T20:01:41,ul,du2,2601079,6013036.901320839,6.013037
2026-06-29T20:01:41,ul,du3,2601847,6281876.280135727,6.281876
2026-06-29T20:01:41,ul,du4,2602612,6013036.901320839,6.013037
2026-06-29T20:01:41,ul,ue1,2600364,2428514.2064705193,2.428514
2026-06-29T20:01:41,ul,ue2,2600376,2401630.421411616,2.401630
2026-06-29T20:01:41,ul,ue3,2600388,2437475.5318328976,2.437476
2026-06-29T20:01:41,ul,ue4,2600400,2491243.2929789363,2.491243
2026-06-29T20:01:41,ul,ue5,2601125,2285133.191700697,2.285133
2026-06-29T20:01:41,ul,ue6,2601137,2383707.770686859,2.383708
2026-06-29T20:01:41,ul,ue7,2601149,2419553.0721363723,2.419553
2026-06-29T20:01:41,ul,ue8,2601161,2455398.1825576546,2.455398
2026-06-29T20:01:41,ul,ue9,2601891,2365785.1199621023,2.365785
2026-06-29T20:01:41,ul,ue10,2601903,2401630.421411616,2.401630
2026-06-29T20:01:41,ul,ue11,2601915,2464359.3168918015,2.464359
2026-06-29T20:01:41,ul,ue12,2601927,2536049.919790828,2.536050
2026-06-29T20:01:41,ul,ue13,2602658,2276172.05736655,2.276172
2026-06-29T20:01:41,ul,ue14,2602670,2329939.8185125887,2.329940
2026-06-29T20:01:41,ul,ue15,2602684,2428514.2064705193,2.428514
2026-06-29T20:01:41,ul,ue16,2602712,2410591.746773994,2.410592
2026-06-29T20:01:47,ul,cu_cp1,2600076,716193.9406769878,0.716194
2026-06-29T20:01:47,ul,cu_up1,2600103,784620.0208652159,0.784620
2026-06-29T20:01:47,ul,cu_cp2,2600111,707070.4315795344,0.707070
2026-06-29T20:01:47,ul,cu_up2,2600138,775496.6069848314,0.775497
2026-06-29T20:01:47,ul,du1,2600301,6035188.032792833,6.035188
2026-06-29T20:01:47,ul,du2,2601079,5998694.377271295,5.998694
2026-06-29T20:01:47,ul,du3,2601847,6003256.0366029525,6.003256
2026-06-29T20:01:47,ul,du4,2602612,6016941.014597926,6.016941
2026-06-29T20:01:47,ul,ue1,2600364,2390354.0513769267,2.390354
2026-06-29T20:01:47,ul,ue2,2600376,2335613.1872263444,2.335613
2026-06-29T20:01:47,ul,ue3,2600388,2326489.678128891,2.326490
2026-06-29T20:01:47,ul,ue4,2600400,2495274.310780572,2.495274
2026-06-29T20:01:47,ul,ue5,2601125,2362983.7145187045,2.362984
2026-06-29T20:01:47,ul,ue6,2601137,2385792.392045269,2.385792
2026-06-29T20:01:47,ul,ue7,2601149,2422286.4284350825,2.422286
2026-06-29T20:01:47,ul,ue8,2601161,2486150.8016831186,2.486151
2026-06-29T20:01:47,ul,ue9,2601891,2344736.6963237976,2.344737
2026-06-29T20:01:47,ul,ue10,2601903,2280872.132641624,2.280872
2026-06-29T20:01:47,ul,ue11,2601915,2454218.6150591006,2.454219
2026-06-29T20:01:47,ul,ue12,2601927,2435971.5968641937,2.435972
2026-06-29T20:01:47,ul,ue13,2602658,2258063.645549197,2.258064
2026-06-29T20:01:47,ul,ue14,2602670,2344736.6963237976,2.344737
2026-06-29T20:01:47,ul,ue15,2602684,2362983.7145187045,2.362984
2026-06-29T20:01:47,ul,ue16,2602712,2404039.4102401757,2.404039
2026-06-29T20:01:53,ul,cu_cp1,2600076,739401.3219058865,0.739401
2026-06-29T20:01:53,ul,cu_up1,2600103,785613.9224541178,0.785614
2026-06-29T20:01:53,ul,cu_cp2,2600111,725537.5752090955,0.725538
2026-06-29T20:01:53,ul,cu_up2,2600138,794856.4521259579,0.794856
2026-06-29T20:01:53,ul,du1,2600301,6044606.181896729,6.044606
2026-06-29T20:01:53,ul,du2,2601079,6012257.28023432,6.012257
2026-06-29T20:01:53,ul,du3,2601847,6238699.209383433,6.238699
2026-06-29T20:01:53,ul,du4,2602612,6201728.70820832,6.201729
2026-06-29T20:01:53,ul,ue1,2600364,2403054.463532523,2.403054
2026-06-29T20:01:53,ul,ue2,2600376,2292144.2987143183,2.292144
2026-06-29T20:01:53,ul,ue3,2600388,2352220.69377031,2.352221
2026-06-29T20:01:53,ul,ue4,2600400,2495479.5690070475,2.495480
2026-06-29T20:01:53,ul,ue5,2601125,2342978.0684765317,2.342978
2026-06-29T20:01:53,ul,ue6,2601137,2384569.404188843,2.384569
2026-06-29T20:01:53,ul,ue7,2601149,2426160.739901154,2.426161
2026-06-29T20:01:53,ul,ue8,2601161,2440024.5822198833,2.440025
2026-06-29T20:01:53,ul,ue9,2601891,2384569.404188843,2.384569
2026-06-29T20:01:53,ul,ue10,2601903,2375326.970138941,2.375327
2026-06-29T20:01:53,ul,ue11,2601915,2509343.4113257765,2.509343
2026-06-29T20:01:53,ul,ue12,2601927,2560177.372331866,2.560177
2026-06-29T20:01:53,ul,ue13,2602658,2319871.7921079006,2.319872
2026-06-29T20:01:53,ul,ue14,2602670,2403054.463532523,2.403054
2026-06-29T20:01:53,ul,ue15,2602684,2490858.351982096,2.490858
2026-06-29T20:01:53,ul,ue16,2602712,2513964.6283507277,2.513965
2026-06-29T20:01:59,ul,cu_cp1,2600076,776269.9404169256,0.776270
2026-06-29T20:01:59,ul,cu_up1,2600103,810020.8470371014,0.810021
2026-06-29T20:01:59,ul,cu_cp2,2600111,742519.0844549229,0.742519
2026-06-29T20:01:59,ul,cu_up2,2600138,815645.9812544063,0.815646
2026-06-29T20:01:59,ul,du1,2600301,6249535.5135147115,6.249536
2026-06-29T20:01:59,ul,du2,2601079,6063906.135001824,6.063906
2026-06-29T20:01:59,ul,du3,2601847,6092031.552797482,6.092032
2026-06-29T20:01:59,ul,du4,2602612,6277661.336575756,6.277661
2026-06-29T20:01:59,ul,ue1,2600364,2418812.272676694,2.418812
2026-06-29T20:01:59,ul,ue2,2600376,2379436.282497387,2.379436
2026-06-29T20:01:59,ul,ue3,2600388,2430062.4397949576,2.430062
2026-06-29T20:01:59,ul,ue4,2600400,2503189.336594441,2.503189
2026-06-29T20:01:59,ul,ue5,2601125,2328809.922567123,2.328810
2026-06-29T20:01:59,ul,ue6,2601137,2435687.7259867825,2.435688
2026-06-29T20:01:59,ul,ue7,2601149,2441312.8095459137,2.441313
2026-06-29T20:01:59,ul,ue8,2601161,2463813.3464151337,2.463813
2026-06-29T20:01:59,ul,ue9,2601891,2340060.2923180796,2.340060
2026-06-29T20:01:59,ul,ue10,2601903,2345685.375877211,2.345685
2026-06-29T20:01:59,ul,ue11,2601915,2430062.4397949576,2.430062
2026-06-29T20:01:59,ul,ue12,2601927,2520064.7899045288,2.520065
2026-06-29T20:01:59,ul,ue13,2602658,2385061.3660565186,2.385061
2026-06-29T20:01:59,ul,ue14,2602670,2401936.8193666064,2.401937
2026-06-29T20:01:59,ul,ue15,2602684,2424437.356235826,2.424437
2026-06-29T20:01:59,ul,ue16,2602712,2514439.706345397,2.514440
2026-06-29T20:02:05,ul,cu_cp1,2600076,774665.5217570856,0.774666
2026-06-29T20:02:05,ul,cu_up1,2600103,808841.995220907,0.808842
2026-06-29T20:02:05,ul,cu_cp2,2600111,751881.2913321108,0.751881
2026-06-29T20:02:05,ul,cu_up2,2600138,831626.2256458818,0.831626
2026-06-29T20:02:05,ul,du1,2600301,6242892.941689896,6.242893
2026-06-29T20:02:05,ul,du2,2601079,6185932.288931644,6.185932
2026-06-29T20:02:05,ul,du3,2601847,6299853.594448149,6.299854
2026-06-29T20:02:05,ul,du4,2602612,6248588.884252417,6.248589
2026-06-29T20:02:05,ul,ue1,2600364,2437918.024179393,2.437918
2026-06-29T20:02:05,ul,ue2,2600376,2375261.2243364453,2.375261
2026-06-29T20:02:05,ul,ue3,2600388,2426525.9345321776,2.426526
2026-06-29T20:02:05,ul,ue4,2600400,2483486.58729043,2.483487
2026-06-29T20:02:05,ul,ue5,2601125,2363869.1346892295,2.363869
2026-06-29T20:02:05,ul,ue6,2601137,2358173.192126709,2.358173
2026-06-29T20:02:05,ul,ue7,2601149,2466398.3505585194,2.466398
2026-06-29T20:02:05,ul,ue8,2601161,2489182.7343751253,2.489183
2026-06-29T20:02:05,ul,ue9,2601891,2432221.877094698,2.432222
2026-06-29T20:02:05,ul,ue10,2601903,2483486.58729043,2.483487
2026-06-29T20:02:05,ul,ue11,2601915,2494878.6769376458,2.494879
2026-06-29T20:02:05,ul,ue12,2601927,2568927.566427809,2.568928
2026-06-29T20:02:05,ul,ue13,2602658,2375261.2243364453,2.375261
2026-06-29T20:02:05,ul,ue14,2602670,2403741.5507155717,2.403742
2026-06-29T20:02:05,ul,ue15,2602684,2432221.877094698,2.432222
2026-06-29T20:02:05,ul,ue16,2602712,2466398.3505585194,2.466398
2026-06-29T20:02:11,ul,cu_cp1,2600076,744682.6610123366,0.744683
2026-06-29T20:02:11,ul,cu_up1,2600103,784935.7927156792,0.784936
2026-06-29T20:02:11,ul,cu_cp2,2600111,754746.0065516948,0.754746
2026-06-29T20:02:11,ul,cu_up2,2600138,784935.7927156792,0.784936
2026-06-29T20:02:11,ul,du1,2600301,6017841.5616981145,6.017842
2026-06-29T20:02:11,ul,du2,2601079,5997715.07098267,5.997715
2026-06-29T20:02:11,ul,du3,2601847,6138600.505990779,6.138601
2026-06-29T20:02:11,ul,du4,2602612,6309676.278161871,6.309676
2026-06-29T20:02:11,ul,ue1,2600364,2264237.8192918124,2.264238
2026-06-29T20:02:11,ul,ue2,2600376,2073035.556405276,2.073036
2026-06-29T20:02:11,ul,ue3,2600388,2576199.62756083,2.576200
2026-06-29T20:02:11,ul,ue4,2600400,2616452.8093549907,2.616453
2026-06-29T20:02:11,ul,ue5,2601125,2173668.410709041,2.173668
2026-06-29T20:02:11,ul,ue6,2601137,2495693.2639725087,2.495693
2026-06-29T20:02:11,ul,ue7,2601149,2515819.9550512256,2.515820
2026-06-29T20:02:11,ul,ue8,2601161,2485630.0186147867,2.485630
2026-06-29T20:02:11,ul,ue9,2601891,2073035.556405276,2.073036
2026-06-29T20:02:11,ul,ue10,2601903,2586262.8729185523,2.586263
2026-06-29T20:02:11,ul,ue11,2601915,2465503.5278993426,2.465504
2026-06-29T20:02:11,ul,ue12,2601927,2586262.8729185523,2.586263
2026-06-29T20:02:11,ul,ue13,2602658,2244111.3285763683,2.244111
2026-06-29T20:02:11,ul,ue14,2602670,2405123.855389738,2.405124
2026-06-29T20:02:11,ul,ue15,2602684,2475566.7732570646,2.475567
2026-06-29T20:02:11,ul,ue16,2602712,2525883.2004089477,2.525883
2026-06-29T20:02:17,ul,cu_cp1,2600076,777846.4713954243,0.777846
2026-06-29T20:02:17,ul,cu_up1,2600103,777846.4713954243,0.777846
2026-06-29T20:02:17,ul,cu_cp2,2600111,763030.3543728214,0.763030
2026-06-29T20:02:17,ul,cu_up2,2600138,785254.5046983585,0.785255
2026-06-29T20:02:17,ul,du1,2600301,6252403.501041255,6.252404
2026-06-29T20:02:17,ul,du2,2601079,5919041.195741465,5.919041
2026-06-29T20:02:17,ul,du3,2601847,6207955.704557526,6.207956
2026-06-29T20:02:17,ul,du4,2602612,6193139.234617782,6.193139
2026-06-29T20:02:17,ul,ue1,2600364,2200194.1593159093,2.200194
2026-06-29T20:02:17,ul,ue2,2600376,2111297.558013761,2.111298
2026-06-29T20:02:17,ul,ue3,2600388,2807655.310159768,2.807655
2026-06-29T20:02:17,ul,ue4,2600400,2918776.4147045948,2.918776
2026-06-29T20:02:17,ul,ue5,2601125,2103889.323043889,2.103889
2026-06-29T20:02:17,ul,ue6,2601137,2518740.801343707,2.518741
2026-06-29T20:02:17,ul,ue7,2601149,2585413.5044039907,2.585414
2026-06-29T20:02:17,ul,ue8,2601161,2607637.604312793,2.607638
2026-06-29T20:02:17,ul,ue9,2601891,2126113.6246196292,2.126114
2026-06-29T20:02:17,ul,ue10,2601903,2540964.9012525096,2.540965
2026-06-29T20:02:17,ul,ue11,2601915,2607637.604312793,2.607638
2026-06-29T20:02:17,ul,ue12,2601927,2711350.4738877476,2.711350
2026-06-29T20:02:17,ul,ue13,2602658,2103889.323043889,2.103889
2026-06-29T20:02:17,ul,ue14,2602670,2163153.9928012383,2.163154
2026-06-29T20:02:17,ul,ue15,2602684,2792839.0418869616,2.792839
2026-06-29T20:02:17,ul,ue16,2602712,2837287.4433715045,2.837287
2026-06-29T20:02:23,ul,cu_cp1,2600076,776597.2477049574,0.776597
2026-06-29T20:02:23,ul,cu_up1,2600103,729530.7264592204,0.729531
2026-06-29T20:02:23,ul,cu_cp2,2600111,767183.8728858691,0.767184
2026-06-29T20:02:23,ul,cu_up2,2600138,748357.2744689945,0.748357
2026-06-29T20:02:23,ul,du1,2600301,6198657.541357772,6.198658
2026-06-29T20:02:23,ul,du2,2601079,6095111.275268512,6.095111
2026-06-29T20:02:23,ul,du3,2601847,6095111.275268512,6.095111
2026-06-29T20:02:23,ul,du4,2602612,6048044.754022774,6.048045
2026-06-29T20:02:23,ul,ue1,2600364,2169765.379332384,2.169765
2026-06-29T20:02:23,ul,ue2,2600376,2075632.5384693122,2.075633
2026-06-29T20:02:23,ul,ue3,2600388,2711030.3736583604,2.711030
2026-06-29T20:02:23,ul,ue4,2600400,2880469.608188931,2.880470
2026-06-29T20:02:23,ul,ue5,2601125,2117992.246287754,2.117992
2026-06-29T20:02:23,ul,ue6,2601137,2569830.6082927464,2.569831
2026-06-29T20:02:23,ul,ue7,2601149,2621603.7413373766,2.621604
2026-06-29T20:02:23,ul,ue8,2601161,2682790.299608196,2.682790
2026-06-29T20:02:23,ul,ue9,2601891,2141525.7085390245,2.141526
2026-06-29T20:02:23,ul,ue10,2601903,2513350.863449223,2.513351
2026-06-29T20:02:23,ul,ue11,2601915,2555710.772896067,2.555711
2026-06-29T20:02:23,ul,ue12,2601927,2696910.336633278,2.696910
2026-06-29T20:02:23,ul,ue13,2602658,2103872.4108910738,2.103872
2026-06-29T20:02:23,ul,ue14,2602670,2089752.5754943944,2.089753
2026-06-29T20:02:23,ul,ue15,2602684,2725150.20905504,2.725150
2026-06-29T20:02:23,ul,ue16,2602712,2748683.4696779083,2.748683
2026-06-29T20:02:29,ul,cu_cp1,2600076,762541.3729318714,0.762541
2026-06-29T20:02:29,ul,cu_up1,2600103,718336.0312835312,0.718336
2026-06-29T20:02:29,ul,cu_cp2,2600111,757015.6862790585,0.757016
2026-06-29T20:02:29,ul,cu_up2,2600138,762541.3729318714,0.762541
2026-06-29T20:02:29,ul,du1,2600301,6326883.0246764375,6.326883
2026-06-29T20:02:29,ul,du2,2601079,6210844.312313462,6.210844
2026-06-29T20:02:29,ul,du3,2601847,6172164.202595443,6.172164
2026-06-29T20:02:29,ul,du4,2602612,6337934.195883179,6.337934
2026-06-29T20:02:29,ul,ue1,2600364,2177110.638362961,2.177111
2026-06-29T20:02:29,ul,ue2,2600376,2083174.470512352,2.083174
2026-06-29T20:02:29,ul,ue3,2600388,2768356.58397789,2.768357
2026-06-29T20:02:29,ul,ue4,2600400,2906498.042952118,2.906498
2026-06-29T20:02:29,ul,ue5,2601125,2182636.426065216,2.182636
2026-06-29T20:02:29,ul,ue6,2601137,2580484.0461777877,2.580484
2026-06-29T20:02:29,ul,ue7,2601149,2685471.5873340224,2.685472
2026-06-29T20:02:29,ul,ue8,2601161,2646792.0839126585,2.646792
2026-06-29T20:02:29,ul,ue9,2601891,2088700.2582146071,2.088700
2026-06-29T20:02:29,ul,ue10,2601903,2547330.1283597946,2.547330
2026-06-29T20:02:29,ul,ue11,2601915,2508650.422839546,2.508650
2026-06-29T20:02:29,ul,ue12,2601927,2652317.6695160293,2.652318
2026-06-29T20:02:29,ul,ue13,2602658,2166059.4671562193,2.166059
2026-06-29T20:02:29,ul,ue14,2602670,2155008.295949478,2.155008
2026-06-29T20:02:29,ul,ue15,2602684,2873344.125134125,2.873344
2026-06-29T20:02:29,ul,ue16,2602712,2889921.286142006,2.889921
2026-06-29T20:02:35,ul,cu_cp1,2600076,748079.7086801279,0.748080
2026-06-29T20:02:35,ul,cu_up1,2600103,742412.4580213374,0.742412
2026-06-29T20:02:35,ul,cu_cp2,2600111,787750.6145447257,0.787751
2026-06-29T20:02:35,ul,cu_up2,2600138,748079.7086801279,0.748080
2026-06-29T20:02:35,ul,du1,2600301,6194326.447993152,6.194326
2026-06-29T20:02:35,ul,du2,2601079,6307671.864510467,6.307672
2026-06-29T20:02:35,ul,du3,2601847,6222662.802122481,6.222663
2026-06-29T20:02:35,ul,du4,2602612,6290670.616710978,6.290671
2026-06-29T20:02:35,ul,ue1,2600364,2181899.0662875595,2.181899
2026-06-29T20:02:35,ul,ue2,2600376,2125226.3580289017,2.125226
2026-06-29T20:02:35,ul,ue3,2600388,2827967.859767953,2.827968
2026-06-29T20:02:35,ul,ue4,2600400,2867638.715214863,2.867639
2026-06-29T20:02:35,ul,ue5,2601125,2159230.0636523976,2.159230
2026-06-29T20:02:35,ul,ue6,2601137,2550271.6699688327,2.550272
2026-06-29T20:02:35,ul,ue7,2601149,2652282.5851685666,2.652283
2026-06-29T20:02:35,ul,ue8,2601161,2589942.5254157423,2.589943
2026-06-29T20:02:35,ul,ue9,2601891,2125226.3580289017,2.125226
2026-06-29T20:02:35,ul,ue10,2601903,2533269.817157085,2.533270
2026-06-29T20:02:35,ul,ue11,2601915,2595609.8769099093,2.595610
2026-06-29T20:02:35,ul,ue12,2601927,2697620.792109643,2.697621
2026-06-29T20:02:35,ul,ue13,2602658,2130893.7095230687,2.130894
2026-06-29T20:02:35,ul,ue14,2602670,2147895.3606640636,2.147895
2026-06-29T20:02:35,ul,ue15,2602684,2878973.4182031965,2.878973
2026-06-29T20:02:35,ul,ue16,2602712,2850636.8624031153,2.850637
2026-06-29T20:02:41,ul,cu_cp1,2600076,727360.6421363115,0.727361
2026-06-29T20:02:41,ul,cu_up1,2600103,737324.4486187607,0.737324
2026-06-29T20:02:41,ul,cu_cp2,2600111,717396.7879139051,0.717397
2026-06-29T20:02:41,ul,cu_up2,2600138,737324.4486187607,0.737324
2026-06-29T20:02:41,ul,du1,2600301,6107836.38440075,6.107836
2026-06-29T20:02:41,ul,du2,2601079,5938450.814879882,5.938451
2026-06-29T20:02:41,ul,du3,2601847,5918523.010955155,5.918523
2026-06-29T20:02:41,ul,du4,2602612,5888631.686987722,5.888632
2026-06-29T20:02:41,ul,ue1,2600364,2122298.7055945816,2.122299
2026-06-29T20:02:41,ul,ue2,2600376,2052551.7737776935,2.052552
2026-06-29T20:02:41,ul,ue3,2600388,2700201.5821347535,2.700202
2026-06-29T20:02:41,ul,ue4,2600400,2819767.8328036307,2.819768
2026-06-29T20:02:41,ul,ue5,2601125,2122298.7055945816,2.122299
2026-06-29T20:02:41,ul,ue6,2601137,2640418.5522802295,2.640419
2026-06-29T20:02:41,ul,ue7,2601149,2620490.939315331,2.620491
2026-06-29T20:02:41,ul,ue8,2601161,2550744.198458272,2.550744
2026-06-29T20:02:41,ul,ue9,2601891,2072479.3867425919,2.072479
2026-06-29T20:02:41,ul,ue10,2601903,2451105.560754293,2.451106
2026-06-29T20:02:41,ul,ue11,2601915,2550744.198458272,2.550744
2026-06-29T20:02:41,ul,ue12,2601927,2610527.037352967,2.610527
2026-06-29T20:02:41,ul,ue13,2602658,2052551.7737776935,2.052552
2026-06-29T20:02:41,ul,ue14,2602670,2052551.7737776935,2.052552
2026-06-29T20:02:41,ul,ue15,2602684,2750020.900986743,2.750021
2026-06-29T20:02:41,ul,ue16,2602712,2710165.484097117,2.710165
