timestamp,phase,component,pid,microwatts,watts
2026-06-28T19:15:06,idle,cu_cp1,1593300,342054.6832008484,0.342055
2026-06-28T19:15:06,idle,cu_up1,1593309,326020.88074050844,0.326021
2026-06-28T19:15:06,idle,cu_cp2,1593336,320676.28995142103,0.320676
2026-06-28T19:15:06,idle,cu_up2,1593364,352743.89487210097,0.352744
2026-06-28T19:15:06,idle,du1,1593525,3035735.2720295475,3.035735
2026-06-28T19:15:06,idle,du2,1594288,3035735.2720295475,3.035735
2026-06-28T19:15:06,idle,ue1,1593588,881859.7672733301,0.881860
2026-06-28T19:15:06,idle,ue2,1593600,844447.5113774074,0.844448
2026-06-28T19:15:06,idle,ue3,1593612,855136.7531417375,0.855137
2026-06-28T19:15:06,idle,ue4,1593624,855136.7531417375,0.855137
2026-06-28T19:15:06,idle,ue5,1594351,860481.343930825,0.860481
2026-06-28T19:15:06,idle,ue6,1594363,849792.1021664947,0.849792
2026-06-28T19:15:06,idle,ue7,1594375,897893.5396405923,0.897894
2026-06-28T19:15:06,idle,ue8,1594387,871170.5255089998,0.871171
2026-06-28T19:15:12,idle,cu_cp1,1593300,352351.39366458415,0.352351
2026-06-28T19:15:12,idle,cu_up1,1593309,324776.09149402025,0.324776
2026-06-28T19:15:12,idle,cu_cp2,1593336,327839.9939332843,0.327840
2026-06-28T19:15:12,idle,cu_up2,1593364,343159.6262743962,0.343160
2026-06-28T19:15:12,idle,du1,1593525,3051669.536872616,3.051670
2026-06-28T19:15:12,idle,du2,1594288,3079244.9291517735,3.079245
2026-06-28T19:15:12,idle,ue1,1593588,864026.9156188155,0.864027
2026-06-28T19:15:12,idle,ue2,1593600,879346.5779961252,0.879347
2026-06-28T19:15:12,idle,ue3,1593612,842579.4483629775,0.842579
2026-06-28T19:15:12,idle,ue4,1593624,824195.9135826016,0.824196
2026-06-28T19:15:12,idle,ue5,1594351,848707.3133139014,0.848707
2026-06-28T19:15:12,idle,ue6,1594363,824195.9135826016,0.824196
2026-06-28T19:15:12,idle,ue7,1594375,848707.3133139014,0.848707
2026-06-28T19:15:12,idle,ue8,1594387,870154.7805697393,0.870155
2026-06-28T19:15:17,idle,cu_cp1,1593300,346701.4828680536,0.346701
2026-06-28T19:15:17,idle,cu_up1,1593309,337497.00857052684,0.337497
2026-06-28T19:15:17,idle,cu_cp2,1593336,340565.15660815535,0.340565
2026-06-28T19:15:17,idle,cu_up2,1593364,349769.63090568216,0.349770
2026-06-28T19:15:17,idle,du1,1593525,3055881.965360513,3.055882
2026-06-28T19:15:17,idle,du2,1594288,3092699.741812055,3.092700
2026-06-28T19:15:17,idle,ue1,1593588,883628.5062847703,0.883629
2026-06-28T19:15:17,idle,ue2,1593600,859083.2616144598,0.859083
2026-06-28T19:15:17,idle,ue3,1593612,877492.2102095133,0.877492
2026-06-28T19:15:17,idle,ue4,1593624,865219.5576897168,0.865220
2026-06-28T19:15:17,idle,ue5,1594351,862151.4700213707,0.862151
2026-06-28T19:15:17,idle,ue6,1594363,883628.5062847703,0.883629
2026-06-28T19:15:17,idle,ue7,1594375,831469.8689065207,0.831470
2026-06-28T19:15:17,idle,ue8,1594387,852946.9051699203,0.852947
2026-06-28T19:15:23,idle,cu_cp1,1593300,339229.25518061547,0.339229
2026-06-28T19:15:23,idle,cu_up1,1593309,330060.91236442776,0.330061
2026-06-28T19:15:23,idle,cu_cp2,1593336,339229.25518061547,0.339229
2026-06-28T19:15:23,idle,cu_up2,1593364,342285.3894871226,0.342285
2026-06-28T19:15:23,idle,du1,1593525,2988884.926963892,2.988885
2026-06-28T19:15:23,idle,du2,1594288,3016389.895309122,3.016390
2026-06-28T19:15:23,idle,ue1,1593588,815983.8930173814,0.815984
2026-06-28T19:15:23,idle,ue2,1593600,858769.5929984802,0.858770
2026-06-28T19:15:23,idle,ue3,1593612,864881.8015081608,0.864882
2026-06-28T19:15:23,idle,ue4,1593624,843488.9815692783,0.843489
2026-06-28T19:15:23,idle,ue5,1594351,815983.8930173814,0.815984
2026-06-28T19:15:23,idle,ue6,1594363,889330.6956502169,0.889331
2026-06-28T19:15:23,idle,ue7,1594375,864881.8015081608,0.864882
2026-06-28T19:15:23,idle,ue8,1594387,858769.5929984802,0.858770
2026-06-28T19:15:28,idle,cu_cp1,1593300,340923.80056771636,0.340924
2026-06-28T19:15:28,idle,cu_up1,1593309,337852.4128014326,0.337852
2026-06-28T19:15:28,idle,cu_cp2,1593336,340923.80056771636,0.340924
2026-06-28T19:15:28,idle,cu_up2,1593364,347066.5761002839,0.347067
2026-06-28T19:15:28,idle,du1,1593525,3089813.9194734334,3.089814
2026-06-28T19:15:28,idle,du2,1594288,3062171.55032177,3.062172
2026-06-28T19:15:28,idle,ue1,1593588,881487.6851989866,0.881488
2026-06-28T19:15:28,idle,ue2,1593600,875344.909666419,0.875345
2026-06-28T19:15:28,idle,ue3,1593612,890701.8484978378,0.890702
2026-06-28T19:15:28,idle,ue4,1593624,856916.5830687166,0.856917
2026-06-28T19:15:28,idle,ue5,1594351,859987.9104625552,0.859988
2026-06-28T19:15:28,idle,ue6,1594363,875344.909666419,0.875345
2026-06-28T19:15:28,idle,ue7,1594375,859987.9104625552,0.859988
2026-06-28T19:15:28,idle,ue8,1594387,866130.7463675678,0.866131
2026-06-28T19:15:34,idle,cu_cp1,1593300,349152.09764840663,0.349152
2026-06-28T19:15:34,idle,cu_up1,1593309,335851.084346661,0.335851
2026-06-28T19:15:34,idle,cu_cp2,1593336,335851.084346661,0.335851
2026-06-28T19:15:34,idle,cu_up2,1593364,345826.8594283515,0.345827
2026-06-28T19:15:34,idle,du1,1593525,3095815.5135441255,3.095816
2026-06-28T19:15:34,idle,du2,1594288,3075863.842537694,3.075864
2026-06-28T19:15:34,idle,ue1,1593588,857916.6570253873,0.857917
2026-06-28T19:15:34,idle,ue2,1593600,874542.9689687133,0.874543
2026-06-28T19:15:34,idle,ue3,1593612,881193.4454088234,0.881193
2026-06-28T19:15:34,idle,ue4,1593624,841290.3450820612,0.841290
2026-06-28T19:15:34,idle,ue5,1594351,854591.3583838069,0.854591
2026-06-28T19:15:34,idle,ue6,1594363,854591.3583838069,0.854591
2026-06-28T19:15:34,idle,ue7,1594375,851266.1201637519,0.851266
2026-06-28T19:15:34,idle,ue8,1594387,867892.4321070778,0.867892
2026-06-28T19:15:39,idle,cu_cp1,1593300,344867.2548144099,0.344867
2026-06-28T19:15:39,idle,cu_up1,1593309,338170.7842341328,0.338171
2026-06-28T19:15:39,idle,cu_cp2,1593336,341519.03460226924,0.341519
2026-06-28T19:15:39,idle,cu_up2,1593364,344867.2548144099,0.344867
2026-06-28T19:15:39,idle,du1,1593525,3053581.899679592,3.053582
2026-06-28T19:15:39,idle,du2,1594288,3090412.502949114,3.090413
2026-06-28T19:15:39,idle,ue1,1593588,800225.8972534453,0.800226
2026-06-28T19:15:39,idle,ue2,1593600,873886.922856515,0.873887
2026-06-28T19:15:39,idle,ue3,1593612,853797.5412716795,0.853798
2026-06-28T19:15:39,idle,ue4,1593624,850449.3210595387,0.850449
2026-06-28T19:15:39,idle,ue5,1594351,860493.9816959607,0.860494
2026-06-28T19:15:39,idle,ue6,1594363,867190.4824322336,0.867190
2026-06-28T19:15:39,idle,ue7,1594375,863842.262220093,0.863842
2026-06-28T19:15:39,idle,ue8,1594387,843752.8806352573,0.843753
2026-06-28T19:15:44,idle,cu_cp1,1593300,343048.7916195232,0.343049
2026-06-28T19:15:44,idle,cu_up1,1593309,336322.3560099322,0.336322
2026-06-28T19:15:44,idle,cu_cp2,1593336,343048.7916195232,0.343049
2026-06-28T19:15:44,idle,cu_up2,1593364,346412.0094243187,0.346412
2026-06-28T19:15:44,idle,du1,1593525,3114344.8973051454,3.114345
2026-06-28T19:15:44,idle,du2,1594288,3127797.7685243273,3.127798
2026-06-28T19:15:44,idle,ue1,1593588,877801.3010231173,0.877801
2026-06-28T19:15:44,idle,ue2,1593600,901343.8862388313,0.901344
2026-06-28T19:15:44,idle,ue3,1593612,860985.2119991397,0.860985
2026-06-28T19:15:44,idle,ue4,1593624,897980.6684340357,0.897981
2026-06-28T19:15:44,idle,ue5,1594351,881164.5794100582,0.881165
2026-06-28T19:15:44,idle,ue6,1594363,897980.6684340357,0.897981
2026-06-28T19:15:44,idle,ue7,1594375,884527.7366327083,0.884528
2026-06-28T19:15:44,idle,ue8,1594387,840805.8445882213,0.840806
2026-06-28T19:15:50,idle,cu_cp1,1593300,344701.82256051333,0.344702
2026-06-28T19:15:50,idle,cu_up1,1593309,338008.5806494975,0.338009
2026-06-28T19:15:50,idle,cu_cp2,1593336,344701.82256051333,0.344702
2026-06-28T19:15:50,idle,cu_up2,1593364,344701.82256051333,0.344702
2026-06-28T19:15:50,idle,du1,1593525,3058810.1947662164,3.058810
2026-06-28T19:15:50,idle,du2,1594288,3102316.252092619,3.102316
2026-06-28T19:15:50,idle,ue1,1593588,860081.2081855291,0.860081
2026-06-28T19:15:50,idle,ue2,1593600,860081.2081855291,0.860081
2026-06-28T19:15:50,idle,ue3,1593612,850041.3906046057,0.850041
2026-06-28T19:15:50,idle,ue4,1593624,873467.6920075607,0.873468
2026-06-28T19:15:50,idle,ue5,1594351,876814.2978678686,0.876814
2026-06-28T19:15:50,idle,ue6,1594363,850041.3906046057,0.850041
2026-06-28T19:15:50,idle,ue7,1594375,870121.0861472529,0.870121
2026-06-28T19:15:50,idle,ue8,1594387,866774.4802869451,0.866774
2026-06-28T19:15:55,idle,cu_cp1,1593300,337720.5432222256,0.337721
2026-06-28T19:15:55,idle,cu_up1,1593309,341064.31455454766,0.341064
2026-06-28T19:15:55,idle,cu_cp2,1593336,337720.5432222256,0.337721
2026-06-28T19:15:55,idle,cu_up2,1593364,347751.8572191918,0.347752
2026-06-28T19:15:55,idle,du1,1593525,3032797.2559998105,3.032797
2026-06-28T19:15:55,idle,du2,1594288,3072922.3915402414,3.072922
2026-06-28T19:15:55,idle,ue1,1593588,839285.7311689395,0.839286
2026-06-28T19:15:55,idle,ue2,1593600,856004.5577186912,0.856005
2026-06-28T19:15:55,idle,ue3,1593612,859348.2989391547,0.859348
2026-06-28T19:15:55,idle,ue4,1593624,849317.0150540471,0.849317
2026-06-28T19:15:55,idle,ue5,1594351,886098.4695977313,0.886098
2026-06-28T19:15:55,idle,ue6,1594363,872723.4444921601,0.872723
2026-06-28T19:15:55,idle,ue7,1594375,825910.5856159341,0.825911
2026-06-28T19:15:55,idle,ue8,1594387,859348.2989391547,0.859348
2026-06-28T19:16:01,idle,cu_cp1,1593300,345733.28259643586,0.345733
2026-06-28T19:16:01,idle,cu_up1,1593309,338677.49947511405,0.338677
2026-06-28T19:16:01,idle,cu_cp2,1593336,345733.28259643586,0.345733
2026-06-28T19:16:01,idle,cu_up2,1593364,345733.28259643586,0.345733
2026-06-28T19:16:01,idle,du1,1593525,3012818.6097855284,3.012819
2026-06-28T19:16:01,idle,du2,1594288,3076320.718109646,3.076321
2026-06-28T19:16:01,idle,ue1,1593588,867861.1432259167,0.867861
2026-06-28T19:16:01,idle,ue2,1593600,867861.1432259167,0.867861
2026-06-28T19:16:01,idle,ue3,1593612,846693.7336297297,0.846694
2026-06-28T19:16:01,idle,ue4,1593624,867861.1432259167,0.867861
2026-06-28T19:16:01,idle,ue5,1594351,867861.1432259167,0.867861
2026-06-28T19:16:01,idle,ue6,1594363,860805.2998723733,0.860805
2026-06-28T19:16:01,idle,ue7,1594375,853749.576983273,0.853750
2026-06-28T19:16:01,idle,ue8,1594387,832582.1673870862,0.832582
2026-06-28T19:16:06,idle,cu_cp1,1593300,335805.10983543994,0.335805
2026-06-28T19:16:06,idle,cu_up1,1593309,341696.4566758856,0.341696
2026-06-28T19:16:06,idle,cu_cp2,1593336,335805.10983543994,0.335805
2026-06-28T19:16:06,idle,cu_up2,1593364,353479.0598075062,0.353479
2026-06-28T19:16:06,idle,du1,1593525,3098833.1654307605,3.098833
2026-06-28T19:16:06,idle,du2,1594288,3016354.611495423,3.016355
2026-06-28T19:16:06,idle,ue1,1593588,877806.3026783199,0.877806
2026-06-28T19:16:06,idle,ue2,1593600,866023.6693636089,0.866024
2026-06-28T19:16:06,idle,ue3,1593612,854241.0964150786,0.854241
2026-06-28T19:16:06,idle,ue4,1593624,883697.6797018558,0.883698
2026-06-28T19:16:06,idle,ue5,1594351,860132.413072434,0.860132
2026-06-28T19:16:06,idle,ue6,1594363,830675.8297856569,0.830676
2026-06-28T19:16:06,idle,ue7,1594375,830675.8297856569,0.830676
2026-06-28T19:16:06,idle,ue8,1594387,860132.413072434,0.860132
2026-06-28T19:16:12,idle,cu_cp1,1593300,334560.8794417539,0.334561
2026-06-28T19:16:12,idle,cu_up1,1593309,329491.7482251209,0.329492
2026-06-28T19:16:12,idle,cu_cp2,1593336,339629.98047438654,0.339630
2026-06-28T19:16:12,idle,cu_up2,1593364,349768.1825396517,0.349768
2026-06-28T19:16:12,idle,du1,1593525,3051600.511948843,3.051601
2026-06-28T19:16:12,idle,du2,1594288,3051600.511948843,3.051601
2026-06-28T19:16:12,idle,ue1,1593588,866816.7595241797,0.866817
2026-06-28T19:16:12,idle,ue2,1593600,887093.2240227109,0.887093
2026-06-28T19:16:12,idle,ue3,1593612,856678.6178269153,0.856679
2026-06-28T19:16:12,idle,ue4,1593624,876955.0219574458,0.876955
2026-06-28T19:16:12,idle,ue5,1594351,856678.6178269153,0.856679
2026-06-28T19:16:12,idle,ue6,1594363,851609.5167942828,0.851610
2026-06-28T19:16:12,idle,ue7,1594375,866816.7595241797,0.866817
2026-06-28T19:16:12,idle,ue8,1594387,811056.6481652212,0.811057
2026-06-28T19:16:17,idle,cu_cp1,1593300,338015.4047615683,0.338015
2026-06-28T19:16:17,idle,cu_up1,1593309,338015.4047615683,0.338015
2026-06-28T19:16:17,idle,cu_cp2,1593336,344161.1289596492,0.344161
2026-06-28T19:16:17,idle,cu_up2,1593364,347234.00616045593,0.347234
2026-06-28T19:16:17,idle,du1,1593525,3079013.1088567306,3.079013
2026-06-28T19:16:17,idle,du2,1594288,3060575.906058955,3.060576
2026-06-28T19:16:17,idle,ue1,1593588,857329.9905036151,0.857330
2026-06-28T19:16:17,idle,ue2,1593600,841965.634703114,0.841966
2026-06-28T19:16:17,idle,ue3,1593612,863475.7449052286,0.863476
2026-06-28T19:16:17,idle,ue4,1593624,860402.8375008893,0.860403
2026-06-28T19:16:17,idle,ue5,1594351,857329.9905036151,0.857330
2026-06-28T19:16:17,idle,ue6,1594363,863475.7449052286,0.863476
2026-06-28T19:16:17,idle,ue7,1594375,875767.1933013904,0.875767
2026-06-28T19:16:17,idle,ue8,1594387,835819.8803015006,0.835820
2026-06-28T19:16:23,idle,cu_cp1,1593300,346578.37782664003,0.346578
2026-06-28T19:16:23,idle,cu_up1,1593309,331243.06526999595,0.331243
2026-06-28T19:16:23,idle,cu_cp2,1593336,340444.234685916,0.340444
2026-06-28T19:16:23,idle,cu_up2,1593364,343511.32135466667,0.343511
2026-06-28T19:16:23,idle,du1,1593525,3063998.3839442395,3.063998
2026-06-28T19:16:23,idle,du2,1594288,3051730.037269237,3.051730
2026-06-28T19:16:23,idle,ue1,1593588,834241.715725382,0.834242
2026-06-28T19:16:23,idle,ue2,1593600,858778.3486818325,0.858778
2026-06-28T19:16:23,idle,ue3,1593612,852644.1149507767,0.852644
2026-06-28T19:16:23,idle,ue4,1593624,855711.2620130819,0.855711
2026-06-28T19:16:23,idle,ue5,1594351,837308.8627876872,0.837309
2026-06-28T19:16:23,idle,ue6,1594363,843442.975731634,0.843443
2026-06-28T19:16:23,idle,ue7,1594375,867979.4879009754,0.867979
2026-06-28T19:16:23,idle,ue8,1594387,852644.1149507767,0.852644
2026-06-28T19:16:28,idle,cu_cp1,1593300,337562.16509660124,0.337562
2026-06-28T19:16:28,idle,cu_up1,1593309,337562.16509660124,0.337562
2026-06-28T19:16:28,idle,cu_cp2,1593336,343699.65570975246,0.343700
2026-06-28T19:16:28,idle,cu_up2,1593364,343699.65570975246,0.343700
2026-06-28T19:16:28,idle,du1,1593525,3053403.303088932,3.053403
2026-06-28T19:16:28,idle,du2,1594288,3145465.722743962,3.145466
2026-06-28T19:16:28,idle,ue1,1593588,871524.1507295645,0.871524
2026-06-28T19:16:28,idle,ue2,1593600,859249.169503262,0.859249
2026-06-28T19:16:28,idle,ue3,1593612,859249.169503262,0.859249
2026-06-28T19:16:28,idle,ue4,1593624,831630.4315152008,0.831630
2026-06-28T19:16:28,idle,ue5,1594351,816286.7352112037,0.816287
2026-06-28T19:16:28,idle,ue6,1594363,856180.4544255674,0.856180
2026-06-28T19:16:28,idle,ue7,1594375,865386.6601164133,0.865387
2026-06-28T19:16:28,idle,ue8,1594387,843905.4127415031,0.843905
2026-06-28T19:16:33,idle,cu_cp1,1593300,343285.72378292977,0.343286
2026-06-28T19:16:33,idle,cu_up1,1593309,336986.91315576376,0.336987
2026-06-28T19:16:33,idle,cu_cp2,1593336,340136.31846934673,0.340136
2026-06-28T19:16:33,idle,cu_up2,1593364,349584.53441009583,0.349585
2026-06-28T19:16:33,idle,du1,1593525,2985640.9571640017,2.985641
2026-06-28T19:16:33,idle,du2,1594288,3102169.165556388,3.102169
2026-06-28T19:16:33,idle,ue1,1593588,866087.8832526576,0.866088
2026-06-28T19:16:33,idle,ue2,1593600,866087.8832526576,0.866088
2026-06-28T19:16:33,idle,ue3,1593612,856639.5765448451,0.856640
2026-06-28T19:16:33,idle,ue4,1593624,840892.5802326179,0.840893
2026-06-28T19:16:33,idle,ue5,1594351,837743.144663347,0.837743
2026-06-28T19:16:33,idle,ue6,1594363,872386.633368448,0.872387
2026-06-28T19:16:33,idle,ue7,1594375,881834.9400762606,0.881835
2026-06-28T19:16:33,idle,ue8,1594387,859789.012114116,0.859789
2026-06-28T19:16:39,idle,cu_cp1,1593300,342562.6851240385,0.342563
2026-06-28T19:16:39,idle,cu_up1,1593309,339204.2318708801,0.339204
2026-06-28T19:16:39,idle,cu_cp2,1593336,345921.1685973227,0.345921
2026-06-28T19:16:39,idle,cu_up2,1593364,345921.1685973227,0.345921
2026-06-28T19:16:39,idle,du1,1593525,3022612.158660126,3.022612
2026-06-28T19:16:39,idle,du2,1594288,3069630.322883587,3.069630
2026-06-28T19:16:39,idle,ue1,1593588,863123.6042063498,0.863124
2026-06-28T19:16:39,idle,ue2,1593600,873198.9941859507,0.873199
2026-06-28T19:16:39,idle,ue3,1593612,846331.3681606841,0.846331
2026-06-28T19:16:39,idle,ue4,1593624,879915.9006922675,0.879916
2026-06-28T19:16:39,idle,ue5,1594351,849689.8516339683,0.849690
2026-06-28T19:16:39,idle,ue6,1594363,886632.9280790878,0.886633
2026-06-28T19:16:39,idle,ue7,1594375,900066.6806514693,0.900067
2026-06-28T19:16:39,idle,ue8,1594387,826180.6486417342,0.826181
2026-06-28T19:16:44,idle,cu_cp1,1593300,340580.22970201494,0.340580
2026-06-28T19:16:44,idle,cu_up1,1593309,330463.99275430205,0.330464
2026-06-28T19:16:44,idle,cu_cp2,1593336,337208.1305224562,0.337208
2026-06-28T19:16:44,idle,cu_up2,1593364,350696.46664972784,0.350696
2026-06-28T19:16:44,idle,du1,1593525,3085454.4806225966,3.085454
2026-06-28T19:16:44,idle,du2,1594288,3071966.2050862885,3.071966
2026-06-28T19:16:44,idle,ue1,1593588,809299.5617266655,0.809300
2026-06-28T19:16:44,idle,ue2,1593600,883485.380131178,0.883485
2026-06-28T19:16:44,idle,ue3,1593612,883485.380131178,0.883485
2026-06-28T19:16:44,idle,ue4,1593624,839648.2422743225,0.839648
2026-06-28T19:16:44,idle,ue5,1594351,846392.44063344,0.846392
2026-06-28T19:16:44,idle,ue6,1594363,896973.6556674861,0.896974
2026-06-28T19:16:44,idle,ue7,1594375,873369.1128879833,0.873369
2026-06-28T19:16:44,idle,ue8,1594387,883485.380131178,0.883485
2026-06-28T19:16:50,idle,cu_cp1,1593300,341238.7461236656,0.341239
2026-06-28T19:16:50,idle,cu_up1,1593309,334547.81462383864,0.334548
2026-06-28T19:16:50,idle,cu_cp2,1593336,337893.2803737521,0.337893
2026-06-28T19:16:50,idle,cu_up2,1593364,347929.7078584313,0.347930
2026-06-28T19:16:50,idle,du1,1593525,3034348.7128036977,3.034349
2026-06-28T19:16:50,idle,du2,1594288,3091221.6003172873,3.091222
2026-06-28T19:16:50,idle,ue1,1593588,856442.3159416079,0.856442
2026-06-28T19:16:50,idle,ue2,1593600,826333.093957448,0.826333
2026-06-28T19:16:50,idle,ue3,1593612,866478.8038961649,0.866479
2026-06-28T19:16:50,idle,ue4,1593624,843060.4529419541,0.843060
2026-06-28T19:16:50,idle,ue5,1594351,863133.3079113126,0.863133
2026-06-28T19:16:50,idle,ue6,1594363,866478.8038961649,0.866479
2026-06-28T19:16:50,idle,ue7,1594375,856442.3159416079,0.856442
2026-06-28T19:16:50,idle,ue8,1594387,863133.3079113126,0.863133
2026-06-28T19:16:55,idle,cu_cp1,1593300,335949.45565867424,0.335949
2026-06-28T19:16:55,idle,cu_up1,1593309,342668.45988907816,0.342668
2026-06-28T19:16:55,idle,cu_cp2,1593336,339308.9577738762,0.339309
2026-06-28T19:16:55,idle,cu_up2,1593364,339308.9577738762,0.339309
2026-06-28T19:16:55,idle,du1,1593525,3060499.5032574465,3.060500
2026-06-28T19:16:55,idle,du2,1594288,3090734.931590881,3.090735
2026-06-28T19:16:55,idle,ue1,1593588,883547.0305892372,0.883547
2026-06-28T19:16:55,idle,ue2,1593600,863390.0783669471,0.863390
2026-06-28T19:16:55,idle,ue3,1593612,866749.61071661,0.866750
2026-06-28T19:16:55,idle,ue4,1593624,873468.5544780922,0.873469
2026-06-28T19:16:55,idle,ue5,1594351,866749.61071661,0.866750
2026-06-28T19:16:55,idle,ue6,1594363,900344.5713997078,0.900345
2026-06-28T19:16:55,idle,ue7,1594375,860030.6064862061,0.860031
2026-06-28T19:16:55,idle,ue8,1594387,829795.178152771,0.829795
2026-06-28T19:17:00,idle,cu_cp1,1593300,349682.37731448264,0.349682
2026-06-28T19:17:00,idle,cu_up1,1593309,333787.7362237689,0.333788
2026-06-28T19:17:00,idle,cu_cp2,1593336,341735.05676912575,0.341735
2026-06-28T19:17:00,idle,cu_up2,1593364,349682.37731448264,0.349682
2026-06-28T19:17:00,idle,du1,1593525,3131246.84584589,3.131247
2026-06-28T19:17:00,idle,du2,1594288,3075615.6627658987,3.075616
2026-06-28T19:17:00,idle,ue1,1593588,858311.3477486229,0.858311
2026-06-28T19:17:00,idle,ue2,1593600,826521.944092182,0.826522
2026-06-28T19:17:00,idle,ue3,1593612,858311.3477486229,0.858311
2026-06-28T19:17:00,idle,ue4,1593624,882153.2486471868,0.882153
2026-06-28T19:17:00,idle,ue5,1594351,890100.6906675571,0.890101
2026-06-28T19:17:00,idle,ue6,1594363,874205.9281018298,0.874206
2026-06-28T19:17:00,idle,ue7,1594375,866258.607556473,0.866259
2026-06-28T19:17:00,idle,ue8,1594387,826521.944092182,0.826522
2026-06-28T19:17:06,idle,cu_cp1,1593300,352568.03690766334,0.352568
2026-06-28T19:17:06,idle,cu_up1,1593309,339509.9850091493,0.339510
2026-06-28T19:17:06,idle,cu_cp2,1593336,352568.03690766334,0.352568
2026-06-28T19:17:06,idle,cu_up2,1593364,339509.9850091493,0.339510
2026-06-28T19:17:06,idle,du1,1593525,3114351.113760128,3.114351
2026-06-28T19:17:06,idle,du2,1594288,3120880.2456506826,3.120880
2026-06-28T19:17:06,idle,ue1,1593588,894478.1744366145,0.894478
2026-06-28T19:17:06,idle,ue2,1593600,868362.0101017022,0.868362
2026-06-28T19:17:06,idle,ue3,1593612,874891.1419922566,0.874891
2026-06-28T19:17:06,idle,ue4,1593624,790013.6381727338,0.790014
2026-06-28T19:17:06,idle,ue5,1594351,874891.1419922566,0.874891
2026-06-28T19:17:06,idle,ue6,1594363,894478.1744366145,0.894478
2026-06-28T19:17:06,idle,ue7,1594375,861832.9992869162,0.861833
2026-06-28T19:17:06,idle,ue8,1594387,894478.1744366145,0.894478
2026-06-28T19:17:11,idle,cu_cp1,1593300,340682.6919199273,0.340683
2026-06-28T19:17:11,idle,cu_up1,1593309,335187.82687053236,0.335188
2026-06-28T19:17:11,idle,cu_cp2,1593336,340682.6919199273,0.340683
2026-06-28T19:17:11,idle,cu_up2,1593364,346177.587222392,0.346178
2026-06-28T19:17:11,idle,du1,1593525,3099113.568841064,3.099114
2026-06-28T19:17:11,idle,du2,1594288,3082629.0341990185,3.082629
2026-06-28T19:17:11,idle,ue1,1593588,873686.3261362117,0.873686
2026-06-28T19:17:11,idle,ue2,1593600,862696.5355312824,0.862697
2026-06-28T19:17:11,idle,ue3,1593612,857201.6099757481,0.857202
2026-06-28T19:17:11,idle,ue4,1593624,857201.6099757481,0.857202
2026-06-28T19:17:11,idle,ue5,1594351,857201.6099757481,0.857202
2026-06-28T19:17:11,idle,ue6,1594363,851706.7449263531,0.851707
2026-06-28T19:17:11,idle,ue7,1594375,868191.4610868167,0.868191
2026-06-28T19:17:11,idle,ue8,1594387,857201.6099757481,0.857202
2026-06-28T19:17:17,idle,cu_cp1,1593300,348264.8892930108,0.348265
2026-06-28T19:17:17,idle,cu_up1,1593309,342100.9092196393,0.342101
2026-06-28T19:17:17,idle,cu_cp2,1593336,348264.8892930108,0.348265
2026-06-28T19:17:17,idle,cu_up2,1593364,348264.8892930108,0.348265
2026-06-28T19:17:17,idle,du1,1593525,3094318.299782896,3.094318
2026-06-28T19:17:17,idle,du2,1594288,3069662.2583092544,3.069662
2026-06-28T19:17:17,idle,ue1,1593588,859875.2353828478,0.859875
2026-06-28T19:17:17,idle,ue2,1593600,899941.0907122433,0.899941
2026-06-28T19:17:17,idle,ue3,1593612,866039.2457512581,0.866039
2026-06-28T19:17:17,idle,ue4,1593624,881449.1807871675,0.881449
2026-06-28T19:17:17,idle,ue5,1594351,881449.1807871675,0.881449
2026-06-28T19:17:17,idle,ue6,1594363,875285.2310088348,0.875285
2026-06-28T19:17:17,idle,ue7,1594375,853711.2856045151,0.853711
2026-06-28T19:17:17,idle,ue8,1594387,872203.2561196685,0.872203
2026-06-28T19:17:22,idle,cu_cp1,1593300,338777.5457491338,0.338778
2026-06-28T19:17:22,idle,cu_up1,1593309,341857.326722914,0.341857
2026-06-28T19:17:22,idle,cu_cp2,1593336,348016.9493605971,0.348017
2026-06-28T19:17:22,idle,cu_up2,1593364,344937.13804175553,0.344937
2026-06-28T19:17:22,idle,du1,1593525,3092115.148825741,3.092115
2026-06-28T19:17:22,idle,du2,1594288,3132152.4228651286,3.132152
2026-06-28T19:17:22,idle,ue1,1593588,868502.42222448,0.868502
2026-06-28T19:17:22,idle,ue2,1593600,886981.2294474065,0.886981
2026-06-28T19:17:22,idle,ue3,1593612,868502.42222448,0.868502
2026-06-28T19:17:22,idle,ue4,1593624,890060.9497310638,0.890061
2026-06-28T19:17:22,idle,ue5,1594351,874661.9841720402,0.874662
2026-06-28T19:17:22,idle,ue6,1594363,850023.6756916761,0.850024
2026-06-28T19:17:22,idle,ue7,1594375,865422.6412506998,0.865423
2026-06-28T19:17:22,idle,ue8,1594387,880821.6674998462,0.880822
2026-06-28T19:17:28,idle,cu_cp1,1593300,347850.5125596124,0.347851
2026-06-28T19:17:28,idle,cu_up1,1593309,335537.20153903484,0.335537
2026-06-28T19:17:28,idle,cu_cp2,1593336,347850.5125596124,0.347851
2026-06-28T19:17:28,idle,cu_up2,1593364,341693.84186753514,0.341694
2026-06-28T19:17:28,idle,du1,1593525,3127576.2017815304,3.127576
2026-06-28T19:17:28,idle,du2,1594288,3099871.259576125,3.099871
2026-06-28T19:17:28,idle,ue1,1593588,855773.7951145399,0.855774
2026-06-28T19:17:28,idle,ue2,1593600,892713.6370855415,0.892714
2026-06-28T19:17:28,idle,ue3,1593612,855773.7951145399,0.855774
2026-06-28T19:17:28,idle,ue4,1593624,877322.0362642908,0.877322
2026-06-28T19:17:28,idle,ue5,1594351,849617.2155131936,0.849617
2026-06-28T19:17:28,idle,ue6,1594363,849617.2155131936,0.849617
2026-06-28T19:17:28,idle,ue7,1594375,865008.7556072903,0.865009
2026-06-28T19:17:28,idle,ue8,1594387,877322.0362642908,0.877322
2026-06-28T19:17:33,idle,cu_cp1,1593300,342268.6529980898,0.342269
2026-06-28T19:17:33,idle,cu_up1,1593309,339185.12243751885,0.339185
2026-06-28T19:17:33,idle,cu_cp2,1593336,345352.1230123937,0.345352
2026-06-28T19:17:33,idle,cu_up2,1593364,345352.1230123937,0.345352
2026-06-28T19:17:33,idle,du1,1593525,3080417.755890274,3.080418
2026-06-28T19:17:33,idle,du2,1594288,3046499.252728462,3.046499
2026-06-28T19:17:33,idle,ue1,1593588,838712.3203680515,0.838712
2026-06-28T19:17:33,idle,ue2,1593600,897298.8863756299,0.897299
2026-06-28T19:17:33,idle,ue3,1593612,866463.8229549885,0.866464
2026-06-28T19:17:33,idle,ue4,1593624,866463.8229549885,0.866464
2026-06-28T19:17:33,idle,ue5,1594351,875714.3238173008,0.875714
2026-06-28T19:17:33,idle,ue6,1594363,891131.885800755,0.891132
2026-06-28T19:17:33,idle,ue7,1594375,884964.8852258802,0.884965
2026-06-28T19:17:33,idle,ue8,1594387,878797.8241047382,0.878798
2026-06-28T19:17:39,idle,cu_cp1,1593300,343642.3229894337,0.343642
2026-06-28T19:17:39,idle,cu_up1,1593309,337033.7835704818,0.337034
2026-06-28T19:17:39,idle,cu_cp2,1593336,346946.5624042419,0.346947
2026-06-28T19:17:39,idle,cu_up2,1593364,346946.5624042419,0.346947
2026-06-28T19:17:39,idle,du1,1593525,3069650.837170565,3.069651
2026-06-28T19:17:39,idle,du2,1594288,3109301.9525056053,3.109302
2026-06-28T19:17:39,idle,ue1,1593588,875627.0196949589,0.875627
2026-06-28T19:17:39,idle,ue2,1593600,865714.2408611989,0.865714
2026-06-28T19:17:39,idle,ue3,1593612,849192.9831978226,0.849193
2026-06-28T19:17:39,idle,ue4,1593624,859105.7620315826,0.859106
2026-06-28T19:17:39,idle,ue5,1594351,855801.5226167744,0.855802
2026-06-28T19:17:39,idle,ue6,1594363,882235.5591139108,0.882236
2026-06-28T19:17:39,idle,ue7,1594375,845888.7437830144,0.845889
2026-06-28T19:17:39,idle,ue8,1594387,878931.259109767,0.878931
2026-06-28T19:17:44,idle,cu_cp1,1593300,345413.72708531556,0.345414
2026-06-28T19:17:44,idle,cu_up1,1593309,338706.69154443085,0.338707
2026-06-28T19:17:44,idle,cu_cp2,1593336,345413.72708531556,0.345414
2026-06-28T19:17:44,idle,cu_up2,1593364,342060.2093148732,0.342060
2026-06-28T19:17:44,idle,du1,1593525,3088602.3460541153,3.088602
2026-06-28T19:17:44,idle,du2,1594288,3122137.7059406806,3.122138
2026-06-28T19:17:44,idle,ue1,1593588,871918.1425030851,0.871918
2026-06-28T19:17:44,idle,ue2,1593600,855150.523287183,0.855151
2026-06-28T19:17:44,idle,ue3,1593612,848443.4877462983,0.848443
2026-06-28T19:17:44,idle,ue4,1593624,855150.523287183,0.855151
2026-06-28T19:17:44,idle,ue5,1594351,851796.9751530504,0.851797
2026-06-28T19:17:44,idle,ue6,1594363,858504.0106939352,0.858504
2026-06-28T19:17:44,idle,ue7,1594375,851796.9751530504,0.851797
2026-06-28T19:17:44,idle,ue8,1594387,868564.655096333,0.868565
2026-06-28T19:17:49,idle,cu_cp1,1593300,338964.19648159685,0.338964
2026-06-28T19:17:49,idle,cu_up1,1593309,342320.2731377381,0.342320
2026-06-28T19:17:49,idle,cu_cp2,1593336,342320.2731377381,0.342320
2026-06-28T19:17:49,idle,cu_up2,1593364,342320.2731377381,0.342320
2026-06-28T19:17:49,idle,du1,1593525,3111087.1784256697,3.111087
2026-06-28T19:17:49,idle,du2,1594288,3097662.8718011044,3.097663
2026-06-28T19:17:49,idle,ue1,1593588,875937.1579215706,0.875937
2026-06-28T19:17:49,idle,ue2,1593600,892717.541202277,0.892718
2026-06-28T19:17:49,idle,ue3,1593612,842376.3307986474,0.842376
2026-06-28T19:17:49,idle,ue4,1593624,886005.4484515047,0.886005
2026-06-28T19:17:49,idle,ue5,1594351,869224.9440477777,0.869225
2026-06-28T19:17:49,idle,ue6,1594363,845732.4074547887,0.845732
2026-06-28T19:17:49,idle,ue7,1594375,842376.3307986474,0.842376
2026-06-28T19:17:49,idle,ue8,1594387,875937.1579215706,0.875937
2026-06-28T19:17:55,idle,cu_cp1,1593300,349661.00434682844,0.349661
2026-06-28T19:17:55,idle,cu_up1,1593309,332850.3634055614,0.332850
2026-06-28T19:17:55,idle,cu_cp2,1593336,342936.7600900078,0.342937
2026-06-28T19:17:55,idle,cu_up2,1593364,346298.8822184181,0.346299
2026-06-28T19:17:55,idle,du1,1593525,3113327.757238922,3.113328
2026-06-28T19:17:55,idle,du2,1594288,3035998.827088623,3.035999
2026-06-28T19:17:55,idle,ue1,1593588,864066.1141826248,0.864066
2026-06-28T19:17:55,idle,ue2,1593600,867428.1757126045,0.867428
2026-06-28T19:17:55,idle,ue3,1593612,857341.8699258041,0.857342
2026-06-28T19:17:55,idle,ue4,1593624,864066.1141826248,0.864066
2026-06-28T19:17:55,idle,ue5,1594351,870790.3584394455,0.870790
2026-06-28T19:17:55,idle,ue6,1594363,864066.1141826248,0.864066
2026-06-28T19:17:55,idle,ue7,1594375,897687.3354667282,0.897687
2026-06-28T19:17:55,idle,ue8,1594387,894325.2739367485,0.894325
2026-06-28T19:18:00,idle,cu_cp1,1593300,343667.7313391912,0.343668
2026-06-28T19:18:00,idle,cu_up1,1593309,340298.45412305655,0.340298
2026-06-28T19:18:00,idle,cu_cp2,1593336,340298.45412305655,0.340298
2026-06-28T19:18:00,idle,cu_up2,1593364,336929.1465883082,0.336929
2026-06-28T19:18:00,idle,du1,1593525,3022254.2450974607,3.022254
2026-06-28T19:18:00,idle,du2,1594288,3086270.906345997,3.086271
2026-06-28T19:18:00,idle,ue1,1593588,892862.252102393,0.892862
2026-06-28T19:18:00,idle,ue2,1593600,889493.0052048719,0.889493
2026-06-28T19:18:00,idle,ue3,1593612,882754.3901353753,0.882754
2026-06-28T19:18:00,idle,ue4,1593624,855799.990494616,0.855800
2026-06-28T19:18:00,idle,ue5,1594351,879385.0219633996,0.879385
2026-06-28T19:18:00,idle,ue6,1594363,849061.3754251194,0.849061
2026-06-28T19:18:00,idle,ue7,1594375,876015.7750658786,0.876016
2026-06-28T19:18:00,idle,ue8,1594387,886123.6370328963,0.886124
2026-06-28T19:18:06,idle,cu_cp1,1593300,349621.1784471607,0.349621
2026-06-28T19:18:06,idle,cu_up1,1593309,335350.9065212345,0.335351
2026-06-28T19:18:06,idle,cu_cp2,1593336,328215.7705582714,0.328216
2026-06-28T19:18:06,idle,cu_up2,1593364,335350.9065212345,0.335351
2026-06-28T19:18:06,idle,du1,1593525,2996752.7508022212,2.996753
2026-06-28T19:18:06,idle,du2,1594288,3096644.6542837047,3.096645
2026-06-28T19:18:06,idle,ue1,1593588,891890.6650908017,0.891891
2026-06-28T19:18:06,idle,ue2,1593600,877620.5140993834,0.877621
2026-06-28T19:18:06,idle,ue3,1593612,834809.6983216048,0.834810
2026-06-28T19:18:06,idle,ue4,1593624,870485.3781364203,0.870485
2026-06-28T19:18:06,idle,ue5,1594351,791998.94301108,0.791999
2026-06-28T19:18:06,idle,ue6,1594363,849079.970247531,0.849080
2026-06-28T19:18:06,idle,ue7,1594375,856215.1062104941,0.856215
2026-06-28T19:18:06,idle,ue8,1594387,841944.8342845679,0.841945
2026-06-28T19:18:11,idle,cu_cp1,1593300,348394.41497362795,0.348394
2026-06-28T19:18:11,idle,cu_up1,1593309,330374.00272830186,0.330374
2026-06-28T19:18:11,idle,cu_cp2,1593336,336380.82697092654,0.336381
2026-06-28T19:18:11,idle,cu_up2,1593364,348394.41497362795,0.348394
2026-06-28T19:18:11,idle,du1,1593525,3051454.6187437414,3.051455
2026-06-28T19:18:11,idle,du2,1594288,3105515.613549528,3.105516
2026-06-28T19:18:11,idle,ue1,1593588,864979.2434327191,0.864979
2026-06-28T19:18:11,idle,ue2,1593600,870986.0071927959,0.870986
2026-06-28T19:18:11,idle,ue3,1593612,864979.2434327191,0.864979
2026-06-28T19:18:11,idle,ue4,1593624,858972.4796726423,0.858972
2026-06-28T19:18:11,idle,ue5,1594351,846958.831187393,0.846959
2026-06-28T19:18:11,idle,ue6,1594363,864979.2434327191,0.864979
2026-06-28T19:18:11,idle,ue7,1594375,870986.0071927959,0.870986
2026-06-28T19:18:11,idle,ue8,1594387,870986.0071927959,0.870986
2026-06-28T19:18:17,idle,cu_cp1,1593300,343280.9850373745,0.343281
2026-06-28T19:18:17,idle,cu_up1,1593309,343280.9850373745,0.343281
2026-06-28T19:18:17,idle,cu_cp2,1593336,333033.7738608253,0.333034
2026-06-28T19:18:17,idle,cu_up2,1593364,348404.5755134177,0.348405
2026-06-28T19:18:17,idle,du1,1593525,3043416.248807354,3.043416
2026-06-28T19:18:17,idle,du2,1594288,3053663.3088615895,3.053663
2026-06-28T19:18:17,idle,ue1,1593588,876134.9990351248,0.876135
2026-06-28T19:18:17,idle,ue2,1593600,830022.5638528848,0.830023
2026-06-28T19:18:17,idle,ue3,1593612,845393.4561788654,0.845393
2026-06-28T19:18:17,idle,ue4,1593624,860764.1671580696,0.860764
2026-06-28T19:18:17,idle,ue5,1594351,865887.8180830383,0.865888
2026-06-28T19:18:17,idle,ue6,1594363,860764.1671580696,0.860764
2026-06-28T19:18:17,idle,ue7,1594375,876134.9990351248,0.876135
2026-06-28T19:18:17,idle,ue8,1594387,871011.4085590816,0.871011
2026-06-28T19:18:22,idle,cu_cp1,1593300,347985.77030456247,0.347986
2026-06-28T19:18:22,idle,cu_up1,1593309,338747.2266261291,0.338747
2026-06-28T19:18:22,idle,cu_cp2,1593336,344906.24566309154,0.344906
2026-06-28T19:18:22,idle,cu_up2,1593364,344906.24566309154,0.344906
2026-06-28T19:18:22,idle,du1,1593525,3011770.7439375115,3.011771
2026-06-28T19:18:22,idle,du2,1594288,3088758.6180064487,3.088759
2026-06-28T19:18:22,idle,ue1,1593588,853027.0553563058,0.853027
2026-06-28T19:18:22,idle,ue2,1593600,846868.0665653229,0.846868
2026-06-28T19:18:22,idle,ue3,1593612,831470.5038499272,0.831471
2026-06-28T19:18:22,idle,ue4,1593624,846868.0665653229,0.846868
2026-06-28T19:18:22,idle,ue5,1594351,828390.8582245386,0.828391
2026-06-28T19:18:22,idle,ue6,1594363,877663.2524880731,0.877663
2026-06-28T19:18:22,idle,ue7,1594375,853027.0553563058,0.853027
2026-06-28T19:18:22,idle,ue8,1594387,846868.0665653229,0.846868
2026-06-28T19:18:28,idle,cu_cp1,1593300,344448.7391765583,0.344449
2026-06-28T19:18:28,idle,cu_up1,1593309,341373.26919038413,0.341373
2026-06-28T19:18:28,idle,cu_cp2,1593336,338297.8596580851,0.338298
2026-06-28T19:18:28,idle,cu_up2,1593364,341373.26919038413,0.341373
2026-06-28T19:18:28,idle,du1,1593525,3053907.056200476,3.053907
2026-06-28T19:18:28,idle,du2,1594288,3100038.4410004616,3.100038
2026-06-28T19:18:28,idle,ue1,1593588,882649.7902348328,0.882650
2026-06-28T19:18:28,idle,ue2,1593600,839593.8149671459,0.839594
2026-06-28T19:18:28,idle,ue3,1593612,842669.224499445,0.842669
2026-06-28T19:18:28,idle,ue4,1593624,802688.537856307,0.802689
2026-06-28T19:18:28,idle,ue5,1594351,854970.9230825162,0.854971
2026-06-28T19:18:28,idle,ue6,1594363,882649.7902348328,0.882650
2026-06-28T19:18:28,idle,ue7,1594375,839593.8149671459,0.839594
2026-06-28T19:18:28,idle,ue8,1594387,867272.6821194625,0.867273
2026-06-28T19:18:33,idle,cu_cp1,1593300,335188.07170497894,0.335188
2026-06-28T19:18:33,idle,cu_up1,1593309,341338.3265110731,0.341338
2026-06-28T19:18:33,idle,cu_cp2,1593336,344413.4539141202,0.344413
2026-06-28T19:18:33,idle,cu_up2,1593364,347488.58131716726,0.347489
2026-06-28T19:18:33,idle,du1,1593525,3081270.2302280045,3.081270
2026-06-28T19:18:33,idle,du2,1594288,3090495.4614691543,3.090495
2026-06-28T19:18:33,idle,ue1,1593588,882559.4209290361,0.882559
2026-06-28T19:18:33,idle,ue2,1593600,848733.110076313,0.848733
2026-06-28T19:18:33,idle,ue3,1593612,821057.054029684,0.821057
2026-06-28T19:18:33,idle,ue4,1593624,811831.7020141411,0.811832
2026-06-28T19:18:33,idle,ue5,1594351,854883.3044952106,0.854883
2026-06-28T19:18:33,idle,ue6,1594363,867183.814107399,0.867184
2026-06-28T19:18:33,idle,ue7,1594375,817981.9568202352,0.817982
2026-06-28T19:18:33,idle,ue8,1594387,857958.462091856,0.857958
2026-06-28T19:18:38,idle,cu_cp1,1593300,342895.08192105533,0.342895
2026-06-28T19:18:38,idle,cu_up1,1593309,342895.08192105533,0.342895
2026-06-28T19:18:38,idle,cu_cp2,1593336,339749.2588164711,0.339749
2026-06-28T19:18:38,idle,cu_up2,1593364,349186.72813022375,0.349187
2026-06-28T19:18:38,idle,du1,1593525,3019993.3309194376,3.019993
2026-06-28T19:18:38,idle,du2,1594288,3114368.08464386,3.114368
2026-06-28T19:18:38,idle,ue1,1593588,883977.2314850522,0.883977
2026-06-28T19:18:38,idle,ue2,1593600,858810.6466483783,0.858811
2026-06-28T19:18:38,idle,ue3,1593612,827352.2944287444,0.827352
2026-06-28T19:18:38,idle,ue4,1593624,855664.7326634503,0.855665
2026-06-28T19:18:38,idle,ue5,1594351,843081.5008320094,0.843082
2026-06-28T19:18:38,idle,ue6,1594363,865102.2928575468,0.865102
2026-06-28T19:18:38,idle,ue7,1594375,865102.2928575468,0.865102
2026-06-28T19:18:38,idle,ue8,1594387,846227.2936431456,0.846227
2026-06-28T19:18:44,idle,cu_cp1,1593300,342865.1420142263,0.342865
2026-06-28T19:18:44,idle,cu_up1,1593309,349587.9992168087,0.349588
2026-06-28T19:18:44,idle,cu_cp2,1593336,342865.1420142263,0.342865
2026-06-28T19:18:44,idle,cu_up2,1593364,339503.7436928022,0.339504
2026-06-28T19:18:44,idle,du1,1593525,3042087.918270321,3.042088
2026-06-28T19:18:44,idle,du2,1594288,3105954.940575385,3.105955
2026-06-28T19:18:44,idle,ue1,1593588,880692.8401046705,0.880693
2026-06-28T19:18:44,idle,ue2,1593600,887415.6367475188,0.887416
2026-06-28T19:18:44,idle,ue3,1593612,857162.8398956322,0.857163
2026-06-28T19:18:44,idle,ue4,1593624,863885.7576579488,0.863886
2026-06-28T19:18:44,idle,ue5,1594351,884054.3292656958,0.884054
2026-06-28T19:18:44,idle,ue6,1594363,850440.0432527841,0.850440
2026-06-28T19:18:44,idle,ue7,1594375,847078.6146514928,0.847079
2026-06-28T19:18:44,idle,ue8,1594387,870608.5543007969,0.870609
2026-06-28T19:18:49,idle,cu_cp1,1593300,342147.2202870479,0.342147
2026-06-28T19:18:49,idle,cu_up1,1593309,338792.80878093094,0.338793
2026-06-28T19:18:49,idle,cu_cp2,1593336,345501.57128026633,0.345502
2026-06-28T19:18:49,idle,cu_up2,1593364,342147.2202870479,0.342147
2026-06-28T19:18:49,idle,du1,1593525,3065907.306302514,3.065907
2026-06-28T19:18:49,idle,du2,1594288,3039072.2563051726,3.039072
2026-06-28T19:18:49,idle,ue1,1593588,872139.972094183,0.872140
2026-06-28T19:18:49,idle,ue2,1593600,868785.560588066,0.868786
2026-06-28T19:18:49,idle,ue3,1593612,865431.149081949,0.865431
2026-06-28T19:18:49,idle,ue4,1593624,855367.9750764966,0.855368
2026-06-28T19:18:49,idle,ue5,1594351,821824.1625798196,0.821824
2026-06-28T19:18:49,idle,ue6,1594363,862076.7980887305,0.862077
2026-06-28T19:18:49,idle,ue7,1594375,865431.149081949,0.865431
2026-06-28T19:18:49,idle,ue8,1594387,825178.5740859365,0.825179
2026-06-28T19:18:55,idle,cu_cp1,1593300,352454.25504162756,0.352454
2026-06-28T19:18:55,idle,cu_up1,1593309,332314.0041197777,0.332314
2026-06-28T19:18:55,idle,cu_cp2,1593336,328957.31075399666,0.328957
2026-06-28T19:18:55,idle,cu_up2,1593364,342384.1447018966,0.342384
2026-06-28T19:18:55,idle,du1,1593525,3068030.256672454,3.068030
2026-06-28T19:18:55,idle,du2,1594288,3057960.2673022747,3.057960
2026-06-28T19:18:55,idle,ue1,1593588,859317.0097569406,0.859317
2026-06-28T19:18:55,idle,ue2,1593600,882813.9540445715,0.882814
2026-06-28T19:18:55,idle,ue3,1593612,849246.8994172097,0.849247
2026-06-28T19:18:55,idle,ue4,1593624,869387.1805814474,0.869387
2026-06-28T19:18:55,idle,ue5,1594351,866030.4569732785,0.866030
2026-06-28T19:18:55,idle,ue6,1594363,842533.4522008717,0.842533
2026-06-28T19:18:55,idle,ue7,1594375,852603.6230253786,0.852604
2026-06-28T19:18:55,idle,ue8,1594387,825749.9551295787,0.825750
2026-06-28T19:19:00,idle,cu_cp1,1593300,352520.19438643364,0.352520
2026-06-28T19:19:00,idle,cu_up1,1593309,322304.20621130796,0.322304
2026-06-28T19:19:00,idle,cu_cp2,1593336,318946.84397882223,0.318947
2026-06-28T19:19:00,idle,cu_up2,1593364,345805.5303475168,0.345806
2026-06-28T19:19:00,idle,du1,1593525,3031673.7744476222,3.031674
2026-06-28T19:19:00,idle,du2,1594288,3085391.086758957,3.085391
2026-06-28T19:19:00,idle,ue1,1593588,862835.1749655765,0.862835
2026-06-28T19:19:00,idle,ue2,1593600,879621.8954889232,0.879622
2026-06-28T19:19:00,idle,ue3,1593612,866192.5069850349,0.866193
2026-06-28T19:19:00,idle,ue4,1593624,869549.7785784388,0.869550
2026-06-28T19:19:00,idle,ue5,1594351,882979.2275083816,0.882979
2026-06-28T19:19:00,idle,ue6,1594363,856120.5109266597,0.856121
2026-06-28T19:19:00,idle,ue7,1594375,859477.8429461181,0.859478
2026-06-28T19:19:00,idle,ue8,1594387,835976.5188099092,0.835977
2026-06-28T19:19:05,idle,cu_cp1,1593300,345011.5609005466,0.345012
2026-06-28T19:19:05,idle,cu_up1,1593309,336988.0065945089,0.336988
2026-06-28T19:19:05,idle,cu_cp2,1593336,345011.5609005466,0.345012
2026-06-28T19:19:05,idle,cu_up2,1593364,345011.5609005466,0.345012
2026-06-28T19:19:05,idle,du1,1593525,3024868.717421055,3.024869
2026-06-28T19:19:05,idle,du2,1594288,3024868.717421055,3.024869
2026-06-28T19:19:05,idle,ue1,1593588,882587.6969979554,0.882588
2026-06-28T19:19:05,idle,ue2,1593600,866540.6490648836,0.866541
2026-06-28T19:19:05,idle,ue3,1593612,858517.0644193441,0.858517
2026-06-28T19:19:05,idle,ue4,1593624,866540.6490648836,0.866541
2026-06-28T19:19:05,idle,ue5,1594351,890611.1602854878,0.890611
2026-06-28T19:19:05,idle,ue6,1594363,898634.6842520237,0.898635
2026-06-28T19:19:05,idle,ue7,1594375,874564.1123524159,0.874564
2026-06-28T19:19:05,idle,ue8,1594387,890611.1602854878,0.890611
2026-06-28T19:19:11,idle,cu_cp1,1593300,345715.30572615267,0.345715
2026-06-28T19:19:11,idle,cu_up1,1593309,319623.5476138353,0.319624
2026-06-28T19:19:11,idle,cu_cp2,1593336,319623.5476138353,0.319624
2026-06-28T19:19:11,idle,cu_up2,1593364,345715.30572615267,0.345715
2026-06-28T19:19:11,idle,du1,1593525,2922272.5729650497,2.922273
2026-06-28T19:19:11,idle,du2,1594288,3020116.5529796123,3.020117
2026-06-28T19:19:11,idle,ue1,1593588,867549.71526165,0.867550
2026-06-28T19:19:11,idle,ue2,1593600,887118.4510476947,0.887118
2026-06-28T19:19:11,idle,ue3,1593612,847980.9192587376,0.847981
2026-06-28T19:19:11,idle,ue4,1593624,867549.71526165,0.867550
2026-06-28T19:19:11,idle,ue5,1594351,776228.6672480584,0.776229
2026-06-28T19:19:11,idle,ue6,1594363,834934.995039928,0.834935
2026-06-28T19:19:11,idle,ue7,1594375,874072.587045753,0.874073
2026-06-28T19:19:11,idle,ue8,1594387,880595.5792635918,0.880596
2026-06-28T19:19:16,idle,cu_cp1,1593300,338063.2480102539,0.338063
2026-06-28T19:19:16,idle,cu_up1,1593309,326979.1996529579,0.326979
2026-06-28T19:19:16,idle,cu_cp2,1593336,338063.2480102539,0.338063
2026-06-28T19:19:16,idle,cu_up2,1593364,343605.28731472016,0.343605
2026-06-28T19:19:16,idle,du1,1593525,3025943.1746821594,3.025943
2026-06-28T19:19:16,idle,du2,1594288,3092447.4043226624,3.092447
2026-06-28T19:19:16,idle,ue1,1593588,859013.1880351639,0.859013
2026-06-28T19:19:16,idle,ue2,1593600,831303.0520161056,0.831303
2026-06-28T19:19:16,idle,ue3,1593612,881181.2847497559,0.881181
2026-06-28T19:19:16,idle,ue4,1593624,825761.0732149124,0.825761
2026-06-28T19:19:16,idle,ue5,1594351,864555.1668363571,0.864555
2026-06-28T19:19:16,idle,ue6,1594363,853471.1487306976,0.853471
2026-06-28T19:19:16,idle,ue7,1594375,892265.3028554154,0.892265
2026-06-28T19:19:16,idle,ue8,1594387,886723.3240542221,0.886723
2026-06-28T19:19:22,idle,cu_cp1,1593300,337974.9072048092,0.337975
2026-06-28T19:19:22,idle,cu_up1,1593309,325684.90124126495,0.325685
2026-06-28T19:19:22,idle,cu_cp2,1593336,331829.8891175866,0.331830
2026-06-28T19:19:22,idle,cu_up2,1593364,353337.3920010638,0.353337
2026-06-28T19:19:22,idle,du1,1593525,3035629.0259124567,3.035629
2026-06-28T19:19:22,idle,du2,1594288,3069426.5649703788,3.069427
2026-06-28T19:19:22,idle,ue1,1593588,875662.2376045323,0.875662
2026-06-28T19:19:22,idle,ue2,1593600,866444.7708955002,0.866445
2026-06-28T19:19:22,idle,ue3,1593612,866444.7708955002,0.866445
2026-06-28T19:19:22,idle,ue4,1593624,863372.2014300871,0.863372
2026-06-28T19:19:22,idle,ue5,1594351,829574.7227939665,0.829575
2026-06-28T19:19:22,idle,ue6,1594363,844937.268012023,0.844937
2026-06-28T19:19:22,idle,ue7,1594375,891024.7224007868,0.891025
2026-06-28T19:19:22,idle,ue8,1594387,875662.2376045323,0.875662
2026-06-28T19:19:27,idle,cu_cp1,1593300,338337.94881743134,0.338338
2026-06-28T19:19:27,idle,cu_up1,1593309,322958.9703978497,0.322959
2026-06-28T19:19:27,idle,cu_cp2,1593336,329110.56781692,0.329111
2026-06-28T19:19:27,idle,cu_up2,1593364,353716.9574932012,0.353717
2026-06-28T19:19:27,idle,du1,1593525,3032738.465543494,3.032738
2026-06-28T19:19:27,idle,du2,1594288,3137315.712436254,3.137316
2026-06-28T19:19:27,idle,ue1,1593588,879678.7032327473,0.879679
2026-06-28T19:19:27,idle,ue2,1593600,867375.5083946068,0.867376
2026-06-28T19:19:27,idle,ue3,1593612,858148.1576502835,0.858148
2026-06-28T19:19:27,idle,ue4,1593624,848920.7463935841,0.848921
2026-06-28T19:19:27,idle,ue5,1594351,821238.5126234853,0.821239
2026-06-28T19:19:27,idle,ue6,1594363,839693.274624508,0.839693
2026-06-28T19:19:27,idle,ue7,1594375,861223.9412317246,0.861224
2026-06-28T19:19:27,idle,ue8,1594387,864299.6643007892,0.864300
2026-06-28T19:19:33,idle,cu_cp1,1593300,347047.7890351057,0.347048
2026-06-28T19:19:33,idle,cu_up1,1593309,337834.1293127143,0.337834
2026-06-28T19:19:33,idle,cu_cp2,1593336,347047.7890351057,0.347048
2026-06-28T19:19:33,idle,cu_up2,1593364,343976.5691276419,0.343977
2026-06-28T19:19:33,idle,du1,1593525,3062005.7031666758,3.062006
2026-06-28T19:19:33,idle,du2,1594288,3114216.623118467,3.114217
2026-06-28T19:19:33,idle,ue1,1593588,835371.6938135457,0.835372
2026-06-28T19:19:33,idle,ue2,1593600,890653.6521478939,0.890654
2026-06-28T19:19:33,idle,ue3,1593612,863012.6124724173,0.863013
2026-06-28T19:19:33,idle,ue4,1593624,859941.4530732561,0.859941
2026-06-28T19:19:33,idle,ue5,1594351,856870.1726574898,0.856870
2026-06-28T19:19:33,idle,ue6,1594363,844585.353535937,0.844585
2026-06-28T19:19:33,idle,ue7,1594375,841514.1336284733,0.841514
2026-06-28T19:19:33,idle,ue8,1594387,869155.0522873449,0.869155
2026-06-28T19:19:38,idle,cu_cp1,1593300,342440.03874595463,0.342440
2026-06-28T19:19:38,idle,cu_up1,1593309,336269.9744355306,0.336270
2026-06-28T19:19:38,idle,cu_cp2,1593336,339355.02174040675,0.339355
2026-06-28T19:19:38,idle,cu_up2,1593364,339355.02174040675,0.339355
2026-06-28T19:19:38,idle,du1,1593525,3100470.8749374747,3.100471
2026-06-28T19:19:38,idle,du2,1594288,3069620.0988954306,3.069620
2026-06-28T19:19:38,idle,ue1,1593588,851472.5713565648,0.851473
2026-06-28T19:19:38,idle,ue2,1593600,860727.6829718649,0.860728
2026-06-28T19:19:38,idle,ue3,1593612,873067.8721913695,0.873068
2026-06-28T19:19:38,idle,ue4,1593624,842217.4597412646,0.842217
2026-06-28T19:19:38,idle,ue5,1594351,839132.4427357167,0.839132
2026-06-28T19:19:38,idle,ue6,1594363,842217.4597412646,0.842217
2026-06-28T19:19:38,idle,ue7,1594375,845302.4767468125,0.845302
2026-06-28T19:19:38,idle,ue8,1594387,848387.5543510169,0.848388
2026-06-28T19:19:44,idle,cu_cp1,1593300,341698.95875570655,0.341699
2026-06-28T19:19:44,idle,cu_up1,1593309,341698.95875570655,0.341699
2026-06-28T19:19:44,idle,cu_cp2,1593336,348270.12413238286,0.348270
2026-06-28T19:19:44,idle,cu_up2,1593364,344984.54144404473,0.344985
2026-06-28T19:19:44,idle,du1,1593525,3098289.677233958,3.098290
2026-06-28T19:19:44,idle,du2,1594288,3118002.9910493805,3.118003
2026-06-28T19:19:44,idle,ue1,1593588,890388.6241463792,0.890389
2026-06-28T19:19:44,idle,ue2,1593600,857532.9795776046,0.857533
2026-06-28T19:19:44,idle,ue3,1593612,877246.4149360978,0.877246
2026-06-28T19:19:44,idle,ue4,1593624,850961.8749724638,0.850962
2026-06-28T19:19:44,idle,ue5,1594351,854247.4272750341,0.854247
2026-06-28T19:19:44,idle,ue6,1594363,883817.5195412386,0.883818
2026-06-28T19:19:44,idle,ue7,1594375,867389.7580283869,0.867390
2026-06-28T19:19:44,idle,ue8,1594387,877246.4149360978,0.877246
2026-06-28T19:19:49,idle,cu_cp1,1593300,339608.6545013046,0.339609
2026-06-28T19:19:49,idle,cu_up1,1593309,339608.6545013046,0.339609
2026-06-28T19:19:49,idle,cu_cp2,1593336,342971.1206375122,0.342971
2026-06-28T19:19:49,idle,cu_up2,1593364,346333.5867737198,0.346334
2026-06-28T19:19:49,idle,du1,1593525,3080015.214216003,3.080015
2026-06-28T19:19:49,idle,du2,1594288,3137176.865152893,3.137177
2026-06-28T19:19:49,idle,ue1,1593588,847340.4335605621,0.847340
2026-06-28T19:19:49,idle,ue2,1593600,870877.6661386108,0.870878
2026-06-28T19:19:49,idle,ue3,1593612,867515.169626999,0.867515
2026-06-28T19:19:49,idle,ue4,1593624,874240.1018994141,0.874240
2026-06-28T19:19:49,idle,ue5,1594351,870877.6661386108,0.870878
2026-06-28T19:19:49,idle,ue6,1594363,857427.8015937805,0.857428
2026-06-28T19:19:49,idle,ue7,1594375,860790.2373545837,0.860790
2026-06-28T19:19:49,idle,ue8,1594387,870877.6661386108,0.870878
2026-06-28T19:19:54,idle,cu_cp1,1593300,342055.2124027741,0.342055
2026-06-28T19:19:54,idle,cu_up1,1593309,345408.6824291191,0.345409
2026-06-28T19:19:54,idle,cu_cp2,1593336,352115.6527131325,0.352116
2026-06-28T19:19:54,idle,cu_up2,1593364,342055.2124027741,0.342055
2026-06-28T19:19:54,idle,du1,1593525,3078496.790699673,3.078497
2026-06-28T19:19:54,idle,du2,1594288,3068436.5317772557,3.068437
2026-06-28T19:19:54,idle,ue1,1593588,871905.3509073365,0.871905
2026-06-28T19:19:54,idle,ue2,1593600,865198.4713172936,0.865198
2026-06-28T19:19:54,idle,ue3,1593612,784714.8883717794,0.784715
2026-06-28T19:19:54,idle,ue4,1593624,888672.7917330319,0.888673
2026-06-28T19:19:54,idle,ue5,1594351,868551.9715749621,0.868552
2026-06-28T19:19:54,idle,ue6,1594363,838370.6506438869,0.838371
2026-06-28T19:19:54,idle,ue7,1594375,811542.7695078332,0.811543
2026-06-28T19:19:54,idle,ue8,1594387,868551.9715749621,0.868552
2026-06-28T19:20:00,idle,cu_cp1,1593300,336513.89496334555,0.336514
2026-06-28T19:20:00,idle,cu_up1,1593309,336513.89496334555,0.336514
2026-06-28T19:20:00,idle,cu_cp2,1593336,343244.16800750373,0.343244
2026-06-28T19:20:00,idle,cu_up2,1593364,343244.16800750373,0.343244
2026-06-28T19:20:00,idle,du1,1593525,3092562.7092784713,3.092563
2026-06-28T19:20:00,idle,du2,1594288,3119483.8014551043,3.119484
2026-06-28T19:20:00,idle,ue1,1593588,858110.4200187593,0.858110
2026-06-28T19:20:00,idle,ue2,1593600,851380.2076634598,0.851380
2026-06-28T19:20:00,idle,ue3,1593612,851380.2076634598,0.851380
2026-06-28T19:20:00,idle,ue4,1593624,861475.6172296971,0.861476
2026-06-28T19:20:00,idle,ue5,1594351,858110.4200187593,0.858110
2026-06-28T19:20:00,idle,ue6,1594363,885031.5121953923,0.885032
2026-06-28T19:20:00,idle,ue7,1594375,831189.2671532679,0.831189
2026-06-28T19:20:00,idle,ue8,1594387,868205.8295849967,0.868206
2026-06-28T19:20:05,idle,cu_cp1,1593300,343096.4666714293,0.343096
2026-06-28T19:20:05,idle,cu_up1,1593309,339732.7692850542,0.339733
2026-06-28T19:20:05,idle,cu_cp2,1593336,339732.7692850542,0.339733
2026-06-28T19:20:05,idle,cu_up2,1593364,346460.16405780433,0.346460
2026-06-28T19:20:05,idle,du1,1593525,3091232.01865448,3.091232
2026-06-28T19:20:05,idle,du2,1594288,3050867.650017979,3.050868
2026-06-28T19:20:05,idle,ue1,1593588,874559.6233041382,0.874560
2026-06-28T19:20:05,idle,ue2,1593600,888014.4128496385,0.888014
2026-06-28T19:20:05,idle,ue3,1593612,857741.1969848835,0.857741
2026-06-28T19:20:05,idle,ue4,1593624,864468.5917576337,0.864469
2026-06-28T19:20:05,idle,ue5,1594351,864468.5917576337,0.864469
2026-06-28T19:20:05,idle,ue6,1594363,854377.4995985085,0.854377
2026-06-28T19:20:05,idle,ue7,1594375,854377.4995985085,0.854377
2026-06-28T19:20:05,idle,ue8,1594387,834195.3152802581,0.834195
2026-06-28T19:20:11,idle,cu_cp1,1593300,344737.4878094718,0.344737
2026-06-28T19:20:11,idle,cu_up1,1593309,344737.4878094718,0.344737
2026-06-28T19:20:11,idle,cu_cp2,1593336,344737.4878094718,0.344737
2026-06-28T19:20:11,idle,cu_up2,1593364,344737.4878094718,0.344737
2026-06-28T19:20:11,idle,du1,1593525,3023635.123017411,3.023635
2026-06-28T19:20:11,idle,du2,1594288,3088273.498343575,3.088273
2026-06-28T19:20:11,idle,ue1,1593588,861843.7346392698,0.861844
2026-06-28T19:20:11,idle,ue2,1593600,797205.4802378279,0.797205
2026-06-28T19:20:11,idle,ue3,1593612,854661.713090483,0.854662
2026-06-28T19:20:11,idle,ue4,1593624,854661.713090483,0.854662
2026-06-28T19:20:11,idle,ue5,1594351,847479.6310793352,0.847480
2026-06-28T19:20:11,idle,ue6,1594363,854661.713090483,0.854662
2026-06-28T19:20:11,idle,ue7,1594375,847479.6310793352,0.847480
2026-06-28T19:20:11,idle,ue8,1594387,811569.5233354014,0.811570
2026-06-28T19:20:16,idle,cu_cp1,1593300,345980.66196897626,0.345981
2026-06-28T19:20:16,idle,cu_up1,1593309,334050.30162742734,0.334050
2026-06-28T19:20:16,idle,cu_cp2,1593336,334050.30162742734,0.334050
2026-06-28T19:20:16,idle,cu_up2,1593364,340015.4817982018,0.340015
2026-06-28T19:20:16,idle,du1,1593525,3084000.0871617794,3.084000
2026-06-28T19:20:16,idle,du2,1594288,3054174.186307907,3.054174
2026-06-28T19:20:16,idle,ue1,1593588,841090.9493867755,0.841091
2026-06-28T19:20:16,idle,ue2,1593600,847056.0689678192,0.847056
2026-06-28T19:20:16,idle,ue3,1593612,858986.4898990989,0.858986
2026-06-28T19:20:16,idle,ue4,1593624,858986.4898990989,0.858986
2026-06-28T19:20:16,idle,ue5,1594351,858986.4898990989,0.858986
2026-06-28T19:20:16,idle,ue6,1594363,829160.5284554958,0.829161
2026-06-28T19:20:16,idle,ue7,1594375,858986.4898990989,0.858986
2026-06-28T19:20:16,idle,ue8,1594387,864951.6094801426,0.864952
2026-06-28T19:20:22,idle,cu_cp1,1593300,340743.75512932957,0.340744
2026-06-28T19:20:22,idle,cu_up1,1593309,335580.9663669616,0.335581
2026-06-28T19:20:22,idle,cu_cp2,1593336,345906.54389169754,0.345907
2026-06-28T19:20:22,idle,cu_up2,1593364,351069.3326540655,0.351069
2026-06-28T19:20:22,idle,du1,1593525,3097670.346826,3.097670
2026-06-28T19:20:22,idle,du2,1594288,3138972.8994745086,3.138973
2026-06-28T19:20:22,idle,ue1,1593588,867347.7844291234,0.867348
2026-06-28T19:20:22,idle,ue2,1593600,882836.0900788361,0.882836
2026-06-28T19:20:22,idle,ue3,1593612,820882.6855678117,0.820883
2026-06-28T19:20:22,idle,ue4,1593624,841533.7799798924,0.841534
2026-06-28T19:20:22,idle,ue5,1594351,867347.7844291234,0.867348
2026-06-28T19:20:22,idle,ue6,1594363,836371.0518549156,0.836371
2026-06-28T19:20:22,idle,ue7,1594375,867347.7844291234,0.867348
2026-06-28T19:20:22,idle,ue8,1594387,841533.7799798924,0.841534
2026-06-28T19:20:27,idle,cu_cp1,1593300,341191.0354455739,0.341191
2026-06-28T19:20:27,idle,cu_up1,1593309,338117.22266001103,0.338117
2026-06-28T19:20:27,idle,cu_cp2,1593336,338117.22266001103,0.338117
2026-06-28T19:20:27,idle,cu_up2,1593364,344264.8179012492,0.344265
2026-06-28T19:20:27,idle,du1,1593525,3058424.128527689,3.058424
2026-06-28T19:20:27,idle,du2,1594288,3061497.880653477,3.061498
2026-06-28T19:20:27,idle,ue1,1593588,882178.6280974566,0.882179
2026-06-28T19:20:27,idle,ue2,1593600,854514.4343469411,0.854514
2026-06-28T19:20:27,idle,ue3,1593612,863735.8727036298,0.863736
2026-06-28T19:20:27,idle,ue4,1593624,842219.2438644648,0.842219
2026-06-28T19:20:27,idle,ue5,1594351,866809.6248294174,0.866810
2026-06-28T19:20:27,idle,ue6,1594363,845293.1173098028,0.845293
2026-06-28T19:20:27,idle,ue7,1594375,839145.5523984522,0.839146
2026-06-28T19:20:27,idle,ue8,1594387,869883.4376149804,0.869883
2026-06-28T19:20:32,dl,cu_cp1,1593300,348493.93164634553,0.348494
2026-06-28T19:20:32,dl,cu_up1,1593309,339241.8747266999,0.339242
2026-06-28T19:20:32,dl,cu_cp2,1593336,342325.8936999151,0.342326
2026-06-28T19:20:32,dl,cu_up2,1593364,342325.8936999151,0.342326
2026-06-28T19:20:32,dl,du1,1593525,3102521.2671090174,3.102521
2026-06-28T19:20:32,dl,du2,1594288,3096353.107832887,3.096353
2026-06-28T19:20:32,dl,ue1,1593588,869692.8044630438,0.869693
2026-06-28T19:20:32,dl,ue2,1593600,829600.5578112459,0.829601
2026-06-28T19:20:32,dl,ue3,1593612,863524.8271814632,0.863525
2026-06-28T19:20:32,dl,ue4,1593624,848104.6716505373,0.848105
2026-06-28T19:20:32,dl,ue5,1594351,829600.5578112459,0.829601
2026-06-28T19:20:32,dl,ue6,1594363,875860.7817446244,0.875861
2026-06-28T19:20:32,dl,ue7,1594375,866608.7854898286,0.866609
2026-06-28T19:20:32,dl,ue8,1594387,832684.5767844612,0.832685
2026-06-28T19:20:38,dl,cu_cp1,1593300,407308.5443638563,0.407309
2026-06-28T19:20:38,dl,cu_up1,1593309,537225.924893707,0.537226
2026-06-28T19:20:38,dl,cu_cp2,1593336,403797.2638089955,0.403797
2026-06-28T19:20:38,dl,cu_up2,1593364,547759.7665582895,0.547760
2026-06-28T19:20:38,dl,du1,1593525,4276739.646581535,4.276740
2026-06-28T19:20:38,dl,du2,1594288,4283762.138452301,4.283762
2026-06-28T19:20:38,dl,ue1,1593588,1699459.7885526419,1.699460
2026-06-28T19:20:38,dl,ue2,1593600,1695948.542617259,1.695949
2026-06-28T19:20:38,dl,ue3,1593612,1667858.2981783724,1.667858
2026-06-28T19:20:38,dl,ue4,1593624,1541452.1982033825,1.541452
2026-06-28T19:20:38,dl,ue5,1594351,1625722.9315200425,1.625723
2026-06-28T19:20:38,dl,ue6,1594363,1604655.1789519214,1.604655
2026-06-28T19:20:38,dl,ue7,1594375,1681903.4203978158,1.681903
2026-06-28T19:20:38,dl,ue8,1594387,1611677.8093005992,1.611678
2026-06-28T19:20:43,dl,cu_cp1,1593300,431206.33884798526,0.431206
2026-06-28T19:20:43,dl,cu_up1,1593309,598484.6413422325,0.598485
2026-06-28T19:20:43,dl,cu_cp2,1593336,420054.4160345912,0.420054
2026-06-28T19:20:43,dl,cu_up2,1593364,624505.7346060782,0.624506
2026-06-28T19:20:43,dl,du1,1593525,4683792.901604254,4.683793
2026-06-28T19:20:43,dl,du2,1594288,4750704.150641065,4.750704
2026-06-28T19:20:43,dl,ue1,1593588,1921841.8908457588,1.921842
2026-06-28T19:20:43,dl,ue2,1593600,1921841.8908457588,1.921842
2026-06-28T19:20:43,dl,ue3,1593612,1932993.813659153,1.932994
2026-06-28T19:20:43,dl,ue4,1593624,1981318.7165693427,1.981319
2026-06-28T19:20:43,dl,ue5,1594351,1895820.8335623574,1.895821
2026-06-28T19:20:43,dl,ue6,1594363,1914407.4675325323,1.914407
2026-06-28T19:20:43,dl,ue7,1594375,1944145.736472547,1.944146
2026-06-28T19:20:43,dl,ue8,1594387,1992470.6393827368,1.992471
2026-06-28T19:20:49,dl,cu_cp1,1593300,433330.03202391264,0.433330
2026-06-28T19:20:49,dl,cu_up1,1593309,629933.4851806689,0.629933
2026-06-28T19:20:49,dl,cu_cp2,1593336,421293.1087503499,0.421293
2026-06-28T19:20:49,dl,cu_up2,1593364,637958.1247623062,0.637958
2026-06-28T19:20:49,dl,du1,1593525,4754593.898275089,4.754594
2026-06-28T19:20:49,dl,du2,1594288,4790704.343205738,4.790704
2026-06-28T19:20:49,dl,ue1,1593588,1933935.973241012,1.933936
2026-06-28T19:20:49,dl,ue2,1593600,1945972.9326134683,1.945973
2026-06-28T19:20:49,dl,ue3,1593612,1966034.3871719884,1.966034
2026-06-28T19:20:49,dl,ue4,1593624,2022207.0086390234,2.022207
2026-06-28T19:20:49,dl,ue5,1594351,1921899.0138685561,1.921899
2026-06-28T19:20:49,dl,ue6,1594363,1962022.211776743,1.962022
2026-06-28T19:20:49,dl,ue7,1594375,1953997.4277995324,1.953997
2026-06-28T19:20:49,dl,ue8,1594387,2010170.0492665672,2.010170
2026-06-28T19:20:54,dl,cu_cp1,1593300,434918.319120878,0.434918
2026-06-28T19:20:54,dl,cu_up1,1593309,606491.5745077133,0.606492
2026-06-28T19:20:54,dl,cu_cp2,1593336,414967.9212980622,0.414968
2026-06-28T19:20:54,dl,cu_up2,1593364,626441.9362676203,0.626442
2026-06-28T19:20:54,dl,du1,1593525,4640458.833532509,4.640459
2026-06-28T19:20:54,dl,du2,1594288,4768140.860292644,4.768141
2026-06-28T19:20:54,dl,ue1,1593588,1931196.8936302543,1.931197
2026-06-28T19:20:54,dl,ue2,1593600,1935187.0381080532,1.935187
2026-06-28T19:20:54,dl,ue3,1593612,1915236.6042223286,1.915237
2026-06-28T19:20:54,dl,ue4,1593624,2014988.4851476813,2.014988
2026-06-28T19:20:54,dl,ue5,1594351,1895286.1703366041,1.895286
2026-06-28T19:20:54,dl,ue6,1594363,1935187.0381080532,1.935187
2026-06-28T19:20:54,dl,ue7,1594375,1935187.0381080532,1.935187
2026-06-28T19:20:54,dl,ue8,1594387,1999028.0514881206,1.999028
2026-06-28T19:21:00,dl,cu_cp1,1593300,429090.4935962975,0.429090
2026-06-28T19:21:00,dl,cu_up1,1593309,556228.4202828348,0.556228
2026-06-28T19:21:00,dl,cu_cp2,1593336,417171.28829982877,0.417171
2026-06-28T19:21:00,dl,cu_up2,1593364,603905.1338195205,0.603905
2026-06-28T19:21:00,dl,du1,1593525,4588883.991882801,4.588884
2026-06-28T19:21:00,dl,du2,1594288,4731914.455440426,4.731914
2026-06-28T19:21:00,dl,ue1,1593588,1907068.8285319328,1.907069
2026-06-28T19:21:00,dl,ue2,1593600,1922961.0065723895,1.922961
2026-06-28T19:21:00,dl,ue3,1593612,1911041.8012759208,1.911042
2026-06-28T19:21:00,dl,ue4,1593624,1994475.9512866973,1.994476
2026-06-28T19:21:00,dl,ue5,1594351,1895149.623235464,1.895150
2026-06-28T19:21:00,dl,ue6,1594363,1938853.1846128465,1.938853
2026-06-28T19:21:00,dl,ue7,1594375,1907068.8285319328,1.907069
2026-06-28T19:21:00,dl,ue8,1594387,2034206.5399200916,2.034207
2026-06-28T19:21:05,dl,cu_cp1,1593300,436530.8639753294,0.436531
2026-06-28T19:21:05,dl,cu_up1,1593309,600730.5460930723,0.600731
2026-06-28T19:21:05,dl,cu_cp2,1593336,412501.63780233474,0.412502
2026-06-28T19:21:05,dl,cu_up2,1593364,620754.8711728471,0.620755
2026-06-28T19:21:05,dl,du1,1593525,4757785.699935,4.757786
2026-06-28T19:21:05,dl,du2,1594288,4741766.23987118,4.741766
2026-06-28T19:21:05,dl,ue1,1593588,1966391.3203969598,1.966391
2026-06-28T19:21:05,dl,ue2,1593600,1994425.3755086446,1.994425
2026-06-28T19:21:05,dl,ue3,1593612,1986415.5011676752,1.986416
2026-06-28T19:21:05,dl,ue4,1593624,2058503.3600729834,2.058503
2026-06-28T19:21:05,dl,ue5,1594351,1902313.335832621,1.902313
2026-06-28T19:21:05,dl,ue6,1594363,1958381.4460559904,1.958381
2026-06-28T19:21:05,dl,ue7,1594375,1914327.9308804858,1.914328
2026-06-28T19:21:05,dl,ue8,1594387,1954376.725349095,1.954377
2026-06-28T19:21:11,dl,cu_cp1,1593300,437776.6403571886,0.437777
2026-06-28T19:21:11,dl,cu_up1,1593309,622989.8218854439,0.622990
2026-06-28T19:21:11,dl,cu_cp2,1593336,429357.85119190335,0.429358
2026-06-28T19:21:11,dl,cu_up2,1593364,622989.8218854439,0.622990
2026-06-28T19:21:11,dl,du1,1593525,4756611.303642455,4.756611
2026-06-28T19:21:11,dl,du2,1594288,4722936.5792405605,4.722937
2026-06-28T19:21:11,dl,ue1,1593588,1927901.0258349322,1.927901
2026-06-28T19:21:11,dl,ue2,1593600,1936319.7069354057,1.936320
2026-06-28T19:21:11,dl,ue3,1593612,1894225.7250873756,1.894226
2026-06-28T19:21:11,dl,ue4,1593624,1986832.3698839091,1.986832
2026-06-28T19:21:11,dl,ue5,1594351,1894225.7250873756,1.894226
2026-06-28T19:21:11,dl,ue6,1594363,1961576.0384096575,1.961576
2026-06-28T19:21:11,dl,ue7,1594375,1936319.7069354057,1.936320
2026-06-28T19:21:11,dl,ue8,1594387,1978413.6887834358,1.978414
2026-06-28T19:21:16,dl,cu_cp1,1593300,429574.6922329688,0.429575
2026-06-28T19:21:16,dl,cu_up1,1593309,582004.3798574066,0.582004
2026-06-28T19:21:16,dl,cu_cp2,1593336,422646.0635116303,0.422646
2026-06-28T19:21:16,dl,cu_up2,1593364,623576.1521854377,0.623576
2026-06-28T19:21:16,dl,du1,1593525,4690678.074282188,4.690678
2026-06-28T19:21:16,dl,du2,1594288,4808464.510116177,4.808465
2026-06-28T19:21:16,dl,ue1,1593588,1919228.7494219255,1.919229
2026-06-28T19:21:16,dl,ue2,1593600,1933085.9347420977,1.933086
2026-06-28T19:21:16,dl,ue3,1593612,1919228.7494219255,1.919229
2026-06-28T19:21:16,dl,ue4,1593624,1988515.1087578153,1.988515
2026-06-28T19:21:16,dl,ue5,1594351,1884585.5697539807,1.884586
2026-06-28T19:21:16,dl,ue6,1594363,1933085.9347420977,1.933086
2026-06-28T19:21:16,dl,ue7,1594375,1946943.1200622702,1.946943
2026-06-28T19:21:16,dl,ue8,1594387,1988515.1087578153,1.988515
2026-06-28T19:21:22,dl,cu_cp1,1593300,435091.3445636564,0.435091
2026-06-28T19:21:22,dl,cu_up1,1593309,593840.914926694,0.593841
2026-06-28T19:21:22,dl,cu_cp2,1593336,405693.3025837237,0.405693
2026-06-28T19:21:22,dl,cu_up2,1593364,623238.9928244769,0.623239
2026-06-28T19:21:22,dl,du1,1593525,4633135.151493821,4.633135
2026-06-28T19:21:22,dl,du2,1594288,4768366.144601512,4.768366
2026-06-28T19:21:22,dl,ue1,1593588,1916753.773805623,1.916754
2026-06-28T19:21:22,dl,ue2,1593600,1887355.7318256903,1.887356
2026-06-28T19:21:22,dl,ue3,1593612,1910874.309081037,1.910874
2026-06-28T19:21:22,dl,ue4,1593624,1981429.4661614753,1.981429
2026-06-28T19:21:22,dl,ue5,1594351,1869716.9066377305,1.869717
2026-06-28T19:21:22,dl,ue6,1594363,1910874.309081037,1.910874
2026-06-28T19:21:22,dl,ue7,1594375,1893235.3402216767,1.893235
2026-06-28T19:21:22,dl,ue8,1594387,1963790.784644916,1.963791
2026-06-28T19:21:27,dl,cu_cp1,1593300,440761.53309334966,0.440762
2026-06-28T19:21:27,dl,cu_up1,1593309,592499.05221789,0.592499
2026-06-28T19:21:27,dl,cu_cp2,1593336,408246.3324219513,0.408246
2026-06-28T19:21:27,dl,cu_up2,1593364,617788.7047454447,0.617789
2026-06-28T19:21:27,dl,du1,1593525,4624383.359411958,4.624383
2026-06-28T19:21:27,dl,du2,1594288,4772508.086462722,4.772508
2026-06-28T19:21:27,dl,ue1,1593588,1903945.2032691955,1.903945
2026-06-28T19:21:27,dl,ue2,1593600,1900332.4471991276,1.900332
2026-06-28T19:21:27,dl,ue3,1593612,1907558.1033540952,1.907558
2026-06-28T19:21:27,dl,ue4,1593624,1943686.0960992693,1.943686
2026-06-28T19:21:27,dl,ue5,1594351,1896719.6911290598,1.896720
2026-06-28T19:21:27,dl,ue6,1594363,1925622.0277192665,1.925622
2026-06-28T19:21:27,dl,ue7,1594375,1911170.8594241631,1.911171
2026-06-28T19:21:27,dl,ue8,1594387,1979813.9448296118,1.979814
2026-06-28T19:21:33,dl,cu_cp1,1593300,441831.75106113194,0.441832
2026-06-28T19:21:33,dl,cu_up1,1593309,586694.627945695,0.586695
2026-06-28T19:21:33,dl,cu_cp2,1593336,423723.8779293394,0.423724
2026-06-28T19:21:33,dl,cu_up2,1593364,615667.181688652,0.615667
2026-06-28T19:21:33,dl,du1,1593525,4639233.584453144,4.639234
2026-06-28T19:21:33,dl,du2,1594288,4740637.414383717,4.740637
2026-06-28T19:21:33,dl,ue1,1593588,1901325.1284047412,1.901325
2026-06-28T19:21:33,dl,ue2,1593600,1894082.080110483,1.894082
2026-06-28T19:21:33,dl,ue3,1593612,1915811.3692196275,1.915811
2026-06-28T19:21:33,dl,ue4,1593624,1962891.7600377845,1.962892
2026-06-28T19:21:33,dl,ue5,1594351,1897703.4600312423,1.897703
2026-06-28T19:21:33,dl,ue6,1594363,1926676.0858873844,1.926676
2026-06-28T19:21:33,dl,ue7,1594375,1926676.0858873844,1.926676
2026-06-28T19:21:33,dl,ue8,1594387,1999107.5784145547,1.999108
2026-06-28T19:21:38,dl,cu_cp1,1593300,435897.5668009043,0.435898
2026-06-28T19:21:38,dl,cu_up1,1593309,588461.709764886,0.588462
2026-06-28T19:21:38,dl,cu_cp2,1593336,417735.15163428785,0.417735
2026-06-28T19:21:38,dl,cu_up2,1593364,606624.0888226032,0.606624
2026-06-28T19:21:38,dl,du1,1593525,4707693.678119088,4.707694
2026-06-28T19:21:38,dl,du2,1594288,4725855.876632309,4.725856
2026-06-28T19:21:38,dl,ue1,1593588,1925214.2744341851,1.925214
2026-06-28T19:21:38,dl,ue2,1593600,1907051.7870497704,1.907052
2026-06-28T19:21:38,dl,ue3,1593612,1921581.7191830636,1.921582
2026-06-28T19:21:38,dl,ue4,1593624,2030556.2101827622,2.030556
2026-06-28T19:21:38,dl,ue5,1594351,1914316.8975520134,1.914317
2026-06-28T19:21:38,dl,ue6,1594363,1925214.2744341851,1.925214
2026-06-28T19:21:38,dl,ue7,1594375,1917949.163931942,1.917949
2026-06-28T19:21:38,dl,ue8,1594387,1994231.2354139327,1.994231
2026-06-28T19:21:44,dl,cu_cp1,1593300,438971.63176315784,0.438972
2026-06-28T19:21:44,dl,cu_up1,1593309,578644.4598688888,0.578644
2026-06-28T19:21:44,dl,cu_cp2,1593336,426999.6709333992,0.427000
2026-06-28T19:21:44,dl,cu_up2,1593364,622541.6013365507,0.622542
2026-06-28T19:21:44,dl,du1,1593525,4613192.87154562,4.613193
2026-06-28T19:21:44,dl,du2,1594288,4812725.214351425,4.812725
2026-06-28T19:21:44,dl,ue1,1593588,1903540.6864989281,1.903541
2026-06-28T19:21:44,dl,ue2,1593600,1887578.0238177967,1.887578
2026-06-28T19:21:44,dl,ue3,1593612,1931475.2376476384,1.931475
2026-06-28T19:21:44,dl,ue4,1593624,1995325.5989234447,1.995326
2026-06-28T19:21:44,dl,ue5,1594351,1919503.2044557,1.919503
2026-06-28T19:21:44,dl,ue6,1594363,1931475.2376476384,1.931475
2026-06-28T19:21:44,dl,ue7,1594375,1951428.385093603,1.951428
2026-06-28T19:21:44,dl,ue8,1594387,1995325.5989234447,1.995326
2026-06-28T19:21:49,dl,cu_cp1,1593300,437810.188165749,0.437810
2026-06-28T19:21:49,dl,cu_up1,1593309,602491.0925881201,0.602491
2026-06-28T19:21:49,dl,cu_cp2,1593336,417727.1589731678,0.417727
2026-06-28T19:21:49,dl,cu_up2,1593364,626590.7565273088,0.626591
2026-06-28T19:21:49,dl,du1,1593525,4759679.653127218,4.759680
2026-06-28T19:21:49,dl,du2,1594288,4767712.633539519,4.767713
2026-06-28T19:21:49,dl,ue1,1593588,1923955.0349839246,1.923955
2026-06-28T19:21:49,dl,ue2,1593600,1899855.081963823,1.899855
2026-06-28T19:21:49,dl,ue3,1593612,1968137.583575238,1.968138
2026-06-28T19:21:49,dl,ue4,1593624,1972154.2183218456,1.972154
2026-06-28T19:21:49,dl,ue5,1594351,1903871.7167104303,1.903872
2026-06-28T19:21:49,dl,ue6,1594363,1936004.6501428343,1.936005
2026-06-28T19:21:49,dl,ue7,1594375,1956087.6793354154,1.956088
2026-06-28T19:21:49,dl,ue8,1594387,1968137.583575238,1.968138
2026-06-28T19:21:55,dl,cu_cp1,1593300,439591.79500648857,0.439592
2026-06-28T19:21:55,dl,cu_up1,1593309,591450.7708547008,0.591451
2026-06-28T19:21:55,dl,cu_cp2,1593336,415614.0600766322,0.415614
2026-06-28T19:21:55,dl,cu_up2,1593364,619424.7889190943,0.619425
2026-06-28T19:21:55,dl,du1,1593525,4635695.371608717,4.635695
2026-06-28T19:21:55,dl,du2,1594288,4667665.636685014,4.667666
2026-06-28T19:21:55,dl,ue1,1593588,1910226.01138363,1.910226
2026-06-28T19:21:55,dl,ue2,1593600,1898237.198102653,1.898237
2026-06-28T19:21:55,dl,ue3,1593612,1930207.4631789494,1.930207
2026-06-28T19:21:55,dl,ue4,1593624,1994148.2823126148,1.994148
2026-06-28T19:21:55,dl,ue5,1594351,1918218.6498979724,1.918219
2026-06-28T19:21:55,dl,ue6,1594363,1910226.01138363,1.910226
2026-06-28T19:21:55,dl,ue7,1594375,1902233.5173598242,1.902234
2026-06-28T19:21:55,dl,ue8,1594387,1946192.740207634,1.946193
2026-06-28T19:22:00,dl,cu_cp1,1593300,439684.48282851366,0.439684
2026-06-28T19:22:00,dl,cu_up1,1593309,611561.1045938772,0.611561
2026-06-28T19:22:00,dl,cu_cp2,1593336,423695.9489613015,0.423696
2026-06-28T19:22:00,dl,cu_up2,1593364,607563.998197959,0.607564
2026-06-28T19:22:00,dl,du1,1593525,4680641.187120986,4.680641
2026-06-28T19:22:00,dl,du2,1594288,4648664.335953641,4.648664
2026-06-28T19:22:00,dl,ue1,1593588,1918623.1977971506,1.918623
2026-06-28T19:22:00,dl,ue2,1593600,1898637.521439507,1.898638
2026-06-28T19:22:00,dl,ue3,1593612,1890643.3086476708,1.890643
2026-06-28T19:22:00,dl,ue4,1593624,1986574.2952838647,1.986574
2026-06-28T19:22:00,dl,ue5,1594351,1910628.9850053145,1.910629
2026-06-28T19:22:00,dl,ue6,1594363,1926617.5549670397,1.926618
2026-06-28T19:22:00,dl,ue7,1594375,1914625.9470231796,1.914626
2026-06-28T19:22:00,dl,ue8,1594387,1978580.0824920284,1.978580
2026-06-28T19:22:06,dl,cu_cp1,1593300,433570.62506371737,0.433571
2026-06-28T19:22:06,dl,cu_up1,1593309,619386.607233882,0.619387
2026-06-28T19:22:06,dl,cu_cp2,1593336,424722.2295066699,0.424722
2026-06-28T19:22:06,dl,cu_up2,1593364,601689.816119787,0.601690
2026-06-28T19:22:06,dl,du1,1593525,4733882.860768926,4.733883
2026-06-28T19:22:06,dl,du2,1594288,4742731.652971101,4.742732
2026-06-28T19:22:06,dl,ue1,1593588,1902401.763428235,1.902402
2026-06-28T19:22:06,dl,ue2,1593600,1920098.482425034,1.920098
2026-06-28T19:22:06,dl,ue3,1593612,1911250.1229266345,1.911250
2026-06-28T19:22:06,dl,ue4,1593624,1964340.4241516232,1.964340
2026-06-28T19:22:06,dl,ue5,1594351,1911250.1229266345,1.911250
2026-06-28T19:22:06,dl,ue6,1594363,1928946.8419234336,1.928947
2026-06-28T19:22:06,dl,ue7,1594375,1928946.8419234336,1.928947
2026-06-28T19:22:06,dl,ue8,1594387,1982036.9989138306,1.982037
2026-06-28T19:22:11,dl,cu_cp1,1593300,448715.70587242633,0.448716
2026-06-28T19:22:11,dl,cu_up1,1593309,586225.3418871975,0.586225
2026-06-28T19:22:11,dl,cu_cp2,1593336,419766.31835528434,0.419766
2026-06-28T19:22:11,dl,cu_up2,1593364,622412.0672219556,0.622412
2026-06-28T19:22:11,dl,du1,1593525,4689802.73509758,4.689803
2026-06-28T19:22:11,dl,du2,1594288,4841787.082994261,4.841787
2026-06-28T19:22:11,dl,ue1,1593588,1932372.4232577991,1.932372
2026-06-28T19:22:11,dl,ue2,1593600,1946847.0263996767,1.946847
2026-06-28T19:22:11,dl,ue3,1593612,1997508.5723563766,1.997509
2026-06-28T19:22:11,dl,ue4,1593624,2026457.9236268413,2.026458
2026-06-28T19:22:11,dl,ue5,1594351,1903423.0719873344,1.903423
2026-06-28T19:22:11,dl,ue6,1594363,1925135.1216868602,1.925135
2026-06-28T19:22:11,dl,ue7,1594375,1932372.4232577991,1.932372
2026-06-28T19:22:11,dl,ue8,1594387,2091594.0727254187,2.091594
2026-06-28T19:22:17,dl,cu_cp1,1593300,440233.7883811763,0.440234
2026-06-28T19:22:17,dl,cu_up1,1593309,617550.2455606675,0.617550
2026-06-28T19:22:17,dl,cu_cp2,1593336,421890.7517390144,0.421891
2026-06-28T19:22:17,dl,cu_up2,1593364,629778.9366554421,0.629779
2026-06-28T19:22:17,dl,du1,1593525,4824228.70826832,4.824229
2026-06-28T19:22:17,dl,du2,1594288,4818114.326362162,4.818114
2026-06-28T19:22:17,dl,ue1,1593588,1932137.1197217226,1.932137
2026-06-28T19:22:17,dl,ue2,1593600,1974937.793064835,1.974938
2026-06-28T19:22:17,dl,ue3,1593612,2011623.7936316156,2.011624
2026-06-28T19:22:17,dl,ue4,1593624,1999395.1752543843,1.999395
2026-06-28T19:22:17,dl,ue5,1594351,1919908.6467795777,1.919909
2026-06-28T19:22:17,dl,ue6,1594363,1968823.4111586763,1.968823
2026-06-28T19:22:17,dl,ue7,1594375,1962709.0292525173,1.962709
2026-06-28T19:22:17,dl,ue8,1594387,2017738.1755377746,2.017738
2026-06-28T19:22:27,dl,cu_cp1,1593300,445471.6954702857,0.445472
2026-06-28T19:22:27,dl,cu_up1,1593309,592671.0849669263,0.592671
2026-06-28T19:22:27,dl,cu_cp2,1593336,426103.37191567273,0.426103
2026-06-28T19:22:27,dl,cu_up2,1593364,615913.0804814387,0.615913
2026-06-28T19:22:27,dl,du1,1593525,4752989.659370225,4.752990
2026-06-28T19:22:27,dl,du2,1594288,4749115.806185906,4.749116
2026-06-28T19:22:27,dl,ue1,1593588,1956201.9113419629,1.956202
2026-06-28T19:22:27,dl,ue2,1593600,1948454.4949323963,1.948454
2026-06-28T19:22:27,dl,ue3,1593612,1952328.2031371796,1.952328
2026-06-28T19:22:27,dl,ue4,1593624,1987191.2870211578,1.987191
2026-06-28T19:22:27,dl,ue5,1594351,1901970.431413604,1.901970
2026-06-28T19:22:27,dl,ue6,1594363,1929086.0988880158,1.929086
2026-06-28T19:22:27,dl,ue7,1594375,1936833.5152975821,1.936834
2026-06-28T19:22:27,dl,ue8,1594387,1987191.2870211578,1.987191
2026-06-28T19:22:33,dl,cu_cp1,1593300,439095.42277136864,0.439095
2026-06-28T19:22:33,dl,cu_up1,1593309,598766.4921767301,0.598766
2026-06-28T19:22:33,dl,cu_cp2,1593336,420950.9880007708,0.420951
2026-06-28T19:22:33,dl,cu_up2,1593364,620539.8066640974,0.620540
2026-06-28T19:22:33,dl,du1,1593525,4670378.689639945,4.670379
2026-06-28T19:22:33,dl,du2,1594288,4684894.208507023,4.684894
2026-06-28T19:22:33,dl,ue1,1593588,1937826.1111649538,1.937826
2026-06-28T19:22:33,dl,ue2,1593600,1937826.1111649538,1.937826
2026-06-28T19:22:33,dl,ue3,1593612,1934197.1590746832,1.934197
2026-06-28T19:22:33,dl,ue4,1593624,1981372.667766187,1.981373
2026-06-28T19:22:33,dl,ue5,1594351,1912423.8807740666,1.912424
2026-06-28T19:22:33,dl,ue6,1594363,1912423.8807740666,1.912424
2026-06-28T19:22:33,dl,ue7,1594375,1894279.4098167182,1.894279
2026-06-28T19:22:33,dl,ue8,1594387,1959599.3894655704,1.959599
2026-06-28T19:22:38,dl,cu_cp1,1593300,431275.0230322927,0.431275
2026-06-28T19:22:38,dl,cu_up1,1593309,604522.2238663905,0.604522
2026-06-28T19:22:38,dl,cu_cp2,1593336,427588.8838694036,0.427589
2026-06-28T19:22:38,dl,cu_up2,1593364,622952.774835248,0.622953
2026-06-28T19:22:38,dl,du1,1593525,4688733.672871442,4.688734
2026-06-28T19:22:38,dl,du2,1594288,4685047.352651567,4.685047
2026-06-28T19:22:38,dl,ue1,1593588,1949953.0239753341,1.949953
2026-06-28T19:22:38,dl,ue2,1593600,1935208.3224781894,1.935208
2026-06-28T19:22:38,dl,ue3,1593612,1938894.4978524756,1.938894
2026-06-28T19:22:38,dl,ue4,1593624,2001558.465296223,2.001558
2026-06-28T19:22:38,dl,ue5,1594351,1898347.2929632687,1.898347
2026-06-28T19:22:38,dl,ue6,1594363,1913091.8496148253,1.913092
2026-06-28T19:22:38,dl,ue7,1594375,1920463.910672221,1.920464
2026-06-28T19:22:38,dl,ue8,1594387,1953639.0545040322,1.953639
2026-06-28T19:22:44,dl,cu_cp1,1593300,442703.1314782715,0.442703
2026-06-28T19:22:44,dl,cu_up1,1593309,595636.9385525513,0.595637
2026-06-28T19:22:44,dl,cu_cp2,1593336,410506.55198913574,0.410507
2026-06-28T19:22:44,dl,cu_up2,1593364,639907.2444335937,0.639907
2026-06-28T19:22:44,dl,du1,1593525,4660456.42524414,4.660456
2026-06-28T19:22:44,dl,du2,1594288,4793267.379221192,4.793267
2026-06-28T19:22:44,dl,ue1,1593588,1943869.2587524415,1.943869
2026-06-28T19:22:44,dl,ue2,1593600,1935820.132047119,1.935820
2026-06-28T19:22:44,dl,ue3,1593612,1968016.493532715,1.968016
2026-06-28T19:22:44,dl,ue4,1593624,2016311.5444360352,2.016312
2026-06-28T19:22:44,dl,ue5,1594351,1899598.8438696289,1.899599
2026-06-28T19:22:44,dl,ue6,1594363,1943869.2587524415,1.943869
2026-06-28T19:22:44,dl,ue7,1594375,1935820.132047119,1.935820
2026-06-28T19:22:44,dl,ue8,1594387,1984114.8922790526,1.984115
2026-06-28T19:22:49,dl,cu_cp1,1593300,440203.75135219155,0.440204
2026-06-28T19:22:49,dl,cu_up1,1593309,601746.408070494,0.601746
2026-06-28T19:22:49,dl,cu_cp2,1593336,428088.0421180886,0.428088
2026-06-28T19:22:49,dl,cu_up2,1593364,625977.8265386999,0.625978
2026-06-28T19:22:49,dl,du1,1593525,4721083.845907359,4.721084
2026-06-28T19:22:49,dl,du2,1594288,4789739.70092876,4.789740
2026-06-28T19:22:49,dl,ue1,1593588,1962743.4442548202,1.962743
2026-06-28T19:22:49,dl,ue2,1593600,1938511.8806196284,1.938512
2026-06-28T19:22:49,dl,ue3,1593612,1966781.6994710518,1.966782
2026-06-28T19:22:49,dl,ue4,1593624,2023321.7726748562,2.023322
2026-06-28T19:22:49,dl,ue5,1594351,1914280.4621514224,1.914280
2026-06-28T19:22:49,dl,ue6,1594363,1922357.6984188152,1.922358
2026-06-28T19:22:49,dl,ue7,1594375,1942550.4261698318,1.942550
2026-06-28T19:22:49,dl,ue8,1594387,1978897.4812886477,1.978897
2026-06-28T19:22:55,dl,cu_cp1,1593300,442486.2776489428,0.442486
2026-06-28T19:22:55,dl,cu_up1,1593309,579254.780642131,0.579255
2026-06-28T19:22:55,dl,cu_cp2,1593336,406282.88564800797,0.406283
2026-06-28T19:22:55,dl,cu_up2,1593364,603390.3753094209,0.603390
2026-06-28T19:22:55,dl,du1,1593525,4722535.304482069,4.722535
2026-06-28T19:22:55,dl,du2,1594288,4758739.096118641,4.758739
2026-06-28T19:22:55,dl,ue1,1593588,1954984.8392540514,1.954985
2026-06-28T19:22:55,dl,ue2,1593600,1963030.0132561398,1.963030
2026-06-28T19:22:55,dl,ue3,1593612,1963030.0132561398,1.963030
2026-06-28T19:22:55,dl,ue4,1593624,2031414.2102569651,2.031414
2026-06-28T19:22:55,dl,ue5,1594351,1902690.9902574026,1.902691
2026-06-28T19:22:55,dl,ue6,1594363,1910736.3095815408,1.910736
2026-06-28T19:22:55,dl,ue7,1594375,1938894.491249875,1.938894
2026-06-28T19:22:55,dl,ue8,1594387,1959007.4989161205,1.959007
2026-06-28T19:23:00,dl,cu_cp1,1593300,441911.3866615629,0.441911
2026-06-28T19:23:00,dl,cu_up1,1593309,587863.7323770773,0.587864
2026-06-28T19:23:00,dl,cu_cp2,1593336,425694.42689374567,0.425694
2026-06-28T19:23:00,dl,cu_up2,1593364,636514.4655831087,0.636514
2026-06-28T19:23:00,dl,du1,1593525,4775885.812728245,4.775886
2026-06-28T19:23:00,dl,du2,1594288,4921838.596736021,4.921839
2026-06-28T19:23:00,dl,ue1,1593588,1966302.8289853965,1.966303
2026-06-28T19:23:00,dl,ue2,1593600,1970357.0324029957,1.970357
2026-06-28T19:23:00,dl,ue3,1593612,1958194.4221501981,1.958194
2026-06-28T19:23:00,dl,ue4,1593624,2055496.0346596814,2.055496
2026-06-28T19:23:00,dl,ue5,1594351,1941977.3162849606,1.941977
2026-06-28T19:23:00,dl,ue6,1594363,1982519.7887532138,1.982520
2026-06-28T19:23:00,dl,ue7,1594375,1966302.8289853965,1.966303
2026-06-28T19:23:00,dl,ue8,1594387,2035224.7253768444,2.035225
2026-06-28T19:23:06,dl,cu_cp1,1593300,456283.5822902763,0.456284
2026-06-28T19:23:06,dl,cu_up1,1593309,605453.1884889436,0.605453
2026-06-28T19:23:06,dl,cu_cp2,1593336,421184.8535509676,0.421185
2026-06-28T19:23:06,dl,cu_up2,1593364,631777.2622132408,0.631777
2026-06-28T19:23:06,dl,du1,1593525,4703230.44804863,4.703230
2026-06-28T19:23:06,dl,du2,1594288,4685681.2104714485,4.685681
2026-06-28T19:23:06,dl,ue1,1593588,1939205.0979412007,1.939205
2026-06-28T19:23:06,dl,ue2,1593600,1912881.0966697454,1.912881
2026-06-28T19:23:06,dl,ue3,1593612,1895331.7141868805,1.895332
2026-06-28T19:23:06,dl,ue4,1593624,1991853.3902954792,1.991853
2026-06-28T19:23:06,dl,ue5,1594351,1912881.0966697454,1.912881
2026-06-28T19:23:06,dl,ue6,1594363,1947979.8616354752,1.947980
2026-06-28T19:23:06,dl,ue7,1594375,1939205.0979412007,1.939205
2026-06-28T19:23:06,dl,ue8,1594387,2062050.6304155707,2.062051
2026-06-28T19:23:11,dl,cu_cp1,1593300,444433.3695659441,0.444433
2026-06-28T19:23:11,dl,cu_up1,1593309,602135.5657341242,0.602136
2026-06-28T19:23:11,dl,cu_cp2,1593336,422928.5279325825,0.422929
2026-06-28T19:23:11,dl,cu_up2,1593364,623640.4073674858,0.623640
2026-06-28T19:23:11,dl,du1,1593525,4652214.0249701645,4.652214
2026-06-28T19:23:11,dl,du2,1594288,4659382.257134228,4.659382
2026-06-28T19:23:11,dl,ue1,1593588,1935435.747002542,1.935436
2026-06-28T19:23:11,dl,ue2,1593600,1906762.3829227746,1.906762
2026-06-28T19:23:11,dl,ue3,1593612,1942603.9791666055,1.942604
2026-06-28T19:23:11,dl,ue4,1593624,1985613.5172921575,1.985614
2026-06-28T19:23:11,dl,ue5,1594351,1906762.3829227746,1.906762
2026-06-28T19:23:11,dl,ue6,1594363,1913930.7602280092,1.913931
2026-06-28T19:23:11,dl,ue7,1594375,1921099.137533244,1.921099
2026-06-28T19:23:11,dl,ue8,1594387,1928267.3696973072,1.928267
2026-06-28T19:23:17,dl,cu_cp1,1593300,435516.1888033819,0.435516
2026-06-28T19:23:17,dl,cu_up1,1593309,610932.4315158552,0.610932
2026-06-28T19:23:17,dl,cu_cp2,1593336,417369.68093657435,0.417370
2026-06-28T19:23:17,dl,cu_up2,1593364,629078.9393826628,0.629079
2026-06-28T19:23:17,dl,du1,1593525,4633408.197502041,4.633408
2026-06-28T19:23:17,dl,du2,1594288,4663652.7385037895,4.663653
2026-06-28T19:23:17,dl,ue1,1593588,1911432.1619703984,1.911432
2026-06-28T19:23:17,dl,ue2,1593600,1893285.5818588436,1.893286
2026-06-28T19:23:17,dl,ue3,1593612,1905383.2537700487,1.905383
2026-06-28T19:23:17,dl,ue4,1593624,1965871.7578155685,1.965872
2026-06-28T19:23:17,dl,ue5,1594351,1881187.9099476384,1.881188
2026-06-28T19:23:17,dl,ue6,1594363,1893285.5818588436,1.893286
2026-06-28T19:23:17,dl,ue7,1594375,1875139.1462367834,1.875139
2026-06-28T19:23:17,dl,ue8,1594387,1965871.7578155685,1.965872
2026-06-28T19:23:22,dl,cu_cp1,1593300,439847.8687188718,0.439848
2026-06-28T19:23:22,dl,cu_up1,1593309,628873.3874078781,0.628873
2026-06-28T19:23:22,dl,cu_cp2,1593336,418037.2138443509,0.418037
2026-06-28T19:23:22,dl,cu_up2,1593364,628873.3874078781,0.628873
2026-06-28T19:23:22,dl,du1,1593525,4652935.555009062,4.652936
2026-06-28T19:23:22,dl,du2,1594288,4671111.257628005,4.671111
2026-06-28T19:23:22,dl,ue1,1593588,1933876.5690499544,1.933877
2026-06-28T19:23:22,dl,ue2,1593600,1915701.011252712,1.915701
2026-06-28T19:23:22,dl,ue3,1593612,1933876.5690499544,1.933877
2026-06-28T19:23:22,dl,ue4,1593624,1988403.0976199817,1.988403
2026-06-28T19:23:22,dl,ue5,1594351,1901160.4781218981,1.901160
2026-06-28T19:23:22,dl,ue6,1594363,1930241.2547401262,1.930241
2026-06-28T19:23:22,dl,ue7,1594375,1908430.6722764552,1.908431
2026-06-28T19:23:22,dl,ue8,1594387,1944781.9326926398,1.944782
2026-06-28T19:23:28,dl,cu_cp1,1593300,437575.8712941599,0.437576
2026-06-28T19:23:28,dl,cu_up1,1593309,616252.6953824902,0.616253
2026-06-28T19:23:28,dl,cu_cp2,1593336,422990.04882388114,0.422990
2026-06-28T19:23:28,dl,cu_up2,1593364,608959.8022865296,0.608960
2026-06-28T19:23:28,dl,du1,1593525,4722173.275422821,4.722173
2026-06-28T19:23:28,dl,du2,1594288,4693001.412812118,4.693001
2026-06-28T19:23:28,dl,ue1,1593588,1918041.114734459,1.918041
2026-06-28T19:23:28,dl,ue2,1593600,1914394.704464836,1.914395
2026-06-28T19:23:28,dl,ue3,1593612,1939919.8665790558,1.939920
2026-06-28T19:23:28,dl,ue4,1593624,1990970.3359209253,1.990970
2026-06-28T19:23:28,dl,ue5,1594351,1877929.876201458,1.877930
2026-06-28T19:23:28,dl,ue6,1594363,1918041.114734459,1.918041
2026-06-28T19:23:28,dl,ue7,1594375,1925333.9352737046,1.925334
2026-06-28T19:23:28,dl,ue8,1594387,1983677.5153816796,1.983678
2026-06-28T19:23:33,dl,cu_cp1,1593300,442499.1727916473,0.442499
2026-06-28T19:23:33,dl,cu_up1,1593309,603407.9562926543,0.603408
2026-06-28T19:23:33,dl,cu_cp2,1593336,424214.0688960871,0.424214
2026-06-28T19:23:33,dl,cu_up2,1593364,610721.9687886733,0.610722
2026-06-28T19:23:33,dl,du1,1593525,4710239.159782879,4.710239
2026-06-28T19:23:33,dl,du2,1594288,4812635.770660222,4.812636
2026-06-28T19:23:33,dl,ue1,1593588,1952847.6574666786,1.952848
2026-06-28T19:23:33,dl,ue2,1593600,1905306.3946037733,1.905306
2026-06-28T19:23:33,dl,ue3,1593612,1927248.504747343,1.927249
2026-06-28T19:23:33,dl,ue4,1593624,2000388.7750185586,2.000389
2026-06-28T19:23:33,dl,ue5,1594351,1930905.4020120834,1.930905
2026-06-28T19:23:33,dl,ue6,1594363,1912620.479755305,1.912620
2026-06-28T19:23:33,dl,ue7,1594375,1963818.6398829508,1.963819
2026-06-28T19:23:33,dl,ue8,1594387,1971132.7250344825,1.971133
2026-06-28T19:23:39,dl,cu_cp1,1593300,442905.287832813,0.442905
2026-06-28T19:23:39,dl,cu_up1,1593309,587927.3687324763,0.587927
2026-06-28T19:23:39,dl,cu_cp2,1593336,415468.66616101266,0.415469
2026-06-28T19:23:39,dl,cu_up2,1593364,599685.936433211,0.599686
2026-06-28T19:23:39,dl,du1,1593525,4613269.858227682,4.613270
2026-06-28T19:23:39,dl,du2,1594288,4773970.501250541,4.773971
2026-06-28T19:23:39,dl,ue1,1593588,1932321.3587951423,1.932321
2026-06-28T19:23:39,dl,ue2,1593600,1889206.6831522763,1.889207
2026-06-28T19:23:39,dl,ue3,1593612,1920562.718501246,1.920563
2026-06-28T19:23:39,dl,ue4,1593624,1979355.4844117581,1.979355
2026-06-28T19:23:39,dl,ue5,1594351,1920562.718501246,1.920563
2026-06-28T19:23:39,dl,ue6,1594363,1920562.718501246,1.920563
2026-06-28T19:23:39,dl,ue7,1594375,1951918.8990365386,1.951919
2026-06-28T19:23:39,dl,ue8,1594387,1971516.439277935,1.971516
2026-06-28T19:23:44,dl,cu_cp1,1593300,444822.6886895379,0.444823
2026-06-28T19:23:44,dl,cu_up1,1593309,606576.4135270384,0.606576
2026-06-28T19:23:44,dl,cu_cp2,1593336,428647.30892397615,0.428647
2026-06-28T19:23:44,dl,cu_up2,1593364,634883.3281167715,0.634883
2026-06-28T19:23:44,dl,du1,1593525,4719164.2431051275,4.719164
2026-06-28T19:23:44,dl,du2,1594288,4816216.81297097,4.816217
2026-06-28T19:23:44,dl,ue1,1593588,1945088.1424917483,1.945088
2026-06-28T19:23:44,dl,ue2,1593600,1896562.1488312983,1.896562
2026-06-28T19:23:44,dl,ue3,1593612,1941044.55241377,1.941045
2026-06-28T19:23:44,dl,ue4,1593624,2005745.9258397818,2.005746
2026-06-28T19:23:44,dl,ue5,1594351,1961263.6678935457,1.961264
2026-06-28T19:23:44,dl,ue6,1594363,1941044.55241377,1.941045
2026-06-28T19:23:44,dl,ue7,1594375,2013833.542904445,2.013834
2026-06-28T19:23:44,dl,ue8,1594387,2005745.9258397818,2.005746
2026-06-28T19:23:50,dl,cu_cp1,1593300,430665.1108393526,0.430665
2026-06-28T19:23:50,dl,cu_up1,1593309,607761.0114146528,0.607761
2026-06-28T19:23:50,dl,cu_cp2,1593336,418590.37963802187,0.418590
2026-06-28T19:23:50,dl,cu_up2,1593364,607761.0114146528,0.607761
2026-06-28T19:23:50,dl,du1,1593525,4693041.926980538,4.693042
2026-06-28T19:23:50,dl,du2,1594288,4737315.929305093,4.737316
2026-06-28T19:23:50,dl,ue1,1593588,1940005.3875355243,1.940005
2026-06-28T19:23:50,dl,ue2,1593600,1923905.6976124526,1.923906
2026-06-28T19:23:50,dl,ue3,1593612,1907806.1526532734,1.907806
2026-06-28T19:23:50,dl,ue4,1593624,1988304.1673769546,1.988304
2026-06-28T19:23:50,dl,ue5,1594351,1907806.1526532734,1.907806
2026-06-28T19:23:50,dl,ue6,1594363,1915855.9976148093,1.915856
2026-06-28T19:23:50,dl,ue7,1594375,1923905.6976124526,1.923906
2026-06-28T19:23:50,dl,ue8,1594387,1956104.9324947034,1.956105
2026-06-28T19:23:55,dl,cu_cp1,1593300,443395.0134416127,0.443395
2026-06-28T19:23:55,dl,cu_up1,1593309,604629.5770170022,0.604630
2026-06-28T19:23:55,dl,cu_cp2,1593336,415178.96845499036,0.415179
2026-06-28T19:23:55,dl,cu_up2,1593364,628814.696050036,0.628815
2026-06-28T19:23:55,dl,du1,1593525,4667740.055090618,4.667740
2026-06-28T19:23:55,dl,du2,1594288,4788666.086944285,4.788666
2026-06-28T19:23:55,dl,ue1,1593588,1946907.2496397733,1.946907
2026-06-28T19:23:55,dl,ue2,1593600,1954968.8104212857,1.954969
2026-06-28T19:23:55,dl,ue3,1593612,1938845.5432954289,1.938846
2026-06-28T19:23:55,dl,ue4,1593624,1999308.4136594296,1.999308
2026-06-28T19:23:55,dl,ue5,1594351,1926752.9109974958,1.926753
2026-06-28T19:23:55,dl,ue6,1594363,1950937.8844676972,1.950938
2026-06-28T19:23:55,dl,ue7,1594375,1934814.6173418402,1.934815
2026-06-28T19:23:55,dl,ue8,1594387,1975123.1490635634,1.975123
2026-06-28T19:24:00,dl,cu_cp1,1593300,432644.4803721365,0.432644
2026-06-28T19:24:00,dl,cu_up1,1593309,592534.8389357105,0.592535
2026-06-28T19:24:00,dl,cu_cp2,1593336,423239.1758683342,0.423239
2026-06-28T19:24:00,dl,cu_up2,1593364,620750.7524471176,0.620751
2026-06-28T19:24:00,dl,du1,1593525,4693251.934168165,4.693252
2026-06-28T19:24:00,dl,du2,1594288,4730873.588980815,4.730874
2026-06-28T19:24:00,dl,ue1,1593588,1956305.37517895,1.956305
2026-06-28T19:24:00,dl,ue2,1593600,1937494.8389709187,1.937495
2026-06-28T19:24:00,dl,ue3,1593612,1918684.1571637404,1.918684
2026-06-28T19:24:00,dl,ue4,1593624,2003332.152496469,2.003332
2026-06-28T19:24:00,dl,ue5,1594351,1918684.1571637404,1.918684
2026-06-28T19:24:00,dl,ue6,1594363,1975116.2025852753,1.975116
2026-06-28T19:24:00,dl,ue7,1594375,1909278.8890597248,1.909279
2026-06-28T19:24:00,dl,ue8,1594387,2012737.4206004846,2.012737
2026-06-28T19:24:06,dl,cu_cp1,1593300,438791.04397276195,0.438791
2026-06-28T19:24:06,dl,cu_up1,1593309,552271.4644376487,0.552271
2026-06-28T19:24:06,dl,cu_cp2,1593336,408529.58639519213,0.408530
2026-06-28T19:24:06,dl,cu_up2,1593364,605228.9697473958,0.605229
2026-06-28T19:24:06,dl,du1,1593525,4675393.832204533,4.675394
2026-06-28T19:24:06,dl,du2,1594288,4728351.73748308,4.728352
2026-06-28T19:24:06,dl,ue1,1593588,1959428.678202244,1.959429
2026-06-28T19:24:06,dl,ue2,1593600,1951863.4501608515,1.951863
2026-06-28T19:24:06,dl,ue3,1593612,2004821.0645529986,2.004821
2026-06-28T19:24:06,dl,ue4,1593624,2004821.0645529986,2.004821
2026-06-28T19:24:06,dl,ue5,1594351,1861079.113788942,1.861079
2026-06-28T19:24:06,dl,ue6,1594363,1914036.5827378894,1.914037
2026-06-28T19:24:06,dl,ue7,1594375,1914036.5827378894,1.914037
2026-06-28T19:24:06,dl,ue8,1594387,1974559.5706146287,1.974560
2026-06-28T19:24:11,dl,cu_cp1,1593300,433397.09229196905,0.433397
2026-06-28T19:24:11,dl,cu_up1,1593309,579987.3136710941,0.579987
2026-06-28T19:24:11,dl,cu_cp2,1593336,420650.0943419278,0.420650
2026-06-28T19:24:11,dl,cu_up2,1593364,630975.1961656809,0.630975
2026-06-28T19:24:11,dl,du1,1593525,4710006.524436474,4.710007
2026-06-28T19:24:11,dl,du2,1594288,4754620.980826425,4.754621
2026-06-28T19:24:11,dl,ue1,1593588,1956660.5053768635,1.956661
2026-06-28T19:24:11,dl,ue2,1593600,1988527.8909463882,1.988528
2026-06-28T19:24:11,dl,ue3,1593612,1956660.5053768635,1.956661
2026-06-28T19:24:11,dl,ue4,1593624,2020395.276515913,2.020395
2026-06-28T19:24:11,dl,ue5,1594351,1886552.0530868291,1.886552
2026-06-28T19:24:11,dl,ue6,1594363,1963033.8950463056,1.963034
2026-06-28T19:24:11,dl,ue7,1594375,1943913.4345564365,1.943913
2026-06-28T19:24:11,dl,ue8,1594387,1975780.8201259612,1.975781
2026-06-28T19:24:17,dl,cu_cp1,1593300,443258.0984714061,0.443258
2026-06-28T19:24:17,dl,cu_up1,1593309,582463.1196259155,0.582463
2026-06-28T19:24:17,dl,cu_cp2,1593336,417615.06346352847,0.417615
2026-06-28T19:24:17,dl,cu_up2,1593364,630085.8468640357,0.630086
2026-06-28T19:24:17,dl,du1,1593525,4710991.245684421,4.710991
2026-06-28T19:24:17,dl,du2,1594288,4780593.482934999,4.780593
2026-06-28T19:24:17,dl,ue1,1593588,1985503.2866168022,1.985503
2026-06-28T19:24:17,dl,ue2,1593600,1956196.981718403,1.956197
2026-06-28T19:24:17,dl,ue3,1593612,1952533.5296100974,1.952534
2026-06-28T19:24:17,dl,ue4,1593624,2066095.4428696155,2.066095
2026-06-28T19:24:17,dl,ue5,1594351,1886594.3071451425,1.886594
2026-06-28T19:24:17,dl,ue6,1594363,1923227.2247116982,1.923227
2026-06-28T19:24:17,dl,ue7,1594375,1941543.7563820898,1.941544
2026-06-28T19:24:17,dl,ue8,1594387,1981839.980282724,1.981840
2026-06-28T19:24:23,dl,cu_cp1,1593300,438789.5600557953,0.438790
2026-06-28T19:24:23,dl,cu_up1,1593309,592365.915183146,0.592366
2026-06-28T19:24:23,dl,cu_cp2,1593336,420506.6632381076,0.420507
2026-06-28T19:24:23,dl,cu_up2,1593364,636244.9258356595,0.636245
2026-06-28T19:24:23,dl,du1,1593525,4753553.755499444,4.753554
2026-06-28T19:24:23,dl,du2,1594288,4775492.969375386,4.775493
2026-06-28T19:24:23,dl,ue1,1593588,1963583.3950974632,1.963583
2026-06-28T19:24:23,dl,ue2,1593600,1948957.1067883444,1.948957
2026-06-28T19:24:23,dl,ue3,1593612,1912391.3131529689,1.912391
2026-06-28T19:24:23,dl,ue4,1593624,2007462.4057499766,2.007462
2026-06-28T19:24:23,dl,ue5,1594351,1919704.3844449497,1.919704
2026-06-28T19:24:23,dl,ue6,1594363,1919704.3844449497,1.919704
2026-06-28T19:24:23,dl,ue7,1594375,1948957.1067883444,1.948957
2026-06-28T19:24:23,dl,ue8,1594387,1989179.290344553,1.989179
2026-06-28T19:24:28,dl,cu_cp1,1593300,438162.01577124593,0.438162
2026-06-28T19:24:28,dl,cu_up1,1593309,598821.4288329199,0.598821
2026-06-28T19:24:28,dl,cu_cp2,1593336,427207.9508191973,0.427208
2026-06-28T19:24:28,dl,cu_up2,1593364,638986.2729997337,0.638986
2026-06-28T19:24:28,dl,du1,1593525,4648168.804653239,4.648169
2026-06-28T19:24:28,dl,du2,1594288,4743104.082763553,4.743104
2026-06-28T19:24:28,dl,ue1,1593588,1960775.0788073957,1.960775
2026-06-28T19:24:28,dl,ue2,1593600,1916958.818999201,1.916959
2026-06-28T19:24:28,dl,ue3,1593612,1913307.2941745638,1.913307
2026-06-28T19:24:28,dl,ue4,1593624,2015545.1852011264,2.015545
2026-06-28T19:24:28,dl,ue5,1594351,1913307.2941745638,1.913307
2026-06-28T19:24:28,dl,ue6,1594363,1931564.1904093742,1.931564
2026-06-28T19:24:28,dl,ue7,1594375,1924261.4319154501,1.924261
2026-06-28T19:24:28,dl,ue8,1594387,1979031.829464531,1.979032
2026-06-28T19:24:34,dl,cu_cp1,1593300,443529.4704472262,0.443529
2026-06-28T19:24:34,dl,cu_up1,1593309,588823.5659669607,0.588824
2026-06-28T19:24:34,dl,cu_cp2,1593336,412941.24363661645,0.412941
2026-06-28T19:24:34,dl,cu_up2,1593364,619411.7927775704,0.619412
2026-06-28T19:24:34,dl,du1,1593525,4660882.740930469,4.660883
2026-06-28T19:24:34,dl,du2,1594288,4706765.408194478,4.706765
2026-06-28T19:24:34,dl,ue1,1593588,1965294.4992179393,1.965294
2026-06-28T19:24:34,dl,ue2,1593600,1927059.0885193073,1.927059
2026-06-28T19:24:34,dl,ue3,1593612,1934706.1997299755,1.934706
2026-06-28T19:24:34,dl,ue4,1593624,2018823.8416284907,2.018824
2026-06-28T19:24:34,dl,ue5,1594351,1900294.3446366775,1.900294
2026-06-28T19:24:34,dl,ue6,1594363,1927059.0885193073,1.927059
2026-06-28T19:24:34,dl,ue7,1594375,1927059.0885193073,1.927059
2026-06-28T19:24:34,dl,ue8,1594387,1976765.0206792331,1.976765
2026-06-28T19:24:39,dl,cu_cp1,1593300,438341.5700522006,0.438342
2026-06-28T19:24:39,dl,cu_up1,1593309,608807.7443069649,0.608808
2026-06-28T19:24:39,dl,cu_cp2,1593336,430224.1105535856,0.430224
2026-06-28T19:24:39,dl,cu_up2,1593364,625042.5901940179,0.625043
2026-06-28T19:24:39,dl,du1,1593525,4724348.049031534,4.724348
2026-06-28T19:24:39,dl,du2,1594288,4825815.908935793,4.825816
2026-06-28T19:24:39,dl,ue1,1593588,1980654.561288606,1.980655
2026-06-28T19:24:39,dl,ue2,1593600,1927891.092825153,1.927891
2026-06-28T19:24:39,dl,ue3,1593612,1923832.4544635667,1.923832
2026-06-28T19:24:39,dl,ue4,1593624,2013124.1068423581,2.013124
2026-06-28T19:24:39,dl,ue5,1594351,1931949.877407093,1.931950
2026-06-28T19:24:39,dl,ue6,1594363,1944125.938712206,1.944126
2026-06-28T19:24:39,dl,ue7,1594375,1940067.1541302658,1.940067
2026-06-28T19:24:39,dl,ue8,1594387,2053711.5140006982,2.053712
2026-06-28T19:24:44,dl,cu_cp1,1593300,442269.98259907245,0.442270
2026-06-28T19:24:44,dl,cu_up1,1593309,600513.3400727081,0.600513
2026-06-28T19:24:44,dl,cu_cp2,1593336,430097.4306727457,0.430097
2026-06-28T19:24:44,dl,cu_up2,1593364,632973.5028670978,0.632974
2026-06-28T19:24:44,dl,du1,1593525,4775704.342662087,4.775704
2026-06-28T19:24:44,dl,du2,1594288,4759473.786943283,4.759474
2026-06-28T19:24:44,dl,ue1,1593588,1976013.6050340652,1.976014
2026-06-28T19:24:44,dl,ue2,1593600,1955725.7752483368,1.955726
2026-06-28T19:24:44,dl,ue3,1593612,1996301.142929573,1.996301
2026-06-28T19:24:44,dl,ue4,1593624,1996301.142929573,1.996301
2026-06-28T19:24:44,dl,ue5,1594351,1939495.8033099747,1.939496
2026-06-28T19:24:44,dl,ue6,1594363,1935438.237352829,1.935438
2026-06-28T19:24:44,dl,ue7,1594375,1955725.7752483368,1.955726
2026-06-28T19:24:44,dl,ue8,1594387,2040933.7846777344,2.040934
2026-06-28T19:24:50,dl,cu_cp1,1593300,435705.36683531106,0.435705
2026-06-28T19:24:50,dl,cu_up1,1593309,589009.0948706889,0.589009
2026-06-28T19:24:50,dl,cu_cp2,1593336,423602.4581998998,0.423602
2026-06-28T19:24:50,dl,cu_up2,1593364,621283.5178984522,0.621284
2026-06-28T19:24:50,dl,du1,1593525,4776621.605021038,4.776622
2026-06-28T19:24:50,dl,du2,1594288,4671729.730180807,4.671730
2026-06-28T19:24:50,dl,ue1,1593588,1972777.0229520607,1.972777
2026-06-28T19:24:50,dl,ue2,1593600,1952605.3627907073,1.952605
2026-06-28T19:24:50,dl,ue3,1593612,1940502.454155296,1.940502
2026-06-28T19:24:50,dl,ue4,1593624,2073634.5949138212,2.073635
2026-06-28T19:24:50,dl,ue5,1594351,1900159.5711395931,1.900160
2026-06-28T19:24:50,dl,ue6,1594363,1900159.5711395931,1.900160
2026-06-28T19:24:50,dl,ue7,1594375,1896125.1224921215,1.896125
2026-06-28T19:24:50,dl,ue8,1594387,1992948.5373444129,1.992949
2026-06-28T19:24:55,dl,cu_cp1,1593300,439314.39880502404,0.439314
2026-06-28T19:24:55,dl,cu_up1,1593309,584409.0849870062,0.584409
2026-06-28T19:24:55,dl,cu_cp2,1593336,427223.1598019534,0.427223
2026-06-28T19:24:55,dl,cu_up2,1593364,620682.729254272,0.620683
2026-06-28T19:24:55,dl,du1,1593525,4715576.664422393,4.715577
2026-06-28T19:24:55,dl,du2,1594288,4788123.952956924,4.788124
2026-06-28T19:24:55,dl,ue1,1593588,1922504.4555201149,1.922504
2026-06-28T19:24:55,dl,ue2,1593600,1946686.7880423642,1.946687
2026-06-28T19:24:55,dl,ue3,1593612,1954747.4685605192,1.954747
2026-06-28T19:24:55,dl,ue4,1593624,1986990.7725687074,1.986991
2026-06-28T19:24:55,dl,ue5,1594351,1922504.4555201149,1.922504
2026-06-28T19:24:55,dl,ue6,1594363,1914443.484034176,1.914443
2026-06-28T19:24:55,dl,ue7,1594375,1922504.4555201149,1.922504
2026-06-28T19:24:55,dl,ue8,1594387,1934595.4762973476,1.934595
2026-06-28T19:25:01,dl,cu_cp1,1593300,440833.9898581919,0.440834
2026-06-28T19:25:01,dl,cu_up1,1593309,627340.7213257313,0.627341
2026-06-28T19:25:01,dl,cu_cp2,1593336,423878.8490168014,0.423879
2026-06-28T19:25:01,dl,cu_up2,1593364,618863.1144625873,0.618863
2026-06-28T19:25:01,dl,du1,1593525,4755920.322272873,4.755920
2026-06-28T19:25:01,dl,du2,1594288,4755920.322272873,4.755920
2026-06-28T19:25:01,dl,ue1,1593588,1958320.115551207,1.958320
2026-06-28T19:25:01,dl,ue2,1593600,1975275.4750472903,1.975275
2026-06-28T19:25:01,dl,ue3,1593612,1992230.5430037833,1.992231
2026-06-28T19:25:01,dl,ue4,1593624,2000708.222751825,2.000708
2026-06-28T19:25:01,dl,ue5,1594351,1907454.7659119333,1.907455
2026-06-28T19:25:01,dl,ue6,1594363,1949842.7273427558,1.949843
2026-06-28T19:25:01,dl,ue7,1594375,1898977.2319336866,1.898977
2026-06-28T19:25:01,dl,ue8,1594387,2000708.222751825,2.000708
2026-06-28T19:25:06,dl,cu_cp1,1593300,449164.5809976077,0.449165
2026-06-28T19:25:06,dl,cu_up1,1593309,615009.973728826,0.615010
2026-06-28T19:25:06,dl,cu_cp2,1593336,428433.9069062054,0.428434
2026-06-28T19:25:06,dl,cu_up2,1593364,628830.3988069856,0.628830
2026-06-28T19:25:06,dl,du1,1593525,4774964.852345815,4.774965
2026-06-28T19:25:06,dl,du2,1594288,4781875.393152361,4.781875
2026-06-28T19:25:06,dl,ue1,1593588,1907221.870512359,1.907222
2026-06-28T19:25:06,dl,ue2,1593600,1955593.4677084065,1.955593
2026-06-28T19:25:06,dl,ue3,1593612,1976324.2147481346,1.976324
2026-06-28T19:25:06,dl,ue4,1593624,1983234.3178647256,1.983234
2026-06-28T19:25:06,dl,ue5,1594351,1921042.3685388446,1.921042
2026-06-28T19:25:06,dl,ue6,1594363,1921042.3685388446,1.921042
2026-06-28T19:25:06,dl,ue7,1594375,1927952.6175520874,1.927953
2026-06-28T19:25:06,dl,ue8,1594387,1976324.2147481346,1.976324
2026-06-28T19:25:12,dl,cu_cp1,1593300,452566.1090727907,0.452566
2026-06-28T19:25:12,dl,cu_up1,1593309,605380.6209307221,0.605381
2026-06-28T19:25:12,dl,cu_cp2,1593336,429056.1841715705,0.429056
2026-06-28T19:25:12,dl,cu_up2,1593364,640645.5812482882,0.640646
2026-06-28T19:25:12,dl,du1,1593525,4696108.0280203195,4.696108
2026-06-28T19:25:12,dl,du2,1594288,4890064.671316746,4.890065
2026-06-28T19:25:12,dl,ue1,1593588,1957201.3757166194,1.957201
2026-06-28T19:25:12,dl,ue2,1593600,1957201.3757166194,1.957201
2026-06-28T19:25:12,dl,ue3,1593612,1927813.9878315283,1.927814
2026-06-28T19:25:12,dl,ue4,1593624,1986588.7636017108,1.986589
2026-06-28T19:25:12,dl,ue5,1594351,1921936.597813393,1.921937
2026-06-28T19:25:12,dl,ue6,1594363,1939569.059730742,1.939569
2026-06-28T19:25:12,dl,ue7,1594375,1986588.7636017108,1.986589
2026-06-28T19:25:12,dl,ue8,1594387,1992466.2995513177,1.992466
2026-06-28T19:25:17,dl,cu_cp1,1593300,442576.321530084,0.442576
2026-06-28T19:25:17,dl,cu_up1,1593309,559621.3069665742,0.559621
2026-06-28T19:25:17,dl,cu_cp2,1593336,416972.73780853895,0.416973
2026-06-28T19:25:17,dl,cu_up2,1593364,632774.4137407977,0.632774
2026-06-28T19:25:17,dl,du1,1593525,4674484.201667447,4.674484
2026-06-28T19:25:17,dl,du2,1594288,4839078.600673621,4.839079
2026-06-28T19:25:17,dl,ue1,1593588,1975134.101870023,1.975134
2026-06-28T19:25:17,dl,ue2,1593600,1956845.9164122962,1.956846
2026-06-28T19:25:17,dl,ue3,1593612,1945872.9467467295,1.945873
2026-06-28T19:25:17,dl,ue4,1593624,1997080.0412011563,1.997080
2026-06-28T19:25:17,dl,ue5,1594351,1938557.4389999164,1.938557
2026-06-28T19:25:17,dl,ue6,1594363,1931242.2232077562,1.931242
2026-06-28T19:25:17,dl,ue7,1594375,1975134.101870023,1.975134
2026-06-28T19:25:17,dl,ue8,1594387,1982449.4636395096,1.982449
2026-06-28T19:25:23,dl,cu_cp1,1593300,450556.33085489273,0.450556
2026-06-28T19:25:23,dl,cu_up1,1593309,589752.5885539055,0.589753
2026-06-28T19:25:23,dl,cu_cp2,1593336,413925.7232837677,0.413926
2026-06-28T19:25:23,dl,cu_up2,1593364,633709.2957515717,0.633709
2026-06-28T19:25:23,dl,du1,1593525,4710694.754722595,4.710695
2026-06-28T19:25:23,dl,du2,1594288,4769303.551734924,4.769304
2026-06-28T19:25:23,dl,ue1,1593588,1967063.0757293701,1.967063
2026-06-28T19:25:23,dl,ue2,1593600,1952410.8764762878,1.952411
2026-06-28T19:25:23,dl,ue3,1593612,1926769.4548244476,1.926769
2026-06-28T19:25:23,dl,ue4,1593624,2025671.8727416992,2.025672
2026-06-28T19:25:23,dl,ue5,1594351,1930432.431678772,1.930432
2026-06-28T19:25:23,dl,ue6,1594363,1937758.6772232056,1.937759
2026-06-28T19:25:23,dl,ue7,1594375,1959736.8301849365,1.959737
2026-06-28T19:25:23,dl,ue8,1594387,1996367.4742355347,1.996367
2026-06-28T19:25:28,dl,cu_cp1,1593300,440277.18450594664,0.440277
2026-06-28T19:25:28,dl,cu_up1,1593309,601712.15947193,0.601712
2026-06-28T19:25:28,dl,cu_cp2,1593336,421932.3018181989,0.421932
2026-06-28T19:25:28,dl,cu_up2,1593364,627394.9806071711,0.627395
2026-06-28T19:25:28,dl,du1,1593525,4743986.787386225,4.743987
2026-06-28T19:25:28,dl,du2,1594288,4740317.598748391,4.740318
2026-06-28T19:25:28,dl,ue1,1593588,1962902.4110199977,1.962902
2026-06-28T19:25:28,dl,ue2,1593600,1951895.5764867866,1.951896
2026-06-28T19:25:28,dl,ue3,1593612,1922543.6764207555,1.922544
2026-06-28T19:25:28,dl,ue4,1593624,1970240.495743549,1.970240
2026-06-28T19:25:28,dl,ue5,1594351,1937219.553315742,1.937220
2026-06-28T19:25:28,dl,ue6,1594363,1915205.737973262,1.915206
2026-06-28T19:25:28,dl,ue7,1594375,1922543.6764207555,1.922544
2026-06-28T19:25:28,dl,ue8,1594387,1977578.2879149842,1.977578
2026-06-28T19:25:34,dl,cu_cp1,1593300,442586.07475683687,0.442586
2026-06-28T19:25:34,dl,cu_up1,1593309,588761.3105423748,0.588761
2026-06-28T19:25:34,dl,cu_cp2,1593336,426344.38595112565,0.426344
2026-06-28T19:25:34,dl,cu_up2,1593364,641546.8174280047,0.641547
2026-06-28T19:25:34,dl,du1,1593525,4770996.397217846,4.770996
2026-06-28T19:25:34,dl,du2,1594288,4775056.947288752,4.775057
2026-06-28T19:25:34,dl,ue1,1593588,1977425.9226355075,1.977426
2026-06-28T19:25:34,dl,ue2,1593600,1953063.3528928042,1.953063
2026-06-28T19:25:34,dl,ue3,1593612,1953063.3528928042,1.953063
2026-06-28T19:25:34,dl,ue4,1593624,2030211.319918728,2.030211
2026-06-28T19:25:34,dl,ue5,1594351,1944942.545024085,1.944943
2026-06-28T19:25:34,dl,ue6,1594363,1928700.7831501006,1.928701
2026-06-28T19:25:34,dl,ue7,1594375,1932761.0409479141,1.932761
2026-06-28T19:25:34,dl,ue8,1594387,2005848.7501760244,2.005849
2026-06-28T19:25:39,dl,cu_cp1,1593300,418279.0037109339,0.418279
2026-06-28T19:25:39,dl,cu_up1,1593309,488643.70784570934,0.488644
2026-06-28T19:25:39,dl,cu_cp2,1593336,402642.4382260993,0.402642
2026-06-28T19:25:39,dl,cu_up2,1593364,519916.87424938293,0.519917
2026-06-28T19:25:39,dl,du1,1593525,4194517.558666477,4.194518
2026-06-28T19:25:39,dl,du2,1594288,4159334.9939950635,4.159335
2026-06-28T19:25:39,dl,ue1,1593588,1606660.5318066787,1.606661
2026-06-28T19:25:39,dl,ue2,1593600,1512840.9262936448,1.512841
2026-06-28T19:25:39,dl,ue3,1593612,1591023.9308878398,1.591024
2026-06-28T19:25:39,dl,ue4,1593624,1594933.010249541,1.594933
2026-06-28T19:25:39,dl,ue5,1594351,1634024.6542826558,1.634025
2026-06-28T19:25:39,dl,ue6,1594363,1684843.5364008737,1.684844
2026-06-28T19:25:39,dl,ue7,1594375,1520659.2267530644,1.520659
2026-06-28T19:25:39,dl,ue8,1594387,1587114.7097901213,1.587115
2026-06-28T19:25:45,dl,cu_cp1,1593300,354239.4666496289,0.354239
2026-06-28T19:25:45,dl,cu_up1,1593309,350800.2274859387,0.350800
2026-06-28T19:25:45,dl,cu_cp2,1593336,350800.2274859387,0.350800
2026-06-28T19:25:45,dl,cu_up2,1593364,361117.91401685984,0.361118
2026-06-28T19:25:45,dl,du1,1593525,3167520.012545714,3.167520
2026-06-28T19:25:45,dl,du2,1594288,3157202.3569749426,3.157202
2026-06-28T19:25:45,dl,ue1,1593588,883879.0780023766,0.883879
2026-06-28T19:25:45,dl,ue2,1593600,890757.432489159,0.890757
2026-06-28T19:25:45,dl,ue3,1593612,887318.2552457679,0.887318
2026-06-28T19:25:45,dl,ue4,1593624,859804.5896174419,0.859805
2026-06-28T19:25:45,dl,ue5,1594351,897635.9108165395,0.897636
2026-06-28T19:25:45,dl,ue6,1594363,901075.1499802298,0.901075
2026-06-28T19:25:45,dl,ue7,1594375,877000.5996749961,0.877001
2026-06-28T19:25:45,dl,ue8,1594387,863243.7668608332,0.863244
2026-06-28T19:25:50,dl,cu_cp1,1593300,347186.1083814448,0.347186
2026-06-28T19:25:50,dl,cu_up1,1593309,357498.5805198979,0.357499
2026-06-28T19:25:50,dl,cu_cp2,1593336,350623.61971304176,0.350624
2026-06-28T19:25:50,dl,cu_up2,1593364,367811.0526583511,0.367811
2026-06-28T19:25:50,dl,du1,1593525,3145300.0124944164,3.145300
2026-06-28T19:25:50,dl,du2,1594288,3107487.7280567074,3.107488
2026-06-28T19:25:50,dl,ue1,1593588,897183.931703173,0.897184
2026-06-28T19:25:50,dl,ue2,1593600,924683.8367869353,0.924684
2026-06-28T19:25:50,dl,ue3,1593612,910933.915173223,0.910934
2026-06-28T19:25:50,dl,ue4,1593624,869684.0884757483,0.869684
2026-06-28T19:25:50,dl,ue5,1594351,897183.931703173,0.897184
2026-06-28T19:25:50,dl,ue6,1594363,886871.5523492264,0.886872
2026-06-28T19:25:50,dl,ue7,1594375,866246.6080723202,0.866247
2026-06-28T19:25:50,dl,ue8,1594387,886871.5523492264,0.886872
2026-06-28T19:25:55,dl,cu_cp1,1593300,355032.440480749,0.355032
2026-06-28T19:25:55,dl,cu_up1,1593309,347142.8197463679,0.347143
2026-06-28T19:25:55,dl,cu_cp2,1593336,339253.2297973868,0.339253
2026-06-28T19:25:55,dl,cu_up2,1593364,370811.6511641112,0.370812
2026-06-28T19:25:55,dl,du1,1593525,3092727.141062987,3.092727
2026-06-28T19:25:55,dl,du2,1594288,3179512.907570379,3.179513
2026-06-28T19:25:55,dl,ue1,1593588,867857.0493659198,0.867857
2026-06-28T19:25:55,dl,ue2,1593600,875746.6701003009,0.875747
2026-06-28T19:25:55,dl,ue3,1593612,891525.973139863,0.891526
2026-06-28T19:25:55,dl,ue4,1593624,875746.6701003009,0.875747
2026-06-28T19:25:55,dl,ue5,1594351,859967.4286315388,0.859967
2026-06-28T19:25:55,dl,ue6,1594363,828409.0688356144,0.828409
2026-06-28T19:25:55,dl,ue7,1594375,867857.0493659198,0.867857
2026-06-28T19:25:55,dl,ue8,1594387,891525.973139863,0.891526
2026-06-28T19:26:01,ul,cu_cp1,1593300,357533.1940667841,0.357533
2026-06-28T19:26:01,ul,cu_up1,1593309,344532.0138675562,0.344532
2026-06-28T19:26:01,ul,cu_cp2,1593336,351032.5731926694,0.351033
2026-06-28T19:26:01,ul,cu_up2,1593364,357533.1940667841,0.357533
2026-06-28T19:26:01,ul,du1,1593525,3074785.4874390434,3.074785
2026-06-28T19:26:01,ul,du2,1594288,3146292.1324073006,3.146292
2026-06-28T19:26:01,ul,ue1,1593588,871080.9198183113,0.871081
2026-06-28T19:26:01,ul,ue2,1593600,916585.142839111,0.916585
2026-06-28T19:26:01,ul,ue3,1593612,871080.9198183113,0.871081
2026-06-28T19:26:01,ul,ue4,1593624,864580.2373951954,0.864580
2026-06-28T19:26:01,ul,ue5,1594351,877581.5406924259,0.877582
2026-06-28T19:26:01,ul,ue6,1594363,897083.3417657685,0.897083
2026-06-28T19:26:01,ul,ue7,1594375,871080.9198183113,0.871081
2026-06-28T19:26:01,ul,ue8,1594387,864580.2373951954,0.864580
2026-06-28T19:26:06,ul,cu_cp1,1593300,397385.4770843893,0.397385
2026-06-28T19:26:06,ul,cu_up1,1593309,415448.4870357782,0.415448
2026-06-28T19:26:06,ul,cu_cp2,1593336,391364.4850073531,0.391364
2026-06-28T19:26:06,ul,cu_up2,1593364,445553.4474209592,0.445553
2026-06-28T19:26:06,ul,du1,1593525,4088253.5191467404,4.088254
2026-06-28T19:26:06,ul,du2,1594288,4256841.432184875,4.256841
2026-06-28T19:26:06,ul,ue1,1593588,1523310.9617698789,1.523311
2026-06-28T19:26:06,ul,ue2,1593600,1511269.0450563668,1.511269
2026-06-28T19:26:06,ul,ue3,1593612,1463101.1084400774,1.463101
2026-06-28T19:26:06,ul,ue4,1593624,1481163.9835103452,1.481164
2026-06-28T19:26:06,ul,ue5,1594351,1457080.0152022005,1.457080
2026-06-28T19:26:06,ul,ue6,1594363,1493206.0351049781,1.493206
2026-06-28T19:26:06,ul,ue7,1594375,1475143.0251535892,1.475143
2026-06-28T19:26:06,ul,ue8,1594387,1445038.0984886885,1.445038
2026-06-28T19:26:12,ul,cu_cp1,1593300,400927.34270606877,0.400927
2026-06-28T19:26:12,ul,cu_up1,1593309,417915.7877215639,0.417916
2026-06-28T19:26:12,ul,cu_cp2,1593336,387336.5665234807,0.387337
2026-06-28T19:26:12,ul,cu_up2,1593364,441699.6376368463,0.441700
2026-06-28T19:26:12,ul,du1,1593525,4104408.692253871,4.104409
2026-06-28T19:26:12,ul,du2,1594288,4124795.1086551524,4.124795
2026-06-28T19:26:12,ul,ue1,1593588,1474597.148366128,1.474597
2026-06-28T19:26:12,ul,ue2,1593600,1477994.8844330085,1.477995
2026-06-28T19:26:12,ul,ue3,1593612,1450813.3993018055,1.450813
2026-06-28T19:26:12,ul,ue4,1593624,1501778.633497331,1.501779
2026-06-28T19:26:12,ul,ue5,1594351,1450813.3993018055,1.450813
2026-06-28T19:26:12,ul,ue6,1594363,1454211.0009007393,1.454211
2026-06-28T19:26:12,ul,ue7,1594375,1457608.7369676197,1.457609
2026-06-28T19:26:12,ul,ue8,1594387,1454211.0009007393,1.454211
2026-06-28T19:26:17,ul,cu_cp1,1593300,401251.216753735,0.401251
2026-06-28T19:26:17,ul,cu_up1,1593309,408052.09962838533,0.408052
2026-06-28T19:26:17,ul,cu_cp2,1593336,387649.4845756125,0.387649
2026-06-28T19:26:17,ul,cu_up2,1593364,442056.4804304588,0.442056
2026-06-28T19:26:17,ul,du1,1593525,4043116.3922571135,4.043116
2026-06-28T19:26:17,ul,du2,1594288,4128126.9414081573,4.128127
2026-06-28T19:26:17,ul,ue1,1593588,1492790.6520805813,1.492791
2026-06-28T19:26:17,ul,ue2,1593600,1468987.6123760724,1.468988
2026-06-28T19:26:17,ul,ue3,1593612,1438383.7233680915,1.438384
2026-06-28T19:26:17,ul,ue4,1593624,1465587.1205819799,1.465587
2026-06-28T19:26:17,ul,ue5,1594351,1424781.8904764343,1.424782
2026-06-28T19:26:17,ul,ue6,1594363,1451985.4219750357,1.451985
2026-06-28T19:26:17,ul,ue7,1594375,1448584.930180943,1.448585
2026-06-28T19:26:17,ul,ue8,1594387,1462186.628787887,1.462187
2026-06-28T19:26:23,ul,cu_cp1,1593300,396223.3687094682,0.396223
2026-06-28T19:26:23,ul,cu_up1,1593309,419929.03148525563,0.419929
2026-06-28T19:26:23,ul,cu_cp2,1593336,386063.77029774874,0.386064
2026-06-28T19:26:23,ul,cu_up2,1593364,443634.7276868221,0.443635
2026-06-28T19:26:23,ul,du1,1593525,4016417.810847838,4.016418
2026-06-28T19:26:23,ul,du2,1594288,4067215.9031837727,4.067216
2026-06-28T19:26:23,ul,ue1,1593588,1469751.5600597262,1.469752
2026-06-28T19:26:23,ul,ue2,1593600,1446045.8638581599,1.446046
2026-06-28T19:26:23,ul,ue3,1593612,1456205.5625472164,1.456206
2026-06-28T19:26:23,ul,ue4,1593624,1493457.2562612926,1.493457
2026-06-28T19:26:23,ul,ue5,1594351,1422340.1676565933,1.422340
2026-06-28T19:26:23,ul,ue6,1594363,1462978.5613034712,1.462979
2026-06-28T19:26:23,ul,ue7,1594375,1439272.8651019048,1.439273
2026-06-28T19:26:23,ul,ue8,1594387,1483297.6912753521,1.483298
2026-06-28T19:26:28,ul,cu_cp1,1593300,398307.5119196892,0.398308
2026-06-28T19:26:28,ul,cu_up1,1593309,401711.8487732506,0.401712
2026-06-28T19:26:28,ul,cu_cp2,1593336,377881.4907983208,0.377881
2026-06-28T19:26:28,ul,cu_up2,1593364,439159.5875134277,0.439160
2026-06-28T19:26:28,ul,du1,1593525,3918392.919085236,3.918393
2026-06-28T19:26:28,ul,du2,1594288,4017118.5544345095,4.017119
2026-06-28T19:26:28,ul,ue1,1593588,1467269.584096985,1.467270
2026-06-28T19:26:28,ul,ue2,1593600,1487695.6052183532,1.487696
2026-06-28T19:26:28,ul,ue3,1593612,1392374.173318634,1.392374
2026-06-28T19:26:28,ul,ue4,1593624,1446843.5629756164,1.446844
2026-06-28T19:26:28,ul,ue5,1594351,1429821.8787078094,1.429822
2026-06-28T19:26:28,ul,ue6,1594363,1453652.2366827393,1.453652
2026-06-28T19:26:28,ul,ue7,1594375,1433226.2155613708,1.433226
2026-06-28T19:26:28,ul,ue8,1594387,1453652.2366827393,1.453652
2026-06-28T19:26:34,ul,cu_cp1,1593300,395756.69460769685,0.395757
2026-06-28T19:26:34,ul,cu_up1,1593309,406852.68980214716,0.406853
2026-06-28T19:26:34,ul,cu_cp2,1593336,377263.369283613,0.377263
2026-06-28T19:26:34,ul,cu_up2,1593364,443839.2736892152,0.443839
2026-06-28T19:26:34,ul,du1,1593525,3916881.730505633,3.916882
2026-06-28T19:26:34,ul,du2,1594288,4046334.707349272,4.046335
2026-06-28T19:26:34,ul,ue1,1593588,1405491.122363981,1.405491
2026-06-28T19:26:34,ul,ue2,1593600,1453573.53454275,1.453574
2026-06-28T19:26:34,ul,ue3,1593612,1431381.610914949,1.431382
2026-06-28T19:26:34,ul,ue4,1593624,1442477.706251049,1.442478
2026-06-28T19:26:34,ul,ue5,1594351,1412888.2522103155,1.412888
2026-06-28T19:26:34,ul,ue6,1594363,1464669.62987885,1.464670
2026-06-28T19:26:34,ul,ue7,1594375,1427683.0459917819,1.427683
2026-06-28T19:26:34,ul,ue8,1594387,1460970.9314334833,1.460971
2026-06-28T19:26:39,ul,cu_cp1,1593300,396892.26822360576,0.396892
2026-06-28T19:26:39,ul,cu_up1,1593309,400601.5498815596,0.400602
2026-06-28T19:26:39,ul,cu_cp2,1593336,370927.36347773316,0.370927
2026-06-28T19:26:39,ul,cu_up2,1593364,433984.9845134377,0.433985
2026-06-28T19:26:39,ul,du1,1593525,3909574.376288209,3.909574
2026-06-28T19:26:39,ul,du2,1594288,4102456.621342983,4.102457
2026-06-28T19:26:39,ul,ue1,1593588,1450325.95241925,1.450326
2026-06-28T19:26:39,ul,ue2,1593600,1450325.95241925,1.450326
2026-06-28T19:26:39,ul,ue3,1593612,1435488.8257874346,1.435489
2026-06-28T19:26:39,ul,ue4,1593624,1450325.95241925,1.450326
2026-06-28T19:26:39,ul,ue5,1594351,1450325.95241925,1.450326
2026-06-28T19:26:39,ul,ue6,1594363,1442907.4559631466,1.442907
2026-06-28T19:26:39,ul,ue7,1594375,1428070.3293313312,1.428070
2026-06-28T19:26:39,ul,ue8,1594387,1439198.0740154863,1.439198
2026-06-28T19:26:45,ul,cu_cp1,1593300,394819.36983341095,0.394819
2026-06-28T19:26:45,ul,cu_up1,1593309,402268.812771965,0.402269
2026-06-28T19:26:45,ul,cu_cp2,1593336,372471.1415550172,0.372471
2026-06-28T19:26:45,ul,cu_up2,1593364,435791.1887019783,0.435791
2026-06-28T19:26:45,ul,du1,1593525,3940744.5570073603,3.940745
2026-06-28T19:26:45,ul,du2,1594288,4115805.9466208266,4.115806
2026-06-28T19:26:45,ul,ue1,1593588,1478710.318031181,1.478710
2026-06-28T19:26:45,ul,ue2,1593600,1493609.1368834437,1.493609
2026-06-28T19:26:45,ul,ue3,1593612,1456362.0897527873,1.456362
2026-06-28T19:26:45,ul,ue4,1593624,1474985.6133181155,1.474986
2026-06-28T19:26:45,ul,ue5,1594351,1426564.3179985713,1.426564
2026-06-28T19:26:45,ul,ue6,1594363,1456362.0897527873,1.456362
2026-06-28T19:26:45,ul,ue7,1594375,1456362.0897527873,1.456362
2026-06-28T19:26:45,ul,ue8,1594387,1497333.8415965093,1.497334
2026-06-28T19:26:50,ul,cu_cp1,1593300,406833.98902043584,0.406834
2026-06-28T19:26:50,ul,cu_up1,1593309,410566.4241837257,0.410566
2026-06-28T19:26:50,ul,cu_cp2,1593336,384439.4451931691,0.384439
2026-06-28T19:26:50,ul,cu_up2,1593364,436693.36959804595,0.436693
2026-06-28T19:26:50,ul,du1,1593525,3948902.502198863,3.948903
2026-06-28T19:26:50,ul,du2,1594288,4146720.5249899006,4.146721
2026-06-28T19:26:50,ul,ue1,1593588,1481771.4212045097,1.481771
2026-06-28T19:26:50,ul,ue2,1593600,1466841.8148562955,1.466842
2026-06-28T19:26:50,ul,ue3,1593612,1433249.9991153956,1.433250
2026-06-28T19:26:50,ul,ue4,1593624,1474306.6180304026,1.474307
2026-06-28T19:26:50,ul,ue5,1594351,1436982.4678549217,1.436982
2026-06-28T19:26:50,ul,ue6,1594363,1474306.6180304026,1.474307
2026-06-28T19:26:50,ul,ue7,1594375,1470574.1492908765,1.470574
2026-06-28T19:26:50,ul,ue8,1594387,1474306.6180304026,1.474307
2026-06-28T19:26:55,ul,cu_cp1,1593300,400219.10085234046,0.400219
2026-06-28T19:26:55,ul,cu_up1,1593309,408734.38443790376,0.408734
2026-06-28T19:26:55,ul,cu_cp2,1593336,374673.2165160477,0.374673
2026-06-28T19:26:55,ul,cu_up2,1593364,434280.30235379934,0.434280
2026-06-28T19:26:55,ul,du1,1593525,3942584.12416327,3.942584
2026-06-28T19:26:55,ul,du2,1594288,4146951.198853612,4.146951
2026-06-28T19:26:55,ul,ue1,1593588,1396509.1944006085,1.396509
2026-06-28T19:26:55,ul,ue2,1593600,1430570.463061273,1.430570
2026-06-28T19:26:55,ul,ue3,1593612,1430570.463061273,1.430570
2026-06-28T19:26:55,ul,ue4,1593624,1439085.7130672336,1.439086
2026-06-28T19:26:55,ul,ue5,1594351,1439085.7130672336,1.439086
2026-06-28T19:26:55,ul,ue6,1594363,1439085.7130672336,1.439086
2026-06-28T19:26:55,ul,ue7,1594375,1439085.7130672336,1.439086
2026-06-28T19:26:55,ul,ue8,1594387,1464631.5974035263,1.464632
2026-06-28T19:27:01,ul,cu_cp1,1593300,399943.85394852073,0.399944
2026-06-28T19:27:01,ul,cu_up1,1593309,406839.44517522544,0.406839
2026-06-28T19:27:01,ul,cu_cp2,1593336,379257.08026840654,0.379257
2026-06-28T19:27:01,ul,cu_up2,1593364,434421.7764512479,0.434422
2026-06-28T19:27:01,ul,du1,1593525,3937378.4874912356,3.937378
2026-06-28T19:27:01,ul,du2,1594288,4123558.8452579286,4.123559
2026-06-28T19:27:01,ul,ue1,1593588,1475654.9082365835,1.475655
2026-06-28T19:27:01,ul,ue2,1593600,1434281.360876355,1.434281
2026-06-28T19:27:01,ul,ue3,1593612,1468759.3842714715,1.468759
2026-06-28T19:27:01,ul,ue4,1593624,1461863.725783174,1.461864
2026-06-28T19:27:01,ul,ue5,1594351,1468759.3842714715,1.468759
2026-06-28T19:27:01,ul,ue6,1594363,1482550.4322016954,1.482550
2026-06-28T19:27:01,ul,ue7,1594375,1448072.67785295,1.448073
2026-06-28T19:27:01,ul,ue8,1594387,1475654.9082365835,1.475655
2026-06-28T19:27:07,ul,cu_cp1,1593300,399077.11307778,0.399077
2026-06-28T19:27:07,ul,cu_up1,1593309,404860.8301306325,0.404861
2026-06-28T19:27:07,ul,cu_cp2,1593336,381725.9619192225,0.381726
2026-06-28T19:27:07,ul,cu_up2,1593364,433779.48238762736,0.433779
2026-06-28T19:27:07,ul,du1,1593525,3944501.5283404444,3.944502
2026-06-28T19:27:07,ul,du2,1594288,4106445.4718348505,4.106445
2026-06-28T19:27:07,ul,ue1,1593588,1451715.3585079766,1.451715
2026-06-28T19:27:07,ul,ue2,1593600,1422796.7397473478,1.422797
2026-06-28T19:27:07,ul,ue3,1593612,1492201.344381578,1.492201
2026-06-28T19:27:07,ul,ue4,1593624,1445931.6079587578,1.445932
2026-06-28T19:27:07,ul,ue5,1594351,1451715.3585079766,1.451715
2026-06-28T19:27:07,ul,ue6,1594363,1451715.3585079766,1.451715
2026-06-28T19:27:07,ul,ue7,1594375,1445931.6079587578,1.445932
2026-06-28T19:27:07,ul,ue8,1594387,1492201.344381578,1.492201
2026-06-28T19:27:12,ul,cu_cp1,1593300,393487.58187907934,0.393488
2026-06-28T19:27:12,ul,cu_up1,1593309,410303.2776519656,0.410303
2026-06-28T19:27:12,ul,cu_cp2,1593336,383398.16441534756,0.383398
2026-06-28T19:27:12,ul,cu_up2,1593364,437208.42431008816,0.437208
2026-06-28T19:27:12,ul,du1,1593525,3921423.195329475,3.921423
2026-06-28T19:27:12,ul,du2,1594288,4082854.1421212195,4.082854
2026-06-28T19:27:12,ul,ue1,1593588,1503324.405270195,1.503324
2026-06-28T19:27:12,ul,ue2,1593600,1510050.6835793494,1.510051
2026-06-28T19:27:12,ul,ue3,1593612,1439424.6276472092,1.439425
2026-06-28T19:27:12,ul,ue4,1593624,1459603.4625746727,1.459603
2026-06-28T19:27:12,ul,ue5,1594351,1442787.7668017864,1.442788
2026-06-28T19:27:12,ul,ue6,1594363,1436061.4884926318,1.436061
2026-06-28T19:27:12,ul,ue7,1594375,1452877.184265518,1.452877
2026-06-28T19:27:12,ul,ue8,1594387,1466329.7408838272,1.466330
2026-06-28T19:27:18,ul,cu_cp1,1593300,398099.61381872,0.398100
2026-06-28T19:27:18,ul,cu_up1,1593309,401473.35097477137,0.401473
2026-06-28T19:27:18,ul,cu_cp2,1593336,381230.9948967725,0.381231
2026-06-28T19:27:18,ul,cu_up2,1593364,438584.3594038725,0.438584
2026-06-28T19:27:18,ul,du1,1593525,3927016.945415163,3.927017
2026-06-28T19:27:18,ul,du2,1594288,4095702.8672014,4.095703
2026-06-28T19:27:18,ul,ue1,1593588,1467570.6485091448,1.467571
2026-06-28T19:27:18,ul,ue2,1593600,1454075.833601558,1.454076
2026-06-28T19:27:18,ul,ue3,1593612,1464196.978211403,1.464197
2026-06-28T19:27:18,ul,ue4,1593624,1450702.0295871974,1.450702
2026-06-28T19:27:18,ul,ue5,1594351,1420338.4620410441,1.420338
2026-06-28T19:27:18,ul,ue6,1594363,1443954.5552750945,1.443955
2026-06-28T19:27:18,ul,ue7,1594375,1457449.5038993,1.457450
2026-06-28T19:27:18,ul,ue8,1594387,1460823.307913661,1.460823
2026-06-28T19:27:23,ul,cu_cp1,1593300,399051.4719832763,0.399051
2026-06-28T19:27:23,ul,cu_up1,1593309,412578.64847447723,0.412579
2026-06-28T19:27:23,ul,cu_cp2,1593336,382142.50136927515,0.382143
2026-06-28T19:27:23,ul,cu_up2,1593364,439633.0014568791,0.439633
2026-06-28T19:27:23,ul,du1,1593525,3956696.845606804,3.956697
2026-06-28T19:27:23,ul,du2,1594288,4091968.3425106406,4.091968
2026-06-28T19:27:23,ul,ue1,1593588,1504897.6476236284,1.504898
2026-06-28T19:27:23,ul,ue2,1593600,1477843.2946412265,1.477843
2026-06-28T19:27:23,ul,ue3,1593612,1467697.8452707827,1.467698
2026-06-28T19:27:23,ul,ue4,1593624,1474461.4335163832,1.474461
2026-06-28T19:27:23,ul,ue5,1594351,1481225.0217619836,1.481225
2026-06-28T19:27:23,ul,ue6,1594363,1454170.6687795818,1.454171
2026-06-28T19:27:23,ul,ue7,1594375,1460934.2570251822,1.460934
2026-06-28T19:27:23,ul,ue8,1594387,1484606.7488827407,1.484607
2026-06-28T19:27:29,ul,cu_cp1,1593300,394720.15138929634,0.394720
2026-06-28T19:27:29,ul,cu_up1,1593309,415865.8827493459,0.415866
2026-06-28T19:27:29,ul,cu_cp2,1593336,391195.84609612526,0.391196
2026-06-28T19:27:29,ul,cu_up2,1593364,433487.30881622434,0.433487
2026-06-28T19:27:29,ul,du1,1593525,3940152.7694413187,3.940153
2026-06-28T19:27:29,ul,du2,1594288,4141036.932898021,4.141037
2026-06-28T19:27:29,ul,ue1,1593588,1518967.716770208,1.518968
2026-06-28T19:27:29,ul,ue2,1593600,1490773.4082901417,1.490773
2026-06-28T19:27:29,ul,ue3,1593612,1455530.556156385,1.455531
2026-06-28T19:27:29,ul,ue4,1593624,1462579.0998100757,1.462579
2026-06-28T19:27:29,ul,ue5,1594351,1487249.0025979937,1.487249
2026-06-28T19:27:29,ul,ue6,1594363,1455530.556156385,1.455531
2026-06-28T19:27:29,ul,ue7,1594375,1430860.5195031643,1.430861
2026-06-28T19:27:29,ul,ue8,1594387,1483724.864636451,1.483725
2026-06-28T19:27:34,ul,cu_cp1,1593300,393709.2904963088,0.393709
2026-06-28T19:27:34,ul,cu_up1,1593309,408566.2701060176,0.408566
2026-06-28T19:27:34,ul,cu_cp2,1593336,386280.8341495031,0.386281
2026-06-28T19:27:34,ul,cu_up2,1593364,427137.4611601049,0.427137
2026-06-28T19:27:34,ul,du1,1593525,3925950.304088001,3.925950
2026-06-28T19:27:34,ul,du2,1594288,4093091.1908650305,4.093091
2026-06-28T19:27:34,ul,ue1,1593588,1496838.2866986536,1.496838
2026-06-28T19:27:34,ul,ue2,1593600,1485695.5519913721,1.485696
2026-06-28T19:27:34,ul,ue3,1593612,1481981.3070889448,1.481981
2026-06-28T19:27:34,ul,ue4,1593624,1474552.8172840904,1.474553
2026-06-28T19:27:34,ul,ue5,1594351,1459695.8376743817,1.459696
2026-06-28T19:27:34,ul,ue6,1594363,1437410.3682598185,1.437410
2026-06-28T19:27:34,ul,ue7,1594375,1441124.6131622458,1.441125
2026-06-28T19:27:34,ul,ue8,1594387,1452267.3478695273,1.452267
2026-06-28T19:27:39,ul,cu_cp1,1593300,394461.1102797717,0.394461
2026-06-28T19:27:39,ul,cu_up1,1593309,409207.3371254668,0.409207
2026-06-28T19:27:39,ul,cu_cp2,1593336,383401.46511873155,0.383401
2026-06-28T19:27:39,ul,cu_up2,1593364,420266.9822865069,0.420267
2026-06-28T19:27:39,ul,du1,1593525,3915118.848892176,3.915119
2026-06-28T19:27:39,ul,du2,1594288,3951984.399357593,3.951984
2026-06-28T19:27:39,ul,ue1,1593588,1434068.820942074,1.434069
2026-06-28T19:27:39,ul,ue2,1593600,1411949.597215277,1.411950
2026-06-28T19:27:39,ul,ue3,1593612,1400889.9853518785,1.400890
2026-06-28T19:27:39,ul,ue4,1593624,1430382.3724479855,1.430382
2026-06-28T19:27:39,ul,ue5,1594351,1430382.3724479855,1.430382
2026-06-28T19:27:39,ul,ue6,1594363,1430382.3724479855,1.430382
2026-06-28T19:27:39,ul,ue7,1594375,1448815.1476806938,1.448815
2026-06-28T19:27:39,ul,ue8,1594387,1459874.7595440925,1.459875
2026-06-28T19:27:45,ul,cu_cp1,1593300,392740.4494113565,0.392740
2026-06-28T19:27:45,ul,cu_up1,1593309,403855.75146026013,0.403856
2026-06-28T19:27:45,ul,cu_cp2,1593336,389035.33757922647,0.389035
2026-06-28T19:27:45,ul,cu_up2,1593364,422381.2437259376,0.422381
2026-06-28T19:27:45,ul,du1,1593525,3945929.986379242,3.945930
2026-06-28T19:27:45,ul,du2,1594288,4042262.492644787,4.042262
2026-06-28T19:27:45,ul,ue1,1593588,1485744.5599812984,1.485745
2026-06-28T19:27:45,ul,ue2,1593600,1452398.620387101,1.452399
2026-06-28T19:27:45,ul,ue3,1593612,1430167.9493943215,1.430168
2026-06-28T19:27:45,ul,ue4,1593624,1489449.6049184562,1.489450
2026-06-28T19:27:45,ul,ue5,1594351,1474629.1575899362,1.474629
2026-06-28T19:27:45,ul,ue6,1594363,1441283.3517856835,1.441283
2026-06-28T19:27:45,ul,ue7,1594375,1441283.3517856835,1.441283
2026-06-28T19:27:45,ul,ue8,1594387,1470924.1126527786,1.470924
2026-06-28T19:27:50,ul,cu_cp1,1593300,396086.28010395466,0.396086
2026-06-28T19:27:50,ul,cu_up1,1593309,399788.0092062014,0.399788
2026-06-28T19:27:50,ul,cu_cp2,1593336,384981.0594771209,0.384981
2026-06-28T19:27:50,ul,cu_up2,1593364,425700.1795621157,0.425700
2026-06-28T19:27:50,ul,du1,1593525,3923845.376736705,3.923845
2026-06-28T19:27:50,ul,du2,1594288,4008985.4126491286,4.008985
2026-06-28T19:27:50,ul,ue1,1593588,1428871.9649999596,1.428872
2026-06-28T19:27:50,ul,ue2,1593600,1451082.4728938139,1.451082
2026-06-28T19:27:50,ul,ue3,1593612,1439977.1523066997,1.439977
2026-06-28T19:27:50,ul,ue4,1593624,1439977.1523066997,1.439977
2026-06-28T19:27:50,ul,ue5,1594351,1484398.0348140346,1.484398
2026-06-28T19:27:50,ul,ue6,1594363,1428871.9649999596,1.428872
2026-06-28T19:27:50,ul,ue7,1594375,1469591.1184050476,1.469591
2026-06-28T19:27:50,ul,ue8,1594387,1458485.9310983075,1.458486
2026-06-28T19:27:56,ul,cu_cp1,1593300,395749.0103988785,0.395749
2026-06-28T19:27:56,ul,cu_up1,1593309,411902.00409442006,0.411902
2026-06-28T19:27:56,ul,cu_cp2,1593336,387672.4803082022,0.387672
2026-06-28T19:27:56,ul,cu_up2,1593364,428055.03103286715,0.428055
2026-06-28T19:27:56,ul,du1,1593525,3925183.9836260797,3.925184
2026-06-28T19:27:56,ul,du2,1594288,4022101.9457993293,4.022102
2026-06-28T19:27:56,ul,ue1,1593588,1461848.3894215191,1.461848
2026-06-28T19:27:56,ul,ue2,1593600,1461848.3894215191,1.461848
2026-06-28T19:27:56,ul,ue3,1593612,1461848.3894215191,1.461848
2026-06-28T19:27:56,ul,ue4,1593624,1461848.3894215191,1.461848
2026-06-28T19:27:56,ul,ue5,1594351,1526460.3642036854,1.526460
2026-06-28T19:27:56,ul,ue6,1594363,1437618.8323923957,1.437619
2026-06-28T19:27:56,ul,ue7,1594375,1486077.8134790205,1.486078
2026-06-28T19:27:56,ul,ue8,1594387,1445695.2627543556,1.445695
2026-06-28T19:28:01,ul,cu_cp1,1593300,399561.1434050125,0.399561
2026-06-28T19:28:01,ul,cu_up1,1593309,399561.1434050125,0.399561
2026-06-28T19:28:01,ul,cu_cp2,1593336,386242.45088080165,0.386242
2026-06-28T19:28:01,ul,cu_up2,1593364,426198.5618787694,0.426199
2026-06-28T19:28:01,ul,du1,1593525,3895721.223405876,3.895721
2026-06-28T19:28:01,ul,du2,1594288,3995611.6346021364,3.995612
2026-06-28T19:28:01,ul,ue1,1593588,1445079.5260282874,1.445080
2026-06-28T19:28:01,ul,ue2,1593600,1451738.9224283958,1.451739
2026-06-28T19:28:01,ul,ue3,1593612,1471716.8442260385,1.471717
2026-06-28T19:28:01,ul,ue4,1593624,1471716.8442260385,1.471717
2026-06-28T19:28:01,ul,ue5,1594351,1471716.8442260385,1.471717
2026-06-28T19:28:01,ul,ue6,1594363,1451738.9224283958,1.451739
2026-06-28T19:28:01,ul,ue7,1594375,1431760.7332280707,1.431761
2026-06-28T19:28:01,ul,ue8,1594387,1485035.637026255,1.485036
2026-06-28T19:28:07,ul,cu_cp1,1593300,390112.75132816675,0.390113
2026-06-28T19:28:07,ul,cu_up1,1593309,401420.34898534656,0.401420
2026-06-28T19:28:07,ul,cu_cp2,1593336,384458.9524995768,0.384459
2026-06-28T19:28:07,ul,cu_up2,1593364,418381.8120137966,0.418382
2026-06-28T19:28:07,ul,du1,1593525,3884165.9837105367,3.884166
2026-06-28T19:28:07,ul,du2,1594288,4014203.689481506,4.014204
2026-06-28T19:28:07,ul,ue1,1593588,1475643.9563411379,1.475644
2026-06-28T19:28:07,ul,ue2,1593600,1430413.4326270581,1.430413
2026-06-28T19:28:07,ul,ue3,1593612,1413451.969598608,1.413452
2026-06-28T19:28:07,ul,ue4,1593624,1464336.2255985974,1.464336
2026-06-28T19:28:07,ul,ue5,1594351,1458682.3602273273,1.458682
2026-06-28T19:28:07,ul,ue6,1594363,1402144.3719414282,1.402144
2026-06-28T19:28:07,ul,ue7,1594375,1447374.8956555082,1.447375
2026-06-28T19:28:07,ul,ue8,1594387,1469990.0909698678,1.469990
2026-06-28T19:28:12,ul,cu_cp1,1593300,394281.4056538117,0.394281
2026-06-28T19:28:12,ul,cu_up1,1593309,404391.15279957175,0.404391
2026-06-28T19:28:12,ul,cu_cp2,1593336,387541.5297682464,0.387542
2026-06-28T19:28:12,ul,cu_up2,1593364,421240.809172191,0.421241
2026-06-28T19:28:12,ul,du1,1593525,3922594.428881421,3.922594
2026-06-28T19:28:12,ul,du2,1594288,3956293.6749440716,3.956294
2026-06-28T19:28:12,ul,ue1,1593588,1489507.5028332495,1.489508
2026-06-28T19:28:12,ul,ue2,1593600,1492877.3740934443,1.492877
2026-06-28T19:28:12,ul,ue3,1593612,1428848.8865935134,1.428849
2026-06-28T19:28:12,ul,ue4,1593624,1469287.8751765536,1.469288
2026-06-28T19:28:12,ul,ue5,1594351,1479397.7556874894,1.479398
2026-06-28T19:28:12,ul,ue6,1594363,1411999.2635621883,1.411999
2026-06-28T19:28:12,ul,ue7,1594375,1449068.3808850336,1.449068
2026-06-28T19:28:12,ul,ue8,1594387,1445698.3762596631,1.445698
2026-06-28T19:28:18,ul,cu_cp1,1593300,388797.8699125212,0.388798
2026-06-28T19:28:18,ul,cu_up1,1593309,405556.4016503003,0.405556
2026-06-28T19:28:18,ul,cu_cp2,1593336,388797.8699125212,0.388798
2026-06-28T19:28:18,ul,cu_up2,1593364,415611.4874909911,0.415611
2026-06-28T19:28:18,ul,du1,1593525,3928199.440911696,3.928199
2026-06-28T19:28:18,ul,du2,1594288,3998584.9753925777,3.998585
2026-06-28T19:28:18,ul,ue1,1593588,1494860.8317980338,1.494861
2026-06-28T19:28:18,ul,ue2,1593600,1474750.5273087453,1.474751
2026-06-28T19:28:18,ul,ue3,1593612,1424475.0317013382,1.424475
2026-06-28T19:28:18,ul,ue4,1593624,1457992.028772943,1.457992
2026-06-28T19:28:18,ul,ue5,1594351,1471398.8541631664,1.471399
2026-06-28T19:28:18,ul,ue6,1594363,1427826.5720390105,1.427827
2026-06-28T19:28:18,ul,ue7,1594375,1454640.355627364,1.454640
2026-06-28T19:28:18,ul,ue8,1594387,1444585.2033827198,1.444585
2026-06-28T19:28:23,ul,cu_cp1,1593300,394964.33707073925,0.394964
2026-06-28T19:28:23,ul,cu_up1,1593309,401715.8895825422,0.401716
2026-06-28T19:28:23,ul,cu_cp2,1593336,391588.57749876735,0.391589
2026-06-28T19:28:23,ul,cu_up2,1593364,425346.23995420453,0.425346
2026-06-28T19:28:23,ul,du1,1593525,3872001.034023476,3.872001
2026-06-28T19:28:23,ul,du2,1594288,3993528.378614464,3.993528
2026-06-28T19:28:23,ul,ue1,1593588,1444826.8319326448,1.444827
2026-06-28T19:28:23,ul,ue2,1593600,1424572.40797225,1.424572
2026-06-28T19:28:23,ul,ue3,1593612,1431323.7936447572,1.431324
2026-06-28T19:28:23,ul,ue4,1593624,1458330.003691969,1.458330
2026-06-28T19:28:23,ul,ue5,1594351,1471833.0419798566,1.471833
2026-06-28T19:28:23,ul,ue6,1594363,1444826.8319326448,1.444827
2026-06-28T19:28:23,ul,ue7,1594375,1424572.40797225,1.424572
2026-06-28T19:28:23,ul,ue8,1594387,1471833.0419798566,1.471833
2026-06-28T19:28:29,ul,cu_cp1,1593300,394650.5784976387,0.394651
2026-06-28T19:28:29,ul,cu_up1,1593309,405221.60239000083,0.405222
2026-06-28T19:28:29,ul,cu_cp2,1593336,387603.25151221274,0.387603
2026-06-28T19:28:29,ul,cu_up2,1593364,429887.24683899165,0.429887
2026-06-28T19:28:29,ul,du1,1593525,3872508.784800968,3.872509
2026-06-28T19:28:29,ul,du2,1594288,3995837.474845047,3.995837
2026-06-28T19:28:29,ul,ue1,1593588,1483463.3328588582,1.483463
2026-06-28T19:28:29,ul,ue2,1593600,1465844.9485668468,1.465845
2026-06-28T19:28:29,ul,ue3,1593612,1437655.7742820359,1.437656
2026-06-28T19:28:29,ul,ue4,1593624,1479939.7361945915,1.479940
2026-06-28T19:28:29,ul,ue5,1594351,1444703.1012674617,1.444703
2026-06-28T19:28:29,ul,ue6,1594363,1448226.6979317283,1.448227
2026-06-28T19:28:29,ul,ue7,1594375,1458797.7552383137,1.458798
2026-06-28T19:28:29,ul,ue8,1594387,1479939.7361945915,1.479940
2026-06-28T19:28:34,ul,cu_cp1,1593300,394176.44551787374,0.394176
2026-06-28T19:28:34,ul,cu_up1,1593309,405332.37446049036,0.405332
2026-06-28T19:28:34,ul,cu_cp2,1593336,394176.44551787374,0.394176
2026-06-28T19:28:34,ul,cu_up2,1593364,420206.96865670383,0.420207
2026-06-28T19:28:34,ul,du1,1593525,3919452.5304753305,3.919453
2026-06-28T19:28:34,ul,du2,1594288,4045886.4140977096,4.045886
2026-06-28T19:28:34,ul,ue1,1593588,1476302.3881788587,1.476302
2026-06-28T19:28:34,ul,ue2,1593600,1446553.1997864319,1.446553
2026-06-28T19:28:34,ul,ue3,1593612,1431678.5387720442,1.431679
2026-06-28T19:28:34,ul,ue4,1593624,1468865.1244898392,1.468865
2026-06-28T19:28:34,ul,ue5,1594351,1450271.8984491157,1.450272
2026-06-28T19:28:34,ul,ue6,1594363,1446553.1997864319,1.446553
2026-06-28T19:28:34,ul,ue7,1594375,1420522.5764203405,1.420523
2026-06-28T19:28:34,ul,ue8,1594387,1465146.4258271551,1.465146
2026-06-28T19:28:39,ul,cu_cp1,1593300,388994.4275151256,0.388994
2026-06-28T19:28:39,ul,cu_up1,1593309,403813.2891792208,0.403813
2026-06-28T19:28:39,ul,cu_cp2,1593336,385289.73708105506,0.385290
2026-06-28T19:28:39,ul,cu_up2,1593364,418632.11753404496,0.418632
2026-06-28T19:28:39,ul,du1,1593525,3893649.3986058496,3.893649
2026-06-28T19:28:39,ul,du2,1594288,4027018.9204178094,4.027019
2026-06-28T19:28:39,ul,ue1,1593588,1463360.0828067577,1.463360
2026-06-28T19:28:39,ul,ue2,1593600,1441131.8735837925,1.441132
2026-06-28T19:28:39,ul,ue3,1593612,1422608.3214856267,1.422608
2026-06-28T19:28:39,ul,ue4,1593624,1452245.8449581908,1.452246
2026-06-28T19:28:39,ul,ue5,1594351,1474474.1874182404,1.474474
2026-06-28T19:28:39,ul,ue6,1594363,1430017.6357352256,1.430018
2026-06-28T19:28:39,ul,ue7,1594375,1430017.6357352256,1.430018
2026-06-28T19:28:39,ul,ue8,1594387,1489292.9491545225,1.489293
2026-06-28T19:28:45,ul,cu_cp1,1593300,404824.6342253619,0.404825
2026-06-28T19:28:45,ul,cu_up1,1593309,412252.63398414373,0.412253
2026-06-28T19:28:45,ul,cu_cp2,1593336,386254.6849257499,0.386255
2026-06-28T19:28:45,ul,cu_up2,1593364,423394.583524974,0.423395
2026-06-28T19:28:45,ul,du1,1593525,3951682.6459735106,3.951683
2026-06-28T19:28:45,ul,du2,1594288,3970252.862458949,3.970253
2026-06-28T19:28:45,ul,ue1,1593588,1511592.8576822805,1.511593
2026-06-28T19:28:45,ul,ue2,1593600,1470738.9425045515,1.470739
2026-06-28T19:28:45,ul,ue3,1593612,1437313.0604838324,1.437313
2026-06-28T19:28:45,ul,ue4,1593624,1504164.8245252704,1.504165
2026-06-28T19:28:45,ul,ue5,1594351,1441027.0770623374,1.441027
2026-06-28T19:28:45,ul,ue6,1594363,1437313.0604838324,1.437313
2026-06-28T19:28:45,ul,ue7,1594375,1474452.9590830565,1.474453
2026-06-28T19:28:45,ul,ue8,1594387,1533876.8235603976,1.533877
2026-06-28T19:28:50,ul,cu_cp1,1593300,397370.22043287696,0.397370
2026-06-28T19:28:50,ul,cu_up1,1593309,404867.77367054165,0.404868
2026-06-28T19:28:50,ul,cu_cp2,1593336,389872.66719521227,0.389873
2026-06-28T19:28:50,ul,cu_up2,1593364,423611.62304358603,0.423612
2026-06-28T19:28:50,ul,du1,1593525,3984948.2644163277,3.984948
2026-06-28T19:28:50,ul,du2,1594288,4071170.194091706,4.071170
2026-06-28T19:28:50,ul,ue1,1593588,1492012.6896418666,1.492013
2026-06-28T19:28:50,ul,ue2,1593600,1480766.292343135,1.480766
2026-06-28T19:28:50,ul,ue3,1593612,1443278.5261548115,1.443279
2026-06-28T19:28:50,ul,ue4,1593624,1518254.0585314585,1.518254
2026-06-28T19:28:50,ul,ue5,1594351,1435781.1078016162,1.435781
2026-06-28T19:28:50,ul,ue6,1594363,1450776.2142769457,1.450776
2026-06-28T19:28:50,ul,ue7,1594375,1473268.7391054702,1.473269
2026-06-28T19:28:50,ul,ue8,1594387,1536998.0090678548,1.536998
2026-06-28T19:28:56,ul,cu_cp1,1593300,401705.5662500292,0.401706
2026-06-28T19:28:56,ul,cu_up1,1593309,401705.5662500292,0.401706
2026-06-28T19:28:56,ul,cu_cp2,1593336,393829.021965158,0.393829
2026-06-28T19:28:56,ul,cu_up2,1593364,433211.91077114345,0.433212
2026-06-28T19:28:56,ul,du1,1593525,3954043.375173974,3.954043
2026-06-28T19:28:56,ul,du2,1594288,4024932.307214141,4.024932
2026-06-28T19:28:56,ul,ue1,1593588,1528056.6212934493,1.528057
2026-06-28T19:28:56,ul,ue2,1593600,1472920.4430597662,1.472920
2026-06-28T19:28:56,ul,ue3,1593612,1433537.5542537807,1.433538
2026-06-28T19:28:56,ul,ue4,1593624,1472920.4430597662,1.472920
2026-06-28T19:28:56,ul,ue5,1594351,1457167.2875373722,1.457167
2026-06-28T19:28:56,ul,ue6,1594363,1433537.5542537807,1.433538
2026-06-28T19:28:56,ul,ue7,1594375,1441414.2659202814,1.441414
2026-06-28T19:28:56,ul,ue8,1594387,1520179.9096269489,1.520180
2026-06-28T19:29:01,ul,cu_cp1,1593300,401297.06428552093,0.401297
2026-06-28T19:29:01,ul,cu_up1,1593309,407769.60887637554,0.407770
2026-06-28T19:29:01,ul,cu_cp2,1593336,394824.51969466626,0.394825
2026-06-28T19:29:01,ul,cu_up2,1593364,420714.66470820544,0.420715
2026-06-28T19:29:01,ul,du1,1593525,3883520.08453691,3.883520
2026-06-28T19:29:01,ul,du2,1594288,4006498.1649641134,4.006498
2026-06-28T19:29:01,ul,ue1,1593588,1456319.8649519444,1.456320
2026-06-28T19:29:01,ul,ue2,1593600,1443374.9091697526,1.443375
2026-06-28T19:29:01,ul,ue3,1593612,1449847.4537606072,1.449847
2026-06-28T19:29:01,ul,ue4,1593624,1469264.9541336535,1.469265
2026-06-28T19:29:01,ul,ue5,1594351,1436902.364578898,1.436902
2026-06-28T19:29:01,ul,ue6,1594363,1436902.364578898,1.436902
2026-06-28T19:29:01,ul,ue7,1594375,1462792.5429423165,1.462793
2026-06-28T19:29:01,ul,ue8,1594387,1559880.4450061012,1.559880
2026-06-28T19:29:07,ul,cu_cp1,1593300,394661.2240710968,0.394661
2026-06-28T19:29:07,ul,cu_up1,1593309,411337.0565679711,0.411337
2026-06-28T19:29:07,ul,cu_cp2,1593336,394661.2240710968,0.394661
2026-06-28T19:29:07,ul,cu_up2,1593364,428012.85559832334,0.428013
2026-06-28T19:29:07,ul,du1,1593525,3913260.508784175,3.913261
2026-06-28T19:29:07,ul,du2,1594288,4091135.8769293833,4.091136
2026-06-28T19:29:07,ul,ue1,1593588,1550851.752878871,1.550852
2026-06-28T19:29:07,ul,ue2,1593600,1511941.5662968897,1.511942
2026-06-28T19:29:07,ul,ue3,1593612,1439679.71472116,1.439680
2026-06-28T19:29:07,ul,ue4,1593624,1578644.8962843872,1.578645
2026-06-28T19:29:07,ul,ue5,1594351,1461914.0688062669,1.461914
2026-06-28T19:29:07,ul,ue6,1594363,1445238.2363093924,1.445238
2026-06-28T19:29:07,ul,ue7,1594375,1439679.71472116,1.439680
2026-06-28T19:29:07,ul,ue8,1594387,1556410.5421992803,1.556411
2026-06-28T19:29:12,ul,cu_cp1,1593300,391258.55318977835,0.391259
2026-06-28T19:29:12,ul,cu_up1,1593309,408123.1635682583,0.408123
2026-06-28T19:29:12,ul,cu_cp2,1593336,391258.55318977835,0.391259
2026-06-28T19:29:12,ul,cu_up2,1593364,418241.9097498894,0.418242
2026-06-28T19:29:12,ul,du1,1593525,3905839.63429184,3.905840
2026-06-28T19:29:12,ul,du2,1594288,3996908.28310833,3.996908
2026-06-28T19:29:12,ul,ue1,1593588,1470592.4480941773,1.470592
2026-06-28T19:29:12,ul,ue2,1593600,1433490.4455797195,1.433490
2026-06-28T19:29:12,ul,ue3,1593612,1419998.6503678323,1.419999
2026-06-28T19:29:12,ul,ue4,1593624,1473965.430306244,1.473965
2026-06-28T19:29:12,ul,ue5,1594351,1419998.6503678323,1.419999
2026-06-28T19:29:12,ul,ue6,1594363,1433490.4455797195,1.433490
2026-06-28T19:29:12,ul,ue7,1594375,1467219.5995184898,1.467220
2026-06-28T19:29:12,ul,ue8,1594387,1521186.2458205223,1.521186
2026-06-28T19:29:18,ul,cu_cp1,1593300,395779.32951225934,0.395779
2026-06-28T19:29:18,ul,cu_up1,1593309,409310.2624568537,0.409310
2026-06-28T19:29:18,ul,cu_cp2,1593336,389013.87973513035,0.389014
2026-06-28T19:29:18,ul,cu_up2,1593364,422841.1620111117,0.422841
2026-06-28T19:29:18,ul,du1,1593525,3910434.979731009,3.910435
2026-06-28T19:29:18,ul,du2,1594288,3998385.927004695,3.998386
2026-06-28T19:29:18,ul,ue1,1593588,1485018.2461951626,1.485018
2026-06-28T19:29:18,ul,ue2,1593600,1464721.7299120938,1.464722
2026-06-28T19:29:18,ul,ue3,1593612,1461339.0217186976,1.461339
2026-06-28T19:29:18,ul,ue4,1593624,1495166.3707753515,1.495166
2026-06-28T19:29:18,ul,ue5,1594351,1451190.8971385085,1.451191
2026-06-28T19:29:18,ul,ue6,1594363,1441042.7725583196,1.441043
2026-06-28T19:29:18,ul,ue7,1594375,1464721.7299120938,1.464722
2026-06-28T19:29:18,ul,ue8,1594387,1552672.8107471252,1.552673
2026-06-28T19:29:23,ul,cu_cp1,1593300,403506.57233631314,0.403507
2026-06-28T19:29:23,ul,cu_up1,1593309,406897.3909070939,0.406897
2026-06-28T19:29:23,ul,cu_cp2,1593336,393334.15012743475,0.393334
2026-06-28T19:29:23,ul,cu_up2,1593364,427242.26882831455,0.427242
2026-06-28T19:29:23,ul,du1,1593525,3967249.9550098656,3.967250
2026-06-28T19:29:23,ul,du2,1594288,4014720.8789453744,4.014721
2026-06-28T19:29:23,ul,ue1,1593588,1488566.2702540755,1.488566
2026-06-28T19:29:23,ul,ue2,1593600,1434313.307135439,1.434313
2026-06-28T19:29:23,ul,ue3,1593612,1430922.4885646582,1.430922
2026-06-28T19:29:23,ul,ue4,1593624,1495347.9073956371,1.495348
2026-06-28T19:29:23,ul,ue5,1594351,1468221.4928432466,1.468221
2026-06-28T19:29:23,ul,ue6,1594363,1434313.307135439,1.434313
2026-06-28T19:29:23,ul,ue7,1594375,1478393.8145417334,1.478394
2026-06-28T19:29:23,ul,ue8,1594387,1549601.004528129,1.549601
2026-06-28T19:29:29,ul,cu_cp1,1593300,398523.7244839758,0.398524
2026-06-28T19:29:29,ul,cu_up1,1593309,412884.96918489126,0.412885
2026-06-28T19:29:29,ul,cu_cp2,1593336,391343.11895756813,0.391343
2026-06-28T19:29:29,ul,cu_up2,1593364,423655.86065045267,0.423656
2026-06-28T19:29:29,ul,du1,1593525,3960105.478802383,3.960105
2026-06-28T19:29:29,ul,du2,1594288,4039091.8367599654,4.039092
2026-06-28T19:29:29,ul,ue1,1593588,1479205.2095133804,1.479205
2026-06-28T19:29:29,ul,ue2,1593600,1454073.0396988033,1.454073
2026-06-28T19:29:29,ul,ue3,1593612,1450482.7874077498,1.450483
2026-06-28T19:29:29,ul,ue4,1593624,1507927.631619011,1.507928
2026-06-28T19:29:29,ul,ue5,1594351,1450482.7874077498,1.450483
2026-06-28T19:29:29,ul,ue6,1594363,1454073.0396988033,1.454073
2026-06-28T19:29:29,ul,ue7,1594375,1468434.3180478192,1.468434
2026-06-28T19:29:29,ul,ue8,1594387,1540240.440608096,1.540240
2026-06-28T19:29:34,ul,cu_cp1,1593300,399384.3066394189,0.399384
2026-06-28T19:29:34,ul,cu_up1,1593309,406849.4570512274,0.406849
2026-06-28T19:29:34,ul,cu_cp2,1593336,391919.18975172756,0.391919
2026-06-28T19:29:34,ul,cu_up2,1593364,421779.69082661,0.421780
2026-06-28T19:29:34,ul,du1,1593525,3978912.8326188065,3.978913
2026-06-28T19:29:34,ul,du2,1594288,4042366.47702271,4.042366
2026-06-28T19:29:34,ul,ue1,1593588,1493025.5230817627,1.493026
2026-06-28T19:29:34,ul,ue2,1593600,1463164.921434529,1.463165
2026-06-28T19:29:34,ul,ue3,1593612,1440769.604295572,1.440770
2026-06-28T19:29:34,ul,ue4,1593624,1489292.81377939,1.489293
2026-06-28T19:29:34,ul,ue5,1594351,1463164.921434529,1.463165
2026-06-28T19:29:34,ul,ue6,1594363,1448234.7547073804,1.448235
2026-06-28T19:29:34,ul,ue7,1594375,1463164.921434529,1.463165
2026-06-28T19:29:34,ul,ue8,1594387,1519153.4154266238,1.519153
2026-06-28T19:29:39,ul,cu_cp1,1593300,394757.5857513571,0.394758
2026-06-28T19:29:39,ul,cu_up1,1593309,409654.0800707078,0.409654
2026-06-28T19:29:39,ul,cu_cp2,1593336,387309.3218231106,0.387309
2026-06-28T19:29:39,ul,cu_up2,1593364,428274.739891324,0.428275
2026-06-28T19:29:39,ul,du1,1593525,3947575.723365002,3.947576
2026-06-28T19:29:39,ul,du2,1594288,4010885.7990693855,4.010886
2026-06-28T19:29:39,ul,ue1,1593588,1497099.5068690013,1.497100
2026-06-28T19:29:39,ul,ue2,1593600,1467306.4511560155,1.467306
2026-06-28T19:29:39,ul,ue3,1593612,1441237.4938700104,1.441237
2026-06-28T19:29:39,ul,ue4,1593624,1500823.6052959824,1.500824
2026-06-28T19:29:39,ul,ue5,1594351,1500823.6052959824,1.500824
2026-06-28T19:29:39,ul,ue6,1594363,1448685.8248725415,1.448686
2026-06-28T19:29:39,ul,ue7,1594375,1441237.4938700104,1.441237
2026-06-28T19:29:39,ul,ue8,1594387,1545513.0547168923,1.545513
2026-06-28T19:29:45,ul,cu_cp1,1593300,399080.7428348422,0.399081
2026-06-28T19:29:45,ul,cu_up1,1593309,406540.1774406672,0.406540
2026-06-28T19:29:45,ul,cu_cp2,1593336,391621.2746214509,0.391621
2026-06-28T19:29:45,ul,cu_up2,1593364,425188.81436657906,0.425189
2026-06-28T19:29:45,ul,du1,1593525,3946050.417422676,3.946050
2026-06-28T19:29:45,ul,du2,1594288,4046752.9358353615,4.046753
2026-06-28T19:29:45,ul,ue1,1593588,1465782.4456428527,1.465782
2026-06-28T19:29:45,ul,ue2,1593600,1439674.474933815,1.439674
2026-06-28T19:29:45,ul,ue3,1593612,1443404.1082178117,1.443404
2026-06-28T19:29:45,ul,ue4,1593624,1499349.9517804147,1.499350
2026-06-28T19:29:45,ul,ue5,1594351,1476971.6143553734,1.476972
2026-06-28T19:29:45,ul,ue6,1594363,1424755.5385070324,1.424756
2026-06-28T19:29:45,ul,ue7,1594375,1465782.4456428527,1.465782
2026-06-28T19:29:45,ul,ue8,1594387,1551566.162059021,1.551566
2026-06-28T19:29:50,ul,cu_cp1,1593300,391490.55671310454,0.391491
2026-06-28T19:29:50,ul,cu_up1,1593309,413861.4177768457,0.413861
2026-06-28T19:29:50,ul,cu_cp2,1593336,395219.0167261085,0.395219
2026-06-28T19:29:50,ul,cu_up2,1593364,421318.3714647594,0.421318
2026-06-28T19:29:50,ul,du1,1593525,3955918.627274089,3.955919
2026-06-28T19:29:50,ul,du2,1594288,3996931.754740944,3.996932
2026-06-28T19:29:50,ul,ue1,1593588,1476478.6479498304,1.476479
2026-06-28T19:29:50,ul,ue2,1593600,1431736.723850913,1.431737
2026-06-28T19:29:50,ul,ue3,1593612,1446650.6985505521,1.446651
2026-06-28T19:29:50,ul,ue4,1593624,1483935.5679758382,1.483936
2026-06-28T19:29:50,ul,ue5,1594351,1465293.2005870068,1.465293
2026-06-28T19:29:50,ul,ue6,1594363,1446650.6985505521,1.446651
2026-06-28T19:29:50,ul,ue7,1594375,1472750.1206130148,1.472750
2026-06-28T19:29:50,ul,ue8,1594387,1543591.332126771,1.543591
2026-06-28T19:29:56,ul,cu_cp1,1593300,390247.58209594694,0.390248
2026-06-28T19:29:56,ul,cu_up1,1593309,413662.41612920136,0.413662
2026-06-28T19:29:56,ul,cu_cp2,1593336,398052.5492387548,0.398053
2026-06-28T19:29:56,ul,cu_up2,1593364,421467.3832720092,0.421467
2026-06-28T19:29:56,ul,du1,1593525,3964915.490706763,3.964915
2026-06-28T19:29:56,ul,du2,1594288,3988330.189949679,3.988330
2026-06-28T19:29:56,ul,ue1,1593588,1498550.5912413253,1.498551
2026-06-28T19:29:56,ul,ue2,1593600,1428306.0891415619,1.428306
2026-06-28T19:29:56,ul,ue3,1593612,1443916.0234271777,1.443916
2026-06-28T19:29:56,ul,ue4,1593624,1521965.560064918,1.521966
2026-06-28T19:29:56,ul,ue5,1594351,1459525.9577127933,1.459526
2026-06-28T19:29:56,ul,ue6,1594363,1428306.0891415619,1.428306
2026-06-28T19:29:56,ul,ue7,1594375,1467330.857460432,1.467331
2026-06-28T19:29:56,ul,ue8,1594387,1529770.4598125564,1.529770
2026-06-28T19:30:01,ul,cu_cp1,1593300,390489.7131236458,0.390490
2026-06-28T19:30:01,ul,cu_up1,1593309,409694.103401885,0.409694
2026-06-28T19:30:01,ul,cu_cp2,1593336,390489.7131236458,0.390490
2026-06-28T19:30:01,ul,cu_up2,1593364,416095.5779312843,0.416096
2026-06-28T19:30:01,ul,du1,1593525,3917699.880435505,3.917700
2026-06-28T19:30:01,ul,du2,1594288,3949707.0199127914,3.949707
2026-06-28T19:30:01,ul,ue1,1593588,1433929.3619065976,1.433929
2026-06-28T19:30:01,ul,ue2,1593600,1421126.346227882,1.421126
2026-06-28T19:30:01,ul,ue3,1593612,1427527.987307074,1.427528
2026-06-28T19:30:01,ul,ue4,1593624,1497944.0405806731,1.497944
2026-06-28T19:30:01,ul,ue5,1594351,1440330.8697459556,1.440331
2026-06-28T19:30:01,ul,ue6,1594363,1446732.244345479,1.446732
2026-06-28T19:30:01,ul,ue7,1594375,1446732.244345479,1.446732
2026-06-28T19:30:01,ul,ue8,1594387,1529951.446537628,1.529951
2026-06-28T19:30:07,ul,cu_cp1,1593300,396598.45393404545,0.396598
2026-06-28T19:30:07,ul,cu_up1,1593309,407615.0748541313,0.407615
2026-06-28T19:30:07,ul,cu_cp2,1593336,396598.45393404545,0.396598
2026-06-28T19:30:07,ul,cu_up2,1593364,418631.69577421725,0.418632
2026-06-28T19:30:07,ul,du1,1593525,3954967.716798463,3.954968
2026-06-28T19:30:07,ul,du2,1594288,4043100.9529883577,4.043101
2026-06-28T19:30:07,ul,ue1,1593588,1498260.7139608907,1.498261
2026-06-28T19:30:07,ul,ue2,1593600,1459702.54074059,1.459703
2026-06-28T19:30:07,ul,ue3,1593612,1443177.6093604611,1.443178
2026-06-28T19:30:07,ul,ue4,1593624,1498260.7139608907,1.498261
2026-06-28T19:30:07,ul,ue5,1594351,1487244.0930408048,1.487244
2026-06-28T19:30:07,ul,ue6,1594363,1443177.6093604611,1.443178
2026-06-28T19:30:07,ul,ue7,1594375,1465210.9856152367,1.465211
2026-06-28T19:30:07,ul,ue8,1594387,1553343.8185613202,1.553344
2026-06-28T19:30:12,ul,cu_cp1,1593300,392242.3465010136,0.392242
2026-06-28T19:30:12,ul,cu_up1,1593309,416117.9749228808,0.416118
2026-06-28T19:30:12,ul,cu_cp2,1593336,392242.3465010136,0.392242
2026-06-28T19:30:12,ul,cu_up2,1593364,422939.558957482,0.422940
2026-06-28T19:30:12,ul,du1,1593525,3959942.430102732,3.959942
2026-06-28T19:30:12,ul,du2,1594288,4048623.3260352947,4.048623
2026-06-28T19:30:12,ul,ue1,1593588,1510985.7025279605,1.510986
2026-06-28T19:30:12,ul,ue2,1593600,1459823.636806773,1.459824
2026-06-28T19:30:12,ul,ue3,1593612,1446180.4012969602,1.446180
2026-06-28T19:30:12,ul,ue4,1593624,1507574.8262098967,1.507575
2026-06-28T19:30:12,ul,ue5,1594351,1493931.725581305,1.493932
2026-06-28T19:30:12,ul,ue6,1594363,1463234.5131248366,1.463235
2026-06-28T19:30:12,ul,ue7,1594375,1480288.4900714923,1.480288
2026-06-28T19:30:12,ul,ue8,1594387,1555326.1504942416,1.555326
2026-06-28T19:30:18,ul,cu_cp1,1593300,397867.482934975,0.397867
2026-06-28T19:30:18,ul,cu_up1,1593309,411469.7768061334,0.411470
2026-06-28T19:30:18,ul,cu_cp2,1593336,394466.8926322466,0.394467
2026-06-28T19:30:18,ul,cu_up2,1593364,428472.6946498978,0.428473
2026-06-28T19:30:18,ul,du1,1593525,3934467.424773302,3.934467
2026-06-28T19:30:18,ul,du2,1594288,4043286.04510159,4.043286
2026-06-28T19:30:18,ul,ue1,1593588,1496253.8073020363,1.496254
2026-06-28T19:30:18,ul,ue2,1593600,1452046.3353858327,1.452046
2026-06-28T19:30:18,ul,ue3,1593612,1438443.974174919,1.438444
2026-06-28T19:30:18,ul,ue4,1593624,1496253.8073020363,1.496254
2026-06-28T19:30:18,ul,ue5,1594351,1475850.2654856658,1.475850
2026-06-28T19:30:18,ul,ue6,1594363,1424841.6129640054,1.424842
2026-06-28T19:30:18,ul,ue7,1594375,1489452.6266965794,1.489453
2026-06-28T19:30:18,ul,ue8,1594387,1550663.1174661804,1.550663
2026-06-28T19:30:23,ul,cu_cp1,1593300,392821.7901053071,0.392822
2026-06-28T19:30:23,ul,cu_up1,1593309,399594.577272076,0.399595
2026-06-28T19:30:23,ul,cu_cp2,1593336,386049.0029385382,0.386049
2026-06-28T19:30:23,ul,cu_up2,1593364,426685.7595473293,0.426686
2026-06-28T19:30:23,ul,du1,1593525,3945149.7009291053,3.945150
2026-06-28T19:30:23,ul,du2,1594288,4009491.347054298,4.009491
2026-06-28T19:30:23,ul,ue1,1593588,1503559.2887535393,1.503559
2026-06-28T19:30:23,ul,ue2,1593600,1452763.3513945949,1.452763
2026-06-28T19:30:23,ul,ue3,1593612,1445990.6314441813,1.445991
2026-06-28T19:30:23,ul,ue4,1593624,1493400.0743952084,1.493400
2026-06-28T19:30:23,ul,ue5,1594351,1486627.2200120843,1.486627
2026-06-28T19:30:23,ul,ue6,1594363,1422285.8427523123,1.422286
2026-06-28T19:30:23,ul,ue7,1594375,1459536.205777719,1.459536
2026-06-28T19:30:23,ul,ue8,1594387,1540809.651778946,1.540810
2026-06-28T19:30:29,ul,cu_cp1,1593300,396445.5531007212,0.396446
2026-06-28T19:30:29,ul,cu_up1,1593309,410993.9858418548,0.410994
2026-06-28T19:30:29,ul,cu_cp2,1593336,396445.5531007212,0.396446
2026-06-28T19:30:29,ul,cu_up2,1593364,429179.5774952605,0.429180
2026-06-28T19:30:29,ul,du1,1593525,3975366.7033820963,3.975367
2026-06-28T19:30:29,ul,du2,1594288,4106302.9362322236,4.106303
2026-06-28T19:30:29,ul,ue1,1593588,1509402.7883309675,1.509403
2026-06-28T19:30:29,ul,ue2,1593600,1458483.1722830224,1.458483
2026-06-28T19:30:29,ul,ue3,1593612,1458483.1722830224,1.458483
2026-06-28T19:30:29,ul,ue4,1593624,1516676.9032475566,1.516677
2026-06-28T19:30:29,ul,ue5,1594351,1483942.9803069949,1.483943
2026-06-28T19:30:29,ul,ue6,1594363,1451208.9220944631,1.451209
2026-06-28T19:30:29,ul,ue7,1594375,1469394.4799298763,1.469394
2026-06-28T19:30:29,ul,ue8,1594387,1542136.8465434993,1.542137
2026-06-28T19:30:34,ul,cu_cp1,1593300,401162.96833536925,0.401163
2026-06-28T19:30:34,ul,cu_up1,1593309,412410.5259874812,0.412411
2026-06-28T19:30:34,ul,cu_cp2,1593336,393664.5853182408,0.393665
2026-06-28T19:30:34,ul,cu_up2,1593364,431156.4329095602,0.431156
2026-06-28T19:30:34,ul,du1,1593525,3989134.770532436,3.989135
2026-06-28T19:30:34,ul,du2,1594288,4060369.0885971235,4.060369
2026-06-28T19:30:34,ul,ue1,1593588,1514671.4121245814,1.514671
2026-06-28T19:30:34,ul,ue2,1593600,1454684.347987554,1.454684
2026-06-28T19:30:34,ul,ue3,1593612,1435938.4748126364,1.435938
2026-06-28T19:30:34,ul,ue4,1593624,1492176.36431468,1.492176
2026-06-28T19:30:34,ul,ue5,1594351,1480928.705421084,1.480929
2026-06-28T19:30:34,ul,ue6,1594363,1462182.8322461664,1.462183
2026-06-28T19:30:34,ul,ue7,1594375,1477179.5307861005,1.477180
2026-06-28T19:30:34,ul,ue8,1594387,1567159.9920029962,1.567160
2026-06-28T19:30:39,ul,cu_cp1,1593300,393219.2769325238,0.393219
2026-06-28T19:30:39,ul,cu_up1,1593309,408199.06886341213,0.408199
2026-06-28T19:30:39,ul,cu_cp2,1593336,393219.2769325238,0.393219
2026-06-28T19:30:39,ul,cu_up2,1593364,426923.78349444567,0.426924
2026-06-28T19:30:39,ul,du1,1593525,3947172.257865205,3.947172
2026-06-28T19:30:39,ul,du2,1594288,4018326.463370013,4.018326
2026-06-28T19:30:39,ul,ue1,1593588,1505468.0946062517,1.505468
2026-06-28T19:30:39,ul,ue2,1593600,1482998.4235649705,1.482998
2026-06-28T19:30:39,ul,ue3,1593612,1456783.6949831343,1.456784
2026-06-28T19:30:39,ul,ue4,1593624,1505468.0946062517,1.505468
2026-06-28T19:30:39,ul,ue5,1594351,1482998.4235649705,1.482998
2026-06-28T19:30:39,ul,ue6,1594363,1441804.0041825534,1.441804
2026-06-28T19:30:39,ul,ue7,1594375,1486743.3462651158,1.486743
2026-06-28T19:30:39,ul,ue8,1594387,1535427.6110478234,1.535428
2026-06-28T19:30:45,ul,cu_cp1,1593300,402578.34464982746,0.402578
2026-06-28T19:30:45,ul,cu_up1,1593309,402578.34464982746,0.402578
2026-06-28T19:30:45,ul,cu_cp2,1593336,391291.0864572036,0.391291
2026-06-28T19:30:45,ul,cu_up2,1593364,421390.3851601839,0.421390
2026-06-28T19:30:45,ul,du1,1593525,3976871.6667616083,3.976872
2026-06-28T19:30:45,ul,du2,1594288,4082219.635802164,4.082220
2026-06-28T19:30:45,ul,ue1,1593588,1520015.313058319,1.520015
2026-06-28T19:30:45,ul,ue2,1593600,1467341.5996293211,1.467342
2026-06-28T19:30:45,ul,ue3,1593612,1452291.831675396,1.452292
2026-06-28T19:30:45,ul,ue4,1593624,1504965.816195674,1.504966
2026-06-28T19:30:45,ul,ue5,1594351,1471104.0755042124,1.471104
2026-06-28T19:30:45,ul,ue6,1594363,1437242.3348127508,1.437242
2026-06-28T19:30:45,ul,ue7,1594375,1482391.2320376062,1.482391
2026-06-28T19:30:45,ul,ue8,1594387,1546352.3730912781,1.546352
2026-06-28T19:30:50,ul,cu_cp1,1593300,399691.66938950063,0.399692
2026-06-28T19:30:50,ul,cu_up1,1593309,408986.8260709667,0.408987
2026-06-28T19:30:50,ul,cu_cp2,1593336,390396.5466648054,0.390397
2026-06-28T19:30:50,ul,cu_up2,1593364,436872.29611536505,0.436872
2026-06-28T19:30:50,ul,du1,1593525,3969031.189893837,3.969031
2026-06-28T19:30:50,ul,du2,1594288,4099163.858829155,4.099164
2026-06-28T19:30:50,ul,ue1,1593588,1487224.7973804092,1.487225
2026-06-28T19:30:50,ul,ue2,1593600,1450044.1706545448,1.450044
2026-06-28T19:30:50,ul,ue3,1593612,1450044.1706545448,1.450044
2026-06-28T19:30:50,ul,ue4,1593624,1570881.241470375,1.570881
2026-06-28T19:30:50,ul,ue5,1594351,1440749.1158433915,1.440749
2026-06-28T19:30:50,ul,ue6,1594363,1468634.551931019,1.468635
2026-06-28T19:30:50,ul,ue7,1594375,1459339.4971198654,1.459339
2026-06-28T19:30:50,ul,ue8,1594387,1561586.1866592215,1.561586
2026-06-28T19:30:56,ul,cu_cp1,1593300,402453.0238132262,0.402453
2026-06-28T19:30:56,ul,cu_up1,1593309,417358.7114934158,0.417359
2026-06-28T19:30:56,ul,cu_cp2,1593336,387547.3361330366,0.387547
2026-06-28T19:30:56,ul,cu_up2,1593364,417358.7114934158,0.417359
2026-06-28T19:30:56,ul,du1,1593525,4002171.7745559644,4.002172
2026-06-28T19:30:56,ul,du2,1594288,4024530.5099082086,4.024531
2026-06-28T19:30:56,ul,ue1,1593588,1527830.8809558486,1.527831
2026-06-28T19:30:56,ul,ue2,1593600,1460755.4902269554,1.460755
2026-06-28T19:30:56,ul,ue3,1593612,1460755.4902269554,1.460755
2026-06-28T19:30:56,ul,ue4,1593624,1475661.1779071451,1.475661
2026-06-28T19:30:56,ul,ue5,1594351,1483113.9538032531,1.483114
2026-06-28T19:30:56,ul,ue6,1594363,1438396.8907626844,1.438397
2026-06-28T19:30:56,ul,ue7,1594375,1453302.578442874,1.453303
2026-06-28T19:30:56,ul,ue8,1594387,1550189.3445321464,1.550189
2026-06-28T19:31:01,ul,cu_cp1,1593300,401751.66524790524,0.401752
2026-06-28T19:31:01,ul,cu_up1,1593309,420583.7894649386,0.420584
2026-06-28T19:31:01,ul,cu_cp2,1593336,395474.2677911222,0.395474
2026-06-28T19:31:01,ul,cu_up2,1593364,426861.1528450638,0.426861
2026-06-28T19:31:01,ul,du1,1593525,4042625.9696929217,4.042626
2026-06-28T19:31:01,ul,du2,1594288,4117954.4665610553,4.117954
2026-06-28T19:31:01,ul,ue1,1593588,1550510.2883405208,1.550510
2026-06-28T19:31:01,ul,ue2,1593600,1494013.9156894207,1.494014
2026-06-28T19:31:01,ul,ue3,1593612,1462627.1328654527,1.462627
2026-06-28T19:31:01,ul,ue4,1593624,1537955.6297335862,1.537956
2026-06-28T19:31:01,ul,ue5,1594351,1494013.9156894207,1.494014
2026-06-28T19:31:01,ul,ue6,1594363,1456349.8035619855,1.456350
2026-06-28T19:31:01,ul,ue7,1594375,1481459.257082486,1.481459
2026-06-28T19:31:01,ul,ue8,1594387,1575619.7418610216,1.575620
2026-06-28T19:31:07,ul,cu_cp1,1593300,439568.8259774864,0.439569
2026-06-28T19:31:07,ul,cu_up1,1593309,443231.8934611913,0.443232
2026-06-28T19:31:07,ul,cu_cp2,1593336,424916.519646022,0.424917
2026-06-28T19:31:07,ul,cu_up2,1593364,468873.4386404151,0.468873
2026-06-28T19:31:07,ul,du1,1593525,4359057.80331768,4.359058
2026-06-28T19:31:07,ul,du2,1594288,4366383.428732068,4.366383
2026-06-28T19:31:07,ul,ue1,1593588,1655709.2687796282,1.655709
2026-06-28T19:31:07,ul,ue2,1593600,1611752.3133885907,1.611752
2026-06-28T19:31:07,ul,ue3,1593612,1575121.7113448298,1.575122
2026-06-28T19:31:07,ul,ue4,1593624,1677687.746475147,1.677688
2026-06-28T19:31:07,ul,ue5,1594351,1615415.4172689402,1.615415
2026-06-28T19:31:07,ul,ue6,1594363,1564132.3997037816,1.564132
2026-06-28T19:31:07,ul,ue7,1594375,1575121.7113448298,1.575122
2026-06-28T19:31:07,ul,ue8,1594387,1681350.7047689187,1.681351
2026-06-28T19:31:12,ul,cu_cp1,1593300,454970.84318946186,0.454971
2026-06-28T19:31:12,ul,cu_up1,1593309,466158.6532436255,0.466159
2026-06-28T19:31:12,ul,cu_cp2,1593336,440053.7754938927,0.440054
2026-06-28T19:31:12,ul,cu_up2,1593364,481075.72093919455,0.481076
2026-06-28T19:31:12,ul,du1,1593525,4378161.986310811,4.378162
2026-06-28T19:31:12,ul,du2,1594288,4601918.038874295,4.601918
2026-06-28T19:31:12,ul,ue1,1593588,1708005.3464761055,1.708005
2026-06-28T19:31:12,ul,ue2,1593600,1629690.7132269072,1.629691
2026-06-28T19:31:12,ul,ue3,1593612,1629690.7132269072,1.629691
2026-06-28T19:31:12,ul,ue4,1593624,1715463.8617589164,1.715464
2026-06-28T19:31:12,ul,ue5,1594351,1663254.106259451,1.663254
2026-06-28T19:31:12,ul,ue6,1594363,1599856.5035758745,1.599857
2026-06-28T19:31:12,ul,ue7,1594375,1644607.7437925292,1.644608
2026-06-28T19:31:12,ul,ue8,1594387,1737839.407607349,1.737839
2026-06-28T19:31:18,ul,cu_cp1,1593300,437963.9940876353,0.437964
2026-06-28T19:31:18,ul,cu_up1,1593309,452562.77929063974,0.452563
2026-06-28T19:31:18,ul,cu_cp2,1593336,437963.9940876353,0.437964
2026-06-28T19:31:18,ul,cu_up2,1593364,470811.2516694474,0.470811
2026-06-28T19:31:18,ul,du1,1593525,4288397.615482106,4.288398
2026-06-28T19:31:18,ul,du2,1594288,4375990.107701383,4.375990
2026-06-28T19:31:18,ul,ue1,1593588,1649664.2974305511,1.649664
2026-06-28T19:31:18,ul,ue2,1593600,1536523.7029823184,1.536524
2026-06-28T19:31:18,ul,ue3,1593612,1602218.2181459428,1.602218
2026-06-28T19:31:18,ul,ue4,1593624,1704409.7510667657,1.704410
2026-06-28T19:31:18,ul,ue5,1594351,1656963.6717821574,1.656964
2026-06-28T19:31:18,ul,ue6,1594363,1532873.8698073484,1.532874
2026-06-28T19:31:18,ul,ue7,1594375,1598568.5309701394,1.598569
2026-06-28T19:31:18,ul,ue8,1594387,1697110.3767151595,1.697110
2026-06-28T19:31:23,ul,cu_cp1,1593300,432545.1122031927,0.432545
2026-06-28T19:31:23,ul,cu_up1,1593309,450873.3328958291,0.450873
2026-06-28T19:31:23,ul,cu_cp2,1593336,425213.86728789745,0.425214
2026-06-28T19:31:23,ul,cu_up2,1593364,443542.0518457344,0.443542
2026-06-28T19:31:23,ul,du1,1593525,4263135.648656316,4.263136
2026-06-28T19:31:23,ul,du2,1594288,4259469.8455246715,4.259470
2026-06-28T19:31:23,ul,ue1,1593588,1700855.4691515898,1.700855
2026-06-28T19:31:23,ul,ue2,1593600,1374613.733433373,1.374614
2026-06-28T19:31:23,ul,ue3,1593612,1587220.77548172,1.587221
2026-06-28T19:31:23,ul,ue4,1593624,1741177.424590112,1.741177
2026-06-28T19:31:23,ul,ue5,1594351,1719183.6175746275,1.719184
2026-06-28T19:31:23,ul,ue6,1594363,1396607.6849880551,1.396608
2026-06-28T19:31:23,ul,ue7,1594375,1587220.77548172,1.587221
2026-06-28T19:31:23,ul,ue8,1594387,1788830.841752726,1.788831
