timestamp,phase,component,pid,microwatts,watts
2026-06-29T01:00:04,idle,cu_cp1,2072945,618251.4538090259,0.618251
2026-06-29T01:00:04,idle,cu_up1,2072974,618251.4538090259,0.618251
2026-06-29T01:00:04,idle,cu_cp2,2072982,618251.4538090259,0.618251
2026-06-29T01:00:04,idle,cu_up2,2073009,598778.9687369212,0.598779
2026-06-29T01:00:04,idle,du1,2073170,4712341.303017795,4.712341
2026-06-29T01:00:04,idle,du2,2073934,4722077.946603596,4.722078
2026-06-29T01:00:04,idle,du3,2074711,4702605.334884202,4.702605
2026-06-29T01:00:04,idle,du4,2075480,4673396.417305112,4.673396
2026-06-29T01:00:04,idle,ue1,2073234,1358205.886549002,1.358206
2026-06-29T01:00:04,idle,ue2,2073246,1367942.0235456466,1.367942
2026-06-29T01:00:04,idle,ue3,2073258,1324129.069334641,1.324129
2026-06-29T01:00:04,idle,ue4,2073270,1309524.6949766218,1.309525
2026-06-29T01:00:04,idle,ue5,2073998,1333865.2063312859,1.333865
2026-06-29T01:00:04,idle,ue6,2074010,1367942.0235456466,1.367942
2026-06-29T01:00:04,idle,ue7,2074022,1348469.580689305,1.348470
2026-06-29T01:00:04,idle,ue8,2074034,1353337.7336191535,1.353338
2026-06-29T01:00:04,idle,ue9,2074755,1319260.9164047926,1.319261
2026-06-29T01:00:04,idle,ue10,2074767,1304656.5420467735,1.304657
2026-06-29T01:00:04,idle,ue11,2074779,1377678.3294053436,1.377678
2026-06-29T01:00:04,idle,ue12,2074791,1299788.389116925,1.299788
2026-06-29T01:00:04,idle,ue13,2075524,1314392.7634749443,1.314393
2026-06-29T01:00:04,idle,ue14,2075536,1333865.2063312859,1.333865
2026-06-29T01:00:04,idle,ue15,2075548,1285183.9303273796,1.285184
2026-06-29T01:00:04,idle,ue16,2075560,1270579.7248324126,1.270580
2026-06-29T01:00:10,idle,cu_cp1,2072945,625666.5377881143,0.625667
2026-06-29T01:00:10,idle,cu_up1,2072974,620778.5573573473,0.620779
2026-06-29T01:00:10,idle,cu_cp2,2072982,615890.4921761611,0.615890
2026-06-29T01:00:10,idle,cu_up2,2073009,611002.4693701846,0.611002
2026-06-29T01:00:10,idle,du1,2073170,4731603.025170226,4.731603
2026-06-29T01:00:10,idle,du2,2073934,4751155.285894971,4.751155
2026-06-29T01:00:10,idle,du3,2074711,4731603.025170226,4.731603
2026-06-29T01:00:10,idle,du4,2075480,4692498.842722413,4.692499
2026-06-29T01:00:10,idle,ue1,2073234,1353981.4273761075,1.353981
2026-06-29T01:00:10,idle,ue2,2073246,1300213.218885575,1.300213
2026-06-29T01:00:10,idle,ue3,2073258,1329541.4404718536,1.329541
2026-06-29T01:00:10,idle,ue4,2073270,1324653.4600410867,1.324653
2026-06-29T01:00:10,idle,ue5,2073998,1324653.4600410867,1.324653
2026-06-29T01:00:10,idle,ue6,2074010,1329541.4404718536,1.329541
2026-06-29T01:00:10,idle,ue7,2074022,1344205.4665145737,1.344205
2026-06-29T01:00:10,idle,ue8,2074034,1344205.4665145737,1.344205
2026-06-29T01:00:10,idle,ue9,2074755,1334429.4209026205,1.334429
2026-06-29T01:00:10,idle,ue10,2074767,1319765.3101094812,1.319765
2026-06-29T01:00:10,idle,ue11,2074779,1358869.577307713,1.358870
2026-06-29T01:00:10,idle,ue12,2074791,1314877.3296787143,1.314877
2026-06-29T01:00:10,idle,ue13,2075524,1388197.7141435724,1.388198
2026-06-29T01:00:10,idle,ue14,2075536,1373533.603350433,1.373534
2026-06-29T01:00:10,idle,ue15,2075548,1324653.4600410867,1.324653
2026-06-29T01:00:10,idle,ue16,2075560,1334429.4209026205,1.334429
2026-06-29T01:00:15,idle,cu_cp1,2072945,611296.9564538568,0.611297
2026-06-29T01:00:15,idle,cu_up1,2072974,630858.4692402291,0.630858
2026-06-29T01:00:15,idle,cu_cp2,2072982,606406.5570492452,0.606407
2026-06-29T01:00:15,idle,cu_up2,2073009,601516.2000606707,0.601516
2026-06-29T01:00:15,idle,du1,2073170,4738774.2880727835,4.738774
2026-06-29T01:00:15,idle,du2,2073934,4743664.348149099,4.743664
2026-06-29T01:00:15,idle,du3,2074711,4758335.546362934,4.758336
2026-06-29T01:00:15,idle,du4,2075480,4655637.837522683,4.655638
2026-06-29T01:00:15,idle,ue1,2073234,1354634.1030077082,1.354634
2026-06-29T01:00:15,idle,ue2,2073246,1286168.765839368,1.286169
2026-06-29T01:00:15,idle,ue3,2073258,1325291.8762441867,1.325292
2026-06-29T01:00:15,idle,ue4,2073270,1286168.765839368,1.286169
2026-06-29T01:00:15,idle,ue5,2073998,1330182.1908167242,1.330182
2026-06-29T01:00:15,idle,ue6,2074010,1310620.678030352,1.310621
2026-06-29T01:00:15,idle,ue7,2074022,1281278.4512668306,1.281278
2026-06-29T01:00:15,idle,ue8,2074034,1335072.5902213359,1.335073
2026-06-29T01:00:15,idle,ue9,2074755,1315511.1622670377,1.315511
2026-06-29T01:00:15,idle,ue10,2074767,1330182.1908167242,1.330182
2026-06-29T01:00:15,idle,ue11,2074779,1320401.392007501,1.320401
2026-06-29T01:00:15,idle,ue12,2074791,1291059.1652439798,1.291059
2026-06-29T01:00:15,idle,ue13,2075524,1383976.3297712295,1.383976
2026-06-29T01:00:15,idle,ue14,2075536,1286168.765839368,1.286169
2026-06-29T01:00:15,idle,ue15,2075548,1369305.1315573948,1.369305
2026-06-29T01:00:15,idle,ue16,2075560,1339962.9047938734,1.339963
2026-06-29T01:00:21,idle,cu_cp1,2072945,624025.6759425831,0.624026
2026-06-29T01:00:21,idle,cu_up1,2072974,633202.6057624721,0.633203
2026-06-29T01:00:21,idle,cu_cp2,2072982,614848.8308831501,0.614849
2026-06-29T01:00:21,idle,cu_up2,2073009,614848.8308831501,0.614849
2026-06-29T01:00:21,idle,du1,2073170,4735254.084918366,4.735254
2026-06-29T01:00:21,idle,du2,2073934,4781137.971173706,4.781138
2026-06-29T01:00:21,idle,du3,2074711,4781137.971173706,4.781138
2026-06-29T01:00:21,idle,du4,2075480,4615954.760103912,4.615955
2026-06-29T01:00:21,idle,ue1,2073234,1358173.5773588181,1.358174
2026-06-29T01:00:21,idle,ue2,2073246,1312289.352061653,1.312289
2026-06-29T01:00:21,idle,ue3,2073258,1348996.8170598412,1.348997
2026-06-29T01:00:21,idle,ue4,2073270,1330643.042180519,1.330643
2026-06-29T01:00:21,idle,ue5,2073998,1321466.197121086,1.321466
2026-06-29T01:00:21,idle,ue6,2074010,1330643.042180519,1.330643
2026-06-29T01:00:21,idle,ue7,2074022,1303112.5070022203,1.303113
2026-06-29T01:00:21,idle,ue8,2074034,1321466.197121086,1.321466
2026-06-29T01:00:21,idle,ue9,2074755,1330643.042180519,1.330643
2026-06-29T01:00:21,idle,ue10,2074767,1312289.352061653,1.312289
2026-06-29T01:00:21,idle,ue11,2074779,1293935.6619427872,1.293936
2026-06-29T01:00:21,idle,ue12,2074791,1303112.5070022203,1.303113
2026-06-29T01:00:21,idle,ue13,2075524,1321466.197121086,1.321466
2026-06-29T01:00:21,idle,ue14,2075536,1339819.887239952,1.339820
2026-06-29T01:00:21,idle,ue15,2075548,1266405.2115249443,1.266405
2026-06-29T01:00:21,idle,ue16,2075560,1303112.5070022203,1.303113
2026-06-29T01:00:27,idle,cu_cp1,2072945,623099.4916619569,0.623099
2026-06-29T01:00:27,idle,cu_up1,2072974,623099.4916619569,0.623099
2026-06-29T01:00:27,idle,cu_cp2,2072982,616018.7783926189,0.616019
2026-06-29T01:00:27,idle,cu_up2,2073009,616018.7783926189,0.616019
2026-06-29T01:00:27,idle,du1,2073170,4786537.153041387,4.786537
2026-06-29T01:00:27,idle,du2,2073934,4736972.117610049,4.736972
2026-06-29T01:00:27,idle,du3,2074711,4708649.434716582,4.708649
2026-06-29T01:00:27,idle,du4,2075480,4644923.3982062815,4.644923
2026-06-29T01:00:27,idle,ue1,2073234,1366570.4707130909,1.366570
2026-06-29T01:00:27,idle,ue2,2073246,1366570.4707130909,1.366570
2026-06-29T01:00:27,idle,ue3,2073258,1331167.0320043147,1.331167
2026-06-29T01:00:27,idle,ue4,2073270,1338247.787819624,1.338248
2026-06-29T01:00:27,idle,ue5,2073998,1309925.0198342144,1.309925
2026-06-29T01:00:27,idle,ue6,2074010,1331167.0320043147,1.331167
2026-06-29T01:00:27,idle,ue7,2074022,1345328.4585429907,1.345328
2026-06-29T01:00:27,idle,ue8,2074034,1359489.799989724,1.359490
2026-06-29T01:00:27,idle,ue9,2074755,1352409.0441744148,1.352409
2026-06-29T01:00:27,idle,ue10,2074767,1331167.0320043147,1.331167
2026-06-29T01:00:27,idle,ue11,2074779,1359489.799989724,1.359490
2026-06-29T01:00:27,idle,ue12,2074791,1317005.7756495238,1.317006
2026-06-29T01:00:27,idle,ue13,2075524,1373651.2265284,1.373651
2026-06-29T01:00:27,idle,ue14,2075536,1331167.0320043147,1.331167
2026-06-29T01:00:27,idle,ue15,2075548,1338247.787819624,1.338248
2026-06-29T01:00:27,idle,ue16,2075560,1345328.4585429907,1.345328
2026-06-29T01:00:33,idle,cu_cp1,2072945,634221.7778911006,0.634222
2026-06-29T01:00:33,idle,cu_up1,2072974,625821.4764878416,0.625821
2026-06-29T01:00:33,idle,cu_cp2,2072982,609020.916205452,0.609021
2026-06-29T01:00:33,idle,cu_up2,2073009,621621.3683103407,0.621621
2026-06-29T01:00:33,idle,du1,2073170,4741962.870513745,4.741963
2026-06-29T01:00:33,idle,du2,2073934,4762963.326352992,4.762963
2026-06-29T01:00:33,idle,du3,2074711,4754563.280094504,4.754563
2026-06-29T01:00:33,idle,du4,2075480,4657960.026577668,4.657960
2026-06-29T01:00:33,idle,ue1,2073234,1344046.1833632756,1.344046
2026-06-29T01:00:33,idle,ue2,2073246,1373447.1107022965,1.373447
2026-06-29T01:00:33,idle,ue3,2073258,1323045.3873309994,1.323045
2026-06-29T01:00:33,idle,ue4,2073270,1323045.3873309994,1.323045
2026-06-29T01:00:33,idle,ue5,2073998,1302044.6763469803,1.302045
2026-06-29T01:00:33,idle,ue6,2074010,1352446.3997182774,1.352446
2026-06-29T01:00:33,idle,ue7,2074022,1348246.2064925195,1.348246
2026-06-29T01:00:33,idle,ue8,2074034,1381847.4971538126,1.381847
2026-06-29T01:00:33,idle,ue9,2074755,1360846.7011215365,1.360847
2026-06-29T01:00:33,idle,ue10,2074767,1323045.3873309994,1.323045
2026-06-29T01:00:33,idle,ue11,2074779,1373447.1107022965,1.373447
2026-06-29T01:00:33,idle,ue12,2074791,1344046.1833632756,1.344046
2026-06-29T01:00:33,idle,ue13,2075524,1360846.7011215365,1.360847
2026-06-29T01:00:33,idle,ue14,2075536,1327245.5805567575,1.327246
2026-06-29T01:00:33,idle,ue15,2075548,1335645.7969117593,1.335646
2026-06-29T01:00:33,idle,ue16,2075560,1272643.6639597022,1.272644
2026-06-29T01:00:38,idle,cu_cp1,2072945,627875.3894590324,0.627875
2026-06-29T01:00:38,idle,cu_up1,2072974,623574.8494247162,0.623575
2026-06-29T01:00:38,idle,cu_cp2,2072982,610673.2719828928,0.610673
2026-06-29T01:00:38,idle,cu_up2,2073009,623574.8494247162,0.623575
2026-06-29T01:00:38,idle,du1,2073170,4756371.0840229085,4.756371
2026-06-29T01:00:38,idle,du2,2073934,4782173.897617554,4.782174
2026-06-29T01:00:38,idle,du3,2074711,4726267.005154819,4.726267
2026-06-29T01:00:38,idle,du4,2075480,4691863.026169291,4.691863
2026-06-29T01:00:38,idle,ue1,2073234,1337460.5702976966,1.337461
2026-06-29T01:00:38,idle,ue2,2073246,1367564.0519100344,1.367564
2026-06-29T01:00:38,idle,ue3,2073258,1333159.9876022553,1.333160
2026-06-29T01:00:38,idle,ue4,2073270,1337460.5702976966,1.337461
2026-06-29T01:00:38,idle,ue5,2073998,1350362.06241727,1.350362
2026-06-29T01:00:38,idle,ue6,2074010,1354662.559790461,1.354663
2026-06-29T01:00:38,idle,ue7,2074022,1341761.0676708878,1.341761
2026-06-29T01:00:38,idle,ue8,2074034,1346061.5650440787,1.346062
2026-06-29T01:00:38,idle,ue9,2074755,1346061.5650440787,1.346062
2026-06-29T01:00:38,idle,ue10,2074767,1363263.5545368432,1.363264
2026-06-29T01:00:38,idle,ue11,2074779,1363263.5545368432,1.363264
2026-06-29T01:00:38,idle,ue12,2074791,1337460.5702976966,1.337461
2026-06-29T01:00:38,idle,ue13,2075524,1324558.9928558732,1.324559
2026-06-29T01:00:38,idle,ue14,2075536,1307357.0033631087,1.307357
2026-06-29T01:00:38,idle,ue15,2075548,1367564.0519100344,1.367564
2026-06-29T01:00:38,idle,ue16,2075560,1324558.9928558732,1.324559
2026-06-29T01:00:44,idle,cu_cp1,2072945,607213.9901171982,0.607214
2026-06-29T01:00:44,idle,cu_up1,2072974,612110.9087305927,0.612111
2026-06-29T01:00:44,idle,cu_cp2,2072982,617007.7847576424,0.617008
2026-06-29T01:00:44,idle,cu_up2,2073009,607213.9901171982,0.607214
2026-06-29T01:00:44,idle,du1,2073170,4759774.230051212,4.759774
2026-06-29T01:00:44,idle,du2,2073934,4749980.3928244235,4.749980
2026-06-29T01:00:44,idle,du3,2074711,4710805.043917268,4.710805
2026-06-29T01:00:44,idle,du4,2075480,4627558.279216456,4.627558
2026-06-29T01:00:44,idle,ue1,2073234,1346643.9310691524,1.346644
2026-06-29T01:00:44,idle,ue2,2073246,1356437.7682959414,1.356438
2026-06-29T01:00:44,idle,ue3,2073258,1341747.0976284475,1.341747
2026-06-29T01:00:44,idle,ue4,2073270,1327056.341788264,1.327056
2026-06-29T01:00:44,idle,ue5,2073998,1297675.0856259656,1.297675
2026-06-29T01:00:44,idle,ue6,2074010,1346643.9310691524,1.346644
2026-06-29T01:00:44,idle,ue7,2074022,1317262.5897341645,1.317263
2026-06-29T01:00:44,idle,ue8,2074034,1366231.4351773513,1.366231
2026-06-29T01:00:44,idle,ue9,2074755,1351540.849682547,1.351541
2026-06-29T01:00:44,idle,ue10,2074767,1336850.179015053,1.336850
2026-06-29T01:00:44,idle,ue11,2074779,1346643.9310691524,1.346644
2026-06-29T01:00:44,idle,ue12,2074791,1346643.9310691524,1.346644
2026-06-29T01:00:44,idle,ue13,2075524,1361334.686909336,1.361335
2026-06-29T01:00:44,idle,ue14,2075536,1351540.849682547,1.351541
2026-06-29T01:00:44,idle,ue15,2075548,1322159.508347559,1.322160
2026-06-29T01:00:44,idle,ue16,2075560,1317262.5897341645,1.317263
2026-06-29T01:00:50,idle,cu_cp1,2072945,643556.7583081055,0.643557
2026-06-29T01:00:50,idle,cu_up1,2072974,628818.8446179199,0.628819
2026-06-29T01:00:50,idle,cu_cp2,2072982,618993.526187439,0.618994
2026-06-29T01:00:50,idle,cu_up2,2073009,628818.8446179199,0.628819
2026-06-29T01:00:50,idle,du1,2073170,4740704.60939209,4.740705
2026-06-29T01:00:50,idle,du2,2073934,4760354.819882813,4.760355
2026-06-29T01:00:50,idle,du3,2074711,4735791.800947266,4.735792
2026-06-29T01:00:50,idle,du4,2075480,4632626.234567871,4.632626
2026-06-29T01:00:50,idle,ue1,2073234,1380453.8924761964,1.380454
2026-06-29T01:00:50,idle,ue2,2073246,1380453.8924761964,1.380454
2026-06-29T01:00:50,idle,ue3,2073258,1341152.6187542723,1.341153
2026-06-29T01:00:50,idle,ue4,2073270,1341152.6187542723,1.341153
2026-06-29T01:00:50,idle,ue5,2073998,1292026.2397869872,1.292026
2026-06-29T01:00:50,idle,ue6,2074010,1341152.6187542723,1.341153
2026-06-29T01:00:50,idle,ue7,2074022,1301851.6008544923,1.301852
2026-06-29T01:00:50,idle,ue8,2074034,1336240.0661315918,1.336240
2026-06-29T01:00:50,idle,ue9,2074755,1380453.8924761964,1.380454
2026-06-29T01:00:50,idle,ue10,2074767,1350977.9798217774,1.350978
2026-06-29T01:00:50,idle,ue11,2074779,1385366.6156469726,1.385367
2026-06-29T01:00:50,idle,ue12,2074791,1355890.7029925538,1.355891
2026-06-29T01:00:50,idle,ue13,2075524,1326414.7903381349,1.326415
2026-06-29T01:00:50,idle,ue14,2075536,1355890.7029925538,1.355891
2026-06-29T01:00:50,idle,ue15,2075548,1262550.3271325685,1.262550
2026-06-29T01:00:50,idle,ue16,2075560,1316589.4292706298,1.316589
2026-06-29T01:00:56,idle,cu_cp1,2072945,641454.5818273604,0.641455
2026-06-29T01:00:56,idle,cu_up1,2072974,631108.5401849836,0.631109
2026-06-29T01:00:56,idle,cu_cp2,2072982,610416.45690023,0.610416
2026-06-29T01:00:56,idle,cu_up2,2073009,610416.45690023,0.610416
2026-06-29T01:00:56,idle,du1,2073170,4728141.116043115,4.728141
2026-06-29T01:00:56,idle,du2,2073934,4728141.116043115,4.728141
2026-06-29T01:00:56,idle,du3,2074711,4759179.497401023,4.759179
2026-06-29T01:00:56,idle,du4,2075480,4655718.910023403,4.655719
2026-06-29T01:00:56,idle,ue1,2073234,1365677.496793735,1.365677
2026-06-29T01:00:56,idle,ue2,2073246,1376023.6239130378,1.376024
2026-06-29T01:00:56,idle,ue3,2073258,1334639.3718666048,1.334639
2026-06-29T01:00:56,idle,ue4,2073270,1324293.3302242279,1.324293
2026-06-29T01:00:56,idle,ue5,2073998,1324293.3302242279,1.324293
2026-06-29T01:00:56,idle,ue6,2074010,1365677.496793735,1.365677
2026-06-29T01:00:56,idle,ue7,2074022,1365677.496793735,1.365677
2026-06-29T01:00:56,idle,ue8,2074034,1376023.6239130378,1.376024
2026-06-29T01:00:56,idle,ue9,2074755,1355331.4551513582,1.355331
2026-06-29T01:00:56,idle,ue10,2074767,1365677.496793735,1.365677
2026-06-29T01:00:56,idle,ue11,2074779,1355331.4551513582,1.355331
2026-06-29T01:00:56,idle,ue12,2074791,1334639.3718666048,1.334639
2026-06-29T01:00:56,idle,ue13,2075524,1365677.496793735,1.365677
2026-06-29T01:00:56,idle,ue14,2075536,1365677.496793735,1.365677
2026-06-29T01:00:56,idle,ue15,2075548,1324293.3302242279,1.324293
2026-06-29T01:00:56,idle,ue16,2075560,1313947.2885818512,1.313947
2026-06-29T01:01:02,idle,cu_cp1,2072945,628743.2015178347,0.628743
2026-06-29T01:01:02,idle,cu_up1,2072974,621075.6139974976,0.621076
2026-06-29T01:01:02,idle,cu_cp2,2072982,621075.6139974976,0.621076
2026-06-29T01:01:02,idle,cu_up2,2073009,613407.9837750691,0.613408
2026-06-29T01:01:02,idle,du1,2073170,4769246.953217754,4.769247
2026-06-29T01:01:02,idle,du2,2073934,4707906.594671789,4.707907
2026-06-29T01:01:02,idle,du3,2074711,4723241.428095732,4.723241
2026-06-29T01:01:02,idle,du4,2075480,4654233.482029429,4.654233
2026-06-29T01:01:02,idle,ue1,2073234,1372500.4720532738,1.372500
2026-06-29T01:01:02,idle,ue2,2073246,1334162.363643223,1.334162
2026-06-29T01:01:02,idle,ue3,2073258,1326494.8615270685,1.326495
2026-06-29T01:01:02,idle,ue4,2073270,1303492.0135618746,1.303492
2026-06-29T01:01:02,idle,ue5,2073998,1318827.2740067316,1.318827
2026-06-29T01:01:02,idle,ue6,2074010,1341829.9511635602,1.341830
2026-06-29T01:01:02,idle,ue7,2074022,1341829.9511635602,1.341830
2026-06-29T01:01:02,idle,ue8,2074034,1387835.5616897654,1.387836
2026-06-29T01:01:02,idle,ue9,2074755,1357165.211608417,1.357165
2026-06-29T01:01:02,idle,ue10,2074767,1341829.9511635602,1.341830
2026-06-29T01:01:02,idle,ue11,2074779,1372500.4720532738,1.372500
2026-06-29T01:01:02,idle,ue12,2074791,1349497.62408808,1.349498
2026-06-29T01:01:02,idle,ue13,2075524,1372500.4720532738,1.372500
2026-06-29T01:01:02,idle,ue14,2075536,1334162.363643223,1.334162
2026-06-29T01:01:02,idle,ue15,2075548,1311159.6010822118,1.311160
2026-06-29T01:01:02,idle,ue16,2075560,1341829.9511635602,1.341830
2026-06-29T01:01:07,idle,cu_cp1,2072945,642410.9996006367,0.642411
2026-06-29T01:01:07,idle,cu_up1,2072974,625505.495465208,0.625505
2026-06-29T01:01:07,idle,cu_cp2,2072982,625505.495465208,0.625505
2026-06-29T01:01:07,idle,cu_up2,2073009,621279.0765835753,0.621279
2026-06-29T01:01:07,idle,du1,2073170,4771592.724838438,4.771593
2026-06-29T01:01:07,idle,du2,2073934,4788498.057582765,4.788498
2026-06-29T01:01:07,idle,du3,2074711,4754687.049311907,4.754687
2026-06-29T01:01:07,idle,du4,2075480,4703970.022732315,4.703970
2026-06-29T01:01:07,idle,ue1,2073234,1369349.8626606208,1.369350
2026-06-29T01:01:07,idle,ue2,2073246,1327086.0166264982,1.327086
2026-06-29T01:01:07,idle,ue3,2073258,1343991.4350663756,1.343991
2026-06-29T01:01:07,idle,ue4,2073270,1301727.589032253,1.301728
2026-06-29T01:01:07,idle,ue5,2073998,1339765.016184743,1.339765
2026-06-29T01:01:07,idle,ue6,2074010,1339765.016184743,1.339765
2026-06-29T01:01:07,idle,ue7,2074022,1369349.8626606208,1.369350
2026-06-29T01:01:07,idle,ue8,2074034,1343991.4350663756,1.343991
2026-06-29T01:01:07,idle,ue9,2074755,1365123.4437789882,1.365123
2026-06-29T01:01:07,idle,ue10,2074767,1331312.2641170288,1.331312
2026-06-29T01:01:07,idle,ue11,2074779,1382029.033609968,1.382029
2026-06-29T01:01:07,idle,ue12,2074791,1331312.2641170288,1.331312
2026-06-29T01:01:07,idle,ue13,2075524,1377802.614728335,1.377803
2026-06-29T01:01:07,idle,ue14,2075536,1335538.6829986614,1.335539
2026-06-29T01:01:07,idle,ue15,2075548,1314406.7599816,1.314407
2026-06-29T01:01:07,idle,ue16,2075560,1348217.8539480085,1.348218
2026-06-29T01:01:18,idle,cu_cp1,2072945,628229.7165484971,0.628230
2026-06-29T01:01:18,idle,cu_up1,2072974,623434.0985656822,0.623434
2026-06-29T01:01:18,idle,cu_cp2,2072982,623434.0985656822,0.623434
2026-06-29T01:01:18,idle,cu_up2,2073009,618638.4805828673,0.618638
2026-06-29T01:01:18,idle,du1,2073170,4757281.757786798,4.757282
2026-06-29T01:01:18,idle,du2,2073934,4766872.822806985,4.766873
2026-06-29T01:01:18,idle,du3,2074711,4757281.757786798,4.757282
2026-06-29T01:01:18,idle,du4,2075480,4699733.658211248,4.699734
2026-06-29T01:01:18,idle,ue1,2073234,1366759.3304835088,1.366759
2026-06-29T01:01:18,idle,ue2,2073246,1381146.1844319534,1.381146
2026-06-29T01:01:18,idle,ue3,2073258,1323598.5122200102,1.323599
2026-06-29T01:01:18,idle,ue4,2073270,1352372.3910623426,1.352372
2026-06-29T01:01:18,idle,ue5,2073998,1328394.2156755466,1.328394
2026-06-29T01:01:18,idle,ue6,2074010,1342781.1550967128,1.342781
2026-06-29T01:01:18,idle,ue7,2074022,1352372.3910623426,1.352372
2026-06-29T01:01:18,idle,ue8,2074034,1337985.4516411764,1.337985
2026-06-29T01:01:18,idle,ue9,2074755,1376350.65192186,1.376351
2026-06-29T01:01:18,idle,ue10,2074767,1390737.5913430261,1.390738
2026-06-29T01:01:18,idle,ue11,2074779,1299620.3368332142,1.299620
2026-06-29T01:01:18,idle,ue12,2074791,1342781.1550967128,1.342781
2026-06-29T01:01:18,idle,ue13,2075524,1376350.65192186,1.376351
2026-06-29T01:01:18,idle,ue14,2075536,1347576.7730795275,1.347577
2026-06-29T01:01:18,idle,ue15,2075548,1337985.4516411764,1.337985
2026-06-29T01:01:18,idle,ue16,2075560,1333189.74818564,1.333190
2026-06-29T01:01:24,idle,cu_cp1,2072945,631387.440575409,0.631387
2026-06-29T01:01:24,idle,cu_up1,2072974,636320.1763266873,0.636320
2026-06-29T01:01:24,idle,cu_cp2,2072982,606723.8900497151,0.606724
2026-06-29T01:01:24,idle,cu_up2,2073009,626454.7903112626,0.626455
2026-06-29T01:01:24,idle,du1,2073170,4779800.297846374,4.779800
2026-06-29T01:01:24,idle,du2,2073934,4784732.905366954,4.784733
2026-06-29T01:01:24,idle,du3,2074711,4789665.512887535,4.789666
2026-06-29T01:01:24,idle,du4,2075480,4666347.589284802,4.666348
2026-06-29T01:01:24,idle,ue1,2073234,1371294.6402432823,1.371295
2026-06-29T01:01:24,idle,ue2,2073246,1312102.0676893378,1.312102
2026-06-29T01:01:24,idle,ue3,2073258,1366361.94723557,1.366362
2026-06-29T01:01:24,idle,ue4,2073270,1356496.4757330131,1.356496
2026-06-29T01:01:24,idle,ue5,2073998,1336765.6182150317,1.336766
2026-06-29T01:01:24,idle,ue6,2074010,1376227.4187381268,1.376227
2026-06-29T01:01:24,idle,ue7,2074022,1331832.9252073192,1.331833
2026-06-29T01:01:24,idle,ue8,2074034,1317034.76069705,1.317035
2026-06-29T01:01:24,idle,ue9,2074755,1366361.94723557,1.366362
2026-06-29T01:01:24,idle,ue10,2074767,1361429.1687407256,1.361429
2026-06-29T01:01:24,idle,ue11,2074779,1297303.9886662005,1.297304
2026-06-29T01:01:24,idle,ue12,2074791,1351563.8682124328,1.351564
2026-06-29T01:01:24,idle,ue13,2075524,1381160.026258707,1.381160
2026-06-29T01:01:24,idle,ue14,2075536,1376227.4187381268,1.376227
2026-06-29T01:01:24,idle,ue15,2075548,1326900.317686739,1.326900
2026-06-29T01:01:24,idle,ue16,2075560,1312102.0676893378,1.312102
2026-06-29T01:01:30,idle,cu_cp1,2072945,636016.7879724121,0.636017
2026-06-29T01:01:30,idle,cu_up1,2072974,621225.6371887207,0.621226
2026-06-29T01:01:30,idle,cu_cp2,2072982,616295.324909668,0.616295
2026-06-29T01:01:30,idle,cu_up2,2073009,626156.0350463868,0.626156
2026-06-29T01:01:30,idle,du1,2073170,4757799.829570312,4.757800
2026-06-29T01:01:30,idle,du2,2073934,4841615.865732422,4.841616
2026-06-29T01:01:30,idle,du3,2074711,4728217.699160156,4.728218
2026-06-29T01:01:30,idle,du4,2075480,4649332.018066406,4.649332
2026-06-29T01:01:30,idle,ue1,2073234,1321337.126628418,1.321337
2026-06-29T01:01:30,idle,ue2,2073246,1380501.4730273439,1.380501
2026-06-29T01:01:30,idle,ue3,2073258,1350919.3426171874,1.350919
2026-06-29T01:01:30,idle,ue4,2073270,1355849.6121069335,1.355850
2026-06-29T01:01:30,idle,ue5,2073998,1311476.5020703124,1.311477
2026-06-29T01:01:30,idle,ue6,2074010,1370640.8484692383,1.370641
2026-06-29T01:01:30,idle,ue7,2074022,1306546.0614233399,1.306546
2026-06-29T01:01:30,idle,ue8,2074034,1326267.5672753907,1.326268
2026-06-29T01:01:30,idle,ue9,2074755,1306546.0614233399,1.306546
2026-06-29T01:01:30,idle,ue10,2074767,1321337.126628418,1.321337
2026-06-29T01:01:30,idle,ue11,2074779,1336128.191833496,1.336128
2026-06-29T01:01:30,idle,ue12,2074791,1272033.5759448241,1.272034
2026-06-29T01:01:30,idle,ue13,2075524,1365710.4078222655,1.365710
2026-06-29T01:01:30,idle,ue14,2075536,1341058.6324804688,1.341059
2026-06-29T01:01:30,idle,ue15,2075548,1316406.857138672,1.316407
2026-06-29T01:01:30,idle,ue16,2075560,1321337.126628418,1.321337
2026-06-29T01:01:36,idle,cu_cp1,2072945,633274.1986189857,0.633274
2026-06-29T01:01:36,idle,cu_up1,2072974,633274.1986189857,0.633274
2026-06-29T01:01:36,idle,cu_cp2,2072982,643828.7650150714,0.643829
2026-06-29T01:01:36,idle,cu_up2,2073009,633274.1986189857,0.633274
2026-06-29T01:01:36,idle,du1,2073170,4802329.343108206,4.802329
2026-06-29T01:01:36,idle,du2,2073934,4844547.608692548,4.844548
2026-06-29T01:01:36,idle,du3,2074711,4802329.343108206,4.802329
2026-06-29T01:01:36,idle,du4,2075480,4665119.894017553,4.665120
2026-06-29T01:01:36,idle,ue1,2073234,1372093.9752572882,1.372094
2026-06-29T01:01:36,idle,ue2,2073246,1340430.3620105707,1.340430
2026-06-29T01:01:36,idle,ue3,2073258,1340430.3620105707,1.340430
2026-06-29T01:01:36,idle,ue4,2073270,1350984.8424651169,1.350985
2026-06-29T01:01:36,idle,ue5,2073998,1298212.0964262283,1.298212
2026-06-29T01:01:36,idle,ue6,2074010,1372093.9752572882,1.372094
2026-06-29T01:01:36,idle,ue7,2074022,1340430.3620105707,1.340430
2026-06-29T01:01:36,idle,ue8,2074034,1340430.3620105707,1.340430
2026-06-29T01:01:36,idle,ue9,2074755,1361539.4088612027,1.361539
2026-06-29T01:01:36,idle,ue10,2074767,1372093.9752572882,1.372094
2026-06-29T01:01:36,idle,ue11,2074779,1372093.9752572882,1.372094
2026-06-29T01:01:36,idle,ue12,2074791,1329875.7956144852,1.329876
2026-06-29T01:01:36,idle,ue13,2075524,1350984.8424651169,1.350985
2026-06-29T01:01:36,idle,ue14,2075536,1361539.4088612027,1.361539
2026-06-29T01:01:36,idle,ue15,2075548,1298212.0964262283,1.298212
2026-06-29T01:01:36,idle,ue16,2075560,1319321.2292183996,1.319321
2026-06-29T01:01:41,idle,cu_cp1,2072945,632327.7999926618,0.632328
2026-06-29T01:01:41,idle,cu_up1,2072974,632327.7999926618,0.632328
2026-06-29T01:01:41,idle,cu_cp2,2072982,640134.255554595,0.640134
2026-06-29T01:01:41,idle,cu_up2,2073009,624521.3014528683,0.624521
2026-06-29T01:01:41,idle,du1,2073170,4769781.266323171,4.769781
2026-06-29T01:01:41,idle,du2,2073934,4761974.767783377,4.761975
2026-06-29T01:01:41,idle,du3,2074711,4801007.260482345,4.801007
2026-06-29T01:01:41,idle,du4,2075480,4715135.432721734,4.715135
2026-06-29T01:01:41,idle,ue1,2073234,1381753.421905108,1.381753
2026-06-29T01:01:41,idle,ue2,2073246,1381753.421905108,1.381753
2026-06-29T01:01:41,idle,ue3,2073258,1366140.3388698006,1.366140
2026-06-29T01:01:41,idle,ue4,2073270,1319301.1757195985,1.319301
2026-06-29T01:01:41,idle,ue5,2073998,1350527.255834493,1.350527
2026-06-29T01:01:41,idle,ue6,2074010,1350527.255834493,1.350527
2026-06-29T01:01:41,idle,ue7,2074022,1319301.1757195985,1.319301
2026-06-29T01:01:41,idle,ue8,2074034,1389559.7485334605,1.389560
2026-06-29T01:01:41,idle,ue9,2074755,1366140.3388698006,1.366140
2026-06-29T01:01:41,idle,ue10,2074767,1327107.674259392,1.327108
2026-06-29T01:01:41,idle,ue11,2074779,1373946.837409594,1.373947
2026-06-29T01:01:41,idle,ue12,2074791,1350527.255834493,1.350527
2026-06-29T01:01:41,idle,ue13,2075524,1373946.837409594,1.373947
2026-06-29T01:01:41,idle,ue14,2075536,1319301.1757195985,1.319301
2026-06-29T01:01:41,idle,ue15,2075548,1334914.258754906,1.334914
2026-06-29T01:01:41,idle,ue16,2075560,1342720.7572946995,1.342721
2026-06-29T01:01:47,idle,cu_cp1,2072945,624016.6683466494,0.624017
2026-06-29T01:01:47,idle,cu_up1,2072974,628261.7293988407,0.628262
2026-06-29T01:01:47,idle,cu_cp2,2072982,628261.7293988407,0.628262
2026-06-29T01:01:47,idle,cu_up2,2073009,619771.6932512283,0.619772
2026-06-29T01:01:47,idle,du1,2073170,4805353.067266345,4.805353
2026-06-29T01:01:47,idle,du2,2073934,4792618.056023312,4.792618
2026-06-29T01:01:47,idle,du3,2074711,4822333.31147511,4.822333
2026-06-29T01:01:47,idle,du4,2075480,4716207.9885651115,4.716208
2026-06-29T01:01:47,idle,ue1,2073234,1371138.7318985225,1.371139
2026-06-29T01:01:47,idle,ue2,2073246,1375383.7069939435,1.375384
2026-06-29T01:01:47,idle,ue3,2073258,1349913.5985511064,1.349914
2026-06-29T01:01:47,idle,ue4,2073270,1337178.587308073,1.337179
2026-06-29T01:01:47,idle,ue5,2073998,1358403.720655489,1.358404
2026-06-29T01:01:47,idle,ue6,2074010,1337178.587308073,1.337179
2026-06-29T01:01:47,idle,ue7,2074022,1311708.478865236,1.311708
2026-06-29T01:01:47,idle,ue8,2074034,1400853.7294800102,1.400854
2026-06-29T01:01:47,idle,ue9,2074755,1362648.6097941399,1.362649
2026-06-29T01:01:47,idle,ue10,2074767,1349913.5985511064,1.349914
2026-06-29T01:01:47,idle,ue11,2074779,1396608.8403413594,1.396609
2026-06-29T01:01:47,idle,ue12,2074791,1354158.6596032977,1.354159
2026-06-29T01:01:47,idle,ue13,2075524,1405098.7905322015,1.405099
2026-06-29T01:01:47,idle,ue14,2075536,1341423.6483602643,1.341424
2026-06-29T01:01:47,idle,ue15,2075548,1354158.6596032977,1.354159
2026-06-29T01:01:47,idle,ue16,2075560,1349913.5985511064,1.349914
2026-06-29T01:01:53,idle,cu_cp1,2072945,638333.7484075368,0.638334
2026-06-29T01:01:53,idle,cu_up1,2072974,634078.1671561188,0.634078
2026-06-29T01:01:53,idle,cu_cp2,2072982,621311.4663931793,0.621311
2026-06-29T01:01:53,idle,cu_up2,2073009,629822.6288960152,0.629823
2026-06-29T01:01:53,idle,du1,2073170,4842825.411377072,4.842825
2026-06-29T01:01:53,idle,du2,2073934,4796014.404533305,4.796014
2026-06-29T01:01:53,idle,du3,2074711,4817291.665920678,4.817292
2026-06-29T01:01:53,idle,du4,2075480,4681114.09766685,4.681114
2026-06-29T01:01:53,idle,ue1,2073234,1374545.3067105985,1.374545
2026-06-29T01:01:53,idle,ue2,2073246,1336245.2904044092,1.336245
2026-06-29T01:01:53,idle,ue3,2073258,1366034.2301903917,1.366034
2026-06-29T01:01:53,idle,ue4,2073270,1319223.0513813663,1.319223
2026-06-29T01:01:53,idle,ue5,2073998,1366034.2301903917,1.366034
2026-06-29T01:01:53,idle,ue6,2074010,1327734.2138842023,1.327734
2026-06-29T01:01:53,idle,ue7,2074022,1323478.5896414698,1.323479
2026-06-29T01:01:53,idle,ue8,2074034,1383056.3832308054,1.383056
2026-06-29T01:01:53,idle,ue9,2074755,1366034.2301903917,1.366034
2026-06-29T01:01:53,idle,ue10,2074767,1353267.529427452,1.353268
2026-06-29T01:01:53,idle,ue11,2074779,1408589.6987740553,1.408590
2026-06-29T01:01:53,idle,ue12,2074791,1370289.682467866,1.370290
2026-06-29T01:01:53,idle,ue13,2075524,1391567.6317162705,1.391568
2026-06-29T01:01:53,idle,ue14,2075536,1336245.2904044092,1.336245
2026-06-29T01:01:53,idle,ue15,2075548,1361778.6059476591,1.361779
2026-06-29T01:01:53,idle,ue16,2075560,1353267.529427452,1.353268
2026-06-29T01:01:59,idle,cu_cp1,2072945,631310.4503405088,0.631310
2026-06-29T01:01:59,idle,cu_up1,2072974,626527.800304554,0.626528
2026-06-29T01:01:59,idle,cu_cp2,2072982,631310.4503405088,0.631310
2026-06-29T01:01:59,idle,cu_up2,2073009,626527.800304554,0.626528
2026-06-29T01:01:59,idle,du1,2073170,4820916.056681185,4.820916
2026-06-29T01:01:59,idle,du2,2073934,4835263.748551254,4.835264
2026-06-29T01:01:59,idle,du3,2074711,4816133.148407435,4.816133
2026-06-29T01:01:59,idle,du4,2075480,4749175.87574554,4.749176
2026-06-29T01:01:59,idle,ue1,2073234,1367839.2014720214,1.367839
2026-06-29T01:01:59,idle,ue2,2073246,1358273.9014001118,1.358274
2026-06-29T01:01:59,idle,ue3,2073258,1343925.9512922477,1.343926
2026-06-29T01:01:59,idle,ue4,2073270,1377404.5876231957,1.377405
2026-06-29T01:01:59,idle,ue5,2073998,1363056.5514360666,1.363057
2026-06-29T01:01:59,idle,ue6,2074010,1391752.5377310598,1.391753
2026-06-29T01:01:59,idle,ue7,2074022,1377404.5876231957,1.377405
2026-06-29T01:01:59,idle,ue8,2074034,1367839.2014720214,1.367839
2026-06-29T01:01:59,idle,ue9,2074755,1396535.1877670146,1.396535
2026-06-29T01:01:59,idle,ue10,2074767,1343925.9512922477,1.343926
2026-06-29T01:01:59,idle,ue11,2074779,1391752.5377310598,1.391753
2026-06-29T01:01:59,idle,ue12,2074791,1334360.6512203384,1.334361
2026-06-29T01:01:59,idle,ue13,2075524,1396535.1877670146,1.396535
2026-06-29T01:01:59,idle,ue14,2075536,1315230.1371557843,1.315230
2026-06-29T01:01:59,idle,ue15,2075548,1377404.5876231957,1.377405
2026-06-29T01:01:59,idle,ue16,2075560,1334360.6512203384,1.334361
2026-06-29T01:02:05,idle,cu_cp1,2072945,623478.7849204239,0.623479
2026-06-29T01:02:05,idle,cu_up1,2072974,638323.5086597791,0.638324
2026-06-29T01:02:05,idle,cu_cp2,2072982,618530.5005775827,0.618531
2026-06-29T01:02:05,idle,cu_up2,2073009,618530.5005775827,0.618531
2026-06-29T01:02:05,idle,du1,2073170,4784952.129680533,4.784952
2026-06-29T01:02:05,idle,du2,2073934,4864123.989623761,4.864124
2026-06-29T01:02:05,idle,du3,2074711,4804744.749895224,4.804745
2026-06-29T01:02:05,idle,du4,2075480,4720625.07966944,4.720625
2026-06-29T01:02:05,idle,ue1,2073234,1365715.4459484685,1.365715
2026-06-29T01:02:05,idle,ue2,2073246,1355818.877262786,1.355819
2026-06-29T01:02:05,idle,ue3,2073258,1355818.877262786,1.355819
2026-06-29T01:02:05,idle,ue4,2073270,1316232.947291172,1.316233
2026-06-29T01:02:05,idle,ue5,2073998,1365715.4459484685,1.365715
2026-06-29T01:02:05,idle,ue6,2074010,1355818.877262786,1.355819
2026-06-29T01:02:05,idle,ue7,2074022,1360767.1185092377,1.360767
2026-06-29T01:02:05,idle,ue8,2074034,1331077.6710305274,1.331078
2026-06-29T01:02:05,idle,ue9,2074755,1375611.842248593,1.375612
2026-06-29T01:02:05,idle,ue10,2074767,1360767.1185092377,1.360767
2026-06-29T01:02:05,idle,ue11,2074779,1385508.4109342755,1.385508
2026-06-29T01:02:05,idle,ue12,2074791,1336025.912276979,1.336026
2026-06-29T01:02:05,idle,ue13,2075524,1385508.4109342755,1.385508
2026-06-29T01:02:05,idle,ue14,2075536,1360767.1185092377,1.360767
2026-06-29T01:02:05,idle,ue15,2075548,1350870.6360163344,1.350871
2026-06-29T01:02:05,idle,ue16,2075560,1345922.4809626616,1.345922
2026-06-29T01:02:10,idle,cu_cp1,2072945,654489.3367511004,0.654489
2026-06-29T01:02:10,idle,cu_up1,2072974,619427.3849522084,0.619427
2026-06-29T01:02:10,idle,cu_cp2,2072982,631114.6592023507,0.631115
2026-06-29T01:02:10,idle,cu_up2,2073009,631114.6592023507,0.631115
2026-06-29T01:02:10,idle,du1,2073170,4756734.341961372,4.756734
2026-06-29T01:02:10,idle,du2,2073934,4791796.293760264,4.791796
2026-06-29T01:02:10,idle,du3,2074711,4838545.906954694,4.838546
2026-06-29T01:02:10,idle,du4,2075480,4733360.051558018,4.733360
2026-06-29T01:02:10,idle,ue1,2073234,1379102.4910676747,1.379102
2026-06-29T01:02:10,idle,ue2,2073246,1355727.7705027699,1.355728
2026-06-29T01:02:10,idle,ue3,2073258,1344040.5392687828,1.344041
2026-06-29T01:02:10,idle,ue4,2073270,1367415.1738013774,1.367415
2026-06-29T01:02:10,idle,ue5,2073998,1344040.5392687828,1.344041
2026-06-29T01:02:10,idle,ue6,2074010,1355727.7705027699,1.355728
2026-06-29T01:02:10,idle,ue7,2074022,1344040.5392687828,1.344041
2026-06-29T01:02:10,idle,ue8,2074034,1320665.818703878,1.320666
2026-06-29T01:02:10,idle,ue9,2074755,1332353.2220024853,1.332353
2026-06-29T01:02:10,idle,ue10,2074767,1332353.2220024853,1.332353
2026-06-29T01:02:10,idle,ue11,2074779,1308978.6735022007,1.308979
2026-06-29T01:02:10,idle,ue12,2074791,1332353.2220024853,1.332353
2026-06-29T01:02:10,idle,ue13,2075524,1367415.1738013774,1.367415
2026-06-29T01:02:10,idle,ue14,2075536,1367415.1738013774,1.367415
2026-06-29T01:02:10,idle,ue15,2075548,1320665.818703878,1.320666
2026-06-29T01:02:10,idle,ue16,2075560,1320665.818703878,1.320666
2026-06-29T01:02:16,idle,cu_cp1,2072945,644900.6024871838,0.644901
2026-06-29T01:02:16,idle,cu_up1,2072974,619443.990133084,0.619444
2026-06-29T01:02:16,idle,cu_cp2,2072982,644900.6024871838,0.644901
2026-06-29T01:02:16,idle,cu_up2,2073009,619443.990133084,0.619444
2026-06-29T01:02:16,idle,du1,2073170,4777356.236956587,4.777356
2026-06-29T01:02:16,idle,du2,2073934,4845239.962881221,4.845240
2026-06-29T01:02:16,idle,du3,2074711,4819783.436580067,4.819783
2026-06-29T01:02:16,idle,du4,2075480,4751899.366443653,4.751899
2026-06-29T01:02:16,idle,ue1,2073234,1374656.5508037186,1.374657
2026-06-29T01:02:16,idle,ue2,2073246,1366171.0420366668,1.366171
2026-06-29T01:02:16,idle,ue3,2073258,1349200.0245025635,1.349200
2026-06-29T01:02:16,idle,ue4,2073270,1332228.9209155154,1.332229
2026-06-29T01:02:16,idle,ue5,2073998,1315257.8173284673,1.315258
2026-06-29T01:02:16,idle,ue6,2074010,1349200.0245025635,1.349200
2026-06-29T01:02:16,idle,ue7,2074022,1332228.9209155154,1.332229
2026-06-29T01:02:16,idle,ue8,2074034,1408598.7579778146,1.408599
2026-06-29T01:02:16,idle,ue9,2074755,1391627.6543907665,1.391628
2026-06-29T01:02:16,idle,ue10,2074767,1340714.429682567,1.340714
2026-06-29T01:02:16,idle,ue11,2074779,1357685.5332696151,1.357686
2026-06-29T01:02:16,idle,ue12,2074791,1357685.5332696151,1.357686
2026-06-29T01:02:16,idle,ue13,2075524,1408598.7579778146,1.408599
2026-06-29T01:02:16,idle,ue14,2075536,1374656.5508037186,1.374657
2026-06-29T01:02:16,idle,ue15,2075548,1323743.4121484638,1.323743
2026-06-29T01:02:16,idle,ue16,2075560,1349200.0245025635,1.349200
2026-06-29T01:02:22,idle,cu_cp1,2072945,623312.4871230305,0.623312
2026-06-29T01:02:22,idle,cu_up1,2072974,636434.8616157233,0.636435
2026-06-29T01:02:22,idle,cu_cp2,2072982,636434.8616157233,0.636435
2026-06-29T01:02:22,idle,cu_up2,2073009,616751.2568367005,0.616751
2026-06-29T01:02:22,idle,du1,2073170,4776541.905101156,4.776542
2026-06-29T01:02:22,idle,du2,2073934,4861837.511463595,4.861838
2026-06-29T01:02:22,idle,du3,2074711,4809348.013492823,4.809348
2026-06-29T01:02:22,idle,du4,2075480,4665001.5497533325,4.665002
2026-06-29T01:02:22,idle,ue1,2073234,1345042.6968612908,1.345043
2026-06-29T01:02:22,idle,ue2,2073246,1364726.3446802974,1.364726
2026-06-29T01:02:22,idle,ue3,2073258,1318797.947875905,1.318798
2026-06-29T01:02:22,idle,ue4,2073270,1318797.947875905,1.318798
2026-06-29T01:02:22,idle,ue5,2073998,1390971.0075857162,1.390971
2026-06-29T01:02:22,idle,ue6,2074010,1358164.9852740169,1.358165
2026-06-29T01:02:22,idle,ue7,2074022,1377848.6330930232,1.377849
2026-06-29T01:02:22,idle,ue8,2074034,1371287.5319266438,1.371288
2026-06-29T01:02:22,idle,ue9,2074755,1345042.6968612908,1.345043
2026-06-29T01:02:22,idle,ue10,2074767,1345042.6968612908,1.345043
2026-06-29T01:02:22,idle,ue11,2074779,1404093.3820784092,1.404093
2026-06-29T01:02:22,idle,ue12,2074791,1325359.1351222515,1.325359
2026-06-29T01:02:22,idle,ue13,2075524,1397532.1948320628,1.397532
2026-06-29T01:02:22,idle,ue14,2075536,1364726.3446802974,1.364726
2026-06-29T01:02:22,idle,ue15,2075548,1338481.5096149445,1.338482
2026-06-29T01:02:22,idle,ue16,2075560,1351603.7980276705,1.351604
2026-06-29T01:02:28,idle,cu_cp1,2072945,642649.3577530218,0.642649
2026-06-29T01:02:28,idle,cu_up1,2072974,634080.715751524,0.634081
2026-06-29T01:02:28,idle,cu_cp2,2072982,616943.3886185038,0.616943
2026-06-29T01:02:28,idle,cu_up2,2073009,629796.3516207504,0.629796
2026-06-29T01:02:28,idle,du1,2073170,4794164.127753096,4.794164
2026-06-29T01:02:28,idle,du2,2073934,4866997.972936048,4.866998
2026-06-29T01:02:28,idle,du3,2074711,4747036.467354784,4.747036
2026-06-29T01:02:28,idle,du4,2075480,4747036.467354784,4.747036
2026-06-29T01:02:28,idle,ue1,2073234,1392406.8699148393,1.392407
2026-06-29T01:02:28,idle,ue2,2073246,1370985.3080411195,1.370985
2026-06-29T01:02:28,idle,ue3,2073258,1345279.2095165276,1.345279
2026-06-29T01:02:28,idle,ue4,2073270,1392406.8699148393,1.392407
2026-06-29T01:02:28,idle,ue5,2073998,1358132.3019088483,1.358132
2026-06-29T01:02:28,idle,ue6,2074010,1392406.8699148393,1.392407
2026-06-29T01:02:28,idle,ue7,2074022,1366700.9439103461,1.366701
2026-06-29T01:02:28,idle,ue8,2074034,1345279.2095165276,1.345279
2026-06-29T01:02:28,idle,ue9,2074755,1332426.375904355,1.332426
2026-06-29T01:02:28,idle,ue10,2074767,1353847.9377780748,1.353848
2026-06-29T01:02:28,idle,ue11,2074779,1388122.592044115,1.388123
2026-06-29T01:02:28,idle,ue12,2074791,1332426.375904355,1.332426
2026-06-29T01:02:28,idle,ue13,2075524,1383838.3141733909,1.383838
2026-06-29T01:02:28,idle,ue14,2075536,1400975.5981763864,1.400976
2026-06-29T01:02:28,idle,ue15,2075548,1345279.2095165276,1.345279
2026-06-29T01:02:28,idle,ue16,2075560,1349563.6599073505,1.349564
2026-06-29T01:02:34,idle,cu_cp1,2072945,625588.2088224175,0.625588
2026-06-29T01:02:34,idle,cu_up1,2072974,625588.2088224175,0.625588
2026-06-29T01:02:34,idle,cu_cp2,2072982,625588.2088224175,0.625588
2026-06-29T01:02:34,idle,cu_up2,2073009,630154.5200499013,0.630155
2026-06-29T01:02:34,idle,du1,2073170,4748990.521041627,4.748991
2026-06-29T01:02:34,idle,du2,2073934,4803786.944090881,4.803787
2026-06-29T01:02:34,idle,du3,2074711,4803786.944090881,4.803787
2026-06-29T01:02:34,idle,du4,2075480,4698761.097539306,4.698761
2026-06-29T01:02:34,idle,ue1,2073234,1337936.7611666822,1.337937
2026-06-29T01:02:34,idle,ue2,2073246,1347069.5557015121,1.347070
2026-06-29T01:02:34,idle,ue3,2073258,1328804.0526717836,1.328804
2026-06-29T01:02:34,idle,ue4,2073270,1310538.7217219174,1.310539
2026-06-29T01:02:34,idle,ue5,2073998,1342503.072394166,1.342503
2026-06-29T01:02:34,idle,ue6,2074010,1392732.840056212,1.392733
2026-06-29T01:02:34,idle,ue7,2074022,1374467.4230664147,1.374467
2026-06-29T01:02:34,idle,ue8,2074034,1333370.4499391986,1.333370
2026-06-29T01:02:34,idle,ue9,2074755,1324237.7414443,1.324238
2026-06-29T01:02:34,idle,ue10,2074767,1383600.2176012443,1.383600
2026-06-29T01:02:34,idle,ue11,2074779,1374467.4230664147,1.374467
2026-06-29T01:02:34,idle,ue12,2074791,1360768.4033440321,1.360768
2026-06-29T01:02:34,idle,ue13,2075524,1324237.7414443,1.324238
2026-06-29T01:02:34,idle,ue14,2075536,1356202.0921165484,1.356202
2026-06-29T01:02:34,idle,ue15,2075548,1292273.3907720512,1.292273
2026-06-29T01:02:34,idle,ue16,2075560,1342503.072394166,1.342503
2026-06-29T01:02:39,idle,cu_cp1,2072945,625032.1392325297,0.625032
2026-06-29T01:02:39,idle,cu_up1,2072974,634953.2938752526,0.634953
2026-06-29T01:02:39,idle,cu_cp2,2072982,629992.738098856,0.629993
2026-06-29T01:02:39,idle,cu_up2,2073009,620071.5403662035,0.620072
2026-06-29T01:02:39,idle,du1,2073170,4786952.31058666,4.786952
2026-06-29T01:02:39,idle,du2,2073934,4826637.101517269,4.826637
2026-06-29T01:02:39,idle,du3,2074711,4777031.629933162,4.777032
2026-06-29T01:02:39,idle,du4,2075480,4682780.165293105,4.682780
2026-06-29T01:02:39,idle,ue1,2073234,1374078.5606843424,1.374079
2026-06-29T01:02:39,idle,ue2,2073246,1383999.7584169947,1.384000
2026-06-29T01:02:39,idle,ue3,2073258,1299670.0085887443,1.299670
2026-06-29T01:02:39,idle,ue4,2073270,1339354.627159636,1.339355
2026-06-29T01:02:39,idle,ue5,2073998,1374078.5606843424,1.374079
2026-06-29T01:02:39,idle,ue6,2074010,1388960.357283321,1.388960
2026-06-29T01:02:39,idle,ue7,2074022,1379039.1595506687,1.379039
2026-06-29T01:02:39,idle,ue8,2074034,1359196.9364450818,1.359197
2026-06-29T01:02:39,idle,ue9,2074755,1369118.0479978751,1.369118
2026-06-29T01:02:39,idle,ue10,2074767,1344315.1398461033,1.344315
2026-06-29T01:02:39,idle,ue11,2074779,1383999.7584169947,1.384000
2026-06-29T01:02:39,idle,ue12,2074791,1339354.627159636,1.339355
2026-06-29T01:02:39,idle,ue13,2075524,1388960.357283321,1.388960
2026-06-29T01:02:39,idle,ue14,2075536,1379039.1595506687,1.379039
2026-06-29T01:02:39,idle,ue15,2075548,1344315.1398461033,1.344315
2026-06-29T01:02:39,idle,ue16,2075560,1329433.5156068427,1.329434
2026-06-29T01:02:45,idle,cu_cp1,2072945,629771.6499689117,0.629772
2026-06-29T01:02:45,idle,cu_up1,2072974,629771.6499689117,0.629772
2026-06-29T01:02:45,idle,cu_cp2,2072982,639689.2781227023,0.639689
2026-06-29T01:02:45,idle,cu_up2,2073009,619853.9787255361,0.619854
2026-06-29T01:02:45,idle,du1,2073170,4824943.526556229,4.824944
2026-06-29T01:02:45,idle,du2,2073934,4829901.931282068,4.829902
2026-06-29T01:02:45,idle,du3,2074711,4795189.995751083,4.795190
2026-06-29T01:02:45,idle,du4,2075480,4661302.037219703,4.661302
2026-06-29T01:02:45,idle,ue1,2073234,1358719.926192409,1.358720
2026-06-29T01:02:45,idle,ue2,2073246,1368637.5112566142,1.368638
2026-06-29T01:02:45,idle,ue3,2073258,1343843.3331481754,1.343843
2026-06-29T01:02:45,idle,ue4,2073270,1363678.6756349267,1.363679
2026-06-29T01:02:45,idle,ue5,2073998,1363678.6756349267,1.363679
2026-06-29T01:02:45,idle,ue6,2074010,1324007.9906614244,1.324008
2026-06-29T01:02:45,idle,ue7,2074022,1319049.2412189066,1.319049
2026-06-29T01:02:45,idle,ue8,2074034,1368637.5112566142,1.368638
2026-06-29T01:02:45,idle,ue9,2074755,1314090.4055972188,1.314090
2026-06-29T01:02:45,idle,ue10,2074767,1398390.4388075708,1.398390
2026-06-29T01:02:45,idle,ue11,2074779,1408308.1962301165,1.408308
2026-06-29T01:02:45,idle,ue12,2074791,1378555.26867916,1.378555
2026-06-29T01:02:45,idle,ue13,2075524,1398390.4388075708,1.398390
2026-06-29T01:02:45,idle,ue14,2075536,1403349.4467875988,1.403349
2026-06-29T01:02:45,idle,ue15,2075548,1373596.346878302,1.373596
2026-06-29T01:02:45,idle,ue16,2075560,1304172.6481746733,1.304173
2026-06-29T01:02:51,idle,cu_cp1,2072945,626802.1011390567,0.626802
2026-06-29T01:02:51,idle,cu_up1,2072974,617446.8888151431,0.617447
2026-06-29T01:02:51,idle,cu_cp2,2072982,636157.3563799381,0.636157
2026-06-29T01:02:51,idle,cu_up2,2073009,608091.5906572938,0.608092
2026-06-29T01:02:51,idle,du1,2073170,4789891.026667042,4.789891
2026-06-29T01:02:51,idle,du2,2073934,4780535.471007385,4.780535
2026-06-29T01:02:51,idle,du3,2074711,4846022.643946266,4.846023
2026-06-29T01:02:51,idle,du4,2075480,4668272.236448936,4.668272
2026-06-29T01:02:51,idle,ue1,2073234,1328446.3300391007,1.328446
2026-06-29T01:02:51,idle,ue2,2073246,1356511.9670108415,1.356512
2026-06-29T01:02:51,idle,ue3,2073258,1328446.3300391007,1.328446
2026-06-29T01:02:51,idle,ue4,2073270,1328446.3300391007,1.328446
2026-06-29T01:02:51,idle,ue5,2073998,1356511.9670108415,1.356512
2026-06-29T01:02:51,idle,ue6,2074010,1365867.2651686906,1.365867
2026-06-29T01:02:51,idle,ue7,2074022,1281670.0109177255,1.281670
2026-06-29T01:02:51,idle,ue8,2074034,1300380.5213994884,1.300381
2026-06-29T01:02:51,idle,ue9,2074755,1365867.2651686906,1.365867
2026-06-29T01:02:51,idle,ue10,2074767,1347156.754686928,1.347157
2026-06-29T01:02:51,idle,ue11,2074779,1384577.8614843893,1.384578
2026-06-29T01:02:51,idle,ue12,2074791,1356511.9670108415,1.356512
2026-06-29T01:02:51,idle,ue13,2075524,1356511.9670108415,1.356512
2026-06-29T01:02:51,idle,ue14,2075536,1365867.2651686906,1.365867
2026-06-29T01:02:51,idle,ue15,2075548,1309735.733723402,1.309736
2026-06-29T01:02:51,idle,ue16,2075560,1300380.5213994884,1.300381
2026-06-29T01:02:57,idle,cu_cp1,2072945,607074.2148819075,0.607074
2026-06-29T01:02:57,idle,cu_up1,2072974,628500.3474935174,0.628500
2026-06-29T01:02:57,idle,cu_cp2,2072982,621358.3175881773,0.621358
2026-06-29T01:02:57,idle,cu_up2,2073009,607074.2148819075,0.607074
2026-06-29T01:02:57,idle,du1,2073170,4806598.7375972625,4.806599
2026-06-29T01:02:57,idle,du2,2073934,4828025.256269181,4.828025
2026-06-29T01:02:57,idle,du3,2074711,4742320.211075664,4.742320
2026-06-29T01:02:57,idle,du4,2075480,4735178.610126222,4.735179
2026-06-29T01:02:57,idle,ue1,2073234,1371273.5166371942,1.371274
2026-06-29T01:02:57,idle,ue2,2073246,1371273.5166371942,1.371274
2026-06-29T01:02:57,idle,ue3,2073258,1321279.049926275,1.321279
2026-06-29T01:02:57,idle,ue4,2073270,1371273.5166371942,1.371274
2026-06-29T01:02:57,idle,ue5,2073998,1328421.1656227945,1.328421
2026-06-29T01:02:57,idle,ue6,2074010,1349847.2553388148,1.349847
2026-06-29T01:02:57,idle,ue7,2074022,1335563.1955281347,1.335563
2026-06-29T01:02:57,idle,ue8,2074034,1371273.5166371942,1.371274
2026-06-29T01:02:57,idle,ue9,2074755,1335563.1955281347,1.335563
2026-06-29T01:02:57,idle,ue10,2074767,1342705.3112246543,1.342705
2026-06-29T01:02:57,idle,ue11,2074779,1342705.3112246543,1.342705
2026-06-29T01:02:57,idle,ue12,2074791,1314137.1058121144,1.314137
2026-06-29T01:02:57,idle,ue13,2075524,1378415.4607513547,1.378415
2026-06-29T01:02:57,idle,ue14,2075536,1371273.5166371942,1.371274
2026-06-29T01:02:57,idle,ue15,2075548,1349847.2553388148,1.349847
2026-06-29T01:02:57,idle,ue16,2075560,1264142.6391011954,1.264143
2026-06-29T01:03:03,idle,cu_cp1,2072945,621616.9419750976,0.621617
2026-06-29T01:03:03,idle,cu_up1,2072974,630132.2697449852,0.630132
2026-06-29T01:03:03,idle,cu_cp2,2072982,625874.6058600413,0.625875
2026-06-29T01:03:03,idle,cu_up2,2073009,621616.9419750976,0.621617
2026-06-29T01:03:03,idle,du1,2073170,4819660.1538280295,4.819660
2026-06-29T01:03:03,idle,du2,2073934,4828175.56791212,4.828176
2026-06-29T01:03:03,idle,du3,2074711,4785598.84274848,4.785599
2026-06-29T01:03:03,idle,du4,2075480,4772826.066879158,4.772826
2026-06-29T01:03:03,idle,ue1,2073234,1370963.455241692,1.370963
2026-06-29T01:03:03,idle,ue2,2073246,1379478.6966973757,1.379479
2026-06-29T01:03:03,idle,ue3,2073258,1336902.230476346,1.336902
2026-06-29T01:03:03,idle,ue4,2073270,1375220.98965533,1.375221
2026-06-29T01:03:03,idle,ue5,2073998,1366705.7481996464,1.366706
2026-06-29T01:03:03,idle,ue6,2074010,1353932.7997019172,1.353933
2026-06-29T01:03:03,idle,ue7,2074022,1332644.5234343004,1.332645
2026-06-29T01:03:03,idle,ue8,2074034,1353932.7997019172,1.353933
2026-06-29T01:03:03,idle,ue9,2074755,1383736.3174252177,1.383736
2026-06-29T01:03:03,idle,ue10,2074767,1353932.7997019172,1.353933
2026-06-29T01:03:03,idle,ue11,2074779,1349675.0926598716,1.349675
2026-06-29T01:03:03,idle,ue12,2074791,1358190.420429759,1.358190
2026-06-29T01:03:03,idle,ue13,2075524,1375220.98965533,1.375221
2026-06-29T01:03:03,idle,ue14,2075536,1396509.3522371508,1.396509
2026-06-29T01:03:03,idle,ue15,2075548,1379478.6966973757,1.379479
2026-06-29T01:03:03,idle,ue16,2075560,1315613.8678945256,1.315614
2026-06-29T01:03:08,idle,cu_cp1,2072945,630919.0265763459,0.630919
2026-06-29T01:03:08,idle,cu_up1,2072974,635270.1354678657,0.635270
2026-06-29T01:03:08,idle,cu_cp2,2072982,630919.0265763459,0.630919
2026-06-29T01:03:08,idle,cu_up2,2073009,626567.788303057,0.626568
2026-06-29T01:03:08,idle,du1,2073170,4834144.858018348,4.834145
2026-06-29T01:03:08,idle,du2,2073934,4860251.338858442,4.860251
2026-06-29T01:03:08,idle,du3,2074711,4794984.27421308,4.794984
2026-06-29T01:03:08,idle,du4,2075480,4734068.232204726,4.734068
2026-06-29T01:03:08,idle,ue1,2073234,1361914.8514753396,1.361915
2026-06-29T01:03:08,idle,ue2,2073246,1405426.4579176146,1.405426
2026-06-29T01:03:08,idle,ue3,2073258,1318403.072524039,1.318403
2026-06-29T01:03:08,idle,ue4,2073270,1327105.4628161043,1.327105
2026-06-29T01:03:08,idle,ue5,2073998,1379319.4595504445,1.379319
2026-06-29T01:03:08,idle,ue6,2074010,1409777.5668091346,1.409778
2026-06-29T01:03:08,idle,ue7,2074022,1370617.0692583793,1.370617
2026-06-29T01:03:08,idle,ue8,2074034,1366265.9603668593,1.366266
2026-06-29T01:03:08,idle,ue9,2074755,1353212.3749287617,1.353212
2026-06-29T01:03:08,idle,ue10,2074767,1379319.4595504445,1.379319
2026-06-29T01:03:08,idle,ue11,2074779,1388021.763587997,1.388022
2026-06-29T01:03:08,idle,ue12,2074791,1366265.9603668593,1.366266
2026-06-29T01:03:08,idle,ue13,2075524,1366265.9603668593,1.366266
2026-06-29T01:03:08,idle,ue14,2075536,1374968.264404412,1.374968
2026-06-29T01:03:08,idle,ue15,2075548,1348861.2660372418,1.348861
2026-06-29T01:03:08,idle,ue16,2075560,1335807.7668536569,1.335808
2026-06-29T01:03:14,idle,cu_cp1,2072945,635549.0755331084,0.635549
2026-06-29T01:03:14,idle,cu_up1,2072974,630583.8783757591,0.630584
2026-06-29T01:03:14,idle,cu_cp2,2072982,630583.8783757591,0.630584
2026-06-29T01:03:14,idle,cu_up2,2073009,610722.9603286406,0.610723
2026-06-29T01:03:14,idle,du1,2073170,4821235.645051939,4.821236
2026-06-29T01:03:14,idle,du2,2073934,4781514.067793145,4.781514
2026-06-29T01:03:14,idle,du3,2074711,4746757.299438536,4.746757
2026-06-29T01:03:14,idle,du4,2075480,4702070.568161633,4.702071
2026-06-29T01:03:14,idle,ue1,2073234,1345576.582958101,1.345577
2026-06-29T01:03:14,idle,ue2,2073246,1360472.2175693894,1.360472
2026-06-29T01:03:14,idle,ue3,2073258,1360472.2175693894,1.360472
2026-06-29T01:03:14,idle,ue4,2073270,1315785.2274570435,1.315785
2026-06-29T01:03:14,idle,ue5,2073998,1390263.6593489277,1.390264
2026-06-29T01:03:14,idle,ue6,2074010,1360472.2175693894,1.360472
2026-06-29T01:03:14,idle,ue7,2074022,1320750.4677536332,1.320750
2026-06-29T01:03:14,idle,ue8,2074034,1380333.1787557483,1.380333
2026-06-29T01:03:14,idle,ue9,2074755,1310820.0734389347,1.310820
2026-06-29T01:03:14,idle,ue10,2074767,1380333.1787557483,1.380333
2026-06-29T01:03:14,idle,ue11,2074779,1405159.380238697,1.405159
2026-06-29T01:03:14,idle,ue12,2074791,1390263.6593489277,1.390264
2026-06-29T01:03:14,idle,ue13,2075524,1355507.0635512804,1.355507
2026-06-29T01:03:14,idle,ue14,2075536,1370402.7844410497,1.370403
2026-06-29T01:03:14,idle,ue15,2075548,1315785.2274570435,1.315785
2026-06-29T01:03:14,idle,ue16,2075560,1340611.3426615114,1.340611
2026-06-29T01:03:20,idle,cu_cp1,2072945,634815.8749931538,0.634816
2026-06-29T01:03:20,idle,cu_up1,2072974,629856.3857355773,0.629856
2026-06-29T01:03:20,idle,cu_cp2,2072982,629856.3857355773,0.629856
2026-06-29T01:03:20,idle,cu_up2,2073009,614977.8748585939,0.614978
2026-06-29T01:03:20,idle,du1,2073170,4800794.911852884,4.800795
2026-06-29T01:03:20,idle,du2,2073934,4810714.407619085,4.810714
2026-06-29T01:03:20,idle,du3,2074711,4795835.853637848,4.795836
2026-06-29T01:03:20,idle,du4,2075480,4790876.105754747,4.790876
2026-06-29T01:03:20,idle,ue1,2073234,1373781.3692294455,1.373781
2026-06-29T01:03:20,idle,ue2,2073246,1353943.2397821236,1.353943
2026-06-29T01:03:20,idle,ue3,2073258,1358902.8152482081,1.358903
2026-06-29T01:03:20,idle,ue4,2073270,1339064.7720093941,1.339065
2026-06-29T01:03:20,idle,ue5,2073998,1388659.837002175,1.388660
2026-06-29T01:03:20,idle,ue6,2074010,1339064.7720093941,1.339065
2026-06-29T01:03:20,idle,ue7,2074022,1339064.7720093941,1.339065
2026-06-29T01:03:20,idle,ue8,2074034,1339064.7720093941,1.339065
2026-06-29T01:03:20,idle,ue9,2074755,1344024.3474754787,1.344024
2026-06-29T01:03:20,idle,ue10,2074767,1383700.2615360904,1.383700
2026-06-29T01:03:20,idle,ue11,2074779,1388659.837002175,1.388660
2026-06-29T01:03:20,idle,ue12,2074791,1348983.7505245472,1.348984
2026-06-29T01:03:20,idle,ue13,2075524,1324186.2180281568,1.324186
2026-06-29T01:03:20,idle,ue14,2075536,1388659.837002175,1.388660
2026-06-29T01:03:20,idle,ue15,2075548,1319226.8149790883,1.319227
2026-06-29T01:03:20,idle,ue16,2075560,1314267.3257215119,1.314267
2026-06-29T01:03:26,idle,cu_cp1,2072945,634202.5417411625,0.634203
2026-06-29T01:03:26,idle,cu_up1,2072974,654996.0352497959,0.654996
2026-06-29T01:03:26,idle,cu_cp2,2072982,634202.5417411625,0.634203
2026-06-29T01:03:26,idle,cu_up2,2073009,613408.9621692384,0.613409
2026-06-29T01:03:26,idle,du1,2073170,4813701.277786574,4.813701
2026-06-29T01:03:26,idle,du2,2073934,4907271.697353907,4.907272
2026-06-29T01:03:26,idle,du3,2074711,4907271.697353907,4.907272
2026-06-29T01:03:26,idle,du4,2075480,4772114.118642726,4.772114
2026-06-29T01:03:26,idle,ue1,2073234,1330785.650071516,1.330786
2026-06-29T01:03:26,idle,ue2,2073246,1393166.216660707,1.393166
2026-06-29T01:03:26,idle,ue3,2073258,1393166.216660707,1.393166
2026-06-29T01:03:26,idle,ue4,2073270,1361975.9333661115,1.361976
2026-06-29T01:03:26,idle,ue5,2073998,1413959.7962326312,1.413960
2026-06-29T01:03:26,idle,ue6,2074010,1341182.3537941873,1.341182
2026-06-29T01:03:26,idle,ue7,2074022,1341182.3537941873,1.341182
2026-06-29T01:03:26,idle,ue8,2074034,1393166.216660707,1.393166
2026-06-29T01:03:26,idle,ue9,2074755,1393166.216660707,1.393166
2026-06-29T01:03:26,idle,ue10,2074767,1351579.2296434403,1.351579
2026-06-29T01:03:26,idle,ue11,2074779,1372372.6370887829,1.372373
2026-06-29T01:03:26,idle,ue12,2074791,1351579.2296434403,1.351579
2026-06-29T01:03:26,idle,ue13,2075524,1382769.5129380357,1.382770
2026-06-29T01:03:26,idle,ue14,2075536,1393166.216660707,1.393166
2026-06-29T01:03:26,idle,ue15,2075548,1351579.2296434403,1.351579
2026-06-29T01:03:26,idle,ue16,2075560,1341182.3537941873,1.341182
2026-06-29T01:03:32,idle,cu_cp1,2072945,639978.9396336776,0.639979
2026-06-29T01:03:32,idle,cu_up1,2072974,639978.9396336776,0.639979
2026-06-29T01:03:32,idle,cu_cp2,2072982,624741.3396867443,0.624741
2026-06-29T01:03:32,idle,cu_up2,2073009,624741.3396867443,0.624741
2026-06-29T01:03:32,idle,du1,2073170,4815079.518130753,4.815080
2026-06-29T01:03:32,idle,du2,2073934,4837936.0471199155,4.837936
2026-06-29T01:03:32,idle,du3,2074711,4853173.73311269,4.853174
2026-06-29T01:03:32,idle,du4,2075480,4792222.989141591,4.792223
2026-06-29T01:03:32,idle,ue1,2073234,1363764.7219984096,1.363765
2026-06-29T01:03:32,idle,ue2,2073246,1424715.0357403017,1.424715
2026-06-29T01:03:32,idle,ue3,2073258,1363764.7219984096,1.363765
2026-06-29T01:03:32,idle,ue4,2073270,1386621.078895889,1.386621
2026-06-29T01:03:32,idle,ue5,2073998,1379002.2358995015,1.379002
2026-06-29T01:03:32,idle,ue6,2074010,1318051.9221576094,1.318052
2026-06-29T01:03:32,idle,ue7,2074022,1318051.9221576094,1.318052
2026-06-29T01:03:32,idle,ue8,2074034,1363764.7219984096,1.363765
2026-06-29T01:03:32,idle,ue9,2074755,1379002.2358995015,1.379002
2026-06-29T01:03:32,idle,ue10,2074767,1340908.2790550888,1.340908
2026-06-29T01:03:32,idle,ue11,2074779,1363764.7219984096,1.363765
2026-06-29T01:03:32,idle,ue12,2074791,1340908.2790550888,1.340908
2026-06-29T01:03:32,idle,ue13,2075524,1333289.4360587012,1.333289
2026-06-29T01:03:32,idle,ue14,2075536,1394239.9218922765,1.394240
2026-06-29T01:03:32,idle,ue15,2075548,1340908.2790550888,1.340908
2026-06-29T01:03:32,idle,ue16,2075560,1356145.9650478638,1.356146
2026-06-29T01:03:37,idle,cu_cp1,2072945,634546.2694753361,0.634546
2026-06-29T01:03:37,idle,cu_up1,2072974,634546.2694753361,0.634546
2026-06-29T01:03:37,idle,cu_cp2,2072982,621770.2064557385,0.621770
2026-06-29T01:03:37,idle,cu_up2,2073009,617511.5187825394,0.617512
2026-06-29T01:03:37,idle,du1,2073170,4833624.528390178,4.833625
2026-06-29T01:03:37,idle,du2,2073934,4820848.551378612,4.820849
2026-06-29T01:03:37,idle,du3,2074711,4825106.981027718,4.825107
2026-06-29T01:03:37,idle,du4,2075480,4765485.181586866,4.765485
2026-06-29T01:03:37,idle,ue1,2073234,1354266.6364467812,1.354267
2026-06-29T01:03:37,idle,ue2,2073246,1392594.9115136052,1.392595
2026-06-29T01:03:37,idle,ue3,2073258,1341490.4874191522,1.341490
2026-06-29T01:03:37,idle,ue4,2073270,1350007.8627655506,1.350008
2026-06-29T01:03:37,idle,ue5,2073998,1358525.3241199804,1.358525
2026-06-29T01:03:37,idle,ue6,2074010,1354266.6364467812,1.354267
2026-06-29T01:03:37,idle,ue7,2074022,1328714.4243995547,1.328714
2026-06-29T01:03:37,idle,ue8,2074034,1371301.4731476093,1.371301
2026-06-29T01:03:37,idle,ue9,2074755,1375560.074812777,1.375560
2026-06-29T01:03:37,idle,ue10,2074767,1337231.7997459532,1.337232
2026-06-29T01:03:37,idle,ue11,2074779,1375560.074812777,1.375560
2026-06-29T01:03:37,idle,ue12,2074791,1320196.963045125,1.320197
2026-06-29T01:03:37,idle,ue13,2075524,1307420.814017496,1.307421
2026-06-29T01:03:37,idle,ue14,2075536,1379818.7624859763,1.379819
2026-06-29T01:03:37,idle,ue15,2075548,1315938.3613799573,1.315938
2026-06-29T01:03:37,idle,ue16,2075560,1328714.4243995547,1.328714
2026-06-29T01:03:43,idle,cu_cp1,2072945,623174.9879862821,0.623175
2026-06-29T01:03:43,idle,cu_up1,2072974,635980.004343012,0.635980
2026-06-29T01:03:43,idle,cu_cp2,2072982,635980.004343012,0.635980
2026-06-29T01:03:43,idle,cu_up2,2073009,618906.7211398887,0.618907
2026-06-29T01:03:43,idle,du1,2073170,4806130.451839218,4.806130
2026-06-29T01:03:43,idle,du2,2073934,4793325.737627058,4.793326
2026-06-29T01:03:43,idle,du3,2074711,4840277.277226524,4.840277
2026-06-29T01:03:43,idle,du4,2075480,4742105.4995460985,4.742105
2026-06-29T01:03:43,idle,ue1,2073234,1348789.8478453434,1.348790
2026-06-29T01:03:43,idle,ue2,2073246,1378667.9747511565,1.378668
2026-06-29T01:03:43,idle,ue3,2073258,1370131.35473135,1.370131
2026-06-29T01:03:43,idle,ue4,2073270,1382936.3279245698,1.382936
2026-06-29T01:03:43,idle,ue5,2073998,1404278.0074646163,1.404278
2026-06-29T01:03:43,idle,ue6,2074010,1382936.3279245698,1.382936
2026-06-29T01:03:43,idle,ue7,2074022,1361594.8210385633,1.361595
2026-06-29T01:03:43,idle,ue8,2074034,1400009.654291203,1.400010
2026-06-29T01:03:43,idle,ue9,2074755,1348789.8478453434,1.348790
2026-06-29T01:03:43,idle,ue10,2074767,1370131.35473135,1.370131
2026-06-29T01:03:43,idle,ue11,2074779,1400009.654291203,1.400010
2026-06-29T01:03:43,idle,ue12,2074791,1374399.7079047633,1.374400
2026-06-29T01:03:43,idle,ue13,2075524,1387204.6810979831,1.387205
2026-06-29T01:03:43,idle,ue14,2075536,1400009.654291203,1.400010
2026-06-29T01:03:43,idle,ue15,2075548,1357326.46786515,1.357326
2026-06-29T01:03:43,idle,ue16,2075560,1340253.1414985168,1.340253
2026-06-29T01:03:49,idle,cu_cp1,2072945,641698.7324094772,0.641699
2026-06-29T01:03:49,idle,cu_up1,2072974,641698.7324094772,0.641699
2026-06-29T01:03:49,idle,cu_cp2,2072982,631901.840494585,0.631902
2026-06-29T01:03:49,idle,cu_up2,2073009,622104.862150383,0.622105
2026-06-29T01:03:49,idle,du1,2073170,4844580.618671417,4.844581
2026-06-29T01:03:49,idle,du2,2073934,4844580.618671417,4.844581
2026-06-29T01:03:49,idle,du3,2074711,4839682.1511066435,4.839682
2026-06-29T01:03:49,idle,du4,2075480,4722118.929552078,4.722119
2026-06-29T01:03:49,idle,ue1,2073234,1396062.1323794364,1.396062
2026-06-29T01:03:49,idle,ue2,2073246,1371569.7945555686,1.371570
2026-06-29T01:03:49,idle,ue3,2073258,1347077.5431610108,1.347078
2026-06-29T01:03:49,idle,ue4,2073270,1351976.0107257843,1.351976
2026-06-29T01:03:49,idle,ue5,2073998,1351976.0107257843,1.351976
2026-06-29T01:03:49,idle,ue6,2074010,1386265.1972498894,1.386265
2026-06-29T01:03:49,idle,ue7,2074022,1351976.0107257843,1.351976
2026-06-29T01:03:49,idle,ue8,2074034,1351976.0107257843,1.351976
2026-06-29T01:03:49,idle,ue9,2074755,1312788.2702075958,1.312788
2026-06-29T01:03:49,idle,ue10,2074767,1405858.9810796739,1.405859
2026-06-29T01:03:49,idle,ue11,2074779,1405858.9810796739,1.405859
2026-06-29T01:03:49,idle,ue12,2074791,1396062.1323794364,1.396062
2026-06-29T01:03:49,idle,ue13,2075524,1396062.1323794364,1.396062
2026-06-29T01:03:49,idle,ue14,2075536,1376468.3485496521,1.376468
2026-06-29T01:03:49,idle,ue15,2075548,1366671.326990795,1.366671
2026-06-29T01:03:49,idle,ue16,2075560,1312788.2702075958,1.312788
2026-06-29T01:03:55,idle,cu_cp1,2072945,635155.8910248956,0.635156
2026-06-29T01:03:55,idle,cu_up1,2072974,630193.7703624249,0.630194
2026-06-29T01:03:55,idle,cu_cp2,2072982,630193.7703624249,0.630194
2026-06-29T01:03:55,idle,cu_up2,2073009,630193.7703624249,0.630194
2026-06-29T01:03:55,idle,du1,2073170,4778555.479923227,4.778555
2026-06-29T01:03:55,idle,du2,2073934,4843063.609709835,4.843064
2026-06-29T01:03:55,idle,du3,2074711,4813290.6267314,4.813291
2026-06-29T01:03:55,idle,du4,2075480,4763669.333772156,4.763669
2026-06-29T01:03:55,idle,ue1,2073234,1404289.9464491368,1.404290
2026-06-29T01:03:55,idle,ue2,2073246,1394365.6187896586,1.394366
2026-06-29T01:03:55,idle,ue3,2073258,1300084.6786936892,1.300085
2026-06-29T01:03:55,idle,ue4,2073270,1364592.7221457607,1.364593
2026-06-29T01:03:55,idle,ue5,2073998,1389403.5412944562,1.389404
2026-06-29T01:03:55,idle,ue6,2074010,1379479.2999695146,1.379479
2026-06-29T01:03:55,idle,ue7,2074022,1354668.480820819,1.354668
2026-06-29T01:03:55,idle,ue8,2074034,1344744.1531613409,1.344744
2026-06-29T01:03:55,idle,ue9,2074755,1324895.4978423845,1.324895
2026-06-29T01:03:55,idle,ue10,2074767,1409252.1102788758,1.409252
2026-06-29T01:03:55,idle,ue11,2074779,1419176.437938354,1.419176
2026-06-29T01:03:55,idle,ue12,2074791,1399327.8689539344,1.399328
2026-06-29T01:03:55,idle,ue13,2075524,1379479.2999695146,1.379479
2026-06-29T01:03:55,idle,ue14,2075536,1369554.799640963,1.369555
2026-06-29T01:03:55,idle,ue15,2075548,1339781.989331602,1.339782
2026-06-29T01:03:55,idle,ue16,2075560,1310009.092687704,1.310009
2026-06-29T01:04:01,idle,cu_cp1,2072945,644972.612527701,0.644973
2026-06-29T01:04:01,idle,cu_up1,2072974,644972.612527701,0.644973
2026-06-29T01:04:01,idle,cu_cp2,2072982,644972.612527701,0.644973
2026-06-29T01:04:01,idle,cu_up2,2073009,633852.4210887376,0.633852
2026-06-29T01:04:01,idle,du1,2073170,4881775.769317734,4.881776
2026-06-29T01:04:01,idle,du2,2073934,4915136.343634624,4.915136
2026-06-29T01:04:01,idle,du3,2074711,4904016.152195661,4.904016
2026-06-29T01:04:01,idle,du4,2075480,4848415.195000844,4.848415
2026-06-29T01:04:01,idle,ue1,2073234,1345546.4409475601,1.345546
2026-06-29T01:04:01,idle,ue2,2073246,1390027.2929358608,1.390027
2026-06-29T01:04:01,idle,ue3,2073258,1334426.2495085967,1.334426
2026-06-29T01:04:01,idle,ue4,2073270,1356666.6323865235,1.356667
2026-06-29T01:04:01,idle,ue5,2073998,1412267.7620462347,1.412268
2026-06-29T01:04:01,idle,ue6,2074010,1423387.953485198,1.423388
2026-06-29T01:04:01,idle,ue7,2074022,1378907.1014968974,1.378907
2026-06-29T01:04:01,idle,ue8,2074034,1412267.7620462347,1.412268
2026-06-29T01:04:01,idle,ue9,2074755,1390027.2929358608,1.390027
2026-06-29T01:04:01,idle,ue10,2074767,1367786.910057934,1.367787
2026-06-29T01:04:01,idle,ue11,2074779,1356666.6323865235,1.356667
2026-06-29T01:04:01,idle,ue12,2074791,1356666.6323865235,1.356667
2026-06-29T01:04:01,idle,ue13,2075524,1390027.2929358608,1.390027
2026-06-29T01:04:01,idle,ue14,2075536,1390027.2929358608,1.390027
2026-06-29T01:04:01,idle,ue15,2075548,1323306.0580696333,1.323306
2026-06-29T01:04:01,idle,ue16,2075560,1301065.5889592594,1.301066
2026-06-29T01:04:06,idle,cu_cp1,2072945,638204.9830778753,0.638205
2026-06-29T01:04:06,idle,cu_up1,2072974,654362.0967431492,0.654362
2026-06-29T01:04:06,idle,cu_cp2,2072982,613969.3768374395,0.613969
2026-06-29T01:04:06,idle,cu_up2,2073009,613969.3768374395,0.613969
2026-06-29T01:04:06,idle,du1,2073170,4758262.927520055,4.758263
2026-06-29T01:04:06,idle,du2,2073934,4758262.927520055,4.758263
2026-06-29T01:04:06,idle,du3,2074711,4750183.963723412,4.750184
2026-06-29T01:04:06,idle,du4,2075480,4677477.402032004,4.677477
2026-06-29T01:04:06,idle,ue1,2073234,1324881.2643132554,1.324881
2026-06-29T01:04:06,idle,ue2,2073246,1332959.8854033672,1.332960
2026-06-29T01:04:06,idle,ue3,2073258,1357195.40596717,1.357195
2026-06-29T01:04:06,idle,ue4,2073270,1308724.1934862984,1.308724
2026-06-29T01:04:06,idle,ue5,2073998,1332959.8854033672,1.332960
2026-06-29T01:04:06,idle,ue6,2074010,1381431.0122076059,1.381431
2026-06-29T01:04:06,idle,ue7,2074022,1373352.5624707604,1.373353
2026-06-29T01:04:06,idle,ue8,2074034,1324881.2643132554,1.324881
2026-06-29T01:04:06,idle,ue9,2074755,1365274.0270572817,1.365274
2026-06-29T01:04:06,idle,ue10,2074767,1357195.40596717,1.357195
2026-06-29T01:04:06,idle,ue11,2074779,1349116.8705536914,1.349117
2026-06-29T01:04:06,idle,ue12,2074791,1316802.728899777,1.316803
2026-06-29T01:04:06,idle,ue13,2075524,1365274.0270572817,1.365274
2026-06-29T01:04:06,idle,ue14,2075536,1365274.0270572817,1.365274
2026-06-29T01:04:06,idle,ue15,2075548,1316802.728899777,1.316803
2026-06-29T01:04:06,idle,ue16,2075560,1244095.8245018362,1.244096
2026-06-29T01:04:12,idle,cu_cp1,2072945,633762.5681657642,0.633763
2026-06-29T01:04:12,idle,cu_up1,2072974,629509.105806114,0.629509
2026-06-29T01:04:12,idle,cu_cp2,2072982,625255.68660779,0.625256
2026-06-29T01:04:12,idle,cu_up2,2073009,612495.3858514917,0.612495
2026-06-29T01:04:12,idle,du1,2073170,4793627.045756592,4.793627
2026-06-29T01:04:12,idle,du2,2073934,4802133.9704758935,4.802134
2026-06-29T01:04:12,idle,du3,2074711,4802133.9704758935,4.802134
2026-06-29T01:04:12,idle,du4,2075480,4687291.004701252,4.687291
2026-06-29T01:04:12,idle,ue1,2073234,1339833.5648323202,1.339834
2026-06-29T01:04:12,idle,ue2,2073246,1373861.1773868692,1.373861
2026-06-29T01:04:12,idle,ue3,2073258,1395128.4028624678,1.395128
2026-06-29T01:04:12,idle,ue4,2073270,1314312.9633197235,1.314313
2026-06-29T01:04:12,idle,ue5,2073998,1382368.0157835174,1.382368
2026-06-29T01:04:12,idle,ue6,2074010,1390874.7678575134,1.390875
2026-06-29T01:04:12,idle,ue7,2074022,1335580.188795322,1.335580
2026-06-29T01:04:12,idle,ue8,2074034,1348340.5758742725,1.348341
2026-06-29T01:04:12,idle,ue9,2074755,1365354.166344917,1.365354
2026-06-29T01:04:12,idle,ue10,2074767,1365354.166344917,1.365354
2026-06-29T01:04:12,idle,ue11,2074779,1395128.4028624678,1.395128
2026-06-29T01:04:12,idle,ue12,2074791,1369607.7150272192,1.369608
2026-06-29T01:04:12,idle,ue13,2075524,1348340.5758742725,1.348341
2026-06-29T01:04:12,idle,ue14,2075536,1395128.4028624678,1.395128
2026-06-29T01:04:12,idle,ue15,2075548,1327073.350398674,1.327073
2026-06-29T01:04:12,idle,ue16,2075560,1305806.1249230755,1.305806
2026-06-29T01:04:18,idle,cu_cp1,2072945,637793.9761835247,0.637794
2026-06-29T01:04:18,idle,cu_up1,2072974,629290.0329227432,0.629290
2026-06-29T01:04:18,idle,cu_cp2,2072982,629290.0329227432,0.629290
2026-06-29T01:04:18,idle,cu_up2,2073009,620786.1327930614,0.620786
2026-06-29T01:04:18,idle,du1,2073170,4800462.751029098,4.800463
2026-06-29T01:04:18,idle,du2,2073934,4787706.642047977,4.787707
2026-06-29T01:04:18,idle,du3,2074711,4813218.169912624,4.813218
2026-06-29T01:04:18,idle,du4,2075480,4711171.368356442,4.711171
2026-06-29T01:04:18,idle,ue1,2073234,1369131.026317948,1.369131
2026-06-29T01:04:18,idle,ue2,2073246,1398894.8492962332,1.398895
2026-06-29T01:04:18,idle,ue3,2073258,1386138.912839511,1.386139
2026-06-29T01:04:18,idle,ue4,2073270,1343619.3259289027,1.343619
2026-06-29T01:04:18,idle,ue5,2073998,1377634.92644763,1.377635
2026-06-29T01:04:18,idle,ue6,2074010,1326611.4394073398,1.326611
2026-06-29T01:04:18,idle,ue7,2074022,1343619.3259289027,1.343619
2026-06-29T01:04:18,idle,ue8,2074034,1318107.5392776579,1.318108
2026-06-29T01:04:18,idle,ue9,2074755,1360627.1261882663,1.360627
2026-06-29T01:04:18,idle,ue10,2074767,1309603.5528857769,1.309604
2026-06-29T01:04:18,idle,ue11,2074779,1369131.026317948,1.369131
2026-06-29T01:04:18,idle,ue12,2074791,1318107.5392776579,1.318108
2026-06-29T01:04:18,idle,ue13,2075524,1352123.139796385,1.352123
2026-06-29T01:04:18,idle,ue14,2075536,1360627.1261882663,1.360627
2026-06-29T01:04:18,idle,ue15,2075548,1305351.6890831352,1.305352
2026-06-29T01:04:18,idle,ue16,2075560,1364879.0762531073,1.364879
2026-06-29T01:04:24,idle,cu_cp1,2072945,635458.828358911,0.635459
2026-06-29T01:04:24,idle,cu_up1,2072974,635458.828358911,0.635459
2026-06-29T01:04:24,idle,cu_cp2,2072982,621337.5210620463,0.621338
2026-06-29T01:04:24,idle,cu_up2,2073009,621337.5210620463,0.621338
2026-06-29T01:04:24,idle,du1,2073170,4791830.707775056,4.791831
2026-06-29T01:04:24,idle,du2,2073934,4853022.737200856,4.853023
2026-06-29T01:04:24,idle,du3,2074711,4820072.890663147,4.820073
2026-06-29T01:04:24,idle,du4,2075480,4754173.5429522395,4.754174
2026-06-29T01:04:24,idle,ue1,2073234,1365059.7053635865,1.365060
2026-06-29T01:04:24,idle,ue2,2073246,1407423.6704247445,1.407424
2026-06-29T01:04:24,idle,ue3,2073258,1336817.0907698572,1.336817
2026-06-29T01:04:24,idle,ue4,2073270,1388595.1743544638,1.388595
2026-06-29T01:04:24,idle,ue5,2073998,1341524.2363727093,1.341524
2026-06-29T01:04:24,idle,ue6,2074010,1360352.6461018622,1.360353
2026-06-29T01:04:24,idle,ue7,2074022,1346231.3819755614,1.346231
2026-06-29T01:04:24,idle,ue8,2074034,1369766.9373075664,1.369767
2026-06-29T01:04:24,idle,ue9,2074755,1350938.4412372857,1.350938
2026-06-29T01:04:24,idle,ue10,2074767,1322695.912984684,1.322696
2026-06-29T01:04:24,idle,ue11,2074779,1374473.9965692908,1.374474
2026-06-29T01:04:24,idle,ue12,2074791,1303867.4169144034,1.303867
2026-06-29T01:04:24,idle,ue13,2075524,1383888.1150927395,1.383888
2026-06-29T01:04:24,idle,ue14,2075536,1332110.0315081328,1.332110
2026-06-29T01:04:24,idle,ue15,2075548,1341524.2363727093,1.341524
2026-06-29T01:04:24,idle,ue16,2075560,1355645.5868401378,1.355646
2026-06-29T01:04:30,idle,cu_cp1,2072945,631243.4297399658,0.631243
2026-06-29T01:04:30,idle,cu_up1,2072974,636213.8290273556,0.636214
2026-06-29T01:04:30,idle,cu_cp2,2072982,626272.9872741401,0.626273
2026-06-29T01:04:30,idle,cu_up2,2073009,626272.9872741401,0.626273
2026-06-29T01:04:30,idle,du1,2073170,4821307.948060462,4.821308
2026-06-29T01:04:30,idle,du2,2073934,4880952.912222884,4.880953
2026-06-29T01:04:30,idle,du3,2074711,4796456.167515692,4.796456
2026-06-29T01:04:30,idle,du4,2075480,4711958.386526041,4.711958
2026-06-29T01:04:30,idle,ue1,2073234,1356924.8345462608,1.356925
2026-06-29T01:04:30,idle,ue2,2073246,1366865.6331210404,1.366866
2026-06-29T01:04:30,idle,ue3,2073258,1356924.8345462608,1.356925
2026-06-29T01:04:30,idle,ue4,2073270,1356924.8345462608,1.356925
2026-06-29T01:04:30,idle,ue5,2073998,1351954.3057235635,1.351954
2026-06-29T01:04:30,idle,ue6,2074010,1332072.7085740042,1.332073
2026-06-29T01:04:30,idle,ue7,2074022,1322131.9099992246,1.322132
2026-06-29T01:04:30,idle,ue8,2074034,1351954.3057235635,1.351954
2026-06-29T01:04:30,idle,ue9,2074755,1342013.5935056554,1.342014
2026-06-29T01:04:30,idle,ue10,2074767,1361895.1906552147,1.361895
2026-06-29T01:04:30,idle,ue11,2074779,1317161.467533399,1.317161
2026-06-29T01:04:30,idle,ue12,2074791,1292309.427918014,1.292309
2026-06-29T01:04:30,idle,ue13,2075524,1381776.8741616458,1.381777
2026-06-29T01:04:30,idle,ue14,2075536,1337043.0646829582,1.337043
2026-06-29T01:04:30,idle,ue15,2075548,1346983.9496146096,1.346984
2026-06-29T01:04:30,idle,ue16,2075560,1342013.5935056554,1.342014
2026-06-29T01:04:35,idle,cu_cp1,2072945,639527.7068028689,0.639528
2026-06-29T01:04:35,idle,cu_up1,2072974,639527.7068028689,0.639528
2026-06-29T01:04:35,idle,cu_cp2,2072982,627229.1194849492,0.627229
2026-06-29T01:04:35,idle,cu_up2,2073009,614930.5321670293,0.614931
2026-06-29T01:04:35,idle,du1,2073170,4833353.757353783,4.833354
2026-06-29T01:04:35,idle,du2,2073934,4784159.235301209,4.784159
2026-06-29T01:04:35,idle,du3,2074711,4845652.647038269,4.845653
2026-06-29T01:04:35,idle,du4,2075480,4698069.080880547,4.698069
2026-06-29T01:04:35,idle,ue1,2073234,1352847.1102941514,1.352847
2026-06-29T01:04:35,idle,ue2,2073246,1377444.3713204383,1.377444
2026-06-29T01:04:35,idle,ue3,2073258,1328249.8492678641,1.328250
2026-06-29T01:04:35,idle,ue4,2073270,1365145.7408072948,1.365146
2026-06-29T01:04:35,idle,ue5,2073998,1414340.1764694215,1.414340
2026-06-29T01:04:35,idle,ue6,2074010,1365145.7408072948,1.365146
2026-06-29T01:04:35,idle,ue7,2074022,1303652.6746320247,1.303653
2026-06-29T01:04:35,idle,ue8,2074034,1340548.4797810079,1.340548
2026-06-29T01:04:35,idle,ue9,2074755,1340548.4797810079,1.340548
2026-06-29T01:04:35,idle,ue10,2074767,1340548.4797810079,1.340548
2026-06-29T01:04:35,idle,ue11,2074779,1352847.1102941514,1.352847
2026-06-29T01:04:35,idle,ue12,2074791,1340548.4797810079,1.340548
2026-06-29T01:04:35,idle,ue13,2075524,1402041.5459562778,1.402042
2026-06-29T01:04:35,idle,ue14,2075536,1389742.9154431343,1.389743
2026-06-29T01:04:35,idle,ue15,2075548,1377444.3713204383,1.377444
2026-06-29T01:04:35,idle,ue16,2075560,1328249.8492678641,1.328250
2026-06-29T01:04:41,idle,cu_cp1,2072945,641079.2792119212,0.641079
2026-06-29T01:04:41,idle,cu_up1,2072974,632297.4079298889,0.632297
2026-06-29T01:04:41,idle,cu_cp2,2072982,623515.4934926379,0.623515
2026-06-29T01:04:41,idle,cu_up2,2073009,632297.4079298889,0.632297
2026-06-29T01:04:41,idle,du1,2073170,4847613.316945085,4.847613
2026-06-29T01:04:41,idle,du2,2073934,4838831.402507834,4.838831
2026-06-29T01:04:41,idle,du3,2074711,4856395.576624088,4.856396
2026-06-29T01:04:41,idle,du4,2075480,4724666.860065322,4.724667
2026-06-29T01:04:41,idle,ue1,2073234,1317286.2161728465,1.317286
2026-06-29T01:04:41,idle,ue2,2073246,1361195.87466954,1.361196
2026-06-29T01:04:41,idle,ue3,2073258,1334850.1313577867,1.334850
2026-06-29T01:04:41,idle,ue4,2073270,1352413.873921851,1.352414
2026-06-29T01:04:41,idle,ue5,2073998,1405105.3605453575,1.405105
2026-06-29T01:04:41,idle,ue6,2074010,1361195.87466954,1.361196
2026-06-29T01:04:41,idle,ue7,2074022,1317286.2161728465,1.317286
2026-06-29T01:04:41,idle,ue8,2074034,1334850.1313577867,1.334850
2026-06-29T01:04:41,idle,ue9,2074755,1369977.702796353,1.369978
2026-06-29T01:04:41,idle,ue10,2074767,1361195.87466954,1.361196
2026-06-29T01:04:41,idle,ue11,2074779,1326068.2169205355,1.326068
2026-06-29T01:04:41,idle,ue12,2074791,1352413.873921851,1.352414
2026-06-29T01:04:41,idle,ue13,2075524,1378759.6172336042,1.378760
2026-06-29T01:04:41,idle,ue14,2075536,1352413.873921851,1.352414
2026-06-29T01:04:41,idle,ue15,2075548,1361195.87466954,1.361196
2026-06-29T01:04:41,idle,ue16,2075560,1326068.2169205355,1.326068
2026-06-29T01:04:47,idle,cu_cp1,2072945,632305.5046642345,0.632306
2026-06-29T01:04:47,idle,cu_up1,2072974,632305.5046642345,0.632306
2026-06-29T01:04:47,idle,cu_cp2,2072982,632305.5046642345,0.632306
2026-06-29T01:04:47,idle,cu_up2,2073009,618707.5544155526,0.618708
2026-06-29T01:04:47,idle,du1,2073170,4766087.977793448,4.766088
2026-06-29T01:04:47,idle,du2,2073934,4786485.032340238,4.786485
2026-06-29T01:04:47,idle,du3,2074711,4766087.977793448,4.766088
2026-06-29T01:04:47,idle,du4,2075480,4738891.905064395,4.738892
2026-06-29T01:04:47,idle,ue1,2073234,1298605.9280080963,1.298606
2026-06-29T01:04:47,idle,ue2,2073246,1400590.7701628227,1.400591
2026-06-29T01:04:47,idle,ue3,2073258,1407389.788345086,1.407390
2026-06-29T01:04:47,idle,ue4,2073270,1319002.8964390415,1.319003
2026-06-29T01:04:47,idle,ue5,2073998,1414188.7204115046,1.414189
2026-06-29T01:04:47,idle,ue6,2074010,1400590.7701628227,1.400591
2026-06-29T01:04:47,idle,ue7,2074022,1339399.8648699867,1.339400
2026-06-29T01:04:47,idle,ue8,2074034,1366595.7653673505,1.366596
2026-06-29T01:04:47,idle,ue9,2074755,1380193.7156160325,1.380194
2026-06-29T01:04:47,idle,ue10,2074767,1339399.8648699867,1.339400
2026-06-29T01:04:47,idle,ue11,2074779,1339399.8648699867,1.339400
2026-06-29T01:04:47,idle,ue12,2074791,1359796.7471850873,1.359797
2026-06-29T01:04:47,idle,ue13,2075524,1400590.7701628227,1.400591
2026-06-29T01:04:47,idle,ue14,2075536,1380193.7156160325,1.380194
2026-06-29T01:04:47,idle,ue15,2075548,1352997.8151186686,1.352998
2026-06-29T01:04:47,idle,ue16,2075560,1339399.8648699867,1.339400
2026-06-29T01:04:53,idle,cu_cp1,2072945,629104.4459151998,0.629104
2026-06-29T01:04:53,idle,cu_up1,2072974,629104.4459151998,0.629104
2026-06-29T01:04:53,idle,cu_cp2,2072982,637605.8357492924,0.637606
2026-06-29T01:04:53,idle,cu_up2,2073009,624853.7294009596,0.624854
2026-06-29T01:04:53,idle,du1,2073170,4769292.093715238,4.769292
2026-06-29T01:04:53,idle,du2,2073934,4820300.519108569,4.820301
2026-06-29T01:04:53,idle,du3,2074711,4837303.212387979,4.837303
2026-06-29T01:04:53,idle,du4,2075480,4688528.263972735,4.688528
2026-06-29T01:04:53,idle,ue1,2073234,1364476.5887144655,1.364477
2026-06-29T01:04:53,idle,ue2,2073246,1402732.9077594639,1.402733
2026-06-29T01:04:53,idle,ue3,2073258,1394231.561119759,1.394232
2026-06-29T01:04:53,idle,ue4,2073270,1317718.750252211,1.317719
2026-06-29T01:04:53,idle,ue5,2073998,1423986.4471362769,1.423986
2026-06-29T01:04:53,idle,ue6,2074010,1364476.5887144655,1.364477
2026-06-29T01:04:53,idle,ue7,2074022,1326220.2696694671,1.326220
2026-06-29T01:04:53,idle,ue8,2074034,1381479.3683826507,1.381479
2026-06-29T01:04:53,idle,ue9,2074755,1364476.5887144655,1.364477
2026-06-29T01:04:53,idle,ue10,2074767,1351724.4823661328,1.351724
2026-06-29T01:04:53,idle,ue11,2074779,1364476.5887144655,1.364477
2026-06-29T01:04:53,idle,ue12,2074791,1355975.0692972094,1.355975
2026-06-29T01:04:53,idle,ue13,2075524,1406983.581079316,1.406984
2026-06-29T01:04:53,idle,ue14,2075536,1389980.801411131,1.389981
2026-06-29T01:04:53,idle,ue15,2075548,1394231.561119759,1.394232
2026-06-29T01:04:53,idle,ue16,2075560,1343223.0493376523,1.343223
2026-06-29T01:04:59,idle,cu_cp1,2072945,632708.3091588003,0.632708
2026-06-29T01:04:59,idle,cu_up1,2072974,637227.6992259696,0.637228
2026-06-29T01:04:59,idle,cu_cp2,2072982,641747.0461407766,0.641747
2026-06-29T01:04:59,idle,cu_up2,2073009,628188.9622439933,0.628189
2026-06-29T01:04:59,idle,du1,2073170,4840218.560749586,4.840219
2026-06-29T01:04:59,idle,du2,2073934,4858296.293627713,4.858296
2026-06-29T01:04:59,idle,du3,2074711,4867334.469628978,4.867334
2026-06-29T01:04:59,idle,du4,2075480,4758870.48889251,4.758870
2026-06-29T01:04:59,idle,ue1,2073234,1355803.5566137398,1.355804
2026-06-29T01:04:59,idle,ue2,2073246,1414555.0665062303,1.414555
2026-06-29T01:04:59,idle,ue3,2073258,1355803.5566137398,1.355804
2026-06-29T01:04:59,idle,ue4,2073270,1324168.128210091,1.324168
2026-06-29T01:04:59,idle,ue5,2073998,1373881.0305776924,1.373881
2026-06-29T01:04:59,idle,ue6,2074010,1355803.5566137398,1.355804
2026-06-29T01:04:59,idle,ue7,2074022,1333206.822039705,1.333207
2026-06-29T01:04:59,idle,ue8,2074034,1355803.5566137398,1.355804
2026-06-29T01:04:59,idle,ue9,2074755,1400997.0257618094,1.400997
2026-06-29T01:04:59,idle,ue10,2074767,1351284.2960036576,1.351284
2026-06-29T01:04:59,idle,ue11,2074779,1364842.1641386289,1.364842
2026-06-29T01:04:59,idle,ue12,2074791,1369361.5973581607,1.369362
2026-06-29T01:04:59,idle,ue13,2075524,1400997.0257618094,1.400997
2026-06-29T01:04:59,idle,ue14,2075536,1346764.8627841258,1.346765
2026-06-29T01:04:59,idle,ue15,2075548,1355803.5566137398,1.355804
2026-06-29T01:04:59,idle,ue16,2075560,1364842.1641386289,1.364842
2026-06-29T01:05:04,idle,cu_cp1,2072945,632015.1671501541,0.632015
2026-06-29T01:05:04,idle,cu_up1,2072974,636991.6628306007,0.636992
2026-06-29T01:05:04,idle,cu_cp2,2072982,632015.1671501541,0.632015
2026-06-29T01:05:04,idle,cu_up2,2073009,627038.6714697075,0.627039
2026-06-29T01:05:04,idle,du1,2073170,4837155.009501343,4.837155
2026-06-29T01:05:04,idle,du2,2073934,4842131.3757417295,4.842131
2026-06-29T01:05:04,idle,du3,2074711,4837155.009501343,4.837155
2026-06-29T01:05:04,idle,du4,2075480,4727672.535998383,4.727673
2026-06-29T01:05:04,idle,ue1,2073234,1393419.3082852936,1.393419
2026-06-29T01:05:04,idle,ue2,2073246,1383466.3169244004,1.383466
2026-06-29T01:05:04,idle,ue3,2073258,1363560.2479092407,1.363560
2026-06-29T01:05:04,idle,ue4,2073270,1358583.7090821075,1.358584
2026-06-29T01:05:04,idle,ue5,2073998,1353607.2565483474,1.353607
2026-06-29T01:05:04,idle,ue6,2074010,1333701.273826561,1.333701
2026-06-29T01:05:04,idle,ue7,2074022,1328724.7349994278,1.328725
2026-06-29T01:05:04,idle,ue8,2074034,1378489.691803894,1.378490
2026-06-29T01:05:04,idle,ue9,2074755,1413325.1184203338,1.413325
2026-06-29T01:05:04,idle,ue10,2074767,1333701.273826561,1.333701
2026-06-29T01:05:04,idle,ue11,2074779,1363560.2479092407,1.363560
2026-06-29T01:05:04,idle,ue12,2074791,1353607.2565483474,1.353607
2026-06-29T01:05:04,idle,ue13,2075524,1383466.3169244004,1.383466
2026-06-29T01:05:04,idle,ue14,2075536,1378489.691803894,1.378490
2026-06-29T01:05:04,idle,ue15,2075548,1333701.273826561,1.333701
2026-06-29T01:05:04,idle,ue16,2075560,1303842.2997438812,1.303842
2026-06-29T01:05:10,idle,cu_cp1,2072945,627577.1523658508,0.627577
2026-06-29T01:05:10,idle,cu_up1,2072974,632557.8592997843,0.632558
2026-06-29T01:05:10,idle,cu_cp2,2072982,627577.1523658508,0.627577
2026-06-29T01:05:10,idle,cu_up2,2073009,622596.3158272612,0.622596
2026-06-29T01:05:10,idle,du1,2073170,4786520.796117081,4.786521
2026-06-29T01:05:10,idle,du2,2073934,4831347.7633442115,4.831348
2026-06-29T01:05:10,idle,du3,2074711,4846290.316161532,4.846290
2026-06-29T01:05:10,idle,du4,2075480,4721771.001154218,4.721771
2026-06-29T01:05:10,idle,ue1,2073234,1394615.913347025,1.394616
2026-06-29T01:05:10,idle,ue2,2073246,1399596.6202809585,1.399597
2026-06-29T01:05:10,idle,ue3,2073258,1374692.6535957707,1.374693
2026-06-29T01:05:10,idle,ue4,2073270,1349788.859716791,1.349789
2026-06-29T01:05:10,idle,ue5,2073998,1389635.0336068834,1.389635
2026-06-29T01:05:10,idle,ue6,2074010,1359750.53279397,1.359751
2026-06-29T01:05:10,idle,ue7,2074022,1324885.0658378112,1.324885
2026-06-29T01:05:10,idle,ue8,2074034,1414539.0002920711,1.414539
2026-06-29T01:05:10,idle,ue9,2074755,1429481.2074969755,1.429481
2026-06-29T01:05:10,idle,ue10,2074767,1339827.2730427159,1.339827
2026-06-29T01:05:10,idle,ue11,2074779,1374692.6535957707,1.374693
2026-06-29T01:05:10,idle,ue12,2074791,1394615.913347025,1.394616
2026-06-29T01:05:10,idle,ue13,2075524,1389635.0336068834,1.389635
2026-06-29T01:05:10,idle,ue14,2075536,1384654.3266729498,1.384654
2026-06-29T01:05:10,idle,ue15,2075548,1339827.2730427159,1.339827
2026-06-29T01:05:10,idle,ue16,2075560,1329865.7727717448,1.329866
2026-06-29T01:05:16,idle,cu_cp1,2072945,642724.8014423192,0.642725
2026-06-29T01:05:16,idle,cu_up1,2072974,623248.3248566076,0.623248
2026-06-29T01:05:16,idle,cu_cp2,2072982,632986.5416671867,0.632987
2026-06-29T01:05:16,idle,cu_up2,2073009,632986.5416671867,0.632987
2026-06-29T01:05:16,idle,du1,2073170,4752268.020533252,4.752268
2026-06-29T01:05:16,idle,du2,2073934,4849650.790142791,4.849651
2026-06-29T01:05:16,idle,du3,2074711,4791221.059633782,4.791221
2026-06-29T01:05:16,idle,du4,2075480,4723053.498995176,4.723053
2026-06-29T01:05:16,idle,ue1,2073234,1304926.1224349034,1.304926
2026-06-29T01:05:16,idle,ue2,2073246,1382832.1147068567,1.382832
2026-06-29T01:05:16,idle,ue3,2073258,1314664.296280929,1.314664
2026-06-29T01:05:16,idle,ue4,2073270,1295187.7767306638,1.295188
2026-06-29T01:05:16,idle,ue5,2073998,1334140.815831194,1.334141
2026-06-29T01:05:16,idle,ue6,2074010,1363355.6810856985,1.363356
2026-06-29T01:05:16,idle,ue7,2074022,1334140.815831194,1.334141
2026-06-29T01:05:16,idle,ue8,2074034,1314664.296280929,1.314664
2026-06-29T01:05:16,idle,ue9,2074755,1353617.335381459,1.353617
2026-06-29T01:05:16,idle,ue10,2074767,1324402.6419851684,1.324403
2026-06-29T01:05:16,idle,ue11,2074779,1392570.374481989,1.392570
2026-06-29T01:05:16,idle,ue12,2074791,1343879.1615354335,1.343879
2026-06-29T01:05:16,idle,ue13,2075524,1392570.374481989,1.392570
2026-06-29T01:05:16,idle,ue14,2075536,1343879.1615354335,1.343879
2026-06-29T01:05:16,idle,ue15,2075548,1334140.815831194,1.334141
2026-06-29T01:05:16,idle,ue16,2075560,1343879.1615354335,1.343879
2026-06-29T01:05:22,idle,cu_cp1,2072945,632251.3378713807,0.632251
2026-06-29T01:05:22,idle,cu_up1,2072974,617547.8183859998,0.617548
2026-06-29T01:05:22,idle,cu_cp2,2072982,639603.1191745588,0.639603
2026-06-29T01:05:22,idle,cu_up2,2073009,624899.5996891778,0.624900
2026-06-29T01:05:22,idle,du1,2073170,4844809.907598386,4.844810
2026-06-29T01:05:22,idle,du2,2073934,4808050.828598594,4.808051
2026-06-29T01:05:22,idle,du3,2074711,4859512.7802691385,4.859513
2026-06-29T01:05:22,idle,du4,2075480,4800699.219779317,4.800699
2026-06-29T01:05:22,idle,ue1,2073234,1338020.3162906414,1.338020
2026-06-29T01:05:22,idle,ue2,2073246,1323316.6674423348,1.323317
2026-06-29T01:05:22,idle,ue3,2073258,1360075.5739582253,1.360076
2026-06-29T01:05:22,idle,ue4,2073270,1323316.6674423348,1.323317
2026-06-29T01:05:22,idle,ue5,2073998,1382130.9178677595,1.382131
2026-06-29T01:05:22,idle,ue6,2074010,1389482.6129289872,1.389483
2026-06-29T01:05:22,idle,ue7,2074022,1338020.3162906414,1.338020
2026-06-29T01:05:22,idle,ue8,2074034,1389482.6129289872,1.389483
2026-06-29T01:05:22,idle,ue9,2074755,1330668.5349874634,1.330669
2026-06-29T01:05:22,idle,ue10,2074767,1338020.3162906414,1.338020
2026-06-29T01:05:22,idle,ue11,2074779,1382130.9178677595,1.382131
2026-06-29T01:05:22,idle,ue12,2074791,1301261.4960167015,1.301261
2026-06-29T01:05:22,idle,ue13,2075524,1330668.5349874634,1.330669
2026-06-29T01:05:22,idle,ue14,2075536,1360075.5739582253,1.360076
2026-06-29T01:05:22,idle,ue15,2075548,1301261.4960167015,1.301261
2026-06-29T01:05:22,idle,ue16,2075560,1338020.3162906414,1.338020
2026-06-29T01:05:27,idle,cu_cp1,2072945,634383.5389587149,0.634384
2026-06-29T01:05:27,idle,cu_up1,2072974,634383.5389587149,0.634384
2026-06-29T01:05:27,idle,cu_cp2,2072982,638669.9238413784,0.638670
2026-06-29T01:05:27,idle,cu_up2,2073009,621524.4274524057,0.621524
2026-06-29T01:05:27,idle,du1,2073170,4813599.351527422,4.813599
2026-06-29T01:05:27,idle,du2,2073934,4869322.182435322,4.869322
2026-06-29T01:05:27,idle,du3,2074711,4822172.1212927485,4.822172
2026-06-29T01:05:27,idle,du4,2075480,4770735.502700787,4.770736
2026-06-29T01:05:27,idle,ue1,2073234,1345921.746955285,1.345922
2026-06-29T01:05:27,idle,ue2,2073246,1358780.9878866381,1.358781
2026-06-29T01:05:27,idle,ue3,2073258,1384499.2108992564,1.384499
2026-06-29T01:05:27,idle,ue4,2073270,1345921.746955285,1.345922
2026-06-29T01:05:27,idle,ue5,2073998,1371639.9699679036,1.371640
2026-06-29T01:05:27,idle,ue6,2074010,1388785.59578192,1.388786
2026-06-29T01:05:27,idle,ue7,2074022,1358780.9878866381,1.358781
2026-06-29T01:05:27,idle,ue8,2074034,1345921.746955285,1.345922
2026-06-29T01:05:27,idle,ue9,2074755,1333062.6785906572,1.333063
2026-06-29T01:05:27,idle,ue10,2074767,1354494.516720612,1.354495
2026-06-29T01:05:27,idle,ue11,2074779,1363067.3727693015,1.363067
2026-06-29T01:05:27,idle,ue12,2074791,1333062.6785906572,1.333063
2026-06-29T01:05:27,idle,ue13,2075524,1354494.516720612,1.354495
2026-06-29T01:05:27,idle,ue14,2075536,1371639.9699679036,1.371640
2026-06-29T01:05:27,idle,ue15,2075548,1307344.4555780387,1.307344
2026-06-29T01:05:27,idle,ue16,2075560,1371639.9699679036,1.371640
2026-06-29T01:05:33,idle,cu_cp1,2072945,635232.1725193405,0.635232
2026-06-29T01:05:33,idle,cu_up1,2072974,630968.8320783627,0.630969
2026-06-29T01:05:33,idle,cu_cp2,2072982,630968.8320783627,0.630969
2026-06-29T01:05:33,idle,cu_up2,2073009,626705.5346853412,0.626706
2026-06-29T01:05:33,idle,du1,2073170,4804742.877416496,4.804743
2026-06-29T01:05:33,idle,du2,2073934,4809006.002617693,4.809006
2026-06-29T01:05:33,idle,du3,2074711,4783425.873875913,4.783426
2026-06-29T01:05:33,idle,du4,2075480,4689633.6756130885,4.689634
2026-06-29T01:05:33,idle,ue1,2073234,1334413.8920299173,1.334414
2026-06-29T01:05:33,idle,ue2,2073246,1338677.1894229387,1.338677
2026-06-29T01:05:33,idle,ue3,2073258,1364256.9737810683,1.364257
2026-06-29T01:05:33,idle,ue4,2073270,1351467.0816020037,1.351467
2026-06-29T01:05:33,idle,ue5,2073998,1364256.9737810683,1.364257
2026-06-29T01:05:33,idle,ue6,2074010,1334413.8920299173,1.334414
2026-06-29T01:05:33,idle,ue7,2074022,1304570.7241828537,1.304571
2026-06-29T01:05:33,idle,ue8,2074034,1330150.5085409833,1.330151
2026-06-29T01:05:33,idle,ue9,2074755,1355730.378995025,1.355730
2026-06-29T01:05:33,idle,ue10,2074767,1364256.9737810683,1.364257
2026-06-29T01:05:33,idle,ue11,2074779,1347203.784208982,1.347204
2026-06-29T01:05:33,idle,ue12,2074791,1364256.9737810683,1.364257
2026-06-29T01:05:33,idle,ue13,2075524,1389836.7581391977,1.389837
2026-06-29T01:05:33,idle,ue14,2075536,1355730.378995025,1.355730
2026-06-29T01:05:33,idle,ue15,2075548,1317360.702457831,1.317361
2026-06-29T01:05:33,idle,ue16,2075560,1355730.378995025,1.355730
2026-06-29T01:05:39,idle,cu_cp1,2072945,635094.6398089438,0.635095
2026-06-29T01:05:39,idle,cu_up1,2072974,625171.2745963365,0.625171
2026-06-29T01:05:39,idle,cu_cp2,2072982,630133.0003672242,0.630133
2026-06-29T01:05:39,idle,cu_up2,2073009,630133.0003672242,0.630133
2026-06-29T01:05:39,idle,du1,2073170,4773133.142197395,4.773133
2026-06-29T01:05:39,idle,du2,2073934,4812826.948364496,4.812827
2026-06-29T01:05:39,idle,du3,2074711,4783056.852726674,4.783057
2026-06-29T01:05:39,idle,du4,2075480,4743363.046559572,4.743363
2026-06-29T01:05:39,idle,ue1,2073234,1329729.3845643639,1.329729
2026-06-29T01:05:39,idle,ue2,2073246,1394231.1721171439,1.394231
2026-06-29T01:05:39,idle,ue3,2073258,1389269.5758400082,1.389270
2026-06-29T01:05:39,idle,ue4,2073270,1349576.0286604105,1.349576
2026-06-29T01:05:39,idle,ue5,2073998,1394231.1721171439,1.394231
2026-06-29T01:05:39,idle,ue6,2074010,1379346.1242982328,1.379346
2026-06-29T01:05:39,idle,ue7,2074022,1354537.7975958823,1.354538
2026-06-29T01:05:39,idle,ue8,2074034,1354537.7975958823,1.354538
2026-06-29T01:05:39,idle,ue9,2074755,1374384.5280210972,1.374385
2026-06-29T01:05:39,idle,ue10,2074767,1339652.7497769713,1.339653
2026-06-29T01:05:39,idle,ue11,2074779,1364461.0764793218,1.364461
2026-06-29T01:05:39,idle,ue12,2074791,1339652.7497769713,1.339653
2026-06-29T01:05:39,idle,ue13,2075524,1384307.8932337046,1.384308
2026-06-29T01:05:39,idle,ue14,2075536,1359499.4802021862,1.359499
2026-06-29T01:05:39,idle,ue15,2075548,1344614.4323832751,1.344614
2026-06-29T01:05:39,idle,ue16,2075560,1319806.0193517567,1.319806
2026-06-29T01:05:45,idle,cu_cp1,2072945,641659.8827672366,0.641660
2026-06-29T01:05:45,idle,cu_up1,2072974,636685.7299456975,0.636686
2026-06-29T01:05:45,idle,cu_cp2,2072982,631711.663512474,0.631712
2026-06-29T01:05:45,idle,cu_up2,2073009,621763.4442577115,0.621763
2026-06-29T01:05:45,idle,du1,2073170,4795039.434699335,4.795039
2026-06-29T01:05:45,idle,du2,2073934,4809962.152328899,4.809962
2026-06-29T01:05:45,idle,du3,2074711,4785091.301832888,4.785091
2026-06-29T01:05:45,idle,du4,2075480,4730376.398290799,4.730376
2026-06-29T01:05:45,idle,ue1,2073234,1392750.0909485454,1.392750
2026-06-29T01:05:45,idle,ue2,2073246,1402698.3102033078,1.402698
2026-06-29T01:05:45,idle,ue3,2073258,1328086.7089867466,1.328087
2026-06-29T01:05:45,idle,ue4,2073270,1367879.5860057967,1.367880
2026-06-29T01:05:45,idle,ue5,2073998,1407672.3766365314,1.407672
2026-06-29T01:05:45,idle,ue6,2074010,1347983.1474962716,1.347983
2026-06-29T01:05:45,idle,ue7,2074022,1343008.9946747327,1.343009
2026-06-29T01:05:45,idle,ue8,2074034,1382801.8716937827,1.382802
2026-06-29T01:05:45,idle,ue9,2074755,1338034.8418531937,1.338035
2026-06-29T01:05:45,idle,ue10,2074767,1333060.77541997,1.333061
2026-06-29T01:05:45,idle,ue11,2074779,1392750.0909485454,1.392750
2026-06-29T01:05:45,idle,ue12,2074791,1343008.9946747327,1.343009
2026-06-29T01:05:45,idle,ue13,2075524,1397724.2437700843,1.397724
2026-06-29T01:05:45,idle,ue14,2075536,1352957.2139294953,1.352957
2026-06-29T01:05:45,idle,ue15,2075548,1343008.9946747327,1.343009
2026-06-29T01:05:45,idle,ue16,2075560,1352957.2139294953,1.352957
2026-06-29T01:05:51,dl,cu_cp1,2072945,632445.774600516,0.632446
2026-06-29T01:05:51,dl,cu_up1,2072974,643165.169607948,0.643165
2026-06-29T01:05:51,dl,cu_cp2,2072982,621726.3363824361,0.621726
2026-06-29T01:05:51,dl,cu_up2,2073009,632445.774600516,0.632446
2026-06-29T01:05:51,dl,du1,2073170,4845178.123812895,4.845178
2026-06-29T01:05:51,dl,du2,2073934,4823739.074534144,4.823739
2026-06-29T01:05:51,dl,du3,2074711,4802300.025255394,4.802300
2026-06-29T01:05:51,dl,du4,2075480,4727264.216992722,4.727264
2026-06-29T01:05:51,dl,ue1,2073234,1393524.634975399,1.393525
2026-06-29T01:05:51,dl,ue2,2073246,1382805.1103360236,1.382805
2026-06-29T01:05:51,dl,ue3,2073258,1361366.3203211594,1.361366
2026-06-29T01:05:51,dl,ue4,2073270,1329208.0920882153,1.329208
2026-06-29T01:05:51,dl,ue5,2073998,1404243.986772183,1.404244
2026-06-29T01:05:51,dl,ue6,2074010,1372085.7585392392,1.372086
2026-06-29T01:05:51,dl,ue7,2074022,1350646.968524375,1.350647
2026-06-29T01:05:51,dl,ue8,2074034,1382805.1103360236,1.382805
2026-06-29T01:05:51,dl,ue9,2074755,1382805.1103360236,1.382805
2026-06-29T01:05:51,dl,ue10,2074767,1339927.4438849997,1.339927
2026-06-29T01:05:51,dl,ue11,2074779,1372085.7585392392,1.372086
2026-06-29T01:05:51,dl,ue12,2074791,1361366.3203211594,1.361366
2026-06-29T01:05:51,dl,ue13,2075524,1393524.634975399,1.393525
2026-06-29T01:05:51,dl,ue14,2075536,1382805.1103360236,1.382805
2026-06-29T01:05:51,dl,ue15,2075548,1339927.4438849997,1.339927
2026-06-29T01:05:51,dl,ue16,2075560,1361366.3203211594,1.361366
2026-06-29T01:05:56,dl,cu_cp1,2072945,646535.4575339222,0.646535
2026-06-29T01:05:56,dl,cu_up1,2072974,1122929.8910343444,1.122930
2026-06-29T01:05:56,dl,cu_cp2,2072982,697577.7081622273,0.697578
2026-06-29T01:05:56,dl,cu_up2,2073009,1105915.85464303,1.105916
2026-06-29T01:05:56,dl,du1,2073170,6244170.87631433,6.244171
2026-06-29T01:05:56,dl,du2,2073934,6269692.26096148,6.269692
2026-06-29T01:05:56,dl,du3,2074711,6227157.12283174,6.227157
2026-06-29T01:05:56,dl,du4,2075480,6133579.592619333,6.133580
2026-06-29T01:05:56,dl,ue1,2073234,2458536.038534837,2.458536
2026-06-29T01:05:56,dl,ue2,2073246,2501071.365270393,2.501071
2026-06-29T01:05:56,dl,ue3,2073258,2467043.103881948,2.467043
2026-06-29T01:05:56,dl,ue4,2073270,2501071.365270393,2.501071
2026-06-29T01:05:56,dl,ue5,2073998,2518085.307358799,2.518085
2026-06-29T01:05:56,dl,ue6,2074010,2526592.3727059104,2.526592
2026-06-29T01:05:56,dl,ue7,2074022,2577634.7647885773,2.577635
2026-06-29T01:05:56,dl,ue8,2074034,2288395.108804245,2.288395
2026-06-29T01:05:56,dl,ue9,2074755,2552113.3801414277,2.552113
2026-06-29T01:05:56,dl,ue10,2074767,2509578.4306175043,2.509578
2026-06-29T01:05:56,dl,ue11,2074779,2552113.3801414277,2.552113
2026-06-29T01:05:56,dl,ue12,2074791,2620170.0915241335,2.620170
2026-06-29T01:05:56,dl,ue13,2075524,2416000.900405097,2.416001
2026-06-29T01:05:56,dl,ue14,2075536,2467043.103881948,2.467043
2026-06-29T01:05:56,dl,ue15,2075548,2467043.103881948,2.467043
2026-06-29T01:05:56,dl,ue16,2075560,2390479.7043637633,2.390480
2026-06-29T01:06:02,dl,cu_cp1,2072945,677151.3247077668,0.677151
2026-06-29T01:06:02,dl,cu_up1,2072974,1121111.5064318788,1.121112
2026-06-29T01:06:02,dl,cu_cp2,2072982,677151.3247077668,0.677151
2026-06-29T01:06:02,dl,cu_up2,2073009,1134564.8452720034,1.134565
2026-06-29T01:06:02,dl,du1,2073170,6287193.4303042125,6.287193
2026-06-29T01:06:02,dl,du2,2073934,6385851.3756221365,6.385851
2026-06-29T01:06:02,dl,du3,2074711,6201988.823826414,6.201989
2026-06-29T01:06:02,dl,du4,2075480,6201988.823826414,6.201989
2026-06-29T01:06:02,dl,ue1,2073234,2497836.450826125,2.497836
2026-06-29T01:06:02,dl,ue2,2073246,2529227.5112079107,2.529228
2026-06-29T01:06:02,dl,ue3,2073258,2556134.18888816,2.556134
2026-06-29T01:06:02,dl,ue4,2073270,2592009.8227069974,2.592010
2026-06-29T01:06:02,dl,ue5,2073998,2542680.8500480354,2.542681
2026-06-29T01:06:02,dl,ue6,2074010,2542680.8500480354,2.542681
2026-06-29T01:06:02,dl,ue7,2074022,2556134.18888816,2.556134
2026-06-29T01:06:02,dl,ue8,2074034,2556134.18888816,2.556134
2026-06-29T01:06:02,dl,ue9,2074755,2551649.8061866234,2.551650
2026-06-29T01:06:02,dl,ue10,2074767,2515773.981632271,2.515774
2026-06-29T01:06:02,dl,ue11,2074779,2551649.8061866234,2.551650
2026-06-29T01:06:02,dl,ue12,2074791,2641338.7953659594,2.641339
2026-06-29T01:06:02,dl,ue13,2075524,2605463.161547122,2.605463
2026-06-29T01:06:02,dl,ue14,2075536,2583040.8665684094,2.583041
2026-06-29T01:06:02,dl,ue15,2075548,2636854.0311933924,2.636854
2026-06-29T01:06:02,dl,ue16,2075560,2641338.7953659594,2.641339
2026-06-29T01:06:09,dl,cu_cp1,2072945,670093.3805858046,0.670093
2026-06-29T01:06:09,dl,cu_up1,2072974,1183061.4779126495,1.183061
2026-06-29T01:06:09,dl,cu_cp2,2072982,660850.7224733979,0.660851
2026-06-29T01:06:09,dl,cu_up2,2073009,1178440.1488564461,1.178440
2026-06-29T01:06:09,dl,du1,2073170,6382062.291676104,6.382062
2026-06-29T01:06:09,dl,du2,2073934,6382062.291676104,6.382062
2026-06-29T01:06:09,dl,du3,2074711,6345091.659226477,6.345092
2026-06-29T01:06:09,dl,du4,2075480,6248043.7490462065,6.248044
2026-06-29T01:06:09,dl,ue1,2073234,2486277.5112865865,2.486278
2026-06-29T01:06:09,dl,ue2,2073246,2583325.6121629477,2.583326
2026-06-29T01:06:09,dl,ue3,2073258,2587947.1319152415,2.587947
2026-06-29T01:06:09,dl,ue4,2073270,2620296.2446125746,2.620296
2026-06-29T01:06:09,dl,ue5,2073998,2532490.80184862,2.532491
2026-06-29T01:06:09,dl,ue6,2074010,2495520.3600950837,2.495520
2026-06-29T01:06:09,dl,ue7,2074022,2523248.334432304,2.523248
2026-06-29T01:06:09,dl,ue8,2074034,2592568.460971445,2.592568
2026-06-29T01:06:09,dl,ue9,2074755,2527869.6634885073,2.527870
2026-06-29T01:06:09,dl,ue10,2074767,2500141.689151287,2.500142
2026-06-29T01:06:09,dl,ue11,2074779,2560218.966881931,2.560219
2026-06-29T01:06:09,dl,ue12,2074791,2615674.915556371,2.615675
2026-06-29T01:06:09,dl,ue13,2075524,2458549.727645457,2.458550
2026-06-29T01:06:09,dl,ue14,2075536,2444685.5497807562,2.444686
2026-06-29T01:06:09,dl,ue15,2075548,2518627.0053761005,2.518627
2026-06-29T01:06:09,dl,ue16,2075560,2550976.4994656146,2.550976
2026-06-29T01:06:14,dl,cu_cp1,2072945,746272.124714005,0.746272
2026-06-29T01:06:14,dl,cu_up1,2072974,1070738.2679641247,1.070738
2026-06-29T01:06:14,dl,cu_cp2,2072982,638116.7753724337,0.638117
2026-06-29T01:06:14,dl,cu_up2,2073009,1070738.2679641247,1.070738
2026-06-29T01:06:14,dl,du1,2073170,6229750.026582623,6.229750
2026-06-29T01:06:14,dl,du2,2073934,6235157.68692112,6.235158
2026-06-29T01:06:14,dl,du3,2074711,6267604.029853726,6.267604
2026-06-29T01:06:14,dl,du4,2075480,6202710.963086891,6.202711
2026-06-29T01:06:14,dl,ue1,2073234,2547059.0602496145,2.547059
2026-06-29T01:06:14,dl,ue2,2073246,2574098.123745346,2.574098
2026-06-29T01:06:14,dl,ue3,2073258,2595729.1460009576,2.595729
2026-06-29T01:06:14,dl,ue4,2073270,2622768.0190458773,2.622768
2026-06-29T01:06:14,dl,ue5,2073998,2444311.6093100547,2.444312
2026-06-29T01:06:14,dl,ue6,2074010,2433496.098182249,2.433496
2026-06-29T01:06:14,dl,ue7,2074022,2438903.9489715574,2.438904
2026-06-29T01:06:14,dl,ue8,2074034,2514612.5268661976,2.514613
2026-06-29T01:06:14,dl,ue9,2074755,2460534.971227169,2.460535
2026-06-29T01:06:14,dl,ue10,2074767,2460534.971227169,2.460535
2026-06-29T01:06:14,dl,ue11,2074779,2492981.504610586,2.492982
2026-06-29T01:06:14,dl,ue12,2074791,2547059.0602496145,2.547059
2026-06-29T01:06:14,dl,ue13,2075524,2552467.101489735,2.552467
2026-06-29T01:06:14,dl,ue14,2075536,2417272.736265135,2.417273
2026-06-29T01:06:14,dl,ue15,2075548,2552467.101489735,2.552467
2026-06-29T01:06:14,dl,ue16,2075560,2617360.1682565687,2.617360
2026-06-29T01:06:20,dl,cu_cp1,2072945,689707.515705288,0.689708
2026-06-29T01:06:20,dl,cu_up1,2072974,1100879.3762481785,1.100879
2026-06-29T01:06:20,dl,cu_cp2,2072982,702971.1886167931,0.702971
2026-06-29T01:06:20,dl,cu_up2,2073009,1127406.5316222585,1.127407
2026-06-29T01:06:20,dl,du1,2073170,6406321.877999983,6.406322
2026-06-29T01:06:20,dl,du2,2073934,6499167.2550948905,6.499167
2026-06-29T01:06:20,dl,du3,2074711,6340003.75150362,6.340004
2026-06-29T01:06:20,dl,du4,2075480,6247158.755306573,6.247159
2026-06-29T01:06:20,dl,ue1,2073234,2493558.128182492,2.493558
2026-06-29T01:06:20,dl,ue2,2073246,2506821.5630328343,2.506822
2026-06-29T01:06:20,dl,ue3,2073258,2360922.0656386972,2.360922
2026-06-29T01:06:20,dl,ue4,2073270,2533349.00408031,2.533349
2026-06-29T01:06:20,dl,ue5,2073998,2400712.7510875845,2.400713
2026-06-29T01:06:20,dl,ue6,2074010,2533349.00408031,2.533349
2026-06-29T01:06:20,dl,ue7,2074022,2679248.6919233776,2.679249
2026-06-29T01:06:20,dl,ue8,2074034,2665985.066624105,2.665985
2026-06-29T01:06:20,dl,ue9,2074755,2400712.7510875845,2.400713
2026-06-29T01:06:20,dl,ue10,2074767,2533349.00408031,2.533349
2026-06-29T01:06:20,dl,ue11,2074779,2612930.3749780846,2.612930
2026-06-29T01:06:20,dl,ue12,2074791,2612930.3749780846,2.612930
2026-06-29T01:06:20,dl,ue13,2075524,2413976.376386857,2.413976
2026-06-29T01:06:20,dl,ue14,2075536,2374185.69093797,2.374186
2026-06-29T01:06:20,dl,ue15,2075548,2480294.3124342896,2.480294
2026-06-29T01:06:20,dl,ue16,2075560,2440503.6269854023,2.440504
2026-06-29T01:06:26,dl,cu_cp1,2072945,706106.4243247568,0.706106
2026-06-29T01:06:26,dl,cu_up1,2072974,1093603.829149869,1.093604
2026-06-29T01:06:26,dl,cu_cp2,2072982,706106.4243247568,0.706106
2026-06-29T01:06:26,dl,cu_up2,2073009,1093603.829149869,1.093604
2026-06-29T01:06:26,dl,du1,2073170,6225791.859068203,6.225792
2026-06-29T01:06:26,dl,du2,2073934,6243014.240242798,6.243014
2026-06-29T01:06:26,dl,du3,2074711,6234402.859760015,6.234403
2026-06-29T01:06:26,dl,du4,2075480,6174125.47512636,6.174125
2026-06-29T01:06:26,dl,ue1,2073234,2497205.3922643424,2.497205
2026-06-29T01:06:26,dl,ue2,2073246,2471372.3901889063,2.471372
2026-06-29T01:06:26,dl,ue3,2073258,2411095.0055552507,2.411095
2026-06-29T01:06:26,dl,ue4,2073270,2652204.3541943873,2.652204
2026-06-29T01:06:26,dl,ue5,2073998,2411095.0055552507,2.411095
2026-06-29T01:06:26,dl,ue6,2074010,2411095.0055552507,2.411095
2026-06-29T01:06:26,dl,ue7,2074022,2419706.0062470627,2.419706
2026-06-29T01:06:26,dl,ue8,2074034,2471372.3901889063,2.471372
2026-06-29T01:06:26,dl,ue9,2074755,2445539.1982179843,2.445539
2026-06-29T01:06:26,dl,ue10,2074767,2488594.3915725304,2.488594
2026-06-29T01:06:26,dl,ue11,2074779,2445539.1982179843,2.445539
2026-06-29T01:06:26,dl,ue12,2074791,2609149.1608398412,2.609149
2026-06-29T01:06:26,dl,ue13,2075524,2479983.3908807184,2.479983
2026-06-29T01:06:26,dl,ue14,2075536,2471372.3901889063,2.471372
2026-06-29T01:06:26,dl,ue15,2075548,2462761.3894970943,2.462761
2026-06-29T01:06:26,dl,ue16,2075560,2497205.3922643424,2.497205
2026-06-29T01:06:32,dl,cu_cp1,2072945,679956.854864738,0.679957
2026-06-29T01:06:32,dl,cu_up1,2072974,1069142.7006408977,1.069143
2026-06-29T01:06:32,dl,cu_cp2,2072982,715744.0552526485,0.715744
2026-06-29T01:06:32,dl,cu_up2,2073009,1073616.0116373182,1.073616
2026-06-29T01:06:32,dl,du1,2073170,6271707.59227149,6.271708
2026-06-29T01:06:32,dl,du2,2073934,6414856.203845386,6.414856
2026-06-29T01:06:32,dl,du3,2074711,6092770.972904262,6.092771
2026-06-29T01:06:32,dl,du4,2075480,6137505.412712689,6.137505
2026-06-29T01:06:32,dl,ue1,2073234,2420109.5983997867,2.420110
2026-06-29T01:06:32,dl,ue2,2073246,2491683.904186735,2.491684
2026-06-29T01:06:32,dl,ue3,2073258,2545364.965988002,2.545365
2026-06-29T01:06:32,dl,ue4,2073270,2545364.965988002,2.545365
2026-06-29T01:06:32,dl,ue5,2073998,2415636.1924144938,2.415636
2026-06-29T01:06:32,dl,ue6,2074010,2438003.0323632145,2.438003
2026-06-29T01:06:32,dl,ue7,2074022,2438003.0323632145,2.438003
2026-06-29T01:06:32,dl,ue8,2074034,2630359.4897308303,2.630359
2026-06-29T01:06:32,dl,ue9,2074755,2388795.756502733,2.388796
2026-06-29T01:06:32,dl,ue10,2074767,2415636.1924144938,2.415636
2026-06-29T01:06:32,dl,ue11,2074779,2446949.8443338014,2.446950
2026-06-29T01:06:32,dl,ue12,2074791,2487210.498201442,2.487210
2026-06-29T01:06:32,dl,ue13,2075524,2522997.746083789,2.522998
2026-06-29T01:06:32,dl,ue14,2075536,2505104.1221426153,2.505104
2026-06-29T01:06:32,dl,ue15,2075548,2558784.993966136,2.558785
2026-06-29T01:06:32,dl,ue16,2075560,2563258.3999514296,2.563258
2026-06-29T01:06:38,dl,cu_cp1,2072945,721266.539404841,0.721267
2026-06-29T01:06:38,dl,cu_up1,2072974,1093384.9863164127,1.093385
2026-06-29T01:06:38,dl,cu_cp2,2072982,689108.1574543583,0.689108
2026-06-29T01:06:38,dl,cu_up2,2073009,1111761.136576724,1.111761
2026-06-29T01:06:38,dl,du1,2073170,6197379.35572516,6.197379
2026-06-29T01:06:38,dl,du2,2073934,6326013.073918991,6.326013
2026-06-29T01:06:38,dl,du3,2074711,6206567.668845191,6.206568
2026-06-29T01:06:38,dl,du4,2075480,6156033.089036422,6.156033
2026-06-29T01:06:38,dl,ue1,2073234,2448630.994404802,2.448631
2026-06-29T01:06:38,dl,ue2,2073246,2462413.0833010483,2.462413
2026-06-29T01:06:38,dl,ue3,2073258,2467007.239861064,2.467007
2026-06-29T01:06:38,dl,ue4,2073270,2545106.1878542257,2.545106
2026-06-29T01:06:38,dl,ue5,2073998,2457819.1171329333,2.457819
2026-06-29T01:06:38,dl,ue6,2074010,2476195.1721972944,2.476195
2026-06-29T01:06:38,dl,ue7,2074022,2549700.1540223407,2.549700
2026-06-29T01:06:38,dl,ue8,2074034,2696709.927280533,2.696710
2026-06-29T01:06:38,dl,ue9,2074755,2476195.1721972944,2.476195
2026-06-29T01:06:38,dl,ue10,2074767,2526729.942397964,2.526730
2026-06-29T01:06:38,dl,ue11,2074779,2549700.1540223407,2.549700
2026-06-29T01:06:38,dl,ue12,2074791,2586452.6449348642,2.586453
2026-06-29T01:06:38,dl,ue13,2075524,2499165.5742135714,2.499166
2026-06-29T01:06:38,dl,ue14,2075536,2462413.0833010483,2.462413
2026-06-29T01:06:38,dl,ue15,2075548,2485383.4853173257,2.485383
2026-06-29T01:06:38,dl,ue16,2075560,2549700.1540223407,2.549700
2026-06-29T01:06:44,dl,cu_cp1,2072945,731297.6952828899,0.731298
2026-06-29T01:06:44,dl,cu_up1,2072974,1080814.94149822,1.080815
2026-06-29T01:06:44,dl,cu_cp2,2072982,720543.2943321466,0.720543
2026-06-29T01:06:44,dl,cu_up2,2073009,1107700.9676533758,1.107701
2026-06-29T01:06:44,dl,du1,2073170,6038583.174670065,6.038583
2026-06-29T01:06:44,dl,du2,2073934,6334328.511244869,6.334329
2026-06-29T01:06:44,dl,du3,2074711,6151503.83775202,6.151504
2026-06-29T01:06:44,dl,du4,2075480,6232161.725991106,6.232162
2026-06-29T01:06:44,dl,ue1,2073234,2355208.8147702455,2.355209
2026-06-29T01:06:44,dl,ue2,2073246,2387471.9700658796,2.387472
2026-06-29T01:06:44,dl,ue3,2073258,2446620.771063906,2.446621
2026-06-29T01:06:44,dl,ue4,2073270,2446620.771063906,2.446621
2026-06-29T01:06:44,dl,ue5,2073998,2500393.0136006,2.500393
2026-06-29T01:06:44,dl,ue6,2074010,2543410.2369508087,2.543410
2026-06-29T01:06:44,dl,ue7,2074022,2575673.582472825,2.575674
2026-06-29T01:06:44,dl,ue8,2074034,2618690.805823034,2.618691
2026-06-29T01:06:44,dl,ue9,2074755,2505770.142741078,2.505770
2026-06-29T01:06:44,dl,ue10,2074767,2505770.142741078,2.505770
2026-06-29T01:06:44,dl,ue11,2074779,2538033.1078103306,2.538033
2026-06-29T01:06:44,dl,ue12,2074791,2591804.96989426,2.591805
2026-06-29T01:06:44,dl,ue13,2075524,2468129.6680785837,2.468130
2026-06-29T01:06:44,dl,ue14,2075536,2441243.6419234276,2.441244
2026-06-29T01:06:44,dl,ue15,2075548,2435866.512782949,2.435867
2026-06-29T01:06:44,dl,ue16,2075560,2484261.2457264005,2.484261
2026-06-29T01:06:50,dl,cu_cp1,2072945,710261.8984277248,0.710262
2026-06-29T01:06:50,dl,cu_up1,2072974,1122322.1867506504,1.122322
2026-06-29T01:06:50,dl,cu_cp2,2072982,704840.0474898815,0.704840
2026-06-29T01:06:50,dl,cu_up2,2073009,1133165.888626337,1.133166
2026-06-29T01:06:50,dl,du1,2073170,6300185.811382771,6.300186
2026-06-29T01:06:50,dl,du2,2073934,6462840.956564903,6.462841
2026-06-29T01:06:50,dl,du3,2074711,6224279.515299797,6.224280
2026-06-29T01:06:50,dl,du4,2075480,6262232.854817867,6.262233
2026-06-29T01:06:50,dl,ue1,2073234,2483205.6232898235,2.483206
2026-06-29T01:06:50,dl,ue2,2073246,2537424.1326682568,2.537424
2026-06-29T01:06:50,dl,ue3,2073258,2559111.53641963,2.559112
2026-06-29T01:06:50,dl,ue4,2073270,2656704.6618242264,2.656705
2026-06-29T01:06:50,dl,ue5,2073998,2575377.08923316,2.575377
2026-06-29T01:06:50,dl,ue6,2074010,2667548.5551764965,2.667549
2026-06-29T01:06:50,dl,ue7,2074022,2656704.6618242264,2.656705
2026-06-29T01:06:50,dl,ue8,2074034,2754297.978705406,2.754298
2026-06-29T01:06:50,dl,ue9,2074755,2461518.2195384502,2.461518
2026-06-29T01:06:50,dl,ue10,2074767,2439830.815787077,2.439831
2026-06-29T01:06:50,dl,ue11,2074779,2483205.6232898235,2.483206
2026-06-29T01:06:50,dl,ue12,2074791,2548267.8345439434,2.548268
2026-06-29T01:06:50,dl,ue13,2075524,2553689.6854817867,2.553690
2026-06-29T01:06:50,dl,ue14,2075536,2548267.8345439434,2.548268
2026-06-29T01:06:50,dl,ue15,2075548,2510314.87797904,2.510315
2026-06-29T01:06:50,dl,ue16,2075560,2607908.0033836365,2.607908
2026-06-29T01:06:56,dl,cu_cp1,2072945,674612.1092051921,0.674612
2026-06-29T01:06:56,dl,cu_up1,2072974,1053503.8508699609,1.053504
2026-06-29T01:06:56,dl,cu_cp2,2072982,720818.4492461854,0.720818
2026-06-29T01:06:56,dl,cu_up2,2073009,1090468.8849533128,1.090469
2026-06-29T01:06:56,dl,du1,2073170,6210128.002969708,6.210128
2026-06-29T01:06:56,dl,du2,2073934,6099233.280214079,6.099233
2026-06-29T01:06:56,dl,du3,2074711,6145439.003576629,6.145439
2026-06-29T01:06:56,dl,du4,2075480,6071509.314904351,6.071509
2026-06-29T01:06:56,dl,ue1,2073234,2430451.9397164653,2.430452
2026-06-29T01:06:56,dl,ue2,2073246,2439693.1982373036,2.439693
2026-06-29T01:06:56,dl,ue3,2073258,2467416.9737998177,2.467417
2026-06-29T01:06:56,dl,ue4,2073270,2448934.4567581415,2.448934
2026-06-29T01:06:56,dl,ue5,2073998,2458175.7152789794,2.458176
2026-06-29T01:06:56,dl,ue6,2074010,2467416.9737998177,2.467417
2026-06-29T01:06:56,dl,ue7,2074022,2550588.30048736,2.550588
2026-06-29T01:06:56,dl,ue8,2074034,2633759.816922115,2.633760
2026-06-29T01:06:56,dl,ue9,2074755,2402728.164153951,2.402728
2026-06-29T01:06:56,dl,ue10,2074767,2421210.6811956274,2.421211
2026-06-29T01:06:56,dl,ue11,2074779,2448934.4567581415,2.448934
2026-06-29T01:06:56,dl,ue12,2074791,2504382.1976303826,2.504382
2026-06-29T01:06:56,dl,ue13,2075524,2393486.9056331133,2.393487
2026-06-29T01:06:56,dl,ue14,2075536,2411969.4226747896,2.411969
2026-06-29T01:06:56,dl,ue15,2075548,2458175.7152789794,2.458176
2026-06-29T01:06:56,dl,ue16,2075560,2439693.1982373036,2.439693
2026-06-29T01:07:02,dl,cu_cp1,2072945,695698.2402840566,0.695698
2026-06-29T01:07:02,dl,cu_up1,2072974,1099203.164105959,1.099203
2026-06-29T01:07:02,dl,cu_cp2,2072982,667870.3145032359,0.667870
2026-06-29T01:07:02,dl,cu_up2,2073009,1099203.164105959,1.099203
2026-06-29T01:07:02,dl,du1,2073170,6337810.814808464,6.337811
2026-06-29T01:07:02,dl,du2,2073934,6330853.785481491,6.330854
2026-06-29T01:07:02,dl,du3,2074711,6456079.547258721,6.456080
2026-06-29T01:07:02,dl,du4,2075480,6400423.6956970785,6.400424
2026-06-29T01:07:02,dl,ue1,2073234,2525384.599781866,2.525385
2026-06-29T01:07:02,dl,ue2,2073246,2553212.717089758,2.553213
2026-06-29T01:07:02,dl,ue3,2073258,2657567.3908860683,2.657567
2026-06-29T01:07:02,dl,ue4,2073270,2581040.2598164366,2.581040
2026-06-29T01:07:02,dl,ue5,2073998,2497556.674001045,2.497557
2026-06-29T01:07:02,dl,ue6,2074010,2483642.6153470995,2.483643
2026-06-29T01:07:02,dl,ue7,2074022,2581040.2598164366,2.581040
2026-06-29T01:07:02,dl,ue8,2074034,2615825.2149242307,2.615825
2026-06-29T01:07:02,dl,ue9,2074755,2497556.674001045,2.497557
2026-06-29T01:07:02,dl,ue10,2074767,2497556.674001045,2.497557
2026-06-29T01:07:02,dl,ue11,2074779,2560169.55488966,2.560170
2026-06-29T01:07:02,dl,ue12,2074791,2650610.1700320244,2.650610
2026-06-29T01:07:02,dl,ue13,2075524,2483642.6153470995,2.483643
2026-06-29T01:07:02,dl,ue14,2075536,2441900.8224394037,2.441901
2026-06-29T01:07:02,dl,ue15,2075548,2455814.6895662784,2.455815
2026-06-29T01:07:02,dl,ue16,2075560,2629739.4651052477,2.629739
2026-06-29T01:07:08,dl,cu_cp1,2072945,700429.0035297989,0.700429
2026-06-29T01:07:08,dl,cu_up1,2072974,1109012.5251410455,1.109013
2026-06-29T01:07:08,dl,cu_cp2,2072982,713898.7663014516,0.713899
2026-06-29T01:07:08,dl,cu_up2,2073009,1010234.0734721839,1.010234
2026-06-29T01:07:08,dl,du1,2073170,6209572.740202474,6.209573
2026-06-29T01:07:08,dl,du2,2073934,6254471.8537696125,6.254472
2026-06-29T01:07:08,dl,du3,2074711,6407129.452196789,6.407129
2026-06-29T01:07:08,dl,du4,2075480,6173652.607437765,6.173653
2026-06-29T01:07:08,dl,ue1,2073234,2496400.817264843,2.496401
2026-06-29T01:07:08,dl,ue2,2073246,2482931.0066573382,2.482931
2026-06-29T01:07:08,dl,ue3,2073258,2550280.0596948625,2.550280
2026-06-29T01:07:08,dl,ue4,2073270,2622118.603133601,2.622119
2026-06-29T01:07:08,dl,ue5,2073998,2415581.953619814,2.415582
2026-06-29T01:07:08,dl,ue6,2074010,2487420.8797453702,2.487421
2026-06-29T01:07:08,dl,ue7,2074022,2496400.817264843,2.496401
2026-06-29T01:07:08,dl,ue8,2074034,2509870.627872348,2.509871
2026-06-29T01:07:08,dl,ue9,2074755,2563749.6789589585,2.563750
2026-06-29T01:07:08,dl,ue10,2074767,2631098.5406530737,2.631099
2026-06-29T01:07:08,dl,ue11,2074779,2595179.364605409,2.595179
2026-06-29T01:07:08,dl,ue12,2074791,2671507.9724755883,2.671508
2026-06-29T01:07:08,dl,ue13,2075524,2469461.196049833,2.469461
2026-06-29T01:07:08,dl,ue14,2075536,2496400.817264843,2.496401
2026-06-29T01:07:08,dl,ue15,2075548,2469461.196049833,2.469461
2026-06-29T01:07:08,dl,ue16,2075560,2514360.309616971,2.514360
2026-06-29T01:07:14,dl,cu_cp1,2072945,717542.0497112471,0.717542
2026-06-29T01:07:14,dl,cu_up1,2072974,1108441.796690519,1.108442
2026-06-29T01:07:14,dl,cu_cp2,2072982,690768.0748143035,0.690768
2026-06-29T01:07:14,dl,cu_up2,2073009,1001345.9926081127,1.001346
2026-06-29T01:07:14,dl,du1,2073170,6297234.693524931,6.297235
2026-06-29T01:07:14,dl,du2,2073934,6222267.181792016,6.222267
2026-06-29T01:07:14,dl,du3,2074711,6254396.333689821,6.254396
2026-06-29T01:07:14,dl,du4,2075480,6222267.181792016,6.222267
2026-06-29T01:07:14,dl,ue1,2073234,2431075.20154585,2.431075
2026-06-29T01:07:14,dl,ue2,2073246,2495332.7412985144,2.495333
2026-06-29T01:07:14,dl,ue3,2073258,2457849.1764427936,2.457849
2026-06-29T01:07:14,dl,ue4,2073270,2548880.6910924017,2.548881
2026-06-29T01:07:14,dl,ue5,2073998,2415010.816607684,2.415011
2026-06-29T01:07:14,dl,ue6,2074010,2457849.1764427936,2.457849
2026-06-29T01:07:14,dl,ue7,2074022,2468558.766401571,2.468559
2026-06-29T01:07:14,dl,ue8,2074034,2538170.910122888,2.538171
2026-06-29T01:07:14,dl,ue9,2074755,2452494.3814634047,2.452494
2026-06-29T01:07:14,dl,ue10,2074767,2506042.331257292,2.506042
2026-06-29T01:07:14,dl,ue11,2074779,2554235.4860717906,2.554235
2026-06-29T01:07:14,dl,ue12,2074791,2581009.269957998,2.581009
2026-06-29T01:07:14,dl,ue13,2075524,2447139.5864840164,2.447140
2026-06-29T01:07:14,dl,ue14,2075536,2468558.766401571,2.468559
2026-06-29T01:07:14,dl,ue15,2075548,2468558.766401571,2.468559
2026-06-29T01:07:14,dl,ue16,2075560,2650621.604690051,2.650622
2026-06-29T01:07:20,dl,cu_cp1,2072945,746101.2501874923,0.746101
2026-06-29T01:07:20,dl,cu_up1,2072974,1059680.0572646677,1.059680
2026-06-29T01:07:20,dl,cu_cp2,2072982,659596.7615654289,0.659597
2026-06-29T01:07:20,dl,cu_up2,2073009,1135371.4012238502,1.135371
2026-06-29T01:07:20,dl,du1,2073170,6190477.74762361,6.190478
2026-06-29T01:07:20,dl,du2,2073934,6206697.655669642,6.206698
2026-06-29T01:07:20,dl,du3,2074711,6363486.533816027,6.363487
2026-06-29T01:07:20,dl,du4,2075480,6228323.1807885645,6.228323
2026-06-29T01:07:20,dl,ue1,2073234,2454564.9243547083,2.454565
2026-06-29T01:07:20,dl,ue2,2073246,2422125.872469485,2.422126
2026-06-29T01:07:20,dl,ue3,2073258,2449158.3520232677,2.449158
2026-06-29T01:07:20,dl,ue4,2073270,2562695.6067766785,2.562696
2026-06-29T01:07:20,dl,ue5,2073998,2330214.715990126,2.330215
2026-06-29T01:07:20,dl,ue6,2074010,2422125.872469485,2.422126
2026-06-29T01:07:20,dl,ue7,2074022,2438345.3984120963,2.438345
2026-06-29T01:07:20,dl,ue8,2074034,2492410.548571372,2.492411
2026-06-29T01:07:20,dl,ue9,2074755,2557288.8433935284,2.557289
2026-06-29T01:07:20,dl,ue10,2074767,2551882.4621137977,2.551882
2026-06-29T01:07:20,dl,ue11,2074779,2551882.4621137977,2.551882
2026-06-29T01:07:20,dl,ue12,2074791,2632980.2828785656,2.632980
2026-06-29T01:07:20,dl,ue13,2075524,2530256.3638397455,2.530256
2026-06-29T01:07:20,dl,ue14,2075536,2497817.311954522,2.497817
2026-06-29T01:07:20,dl,ue15,2075548,2524849.791508305,2.524850
2026-06-29T01:07:20,dl,ue16,2075560,2600541.2309933426,2.600541
2026-06-29T01:07:26,dl,cu_cp1,2072945,737967.4723635203,0.737967
2026-06-29T01:07:26,dl,cu_up1,2072974,1106951.160675466,1.106951
2026-06-29T01:07:26,dl,cu_cp2,2072982,679706.8446481258,0.679707
2026-06-29T01:07:26,dl,cu_up2,2073009,1068110.7421985364,1.068111
2026-06-29T01:07:26,dl,du1,2073170,6263013.07538199,6.263013
2026-06-29T01:07:26,dl,du2,2073934,6515476.178440547,6.515476
2026-06-29T01:07:26,dl,du3,2074711,6233882.95300355,6.233883
2026-06-29T01:07:26,dl,du4,2075480,6311563.789957409,6.311564
2026-06-29T01:07:26,dl,ue1,2073234,2388684.2044971157,2.388684
2026-06-29T01:07:26,dl,ue2,2073246,2446944.6407332527,2.446945
2026-06-29T01:07:26,dl,ue3,2073258,2427524.431494788,2.427524
2026-06-29T01:07:26,dl,ue4,2073270,2456654.745352485,2.456655
2026-06-29T01:07:26,dl,ue5,2073998,2563465.896164042,2.563466
2026-06-29T01:07:26,dl,ue6,2074010,2563465.896164042,2.563466
2026-06-29T01:07:26,dl,ue7,2074022,2621726.5238794363,2.621727
2026-06-29T01:07:26,dl,ue8,2074034,2738247.5878309677,2.738248
2026-06-29T01:07:26,dl,ue9,2074755,2534335.5823063445,2.534336
2026-06-29T01:07:26,dl,ue10,2074767,2514915.564547137,2.514916
2026-06-29T01:07:26,dl,ue11,2074779,2544045.686925577,2.544046
2026-06-29T01:07:26,dl,ue12,2074791,2573176.000783274,2.573176
2026-06-29T01:07:26,dl,ue13,2075524,2524625.6691663694,2.524626
2026-06-29T01:07:26,dl,ue14,2075536,2466364.8499717177,2.466365
2026-06-29T01:07:26,dl,ue15,2075548,2544045.686925577,2.544046
2026-06-29T01:07:26,dl,ue16,2075560,2612016.419260204,2.612016
2026-06-29T01:07:32,dl,cu_cp1,2072945,720473.9329565882,0.720474
2026-06-29T01:07:32,dl,cu_up1,2072974,1119944.6176139403,1.119945
2026-06-29T01:07:32,dl,cu_cp2,2072982,727607.292974267,0.727607
2026-06-29T01:07:32,dl,cu_up2,2073009,1091410.9870777654,1.091411
2026-06-29T01:07:32,dl,du1,2073170,6234596.5579650495,6.234597
2026-06-29T01:07:32,dl,du2,2073934,6234596.5579650495,6.234597
2026-06-29T01:07:32,dl,du3,2074711,6234596.5579650495,6.234597
2026-06-29T01:07:32,dl,du4,2075480,6206062.165567036,6.206062
2026-06-29T01:07:32,dl,ue1,2073234,2518092.0377228544,2.518092
2026-06-29T01:07:32,dl,ue2,2073246,2496691.719587994,2.496692
2026-06-29T01:07:32,dl,ue3,2073258,2468158.089051819,2.468158
2026-06-29T01:07:32,dl,ue4,2073270,2575159.298795204,2.575159
2026-06-29T01:07:32,dl,ue5,2073998,2389690.700310068,2.389691
2026-06-29T01:07:32,dl,ue6,2074010,2489558.40718668,2.489558
2026-06-29T01:07:32,dl,ue7,2074022,2525225.350124168,2.525225
2026-06-29T01:07:32,dl,ue8,2074034,2560892.293061657,2.560892
2026-06-29T01:07:32,dl,ue9,2074755,2546625.6682590293,2.546626
2026-06-29T01:07:32,dl,ue10,2074767,2503825.222454767,2.503825
2026-06-29T01:07:32,dl,ue11,2074779,2518092.0377228544,2.518092
2026-06-29T01:07:32,dl,ue12,2074791,2625093.24746624,2.625093
2026-06-29T01:07:32,dl,ue13,2075524,2468158.089051819,2.468158
2026-06-29T01:07:32,dl,ue14,2075536,2496691.719587994,2.496692
2026-06-29T01:07:32,dl,ue15,2075548,2475291.5919185923,2.475292
2026-06-29T01:07:32,dl,ue16,2075560,2560892.293061657,2.560892
2026-06-29T01:07:38,dl,cu_cp1,2072945,687666.6164540484,0.687667
2026-06-29T01:07:38,dl,cu_up1,2072974,1063168.8168404454,1.063169
2026-06-29T01:07:38,dl,cu_cp2,2072982,746480.2290424317,0.746480
2026-06-29T01:07:38,dl,cu_up2,2073009,1072217.064930966,1.072217
2026-06-29T01:07:38,dl,du1,2073170,6039703.836073663,6.039704
2026-06-29T01:07:38,dl,du2,2073934,6247813.446785431,6.247813
2026-06-29T01:07:38,dl,du3,2074711,6424254.427605886,6.424254
2026-06-29T01:07:38,dl,du4,2075480,6166379.118600543,6.166379
2026-06-29T01:07:38,dl,ue1,2073234,2488267.557301711,2.488268
2026-06-29T01:07:38,dl,ue2,2073246,2479219.2138409866,2.479219
2026-06-29T01:07:38,dl,ue3,2073258,2506364.053482752,2.506364
2026-06-29T01:07:38,dl,ue4,2073270,2587798.38166764,2.587798
2026-06-29T01:07:38,dl,ue5,2073998,2456598.5459295833,2.456599
2026-06-29T01:07:38,dl,ue6,2074010,2483743.3855713485,2.483743
2026-06-29T01:07:38,dl,ue7,2074022,2556129.5610359204,2.556130
2026-06-29T01:07:38,dl,ue8,2074034,2610419.0495790434,2.610419
2026-06-29T01:07:38,dl,ue9,2074755,2601370.706118319,2.601371
2026-06-29T01:07:38,dl,ue10,2074767,2601370.706118319,2.601371
2026-06-29T01:07:38,dl,ue11,2074779,2574226.0572169614,2.574226
2026-06-29T01:07:38,dl,ue12,2074791,2642087.870210763,2.642088
2026-06-29T01:07:38,dl,ue13,2075524,2497315.7100220276,2.497316
2026-06-29T01:07:38,dl,ue14,2075536,2533508.893124517,2.533509
2026-06-29T01:07:38,dl,ue15,2075548,2461122.7176599456,2.461123
2026-06-29T01:07:38,dl,ue16,2075560,2501840.0724927974,2.501840
2026-06-29T01:07:44,dl,cu_cp1,2072945,716673.7195676852,0.716674
2026-06-29T01:07:44,dl,cu_up1,2072974,1142523.2753402328,1.142523
2026-06-29T01:07:44,dl,cu_cp2,2072982,753026.7519889307,0.753027
2026-06-29T01:07:44,dl,cu_up2,2073009,1121750.1822243975,1.121750
2026-06-29T01:07:44,dl,du1,2073170,6117692.695995636,6.117693
2026-06-29T01:07:44,dl,du2,2073934,6476029.484098358,6.476029
2026-06-29T01:07:44,dl,du3,2074711,6263105.207979927,6.263105
2026-06-29T01:07:44,dl,du4,2075480,6361777.80647316,6.361778
2026-06-29T01:07:44,dl,ue1,2073234,2409685.4916747855,2.409685
2026-06-29T01:07:44,dl,ue2,2073246,2383719.1491736984,2.383719
2026-06-29T01:07:44,dl,ue3,2073258,2451231.8690561103,2.451232
2026-06-29T01:07:44,dl,ue4,2073270,2565484.120130272,2.565484
2026-06-29T01:07:44,dl,ue5,2073998,2513551.4351280974,2.513551
2026-06-29T01:07:44,dl,ue6,2074010,2503164.7452079393,2.503165
2026-06-29T01:07:44,dl,ue7,2074022,2534324.62381876,2.534325
2026-06-29T01:07:44,dl,ue8,2074034,2752442.4360469244,2.752442
2026-06-29T01:07:44,dl,ue9,2074755,2549904.0852500345,2.549904
2026-06-29T01:07:44,dl,ue10,2074767,2529131.2788586807,2.529131
2026-06-29T01:07:44,dl,ue11,2074779,2508358.0901680184,2.508358
2026-06-29T01:07:44,dl,ue12,2074791,2632996.840012684,2.632997
2026-06-29T01:07:44,dl,ue13,2075524,2612223.6513220216,2.612224
2026-06-29T01:07:44,dl,ue14,2075536,2612223.6513220216,2.612224
2026-06-29T01:07:44,dl,ue15,2075548,2591450.462631359,2.591450
2026-06-29T01:07:44,dl,ue16,2075560,2684929.907314167,2.684930
2026-06-29T01:07:50,dl,cu_cp1,2072945,677875.3090851575,0.677875
2026-06-29T01:07:50,dl,cu_up1,2072974,1070612.6041324562,1.070613
2026-06-29T01:07:50,dl,cu_cp2,2072982,634835.6536017274,0.634836
2026-06-29T01:07:50,dl,cu_up2,2073009,1086752.5579475802,1.086753
2026-06-29T01:07:50,dl,du1,2073170,5917959.032510543,5.917959
2026-06-29T01:07:50,dl,du2,2073934,6170817.802988856,6.170818
2026-06-29T01:07:50,dl,du3,2074711,6305316.406197629,6.305316
2026-06-29T01:07:50,dl,du4,2075480,6219237.284965255,6.219237
2026-06-29T01:07:50,dl,ue1,2073234,2426363.3171700146,2.426363
2026-06-29T01:07:50,dl,ue2,2073246,2410223.36335489,2.410223
2026-06-29T01:07:50,dl,ue3,2073258,2469402.8777862014,2.469403
2026-06-29T01:07:50,dl,ue4,2073270,2496302.8640562366,2.496303
2026-06-29T01:07:50,dl,ue5,2073998,2415603.284715103,2.415603
2026-06-29T01:07:50,dl,ue6,2074010,2431743.238530227,2.431743
2026-06-29T01:07:50,dl,ue7,2074022,2464023.146160475,2.464023
2026-06-29T01:07:50,dl,ue8,2074034,2437123.1598904394,2.437123
2026-06-29T01:07:50,dl,ue9,2074755,2577002.2536628842,2.577002
2026-06-29T01:07:50,dl,ue10,2074767,2539342.61440691,2.539343
2026-06-29T01:07:50,dl,ue11,2074779,2603902.23993292,2.603902
2026-06-29T01:07:50,dl,ue12,2074791,2663081.5646297443,2.663082
2026-06-29T01:07:50,dl,ue13,2075524,2512442.8178713606,2.512443
2026-06-29T01:07:50,dl,ue14,2075536,2474782.9888809,2.474783
2026-06-29T01:07:50,dl,ue15,2075548,2442503.2709851386,2.442503
2026-06-29T01:07:50,dl,ue16,2075560,2533962.503312211,2.533963
2026-06-29T01:07:56,dl,cu_cp1,2072945,716042.4100109637,0.716042
2026-06-29T01:07:56,dl,cu_up1,2072974,1089191.1896872933,1.089191
2026-06-29T01:07:56,dl,cu_cp2,2072982,736212.5731063699,0.736213
2026-06-29T01:07:56,dl,cu_up2,2073009,1038765.7819487774,1.038766
2026-06-29T01:07:56,dl,du1,2073170,6212423.956788774,6.212424
2026-06-29T01:07:56,dl,du2,2073934,6353615.289059446,6.353615
2026-06-29T01:07:56,dl,du3,2074711,6504891.798179235,6.504892
2026-06-29T01:07:56,dl,du4,2075480,6192253.984296195,6.192254
2026-06-29T01:07:56,dl,ue1,2073234,2480935.588216994,2.480936
2026-06-29T01:07:56,dl,ue2,2073246,2430510.085177064,2.430510
2026-06-29T01:07:56,dl,ue3,2073258,2460765.4251215877,2.460765
2026-06-29T01:07:56,dl,ue4,2073270,2541446.268106041,2.541446
2026-06-29T01:07:56,dl,ue5,2073998,2470850.6019707047,2.470851
2026-06-29T01:07:56,dl,ue6,2074010,2501105.7513124,2.501106
2026-06-29T01:07:56,dl,ue7,2074022,2591871.771145971,2.591872
2026-06-29T01:07:56,dl,ue8,2074034,2652382.451035018,2.652382
2026-06-29T01:07:56,dl,ue9,2074755,2561616.6218042755,2.561617
2026-06-29T01:07:56,dl,ue10,2074767,2561616.6218042755,2.561617
2026-06-29T01:07:56,dl,ue11,2074779,2591871.771145971,2.591872
2026-06-29T01:07:56,dl,ue12,2074791,2672552.8047332526,2.672553
2026-06-29T01:07:56,dl,ue13,2075524,2541446.268106041,2.541446
2026-06-29T01:07:56,dl,ue14,2075536,2531361.0912569235,2.531361
2026-06-29T01:07:56,dl,ue15,2075548,2551531.2543523298,2.551531
2026-06-29T01:07:56,dl,ue16,2075560,2581786.784899682,2.581787
2026-06-29T01:08:02,dl,cu_cp1,2072945,717832.9835945606,0.717833
2026-06-29T01:08:02,dl,cu_up1,2072974,1106048.7307591438,1.106049
2026-06-29T01:08:02,dl,cu_cp2,2072982,703183.3678244591,0.703183
2026-06-29T01:08:02,dl,cu_up2,2073009,1025475.6772338867,1.025476
2026-06-29T01:08:02,dl,du1,2073170,6335975.046823883,6.335975
2026-06-29T01:08:02,dl,du2,2073934,6335975.046823883,6.335975
2026-06-29T01:08:02,dl,du3,2074711,6028331.733679962,6.028332
2026-06-29T01:08:02,dl,du4,2075480,6343299.306685639,6.343299
2026-06-29T01:08:02,dl,ue1,2073234,2549039.529660416,2.549040
2026-06-29T01:08:02,dl,ue2,2073246,2497765.89829216,2.497766
2026-06-29T01:08:02,dl,ue3,2073258,2541714.697948265,2.541715
2026-06-29T01:08:02,dl,ue4,2073270,2629612.678494072,2.629613
2026-06-29T01:08:02,dl,ue5,2073998,2534390.056852913,2.534390
2026-06-29T01:08:02,dl,ue6,2074010,2585663.878837967,2.585664
2026-06-29T01:08:02,dl,ue7,2074022,2578338.8565090178,2.578339
2026-06-29T01:08:02,dl,ue8,2074034,2658912.0053426744,2.658912
2026-06-29T01:08:02,dl,ue9,2074755,2439167.2445949554,2.439167
2026-06-29T01:08:02,dl,ue10,2074767,2380568.590897751,2.380569
2026-06-29T01:08:02,dl,ue11,2074779,2468466.5714435577,2.468467
2026-06-29T01:08:02,dl,ue12,2074791,2534390.056852913,2.534390
2026-06-29T01:08:02,dl,ue13,2075524,2578338.8565090178,2.578339
2026-06-29T01:08:02,dl,ue14,2075536,2585663.878837967,2.585664
2026-06-29T01:08:02,dl,ue15,2075548,2519740.2028118134,2.519740
2026-06-29T01:08:02,dl,ue16,2075560,2636937.319589424,2.636937
2026-06-29T01:08:08,dl,cu_cp1,2072945,703413.9676131839,0.703414
2026-06-29T01:08:08,dl,cu_up1,2072974,1114844.8164728433,1.114845
2026-06-29T01:08:08,dl,cu_cp2,2072982,729957.9392804718,0.729958
2026-06-29T01:08:08,dl,cu_up2,2073009,1057332.9886133445,1.057333
2026-06-29T01:08:08,dl,du1,2073170,6370541.808416247,6.370542
2026-06-29T01:08:08,dl,du2,2073934,6242245.834604731,6.242246
2026-06-29T01:08:08,dl,du3,2074711,6136070.327660007,6.136070
2026-06-29T01:08:08,dl,du4,2075480,6100678.871736195,6.100679
2026-06-29T01:08:08,dl,ue1,2073234,2477433.052070017,2.477433
2026-06-29T01:08:08,dl,ue2,2073246,2486280.8211198626,2.486281
2026-06-29T01:08:08,dl,ue3,2073258,2548216.723366499,2.548217
2026-06-29T01:08:08,dl,ue4,2073270,2588032.53847077,2.588033
2026-06-29T01:08:08,dl,ue5,2073998,2473008.882751772,2.473009
2026-06-29T01:08:08,dl,ue6,2074010,2517248.6773120738,2.517249
2026-06-29T01:08:08,dl,ue7,2074022,2512824.887718258,2.512825
2026-06-29T01:08:08,dl,ue8,2074034,2548216.723366499,2.548217
2026-06-29T01:08:08,dl,ue9,2074755,2495128.9698941372,2.495129
2026-06-29T01:08:08,dl,ue10,2074767,2428769.088191471,2.428769
2026-06-29T01:08:08,dl,ue11,2074779,2548216.723366499,2.548217
2026-06-29T01:08:08,dl,ue12,2074791,2548216.723366499,2.548217
2026-06-29T01:08:08,dl,ue13,2075524,2455312.964927652,2.455313
2026-06-29T01:08:08,dl,ue14,2075536,2459736.944383682,2.459737
2026-06-29T01:08:08,dl,ue15,2075548,2384529.29363117,2.384529
2026-06-29T01:08:08,dl,ue16,2075560,2517248.6773120738,2.517249
2026-06-29T01:08:14,dl,cu_cp1,2072945,726844.070032562,0.726844
2026-06-29T01:08:14,dl,cu_up1,2072974,1087688.695015403,1.087689
2026-06-29T01:08:14,dl,cu_cp2,2072982,695914.4846035361,0.695914
2026-06-29T01:08:14,dl,cu_up2,2073009,1103153.3452239705,1.103153
2026-06-29T01:08:14,dl,du1,2073170,6221991.230873003,6.221991
2026-06-29T01:08:14,dl,du2,2073934,6309625.167093201,6.309625
2026-06-29T01:08:14,dl,du3,2074711,6299314.956935658,6.299315
2026-06-29T01:08:14,dl,du4,2075480,6242611.271172233,6.242611
2026-06-29T01:08:14,dl,ue1,2073234,2494982.5044389702,2.494983
2026-06-29T01:08:14,dl,ue2,2073246,2448588.2688013767,2.448588
2026-06-29T01:08:14,dl,ue3,2073258,2505292.14457273,2.505292
2026-06-29T01:08:14,dl,ue4,2073270,2546531.655147407,2.546532
2026-06-29T01:08:14,dl,ue5,2073998,2469207.7390768244,2.469208
2026-06-29T01:08:14,dl,ue6,2074010,2525911.994864032,2.525912
2026-06-29T01:08:14,dl,ue7,2074022,2541376.7400765633,2.541377
2026-06-29T01:08:14,dl,ue8,2074034,2582616.2506512403,2.582616
2026-06-29T01:08:14,dl,ue9,2074755,2510447.0596435736,2.510447
2026-06-29T01:08:14,dl,ue10,2074767,2484672.6742972825,2.484673
2026-06-29T01:08:14,dl,ue11,2074779,2541376.7400765633,2.541377
2026-06-29T01:08:14,dl,ue12,2074791,2665094.8917847397,2.665095
2026-06-29T01:08:14,dl,ue13,2075524,2489827.5893681264,2.489828
2026-06-29T01:08:14,dl,ue14,2075536,2464053.014013908,2.464053
2026-06-29T01:08:14,dl,ue15,2075548,2510447.0596435736,2.510447
2026-06-29T01:08:14,dl,ue16,2075560,2551686.5702182506,2.551687
2026-06-29T01:08:20,dl,cu_cp1,2072945,654418.4071082658,0.654418
2026-06-29T01:08:20,dl,cu_up1,2072974,1049232.8510052753,1.049233
2026-06-29T01:08:20,dl,cu_cp2,2072982,730136.2059458658,0.730136
2026-06-29T01:08:20,dl,cu_up2,2073009,1076274.9661549723,1.076275
2026-06-29T01:08:20,dl,du1,2073170,6241312.875732257,6.241313
2026-06-29T01:08:20,dl,du2,2073934,6219678.879411757,6.219679
2026-06-29T01:08:20,dl,du3,2074711,6414382.184539761,6.414382
2026-06-29T01:08:20,dl,du4,2075480,6176411.647272613,6.176412
2026-06-29T01:08:20,dl,ue1,2073234,2504097.049005078,2.504097
2026-06-29T01:08:20,dl,ue2,2073246,2504097.049005078,2.504097
2026-06-29T01:08:20,dl,ue3,2073258,2563589.398133669,2.563589
2026-06-29T01:08:20,dl,ue4,2073270,2644715.553457296,2.644716
2026-06-29T01:08:20,dl,ue5,2073998,2455421.127660345,2.455421
2026-06-29T01:08:20,dl,ue6,2074010,2487871.551764703,2.487872
2026-06-29T01:08:20,dl,ue7,2074022,2471646.434775256,2.471646
2026-06-29T01:08:20,dl,ue8,2074034,2596040.012363491,2.596040
2026-06-29T01:08:20,dl,ue9,2074755,2466237.935695131,2.466238
2026-06-29T01:08:20,dl,ue10,2074767,2433787.511590773,2.433788
2026-06-29T01:08:20,dl,ue11,2074779,2487871.551764703,2.487872
2026-06-29T01:08:20,dl,ue12,2074791,2612265.319478402,2.612265
2026-06-29T01:08:20,dl,ue13,2075524,2531139.164154775,2.531139
2026-06-29T01:08:20,dl,ue14,2075536,2547364.2811442222,2.547364
2026-06-29T01:08:20,dl,ue15,2075548,2606856.820398277,2.606857
2026-06-29T01:08:20,dl,ue16,2075560,2563589.398133669,2.563589
2026-06-29T01:08:26,dl,cu_cp1,2072945,681087.3539043214,0.681087
2026-06-29T01:08:26,dl,cu_up1,2072974,1052589.5684642189,1.052590
2026-06-29T01:08:26,dl,cu_cp2,2072982,712045.8678387639,0.712046
2026-06-29T01:08:26,dl,cu_up2,2073009,1062909.136237818,1.062909
2026-06-29T01:08:26,dl,du1,2073170,6181383.503194413,6.181384
2026-06-29T01:08:26,dl,du2,2073934,6439371.655909438,6.439372
2026-06-29T01:08:26,dl,du3,2074711,6088508.434856973,6.088508
2026-06-29T01:08:26,dl,du4,2075480,6088508.434856973,6.088508
2026-06-29T01:08:26,dl,ue1,2073234,2487000.966608523,2.487001
2026-06-29T01:08:26,dl,ue2,2073246,2383805.667645242,2.383806
2026-06-29T01:08:26,dl,ue3,2073258,2497320.4396889447,2.497320
2026-06-29T01:08:26,dl,ue4,2073270,2528278.8589302097,2.528279
2026-06-29T01:08:26,dl,ue5,2073998,2425083.7493532836,2.425084
2026-06-29T01:08:26,dl,ue6,2074010,2641793.441587558,2.641793
2026-06-29T01:08:26,dl,ue7,2074022,2621154.4954267144,2.621154
2026-06-29T01:08:26,dl,ue8,2074034,2548917.8050910532,2.548918
2026-06-29T01:08:26,dl,ue9,2074755,2404444.8031924404,2.404445
2026-06-29T01:08:26,dl,ue10,2074767,2383805.667645242,2.383806
2026-06-29T01:08:26,dl,ue11,2074779,2497320.4396889447,2.497320
2026-06-29T01:08:26,dl,ue12,2074791,2517959.3858497883,2.517959
2026-06-29T01:08:26,dl,ue13,2075524,2445722.884900482,2.445723
2026-06-29T01:08:26,dl,ue14,2075536,2435403.41182006,2.435403
2026-06-29T01:08:26,dl,ue15,2075548,2435403.41182006,2.435403
2026-06-29T01:08:26,dl,ue16,2075560,2497320.4396889447,2.497320
2026-06-29T01:08:32,dl,cu_cp1,2072945,691335.0269727439,0.691335
2026-06-29T01:08:32,dl,cu_up1,2072974,1070454.232272796,1.070454
2026-06-29T01:08:32,dl,cu_cp2,2072982,661600.2002755868,0.661600
2026-06-29T01:08:32,dl,cu_up2,2073009,1048153.1358086854,1.048153
2026-06-29T01:08:32,dl,du1,2073170,6340954.455308294,6.340954
2026-06-29T01:08:32,dl,du2,2073934,6110509.477729056,6.110509
2026-06-29T01:08:32,dl,du3,2074711,6222015.148519666,6.222015
2026-06-29T01:08:32,dl,du4,2075480,6065906.9078607205,6.065907
2026-06-29T01:08:32,dl,ue1,2073234,2490292.9373835158,2.490293
2026-06-29T01:08:32,dl,ue2,2073246,2527461.494313719,2.527461
2026-06-29T01:08:32,dl,ue3,2073258,2549762.5907778298,2.549763
2026-06-29T01:08:32,dl,ue4,2073270,2572063.498771883,2.572063
2026-06-29T01:08:32,dl,ue5,2073998,2304449.9642624413,2.304450
2026-06-29T01:08:32,dl,ue6,2074010,2356485.9816587376,2.356486
2026-06-29T01:08:32,dl,ue7,2074022,2386220.9025909235,2.386221
2026-06-29T01:08:32,dl,ue8,2074034,2445690.5559852375,2.445691
2026-06-29T01:08:32,dl,ue9,2074755,2438256.9199872194,2.438257
2026-06-29T01:08:32,dl,ue10,2074767,2505160.2093795515,2.505160
2026-06-29T01:08:32,dl,ue11,2074779,2415955.6350530516,2.415956
2026-06-29T01:08:32,dl,ue12,2074791,2586931.147708033,2.586931
2026-06-29T01:08:32,dl,ue13,2075524,2415955.6350530516,2.415956
2026-06-29T01:08:32,dl,ue14,2075536,2401088.363057016,2.401088
2026-06-29T01:08:32,dl,ue15,2075548,2460558.0164513304,2.460558
2026-06-29T01:08:32,dl,ue16,2075560,2564629.8627738655,2.564630
2026-06-29T01:08:38,dl,cu_cp1,2072945,717812.7046355557,0.717813
2026-06-29T01:08:38,dl,cu_up1,2072974,1101240.6727346731,1.101241
2026-06-29T01:08:38,dl,cu_cp2,2072982,708895.8182485289,0.708896
2026-06-29T01:08:38,dl,cu_up2,2073009,1083406.8049115443,1.083407
2026-06-29T01:08:38,dl,du1,2073170,6313185.027228265,6.313185
2026-06-29T01:08:38,dl,du2,2073934,6241849.55593575,6.241850
2026-06-29T01:08:38,dl,du3,2074711,6157138.778824964,6.157139
2026-06-29T01:08:38,dl,du4,2075480,6210640.382294349,6.210640
2026-06-29T01:08:38,dl,ue1,2073234,2527949.33819237,2.527949
2026-06-29T01:08:38,dl,ue2,2073246,2519032.214182656,2.519032
2026-06-29T01:08:38,dl,ue3,2073258,2554699.9498289134,2.554700
2026-06-29T01:08:38,dl,ue4,2073270,2550241.577922206,2.550242
2026-06-29T01:08:38,dl,ue5,2073998,2447696.742890141,2.447697
2026-06-29T01:08:38,dl,ue6,2074010,2532407.7100990773,2.532408
2026-06-29T01:08:38,dl,ue7,2074022,2585909.3135684635,2.585909
2026-06-29T01:08:38,dl,ue8,2074034,2617118.297111714,2.617118
2026-06-29T01:08:38,dl,ue9,2074755,2447696.742890141,2.447697
2026-06-29T01:08:38,dl,ue10,2074767,2456613.6768017053,2.456614
2026-06-29T01:08:38,dl,ue11,2074779,2407570.6353371763,2.407571
2026-06-29T01:08:38,dl,ue12,2074791,2523490.5860893633,2.523491
2026-06-29T01:08:38,dl,ue13,2075524,2572533.817652042,2.572534
2026-06-29T01:08:38,dl,ue14,2075536,2554699.9498289134,2.554700
2026-06-29T01:08:38,dl,ue15,2075548,2550241.577922206,2.550242
2026-06-29T01:08:38,dl,ue16,2075560,2670620.0906792497,2.670620
2026-06-29T01:08:44,dl,cu_cp1,2072945,664272.3683740622,0.664272
2026-06-29T01:08:44,dl,cu_up1,2072974,1081958.7681625558,1.081959
2026-06-29T01:08:44,dl,cu_cp2,2072982,709563.6338678795,0.709564
2026-06-29T01:08:44,dl,cu_up2,2073009,1127250.1285493213,1.127250
2026-06-29T01:08:44,dl,du1,2073170,6275361.386743333,6.275361
2026-06-29T01:08:44,dl,du2,2073934,6204908.307086284,6.204908
2026-06-29T01:08:44,dl,du3,2074711,6164649.02485332,6.164649
2026-06-29T01:08:44,dl,du4,2075480,6265296.281506248,6.265296
2026-06-29T01:08:44,dl,ue1,2073234,2501086.225684211,2.501086
2026-06-29T01:08:44,dl,ue2,2073246,2561474.769461864,2.561475
2026-06-29T01:08:44,dl,ue3,2073258,2591668.756671846,2.591669
2026-06-29T01:08:44,dl,ue4,2073270,2596701.1195044923,2.596701
2026-06-29T01:08:44,dl,ue5,2073998,2465859.6858556867,2.465860
2026-06-29T01:08:44,dl,ue6,2074010,2526248.039847443,2.526248
2026-06-29T01:08:44,dl,ue7,2074022,2566506.942508614,2.566507
2026-06-29T01:08:44,dl,ue8,2074034,2531280.4026800897,2.531280
2026-06-29T01:08:44,dl,ue9,2074755,2435665.5088598086,2.435666
2026-06-29T01:08:44,dl,ue10,2074767,2455794.960190394,2.455795
2026-06-29T01:08:44,dl,ue11,2074779,2390374.0535800946,2.390374
2026-06-29T01:08:44,dl,ue12,2074791,2516183.124396254,2.516183
2026-06-29T01:08:44,dl,ue13,2075524,2576571.668173907,2.576572
2026-06-29T01:08:44,dl,ue14,2075536,2526248.039847443,2.526248
2026-06-29T01:08:44,dl,ue15,2075548,2541345.3181312787,2.541345
2026-06-29T01:08:44,dl,ue16,2075560,2641992.574784206,2.641993
2026-06-29T01:08:50,dl,cu_cp1,2072945,634298.1030798438,0.634298
2026-06-29T01:08:50,dl,cu_up1,2072974,1107333.9580920725,1.107334
2026-06-29T01:08:50,dl,cu_cp2,2072982,704178.4326875246,0.704178
2026-06-29T01:08:50,dl,cu_up2,2073009,1096583.116283701,1.096583
2026-06-29T01:08:50,dl,du1,2073170,6482741.6900138,6.482742
2026-06-29T01:08:50,dl,du2,2073934,6144090.552108054,6.144091
2026-06-29T01:08:50,dl,du3,2074711,6090336.722124155,6.090337
2026-06-29T01:08:50,dl,du4,2075480,6106463.36389467,6.106463
2026-06-29T01:08:50,dl,ue1,2073234,2515690.7287026322,2.515691
2026-06-29T01:08:50,dl,ue2,2073246,2564069.5168403042,2.564070
2026-06-29T01:08:50,dl,ue3,2073258,2607072.6945448113,2.607073
2026-06-29T01:08:50,dl,ue4,2073270,2655451.4826824833,2.655451
2026-06-29T01:08:50,dl,ue5,2073998,2521066.149606818,2.521066
2026-06-29T01:08:50,dl,ue6,2074010,2585571.0109280683,2.585571
2026-06-29T01:08:50,dl,ue7,2074022,2569444.93774449,2.569445
2026-06-29T01:08:50,dl,ue8,2074034,2623198.9572573686,2.623199
2026-06-29T01:08:50,dl,ue9,2074755,2375930.16425176,2.375930
2026-06-29T01:08:50,dl,ue10,2074767,2402807.268772689,2.402807
2026-06-29T01:08:50,dl,ue11,2074779,2375930.16425176,2.375930
2026-06-29T01:08:50,dl,ue12,2074791,2478062.971902311,2.478063
2026-06-29T01:08:50,dl,ue13,2075524,2440435.0255730106,2.440435
2026-06-29T01:08:50,dl,ue14,2075536,2386681.006060132,2.386681
2026-06-29T01:08:50,dl,ue15,2075548,2418933.5314852465,2.418934
2026-06-29T01:08:50,dl,ue16,2075560,2547943.254127747,2.547943
2026-06-29T01:08:56,dl,cu_cp1,2072945,722427.7855347651,0.722428
2026-06-29T01:08:56,dl,cu_up1,2072974,1067467.9874245513,1.067468
2026-06-29T01:08:56,dl,cu_cp2,2072982,711645.3249497009,0.711645
2026-06-29T01:08:56,dl,cu_up2,2073009,1067467.9874245513,1.067468
2026-06-29T01:08:56,dl,du1,2073170,6005855.325334282,6.005855
2026-06-29T01:08:56,dl,du2,2073934,6059767.486662727,6.059767
2026-06-29T01:08:56,dl,du3,2074711,6296982.280319567,6.296982
2026-06-29T01:08:56,dl,du4,2075480,6221504.725831403,6.221505
2026-06-29T01:08:56,dl,ue1,2073234,2447628.5117899417,2.447629
2026-06-29T01:08:56,dl,ue2,2073246,2458411.019573965,2.458411
2026-06-29T01:08:56,dl,ue3,2073258,2479976.0351420115,2.479976
2026-06-29T01:08:56,dl,ue4,2073270,2490758.731721871,2.490759
2026-06-29T01:08:56,dl,ue5,2073998,2415280.988437872,2.415281
2026-06-29T01:08:56,dl,ue6,2074010,2447628.5117899417,2.447629
2026-06-29T01:08:56,dl,ue7,2074022,2393715.9728698255,2.393716
2026-06-29T01:08:56,dl,ue8,2074034,2533888.574062128,2.533889
2026-06-29T01:08:56,dl,ue9,2074755,2350585.9417337324,2.350586
2026-06-29T01:08:56,dl,ue10,2074767,2415280.988437872,2.415281
2026-06-29T01:08:56,dl,ue11,2074779,2523106.255073941,2.523106
2026-06-29T01:08:56,dl,ue12,2074791,2426063.4962218953,2.426063
2026-06-29T01:08:56,dl,ue13,2075524,2555453.7784260106,2.555454
2026-06-29T01:08:56,dl,ue14,2075536,2490758.731721871,2.490759
2026-06-29T01:08:56,dl,ue15,2075548,2479976.0351420115,2.479976
2026-06-29T01:08:56,dl,ue16,2075560,2555453.7784260106,2.555454
2026-06-29T01:09:02,dl,cu_cp1,2072945,742379.0110447088,0.742379
2026-06-29T01:09:02,dl,cu_up1,2072974,1109741.9121215087,1.109742
2026-06-29T01:09:02,dl,cu_cp2,2072982,719418.8148973561,0.719419
2026-06-29T01:09:02,dl,cu_up2,2073009,1079128.3172583717,1.079128
2026-06-29T01:09:02,dl,du1,2073170,6145674.090964689,6.145674
2026-06-29T01:09:02,dl,du2,2073934,6260474.739508271,6.260475
2026-06-29T01:09:02,dl,du3,2074711,6199247.929431348,6.199248
2026-06-29T01:09:02,dl,du4,2075480,6451809.659946709,6.451810
2026-06-29T01:09:02,dl,ue1,2073234,2426125.2573760105,2.426125
2026-06-29T01:09:02,dl,ue2,2073246,2433778.798460301,2.433779
2026-06-29T01:09:02,dl,ue3,2073258,2449085.500979532,2.449086
2026-06-29T01:09:02,dl,ue4,2073270,2479699.095842669,2.479699
2026-06-29T01:09:02,dl,ue5,2073998,2525619.393225037,2.525619
2026-06-29T01:09:02,dl,ue6,2074010,2540926.2855689432,2.540926
2026-06-29T01:09:02,dl,ue7,2074022,2540926.2855689432,2.540926
2026-06-29T01:09:02,dl,ue8,2074034,2655726.934112525,2.655727
2026-06-29T01:09:02,dl,ue9,2074755,2433778.798460301,2.433779
2026-06-29T01:09:02,dl,ue10,2074767,2472045.7445830535,2.472046
2026-06-29T01:09:02,dl,ue11,2074779,2449085.500979532,2.449086
2026-06-29T01:09:02,dl,ue12,2074791,2502659.149621515,2.502659
2026-06-29T01:09:02,dl,ue13,2075524,2655726.934112525,2.655727
2026-06-29T01:09:02,dl,ue14,2075536,2602153.4752952172,2.602153
2026-06-29T01:09:02,dl,ue15,2075548,2609806.6367301573,2.609807
2026-06-29T01:09:02,dl,ue16,2075560,2671034.0162811065,2.671034
2026-06-29T01:09:08,dl,cu_cp1,2072945,684651.6284266156,0.684652
2026-06-29T01:09:08,dl,cu_up1,2072974,1080326.9429754,1.080327
2026-06-29T01:09:08,dl,cu_cp2,2072982,711326.3548744619,0.711326
2026-06-29T01:09:08,dl,cu_up2,2073009,1093664.258759539,1.093664
2026-06-29T01:09:08,dl,du1,2073170,6237442.778616328,6.237443
2026-06-29T01:09:08,dl,du2,2073934,6228551.424519372,6.228551
2026-06-29T01:09:08,dl,du3,2074711,6126298.575294738,6.126299
2026-06-29T01:09:08,dl,du4,2075480,6330804.653262279,6.330805
2026-06-29T01:09:08,dl,ue1,2073234,2374051.6975335707,2.374052
2026-06-29T01:09:08,dl,ue2,2073246,2458521.648805156,2.458522
2026-06-29T01:09:08,dl,ue3,2073258,2462967.5156127703,2.462968
2026-06-29T01:09:08,dl,ue4,2073270,2485196.4701325702,2.485196
2026-06-29T01:09:08,dl,ue5,2073998,2551883.143932834,2.551883
2026-06-29T01:09:08,dl,ue6,2074010,2547437.4668843555,2.547437
2026-06-29T01:09:08,dl,ue7,2074022,2600787.1095391847,2.600787
2026-06-29T01:09:08,dl,ue8,2074034,2680811.1940031555,2.680811
2026-06-29T01:09:08,dl,ue9,2074755,2485196.4701325702,2.485196
2026-06-29T01:09:08,dl,ue10,2074767,2440738.5610929704,2.440739
2026-06-29T01:09:08,dl,ue11,2074779,2449630.104949063,2.449630
2026-06-29T01:09:08,dl,ue12,2074791,2516316.968508463,2.516317
2026-06-29T01:09:08,dl,ue13,2075524,2658582.049724219,2.658582
2026-06-29T01:09:08,dl,ue14,2075536,2525208.5123645556,2.525209
2026-06-29T01:09:08,dl,ue15,2075548,2636353.284963555,2.636353
2026-06-29T01:09:08,dl,ue16,2075560,2618570.19725137,2.618570
2026-06-29T01:09:14,dl,cu_cp1,2072945,719806.8689622862,0.719807
2026-06-29T01:09:14,dl,cu_up1,2072974,1079710.3270846165,1.079710
2026-06-29T01:09:14,dl,cu_cp2,2072982,680365.377906971,0.680365
2026-06-29T01:09:14,dl,cu_up2,2073009,1104361.1821603298,1.104361
2026-06-29T01:09:14,dl,du1,2073170,6187380.98370564,6.187381
2026-06-29T01:09:14,dl,du2,2073934,6187380.98370564,6.187381
2026-06-29T01:09:14,dl,du3,2074711,6103567.49014677,6.103567
2026-06-29T01:09:14,dl,du4,2075480,6108498.096159759,6.108498
2026-06-29T01:09:14,dl,ue1,2073234,2484812.84899024,2.484813
2026-06-29T01:09:14,dl,ue2,2073246,2465091.937974272,2.465092
2026-06-29T01:09:14,dl,ue3,2073258,2519324.065009189,2.519324
2026-06-29T01:09:14,dl,ue4,2073270,2548905.0532741453,2.548905
2026-06-29T01:09:14,dl,ue5,2073998,2420720.266447339,2.420720
2026-06-29T01:09:14,dl,ue6,2074010,2400999.5445608688,2.401000
2026-06-29T01:09:14,dl,ue7,2074022,2410860.0000688527,2.410860
2026-06-29T01:09:14,dl,ue8,2074034,2543975.014649651,2.543975
2026-06-29T01:09:14,dl,ue9,2074755,2504533.5708767106,2.504534
2026-06-29T01:09:14,dl,ue10,2074767,2440440.988333809,2.440441
2026-06-29T01:09:14,dl,ue11,2074779,2534114.559141667,2.534115
2026-06-29T01:09:14,dl,ue12,2074791,2548905.0532741453,2.548905
2026-06-29T01:09:14,dl,ue13,2075524,2519324.065009189,2.519324
2026-06-29T01:09:14,dl,ue14,2075536,2474952.3934822557,2.474952
2026-06-29T01:09:14,dl,ue15,2075548,2504533.5708767106,2.504534
2026-06-29T01:09:14,dl,ue16,2075560,2588346.497047086,2.588346
2026-06-29T01:09:20,dl,cu_cp1,2072945,698859.9984095693,0.698860
2026-06-29T01:09:20,dl,cu_up1,2072974,1118175.9974553108,1.118176
2026-06-29T01:09:20,dl,cu_cp2,2072982,666604.9251937673,0.666605
2026-06-29T01:09:20,dl,cu_up2,2073009,1042914.144205001,1.042914
2026-06-29T01:09:20,dl,du1,2073170,6268236.572048712,6.268237
2026-06-29T01:09:20,dl,du2,2073934,6058578.761487102,6.058579
2026-06-29T01:09:20,dl,du3,2074711,6300491.503543568,6.300492
2026-06-29T01:09:20,dl,du4,2075480,6230605.314741349,6.230605
2026-06-29T01:09:20,dl,ue1,2073234,2424506.5807960806,2.424507
2026-06-29T01:09:20,dl,ue2,2073246,2451385.7533622147,2.451386
2026-06-29T01:09:20,dl,ue3,2073258,2483641.0627795933,2.483641
2026-06-29T01:09:20,dl,ue4,2073270,2478265.1148896096,2.478265
2026-06-29T01:09:20,dl,ue5,2073998,2413754.873977375,2.413755
2026-06-29T01:09:20,dl,ue6,2074010,2381499.7535212575,2.381500
2026-06-29T01:09:20,dl,ue7,2074022,2424506.5807960806,2.424507
2026-06-29T01:09:20,dl,ue8,2074034,2472889.166999626,2.472889
2026-06-29T01:09:20,dl,ue9,2074755,2537399.2189505994,2.537399
2026-06-29T01:09:20,dl,ue10,2074767,2537399.2189505994,2.537399
2026-06-29T01:09:20,dl,ue11,2074779,2542775.166840583,2.542775
2026-06-29T01:09:20,dl,ue12,2074791,2585781.994115406,2.585782
2026-06-29T01:09:20,dl,ue13,2075524,2451385.7533622147,2.451386
2026-06-29T01:09:20,dl,ue14,2075536,2478265.1148896096,2.478265
2026-06-29T01:09:20,dl,ue15,2075548,2494392.5806370378,2.494393
2026-06-29T01:09:20,dl,ue16,2075560,2515895.8053131877,2.515896
2026-06-29T01:09:26,dl,cu_cp1,2072945,703056.9145208597,0.703057
2026-06-29T01:09:26,dl,cu_up1,2072974,1124890.9683314872,1.124891
2026-06-29T01:09:26,dl,cu_cp2,2072982,738209.7602469027,0.738210
2026-06-29T01:09:26,dl,cu_up2,2073009,1078020.5389973926,1.078021
2026-06-29T01:09:26,dl,du1,2073170,6034571.549114733,6.034572
2026-06-29T01:09:26,dl,du2,2073934,6245488.718372879,6.245489
2026-06-29T01:09:26,dl,du3,2074711,6350947.113198175,6.350947
2026-06-29T01:09:26,dl,du4,2075480,6409535.363395043,6.409535
2026-06-29T01:09:26,dl,ue1,2073234,2402111.0455280305,2.402111
2026-06-29T01:09:26,dl,ue2,2073246,2425546.117842245,2.425546
2026-06-29T01:09:26,dl,ue3,2073258,2460699.105921121,2.460699
2026-06-29T01:09:26,dl,ue4,2073270,2554439.96458931,2.554440
2026-06-29T01:09:26,dl,ue5,2073998,2425546.117842245,2.425546
2026-06-29T01:09:26,dl,ue6,2074010,2390393.3195671462,2.390393
2026-06-29T01:09:26,dl,ue7,2074022,2413828.581685138,2.413829
2026-06-29T01:09:26,dl,ue8,2074034,2484134.368039112,2.484134
2026-06-29T01:09:26,dl,ue9,2074755,2659898.5492183827,2.659899
2026-06-29T01:09:26,dl,ue10,2074767,2601310.488825293,2.601310
2026-06-29T01:09:26,dl,ue11,2074779,2577875.226707301,2.577875
2026-06-29T01:09:26,dl,ue12,2074791,2695051.347493482,2.695051
2026-06-29T01:09:26,dl,ue13,2075524,2554439.96458931,2.554440
2026-06-29T01:09:26,dl,ue14,2075536,2542722.2386284256,2.542722
2026-06-29T01:09:26,dl,ue15,2075548,2566157.6905501937,2.566158
2026-06-29T01:09:26,dl,ue16,2075560,2589592.9526681853,2.589593
2026-06-29T01:09:32,dl,cu_cp1,2072945,745167.9758481968,0.745168
2026-06-29T01:09:32,dl,cu_up1,2072974,1117752.0109395958,1.117752
2026-06-29T01:09:32,dl,cu_cp2,2072982,656071.775086962,0.656072
2026-06-29T01:09:32,dl,cu_up2,2073009,1093453.0213680041,1.093453
2026-06-29T01:09:32,dl,du1,2073170,6236731.789256006,6.236732
2026-06-29T01:09:32,dl,du2,2073934,6252931.304306269,6.252931
2026-06-29T01:09:32,dl,du3,2074711,6196233.944976359,6.196234
2026-06-29T01:09:32,dl,du4,2075480,6196233.944976359,6.196234
2026-06-29T01:09:32,dl,ue1,2073234,2470393.7827315712,2.470394
2026-06-29T01:09:32,dl,ue2,2073246,2405596.665876529,2.405597
2026-06-29T01:09:32,dl,ue3,2073258,2599988.3937800596,2.599988
2026-06-29T01:09:32,dl,ue4,2073270,2656685.75310997,2.656686
2026-06-29T01:09:32,dl,ue5,2073998,2510892.004349623,2.510892
2026-06-29T01:09:32,dl,ue6,2074010,2510892.004349623,2.510892
2026-06-29T01:09:32,dl,ue7,2074022,2478493.3515875004,2.478493
2026-06-29T01:09:32,dl,ue8,2074034,2616187.720161121,2.616188
2026-06-29T01:09:32,dl,ue9,2074755,2356998.686733346,2.356999
2026-06-29T01:09:32,dl,ue10,2074767,2389397.339495468,2.389397
2026-06-29T01:09:32,dl,ue11,2074779,2373198.013114407,2.373198
2026-06-29T01:09:32,dl,ue12,2074791,2462294.213875642,2.462294
2026-06-29T01:09:32,dl,ue13,2075524,2510892.004349623,2.510892
2026-06-29T01:09:32,dl,ue14,2075536,2470393.7827315712,2.470394
2026-06-29T01:09:32,dl,ue15,2075548,2494692.6779685616,2.494693
2026-06-29T01:09:32,dl,ue16,2075560,2543290.657111745,2.543291
2026-06-29T01:09:38,dl,cu_cp1,2072945,742186.8831439042,0.742187
2026-06-29T01:09:38,dl,cu_up1,2072974,1062171.647701192,1.062172
2026-06-29T01:09:38,dl,cu_cp2,2072982,675523.370797398,0.675523
2026-06-29T01:09:38,dl,cu_up2,2073009,1048838.9452318908,1.048839
2026-06-29T01:09:38,dl,du1,2073170,6226369.780221071,6.226370
2026-06-29T01:09:38,dl,du2,2073934,6346364.102444782,6.346364
2026-06-29T01:09:38,dl,du3,2074711,6199704.375282469,6.199704
2026-06-29T01:09:38,dl,du4,2075480,6119708.539290428,6.119709
2026-06-29T01:09:38,dl,ue1,2073234,2493214.414699912,2.493214
2026-06-29T01:09:38,dl,ue2,2073246,2430995.2627844284,2.430995
2026-06-29T01:09:38,dl,ue3,2073258,2577654.800534859,2.577655
2026-06-29T01:09:38,dl,ue4,2073270,2648762.6733123874,2.648763
2026-06-29T01:09:38,dl,ue5,2073998,2510991.2881883527,2.510991
2026-06-29T01:09:38,dl,ue6,2074010,2559877.927046418,2.559878
2026-06-29T01:09:38,dl,ue7,2074022,2608764.5659044837,2.608765
2026-06-29T01:09:38,dl,ue8,2074034,2546545.4139890005,2.546545
2026-06-29T01:09:38,dl,ue9,2074755,2497658.7751309345,2.497659
2026-06-29T01:09:38,dl,ue10,2074767,2475437.5412114714,2.475438
2026-06-29T01:09:38,dl,ue11,2074779,2439883.7942345906,2.439884
2026-06-29T01:09:38,dl,ue12,2074791,2528768.161676793,2.528768
2026-06-29T01:09:38,dl,ue13,2075524,2453216.3072920083,2.453216
2026-06-29T01:09:38,dl,ue14,2075536,2408774.0288649653,2.408774
2026-06-29T01:09:38,dl,ue15,2075548,2462104.8387421705,2.462105
2026-06-29T01:09:38,dl,ue16,2075560,2493214.414699912,2.493214
2026-06-29T01:09:44,dl,cu_cp1,2072945,727276.6436374715,0.727277
2026-06-29T01:09:44,dl,cu_up1,2072974,1074277.9520440411,1.074278
2026-06-29T01:09:44,dl,cu_cp2,2072982,694002.5695343235,0.694003
2026-06-29T01:09:44,dl,cu_up2,2073009,1064771.1277617884,1.064771
2026-06-29T01:09:44,dl,du1,2073170,6246023.267645359,6.246023
2026-06-29T01:09:44,dl,du2,2073934,6383873.165314341,6.383873
2026-06-29T01:09:44,dl,du3,2074711,6165214.315669894,6.165214
2026-06-29T01:09:44,dl,du4,2075480,5951309.445512364,5.951309
2026-06-29T01:09:44,dl,ue1,2073234,2429008.9224519087,2.429009
2026-06-29T01:09:44,dl,ue2,2073246,2362460.774245613,2.362461
2026-06-29T01:09:44,dl,ue3,2073258,2490803.658517078,2.490804
2026-06-29T01:09:44,dl,ue4,2073270,2647667.3938658284,2.647667
2026-06-29T01:09:44,dl,ue5,2073998,2486050.246375952,2.486050
2026-06-29T01:09:44,dl,ue6,2074010,2505063.8949404573,2.505064
2026-06-29T01:09:44,dl,ue7,2074022,2633406.968327186,2.633407
2026-06-29T01:09:44,dl,ue8,2074034,2595379.4820829118,2.595379
2026-06-29T01:09:44,dl,ue9,2074755,2519324.3204790996,2.519324
2026-06-29T01:09:44,dl,ue10,2074767,2509817.496196847,2.509817
2026-06-29T01:09:44,dl,ue11,2074779,2495557.0706582046,2.495557
2026-06-29T01:09:44,dl,ue12,2074791,2519324.3204790996,2.519324
2026-06-29T01:09:44,dl,ue13,2075524,2371967.7876431285,2.371968
2026-06-29T01:09:44,dl,ue14,2075536,2395734.8483487605,2.395735
2026-06-29T01:09:44,dl,ue15,2075548,2443269.347990551,2.443269
2026-06-29T01:09:44,dl,ue16,2075560,2424255.510310782,2.424256
2026-06-29T01:09:50,dl,cu_cp1,2072945,710698.0898747942,0.710698
2026-06-29T01:09:50,dl,cu_up1,2072974,1074062.511572277,1.074063
2026-06-29T01:09:50,dl,cu_cp2,2072982,721385.2274817177,0.721385
2026-06-29T01:09:50,dl,cu_up2,2073009,1063375.2797457813,1.063375
2026-06-29T01:09:50,dl,du1,2073170,6214600.480249941,6.214600
2026-06-29T01:09:50,dl,du2,2073934,6182538.690550882,6.182539
2026-06-29T01:09:50,dl,du3,2074711,6107728.3504241295,6.107728
2026-06-29T01:09:50,dl,du4,2075480,6086354.075210283,6.086354
2026-06-29T01:09:50,dl,ue1,2073234,2404617.4563455833,2.404617
2026-06-29T01:09:50,dl,ue2,2073246,2377899.612328274,2.377900
2026-06-29T01:09:50,dl,ue3,2073258,2442022.6264089597,2.442023
2026-06-29T01:09:50,dl,ue4,2073270,2490114.9340792596,2.490115
2026-06-29T01:09:50,dl,ue5,2073998,2442022.6264089597,2.442023
2026-06-29T01:09:50,dl,ue6,2074010,2490114.9340792596,2.490115
2026-06-29T01:09:50,dl,ue7,2074022,2495458.691321865,2.495459
2026-06-29T01:09:50,dl,ue8,2074034,2586299.5494198594,2.586300
2026-06-29T01:09:50,dl,ue9,2074755,2511489.5861713947,2.511490
2026-06-29T01:09:50,dl,ue10,2074767,2425991.919998574,2.425992
2026-06-29T01:09:50,dl,ue11,2074779,2538207.2417495595,2.538207
2026-06-29T01:09:50,dl,ue12,2074791,2468740.6588654127,2.468741
2026-06-29T01:09:50,dl,ue13,2075524,2399273.8875421216,2.399274
2026-06-29T01:09:50,dl,ue14,2075536,2420648.3511951123,2.420648
2026-06-29T01:09:50,dl,ue15,2075548,2361868.717478745,2.361869
2026-06-29T01:09:50,dl,ue16,2075560,2436679.057605498,2.436679
2026-06-29T01:09:56,dl,cu_cp1,2072945,748718.3629539084,0.748718
2026-06-29T01:09:56,dl,cu_up1,2072974,1086849.262512951,1.086849
2026-06-29T01:09:56,dl,cu_cp2,2072982,664185.6499020243,0.664186
2026-06-29T01:09:56,dl,cu_up2,2073009,1002316.5968125724,1.002317
2026-06-29T01:09:56,dl,du1,2073170,6279573.727192631,6.279574
2026-06-29T01:09:56,dl,du2,2073934,6195040.682680206,6.195041
2026-06-29T01:09:56,dl,du3,2074711,6219192.981112327,6.219193
2026-06-29T01:09:56,dl,du4,2075480,6352030.622488994,6.352031
2026-06-29T01:09:56,dl,ue1,2073234,2378992.3040748406,2.378992
2026-06-29T01:09:56,dl,ue2,2073246,2318611.7474005604,2.318612
2026-06-29T01:09:56,dl,ue3,2073258,2354840.005642719,2.354840
2026-06-29T01:09:56,dl,ue4,2073270,2451448.8205591585,2.451449
2026-06-29T01:09:56,dl,ue5,2073998,2499753.417423401,2.499753
2026-06-29T01:09:56,dl,ue6,2074010,2548057.6354755973,2.548058
2026-06-29T01:09:56,dl,ue7,2074022,2535981.486259537,2.535981
2026-06-29T01:09:56,dl,ue8,2074034,2608438.1921498775,2.608438
2026-06-29T01:09:56,dl,ue9,2074755,2608438.1921498775,2.608438
2026-06-29T01:09:56,dl,ue10,2074767,2584285.8937177565,2.584286
2026-06-29T01:09:56,dl,ue11,2074779,2632590.4905819986,2.632590
2026-06-29T01:09:56,dl,ue12,2074791,2620514.341365938,2.620514
2026-06-29T01:09:56,dl,ue13,2075524,2511829.5666394616,2.511830
2026-06-29T01:09:56,dl,ue14,2075536,2511829.5666394616,2.511830
2026-06-29T01:09:56,dl,ue15,2075548,2391068.453290901,2.391068
2026-06-29T01:09:56,dl,ue16,2075560,2560133.784691658,2.560134
2026-06-29T01:10:02,dl,cu_cp1,2072945,689406.4504203796,0.689406
2026-06-29T01:10:02,dl,cu_up1,2072974,1094939.6399261677,1.094940
2026-06-29T01:10:02,dl,cu_cp2,2072982,713738.3984578991,0.713738
2026-06-29T01:10:02,dl,cu_up2,2073009,1143603.6302030063,1.143604
2026-06-29T01:10:02,dl,du1,2073170,6123551.05791542,6.123551
2026-06-29T01:10:02,dl,du2,2073934,6066776.763699341,6.066777
2026-06-29T01:10:02,dl,du3,2074711,6180325.728938699,6.180326
2026-06-29T01:10:02,dl,du4,2075480,6220878.850065499,6.220879
2026-06-29T01:10:02,dl,ue1,2073234,2457531.085072248,2.457531
2026-06-29T01:10:02,dl,ue2,2073246,2481863.0331097674,2.481863
2026-06-29T01:10:02,dl,ue3,2073258,2514305.7560955263,2.514306
2026-06-29T01:10:02,dl,ue4,2073270,2579191.0136634447,2.579191
2026-06-29T01:10:02,dl,ue5,2073998,2303428.4334952924,2.303428
2026-06-29T01:10:02,dl,ue6,2074010,2311539.2084435318,2.311539
2026-06-29T01:10:02,dl,ue7,2074022,2311539.2084435318,2.311539
2026-06-29T01:10:02,dl,ue8,2074034,2319649.794988172,2.319650
2026-06-29T01:10:02,dl,ue9,2074755,2376424.46601145,2.376424
2026-06-29T01:10:02,dl,ue10,2074767,2376424.46601145,2.376424
2026-06-29T01:10:02,dl,ue11,2074779,2335871.1564810514,2.335871
2026-06-29T01:10:02,dl,ue12,2074791,2425088.3620864893,2.425088
2026-06-29T01:10:02,dl,ue13,2075524,2522416.5310437656,2.522417
2026-06-29T01:10:02,dl,ue14,2075536,2530527.1175884055,2.530527
2026-06-29T01:10:02,dl,ue15,2075548,2546748.2906776858,2.546748
2026-06-29T01:10:02,dl,ue16,2075560,2603523.150104563,2.603523
2026-06-29T01:10:08,dl,cu_cp1,2072945,666512.658216188,0.666513
2026-06-29T01:10:08,dl,cu_up1,2072974,1053089.9821014546,1.053090
2026-06-29T01:10:08,dl,cu_cp2,2072982,679842.901028862,0.679843
2026-06-29T01:10:08,dl,cu_up2,2073009,1026429.4023702001,1.026429
2026-06-29T01:10:08,dl,du1,2073170,6069708.630701542,6.069709
2026-06-29T01:10:08,dl,du2,2073934,6109698.747451172,6.109699
2026-06-29T01:10:08,dl,du3,2074711,6118586.109259758,6.118586
2026-06-29T01:10:08,dl,du4,2075480,6051935.036355248,6.051935
2026-06-29T01:10:08,dl,ue1,2073234,2412775.690053272,2.412776
2026-06-29T01:10:08,dl,ue2,2073246,2523861.3134589577,2.523861
2026-06-29T01:10:08,dl,ue3,2073258,2501644.03820837,2.501644
2026-06-29T01:10:08,dl,ue4,2073270,2550521.893190212,2.550522
2026-06-29T01:10:08,dl,ue5,2073998,2443879.574265194,2.443880
2026-06-29T01:10:08,dl,ue6,2074010,2439436.269784527,2.439436
2026-06-29T01:10:08,dl,ue7,2074022,2461653.3568233014,2.461653
2026-06-29T01:10:08,dl,ue8,2074034,2568295.4875365067,2.568295
2026-06-29T01:10:08,dl,ue9,2074755,2368341.515975723,2.368342
2026-06-29T01:10:08,dl,ue10,2074767,2395002.095706978,2.395002
2026-06-29T01:10:08,dl,ue11,2074779,2372785.0086682034,2.372785
2026-06-29T01:10:08,dl,ue12,2074791,2452766.5596501543,2.452767
2026-06-29T01:10:08,dl,ue13,2075524,2399445.5883994577,2.399446
2026-06-29T01:10:08,dl,ue14,2075536,2417219.1827457524,2.417219
2026-06-29T01:10:08,dl,ue15,2075548,2395002.095706978,2.395002
2026-06-29T01:10:08,dl,ue16,2075560,2443879.574265194,2.443880
2026-06-29T01:10:14,dl,cu_cp1,2072945,704080.7300034952,0.704081
2026-06-29T01:10:14,dl,cu_up1,2072974,1065508.8013263661,1.065509
2026-06-29T01:10:14,dl,cu_cp2,2072982,727550.0433221525,0.727550
2026-06-29T01:10:14,dl,cu_up2,2073009,1084284.309000311,1.084284
2026-06-29T01:10:14,dl,du1,2073170,6233460.945213816,6.233461
2026-06-29T01:10:14,dl,du2,2073934,6299175.364620171,6.299175
2026-06-29T01:10:14,dl,du3,2074711,6374277.39531595,6.374277
2026-06-29T01:10:14,dl,du4,2075480,6158359.29464483,6.158359
2026-06-29T01:10:14,dl,ue1,2073234,2459588.559304124,2.459589
2026-06-29T01:10:14,dl,ue2,2073246,2506527.1859414387,2.506527
2026-06-29T01:10:14,dl,ue3,2073258,2487751.773299192,2.487752
2026-06-29T01:10:14,dl,ue4,2073270,2576935.4109925055,2.576935
2026-06-29T01:10:14,dl,ue5,2073998,2548772.1969974376,2.548772
2026-06-29T01:10:14,dl,ue6,2074010,2605098.624987574,2.605099
2026-06-29T01:10:14,dl,ue7,2074022,2600405.009406258,2.600405
2026-06-29T01:10:14,dl,ue8,2074034,2675506.6599752437,2.675507
2026-06-29T01:10:14,dl,ue9,2074755,2515915.177357657,2.515915
2026-06-29T01:10:14,dl,ue10,2074767,2515915.177357657,2.515915
2026-06-29T01:10:14,dl,ue11,2074779,2553466.00264215,2.553466
2026-06-29T01:10:14,dl,ue12,2074791,2684894.651391462,2.684895
2026-06-29T01:10:14,dl,ue13,2075524,2487751.773299192,2.487752
2026-06-29T01:10:14,dl,ue14,2075536,2525302.7886470817,2.525303
2026-06-29T01:10:14,dl,ue15,2075548,2464282.555012233,2.464283
2026-06-29T01:10:14,dl,ue16,2075560,2511221.181649548,2.511221
2026-06-29T01:10:20,dl,cu_cp1,2072945,727692.1574889689,0.727692
2026-06-29T01:10:20,dl,cu_up1,2072974,1075486.2344432294,1.075486
2026-06-29T01:10:20,dl,cu_cp2,2072982,668834.6766249329,0.668835
2026-06-29T01:10:20,dl,cu_up2,2073009,1080836.854717788,1.080837
2026-06-29T01:10:20,dl,du1,2073170,6008810.75509758,6.008811
2026-06-29T01:10:20,dl,du2,2073934,6142577.859582424,6.142578
2026-06-29T01:10:20,dl,du3,2074711,6163980.716591453,6.163981
2026-06-29T01:10:20,dl,du4,2075480,6131876.43107791,6.131876
2026-06-29T01:10:20,dl,ue1,2073234,2338245.964072287,2.338246
2026-06-29T01:10:20,dl,ue2,2073246,2348947.3925768016,2.348947
2026-06-29T01:10:20,dl,ue3,2073258,2429207.7304498674,2.429208
2026-06-29T01:10:20,dl,ue4,2073270,2402454.347143978,2.402454
2026-06-29T01:10:20,dl,ue5,2073998,2429207.7304498674,2.429208
2026-06-29T01:10:20,dl,ue6,2074010,2439908.9709989848,2.439909
2026-06-29T01:10:20,dl,ue7,2074022,2445259.685251242,2.445260
2026-06-29T01:10:20,dl,ue8,2074034,2525519.6472135126,2.525520
2026-06-29T01:10:20,dl,ue9,2074755,2520169.1209166525,2.520169
2026-06-29T01:10:20,dl,ue10,2074767,2482714.3091062484,2.482714
2026-06-29T01:10:20,dl,ue11,2074779,2461311.6400526166,2.461312
2026-06-29T01:10:20,dl,ue12,2074791,2605779.7971311808,2.605780
2026-06-29T01:10:20,dl,ue13,2075524,2466662.354304874,2.466662
2026-06-29T01:10:20,dl,ue14,2075536,2434558.256746727,2.434558
2026-06-29T01:10:20,dl,ue15,2075548,2477363.782809389,2.477364
2026-06-29T01:10:20,dl,ue16,2075560,2514818.594619793,2.514819
2026-06-29T01:10:25,dl,cu_cp1,2072945,706783.4944267219,0.706783
2026-06-29T01:10:25,dl,cu_up1,2072974,1053975.4925380487,1.053975
2026-06-29T01:10:25,dl,cu_cp2,2072982,694383.8544633392,0.694384
2026-06-29T01:10:25,dl,cu_up2,2073009,1128373.7103431833,1.128374
2026-06-29T01:10:25,dl,du1,2073170,6237054.86119425,6.237055
2026-06-29T01:10:25,dl,du2,2073934,6286653.610060201,6.286654
2026-06-29T01:10:25,dl,du3,2074711,6447849.449368329,6.447849
2026-06-29T01:10:25,dl,du4,2075480,6162656.548882906,6.162657
2026-06-29T01:10:25,dl,ue1,2073234,2417943.6380193327,2.417944
2026-06-29T01:10:25,dl,ue2,2073246,2430343.41974203,2.430343
2026-06-29T01:10:25,dl,ue3,2073258,2504741.732053374,2.504742
2026-06-29T01:10:25,dl,ue4,2073270,2566740.2626420213,2.566740
2026-06-29T01:10:25,dl,ue5,2073998,2442743.201464727,2.442743
2026-06-29T01:10:25,dl,ue6,2074010,2430343.41974203,2.430343
2026-06-29T01:10:25,dl,ue7,2074022,2517141.324763652,2.517141
2026-06-29T01:10:25,dl,ue8,2074034,2504741.732053374,2.504742
2026-06-29T01:10:25,dl,ue9,2074755,2579140.0443647183,2.579140
2026-06-29T01:10:25,dl,ue10,2074767,2541940.8882090463,2.541941
2026-06-29T01:10:25,dl,ue11,2074779,2678337.5420966186,2.678338
2026-06-29T01:10:25,dl,ue12,2074791,2591539.4480625773,2.591539
2026-06-29T01:10:25,dl,ue13,2075524,2504741.732053374,2.504742
2026-06-29T01:10:25,dl,ue14,2075536,2529541.106486349,2.529541
2026-06-29T01:10:25,dl,ue15,2075548,2591539.4480625773,2.591539
2026-06-29T01:10:25,dl,ue16,2075560,2194748.8900977196,2.194749
2026-06-29T01:10:32,dl,cu_cp1,2072945,686680.2471489334,0.686680
2026-06-29T01:10:32,dl,cu_up1,2072974,1100343.094212179,1.100343
2026-06-29T01:10:32,dl,cu_cp2,2072982,711499.9766043186,0.711500
2026-06-29T01:10:32,dl,cu_up2,2073009,1083796.4825497724,1.083796
2026-06-29T01:10:32,dl,du1,2073170,6213214.695512313,6.213215
2026-06-29T01:10:32,dl,du2,2073934,6213214.695512313,6.213215
2026-06-29T01:10:32,dl,du3,2074711,6147029.001015587,6.147029
2026-06-29T01:10:32,dl,du4,2075480,6113935.777690773,6.113936
2026-06-29T01:10:32,dl,ue1,2073234,2374424.48265028,2.374424
2026-06-29T01:10:32,dl,ue2,2073246,2457156.9768476393,2.457157
2026-06-29T01:10:32,dl,ue3,2073258,2498523.317965431,2.498523
2026-06-29T01:10:32,dl,ue4,2073270,2515069.741589613,2.515070
2026-06-29T01:10:32,dl,ue5,2073998,2465430.2826788425,2.465430
2026-06-29T01:10:32,dl,ue6,2074010,2415790.635729847,2.415791
2026-06-29T01:10:32,dl,ue7,2074022,2465430.2826788425,2.465430
2026-06-29T01:10:32,dl,ue8,2074034,2498523.317965431,2.498523
2026-06-29T01:10:32,dl,ue9,2074755,2457156.9768476393,2.457157
2026-06-29T01:10:32,dl,ue10,2074767,2473703.400471821,2.473703
2026-06-29T01:10:32,dl,ue11,2074779,2390970.9062744617,2.390971
2026-06-29T01:10:32,dl,ue12,2074791,2515069.741589613,2.515070
2026-06-29T01:10:32,dl,ue13,2075524,2415790.635729847,2.415791
2026-06-29T01:10:32,dl,ue14,2075536,2465430.2826788425,2.465430
2026-06-29T01:10:32,dl,ue15,2075548,2498523.317965431,2.498523
2026-06-29T01:10:32,dl,ue16,2075560,2357877.870987873,2.357878
2026-06-29T01:10:38,dl,cu_cp1,2072945,683586.9545634144,0.683587
2026-06-29T01:10:38,dl,cu_up1,2072974,1081228.9842121196,1.081229
2026-06-29T01:10:38,dl,cu_cp2,2072982,696990.6184841574,0.696991
2026-06-29T01:10:38,dl,cu_up2,2073009,1090164.7601592815,1.090165
2026-06-29T01:10:38,dl,du1,2073170,6201429.074963536,6.201429
2026-06-29T01:10:38,dl,du2,2073934,6353337.1714597605,6.353337
2026-06-29T01:10:38,dl,du3,2074711,6237172.178752184,6.237172
2026-06-29T01:10:38,dl,du4,2075480,6304190.734869719,6.304191
2026-06-29T01:10:38,dl,ue1,2073234,2470742.3805096173,2.470742
2026-06-29T01:10:38,dl,ue2,2073246,2479678.061851251,2.479678
2026-06-29T01:10:38,dl,ue3,2073258,2502017.643627448,2.502018
2026-06-29T01:10:38,dl,ue4,2073270,2555632.2993104197,2.555632
2026-06-29T01:10:38,dl,ue5,2073998,2528825.066074462,2.528825
2026-06-29T01:10:38,dl,ue6,2074010,2470742.3805096173,2.470742
2026-06-29T01:10:38,dl,ue7,2074022,2551164.2694285465,2.551164
2026-06-29T01:10:38,dl,ue8,2074034,2591375.213888011,2.591375
2026-06-29T01:10:38,dl,ue9,2074755,2457338.6692861104,2.457339
2026-06-29T01:10:38,dl,ue10,2074767,2493081.7730747582,2.493082
2026-06-29T01:10:38,dl,ue11,2074779,2488613.743192885,2.488614
2026-06-29T01:10:38,dl,ue12,2074791,2519889.195521772,2.519889
2026-06-29T01:10:38,dl,ue13,2075524,2506485.295087209,2.506485
2026-06-29T01:10:38,dl,ue14,2075536,2488613.743192885,2.488614
2026-06-29T01:10:38,dl,ue15,2075548,2569035.8213228704,2.569036
2026-06-29T01:10:38,dl,ue16,2075560,2466274.5398388,2.466275
2026-06-29T01:10:44,dl,cu_cp1,2072945,718673.1606715322,0.718673
2026-06-29T01:10:44,dl,cu_up1,2072974,1094450.01021114,1.094450
2026-06-29T01:10:44,dl,cu_cp2,2072982,709278.7821483538,0.709279
2026-06-29T01:10:44,dl,cu_up2,2073009,1103844.531118691,1.103845
2026-06-29T01:10:44,dl,du1,2073170,6303656.513388693,6.303657
2026-06-29T01:10:44,dl,du2,2073934,6303656.513388693,6.303657
2026-06-29T01:10:44,dl,du3,2074711,6327142.720734656,6.327143
2026-06-29T01:10:44,dl,du4,2075480,6327142.720734656,6.327143
2026-06-29T01:10:44,dl,ue1,2073234,2437852.261553675,2.437852
2026-06-29T01:10:44,dl,ue2,2073246,2423760.7649610937,2.423761
2026-06-29T01:10:44,dl,ue3,2073258,2433155.0960228145,2.433155
2026-06-29T01:10:44,dl,ue4,2073270,2503613.1485232115,2.503613
2026-06-29T01:10:44,dl,ue5,2073998,2527099.166023344,2.527099
2026-06-29T01:10:44,dl,ue6,2074010,2550585.183523476,2.550585
2026-06-29T01:10:44,dl,ue7,2074022,2574071.2010236084,2.574071
2026-06-29T01:10:44,dl,ue8,2074034,2602254.7637462616,2.602255
2026-06-29T01:10:44,dl,ue9,2074755,2550585.183523476,2.550585
2026-06-29T01:10:44,dl,ue10,2074767,2550585.183523476,2.550585
2026-06-29T01:10:44,dl,ue11,2074779,2536493.686930895,2.536494
2026-06-29T01:10:44,dl,ue12,2074791,2630437.9467772543,2.630438
2026-06-29T01:10:44,dl,ue13,2075524,2559979.704431027,2.559980
2026-06-29T01:10:44,dl,ue14,2075536,2541190.8524617553,2.541191
2026-06-29T01:10:44,dl,ue15,2075548,2621043.6157155335,2.621044
2026-06-29T01:10:44,dl,ue16,2075560,2578768.556400299,2.578769
2026-06-29T01:10:49,dl,cu_cp1,2072945,721787.5897912431,0.721788
2026-06-29T01:10:49,dl,cu_up1,2072974,1069314.937357117,1.069315
2026-06-29T01:10:49,dl,cu_cp2,2072982,711094.3847595173,0.711094
2026-06-29T01:10:49,dl,cu_up2,2073009,1063968.358425218,1.063968
2026-06-29T01:10:49,dl,du1,2073170,6095095.076900468,6.095095
2026-06-29T01:10:49,dl,du2,2073934,6260839.023789339,6.260839
2026-06-29T01:10:49,dl,du3,2074711,6175293.383535533,6.175293
2026-06-29T01:10:49,dl,du4,2075480,6143213.9099441385,6.143214
2026-06-29T01:10:49,dl,ue1,2073234,2405958.632637477,2.405959
2026-06-29T01:10:49,dl,ue2,2073246,2400612.0537055777,2.400612
2026-06-29T01:10:49,dl,ue3,2073258,2427344.7596933628,2.427345
2026-06-29T01:10:49,dl,ue4,2073270,2464771.0008883667,2.464771
2026-06-29T01:10:49,dl,ue5,2073998,2496850.474479761,2.496850
2026-06-29T01:10:49,dl,ue6,2074010,2544969.496195142,2.544969
2026-06-29T01:10:49,dl,ue7,2074022,2577048.969786537,2.577049
2026-06-29T01:10:49,dl,ue8,2074034,2625168.1801736285,2.625168
2026-06-29T01:10:49,dl,ue9,2074755,2427344.7596933628,2.427345
2026-06-29T01:10:49,dl,ue10,2074767,2427344.7596933628,2.427345
2026-06-29T01:10:49,dl,ue11,2074779,2405958.632637477,2.405959
2026-06-29T01:10:49,dl,ue12,2074791,2507543.4436718486,2.507543
2026-06-29T01:10:49,dl,ue13,2075524,2459424.4219564674,2.459424
2026-06-29T01:10:49,dl,ue14,2075536,2432691.5272969725,2.432692
2026-06-29T01:10:49,dl,ue15,2075548,2443384.49648906,2.443384
2026-06-29T01:10:49,dl,ue16,2075560,2518236.7902073576,2.518237
2026-06-29T01:10:55,dl,cu_cp1,2072945,747312.9828208995,0.747313
2026-06-29T01:10:55,dl,cu_up1,2072974,1014210.5196891332,1.014211
2026-06-29T01:10:55,dl,cu_cp2,2072982,733968.0758749491,0.733968
2026-06-29T01:10:55,dl,cu_up2,2073009,1040900.2332392383,1.040900
2026-06-29T01:10:55,dl,du1,2073170,6565678.3634038735,6.565678
2026-06-29T01:10:55,dl,du2,2073934,6205366.62842668,6.205367
2026-06-29T01:10:55,dl,du3,2074711,6138642.545235009,6.138643
2026-06-29T01:10:55,dl,du4,2075480,6165332.258785115,6.165332
2026-06-29T01:10:55,dl,ue1,2073234,2522181.3421059847,2.522181
2026-06-29T01:10:55,dl,ue2,2073246,2682320.024773798,2.682320
2026-06-29T01:10:55,dl,ue3,2073258,2655629.9098565103,2.655630
2026-06-29T01:10:55,dl,ue4,2073270,2722354.394415364,2.722354
2026-06-29T01:10:55,dl,ue5,2073998,2535526.198881037,2.535526
2026-06-29T01:10:55,dl,ue6,2074010,2548871.2563396813,2.548871
2026-06-29T01:10:55,dl,ue7,2074022,2175214.664587436,2.175215
2026-06-29T01:10:55,dl,ue8,2074034,2642285.0530814575,2.642285
2026-06-29T01:10:55,dl,ue9,2074755,2522181.3421059847,2.522181
2026-06-29T01:10:55,dl,ue10,2074767,2495491.6285558795,2.495492
2026-06-29T01:10:55,dl,ue11,2074779,2535526.198881037,2.535526
2026-06-29T01:10:55,dl,ue12,2074791,2388732.573671868,2.388733
2026-06-29T01:10:55,dl,ue13,2075524,2482146.771780827,2.482147
2026-06-29T01:10:55,dl,ue14,2075536,2442112.2014556695,2.442112
2026-06-29T01:10:55,dl,ue15,2075548,2482146.771780827,2.482147
2026-06-29T01:10:55,dl,ue16,2075560,2602250.6834398913,2.602251
2026-06-29T01:11:01,dl,cu_cp1,2072945,648861.7101659792,0.648862
2026-06-29T01:11:01,dl,cu_up1,2072974,648861.7101659792,0.648862
2026-06-29T01:11:01,dl,cu_cp2,2072982,640543.008507151,0.640543
2026-06-29T01:11:01,dl,cu_up2,2073009,640543.008507151,0.640543
2026-06-29T01:11:01,dl,du1,2073170,4866463.107042713,4.866463
2026-06-29T01:11:01,dl,du2,2073934,4833187.954810023,4.833188
2026-06-29T01:11:01,dl,du3,2074711,4808231.331437473,4.808231
2026-06-29T01:11:01,dl,du4,2075480,4774956.8703995375,4.774957
2026-06-29T01:11:01,dl,ue1,2073234,1347635.8894829608,1.347636
2026-06-29T01:11:01,dl,ue2,2073246,1405867.060292791,1.405867
2026-06-29T01:11:01,dl,ue3,2073258,1372592.0808587896,1.372592
2026-06-29T01:11:01,dl,ue4,2073270,1322679.6981071318,1.322680
2026-06-29T01:11:01,dl,ue5,2073998,1414185.8483509636,1.414186
2026-06-29T01:11:01,dl,ue6,2074010,1397548.2722346187,1.397548
2026-06-29T01:11:01,dl,ue7,2074022,1339317.1014247881,1.339317
2026-06-29T01:11:01,dl,ue8,2074034,1405867.060292791,1.405867
2026-06-29T01:11:01,dl,ue9,2074755,1355954.6775411332,1.355955
2026-06-29T01:11:01,dl,ue10,2074767,1355954.6775411332,1.355955
2026-06-29T01:11:01,dl,ue11,2074779,1330998.39976596,1.330998
2026-06-29T01:11:01,dl,ue12,2074791,1330998.39976596,1.330998
2026-06-29T01:11:01,dl,ue13,2075524,1355954.6775411332,1.355955
2026-06-29T01:11:01,dl,ue14,2075536,1372592.0808587896,1.372592
2026-06-29T01:11:01,dl,ue15,2075548,1330998.39976596,1.330998
2026-06-29T01:11:01,dl,ue16,2075560,1364273.2928006172,1.364273
2026-06-29T01:11:07,dl,cu_cp1,2072945,640827.8878299966,0.640828
2026-06-29T01:11:07,dl,cu_up1,2072974,640827.8878299966,0.640828
2026-06-29T01:11:07,dl,cu_cp2,2072982,640827.8878299966,0.640828
2026-06-29T01:11:07,dl,cu_up2,2073009,636555.6779655442,0.636556
2026-06-29T01:11:07,dl,du1,2073170,4844659.155692935,4.844659
2026-06-29T01:11:07,dl,du2,2073934,4853203.056119978,4.853203
2026-06-29T01:11:07,dl,du3,2074711,4814753.253890216,4.814753
2026-06-29T01:11:07,dl,du4,2075480,4780575.9211758375,4.780576
2026-06-29T01:11:07,dl,ue1,2073234,1350010.787289992,1.350011
2026-06-29T01:11:07,dl,ue2,2073246,1409821.3791910857,1.409821
2026-06-29T01:11:07,dl,ue3,2073258,1328649.7379677296,1.328650
2026-06-29T01:11:07,dl,ue4,2073270,1328649.7379677296,1.328650
2026-06-29T01:11:07,dl,ue5,2073998,1354282.824053824,1.354283
2026-06-29T01:11:07,dl,ue6,2074010,1379916.0832405388,1.379916
2026-06-29T01:11:07,dl,ue7,2074022,1384188.1200043708,1.384188
2026-06-29T01:11:07,dl,ue8,2074034,1379916.0832405388,1.379916
2026-06-29T01:11:07,dl,ue9,2074755,1418365.6258193702,1.418366
2026-06-29T01:11:07,dl,ue10,2074767,1362827.243782729,1.362827
2026-06-29T01:11:07,dl,ue11,2074779,1350010.787289992,1.350011
2026-06-29T01:11:07,dl,ue12,2074791,1367099.4536471814,1.367099
2026-06-29T01:11:07,dl,ue13,2075524,1414093.4159549177,1.414093
2026-06-29T01:11:07,dl,ue14,2075536,1384188.1200043708,1.384188
2026-06-29T01:11:07,dl,ue15,2075548,1379916.0832405388,1.379916
2026-06-29T01:11:07,dl,ue16,2075560,1350010.787289992,1.350011
2026-06-29T01:11:13,dl,cu_cp1,2072945,633123.9391472796,0.633124
2026-06-29T01:11:13,dl,cu_up1,2072974,628903.0491594378,0.628903
2026-06-29T01:11:13,dl,cu_cp2,2072982,603578.1378883955,0.603578
2026-06-29T01:11:13,dl,cu_up2,2073009,612019.7892672765,0.612020
2026-06-29T01:11:13,dl,du1,2073170,4769533.329126992,4.769533
2026-06-29T01:11:13,dl,du2,2073934,4811741.886080604,4.811742
2026-06-29T01:11:13,dl,du3,2074711,4799079.387579482,4.799079
2026-06-29T01:11:13,dl,du4,2075480,4731545.833623626,4.731546
2026-06-29T01:11:13,dl,ue1,2073234,1371768.4990977717,1.371768
2026-06-29T01:11:13,dl,ue2,2073246,1392872.520380972,1.392873
2026-06-29T01:11:13,dl,ue3,2073258,1363326.8048532896,1.363327
2026-06-29T01:11:13,dl,ue4,2073270,1325339.3950811254,1.325339
2026-06-29T01:11:13,dl,ue5,2073998,1367547.6948411316,1.367548
2026-06-29T01:11:13,dl,ue6,2074010,1342222.6978388876,1.342223
2026-06-29T01:11:13,dl,ue7,2074022,1325339.3950811254,1.325339
2026-06-29T01:11:13,dl,ue8,2074034,1380210.02187985,1.380210
2026-06-29T01:11:13,dl,ue9,2074755,1350664.3063521676,1.350664
2026-06-29T01:11:13,dl,ue10,2074767,1354885.1963400096,1.354885
2026-06-29T01:11:13,dl,ue11,2074779,1342222.6978388876,1.342223
2026-06-29T01:11:13,dl,ue12,2074791,1338001.8935822474,1.338002
2026-06-29T01:11:13,dl,ue13,2075524,1354885.1963400096,1.354885
2026-06-29T01:11:13,dl,ue14,2075536,1316897.7008366436,1.316898
2026-06-29T01:11:13,dl,ue15,2075548,1375989.3033544116,1.375989
2026-06-29T01:11:13,dl,ue16,2075560,1363326.8048532896,1.363327
2026-06-29T01:11:19,dl,cu_cp1,2072945,627174.3229178838,0.627174
2026-06-29T01:11:19,dl,cu_up1,2072974,631820.1102310568,0.631820
2026-06-29T01:11:19,dl,cu_cp2,2072982,617882.8772611761,0.617883
2026-06-29T01:11:19,dl,cu_up2,2073009,617882.8772611761,0.617883
2026-06-29T01:11:19,dl,du1,2073170,4780462.224713411,4.780462
2026-06-29T01:11:19,dl,du2,2073934,4826919.8399058655,4.826920
2026-06-29T01:11:19,dl,du3,2074711,4826919.8399058655,4.826920
2026-06-29T01:11:19,dl,du4,2075480,4761879.247420237,4.761879
2026-06-29T01:11:19,dl,ue1,2073234,1370492.0819585884,1.370492
2026-06-29T01:11:19,dl,ue2,2073246,1407657.9505651777,1.407658
2026-06-29T01:11:19,dl,ue3,2073258,1375137.826281882,1.375138
2026-06-29T01:11:19,dl,ue4,2073270,1342617.701998586,1.342618
2026-06-29T01:11:19,dl,ue5,2073998,1361200.6792917603,1.361201
2026-06-29T01:11:19,dl,ue6,2074010,1384429.314928469,1.384429
2026-06-29T01:11:19,dl,ue7,2074022,1333326.1273722397,1.333326
2026-06-29T01:11:19,dl,ue8,2074034,1398366.4619185906,1.398366
2026-06-29T01:11:19,dl,ue9,2074755,1337971.8716955334,1.337972
2026-06-29T01:11:19,dl,ue10,2074767,1356554.9349684669,1.356555
2026-06-29T01:11:19,dl,ue11,2074779,1337971.8716955334,1.337972
2026-06-29T01:11:19,dl,ue12,2074791,1296160.3447454094,1.296160
2026-06-29T01:11:19,dl,ue13,2075524,1342617.701998586,1.342618
2026-06-29T01:11:19,dl,ue14,2075536,1361200.6792917603,1.361201
2026-06-29T01:11:19,dl,ue15,2075548,1370492.0819585884,1.370492
2026-06-29T01:11:19,dl,ue16,2075560,1347263.4463218795,1.347263
2026-06-29T01:11:25,dl,cu_cp1,2072945,624479.6266064999,0.624480
2026-06-29T01:11:25,dl,cu_up1,2072974,634391.9982216349,0.634392
2026-06-29T01:11:25,dl,cu_cp2,2072982,619523.4407989323,0.619523
2026-06-29T01:11:25,dl,cu_up2,2073009,629435.8124140673,0.629436
2026-06-29T01:11:25,dl,du1,2073170,4782720.378567624,4.782720
2026-06-29T01:11:25,dl,du2,2073934,4827326.609453507,4.827327
2026-06-29T01:11:25,dl,du3,2074711,4772808.264776077,4.772808
2026-06-29T01:11:25,dl,du4,2075480,4743071.579636652,4.743072
2026-06-29T01:11:25,dl,ue1,2073234,1377820.1701509517,1.377820
2026-06-29T01:11:25,dl,ue2,2073246,1382776.227046725,1.382776
2026-06-29T01:11:25,dl,ue3,2073258,1382776.227046725,1.382776
2026-06-29T01:11:25,dl,ue4,2073270,1333214.3689710498,1.333214
2026-06-29T01:11:25,dl,ue5,2073998,1387732.5417660868,1.387733
2026-06-29T01:11:25,dl,ue6,2074010,1397644.7414988298,1.397645
2026-06-29T01:11:25,dl,ue7,2074022,1343126.740586185,1.343127
2026-06-29T01:11:25,dl,ue8,2074034,1318345.8545189453,1.318346
2026-06-29T01:11:25,dl,ue9,2074755,1328258.2261340802,1.328258
2026-06-29T01:11:25,dl,ue10,2074767,1377820.1701509517,1.377820
2026-06-29T01:11:25,dl,ue11,2074779,1367907.7985358166,1.367908
2026-06-29T01:11:25,dl,ue12,2074791,1343126.740586185,1.343127
2026-06-29T01:11:25,dl,ue13,2075524,1387732.5417660868,1.387733
2026-06-29T01:11:25,dl,ue14,2075536,1353039.11220132,1.353039
2026-06-29T01:11:25,dl,ue15,2075548,1382776.227046725,1.382776
2026-06-29T01:11:25,dl,ue16,2075560,1333214.3689710498,1.333214
2026-06-29T01:11:30,dl,cu_cp1,2072945,631916.0382635528,0.631916
2026-06-29T01:11:30,dl,cu_up1,2072974,631916.0382635528,0.631916
2026-06-29T01:11:30,dl,cu_cp2,2072982,607611.5258388281,0.607612
2026-06-29T01:11:30,dl,cu_up2,2073009,619763.8248771668,0.619764
2026-06-29T01:11:30,dl,du1,2073170,4751522.200581198,4.751522
2026-06-29T01:11:30,dl,du2,2073934,4812283.353165081,4.812283
2026-06-29T01:11:30,dl,du3,2074711,4727217.945112331,4.727218
2026-06-29T01:11:30,dl,du4,2075480,4763674.499619536,4.763674
2026-06-29T01:11:30,dl,ue1,2073234,1385354.3816948712,1.385354
2026-06-29T01:11:30,dl,ue2,2073246,1300288.7166862637,1.300289
2026-06-29T01:11:30,dl,ue3,2073258,1300288.7166862637,1.300289
2026-06-29T01:11:30,dl,ue4,2073270,1348897.6558837604,1.348898
2026-06-29T01:11:30,dl,ue5,2073998,1348897.6558837604,1.348898
2026-06-29T01:11:30,dl,ue6,2074010,1336745.3568454217,1.336745
2026-06-29T01:11:30,dl,ue7,2074022,1336745.3568454217,1.336745
2026-06-29T01:11:30,dl,ue8,2074034,1336745.3568454217,1.336745
2026-06-29T01:11:30,dl,ue9,2074755,1312441.0157246024,1.312441
2026-06-29T01:11:30,dl,ue10,2074767,1312441.0157246024,1.312441
2026-06-29T01:11:30,dl,ue11,2074779,1348897.6558837604,1.348898
2026-06-29T01:11:30,dl,ue12,2074791,1312441.0157246024,1.312441
2026-06-29T01:11:30,dl,ue13,2075524,1348897.6558837604,1.348898
2026-06-29T01:11:30,dl,ue14,2075536,1348897.6558837604,1.348898
2026-06-29T01:11:30,dl,ue15,2075548,1348897.6558837604,1.348898
2026-06-29T01:11:30,dl,ue16,2075560,1312441.0157246024,1.312441
2026-06-29T01:11:36,dl,cu_cp1,2072945,638546.9185498703,0.638547
2026-06-29T01:11:36,dl,cu_up1,2072974,629917.9252280652,0.629918
2026-06-29T01:11:36,dl,cu_cp2,2072982,629917.9252280652,0.629918
2026-06-29T01:11:36,dl,cu_up2,2073009,612659.8529640734,0.612660
2026-06-29T01:11:36,dl,du1,2073170,4806359.383450441,4.806359
2026-06-29T01:11:36,dl,du2,2073934,4789101.739288359,4.789102
2026-06-29T01:11:36,dl,du3,2074711,4711440.62815135,4.711441
2026-06-29T01:11:36,dl,du4,2075480,4737327.436876002,4.737327
2026-06-29T01:11:36,dl,ue1,2073234,1328867.8826509523,1.328868
2026-06-29T01:11:36,dl,ue2,2073246,1337496.8759727573,1.337497
2026-06-29T01:11:36,dl,ue3,2073258,1337496.8759727573,1.337497
2026-06-29T01:11:36,dl,ue4,2073270,1328867.8826509523,1.328868
2026-06-29T01:11:36,dl,ue5,2073998,1389271.007144351,1.389271
2026-06-29T01:11:36,dl,ue6,2074010,1372012.934880359,1.372013
2026-06-29T01:11:36,dl,ue7,2074022,1337496.8759727573,1.337497
2026-06-29T01:11:36,dl,ue8,2074034,1354754.8626163674,1.354755
2026-06-29T01:11:36,dl,ue9,2074755,1380641.9282021641,1.380642
2026-06-29T01:11:36,dl,ue10,2074767,1354754.8626163674,1.354755
2026-06-29T01:11:36,dl,ue11,2074779,1346125.9549149442,1.346126
2026-06-29T01:11:36,dl,ue12,2074791,1346125.9549149442,1.346126
2026-06-29T01:11:36,dl,ue13,2075524,1363383.941558554,1.363384
2026-06-29T01:11:36,dl,ue14,2075536,1354754.8626163674,1.354755
2026-06-29T01:11:36,dl,ue15,2075548,1372012.934880359,1.372013
2026-06-29T01:11:36,dl,ue16,2075560,1337496.8759727573,1.337497
2026-06-29T01:11:42,dl,cu_cp1,2072945,624519.1980378324,0.624519
2026-06-29T01:11:42,dl,cu_up1,2072974,631163.0397781581,0.631163
2026-06-29T01:11:42,dl,cu_cp2,2072982,617875.3990875685,0.617875
2026-06-29T01:11:42,dl,cu_up2,2073009,604587.7156069172,0.604588
2026-06-29T01:11:42,dl,du1,2073170,4770263.820932822,4.770264
2026-06-29T01:11:42,dl,du2,2073934,4750332.210131722,4.750332
2026-06-29T01:11:42,dl,du3,2074711,4756975.966291923,4.756976
2026-06-29T01:11:42,dl,du4,2075480,4710468.98852952,4.710469
2026-06-29T01:11:42,dl,ue1,2073234,1342051.8381197297,1.342052
2026-06-29T01:11:42,dl,ue2,2073246,1381914.8029815601,1.381915
2026-06-29T01:11:42,dl,ue3,2073258,1315476.5567385508,1.315477
2026-06-29T01:11:42,dl,ue4,2073270,1308832.8861584724,1.308833
2026-06-29T01:11:42,dl,ue5,2073998,1368627.1195009088,1.368627
2026-06-29T01:11:42,dl,ue6,2074010,1361983.3633407068,1.361983
2026-06-29T01:11:42,dl,ue7,2074022,1328764.2402192021,1.328764
2026-06-29T01:11:42,dl,ue8,2074034,1361983.3633407068,1.361983
2026-06-29T01:11:42,dl,ue9,2074755,1342051.8381197297,1.342052
2026-06-29T01:11:42,dl,ue10,2074767,1322120.3984788763,1.322120
2026-06-29T01:11:42,dl,ue11,2074779,1328764.2402192021,1.328764
2026-06-29T01:11:42,dl,ue12,2074791,1315476.5567385508,1.315477
2026-06-29T01:11:42,dl,ue13,2075524,1355339.5216003812,1.355340
2026-06-29T01:11:42,dl,ue14,2075536,1335407.996379404,1.335408
2026-06-29T01:11:42,dl,ue15,2075548,1355339.5216003812,1.355340
2026-06-29T01:11:42,dl,ue16,2075560,1315476.5567385508,1.315477
2026-06-29T01:11:48,ul,cu_cp1,2072945,624645.1029538816,0.624645
2026-06-29T01:11:48,ul,cu_up1,2072974,637306.8016425335,0.637307
2026-06-29T01:11:48,ul,cu_cp2,2072982,628865.5977009934,0.628866
2026-06-29T01:11:48,ul,cu_up2,2073009,624645.1029538816,0.624645
2026-06-29T01:11:48,ul,du1,2073170,4798793.624686174,4.798794
2026-06-29T01:11:48,ul,du2,2073934,4769249.303667125,4.769249
2026-06-29T01:11:48,ul,du3,2074711,4773470.313087797,4.773470
2026-06-29T01:11:48,ul,du4,2075480,4680617.026841393,4.680617
2026-06-29T01:11:48,ul,ue1,2073234,1371686.7838260971,1.371687
2026-06-29T01:11:48,ul,ue2,2073246,1392789.6006773626,1.392790
2026-06-29T01:11:48,ul,ue3,2073258,1380127.944878174,1.380128
2026-06-29T01:11:48,ul,ue4,2073270,1333701.6448706782,1.333702
2026-06-29T01:11:48,ul,ue5,2073998,1384348.5254042125,1.384349
2026-06-29T01:11:48,ul,ue6,2074010,1367466.2033000588,1.367466
2026-06-29T01:11:48,ul,ue7,2074022,1329480.9785657132,1.329481
2026-06-29T01:11:48,ul,ue8,2074034,1367466.2033000588,1.367466
2026-06-29T01:11:48,ul,ue9,2074755,1375907.3643521357,1.375907
2026-06-29T01:11:48,ul,ue10,2074767,1346363.3864487933,1.346363
2026-06-29T01:11:48,ul,ue11,2074779,1329480.9785657132,1.329481
2026-06-29T01:11:48,ul,ue12,2074791,1359025.042247982,1.359025
2026-06-29T01:11:48,ul,ue13,2075524,1359025.042247982,1.359025
2026-06-29T01:11:48,ul,ue14,2075536,1337922.2253967165,1.337922
2026-06-29T01:11:48,ul,ue15,2075548,1363245.6227740205,1.363246
2026-06-29T01:11:48,ul,ue16,2075560,1350583.966974832,1.350584
2026-06-29T01:11:54,ul,cu_cp1,2072945,697221.443267912,0.697221
2026-06-29T01:11:54,ul,cu_up1,2072974,764539.3412960982,0.764539
2026-06-29T01:11:54,ul,cu_cp2,2072982,692412.9598297182,0.692413
2026-06-29T01:11:54,ul,cu_up2,2073009,759730.9494480651,0.759731
2026-06-29T01:11:54,ul,du1,2073170,5798958.853415067,5.798959
2026-06-29T01:11:54,ul,du2,2073934,5722023.851125252,5.722024
2026-06-29T01:11:54,ul,du3,2074711,5702790.28373312,5.702790
2026-06-29T01:11:54,ul,du4,2075480,5702790.28373312,5.702790
2026-06-29T01:11:54,ul,ue1,2073234,1908944.1115211486,1.908944
2026-06-29T01:11:54,ul,ue2,2073246,1981070.63037277,1.981071
2026-06-29T01:11:54,ul,ue3,2073258,1957028.3963621224,1.957028
2026-06-29T01:11:54,ul,ue4,2073270,1947411.4294857348,1.947411
2026-06-29T01:11:54,ul,ue5,2073998,1976262.146934576,1.976262
2026-06-29T01:11:54,ul,ue6,2074010,1937794.6457896687,1.937795
2026-06-29T01:11:54,ul,ue7,2074022,1947411.4294857348,1.947411
2026-06-29T01:11:54,ul,ue8,2074034,1981070.63037277,1.981071
2026-06-29T01:11:54,ul,ue9,2074755,1952219.9129239286,1.952220
2026-06-29T01:11:54,ul,ue10,2074767,1932986.345531796,1.932986
2026-06-29T01:11:54,ul,ue11,2074779,1904135.6280829548,1.904136
2026-06-29T01:11:54,ul,ue12,2074791,1952219.9129239286,1.952220
2026-06-29T01:11:54,ul,ue13,2075524,1957028.3963621224,1.957028
2026-06-29T01:11:54,ul,ue14,2075536,1932986.345531796,1.932986
2026-06-29T01:11:54,ul,ue15,2075548,1971453.6634963823,1.971454
2026-06-29T01:11:54,ul,ue16,2075560,1952219.9129239286,1.952220
2026-06-29T01:12:00,ul,cu_cp1,2072945,732447.1395785281,0.732447
2026-06-29T01:12:00,ul,cu_up1,2072974,846383.4015130502,0.846383
2026-06-29T01:12:00,ul,cu_cp2,2072982,721596.023918007,0.721596
2026-06-29T01:12:00,ul,cu_up2,2073009,846383.4015130502,0.846383
2026-06-29T01:12:00,ul,du1,2073170,6369577.123457093,6.369577
2026-06-29T01:12:00,ul,du2,2073934,6315322.354893029,6.315322
2026-06-29T01:12:00,ul,du3,2074711,6347874.987399409,6.347875
2026-06-29T01:12:00,ul,du4,2075480,6217662.552106733,6.217663
2026-06-29T01:12:00,ul,ue1,2073234,2343830.884756633,2.343831
2026-06-29T01:12:00,ul,ue2,2073246,2327554.3779767277,2.327554
2026-06-29T01:12:00,ul,ue3,2073258,2354681.952785475,2.354682
2026-06-29T01:12:00,ul,ue4,2073270,2425213.799709592,2.425214
2026-06-29T01:12:00,ul,ue5,2073998,2408937.292929686,2.408937
2026-06-29T01:12:00,ul,ue6,2074010,2338405.44600557,2.338405
2026-06-29T01:12:00,ul,ue7,2074022,2354681.952785475,2.354682
2026-06-29T01:12:00,ul,ue8,2074034,2398086.224900844,2.398086
2026-06-29T01:12:00,ul,ue9,2074755,2360107.3915365385,2.360107
2026-06-29T01:12:00,ul,ue10,2074767,2370958.4595653806,2.370958
2026-06-29T01:12:00,ul,ue11,2074779,2300426.612641264,2.300427
2026-06-29T01:12:00,ul,ue12,2074791,2376384.08884316,2.376384
2026-06-29T01:12:00,ul,ue13,2075524,2376384.08884316,2.376384
2026-06-29T01:12:00,ul,ue14,2075536,2343830.884756633,2.343831
2026-06-29T01:12:00,ul,ue15,2075548,2419788.3609585287,2.419788
2026-06-29T01:12:00,ul,ue16,2075560,2370958.4595653806,2.370958
2026-06-29T01:12:05,ul,cu_cp1,2072945,735540.163456732,0.735540
2026-06-29T01:12:05,ul,cu_up1,2072974,824312.1633846045,0.824312
2026-06-29T01:12:05,ul,cu_cp2,2072982,722858.4151311859,0.722858
2026-06-29T01:12:05,ul,cu_up2,2073009,849675.6600356966,0.849676
2026-06-29T01:12:05,ul,du1,2073170,6378908.300595403,6.378908
2026-06-29T01:12:05,ul,du2,2073934,6328181.4979739785,6.328181
2026-06-29T01:12:05,ul,du3,2074711,6480361.905838251,6.480362
2026-06-29T01:12:05,ul,du4,2075480,6226727.89273113,6.226728
2026-06-29T01:12:05,ul,ue1,2073234,2308074.2862938046,2.308074
2026-06-29T01:12:05,ul,ue2,2073246,2396846.286221677,2.396846
2026-06-29T01:12:05,ul,ue3,2073258,2371482.884910965,2.371483
2026-06-29T01:12:05,ul,ue4,2073270,2282710.6943023326,2.282711
2026-06-29T01:12:05,ul,ue5,2073998,2346119.292919493,2.346119
2026-06-29T01:12:05,ul,ue6,2074010,2371482.884910965,2.371483
2026-06-29T01:12:05,ul,ue7,2074022,2358801.088915229,2.358801
2026-06-29T01:12:05,ul,ue8,2074034,2384164.490225941,2.384164
2026-06-29T01:12:05,ul,ue9,2074755,2384164.490225941,2.384164
2026-06-29T01:12:05,ul,ue10,2074767,2409528.082217413,2.409528
2026-06-29T01:12:05,ul,ue11,2074779,2320755.8916087807,2.320756
2026-06-29T01:12:05,ul,ue12,2074791,2358801.088915229,2.358801
2026-06-29T01:12:05,ul,ue13,2075524,2358801.088915229,2.358801
2026-06-29T01:12:05,ul,ue14,2075536,2384164.490225941,2.384164
2026-06-29T01:12:05,ul,ue15,2075548,2422209.8782131495,2.422210
2026-06-29T01:12:05,ul,ue16,2075560,2371482.884910965,2.371483
2026-06-29T01:12:11,ul,cu_cp1,2072945,743689.2747766149,0.743689
2026-06-29T01:12:11,ul,cu_up1,2072974,830164.7762828696,0.830165
2026-06-29T01:12:11,ul,cu_cp2,2072982,717746.6434133261,0.717747
2026-06-29T01:12:11,ul,cu_up2,2073009,804222.1449195808,0.804222
2026-06-29T01:12:11,ul,du1,2073170,6494310.12494255,6.494310
2026-06-29T01:12:11,ul,du2,2073934,6252178.644370687,6.252179
2026-06-29T01:12:11,ul,du3,2074711,6312711.228184838,6.312711
2026-06-29T01:12:11,ul,du4,2075480,6252178.644370687,6.252179
2026-06-29T01:12:11,ul,ue1,2073234,2326190.8378095496,2.326191
2026-06-29T01:12:11,ul,ue2,2073246,2412666.339315804,2.412666
2026-06-29T01:12:11,ul,ue3,2073258,2378076.2914220034,2.378076
2026-06-29T01:12:11,ul,ue4,2073270,2386723.803395454,2.386724
2026-06-29T01:12:11,ul,ue5,2073998,2395371.315368904,2.395371
2026-06-29T01:12:11,ul,ue6,2074010,2360781.0765892267,2.360781
2026-06-29T01:12:11,ul,ue7,2074022,2334838.5406688764,2.334839
2026-06-29T01:12:11,ul,ue8,2074034,2404018.827342354,2.404019
2026-06-29T01:12:11,ul,ue9,2074755,2360781.0765892267,2.360781
2026-06-29T01:12:11,ul,ue10,2074767,2378076.2914220034,2.378076
2026-06-29T01:12:11,ul,ue11,2074779,2334838.5406688764,2.334839
2026-06-29T01:12:11,ul,ue12,2074791,2326190.8378095496,2.326191
2026-06-29T01:12:11,ul,ue13,2075524,2369428.5885626767,2.369429
2026-06-29T01:12:11,ul,ue14,2075536,2395371.315368904,2.395371
2026-06-29T01:12:11,ul,ue15,2075548,2412666.339315804,2.412666
2026-06-29T01:12:11,ul,ue16,2075560,2404018.827342354,2.404019
2026-06-29T01:12:17,ul,cu_cp1,2072945,722220.1313420415,0.722220
2026-06-29T01:12:17,ul,cu_up1,2072974,835776.733559171,0.835777
2026-06-29T01:12:17,ul,cu_cp2,2072982,735846.9388774049,0.735847
2026-06-29T01:12:17,ul,cu_up2,2073009,822149.9260238075,0.822150
2026-06-29T01:12:17,ul,du1,2073170,6431847.048968382,6.431847
2026-06-29T01:12:17,ul,du2,2073934,6277409.833278813,6.277410
2026-06-29T01:12:17,ul,du3,2074711,6227445.222237454,6.227445
2026-06-29T01:12:17,ul,du4,2075480,6286494.6897463035,6.286495
2026-06-29T01:12:17,ul,ue1,2073234,2325639.6562167406,2.325640
2026-06-29T01:12:17,ul,ue2,2073246,2398315.83582778,2.398316
2026-06-29T01:12:17,ul,ue3,2073258,2402858.264061525,2.402858
2026-06-29T01:12:17,ul,ue4,2073270,2357435.508654864,2.357436
2026-06-29T01:12:17,ul,ue5,2073998,2402858.264061525,2.402858
2026-06-29T01:12:17,ul,ue6,2074010,2380146.8863581945,2.380147
2026-06-29T01:12:17,ul,ue7,2074022,2352893.2712874673,2.352893
2026-06-29T01:12:17,ul,ue8,2074034,2384689.1237255908,2.384689
2026-06-29T01:12:17,ul,ue9,2074755,2375604.648990798,2.375605
2026-06-29T01:12:17,ul,ue10,2074767,2407400.3105625724,2.407400
2026-06-29T01:12:17,ul,ue11,2074779,2357435.508654864,2.357436
2026-06-29T01:12:17,ul,ue12,2074791,2366520.1742560053,2.366520
2026-06-29T01:12:17,ul,ue13,2075524,2380146.8863581945,2.380147
2026-06-29T01:12:17,ul,ue14,2075536,2384689.1237255908,2.384689
2026-06-29T01:12:17,ul,ue15,2075548,2402858.264061525,2.402858
2026-06-29T01:12:17,ul,ue16,2075560,2421027.2135311104,2.421027
2026-06-29T01:12:23,ul,cu_cp1,2072945,723983.9188948077,0.723984
2026-06-29T01:12:23,ul,cu_up1,2072974,822071.9277716071,0.822072
2026-06-29T01:12:23,ul,cu_cp2,2072982,723983.9188948077,0.723984
2026-06-29T01:12:23,ul,cu_up2,2073009,826742.8262782395,0.826743
2026-06-29T01:12:23,ul,du1,2073170,6525196.78047904,6.525197
2026-06-29T01:12:23,ul,du2,2073934,6249615.392583525,6.249615
2026-06-29T01:12:23,ul,du3,2074711,6333690.992527921,6.333691
2026-06-29T01:12:23,ul,du4,2075480,6244944.398547728,6.244944
2026-06-29T01:12:23,ul,ue1,2073234,2330761.0640307856,2.330761
2026-06-29T01:12:23,ul,ue2,2073246,2363456.875931389,2.363457
2026-06-29T01:12:23,ul,ue3,2073258,2396152.8788903225,2.396153
2026-06-29T01:12:23,ul,ue4,2073270,2354115.269976454,2.354115
2026-06-29T01:12:23,ul,ue5,2073998,2405494.866961917,2.405495
2026-06-29T01:12:23,ul,ue6,2074010,2396152.8788903225,2.396153
2026-06-29T01:12:23,ul,ue7,2074022,2372798.8640029836,2.372799
2026-06-29T01:12:23,ul,ue8,2074034,2358786.0729539217,2.358786
2026-06-29T01:12:23,ul,ue9,2074755,2410165.6699393843,2.410166
2026-06-29T01:12:23,ul,ue10,2074767,2405494.866961917,2.405495
2026-06-29T01:12:23,ul,ue11,2074779,2354115.269976454,2.354115
2026-06-29T01:12:23,ul,ue12,2074791,2396152.8788903225,2.396153
2026-06-29T01:12:23,ul,ue13,2075524,2377469.475922122,2.377469
2026-06-29T01:12:23,ul,ue14,2075536,2326090.0699949884,2.326090
2026-06-29T01:12:23,ul,ue15,2075548,2391482.266971184,2.391482
2026-06-29T01:12:23,ul,ue16,2075560,2377469.475922122,2.377469
2026-06-29T01:12:29,ul,cu_cp1,2072945,727339.7013281179,0.727340
2026-06-29T01:12:29,ul,cu_up1,2072974,803901.8381376792,0.803902
2026-06-29T01:12:29,ul,cu_cp2,2072982,743745.8495670867,0.743746
2026-06-29T01:12:29,ul,cu_up2,2073009,803901.8381376792,0.803902
2026-06-29T01:12:29,ul,du1,2073170,6551526.012076378,6.551526
2026-06-29T01:12:29,ul,du2,2073934,6299965.519189682,6.299966
2026-06-29T01:12:29,ul,du3,2074711,6278090.527220344,6.278091
2026-06-29T01:12:29,ul,du4,2075480,6294496.1967691425,6.294496
2026-06-29T01:12:29,ul,ue1,2073234,2274987.484770918,2.274987
2026-06-29T01:12:29,ul,ue2,2073246,2389830.4267056654,2.389830
2026-06-29T01:12:29,ul,ue3,2073258,2417174.1666673375,2.417174
2026-06-29T01:12:29,ul,ue4,2073270,2302331.0332565214,2.302331
2026-06-29T01:12:29,ul,ue5,2073998,2389830.4267056654,2.389830
2026-06-29T01:12:29,ul,ue6,2074010,2417174.1666673375,2.417174
2026-06-29T01:12:29,ul,ue7,2074022,2406236.6706826687,2.406237
2026-06-29T01:12:29,ul,ue8,2074034,2400767.9226903343,2.400768
2026-06-29T01:12:29,ul,ue9,2074755,2433580.4106443403,2.433580
2026-06-29T01:12:29,ul,ue10,2074767,2384361.8701894,2.384362
2026-06-29T01:12:29,ul,ue11,2074779,2384361.8701894,2.384362
2026-06-29T01:12:29,ul,ue12,2074791,2389830.4267056654,2.389830
2026-06-29T01:12:29,ul,ue13,2075524,2439048.9671606063,2.439049
2026-06-29T01:12:29,ul,ue14,2075536,2378893.1221970655,2.378893
2026-06-29T01:12:29,ul,ue15,2075548,2378893.1221970655,2.378893
2026-06-29T01:12:29,ul,ue16,2075560,2466392.7071222784,2.466393
2026-06-29T01:12:35,ul,cu_cp1,2072945,707217.9139560175,0.707218
2026-06-29T01:12:35,ul,cu_up1,2072974,810580.5233359719,0.810581
2026-06-29T01:12:35,ul,cu_cp2,2072982,739858.7128441989,0.739859
2026-06-29T01:12:35,ul,cu_up2,2073009,810580.5233359719,0.810581
2026-06-29T01:12:35,ul,du1,2073170,6245277.882597118,6.245278
2026-06-29T01:12:35,ul,du2,2073934,6283358.703238998,6.283359
2026-06-29T01:12:35,ul,du3,2074711,6163675.742155381,6.163676
2026-06-29T01:12:35,ul,du4,2075480,6294239.319631529,6.294239
2026-06-29T01:12:35,ul,ue1,2073234,2306618.3007280324,2.306618
2026-06-29T01:12:35,ul,ue2,2073246,2382780.3239352154,2.382780
2026-06-29T01:12:35,ul,ue3,2073258,2361019.6640352868,2.361020
2026-06-29T01:12:35,ul,ue4,2073270,2312058.417962587,2.312058
2026-06-29T01:12:35,ul,ue5,2073998,2399100.6756388783,2.399101
2026-06-29T01:12:35,ul,ue6,2074010,2393660.558404324,2.393661
2026-06-29T01:12:35,ul,ue7,2074022,2366459.9722315525,2.366460
2026-06-29T01:12:35,ul,ue8,2074034,2377340.206700661,2.377340
2026-06-29T01:12:35,ul,ue9,2074755,2371900.089466107,2.371900
2026-06-29T01:12:35,ul,ue10,2074767,2355579.5468007326,2.355580
2026-06-29T01:12:35,ul,ue11,2074779,2333819.0778625156,2.333819
2026-06-29T01:12:35,ul,ue12,2074791,2355579.5468007326,2.355580
2026-06-29T01:12:35,ul,ue13,2075524,2393660.558404324,2.393661
2026-06-29T01:12:35,ul,ue14,2075536,2388220.44116977,2.388220
2026-06-29T01:12:35,ul,ue15,2075548,2393660.558404324,2.393661
2026-06-29T01:12:35,ul,ue16,2075560,2426301.452773361,2.426301
2026-06-29T01:12:41,ul,cu_cp1,2072945,725225.4274355542,0.725225
2026-06-29T01:12:41,ul,cu_up1,2072974,803628.202158866,0.803628
2026-06-29T01:12:41,ul,cu_cp2,2072982,735025.7981514761,0.735026
2026-06-29T01:12:41,ul,cu_up2,2073009,813428.525123772,0.813429
2026-06-29T01:12:41,ul,du1,2073170,6144815.3917703675,6.144815
2026-06-29T01:12:41,ul,du2,2073934,6399624.743878241,6.399625
2026-06-29T01:12:41,ul,du3,2074711,6164416.228704243,6.164416
2026-06-29T01:12:41,ul,du4,2075480,6115414.51837768,6.115415
2026-06-29T01:12:41,ul,ue1,2073234,2371683.3146169735,2.371683
2026-06-29T01:12:41,ul,ue2,2073246,2371683.3146169735,2.371683
2026-06-29T01:12:41,ul,ue3,2073258,2361882.896150036,2.361883
2026-06-29T01:12:41,ul,ue4,2073270,2361882.896150036,2.361883
2026-06-29T01:12:41,ul,ue5,2073998,2410884.606476598,2.410885
2026-06-29T01:12:41,ul,ue6,2074010,2332481.831753286,2.332482
2026-06-29T01:12:41,ul,ue7,2074022,2293280.3488895986,2.293280
2026-06-29T01:12:41,ul,ue8,2074034,2430485.25240641,2.430485
2026-06-29T01:12:41,ul,ue9,2074755,2410884.606476598,2.410885
2026-06-29T01:12:41,ul,ue10,2074767,2401084.18800966,2.401084
2026-06-29T01:12:41,ul,ue11,2074779,2303080.7673565364,2.303081
2026-06-29T01:12:41,ul,ue12,2074791,2401084.18800966,2.401084
2026-06-29T01:12:41,ul,ue13,2075524,2361882.896150036,2.361883
2026-06-29T01:12:41,ul,ue14,2075536,2401084.18800966,2.401084
2026-06-29T01:12:41,ul,ue15,2075548,2420684.833939472,2.420685
2026-06-29T01:12:41,ul,ue16,2075560,2352082.4776830985,2.352082
2026-06-29T01:12:47,ul,cu_cp1,2072945,725571.8476646483,0.725572
2026-06-29T01:12:47,ul,cu_up1,2072974,775859.083116062,0.775859
2026-06-29T01:12:47,ul,cu_cp2,2072982,704020.2500610924,0.704020
2026-06-29T01:12:47,ul,cu_up2,2073009,761491.2879707399,0.761491
2026-06-29T01:12:47,ul,du1,2073170,5976988.323061052,5.976988
2026-06-29T01:12:47,ul,du2,2073934,6221240.269844963,6.221240
2026-06-29T01:12:47,ul,du3,2074711,6170953.272179618,6.170953
2026-06-29T01:12:47,ul,du4,2075480,6070378.515933509,6.070379
2026-06-29T01:12:47,ul,ue1,2073234,2341944.901821867,2.341945
2026-06-29T01:12:47,ul,ue2,2073246,2356312.696967189,2.356313
2026-06-29T01:12:47,ul,ue3,2073258,2320393.3042183113,2.320393
2026-06-29T01:12:47,ul,ue4,2073270,2370680.4921125113,2.370680
2026-06-29T01:12:47,ul,ue5,2073998,2399415.892174301,2.399416
2026-06-29T01:12:47,ul,ue6,2074010,2363496.6896542776,2.363497
2026-06-29T01:12:47,ul,ue7,2074022,2413783.6873196233,2.413784
2026-06-29T01:12:47,ul,ue8,2074034,2363496.6896542776,2.363497
2026-06-29T01:12:47,ul,ue9,2074755,2341944.901821867,2.341945
2026-06-29T01:12:47,ul,ue10,2074767,2392232.0897160675,2.392232
2026-06-29T01:12:47,ul,ue11,2074779,2298841.7066147556,2.298842
2026-06-29T01:12:47,ul,ue12,2074791,2334761.0993636334,2.334761
2026-06-29T01:12:47,ul,ue13,2075524,2356312.696967189,2.356313
2026-06-29T01:12:47,ul,ue14,2075536,2356312.696967189,2.356313
2026-06-29T01:12:47,ul,ue15,2075548,2385048.2872578334,2.385048
2026-06-29T01:12:47,ul,ue16,2075560,2255738.3211787893,2.255738
2026-06-29T01:12:53,ul,cu_cp1,2072945,723342.365039587,0.723342
2026-06-29T01:12:53,ul,cu_up1,2072974,797058.7880527973,0.797059
2026-06-29T01:12:53,ul,cu_cp2,2072982,723342.365039587,0.723342
2026-06-29T01:12:53,ul,cu_up2,2073009,774022.4416387081,0.774022
2026-06-29T01:12:53,ul,du1,2073170,6192179.533109665,6.192180
2026-06-29T01:12:53,ul,du2,2073934,6298146.688451767,6.298147
2026-06-29T01:12:53,ul,du3,2074711,6159928.609967232,6.159929
2026-06-29T01:12:53,ul,du4,2075480,6063175.840539932,6.063176
2026-06-29T01:12:53,ul,ue1,2073234,2322067.420322895,2.322067
2026-06-29T01:12:53,ul,ue2,2073246,2368140.1131510735,2.368140
2026-06-29T01:12:53,ul,ue3,2073258,2372747.496922016,2.372747
2026-06-29T01:12:53,ul,ue4,2073270,2335889.1900086403,2.335889
2026-06-29T01:12:53,ul,ue5,2073998,2395783.652522564,2.395784
2026-06-29T01:12:53,ul,ue6,2074010,2377354.6898794174,2.377355
2026-06-29T01:12:53,ul,ue7,2074022,2395783.652522564,2.395784
2026-06-29T01:12:53,ul,ue8,2074034,2386569.2666077614,2.386569
2026-06-29T01:12:53,ul,ue9,2074755,2404998.4200644493,2.404998
2026-06-29T01:12:53,ul,ue10,2074767,2368140.1131510735,2.368140
2026-06-29T01:12:53,ul,ue11,2074779,2354318.343465328,2.354318
2026-06-29T01:12:53,ul,ue12,2074791,2317460.0365519524,2.317460
2026-06-29T01:12:53,ul,ue13,2075524,2414212.805979252,2.414213
2026-06-29T01:12:53,ul,ue14,2075536,2299030.8830952644,2.299031
2026-06-29T01:12:53,ul,ue15,2075548,2386569.2666077614,2.386569
2026-06-29T01:12:53,ul,ue16,2075560,2395783.652522564,2.395784
2026-06-29T01:12:59,ul,cu_cp1,2072945,731729.1117913211,0.731729
2026-06-29T01:12:59,ul,cu_up1,2072974,830330.9185483718,0.830331
2026-06-29T01:12:59,ul,cu_cp2,2072982,736918.7057802224,0.736919
2026-06-29T01:12:59,ul,cu_up2,2073009,773245.6241864944,0.773246
2026-06-29T01:12:59,ul,du1,2073170,6248239.929745941,6.248240
2026-06-29T01:12:59,ul,du2,2073934,6222292.103511057,6.222292
2026-06-29T01:12:59,ul,du3,2074711,6160017.167257071,6.160017
2026-06-29T01:12:59,ul,du4,2075480,6076984.046660309,6.076984
2026-06-29T01:12:59,ul,ue1,2073234,2314547.3264737893,2.314547
2026-06-29T01:12:59,ul,ue2,2073246,2382011.7130070543,2.382012
2026-06-29T01:12:59,ul,ue3,2073258,2371632.6208356665,2.371633
2026-06-29T01:12:59,ul,ue4,2073270,2324926.418645177,2.324926
2026-06-29T01:12:59,ul,ue5,2073998,2449476.0995403193,2.449476
2026-06-29T01:12:59,ul,ue6,2074010,2387201.163286333,2.387201
2026-06-29T01:12:59,ul,ue7,2074022,2407959.5392419384,2.407960
2026-06-29T01:12:59,ul,ue8,2074034,2356063.88677217,2.356064
2026-06-29T01:12:59,ul,ue9,2074755,2428717.9151975443,2.428718
2026-06-29T01:12:59,ul,ue10,2074767,2387201.163286333,2.387201
2026-06-29T01:12:59,ul,ue11,2074779,2382011.7130070543,2.382012
2026-06-29T01:12:59,ul,ue12,2074791,2345684.7946007825,2.345685
2026-06-29T01:12:59,ul,ue13,2075524,2433907.557089653,2.433908
2026-06-29T01:12:59,ul,ue14,2075536,2335305.7024293947,2.335306
2026-06-29T01:12:59,ul,ue15,2075548,2418338.8230261565,2.418339
2026-06-29T01:12:59,ul,ue16,2075560,2428717.9151975443,2.428718
2026-06-29T01:13:05,ul,cu_cp1,2072945,733344.1004630685,0.733344
2026-06-29T01:13:05,ul,cu_up1,2072974,804489.4054573774,0.804489
2026-06-29T01:13:05,ul,cu_cp2,2072982,727871.3258880615,0.727871
2026-06-29T01:13:05,ul,cu_up2,2073009,777125.7714825869,0.777126
2026-06-29T01:13:05,ul,du1,2073170,6282678.511159802,6.282679
2026-06-29T01:13:05,ul,du2,2073934,6244369.996955681,6.244370
2026-06-29T01:13:05,ul,du3,2074711,6118497.471791839,6.118497
2026-06-29T01:13:05,ul,du4,2075480,6167752.204066658,6.167752
2026-06-29T01:13:05,ul,ue1,2073234,2298541.0492381095,2.298541
2026-06-29T01:13:05,ul,ue2,2073246,2391577.2136322022,2.391577
2026-06-29T01:13:05,ul,ue3,2073258,2397049.9404271604,2.397050
2026-06-29T01:13:05,ul,ue4,2073270,2325904.6832129,2.325905
2026-06-29T01:13:05,ul,ue5,2073998,2386104.6779574393,2.386105
2026-06-29T01:13:05,ul,ue6,2074010,2386104.6779574393,2.386105
2026-06-29T01:13:05,ul,ue7,2074022,2369686.497572565,2.369686
2026-06-29T01:13:05,ul,ue8,2074034,2397049.9404271604,2.397050
2026-06-29T01:13:05,ul,ue9,2074755,2380631.760042286,2.380632
2026-06-29T01:13:05,ul,ue10,2074767,2369686.497572565,2.369686
2026-06-29T01:13:05,ul,ue11,2074779,2407995.3940170766,2.407995
2026-06-29T01:13:05,ul,ue12,2074791,2391577.2136322022,2.391577
2026-06-29T01:13:05,ul,ue13,2075524,2413468.1208120347,2.413468
2026-06-29T01:13:05,ul,ue14,2075536,2347795.5903927325,2.347796
2026-06-29T01:13:05,ul,ue15,2075548,2391577.2136322022,2.391577
2026-06-29T01:13:05,ul,ue16,2075560,2375159.033247328,2.375159
2026-06-29T01:13:11,ul,cu_cp1,2072945,724312.3763171172,0.724312
2026-06-29T01:13:11,ul,cu_up1,2072974,802315.2710315514,0.802315
2026-06-29T01:13:11,ul,cu_cp2,2072982,724312.3763171172,0.724312
2026-06-29T01:13:11,ul,cu_up2,2073009,780028.7092977166,0.780029
2026-06-29T01:13:11,ul,du1,2073170,6095367.379881744,6.095367
2026-06-29T01:13:11,ul,du2,2073934,6128797.198697834,6.128797
2026-06-29T01:13:11,ul,du3,2074711,6162227.398068523,6.162227
2026-06-29T01:13:11,ul,du4,2075480,6151083.617723694,6.151084
2026-06-29T01:13:11,ul,ue1,2073234,2373515.9942785646,2.373516
2026-06-29T01:13:11,ul,ue2,2073246,2362372.7847656347,2.362373
2026-06-29T01:13:11,ul,ue3,2073258,2340086.365739775,2.340086
2026-06-29T01:13:11,ul,ue4,2073270,2406945.813094654,2.406946
2026-06-29T01:13:11,ul,ue5,2073998,2406945.813094654,2.406946
2026-06-29T01:13:11,ul,ue6,2074010,2328942.9659495447,2.328943
2026-06-29T01:13:11,ul,ue7,2074022,2306656.546923685,2.306657
2026-06-29T01:13:11,ul,ue8,2074034,2362372.7847656347,2.362373
2026-06-29T01:13:11,ul,ue9,2074755,2373515.9942785646,2.373516
2026-06-29T01:13:11,ul,ue10,2074767,2351229.575252705,2.351230
2026-06-29T01:13:11,ul,ue11,2074779,2362372.7847656347,2.362373
2026-06-29T01:13:11,ul,ue12,2074791,2373515.9942785646,2.373516
2026-06-29T01:13:11,ul,ue13,2075524,2362372.7847656347,2.362373
2026-06-29T01:13:11,ul,ue14,2075536,2362372.7847656347,2.362373
2026-06-29T01:13:11,ul,ue15,2075548,2406945.813094654,2.406946
2026-06-29T01:13:11,ul,ue16,2075560,2395802.603581724,2.395803
2026-06-29T01:13:17,ul,cu_cp1,2072945,730468.2678500756,0.730468
2026-06-29T01:13:17,ul,cu_up1,2072974,802712.4295322209,0.802712
2026-06-29T01:13:17,ul,cu_cp2,2072982,730468.2678500756,0.730468
2026-06-29T01:13:17,ul,cu_up2,2073009,786658.123575916,0.786658
2026-06-29T01:13:17,ul,du1,2073170,6349454.6531143,6.349455
2026-06-29T01:13:17,ul,du2,2073934,6309319.34236835,6.309319
2026-06-29T01:13:17,ul,du3,2074711,6060478.197604587,6.060478
2026-06-29T01:13:17,ul,du4,2075480,6140749.5839719605,6.140750
2026-06-29T01:13:17,ul,ue1,2073234,2432218.5324098933,2.432219
2026-06-29T01:13:17,ul,ue2,2073246,2384055.6623456953,2.384056
2026-06-29T01:13:17,ul,ue3,2073258,2335892.983500366,2.335893
2026-06-29T01:13:17,ul,ue4,2073270,2440245.518071536,2.440246
2026-06-29T01:13:17,ul,ue5,2073998,2384055.6623456953,2.384056
2026-06-29T01:13:17,ul,ue6,2074010,2416164.1786488714,2.416164
2026-06-29T01:13:17,ul,ue7,2074022,2376028.676684053,2.376029
2026-06-29T01:13:17,ul,ue8,2074034,2464327.048713069,2.464327
2026-06-29T01:13:17,ul,ue9,2074755,2368001.4998035417,2.368001
2026-06-29T01:13:17,ul,ue10,2074767,2327865.9978387235,2.327866
2026-06-29T01:13:17,ul,ue11,2074779,2351947.337261388,2.351947
2026-06-29T01:13:17,ul,ue12,2074791,2335892.983500366,2.335893
2026-06-29T01:13:17,ul,ue13,2075524,2376028.676684053,2.376029
2026-06-29T01:13:17,ul,ue14,2075536,2368001.4998035417,2.368001
2026-06-29T01:13:17,ul,ue15,2075548,2351947.337261388,2.351947
2026-06-29T01:13:17,ul,ue16,2075560,2408137.00176836,2.408137
2026-06-29T01:13:23,ul,cu_cp1,2072945,740703.620024699,0.740704
2026-06-29T01:13:23,ul,cu_up1,2072974,823004.0648777366,0.823004
2026-06-29T01:13:23,ul,cu_cp2,2072982,731559.1154951215,0.731559
2026-06-29T01:13:23,ul,cu_up2,2073009,781853.8184729278,0.781854
2026-06-29T01:13:23,ul,du1,2073170,6355420.049652195,6.355420
2026-06-29T01:13:23,ul,du2,2073934,6327986.584020043,6.327987
2026-06-29T01:13:23,ul,du3,2074711,6076513.40482707,6.076513
2026-06-29T01:13:23,ul,du4,2075480,6135952.708247614,6.135953
2026-06-29T01:13:23,ul,ue1,2073234,2336416.950889206,2.336417
2026-06-29T01:13:23,ul,ue2,2073246,2359278.2361914394,2.359278
2026-06-29T01:13:23,ul,ue3,2073258,2395856.2543097497,2.395856
2026-06-29T01:13:23,ul,ue4,2073270,2363850.608347678,2.363851
2026-06-29T01:13:23,ul,ue5,2073998,2432434.0806017397,2.432434
2026-06-29T01:13:23,ul,ue6,2074010,2409572.987125826,2.409573
2026-06-29T01:13:23,ul,ue7,2074022,2382139.5214936733,2.382140
2026-06-29T01:13:23,ul,ue8,2074034,2464439.918390131,2.464440
2026-06-29T01:13:23,ul,ue9,2074755,2345561.5033753635,2.345562
2026-06-29T01:13:23,ul,ue10,2074767,2359278.2361914394,2.359278
2026-06-29T01:13:23,ul,ue11,2074779,2391283.882153511,2.391284
2026-06-29T01:13:23,ul,ue12,2074791,2354706.0558615206,2.354706
2026-06-29T01:13:23,ul,ue13,2075524,2372994.969007516,2.372995
2026-06-29T01:13:23,ul,ue14,2075536,2372994.969007516,2.372995
2026-06-29T01:13:23,ul,ue15,2075548,2400428.6264659883,2.400429
2026-06-29T01:13:23,ul,ue16,2075560,2395856.2543097497,2.395856
2026-06-29T01:13:29,ul,cu_cp1,2072945,732460.7324873793,0.732461
2026-06-29T01:13:29,ul,cu_up1,2072974,819773.9878054332,0.819774
2026-06-29T01:13:29,ul,cu_cp2,2072982,727610.0624955297,0.727610
2026-06-29T01:13:29,ul,cu_up2,2073009,785818.8196765817,0.785819
2026-06-29T01:13:29,ul,du1,2073170,6131327.204929847,6.131327
2026-06-29T01:13:29,ul,du2,2073934,6262296.968360453,6.262297
2026-06-29T01:13:29,ul,du3,2074711,6092521.079897604,6.092521
2026-06-29T01:13:29,ul,du4,2075480,6184685.483393412,6.184685
2026-06-29T01:13:29,ul,ue1,2073234,2338053.4443322136,2.338053
2026-06-29T01:13:29,ul,ue2,2073246,2347755.071227455,2.347755
2026-06-29T01:13:29,ul,ue3,2073258,2367157.9424692155,2.367158
2026-06-29T01:13:29,ul,ue4,2073270,2372008.6602796554,2.372009
2026-06-29T01:13:29,ul,ue5,2073998,2386560.8137109755,2.386561
2026-06-29T01:13:29,ul,ue6,2074010,2396262.2493318557,2.396262
2026-06-29T01:13:29,ul,ue7,2074022,2381710.0959005356,2.381710
2026-06-29T01:13:29,ul,ue8,2074034,2435068.183089738,2.435068
2026-06-29T01:13:29,ul,ue9,2074755,2391411.531521416,2.391412
2026-06-29T01:13:29,ul,ue10,2074767,2381710.0959005356,2.381710
2026-06-29T01:13:29,ul,ue11,2074779,2362307.224658775,2.362307
2026-06-29T01:13:29,ul,ue12,2074791,2381710.0959005356,2.381710
2026-06-29T01:13:29,ul,ue13,2075524,2386560.8137109755,2.386561
2026-06-29T01:13:29,ul,ue14,2075536,2362307.224658775,2.362307
2026-06-29T01:13:29,ul,ue15,2075548,2425366.7474688576,2.425367
2026-06-29T01:13:29,ul,ue16,2075560,2386560.8137109755,2.386561
2026-06-29T01:13:35,ul,cu_cp1,2072945,743412.5178862006,0.743413
2026-06-29T01:13:35,ul,cu_up1,2072974,809007.8118288624,0.809008
2026-06-29T01:13:35,ul,cu_cp2,2072982,737946.3271299165,0.737946
2026-06-29T01:13:35,ul,cu_up2,2073009,781676.4273900479,0.781676
2026-06-29T01:13:35,ul,du1,2073170,6160485.12354548,6.160485
2026-06-29T01:13:35,ul,du2,2073934,6313540.378754296,6.313540
2026-06-29T01:13:35,ul,du3,2074711,6073024.540218644,6.073025
2026-06-29T01:13:35,ul,du4,2075480,6231546.656095248,6.231547
2026-06-29T01:13:35,ul,ue1,2073234,2350495.5207772492,2.350496
2026-06-29T01:13:35,ul,ue2,2073246,2361428.0936931036,2.361428
2026-06-29T01:13:35,ul,ue3,2073258,2355961.8072351767,2.355962
2026-06-29T01:13:35,ul,ue4,2073270,2383293.239524813,2.383293
2026-06-29T01:13:35,ul,ue5,2073998,2355961.8072351767,2.355962
2026-06-29T01:13:35,ul,ue6,2074010,2388759.52598274,2.388760
2026-06-29T01:13:35,ul,ue7,2074022,2399691.9074953077,2.399692
2026-06-29T01:13:35,ul,ue8,2074034,2465287.153587148,2.465287
2026-06-29T01:13:35,ul,ue9,2074755,2388759.52598274,2.388760
2026-06-29T01:13:35,ul,ue10,2074767,2394225.8124406673,2.394226
2026-06-29T01:13:35,ul,ue11,2074779,2394225.8124406673,2.394226
2026-06-29T01:13:35,ul,ue12,2074791,2355961.8072351767,2.355962
2026-06-29T01:13:35,ul,ue13,2075524,2377826.9530668855,2.377827
2026-06-29T01:13:35,ul,ue14,2075536,2366894.380151031,2.366894
2026-06-29T01:13:35,ul,ue15,2075548,2454354.77207458,2.454355
2026-06-29T01:13:35,ul,ue16,2075560,2377826.9530668855,2.377827
2026-06-29T01:13:40,ul,cu_cp1,2072945,747567.7034138506,0.747568
2026-06-29T01:13:40,ul,cu_up1,2072974,826259.0280407988,0.826259
2026-06-29T01:13:40,ul,cu_cp2,2072982,747567.7034138506,0.747568
2026-06-29T01:13:40,ul,cu_up2,2073009,813143.8948720586,0.813144
2026-06-29T01:13:40,ul,du1,2073170,6229730.686577253,6.229731
2026-06-29T01:13:40,ul,du2,2073934,6387113.431397424,6.387113
2026-06-29T01:13:40,ul,du3,2074711,6269076.46834857,6.269076
2026-06-29T01:13:40,ul,du4,2075480,6124808.856697139,6.124809
2026-06-29T01:13:40,ul,ue1,2073234,2334509.7591697886,2.334510
2026-06-29T01:13:40,ul,ue2,2073246,2360740.2166398168,2.360740
2026-06-29T01:13:40,ul,ue3,2073258,2386970.674109845,2.386971
2026-06-29T01:13:40,ul,ue4,2073270,2360740.2166398168,2.360740
2026-06-29T01:13:40,ul,ue5,2073998,2400085.8072785856,2.400086
2026-06-29T01:13:40,ul,ue6,2074010,2439431.397917354,2.439431
2026-06-29T01:13:40,ul,ue7,2074022,2439431.397917354,2.439431
2026-06-29T01:13:40,ul,ue8,2074034,2373855.349808557,2.373855
2026-06-29T01:13:40,ul,ue9,2074755,2373855.349808557,2.373855
2026-06-29T01:13:40,ul,ue10,2074767,2439431.397917354,2.439431
2026-06-29T01:13:40,ul,ue11,2074779,2360740.2166398168,2.360740
2026-06-29T01:13:40,ul,ue12,2074791,2386970.674109845,2.386971
2026-06-29T01:13:40,ul,ue13,2075524,2373855.349808557,2.373855
2026-06-29T01:13:40,ul,ue14,2075536,2386970.674109845,2.386971
2026-06-29T01:13:40,ul,ue15,2075548,2439431.397917354,2.439431
2026-06-29T01:13:40,ul,ue16,2075560,2400085.8072785856,2.400086
2026-06-29T01:13:46,ul,cu_cp1,2072945,729194.6498055286,0.729195
2026-06-29T01:13:46,ul,cu_up1,2072974,818120.863897034,0.818121
2026-06-29T01:13:46,ul,cu_cp2,2072982,738087.3333190947,0.738087
2026-06-29T01:13:46,ul,cu_up2,2073009,782550.4164785338,0.782550
2026-06-29T01:13:46,ul,du1,2073170,6304866.653850846,6.304867
2026-06-29T01:13:46,ul,du2,2073934,6242618.155891648,6.242618
2026-06-29T01:13:46,ul,du3,2074711,6091443.396068316,6.091443
2026-06-29T01:13:46,ul,du4,2075480,6011410.104353514,6.011410
2026-06-29T01:13:46,ul,ue1,2073234,2303188.1185035347,2.303188
2026-06-29T01:13:46,ul,ue2,2073246,2409899.5563042904,2.409900
2026-06-29T01:13:46,ul,ue3,2073258,2312080.897562356,2.312081
2026-06-29T01:13:46,ul,ue4,2073270,2356543.8374039126,2.356544
2026-06-29T01:13:46,ul,ue5,2073998,2392114.380367668,2.392114
2026-06-29T01:13:46,ul,ue6,2074010,2392114.380367668,2.392114
2026-06-29T01:13:46,ul,ue7,2074022,2392114.380367668,2.392114
2026-06-29T01:13:46,ul,ue8,2074034,2365436.425372224,2.365436
2026-06-29T01:13:46,ul,ue9,2074755,2356543.8374039126,2.356544
2026-06-29T01:13:46,ul,ue10,2074767,2409899.5563042904,2.409900
2026-06-29T01:13:46,ul,ue11,2074779,2356543.8374039126,2.356544
2026-06-29T01:13:46,ul,ue12,2074791,2374329.204431045,2.374329
2026-06-29T01:13:46,ul,ue13,2075524,2427684.732240913,2.427685
2026-06-29T01:13:46,ul,ue14,2075536,2427684.732240913,2.427685
2026-06-29T01:13:46,ul,ue15,2075548,2383221.792399356,2.383222
2026-06-29T01:13:46,ul,ue16,2075560,2454362.6872363565,2.454363
2026-06-29T01:13:52,ul,cu_cp1,2072945,729064.9634464979,0.729065
2026-06-29T01:13:52,ul,cu_up1,2072974,811084.8554293395,0.811085
2026-06-29T01:13:52,ul,cu_cp2,2072982,733621.6612655937,0.733622
2026-06-29T01:13:52,ul,cu_up2,2073009,783744.8595893026,0.783745
2026-06-29T01:13:52,ul,du1,2073170,6146929.420889234,6.146929
2026-06-29T01:13:52,ul,du2,2073934,6215279.076108885,6.215279
2026-06-29T01:13:52,ul,du3,2074711,6224392.18513527,6.224392
2026-06-29T01:13:52,ul,du4,2075480,6115032.5839241985,6.115033
2026-06-29T01:13:52,ul,ue1,2073234,2328451.3285156013,2.328451
2026-06-29T01:13:52,ul,ue2,2073246,2355791.228818369,2.355791
2026-06-29T01:13:52,ul,ue3,2073258,2310224.728313756,2.310225
2026-06-29T01:13:52,ul,ue4,2073270,2374017.8290202143,2.374018
2026-06-29T01:13:52,ul,ue5,2073998,2387687.874708867,2.387688
2026-06-29T01:13:52,ul,ue6,2074010,2364904.7199938297,2.364905
2026-06-29T01:13:52,ul,ue7,2074022,2415027.775011635,2.415028
2026-06-29T01:13:52,ul,ue8,2074034,2415027.775011635,2.415028
2026-06-29T01:13:52,ul,ue9,2074755,2355791.228818369,2.355791
2026-06-29T01:13:52,ul,ue10,2074767,2415027.775011635,2.415028
2026-06-29T01:13:52,ul,ue11,2074779,2383131.129121137,2.383131
2026-06-29T01:13:52,ul,ue12,2074791,2364904.7199938297,2.364905
2026-06-29T01:13:52,ul,ue13,2075524,2424141.2661870955,2.424141
2026-06-29T01:13:52,ul,ue14,2075536,2424141.2661870955,2.424141
2026-06-29T01:13:52,ul,ue15,2075548,2442367.6753144027,2.442368
2026-06-29T01:13:52,ul,ue16,2075560,2428697.820700288,2.428698
2026-06-29T01:13:58,ul,cu_cp1,2072945,731524.5325064957,0.731525
2026-06-29T01:13:58,ul,cu_up1,2072974,818939.3668936694,0.818939
2026-06-29T01:13:58,ul,cu_cp2,2072982,726923.6889113644,0.726924
2026-06-29T01:13:58,ul,cu_up2,2073009,782133.0957007473,0.782133
2026-06-29T01:13:58,ul,du1,2073170,6206456.297925353,6.206456
2026-06-29T01:13:58,ul,du2,2073934,6298471.83263722,6.298472
2026-06-29T01:13:58,ul,du3,2074711,6188053.114572079,6.188053
2026-06-29T01:13:58,ul,du4,2075480,5967215.678441798,5.967216
2026-06-29T01:13:58,ul,ue1,2073234,2360201.6746171974,2.360202
2026-06-29T01:13:58,ul,ue2,2073246,2323395.3079106496,2.323395
2026-06-29T01:13:58,ul,ue3,2073258,2364802.37494189,2.364802
2026-06-29T01:13:58,ul,ue4,2073270,2383205.5582951643,2.383206
2026-06-29T01:13:58,ul,ue5,2073998,2332597.090614538,2.332597
2026-06-29T01:13:58,ul,ue6,2074010,2374003.966618527,2.374004
2026-06-29T01:13:58,ul,ue7,2074022,2410810.333325075,2.410810
2026-06-29T01:13:58,ul,ue8,2074034,2433814.2170030414,2.433814
2026-06-29T01:13:58,ul,ue9,2074755,2341798.6822911752,2.341799
2026-06-29T01:13:58,ul,ue10,2074767,2424612.6253264043,2.424613
2026-06-29T01:13:58,ul,ue11,2074779,2383205.5582951643,2.383206
2026-06-29T01:13:58,ul,ue12,2074791,2355600.9742925046,2.355601
2026-06-29T01:13:58,ul,ue13,2075524,2355600.9742925046,2.355601
2026-06-29T01:13:58,ul,ue14,2075536,2429213.325651097,2.429213
2026-06-29T01:13:58,ul,ue15,2075548,2447616.5090043712,2.447617
2026-06-29T01:13:58,ul,ue16,2075560,2387806.449647108,2.387806
2026-06-29T01:14:04,ul,cu_cp1,2072945,714920.1290087033,0.714920
2026-06-29T01:14:04,ul,cu_up1,2072974,813153.4568464303,0.813153
2026-06-29T01:14:04,ul,cu_cp2,2072982,725834.9485119969,0.725835
2026-06-29T01:14:04,ul,cu_up2,2073009,774951.660122776,0.774952
2026-06-29T01:14:04,ul,du1,2073170,6248729.467981916,6.248729
2026-06-29T01:14:04,ul,du2,2073934,6226900.305894485,6.226900
2026-06-29T01:14:04,ul,du3,2074711,6188698.318403168,6.188698
2026-06-29T01:14:04,ul,du4,2075480,5921285.1690346,5.921285
2026-06-29T01:14:04,ul,ue1,2073234,2330312.461657848,2.330312
2026-06-29T01:14:04,ul,ue2,2073246,2346684.523991084,2.346685
2026-06-29T01:14:04,ul,ue3,2073258,2335769.752179706,2.335770
2026-06-29T01:14:04,ul,ue4,2073270,2379429.0301928804,2.379429
2026-06-29T01:14:04,ul,ue5,2073998,2368514.2583815027,2.368514
2026-06-29T01:14:04,ul,ue6,2074010,2363056.7770919823,2.363057
2026-06-29T01:14:04,ul,ue7,2074022,2390343.8020042586,2.390344
2026-06-29T01:14:04,ul,ue8,2074034,2368514.2583815027,2.368514
2026-06-29T01:14:04,ul,ue9,2074755,2406716.0551051567,2.406716
2026-06-29T01:14:04,ul,ue10,2074767,2357599.295802462,2.357599
2026-06-29T01:14:04,ul,ue11,2074779,2379429.0301928804,2.379429
2026-06-29T01:14:04,ul,ue12,2074791,2368514.2583815027,2.368514
2026-06-29T01:14:04,ul,ue13,2075524,2395801.0925261164,2.395801
2026-06-29T01:14:04,ul,ue14,2075536,2363056.7770919823,2.363057
2026-06-29T01:14:04,ul,ue15,2075548,2439460.370539291,2.439460
2026-06-29T01:14:04,ul,ue16,2075560,2346684.523991084,2.346685
2026-06-29T01:14:10,ul,cu_cp1,2072945,733636.0310335922,0.733636
2026-06-29T01:14:10,ul,cu_up1,2072974,810284.6316044998,0.810285
2026-06-29T01:14:10,ul,cu_cp2,2072982,722686.230952034,0.722686
2026-06-29T01:14:10,ul,cu_up2,2073009,788385.0314413834,0.788385
2026-06-29T01:14:10,ul,du1,2073170,6175682.267598496,6.175682
2026-06-29T01:14:10,ul,du2,2073934,6334454.560258026,6.334455
2026-06-29T01:14:10,ul,du3,2074711,6131883.067272263,6.131883
2026-06-29T01:14:10,ul,du4,2075480,5984060.957648163,5.984061
2026-06-29T01:14:10,ul,ue1,2073234,2359680.0028064344,2.359680
2026-06-29T01:14:10,ul,ue2,2073246,2381579.602969551,2.381580
2026-06-29T01:14:10,ul,ue3,2073258,2332305.6940794755,2.332306
2026-06-29T01:14:10,ul,ue4,2073270,2408954.103173447,2.408954
2026-06-29T01:14:10,ul,ue5,2073998,2381579.602969551,2.381580
2026-06-29T01:14:10,ul,ue6,2074010,2365154.9028472137,2.365155
2026-06-29T01:14:10,ul,ue7,2074022,2419903.903255005,2.419904
2026-06-29T01:14:10,ul,ue8,2074034,2469178.1950989533,2.469178
2026-06-29T01:14:10,ul,ue9,2074755,2414429.0032142256,2.414429
2026-06-29T01:14:10,ul,ue10,2074767,2469178.1950989533,2.469178
2026-06-29T01:14:10,ul,ue11,2074779,2370629.802887993,2.370630
2026-06-29T01:14:10,ul,ue12,2074791,2408954.103173447,2.408954
2026-06-29T01:14:10,ul,ue13,2075524,2398004.3030918883,2.398004
2026-06-29T01:14:10,ul,ue14,2075536,2365154.9028472137,2.365155
2026-06-29T01:14:10,ul,ue15,2075548,2441803.6948950575,2.441804
2026-06-29T01:14:10,ul,ue16,2075560,2370629.802887993,2.370630
2026-06-29T01:14:16,ul,cu_cp1,2072945,714008.612595092,0.714009
2026-06-29T01:14:16,ul,cu_up1,2072974,771901.2040934431,0.771901
2026-06-29T01:14:16,ul,cu_cp2,2072982,733306.1748636854,0.733306
2026-06-29T01:14:16,ul,cu_up2,2073009,762252.4229591466,0.762252
2026-06-29T01:14:16,ul,du1,2073170,6059424.068521128,6.059424
2026-06-29T01:14:16,ul,du2,2073934,6252399.500592203,6.252400
2026-06-29T01:14:16,ul,du3,2074711,6011180.591733074,6.011181
2026-06-29T01:14:16,ul,du4,2075480,5943639.266754141,5.943639
2026-06-29T01:14:16,ul,ue1,2073234,2335001.1268952084,2.335001
2026-06-29T01:14:16,ul,ue2,2073246,2306054.735838604,2.306055
2026-06-29T01:14:16,ul,ue3,2073258,2315703.469319186,2.315703
2026-06-29T01:14:16,ul,ue4,2073270,2354298.7844712306,2.354299
2026-06-29T01:14:16,ul,ue5,2073998,2431488.8429307463,2.431489
2026-06-29T01:14:16,ul,ue6,2074010,2325352.393414626,2.325352
2026-06-29T01:14:16,ul,ue7,2074022,2402542.4518741416,2.402542
2026-06-29T01:14:16,ul,ue8,2074034,2470083.7768530753,2.470084
2026-06-29T01:14:16,ul,ue9,2074755,2335001.1268952084,2.335001
2026-06-29T01:14:16,ul,ue10,2074767,2354298.7844712306,2.354299
2026-06-29T01:14:16,ul,ue11,2074779,2344649.8603757904,2.344650
2026-06-29T01:14:16,ul,ue12,2074791,2335001.1268952084,2.335001
2026-06-29T01:14:16,ul,ue13,2075524,2354298.7844712306,2.354299
2026-06-29T01:14:16,ul,ue14,2075536,2335001.1268952084,2.335001
2026-06-29T01:14:16,ul,ue15,2075548,2441137.3857964706,2.441137
2026-06-29T01:14:16,ul,ue16,2075560,2373596.251432395,2.373596
2026-06-29T01:14:22,ul,cu_cp1,2072945,729746.4578897399,0.729746
2026-06-29T01:14:22,ul,cu_up1,2072974,794135.8287824509,0.794136
2026-06-29T01:14:22,ul,cu_cp2,2072982,736900.8377341873,0.736901
2026-06-29T01:14:22,ul,cu_up2,2073009,772672.7369564241,0.772673
2026-06-29T01:14:22,ul,du1,2073170,6102683.526533211,6.102684
2026-06-29T01:14:22,ul,du2,2073934,6310160.732851446,6.310161
2026-06-29T01:14:22,ul,du3,2074711,6224307.793059554,6.224308
2026-06-29T01:14:22,ul,du4,2075480,5966750.500317972,5.966751
2026-06-29T01:14:22,ul,ue1,2073234,2325172.495299089,2.325172
2026-06-29T01:14:22,ul,ue2,2073246,2375253.1542102206,2.375253
2026-06-29T01:14:22,ul,ue3,2073258,2296554.9759212993,2.296555
2026-06-29T01:14:22,ul,ue4,2073270,2368098.7743657734,2.368099
2026-06-29T01:14:22,ul,ue5,2073998,2389561.9138991153,2.389562
2026-06-29T01:14:22,ul,ue6,2074010,2332326.8751435364,2.332327
2026-06-29T01:14:22,ul,ue7,2074022,2411025.0534324576,2.411025
2026-06-29T01:14:22,ul,ue8,2074034,2453951.332499142,2.453951
2026-06-29T01:14:22,ul,ue9,2074755,2368098.7743657734,2.368099
2026-06-29T01:14:22,ul,ue10,2074767,2396716.293743563,2.396716
2026-06-29T01:14:22,ul,ue11,2074779,2303709.5465950086,2.303710
2026-06-29T01:14:22,ul,ue12,2074791,2375253.1542102206,2.375253
2026-06-29T01:14:22,ul,ue13,2075524,2353790.014676878,2.353790
2026-06-29T01:14:22,ul,ue14,2075536,2418179.4332769047,2.418179
2026-06-29T01:14:22,ul,ue15,2075548,2482568.8518769313,2.482569
2026-06-29T01:14:22,ul,ue16,2075560,2375253.1542102206,2.375253
2026-06-29T01:14:28,ul,cu_cp1,2072945,738257.088689289,0.738257
2026-06-29T01:14:28,ul,cu_up1,2072974,769768.0608240891,0.769768
2026-06-29T01:14:28,ul,cu_cp2,2072982,724752.4067798567,0.724752
2026-06-29T01:14:28,ul,cu_up2,2073009,760764.9395511341,0.760765
2026-06-29T01:14:28,ul,du1,2073170,6032100.598053512,6.032101
2026-06-29T01:14:28,ul,du2,2073934,6189655.268009681,6.189655
2026-06-29T01:14:28,ul,du3,2074711,6153643.164353523,6.153643
2026-06-29T01:14:28,ul,du4,2075480,5996088.112961693,5.996088
2026-06-29T01:14:28,ul,ue1,2073234,2354319.8841959573,2.354320
2026-06-29T01:14:28,ul,ue2,2073246,2345316.667564087,2.345317
2026-06-29T01:14:28,ul,ue3,2073258,2336313.450932217,2.336313
2026-06-29T01:14:28,ul,ue4,2073270,2417341.828465557,2.417342
2026-06-29T01:14:28,ul,ue5,2073998,2399335.585919647,2.399336
2026-06-29T01:14:28,ul,ue6,2074010,2318307.2083863067,2.318307
2026-06-29T01:14:28,ul,ue7,2074022,2399335.585919647,2.399336
2026-06-29T01:14:28,ul,ue8,2074034,2430846.558054447,2.430847
2026-06-29T01:14:28,ul,ue9,2074755,2399335.585919647,2.399336
2026-06-29T01:14:28,ul,ue10,2074767,2444351.0969255064,2.444351
2026-06-29T01:14:28,ul,ue11,2074779,2322808.912061157,2.322809
2026-06-29T01:14:28,ul,ue12,2074791,2390332.3692877768,2.390332
2026-06-29T01:14:28,ul,ue13,2075524,2367824.6137848473,2.367825
2026-06-29T01:14:28,ul,ue14,2075536,2390332.3692877768,2.390332
2026-06-29T01:14:28,ul,ue15,2075548,2439849.5839684866,2.439850
2026-06-29T01:14:28,ul,ue16,2075560,2354319.8841959573,2.354320
2026-06-29T01:14:34,ul,cu_cp1,2072945,731482.6576234996,0.731483
2026-06-29T01:14:34,ul,cu_up1,2072974,757985.6534992575,0.757986
2026-06-29T01:14:34,ul,cu_cp2,2072982,726182.0203851223,0.726182
2026-06-29T01:14:34,ul,cu_up2,2073009,736783.2472828447,0.736783
2026-06-29T01:14:34,ul,du1,2073170,6111590.249453974,6.111590
2026-06-29T01:14:34,ul,du2,2073934,6010879.14108448,6.010879
2026-06-29T01:14:34,ul,du3,2074711,6207001.053638315,6.207001
2026-06-29T01:14:34,ul,du4,2075480,5857161.945805406,5.857162
2026-06-29T01:14:34,ul,ue1,2073234,2353465.9957040786,2.353466
2026-06-29T01:14:34,ul,ue2,2073246,2342864.62606926,2.342865
2026-06-29T01:14:34,ul,ue3,2073258,2406471.89229753,2.406472
2026-06-29T01:14:34,ul,ue4,2073270,2443576.115071011,2.443576
2026-06-29T01:14:34,ul,ue5,2073998,2342864.62606926,2.342865
2026-06-29T01:14:34,ul,ue6,2074010,2326962.9522492886,2.326963
2026-06-29T01:14:34,ul,ue7,2074022,2390570.0281614303,2.390570
2026-06-29T01:14:34,ul,ue8,2074034,2348165.310886669,2.348165
2026-06-29T01:14:34,ul,ue9,2074755,2417073.0716162203,2.417073
2026-06-29T01:14:34,ul,ue10,2074767,2427674.250934911,2.427674
2026-06-29T01:14:34,ul,ue11,2074779,2385269.5336601497,2.385270
2026-06-29T01:14:34,ul,ue12,2074791,2385269.5336601497,2.385270
2026-06-29T01:14:34,ul,ue13,2075524,2401171.3977962495,2.401171
2026-06-29T01:14:34,ul,ue14,2075536,2364067.175022769,2.364067
2026-06-29T01:14:34,ul,ue15,2075548,2417073.0716162203,2.417073
2026-06-29T01:14:34,ul,ue16,2075560,2326962.9522492886,2.326963
2026-06-29T01:14:40,ul,cu_cp1,2072945,722876.2703894705,0.722876
2026-06-29T01:14:40,ul,cu_up1,2072974,793533.351956614,0.793533
2026-06-29T01:14:40,ul,cu_cp2,2072982,722876.2703894705,0.722876
2026-06-29T01:14:40,ul,cu_up2,2073009,755487.2274493942,0.755487
2026-06-29T01:14:40,ul,du1,2073170,6185211.506490912,6.185212
2026-06-29T01:14:40,ul,du2,2073934,6049333.034666303,6.049333
2026-06-29T01:14:40,ul,du3,2074711,6147165.381983693,6.147165
2026-06-29T01:14:40,ul,du4,2075480,6087379.159173522,6.087379
2026-06-29T01:14:40,ul,ue1,2073234,2326248.429020734,2.326248
2026-06-29T01:14:40,ul,ue2,2073246,2380600.008245989,2.380600
2026-06-29T01:14:40,ul,ue3,2073258,2418646.1327532087,2.418646
2026-06-29T01:14:40,ul,ue4,2073270,2429516.3724000957,2.429516
2026-06-29T01:14:40,ul,ue5,2073998,2337118.6686676205,2.337119
2026-06-29T01:14:40,ul,ue6,2074010,2391470.2478928757,2.391470
2026-06-29T01:14:40,ul,ue7,2074022,2402340.6780351736,2.402341
2026-06-29T01:14:40,ul,ue8,2074034,2337118.6686676205,2.337119
2026-06-29T01:14:40,ul,ue9,2074755,2364294.5535279536,2.364295
2026-06-29T01:14:40,ul,ue10,2074767,2386035.032821727,2.386035
2026-06-29T01:14:40,ul,ue11,2074779,2358859.338456805,2.358859
2026-06-29T01:14:40,ul,ue12,2074791,2386035.032821727,2.386035
2026-06-29T01:14:40,ul,ue13,2075524,2358859.338456805,2.358859
2026-06-29T01:14:40,ul,ue14,2075536,2396905.4629640244,2.396905
2026-06-29T01:14:40,ul,ue15,2075548,2369729.7685991023,2.369730
2026-06-29T01:14:40,ul,ue16,2075560,2331683.4535964713,2.331683
2026-06-29T01:14:46,ul,cu_cp1,2072945,736511.6221748128,0.736512
2026-06-29T01:14:46,ul,cu_up1,2072974,746884.9999652833,0.746885
2026-06-29T01:14:46,ul,cu_cp2,2072982,715764.7245634974,0.715765
2026-06-29T01:14:46,ul,cu_up2,2073009,736511.6221748128,0.736512
2026-06-29T01:14:46,ul,du1,2073170,6172174.225084662,6.172174
2026-06-29T01:14:46,ul,du2,2073934,5995826.2818686245,5.995826
2026-06-29T01:14:46,ul,du3,2074711,5995826.2818686245,5.995826
2026-06-29T01:14:46,ul,du4,2075480,5954332.960080576,5.954333
2026-06-29T01:14:46,ul,ue1,2073234,2396255.998157114,2.396256
2026-06-29T01:14:46,ul,ue2,2073246,2292521.9361916604,2.292522
2026-06-29T01:14:46,ul,ue3,2073258,2406629.328604126,2.406629
2026-06-29T01:14:46,ul,ue4,2073270,2365135.8174422444,2.365136
2026-06-29T01:14:46,ul,ue5,2073998,2313268.5970856845,2.313269
2026-06-29T01:14:46,ul,ue6,2074010,2261401.7554767905,2.261402
2026-06-29T01:14:46,ul,ue7,2074022,2344388.967174387,2.344389
2026-06-29T01:14:46,ul,ue8,2074034,2292521.9361916604,2.292522
2026-06-29T01:14:46,ul,ue9,2074755,2292521.9361916604,2.292522
2026-06-29T01:14:46,ul,ue10,2074767,2365135.8174422444,2.365136
2026-06-29T01:14:46,ul,ue11,2074779,2313268.5970856845,2.313269
2026-06-29T01:14:46,ul,ue12,2074791,2292521.9361916604,2.292522
2026-06-29T01:14:46,ul,ue13,2075524,2365135.8174422444,2.365136
2026-06-29T01:14:46,ul,ue14,2075536,2313268.5970856845,2.313269
2026-06-29T01:14:46,ul,ue15,2075548,2375509.1478892565,2.375509
2026-06-29T01:14:46,ul,ue16,2075560,2313268.5970856845,2.313269
2026-06-29T01:14:52,ul,cu_cp1,2072945,687532.5922233936,0.687533
2026-06-29T01:14:52,ul,cu_up1,2072974,740419.6819509157,0.740420
2026-06-29T01:14:52,ul,cu_cp2,2072982,725309.1659841201,0.725309
2026-06-29T01:14:52,ul,cu_up2,2073009,725309.1659841201,0.725309
2026-06-29T01:14:52,ul,du1,2073170,6112240.324410958,6.112240
2026-06-29T01:14:52,ul,du2,2073934,6104685.16104214,6.104685
2026-06-29T01:14:52,ul,du3,2074711,5930912.9974344615,5.930913
2026-06-29T01:14:52,ul,du4,2075480,5923357.455607326,5.923357
2026-06-29T01:14:52,ul,ue1,2073234,2319478.1092462623,2.319478
2026-06-29T01:14:52,ul,ue2,2073246,2319478.1092462623,2.319478
2026-06-29T01:14:52,ul,ue3,2073258,2410141.7727345107,2.410142
2026-06-29T01:14:52,ul,ue4,2073270,2334588.625213058,2.334589
2026-06-29T01:14:52,ul,ue5,2073998,2372365.198973784,2.372365
2026-06-29T01:14:52,ul,ue6,2074010,2259035.6669207634,2.259036
2026-06-29T01:14:52,ul,ue7,2074022,2334588.625213058,2.334589
2026-06-29T01:14:52,ul,ue8,2074034,2357254.683006989,2.357255
2026-06-29T01:14:52,ul,ue9,2074755,2274146.182887559,2.274146
2026-06-29T01:14:52,ul,ue10,2074767,2387475.9041697383,2.387476
2026-06-29T01:14:52,ul,ue11,2074779,2342143.977811035,2.342144
2026-06-29T01:14:52,ul,ue12,2074791,2304367.4040503083,2.304367
2026-06-29T01:14:52,ul,ue13,2075524,2274146.182887559,2.274146
2026-06-29T01:14:52,ul,ue14,2075536,2327033.4618442394,2.327033
2026-06-29T01:14:52,ul,ue15,2075548,2304367.4040503083,2.304367
2026-06-29T01:14:52,ul,ue16,2075560,2327033.4618442394,2.327033
2026-06-29T01:14:58,ul,cu_cp1,2072945,735788.6165135669,0.735789
2026-06-29T01:14:58,ul,cu_up1,2072974,794833.32844059,0.794833
2026-06-29T01:14:58,ul,cu_cp2,2072982,735788.6165135669,0.735789
2026-06-29T01:14:58,ul,cu_up2,2073009,767581.92293581,0.767582
2026-06-29T01:14:58,ul,du1,2073170,6081610.957795677,6.081611
2026-06-29T01:14:58,ul,du2,2073934,6072526.965136604,6.072527
2026-06-29T01:14:58,ul,du3,2074711,6158822.987156334,6.158823
2026-06-29T01:14:58,ul,du4,2075480,6104320.176146775,6.104320
2026-06-29T01:14:58,ul,ue1,2073234,2316371.5669718934,2.316372
2026-06-29T01:14:58,ul,ue2,2073246,2384499.9853217695,2.384500
2026-06-29T01:14:58,ul,ue3,2073258,2443544.792660866,2.443545
2026-06-29T01:14:58,ul,ue4,2073270,2339081.166971283,2.339081
2026-06-29T01:14:58,ul,ue5,2073998,2361790.5761465263,2.361791
2026-06-29T01:14:58,ul,ue6,2074010,2402667.7798157693,2.402668
2026-06-29T01:14:58,ul,ue7,2074022,2434460.990825939,2.434461
2026-06-29T01:14:58,ul,ue8,2074034,2379958.1798163797,2.379958
2026-06-29T01:14:58,ul,ue9,2074755,2429918.994496403,2.429919
2026-06-29T01:14:58,ul,ue10,2074767,2457170.5908253286,2.457171
2026-06-29T01:14:58,ul,ue11,2074779,2393583.977980843,2.393584
2026-06-29T01:14:58,ul,ue12,2074791,2393583.977980843,2.393584
2026-06-29T01:14:58,ul,ue13,2075524,2375416.183486843,2.375416
2026-06-29T01:14:58,ul,ue14,2075536,2370874.3779814527,2.370874
2026-06-29T01:14:58,ul,ue15,2075548,2416293.387156086,2.416293
2026-06-29T01:14:58,ul,ue16,2075560,2402667.7798157693,2.402668
2026-06-29T01:15:04,ul,cu_cp1,2072945,734359.1843678972,0.734359
2026-06-29T01:15:04,ul,cu_up1,2072974,804777.2131598609,0.804777
2026-06-29T01:15:04,ul,cu_cp2,2072982,739389.0878269002,0.739389
2026-06-29T01:15:04,ul,cu_up2,2073009,764538.319136956,0.764538
2026-06-29T01:15:04,ul,du1,2073170,6066008.662445455,6.066009
2026-06-29T01:15:04,ul,du2,2073934,6040859.14515044,6.040859
2026-06-29T01:15:04,ul,du3,2074711,6131396.644785936,6.131397
2026-06-29T01:15:04,ul,du4,2075480,6136426.16693166,6.136426
2026-06-29T01:15:04,ul,ue1,2073234,2338883.754892776,2.338884
2026-06-29T01:15:04,ul,ue2,2073246,2414331.7348079025,2.414332
2026-06-29T01:15:04,ul,ue3,2073258,2404271.9278898966,2.404272
2026-06-29T01:15:04,ul,ue4,2073270,2364033.0815311517,2.364033
2026-06-29T01:15:04,ul,ue5,2073998,2374092.8884491576,2.374093
2026-06-29T01:15:04,ul,ue6,2074010,2338883.754892776,2.338884
2026-06-29T01:15:04,ul,ue7,2074022,2419361.6382669057,2.419362
2026-06-29T01:15:04,ul,ue8,2074034,2409301.64069226,2.409302
2026-06-29T01:15:04,ul,ue9,2074755,2389182.408169527,2.389182
2026-06-29T01:15:04,ul,ue10,2074767,2429421.254528272,2.429421
2026-06-29T01:15:04,ul,ue11,2074779,2379122.601251521,2.379123
2026-06-29T01:15:04,ul,ue12,2074791,2394212.1209718906,2.394212
2026-06-29T01:15:04,ul,ue13,2075524,2359003.1780721485,2.359003
2026-06-29T01:15:04,ul,ue14,2075536,2359003.1780721485,2.359003
2026-06-29T01:15:04,ul,ue15,2075548,2409301.64069226,2.409302
2026-06-29T01:15:04,ul,ue16,2075560,2384152.504710524,2.384153
2026-06-29T01:15:10,ul,cu_cp1,2072945,741263.4963487849,0.741263
2026-06-29T01:15:10,ul,cu_up1,2072974,801662.8148700052,0.801663
2026-06-29T01:15:10,ul,cu_cp2,2072982,746754.3564968887,0.746754
2026-06-29T01:15:10,ul,cu_up2,2073009,785190.2344256938,0.785190
2026-06-29T01:15:10,ul,du1,2073170,6067379.379087593,6.067379
2026-06-29T01:15:10,ul,du2,2073934,6210140.788885482,6.210141
2026-06-29T01:15:10,ul,du3,2074711,6297994.169634018,6.297994
2026-06-29T01:15:10,ul,du4,2075480,6166214.289321776,6.166214
2026-06-29T01:15:10,ul,ue1,2073234,2344589.173791436,2.344589
2026-06-29T01:15:10,ul,ue2,2073246,2415970.0695009422,2.415970
2026-06-29T01:15:10,ul,ue3,2073258,2432442.5545399725,2.432443
2026-06-29T01:15:10,ul,ue4,2073270,2388515.864165704,2.388516
2026-06-29T01:15:10,ul,ue5,2073998,2366552.423573289,2.366552
2026-06-29T01:15:10,ul,ue6,2074010,2350079.7477236963,2.350080
2026-06-29T01:15:10,ul,ue7,2074022,2421460.834243765,2.421461
2026-06-29T01:15:10,ul,ue8,2074034,2404988.1583941723,2.404988
2026-06-29T01:15:10,ul,ue9,2074755,2394006.628908527,2.394007
2026-06-29T01:15:10,ul,ue10,2074767,2470878.4801714183,2.470878
2026-06-29T01:15:10,ul,ue11,2074779,2361061.658830466,2.361062
2026-06-29T01:15:10,ul,ue12,2074791,2437933.3192827953,2.437933
2026-06-29T01:15:10,ul,ue13,2075524,2410479.1139475573,2.410479
2026-06-29T01:15:10,ul,ue14,2075536,2366552.423573289,2.366552
2026-06-29T01:15:10,ul,ue15,2075548,2487350.9652104485,2.487351
2026-06-29T01:15:10,ul,ue16,2075560,2383024.9086123193,2.383025
2026-06-29T01:15:16,ul,cu_cp1,2072945,736574.0003846687,0.736574
2026-06-29T01:15:16,ul,cu_up1,2072974,781901.6377577564,0.781902
2026-06-29T01:15:16,ul,cu_cp2,2072982,725242.1029222864,0.725242
2026-06-29T01:15:16,ul,cu_up2,2073009,759237.7953094334,0.759238
2026-06-29T01:15:16,ul,du1,2073170,5937919.5929268785,5.937920
2026-06-29T01:15:16,ul,du2,2073934,6130561.469598911,6.130561
2026-06-29T01:15:16,ul,du3,2074711,6039906.67008832,6.039907
2026-06-29T01:15:16,ul,du4,2075480,5892592.00307735,5.892592
2026-06-29T01:15:16,ul,ue1,2073234,2289045.1883435654,2.289045
2026-06-29T01:15:16,ul,ue2,2073246,2368368.6606744756,2.368369
2026-06-29T01:15:16,ul,ue3,2073258,2379700.5581368576,2.379701
2026-06-29T01:15:16,ul,ue4,2073270,2323041.0708249463,2.323041
2026-06-29T01:15:16,ul,ue5,2073998,2334372.9682873283,2.334373
2026-06-29T01:15:16,ul,ue6,2074010,2357036.763212093,2.357037
2026-06-29T01:15:16,ul,ue7,2074022,2447691.942911152,2.447692
2026-06-29T01:15:16,ul,ue8,2074034,2391032.45559924,2.391032
2026-06-29T01:15:16,ul,ue9,2074755,2345704.8657497107,2.345705
2026-06-29T01:15:16,ul,ue10,2074767,2413696.250524005,2.413696
2026-06-29T01:15:16,ul,ue11,2074779,2289045.1883435654,2.289045
2026-06-29T01:15:16,ul,ue12,2074791,2357036.763212093,2.357037
2026-06-29T01:15:16,ul,ue13,2075524,2345704.8657497107,2.345705
2026-06-29T01:15:16,ul,ue14,2075536,2402364.3530616225,2.402364
2026-06-29T01:15:16,ul,ue15,2075548,2391032.45559924,2.391032
2026-06-29T01:15:16,ul,ue16,2075560,2300377.2759001814,2.300377
2026-06-29T01:15:22,ul,cu_cp1,2072945,743348.4476363003,0.743348
2026-06-29T01:15:22,ul,cu_up1,2072974,807292.3924219727,0.807292
2026-06-29T01:15:22,ul,cu_cp2,2072982,743348.4476363003,0.743348
2026-06-29T01:15:22,ul,cu_up2,2073009,775320.3961617076,0.775320
2026-06-29T01:15:22,ul,du1,2073170,5914815.537095279,5.914816
2026-06-29T01:15:22,ul,du2,2073934,6290486.576689396,6.290487
2026-06-29T01:15:22,ul,du3,2074711,6042702.949318047,6.042703
2026-06-29T01:15:22,ul,du4,2075480,6186577.338235531,6.186577
2026-06-29T01:15:22,ul,ue1,2073234,2357933.184745388,2.357933
2026-06-29T01:15:22,ul,ue2,2073246,2365926.100274453,2.365926
2026-06-29T01:15:22,ul,ue3,2073258,2397898.1442695763,2.397898
2026-06-29T01:15:22,ul,ue4,2073270,2381912.1222720146,2.381912
2026-06-29T01:15:22,ul,ue5,2073998,2357933.184745388,2.357933
2026-06-29T01:15:22,ul,ue6,2074010,2389905.228740511,2.389905
2026-06-29T01:15:22,ul,ue7,2074022,2461842.0413203905,2.461842
2026-06-29T01:15:22,ul,ue8,2074034,2437863.103793764,2.437863
2026-06-29T01:15:22,ul,ue9,2074755,2373919.2067429493,2.373919
2026-06-29T01:15:22,ul,ue10,2074767,2421877.081796203,2.421877
2026-06-29T01:15:22,ul,ue11,2074779,2357933.184745388,2.357933
2026-06-29T01:15:22,ul,ue12,2074791,2349940.269216323,2.349940
2026-06-29T01:15:22,ul,ue13,2075524,2373919.2067429493,2.373919
2026-06-29T01:15:22,ul,ue14,2075536,2421877.081796203,2.421877
2026-06-29T01:15:22,ul,ue15,2075548,2501807.0008445787,2.501807
2026-06-29T01:15:22,ul,ue16,2075560,2365926.100274453,2.365926
2026-06-29T01:15:33,ul,cu_cp1,2072945,733298.5847507325,0.733299
2026-06-29T01:15:33,ul,cu_up1,2072974,794834.2297374243,0.794834
2026-06-29T01:15:33,ul,cu_cp2,2072982,728170.6658427406,0.728171
2026-06-29T01:15:33,ul,cu_up2,2073009,779450.2828316673,0.779450
2026-06-29T01:15:33,ul,du1,2073170,6092019.201957097,6.092019
2026-06-29T01:15:33,ul,du2,2073934,6184322.788300748,6.184323
2026-06-29T01:15:33,ul,du3,2074711,6081763.839595566,6.081764
2026-06-29T01:15:33,ul,du4,2075480,6061251.5934182545,6.061252
2026-06-29T01:15:33,ul,ue1,2073234,2287071.326596966,2.287071
2026-06-29T01:15:33,ul,ue2,2073246,2338350.991131338,2.338351
2026-06-29T01:15:33,ul,ue3,2073258,2394758.5270282566,2.394759
2026-06-29T01:15:33,ul,ue4,2073270,2348606.733856431,2.348607
2026-06-29T01:15:33,ul,ue5,2073998,2353734.795400759,2.353735
2026-06-29T01:15:33,ul,ue6,2074010,2358862.8569450867,2.358863
2026-06-29T01:15:33,ul,ue7,2074022,2410142.331297678,2.410142
2026-06-29T01:15:33,ul,ue8,2074034,2384502.594121382,2.384503
2026-06-29T01:15:33,ul,ue9,2074755,2369118.59967018,2.369119
2026-06-29T01:15:33,ul,ue10,2074767,2399886.5885725846,2.399887
2026-06-29T01:15:33,ul,ue11,2074779,2369118.59967018,2.369119
2026-06-29T01:15:33,ul,ue12,2074791,2410142.331297678,2.410142
2026-06-29T01:15:33,ul,ue13,2075524,2369118.59967018,2.369119
2026-06-29T01:15:33,ul,ue14,2075536,2389630.465483929,2.389630
2026-06-29T01:15:33,ul,ue15,2075548,2430654.1971114264,2.430654
2026-06-29T01:15:33,ul,ue16,2075560,2343478.8624938847,2.343479
2026-06-29T01:15:39,ul,cu_cp1,2072945,735377.2722587734,0.735377
2026-06-29T01:15:39,ul,cu_up1,2072974,802229.7775314867,0.802230
2026-06-29T01:15:39,ul,cu_cp2,2072982,709664.7189439476,0.709665
2026-06-29T01:15:39,ul,cu_up2,2073009,781659.7539290308,0.781660
2026-06-29T01:15:39,ul,du1,2073170,6242992.876760483,6.242993
2026-06-29T01:15:39,ul,du2,2073934,6314987.816498542,6.314988
2026-06-29T01:15:39,ul,du3,2074711,6191567.8653778555,6.191568
2026-06-29T01:15:39,ul,du4,2075480,5944727.963136482,5.944728
2026-06-29T01:15:39,ul,ue1,2073234,2298696.8277403475,2.298697
2026-06-29T01:15:39,ul,ue2,2073246,2365549.1901425244,2.365549
2026-06-29T01:15:39,ul,ue3,2073258,2375834.15432024,2.375834
2026-06-29T01:15:39,ul,ue4,2073270,2329551.7202734947,2.329552
2026-06-29T01:15:39,ul,ue5,2073998,2360406.612806642,2.360407
2026-06-29T01:15:39,ul,ue6,2074010,2370691.7674784064,2.370692
2026-06-29T01:15:39,ul,ue7,2074022,2401546.6600115537,2.401547
2026-06-29T01:15:39,ul,ue8,2074034,2442686.7072164654,2.442687
2026-06-29T01:15:39,ul,ue9,2074755,2411831.6241892697,2.411832
2026-06-29T01:15:39,ul,ue10,2074767,2447829.094058299,2.447829
2026-06-29T01:15:39,ul,ue11,2074779,2355264.2259648084,2.355264
2026-06-29T01:15:39,ul,ue12,2074791,2427259.1657028673,2.427259
2026-06-29T01:15:39,ul,ue13,2075524,2339836.6844512103,2.339837
2026-06-29T01:15:39,ul,ue14,2075536,2391261.695833838,2.391262
2026-06-29T01:15:39,ul,ue15,2075548,2386119.3089920045,2.386119
2026-06-29T01:15:39,ul,ue16,2075560,2350121.6486289264,2.350122
2026-06-29T01:15:45,ul,cu_cp1,2072945,726997.8231325111,0.726998
2026-06-29T01:15:45,ul,cu_up1,2072974,802952.8480305296,0.802953
2026-06-29T01:15:45,ul,cu_cp2,2072982,721572.4744232222,0.721572
2026-06-29T01:15:45,ul,cu_up2,2073009,770400.708118805,0.770401
2026-06-29T01:15:45,ul,du1,2073170,6027571.37534632,6.027571
2026-06-29T01:15:45,ul,du2,2073934,6054698.309516731,6.054698
2026-06-29T01:15:45,ul,du3,2074711,6060123.467602053,6.060123
2026-06-29T01:15:45,ul,du4,2075480,6016720.677927742,6.016721
2026-06-29T01:15:45,ul,ue1,2073234,2387157.0539424503,2.387157
2026-06-29T01:15:45,ul,ue2,2073246,2349179.6129774284,2.349180
2026-06-29T01:15:45,ul,ue3,2073258,2349179.6129774284,2.349180
2026-06-29T01:15:45,ul,ue4,2073270,2435985.3829500163,2.435985
2026-06-29T01:15:45,ul,ue5,2073998,2354604.9616867173,2.354605
2026-06-29T01:15:45,ul,ue6,2074010,2327478.218140273,2.327478
2026-06-29T01:15:45,ul,ue7,2074022,2414283.7974888943,2.414284
2026-06-29T01:15:45,ul,ue8,2074034,2425134.685531439,2.425135
2026-06-29T01:15:45,ul,ue9,2074755,2370881.007814584,2.370881
2026-06-29T01:15:45,ul,ue10,2074767,2457686.777787172,2.457687
2026-06-29T01:15:45,ul,ue11,2074779,2387157.0539424503,2.387157
2026-06-29T01:15:45,ul,ue12,2074791,2398007.751361028,2.398008
2026-06-29T01:15:45,ul,ue13,2075524,2360030.3103960063,2.360030
2026-06-29T01:15:45,ul,ue14,2075536,2452261.2384539163,2.452261
2026-06-29T01:15:45,ul,ue15,2075548,2392582.4026517393,2.392582
2026-06-29T01:15:45,ul,ue16,2075560,2338328.915558851,2.338329
2026-06-29T01:15:51,ul,cu_cp1,2072945,735442.7804092026,0.735443
2026-06-29T01:15:51,ul,cu_up1,2072974,779349.8440573025,0.779350
2026-06-29T01:15:51,ul,cu_cp2,2072982,713489.2723938846,0.713489
2026-06-29T01:15:51,ul,cu_up2,2073009,779349.8440573025,0.779350
2026-06-29T01:15:51,ul,du1,2073170,6004286.799253922,6.004287
2026-06-29T01:15:51,ul,du2,2073934,6103077.79960144,6.103078
2026-06-29T01:15:51,ul,du3,2074711,6190891.641192856,6.190892
2026-06-29T01:15:51,ul,du4,2075480,6037217.132703095,6.037217
2026-06-29T01:15:51,ul,ue1,2073234,2316096.1193915177,2.316096
2026-06-29T01:15:51,ul,ue2,2073246,2370979.8180036163,2.370980
2026-06-29T01:15:51,ul,ue3,2073258,2392933.3736363985,2.392933
2026-06-29T01:15:51,ul,ue4,2073270,2360003.040187225,2.360003
2026-06-29T01:15:51,ul,ue5,2073998,2327072.7067380524,2.327073
2026-06-29T01:15:51,ul,ue6,2074010,2381956.5958200074,2.381957
2026-06-29T01:15:51,ul,ue7,2074022,2447817.072248497,2.447817
2026-06-29T01:15:51,ul,ue8,2074034,2425863.7070855713,2.425864
2026-06-29T01:15:51,ul,ue9,2074755,2349026.262370834,2.349026
2026-06-29T01:15:51,ul,ue10,2074767,2403910.151452789,2.403910
2026-06-29T01:15:51,ul,ue11,2074779,2392933.3736363985,2.392933
2026-06-29T01:15:51,ul,ue12,2074791,2349026.262370834,2.349026
2026-06-29T01:15:51,ul,ue13,2075524,2338049.4845544435,2.338049
2026-06-29T01:15:51,ul,ue14,2075536,2491724.183514061,2.491724
2026-06-29T01:15:51,ul,ue15,2075548,2349026.262370834,2.349026
2026-06-29T01:15:51,ul,ue16,2075560,2403910.151452789,2.403910
2026-06-29T01:15:57,ul,cu_cp1,2072945,729700.8192919042,0.729701
2026-06-29T01:15:57,ul,cu_up1,2072974,792470.8292787566,0.792471
2026-06-29T01:15:57,ul,cu_cp2,2072982,714008.3643434742,0.714008
2026-06-29T01:15:57,ul,cu_up2,2073009,776778.3267820436,0.776778
2026-06-29T01:15:57,ul,du1,2073170,6049455.837297833,6.049456
2026-06-29T01:15:57,ul,du2,2073934,6182841.704359489,6.182842
2026-06-29T01:15:57,ul,du3,2074711,6096533.202143123,6.096533
2026-06-29T01:15:57,ul,du4,2075480,5939607.891886294,5.939608
2026-06-29T01:15:57,ul,ue1,2073234,2306796.3930200515,2.306796
2026-06-29T01:15:57,ul,ue2,2073246,2338181.302916912,2.338181
2026-06-29T01:15:57,ul,ue3,2073258,2400951.312903764,2.400951
2026-06-29T01:15:57,ul,ue4,2073270,2361719.985339557,2.361720
2026-06-29T01:15:57,ul,ue5,2073998,2393104.895236417,2.393105
2026-06-29T01:15:57,ul,ue6,2074010,2385258.667762202,2.385259
2026-06-29T01:15:57,ul,ue7,2074022,2455874.9052232695,2.455875
2026-06-29T01:15:57,ul,ue8,2074034,2424489.995326409,2.424490
2026-06-29T01:15:57,ul,ue9,2074755,2377412.440287987,2.377412
2026-06-29T01:15:57,ul,ue10,2074767,2424489.995326409,2.424490
2026-06-29T01:15:57,ul,ue11,2074779,2400951.312903764,2.400951
2026-06-29T01:15:57,ul,ue12,2074791,2400951.312903764,2.400951
2026-06-29T01:15:57,ul,ue13,2075524,2393104.895236417,2.393105
2026-06-29T01:15:57,ul,ue14,2075536,2338181.302916912,2.338181
2026-06-29T01:15:57,ul,ue15,2075548,2369566.4030069043,2.369566
2026-06-29T01:15:57,ul,ue16,2075560,2385258.667762202,2.385259
2026-06-29T01:16:03,ul,cu_cp1,2072945,733822.7417095623,0.733823
2026-06-29T01:16:03,ul,cu_up1,2072974,797239.5483948443,0.797240
2026-06-29T01:16:03,ul,cu_cp2,2072982,729293.0380428645,0.729293
2026-06-29T01:16:03,ul,cu_up2,2073009,779120.4471225992,0.779120
2026-06-29T01:16:03,ul,du1,2073170,6174076.856102815,6.174077
2026-06-29T01:16:03,ul,du2,2073934,6128778.673014021,6.128779
2026-06-29T01:16:03,ul,du3,2074711,6282790.890525376,6.282791
2026-06-29T01:16:03,ul,du4,2075480,5947587.851361874,5.947588
2026-06-29T01:16:03,ul,ue1,2073234,2360010.194074316,2.360010
2026-06-29T01:16:03,ul,ue2,2073246,2400778.2913558064,2.400778
2026-06-29T01:16:03,ul,ue3,2073258,2427956.7044262956,2.427957
2026-06-29T01:16:03,ul,ue4,2073270,2405307.995022504,2.405308
2026-06-29T01:16:03,ul,ue5,2073998,2387188.989285411,2.387189
2026-06-29T01:16:03,ul,ue6,2074010,2369069.7924780142,2.369070
2026-06-29T01:16:03,ul,ue7,2074022,2441546.1975669945,2.441546
2026-06-29T01:16:03,ul,ue8,2074034,2455135.4996373905,2.455135
2026-06-29T01:16:03,ul,ue9,2074755,2378129.3908817125,2.378129
2026-06-29T01:16:03,ul,ue10,2074767,2464195.098041089,2.464195
2026-06-29T01:16:03,ul,ue11,2074779,2432486.599163296,2.432487
2026-06-29T01:16:03,ul,ue12,2074791,2446075.901233692,2.446076
2026-06-29T01:16:03,ul,ue13,2075524,2373599.496144712,2.373599
2026-06-29T01:16:03,ul,ue14,2075536,2409837.698689202,2.409838
2026-06-29T01:16:03,ul,ue15,2075548,2418897.1060225978,2.418897
2026-06-29T01:16:03,ul,ue16,2075560,2350950.5956706177,2.350951
2026-06-29T01:16:09,ul,cu_cp1,2072945,727360.3170164698,0.727360
2026-06-29T01:16:09,ul,cu_up1,2072974,786736.6061311993,0.786737
2026-06-29T01:16:09,ul,cu_cp2,2072982,722412.2253279984,0.722412
2026-06-29T01:16:09,ul,cu_up2,2073009,761996.4816905182,0.761996
2026-06-29T01:16:09,ul,du1,2073170,6091024.048122826,6.091024
2026-06-29T01:16:09,ul,du2,2073934,6224620.519701498,6.224621
2026-06-29T01:16:09,ul,du3,2074711,6150400.38495208,6.150400
2026-06-29T01:16:09,ul,du4,2075480,5922791.030153904,5.922791
2026-06-29T01:16:09,ul,ue1,2073234,2345365.87732986,2.345366
2026-06-29T01:16:09,ul,ue2,2073246,2394846.221640272,2.394846
2026-06-29T01:16:09,ul,ue3,2073258,2394846.221640272,2.394846
2026-06-29T01:16:09,ul,ue4,2073270,2399794.217899693,2.399794
2026-06-29T01:16:09,ul,ue5,2073998,2360209.866108123,2.360210
2026-06-29T01:16:09,ul,ue6,2074010,2340417.6902123378,2.340418
2026-06-29T01:16:09,ul,ue7,2074022,2439378.3788331626,2.439378
2026-06-29T01:16:09,ul,ue8,2074034,2424534.1991967987,2.424534
2026-06-29T01:16:09,ul,ue9,2074755,2335469.6939529167,2.335470
2026-06-29T01:16:09,ul,ue10,2074767,2464118.550988369,2.464119
2026-06-29T01:16:09,ul,ue11,2074779,2444326.3750925837,2.444326
2026-06-29T01:16:09,ul,ue12,2074791,2394846.221640272,2.394846
2026-06-29T01:16:09,ul,ue13,2075524,2350313.873589281,2.350314
2026-06-29T01:16:09,ul,ue14,2075536,2409690.2104185354,2.409690
2026-06-29T01:16:09,ul,ue15,2075548,2399794.217899693,2.399794
2026-06-29T01:16:09,ul,ue16,2075560,2370106.049485066,2.370106
2026-06-29T01:16:15,ul,cu_cp1,2072945,737455.9078544527,0.737456
2026-06-29T01:16:15,ul,cu_up1,2072974,803007.6289171869,0.803008
2026-06-29T01:16:15,ul,cu_cp2,2072982,731993.2962359351,0.731993
2026-06-29T01:16:15,ul,cu_up2,2073009,775694.3322992721,0.775694
2026-06-29T01:16:15,ul,du1,2073170,6150928.923849523,6.150929
2026-06-29T01:16:15,ul,du2,2073934,6194629.816797664,6.194630
2026-06-29T01:16:15,ul,du3,2074711,6205554.6583941765,6.205555
2026-06-29T01:16:15,ul,du4,2075480,6008900.25848702,6.008900
2026-06-29T01:16:15,ul,ue1,2073234,2376246.9308100627,2.376247
2026-06-29T01:16:15,ul,ue2,2073246,2392634.765665616,2.392635
2026-06-29T01:16:15,ul,ue3,2073258,2409022.79134143,2.409023
2026-06-29T01:16:15,ul,ue4,2073270,2419948.0145784654,2.419948
2026-06-29T01:16:15,ul,ue5,2073998,2370784.128371284,2.370784
2026-06-29T01:16:15,ul,ue6,2074010,2359858.9051342485,2.359859
2026-06-29T01:16:15,ul,ue7,2074022,2447261.263491315,2.447261
2026-06-29T01:16:15,ul,ue8,2074034,2469111.709965385,2.469112
2026-06-29T01:16:15,ul,ue9,2074755,2376246.9308100627,2.376247
2026-06-29T01:16:15,ul,ue10,2074767,2447261.263491315,2.447261
2026-06-29T01:16:15,ul,ue11,2074779,2403560.179722912,2.403560
2026-06-29T01:16:15,ul,ue12,2074791,2436335.849434018,2.436336
2026-06-29T01:16:15,ul,ue13,2075524,2376246.9308100627,2.376247
2026-06-29T01:16:15,ul,ue14,2075536,2480036.9332024204,2.480037
2026-06-29T01:16:15,ul,ue15,2075548,2452723.684289571,2.452724
2026-06-29T01:16:15,ul,ue16,2075560,2365321.707573028,2.365322
2026-06-29T01:16:21,ul,cu_cp1,2072945,708896.863899528,0.708897
2026-06-29T01:16:21,ul,cu_up1,2072974,778624.3593111965,0.778624
2026-06-29T01:16:21,ul,cu_cp2,2072982,708896.863899528,0.708897
2026-06-29T01:16:21,ul,cu_up2,2073009,743760.6116053623,0.743761
2026-06-29T01:16:21,ul,du1,2073170,5950084.892842898,5.950085
2026-06-29T01:16:21,ul,du2,2073934,5950084.892842898,5.950085
2026-06-29T01:16:21,ul,du3,2074711,5903599.70717391,5.903600
2026-06-29T01:16:21,ul,du4,2075480,5845493.4138155505,5.845493
2026-06-29T01:16:21,ul,ue1,2073234,2417221.916944474,2.417222
2026-06-29T01:16:21,ul,ue2,2073246,2347494.3271688675,2.347494
2026-06-29T01:16:21,ul,ue3,2073258,2277766.926121137,2.277767
2026-06-29T01:16:21,ul,ue4,2073270,2463707.102613462,2.463707
2026-06-29T01:16:21,ul,ue5,2073998,2324251.9230622496,2.324252
2026-06-29T01:16:21,ul,ue6,2074010,2242903.036869396,2.242903
2026-06-29T01:16:21,ul,ue7,2074022,2277766.926121137,2.277767
2026-06-29T01:16:21,ul,ue8,2074034,2359115.6235861145,2.359116
2026-06-29T01:16:21,ul,ue9,2074755,2254524.333286643,2.254524
2026-06-29T01:16:21,ul,ue10,2074767,2382358.2164206086,2.382358
2026-06-29T01:16:21,ul,ue11,2074779,2335873.2194794966,2.335873
2026-06-29T01:16:21,ul,ue12,2074791,2266145.62970389,2.266146
2026-06-29T01:16:21,ul,ue13,2075524,2312630.6266450025,2.312631
2026-06-29T01:16:21,ul,ue14,2075536,2347494.3271688675,2.347494
2026-06-29T01:16:21,ul,ue15,2075548,2405600.620527227,2.405601
2026-06-29T01:16:21,ul,ue16,2075560,2242903.036869396,2.242903
2026-06-29T01:16:27,ul,cu_cp1,2072945,731150.8988704794,0.731151
2026-06-29T01:16:27,ul,cu_up1,2072974,805087.5740242285,0.805088
2026-06-29T01:16:27,ul,cu_cp2,2072982,731150.8988704794,0.731151
2026-06-29T01:16:27,ul,cu_up2,2073009,772226.7819015357,0.772227
2026-06-29T01:16:27,ul,du1,2073170,6054586.844168694,6.054587
2026-06-29T01:16:27,ul,du2,2073934,6342117.977776173,6.342118
2026-06-29T01:16:27,ul,du3,2074711,6054586.844168694,6.054587
2026-06-29T01:16:27,ul,du4,2075480,5997080.541271334,5.997081
2026-06-29T01:16:27,ul,ue1,2073234,2390617.0684682713,2.390617
2026-06-29T01:16:27,ul,ue2,2073246,2300250.021058134,2.300250
2026-06-29T01:16:27,ul,ue3,2073258,2349541.1378273,2.349541
2026-06-29T01:16:27,ul,ue4,2073270,2398832.2545964657,2.398832
2026-06-29T01:16:27,ul,ue5,2073998,2316680.3933145227,2.316680
2026-06-29T01:16:27,ul,ue6,2074010,2374186.696211883,2.374187
2026-06-29T01:16:27,ul,ue7,2074022,2456338.5574938264,2.456339
2026-06-29T01:16:27,ul,ue8,2074034,2464553.553182359,2.464554
2026-06-29T01:16:27,ul,ue9,2074755,2316680.3933145227,2.316680
2026-06-29T01:16:27,ul,ue10,2074767,2423477.622541387,2.423478
2026-06-29T01:16:27,ul,ue11,2074779,2357756.323955494,2.357756
2026-06-29T01:16:27,ul,ue12,2074791,2341325.9516991056,2.341326
2026-06-29T01:16:27,ul,ue13,2075524,2390617.0684682713,2.390617
2026-06-29T01:16:27,ul,ue14,2075536,2415262.6268528546,2.415263
2026-06-29T01:16:27,ul,ue15,2075548,2456338.5574938264,2.456339
2026-06-29T01:16:27,ul,ue16,2075560,2324895.5794427167,2.324896
2026-06-29T01:16:33,ul,cu_cp1,2072945,722564.3171455801,0.722564
2026-06-29T01:16:33,ul,cu_up1,2072974,799819.5962579619,0.799820
2026-06-29T01:16:33,ul,cu_cp2,2072982,740741.9961585259,0.740742
2026-06-29T01:16:33,ul,cu_up2,2073009,758919.7229405924,0.758920
2026-06-29T01:16:33,ul,du1,2073170,6144068.499576523,6.144068
2026-06-29T01:16:33,ul,du2,2073934,6312212.746983082,6.312213
2026-06-29T01:16:33,ul,du3,2074711,6239501.648778333,6.239502
2026-06-29T01:16:33,ul,du4,2075480,5948658.020265269,5.948658
2026-06-29T01:16:33,ul,ue1,2073234,2331292.4447062183,2.331292
2026-06-29T01:16:33,ul,ue2,2073246,2363103.2396715116,2.363103
2026-06-29T01:16:33,ul,ue3,2073258,2426725.402831546,2.426725
2026-06-29T01:16:33,ul,ue4,2073270,2390369.8537291717,2.390370
2026-06-29T01:16:33,ul,ue5,2073998,2385825.481745056,2.385825
2026-06-29T01:16:33,ul,ue6,2074010,2372192.174716226,2.372192
2026-06-29T01:16:33,ul,ue7,2074022,2444903.081844492,2.444903
2026-06-29T01:16:33,ul,ue8,2074034,2476714.067886268,2.476714
2026-06-29T01:16:33,ul,ue9,2074755,2413092.095802716,2.413092
2026-06-29T01:16:33,ul,ue10,2074767,2513069.616988642,2.513070
2026-06-29T01:16:33,ul,ue11,2074779,2426725.402831546,2.426725
2026-06-29T01:16:33,ul,ue12,2074791,2453991.8258127235,2.453992
2026-06-29T01:16:33,ul,ue13,2075524,2376736.5467003416,2.376737
2026-06-29T01:16:33,ul,ue14,2075536,2472169.695902152,2.472170
2026-06-29T01:16:33,ul,ue15,2075548,2381280.9186844574,2.381281
2026-06-29T01:16:33,ul,ue16,2075560,2358558.867687396,2.358559
2026-06-29T01:16:39,ul,cu_cp1,2072945,724147.9884532979,0.724148
2026-06-29T01:16:39,ul,cu_up1,2072974,776900.5003917825,0.776901
2026-06-29T01:16:39,ul,cu_cp2,2072982,738535.0241662946,0.738535
2026-06-29T01:16:39,ul,cu_up2,2073009,752922.107536788,0.752922
2026-06-29T01:16:39,ul,du1,2073170,6186429.931708267,6.186430
2026-06-29T01:16:39,ul,du2,2073934,6162451.348223286,6.162451
2026-06-29T01:16:39,ul,du3,2074711,6143268.63393929,6.143269
2026-06-29T01:16:39,ul,du4,2075480,6056946.800921283,6.056947
2026-06-29T01:16:39,ul,ue1,2073234,2330701.5011753477,2.330702
2026-06-29T01:16:39,ul,ue2,2073246,2378658.2868853365,2.378658
2026-06-29T01:16:39,ul,ue3,2073258,2393045.3225983335,2.393045
2026-06-29T01:16:39,ul,ue4,2073270,2388249.6440273346,2.388250
2026-06-29T01:16:39,ul,ue5,2073998,2369066.929743339,2.369067
2026-06-29T01:16:39,ul,ue6,2074010,2340292.8583173454,2.340293
2026-06-29T01:16:39,ul,ue7,2074022,2445797.9775093077,2.445798
2026-06-29T01:16:39,ul,ue8,2074034,2407432.35831133,2.407432
2026-06-29T01:16:39,ul,ue9,2074755,2388249.6440273346,2.388250
2026-06-29T01:16:39,ul,ue10,2074767,2431410.941796311,2.431411
2026-06-29T01:16:39,ul,ue11,2074779,2469776.3703643023,2.469776
2026-06-29T01:16:39,ul,ue12,2074791,2407432.35831133,2.407432
2026-06-29T01:16:39,ul,ue13,2075524,2445797.9775093077,2.445798
2026-06-29T01:16:39,ul,ue14,2075536,2503346.1203612946,2.503346
2026-06-29T01:16:39,ul,ue15,2075548,2460185.0132223046,2.460185
2026-06-29T01:16:39,ul,ue16,2075560,2359475.572601341,2.359476
2026-06-29T01:16:45,ul,cu_cp1,2072945,729482.2645987519,0.729482
2026-06-29T01:16:45,ul,cu_up1,2072974,783921.2873049172,0.783921
2026-06-29T01:16:45,ul,cu_cp2,2072982,729482.2645987519,0.729482
2026-06-29T01:16:45,ul,cu_up2,2073009,762145.6973168948,0.762146
2026-06-29T01:16:45,ul,du1,2073170,6053614.207614677,6.053614
2026-06-29T01:16:45,ul,du2,2073934,6129828.9157810835,6.129829
2026-06-29T01:16:45,ul,du3,2074711,6097165.578535158,6.097166
2026-06-29T01:16:45,ul,du4,2075480,6075390.2749637915,6.075390
2026-06-29T01:16:45,ul,ue1,2073234,2362651.5614365446,2.362652
2026-06-29T01:16:45,ul,ue2,2073246,2362651.5614365446,2.362652
2026-06-29T01:16:45,ul,ue3,2073258,2400758.915519748,2.400759
2026-06-29T01:16:45,ul,ue4,2073270,2389871.072789627,2.389871
2026-06-29T01:16:45,ul,ue5,2073998,2368095.3873293865,2.368095
2026-06-29T01:16:45,ul,ue6,2074010,2324544.2073533414,2.324544
2026-06-29T01:16:45,ul,ue7,2074022,2438866.078658514,2.438866
2026-06-29T01:16:45,ul,ue8,2074034,2466085.7809560336,2.466086
2026-06-29T01:16:45,ul,ue9,2074755,2357207.7355437027,2.357208
2026-06-29T01:16:45,ul,ue10,2074767,2449754.1123330714,2.449754
2026-06-29T01:16:45,ul,ue11,2074779,2400758.915519748,2.400759
2026-06-29T01:16:45,ul,ue12,2074791,2395315.089626906,2.395315
2026-06-29T01:16:45,ul,ue13,2075524,2389871.072789627,2.389871
2026-06-29T01:16:45,ul,ue14,2075536,2487861.2754718377,2.487861
2026-06-29T01:16:45,ul,ue15,2075548,2487861.2754718377,2.487861
2026-06-29T01:16:45,ul,ue16,2075560,2411646.758249868,2.411647
2026-06-29T01:16:50,ul,cu_cp1,2072945,736422.0661645675,0.736422
2026-06-29T01:16:50,ul,cu_up1,2072974,786348.987509746,0.786349
2026-06-29T01:16:50,ul,cu_cp2,2072982,698976.8988324988,0.698977
2026-06-29T01:16:50,ul,cu_up2,2073009,748903.8201776773,0.748904
2026-06-29T01:16:50,ul,du1,2073170,5928821.507234087,5.928822
2026-06-29T01:16:50,ul,du2,2073934,6253346.543331377,6.253347
2026-06-29T01:16:50,ul,du3,2074711,5941303.166539936,5.941303
2026-06-29T01:16:50,ul,du4,2075480,5866412.831875798,5.866413
2026-06-29T01:16:50,ul,ue1,2073234,2421455.5431802655,2.421456
2026-06-29T01:16:50,ul,ue2,2073246,2346565.208516128,2.346565
2026-06-29T01:16:50,ul,ue3,2073258,2371528.527127826,2.371529
2026-06-29T01:16:50,ul,ue4,2073270,2471382.369818183,2.471382
2026-06-29T01:16:50,ul,ue5,2073998,2359046.867821977,2.359047
2026-06-29T01:16:50,ul,ue6,2074010,2296638.192463689,2.296638
2026-06-29T01:16:50,ul,ue7,2074022,2359046.867821977,2.359047
2026-06-29T01:16:50,ul,ue8,2074034,2483864.218538554,2.483864
2026-06-29T01:16:50,ul,ue9,2074755,2271674.873851991,2.271675
2026-06-29T01:16:50,ul,ue10,2074767,2421455.5431802655,2.421456
2026-06-29T01:16:50,ul,ue11,2074779,2384010.375848197,2.384010
2026-06-29T01:16:50,ul,ue12,2074791,2296638.192463689,2.296638
2026-06-29T01:16:50,ul,ue13,2075524,2371528.527127826,2.371529
2026-06-29T01:16:50,ul,ue14,2075536,2359046.867821977,2.359047
2026-06-29T01:16:50,ul,ue15,2075548,2433937.2024861146,2.433937
2026-06-29T01:16:50,ul,ue16,2075560,2246711.365825771,2.246711
2026-06-29T01:16:56,ul,cu_cp1,2072945,756882.628236115,0.756883
2026-06-29T01:16:56,ul,cu_up1,2072974,802477.9512194109,0.802478
2026-06-29T01:16:56,ul,cu_cp2,2072982,820716.0701545215,0.820716
2026-06-29T01:16:56,ul,cu_up2,2073009,811597.0363324857,0.811597
2026-06-29T01:16:56,ul,du1,2073170,6419823.609755287,6.419824
2026-06-29T01:16:56,ul,du2,2073934,6438062.2928918265,6.438062
2026-06-29T01:16:56,ul,du3,2074711,6301276.067486744,6.301276
2026-06-29T01:16:56,ul,du4,2075480,6410704.883679485,6.410705
2026-06-29T01:16:56,ul,ue1,2073234,2462148.3643366816,2.462148
2026-06-29T01:16:56,ul,ue2,2073246,2453029.2279325677,2.453029
2026-06-29T01:16:56,ul,ue3,2073258,2425672.023884382,2.425672
2026-06-29T01:16:56,ul,ue4,2073270,2525981.7036730098,2.525982
2026-06-29T01:16:56,ul,ue5,2073998,2425672.023884382,2.425672
2026-06-29T01:16:56,ul,ue6,2074010,2398314.819836197,2.398315
2026-06-29T01:16:56,ul,ue7,2074022,2507743.6360289385,2.507744
2026-06-29T01:16:56,ul,ue8,2074034,2489505.363220711,2.489505
2026-06-29T01:16:56,ul,ue9,2074755,2389195.683432083,2.389196
2026-06-29T01:16:56,ul,ue10,2074767,2498624.4996248246,2.498624
2026-06-29T01:16:56,ul,ue11,2074779,2316243.207691641,2.316243
2026-06-29T01:16:56,ul,ue12,2074791,2453029.2279325677,2.453029
2026-06-29T01:16:56,ul,ue13,2075524,2516862.567268896,2.516863
2026-06-29T01:16:56,ul,ue14,2075536,2507743.6360289385,2.507744
2026-06-29T01:16:56,ul,ue15,2075548,2626291.5886257933,2.626292
2026-06-29T01:16:56,ul,ue16,2075560,2434791.160288496,2.434791
2026-06-29T01:17:03,ul,cu_cp1,2072945,734358.6930010003,0.734359
2026-06-29T01:17:03,ul,cu_up1,2072974,804076.2634245774,0.804076
2026-06-29T01:17:03,ul,cu_cp2,2072982,776189.2250930279,0.776189
2026-06-29T01:17:03,ul,cu_up2,2073009,771541.3769026708,0.771541
2026-06-29T01:17:03,ul,du1,2073170,6242048.83969791,6.242049
2026-06-29T01:17:03,ul,du2,2073934,6135148.636183254,6.135149
2026-06-29T01:17:03,ul,du3,2074711,6395427.728358507,6.395428
2026-06-29T01:17:03,ul,du4,2075480,6376835.929112334,6.376836
2026-06-29T01:17:03,ul,ue1,2073234,2454059.373176353,2.454059
2026-06-29T01:17:03,ul,ue2,2073246,2361102.6126115834,2.361103
2026-06-29T01:17:03,ul,ue3,2073258,2388989.701753726,2.388990
2026-06-29T01:17:03,ul,ue4,2073270,2528424.7409796943,2.528425
2026-06-29T01:17:03,ul,ue5,2073998,2323920.030331099,2.323920
2026-06-29T01:17:03,ul,ue6,2074010,2319272.0805195556,2.319272
2026-06-29T01:17:03,ul,ue7,2074022,2393637.448322897,2.393637
2026-06-29T01:17:03,ul,ue8,2074034,2468003.0193686103,2.468003
2026-06-29T01:17:03,ul,ue9,2074755,2412228.841084325,2.412229
2026-06-29T01:17:03,ul,ue10,2074767,2537720.4373604083,2.537720
2026-06-29T01:17:03,ul,ue11,2074779,2412228.841084325,2.412229
2026-06-29T01:17:03,ul,ue12,2074791,2477298.5125069525,2.477299
2026-06-29T01:17:03,ul,ue13,2075524,2505185.601649095,2.505186
2026-06-29T01:17:03,ul,ue14,2075536,2509833.551460638,2.509834
2026-06-29T01:17:03,ul,ue15,2075548,2579551.1726948083,2.579551
2026-06-29T01:17:03,ul,ue16,2075560,2375046.0555614685,2.375046
2026-06-29T01:17:09,ul,cu_cp1,2072945,754887.148632352,0.754887
2026-06-29T01:17:09,ul,cu_up1,2072974,794358.3060752318,0.794358
2026-06-29T01:17:09,ul,cu_cp2,2072982,789424.4113948718,0.789424
2026-06-29T01:17:09,ul,cu_up2,2073009,740085.3635882899,0.740085
2026-06-29T01:17:09,ul,du1,2073170,6349932.6549244765,6.349933
2026-06-29T01:17:09,ul,du2,2073934,6187113.827463651,6.187114
2026-06-29T01:17:09,ul,du3,2074711,6162444.455064833,6.162444
2026-06-29T01:17:09,ul,du4,2075480,6147642.670020771,6.147643
2026-06-29T01:17:09,ul,ue1,2073234,2654439.580158913,2.654440
2026-06-29T01:17:09,ul,ue2,2073246,2254793.4040288804,2.254793
2026-06-29T01:17:09,ul,ue3,2073258,2511356.5334254922,2.511357
2026-06-29T01:17:09,ul,ue4,2073270,2674175.158880353,2.674175
2026-06-29T01:17:09,ul,ue5,2073998,2111710.3572954596,2.111710
2026-06-29T01:17:09,ul,ue6,2074010,2309066.346515822,2.309066
2026-06-29T01:17:09,ul,ue7,2074022,2664307.5715255975,2.664308
2026-06-29T01:17:09,ul,ue8,2074034,2753117.4737661122,2.753117
2026-06-29T01:17:09,ul,ue9,2074755,2392942.8590908884,2.392943
2026-06-29T01:17:09,ul,ue10,2074767,2486686.95902071,2.486687
2026-06-29T01:17:09,ul,ue11,2074779,2328802.127243227,2.328802
2026-06-29T01:17:09,ul,ue12,2074791,2392942.8590908884,2.392943
2026-06-29T01:17:09,ul,ue13,2075524,2550827.6908683716,2.550828
2026-06-29T01:17:09,ul,ue14,2075536,2511356.5334254922,2.511357
2026-06-29T01:17:09,ul,ue15,2075548,2610034.4270326914,2.610034
2026-06-29T01:17:09,ul,ue16,2075560,2230123.8296240987,2.230124
2026-06-29T01:17:15,ul,cu_cp1,2072945,764813.8893370664,0.764814
2026-06-29T01:17:15,ul,cu_up1,2072974,770479.263730107,0.770479
2026-06-29T01:17:15,ul,cu_cp2,2072982,770479.263730107,0.770479
2026-06-29T01:17:15,ul,cu_up2,2073009,736487.4714130354,0.736487
2026-06-29T01:17:15,ul,du1,2073170,6339457.638634949,6.339458
2026-06-29T01:17:15,ul,du2,2073934,6146837.633518601,6.146838
2026-06-29T01:17:15,ul,du3,2074711,6197825.448116755,6.197825
2026-06-29T01:17:15,ul,du4,2075480,6254478.485760894,6.254478
2026-06-29T01:17:15,ul,ue1,2073234,2640024.4106357456,2.640024
2026-06-29T01:17:15,ul,ue2,2073246,2215127.839081166,2.215128
2026-06-29T01:17:15,ul,ue3,2073258,2589036.7978336667,2.589037
2026-06-29T01:17:15,ul,ue4,2073270,2657020.281569772,2.657020
2026-06-29T01:17:15,ul,ue5,2073998,2101821.9655889655,2.101822
2026-06-29T01:17:15,ul,ue6,2074010,2096156.742542982,2.096157
2026-06-29T01:17:15,ul,ue7,2074022,2775991.3781079557,2.775991
2026-06-29T01:17:15,ul,ue8,2074034,2832644.2139560175,2.832644
2026-06-29T01:17:15,ul,ue9,2074755,2322768.2877313066,2.322768
2026-06-29T01:17:15,ul,ue10,2074767,2543714.4080775715,2.543714
2026-06-29T01:17:15,ul,ue11,2074779,2424743.513335464,2.424744
2026-06-29T01:17:15,ul,ue12,2074791,2487061.5722295092,2.487062
2026-06-29T01:17:15,ul,ue13,2075524,2640024.4106357456,2.640024
2026-06-29T01:17:15,ul,ue14,2075536,2617363.316655736,2.617363
2026-06-29T01:17:15,ul,ue15,2075548,2758995.305377853,2.758995
2026-06-29T01:17:15,ul,ue16,2075560,2130148.4844110347,2.130148
2026-06-29T01:17:20,ul,cu_cp1,2072945,779905.0076553128,0.779905
2026-06-29T01:17:20,ul,cu_up1,2072974,766906.5767373311,0.766907
2026-06-29T01:17:20,ul,cu_cp2,2072982,779905.0076553128,0.779905
2026-06-29T01:17:20,ul,cu_up2,2073009,688916.0909263337,0.688916
2026-06-29T01:17:20,ul,du1,2073170,6109256.051153362,6.109256
2026-06-29T01:17:20,ul,du2,2073934,6135252.613898649,6.135253
2026-06-29T01:17:20,ul,du3,2074711,6031265.565342364,6.031266
2026-06-29T01:17:20,ul,du4,2075480,6109256.051153362,6.109256
2026-06-29T01:17:20,ul,ue1,2073234,2495696.144133271,2.495696
2026-06-29T01:17:20,ul,ue2,2073246,2079746.5541516447,2.079747
2026-06-29T01:17:20,ul,ue3,2073258,2417705.4589284896,2.417705
2026-06-29T01:17:20,ul,ue4,2073270,2586684.911316912,2.586685
2026-06-29T01:17:20,ul,ue5,2073998,2118741.996450927,2.118742
2026-06-29T01:17:20,ul,ue6,2074010,2079746.5541516447,2.079747
2026-06-29T01:17:20,ul,ue7,2074022,2794659.606610833,2.794660
2026-06-29T01:17:20,ul,ue8,2074034,2820656.5681436886,2.820657
2026-06-29T01:17:20,ul,ue9,2074755,2053749.9914063574,2.053750
2026-06-29T01:17:20,ul,ue10,2074767,2586684.911316912,2.586685
2026-06-29T01:17:20,ul,ue11,2074779,2443702.4204613445,2.443702
2026-06-29T01:17:20,ul,ue12,2074791,2456700.7018339885,2.456701
2026-06-29T01:17:20,ul,ue13,2075524,2495696.144133271,2.495696
2026-06-29T01:17:20,ul,ue14,2075536,2573686.4305504845,2.573686
2026-06-29T01:17:20,ul,ue15,2075548,2612681.872849767,2.612682
2026-06-29T01:17:20,ul,ue16,2075560,2053749.9914063574,2.053750
2026-06-29T01:17:27,ul,cu_cp1,2072945,789287.7837020472,0.789288
2026-06-29T01:17:27,ul,cu_up1,2072974,771550.994884395,0.771551
2026-06-29T01:17:27,ul,cu_cp2,2072982,798156.2538127095,0.798156
2026-06-29T01:17:27,ul,cu_up2,2073009,753814.2060667429,0.753814
2026-06-29T01:17:27,ul,du1,2073170,6402986.062300966,6.402986
2026-06-29T01:17:27,ul,du2,2073934,6216750.259160581,6.216750
2026-06-29T01:17:27,ul,du3,2074711,6181276.176846368,6.181276
2026-06-29T01:17:27,ul,du4,2075480,6243354.912474206,6.243355
2026-06-29T01:17:27,ul,ue1,2073234,2598441.9085429646,2.598442
2026-06-29T01:17:27,ul,ue2,2073246,2146153.3142478717,2.146153
2026-06-29T01:17:27,ul,ue3,2073258,2545231.5925578987,2.545232
2026-06-29T01:17:27,ul,ue4,2073270,2616178.7478285073,2.616179
2026-06-29T01:17:27,ul,ue5,2073998,2092942.7963912426,2.092943
2026-06-29T01:17:27,ul,ue6,2074010,2075206.158977263,2.075206
2026-06-29T01:17:27,ul,ue7,2074022,2766941.478012496,2.766941
2026-06-29T01:17:27,ul,ue8,2074034,2873362.3118541907,2.873362
2026-06-29T01:17:27,ul,ue9,2074755,2155021.7338906433,2.155022
2026-06-29T01:17:27,ul,ue10,2074767,2687125.903099116,2.687126
2026-06-29T01:17:27,ul,ue11,2074779,2580705.0692574214,2.580705
2026-06-29T01:17:27,ul,ue12,2074791,2580705.0692574214,2.580705
2026-06-29T01:17:27,ul,ue13,2075524,2616178.7478285073,2.616179
2026-06-29T01:17:27,ul,ue14,2075536,2642783.804885259,2.642784
2026-06-29T01:17:27,ul,ue15,2075548,2651652.4263995932,2.651652
2026-06-29T01:17:27,ul,ue16,2075560,2128416.676833892,2.128417
2026-06-29T01:17:33,ul,cu_cp1,2072945,764324.8853247595,0.764325
2026-06-29T01:17:33,ul,cu_up1,2072974,755116.1147776496,0.755116
2026-06-29T01:17:33,ul,cu_cp2,2072982,750511.7790216005,0.750512
2026-06-29T01:17:33,ul,cu_up2,2073009,750511.7790216005,0.750512
2026-06-29T01:17:33,ul,du1,2073170,6280355.962095938,6.280356
2026-06-29T01:17:33,ul,du2,2073934,6183664.515078859,6.183665
2026-06-29T01:17:33,ul,du3,2074711,6234312.6045354465,6.234313
2026-06-29T01:17:33,ul,du4,2075480,6225103.9330233475,6.225104
2026-06-29T01:17:33,ul,ue1,2073234,2504775.487242701,2.504775
2026-06-29T01:17:33,ul,ue2,2073246,2108800.0373121738,2.108800
2026-06-29T01:17:33,ul,ue3,2073258,2509379.82299875,2.509380
2026-06-29T01:17:33,ul,ue4,2073270,2537006.0356050683,2.537006
2026-06-29T01:17:33,ul,ue5,2073998,2164052.46252481,2.164052
2026-06-29T01:17:33,ul,ue6,2074010,2136426.051848469,2.136426
2026-06-29T01:17:33,ul,ue7,2074022,2868520.388810861,2.868520
2026-06-29T01:17:33,ul,ue8,2074034,2942190.355117717,2.942190
2026-06-29T01:17:33,ul,ue9,2074755,2122613.0445803213,2.122613
2026-06-29T01:17:33,ul,ue10,2074767,2647511.0841003633,2.647511
2026-06-29T01:17:33,ul,ue11,2074779,2537006.0356050683,2.537006
2026-06-29T01:17:33,ul,ue12,2074791,2564632.248211386,2.564632
2026-06-29T01:17:33,ul,ue13,2075524,2615280.3376679732,2.615280
2026-06-29T01:17:33,ul,ue14,2075536,2610675.803841901,2.610676
2026-06-29T01:17:33,ul,ue15,2075548,2647511.0841003633,2.647511
2026-06-29T01:17:33,ul,ue16,2075560,2099591.3658000757,2.099591
2026-06-29T01:17:39,ul,cu_cp1,2072945,755255.3422589457,0.755255
2026-06-29T01:17:39,ul,cu_up1,2072974,712234.4895619306,0.712234
2026-06-29T01:17:39,ul,cu_cp2,2072982,726574.757821878,0.726575
2026-06-29T01:17:39,ul,cu_up2,2073009,750475.2688113543,0.750475
2026-06-29T01:17:39,ul,du1,2073170,6065943.4407297345,6.065943
2026-06-29T01:17:39,ul,du2,2073934,6161545.48468764,6.161545
2026-06-29T01:17:39,ul,du3,2074711,6027702.469811618,6.027702
2026-06-29T01:17:39,ul,du4,2075480,6065943.4407297345,6.065943
2026-06-29T01:17:39,ul,ue1,2073234,2552572.1586505543,2.552572
2026-06-29T01:17:39,ul,ue2,2073246,2122363.1525086714,2.122363
2026-06-29T01:17:39,ul,ue3,2073258,2480870.4340134324,2.480870
2026-06-29T01:17:39,ul,ue4,2073270,2605153.0144912326,2.605153
2026-06-29T01:17:39,ul,ue5,2073998,2170164.1744876243,2.170164
2026-06-29T01:17:39,ul,ue6,2074010,2084122.3732592475,2.084122
2026-06-29T01:17:39,ul,ue7,2074022,2801136.9362687697,2.801137
2026-06-29T01:17:39,ul,ue8,2074034,2958880.2704655756,2.958880
2026-06-29T01:17:39,ul,ue9,2074755,2112803.101447835,2.112803
2026-06-29T01:17:39,ul,ue10,2074767,2648174.0109397676,2.648174
2026-06-29T01:17:39,ul,ue11,2074779,2504770.945002909,2.504771
2026-06-29T01:17:39,ul,ue12,2074791,2552572.1586505543,2.552572
2026-06-29T01:17:39,ul,ue13,2075524,2590812.7462312854,2.590813
2026-06-29T01:17:39,ul,ue14,2075536,2648174.0109397676,2.648174
2026-06-29T01:17:39,ul,ue15,2075548,2667294.11306144,2.667294
2026-06-29T01:17:39,ul,ue16,2075560,2108022.884248724,2.108023
