timestamp,phase,component,pid,microwatts,watts
2026-06-29T19:23:50,idle,cu_cp1,2568465,337390.67803046224,0.337391
2026-06-29T19:23:50,idle,cu_up1,2568492,344006.166905033,0.344006
2026-06-29T19:23:50,idle,cu_cp2,2568519,347313.92625086545,0.347314
2026-06-29T19:23:50,idle,cu_up2,2568527,344006.166905033,0.344006
2026-06-29T19:23:50,idle,du1,2568709,2933975.830907202,2.933976
2026-06-29T19:23:50,idle,du2,2569477,2986899.7419037675,2.986900
2026-06-29T19:23:50,idle,ue1,2568755,856707.7324594855,0.856708
2026-06-29T19:23:50,idle,ue2,2568767,850092.1541336322,0.850092
2026-06-29T19:23:50,idle,ue3,2568779,853399.8836623705,0.853400
2026-06-29T19:23:50,idle,ue4,2568791,846784.4246048939,0.846784
2026-06-29T19:23:50,idle,ue5,2569540,850092.1541336322,0.850092
2026-06-29T19:23:50,idle,ue6,2569552,840168.905913229,0.840169
2026-06-29T19:23:50,idle,ue7,2569564,850092.1541336322,0.850092
2026-06-29T19:23:50,idle,ue8,2569576,810399.1612520195,0.810399
2026-06-29T19:23:55,idle,cu_cp1,2568465,352650.93392139045,0.352651
2026-06-29T19:23:55,idle,cu_up1,2568492,344449.74453035207,0.344450
2026-06-29T19:23:55,idle,cu_cp2,2568519,336248.5551393136,0.336249
2026-06-29T19:23:55,idle,cu_up2,2568527,336248.5551393136,0.336249
2026-06-29T19:23:55,idle,du1,2568709,2952426.5016277386,2.952427
2026-06-29T19:23:55,idle,du2,2569477,3157456.236403699,3.157456
2026-06-29T19:23:55,idle,ue1,2568755,861124.4063030076,0.861124
2026-06-29T19:23:55,idle,ue2,2568767,820118.4593478155,0.820118
2026-06-29T19:23:55,idle,ue3,2568779,852923.2169119692,0.852923
2026-06-29T19:23:55,idle,ue4,2568791,787313.7617531652,0.787314
2026-06-29T19:23:55,idle,ue5,2569540,828319.648738854,0.828320
2026-06-29T19:23:55,idle,ue6,2569552,861124.4063030076,0.861124
2026-06-29T19:23:55,idle,ue7,2569564,852923.2169119692,0.852923
2026-06-29T19:23:55,idle,ue8,2569576,787313.7617531652,0.787314
2026-06-29T19:24:01,idle,cu_cp1,2568465,335469.60519635084,0.335470
2026-06-29T19:24:01,idle,cu_up1,2568492,348888.39540766773,0.348888
2026-06-29T19:24:01,idle,cu_cp2,2568519,342179.0153106666,0.342179
2026-06-29T19:24:01,idle,cu_up2,2568527,355597.77550466894,0.355598
2026-06-29T19:24:01,idle,du1,2568709,3046063.907120533,3.046064
2026-06-29T19:24:01,idle,du2,2569477,3012517.0366528416,3.012517
2026-06-29T19:24:01,idle,ue1,2568755,858802.2133165097,0.858802
2026-06-29T19:24:01,idle,ue2,2568767,798417.7023915553,0.798418
2026-06-29T19:24:01,idle,ue3,2568779,878930.3235901988,0.878930
2026-06-29T19:24:01,idle,ue4,2568791,778289.4720486081,0.778289
2026-06-29T19:24:01,idle,ue5,2569540,838674.0430081916,0.838674
2026-06-29T19:24:01,idle,ue6,2569552,858802.2133165097,0.858802
2026-06-29T19:24:01,idle,ue7,2569564,858802.2133165097,0.858802
2026-06-29T19:24:01,idle,ue8,2569576,818545.8126652443,0.818546
2026-06-29T19:24:06,idle,cu_cp1,2568465,343448.10414850205,0.343448
2026-06-29T19:24:06,idle,cu_up1,2568492,349078.41277288017,0.349078
2026-06-29T19:24:06,idle,cu_cp2,2568519,343448.10414850205,0.343448
2026-06-29T19:24:06,idle,cu_up2,2568527,349078.41277288017,0.349078
2026-06-29T19:24:06,idle,du1,2568709,3062881.394214628,3.062881
2026-06-29T19:24:06,idle,du2,2569477,3023469.3240863015,3.023469
2026-06-29T19:24:06,idle,ue1,2568755,793871.8615947742,0.793872
2026-06-29T19:24:06,idle,ue2,2568767,850174.7673539143,0.850175
2026-06-29T19:24:06,idle,ue3,2568779,872696.0018514269,0.872696
2026-06-29T19:24:06,idle,ue4,2568791,861435.3244411236,0.861435
2026-06-29T19:24:06,idle,ue5,2569540,850174.7673539143,0.850175
2026-06-29T19:24:06,idle,ue6,2569552,867065.7233078224,0.867066
2026-06-29T19:24:06,idle,ue7,2569564,850174.7673539143,0.850175
2026-06-29T19:24:06,idle,ue8,2569576,867065.7233078224,0.867066
2026-06-29T19:24:12,idle,cu_cp1,2568465,330151.5981284338,0.330152
2026-06-29T19:24:12,idle,cu_up1,2568492,344717.10892780125,0.344717
2026-06-29T19:24:12,idle,cu_cp2,2568519,339861.95867078425,0.339862
2026-06-29T19:24:12,idle,cu_up2,2568527,344717.10892780125,0.344717
2026-06-29T19:24:12,idle,du1,2568709,2990785.0442122887,2.990785
2026-06-29T19:24:12,idle,du2,2569477,3005350.555011656,3.005351
2026-06-29T19:24:12,idle,ue1,2568755,839944.5361346102,0.839945
2026-06-29T19:24:12,idle,ue2,2568767,830234.1755922597,0.830234
2026-06-29T19:24:12,idle,ue3,2568779,820523.8750782257,0.820524
2026-06-29T19:24:12,idle,ue4,2568791,839944.5361346102,0.839945
2026-06-29T19:24:12,idle,ue5,2569540,835089.3858775932,0.835089
2026-06-29T19:24:12,idle,ue6,2569552,864220.3474480116,0.864220
2026-06-29T19:24:12,idle,ue7,2569564,854510.0469339776,0.854510
2026-06-29T19:24:12,idle,ue8,2569576,864220.3474480116,0.864220
2026-06-29T19:24:17,idle,cu_cp1,2568465,337882.44496102986,0.337882
2026-06-29T19:24:17,idle,cu_up1,2568492,347014.4264737922,0.347014
2026-06-29T19:24:17,idle,cu_cp2,2568519,353102.40413734433,0.353102
2026-06-29T19:24:17,idle,cu_up2,2568527,337882.44496102986,0.337882
2026-06-29T19:24:17,idle,du1,2568709,3047030.16252203,3.047030
2026-06-29T19:24:17,idle,du2,2569477,3040942.2148933457,3.040942
2026-06-29T19:24:17,idle,ue1,2568755,837096.1628492856,0.837096
2026-06-29T19:24:17,idle,ue2,2568767,849272.11817639,0.849272
2026-06-29T19:24:17,idle,ue3,2568779,800568.3569377088,0.800568
2026-06-29T19:24:17,idle,ue4,2568791,843184.1705477058,0.843184
2026-06-29T19:24:17,idle,ue5,2569540,837096.1628492856,0.837096
2026-06-29T19:24:17,idle,ue6,2569552,855360.1258748103,0.855360
2026-06-29T19:24:17,idle,ue7,2569564,855360.1258748103,0.855360
2026-06-29T19:24:17,idle,ue8,2569576,858404.1597588885,0.858404
2026-06-29T19:24:23,idle,cu_cp1,2568465,344817.7250764495,0.344818
2026-06-29T19:24:23,idle,cu_up1,2568492,338714.7301881659,0.338715
2026-06-29T19:24:23,idle,cu_cp2,2568519,344817.7250764495,0.344818
2026-06-29T19:24:23,idle,cu_up2,2568527,341766.2426435357,0.341766
2026-06-29T19:24:23,idle,du1,2568709,3078947.456067543,3.078947
2026-06-29T19:24:23,idle,du2,2569477,3066741.526335888,3.066742
2026-06-29T19:24:23,idle,ue1,2568755,848312.5366644156,0.848313
2026-06-29T19:24:23,idle,ue2,2568767,851364.0791422415,0.851364
2026-06-29T19:24:23,idle,ue3,2568779,830003.702111845,0.830004
2026-06-29T19:24:23,idle,ue4,2568791,830003.702111845,0.830004
2026-06-29T19:24:23,idle,ue5,2569540,805591.8426485348,0.805592
2026-06-29T19:24:23,idle,ue6,2569552,842209.6318435002,0.842210
2026-06-29T19:24:23,idle,ue7,2569564,866621.4913068104,0.866621
2026-06-29T19:24:23,idle,ue8,2569576,860518.5264409828,0.860519
2026-06-29T19:24:28,idle,cu_cp1,2568465,338625.2929460907,0.338625
2026-06-29T19:24:28,idle,cu_up1,2568492,347777.32058200834,0.347777
2026-06-29T19:24:28,idle,cu_cp2,2568519,347777.32058200834,0.347777
2026-06-29T19:24:28,idle,cu_up2,2568527,344726.6246724701,0.344727
2026-06-29T19:24:28,idle,du1,2568709,3062881.025923462,3.062881
2026-06-29T19:24:28,idle,du2,2569477,2989664.564465332,2.989665
2026-06-29T19:24:28,idle,ue1,2568755,857240.6530254364,0.857241
2026-06-29T19:24:28,idle,ue2,2568767,863341.9246591186,0.863342
2026-06-29T19:24:28,idle,ue3,2568779,869443.3164781951,0.869443
2026-06-29T19:24:28,idle,ue4,2568791,820632.4222963714,0.820632
2026-06-29T19:24:28,idle,ue5,2569540,841987.2035240936,0.841987
2026-06-29T19:24:28,idle,ue6,2569552,808429.7588436126,0.808430
2026-06-29T19:24:28,idle,ue7,2569564,872493.9222486877,0.872494
2026-06-29T19:24:28,idle,ue8,2569576,884696.7058868408,0.884697
2026-06-29T19:24:34,idle,cu_cp1,2568465,345806.8463240558,0.345807
2026-06-29T19:24:34,idle,cu_up1,2568492,345806.8463240558,0.345807
2026-06-29T19:24:34,idle,cu_cp2,2568519,342575.01422167005,0.342575
2026-06-29T19:24:34,idle,cu_up2,2568527,349038.67842644156,0.349039
2026-06-29T19:24:34,idle,du1,2568709,3057320.50122664,3.057321
2026-06-29T19:24:34,idle,du2,2569477,3060552.2732276344,3.060552
2026-06-29T19:24:34,idle,ue1,2568755,817655.5052495026,0.817656
2026-06-29T19:24:34,idle,ue2,2568767,862901.2147842944,0.862901
2026-06-29T19:24:34,idle,ue3,2568779,879060.4353976143,0.879060
2026-06-29T19:24:34,idle,ue4,2568791,801496.2846361828,0.801496
2026-06-29T19:24:34,idle,ue5,2569540,846741.9941709745,0.846742
2026-06-29T19:24:34,idle,ue6,2569552,840278.390067594,0.840278
2026-06-29T19:24:34,idle,ue7,2569564,866133.0468866802,0.866133
2026-06-29T19:24:34,idle,ue8,2569576,862901.2147842944,0.862901
2026-06-29T19:24:39,idle,cu_cp1,2568465,340243.1225356987,0.340243
2026-06-29T19:24:39,idle,cu_up1,2568492,346914.54863988014,0.346915
2026-06-29T19:24:39,idle,cu_cp2,2568519,340243.1225356987,0.340243
2026-06-29T19:24:39,idle,cu_up2,2568527,350250.2917860052,0.350250
2026-06-29T19:24:39,idle,du1,2568709,3082202.3510397985,3.082202
2026-06-29T19:24:39,idle,du2,2569477,3108888.055456524,3.108888
2026-06-29T19:24:39,idle,ue1,2568755,837264.9089898324,0.837265
2026-06-29T19:24:39,idle,ue2,2568767,853943.5043443203,0.853944
2026-06-29T19:24:39,idle,ue3,2568779,863950.7337826955,0.863951
2026-06-29T19:24:39,idle,ue4,2568791,770550.5877599496,0.770551
2026-06-29T19:24:39,idle,ue5,2569540,837264.9089898324,0.837265
2026-06-29T19:24:39,idle,ue6,2569552,853943.5043443203,0.853944
2026-06-29T19:24:39,idle,ue7,2569564,837264.9089898324,0.837265
2026-06-29T19:24:39,idle,ue8,2569576,847272.1384282076,0.847272
2026-06-29T19:24:44,idle,cu_cp1,2568465,341970.986186403,0.341971
2026-06-29T19:24:44,idle,cu_up1,2568492,348676.3215522212,0.348676
2026-06-29T19:24:44,idle,cu_cp2,2568519,348676.3215522212,0.348676
2026-06-29T19:24:44,idle,cu_up2,2568527,352028.97413417994,0.352029
2026-06-29T19:24:44,idle,du1,2568709,3094502.4406064274,3.094502
2026-06-29T19:24:44,idle,du2,2569477,3077738.9360814285,3.077739
2026-06-29T19:24:44,idle,ue1,2568755,851574.8430859494,0.851575
2026-06-29T19:24:44,idle,ue2,2568767,824753.6224302793,0.824754
2026-06-29T19:24:44,idle,ue3,2568779,858280.1482498669,0.858280
2026-06-29T19:24:44,idle,ue4,2568791,841516.8853400731,0.841517
2026-06-29T19:24:44,idle,ue5,2569540,851574.8430859494,0.851575
2026-06-29T19:24:44,idle,ue6,2569552,891806.7344732559,0.891807
2026-06-29T19:24:44,idle,ue7,2569564,861632.861235627,0.861633
2026-06-29T19:24:44,idle,ue8,2569576,871690.8189815033,0.871691
2026-06-29T19:24:50,idle,cu_cp1,2568465,338773.72855686693,0.338774
2026-06-29T19:24:50,idle,cu_up1,2568492,352190.4904484302,0.352190
2026-06-29T19:24:50,idle,cu_cp2,2568519,338773.72855686693,0.338774
2026-06-29T19:24:50,idle,cu_up2,2568527,342127.89637768565,0.342128
2026-06-29T19:24:50,idle,du1,2568709,3105984.711993349,3.105985
2026-06-29T19:24:50,idle,du2,2569477,3105984.711993349,3.105985
2026-06-29T19:24:50,idle,ue1,2568755,865382.3652177214,0.865382
2026-06-29T19:24:50,idle,ue2,2568767,845257.1770762324,0.845257
2026-06-29T19:24:50,idle,ue3,2568779,848611.3750998139,0.848611
2026-06-29T19:24:50,idle,ue4,2568791,858673.9691705585,0.858674
2026-06-29T19:24:50,idle,ue5,2569540,855319.771146977,0.855320
2026-06-29T19:24:50,idle,ue6,2569552,865382.3652177214,0.865382
2026-06-29T19:24:50,idle,ue7,2569564,878799.0969065219,0.878799
2026-06-29T19:24:50,idle,ue8,2569576,882153.355335629,0.882153
2026-06-29T19:24:55,idle,cu_cp1,2568465,338163.0188509822,0.338163
2026-06-29T19:24:55,idle,cu_up1,2568492,348207.4727046037,0.348207
2026-06-29T19:24:55,idle,cu_cp2,2568519,344859.30135178566,0.344859
2026-06-29T19:24:55,idle,cu_up2,2568527,344859.30135178566,0.344859
2026-06-29T19:24:55,idle,du1,2568709,3060207.7856035996,3.060208
2026-06-29T19:24:55,idle,du2,2569477,3053511.5633076285,3.053512
2026-06-29T19:24:55,idle,ue1,2568755,877214.9943647289,0.877215
2026-06-29T19:24:55,idle,ue2,2568767,830340.836244607,0.830341
2026-06-29T19:24:55,idle,ue3,2568779,820296.3823909855,0.820296
2026-06-29T19:24:55,idle,ue4,2568791,853777.9153046679,0.853778
2026-06-29T19:24:55,idle,ue5,2569540,857126.0264526535,0.857126
2026-06-29T19:24:55,idle,ue6,2569552,853777.9153046679,0.853778
2026-06-29T19:24:55,idle,ue7,2569564,873866.7628070783,0.873867
2026-06-29T19:24:55,idle,ue8,2569576,867170.4803062748,0.867170
2026-06-29T19:25:01,idle,cu_cp1,2568465,340274.3259164214,0.340274
2026-06-29T19:25:01,idle,cu_up1,2568492,362466.15461382386,0.362466
2026-06-29T19:25:01,idle,cu_cp2,2568519,332877.06972485303,0.332877
2026-06-29T19:25:01,idle,cu_up2,2568527,347671.5821079898,0.347672
2026-06-29T19:25:01,idle,du1,2568709,3099455.154082937,3.099455
2026-06-29T19:25:01,idle,du2,2569477,3069866.129316664,3.069866
2026-06-29T19:25:01,idle,ue1,2568755,843288.5886608339,0.843289
2026-06-29T19:25:01,idle,ue2,2568767,843288.5886608339,0.843289
2026-06-29T19:25:01,idle,ue3,2568779,843288.5886608339,0.843289
2026-06-29T19:25:01,idle,ue4,2568791,798904.9312660289,0.798905
2026-06-29T19:25:01,idle,ue5,2569540,850685.7847297048,0.850686
2026-06-29T19:25:01,idle,ue6,2569552,865480.4173582363,0.865480
2026-06-29T19:25:01,idle,ue7,2569564,865480.4173582363,0.865480
2026-06-29T19:25:01,idle,ue8,2569576,872877.6735498047,0.872878
2026-06-29T19:25:06,idle,cu_cp1,2568465,343388.7185224071,0.343389
2026-06-29T19:25:06,idle,cu_up1,2568492,349520.6797578311,0.349521
2026-06-29T19:25:06,idle,cu_cp2,2568519,343388.7185224071,0.343389
2026-06-29T19:25:06,idle,cu_up2,2568527,349520.6797578311,0.349521
2026-06-29T19:25:06,idle,du1,2568709,3072102.703066888,3.072103
2026-06-29T19:25:06,idle,du2,2569477,2986255.6660211873,2.986256
2026-06-29T19:25:06,idle,ue1,2568755,833944.0264090067,0.833944
2026-06-29T19:25:06,idle,ue2,2568767,858471.8113149548,0.858472
2026-06-29T19:25:06,idle,ue3,2568779,864603.8025682527,0.864604
2026-06-29T19:25:06,idle,ue4,2568791,827812.0951914567,0.827812
2026-06-29T19:25:06,idle,ue5,2569540,833944.0264090067,0.833944
2026-06-29T19:25:06,idle,ue6,2569552,797152.3790679586,0.797152
2026-06-29T19:25:06,idle,ue7,2569564,852339.8800974047,0.852340
2026-06-29T19:25:06,idle,ue8,2569576,864603.8025682527,0.864604
2026-06-29T19:25:12,idle,cu_cp1,2568465,346909.0026173991,0.346909
2026-06-29T19:25:12,idle,cu_up1,2568492,352165.1886409655,0.352165
2026-06-29T19:25:12,idle,cu_cp2,2568519,341652.8165938327,0.341653
2026-06-29T19:25:12,idle,cu_up2,2568527,346909.0026173991,0.346909
2026-06-29T19:25:12,idle,du1,2568709,3085387.8120243787,3.085388
2026-06-29T19:25:12,idle,du2,2569477,3095900.002806008,3.095900
2026-06-29T19:25:12,idle,ue1,2568755,856760.1042854476,0.856760
2026-06-29T19:25:12,idle,ue2,2568767,877784.9088015478,0.877785
2026-06-29T19:25:12,idle,ue3,2568779,893553.4970831644,0.893553
2026-06-29T19:25:12,idle,ue4,2568791,856760.1042854476,0.856760
2026-06-29T19:25:12,idle,ue5,2569540,846247.7322383147,0.846248
2026-06-29T19:25:12,idle,ue6,2569552,830479.1439566981,0.830479
2026-06-29T19:25:12,idle,ue7,2569564,872528.6925670642,0.872529
2026-06-29T19:25:12,idle,ue8,2569576,846247.7322383147,0.846248
2026-06-29T19:25:17,idle,cu_cp1,2568465,340098.79804380535,0.340099
2026-06-29T19:25:17,idle,cu_up1,2568492,343162.736266537,0.343163
2026-06-29T19:25:17,idle,cu_cp2,2568519,343162.736266537,0.343163
2026-06-29T19:25:17,idle,cu_up2,2568527,337034.8297243357,0.337035
2026-06-29T19:25:17,idle,du1,2568709,2981226.367248893,2.981226
2026-06-29T19:25:17,idle,du2,2569477,3042505.4928643825,3.042505
2026-06-29T19:25:17,idle,ue1,2568755,845651.1028237849,0.845651
2026-06-29T19:25:17,idle,ue2,2568767,836459.1978653759,0.836459
2026-06-29T19:25:17,idle,ue3,2568779,842587.1345043152,0.842587
2026-06-29T19:25:17,idle,ue4,2568791,857906.8557147116,0.857907
2026-06-29T19:25:17,idle,ue5,2569540,842587.1345043152,0.842587
2026-06-29T19:25:17,idle,ue6,2569552,857906.8557147116,0.857907
2026-06-29T19:25:17,idle,ue7,2569564,860970.8240341812,0.860971
2026-06-29T19:25:17,idle,ue8,2569576,821139.4766549796,0.821139
2026-06-29T19:25:22,idle,cu_cp1,2568465,343011.1215952992,0.343011
2026-06-29T19:25:22,idle,cu_up1,2568492,346073.7305517322,0.346074
2026-06-29T19:25:22,idle,cu_cp2,2568519,339948.5126388663,0.339949
2026-06-29T19:25:22,idle,cu_up2,2568527,339948.5126388663,0.339949
2026-06-29T19:25:22,idle,du1,2568709,3056474.064878097,3.056474
2026-06-29T19:25:22,idle,du2,2569477,3071787.019533162,3.071787
2026-06-29T19:25:22,idle,ue1,2568755,842214.8493331826,0.842215
2026-06-29T19:25:22,idle,ue2,2568767,814651.4588523853,0.814651
2026-06-29T19:25:22,idle,ue3,2568779,857527.8039882481,0.857528
2026-06-29T19:25:22,idle,ue4,2568791,811588.8198535859,0.811589
2026-06-29T19:25:22,idle,ue5,2569540,836089.5713355839,0.836090
2026-06-29T19:25:22,idle,ue6,2569552,869778.1196445143,0.869778
2026-06-29T19:25:22,idle,ue7,2569564,829964.4135074508,0.829964
2026-06-29T19:25:22,idle,ue8,2569576,799338.3840278542,0.799338
2026-06-29T19:25:28,idle,cu_cp1,2568465,334674.4703359604,0.334674
2026-06-29T19:25:28,idle,cu_up1,2568492,340815.2956755018,0.340815
2026-06-29T19:25:28,idle,cu_cp2,2568519,346956.12101504323,0.346956
2026-06-29T19:25:28,idle,cu_up2,2568527,337744.85296637536,0.337745
2026-06-29T19:25:28,idle,du1,2568709,3002858.9649749757,3.002859
2026-06-29T19:25:28,idle,du2,2569477,3064267.0982129667,3.064267
2026-06-29T19:25:28,idle,ue1,2568755,850502.9577554798,0.850503
2026-06-29T19:25:28,idle,ue2,2568767,804446.9179056978,0.804447
2026-06-29T19:25:28,idle,ue3,2568779,825939.7164760255,0.825940
2026-06-29T19:25:28,idle,ue4,2568791,825939.7164760255,0.825940
2026-06-29T19:25:28,idle,ue5,2569540,841291.7497855234,0.841292
2026-06-29T19:25:28,idle,ue6,2569552,822869.2737668991,0.822869
2026-06-29T19:25:28,idle,ue7,2569564,865855.0511436892,0.865855
2026-06-29T19:25:28,idle,ue8,2569576,844362.1924946499,0.844362
2026-06-29T19:25:33,idle,cu_cp1,2568465,338894.5408970261,0.338895
2026-06-29T19:25:33,idle,cu_up1,2568492,341947.6359395501,0.341948
2026-06-29T19:25:33,idle,cu_cp2,2568519,345000.73098207416,0.345001
2026-06-29T19:25:33,idle,cu_up2,2568527,338894.5408970261,0.338895
2026-06-29T19:25:33,idle,du1,2568709,3025625.867447743,3.025626
2026-06-29T19:25:33,idle,du2,2569477,3013413.607420297,3.013414
2026-06-29T19:25:33,idle,ue1,2568755,815178.7491712444,0.815179
2026-06-29T19:25:33,idle,ue2,2568767,824338.0643344789,0.824338
2026-06-29T19:25:33,idle,ue3,2568779,860975.2649160922,0.860975
2026-06-29T19:25:33,idle,ue4,2568791,848762.884745996,0.848763
2026-06-29T19:25:33,idle,ue5,2569540,851816.0098241824,0.851816
2026-06-29T19:25:33,idle,ue6,2569552,873187.6450861883,0.873188
2026-06-29T19:25:33,idle,ue7,2569564,867081.515072465,0.867082
2026-06-29T19:25:33,idle,ue8,2569576,815178.7491712444,0.815179
2026-06-29T19:25:39,idle,cu_cp1,2568465,344647.37993273675,0.344647
2026-06-29T19:25:39,idle,cu_up1,2568492,347993.4566598147,0.347993
2026-06-29T19:25:39,idle,cu_cp2,2568519,341301.27306190965,0.341301
2026-06-29T19:25:39,idle,cu_up2,2568527,337955.1963348317,0.337955
2026-06-29T19:25:39,idle,du1,2568709,3071711.457557187,3.071711
2026-06-29T19:25:39,idle,du2,2569477,3041596.887588482,3.041597
2026-06-29T19:25:39,idle,ue1,2568755,866637.6101380825,0.866638
2026-06-29T19:25:39,idle,ue2,2568767,833176.6017173099,0.833177
2026-06-29T19:25:39,idle,ue3,2568779,880021.9170463943,0.880022
2026-06-29T19:25:39,idle,ue4,2568791,859945.3963964283,0.859945
2026-06-29T19:25:39,idle,ue5,2569540,816446.1577944219,0.816446
2026-06-29T19:25:39,idle,ue6,2569552,866637.6101380825,0.866638
2026-06-29T19:25:39,idle,ue7,2569564,873329.7635922384,0.873330
2026-06-29T19:25:39,idle,ue8,2569576,866637.6101380825,0.866638
2026-06-29T19:25:44,idle,cu_cp1,2568465,342134.43419062975,0.342134
2026-06-29T19:25:44,idle,cu_up1,2568492,345488.7102059114,0.345489
2026-06-29T19:25:44,idle,cu_cp2,2568519,338780.1883397007,0.338780
2026-06-29T19:25:44,idle,cu_up2,2568527,345488.7102059114,0.345489
2026-06-29T19:25:44,idle,du1,2568709,3038958.8670114614,3.038959
2026-06-29T19:25:44,idle,du2,2569477,3005416.3481734656,3.005416
2026-06-29T19:25:44,idle,ue1,2568755,862044.5922606087,0.862045
2026-06-29T19:25:44,idle,ue2,2568767,855336.1608874559,0.855336
2026-06-29T19:25:44,idle,ue3,2568779,865398.8682758904,0.865399
2026-06-29T19:25:44,idle,ue4,2568791,855336.1608874559,0.855336
2026-06-29T19:25:44,idle,ue5,2569540,845273.3328416109,0.845273
2026-06-29T19:25:44,idle,ue6,2569552,858690.316245327,0.858690
2026-06-29T19:25:44,idle,ue7,2569564,858690.316245327,0.858690
2026-06-29T19:25:44,idle,ue8,2569576,851981.8848721742,0.851982
2026-06-29T19:25:50,idle,cu_cp1,2568465,343474.7332395941,0.343475
2026-06-29T19:25:50,idle,cu_up1,2568492,350209.52718383074,0.350210
2026-06-29T19:25:50,idle,cu_cp2,2568519,350209.52718383074,0.350210
2026-06-29T19:25:50,idle,cu_up2,2568527,350209.52718383074,0.350210
2026-06-29T19:25:50,idle,du1,2568709,3050863.6841887236,3.050864
2026-06-29T19:25:50,idle,du2,2569477,3135048.714403224,3.135049
2026-06-29T19:25:50,idle,ue1,2568755,858686.7877083241,0.858687
2026-06-29T19:25:50,idle,ue2,2568767,858686.7877083241,0.858687
2026-06-29T19:25:50,idle,ue3,2568779,905830.4360993027,0.905830
2026-06-29T19:25:50,idle,ue4,2568791,858686.7877083241,0.858687
2026-06-29T19:25:50,idle,ue5,2569540,828380.2300894797,0.828380
2026-06-29T19:25:50,idle,ue6,2569552,858686.7877083241,0.858687
2026-06-29T19:25:50,idle,ue7,2569564,828380.2300894797,0.828380
2026-06-29T19:25:50,idle,ue8,2569576,855319.4058664262,0.855319
2026-06-29T19:25:55,idle,cu_cp1,2568465,349426.75026132585,0.349427
2026-06-29T19:25:55,idle,cu_up1,2568492,346066.88464455603,0.346067
2026-06-29T19:25:55,idle,cu_cp2,2568519,339347.15341101645,0.339347
2026-06-29T19:25:55,idle,cu_up2,2568527,346066.88464455603,0.346067
2026-06-29T19:25:55,idle,du1,2568709,3124681.5586513137,3.124682
2026-06-29T19:25:55,idle,du2,2569477,3111242.0961842346,3.111242
2026-06-29T19:25:55,idle,ue1,2568755,850047.8163359261,0.850048
2026-06-29T19:25:55,idle,ue2,2568767,873566.9361630869,0.873567
2026-06-29T19:25:55,idle,ue3,2568779,887006.3986301661,0.887006
2026-06-29T19:25:55,idle,ue4,2568791,856767.4870596933,0.856767
2026-06-29T19:25:55,idle,ue5,2569540,856767.4870596933,0.856767
2026-06-29T19:25:55,idle,ue6,2569552,853407.6214429236,0.853408
2026-06-29T19:25:55,idle,ue7,2569564,870207.0100365448,0.870207
2026-06-29T19:25:55,idle,ue8,2569576,890366.2037371636,0.890366
2026-06-29T19:26:00,idle,cu_cp1,2568465,343754.98593835474,0.343755
2026-06-29T19:26:00,idle,cu_up1,2568492,351939.6054661149,0.351940
2026-06-29T19:26:00,idle,cu_cp2,2568519,343754.98593835474,0.343755
2026-06-29T19:26:00,idle,cu_up2,2568527,360124.25517426344,0.360124
2026-06-29T19:26:00,idle,du1,2568709,3028317.796501558,3.028318
2026-06-29T19:26:00,idle,du2,2569477,3036502.2349469876,3.036502
2026-06-29T19:26:00,idle,ue1,2568755,851202.7849573499,0.851203
2026-06-29T19:26:00,idle,ue2,2568767,810279.5665969956,0.810280
2026-06-29T19:26:00,idle,ue3,2568779,834833.4855410528,0.834833
2026-06-29T19:26:00,idle,ue4,2568791,851202.7849573499,0.851203
2026-06-29T19:26:00,idle,ue5,2569540,834833.4855410528,0.834833
2026-06-29T19:26:00,idle,ue6,2569552,851202.7849573499,0.851203
2026-06-29T19:26:00,idle,ue7,2569564,892126.063678481,0.892126
2026-06-29T19:26:00,idle,ue8,2569576,883941.3234291673,0.883941
2026-06-29T19:26:06,idle,cu_cp1,2568465,354267.21805060026,0.354267
2026-06-29T19:26:06,idle,cu_up1,2568492,354267.21805060026,0.354267
2026-06-29T19:26:06,idle,cu_cp2,2568519,347582.9080365467,0.347583
2026-06-29T19:26:06,idle,cu_up2,2568527,347582.9080365467,0.347583
2026-06-29T19:26:06,idle,du1,2568709,3061403.6785355043,3.061404
2026-06-29T19:26:06,idle,du2,2569477,3148299.284275217,3.148299
2026-06-29T19:26:06,idle,ue1,2568755,855588.7713326835,0.855589
2026-06-29T19:26:06,idle,ue2,2568767,835535.9019252348,0.835536
2026-06-29T19:26:06,idle,ue3,2568779,875641.5801054203,0.875642
2026-06-29T19:26:06,idle,ue4,2568791,862273.0813467371,0.862273
2026-06-29T19:26:06,idle,ue5,2569540,848904.46131863,0.848904
2026-06-29T19:26:06,idle,ue6,2569552,875641.5801054203,0.875642
2026-06-29T19:26:06,idle,ue7,2569564,868957.2700913667,0.868957
2026-06-29T19:26:06,idle,ue8,2569576,862273.0813467371,0.862273
2026-06-29T19:26:11,idle,cu_cp1,2568465,338377.9156903356,0.338378
2026-06-29T19:26:11,idle,cu_up1,2568492,349657.1695076126,0.349657
2026-06-29T19:26:11,idle,cu_cp2,2568519,338377.9156903356,0.338378
2026-06-29T19:26:11,idle,cu_up2,2568527,349657.1695076126,0.349657
2026-06-29T19:26:11,idle,du1,2568709,3039761.554069977,3.039762
2026-06-29T19:26:11,idle,du2,2569477,3056680.4347958923,3.056680
2026-06-29T19:26:11,idle,ue1,2568755,862863.7000689572,0.862864
2026-06-29T19:26:11,idle,ue2,2568767,868503.3269775957,0.868503
2026-06-29T19:26:11,idle,ue3,2568779,868503.3269775957,0.868503
2026-06-29T19:26:11,idle,ue4,2568791,823386.2514740825,0.823386
2026-06-29T19:26:11,idle,ue5,2569540,845944.7591086364,0.845945
2026-06-29T19:26:11,idle,ue6,2569552,851584.4462516803,0.851584
2026-06-29T19:26:11,idle,ue7,2569564,857224.0731603188,0.857224
2026-06-29T19:26:11,idle,ue8,2569576,823386.2514740825,0.823386
2026-06-29T19:26:17,idle,cu_cp1,2568465,353279.3988306582,0.353279
2026-06-29T19:26:17,idle,cu_up1,2568492,348372.7564884019,0.348373
2026-06-29T19:26:17,idle,cu_cp2,2568519,343466.1141461456,0.343466
2026-06-29T19:26:17,idle,cu_up2,2568527,348372.7564884019,0.348373
2026-06-29T19:26:17,idle,du1,2568709,3101008.130391159,3.101008
2026-06-29T19:26:17,idle,du2,2569477,3110821.536148114,3.110822
2026-06-29T19:26:17,idle,ue1,2568755,858665.2550972534,0.858665
2026-06-29T19:26:17,idle,ue2,2568767,888105.2302232337,0.888105
2026-06-29T19:26:17,idle,ue3,2568779,868478.5397817659,0.868479
2026-06-29T19:26:17,idle,ue4,2568791,853758.612754997,0.853759
2026-06-29T19:26:17,idle,ue5,2569540,863571.8974395096,0.863572
2026-06-29T19:26:17,idle,ue6,2569552,868478.5397817659,0.868479
2026-06-29T19:26:17,idle,ue7,2569564,843945.2675342631,0.843945
2026-06-29T19:26:17,idle,ue8,2569576,873385.1821240223,0.873385
2026-06-29T19:26:22,idle,cu_cp1,2568465,350023.53800360113,0.350024
2026-06-29T19:26:22,idle,cu_up1,2568492,343882.78798286617,0.343883
2026-06-29T19:26:22,idle,cu_cp2,2568519,346953.17812442034,0.346953
2026-06-29T19:26:22,idle,cu_up2,2568527,337742.0379621312,0.337742
2026-06-29T19:26:22,idle,du1,2568709,3119508.152453482,3.119508
2026-06-29T19:26:22,idle,du2,2569477,3051959.871963024,3.051960
2026-06-29T19:26:22,idle,ue1,2568755,841284.7198949605,0.841285
2026-06-29T19:26:22,idle,ue2,2568767,875058.8601401895,0.875059
2026-06-29T19:26:22,idle,ue3,2568779,865847.7199779004,0.865848
2026-06-29T19:26:22,idle,ue4,2568791,819792.0191664547,0.819792
2026-06-29T19:26:22,idle,ue5,2569540,856636.640340358,0.856637
2026-06-29T19:26:22,idle,ue6,2569552,862777.3600987196,0.862777
2026-06-29T19:26:22,idle,ue7,2569564,871988.5607857555,0.871989
2026-06-29T19:26:22,idle,ue8,2569576,859706.939694792,0.859707
2026-06-29T19:26:28,idle,cu_cp1,2568465,339846.4340087414,0.339846
2026-06-29T19:26:28,idle,cu_up1,2568492,349031.4932021856,0.349031
2026-06-29T19:26:28,idle,cu_cp2,2568519,345969.8168863535,0.345970
2026-06-29T19:26:28,idle,cu_up2,2568527,349031.4932021856,0.349031
2026-06-29T19:26:28,idle,du1,2568709,3058618.0875543593,3.058618
2026-06-29T19:26:28,idle,du2,2569477,3055556.471730423,3.055556
2026-06-29T19:26:28,idle,ue1,2568755,860332.0126191616,0.860332
2026-06-29T19:26:28,idle,ue2,2568767,845023.5705481053,0.845024
2026-06-29T19:26:28,idle,ue3,2568779,872578.7783743858,0.872579
2026-06-29T19:26:28,idle,ue4,2568791,851146.9836716652,0.851147
2026-06-29T19:26:28,idle,ue5,2569540,854208.5994956016,0.854209
2026-06-29T19:26:28,idle,ue6,2569552,878702.0705141544,0.878702
2026-06-29T19:26:28,idle,ue7,2569564,866455.3652508259,0.866455
2026-06-29T19:26:28,idle,ue8,2569576,820530.0995295525,0.820530
2026-06-29T19:26:33,idle,cu_cp1,2568465,340344.17114582955,0.340344
2026-06-29T19:26:33,idle,cu_up1,2568492,349542.64594799874,0.349543
2026-06-29T19:26:33,idle,cu_cp2,2568519,349542.64594799874,0.349543
2026-06-29T19:26:33,idle,cu_up2,2568527,352608.8243309075,0.352609
2026-06-29T19:26:33,idle,du1,2568709,3081494.339050412,3.081494
2026-06-29T19:26:33,idle,du2,2569477,3063097.5704857446,3.063098
2026-06-29T19:26:33,idle,ue1,2568755,840128.8336976719,0.840129
2026-06-29T19:26:33,idle,ue2,2568767,861591.9315116405,0.861592
2026-06-29T19:26:33,idle,ue3,2568779,873856.6450432753,0.873857
2026-06-29T19:26:33,idle,ue4,2568791,833996.4769318545,0.833996
2026-06-29T19:26:33,idle,ue5,2569540,815599.5273275161,0.815600
2026-06-29T19:26:33,idle,ue6,2569552,873856.6450432753,0.873857
2026-06-29T19:26:33,idle,ue7,2569564,870790.4364870882,0.870790
2026-06-29T19:26:33,idle,ue8,2569576,840128.8336976719,0.840129
2026-06-29T19:26:39,idle,cu_cp1,2568465,344267.10215898993,0.344267
2026-06-29T19:26:39,idle,cu_up1,2568492,344267.10215898993,0.344267
2026-06-29T19:26:39,idle,cu_cp2,2568519,350762.7084292403,0.350763
2026-06-29T19:26:39,idle,cu_up2,2568527,347514.92037625524,0.347515
2026-06-29T19:26:39,idle,du1,2568709,3039943.613820057,3.039944
2026-06-29T19:26:39,idle,du2,2569477,3059430.2214808464,3.059430
2026-06-29T19:26:39,idle,ue1,2568755,863915.5434504598,0.863916
2026-06-29T19:26:39,idle,ue2,2568767,824941.966157518,0.824942
2026-06-29T19:26:39,idle,ue3,2568779,847676.4825284135,0.847676
2026-06-29T19:26:39,idle,ue4,2568791,841180.9064224433,0.841181
2026-06-29T19:26:39,idle,ue5,2569540,850924.330909959,0.850924
2026-06-29T19:26:39,idle,ue6,2569552,860667.8157260353,0.860668
2026-06-29T19:26:39,idle,ue7,2569564,860667.8157260353,0.860668
2026-06-29T19:26:39,idle,ue8,2569576,850924.330909959,0.850924
2026-06-29T19:26:44,idle,cu_cp1,2568465,345825.8208934724,0.345826
2026-06-29T19:26:44,idle,cu_up1,2568492,349183.3229113519,0.349183
2026-06-29T19:26:44,idle,cu_cp2,2568519,342468.28865178826,0.342468
2026-06-29T19:26:44,idle,cu_up2,2568527,349183.3229113519,0.349183
2026-06-29T19:26:44,idle,du1,2568709,3021778.8966205595,3.021779
2026-06-29T19:26:44,idle,du2,2569477,3085571.9185411455,3.085572
2026-06-29T19:26:44,idle,ue1,2568755,879673.44732126,0.879673
2026-06-29T19:26:44,idle,ue2,2568767,852813.1893877864,0.852813
2026-06-29T19:26:44,idle,ue3,2568779,839383.0604210496,0.839383
2026-06-29T19:26:44,idle,ue4,2568791,856170.6914056658,0.856171
2026-06-29T19:26:44,idle,ue5,2569540,849455.6269222975,0.849456
2026-06-29T19:26:44,idle,ue6,2569552,872958.3828378916,0.872958
2026-06-29T19:26:44,idle,ue7,2569564,872958.3828378916,0.872958
2026-06-29T19:26:44,idle,ue8,2569576,832667.9959376812,0.832668
2026-06-29T19:26:49,idle,cu_cp1,2568465,334779.2083349803,0.334779
2026-06-29T19:26:49,idle,cu_up1,2568492,344822.57280587015,0.344823
2026-06-29T19:26:49,idle,cu_cp2,2568519,344822.57280587015,0.344823
2026-06-29T19:26:49,idle,cu_up2,2568527,348170.36096283345,0.348170
2026-06-29T19:26:49,idle,du1,2568709,3056534.1210553455,3.056534
2026-06-29T19:26:49,idle,du2,2569477,3029751.815799639,3.029752
2026-06-29T19:26:49,idle,ue1,2568755,867078.1897575534,0.867078
2026-06-29T19:26:49,idle,ue2,2568767,853686.9163178074,0.853687
2026-06-29T19:26:49,idle,ue3,2568779,857034.7346777439,0.857035
2026-06-29T19:26:49,idle,ue4,2568791,773339.9401447421,0.773340
2026-06-29T19:26:49,idle,ue5,2569540,857034.7346777439,0.857035
2026-06-29T19:26:49,idle,ue6,2569552,840295.7636899543,0.840296
2026-06-29T19:26:49,idle,ue7,2569564,843643.5820498908,0.843644
2026-06-29T19:26:49,idle,ue8,2569576,833600.247781974,0.833600
2026-06-29T19:26:55,idle,cu_cp1,2568465,341971.6674655962,0.341972
2026-06-29T19:26:55,idle,cu_up1,2568492,341971.6674655962,0.341972
2026-06-29T19:26:55,idle,cu_cp2,2568519,348676.97946396976,0.348677
2026-06-29T19:26:55,idle,cu_up2,2568527,345324.33857575385,0.345324
2026-06-29T19:26:55,idle,du1,2568709,3101213.6747395275,3.101214
2026-06-29T19:26:55,idle,du2,2569477,3087802.86941113,3.087803
2026-06-29T19:26:55,idle,ue1,2568755,838165.9037790275,0.838166
2026-06-29T19:26:55,idle,ue2,2568767,848223.8264436752,0.848224
2026-06-29T19:26:55,idle,ue3,2568779,854929.1686639905,0.854929
2026-06-29T19:26:55,idle,ue4,2568791,801286.5517892349,0.801287
2026-06-29T19:26:55,idle,ue5,2569540,841518.5446672434,0.841519
2026-06-29T19:26:55,idle,ue6,2569552,861634.4504404223,0.861634
2026-06-29T19:26:55,idle,ue7,2569564,864987.0913286381,0.864987
2026-06-29T19:26:55,idle,ue8,2569576,784523.2264603883,0.784523
2026-06-29T19:27:00,idle,cu_cp1,2568465,338248.04652574717,0.338248
2026-06-29T19:27:00,idle,cu_up1,2568492,344946.03272568586,0.344946
2026-06-29T19:27:00,idle,cu_cp2,2568519,344946.03272568586,0.344946
2026-06-29T19:27:00,idle,cu_up2,2568527,341597.05471813737,0.341597
2026-06-29T19:27:00,idle,du1,2568709,3081071.357923808,3.081071
2026-06-29T19:27:00,idle,du2,2569477,3054279.5338634206,3.054280
2026-06-29T19:27:00,idle,ue1,2568755,850643.6738802159,0.850644
2026-06-29T19:27:00,idle,ue2,2568767,853992.5613332391,0.853993
2026-06-29T19:27:00,idle,ue3,2568779,840596.6493030452,0.840597
2026-06-29T19:27:00,idle,ue4,2568791,827200.676903168,0.827201
2026-06-29T19:27:00,idle,ue5,2569540,837247.641110655,0.837248
2026-06-29T19:27:00,idle,ue6,2569552,850643.6738802159,0.850644
2026-06-29T19:27:00,idle,ue7,2569564,860690.5777180195,0.860691
2026-06-29T19:27:00,idle,ue8,2569576,843945.6574954354,0.843946
2026-06-29T19:27:06,idle,cu_cp1,2568465,343901.51969148515,0.343902
2026-06-29T19:27:06,idle,cu_up1,2568492,343901.51969148515,0.343902
2026-06-29T19:27:06,idle,cu_cp2,2568519,343901.51969148515,0.343902
2026-06-29T19:27:06,idle,cu_up2,2568527,343901.51969148515,0.343902
2026-06-29T19:27:06,idle,du1,2568709,3080479.598207283,3.080480
2026-06-29T19:27:06,idle,du2,2569477,3007309.082615316,3.007309
2026-06-29T19:27:06,idle,ue1,2568755,826827.0913146377,0.826827
2026-06-29T19:27:06,idle,ue2,2568767,848778.2700945378,0.848778
2026-06-29T19:27:06,idle,ue3,2568779,768290.654738754,0.768291
2026-06-29T19:27:06,idle,ue4,2568791,782924.7337548375,0.782925
2026-06-29T19:27:06,idle,ue5,2569540,834144.1308226794,0.834144
2026-06-29T19:27:06,idle,ue6,2569552,856095.3096025795,0.856095
2026-06-29T19:27:06,idle,ue7,2569564,856095.3096025795,0.856095
2026-06-29T19:27:06,idle,ue8,2569576,834144.1308226794,0.834144
2026-06-29T19:27:11,idle,cu_cp1,2568465,349450.1467530739,0.349450
2026-06-29T19:27:11,idle,cu_up1,2568492,349450.1467530739,0.349450
2026-06-29T19:27:11,idle,cu_cp2,2568519,337188.7407504454,0.337189
2026-06-29T19:27:11,idle,cu_up2,2568527,349450.1467530739,0.349450
2026-06-29T19:27:11,idle,du1,2568709,3151181.9783720826,3.151182
2026-06-29T19:27:11,idle,du2,2569477,3022437.3212939096,3.022437
2026-06-29T19:27:11,idle,ue1,2568755,858298.601811583,0.858299
2026-06-29T19:27:11,idle,ue2,2568767,827645.0111268503,0.827645
2026-06-29T19:27:11,idle,ue3,2568779,790860.8839327586,0.790861
2026-06-29T19:27:11,idle,ue4,2568791,852167.8836746365,0.852168
2026-06-29T19:27:11,idle,ue5,2569540,846037.1655376899,0.846037
2026-06-29T19:27:11,idle,ue6,2569552,839906.5079432726,0.839907
2026-06-29T19:27:11,idle,ue7,2569564,809252.977801069,0.809253
2026-06-29T19:27:11,idle,ue8,2569576,815383.6353954864,0.815384
2026-06-29T19:27:17,idle,cu_cp1,2568465,340356.9042091727,0.340357
2026-06-29T19:27:17,idle,cu_up1,2568492,345593.16056592466,0.345593
2026-06-29T19:27:17,idle,cu_cp2,2568519,345593.16056592466,0.345593
2026-06-29T19:27:17,idle,cu_up2,2568527,345593.16056592466,0.345593
2026-06-29T19:27:17,idle,du1,2568709,3021322.2376662255,3.021322
2026-06-29T19:27:17,idle,du2,2569477,3057975.8815258024,3.057976
2026-06-29T19:27:17,idle,ue1,2568755,863982.9315423488,0.863983
2026-06-29T19:27:17,idle,ue2,2568767,837801.619631052,0.837802
2026-06-29T19:27:17,idle,ue3,2568779,790675.2822927475,0.790675
2026-06-29T19:27:17,idle,ue4,2568791,853510.418828845,0.853510
2026-06-29T19:27:17,idle,ue5,2569540,822092.820433259,0.822093
2026-06-29T19:27:17,idle,ue6,2569552,827329.1069175482,0.827329
2026-06-29T19:27:17,idle,ue7,2569564,837801.619631052,0.837802
2026-06-29T19:27:17,idle,ue8,2569576,843037.9061153412,0.843038
2026-06-29T19:27:22,idle,cu_cp1,2568465,340625.9425431705,0.340626
2026-06-29T19:27:22,idle,cu_up1,2568492,343694.6302782512,0.343695
2026-06-29T19:27:22,idle,cu_cp2,2568519,340625.9425431705,0.340626
2026-06-29T19:27:22,idle,cu_up2,2568527,346763.3482765246,0.346763
2026-06-29T19:27:22,idle,du1,2568709,3065633.331572571,3.065633
2026-06-29T19:27:22,idle,du2,2569477,3071770.7070427323,3.071771
2026-06-29T19:27:22,idle,ue1,2568755,828549.5621604538,0.828550
2026-06-29T19:27:22,idle,ue2,2568767,850030.4973587894,0.850030
2026-06-29T19:27:22,idle,ue3,2568779,874580.1808185912,0.874580
2026-06-29T19:27:22,idle,ue4,2568791,850030.4973587894,0.850030
2026-06-29T19:27:22,idle,ue5,2569540,843893.121888628,0.843893
2026-06-29T19:27:22,idle,ue6,2569552,871511.3720307398,0.871511
2026-06-29T19:27:22,idle,ue7,2569564,877648.8685536719,0.877649
2026-06-29T19:27:22,idle,ue8,2569576,877648.8685536719,0.877649
2026-06-29T19:27:27,idle,cu_cp1,2568465,343237.5966906667,0.343238
2026-06-29T19:27:27,idle,cu_up1,2568492,343237.5966906667,0.343238
2026-06-29T19:27:27,idle,cu_cp2,2568519,343237.5966906667,0.343238
2026-06-29T19:27:27,idle,cu_up2,2568527,343237.5966906667,0.343238
2026-06-29T19:27:27,idle,du1,2568709,3021716.531306913,3.021717
2026-06-29T19:27:27,idle,du2,2569477,3073815.0713795973,3.073815
2026-06-29T19:27:27,idle,ue1,2568755,858093.9917266667,0.858094
2026-06-29T19:27:27,idle,ue2,2568767,867287.8020357371,0.867288
2026-06-29T19:27:27,idle,ue3,2568779,864223.1784811931,0.864223
2026-06-29T19:27:27,idle,ue4,2568791,781478.4028630704,0.781478
2026-06-29T19:27:27,idle,ue5,2569540,851964.6842630177,0.851965
2026-06-29T19:27:27,idle,ue6,2569552,855029.3078175617,0.855029
2026-06-29T19:27:27,idle,ue7,2569564,867287.8020357371,0.867288
2026-06-29T19:27:27,idle,ue8,2569576,870352.4859448421,0.870352
2026-06-29T19:27:33,idle,cu_cp1,2568465,336607.9229035854,0.336608
2026-06-29T19:27:33,idle,cu_up1,2568492,345788.15488042834,0.345788
2026-06-29T19:27:33,idle,cu_cp2,2568519,339667.98012871743,0.339668
2026-06-29T19:27:33,idle,cu_up2,2568527,342728.06750457286,0.342728
2026-06-29T19:27:33,idle,du1,2568709,3014170.7184993746,3.014171
2026-06-29T19:27:33,idle,du2,2569477,3011111.023082924,3.011111
2026-06-29T19:27:33,idle,ue1,2568755,859880.2410619259,0.859880
2026-06-29T19:27:33,idle,ue2,2568767,869060.4127373218,0.869060
2026-06-29T19:27:33,idle,ue3,2568779,875180.6477904797,0.875181
2026-06-29T19:27:33,idle,ue4,2568791,856820.1235353469,0.856820
2026-06-29T19:27:33,idle,ue5,2569540,817039.1987042904,0.817039
2026-06-29T19:27:33,idle,ue6,2569552,869060.4127373218,0.869060
2026-06-29T19:27:33,idle,ue7,2569564,856820.1235353469,0.856820
2026-06-29T19:27:33,idle,ue8,2569576,887420.8766910076,0.887421
2026-06-29T19:27:38,idle,cu_cp1,2568465,337422.3237394315,0.337422
2026-06-29T19:27:38,idle,cu_up1,2568492,340517.9364045805,0.340518
2026-06-29T19:27:38,idle,cu_cp2,2568519,343613.54906972946,0.343614
2026-06-29T19:27:38,idle,cu_up2,2568527,343613.54906972946,0.343614
2026-06-29T19:27:38,idle,du1,2568709,3061565.8753358745,3.061566
2026-06-29T19:27:38,idle,du2,2569477,3033705.240629935,3.033705
2026-06-29T19:27:38,idle,ue1,2568755,857486.0965216488,0.857486
2026-06-29T19:27:38,idle,ue2,2568767,845103.5855012536,0.845104
2026-06-29T19:27:38,idle,ue3,2568779,820338.6841800618,0.820339
2026-06-29T19:27:38,idle,ue4,2568791,863677.3218519468,0.863677
2026-06-29T19:27:38,idle,ue5,2569540,860581.7091867977,0.860582
2026-06-29T19:27:38,idle,ue6,2569552,872964.1598473936,0.872964
2026-06-29T19:27:38,idle,ue7,2569564,866772.9345170957,0.866773
2026-06-29T19:27:38,idle,ue8,2569576,857486.0965216488,0.857486
2026-06-29T19:27:44,idle,cu_cp1,2568465,339237.33243997546,0.339237
2026-06-29T19:27:44,idle,cu_up1,2568492,345954.9060759157,0.345955
2026-06-29T19:27:44,idle,cu_cp2,2568519,345954.9060759157,0.345955
2026-06-29T19:27:44,idle,cu_up2,2568527,349313.7080244422,0.349314
2026-06-29T19:27:44,idle,du1,2568709,3059853.6261179447,3.059854
2026-06-29T19:27:44,idle,du2,2569477,3093441.524558759,3.093442
2026-06-29T19:27:44,idle,ue1,2568755,873284.2700611055,0.873284
2026-06-29T19:27:44,idle,ue2,2568767,866566.6661640524,0.866567
2026-06-29T19:27:44,idle,ue3,2568779,883360.554862234,0.883361
2026-06-29T19:27:44,idle,ue4,2568791,873284.2700611055,0.873284
2026-06-29T19:27:44,idle,ue5,2569540,863207.864215526,0.863208
2026-06-29T19:27:44,idle,ue6,2569552,890078.158759287,0.890078
2026-06-29T19:27:44,idle,ue7,2569564,873284.2700611055,0.873284
2026-06-29T19:27:44,idle,ue8,2569576,853131.518892172,0.853132
2026-06-29T19:27:49,idle,cu_cp1,2568465,341980.76374291035,0.341981
2026-06-29T19:27:49,idle,cu_up1,2568492,348686.252328043,0.348686
2026-06-29T19:27:49,idle,cu_cp2,2568519,341980.76374291035,0.341981
2026-06-29T19:27:49,idle,cu_up2,2568527,345333.4929300991,0.345333
2026-06-29T19:27:49,idle,du1,2568709,3061062.955853453,3.061063
2026-06-29T19:27:49,idle,du2,2569477,3081179.693505647,3.081180
2026-06-29T19:27:49,idle,ue1,2568755,868362.9620544291,0.868363
2026-06-29T19:27:49,idle,ue2,2568767,841540.8868708777,0.841541
2026-06-29T19:27:49,idle,ue3,2568779,848246.3452452553,0.848246
2026-06-29T19:27:49,idle,ue4,2568791,854951.9244626533,0.854952
2026-06-29T19:27:49,idle,ue5,2569540,871715.6912416178,0.871716
2026-06-29T19:27:49,idle,ue6,2569552,854951.9244626533,0.854952
2026-06-29T19:27:49,idle,ue7,2569564,865010.1120242196,0.865010
2026-06-29T19:27:49,idle,ue8,2569576,824777.1200919134,0.824777
2026-06-29T19:27:55,idle,cu_cp1,2568465,339684.41359330266,0.339684
2026-06-29T19:27:55,idle,cu_up1,2568492,349774.03494306473,0.349774
2026-06-29T19:27:55,idle,cu_cp2,2568519,349774.03494306473,0.349774
2026-06-29T19:27:55,idle,cu_up2,2568527,349774.03494306473,0.349774
2026-06-29T19:27:55,idle,du1,2568709,3084065.389370749,3.084065
2026-06-29T19:27:55,idle,du2,2569477,3117697.4201433184,3.117697
2026-06-29T19:27:55,idle,ue1,2568755,864345.481155389,0.864345
2026-06-29T19:27:55,idle,ue2,2568767,813897.3138166219,0.813897
2026-06-29T19:27:55,idle,ue3,2568779,877798.3298183907,0.877798
2026-06-29T19:27:55,idle,ue4,2568791,860982.2538421494,0.860982
2026-06-29T19:27:55,idle,ue5,2569540,847529.4051791477,0.847529
2026-06-29T19:27:55,idle,ue6,2569552,854255.7992156702,0.854256
2026-06-29T19:27:55,idle,ue7,2569564,867708.6478786719,0.867709
2026-06-29T19:27:55,idle,ue8,2569576,847529.4051791477,0.847529
2026-06-29T19:28:00,idle,cu_cp1,2568465,343078.05640039,0.343078
2026-06-29T19:28:00,idle,cu_up1,2568492,349805.05043926387,0.349805
2026-06-29T19:28:00,idle,cu_cp2,2568519,343078.05640039,0.343078
2026-06-29T19:28:00,idle,cu_up2,2568527,343078.05640039,0.343078
2026-06-29T19:28:00,idle,du1,2568709,3084338.798963523,3.084339
2026-06-29T19:28:00,idle,du2,2569477,3074248.4892942547,3.074248
2026-06-29T19:28:00,idle,ue1,2568755,857695.0654222071,0.857695
2026-06-29T19:28:00,idle,ue2,2568767,834150.5862861484,0.834151
2026-06-29T19:28:00,idle,ue3,2568779,891330.1565426051,0.891330
2026-06-29T19:28:00,idle,ue4,2568791,850968.0713833332,0.850968
2026-06-29T19:28:00,idle,ue5,2569540,824059.9743018091,0.824060
2026-06-29T19:28:00,idle,ue6,2569552,864422.1199240952,0.864422
2026-06-29T19:28:00,idle,ue7,2569564,874512.6714454204,0.874513
2026-06-29T19:28:00,idle,ue8,2569576,877876.2289278716,0.877876
2026-06-29T19:28:05,idle,cu_cp1,2568465,336539.03277688025,0.336539
2026-06-29T19:28:05,idle,cu_up1,2568492,353365.9844157243,0.353366
2026-06-29T19:28:05,idle,cu_cp2,2568519,346635.18559248926,0.346635
2026-06-29T19:28:05,idle,cu_up2,2568527,353365.9844157243,0.353366
2026-06-29T19:28:05,idle,du1,2568709,3055774.248048897,3.055774
2026-06-29T19:28:05,idle,du2,2569477,3075966.553680115,3.075967
2026-06-29T19:28:05,idle,ue1,2568755,858174.4427425575,0.858174
2026-06-29T19:28:05,idle,ue2,2568767,848078.35048594,0.848078
2026-06-29T19:28:05,idle,ue3,2568779,875001.4246608972,0.875001
2026-06-29T19:28:05,idle,ue4,2568791,854809.0584706878,0.854809
2026-06-29T19:28:05,idle,ue5,2569540,858174.4427425575,0.858174
2026-06-29T19:28:05,idle,ue6,2569552,891828.406579237,0.891828
2026-06-29T19:28:05,idle,ue7,2569564,891828.406579237,0.891828
2026-06-29T19:28:05,idle,ue8,2569576,891828.406579237,0.891828
2026-06-29T19:28:11,idle,cu_cp1,2568465,341876.3877876252,0.341876
2026-06-29T19:28:11,idle,cu_up1,2568492,356121.2448672429,0.356121
2026-06-29T19:28:11,idle,cu_cp2,2568519,348998.8315043673,0.348999
2026-06-29T19:28:11,idle,cu_up2,2568527,356121.2448672429,0.356121
2026-06-29T19:28:11,idle,du1,2568709,3126744.505044222,3.126745
2026-06-29T19:28:11,idle,du2,2569477,3140989.210354507,3.140989
2026-06-29T19:28:11,idle,ue1,2568755,876058.2399115562,0.876058
2026-06-29T19:28:11,idle,ue2,2568767,861813.4131858051,0.861813
2026-06-29T19:28:11,idle,ue3,2568779,868935.8872564137,0.868936
2026-06-29T19:28:11,idle,ue4,2568791,861813.4131858051,0.861813
2026-06-29T19:28:11,idle,ue5,2569540,847568.5257523209,0.847569
2026-06-29T19:28:11,idle,ue6,2569552,861813.4131858051,0.861813
2026-06-29T19:28:11,idle,ue7,2569564,883180.6532744318,0.883181
2026-06-29T19:28:11,idle,ue8,2569576,890303.0666373074,0.890303
2026-06-29T19:28:16,idle,cu_cp1,2568465,341611.618085618,0.341612
2026-06-29T19:28:16,idle,cu_up1,2568492,335721.7641588306,0.335722
2026-06-29T19:28:16,idle,cu_cp2,2568519,341611.618085618,0.341612
2026-06-29T19:28:16,idle,cu_up2,2568527,341611.618085618,0.341612
2026-06-29T19:28:16,idle,du1,2568709,3027385.4603604125,3.027385
2026-06-29T19:28:16,idle,du2,2569477,3080394.175812149,3.080394
2026-06-29T19:28:16,idle,ue1,2568755,824579.670192833,0.824580
2026-06-29T19:28:16,idle,ue2,2568767,848139.0858999825,0.848139
2026-06-29T19:28:16,idle,ue3,2568779,765681.1911462593,0.765681
2026-06-29T19:28:16,idle,ue4,2568791,854029.03015872,0.854029
2026-06-29T19:28:16,idle,ue5,2569540,854029.03015872,0.854029
2026-06-29T19:28:16,idle,ue6,2569552,801020.2544856834,0.801020
2026-06-29T19:28:16,idle,ue7,2569564,818689.8463766957,0.818690
2026-06-29T19:28:16,idle,ue8,2569576,848139.0858999825,0.848139
2026-06-29T19:28:22,idle,cu_cp1,2568465,338886.1285981336,0.338886
2026-06-29T19:28:22,idle,cu_up1,2568492,354060.1492097494,0.354060
2026-06-29T19:28:22,idle,cu_cp2,2568519,338886.1285981336,0.338886
2026-06-29T19:28:22,idle,cu_up2,2568527,338886.1285981336,0.338886
2026-06-29T19:28:22,idle,du1,2568709,3044917.3616122697,3.044917
2026-06-29T19:28:22,idle,du2,2569477,3085381.4165765787,3.085381
2026-06-29T19:28:22,idle,ue1,2568755,844686.3029815215,0.844686
2026-06-29T19:28:22,idle,ue2,2568767,869976.3373342145,0.869976
2026-06-29T19:28:22,idle,ue3,2568779,869976.3373342145,0.869976
2026-06-29T19:28:22,idle,ue4,2568791,875034.344204753,0.875034
2026-06-29T19:28:22,idle,ue5,2569540,839628.2961109829,0.839628
2026-06-29T19:28:22,idle,ue6,2569552,849744.30985206,0.849744
2026-06-29T19:28:22,idle,ue7,2569564,778932.3342928659,0.778932
2026-06-29T19:28:22,idle,ue8,2569576,859860.3235931373,0.859860
2026-06-29T19:28:32,idle,cu_cp1,2568465,336374.81525814417,0.336375
2026-06-29T19:28:32,idle,cu_up1,2568492,346077.9459786522,0.346078
2026-06-29T19:28:32,idle,cu_cp2,2568519,342843.5791521531,0.342844
2026-06-29T19:28:32,idle,cu_up2,2568527,346077.9459786522,0.346078
2026-06-29T19:28:32,idle,du1,2568709,3030607.7343908073,3.030608
2026-06-29T19:28:32,idle,du2,2569477,3066185.9206873514,3.066186
2026-06-29T19:28:32,idle,ue1,2568755,876515.1942008936,0.876515
2026-06-29T19:28:32,idle,ue2,2568767,837702.6713188612,0.837703
2026-06-29T19:28:32,idle,ue3,2568779,847405.8625213909,0.847406
2026-06-29T19:28:32,idle,ue4,2568791,827999.5405983531,0.828000
2026-06-29T19:28:32,idle,ue5,2569540,844171.4049718594,0.844171
2026-06-29T19:28:32,idle,ue6,2569552,857108.9932418991,0.857109
2026-06-29T19:28:32,idle,ue7,2569564,853874.5961743891,0.853875
2026-06-29T19:28:32,idle,ue8,2569576,857108.9932418991,0.857109
2026-06-29T19:28:38,idle,cu_cp1,2568465,351545.2049615407,0.351545
2026-06-29T19:28:38,idle,cu_up1,2568492,354628.952385675,0.354629
2026-06-29T19:28:38,idle,cu_cp2,2568519,351545.2049615407,0.351545
2026-06-29T19:28:38,idle,cu_up2,2568527,348461.48786149384,0.348461
2026-06-29T19:28:38,idle,du1,2568709,3108399.694260323,3.108400
2026-06-29T19:28:38,idle,du2,2569477,3065227.6548596667,3.065228
2026-06-29T19:28:38,idle,ue1,2568755,872695.578203758,0.872696
2026-06-29T19:28:38,idle,ue2,2568767,814104.7107101679,0.814105
2026-06-29T19:28:38,idle,ue3,2568779,838774.5688068926,0.838775
2026-06-29T19:28:38,idle,ue4,2568791,860360.7098035705,0.860361
2026-06-29T19:28:38,idle,ue5,2569540,838774.5688068926,0.838775
2026-06-29T19:28:38,idle,ue6,2569552,869611.8004555362,0.869612
2026-06-29T19:28:38,idle,ue7,2569564,875779.23465563,0.875779
2026-06-29T19:28:38,idle,ue8,2569576,888114.2243521672,0.888114
2026-06-29T19:28:43,idle,cu_cp1,2568465,349978.2638644409,0.349978
2026-06-29T19:28:43,idle,cu_up1,2568492,346908.29823261977,0.346908
2026-06-29T19:28:43,idle,cu_cp2,2568519,343838.27199422003,0.343838
2026-06-29T19:28:43,idle,cu_up2,2568527,346908.29823261977,0.346908
2026-06-29T19:28:43,idle,du1,2568709,3112964.5447718,3.112965
2026-06-29T19:28:43,idle,du2,2569477,3069984.7834999897,3.069985
2026-06-29T19:28:43,idle,ue1,2568755,881085.6515313232,0.881086
2026-06-29T19:28:43,idle,ue2,2568767,825825.9065190708,0.825826
2026-06-29T19:28:43,idle,ue3,2568779,828895.9327574706,0.828896
2026-06-29T19:28:43,idle,ue4,2568791,822755.8802806712,0.822756
2026-06-29T19:28:43,idle,ue5,2569540,828895.9327574706,0.828896
2026-06-29T19:28:43,idle,ue6,2569552,859595.7102888393,0.859596
2026-06-29T19:28:43,idle,ue7,2569564,881085.6515313232,0.881086
2026-06-29T19:28:43,idle,ue8,2569576,853455.779025197,0.853456
2026-06-29T19:28:49,idle,cu_cp1,2568465,340767.92836698174,0.340768
2026-06-29T19:28:49,idle,cu_up1,2568492,353874.3545636803,0.353874
2026-06-29T19:28:49,idle,cu_cp2,2568519,344044.52735139907,0.344045
2026-06-29T19:28:49,idle,cu_up2,2568527,350597.755579263,0.350598
2026-06-29T19:28:49,idle,du1,2568709,3073464.5532716704,3.073465
2026-06-29T19:28:49,idle,du2,2569477,3053804.656774874,3.053805
2026-06-29T19:28:49,idle,ue1,2568755,881409.3328133273,0.881409
2026-06-29T19:28:49,idle,ue2,2568767,842089.9634461439,0.842090
2026-06-29T19:28:49,idle,ue3,2568779,865026.2471141529,0.865026
2026-06-29T19:28:49,idle,ue4,2568791,835536.7049592506,0.835537
2026-06-29T19:28:49,idle,ue5,2569540,838813.2736846388,0.838813
2026-06-29T19:28:49,idle,ue6,2569552,865026.2471141529,0.865026
2026-06-29T19:28:49,idle,ue7,2569564,865026.2471141529,0.865026
2026-06-29T19:28:49,idle,ue8,2569576,881409.3328133273,0.881409
2026-06-29T19:28:54,idle,cu_cp1,2568465,341971.62052933517,0.341972
2026-06-29T19:28:54,idle,cu_up1,2568492,345324.2811048046,0.345324
2026-06-29T19:28:54,idle,cu_cp2,2568519,345324.2811048046,0.345324
2026-06-29T19:28:54,idle,cu_up2,2568527,341971.62052933517,0.341972
2026-06-29T19:28:54,idle,du1,2568709,3014044.0640590284,3.014044
2026-06-29T19:28:54,idle,du2,2569477,3084449.9059149553,3.084450
2026-06-29T19:28:54,idle,ue1,2568755,818049.784993174,0.818050
2026-06-29T19:28:54,idle,ue2,2568767,858281.7118988073,0.858282
2026-06-29T19:28:54,idle,ue3,2568779,864986.9725918829,0.864987
2026-06-29T19:28:54,idle,ue4,2568791,784523.1187806166,0.784523
2026-06-29T19:28:54,idle,ue5,2569540,844871.0695969296,0.844871
2026-06-29T19:28:54,idle,ue6,2569552,875044.9845472228,0.875045
2026-06-29T19:28:54,idle,ue7,2569564,875044.9845472228,0.875045
2026-06-29T19:28:54,idle,ue8,2569576,858281.7118988073,0.858282
2026-06-29T19:28:59,idle,cu_cp1,2568465,342602.676735034,0.342603
2026-06-29T19:28:59,idle,cu_up1,2568492,352679.22605077026,0.352679
2026-06-29T19:28:59,idle,cu_cp2,2568519,342602.676735034,0.342603
2026-06-29T19:28:59,idle,cu_up2,2568527,359396.9255945945,0.359397
2026-06-29T19:28:59,idle,du1,2568709,3029682.312850723,3.029682
2026-06-29T19:28:59,idle,du2,2569477,3106936.1297256853,3.106936
2026-06-29T19:28:59,idle,ue1,2568755,863224.3611457443,0.863224
2026-06-29T19:28:59,idle,ue2,2568767,849788.962058096,0.849789
2026-06-29T19:28:59,idle,ue3,2568779,846430.1425218487,0.846430
2026-06-29T19:28:59,idle,ue4,2568791,849788.962058096,0.849789
2026-06-29T19:28:59,idle,ue5,2569540,836353.5629704476,0.836354
2026-06-29T19:28:59,idle,ue6,2569552,886736.3397847939,0.886736
2026-06-29T19:28:59,idle,ue7,2569564,869942.0606895685,0.869942
2026-06-29T19:28:59,idle,ue8,2569576,890095.1593210411,0.890095
2026-06-29T19:29:05,idle,cu_cp1,2568465,346863.1171086073,0.346863
2026-06-29T19:29:05,idle,cu_up1,2568492,350230.7137096119,0.350231
2026-06-29T19:29:05,idle,cu_cp2,2568519,346863.1171086073,0.346863
2026-06-29T19:29:05,idle,cu_up2,2568527,346863.1171086073,0.346863
2026-06-29T19:29:05,idle,du1,2568709,3091459.5632584,3.091460
2026-06-29T19:29:05,idle,du2,2569477,3074621.489270859,3.074621
2026-06-29T19:29:05,idle,ue1,2568755,865473.9338160038,0.865474
2026-06-29T19:29:05,idle,ue2,2568767,845268.3542099762,0.845268
2026-06-29T19:29:05,idle,ue3,2568779,841900.7879364777,0.841901
2026-06-29T19:29:05,idle,ue4,2568791,818327.4600919151,0.818327
2026-06-29T19:29:05,idle,ue5,2569540,852003.4867569733,0.852003
2026-06-29T19:29:05,idle,ue6,2569552,878944.3808750344,0.878944
2026-06-29T19:29:05,idle,ue7,2569564,875576.6932915115,0.875577
2026-06-29T19:29:05,idle,ue8,2569576,885679.5740770436,0.885680
2026-06-29T19:29:10,idle,cu_cp1,2568465,350336.95846695185,0.350337
2026-06-29T19:29:10,idle,cu_up1,2568492,343599.7034251177,0.343600
2026-06-29T19:29:10,idle,cu_cp2,2568519,340231.09108962177,0.340231
2026-06-29T19:29:10,idle,cu_up2,2568527,346968.3461314559,0.346968
2026-06-29T19:29:10,idle,du1,2568709,3142927.092904501,3.142927
2026-06-29T19:29:10,idle,du2,2569477,3038499.503087282,3.038500
2026-06-29T19:29:10,idle,ue1,2568755,885948.3242863942,0.885948
2026-06-29T19:29:10,idle,ue2,2568767,875842.4265382219,0.875842
2026-06-29T19:29:10,idle,ue3,2568779,862367.9164545536,0.862368
2026-06-29T19:29:10,idle,ue4,2568791,869105.2018672299,0.869105
2026-06-29T19:29:10,idle,ue5,2569540,842156.242441578,0.842156
2026-06-29T19:29:10,idle,ue6,2569552,862367.9164545536,0.862368
2026-06-29T19:29:10,idle,ue7,2569564,869105.2018672299,0.869105
2026-06-29T19:29:10,idle,ue8,2569576,882579.7119508982,0.882580
2026-06-29T19:29:16,dl,cu_cp1,2568465,360434.3424756509,0.360434
2026-06-29T19:29:16,dl,cu_up1,2568492,345722.7552063322,0.345723
2026-06-29T19:29:16,dl,cu_cp2,2568519,345722.7552063322,0.345723
2026-06-29T19:29:16,dl,cu_up2,2568527,345722.7552063322,0.345723
2026-06-29T19:29:16,dl,du1,2568709,3148283.916489401,3.148284
2026-06-29T19:29:16,dl,du2,2569477,3082081.743485644,3.082082
2026-06-29T19:29:16,dl,ue1,2568755,867984.7999790716,0.867985
2026-06-29T19:29:16,dl,ue2,2568767,838561.6254404342,0.838562
2026-06-29T19:29:16,dl,ue3,2568779,838561.6254404342,0.838562
2026-06-29T19:29:16,dl,ue4,2568791,853273.212709753,0.853273
2026-06-29T19:29:16,dl,ue5,2569540,853273.212709753,0.853273
2026-06-29T19:29:16,dl,ue6,2569552,853273.212709753,0.853273
2026-06-29T19:29:16,dl,ue7,2569564,838561.6254404342,0.838562
2026-06-29T19:29:16,dl,ue8,2569576,882696.4478320361,0.882696
2026-06-29T19:29:21,dl,cu_cp1,2568465,437765.3209972316,0.437765
2026-06-29T19:29:21,dl,cu_up1,2568492,588471.4174645079,0.588471
2026-06-29T19:29:21,dl,cu_cp2,2568519,430588.8367949331,0.430589
2026-06-29T19:29:21,dl,cu_up2,2568527,602824.3140881121,0.602824
2026-06-29T19:29:21,dl,du1,2568709,4729300.469308491,4.729300
2026-06-29T19:29:21,dl,du2,2569477,4765182.92621048,4.765183
2026-06-29T19:29:21,dl,ue1,2568755,1916120.2411893106,1.916120
2026-06-29T19:29:21,dl,ue2,2568767,1880237.927849307,1.880238
2026-06-29T19:29:21,dl,ue3,2568779,1901767.3445657063,1.901767
2026-06-29T19:29:21,dl,ue4,2568791,1944826.3215604902,1.944826
2026-06-29T19:29:21,dl,ue5,2569540,1916120.2411893106,1.916120
2026-06-29T19:29:21,dl,ue6,2569552,1930473.2813749004,1.930473
2026-06-29T19:29:21,dl,ue7,2569564,1916120.2411893106,1.916120
2026-06-29T19:29:21,dl,ue8,2569576,1901767.3445657063,1.901767
2026-06-29T19:29:27,dl,cu_cp1,2568465,438719.352042861,0.438719
2026-06-29T19:29:27,dl,cu_up1,2568492,609332.3854710972,0.609332
2026-06-29T19:29:27,dl,cu_cp2,2568519,432626.0396893737,0.432626
2026-06-29T19:29:27,dl,cu_up2,2568527,609332.3854710972,0.609332
2026-06-29T19:29:27,dl,du1,2568709,4783259.721938384,4.783260
2026-06-29T19:29:27,dl,du2,2569477,4685766.1492214035,4.685766
2026-06-29T19:29:27,dl,ue1,2568755,1907210.3967152464,1.907210
2026-06-29T19:29:27,dl,ue2,2568767,1925490.44159968,1.925490
2026-06-29T19:29:27,dl,ue3,2568779,1888930.4955961085,1.888930
2026-06-29T19:29:27,dl,ue4,2568791,2004703.681901635,2.004704
2026-06-29T19:29:27,dl,ue5,2569540,1895023.8438909196,1.895024
2026-06-29T19:29:27,dl,ue6,2569552,1980330.2887223898,1.980330
2026-06-29T19:29:27,dl,ue7,2569564,1931583.7898944914,1.931584
2026-06-29T19:29:27,dl,ue8,2569576,1992516.8415467166,1.992517
2026-06-29T19:29:32,dl,cu_cp1,2568465,443389.10614499333,0.443389
2026-06-29T19:29:32,dl,cu_up1,2568492,636008.9530471105,0.636009
2026-06-29T19:29:32,dl,cu_cp2,2568519,443389.10614499333,0.443389
2026-06-29T19:29:32,dl,cu_up2,2568527,628740.2946104371,0.628740
2026-06-29T19:29:32,dl,du1,2568709,4750078.101775496,4.750078
2026-06-29T19:29:32,dl,du2,2569477,4848205.5338482335,4.848206
2026-06-29T19:29:32,dl,ue1,2568755,1908026.9315650177,1.908027
2026-06-29T19:29:32,dl,ue2,2568767,1944370.2961720705,1.944370
2026-06-29T19:29:32,dl,ue3,2568779,1929832.834451351,1.929833
2026-06-29T19:29:32,dl,ue4,2568791,2057034.610576036,2.057035
2026-06-29T19:29:32,dl,ue5,2569540,1904392.566134838,1.904393
2026-06-29T19:29:32,dl,ue6,2569552,1951638.8821850575,1.951639
2026-06-29T19:29:32,dl,ue7,2569564,1962541.8336282242,1.962542
2026-06-29T19:29:32,dl,ue8,2569576,2060668.8311588431,2.060669
2026-06-29T19:29:38,dl,cu_cp1,2568465,439204.26843728544,0.439204
2026-06-29T19:29:38,dl,cu_up1,2568492,601205.8363806999,0.601206
2026-06-29T19:29:38,dl,cu_cp2,2568519,432004.1931609428,0.432004
2026-06-29T19:29:38,dl,cu_up2,2568527,586805.6858280146,0.586806
2026-06-29T19:29:38,dl,du1,2568709,4672845.081117525,4.672845
2026-06-29T19:29:38,dl,du2,2569477,4622444.805731717,4.622445
2026-06-29T19:29:38,dl,ue1,2568755,1897218.5596055794,1.897219
2026-06-29T19:29:38,dl,ue2,2568767,1922418.841040535,1.922419
2026-06-29T19:29:38,dl,ue3,2568779,1893618.5399351644,1.893619
2026-06-29T19:29:38,dl,ue4,2568791,2001619.5612737655,2.001620
2026-06-29T19:29:38,dl,ue5,2569540,1893618.5399351644,1.893619
2026-06-29T19:29:38,dl,ue6,2569552,1940418.7956505585,1.940419
2026-06-29T19:29:38,dl,ue7,2569564,1922418.841040535,1.922419
2026-06-29T19:29:38,dl,ue8,2569576,1954818.8743322182,1.954819
2026-06-29T19:29:43,dl,cu_cp1,2568465,449317.5948087168,0.449318
2026-06-29T19:29:43,dl,cu_up1,2568492,583388.161323843,0.583388
2026-06-29T19:29:43,dl,cu_cp2,2568519,438447.00637815474,0.438447
2026-06-29T19:29:43,dl,cu_up2,2568527,587011.666672225,0.587012
2026-06-29T19:29:43,dl,du1,2568709,4772187.778126107,4.772188
2026-06-29T19:29:43,dl,du2,2569477,4754069.99803524,4.754070
2026-06-29T19:29:43,dl,ue1,2568755,1931341.0543281173,1.931341
2026-06-29T19:29:43,dl,ue2,2568767,1960329.0971151732,1.960329
2026-06-29T19:29:43,dl,ue3,2568779,1960329.0971151732,1.960329
2026-06-29T19:29:43,dl,ue4,2568791,2000187.9816817474,2.000188
2026-06-29T19:29:43,dl,ue5,2569540,1938587.9926394653,1.938588
2026-06-29T19:29:43,dl,ue6,2569552,1992941.0433703994,1.992941
2026-06-29T19:29:43,dl,ue7,2569564,1967576.3249681855,1.967576
2026-06-29T19:29:43,dl,ue8,2569576,2007435.0647639274,2.007435
2026-06-29T19:29:49,dl,cu_cp1,2568465,432325.6659462595,0.432326
2026-06-29T19:29:49,dl,cu_up1,2568492,599803.1904817963,0.599803
2026-06-29T19:29:49,dl,cu_cp2,2568519,432325.6659462595,0.432326
2026-06-29T19:29:49,dl,cu_up2,2568527,580329.0454555488,0.580329
2026-06-29T19:29:49,dl,du1,2568709,4724423.419118195,4.724423
2026-06-29T19:29:49,dl,du2,2569477,4689370.1096294215,4.689370
2026-06-29T19:29:49,dl,ue1,2568755,1931833.569980049,1.931834
2026-06-29T19:29:49,dl,ue2,2568767,1916254.3694321727,1.916254
2026-06-29T19:29:49,dl,ue3,2568779,1900674.8802014922,1.900675
2026-06-29T19:29:49,dl,ue4,2568791,2060362.8044630908,2.060363
2026-06-29T19:29:49,dl,ue5,2569540,1896780.2604912757,1.896780
2026-06-29T19:29:49,dl,ue6,2569552,1994150.9495371627,1.994151
2026-06-29T19:29:49,dl,ue7,2569564,1920149.1334837913,1.920149
2026-06-29T19:29:49,dl,ue8,2569576,1974676.6962548636,1.974677
2026-06-29T19:29:54,dl,cu_cp1,2568465,439178.5861766434,0.439179
2026-06-29T19:29:54,dl,cu_up1,2568492,608403.3928519457,0.608403
2026-06-29T19:29:54,dl,cu_cp2,2568519,439178.5861766434,0.439179
2026-06-29T19:29:54,dl,cu_up2,2568527,600345.0081350094,0.600345
2026-06-29T19:29:54,dl,du1,2568709,4947809.9720806405,4.947810
2026-06-29T19:29:54,dl,du2,2569477,4758439.349027896,4.758439
2026-06-29T19:29:54,dl,ue1,2568755,1974289.0597925233,1.974289
2026-06-29T19:29:54,dl,ue2,2568767,1978318.0703823685,1.978318
2026-06-29T19:29:54,dl,ue3,2568779,1917880.730311215,1.917881
2026-06-29T19:29:54,dl,ue4,2568791,2111280.5093687032,2.111281
2026-06-29T19:29:54,dl,ue5,2569540,1929968.343740344,1.929968
2026-06-29T19:29:54,dl,ue6,2569552,1950113.9783491634,1.950114
2026-06-29T19:29:54,dl,ue7,2569564,1978318.0703823685,1.978318
2026-06-29T19:29:54,dl,ue8,2569576,2018609.9212596011,2.018610
2026-06-29T19:30:00,dl,cu_cp1,2568465,436697.5595854223,0.436698
2026-06-29T19:30:00,dl,cu_up1,2568492,596953.5606708229,0.596954
2026-06-29T19:30:00,dl,cu_cp2,2568519,432691.15232957155,0.432691
2026-06-29T19:30:00,dl,cu_up2,2568527,592947.1534149721,0.592947
2026-06-29T19:30:00,dl,du1,2568709,4683481.443774223,4.683481
2026-06-29T19:30:00,dl,du2,2569477,4699506.928223312,4.699507
2026-06-29T19:30:00,dl,ue1,2568755,1919065.4250510633,1.919065
2026-06-29T19:30:00,dl,ue2,2568767,1935091.0540744662,1.935091
2026-06-29T19:30:00,dl,ue3,2568779,1911052.682826519,1.911053
2026-06-29T19:30:00,dl,ue4,2568791,2023231.9414160252,2.023232
2026-06-29T19:30:00,dl,ue5,2569540,1903039.7960276604,1.903040
2026-06-29T19:30:00,dl,ue6,2569552,1939097.3528995812,1.939097
2026-06-29T19:30:00,dl,ue7,2569564,1915059.1262259483,1.915059
2026-06-29T19:30:00,dl,ue8,2569576,1983167.941144675,1.983168
2026-06-29T19:30:05,dl,cu_cp1,2568465,444365.00882653834,0.444365
2026-06-29T19:30:05,dl,cu_up1,2568492,600493.2493192655,0.600493
2026-06-29T19:30:05,dl,cu_cp2,2568519,432355.1164150345,0.432355
2026-06-29T19:30:05,dl,cu_up2,2568527,604496.5227326453,0.604497
2026-06-29T19:30:05,dl,du1,2568709,4647817.97057549,4.647818
2026-06-29T19:30:05,dl,du2,2569477,4711870.345189567,4.711870
2026-06-29T19:30:05,dl,ue1,2568755,1905565.0732197643,1.905565
2026-06-29T19:30:05,dl,ue2,2568767,1929584.858042772,1.929585
2026-06-29T19:30:05,dl,ue3,2568779,1905565.0732197643,1.905565
2026-06-29T19:30:05,dl,ue4,2568791,1969617.8808620274,1.969618
2026-06-29T19:30:05,dl,ue5,2569540,1901561.8719777488,1.901562
2026-06-29T19:30:05,dl,ue6,2569552,1961611.189692539,1.961611
2026-06-29T19:30:05,dl,ue7,2569564,1933588.0592847872,1.933588
2026-06-29T19:30:05,dl,ue8,2569576,2005647.4137538099,2.005647
2026-06-29T19:30:10,dl,cu_cp1,2568465,454736.2725709462,0.454736
2026-06-29T19:30:10,dl,cu_up1,2568492,621782.2768263746,0.621782
2026-06-29T19:30:10,dl,cu_cp2,2568519,436175.6054314542,0.436176
2026-06-29T19:30:10,dl,cu_up2,2568527,584660.9063740862,0.584661
2026-06-29T19:30:10,dl,du1,2568709,4770090.876076584,4.770091
2026-06-29T19:30:10,dl,du2,2569477,4649446.539669885,4.649447
2026-06-29T19:30:10,dl,ue1,2568755,1911748.5706744622,1.911749
2026-06-29T19:30:10,dl,ue2,2568767,1921028.759550991,1.921029
2026-06-29T19:30:10,dl,ue3,2568779,1911748.5706744622,1.911749
2026-06-29T19:30:10,dl,ue4,2568791,1976710.7609694672,1.976711
2026-06-29T19:30:10,dl,ue5,2569540,1921028.759550991,1.921029
2026-06-29T19:30:10,dl,ue6,2569552,1948869.760260229,1.948870
2026-06-29T19:30:10,dl,ue7,2569564,1921028.759550991,1.921029
2026-06-29T19:30:10,dl,ue8,2569576,1995271.5728021765,1.995272
2026-06-29T19:30:16,dl,cu_cp1,2568465,447139.6720722735,0.447140
2026-06-29T19:30:16,dl,cu_up1,2568492,618543.2046002268,0.618543
2026-06-29T19:30:16,dl,cu_cp2,2568519,432235.0139270782,0.432235
2026-06-29T19:30:16,dl,cu_up2,2568527,588733.9244516284,0.588734
2026-06-29T19:30:16,dl,du1,2568709,4769490.028193807,4.769490
2026-06-29T19:30:16,dl,du2,2569477,4776941.88742311,4.776942
2026-06-29T19:30:16,dl,ue1,2568755,1915248.2463814616,1.915248
2026-06-29T19:30:16,dl,ue2,2568767,1937605.2697410465,1.937605
2026-06-29T19:30:16,dl,ue3,2568779,1870534.199662292,1.870534
2026-06-29T19:30:16,dl,ue4,2568791,2004676.0506854653,2.004676
2026-06-29T19:30:16,dl,ue5,2569540,1907795.953450656,1.907796
2026-06-29T19:30:16,dl,ue6,2569552,1945057.562671852,1.945058
2026-06-29T19:30:16,dl,ue7,2569564,1915248.2463814616,1.915248
2026-06-29T19:30:16,dl,ue8,2569576,1997223.9023218274,1.997224
2026-06-29T19:30:22,dl,cu_cp1,2568465,438009.02725779533,0.438009
2026-06-29T19:30:22,dl,cu_up1,2568492,573730.1672823286,0.573730
2026-06-29T19:30:22,dl,cu_cp2,2568519,431839.86978910444,0.431840
2026-06-29T19:30:22,dl,cu_up2,2568527,567561.0098136377,0.567561
2026-06-29T19:30:22,dl,du1,2568709,4596010.279536209,4.596010
2026-06-29T19:30:22,dl,du2,2569477,4565164.420129051,4.565164
2026-06-29T19:30:22,dl,ue1,2568755,1869249.8847451974,1.869250
2026-06-29T19:30:22,dl,ue2,2568767,1918602.8562399102,1.918603
2026-06-29T19:30:22,dl,ue3,2568779,1887757.2850875664,1.887757
2026-06-29T19:30:22,dl,ue4,2568791,1980294.4309268189,1.980294
2026-06-29T19:30:22,dl,ue5,2569540,1893926.5146199607,1.893927
2026-06-29T19:30:22,dl,ue6,2569552,1949448.571519661,1.949449
2026-06-29T19:30:22,dl,ue7,2569564,1924772.2298997117,1.924772
2026-06-29T19:30:22,dl,ue8,2569576,1967956.115989437,1.967956
2026-06-29T19:30:27,dl,cu_cp1,2568465,446975.5215186283,0.446976
2026-06-29T19:30:27,dl,cu_up1,2568492,588699.4655942619,0.588699
2026-06-29T19:30:27,dl,cu_cp2,2568519,428805.81676278415,0.428806
2026-06-29T19:30:27,dl,cu_up2,2568527,603235.2584554136,0.603235
2026-06-29T19:30:27,dl,du1,2568709,4818614.461777496,4.818614
2026-06-29T19:30:27,dl,du2,2569477,4778640.886126948,4.778641
2026-06-29T19:30:27,dl,ue1,2568755,1915090.2736095905,1.915090
2026-06-29T19:30:27,dl,ue2,2568767,1951429.7557624697,1.951430
2026-06-29T19:30:27,dl,ue3,2568779,1918724.2218248784,1.918724
2026-06-29T19:30:27,dl,ue4,2568791,2082251.7462304533,2.082252
2026-06-29T19:30:27,dl,ue5,2569540,1918724.2218248784,1.918724
2026-06-29T19:30:27,dl,ue6,2569552,1951429.7557624697,1.951430
2026-06-29T19:30:27,dl,ue7,2569564,1889652.636102575,1.889653
2026-06-29T19:30:27,dl,ue8,2569576,2071349.9015845894,2.071350
2026-06-29T19:30:33,dl,cu_cp1,2568465,451771.8529803917,0.451772
2026-06-29T19:30:33,dl,cu_up1,2568492,619364.6400832325,0.619365
2026-06-29T19:30:33,dl,cu_cp2,2568519,429911.9052545822,0.429912
2026-06-29T19:30:33,dl,cu_up2,2568527,586574.7366772306,0.586575
2026-06-29T19:30:33,dl,du1,2568709,4725387.869554696,4.725388
2026-06-29T19:30:33,dl,du2,2569477,4823757.216118455,4.823757
2026-06-29T19:30:33,dl,ue1,2568755,1981966.848266344,1.981967
2026-06-29T19:30:33,dl,ue2,2568767,1934603.5009147704,1.934604
2026-06-29T19:30:33,dl,ue3,2568779,1934603.5009147704,1.934604
2026-06-29T19:30:33,dl,ue4,2568791,2018399.9126489032,2.018400
2026-06-29T19:30:33,dl,ue5,2569540,1941890.259252981,1.941890
2026-06-29T19:30:33,dl,ue6,2569552,1963750.2433442152,1.963750
2026-06-29T19:30:33,dl,ue7,2569564,1930960.121745665,1.930960
2026-06-29T19:30:33,dl,ue8,2569576,2054833.2679548596,2.054833
2026-06-29T19:30:38,dl,cu_cp1,2568465,441220.205362907,0.441220
2026-06-29T19:30:38,dl,cu_up1,2568492,608956.8695607483,0.608957
2026-06-29T19:30:38,dl,cu_cp2,2568519,433927.3147971064,0.433927
2026-06-29T19:30:38,dl,cu_up2,2568527,601663.9427580625,0.601664
2026-06-29T19:30:38,dl,du1,2568709,4689331.822655725,4.689332
2026-06-29T19:30:38,dl,du2,2569477,4736736.046176052,4.736736
2026-06-29T19:30:38,dl,ue1,2568755,1910738.7777151824,1.910739
2026-06-29T19:30:38,dl,ue2,2568767,1925324.5588467836,1.925325
2026-06-29T19:30:38,dl,ue3,2568779,1914385.078050542,1.914385
2026-06-29T19:30:38,dl,ue4,2568791,1990960.7188865305,1.990961
2026-06-29T19:30:38,dl,ue5,2569540,1910738.7777151824,1.910739
2026-06-29T19:30:38,dl,ue6,2569552,1928970.8591821431,1.928971
2026-06-29T19:30:38,dl,ue7,2569564,1969082.0471891284,1.969082
2026-06-29T19:30:38,dl,ue8,2569576,2034718.0622813343,2.034718
2026-06-29T19:30:44,dl,cu_cp1,2568465,447712.70489141584,0.447713
2026-06-29T19:30:44,dl,cu_up1,2568492,596950.3215331114,0.596950
2026-06-29T19:30:44,dl,cu_cp2,2568519,432406.28639056685,0.432406
2026-06-29T19:30:44,dl,cu_up2,2568527,608430.0991503304,0.608430
2026-06-29T19:30:44,dl,du1,2568709,4679937.492893002,4.679937
2026-06-29T19:30:44,dl,du2,2569477,4741162.876829057,4.741163
2026-06-29T19:30:44,dl,ue1,2568755,1897995.894105277,1.897996
2026-06-29T19:30:44,dl,ue2,2568767,1909475.7442393315,1.909476
2026-06-29T19:30:44,dl,ue3,2568779,1913302.312606126,1.913302
2026-06-29T19:30:44,dl,ue4,2568791,2005140.82361122,2.005141
2026-06-29T19:30:44,dl,ue5,2569540,1882689.3305707574,1.882689
2026-06-29T19:30:44,dl,ue6,2569552,1951568.2863414132,1.951568
2026-06-29T19:30:44,dl,ue7,2569564,1905649.0308388663,1.905649
2026-06-29T19:30:44,dl,ue8,2569576,1989834.2600767005,1.989834
2026-06-29T19:30:49,dl,cu_cp1,2568465,445767.18918515445,0.445767
2026-06-29T19:30:49,dl,cu_up1,2568492,610419.9242844582,0.610420
2026-06-29T19:30:49,dl,cu_cp2,2568519,437735.32898784877,0.437735
2026-06-29T19:30:49,dl,cu_up2,2568527,582308.486129427,0.582308
2026-06-29T19:30:49,dl,du1,2568709,4718706.622908592,4.718707
2026-06-29T19:30:49,dl,du2,2569477,4782961.214344883,4.782961
2026-06-29T19:30:49,dl,ue1,2568755,1903546.2244869708,1.903546
2026-06-29T19:30:49,dl,ue2,2568767,1923625.9475157738,1.923626
2026-06-29T19:30:49,dl,ue3,2568779,1891498.6517976285,1.891499
2026-06-29T19:30:49,dl,ue4,2568791,1979848.9688969136,1.979849
2026-06-29T19:30:49,dl,ue5,2569540,1867403.0712057115,1.867403
2026-06-29T19:30:49,dl,ue6,2569552,1951737.2405997277,1.951737
2026-06-29T19:30:49,dl,ue7,2569564,1911578.2297553539,1.911578
2026-06-29T19:30:49,dl,ue8,2569576,1991896.6866573333,1.991897
2026-06-29T19:30:54,dl,cu_cp1,2568465,445867.10950632097,0.445867
2026-06-29T19:30:54,dl,cu_up1,2568492,610556.8029539012,0.610557
2026-06-29T19:30:54,dl,cu_cp2,2568519,437833.4597511172,0.437833
2026-06-29T19:30:54,dl,cu_up2,2568527,606539.96,0.606540
2026-06-29T19:30:54,dl,du1,2568709,4755916.027547951,4.755916
2026-06-29T19:30:54,dl,du2,2569477,4663528.784218617,4.663529
2026-06-29T19:30:54,dl,ue1,2568755,1903973.2928111362,1.903973
2026-06-29T19:30:54,dl,ue2,2568767,1928074.2059241487,1.928074
2026-06-29T19:30:54,dl,ue3,2568779,1920040.3754059505,1.920040
2026-06-29T19:30:54,dl,ue4,2568791,2000376.80065279,2.000377
2026-06-29T19:30:54,dl,ue5,2569540,1879872.2350877286,1.879872
2026-06-29T19:30:54,dl,ue6,2569552,1948158.2760832596,1.948158
2026-06-29T19:30:54,dl,ue7,2569564,1928074.2059241487,1.928074
2026-06-29T19:30:54,dl,ue8,2569576,1984309.4288371848,1.984309
2026-06-29T19:31:00,dl,cu_cp1,2568465,444486.60215756536,0.444487
2026-06-29T19:31:00,dl,cu_up1,2568492,588644.4229944623,0.588644
2026-06-29T19:31:00,dl,cu_cp2,2568519,428469.04635979893,0.428469
2026-06-29T19:31:00,dl,cu_up2,2568527,584640.0431121706,0.584640
2026-06-29T19:31:00,dl,du1,2568709,4709155.383955698,4.709155
2026-06-29T19:31:00,dl,du2,2569477,4637076.618611651,4.637077
2026-06-29T19:31:00,dl,ue1,2568755,1906086.709937992,1.906087
2026-06-29T19:31:00,dl,ue2,2568767,1914095.5422397756,1.914096
2026-06-29T19:31:00,dl,ue3,2568779,1902082.2212498998,1.902082
2026-06-29T19:31:00,dl,ue4,2568791,2002191.9721873903,2.002192
2026-06-29T19:31:00,dl,ue5,2569540,1886064.8467951345,1.886065
2026-06-29T19:31:00,dl,ue6,2569552,1946130.4362237072,1.946130
2026-06-29T19:31:00,dl,ue7,2569564,1930112.916694541,1.930113
2026-06-29T19:31:00,dl,ue8,2569576,1986174.4526582242,1.986174
2026-06-29T19:31:05,dl,cu_cp1,2568465,455890.6947203541,0.455891
2026-06-29T19:31:05,dl,cu_up1,2568492,604550.7212870127,0.604551
2026-06-29T19:31:05,dl,cu_cp2,2568519,436069.355416736,0.436069
2026-06-29T19:31:05,dl,cu_up2,2568527,584729.3819833946,0.584729
2026-06-29T19:31:05,dl,du1,2568709,4836405.770296101,4.836406
2026-06-29T19:31:05,dl,du2,2569477,4816584.613097253,4.816585
2026-06-29T19:31:05,dl,ue1,2568755,1863205.5303305602,1.863206
2026-06-29T19:31:05,dl,ue2,2568767,1922669.4389785528,1.922669
2026-06-29T19:31:05,dl,ue3,2568779,1892937.5574964643,1.892938
2026-06-29T19:31:05,dl,ue4,2568791,2061418.9962086487,2.061419
2026-06-29T19:31:05,dl,ue5,2569540,1863205.5303305602,1.863206
2026-06-29T19:31:05,dl,ue6,2569552,1982133.493310361,1.982133
2026-06-29T19:31:05,dl,ue7,2569564,1922669.4389785528,1.922669
2026-06-29T19:31:05,dl,ue8,2569576,2011865.5204762649,2.011866
2026-06-29T19:31:11,dl,cu_cp1,2568465,449193.50661559403,0.449194
2026-06-29T19:31:11,dl,cu_up1,2568492,630446.9962466955,0.630447
2026-06-29T19:31:11,dl,cu_cp2,2568519,433432.30991960317,0.433432
2026-06-29T19:31:11,dl,cu_up2,2568527,583163.4787914678,0.583163
2026-06-29T19:31:11,dl,du1,2568709,4728352.762381196,4.728353
2026-06-29T19:31:11,dl,du2,2569477,4665307.830331743,4.665308
2026-06-29T19:31:11,dl,ue1,2568755,1914982.801942259,1.914983
2026-06-29T19:31:11,dl,ue2,2568767,1930744.1075873673,1.930744
2026-06-29T19:31:11,dl,ue3,2568779,1891340.9887400866,1.891341
2026-06-29T19:31:11,dl,ue4,2568791,2001669.2566629052,2.001669
2026-06-29T19:31:11,dl,ue5,2569540,1914982.801942259,1.914983
2026-06-29T19:31:11,dl,ue6,2569552,1993788.603840351,1.993789
2026-06-29T19:31:11,dl,ue7,2569564,1938624.4698789418,1.938624
2026-06-29T19:31:11,dl,ue8,2569576,1978027.5887262225,1.978028
2026-06-29T19:31:16,dl,cu_cp1,2568465,457998.8667643118,0.457999
2026-06-29T19:31:16,dl,cu_up1,2568492,617302.8172513902,0.617303
2026-06-29T19:31:16,dl,cu_cp2,2568519,451361.2051986706,0.451361
2026-06-29T19:31:16,dl,cu_up2,2568527,584114.4729673392,0.584114
2026-06-29T19:31:16,dl,du1,2568709,4653002.726130099,4.653003
2026-06-29T19:31:16,dl,du2,2569477,4918508.897108984,4.918509
2026-06-29T19:31:16,dl,ue1,2568755,1891734.348236327,1.891734
2026-06-29T19:31:16,dl,ue2,2568767,1938198.0521075057,1.938198
2026-06-29T19:31:16,dl,ue3,2568779,1924922.5831528425,1.924923
2026-06-29T19:31:16,dl,ue4,2568791,1984661.7559786844,1.984662
2026-06-29T19:31:16,dl,ue5,2569540,1911647.405844941,1.911647
2026-06-29T19:31:16,dl,ue6,2569552,2011212.2564178682,2.011212
2026-06-29T19:31:16,dl,ue7,2569564,2037763.0485038138,2.037763
2026-06-29T19:31:16,dl,ue8,2569576,2104139.5183368446,2.104140
2026-06-29T19:31:22,dl,cu_cp1,2568465,451670.8381697917,0.451671
2026-06-29T19:31:22,dl,cu_up1,2568492,615583.6259013581,0.615584
2026-06-29T19:31:22,dl,cu_cp2,2568519,440743.2850055808,0.440743
2026-06-29T19:31:22,dl,cu_up2,2568527,575516.0280576509,0.575516
2026-06-29T19:31:22,dl,du1,2568709,4811751.224849617,4.811751
2026-06-29T19:31:22,dl,du2,2569477,4815393.912481554,4.815394
2026-06-29T19:31:22,dl,ue1,2568755,1926886.0733914888,1.926886
2026-06-29T19:31:22,dl,ue2,2568767,1945098.4920879744,1.945098
2026-06-29T19:31:22,dl,ue3,2568779,1901388.5707063293,1.901389
2026-06-29T19:31:22,dl,ue4,2568791,2025233.687775389,2.025234
2026-06-29T19:31:22,dl,ue5,2569540,1846750.8777040744,1.846751
2026-06-29T19:31:22,dl,ue6,2569552,1966953.5984163964,1.966954
2026-06-29T19:31:22,dl,ue7,2569564,1919600.989402815,1.919601
2026-06-29T19:31:22,dl,ue8,2569576,2025233.687775389,2.025234
2026-06-29T19:31:27,dl,cu_cp1,2568465,448114.74148679373,0.448115
2026-06-29T19:31:27,dl,cu_up1,2568492,608415.9518903893,0.608416
2026-06-29T19:31:27,dl,cu_cp2,2568519,437185.09947292326,0.437185
2026-06-29T19:31:27,dl,cu_up2,2568527,590199.869761399,0.590200
2026-06-29T19:31:27,dl,du1,2568709,4739815.003902564,4.739815
2026-06-29T19:31:27,dl,du2,2569477,4685167.157009397,4.685167
2026-06-29T19:31:27,dl,ue1,2568755,1923614.3795726728,1.923614
2026-06-29T19:31:27,dl,ue2,2568767,1909041.717248144,1.909042
2026-06-29T19:31:27,dl,ue3,2568779,1909041.717248144,1.909042
2026-06-29T19:31:27,dl,ue4,2568791,1981905.7552231573,1.981906
2026-06-29T19:31:27,dl,ue5,2569540,1905398.3337613011,1.905398
2026-06-29T19:31:27,dl,ue6,2569552,1967332.9476281547,1.967333
2026-06-29T19:31:27,dl,ue7,2569564,1912684.8101940393,1.912685
2026-06-29T19:31:27,dl,ue8,2569576,2021981.08506227,2.021981
2026-06-29T19:31:33,dl,cu_cp1,2568465,451998.2428319788,0.451998
2026-06-29T19:31:33,dl,cu_up1,2568492,616029.8605777455,0.616030
2026-06-29T19:31:33,dl,cu_cp2,2568519,437417.64732204436,0.437418
2026-06-29T19:31:33,dl,cu_up2,2568527,597804.1616019916,0.597804
2026-06-29T19:31:33,dl,du1,2568709,4760561.872775726,4.760562
2026-06-29T19:31:33,dl,du2,2569477,4691304.216667862,4.691304
2026-06-29T19:31:33,dl,ue1,2568755,1906411.8911143113,1.906412
2026-06-29T19:31:33,dl,ue2,2568767,1920992.4502949142,1.920992
2026-06-29T19:31:33,dl,ue3,2568779,1891831.3319337082,1.891831
2026-06-29T19:31:33,dl,ue4,2568791,2001185.816422882,2.001186
2026-06-29T19:31:33,dl,ue5,2569540,1902766.7513191605,1.902767
2026-06-29T19:31:33,dl,ue6,2569552,1957443.848246422,1.957444
2026-06-29T19:31:33,dl,ue7,2569564,1953798.9990859223,1.953799
2026-06-29T19:31:33,dl,ue8,2569576,1990250.2517201041,1.990250
2026-06-29T19:31:38,dl,cu_cp1,2568465,441369.341064477,0.441369
2026-06-29T19:31:38,dl,cu_up1,2568492,598466.8704936481,0.598467
2026-06-29T19:31:38,dl,cu_cp2,2568519,437628.8761087012,0.437629
2026-06-29T19:31:38,dl,cu_up2,2568527,605947.7277247119,0.605948
2026-06-29T19:31:38,dl,du1,2568709,4593233.257385425,4.593233
2026-06-29T19:31:38,dl,du2,2569477,4757811.535024929,4.757812
2026-06-29T19:31:38,dl,ue1,2568755,1907613.215565195,1.907613
2026-06-29T19:31:38,dl,ue2,2568767,1918834.3560508157,1.918834
2026-06-29T19:31:38,dl,ue3,2568779,1888911.0724875354,1.888911
2026-06-29T19:31:38,dl,ue4,2568791,1974940.7852837944,1.974941
2026-06-29T19:31:38,dl,ue5,2569540,1903872.7869496632,1.903873
2026-06-29T19:31:38,dl,ue6,2569552,1982421.3517929078,1.982421
2026-06-29T19:31:38,dl,ue7,2569564,1933796.0705129432,1.933796
2026-06-29T19:31:38,dl,ue8,2569576,2004863.9234860993,2.004864
2026-06-29T19:31:44,dl,cu_cp1,2568465,442904.9394249475,0.442905
2026-06-29T19:31:44,dl,cu_up1,2568492,612014.1386154592,0.612014
2026-06-29T19:31:44,dl,cu_cp2,2568519,434852.1482385671,0.434852
2026-06-29T19:31:44,dl,cu_up2,2568527,607987.7065049863,0.607988
2026-06-29T19:31:44,dl,du1,2568709,4755188.824954624,4.755189
2026-06-29T19:31:44,dl,du2,2569477,4743109.492105923,4.743109
2026-06-29T19:31:44,dl,ue1,2568755,1900464.854889269,1.900465
2026-06-29T19:31:44,dl,ue2,2568767,1928649.770110731,1.928650
2026-06-29T19:31:44,dl,ue3,2568779,1896438.4592960787,1.896438
2026-06-29T19:31:44,dl,ue4,2568791,2061521.1168242693,2.061521
2026-06-29T19:31:44,dl,ue5,2569540,1888385.6681096982,1.888386
2026-06-29T19:31:44,dl,ue6,2569552,1985019.4544845247,1.985019
2026-06-29T19:31:44,dl,ue7,2569564,1948781.748076682,1.948782
2026-06-29T19:31:44,dl,ue8,2569576,1997098.6412640952,1.997099
2026-06-29T19:31:49,dl,cu_cp1,2568465,452510.91772566584,0.452511
2026-06-29T19:31:49,dl,cu_up1,2568492,606041.3822588861,0.606041
2026-06-29T19:31:49,dl,cu_cp2,2568519,432309.5456140995,0.432310
2026-06-29T19:31:49,dl,cu_up2,2568527,610081.6931665152,0.610082
2026-06-29T19:31:49,dl,du1,2568709,4824089.922331631,4.824090
2026-06-29T19:31:49,dl,du2,2569477,4799848.20282712,4.799848
2026-06-29T19:31:49,dl,ue1,2568755,1951453.312168944,1.951453
2026-06-29T19:31:49,dl,ue2,2568767,1943372.836294949,1.943373
2026-06-29T19:31:49,dl,ue3,2568779,1919130.9708491743,1.919131
2026-06-29T19:31:49,dl,ue4,2568791,2040339.4224304676,2.040339
2026-06-29T19:31:49,dl,ue5,2569540,1890849.1593489288,1.890849
2026-06-29T19:31:49,dl,ue6,2569552,1999936.605236703,1.999937
2026-06-29T19:31:49,dl,ue7,2569564,1931251.9765426933,1.931252
2026-06-29T19:31:49,dl,ue8,2569576,1983775.50754745,1.983776
2026-06-29T19:31:55,dl,cu_cp1,2568465,443922.8281180656,0.443923
2026-06-29T19:31:55,dl,cu_up1,2568492,605349.2878978115,0.605349
2026-06-29T19:31:55,dl,cu_cp2,2568519,439887.1475064427,0.439887
2026-06-29T19:31:55,dl,cu_up2,2568527,593242.3188901019,0.593242
2026-06-29T19:31:55,dl,du1,2568709,4729795.683020005,4.729796
2026-06-29T19:31:55,dl,du2,2569477,4721724.394623918,4.721724
2026-06-29T19:31:55,dl,ue1,2568755,1908868.007970648,1.908868
2026-06-29T19:31:55,dl,ue2,2568767,1916939.4420210528,1.916939
2026-06-29T19:31:55,dl,ue3,2568779,1949224.5956053997,1.949225
2026-06-29T19:31:55,dl,ue4,2568791,2001688.407142918,2.001688
2026-06-29T19:31:55,dl,ue5,2569540,1888689.786980431,1.888690
2026-06-29T19:31:55,dl,ue6,2569552,2005723.9056866432,2.005724
2026-06-29T19:31:55,dl,ue7,2569564,1929046.5202695013,1.929047
2026-06-29T19:31:55,dl,ue8,2569576,2001688.407142918,2.001688
2026-06-29T19:32:00,dl,cu_cp1,2568465,455506.654262867,0.455507
2026-06-29T19:32:00,dl,cu_up1,2568492,624810.0234397602,0.624810
2026-06-29T19:32:00,dl,cu_cp2,2568519,435351.4687259388,0.435351
2026-06-29T19:32:00,dl,cu_up2,2568527,588530.7404476404,0.588531
2026-06-29T19:32:00,dl,du1,2568709,4732431.942328033,4.732432
2026-06-29T19:32:00,dl,du2,2569477,4724369.838985061,4.724370
2026-06-29T19:32:00,dl,ue1,2568755,1894585.2558562087,1.894585
2026-06-29T19:32:00,dl,ue2,2568767,1910709.3169011497,1.910709
2026-06-29T19:32:00,dl,ue3,2568779,1914740.5142136384,1.914741
2026-06-29T19:32:00,dl,ue4,2568791,2011485.1717652893,2.011485
2026-06-29T19:32:00,dl,ue5,2569540,1914740.5142136384,1.914741
2026-06-29T19:32:00,dl,ue6,2569552,1959081.791317978,1.959082
2026-06-29T19:32:00,dl,ue7,2569564,1910709.3169011497,1.910709
2026-06-29T19:32:00,dl,ue8,2569576,2007454.1200938034,2.007454
2026-06-29T19:32:06,dl,cu_cp1,2568465,449942.0630182591,0.449942
2026-06-29T19:32:06,dl,cu_up1,2568492,619731.553147915,0.619732
2026-06-29T19:32:06,dl,cu_cp2,2568519,441452.58668570546,0.441453
2026-06-29T19:32:06,dl,cu_up2,2568527,585773.6112962839,0.585774
2026-06-29T19:32:06,dl,du1,2568709,4728636.418118706,4.728636
2026-06-29T19:32:06,dl,du2,2569477,4838999.464356236,4.838999
2026-06-29T19:32:06,dl,ue1,2568755,1893152.4917311263,1.893152
2026-06-29T19:32:06,dl,ue2,2568767,1952578.6799733352,1.952579
2026-06-29T19:32:06,dl,ue3,2568779,1910131.4443962337,1.910131
2026-06-29T19:32:06,dl,ue4,2568791,2003515.537968657,2.003516
2026-06-29T19:32:06,dl,ue5,2569540,1884662.8693129062,1.884663
2026-06-29T19:32:06,dl,ue6,2569552,1986536.5853035497,1.986537
2026-06-29T19:32:06,dl,ue7,2569564,1944089.349726448,1.944089
2026-06-29T19:32:06,dl,ue8,2569576,2012005.0143012106,2.012005
2026-06-29T19:32:11,dl,cu_cp1,2568465,445462.84344515204,0.445463
2026-06-29T19:32:11,dl,cu_up1,2568492,598590.7186518759,0.598591
2026-06-29T19:32:11,dl,cu_cp2,2568519,438502.5252294913,0.438503
2026-06-29T19:32:11,dl,cu_up2,2568527,577709.6182611957,0.577710
2026-06-29T19:32:11,dl,du1,2568709,4712161.920919418,4.712162
2026-06-29T19:32:11,dl,du2,2569477,4781765.613178968,4.781766
2026-06-29T19:32:11,dl,ue1,2568755,1914098.1850325763,1.914098
2026-06-29T19:32:11,dl,ue2,2568767,1928019.0400794446,1.928019
2026-06-29T19:32:11,dl,ue3,2568779,1900177.4757294059,1.900177
2026-06-29T19:32:11,dl,ue4,2568791,2018503.5776782036,2.018504
2026-06-29T19:32:11,dl,ue5,2569540,1886256.9121699333,1.886257
2026-06-29T19:32:11,dl,ue6,2569552,1976741.3040249944,1.976741
2026-06-29T19:32:11,dl,ue7,2569564,1941939.6036389172,1.941940
2026-06-29T19:32:11,dl,ue8,2569576,2081146.8424143195,2.081147
2026-06-29T19:32:17,dl,cu_cp1,2568465,454926.19684025645,0.454926
2026-06-29T19:32:17,dl,cu_up1,2568492,622530.6121017933,0.622531
2026-06-29T19:32:17,dl,cu_cp2,2568519,442954.4711818397,0.442954
2026-06-29T19:32:17,dl,cu_up2,2568527,598587.0876296163,0.598587
2026-06-29T19:32:17,dl,du1,2568709,4896442.524584055,4.896443
2026-06-29T19:32:17,dl,du2,2569477,4818626.307804346,4.818626
2026-06-29T19:32:17,dl,ue1,2568755,1927450.6109081507,1.927451
2026-06-29T19:32:17,dl,ue2,2568767,1939422.1902558804,1.939422
2026-06-29T19:32:17,dl,ue3,2568779,1921464.6017682552,1.921465
2026-06-29T19:32:17,dl,ue4,2568791,2136956.102551818,2.136956
2026-06-29T19:32:17,dl,ue5,2569540,1915478.7389390469,1.915479
2026-06-29T19:32:17,dl,ue6,2569552,1987309.2392002344,1.987309
2026-06-29T19:32:17,dl,ue7,2569564,1939422.1902558804,1.939422
2026-06-29T19:32:17,dl,ue8,2569576,2005266.8276878595,2.005267
2026-06-29T19:32:22,dl,cu_cp1,2568465,447452.7210507858,0.447453
2026-06-29T19:32:22,dl,cu_up1,2568492,623499.7184054083,0.623500
2026-06-29T19:32:22,dl,cu_cp2,2568519,440117.3838570482,0.440117
2026-06-29T19:32:22,dl,cu_up2,2568527,594158.5156698019,0.594159
2026-06-29T19:32:22,dl,du1,2568709,4841291.2954472015,4.841291
2026-06-29T19:32:22,dl,du2,2569477,4793612.370394464,4.793612
2026-06-29T19:32:22,dl,ue1,2568755,1951187.1341506182,1.951187
2026-06-29T19:32:22,dl,ue2,2568767,1943851.8699765527,1.943852
2026-06-29T19:32:22,dl,ue3,2568779,1925513.7095413888,1.925514
2026-06-29T19:32:22,dl,ue4,2568791,2050213.492579192,2.050213
2026-06-29T19:32:22,dl,ue5,2569540,1903507.770979848,1.903508
2026-06-29T19:32:22,dl,ue6,2569552,1976860.704799192,1.976861
2026-06-29T19:32:22,dl,ue7,2569564,1929181.3416284216,1.929181
2026-06-29T19:32:22,dl,ue8,2569576,2013537.0256695198,2.013537
2026-06-29T19:32:28,dl,cu_cp1,2568465,443760.0593291092,0.443760
2026-06-29T19:32:28,dl,cu_up1,2568492,608794.8370260239,0.608795
2026-06-29T19:32:28,dl,cu_cp2,2568519,432757.7748389053,0.432758
2026-06-29T19:32:28,dl,cu_up2,2568527,594125.0757682419,0.594125
2026-06-29T19:32:28,dl,du1,2568709,4708991.468185119,4.708991
2026-06-29T19:32:28,dl,du2,2569477,4830016.743389892,4.830017
2026-06-29T19:32:28,dl,ue1,2568755,1932740.280196991,1.932740
2026-06-29T19:32:28,dl,ue2,2568767,1932740.280196991,1.932740
2026-06-29T19:32:28,dl,ue3,2568779,1910735.5654040528,1.910736
2026-06-29T19:32:28,dl,ue4,2568791,1969414.6104351806,1.969415
2026-06-29T19:32:28,dl,ue5,2569540,1921737.8498942566,1.921738
2026-06-29T19:32:28,dl,ue6,2569552,1954744.8491773987,1.954745
2026-06-29T19:32:28,dl,ue7,2569564,1929072.6576168824,1.929073
2026-06-29T19:32:28,dl,ue8,2569576,2020758.7019311523,2.020759
2026-06-29T19:32:33,dl,cu_cp1,2568465,449473.4917772019,0.449473
2026-06-29T19:32:33,dl,cu_up1,2568492,621223.5727506995,0.621224
2026-06-29T19:32:33,dl,cu_cp2,2568519,434856.4643866664,0.434856
2026-06-29T19:32:33,dl,cu_up2,2568527,613915.004247197,0.613915
2026-06-29T19:32:33,dl,du1,2568709,4765149.833149867,4.765150
2026-06-29T19:32:33,dl,du2,2569477,4830926.730448451,4.830927
2026-06-29T19:32:33,dl,ue1,2568755,1896558.8745908046,1.896559
2026-06-29T19:32:33,dl,ue2,2568767,1944064.3140918089,1.944064
2026-06-29T19:32:33,dl,ue3,2568779,1914830.1862330914,1.914830
2026-06-29T19:32:33,dl,ue4,2568791,2002532.4236539507,2.002532
2026-06-29T19:32:33,dl,ue5,2569540,1900213.1953813792,1.900213
2026-06-29T19:32:33,dl,ue6,2569552,1973298.2957952332,1.973298
2026-06-29T19:32:33,dl,ue7,2569564,1933101.4978753782,1.933101
2026-06-29T19:32:33,dl,ue8,2569576,1984261.1120116638,1.984261
2026-06-29T19:32:39,dl,cu_cp1,2568465,449303.11290703894,0.449303
2026-06-29T19:32:39,dl,cu_up1,2568492,597733.542507565,0.597734
2026-06-29T19:32:39,dl,cu_cp2,2568519,437268.186644898,0.437268
2026-06-29T19:32:39,dl,cu_up2,2568527,577675.4048778957,0.577675
2026-06-29T19:32:39,dl,du1,2568709,4761810.530063395,4.761811
2026-06-29T19:32:39,dl,du2,2569477,4773845.5655363845,4.773846
2026-06-29T19:32:39,dl,ue1,2568755,1905526.4603548788,1.905526
2026-06-29T19:32:39,dl,ue2,2568767,1937619.5970539213,1.937620
2026-06-29T19:32:39,dl,ue3,2568779,1877445.0021468329,1.877445
2026-06-29T19:32:39,dl,ue4,2568791,1985759.3021024847,1.985759
2026-06-29T19:32:39,dl,ue5,2569540,1881456.6806378292,1.881457
2026-06-29T19:32:39,dl,ue6,2569552,1965701.0552619672,1.965701
2026-06-29T19:32:39,dl,ue7,2569564,1929596.2400719286,1.929596
2026-06-29T19:32:39,dl,ue8,2569576,2025875.5045545911,2.025876
2026-06-29T19:32:44,dl,cu_cp1,2568465,454569.079963696,0.454569
2026-06-29T19:32:44,dl,cu_up1,2568492,620973.8088290065,0.620974
2026-06-29T19:32:44,dl,cu_cp2,2568519,446451.7644659445,0.446452
2026-06-29T19:32:44,dl,cu_up2,2568527,608797.853954579,0.608798
2026-06-29T19:32:44,dl,du1,2568709,4870382.831636632,4.870383
2026-06-29T19:32:44,dl,du2,2569477,4825738.092448389,4.825738
2026-06-29T19:32:44,dl,ue1,2568755,1923801.237603557,1.923801
2026-06-29T19:32:44,dl,ue2,2568767,1960329.1389712393,1.960329
2026-06-29T19:32:44,dl,ue3,2568779,1923801.237603557,1.923801
2026-06-29T19:32:44,dl,ue4,2568791,2094264.6793343425,2.094265
2026-06-29T19:32:44,dl,ue5,2569540,1899449.4013435007,1.899449
2026-06-29T19:32:44,dl,ue6,2569552,1996856.893361324,1.996857
2026-06-29T19:32:44,dl,ue7,2569564,1952211.8602178872,1.952212
2026-06-29T19:32:44,dl,ue8,2569576,2122675.3019486726,2.122675
2026-06-29T19:32:50,dl,cu_cp1,2568465,448079.08614031674,0.448079
2026-06-29T19:32:50,dl,cu_up1,2568492,609549.0145870954,0.609549
2026-06-29T19:32:50,dl,cu_cp2,2568519,440005.629897511,0.440006
2026-06-29T19:32:50,dl,cu_up2,2568527,605512.2864656926,0.605512
2026-06-29T19:32:50,dl,du1,2568709,4767400.092150402,4.767400
2026-06-29T19:32:50,dl,du2,2569477,4735106.267179179,4.735106
2026-06-29T19:32:50,dl,ue1,2568755,1933602.6324010312,1.933603
2026-06-29T19:32:50,dl,ue2,2568767,1917455.7199154198,1.917456
2026-06-29T19:32:50,dl,ue3,2568779,1921492.3749831258,1.921492
2026-06-29T19:32:50,dl,ue4,2568791,2010300.685868776,2.010301
2026-06-29T19:32:50,dl,ue5,2569540,1897271.8601473153,1.897272
2026-06-29T19:32:50,dl,ue6,2569552,1953786.3460617424,1.953786
2026-06-29T19:32:50,dl,ue7,2569564,1941676.2347512306,1.941676
2026-06-29T19:32:50,dl,ue8,2569576,2050668.405404985,2.050668
2026-06-29T19:32:55,dl,cu_cp1,2568465,451533.852432639,0.451534
2026-06-29T19:32:55,dl,cu_up1,2568492,608764.3639383935,0.608764
2026-06-29T19:32:55,dl,cu_cp2,2568519,443470.7212041539,0.443471
2026-06-29T19:32:55,dl,cu_up2,2568527,584575.0797428793,0.584575
2026-06-29T19:32:55,dl,du1,2568709,4753200.092640467,4.753200
2026-06-29T19:32:55,dl,du2,2569477,4700789.447682138,4.700789
2026-06-29T19:32:55,dl,ue1,2568755,1894829.5612707161,1.894830
2026-06-29T19:32:55,dl,ue2,2568767,1951271.041910348,1.951271
2026-06-29T19:32:55,dl,ue3,2568779,1910955.6777410985,1.910956
2026-06-29T19:32:55,dl,ue4,2568791,2003681.3948955012,2.003681
2026-06-29T19:32:55,dl,ue5,2569540,1898860.9808983707,1.898861
2026-06-29T19:32:55,dl,ue6,2569552,1967397.304367318,1.967397
2026-06-29T19:32:55,dl,ue7,2569564,1927081.7942114805,1.927082
2026-06-29T19:32:55,dl,ue8,2569576,1991586.6980527735,1.991587
2026-06-29T19:33:01,dl,cu_cp1,2568465,450743.10045770556,0.450743
2026-06-29T19:33:01,dl,cu_up1,2568492,618666.9791815996,0.618667
2026-06-29T19:33:01,dl,cu_cp2,2568519,441904.9747127825,0.441905
2026-06-29T19:33:01,dl,cu_up2,2568527,592152.6748653511,0.592153
2026-06-29T19:33:01,dl,du1,2568709,4763736.031372399,4.763736
2026-06-29T19:33:01,dl,du2,2569477,4763736.031372399,4.763736
2026-06-29T19:33:01,dl,ue1,2568755,1935543.6681972432,1.935544
2026-06-29T19:33:01,dl,ue2,2568767,1935543.6681972432,1.935544
2026-06-29T19:33:01,dl,ue3,2568779,1909029.4732587754,1.909029
2026-06-29T19:33:01,dl,ue4,2568791,1970896.1711769355,1.970896
2026-06-29T19:33:01,dl,ue5,2569540,1891353.29468745,1.891353
2026-06-29T19:33:01,dl,ue6,2569552,1962058.0089727521,1.962058
2026-06-29T19:33:01,dl,ue7,2569564,1882515.2783203078,1.882515
2026-06-29T19:33:01,dl,ue8,2569576,2032763.0149321365,2.032763
2026-06-29T19:33:06,dl,cu_cp1,2568465,452760.0411463353,0.452760
2026-06-29T19:33:06,dl,cu_up1,2568492,589306.7184848115,0.589307
2026-06-29T19:33:06,dl,cu_cp2,2568519,445573.35471512226,0.445573
2026-06-29T19:33:06,dl,cu_up2,2568527,596493.3684305674,0.596493
2026-06-29T19:33:06,dl,du1,2568709,4714453.747878492,4.714454
2026-06-29T19:33:06,dl,du2,2569477,4786320.4662487935,4.786320
2026-06-29T19:33:06,dl,ue1,2568755,1933213.4690613914,1.933213
2026-06-29T19:33:06,dl,ue2,2568767,1926026.8556010926,1.926027
2026-06-29T19:33:06,dl,ue3,2568779,1926026.8556010926,1.926027
2026-06-29T19:33:06,dl,ue4,2568791,1983520.2011089684,1.983520
2026-06-29T19:33:06,dl,ue5,2569540,1911653.4827386665,1.911653
2026-06-29T19:33:06,dl,ue6,2569552,1976333.5876486695,1.976334
2026-06-29T19:33:06,dl,ue7,2569564,1940400.08252169,1.940400
2026-06-29T19:33:06,dl,ue8,2569576,2019453.7062359476,2.019454
2026-06-29T19:33:12,dl,cu_cp1,2568465,466987.5102718574,0.466988
2026-06-29T19:33:12,dl,cu_up1,2568492,614457.2465113628,0.614457
2026-06-29T19:33:12,dl,cu_cp2,2568519,442409.24525878695,0.442409
2026-06-29T19:33:12,dl,cu_up2,2568527,571445.2553332865,0.571445
2026-06-29T19:33:12,dl,du1,2568709,4755899.523557975,4.755900
2026-06-29T19:33:12,dl,du2,2569477,4811200.446271097,4.811200
2026-06-29T19:33:12,dl,ue1,2568755,1947829.557676059,1.947830
2026-06-29T19:33:12,dl,ue2,2568767,1960118.781533271,1.960119
2026-06-29T19:33:12,dl,ue3,2568779,1929395.721890241,1.929396
2026-06-29T19:33:12,dl,ue4,2568791,2021564.4623360825,2.021564
2026-06-29T19:33:12,dl,ue5,2569540,1892528.4888018537,1.892528
2026-06-29T19:33:12,dl,ue6,2569552,2003130.7727113473,2.003131
2026-06-29T19:33:12,dl,ue7,2569564,1941684.945747453,1.941685
2026-06-29T19:33:12,dl,ue8,2569576,2058431.6954244697,2.058432
2026-06-29T19:33:17,dl,cu_cp1,2568465,450584.7346538544,0.450585
2026-06-29T19:33:17,dl,cu_up1,2568492,615432.8207935995,0.615433
2026-06-29T19:33:17,dl,cu_cp2,2568519,443258.18392546236,0.443258
2026-06-29T19:33:17,dl,cu_up2,2568527,604442.9581351733,0.604443
2026-06-29T19:33:17,dl,du1,2568709,4692675.3773901705,4.692675
2026-06-29T19:33:17,dl,du2,2569477,4890493.051505194,4.890493
2026-06-29T19:33:17,dl,ue1,2568755,1948870.538236668,1.948871
2026-06-29T19:33:17,dl,ue2,2568767,1915901.023393066,1.915901
2026-06-29T19:33:17,dl,ue3,2568779,1937880.6024465656,1.937881
2026-06-29T19:33:17,dl,ue4,2568791,2018473.172380612,2.018473
2026-06-29T19:33:17,dl,ue5,2569540,1937880.6024465656,1.937881
2026-06-29T19:33:17,dl,ue6,2569552,1985503.511273657,1.985504
2026-06-29T19:33:17,dl,ue7,2569564,1934217.4367798842,1.934217
2026-06-29T19:33:17,dl,ue8,2569576,2113718.6975080897,2.113719
2026-06-29T19:33:23,dl,cu_cp1,2568465,446017.57094656467,0.446018
2026-06-29T19:33:23,dl,cu_up1,2568492,603220.4643754959,0.603220
2026-06-29T19:33:23,dl,cu_cp2,2568519,438705.78895831824,0.438706
2026-06-29T19:33:23,dl,cu_up2,2568527,595908.7188497162,0.595909
2026-06-29T19:33:23,dl,du1,2568709,4697807.876603088,4.697808
2026-06-29T19:33:23,dl,du2,2569477,4807484.642889252,4.807485
2026-06-29T19:33:23,dl,ue1,2568755,1912026.1221871376,1.912026
2026-06-29T19:33:23,dl,ue2,2568767,1948584.9956659032,1.948585
2026-06-29T19:33:23,dl,ue3,2568779,1922993.740475807,1.922994
2026-06-29T19:33:23,dl,ue4,2568791,2014390.8512477875,2.014391
2026-06-29T19:33:23,dl,ue5,2569540,1908370.2494242478,1.908370
2026-06-29T19:33:23,dl,ue6,2569552,1959552.6139545727,1.959553
2026-06-29T19:33:23,dl,ue7,2569564,1933961.5046143436,1.933962
2026-06-29T19:33:23,dl,ue8,2569576,2014390.8512477875,2.014391
2026-06-29T19:33:28,dl,cu_cp1,2568465,451250.62449721363,0.451251
2026-06-29T19:33:28,dl,cu_up1,2568492,620010.9805360979,0.620011
2026-06-29T19:33:28,dl,cu_cp2,2568519,436575.83953202993,0.436576
2026-06-29T19:33:28,dl,cu_up2,2568527,597998.8030883223,0.597999
2026-06-29T19:33:28,dl,du1,2568709,4721622.6617021635,4.721623
2026-06-29T19:33:28,dl,du2,2569477,4743634.692954707,4.743635
2026-06-29T19:33:28,dl,ue1,2568755,1933407.2319222915,1.933407
2026-06-29T19:33:28,dl,ue2,2568767,1966425.424996339,1.966425
2026-06-29T19:33:28,dl,ue3,2568779,1981100.2099615228,1.981100
2026-06-29T19:33:28,dl,ue4,2568791,2006781.3029434418,2.006781
2026-06-29T19:33:28,dl,ue5,2569540,1907726.2851356042,1.907726
2026-06-29T19:33:28,dl,ue6,2569552,1981100.2099615228,1.981100
2026-06-29T19:33:28,dl,ue7,2569564,1944413.2475485634,1.944413
2026-06-29T19:33:28,dl,ue8,2569576,2039799.642212721,2.039800
2026-06-29T19:33:34,dl,cu_cp1,2568465,446051.40909864125,0.446051
2026-06-29T19:33:34,dl,cu_up1,2568492,603945.6832068908,0.603946
2026-06-29T19:33:34,dl,cu_cp2,2568519,438156.6935708022,0.438157
2026-06-29T19:33:34,dl,cu_up2,2568527,592103.5916908664,0.592104
2026-06-29T19:33:34,dl,du1,2568709,4649987.04496336,4.649987
2026-06-29T19:33:34,dl,du2,2569477,4705250.3087979555,4.705250
2026-06-29T19:33:34,dl,ue1,2568755,1902626.3328636193,1.902626
2026-06-29T19:33:34,dl,ue2,2568767,1926310.4429986048,1.926310
2026-06-29T19:33:34,dl,ue3,2568779,1914468.4608281755,1.914468
2026-06-29T19:33:34,dl,ue4,2568791,1989468.1672213173,1.989468
2026-06-29T19:33:34,dl,ue5,2569540,1894731.5808872485,1.894732
2026-06-29T19:33:34,dl,ue6,2569552,1977626.039256761,1.977626
2026-06-29T19:33:34,dl,ue7,2569564,1918415.836816361,1.918416
2026-06-29T19:33:34,dl,ue8,2569576,2013152.4231504297,2.013152
2026-06-29T19:33:39,dl,cu_cp1,2568465,443283.42351478577,0.443283
2026-06-29T19:33:39,dl,cu_up1,2568492,634423.9849689198,0.634424
2026-06-29T19:33:39,dl,cu_cp2,2568519,439216.59369749547,0.439217
2026-06-29T19:33:39,dl,cu_up2,2568527,589688.9303051447,0.589689
2026-06-29T19:33:39,dl,du1,2568709,4896451.661096258,4.896452
2026-06-29T19:33:39,dl,du2,2569477,4819182.334526253,4.819182
2026-06-29T19:33:39,dl,ue1,2568755,1952073.6194085693,1.952074
2026-06-29T19:33:39,dl,ue2,2568767,1964274.2555132771,1.964274
2026-06-29T19:33:39,dl,ue3,2568779,1923606.1039932107,1.923606
2026-06-29T19:33:39,dl,ue4,2568791,1992741.9175814723,1.992742
2026-06-29T19:33:39,dl,ue5,2569540,1935806.446792245,1.935806
2026-06-29T19:33:39,dl,ue6,2569552,1972407.768495021,1.972408
2026-06-29T19:33:39,dl,ue7,2569564,1972407.768495021,1.972408
2026-06-29T19:33:39,dl,ue8,2569576,2009009.3835034703,2.009009
2026-06-29T19:33:45,dl,cu_cp1,2568465,452543.0164022014,0.452543
2026-06-29T19:33:45,dl,cu_up1,2568492,598003.3251400844,0.598003
2026-06-29T19:33:45,dl,cu_cp2,2568519,432340.2302288443,0.432340
2026-06-29T19:33:45,dl,cu_up2,2568527,593962.7386948585,0.593963
2026-06-29T19:33:45,dl,du1,2568709,4638566.219356406,4.638566
2026-06-29T19:33:45,dl,du2,2569477,4775945.209151065,4.775945
2026-06-29T19:33:45,dl,ue1,2568755,1939470.1015921712,1.939470
2026-06-29T19:33:45,dl,ue2,2568767,1919267.3519320071,1.919267
2026-06-29T19:33:45,dl,ue3,2568779,1907145.7021359087,1.907146
2026-06-29T19:33:45,dl,ue4,2568791,1979875.8930180431,1.979876
2026-06-29T19:33:45,dl,ue5,2569540,1895024.0523398102,1.895024
2026-06-29T19:33:45,dl,ue6,2569552,1967754.0971691727,1.967754
2026-06-29T19:33:45,dl,ue7,2569564,1931389.0017281056,1.931389
2026-06-29T19:33:45,dl,ue8,2569576,1959672.8512523354,1.959673
2026-06-29T19:33:50,dl,cu_cp1,2568465,453356.75530592946,0.453357
2026-06-29T19:33:50,dl,cu_up1,2568492,615269.8377895928,0.615270
2026-06-29T19:33:50,dl,cu_cp2,2568519,441213.2658904999,0.441213
2026-06-29T19:33:50,dl,cu_up2,2568527,599078.5185690201,0.599079
2026-06-29T19:33:50,dl,du1,2568709,4784532.415793831,4.784532
2026-06-29T19:33:50,dl,du2,2569477,4772388.962952423,4.772389
2026-06-29T19:33:50,dl,ue1,2568755,1942957.4286922144,1.942957
2026-06-29T19:33:50,dl,ue2,2568767,1951053.0151544583,1.951053
2026-06-29T19:33:50,dl,ue3,2568779,1930813.9758508063,1.930814
2026-06-29T19:33:50,dl,ue4,2568791,2019866.1584159136,2.019866
2026-06-29T19:33:50,dl,ue5,2569540,1914622.6566302336,1.914623
2026-06-29T19:33:50,dl,ue6,2569552,1975340.0671333598,1.975340
2026-06-29T19:33:50,dl,ue7,2569564,1955100.8815336227,1.955101
2026-06-29T19:33:50,dl,ue8,2569576,2011770.4256575846,2.011770
2026-06-29T19:33:55,dl,cu_cp1,2568465,451145.7197704017,0.451146
2026-06-29T19:33:55,dl,cu_up1,2568492,589251.6031084657,0.589252
2026-06-29T19:33:55,dl,cu_cp2,2568519,441938.70233134925,0.441939
2026-06-29T19:33:55,dl,cu_up2,2568527,570837.4585093707,0.570837
2026-06-29T19:33:55,dl,du1,2568709,4750840.748329282,4.750841
2026-06-29T19:33:55,dl,du2,2569477,4760048.241225958,4.760048
2026-06-29T19:33:55,dl,ue1,2568755,1896653.419208765,1.896653
2026-06-29T19:33:55,dl,ue2,2568767,1887446.5114907026,1.887447
2026-06-29T19:33:55,dl,ue3,2568779,1933481.7815542817,1.933482
2026-06-29T19:33:55,dl,ue4,2568791,2025552.3216814399,2.025552
2026-06-29T19:33:55,dl,ue5,2569540,1878239.4574779868,1.878239
2026-06-29T19:33:55,dl,ue6,2569552,1961102.9435924292,1.961103
2026-06-29T19:33:55,dl,ue7,2569564,1915067.67352885,1.915068
2026-06-29T19:33:55,dl,ue8,2569576,2007138.2136560082,2.007138
2026-06-29T19:34:01,dl,cu_cp1,2568465,450156.64675219206,0.450157
2026-06-29T19:34:01,dl,cu_up1,2568492,607711.4639894206,0.607711
2026-06-29T19:34:01,dl,cu_cp2,2568519,442654.0207629243,0.442654
2026-06-29T19:34:01,dl,cu_up2,2568527,585203.6590299272,0.585204
2026-06-29T19:34:01,dl,du1,2568709,4771660.20004415,4.771660
2026-06-29T19:34:01,dl,du2,2569477,4861691.7119153645,4.861692
2026-06-29T19:34:01,dl,ue1,2568755,1913165.6848145449,1.913166
2026-06-29T19:34:01,dl,ue2,2568767,1958181.4407501519,1.958181
2026-06-29T19:34:01,dl,ue3,2568779,1980689.172701335,1.980689
2026-06-29T19:34:01,dl,ue4,2568791,2040710.0345988572,2.040710
2026-06-29T19:34:01,dl,ue5,2569540,1935673.416765728,1.935673
2026-06-29T19:34:01,dl,ue6,2569552,1973186.5467120672,1.973187
2026-06-29T19:34:01,dl,ue7,2569564,1973186.5467120672,1.973187
2026-06-29T19:34:01,dl,ue8,2569576,2033207.5546262097,2.033208
2026-06-29T19:34:07,dl,cu_cp1,2568465,449780.1436131799,0.449780
2026-06-29T19:34:07,dl,cu_up1,2568492,599706.8459807441,0.599707
2026-06-29T19:34:07,dl,cu_cp2,2568519,437286.25479175686,0.437286
2026-06-29T19:34:07,dl,cu_up2,2568527,587212.957159321,0.587213
2026-06-29T19:34:07,dl,du1,2568709,4735185.323738838,4.735185
2026-06-29T19:34:07,dl,du2,2569477,4678962.678000484,4.678963
2026-06-29T19:34:07,dl,ue1,2568755,1949047.3863517463,1.949047
2026-06-29T19:34:07,dl,ue2,2568767,1917812.6642981886,1.917813
2026-06-29T19:34:07,dl,ue3,2568779,1949047.3863517463,1.949047
2026-06-29T19:34:07,dl,ue4,2568791,2024010.7192802846,2.024011
2026-06-29T19:34:07,dl,ue5,2569540,1880330.8517919695,1.880331
2026-06-29T19:34:07,dl,ue6,2569552,1986529.0528160154,1.986529
2026-06-29T19:34:07,dl,ue7,2569564,1917812.6642981886,1.917813
2026-06-29T19:34:07,dl,ue8,2569576,1986529.0528160154,1.986529
2026-06-29T19:34:12,dl,cu_cp1,2568465,450910.1401357949,0.450910
2026-06-29T19:34:12,dl,cu_up1,2568492,615877.2253317892,0.615877
2026-06-29T19:34:12,dl,cu_cp2,2568519,439912.3247045398,0.439912
2026-06-29T19:34:12,dl,cu_up2,2568527,601213.5201810598,0.601214
2026-06-29T19:34:12,dl,du1,2568709,4813374.051167953,4.813374
2026-06-29T19:34:12,dl,du2,2569477,4791378.127759779,4.791378
2026-06-29T19:34:12,dl,ue1,2568755,1935614.1994454085,1.935614
2026-06-29T19:34:12,dl,ue2,2568767,1950278.05086897,1.950278
2026-06-29T19:34:12,dl,ue3,2568779,1909952.678863424,1.909953
2026-06-29T19:34:12,dl,ue4,2568791,2019930.6869031428,2.019931
2026-06-29T19:34:12,dl,ue5,2569540,1942946.1251571893,1.942946
2026-06-29T19:34:12,dl,ue6,2569552,1997935.0560406328,1.997935
2026-06-29T19:34:12,dl,ue7,2569564,1946612.1611494957,1.946612
2026-06-29T19:34:12,dl,ue8,2569576,2016264.6509108364,2.016265
2026-06-29T19:34:18,dl,cu_cp1,2568465,455001.4536928651,0.455001
2026-06-29T19:34:18,dl,cu_up1,2568492,620122.93271379,0.620123
2026-06-29T19:34:18,dl,cu_cp2,2568519,443993.33063590346,0.443993
2026-06-29T19:34:18,dl,cu_up2,2568527,612784.1717813655,0.612784
2026-06-29T19:34:18,dl,du1,2568709,4836225.149476054,4.836225
2026-06-29T19:34:18,dl,du2,2569477,4872918.477254626,4.872918
2026-06-29T19:34:18,dl,ue1,2568755,1933756.187365514,1.933756
2026-06-29T19:34:18,dl,ue2,2568767,1944764.127005726,1.944764
2026-06-29T19:34:18,dl,ue3,2568779,1930086.6785075772,1.930087
2026-06-29T19:34:18,dl,ue4,2568791,2032828.9647280192,2.032829
2026-06-29T19:34:18,dl,ue5,2569540,1922748.1009919024,1.922748
2026-06-29T19:34:18,dl,ue6,2569552,1974119.024002024,1.974119
2026-06-29T19:34:18,dl,ue7,2569564,1944764.127005726,1.944764
2026-06-29T19:34:18,dl,ue8,2569576,1992465.9813581097,1.992466
2026-06-29T19:34:23,dl,cu_cp1,2568465,397780.69219551084,0.397781
2026-06-29T19:34:23,dl,cu_up1,2568492,452178.01874406816,0.452178
2026-06-29T19:34:23,dl,cu_cp2,2568519,394380.8720130253,0.394381
2026-06-29T19:34:23,dl,cu_up2,2568527,438578.7040759945,0.438579
2026-06-29T19:34:23,dl,du1,2568709,3787416.177220764,3.787416
2026-06-29T19:34:23,dl,du2,2569477,3852013.2018836974,3.852013
2026-06-29T19:34:23,dl,ue1,2568755,1407531.732288933,1.407532
2026-06-29T19:34:23,dl,ue2,2568767,1200141.7848277665,1.200142
2026-06-29T19:34:23,dl,ue3,2568779,1278337.9544681169,1.278338
2026-06-29T19:34:23,dl,ue4,2568791,1393932.4515589904,1.393932
2026-06-29T19:34:23,dl,ue5,2569540,1336135.135137291,1.336135
2026-06-29T19:34:23,dl,ue6,2569552,1363333.8323497009,1.363334
2026-06-29T19:34:23,dl,ue7,2569564,1366733.618594055,1.366734
2026-06-29T19:34:23,dl,ue8,2569576,1397332.1020508194,1.397332
2026-06-29T19:34:29,dl,cu_cp1,2568465,342499.18145267665,0.342499
2026-06-29T19:34:29,dl,cu_up1,2568492,359125.34244547784,0.359125
2026-06-29T19:34:29,dl,cu_cp2,2568519,355800.1348981708,0.355800
2026-06-29T19:34:29,dl,cu_up2,2568527,349149.65817542374,0.349150
2026-06-29T19:34:29,dl,du1,2568709,3132371.14686656,3.132371
2026-06-29T19:34:29,dl,du2,2569477,3122395.524224639,3.122396
2026-06-29T19:34:29,dl,ue1,2568755,894488.1639734209,0.894488
2026-06-29T19:34:29,dl,ue2,2568767,907789.117418915,0.907789
2026-06-29T19:34:29,dl,ue3,2568779,871211.5262578726,0.871212
2026-06-29T19:34:29,dl,ue4,2568791,881187.2721560597,0.881187
2026-06-29T19:34:29,dl,ue5,2569540,861235.8419878185,0.861236
2026-06-29T19:34:29,dl,ue6,2569552,884512.4797033668,0.884512
2026-06-29T19:34:29,dl,ue7,2569564,847934.8269141912,0.847935
2026-06-29T19:34:29,dl,ue8,2569576,891162.9564261138,0.891163
2026-06-29T19:34:34,dl,cu_cp1,2568465,358888.0141610101,0.358888
2026-06-29T19:34:34,dl,cu_up1,2568492,352052.04904779344,0.352052
2026-06-29T19:34:34,dl,cu_cp2,2568519,355470.0007478291,0.355470
2026-06-29T19:34:34,dl,cu_up2,2568527,341798.1013779685,0.341798
2026-06-29T19:34:34,dl,du1,2568709,3165050.242877524,3.165050
2026-06-29T19:34:34,dl,du2,2569477,3175304.252260494,3.175304
2026-06-29T19:34:34,dl,ue1,2568755,861331.1105601335,0.861331
2026-06-29T19:34:34,dl,ue2,2568767,898928.9803959704,0.898929
2026-06-29T19:34:34,dl,ue3,2568779,840823.276933629,0.840823
2026-06-29T19:34:34,dl,ue4,2568791,885257.0501695371,0.885257
2026-06-29T19:34:34,dl,ue5,2569540,864749.1548298872,0.864749
2026-06-29T19:34:34,dl,ue6,2569552,919436.8757356203,0.919437
2026-06-29T19:34:34,dl,ue7,2569564,895510.9361262167,0.895511
2026-06-29T19:34:34,dl,ue8,2569576,881839.0676129288,0.881839
2026-06-29T19:34:39,dl,cu_cp1,2568465,352917.90977921337,0.352918
2026-06-29T19:34:39,dl,cu_up1,2568492,349491.52290403843,0.349492
2026-06-29T19:34:39,dl,cu_cp2,2568519,363197.0704047382,0.363197
2026-06-29T19:34:39,dl,cu_up2,2568527,346065.1360288635,0.346065
2026-06-29T19:34:39,dl,du1,2568709,3172834.8011377454,3.172835
2026-06-29T19:34:39,dl,du2,2569477,3165982.08902359,3.165982
2026-06-29T19:34:39,dl,ue1,2568755,866875.9718735516,0.866876
2026-06-29T19:34:39,dl,ue2,2568767,911419.0320689231,0.911419
2026-06-29T19:34:39,dl,ue3,2568779,856596.9037023187,0.856597
2026-06-29T19:34:39,dl,ue4,2568791,880581.581010446,0.880582
2026-06-29T19:34:39,dl,ue5,2569540,863449.615816474,0.863450
2026-06-29T19:34:39,dl,ue6,2569552,904566.3199547678,0.904566
2026-06-29T19:34:39,dl,ue7,2569564,887434.3547607958,0.887434
2026-06-29T19:34:39,dl,ue8,2569576,853170.547645241,0.853171
2026-06-29T19:34:45,ul,cu_cp1,2568465,348952.9609761703,0.348953
2026-06-29T19:34:45,ul,cu_up1,2568492,355795.1909968963,0.355795
2026-06-29T19:34:45,ul,cu_cp2,2568519,359216.2906056422,0.359216
2026-06-29T19:34:45,ul,cu_up2,2568527,355795.1909968963,0.355795
2026-06-29T19:34:45,ul,du1,2568709,3113207.975128503,3.113208
2026-06-29T19:34:45,ul,du2,2569477,3150840.1632344103,3.150840
2026-06-29T19:34:45,ul,ue1,2568755,858698.0040054423,0.858698
2026-06-29T19:34:45,ul,ue2,2568767,906593.460134353,0.906593
2026-06-29T19:34:45,ul,ue3,2568779,862119.0728109538,0.862119
2026-06-29T19:34:45,ul,ue4,2568791,851855.8663944191,0.851856
2026-06-29T19:34:45,ul,ue5,2569540,868961.3336349141,0.868961
2026-06-29T19:34:45,ul,ue6,2569552,875803.5328524059,0.875804
2026-06-29T19:34:45,ul,ue7,2569564,858698.0040054423,0.858698
2026-06-29T19:34:45,ul,ue8,2569576,841592.4751584786,0.841592
2026-06-29T19:34:50,ul,cu_cp1,2568465,373035.2313669008,0.373035
2026-06-29T19:34:50,ul,cu_up1,2568492,387246.11445188464,0.387246
2026-06-29T19:34:50,ul,cu_cp2,2568519,373035.2313669008,0.373035
2026-06-29T19:34:50,ul,cu_up2,2568527,373035.2313669008,0.373035
2026-06-29T19:34:50,ul,du1,2568709,3510084.0112351226,3.510084
2026-06-29T19:34:50,ul,du2,2569477,3492320.407378893,3.492320
2026-06-29T19:34:50,ul,ue1,2568755,1094236.7129325413,1.094237
2026-06-29T19:34:50,ul,ue2,2568767,1090683.9921612954,1.090684
2026-06-29T19:34:50,ul,ue3,2568779,1112000.3167887712,1.112000
2026-06-29T19:34:50,ul,ue4,2568791,1087131.2713900495,1.087131
2026-06-29T19:34:50,ul,ue5,2569540,1083578.5506188036,1.083579
2026-06-29T19:34:50,ul,ue6,2569552,1119105.758331263,1.119106
2026-06-29T19:34:50,ul,ue7,2569564,1101342.1544750333,1.101342
2026-06-29T19:34:50,ul,ue8,2569576,1090683.9921612954,1.090684
2026-06-29T19:34:56,ul,cu_cp1,2568465,388739.46696737857,0.388739
2026-06-29T19:34:56,ul,cu_up1,2568492,429233.1691929039,0.429233
2026-06-29T19:34:56,ul,cu_cp2,2568519,404936.9208038923,0.404937
2026-06-29T19:34:56,ul,cu_up2,2568527,413035.6815392697,0.413036
2026-06-29T19:34:56,ul,du1,2568709,4122258.020840199,4.122258
2026-06-29T19:34:56,ul,du2,2569477,4146554.4044976924,4.146554
2026-06-29T19:34:56,ul,ue1,2568755,1482069.1227024794,1.482069
2026-06-29T19:34:56,ul,ue2,2568767,1490167.9172549772,1.490168
2026-06-29T19:34:56,ul,ue3,2568779,1473970.4634184635,1.473970
2026-06-29T19:34:56,ul,ue4,2568791,1538760.4140330004,1.538760
2026-06-29T19:34:56,ul,ue5,2569540,1433476.761192938,1.433477
2026-06-29T19:34:56,ul,ue6,2569552,1530661.6194805026,1.530662
2026-06-29T19:34:56,ul,ue7,2569564,1433476.761192938,1.433477
2026-06-29T19:34:56,ul,ue8,2569576,1498266.7118074752,1.498267
2026-06-29T19:35:01,ul,cu_cp1,2568465,394593.9991231728,0.394594
2026-06-29T19:35:01,ul,cu_up1,2568492,434722.23382315633,0.434722
2026-06-29T19:35:01,ul,cu_cp2,2568519,401282.0438536549,0.401282
2026-06-29T19:35:01,ul,cu_up2,2568527,414658.09963171004,0.414658
2026-06-29T19:35:01,ul,du1,2568709,4139893.0526353456,4.139893
2026-06-29T19:35:01,ul,du2,2569477,4159957.2878755187,4.159957
2026-06-29T19:35:01,ul,ue1,2568755,1451303.4497597122,1.451303
2026-06-29T19:35:01,ul,ue2,2568767,1504807.672871933,1.504808
2026-06-29T19:35:01,ul,ue3,2568779,1471367.4155366134,1.471367
2026-06-29T19:35:01,ul,ue4,2568791,1531559.7170622253,1.531560
2026-06-29T19:35:01,ul,ue5,2569540,1444615.3713463212,1.444615
2026-06-29T19:35:01,ul,ue6,2569552,1464679.4718548583,1.464679
2026-06-29T19:35:01,ul,ue7,2569564,1437927.29293293,1.437927
2026-06-29T19:35:01,ul,ue8,2569576,1491431.6507767867,1.491432
2026-06-29T19:35:07,ul,cu_cp1,2568465,387523.88971775025,0.387524
2026-06-29T19:35:07,ul,cu_up1,2568492,433114.9335892618,0.433115
2026-06-29T19:35:07,ul,cu_cp2,2568519,398921.642280677,0.398922
2026-06-29T19:35:07,ul,cu_up2,2568527,410319.4284634084,0.410319
2026-06-29T19:35:07,ul,du1,2568709,3983517.8659134507,3.983518
2026-06-29T19:35:07,ul,du2,2569477,4074699.617458427,4.074700
2026-06-29T19:35:07,ul,ue1,2568755,1470311.1900711,1.470311
2026-06-29T19:35:07,ul,ue2,2568767,1458913.4038883685,1.458913
2026-06-29T19:35:07,ul,ue3,2568779,1464612.3642193438,1.464612
2026-06-29T19:35:07,ul,ue4,2568791,1515902.3348020255,1.515902
2026-06-29T19:35:07,ul,ue5,2569540,1430419.1401503682,1.430419
2026-06-29T19:35:07,ul,ue6,2569552,1498805.722767538,1.498806
2026-06-29T19:35:07,ul,ue7,2569564,1436117.9660021246,1.436118
2026-06-29T19:35:07,ul,ue8,2569576,1458913.4038883685,1.458913
2026-06-29T19:35:12,ul,cu_cp1,2568465,393106.69772466423,0.393107
2026-06-29T19:35:12,ul,cu_up1,2568492,433772.9217050612,0.433773
2026-06-29T19:35:12,ul,cu_cp2,2568519,396495.5832444906,0.396496
2026-06-29T19:35:12,ul,cu_up2,2568527,410050.9577164963,0.410051
2026-06-29T19:35:12,ul,du1,2568709,4032732.7383263945,4.032733
2026-06-29T19:35:12,ul,du2,2569477,4029344.1209782483,4.029344
2026-06-29T19:35:12,ul,ue1,2568755,1443650.616089493,1.443651
2026-06-29T19:35:12,ul,ue2,2568767,1480927.9545500637,1.480928
2026-06-29T19:35:12,ul,ue3,2568779,1440261.7305696667,1.440262
2026-06-29T19:35:12,ul,ue4,2568791,1504649.8850171685,1.504650
2026-06-29T19:35:12,ul,ue5,2569540,1440261.7305696667,1.440262
2026-06-29T19:35:12,ul,ue6,2569552,1504649.8850171685,1.504650
2026-06-29T19:35:12,ul,ue7,2569564,1416539.6660167216,1.416540
2026-06-29T19:35:12,ul,ue8,2569576,1474150.1835104108,1.474150
2026-06-29T19:35:18,ul,cu_cp1,2568465,399319.2412336206,0.399319
2026-06-29T19:35:18,ul,cu_up1,2568492,433159.8292217946,0.433160
2026-06-29T19:35:18,ul,cu_cp2,2568519,402703.3168642807,0.402703
2026-06-29T19:35:18,ul,cu_up2,2568527,416239.5520595503,0.416240
2026-06-29T19:35:18,ul,du1,2568709,4030417.0422913553,4.030417
2026-06-29T19:35:18,ul,du2,2569477,4098098.285595074,4.098098
2026-06-29T19:35:18,ul,ue1,2568755,1434842.0079365063,1.434842
2026-06-29T19:35:18,ul,ue2,2568767,1482218.9321110058,1.482219
2026-06-29T19:35:18,ul,ue3,2568779,1472066.6378916549,1.472067
2026-06-29T19:35:18,ul,ue4,2568791,1502523.2512402248,1.502523
2026-06-29T19:35:18,ul,ue5,2569540,1438226.0162397956,1.438226
2026-06-29T19:35:18,ul,ue6,2569552,1488986.9487175846,1.488987
2026-06-29T19:35:18,ul,ue7,2569564,1465298.6212850763,1.465299
2026-06-29T19:35:18,ul,ue8,2569576,1472066.6378916549,1.472067
2026-06-29T19:35:23,ul,cu_cp1,2568465,397862.85046149103,0.397863
2026-06-29T19:35:23,ul,cu_up1,2568492,428467.6617290631,0.428468
2026-06-29T19:35:23,ul,cu_cp2,2568519,397862.85046149103,0.397863
2026-06-29T19:35:23,ul,cu_up2,2568527,411464.9775440025,0.411465
2026-06-29T19:35:23,ul,du1,2568709,4104448.104132378,4.104448
2026-06-29T19:35:23,ul,du2,2569477,4084044.7615170837,4.084045
2026-06-29T19:35:23,ul,ue1,2568755,1469032.0216720963,1.469032
2026-06-29T19:35:23,ul,ue2,2568767,1489435.229183811,1.489435
2026-06-29T19:35:23,ul,ue3,2568779,1465631.3294659674,1.465631
2026-06-29T19:35:23,ul,ue4,2568791,1506437.8795929765,1.506438
2026-06-29T19:35:23,ul,ue5,2569540,1414623.3782384705,1.414623
2026-06-29T19:35:23,ul,ue6,2569552,1489435.229183811,1.489435
2026-06-29T19:35:23,ul,ue7,2569564,1435026.5857501852,1.435027
2026-06-29T19:35:23,ul,ue8,2569576,1496236.2082853294,1.496236
2026-06-29T19:35:29,ul,cu_cp1,2568465,395905.175150401,0.395905
2026-06-29T19:35:29,ul,cu_up1,2568492,420649.23600738106,0.420649
2026-06-29T19:35:29,ul,cu_cp2,2568519,392370.3284983295,0.392370
2026-06-29T19:35:29,ul,cu_up2,2568527,417114.3893553096,0.417114
2026-06-29T19:35:29,ul,du1,2568709,3969656.425752704,3.969656
2026-06-29T19:35:29,ul,du2,2569477,4058027.8606394506,4.058028
2026-06-29T19:35:29,ul,ue1,2568755,1445760.875415938,1.445761
2026-06-29T19:35:29,ul,ue2,2568767,1481109.6105216122,1.481110
2026-06-29T19:35:29,ul,ue3,2568779,1431621.3545151723,1.431621
2026-06-29T19:35:29,ul,ue4,2568791,1470504.936272918,1.470505
2026-06-29T19:35:29,ul,ue5,2569540,1428086.5078631009,1.428087
2026-06-29T19:35:29,ul,ue6,2569552,1484644.3228812038,1.484644
2026-06-29T19:35:29,ul,ue7,2569564,1449295.7220680094,1.449296
2026-06-29T19:35:29,ul,ue8,2569576,1477574.7638695408,1.477575
2026-06-29T19:35:34,ul,cu_cp1,2568465,390623.0687254393,0.390623
2026-06-29T19:35:34,ul,cu_up1,2568492,420104.0098706138,0.420104
2026-06-29T19:35:34,ul,cu_cp2,2568519,397993.3040117329,0.397993
2026-06-29T19:35:34,ul,cu_up2,2568527,394308.18636858615,0.394308
2026-06-29T19:35:34,ul,du1,2568709,3957822.134741156,3.957822
2026-06-29T19:35:34,ul,du2,2569477,3924655.9761941885,3.924656
2026-06-29T19:35:34,ul,ue1,2568755,1418772.387543093,1.418772
2026-06-29T19:35:34,ul,ue2,2568767,1485104.5716254998,1.485105
2026-06-29T19:35:34,ul,ue3,2568779,1422457.4719333577,1.422457
2026-06-29T19:35:34,ul,ue4,2568791,1481419.487235235,1.481419
2026-06-29T19:35:34,ul,ue5,2569540,1404031.9169705056,1.404032
2026-06-29T19:35:34,ul,ue6,2569552,1474049.1854431771,1.474049
2026-06-29T19:35:34,ul,ue7,2569564,1400346.832580241,1.400347
2026-06-29T19:35:34,ul,ue8,2569576,1459308.71487059,1.459309
2026-06-29T19:35:39,ul,cu_cp1,2568465,396002.16729462263,0.396002
2026-06-29T19:35:39,ul,cu_up1,2568492,418207.9025561559,0.418208
2026-06-29T19:35:39,ul,cu_cp2,2568519,392301.23372491123,0.392301
2026-06-29T19:35:39,ul,cu_up2,2568527,396002.16729462263,0.396002
2026-06-29T19:35:39,ul,du1,2568709,3915610.1355015277,3.915610
2026-06-29T19:35:39,ul,du2,2569477,3993330.5100642396,3.993331
2026-06-29T19:35:39,ul,ue1,2568755,1421166.655208335,1.421167
2026-06-29T19:35:39,ul,ue2,2568767,1472980.0597924567,1.472980
2026-06-29T19:35:39,ul,ue3,2568779,1435970.5233304454,1.435971
2026-06-29T19:35:39,ul,ue4,2568791,1502587.662193413,1.502588
2026-06-29T19:35:39,ul,ue5,2569540,1417465.7550994395,1.417466
2026-06-29T19:35:39,ul,ue6,2569552,1480381.8600102472,1.480382
2026-06-29T19:35:39,ul,ue7,2569564,1413764.7211472797,1.413765
2026-06-29T19:35:39,ul,ue8,2569576,1458176.1916703463,1.458176
2026-06-29T19:35:45,ul,cu_cp1,2568465,386929.5966136828,0.386930
2026-06-29T19:35:45,ul,cu_up1,2568492,416409.91545394063,0.416410
2026-06-29T19:35:45,ul,cu_cp2,2568519,394299.66800384223,0.394300
2026-06-29T19:35:45,ul,cu_up2,2568527,390614.61566895247,0.390615
2026-06-29T19:35:45,ul,du1,2568709,3950366.518471241,3.950367
2026-06-29T19:35:45,ul,du2,2569477,3906146.4229264855,3.906146
2026-06-29T19:35:45,ul,ue1,2568755,1429796.844856739,1.429797
2026-06-29T19:35:45,ul,ue2,2568767,1462962.3824299872,1.462962
2026-06-29T19:35:45,ul,ue3,2568779,1462962.3824299872,1.462962
2026-06-29T19:35:45,ul,ue4,2568791,1455592.2777602077,1.455592
2026-06-29T19:35:45,ul,ue5,2569540,1415056.7686356604,1.415057
2026-06-29T19:35:45,ul,ue6,2569552,1462962.3824299872,1.462962
2026-06-29T19:35:45,ul,ue7,2569564,1440852.0684206486,1.440852
2026-06-29T19:35:45,ul,ue8,2569576,1433481.963750869,1.433482
2026-06-29T19:35:50,ul,cu_cp1,2568465,402625.9818781343,0.402626
2026-06-29T19:35:50,ul,cu_up1,2568492,417401.23014719994,0.417401
2026-06-29T19:35:50,ul,cu_cp2,2568519,391544.5456763351,0.391545
2026-06-29T19:35:50,ul,cu_up2,2568527,391544.5456763351,0.391545
2026-06-29T19:35:50,ul,du1,2568709,3956077.089580791,3.956077
2026-06-29T19:35:50,ul,du2,2569477,3967159.0256534074,3.967159
2026-06-29T19:35:50,ul,ue1,2568755,1414731.721323812,1.414732
2026-06-29T19:35:50,ul,ue2,2568767,1440588.3724699556,1.440588
2026-06-29T19:35:50,ul,ue3,2568779,1447976.0632539308,1.447976
2026-06-29T19:35:50,ul,ue4,2568791,1473832.7144000744,1.473833
2026-06-29T19:35:50,ul,ue5,2569540,1422119.2788089025,1.422119
2026-06-29T19:35:50,ul,ue6,2569552,1499689.3655462181,1.499689
2026-06-29T19:35:50,ul,ue7,2569564,1414731.721323812,1.414732
2026-06-29T19:35:50,ul,ue8,2569576,1440588.3724699556,1.440588
2026-06-29T19:35:56,ul,cu_cp1,2568465,393984.41045339557,0.393984
2026-06-29T19:35:56,ul,cu_up1,2568492,418105.9171862775,0.418106
2026-06-29T19:35:56,ul,cu_cp2,2568519,393984.41045339557,0.393984
2026-06-29T19:35:56,ul,cu_up2,2568527,393984.41045339557,0.393984
2026-06-29T19:35:56,ul,du1,2568709,3955925.1090225433,3.955925
2026-06-29T19:35:56,ul,du2,2569477,3907682.4280851292,3.907682
2026-06-29T19:35:56,ul,ue1,2568755,1431208.8009333003,1.431209
2026-06-29T19:35:56,ul,ue2,2568767,1463370.6768991363,1.463371
2026-06-29T19:35:56,ul,ue3,2568779,1479451.7478933942,1.479452
2026-06-29T19:35:56,ul,ue4,2568791,1519654.292367699,1.519654
2026-06-29T19:35:56,ul,ue5,2569540,1358844.2474818195,1.358844
2026-06-29T19:35:56,ul,ue6,2569552,1503573.2213734412,1.503573
2026-06-29T19:35:56,ul,ue7,2569564,1431208.8009333003,1.431209
2026-06-29T19:35:56,ul,ue8,2569576,1455330.2744133472,1.455330
2026-06-29T19:36:01,ul,cu_cp1,2568465,393662.9343275505,0.393663
2026-06-29T19:36:01,ul,cu_up1,2568492,406785.04770744743,0.406785
2026-06-29T19:36:01,ul,cu_cp2,2568519,400223.99101749895,0.400224
2026-06-29T19:36:01,ul,cu_up2,2568527,400223.99101749895,0.400224
2026-06-29T19:36:01,ul,du1,2568709,3949751.456655402,3.949751
2026-06-29T19:36:01,ul,du2,2569477,3956312.5800695443,3.956313
2026-06-29T19:36:01,ul,ue1,2568755,1423747.7670623565,1.423748
2026-06-29T19:36:01,ul,ue2,2568767,1436869.746993866,1.436870
2026-06-29T19:36:01,ul,ue3,2568779,1456552.8503395177,1.456553
2026-06-29T19:36:01,ul,ue4,2568791,1502480.3138933503,1.502480
2026-06-29T19:36:01,ul,ue5,2569540,1397503.5403025628,1.397504
2026-06-29T19:36:01,ul,ue6,2569552,1476236.0871335566,1.476236
2026-06-29T19:36:01,ul,ue7,2569564,1404064.5302683176,1.404065
2026-06-29T19:36:01,ul,ue8,2569576,1404064.5302683176,1.404065
2026-06-29T19:36:07,ul,cu_cp1,2568465,411440.56266589166,0.411441
2026-06-29T19:36:07,ul,cu_up1,2568492,417076.7205411047,0.417077
2026-06-29T19:36:07,ul,cu_cp2,2568519,388895.8642117918,0.388896
2026-06-29T19:36:07,ul,cu_up2,2568527,400168.2134388417,0.400168
2026-06-29T19:36:07,ul,du1,2568709,4046771.5982498648,4.046772
2026-06-29T19:36:07,ul,du2,2569477,4007318.4596467493,4.007318
2026-06-29T19:36:07,ul,ue1,2568755,1465404.796937263,1.465405
2026-06-29T19:36:07,ul,ue2,2568767,1471040.9213358522,1.471041
2026-06-29T19:36:07,ul,ue3,2568779,1465404.796937263,1.465405
2026-06-29T19:36:07,ul,ue4,2568791,1482313.304039526,1.482313
2026-06-29T19:36:07,ul,ue5,2569540,1437223.9071313262,1.437224
2026-06-29T19:36:07,ul,ue6,2569552,1499221.6772352934,1.499222
2026-06-29T19:36:07,ul,ue7,2569564,1448496.289835,1.448496
2026-06-29T19:36:07,ul,ue8,2569576,1471040.9213358522,1.471041
2026-06-29T19:36:12,ul,cu_cp1,2568465,393074.85678356857,0.393075
2026-06-29T19:36:12,ul,cu_up1,2568492,413232.53151504905,0.413233
2026-06-29T19:36:12,ul,cu_cp2,2568519,396434.4692388153,0.396434
2026-06-29T19:36:12,ul,cu_up2,2568527,396434.4692388153,0.396434
2026-06-29T19:36:12,ul,du1,2568709,3954266.021288829,3.954266
2026-06-29T19:36:12,ul,du2,2569477,3937467.5267199134,3.937468
2026-06-29T19:36:12,ul,ue1,2568755,1431195.6375073446,1.431196
2026-06-29T19:36:12,ul,ue2,2568767,1478230.2783873654,1.478230
2026-06-29T19:36:12,ul,ue3,2568779,1421116.8333948874,1.421117
2026-06-29T19:36:12,ul,ue4,2568791,1474870.6326788354,1.474871
2026-06-29T19:36:12,ul,ue5,2569540,1400959.0921568405,1.400959
2026-06-29T19:36:12,ul,ue6,2569552,1437914.7959112716,1.437915
2026-06-29T19:36:12,ul,ue7,2569564,1431195.6375073446,1.431196
2026-06-29T19:36:12,ul,ue8,2569576,1478230.2783873654,1.478230
2026-06-29T19:36:18,ul,cu_cp1,2568465,394045.6121588528,0.394046
2026-06-29T19:36:18,ul,cu_up1,2568492,414253.077739079,0.414253
2026-06-29T19:36:18,ul,cu_cp2,2568519,404149.3449489659,0.404149
2026-06-29T19:36:18,ul,cu_up2,2568527,404149.3449489659,0.404149
2026-06-29T19:36:18,ul,du1,2568709,3900041.457183614,3.900041
2026-06-29T19:36:18,ul,du2,2569477,3896673.135005455,3.896673
2026-06-29T19:36:18,ul,ue1,2568755,1434730.1228849434,1.434730
2026-06-29T19:36:18,ul,ue2,2568767,1454937.788531823,1.454938
2026-06-29T19:36:18,ul,ue3,2568779,1404419.0912368156,1.404419
2026-06-29T19:36:18,ul,ue4,2568791,1481881.0315128684,1.481881
2026-06-29T19:36:18,ul,ue5,2569540,1417890.7794162226,1.417891
2026-06-29T19:36:18,ul,ue6,2569552,1502088.43040421,1.502088
2026-06-29T19:36:18,ul,ue7,2569564,1431362.3342178606,1.431362
2026-06-29T19:36:18,ul,ue8,2569576,1441466.100352416,1.441466
2026-06-29T19:36:23,ul,cu_cp1,2568465,390378.30207812396,0.390378
2026-06-29T19:36:23,ul,cu_up1,2568492,417300.96773548605,0.417301
2026-06-29T19:36:23,ul,cu_cp2,2568519,397108.9768246937,0.397109
2026-06-29T19:36:23,ul,cu_up2,2568527,393743.6227869505,0.393744
2026-06-29T19:36:23,ul,du1,2568709,3897052.379363587,3.897052
2026-06-29T19:36:23,ul,du2,2569477,3900417.8000591635,3.900418
2026-06-29T19:36:23,ul,ue1,2568755,1430265.4007080125,1.430265
2026-06-29T19:36:23,ul,ue2,2568767,1467283.9618340207,1.467284
2026-06-29T19:36:23,ul,ue3,2568779,1443726.5502276516,1.443727
2026-06-29T19:36:23,ul,ue4,2568791,1504302.6562756957,1.504303
2026-06-29T19:36:23,ul,ue5,2569540,1410073.4097972203,1.410073
2026-06-29T19:36:23,ul,ue6,2569552,1487475.952744813,1.487476
2026-06-29T19:36:23,ul,ue7,2569564,1410073.4097972203,1.410073
2026-06-29T19:36:23,ul,ue8,2569576,1436995.975467832,1.436996
2026-06-29T19:36:29,ul,cu_cp1,2568465,394602.1353662932,0.394602
2026-06-29T19:36:29,ul,cu_up1,2568492,412377.0335005784,0.412377
2026-06-29T19:36:29,ul,cu_cp2,2568519,391047.1892513716,0.391047
2026-06-29T19:36:29,ul,cu_up2,2568527,401712.09462000726,0.401712
2026-06-29T19:36:29,ul,du1,2568709,3992236.122324009,3.992236
2026-06-29T19:36:29,ul,du2,2569477,3985126.230094166,3.985126
2026-06-29T19:36:29,ul,ue1,2568755,1421989.7059789468,1.421990
2026-06-29T19:36:29,ul,ue2,2568767,1475314.4338937378,1.475314
2026-06-29T19:36:29,ul,ue3,2568779,1439764.5706012964,1.439765
2026-06-29T19:36:29,ul,ue4,2568791,1489534.352401166,1.489534
2026-06-29T19:36:29,ul,ue5,2569540,1418434.759864025,1.418435
2026-06-29T19:36:29,ul,ue6,2569552,1485979.2722385025,1.485979
2026-06-29T19:36:29,ul,ue7,2569564,1425544.7861416102,1.425545
2026-06-29T19:36:29,ul,ue8,2569576,1464649.4615012312,1.464649
2026-06-29T19:36:34,ul,cu_cp1,2568465,402485.89748580335,0.402486
2026-06-29T19:36:34,ul,cu_up1,2568492,409939.31084111094,0.409939
2026-06-29T19:36:34,ul,cu_cp2,2568519,398759.1572698688,0.398759
2026-06-29T19:36:34,ul,cu_up2,2568527,406212.6041634572,0.406213
2026-06-29T19:36:34,ul,du1,2568709,4009951.6786114885,4.009952
2026-06-29T19:36:34,ul,du2,2569477,4032312.052830534,4.032312
2026-06-29T19:36:34,ul,ue1,2568755,1445967.8253608323,1.445968
2026-06-29T19:36:34,ul,ue2,2568767,1509322.040110631,1.509322
2026-06-29T19:36:34,ul,ue3,2568779,1468328.1995798778,1.468328
2026-06-29T19:36:34,ul,ue4,2568791,1501868.6267553235,1.501869
2026-06-29T19:36:34,ul,ue5,2569540,1419880.6773875714,1.419881
2026-06-29T19:36:34,ul,ue6,2569552,1468328.1995798778,1.468328
2026-06-29T19:36:34,ul,ue7,2569564,1453421.2387161397,1.453421
2026-06-29T19:36:34,ul,ue8,2569576,1490688.4396458005,1.490688
2026-06-29T19:36:39,ul,cu_cp1,2568465,404403.5378069615,0.404404
2026-06-29T19:36:39,ul,cu_up1,2568492,415533.91533083917,0.415534
2026-06-29T19:36:39,ul,cu_cp2,2568519,400693.3896039283,0.400693
2026-06-29T19:36:39,ul,cu_up2,2568527,396983.2749435061,0.396983
2026-06-29T19:36:39,ul,du1,2568709,3966122.869572916,3.966123
2026-06-29T19:36:39,ul,du2,2569477,3969832.950690727,3.969833
2026-06-29T19:36:39,ul,ue1,2568755,1454368.569487493,1.454369
2026-06-29T19:36:39,ul,ue2,2568767,1469209.1622996258,1.469209
2026-06-29T19:36:39,ul,ue3,2568779,1454368.569487493,1.454369
2026-06-29T19:36:39,ul,ue4,2568791,1487759.702059126,1.487760
2026-06-29T19:36:39,ul,ue5,2569540,1424687.6522041154,1.424688
2026-06-29T19:36:39,ul,ue6,2569552,1476629.3245352483,1.476629
2026-06-29T19:36:39,ul,ue7,2569564,1432107.948610182,1.432108
2026-06-29T19:36:39,ul,ue8,2569576,1465498.9470113707,1.465499
2026-06-29T19:36:45,ul,cu_cp1,2568465,391898.73485970765,0.391899
2026-06-29T19:36:45,ul,cu_up1,2568492,417778.85982720496,0.417779
2026-06-29T19:36:45,ul,cu_cp2,2568519,395595.8955693501,0.395596
2026-06-29T19:36:45,ul,cu_up2,2568527,402990.2169886351,0.402990
2026-06-29T19:36:45,ul,du1,2568709,3978141.853204157,3.978142
2026-06-29T19:36:45,ul,du2,2569477,3900501.5116752647,3.900502
2026-06-29T19:36:45,ul,ue1,2568755,1445588.6693942284,1.445589
2026-06-29T19:36:45,ul,ue2,2568767,1460377.4457271958,1.460377
2026-06-29T19:36:45,ul,ue3,2568779,1441891.5420581854,1.441892
2026-06-29T19:36:45,ul,ue4,2568791,1501046.113412465,1.501046
2026-06-29T19:36:45,ul,ue5,2569540,1393828.61970083,1.393829
2026-06-29T19:36:45,ul,ue6,2569552,1493651.8587403786,1.493652
2026-06-29T19:36:45,ul,ue7,2569564,1434497.287386099,1.434497
2026-06-29T19:36:45,ul,ue8,2569576,1445588.6693942284,1.445589
2026-06-29T19:36:50,ul,cu_cp1,2568465,392252.94977007597,0.392253
2026-06-29T19:36:50,ul,cu_up1,2568492,410755.43133071065,0.410755
2026-06-29T19:36:50,ul,cu_cp2,2568519,392252.94977007597,0.392253
2026-06-29T19:36:50,ul,cu_up2,2568527,399653.922354058,0.399654
2026-06-29T19:36:50,ul,du1,2568709,3985437.7145639276,3.985438
2026-06-29T19:36:50,ul,du2,2569477,3918828.9279076364,3.918829
2026-06-29T19:36:50,ul,ue1,2568755,1435793.6913604725,1.435794
2026-06-29T19:36:50,ul,ue2,2568767,1476499.2242748654,1.476499
2026-06-29T19:36:50,ul,ue3,2568779,1465397.7152982128,1.465398
2026-06-29T19:36:50,ul,ue4,2568791,1502402.7452203883,1.502403
2026-06-29T19:36:50,ul,ue5,2569540,1369184.7711023688,1.369185
2026-06-29T19:36:50,ul,ue6,2569552,1495001.7392359532,1.495002
2026-06-29T19:36:50,ul,ue7,2569564,1417291.1763993846,1.417291
2026-06-29T19:36:50,ul,ue8,2569576,1454296.20632156,1.454296
2026-06-29T19:36:56,ul,cu_cp1,2568465,387786.1576404154,0.387786
2026-06-29T19:36:56,ul,cu_up1,2568492,419442.1698232102,0.419442
2026-06-29T19:36:56,ul,cu_cp2,2568519,403614.1805341709,0.403614
2026-06-29T19:36:56,ul,cu_up2,2568527,403614.1805341709,0.403614
2026-06-29T19:36:56,ul,du1,2568709,3957001.556454067,3.957002
2026-06-29T19:36:56,ul,du2,2569477,3862033.2846726705,3.862033
2026-06-29T19:36:56,ul,ue1,2568755,1456176.6276179934,1.456177
2026-06-29T19:36:56,ul,ue2,2568767,1456176.6276179934,1.456177
2026-06-29T19:36:56,ul,ue3,2568779,1472004.5833023167,1.472005
2026-06-29T19:36:56,ul,ue4,2568791,1456176.6276179934,1.456177
2026-06-29T19:36:56,ul,ue5,2569540,1408692.6261461591,1.408693
2026-06-29T19:36:56,ul,ue6,2569552,1487832.6734055043,1.487833
2026-06-29T19:36:56,ul,ue7,2569564,1432434.492463212,1.432434
2026-06-29T19:36:56,ul,ue8,2569576,1472004.5833023167,1.472005
2026-06-29T19:37:01,ul,cu_cp1,2568465,389046.06790519116,0.389046
2026-06-29T19:37:01,ul,cu_up1,2568492,415422.0838575971,0.415422
2026-06-29T19:37:01,ul,cu_cp2,2568519,395640.07189329265,0.395640
2026-06-29T19:37:01,ul,cu_up2,2568527,395640.07189329265,0.395640
2026-06-29T19:37:01,ul,du1,2568709,3890460.6120947935,3.890461
2026-06-29T19:37:01,ul,du2,2569477,3811332.5642375755,3.811333
2026-06-29T19:37:01,ul,ue1,2568755,1417710.254827752,1.417710
2026-06-29T19:37:01,ul,ue2,2568767,1496838.30268497,1.496838
2026-06-29T19:37:01,ul,ue3,2568779,1444086.270780158,1.444086
2026-06-29T19:37:01,ul,ue4,2568791,1542996.2636445619,1.542996
2026-06-29T19:37:01,ul,ue5,2569540,1378146.2308991433,1.378146
2026-06-29T19:37:01,ul,ue6,2569552,1523214.3186373757,1.523214
2026-06-29T19:37:01,ul,ue7,2569564,1450680.207811141,1.450680
2026-06-29T19:37:01,ul,ue8,2569576,1463868.349701581,1.463868
2026-06-29T19:37:07,ul,cu_cp1,2568465,401405.36382859945,0.401405
2026-06-29T19:37:07,ul,cu_up1,2568492,418366.1665720165,0.418366
2026-06-29T19:37:07,ul,cu_cp2,2568519,390098.1954550922,0.390098
2026-06-29T19:37:07,ul,cu_up2,2568527,407058.9647430718,0.407059
2026-06-29T19:37:07,ul,du1,2568709,4002746.637189674,4.002747
2026-06-29T19:37:07,ul,du2,2569477,3906635.3212773325,3.906635
2026-06-29T19:37:07,ul,ue1,2568755,1452974.3309899569,1.452974
2026-06-29T19:37:07,ul,ue2,2568767,1503856.7057647705,1.503857
2026-06-29T19:37:07,ul,ue3,2568779,1447320.763530922,1.447321
2026-06-29T19:37:07,ul,ue4,2568791,1532124.8107034445,1.532125
2026-06-29T19:37:07,ul,ue5,2569540,1407745.6574959278,1.407746
2026-06-29T19:37:07,ul,ue6,2569552,1537778.3781624795,1.537778
2026-06-29T19:37:07,ul,ue7,2569564,1452974.3309899569,1.452974
2026-06-29T19:37:07,ul,ue8,2569576,1481242.4359286309,1.481242
2026-06-29T19:37:12,ul,cu_cp1,2568465,394640.26039386424,0.394640
2026-06-29T19:37:12,ul,cu_up1,2568492,418251.21072541445,0.418251
2026-06-29T19:37:12,ul,cu_cp2,2568519,387894.2650515315,0.387894
2026-06-29T19:37:12,ul,cu_up2,2568527,401386.25573619694,0.401386
2026-06-29T19:37:12,ul,du1,2568709,3963267.759127545,3.963268
2026-06-29T19:37:12,ul,du2,2569477,3926164.8848445583,3.926165
2026-06-29T19:37:12,ul,ue1,2568755,1460506.223184477,1.460506
2026-06-29T19:37:12,ul,ue2,2568767,1467252.2852600385,1.467252
2026-06-29T19:37:12,ul,ue3,2568779,1447014.2324998116,1.447014
2026-06-29T19:37:12,ul,ue4,2568791,1490863.16885836,1.490863
2026-06-29T19:37:12,ul,ue5,2569540,1413284.3225213767,1.413284
2026-06-29T19:37:12,ul,ue6,2569552,1450387.3302708208,1.450387
2026-06-29T19:37:12,ul,ue7,2569564,1447014.2324998116,1.447014
2026-06-29T19:37:12,ul,ue8,2569576,1440268.3038907074,1.440268
2026-06-29T19:37:18,ul,cu_cp1,2568465,399266.35698217,0.399266
2026-06-29T19:37:18,ul,cu_up1,2568492,419568.0657596356,0.419568
2026-06-29T19:37:18,ul,cu_cp2,2568519,395882.7668481687,0.395883
2026-06-29T19:37:18,ul,cu_up2,2568527,399266.35698217,0.399266
2026-06-29T19:37:18,ul,du1,2568709,3965594.7815603064,3.965595
2026-06-29T19:37:18,ul,du2,2569477,3985896.4567430806,3.985896
2026-06-29T19:37:18,ul,ue1,2568755,1427884.846198485,1.427885
2026-06-29T19:37:18,ul,ue2,2568767,1465104.5392406487,1.465105
2026-06-29T19:37:18,ul,ue3,2568779,1492173.5290701913,1.492174
2026-06-29T19:37:18,ul,ue4,2568791,1478639.03415542,1.478639
2026-06-29T19:37:18,ul,ue5,2569540,1366979.8206501626,1.366980
2026-06-29T19:37:18,ul,ue6,2569552,1495557.1863935757,1.495557
2026-06-29T19:37:18,ul,ue7,2569564,1451570.1787046432,1.451570
2026-06-29T19:37:18,ul,ue8,2569576,1475255.5112108015,1.475256
2026-06-29T19:37:23,ul,cu_cp1,2568465,401164.5230735782,0.401165
2026-06-29T19:37:23,ul,cu_up1,2568492,414763.3660037872,0.414763
2026-06-29T19:37:23,ul,cu_cp2,2568519,390965.441252206,0.390965
2026-06-29T19:37:23,ul,cu_up2,2568527,397764.8291331208,0.397765
2026-06-29T19:37:23,ul,du1,2568709,3998046.7908158493,3.998047
2026-06-29T19:37:23,ul,du2,2569477,3936852.0983824776,3.936852
2026-06-29T19:37:23,ul,ue1,2568755,1458471.0849336958,1.458471
2026-06-29T19:37:23,ul,ue2,2568767,1489068.4311503815,1.489068
2026-06-29T19:37:23,ul,ue3,2568779,1455071.424577428,1.455071
2026-06-29T19:37:23,ul,ue4,2568791,1540063.8738414324,1.540064
2026-06-29T19:37:23,ul,ue5,2569540,1410875.3025989127,1.410875
2026-06-29T19:37:23,ul,ue6,2569552,1495867.8861996757,1.495868
2026-06-29T19:37:23,ul,ue7,2569564,1458471.0849336958,1.458471
2026-06-29T19:37:23,ul,ue8,2569576,1482268.9761010874,1.482269
2026-06-29T19:37:29,ul,cu_cp1,2568465,392330.4002391827,0.392330
2026-06-29T19:37:29,ul,cu_up1,2568492,417071.97271516564,0.417072
2026-06-29T19:37:29,ul,cu_cp2,2568519,399399.41615770577,0.399399
2026-06-29T19:37:29,ul,cu_up2,2568527,399399.41615770577,0.399399
2026-06-29T19:37:29,ul,du1,2568709,3997528.8874312975,3.997529
2026-06-29T19:37:29,ul,du2,2569477,3895028.139851561,3.895028
2026-06-29T19:37:29,ul,ue1,2568755,1427941.2825862693,1.427941
2026-06-29T19:37:29,ul,ue2,2568767,1505700.558256936,1.505701
2026-06-29T19:37:29,ul,ue3,2568779,1473889.9028178216,1.473890
2026-06-29T19:37:29,ul,ue4,2568791,1523372.9807251787,1.523373
2026-06-29T19:37:29,ul,ue5,2569540,1417337.775469637,1.417338
2026-06-29T19:37:29,ul,ue6,2569552,1502165.966491914,1.502166
2026-06-29T19:37:29,ul,ue7,2569564,1456217.3462603616,1.456217
2026-06-29T19:37:29,ul,ue8,2569576,1480958.9522586488,1.480959
2026-06-29T19:37:34,ul,cu_cp1,2568465,403961.0798641491,0.403961
2026-06-29T19:37:34,ul,cu_up1,2568492,422837.76201864483,0.422838
2026-06-29T19:37:34,ul,cu_cp2,2568519,403961.0798641491,0.403961
2026-06-29T19:37:34,ul,cu_up2,2568527,403961.0798641491,0.403961
2026-06-29T19:37:34,ul,du1,2568709,4081139.744655204,4.081140
2026-06-29T19:37:34,ul,du2,2569477,4077364.4354769518,4.077364
2026-06-29T19:37:34,ul,ue1,2568755,1491258.2989948655,1.491258
2026-06-29T19:37:34,ul,ue2,2568767,1502584.226529622,1.502584
2026-06-29T19:37:34,ul,ue3,2568779,1487482.8535533785,1.487483
2026-06-29T19:37:34,ul,ue4,2568791,1529011.5270406222,1.529012
2026-06-29T19:37:34,ul,ue5,2569540,1430852.8070898915,1.430853
2026-06-29T19:37:34,ul,ue6,2569552,1544112.9000168657,1.544113
2026-06-29T19:37:34,ul,ue7,2569564,1468606.1713988828,1.468606
2026-06-29T19:37:34,ul,ue8,2569576,1495033.6081731177,1.495034
2026-06-29T19:37:39,ul,cu_cp1,2568465,402177.7935665739,0.402178
2026-06-29T19:37:39,ul,cu_up1,2568492,413349.4017474234,0.413349
2026-06-29T19:37:39,ul,cu_cp2,2568519,398453.90174095513,0.398454
2026-06-29T19:37:39,ul,cu_up2,2568527,405901.65174418926,0.405902
2026-06-29T19:37:39,ul,du1,2568709,3973367.274636688,3.973367
2026-06-29T19:37:39,ul,du2,2569477,3951024.1928670024,3.951024
2026-06-29T19:37:39,ul,ue1,2568755,1459756.4433856392,1.459756
2026-06-29T19:37:39,ul,ue2,2568767,1474651.8760961008,1.474652
2026-06-29T19:37:39,ul,ue3,2568779,1448584.767908783,1.448585
2026-06-29T19:37:39,ul,ue4,2568791,1482099.6597473384,1.482100
2026-06-29T19:37:39,ul,ue5,2569540,1422517.659721465,1.422518
2026-06-29T19:37:39,ul,ue6,2569552,1493271.2006321813,1.493271
2026-06-29T19:37:39,ul,ue7,2569564,1459756.4433856392,1.459756
2026-06-29T19:37:39,ul,ue8,2569576,1482099.6597473384,1.482100
2026-06-29T19:37:45,ul,cu_cp1,2568465,393576.0336242795,0.393576
2026-06-29T19:37:45,ul,cu_up1,2568492,419566.9094599977,0.419567
2026-06-29T19:37:45,ul,cu_cp2,2568519,393576.0336242795,0.393576
2026-06-29T19:37:45,ul,cu_up2,2568527,401002.02687335014,0.401002
2026-06-29T19:37:45,ul,du1,2568709,3976603.4331607223,3.976603
2026-06-29T19:37:45,ul,du2,2569477,3932047.473666298,3.932047
2026-06-29T19:37:45,ul,ue1,2568755,1481479.621027851,1.481480
2026-06-29T19:37:45,ul,ue2,2568767,1462914.7719532133,1.462915
2026-06-29T19:37:45,ul,ue3,2568779,1440636.7922060012,1.440637
2026-06-29T19:37:45,ul,ue4,2568791,1537174.3022998036,1.537174
2026-06-29T19:37:45,ul,ue5,2569540,1396080.966759616,1.396081
2026-06-29T19:37:45,ul,ue6,2569552,1514896.4566006302,1.514896
2026-06-29T19:37:45,ul,ue7,2569564,1459201.6412806392,1.459202
2026-06-29T19:37:45,ul,ue8,2569576,1500044.6041505276,1.500045
2026-06-29T19:37:55,ul,cu_cp1,2568465,393072.3579729572,0.393072
2026-06-29T19:37:55,ul,cu_up1,2568492,420495.995877631,0.420496
2026-06-29T19:37:55,ul,cu_cp2,2568519,393072.3579729572,0.393072
2026-06-29T19:37:55,ul,cu_up2,2568527,411354.77194418013,0.411355
2026-06-29T19:37:55,ul,du1,2568709,4049559.0502206087,4.049559
2026-06-29T19:37:55,ul,du2,2569477,4058700.3080497384,4.058700
2026-06-29T19:37:55,ul,ue1,2568755,1453453.6224440038,1.453454
2026-06-29T19:37:55,ul,ue2,2568767,1508300.7626706362,1.508301
2026-06-29T19:37:55,ul,ue3,2568779,1480877.2603486776,1.480877
2026-06-29T19:37:55,ul,ue4,2568791,1517442.0204997659,1.517442
2026-06-29T19:37:55,ul,ue5,2569540,1416888.591127485,1.416889
2026-06-29T19:37:55,ul,ue6,2569552,1526583.2783288956,1.526583
2026-06-29T19:37:55,ul,ue7,2569564,1416888.591127485,1.416889
2026-06-29T19:37:55,ul,ue8,2569576,1526583.2783288956,1.526583
2026-06-29T19:38:01,ul,cu_cp1,2568465,391134.3581664777,0.391134
2026-06-29T19:38:01,ul,cu_up1,2568492,413274.0113857931,0.413274
2026-06-29T19:38:01,ul,cu_cp2,2568519,391134.3581664777,0.391134
2026-06-29T19:38:01,ul,cu_up2,2568527,391134.3581664777,0.391134
2026-06-29T19:38:01,ul,du1,2568709,3926103.327936945,3.926103
2026-06-29T19:38:01,ul,du2,2569477,3963002.828861618,3.963003
2026-06-29T19:38:01,ul,ue1,2568755,1446459.19200006,1.446459
2026-06-29T19:38:01,ul,ue2,2568767,1483358.5576804804,1.483359
2026-06-29T19:38:01,ul,ue3,2568779,1446459.19200006,1.446459
2026-06-29T19:38:01,ul,ue4,2568791,1498118.3039526485,1.498118
2026-06-29T19:38:01,ul,ue5,2569540,1439079.318863976,1.439079
2026-06-29T19:38:01,ul,ue6,2569552,1439079.318863976,1.439079
2026-06-29T19:38:01,ul,ue7,2569564,1498118.3039526485,1.498118
2026-06-29T19:38:01,ul,ue8,2569576,1512878.1854690695,1.512878
2026-06-29T19:38:06,ul,cu_cp1,2568465,395536.6924609494,0.395537
2026-06-29T19:38:06,ul,cu_up1,2568492,414077.47068561765,0.414077
2026-06-29T19:38:06,ul,cu_cp2,2568519,401716.906701825,0.401717
2026-06-29T19:38:06,ul,cu_up2,2568527,401716.906701825,0.401717
2026-06-29T19:38:06,ul,du1,2568709,4010989.1576569676,4.010989
2026-06-29T19:38:06,ul,du2,2569477,3936825.9092562534,3.936826
2026-06-29T19:38:06,ul,ue1,2568755,1440000.792162838,1.440001
2026-06-29T19:38:06,ul,ue2,2568767,1495623.0252103114,1.495623
2026-06-29T19:38:06,ul,ue3,2568779,1464721.6491263402,1.464722
2026-06-29T19:38:06,ul,ue4,2568791,1526524.265792241,1.526524
2026-06-29T19:38:06,ul,ue5,2569540,1415279.6641952526,1.415280
2026-06-29T19:38:06,ul,ue6,2569552,1526524.265792241,1.526524
2026-06-29T19:38:06,ul,ue7,2569564,1464721.6491263402,1.464722
2026-06-29T19:38:06,ul,ue8,2569576,1489442.7770939255,1.489443
2026-06-29T19:38:12,ul,cu_cp1,2568465,402622.20530576346,0.402622
2026-06-29T19:38:12,ul,cu_up1,2568492,430151.92583366635,0.430152
2026-06-29T19:38:12,ul,cu_cp2,2568519,399180.98172273877,0.399181
2026-06-29T19:38:12,ul,cu_up2,2568527,399180.98172273877,0.399181
2026-06-29T19:38:12,ul,du1,2568709,4074398.910674801,4.074399
2026-06-29T19:38:12,ul,du2,2569477,3926426.7735588024,3.926427
2026-06-29T19:38:12,ul,ue1,2568755,1479722.5976132941,1.479723
2026-06-29T19:38:12,ul,ue2,2568767,1493487.4919453932,1.493487
2026-06-29T19:38:12,ul,ue3,2568779,1517575.9888902712,1.517576
2026-06-29T19:38:12,ul,ue4,2568791,1507252.3862774922,1.507252
2026-06-29T19:38:12,ul,ue5,2569540,1397133.5041658806,1.397134
2026-06-29T19:38:12,ul,ue6,2569552,1524458.4360563206,1.524458
2026-06-29T19:38:12,ul,ue7,2569564,1483163.889332614,1.483164
2026-06-29T19:38:12,ul,ue8,2569576,1521017.1443370008,1.521017
2026-06-29T19:38:17,ul,cu_cp1,2568465,395762.82556899666,0.395763
2026-06-29T19:38:17,ul,cu_up1,2568492,419645.09021228016,0.419645
2026-06-29T19:38:17,ul,cu_cp2,2568519,399174.5922105849,0.399175
2026-06-29T19:38:17,ul,cu_up2,2568527,402586.3588521731,0.402586
2026-06-29T19:38:17,ul,du1,2568709,3995157.281356101,3.995157
2026-06-29T19:38:17,ul,du2,2569477,4008804.6195166777,4.008805
2026-06-29T19:38:17,ul,ue1,2568755,1460228.382164371,1.460228
2026-06-29T19:38:17,ul,ue2,2568767,1501169.4460663176,1.501169
2026-06-29T19:38:17,ul,ue3,2568779,1518228.1434771465,1.518228
2026-06-29T19:38:17,ul,ue4,2568791,1538698.6075295638,1.538699
2026-06-29T19:38:17,ul,ue5,2569540,1432934.3848287773,1.432934
2026-06-29T19:38:17,ul,ue6,2569552,1538698.6075295638,1.538699
2026-06-29T19:38:17,ul,ue7,2569564,1470463.6820891357,1.470464
2026-06-29T19:38:17,ul,ue8,2569576,1504581.2127079058,1.504581
2026-06-29T19:38:23,ul,cu_cp1,2568465,389703.83065651415,0.389704
2026-06-29T19:38:23,ul,cu_up1,2568492,417051.47683910606,0.417051
2026-06-29T19:38:23,ul,cu_cp2,2568519,406796.1307615375,0.406796
2026-06-29T19:38:23,ul,cu_up2,2568527,403377.67074053286,0.403378
2026-06-29T19:38:23,ul,du1,2568709,4016684.0674458505,4.016684
2026-06-29T19:38:23,ul,du2,2569477,3989336.387277813,3.989336
2026-06-29T19:38:23,ul,ue1,2568755,1463098.5779797076,1.463099
2026-06-29T19:38:23,ul,ue2,2568767,1497283.1781897545,1.497283
2026-06-29T19:38:23,ul,ue3,2568779,1487027.8660976314,1.487028
2026-06-29T19:38:23,ul,ue4,2568791,1538304.6984418107,1.538305
2026-06-29T19:38:23,ul,ue5,2569540,1452843.2658875848,1.452843
2026-06-29T19:38:23,ul,ue6,2569552,1521212.3303658962,1.521212
2026-06-29T19:38:23,ul,ue7,2569564,1476772.4180637265,1.476772
2026-06-29T19:38:23,ul,ue8,2569576,1521212.3303658962,1.521212
2026-06-29T19:38:28,ul,cu_cp1,2568465,400161.0366585225,0.400161
2026-06-29T19:38:28,ul,cu_up1,2568492,431477.95901065855,0.431478
2026-06-29T19:38:28,ul,cu_cp2,2568519,407120.33367577463,0.407120
2026-06-29T19:38:28,ul,cu_up2,2568527,407120.33367577463,0.407120
2026-06-29T19:38:28,ul,du1,2568709,4099040.730685558,4.099041
2026-06-29T19:38:28,ul,du2,2569477,4036406.9546008874,4.036407
2026-06-29T19:38:28,ul,ue1,2568755,1485815.2826671218,1.485815
2026-06-29T19:38:28,ul,ue2,2568767,1524091.5706561112,1.524092
2026-06-29T19:38:28,ul,ue3,2568779,1544969.6332568706,1.544970
2026-06-29T19:38:28,ul,ue4,2568791,1562367.8586451006,1.562368
2026-06-29T19:38:28,ul,ue5,2569540,1457978.0945981133,1.457978
2026-06-29T19:38:28,ul,ue6,2569552,1555408.595937649,1.555409
2026-06-29T19:38:28,ul,ue7,2569564,1503213.6452945543,1.503214
2026-06-29T19:38:28,ul,ue8,2569576,1517132.1707094575,1.517132
2026-06-29T19:38:34,ul,cu_cp1,2568465,395221.315760023,0.395221
2026-06-29T19:38:34,ul,cu_up1,2568492,425333.4004493588,0.425333
2026-06-29T19:38:34,ul,cu_cp2,2568519,402749.33693235693,0.402749
2026-06-29T19:38:34,ul,cu_up2,2568527,402749.33693235693,0.402749
2026-06-29T19:38:34,ul,du1,2568709,4076425.472908325,4.076425
2026-06-29T19:38:34,ul,du2,2569477,4035021.5266375635,4.035022
2026-06-29T19:38:34,ul,ue1,2568755,1464200.8327626705,1.464201
2026-06-29T19:38:34,ul,ue2,2568767,1411504.752627163,1.411505
2026-06-29T19:38:34,ul,ue3,2568779,1490548.8728304242,1.490549
2026-06-29T19:38:34,ul,ue4,2568791,1490548.8728304242,1.490549
2026-06-29T19:38:34,ul,ue5,2569540,1445380.7457964206,1.445381
2026-06-29T19:38:34,ul,ue6,2569552,1520661.0936614203,1.520661
2026-06-29T19:38:34,ul,ue7,2569564,1479256.8751073384,1.479257
2026-06-29T19:38:34,ul,ue8,2569576,1505604.9151750922,1.505605
2026-06-29T19:38:39,ul,cu_cp1,2568465,384885.3794803333,0.384885
2026-06-29T19:38:39,ul,cu_up1,2568492,414779.414166584,0.414779
2026-06-29T19:38:39,ul,cu_cp2,2568519,399832.413735733,0.399832
2026-06-29T19:38:39,ul,cu_up2,2568527,396095.6805402946,0.396096
2026-06-29T19:38:39,ul,du1,2568709,3953483.06841568,3.953483
2026-06-29T19:38:39,ul,du2,2569477,3912378.6650203704,3.912379
2026-06-29T19:38:39,ul,ue1,2568755,1442386.0489453506,1.442386
2026-06-29T19:38:39,ul,ue2,2568767,1423702.3153190613,1.423702
2026-06-29T19:38:39,ul,ue3,2568779,1483490.3170424653,1.483490
2026-06-29T19:38:39,ul,ue4,2568791,1461069.78257164,1.461070
2026-06-29T19:38:39,ul,ue5,2569540,1427439.1161635972,1.427439
2026-06-29T19:38:39,ul,ue6,2569552,1509647.6523578262,1.509648
2026-06-29T19:38:39,ul,ue7,2569564,1461069.78257164,1.461070
2026-06-29T19:38:39,ul,ue8,2569576,1453596.3161807633,1.453596
2026-06-29T19:38:45,ul,cu_cp1,2568465,398737.56053046347,0.398738
2026-06-29T19:38:45,ul,cu_up1,2568492,413784.2923138547,0.413784
2026-06-29T19:38:45,ul,cu_cp2,2568519,398737.56053046347,0.398738
2026-06-29T19:38:45,ul,cu_up2,2568527,391214.24556097627,0.391214
2026-06-29T19:38:45,ul,du1,2568709,4028754.109221926,4.028754
2026-06-29T19:38:45,ul,du2,2569477,3953520.959527054,3.953521
2026-06-29T19:38:45,ul,ue1,2568755,1452006.714531374,1.452007
2026-06-29T19:38:45,ul,ue2,2568767,1444483.3995618867,1.444483
2026-06-29T19:38:45,ul,ue3,2568779,1497146.740140853,1.497147
2026-06-29T19:38:45,ul,ue4,2568791,1482100.1102018785,1.482100
2026-06-29T19:38:45,ul,ue5,2569540,1436959.948799844,1.436960
2026-06-29T19:38:45,ul,ue6,2569552,1508431.7804913616,1.508432
2026-06-29T19:38:45,ul,ue7,2569564,1467053.3444703484,1.467053
2026-06-29T19:38:45,ul,ue8,2569576,1455768.3041198396,1.455768
2026-06-29T19:38:50,ul,cu_cp1,2568465,409169.5027976525,0.409170
2026-06-29T19:38:50,ul,cu_up1,2568492,416677.2202561784,0.416677
2026-06-29T19:38:50,ul,cu_cp2,2568519,401661.81914503453,0.401662
2026-06-29T19:38:50,ul,cu_up2,2568527,386646.4518397987,0.386646
2026-06-29T19:38:50,ul,du1,2568709,4046649.128896265,4.046649
2026-06-29T19:38:50,ul,du2,2569477,3904002.530990181,3.904003
2026-06-29T19:38:50,ul,ue1,2568755,1433970.2145108462,1.433970
2026-06-29T19:38:50,ul,ue2,2568767,1430216.4064904451,1.430216
2026-06-29T19:38:50,ul,ue3,2568779,1505293.3782402563,1.505293
2026-06-29T19:38:50,ul,ue4,2568791,1494031.8189554214,1.494032
2026-06-29T19:38:50,ul,ue5,2569540,1437724.0225312472,1.437724
2026-06-29T19:38:50,ul,ue6,2569552,1542831.8641151618,1.542832
2026-06-29T19:38:50,ul,ue7,2569564,1460247.1411009168,1.460247
2026-06-29T19:38:50,ul,ue8,2569576,1482770.3948942185,1.482770
2026-06-29T19:38:56,ul,cu_cp1,2568465,385618.8995540634,0.385619
2026-06-29T19:38:56,ul,cu_up1,2568492,419896.1252619356,0.419896
2026-06-29T19:38:56,ul,cu_cp2,2568519,402757.52938346117,0.402758
2026-06-29T19:38:56,ul,cu_up2,2568527,394188.2144687623,0.394188
2026-06-29T19:38:56,ul,du1,2568709,4053283.1367259384,4.053283
2026-06-29T19:38:56,ul,du2,2569477,3916174.0980907558,3.916174
2026-06-29T19:38:56,ul,ue1,2568755,1456782.5169711113,1.456783
2026-06-29T19:38:56,ul,ue2,2568767,1456782.5169711113,1.456783
2026-06-29T19:38:56,ul,ue3,2568779,1491059.7766299068,1.491060
2026-06-29T19:38:56,ul,ue4,2568791,1456782.5169711113,1.456783
2026-06-29T19:38:56,ul,ue5,2569540,1439643.9550435604,1.439644
2026-06-29T19:38:56,ul,ue6,2569552,1525337.0362887024,1.525337
2026-06-29T19:38:56,ul,ue7,2569564,1473921.214702356,1.473921
2026-06-29T19:38:56,ul,ue8,2569576,1508198.338557458,1.508198
2026-06-29T19:39:01,ul,cu_cp1,2568465,392842.53165717603,0.392843
2026-06-29T19:39:01,ul,cu_up1,2568492,427917.7771171147,0.427918
2026-06-29T19:39:01,ul,cu_cp2,2568519,399857.6011392391,0.399858
2026-06-29T19:39:01,ul,cu_up2,2568527,392842.53165717603,0.392843
2026-06-29T19:39:01,ul,du1,2568709,4054696.43131506,4.054696
2026-06-29T19:39:01,ul,du2,2569477,3851260.028037491,3.851260
2026-06-29T19:39:01,ul,ue1,2568755,1487189.700645454,1.487190
2026-06-29T19:39:01,ul,ue2,2568767,1438084.2822379302,1.438084
2026-06-29T19:39:01,ul,ue3,2568779,1438084.2822379302,1.438084
2026-06-29T19:39:01,ul,ue4,2568791,1487189.700645454,1.487190
2026-06-29T19:39:01,ul,ue5,2569540,1410024.1402435135,1.410024
2026-06-29T19:39:01,ul,ue6,2569552,1564355.1251135587,1.564355
2026-06-29T19:39:01,ul,ue7,2569564,1473159.5616813279,1.473160
2026-06-29T19:39:01,ul,ue8,2569576,1480174.563196473,1.480175
2026-06-29T19:39:06,ul,cu_cp1,2568465,396172.02840818436,0.396172
2026-06-29T19:39:06,ul,cu_up1,2568492,425737.0682425609,0.425737
2026-06-29T19:39:06,ul,cu_cp2,2568519,396172.02840818436,0.396172
2026-06-29T19:39:06,ul,cu_up2,2568527,407998.03079049557,0.407998
2026-06-29T19:39:06,ul,du1,2568709,3997198.1557143833,3.997198
2026-06-29T19:39:06,ul,du2,2569477,3949893.87515635,3.949894
2026-06-29T19:39:06,ul,ue1,2568755,1466427.683266443,1.466428
2026-06-29T19:39:06,ul,ue2,2568767,1436862.6434320665,1.436863
2026-06-29T19:39:06,ul,ue3,2568779,1484166.7884757053,1.484167
2026-06-29T19:39:06,ul,ue4,2568791,1466427.683266443,1.466428
2026-06-29T19:39:06,ul,ue5,2569540,1401384.5685279358,1.401385
2026-06-29T19:39:06,ul,ue6,2569552,1531470.9335193443,1.531471
2026-06-29T19:39:06,ul,ue7,2569564,1495992.8586152135,1.495993
2026-06-29T19:39:06,ul,ue8,2569576,1472340.718336197,1.472341
2026-06-29T19:39:12,ul,cu_cp1,2568465,398360.77885372104,0.398361
2026-06-29T19:39:12,ul,cu_up1,2568492,429536.81835599185,0.429537
2026-06-29T19:39:12,ul,cu_cp2,2568519,398360.77885372104,0.398361
2026-06-29T19:39:12,ul,cu_up2,2568527,401824.7489800519,0.401825
2026-06-29T19:39:12,ul,du1,2568709,4066743.688299737,4.066744
2026-06-29T19:39:12,ul,du2,2569477,4021711.665503712,4.021712
2026-06-29T19:39:12,ul,ue1,2568755,1461810.7430506563,1.461811
2026-06-29T19:39:12,ul,ue2,2568767,1447954.7254940914,1.447955
2026-06-29T19:39:12,ul,ue3,2568779,1499914.8255940198,1.499915
2026-06-29T19:39:12,ul,ue4,2568791,1489522.778163786,1.489523
2026-06-29T19:39:12,ul,ue5,2569540,1475666.7606072212,1.475667
2026-06-29T19:39:12,ul,ue6,2569552,1527626.8607071496,1.527627
2026-06-29T19:39:12,ul,ue7,2569564,1517234.8132769156,1.517235
2026-06-29T19:39:12,ul,ue8,2569576,1499914.8255940198,1.499915
2026-06-29T19:39:17,ul,cu_cp1,2568465,386880.10321899655,0.386880
2026-06-29T19:39:17,ul,cu_up1,2568492,428331.57223767875,0.428332
2026-06-29T19:39:17,ul,cu_cp2,2568519,400697.2938446453,0.400697
2026-06-29T19:39:17,ul,cu_up2,2568527,400697.2938446453,0.400697
2026-06-29T19:39:17,ul,du1,2568709,4051878.319403057,4.051878
2026-06-29T19:39:17,ul,du2,2569477,3975884.1652520015,3.975884
2026-06-29T19:39:17,ul,ue1,2568755,1478434.7683225346,1.478435
2026-06-29T19:39:17,ul,ue2,2568767,1454254.7104422152,1.454255
2026-06-29T19:39:17,ul,ue3,2568779,1533703.2565364253,1.533703
2026-06-29T19:39:17,ul,ue4,2568791,1495706.1794608973,1.495706
2026-06-29T19:39:17,ul,ue5,2569540,1464617.6119829738,1.464618
2026-06-29T19:39:17,ul,ue6,2569552,1561337.7063598991,1.561338
2026-06-29T19:39:17,ul,ue7,2569564,1512977.5905992603,1.512978
2026-06-29T19:39:17,ul,ue8,2569576,1512977.5905992603,1.512978
2026-06-29T19:39:23,ul,cu_cp1,2568465,401793.37124226213,0.401793
2026-06-29T19:39:23,ul,cu_up1,2568492,418964.04327912093,0.418964
2026-06-29T19:39:23,ul,cu_cp2,2568519,405227.49883386015,0.405227
2026-06-29T19:39:23,ul,cu_up2,2568527,394925.11605906603,0.394925
2026-06-29T19:39:23,ul,du1,2568709,4062577.371113396,4.062577
2026-06-29T19:39:23,ul,du2,2569477,3928646.599514284,3.928647
2026-06-29T19:39:23,ul,ue1,2568755,1425164.518141141,1.425165
2026-06-29T19:39:23,ul,ue2,2568767,1404559.7525915527,1.404560
2026-06-29T19:39:23,ul,ue3,2568779,1466374.0492403174,1.466374
2026-06-29T19:39:23,ul,ue4,2568791,1473242.4407389879,1.473242
2026-06-29T19:39:23,ul,ue5,2569540,1407993.9483408881,1.407994
2026-06-29T19:39:23,ul,ue6,2569552,1528188.4822045565,1.528188
2026-06-29T19:39:23,ul,ue7,2569564,1500715.4614717723,1.500715
2026-06-29T19:39:23,ul,ue8,2569576,1493847.2062885761,1.493847
2026-06-29T19:39:28,ul,cu_cp1,2568465,403303.82417775097,0.403304
2026-06-29T19:39:28,ul,cu_up1,2568492,424718.2099199143,0.424718
2026-06-29T19:39:28,ul,cu_cp2,2568519,403303.82417775097,0.403304
2026-06-29T19:39:28,ul,cu_up2,2568527,403303.82417775097,0.403304
2026-06-29T19:39:28,ul,du1,2568709,4068728.9647962046,4.068729
2026-06-29T19:39:28,ul,du2,2569477,4104419.550474746,4.104420
2026-06-29T19:39:28,ul,ue1,2568755,1477590.933792392,1.477591
2026-06-29T19:39:28,ul,ue2,2568767,1438331.289545996,1.438331
2026-06-29T19:39:28,ul,ue3,2568779,1516850.578038788,1.516851
2026-06-29T19:39:28,ul,ue4,2568791,1520419.7739467954,1.520420
2026-06-29T19:39:28,ul,ue5,2569540,1470452.9539968371,1.470453
2026-06-29T19:39:28,ul,ue6,2569552,1559679.4181931913,1.559679
2026-06-29T19:39:28,ul,ue7,2569564,1548972.2424896287,1.548972
2026-06-29T19:39:28,ul,ue8,2569576,1523988.8325146497,1.523989
2026-06-29T19:39:34,ul,cu_cp1,2568465,404056.018537274,0.404056
2026-06-29T19:39:34,ul,cu_up1,2568492,422937.1530361801,0.422937
2026-06-29T19:39:34,ul,cu_cp2,2568519,392727.3515084207,0.392727
2026-06-29T19:39:34,ul,cu_up2,2568527,396503.5852434471,0.396504
2026-06-29T19:39:34,ul,du1,2568709,3999021.7168161273,3.999022
2026-06-29T19:39:34,ul,du2,2569477,4006574.1159337284,4.006574
2026-06-29T19:39:34,ul,ue1,2568755,1461398.9353039502,1.461399
2026-06-29T19:39:34,ul,ue2,2568767,1434965.2649825395,1.434965
2026-06-29T19:39:34,ul,ue3,2568779,1487832.4689204574,1.487832
2026-06-29T19:39:34,ul,ue4,2568791,1495384.8680380583,1.495385
2026-06-29T19:39:34,ul,ue5,2569540,1423636.666306138,1.423637
2026-06-29T19:39:34,ul,ue6,2569552,1559580.6706523777,1.559581
2026-06-29T19:39:34,ul,ue7,2569564,1506713.6034193635,1.506714
2026-06-29T19:39:34,ul,ue8,2569576,1506713.6034193635,1.506714
2026-06-29T19:39:39,ul,cu_cp1,2568465,397683.0905603099,0.397683
2026-06-29T19:39:39,ul,cu_up1,2568492,427982.76827623247,0.427983
2026-06-29T19:39:39,ul,cu_cp2,2568519,401470.5759121108,0.401471
2026-06-29T19:39:39,ul,cu_up2,2568527,393895.67357467057,0.393896
2026-06-29T19:39:39,ul,du1,2568709,4045005.368470869,4.045005
2026-06-29T19:39:39,ul,du2,2569477,3995768.3323621033,3.995768
2026-06-29T19:39:39,ul,ue1,2568755,1480896.244165275,1.480896
2026-06-29T19:39:39,ul,ue2,2568767,1424084.3740852308,1.424084
2026-06-29T19:39:39,ul,ue3,2568779,1507408.3681632353,1.507408
2026-06-29T19:39:39,ul,ue4,2568791,1496046.0488401556,1.496046
2026-06-29T19:39:39,ul,ue5,2569540,1439234.1787601113,1.439234
2026-06-29T19:39:39,ul,ue6,2569552,1564220.2382432795,1.564220
2026-06-29T19:39:39,ul,ue7,2569564,1511195.8535150362,1.511196
2026-06-29T19:39:39,ul,ue8,2569576,1518770.6874863147,1.518771
2026-06-29T19:39:45,ul,cu_cp1,2568465,397993.04261823895,0.397993
2026-06-29T19:39:45,ul,cu_up1,2568492,424525.9395002246,0.424526
2026-06-29T19:39:45,ul,cu_cp2,2568519,401783.46623498795,0.401783
2026-06-29T19:39:45,ul,cu_up2,2568527,397993.04261823895,0.397993
2026-06-29T19:39:45,ul,du1,2568709,4048158.1881543873,4.048158
2026-06-29T19:39:45,ul,du2,2569477,4014044.3071683883,4.014044
2026-06-29T19:39:45,ul,ue1,2568755,1493421.5670490265,1.493422
2026-06-29T19:39:45,ul,ue2,2568767,1406242.1660400867,1.406242
2026-06-29T19:39:45,ul,ue3,2568779,1508583.1246455074,1.508583
2026-06-29T19:39:45,ul,ue4,2568791,1519954.4639310122,1.519954
2026-06-29T19:39:45,ul,ue5,2569540,1447936.6205185533,1.447937
2026-06-29T19:39:45,ul,ue6,2569552,1557858.5632279874,1.557859
2026-06-29T19:39:45,ul,ue7,2569564,1508583.1246455074,1.508583
2026-06-29T19:39:45,ul,ue8,2569576,1512373.616697514,1.512374
2026-06-29T19:39:50,ul,cu_cp1,2568465,406437.4929550958,0.406437
2026-06-29T19:39:50,ul,cu_up1,2568492,445145.82227677526,0.445146
2026-06-29T19:39:50,ul,cu_cp2,2568519,410308.3258872637,0.410308
2026-06-29T19:39:50,ul,cu_up2,2568527,406437.4929550958,0.406437
2026-06-29T19:39:50,ul,du1,2568709,4226949.702237244,4.226950
2026-06-29T19:39:50,ul,du2,2569477,4095341.873627992,4.095342
2026-06-29T19:39:50,ul,ue1,2568755,1513495.9220198966,1.513496
2026-06-29T19:39:50,ul,ue2,2568767,1505754.186000638,1.505754
2026-06-29T19:39:50,ul,ue3,2568779,1536720.8494579815,1.536721
2026-06-29T19:39:50,ul,ue4,2568791,1563816.644905696,1.563817
2026-06-29T19:39:50,ul,ue5,2569540,1505754.186000638,1.505754
2026-06-29T19:39:50,ul,ue6,2569552,1594783.3083630395,1.594783
2026-06-29T19:39:50,ul,ue7,2569564,1521237.5177293099,1.521238
2026-06-29T19:39:50,ul,ue8,2569576,1583170.844643997,1.583171
2026-06-29T19:39:56,ul,cu_cp1,2568465,470061.315799205,0.470061
2026-06-29T19:39:56,ul,cu_up1,2568492,498840.5737672961,0.498841
2026-06-29T19:39:56,ul,cu_cp2,2568519,460468.24259988935,0.460468
2026-06-29T19:39:56,ul,cu_up2,2568527,460468.24259988935,0.460468
2026-06-29T19:39:56,ul,du1,2568709,4595089.352799578,4.595089
2026-06-29T19:39:56,ul,du2,2569477,4527937.917144656,4.527938
2026-06-29T19:39:56,ul,ue1,2568755,1669197.499331299,1.669197
2026-06-29T19:39:56,ul,ue2,2568767,1669197.499331299,1.669197
2026-06-29T19:39:56,ul,ue3,2568779,1774721.3812640596,1.774721
2026-06-29T19:39:56,ul,ue4,2568791,1726755.9385271932,1.726756
2026-06-29T19:39:56,ul,ue5,2569540,1678790.4957903265,1.678790
2026-06-29T19:39:56,ul,ue6,2569552,1784314.5312036634,1.784315
2026-06-29T19:39:56,ul,ue7,2569564,1697976.642188958,1.697977
2026-06-29T19:39:56,ul,ue8,2569576,1755535.2348654282,1.755535
2026-06-29T19:40:01,ul,cu_cp1,2568465,457668.31333981454,0.457668
2026-06-29T19:40:01,ul,cu_up1,2568492,503435.12583185436,0.503435
2026-06-29T19:40:01,ul,cu_cp2,2568519,450040.53009974957,0.450041
2026-06-29T19:40:01,ul,cu_up2,2568527,450040.53009974957,0.450041
2026-06-29T19:40:01,ul,du1,2568709,4492777.480073547,4.492777
2026-06-29T19:40:01,ul,du2,2569477,4500405.300997496,4.500405
2026-06-29T19:40:01,ul,ue1,2568755,1639978.1824671507,1.639978
2026-06-29T19:40:01,ul,ue2,2568767,1647605.8526555658,1.647606
2026-06-29T19:40:01,ul,ue3,2568779,1723883.9111595154,1.723884
2026-06-29T19:40:01,ul,ue4,2568791,1685744.9572753073,1.685745
2026-06-29T19:40:01,ul,ue5,2569540,1670489.3154274106,1.670489
2026-06-29T19:40:01,ul,ue6,2569552,1739139.553007412,1.739140
2026-06-29T19:40:01,ul,ue7,2569564,1685744.9572753073,1.685745
2026-06-29T19:40:01,ul,ue8,2569576,1693372.7781992555,1.693373
2026-06-29T19:40:07,ul,cu_cp1,2568465,443715.5557926729,0.443716
2026-06-29T19:40:07,ul,cu_up1,2568492,469070.7197764197,0.469071
2026-06-29T19:40:07,ul,cu_cp2,2568519,443715.5557926729,0.443716
2026-06-29T19:40:07,ul,cu_up2,2568527,424699.14558944193,0.424699
2026-06-29T19:40:07,ul,du1,2568709,4240653.148698955,4.240653
2026-06-29T19:40:07,ul,du2,2569477,4323057.319999869,4.323057
2026-06-29T19:40:07,ul,ue1,2568755,1457922.4500813317,1.457922
2026-06-29T19:40:07,ul,ue2,2568767,1622731.0904065275,1.622731
2026-06-29T19:40:07,ul,ue3,2568779,1806556.0665041124,1.806556
2026-06-29T19:40:07,ul,ue4,2568791,1838250.058699217,1.838250
2026-06-29T19:40:07,ul,ue5,2569540,1622731.0904065275,1.622731
2026-06-29T19:40:07,ul,ue6,2569552,1705135.4105691253,1.705135
2026-06-29T19:40:07,ul,ue7,2569564,1648086.2543902742,1.648086
2026-06-29T19:40:07,ul,ue8,2569576,1705135.4105691253,1.705135
