timestamp,phase,component,pid,microwatts,watts
2026-06-23T04:44:26,idle,cu_cp,3475611,298403.51221657096,0.298404
2026-06-23T04:44:26,idle,cu_up,3475619,305343.1115650958,0.305343
2026-06-23T04:44:26,idle,du1,3475775,2734208.9762111213,2.734209
2026-06-23T04:44:26,idle,du2,3476392,2734208.9762111213,2.734209
2026-06-23T04:44:26,idle,du3,3477006,2685631.43912683,2.685631
2026-06-23T04:44:26,idle,du4,3477648,2713389.8365209294,2.713390
2026-06-23T04:44:26,idle,ue1,3475817,645384.3337543547,0.645384
2026-06-23T04:44:26,idle,ue5,3476454,680082.3874377483,0.680082
2026-06-23T04:44:26,idle,ue9,3477068,680082.3874377483,0.680082
2026-06-23T04:44:26,idle,ue13,3477708,645384.3337543547,0.645384
2026-06-23T04:44:31,idle,cu_cp,3475611,296251.91783267853,0.296252
2026-06-23T04:44:31,idle,cu_up,3475619,296251.91783267853,0.296252
2026-06-23T04:44:31,idle,du1,3475775,2690451.033989477,2.690451
2026-06-23T04:44:31,idle,du2,3476392,2684405.1120336056,2.684405
2026-06-23T04:44:31,idle,du3,3477006,2756956.6324207783,2.756957
2026-06-23T04:44:31,idle,du4,3477648,2720680.872227192,2.720681
2026-06-23T04:44:31,idle,ue1,3475817,640871.4968852758,0.640871
2026-06-23T04:44:31,idle,ue5,3476454,677147.199964273,0.677147
2026-06-23T04:44:31,idle,ue9,3477068,695285.1371756553,0.695285
2026-06-23T04:44:31,idle,ue13,3477708,628779.5958589434,0.628780
2026-06-23T04:44:36,idle,cu_cp,3475611,293099.20153647603,0.293099
2026-06-23T04:44:36,idle,cu_up,3475619,298428.2981495592,0.298428
2026-06-23T04:44:36,idle,du1,3475775,2707170.9272107887,2.707171
2026-06-23T04:44:36,idle,du2,3476392,2781778.2227589227,2.781778
2026-06-23T04:44:36,idle,du3,3477006,2760461.7222365285,2.760462
2026-06-23T04:44:36,idle,du4,3477648,2701841.8020801903,2.701842
2026-06-23T04:44:36,idle,ue1,3475817,676792.7318026972,0.676793
2026-06-23T04:44:36,idle,ue5,3476454,655476.4023853951,0.655476
2026-06-23T04:44:36,idle,ue9,3477068,639489.1980986916,0.639489
2026-06-23T04:44:36,idle,ue13,3477708,607514.7324902541,0.607515
2026-06-23T04:44:42,idle,cu_cp,3475611,295874.74757273257,0.295875
2026-06-23T04:44:42,idle,cu_up,3475619,295874.74757273257,0.295875
2026-06-23T04:44:42,idle,du1,3475775,2710594.461634066,2.710594
2026-06-23T04:44:42,idle,du2,3476392,2724911.181734283,2.724911
2026-06-23T04:44:42,idle,du3,3477006,2739227.6731986427,2.739228
2026-06-23T04:44:42,idle,du4,3477648,2720139.094124782,2.720139
2026-06-23T04:44:42,idle,ue1,3475817,696737.36595927,0.696737
2026-06-23T04:44:42,idle,ue5,3476454,649015.632479797,0.649016
2026-06-23T04:44:42,idle,ue9,3477068,629926.9390880078,0.629927
2026-06-23T04:44:42,idle,ue13,3477708,668104.2687126219,0.668104
2026-06-23T04:44:47,idle,cu_cp,3475611,306349.0850007212,0.306349
2026-06-23T04:44:47,idle,cu_up,3475619,315271.89229941845,0.315272
2026-06-23T04:44:47,idle,du1,3475775,2774987.5232981015,2.774988
2026-06-23T04:44:47,idle,du2,3476392,2736322.05374259,2.736322
2026-06-23T04:44:47,idle,du3,3477006,2751193.3705015755,2.751193
2026-06-23T04:44:47,idle,du4,3477648,2754167.725817671,2.754168
2026-06-23T04:44:47,idle,ue1,3475817,725720.165874195,0.725720
2026-06-23T04:44:47,idle,ue5,3476454,675157.677398107,0.675158
2026-06-23T04:44:47,idle,ue9,3477068,624595.2463997054,0.624595
2026-06-23T04:44:47,idle,ue13,3477708,672183.4370373845,0.672183
2026-06-23T04:44:52,idle,cu_cp,3475611,299294.96694950224,0.299295
2026-06-23T04:44:52,idle,cu_up,3475619,302258.2666879791,0.302258
2026-06-23T04:44:52,idle,du1,3475775,2723287.814734583,2.723288
2026-06-23T04:44:52,idle,du2,3476392,2744031.1138114356,2.744031
2026-06-23T04:44:52,idle,du3,3477006,2767737.5117192506,2.767738
2026-06-23T04:44:52,idle,du4,3477648,2758847.7560091875,2.758848
2026-06-23T04:44:52,idle,ue1,3475817,687489.4426726341,0.687489
2026-06-23T04:44:52,idle,ue5,3476454,696379.3705891382,0.696379
2026-06-23T04:44:52,idle,ue9,3477068,631186.4319297648,0.631186
2026-06-23T04:44:52,idle,ue13,3477708,672672.8578770292,0.672673
2026-06-23T04:44:58,idle,cu_cp,3475611,301427.9032817137,0.301428
2026-06-23T04:44:58,idle,cu_up,3475619,310293.42984882294,0.310293
2026-06-23T04:44:58,idle,du1,3475775,2724671.888936286,2.724672
2026-06-23T04:44:58,idle,du2,3476392,2730582.297292409,2.730582
2026-06-23T04:44:58,idle,du3,3477006,2763089.084760017,2.763089
2026-06-23T04:44:58,idle,du4,3477648,2718761.480580163,2.718761
2026-06-23T04:44:58,idle,ue1,3475817,676735.1659669792,0.676735
2026-06-23T04:44:58,idle,ue5,3476454,715152.4764134777,0.715152
2026-06-23T04:44:58,idle,ue9,3477068,656048.9659660828,0.656049
2026-06-23T04:44:58,idle,ue13,3477708,647183.4107432818,0.647183
2026-06-23T04:45:03,idle,cu_cp,3475611,315542.7982457089,0.315543
2026-06-23T04:45:03,idle,cu_up,3475619,321496.4364935434,0.321496
2026-06-23T04:45:03,idle,du1,3475775,2762487.9158790493,2.762488
2026-06-23T04:45:03,idle,du2,3476392,2762487.9158790493,2.762488
2026-06-23T04:45:03,idle,du3,3477006,2810117.021861725,2.810117
2026-06-23T04:45:03,idle,du4,3477648,2744627.0300250626,2.744627
2026-06-23T04:45:03,idle,ue1,3475817,663830.6501887823,0.663831
2026-06-23T04:45:03,idle,ue5,3476454,729320.6420254445,0.729321
2026-06-23T04:45:03,idle,ue9,3477068,696575.6461071133,0.696576
2026-06-23T04:45:03,idle,ue13,3477708,681691.536042769,0.681692
2026-06-23T04:45:08,idle,cu_cp,3475611,314644.15869624587,0.314644
2026-06-23T04:45:08,idle,cu_up,3475619,320694.9906545332,0.320695
2026-06-23T04:45:08,idle,du1,3475775,2792466.846950512,2.792467
2026-06-23T04:45:08,idle,du2,3476392,2798517.6210465217,2.798518
2026-06-23T04:45:08,idle,du3,3477006,2804568.3951425315,2.804568
2026-06-23T04:45:08,idle,du4,3477648,2741034.4570625424,2.741034
2026-06-23T04:45:08,idle,ue1,3475817,656517.0901359236,0.656517
2026-06-23T04:45:08,idle,ue5,3476454,735178.1370427698,0.735178
2026-06-23T04:45:08,idle,ue9,3477068,695847.5846582078,0.695848
2026-06-23T04:45:08,idle,ue13,3477708,671644.1989627809,0.671644
2026-06-23T04:45:14,idle,cu_cp,3475611,312655.7888260335,0.312656
2026-06-23T04:45:14,idle,cu_up,3475619,303084.69766732154,0.303085
2026-06-23T04:45:14,idle,du1,3475775,2724571.7709782124,2.724572
2026-06-23T04:45:14,idle,du2,3476392,2794759.7728087665,2.794760
2026-06-23T04:45:14,idle,du3,3477006,2762856.13561306,2.762856
2026-06-23T04:45:14,idle,du4,3477648,2746904.4324616957,2.746904
2026-06-23T04:45:14,idle,ue1,3475817,708261.0343609035,0.708261
2026-06-23T04:45:14,idle,ue5,3476454,727403.2744015717,0.727403
2026-06-23T04:45:14,idle,ue9,3477068,666786.3060064852,0.666786
2026-06-23T04:45:14,idle,ue13,3477708,654024.8511282026,0.654025
2026-06-23T04:45:19,idle,cu_cp,3475611,301719.7691637933,0.301720
2026-06-23T04:45:19,idle,cu_up,3475619,304895.75493845344,0.304896
2026-06-23T04:45:19,idle,du1,3475775,2737709.8516293527,2.737710
2026-06-23T04:45:19,idle,du2,3476392,2782173.882335329,2.782174
2026-06-23T04:45:19,idle,du3,3477006,2763117.7378266333,2.763118
2026-06-23T04:45:19,idle,du4,3477648,2702773.7782473564,2.702774
2026-06-23T04:45:19,idle,ue1,3475817,705071.4279078126,0.705071
2026-06-23T04:45:19,idle,ue5,3476454,689191.4415693283,0.689191
2026-06-23T04:45:19,idle,ue9,3477068,670135.469456184,0.670135
2026-06-23T04:45:19,idle,ue13,3477708,670135.469456184,0.670135
2026-06-23T04:45:24,idle,cu_cp,3475611,302402.4175523281,0.302402
2026-06-23T04:45:24,idle,cu_up,3475619,299219.21147098066,0.299219
2026-06-23T04:45:24,idle,du1,3475775,2775735.656504669,2.775736
2026-06-23T04:45:24,idle,du2,3476392,2737537.5291566085,2.737538
2026-06-23T04:45:24,idle,du3,3477006,2747087.2338076783,2.747087
2026-06-23T04:45:24,idle,du4,3477648,2756636.4776212694,2.756636
2026-06-23T04:45:24,idle,ue1,3475817,697117.1490098572,0.697117
2026-06-23T04:45:24,idle,ue5,3476454,687567.5595681572,0.687568
2026-06-23T04:45:24,idle,ue9,3477068,674834.850452137,0.674835
2026-06-23T04:45:24,idle,ue13,3477708,674834.850452137,0.674835
2026-06-23T04:45:30,idle,cu_cp,3475611,312160.56239643873,0.312161
2026-06-23T04:45:30,idle,cu_up,3475619,312160.56239643873,0.312161
2026-06-23T04:45:30,idle,du1,3475775,2771221.352759757,2.771221
2026-06-23T04:45:30,idle,du2,3476392,2768035.863563323,2.768036
2026-06-23T04:45:30,idle,du3,3477006,2745738.822579656,2.745739
2026-06-23T04:45:30,idle,du4,3477648,2720256.292399554,2.720256
2026-06-23T04:45:30,idle,ue1,3475817,684842.018688004,0.684842
2026-06-23T04:45:30,idle,ue5,3476454,697583.2837780548,0.697583
2026-06-23T04:45:30,idle,ue9,3477068,681656.7600567985,0.681657
2026-06-23T04:45:30,idle,ue13,3477708,640247.6485141336,0.640248
2026-06-23T04:45:35,idle,cu_cp,3475611,306124.1403964877,0.306124
2026-06-23T04:45:35,idle,cu_up,3475619,302935.31572175026,0.302935
2026-06-23T04:45:35,idle,du1,3475775,2751928.554260445,2.751929
2026-06-23T04:45:35,idle,du2,3476392,2761494.7687093737,2.761495
2026-06-23T04:45:35,idle,du3,3477006,2745550.8472275734,2.745551
2026-06-23T04:45:35,idle,du4,3477648,2774249.9520415305,2.774250
2026-06-23T04:45:35,idle,ue1,3475817,698345.6529182434,0.698346
2026-06-23T04:45:35,idle,ue5,3476454,663268.9564382076,0.663269
2026-06-23T04:45:35,idle,ue9,3477068,685590.5272694826,0.685591
2026-06-23T04:45:35,idle,ue13,3477708,653702.5689390898,0.653703
2026-06-23T04:45:40,idle,cu_cp,3475611,305854.5113255358,0.305855
2026-06-23T04:45:40,idle,cu_up,3475619,315412.47201185644,0.315412
2026-06-23T04:45:40,idle,du1,3475775,2774992.7120050383,2.774993
2026-06-23T04:45:40,idle,du2,3476392,2717644.890227933,2.717645
2026-06-23T04:45:40,idle,du3,3477006,2733574.9688530876,2.733575
2026-06-23T04:45:40,idle,du4,3477648,2781364.7434551,2.781365
2026-06-23T04:45:40,idle,ue1,3475817,704102.6137892472,0.704103
2026-06-23T04:45:40,idle,ue5,3476454,681800.7343507564,0.681801
2026-06-23T04:45:40,idle,ue9,3477068,697730.6399983668,0.697731
2026-06-23T04:45:40,idle,ue13,3477708,649940.8653963542,0.649941
2026-06-23T04:45:45,idle,cu_cp,3475611,321635.2856127736,0.321635
2026-06-23T04:45:45,idle,cu_up,3475619,313977.31714056997,0.313977
2026-06-23T04:45:45,idle,du1,3475775,2795163.7771162414,2.795164
2026-06-23T04:45:45,idle,du2,3476392,2795163.7771162414,2.795164
2026-06-23T04:45:45,idle,du3,3477006,2787505.866718345,2.787506
2026-06-23T04:45:45,idle,du4,3477648,2787505.866718345,2.787506
2026-06-23T04:45:45,idle,ue1,3475817,696876.4666795862,0.696876
2026-06-23T04:45:45,idle,ue5,3476454,696876.4666795862,0.696876
2026-06-23T04:45:45,idle,ue9,3477068,689218.4982073825,0.689218
2026-06-23T04:45:45,idle,ue13,3477708,689218.4982073825,0.689218
2026-06-23T04:45:51,idle,cu_cp,3475611,306864.7030594349,0.306865
2026-06-23T04:45:51,idle,cu_up,3475619,313393.7441968441,0.313394
2026-06-23T04:45:51,idle,du1,3475775,2768311.138273525,2.768311
2026-06-23T04:45:51,idle,du2,3476392,2781369.220548344,2.781369
2026-06-23T04:45:51,idle,du3,3477006,2755253.2863975046,2.755253
2026-06-23T04:45:51,idle,du4,3477648,2755253.2863975046,2.755253
2026-06-23T04:45:51,idle,ue1,3475817,692077.7845683813,0.692078
2026-06-23T04:45:51,idle,ue5,3476454,705135.8668431997,0.705136
2026-06-23T04:45:51,idle,ue9,3477068,692077.7845683813,0.692078
2026-06-23T04:45:51,idle,ue13,3477708,646374.5542062164,0.646375
2026-06-23T04:45:56,idle,cu_cp,3475611,303801.6741620824,0.303802
2026-06-23T04:45:56,idle,cu_up,3475619,315265.9260029197,0.315266
2026-06-23T04:45:56,idle,du1,3475775,2762875.79847157,2.762876
2026-06-23T04:45:56,idle,du2,3476392,2774339.96338892,2.774340
2026-06-23T04:45:56,idle,du3,3477006,2797268.525019586,2.797269
2026-06-23T04:45:56,idle,du4,3477648,2803000.607478261,2.803001
2026-06-23T04:45:56,idle,ue1,3475817,676388.6855222136,0.676389
2026-06-23T04:45:56,idle,ue5,3476454,687852.908388555,0.687853
2026-06-23T04:45:56,idle,ue9,3477068,722245.5190385878,0.722246
2026-06-23T04:45:56,idle,ue13,3477708,653460.2397895306,0.653460
2026-06-23T04:46:01,idle,cu_cp,3475611,295038.26138226094,0.295038
2026-06-23T04:46:01,idle,cu_up,3475619,310298.87302660616,0.310299
2026-06-23T04:46:01,idle,du1,3475775,2716386.8566198326,2.716387
2026-06-23T04:46:01,idle,du2,3476392,2767255.50449888,2.767256
2026-06-23T04:46:01,idle,du3,3477006,2690952.532680309,2.690953
2026-06-23T04:46:01,idle,du4,3477648,2757081.5905963397,2.757082
2026-06-23T04:46:01,idle,ue1,3475817,717248.2000642436,0.717248
2026-06-23T04:46:01,idle,ue5,3476454,686727.0343776565,0.686727
2026-06-23T04:46:01,idle,ue9,3477068,676553.2932814264,0.676553
2026-06-23T04:46:01,idle,ue13,3477708,605337.1056078154,0.605337
2026-06-23T04:46:07,idle,cu_cp,3475611,303253.6615981126,0.303254
2026-06-23T04:46:07,idle,cu_up,3475619,306226.71919946256,0.306227
2026-06-23T04:46:07,idle,du1,3475775,2773878.962456522,2.773879
2026-06-23T04:46:07,idle,du2,3476392,2723336.5510737943,2.723337
2026-06-23T04:46:07,idle,du3,3477006,2735228.8967218017,2.735229
2026-06-23T04:46:07,idle,du4,3477648,2693606.032681599,2.693606
2026-06-23T04:46:07,idle,ue1,3475817,719484.145881865,0.719484
2026-06-23T04:46:07,idle,ue5,3476454,710564.9442671633,0.710565
2026-06-23T04:46:07,idle,ue9,3477068,683807.2241804504,0.683807
2026-06-23T04:46:07,idle,ue13,3477708,600561.1503722215,0.600561
2026-06-23T04:46:12,idle,cu_cp,3475611,301523.0831634468,0.301523
2026-06-23T04:46:12,idle,cu_up,3475619,313464.58569101396,0.313465
2026-06-23T04:46:12,idle,du1,3475775,2758488.3540809224,2.758488
2026-06-23T04:46:12,idle,du2,3476392,2776400.665609224,2.776401
2026-06-23T04:46:12,idle,du3,3477006,2758488.3540809224,2.758488
2026-06-23T04:46:12,idle,du4,3477648,2710722.343970654,2.710722
2026-06-23T04:46:12,idle,ue1,3475817,704548.9955481648,0.704549
2026-06-23T04:46:12,idle,ue5,3476454,650812.2341741127,0.650812
2026-06-23T04:46:12,idle,ue9,3477068,677680.5859926635,0.677681
2026-06-23T04:46:12,idle,ue13,3477708,626929.1713820279,0.626929
2026-06-23T04:46:18,idle,cu_cp,3475611,307059.4028408289,0.307059
2026-06-23T04:46:18,idle,cu_up,3475619,310011.88278274896,0.310012
2026-06-23T04:46:18,idle,du1,3475775,2719247.168747692,2.719247
2026-06-23T04:46:18,idle,du2,3476392,2680864.500017786,2.680865
2026-06-23T04:46:18,idle,du3,3477006,2751724.476741142,2.751724
2026-06-23T04:46:18,idle,du4,3477648,2666102.1289405157,2.666102
2026-06-23T04:46:18,idle,ue1,3475817,702693.5475272154,0.702694
2026-06-23T04:46:18,idle,ue5,3476454,622976.2168750882,0.622976
2026-06-23T04:46:18,idle,ue9,3477068,667263.6736948561,0.667264
2026-06-23T04:46:18,idle,ue13,3477708,602308.7713846588,0.602309
2026-06-23T04:46:23,idle,cu_cp,3475611,307619.4837773573,0.307619
2026-06-23T04:46:23,idle,cu_up,3475619,307619.4837773573,0.307619
2026-06-23T04:46:23,idle,du1,3475775,2747870.44245198,2.747870
2026-06-23T04:46:23,idle,du2,3476392,2712375.6527492166,2.712376
2026-06-23T04:46:23,idle,du3,3477006,2756744.0251429584,2.756744
2026-06-23T04:46:23,idle,du4,3477648,2721249.46490962,2.721249
2026-06-23T04:46:23,idle,ue1,3475817,703975.4255054158,0.703975
2026-06-23T04:46:23,idle,ue5,3476454,615238.9675547146,0.615239
2026-06-23T04:46:23,idle,ue9,3477068,618196.8858190638,0.618197
2026-06-23T04:46:23,idle,ue13,3477708,609323.2457607293,0.609323
2026-06-23T04:46:28,idle,cu_cp,3475611,301205.38744603156,0.301205
2026-06-23T04:46:28,idle,cu_up,3475619,313134.29535439494,0.313134
2026-06-23T04:46:28,idle,du1,3475775,2800315.3830944826,2.800315
2026-06-23T04:46:28,idle,du2,3476392,2758564.031880264,2.758564
2026-06-23T04:46:28,idle,du3,3477006,2776457.5672777556,2.776458
2026-06-23T04:46:28,idle,du4,3477648,2779439.591797409,2.779440
2026-06-23T04:46:28,idle,ue1,3475817,730646.6795194244,0.730647
2026-06-23T04:46:28,idle,ue5,3476454,623286.3926541901,0.623286
2026-06-23T04:46:28,idle,ue9,3477068,662055.372278862,0.662055
2026-06-23T04:46:28,idle,ue13,3477708,611357.4847458267,0.611357
2026-06-23T04:46:34,idle,cu_cp,3475611,307035.81984472903,0.307036
2026-06-23T04:46:34,idle,cu_up,3475619,316434.8858631125,0.316435
2026-06-23T04:46:34,idle,du1,3475775,2788386.5065436126,2.788387
2026-06-23T04:46:34,idle,du2,3476392,2763322.638385606,2.763323
2026-06-23T04:46:34,idle,du3,3477006,2703795.143296423,2.703795
2026-06-23T04:46:34,idle,du4,3477648,2760189.539406724,2.760190
2026-06-23T04:46:34,idle,ue1,3475817,717461.3081621111,0.717461
2026-06-23T04:46:34,idle,ue5,3476454,682998.0853378933,0.682998
2026-06-23T04:46:34,idle,ue9,3477068,667332.9945504427,0.667333
2026-06-23T04:46:34,idle,ue13,3477708,592140.5241329402,0.592141
2026-06-23T04:46:39,idle,cu_cp,3475611,303338.8723753816,0.303339
2026-06-23T04:46:39,idle,cu_up,3475619,306531.9046408999,0.306532
2026-06-23T04:46:39,idle,du1,3475775,2771559.155522866,2.771559
2026-06-23T04:46:39,idle,du2,3476392,2790717.464423282,2.790717
2026-06-23T04:46:39,idle,du3,3477006,2749207.9873178913,2.749208
2026-06-23T04:46:39,idle,du4,3477648,2752401.0772370626,2.752401
2026-06-23T04:46:39,idle,ue1,3475817,715241.0723929978,0.715241
2026-06-23T04:46:39,idle,ue5,3476454,680117.6598186434,0.680118
2026-06-23T04:46:39,idle,ue9,3477068,644994.189590636,0.644994
2026-06-23T04:46:39,idle,ue13,3477708,597098.5903005552,0.597099
2026-06-23T04:46:44,idle,cu_cp,3475611,300257.63630367635,0.300258
2026-06-23T04:46:44,idle,cu_up,3475619,316228.8065696561,0.316229
2026-06-23T04:46:44,idle,du1,3475775,2766203.494629564,2.766203
2026-06-23T04:46:44,idle,du2,3476392,2769397.54343997,2.769398
2026-06-23T04:46:44,idle,du3,3477006,2791757.2744337367,2.791757
2026-06-23T04:46:44,idle,du4,3477648,2731066.8737337114,2.731067
2026-06-23T04:46:44,idle,ue1,3475817,705924.9037414241,0.705925
2026-06-23T04:46:44,idle,ue5,3476454,696342.2363148594,0.696342
2026-06-23T04:46:44,idle,ue9,3477068,699536.400902009,0.699536
2026-06-23T04:46:44,idle,ue13,3477708,597321.0501318312,0.597321
2026-06-23T04:46:49,idle,cu_cp,3475611,308921.22704102396,0.308921
2026-06-23T04:46:49,idle,cu_up,3475619,315290.7339097619,0.315291
2026-06-23T04:46:49,idle,du1,3475775,2735704.6104138372,2.735705
2026-06-23T04:46:49,idle,du2,3476392,2719780.641771865,2.719781
2026-06-23T04:46:49,idle,du3,3477006,2732519.770635128,2.732520
2026-06-23T04:46:49,idle,du4,3477648,2732519.770635128,2.732520
2026-06-23T04:46:49,idle,ue1,3475817,694276.5940697968,0.694277
2026-06-23T04:46:49,idle,ue5,3476454,713385.1146760106,0.713385
2026-06-23T04:46:49,idle,ue9,3477068,617842.4540820479,0.617842
2026-06-23T04:46:49,idle,ue13,3477708,624211.9609507859,0.624212
2026-06-23T04:46:55,idle,cu_cp,3475611,308490.8601962137,0.308491
2026-06-23T04:46:55,idle,cu_up,3475619,318031.8486741126,0.318032
2026-06-23T04:46:55,idle,du1,3475775,2731893.4925420093,2.731893
2026-06-23T04:46:55,idle,du2,3476392,2731893.4925420093,2.731893
2026-06-23T04:46:55,idle,du3,3477006,2719172.2128528403,2.719172
2026-06-23T04:46:55,idle,du4,3477648,2722352.475353088,2.722352
2026-06-23T04:46:55,idle,ue1,3475817,702850.3582943177,0.702850
2026-06-23T04:46:55,idle,ue5,3476454,686948.7586828566,0.686949
2026-06-23T04:46:55,idle,ue9,3477068,613801.4578921795,0.613801
2026-06-23T04:46:55,idle,ue13,3477708,632883.3200038886,0.632883
2026-06-23T04:47:00,idle,cu_cp,3475611,308330.9526908791,0.308331
2026-06-23T04:47:00,idle,cu_up,3475619,314688.3266281843,0.314688
2026-06-23T04:47:00,idle,du1,3475775,2759085.3839521124,2.759085
2026-06-23T04:47:00,idle,du2,3476392,2743191.877174301,2.743192
2026-06-23T04:47:00,idle,du3,3477006,2749549.2798854257,2.749549
2026-06-23T04:47:00,idle,du4,3477648,2705047.921288662,2.705048
2026-06-23T04:47:00,idle,ue1,3475817,689771.3459880281,0.689771
2026-06-23T04:47:00,idle,ue5,3476454,635733.9984198547,0.635734
2026-06-23T04:47:00,idle,ue9,3477068,629376.6532563686,0.629377
2026-06-23T04:47:00,idle,ue13,3477708,664341.965334084,0.664342
2026-06-23T04:47:05,idle,cu_cp,3475611,302654.38193981646,0.302654
2026-06-23T04:47:05,idle,cu_up,3475619,305840.2493872869,0.305840
2026-06-23T04:47:05,idle,du1,3475775,2768491.408833227,2.768491
2026-06-23T04:47:05,idle,du2,3476392,2730261.3452429962,2.730261
2026-06-23T04:47:05,idle,du3,3477006,2797163.898895998,2.797164
2026-06-23T04:47:05,idle,du4,3477648,2717517.9907129193,2.717518
2026-06-23T04:47:05,idle,ue1,3475817,694512.2455901718,0.694512
2026-06-23T04:47:05,idle,ue5,3476454,608494.6601420545,0.608495
2026-06-23T04:47:05,idle,ue9,3477068,684954.729692614,0.684955
2026-06-23T04:47:05,idle,ue13,3477708,665839.6978974986,0.665840
2026-06-23T04:47:11,idle,cu_cp,3475611,307825.3371851593,0.307825
2026-06-23T04:47:11,idle,cu_up,3475619,307825.3371851593,0.307825
2026-06-23T04:47:11,idle,du1,3475775,2820539.214578092,2.820539
2026-06-23T04:47:11,idle,du2,3476392,2820539.214578092,2.820539
2026-06-23T04:47:11,idle,du3,3477006,2842015.326444745,2.842015
2026-06-23T04:47:11,idle,du4,3477648,2777586.990844786,2.777587
2026-06-23T04:47:11,idle,ue1,3475817,715872.9177831113,0.715873
2026-06-23T04:47:11,idle,ue5,3476454,637126.9026474953,0.637127
2026-06-23T04:47:11,idle,ue9,3477068,715872.9177831113,0.715873
2026-06-23T04:47:11,idle,ue13,3477708,672920.5194340199,0.672921
2026-06-23T04:47:16,idle,cu_cp,3475611,306459.2051024437,0.306459
2026-06-23T04:47:16,idle,cu_up,3475619,312588.37761410174,0.312588
2026-06-23T04:47:16,idle,du1,3475775,2813295.45647887,2.813295
2026-06-23T04:47:16,idle,du2,3476392,2788778.766432238,2.788779
2026-06-23T04:47:16,idle,du3,3477006,2801036.9955516458,2.801037
2026-06-23T04:47:16,idle,du4,3477648,2794907.9968958497,2.794908
2026-06-23T04:47:16,idle,ue1,3475817,710985.3442472785,0.710985
2026-06-23T04:47:16,idle,ue5,3476454,594530.8347179592,0.594531
2026-06-23T04:47:16,idle,ue9,3477068,692597.7687603503,0.692598
2026-06-23T04:47:16,idle,ue13,3477708,686468.5962486923,0.686469
2026-06-23T04:47:21,idle,cu_cp,3475611,305672.14330613584,0.305672
2026-06-23T04:47:21,idle,cu_up,3475619,316397.49080222455,0.316397
2026-06-23T04:47:21,idle,du1,3475775,2783225.419020953,2.783225
2026-06-23T04:47:21,idle,du2,3476392,2772499.9558215784,2.772500
2026-06-23T04:47:21,idle,du3,3477006,2761774.7240287755,2.761775
2026-06-23T04:47:21,idle,du4,3477648,2793950.650813756,2.793951
2026-06-23T04:47:21,idle,ue1,3475817,718597.7037215162,0.718598
2026-06-23T04:47:21,idle,ue5,3476454,616706.9603603161,0.616707
2026-06-23T04:47:21,idle,ue9,3477068,675696.3137371611,0.675696
2026-06-23T04:47:21,idle,ue13,3477708,664971.0240927153,0.664971
2026-06-23T04:47:27,idle,cu_cp,3475611,296039.876155594,0.296040
2026-06-23T04:47:27,idle,cu_up,3475619,310364.3983357048,0.310364
2026-06-23T04:47:27,idle,du1,3475775,2740756.4710506964,2.740756
2026-06-23T04:47:27,idle,du2,3476392,2759855.680788262,2.759856
2026-06-23T04:47:27,idle,du3,3477006,2673908.662584534,2.673909
2026-06-23T04:47:27,idle,du4,3477648,2688233.127326176,2.688233
2026-06-23T04:47:27,idle,ue1,3475817,673251.9680805248,0.673252
2026-06-23T04:47:27,idle,ue5,3476454,692351.3501334953,0.692351
2026-06-23T04:47:27,idle,ue9,3477068,701901.0698792147,0.701901
2026-06-23T04:47:27,idle,ue13,3477708,663702.363211742,0.663702
2026-06-23T04:47:32,idle,cu_cp,3475611,302682.3883526847,0.302682
2026-06-23T04:47:32,idle,cu_up,3475619,314552.2893261537,0.314552
2026-06-23T04:47:32,idle,du1,3475775,2753816.33407861,2.753816
2026-06-23T04:47:32,idle,du2,3476392,2771621.012597263,2.771621
2026-06-23T04:47:32,idle,du3,3477006,2712271.623024285,2.712272
2026-06-23T04:47:32,idle,du4,3477648,2703369.2837649584,2.703369
2026-06-23T04:47:32,idle,ue1,3475817,688454.0835196525,0.688454
2026-06-23T04:47:32,idle,ue5,3476454,667681.7279924899,0.667682
2026-06-23T04:47:32,idle,ue9,3477068,688454.0835196525,0.688454
2026-06-23T04:47:32,idle,ue13,3477708,652844.3805992454,0.652844
2026-06-23T04:47:37,idle,cu_cp,3475611,304122.72393723996,0.304123
2026-06-23T04:47:37,idle,cu_up,3475619,310085.9480291948,0.310086
2026-06-23T04:47:37,idle,du1,3475775,2781828.6961248205,2.781829
2026-06-23T04:47:37,idle,du2,3476392,2760957.4406970884,2.760957
2026-06-23T04:47:37,idle,du3,3477006,2746049.4671495296,2.746049
2026-06-23T04:47:37,idle,du4,3477648,2701325.5465068533,2.701326
2026-06-23T04:47:37,idle,ue1,3475817,721546.1277394331,0.721546
2026-06-23T04:47:37,idle,ue5,3476454,670858.9830048019,0.670859
2026-06-23T04:47:37,idle,ue9,3477068,661914.2335491979,0.661914
2026-06-23T04:47:37,idle,ue13,3477708,658932.5926091111,0.658933
2026-06-23T04:47:43,idle,cu_cp,3475611,297922.68270498276,0.297923
2026-06-23T04:47:43,idle,cu_up,3475619,309839.58656068327,0.309840
2026-06-23T04:47:43,idle,du1,3475775,2764722.385022278,2.764722
2026-06-23T04:47:43,idle,du2,3476392,2720034.160995636,2.720034
2026-06-23T04:47:43,idle,du3,3477006,2737909.3585396577,2.737909
2026-06-23T04:47:43,idle,du4,3477648,2699179.4569721604,2.699179
2026-06-23T04:47:43,idle,ue1,3475817,720972.8990510559,0.720973
2026-06-23T04:47:43,idle,ue5,3476454,682242.9399419117,0.682243
2026-06-23T04:47:43,idle,ue9,3477068,613720.735578928,0.613721
2026-06-23T04:47:43,idle,ue13,3477708,667346.7885441685,0.667347
2026-06-23T04:47:48,idle,cu_cp,3475611,307464.0142127395,0.307464
2026-06-23T04:47:48,idle,cu_up,3475619,322535.8007513219,0.322536
2026-06-23T04:47:48,idle,du1,3475775,2833492.0236445,2.833492
2026-06-23T04:47:48,idle,du2,3476392,2818420.266239319,2.818420
2026-06-23T04:47:48,idle,du3,3477006,2824448.7827476216,2.824449
2026-06-23T04:47:48,idle,du4,3477648,2800334.0175127746,2.800334
2026-06-23T04:47:48,idle,ue1,3475817,729473.4546250176,0.729473
2026-06-23T04:47:48,idle,ue5,3476454,708373.005911125,0.708373
2026-06-23T04:47:48,idle,ue9,3477068,705358.6893901706,0.705359
2026-06-23T04:47:48,idle,ue13,3477708,663157.6754287791,0.663158
2026-06-23T04:47:53,idle,cu_cp,3475611,307813.4171856344,0.307813
2026-06-23T04:47:53,idle,cu_up,3475619,307813.4171856344,0.307813
2026-06-23T04:47:53,idle,du1,3475775,2758130.125434637,2.758130
2026-06-23T04:47:53,idle,du2,3476392,2816035.7012304068,2.816036
2026-06-23T04:47:53,idle,du3,3477006,2752034.7528669834,2.752035
2026-06-23T04:47:53,idle,du4,3477648,2745939.6120978,2.745940
2026-06-23T04:47:53,idle,ue1,3475817,676579.9805516303,0.676580
2026-06-23T04:47:53,idle,ue5,3476454,710104.1819760203,0.710104
2026-06-23T04:47:53,idle,ue9,3477068,694865.9244057387,0.694866
2026-06-23T04:47:53,idle,ue13,3477708,691818.2960715294,0.691818
2026-06-23T04:47:59,idle,cu_cp,3475611,307171.1364012301,0.307171
2026-06-23T04:47:59,idle,cu_up,3475619,310370.8251587212,0.310371
2026-06-23T04:47:59,idle,du1,3475775,2729343.448142252,2.729343
2026-06-23T04:47:59,idle,du2,3476392,2783738.2730975533,2.783738
2026-06-23T04:47:59,idle,du3,3477006,2806135.9783220384,2.806136
2026-06-23T04:47:59,idle,du4,3477648,2780538.46826211,2.780538
2026-06-23T04:47:59,idle,ue1,3475817,671936.8445542288,0.671937
2026-06-23T04:47:59,idle,ue5,3476454,662337.7202427792,0.662338
2026-06-23T04:47:59,idle,ue9,3477068,707133.5369645834,0.707134
2026-06-23T04:47:59,idle,ue13,3477708,694334.6658566665,0.694335
2026-06-23T04:48:04,idle,cu_cp,3475611,315025.0004435551,0.315025
2026-06-23T04:48:04,idle,cu_up,3475619,318239.54660850763,0.318240
2026-06-23T04:48:04,idle,du1,3475775,2777363.231214161,2.777363
2026-06-23T04:48:04,idle,du2,3476392,2799865.1125601386,2.799865
2026-06-23T04:48:04,idle,du3,3477006,2828795.969853401,2.828796
2026-06-23T04:48:04,idle,du4,3477648,2787006.695135088,2.787007
2026-06-23T04:48:04,idle,ue1,3475817,678268.0769787777,0.678268
2026-06-23T04:48:04,idle,ue5,3476454,678268.0769787777,0.678268
2026-06-23T04:48:04,idle,ue9,3477068,723271.6650968028,0.723272
2026-06-23T04:48:04,idle,ue13,3477708,681482.6813350404,0.681483
2026-06-23T04:48:09,idle,cu_cp,3475611,313682.4715477738,0.313682
2026-06-23T04:48:09,idle,cu_up,3475619,323285.002974149,0.323285
2026-06-23T04:48:09,idle,du1,3475775,2787932.8656359436,2.787933
2026-06-23T04:48:09,idle,du2,3476392,2784732.0893052695,2.784732
2026-06-23T04:48:09,idle,du3,3477006,2778330.305290375,2.778330
2026-06-23T04:48:09,idle,du4,3477648,2765527.19996768,2.765527
2026-06-23T04:48:09,idle,ue1,3475817,668975.845131722,0.668976
2026-06-23T04:48:09,idle,ue5,3476454,662574.1767936009,0.662574
2026-06-23T04:48:09,idle,ue9,3477068,678578.4054772907,0.678578
2026-06-23T04:48:09,idle,ue13,3477708,624164.1089264869,0.624164
2026-06-23T04:48:15,idle,cu_cp,3475611,305893.30250344274,0.305893
2026-06-23T04:48:15,idle,cu_up,3475619,321992.95000362396,0.321993
2026-06-23T04:48:15,idle,du1,3475775,2801338.6650315286,2.801339
2026-06-23T04:48:15,idle,du2,3476392,2814218.3830316733,2.814218
2026-06-23T04:48:15,idle,du3,3477006,2846417.678032036,2.846418
2026-06-23T04:48:15,idle,du4,3477648,2772359.2995312023,2.772359
2026-06-23T04:48:15,idle,ue1,3475817,701944.6892007994,0.701945
2026-06-23T04:48:15,idle,ue5,3476454,679405.1245076465,0.679405
2026-06-23T04:48:15,idle,ue9,3477068,714824.3490080452,0.714824
2026-06-23T04:48:15,idle,ue13,3477708,615006.5345069218,0.615007
2026-06-23T04:48:20,idle,cu_cp,3475611,307539.2690895331,0.307539
2026-06-23T04:48:20,idle,cu_up,3475619,320353.40771188616,0.320353
2026-06-23T04:48:20,idle,du1,3475775,2739021.6388289738,2.739022
2026-06-23T04:48:20,idle,du2,3476392,2767853.4796527387,2.767853
2026-06-23T04:48:20,idle,du3,3477006,2799888.652667799,2.799889
2026-06-23T04:48:20,idle,du4,3477648,2719800.257354622,2.719800
2026-06-23T04:48:20,idle,ue1,3475817,682352.7370229495,0.682353
2026-06-23T04:48:20,idle,ue5,3476454,659927.9655103612,0.659928
2026-06-23T04:48:20,idle,ue9,3477068,688759.806334126,0.688760
2026-06-23T04:48:20,idle,ue13,3477708,647113.8847349489,0.647114
2026-06-23T04:48:25,idle,cu_cp,3475611,307455.47097778204,0.307455
2026-06-23T04:48:25,idle,cu_up,3475619,320266.1312898016,0.320266
2026-06-23T04:48:25,idle,du1,3475775,2773504.699286671,2.773505
2026-06-23T04:48:25,idle,du2,3476392,2770302.1572986986,2.770302
2026-06-23T04:48:25,idle,du3,3477006,2808734.0513476753,2.808734
2026-06-23T04:48:25,idle,du4,3477648,2715856.8582132054,2.715857
2026-06-23T04:48:25,idle,ue1,3475817,682166.8723907161,0.682167
2026-06-23T04:48:25,idle,ue5,3476454,688572.1880655455,0.688572
2026-06-23T04:48:25,idle,ue9,3477068,682166.8723907161,0.682167
2026-06-23T04:48:25,idle,ue13,3477708,659748.2096040916,0.659748
2026-06-23T04:48:36,idle,cu_cp,3475611,304827.6185992241,0.304828
2026-06-23T04:48:36,idle,cu_up,3475619,326094.6651508808,0.326095
2026-06-23T04:48:36,idle,du1,3475775,2835605.8955839537,2.835606
2026-06-23T04:48:36,idle,du2,3476392,2757626.676253357,2.757627
2026-06-23T04:48:36,idle,du3,3477006,2842694.979198837,2.842695
2026-06-23T04:48:36,idle,du4,3477648,2842694.979198837,2.842695
2026-06-23T04:48:36,idle,ue1,3475817,680545.4312835884,0.680545
2026-06-23T04:48:36,idle,ue5,3476454,701812.4486505318,0.701812
2026-06-23T04:48:36,idle,ue9,3477068,645100.3050563049,0.645100
2026-06-23T04:48:36,idle,ue13,3477708,694723.4234050751,0.694723
2026-06-23T04:48:41,idle,cu_cp,3475611,316705.18000454694,0.316705
2026-06-23T04:48:41,idle,cu_up,3475619,322795.66144275875,0.322796
2026-06-23T04:48:41,idle,du1,3475775,2765079.8508624504,2.765080
2026-06-23T04:48:41,idle,du2,3476392,2728536.846059153,2.728537
2026-06-23T04:48:41,idle,du3,3477006,2807713.16284292,2.807713
2026-06-23T04:48:41,idle,du4,3477648,2771170.1580396225,2.771170
2026-06-23T04:48:41,idle,ue1,3475817,688224.6929530001,0.688225
2026-06-23T04:48:41,idle,ue5,3476454,700405.6558294237,0.700406
2026-06-23T04:48:41,idle,ue9,3477068,676043.7300765765,0.676044
2026-06-23T04:48:41,idle,ue13,3477708,657772.2857619411,0.657772
2026-06-23T04:48:46,idle,cu_cp,3475611,302227.751234073,0.302228
2026-06-23T04:48:46,idle,cu_up,3475619,302227.751234073,0.302228
2026-06-23T04:48:46,idle,du1,3475775,2714747.775073435,2.714748
2026-06-23T04:48:46,idle,du2,3476392,2651120.709932456,2.651121
2026-06-23T04:48:46,idle,du3,3477006,2720049.9342892813,2.720050
2026-06-23T04:48:46,idle,du4,3477648,2794281.317861953,2.794281
2026-06-23T04:48:46,idle,ue1,3475817,652175.6858687979,0.652176
2026-06-23T04:48:46,idle,ue5,3476454,662780.177483114,0.662780
2026-06-23T04:48:46,idle,ue9,3477068,673384.6690974301,0.673385
2026-06-23T04:48:46,idle,ue13,3477708,652175.6858687979,0.652176
2026-06-23T04:48:52,idle,cu_cp,3475611,308048.6806231302,0.308049
2026-06-23T04:48:52,idle,cu_up,3475619,311039.43803935946,0.311039
2026-06-23T04:48:52,idle,du1,3475775,2766456.6397649096,2.766457
2026-06-23T04:48:52,idle,du2,3476392,2778419.4375162553,2.778419
2026-06-23T04:48:52,idle,du3,3477006,2769447.397181139,2.769447
2026-06-23T04:48:52,idle,du4,3477648,2802345.728759661,2.802346
2026-06-23T04:48:52,idle,ue1,3475817,675912.625527631,0.675913
2026-06-23T04:48:52,idle,ue5,3476454,634041.9057436358,0.634042
2026-06-23T04:48:52,idle,ue9,3477068,702829.5002520871,0.702830
2026-06-23T04:48:52,idle,ue13,3477708,646004.9933869457,0.646005
2026-06-23T04:48:57,idle,cu_cp,3475611,304290.688916468,0.304291
2026-06-23T04:48:57,idle,cu_up,3475619,313240.41506107,0.313240
2026-06-23T04:48:57,idle,du1,3475775,2774415.162630746,2.774415
2026-06-23T04:48:57,idle,du2,3476392,2753532.3815871524,2.753532
2026-06-23T04:48:57,idle,du3,3477006,2771431.77607223,2.771432
2026-06-23T04:48:57,idle,du4,3477648,2756515.7681456683,2.756516
2026-06-23T04:48:57,idle,ue1,3475817,644380.282411344,0.644380
2026-06-23T04:48:57,idle,ue5,3476454,665262.9478466857,0.665263
2026-06-23T04:48:57,idle,ue9,3477068,632447.3142185414,0.632447
2026-06-23T04:48:57,idle,ue13,3477708,662279.734700548,0.662280
2026-06-23T04:49:02,idle,cu_cp,3475611,314205.821542874,0.314206
2026-06-23T04:49:02,idle,cu_up,3475619,311213.3865251675,0.311213
2026-06-23T04:49:02,idle,du1,3475775,2717132.2692939877,2.717132
2026-06-23T04:49:02,idle,du2,3476392,2756033.895587432,2.756034
2026-06-23T04:49:02,idle,du3,3477006,2785958.4193849326,2.785958
2026-06-23T04:49:02,idle,du4,3477648,2699177.6013142704,2.699178
2026-06-23T04:49:02,idle,ue1,3475817,676290.6033690512,0.676291
2026-06-23T04:49:02,idle,ue5,3476454,724169.621525833,0.724170
2026-06-23T04:49:02,idle,ue9,3477068,697237.6774297357,0.697238
2026-06-23T04:49:02,idle,ue13,3477708,658335.9932628125,0.658336
2026-06-23T04:49:08,idle,cu_cp,3475611,306083.96820049523,0.306084
2026-06-23T04:49:08,idle,cu_up,3475619,314999.0542899013,0.314999
2026-06-23T04:49:08,idle,du1,3475775,2716123.635601201,2.716124
2026-06-23T04:49:08,idle,du2,3476392,2739897.275471277,2.739897
2026-06-23T04:49:08,idle,du3,3477006,2742868.893869419,2.742869
2026-06-23T04:49:08,idle,du4,3477648,2745840.512267561,2.745841
2026-06-23T04:49:08,idle,ue1,3475817,686460.1280668903,0.686460
2026-06-23T04:49:08,idle,ue5,3476454,713205.3863351083,0.713205
2026-06-23T04:49:08,idle,ue9,3477068,671601.6897337103,0.671602
2026-06-23T04:49:08,idle,ue13,3477708,665658.3374899364,0.665658
2026-06-23T04:49:13,idle,cu_cp,3475611,310670.574119153,0.310671
2026-06-23T04:49:13,idle,cu_up,3475619,316645.008236829,0.316645
2026-06-23T04:49:13,idle,du1,3475775,2721354.7695268677,2.721355
2026-06-23T04:49:13,idle,du2,3476392,2760188.6780680846,2.760189
2026-06-23T04:49:13,idle,du3,3477006,2775124.6187350703,2.775125
2026-06-23T04:49:13,idle,du4,3477648,2763175.866201482,2.763176
2026-06-23T04:49:13,idle,ue1,3475817,681085.547265948,0.681086
2026-06-23T04:49:13,idle,ue5,3476454,728880.9623564744,0.728881
2026-06-23T04:49:13,idle,ue9,3477068,684072.7353993452,0.684073
2026-06-23T04:49:13,idle,ue13,3477708,654200.5648109651,0.654201
2026-06-23T04:49:18,idle,cu_cp,3475611,314016.4726427758,0.314016
2026-06-23T04:49:18,idle,cu_up,3475619,314016.4726427758,0.314016
2026-06-23T04:49:18,idle,du1,3475775,2767654.8572842884,2.767655
2026-06-23T04:49:18,idle,du2,3476392,2752261.9176337337,2.752262
2026-06-23T04:49:18,idle,du3,3477006,2816912.5884327507,2.816913
2026-06-23T04:49:18,idle,du4,3477648,2733790.297405443,2.733790
2026-06-23T04:49:18,idle,ue1,3475817,708076.3241160607,0.708076
2026-06-23T04:49:18,idle,ue5,3476454,677290.4448149514,0.677290
2026-06-23T04:49:18,idle,ue9,3477068,683447.5743513608,0.683448
2026-06-23T04:49:18,idle,ue13,3477708,640347.3201679015,0.640347
2026-06-23T04:49:24,idle,cu_cp,3475611,318673.4026903048,0.318673
2026-06-23T04:49:24,idle,cu_up,3475619,318673.4026903048,0.318673
2026-06-23T04:49:24,idle,du1,3475775,2810119.7275692583,2.810120
2026-06-23T04:49:24,idle,du2,3476392,2768273.8819781686,2.768274
2026-06-23T04:49:24,idle,du3,3477006,2832652.338931906,2.832652
2026-06-23T04:49:24,idle,du4,3477648,2800462.9939713143,2.800463
2026-06-23T04:49:24,idle,ue1,3475817,708163.0847329765,0.708163
2026-06-23T04:49:24,idle,ue5,3476454,698506.2928931713,0.698506
2026-06-23T04:49:24,idle,ue9,3477068,701725.2623343474,0.701725
2026-06-23T04:49:24,idle,ue13,3477708,666317.0644163025,0.666317
2026-06-23T04:49:29,idle,cu_cp,3475611,311759.61981143954,0.311760
2026-06-23T04:49:29,idle,cu_up,3475619,314973.63172166346,0.314974
2026-06-23T04:49:29,idle,du1,3475775,2799408.5544825075,2.799409
2026-06-23T04:49:29,idle,du2,3476392,2789766.518751836,2.789767
2026-06-23T04:49:29,idle,du3,3477006,2834762.6854949715,2.834763
2026-06-23T04:49:29,idle,du4,3477648,2747984.3639189242,2.747984
2026-06-23T04:49:29,idle,ue1,3475817,716725.7011493028,0.716726
2026-06-23T04:49:29,idle,ue5,3476454,678157.5001616508,0.678158
2026-06-23T04:49:29,idle,ue9,3477068,697441.629687959,0.697442
2026-06-23T04:49:29,idle,ue13,3477708,671729.4763412029,0.671729
2026-06-23T04:49:34,idle,cu_cp,3475611,304254.1755655408,0.304254
2026-06-23T04:49:34,idle,cu_up,3475619,313862.2219676855,0.313862
2026-06-23T04:49:34,idle,du1,3475775,2757503.7307866835,2.757504
2026-06-23T04:49:34,idle,du2,3476392,2770314.4207278583,2.770314
2026-06-23T04:49:34,idle,du3,3477006,2799138.4152029753,2.799138
2026-06-23T04:49:34,idle,du4,3477648,2722274.2755559254,2.722274
2026-06-23T04:49:34,idle,ue1,3475817,691777.951533773,0.691778
2026-06-23T04:49:34,idle,ue5,3476454,707791.3139602416,0.707791
2026-06-23T04:49:34,idle,ue9,3477068,656548.4963030148,0.656548
2026-06-23T04:49:34,idle,ue13,3477708,653345.823817721,0.653346
2026-06-23T04:49:40,idle,cu_cp,3475611,309820.49632561504,0.309820
2026-06-23T04:49:40,idle,cu_up,3475619,316208.57462169527,0.316209
2026-06-23T04:49:40,idle,du1,3475775,2724504.0887359525,2.724504
2026-06-23T04:49:40,idle,du2,3476392,2740474.313388026,2.740474
2026-06-23T04:49:40,idle,du3,3477006,2775608.4838096118,2.775608
2026-06-23T04:49:40,idle,du4,3477648,2746862.218212869,2.746862
2026-06-23T04:49:40,idle,ue1,3475817,709073.7418538796,0.709074
2026-06-23T04:49:40,idle,ue5,3476454,686715.5545532173,0.686716
2026-06-23T04:49:40,idle,ue9,3477068,689909.5647893846,0.689910
2026-06-23T04:49:40,idle,ue13,3477708,661163.3570163876,0.661163
2026-06-23T04:49:45,dl,cu_cp,3475611,314857.87949537334,0.314858
2026-06-23T04:49:45,dl,cu_up,3475619,318070.70492200257,0.318071
2026-06-23T04:49:45,dl,du1,3475775,2836933.6246866705,2.836934
2026-06-23T04:49:45,dl,du2,3476392,2788741.0689897537,2.788741
2026-06-23T04:49:45,dl,du3,3477006,2788741.0689897537,2.788741
2026-06-23T04:49:45,dl,du4,3477648,2746974.2803444145,2.746974
2026-06-23T04:49:45,dl,ue1,3475817,668269.7803086161,0.668270
2026-06-23T04:49:45,dl,ue5,3476454,693972.4418208093,0.693972
2026-06-23T04:49:45,dl,ue9,3477068,684333.907441762,0.684334
2026-06-23T04:49:45,dl,ue13,3477708,668269.7803086161,0.668270
2026-06-23T04:49:50,dl,cu_cp,3475611,352103.2277133989,0.352103
2026-06-23T04:49:50,dl,cu_up,3475619,543842.5910051173,0.543843
2026-06-23T04:49:50,dl,du1,3475775,3325806.9227583767,3.325807
2026-06-23T04:49:50,dl,du2,3476392,3318834.3089445923,3.318834
2026-06-23T04:49:50,dl,du3,3477006,3329292.8506776714,3.329293
2026-06-23T04:49:50,dl,du4,3477648,3231680.047160666,3.231680
2026-06-23T04:49:50,dl,ue1,3475817,1492080.9920598292,1.492081
2026-06-23T04:49:50,dl,ue5,3476454,1506025.714370601,1.506026
2026-06-23T04:49:50,dl,ue9,3477068,1460705.4931897915,1.460705
2026-06-23T04:49:50,dl,ue13,3477708,1377037.411983558,1.377037
2026-06-23T04:49:56,dl,cu_cp,3475611,396245.6836391142,0.396246
2026-06-23T04:49:56,dl,cu_up,3475619,933378.8099532616,0.933379
2026-06-23T04:49:56,dl,du1,3475775,4191398.852142992,4.191399
2026-06-23T04:49:56,dl,du2,3476392,4147371.635466876,4.147372
2026-06-23T04:49:56,dl,du3,3477006,4191398.852142992,4.191399
2026-06-23T04:49:56,dl,du4,3477648,4129760.46934726,4.129760
2026-06-23T04:49:56,dl,ue1,3475817,2888190.723487432,2.888191
2026-06-23T04:49:56,dl,ue5,3476454,2914607.332942271,2.914607
2026-06-23T04:49:56,dl,ue9,3477068,2826552.6201408696,2.826553
2026-06-23T04:49:56,dl,ue13,3477708,2756108.7940099146,2.756109
2026-06-23T04:50:01,dl,cu_cp,3475611,405594.3157502693,0.405594
2026-06-23T04:50:01,dl,cu_up,3475619,908831.690396204,0.908832
2026-06-23T04:50:01,dl,du1,3475775,4213674.537068789,4.213675
2026-06-23T04:50:01,dl,du2,3476392,4206163.390324881,4.206163
2026-06-23T04:50:01,dl,du3,3477006,4273762.288885331,4.273762
2026-06-23T04:50:01,dl,du4,3477648,4146075.0696544503,4.146075
2026-06-23T04:50:01,dl,ue1,3475817,2936803.1980408146,2.936803
2026-06-23T04:50:01,dl,ue5,3476454,2944314.344784722,2.944314
2026-06-23T04:50:01,dl,ue9,3477068,2854182.290419493,2.854182
2026-06-23T04:50:01,dl,ue13,3477708,2771561.382798171,2.771561
2026-06-23T04:50:06,dl,cu_cp,3475611,400658.53855435847,0.400659
2026-06-23T04:50:06,dl,cu_up,3475619,878863.8546237755,0.878864
2026-06-23T04:50:06,dl,du1,3475775,4148754.7127293875,4.148755
2026-06-23T04:50:06,dl,du2,3476392,4174603.450507851,4.174603
2026-06-23T04:50:06,dl,du3,3477006,4174603.450507851,4.174603
2026-06-23T04:50:06,dl,du4,3477648,4161678.9405737016,4.161679
2026-06-23T04:50:06,dl,ue1,3475817,2875694.2924284935,2.875694
2026-06-23T04:50:06,dl,ue5,3476454,2901543.312296791,2.901543
2026-06-23T04:50:06,dl,ue9,3477068,2785223.0049792863,2.785223
2026-06-23T04:50:06,dl,ue13,3477708,2785223.0049792863,2.785223
2026-06-23T04:50:12,dl,cu_cp,3475611,415836.8817819756,0.415837
2026-06-23T04:50:12,dl,cu_up,3475619,926513.7591301256,0.926514
2026-06-23T04:50:12,dl,du1,3475775,4267799.871504412,4.267800
2026-06-23T04:50:12,dl,du2,3476392,4264151.663058765,4.264152
2026-06-23T04:50:12,dl,du3,3477006,4220379.696154914,4.220380
2026-06-23T04:50:12,dl,du4,3477648,4158368.675766628,4.158369
2026-06-23T04:50:12,dl,ue1,3475817,2903562.8209809996,2.903563
2026-06-23T04:50:12,dl,ue5,3476454,2907210.461214132,2.907210
2026-06-23T04:50:12,dl,ue9,3477068,2826961.239660182,2.826961
2026-06-23T04:50:12,dl,ue13,3477708,2808722.7543882607,2.808723
2026-06-23T04:50:17,dl,cu_cp,3475611,394802.8375716755,0.394803
2026-06-23T04:50:17,dl,cu_up,3475619,901889.0545296646,0.901889
2026-06-23T04:50:17,dl,du1,3475775,4201571.643081028,4.201572
2026-06-23T04:50:17,dl,du2,3476392,4194327.321739998,4.194327
2026-06-23T04:50:17,dl,du3,3477006,4201571.643081028,4.201572
2026-06-23T04:50:17,dl,du4,3477648,4176216.942081499,4.176217
2026-06-23T04:50:17,dl,ue1,3475817,2883147.245958514,2.883147
2026-06-23T04:50:17,dl,ue5,3476454,2861415.129323578,2.861415
2026-06-23T04:50:17,dl,ue9,3477068,2792596.477516894,2.792596
2026-06-23T04:50:17,dl,ue13,3477708,2759998.020101771,2.759998
2026-06-23T04:50:23,dl,cu_cp,3475611,393278.29361577274,0.393278
2026-06-23T04:50:23,dl,cu_up,3475619,921290.8082026541,0.921291
2026-06-23T04:50:23,dl,du1,3475775,4253231.863288893,4.253232
2026-06-23T04:50:23,dl,du2,3476392,4267797.593885264,4.267798
2026-06-23T04:50:23,dl,du3,3477006,4271439.026534357,4.271439
2026-06-23T04:50:23,dl,du4,3477648,4213175.818747773,4.213176
2026-06-23T04:50:23,dl,ue1,3475817,2931379.8248220063,2.931380
2026-06-23T04:50:23,dl,ue5,3476454,2956870.1387667563,2.956870
2026-06-23T04:50:23,dl,ue9,3477068,2880399.1969325067,2.880399
2026-06-23T04:50:23,dl,ue13,3477708,2782079.659203701,2.782080
2026-06-23T04:50:28,dl,cu_cp,3475611,403026.71787477017,0.403027
2026-06-23T04:50:28,dl,cu_up,3475619,925872.225147314,0.925872
2026-06-23T04:50:28,dl,du1,3475775,4190025.399248047,4.190025
2026-06-23T04:50:28,dl,du2,3476392,4153716.9930293653,4.153717
2026-06-23T04:50:28,dl,du3,3477006,4240857.9050022885,4.240858
2026-06-23T04:50:28,dl,du4,3477648,4179132.9624264524,4.179133
2026-06-23T04:50:28,dl,ue1,3475817,2868388.187078705,2.868388
2026-06-23T04:50:28,dl,ue5,3476454,2915589.597079048,2.915590
2026-06-23T04:50:28,dl,ue9,3477068,2846603.0299554826,2.846603
2026-06-23T04:50:28,dl,ue13,3477708,2773985.650558052,2.773986
2026-06-23T04:50:33,dl,cu_cp,3475611,396849.9078933906,0.396850
2026-06-23T04:50:33,dl,cu_up,3475619,895642.8397374916,0.895643
2026-06-23T04:50:33,dl,du1,3475775,4219715.791168327,4.219716
2026-06-23T04:50:33,dl,du2,3476392,4248842.288293076,4.248842
2026-06-23T04:50:33,dl,du3,3477006,4256124.125584831,4.256124
2026-06-23T04:50:33,dl,du4,3477648,4168744.0661824034,4.168744
2026-06-23T04:50:33,dl,ue1,3475817,2894455.7697738647,2.894456
2026-06-23T04:50:33,dl,ue5,3476454,2919941.206245689,2.919941
2026-06-23T04:50:33,dl,ue9,3477068,2876251.6025656126,2.876252
2026-06-23T04:50:33,dl,ue13,3477708,2774308.436607857,2.774308
2026-06-23T04:50:39,dl,cu_cp,3475611,399607.5923338783,0.399608
2026-06-23T04:50:39,dl,cu_up,3475619,916746.8775581551,0.916747
2026-06-23T04:50:39,dl,du1,3475775,4199797.680733872,4.199798
2026-06-23T04:50:39,dl,du2,3476392,4223304.061962423,4.223304
2026-06-23T04:50:39,dl,du3,3477006,4242892.570817976,4.242893
2026-06-23T04:50:39,dl,du4,3477648,4219386.189589424,4.219386
2026-06-23T04:50:39,dl,ue1,3475817,2871690.1268537426,2.871690
2026-06-23T04:50:39,dl,ue5,3476454,2946126.574239435,2.946127
2026-06-23T04:50:39,dl,ue9,3477068,2844265.8732521916,2.844266
2026-06-23T04:50:39,dl,ue13,3477708,2797253.1107950876,2.797253
2026-06-23T04:50:44,dl,cu_cp,3475611,401066.92265783966,0.401067
2026-06-23T04:50:44,dl,cu_up,3475619,924026.7816239112,0.924027
2026-06-23T04:50:44,dl,du1,3475775,4226930.821323318,4.226931
2026-06-23T04:50:44,dl,du2,3476392,4211203.149600115,4.211203
2026-06-23T04:50:44,dl,du3,3477006,4219066.985461717,4.219067
2026-06-23T04:50:44,dl,du4,3477648,4203338.745501223,4.203339
2026-06-23T04:50:44,dl,ue1,3475817,2937225.372834034,2.937225
2026-06-23T04:50:44,dl,ue5,3476454,2897905.057051444,2.897905
2026-06-23T04:50:44,dl,ue9,3477068,2854653.1074566985,2.854653
2026-06-23T04:50:44,dl,ue13,3477708,2783876.3117531203,2.783876
2026-06-23T04:50:49,dl,cu_cp,3475611,398923.12556295394,0.398923
2026-06-23T04:50:49,dl,cu_up,3475619,903443.4845657349,0.903443
2026-06-23T04:50:49,dl,du1,3475775,4212158.591234589,4.212159
2026-06-23T04:50:49,dl,du2,3476392,4180870.941300201,4.180871
2026-06-23T04:50:49,dl,du3,3477006,4161315.452635574,4.161315
2026-06-23T04:50:49,dl,du4,3477648,4149582.725401306,4.149583
2026-06-23T04:50:49,dl,ue1,3475817,2929347.1160427094,2.929347
2026-06-23T04:50:49,dl,ue5,3476454,2866770.967227173,2.866771
2026-06-23T04:50:49,dl,ue9,3477068,2819838.926361084,2.819839
2026-06-23T04:50:49,dl,ue13,3477708,2780728.797978592,2.780729
2026-06-23T04:50:55,dl,cu_cp,3475611,398581.21714708867,0.398581
2026-06-23T04:50:55,dl,cu_up,3475619,902669.2447763229,0.902669
2026-06-23T04:50:55,dl,du1,3475775,4110857.3300349712,4.110857
2026-06-23T04:50:55,dl,du2,3476392,4200733.362887234,4.200733
2026-06-23T04:50:55,dl,du3,3477006,4169471.9492908,4.169472
2026-06-23T04:50:55,dl,du4,3477648,4200733.362887234,4.200733
2026-06-23T04:50:55,dl,ue1,3475817,2887759.941696825,2.887760
2026-06-23T04:50:55,dl,ue5,3476454,2899482.865547991,2.899483
2026-06-23T04:50:55,dl,ue9,3477068,2833052.680398059,2.833053
2026-06-23T04:50:55,dl,ue13,3477708,2770530.136531849,2.770530
2026-06-23T04:51:00,dl,cu_cp,3475611,406107.94261592923,0.406108
2026-06-23T04:51:00,dl,cu_up,3475619,906842.9696680659,0.906843
2026-06-23T04:51:00,dl,du1,3475775,4183306.1154665994,4.183306
2026-06-23T04:51:00,dl,du2,3476392,4234562.473641886,4.234562
2026-06-23T04:51:00,dl,du3,3477006,4238505.467647713,4.238505
2026-06-23T04:51:00,dl,du4,3477648,4222734.3462578915,4.222734
2026-06-23T04:51:00,dl,ue1,3475817,2901897.4459622456,2.901897
2026-06-23T04:51:00,dl,ue5,3476454,2929496.979613888,2.929497
2026-06-23T04:51:00,dl,ue9,3477068,2846698.3786589596,2.846698
2026-06-23T04:51:00,dl,ue13,3477708,2787556.6022276757,2.787557
2026-06-23T04:51:05,dl,cu_cp,3475611,409579.9310179895,0.409580
2026-06-23T04:51:05,dl,cu_up,3475619,933369.6994856095,0.933370
2026-06-23T04:51:05,dl,du1,3475775,4269083.287488761,4.269083
2026-06-23T04:51:05,dl,du2,3476392,4261206.545475273,4.261207
2026-06-23T04:51:05,dl,du3,3477006,4249391.860027619,4.249392
2026-06-23T04:51:05,dl,du4,3477648,4146997.0643361234,4.146997
2026-06-23T04:51:05,dl,ue1,3475817,2937948.3780638645,2.937948
2026-06-23T04:51:05,dl,ue5,3476454,2882812.609211373,2.882813
2026-06-23T04:51:05,dl,ue9,3477068,2839491.810854921,2.839492
2026-06-23T04:51:05,dl,ue13,3477708,2764664.329492903,2.764664
2026-06-23T04:51:11,dl,cu_cp,3475611,414836.4316338673,0.414836
2026-06-23T04:51:11,dl,cu_up,3475619,935588.5735909641,0.935589
2026-06-23T04:51:11,dl,du1,3475775,4218974.955359995,4.218975
2026-06-23T04:51:11,dl,du2,3476392,4210148.652076125,4.210149
2026-06-23T04:51:11,dl,du3,3477006,4236627.845594883,4.236628
2026-06-23T04:51:11,dl,du4,3477648,4192496.329175532,4.192496
2026-06-23T04:51:11,dl,ue1,3475817,2859723.682309687,2.859724
2026-06-23T04:51:11,dl,ue5,3476454,2947986.7151483893,2.947987
2026-06-23T04:51:11,dl,ue9,3477068,2833244.7724580765,2.833245
2026-06-23T04:51:11,dl,ue13,3477708,2797939.2756554484,2.797939
2026-06-23T04:51:16,dl,cu_cp,3475611,401217.34021514654,0.401217
2026-06-23T04:51:16,dl,cu_up,3475619,928743.8391533494,0.928744
2026-06-23T04:51:16,dl,du1,3475775,4190492.1727776527,4.190492
2026-06-23T04:51:16,dl,du2,3476392,4197921.985718012,4.197922
2026-06-23T04:51:16,dl,du3,3477006,4205352.082141638,4.205352
2026-06-23T04:51:16,dl,du4,3477648,4153342.5411093235,4.153343
2026-06-23T04:51:16,dl,ue1,3475817,2897680.625077486,2.897681
2026-06-23T04:51:16,dl,ue5,3476454,2919970.630865097,2.919971
2026-06-23T04:51:16,dl,ue9,3477068,2838240.987621546,2.838241
2026-06-23T04:51:16,dl,ue13,3477708,2763941.7242848873,2.763942
2026-06-23T04:51:21,dl,cu_cp,3475611,400940.4400437161,0.400940
2026-06-23T04:51:21,dl,cu_up,3475619,853615.178781327,0.853615
2026-06-23T04:51:21,dl,du1,3475775,4196941.54556417,4.196942
2026-06-23T04:51:21,dl,du2,3476392,4190474.695755105,4.190475
2026-06-23T04:51:21,dl,du3,3477006,4248675.772861118,4.248676
2026-06-23T04:51:21,dl,du4,3477648,4203408.10978545,4.203408
2026-06-23T04:51:21,dl,ue1,3475817,2910051.8561861683,2.910052
2026-06-23T04:51:21,dl,ue5,3476454,2903585.0063771033,2.903585
2026-06-23T04:51:21,dl,ue9,3477068,2832450.5152407456,2.832451
2026-06-23T04:51:21,dl,ue13,3477708,2793649.7019741414,2.793650
2026-06-23T04:51:27,dl,cu_cp,3475611,396091.59121949674,0.396092
2026-06-23T04:51:27,dl,cu_up,3475619,938883.7876475453,0.938884
2026-06-23T04:51:27,dl,du1,3475775,4243314.602213526,4.243315
2026-06-23T04:51:27,dl,du2,3476392,4261652.231419086,4.261652
2026-06-23T04:51:27,dl,du3,3477006,4279989.860624647,4.279990
2026-06-23T04:51:27,dl,du4,3477648,4206639.343802405,4.206639
2026-06-23T04:51:27,dl,ue1,3475817,2919341.600933051,2.919342
2026-06-23T04:51:27,dl,ue5,3476454,2959684.556559658,2.959685
2026-06-23T04:51:27,dl,ue9,3477068,2864328.998940325,2.864329
2026-06-23T04:51:27,dl,ue13,3477708,2794646.1793335676,2.794646
2026-06-23T04:51:32,dl,cu_cp,3475611,406626.9614498091,0.406627
2026-06-23T04:51:32,dl,cu_up,3475619,919489.7866747964,0.919490
2026-06-23T04:51:32,dl,du1,3475775,4256761.60698163,4.256762
2026-06-23T04:51:32,dl,du2,3476392,4242108.35474664,4.242108
2026-06-23T04:51:32,dl,du3,3477006,4297057.835699351,4.297058
2026-06-23T04:51:32,dl,du4,3477648,4190821.8286385033,4.190822
2026-06-23T04:51:32,dl,ue1,3475817,2941634.7263904335,2.941635
2026-06-23T04:51:32,dl,ue5,3476454,2941634.7263904335,2.941635
2026-06-23T04:51:32,dl,ue9,3477068,2886684.958866384,2.886685
2026-06-23T04:51:32,dl,ue13,3477708,2817082.2256786823,2.817082
2026-06-23T04:51:38,dl,cu_cp,3475611,409530.39352581115,0.409530
2026-06-23T04:51:38,dl,cu_up,3475619,914130.3891218519,0.914130
2026-06-23T04:51:38,dl,du1,3475775,4190373.8222705126,4.190374
2026-06-23T04:51:38,dl,du2,3476392,4270817.556380496,4.270818
2026-06-23T04:51:38,dl,du3,3477006,4168434.6997702,4.168435
2026-06-23T04:51:38,dl,du4,3477648,4175747.740603638,4.175748
2026-06-23T04:51:38,dl,ue1,3475817,2969095.7181442883,2.969096
2026-06-23T04:51:38,dl,ue5,3476454,2921560.810255859,2.921561
2026-06-23T04:51:38,dl,ue9,3477068,2866713.146476164,2.866713
2026-06-23T04:51:38,dl,ue13,3477708,2786269.41236618,2.786269
2026-06-23T04:51:43,dl,cu_cp,3475611,409928.3434107542,0.409928
2026-06-23T04:51:43,dl,cu_up,3475619,940639.1721334219,0.940639
2026-06-23T04:51:43,dl,du1,3475775,4289607.271853256,4.289607
2026-06-23T04:51:43,dl,du2,3476392,4282287.068892717,4.282287
2026-06-23T04:51:43,dl,du3,3477006,4253006.832741881,4.253007
2026-06-23T04:51:43,dl,du4,3477648,4242026.384378242,4.242026
2026-06-23T04:51:43,dl,ue1,3475817,2953680.1622301578,2.953680
2026-06-23T04:51:43,dl,ue5,3476454,2935379.79875164,2.935380
2026-06-23T04:51:43,dl,ue9,3477068,2895119.1142371655,2.895119
2026-06-23T04:51:43,dl,ue13,3477708,2825577.6178805353,2.825578
2026-06-23T04:51:48,dl,cu_cp,3475611,407244.1699016482,0.407244
2026-06-23T04:51:48,dl,cu_up,3475619,910746.0526891404,0.910746
2026-06-23T04:51:48,dl,du1,3475775,4209423.721289635,4.209424
2026-06-23T04:51:48,dl,du2,3476392,4257552.613600176,4.257553
2026-06-23T04:51:48,dl,du3,3477006,4279765.8602232095,4.279766
2026-06-23T04:51:48,dl,du4,3477648,4209423.721289635,4.209424
2026-06-23T04:51:48,dl,ue1,3475817,2946967.0456678555,2.946967
2026-06-23T04:51:48,dl,ue5,3476454,2935860.4223563387,2.935860
2026-06-23T04:51:48,dl,ue9,3477068,2876624.6197933317,2.876625
2026-06-23T04:51:48,dl,ue13,3477708,2765558.09973721,2.765558
2026-06-23T04:51:54,dl,cu_cp,3475611,412297.04672534287,0.412297
2026-06-23T04:51:54,dl,cu_up,3475619,955419.1085784995,0.955419
2026-06-23T04:51:54,dl,du1,3475775,4261724.51252243,4.261725
2026-06-23T04:51:54,dl,du2,3476392,4301368.012946549,4.301368
2026-06-23T04:51:54,dl,du3,3477006,4285510.670178008,4.285511
2026-06-23T04:51:54,dl,du4,3477648,4257759.818073378,4.257760
2026-06-23T04:51:54,dl,ue1,3475817,2961402.8891257956,2.961403
2026-06-23T04:51:54,dl,ue5,3476454,2961402.8891257956,2.961403
2026-06-23T04:51:54,dl,ue9,3477068,2878150.332811904,2.878150
2026-06-23T04:51:54,dl,ue13,3477708,2830577.7304952145,2.830578
2026-06-23T04:51:59,dl,cu_cp,3475611,410723.7128918493,0.410724
2026-06-23T04:51:59,dl,cu_up,3475619,932026.9364590729,0.932027
2026-06-23T04:51:59,dl,du1,3475775,4209918.378970652,4.209918
2026-06-23T04:51:59,dl,du2,3476392,4249410.6833331175,4.249411
2026-06-23T04:51:59,dl,du3,3477006,4229664.674187083,4.229665
2026-06-23T04:51:59,dl,du4,3477648,4198070.487412634,4.198070
2026-06-23T04:51:59,dl,ue1,3475817,2922457.4134398173,2.922457
2026-06-23T04:51:59,dl,ue5,3476454,2930355.8170982315,2.930356
2026-06-23T04:51:59,dl,ue9,3477068,2886914.024836161,2.886914
2026-06-23T04:51:59,dl,ue13,3477708,2803979.356070831,2.803979
2026-06-23T04:52:04,dl,cu_cp,3475611,412380.44475527765,0.412380
2026-06-23T04:52:04,dl,cu_up,3475619,927856.0635172843,0.927856
2026-06-23T04:52:04,dl,du1,3475775,4183282.52643837,4.183283
2026-06-23T04:52:04,dl,du2,3476392,4302238.540625763,4.302239
2026-06-23T04:52:04,dl,du3,3477006,4278446.99318718,4.278447
2026-06-23T04:52:04,dl,du4,3477648,4270516.8602644345,4.270517
2026-06-23T04:52:04,dl,ue1,3475817,2958036.92999588,2.958037
2026-06-23T04:52:04,dl,ue5,3476454,2958036.92999588,2.958037
2026-06-23T04:52:04,dl,ue9,3477068,2894593.569273224,2.894594
2026-06-23T04:52:04,dl,ue13,3477708,2799429.102524414,2.799429
2026-06-23T04:52:10,dl,cu_cp,3475611,405734.07063691766,0.405734
2026-06-23T04:52:10,dl,cu_up,3475619,898129.723643676,0.898130
2026-06-23T04:52:10,dl,du1,3475775,4210967.897879541,4.210968
2026-06-23T04:52:10,dl,du2,3476392,4285812.410479333,4.285812
2026-06-23T04:52:10,dl,du3,3477006,4246420.606845017,4.246421
2026-06-23T04:52:10,dl,du4,3477648,4222785.753183334,4.222786
2026-06-23T04:52:10,dl,ue1,3475817,2918921.708960185,2.918922
2026-06-23T04:52:10,dl,ue5,3476454,2911043.5196225024,2.911044
2026-06-23T04:52:10,dl,ue9,3477068,2875590.8106570267,2.875591
2026-06-23T04:52:10,dl,ue13,3477708,2808625.0586921857,2.808625
2026-06-23T04:52:15,dl,cu_cp,3475611,412641.4058903271,0.412641
2026-06-23T04:52:15,dl,cu_up,3475619,899951.2512211114,0.899951
2026-06-23T04:52:15,dl,du1,3475775,4177502.987397609,4.177503
2026-06-23T04:52:15,dl,du2,3476392,4260031.596709893,4.260032
2026-06-23T04:52:15,dl,du3,3477006,4201082.427010203,4.201082
2026-06-23T04:52:15,dl,du4,3477648,4181433.1793338107,4.181433
2026-06-23T04:52:15,dl,ue1,3475817,2915999.258780508,2.915999
2026-06-23T04:52:15,dl,ue5,3476454,2896349.44043591,2.896349
2026-06-23T04:52:15,dl,ue9,3477068,2864910.1876191185,2.864910
2026-06-23T04:52:15,dl,ue13,3477708,2786312.05557714,2.786312
2026-06-23T04:52:20,dl,cu_cp,3475611,407254.86822679726,0.407255
2026-06-23T04:52:20,dl,cu_up,3475619,921171.6768846494,0.921172
2026-06-23T04:52:20,dl,du1,3475775,4276175.8463299945,4.276176
2026-06-23T04:52:20,dl,du2,3476392,4276175.8463299945,4.276176
2026-06-23T04:52:20,dl,du3,3477006,4266479.63362581,4.266480
2026-06-23T04:52:20,dl,du4,3477648,4285872.3470889805,4.285872
2026-06-23T04:52:20,dl,ue1,3475817,2976838.9835297586,2.976839
2026-06-23T04:52:20,dl,ue5,3476454,2996232.273102534,2.996232
2026-06-23T04:52:20,dl,ue9,3477068,2870177.1871261047,2.870177
2026-06-23T04:52:20,dl,ue13,3477708,2860480.398312316,2.860480
2026-06-23T04:52:26,dl,cu_cp,3475611,400229.27422351745,0.400229
2026-06-23T04:52:26,dl,cu_up,3475619,944541.0857382691,0.944541
2026-06-23T04:52:26,dl,du1,3475775,4290458.031202466,4.290458
2026-06-23T04:52:26,dl,du2,3476392,4258439.514898262,4.258440
2026-06-23T04:52:26,dl,du3,3477006,4250434.957283819,4.250435
2026-06-23T04:52:26,dl,du4,3477648,4234425.842054932,4.234426
2026-06-23T04:52:26,dl,ue1,3475817,2857637.072981353,2.857637
2026-06-23T04:52:26,dl,ue5,3476454,2913668.976282456,2.913669
2026-06-23T04:52:26,dl,ue9,3477068,2889655.303439126,2.889655
2026-06-23T04:52:26,dl,ue13,3477708,2833623.400138023,2.833623
2026-06-23T04:52:31,dl,cu_cp,3475611,418675.15422269376,0.418675
2026-06-23T04:52:31,dl,cu_up,3475619,899122.0367374825,0.899122
2026-06-23T04:52:31,dl,du1,3475775,4200478.379139304,4.200478
2026-06-23T04:52:31,dl,du2,3476392,4282840.968621044,4.282841
2026-06-23T04:52:31,dl,du3,3477006,4166160.9661295726,4.166161
2026-06-23T04:52:31,dl,du4,3477648,4200478.379139304,4.200478
2026-06-23T04:52:31,dl,ue1,3475817,2855227.1223525093,2.855227
2026-06-23T04:52:31,dl,ue5,3476454,2882681.5089079426,2.882682
2026-06-23T04:52:31,dl,ue9,3477068,2841500.214167073,2.841500
2026-06-23T04:52:31,dl,ue13,3477708,2848363.525713651,2.848364
2026-06-23T04:52:37,dl,cu_cp,3475611,401158.6824951172,0.401159
2026-06-23T04:52:37,dl,cu_up,3475619,948193.2952880859,0.948193
2026-06-23T04:52:37,dl,du1,3475775,4266869.864746094,4.266870
2026-06-23T04:52:37,dl,du2,3476392,4272947.666015625,4.272948
2026-06-23T04:52:37,dl,du3,3477006,4236478.845214844,4.236479
2026-06-23T04:52:37,dl,du4,3477648,4242556.934082031,4.242557
2026-06-23T04:52:37,dl,ue1,3475817,2990455.6723632813,2.990456
2026-06-23T04:52:37,dl,ue5,3476454,2984377.5834960938,2.984378
2026-06-23T04:52:37,dl,ue9,3477068,2868892.45703125,2.868892
2026-06-23T04:52:37,dl,ue13,3477708,2795954.5278320313,2.795955
2026-06-23T04:52:42,dl,cu_cp,3475611,408923.4540453029,0.408923
2026-06-23T04:52:42,dl,cu_up,3475619,935734.8051010132,0.935735
2026-06-23T04:52:42,dl,du1,3475775,4288170.20490705,4.288170
2026-06-23T04:52:42,dl,du2,3476392,4302906.659314137,4.302907
2026-06-23T04:52:42,dl,du3,3477006,4277118.5111059,4.277119
2026-06-23T04:52:42,dl,du4,3477648,4262382.631813627,4.262383
2026-06-23T04:52:42,dl,ue1,3475817,2980352.219106231,2.980352
2026-06-23T04:52:42,dl,ue5,3476454,2980352.219106231,2.980352
2026-06-23T04:52:42,dl,ue9,3477068,2880884.099321814,2.880884
2026-06-23T04:52:42,dl,ue13,3477708,2869832.405520663,2.869832
2026-06-23T04:52:47,dl,cu_cp,3475611,407614.7118457842,0.407615
2026-06-23T04:52:47,dl,cu_up,3475619,947428.8071629762,0.947429
2026-06-23T04:52:47,dl,du1,3475775,4256084.910862579,4.256085
2026-06-23T04:52:47,dl,du2,3476392,4307495.913864784,4.307496
2026-06-23T04:52:47,dl,du3,3477006,4278118.320966892,4.278118
2026-06-23T04:52:47,dl,du4,3477648,4241396.258034229,4.241396
2026-06-23T04:52:47,dl,ue1,3475817,2948780.4470798303,2.948780
2026-06-23T04:52:47,dl,ue5,3476454,2956124.917114601,2.956125
2026-06-23T04:52:47,dl,ue9,3477068,2871663.942576523,2.871664
2026-06-23T04:52:47,dl,ue13,3477708,2871663.942576523,2.871664
2026-06-23T04:52:53,dl,cu_cp,3475611,411090.05371038854,0.411090
2026-06-23T04:52:53,dl,cu_up,3475619,928623.0188834012,0.928623
2026-06-23T04:52:53,dl,du1,3475775,4268729.861802006,4.268730
2026-06-23T04:52:53,dl,du2,3476392,4232025.291141334,4.232025
2026-06-23T04:52:53,dl,du3,3477006,4283411.632824054,4.283412
2026-06-23T04:52:53,dl,du4,3477648,4213673.14891655,4.213673
2026-06-23T04:52:53,dl,ue1,3475817,2899653.06828218,2.899653
2026-06-23T04:52:53,dl,ue5,3476454,2943698.381348324,2.943698
2026-06-23T04:52:53,dl,ue9,3477068,2884971.2972601317,2.884971
2026-06-23T04:52:53,dl,ue13,3477708,2815232.8133526277,2.815233
2026-06-23T04:52:58,dl,cu_cp,3475611,404015.8426007986,0.404016
2026-06-23T04:52:58,dl,cu_up,3475619,903526.3487025261,0.903526
2026-06-23T04:52:58,dl,du1,3475775,4223802.131225624,4.223802
2026-06-23T04:52:58,dl,du2,3476392,4282567.967484512,4.282568
2026-06-23T04:52:58,dl,du3,3477006,4260530.742971382,4.260531
2026-06-23T04:52:58,dl,du4,3477648,4253184.90569088,4.253185
2026-06-23T04:52:58,dl,ue1,3475817,2919932.678982315,2.919933
2026-06-23T04:52:58,dl,ue5,3476454,3011754.495675087,3.011754
2026-06-23T04:52:58,dl,ue9,3477068,2879531.148596306,2.879531
2026-06-23T04:52:58,dl,ue13,3477708,2853821.0054429243,2.853821
2026-06-23T04:53:04,dl,cu_cp,3475611,404821.44941380265,0.404821
2026-06-23T04:53:04,dl,cu_up,3475619,934203.3781133544,0.934203
2026-06-23T04:53:04,dl,du1,3475775,4277872.891354237,4.277873
2026-06-23T04:53:04,dl,du2,3476392,4293442.824955926,4.293443
2026-06-23T04:53:04,dl,du3,3477006,4324582.980865657,4.324583
2026-06-23T04:53:04,dl,du4,3477648,4277872.891354237,4.277873
2026-06-23T04:53:04,dl,ue1,3475817,2985558.2976916768,2.985558
2026-06-23T04:53:04,dl,ue5,3476454,3008913.4868005635,3.008913
2026-06-23T04:53:04,dl,ue9,3477068,2950525.802734699,2.950526
2026-06-23T04:53:04,dl,ue13,3477708,2876567.896360793,2.876568
2026-06-23T04:53:09,dl,cu_cp,3475611,401121.9051029027,0.401122
2026-06-23T04:53:09,dl,cu_up,3475619,937274.9138363957,0.937275
2026-06-23T04:53:09,dl,du1,3475775,4281281.114515901,4.281281
2026-06-23T04:53:09,dl,du2,3476392,4273338.159163857,4.273338
2026-06-23T04:53:09,dl,du3,3477006,4229651.760953307,4.229652
2026-06-23T04:53:09,dl,du4,3477648,4277309.780614185,4.277310
2026-06-23T04:53:09,dl,ue1,3475817,2946855.9889140846,2.946856
2026-06-23T04:53:09,dl,ue5,3476454,2978628.097870874,2.978628
2026-06-23T04:53:09,dl,ue9,3477068,2919055.5014076233,2.919056
2026-06-23T04:53:09,dl,ue13,3477708,2847568.3281419994,2.847568
2026-06-23T04:53:14,dl,cu_cp,3475611,413803.6757005581,0.413804
2026-06-23T04:53:14,dl,cu_up,3475619,962889.3188395483,0.962889
2026-06-23T04:53:14,dl,du1,3475775,4237508.978354666,4.237509
2026-06-23T04:53:14,dl,du2,3476392,4293213.428073707,4.293213
2026-06-23T04:53:14,dl,du3,3477006,4281276.53385148,4.281277
2026-06-23T04:53:14,dl,du4,3477648,4265361.059125367,4.265361
2026-06-23T04:53:14,dl,ue1,3475817,2972224.414963975,2.972224
2026-06-23T04:53:14,dl,ue5,3476454,2968245.5462824465,2.968246
2026-06-23T04:53:14,dl,ue9,3477068,2908562.227881877,2.908562
2026-06-23T04:53:14,dl,ue13,3477708,2844900.3289774205,2.844900
2026-06-23T04:53:20,dl,cu_cp,3475611,400998.21672198264,0.400998
2026-06-23T04:53:20,dl,cu_up,3475619,896349.0010281396,0.896349
2026-06-23T04:53:20,dl,du1,3475775,4171167.847943721,4.171168
2026-06-23T04:53:20,dl,du2,3476392,4226206.614642987,4.226207
2026-06-23T04:53:20,dl,du3,3477006,4226206.614642987,4.226207
2026-06-23T04:53:20,dl,du4,3477648,4194756.256445344,4.194756
2026-06-23T04:53:20,dl,ue1,3475817,2905271.379412758,2.905271
2026-06-23T04:53:20,dl,ue5,3476454,2893477.317351589,2.893477
2026-06-23T04:53:20,dl,ue9,3477068,2881683.2552904203,2.881683
2026-06-23T04:53:20,dl,ue13,3477708,2822712.9449845743,2.822713
2026-06-23T04:53:25,dl,cu_cp,3475611,411724.1301168561,0.411724
2026-06-23T04:53:25,dl,cu_up,3475619,946173.744844575,0.946174
2026-06-23T04:53:25,dl,du1,3475775,4228090.361875277,4.228090
2026-06-23T04:53:25,dl,du2,3476392,4291432.436470576,4.291432
2026-06-23T04:53:25,dl,du3,3477006,4224131.4105189135,4.224131
2026-06-23T04:53:25,dl,du4,3477648,4251843.496460199,4.251843
2026-06-23T04:53:25,dl,ue1,3475817,2933534.7765916158,2.933535
2026-06-23T04:53:25,dl,ue5,3476454,2937493.4411713504,2.937493
2026-06-23T04:53:25,dl,ue9,3477068,2878110.317932415,2.878110
2026-06-23T04:53:25,dl,ue13,3477708,2846438.993858137,2.846439
2026-06-23T04:53:30,dl,cu_cp,3475611,414624.48092078837,0.414624
2026-06-23T04:53:30,dl,cu_up,3475619,928918.2572417569,0.928918
2026-06-23T04:53:30,dl,du1,3475775,4249901.046645925,4.249901
2026-06-23T04:53:30,dl,du2,3476392,4325649.771737502,4.325650
2026-06-23T04:53:30,dl,du3,3477006,4269834.314277146,4.269834
2026-06-23T04:53:30,dl,du4,3477648,4301728.985045185,4.301729
2026-06-23T04:53:30,dl,ue1,3475817,2950212.4709987734,2.950212
2026-06-23T04:53:30,dl,ue5,3476454,2942238.8754346683,2.942239
2026-06-23T04:53:30,dl,ue9,3477068,2910344.781689863,2.910345
2026-06-23T04:53:30,dl,ue13,3477708,2882437.3414713023,2.882437
2026-06-23T04:53:35,dl,cu_cp,3475611,426123.02985390427,0.426123
2026-06-23T04:53:35,dl,cu_up,3475619,942910.5037374019,0.942911
2026-06-23T04:53:35,dl,du1,3475775,4234030.8938727565,4.234031
2026-06-23T04:53:35,dl,du2,3476392,4188698.886230183,4.188699
2026-06-23T04:53:35,dl,du3,3477006,4188698.886230183,4.188699
2026-06-23T04:53:35,dl,du4,3477648,4224964.66384202,4.224965
2026-06-23T04:53:35,dl,ue1,3475817,2928462.6140169813,2.928463
2026-06-23T04:53:35,dl,ue5,3476454,2928462.6140169813,2.928463
2026-06-23T04:53:35,dl,ue9,3477068,2846864.5429329397,2.846865
2026-06-23T04:53:35,dl,ue13,3477708,2901263.0664358805,2.901263
2026-06-23T04:53:41,dl,cu_cp,3475611,397401.1921276018,0.397401
2026-06-23T04:53:41,dl,cu_up,3475619,886510.3215279633,0.886510
2026-06-23T04:53:41,dl,du1,3475775,4218566.82438082,4.218567
2026-06-23T04:53:41,dl,du2,3476392,4142143.2346001817,4.142143
2026-06-23T04:53:41,dl,du3,3477006,4226208.926883803,4.226209
2026-06-23T04:53:41,dl,du4,3477648,4233851.029386785,4.233851
2026-06-23T04:53:41,dl,ue1,3475817,2888801.0927381013,2.888801
2026-06-23T04:53:41,dl,ue5,3476454,2881158.7052628063,2.881159
2026-06-23T04:53:41,dl,ue9,3477068,2858231.5428369213,2.858232
2026-06-23T04:53:41,dl,ue13,3477708,2827662.2779080532,2.827662
2026-06-23T04:53:46,dl,cu_cp,3475611,413838.5150890958,0.413839
2026-06-23T04:53:46,dl,cu_up,3475619,954498.4530844307,0.954498
2026-06-23T04:53:46,dl,du1,3475775,4258531.515576306,4.258532
2026-06-23T04:53:46,dl,du2,3476392,4305255.4821100235,4.305255
2026-06-23T04:53:46,dl,du3,3477006,4285230.883852358,4.285231
2026-06-23T04:53:46,dl,du4,3477648,4318605.022146797,4.318605
2026-06-23T04:53:46,dl,ue1,3475817,2970292.544154997,2.970293
2026-06-23T04:53:46,dl,ue5,3476454,2950267.9458973315,2.950268
2026-06-23T04:53:46,dl,ue9,3477068,2876845.187492571,2.876845
2026-06-23T04:53:46,dl,ue13,3477708,2836796.279179745,2.836796
2026-06-23T04:53:52,dl,cu_cp,3475611,413903.21465811966,0.413903
2026-06-23T04:53:52,dl,cu_up,3475619,915250.7508212042,0.915251
2026-06-23T04:53:52,dl,du1,3475775,4214816.896609154,4.214817
2026-06-23T04:53:52,dl,du2,3476392,4273113.396693344,4.273113
2026-06-23T04:53:52,dl,du3,3477006,4249794.682360649,4.249795
2026-06-23T04:53:52,dl,du4,3477648,4179839.1108576586,4.179839
2026-06-23T04:53:52,dl,ue1,3475817,2955618.609788151,2.955619
2026-06-23T04:53:52,dl,ue5,3476454,2874003.9668663596,2.874004
2026-06-23T04:53:52,dl,ue9,3477068,2868174.145409412,2.868174
2026-06-23T04:53:52,dl,ue13,3477708,2815707.7525297166,2.815708
2026-06-23T04:53:57,dl,cu_cp,3475611,409863.88594617305,0.409864
2026-06-23T04:53:57,dl,cu_up,3475619,911215.2983051831,0.911215
2026-06-23T04:53:57,dl,du1,3475775,4237699.77337632,4.237700
2026-06-23T04:53:57,dl,du2,3476392,4252337.915311017,4.252338
2026-06-23T04:53:57,dl,du3,3477006,4281614.199180412,4.281614
2026-06-23T04:53:57,dl,du4,3477648,4270635.377559633,4.270635
2026-06-23T04:53:57,dl,ue1,3475817,2953215.8005152033,2.953216
2026-06-23T04:53:57,dl,ue5,3476454,2934918.0513735795,2.934918
2026-06-23T04:53:57,dl,ue9,3477068,2927599.1238527345,2.927599
2026-06-23T04:53:57,dl,ue13,3477708,2865387.809586041,2.865388
2026-06-23T04:54:03,dl,cu_cp,3475611,394857.4597241569,0.394857
2026-06-23T04:54:03,dl,cu_up,3475619,932302.3156224549,0.932302
2026-06-23T04:54:03,dl,du1,3475775,4284934.586755595,4.284935
2026-06-23T04:54:03,dl,du2,3476392,4262998.053280421,4.262998
2026-06-23T04:54:03,dl,du3,3477006,4244717.370669455,4.244717
2026-06-23T04:54:03,dl,du4,3477648,4233749.532418842,4.233750
2026-06-23T04:54:03,dl,ue1,3475817,2917557.809566331,2.917558
2026-06-23T04:54:03,dl,ue5,3476454,2983367.4099918557,2.983367
2026-06-23T04:54:03,dl,ue9,3477068,2859060.482185192,2.859060
2026-06-23T04:54:03,dl,ue13,3477708,2859060.482185192,2.859060
2026-06-23T04:54:08,dl,cu_cp,3475611,389069.97894852876,0.389070
2026-06-23T04:54:08,dl,cu_up,3475619,901769.7474212694,0.901770
2026-06-23T04:54:08,dl,du1,3475775,4243408.227014351,4.243408
2026-06-23T04:54:08,dl,du2,3476392,4181593.4747712137,4.181593
2026-06-23T04:54:08,dl,du3,3477006,4199774.334555302,4.199774
2026-06-23T04:54:08,dl,du4,3477648,4203410.278481769,4.203410
2026-06-23T04:54:08,dl,ue1,3475817,2916206.887965603,2.916207
2026-06-23T04:54:08,dl,ue5,3476454,2898026.0281815147,2.898026
2026-06-23T04:54:08,dl,ue9,3477068,2861664.3086133385,2.861664
2026-06-23T04:54:08,dl,ue13,3477708,2847119.6777936555,2.847120
2026-06-23T04:54:13,dl,cu_cp,3475611,410246.06756409374,0.410246
2026-06-23T04:54:13,dl,cu_up,3475619,946153.1732404161,0.946153
2026-06-23T04:54:13,dl,du1,3475775,4279864.701804421,4.279865
2026-06-23T04:54:13,dl,du2,3476392,4327911.618052597,4.327912
2026-06-23T04:54:13,dl,du3,3477006,4331607.401685412,4.331607
2026-06-23T04:54:13,dl,du4,3477648,4309431.835377731,4.309432
2026-06-23T04:54:13,dl,ue1,3475817,2949336.774919124,2.949337
2026-06-23T04:54:13,dl,ue5,3476454,2982599.980295513,2.982600
2026-06-23T04:54:13,dl,ue9,3477068,2871722.725097637,2.871723
2026-06-23T04:54:13,dl,ue13,3477708,2882810.3641663454,2.882810
2026-06-23T04:54:19,dl,cu_cp,3475611,401105.9231026083,0.401106
2026-06-23T04:54:19,dl,cu_up,3475619,929294.9735865843,0.929295
2026-06-23T04:54:19,dl,du1,3475775,4277139.942342746,4.277140
2026-06-23T04:54:19,dl,du2,3476392,4332738.343293398,4.332738
2026-06-23T04:54:19,dl,du3,3477006,4300967.992782238,4.300968
2026-06-23T04:54:19,dl,du4,3477648,4225512.403871808,4.225512
2026-06-23T04:54:19,dl,ue1,3475817,2962624.292798164,2.962624
2026-06-23T04:54:19,dl,ue5,3476454,2934824.804766717,2.934825
2026-06-23T04:54:19,dl,ue9,3477068,2895111.2915155245,2.895111
2026-06-23T04:54:19,dl,ue13,3477708,2855397.7782643316,2.855398
2026-06-23T04:54:24,dl,cu_cp,3475611,394066.92191772163,0.394067
2026-06-23T04:54:24,dl,cu_up,3475619,949701.2120835483,0.949701
2026-06-23T04:54:24,dl,du1,3475775,4232278.373035789,4.232278
2026-06-23T04:54:24,dl,du2,3476392,4303210.737273097,4.303211
2026-06-23T04:54:24,dl,du3,3477006,4259862.927034497,4.259863
2026-06-23T04:54:24,dl,du4,3477648,4224397.031021118,4.224397
2026-06-23T04:54:24,dl,ue1,3475817,2943679.6689003706,2.943680
2026-06-23T04:54:24,dl,ue5,3476454,2951561.010915041,2.951561
2026-06-23T04:54:24,dl,ue9,3477068,2876688.40482831,2.876688
2026-06-23T04:54:24,dl,ue13,3477708,2833340.8806949854,2.833341
2026-06-23T04:54:29,dl,cu_cp,3475611,397403.0051960176,0.397403
2026-06-23T04:54:29,dl,cu_up,3475619,881369.008097614,0.881369
2026-06-23T04:54:29,dl,du1,3475775,4214045.630035414,4.214046
2026-06-23T04:54:29,dl,du2,3476392,4202241.908496155,4.202242
2026-06-23T04:54:29,dl,du3,3477006,4162895.2207982205,4.162895
2026-06-23T04:54:29,dl,du4,3477648,4221914.9675750015,4.221915
2026-06-23T04:54:29,dl,ue1,3475817,2931339.0547607853,2.931339
2026-06-23T04:54:29,dl,ue5,3476454,2919535.0484514046,2.919535
2026-06-23T04:54:29,dl,ue9,3477068,2848710.7258249996,2.848711
2026-06-23T04:54:29,dl,ue13,3477708,2805429.08458715,2.805429
2026-06-23T04:54:35,dl,cu_cp,3475611,398632.88352262974,0.398633
2026-06-23T04:54:35,dl,cu_up,3475619,928814.6420196533,0.928815
2026-06-23T04:54:35,dl,du1,3475775,4273344.713065338,4.273345
2026-06-23T04:54:35,dl,du2,3476392,4325167.047353554,4.325167
2026-06-23T04:54:35,dl,du3,3477006,4297262.624845505,4.297263
2026-06-23T04:54:35,dl,du4,3477648,4261385.757175255,4.261386
2026-06-23T04:54:35,dl,ue1,3475817,2945896.8633579253,2.945897
2026-06-23T04:54:35,dl,ue5,3476454,2973801.2858659746,2.973801
2026-06-23T04:54:35,dl,ue9,3477068,2910019.9956876757,2.910020
2026-06-23T04:54:35,dl,ue13,3477708,2882115.5731796264,2.882116
2026-06-23T04:54:40,dl,cu_cp,3475611,394849.95116457227,0.394850
2026-06-23T04:54:40,dl,cu_up,3475619,916051.8381273007,0.916052
2026-06-23T04:54:40,dl,du1,3475775,4205151.633452168,4.205152
2026-06-23T04:54:40,dl,du2,3476392,4236739.920992374,4.236740
2026-06-23T04:54:40,dl,du3,3477006,4228842.849107322,4.228843
2026-06-23T04:54:40,dl,du4,3477648,4244636.992877427,4.244637
2026-06-23T04:54:40,dl,ue1,3475817,2933735.0607193564,2.933735
2026-06-23T04:54:40,dl,ue5,3476454,2945580.382814541,2.945580
2026-06-23T04:54:40,dl,ue9,3477068,2882404.6649313066,2.882405
2026-06-23T04:54:40,dl,ue13,3477708,2819228.3755832864,2.819228
2026-06-23T04:54:45,dl,cu_cp,3475611,393829.36399056314,0.393829
2026-06-23T04:54:45,dl,cu_up,3475619,955036.1317124963,0.955036
2026-06-23T04:54:45,dl,du1,3475775,4273048.375872259,4.273048
2026-06-23T04:54:45,dl,du2,3476392,4302585.421773805,4.302585
2026-06-23T04:54:45,dl,du3,3477006,4341968.340298834,4.341968
2026-06-23T04:54:45,dl,du4,3477648,4263202.789233226,4.263203
2026-06-23T04:54:45,dl,ue1,3475817,2934028.5740524004,2.934029
2026-06-23T04:54:45,dl,ue5,3476454,2943874.446675882,2.943874
2026-06-23T04:54:45,dl,ue9,3477068,2904491.2421664046,2.904491
2026-06-23T04:54:45,dl,ue13,3477708,2835571.27773983,2.835571
2026-06-23T04:54:51,dl,cu_cp,3475611,341843.4304783177,0.341843
2026-06-23T04:54:51,dl,cu_up,3475619,335006.58073805453,0.335007
2026-06-23T04:54:51,dl,du1,3475775,2864647.972174263,2.864648
2026-06-23T04:54:51,dl,du2,3476392,2864647.972174263,2.864648
2026-06-23T04:54:51,dl,du3,3477006,2850974.331660309,2.850974
2026-06-23T04:54:51,dl,du4,3477648,2837300.6911463547,2.837301
2026-06-23T04:54:51,dl,ue1,3475817,676850.0406996584,0.676850
2026-06-23T04:54:51,dl,ue5,3476454,724708.1362979317,0.724708
2026-06-23T04:54:51,dl,ue9,3477068,697360.6194037342,0.697361
2026-06-23T04:54:51,dl,ue13,3477708,711034.3778508329,0.711034
2026-06-23T04:54:56,dl,cu_cp,3475611,319139.972106185,0.319140
2026-06-23T04:54:56,dl,cu_up,3475619,313229.9562679294,0.313230
2026-06-23T04:54:56,dl,du1,3475775,2866349.644801447,2.866350
2026-06-23T04:54:56,dl,du2,3476392,2777699.7310528066,2.777700
2026-06-23T04:54:56,dl,du3,3477006,2854529.672002244,2.854530
2026-06-23T04:54:56,dl,du4,3477648,2795429.808006227,2.795430
2026-06-23T04:54:56,dl,ue1,3475817,697379.9259630025,0.697380
2026-06-23T04:54:56,dl,ue5,3476454,685559.8942864913,0.685560
2026-06-23T04:54:56,dl,ue9,3477068,744659.9349144315,0.744660
2026-06-23T04:54:56,dl,ue13,3477708,697379.9259630025,0.697380
2026-06-23T04:55:01,dl,cu_cp,3475611,307518.0616717842,0.307518
2026-06-23T04:55:01,dl,cu_up,3475619,312730.2660309291,0.312730
2026-06-23T04:55:01,dl,du1,3475775,2835420.8595647477,2.835421
2026-06-23T04:55:01,dl,du2,3476392,2783299.109431794,2.783299
2026-06-23T04:55:01,dl,du3,3477006,2824996.509538157,2.824997
2026-06-23T04:55:01,dl,du4,3477648,2856269.5596179296,2.856270
2026-06-23T04:55:01,dl,ue1,3475817,729703.9149443686,0.729704
2026-06-23T04:55:01,dl,ue5,3476454,708855.2148911869,0.708855
2026-06-23T04:55:01,dl,ue9,3477068,714067.3899044824,0.714067
2026-06-23T04:55:01,dl,ue13,3477708,693218.6898513007,0.693219
2026-06-23T04:55:07,ul,cu_cp,3475611,314685.38054097444,0.314685
2026-06-23T04:55:07,ul,cu_up,3475619,320737.015144684,0.320737
2026-06-23T04:55:07,ul,du1,3475775,2856375.0512408568,2.856375
2026-06-23T04:55:07,ul,du2,3476392,2801910.2811693046,2.801910
2026-06-23T04:55:07,ul,du3,3477006,2817039.1624449994,2.817039
2026-06-23T04:55:07,ul,du4,3477648,2801910.2811693046,2.801910
2026-06-23T04:55:07,ul,ue1,3475817,708042.1282065046,0.708042
2026-06-23T04:55:07,ul,ue5,3476454,656603.1461177248,0.656603
2026-06-23T04:55:07,ul,ue9,3477068,689887.1657572102,0.689887
2026-06-23T04:55:07,ul,ue13,3477708,674758.0499288535,0.674758
2026-06-23T04:55:12,ul,cu_cp,3475611,363113.50250831543,0.363114
2026-06-23T04:55:12,ul,cu_up,3475619,484151.29319218756,0.484151
2026-06-23T04:55:12,ul,du1,3475775,3695015.88740427,3.695016
2026-06-23T04:55:12,ul,du2,3476392,3631134.8946264554,3.631135
2026-06-23T04:55:12,ul,du3,3477006,3641221.284776616,3.641221
2026-06-23T04:55:12,ul,du4,3477648,3617686.1135128425,3.617686
2026-06-23T04:55:12,ul,ue1,3475817,1570129.6054387307,1.570130
2026-06-23T04:55:12,ul,ue5,3476454,1506248.6126609158,1.506249
2026-06-23T04:55:12,ul,ue9,3477068,1449091.8799832081,1.449092
2026-06-23T04:55:12,ul,ue13,3477708,1486075.571447196,1.486076
2026-06-23T04:55:18,ul,cu_cp,3475611,374467.16853981913,0.374467
2026-06-23T04:55:18,ul,cu_up,3475619,611158.7216859007,0.611159
2026-06-23T04:55:18,ul,du1,3475775,4133269.840007925,4.133270
2026-06-23T04:55:18,ul,du2,3476392,4157998.5315794037,4.157999
2026-06-23T04:55:18,ul,du3,3477006,4189793.2330092643,4.189793
2026-06-23T04:55:18,ul,du4,3477648,4112073.739906898,4.112074
2026-06-23T04:55:18,ul,ue1,3475817,2017176.8477631055,2.017177
2026-06-23T04:55:18,ul,ue5,3476454,1978317.1012119222,1.978317
2026-06-23T04:55:18,ul,ue9,3477068,1946522.813240801,1.946523
2026-06-23T04:55:18,ul,ue13,3477708,1914728.52526968,1.914729
2026-06-23T04:55:23,ul,cu_cp,3475611,365617.33924445184,0.365617
2026-06-23T04:55:23,ul,cu_up,3475619,606995.7549567127,0.606996
2026-06-23T04:55:23,ul,du1,3475775,4103433.1709665824,4.103433
2026-06-23T04:55:23,ul,du2,3476392,4153128.878856988,4.153129
2026-06-23T04:55:23,ul,du3,3477006,4146029.4128854848,4.146029
2026-06-23T04:55:23,ul,du4,3477648,4142479.956854792,4.142480
2026-06-23T04:55:23,ul,ue1,3475817,1998471.4215621925,1.998471
2026-06-23T04:55:23,ul,ue5,3476454,2002021.154547944,2.002021
2026-06-23T04:55:23,ul,ue9,3477068,1941676.524655342,1.941677
2026-06-23T04:55:23,ul,ue13,3477708,1966524.378600545,1.966524
2026-06-23T04:55:28,ul,cu_cp,3475611,367558.54265663354,0.367559
2026-06-23T04:55:28,ul,cu_up,3475619,600816.8835576707,0.600817
2026-06-23T04:55:28,ul,du1,3475775,4064349.316626649,4.064349
2026-06-23T04:55:28,ul,du2,3476392,4110294.104425013,4.110294
2026-06-23T04:55:28,ul,du3,3477006,4127965.0499194767,4.127965
2026-06-23T04:55:28,ul,du4,3477648,4117362.702297971,4.117363
2026-06-23T04:55:28,ul,ue1,3475817,1993298.1937939525,1.993298
2026-06-23T04:55:28,ul,ue5,3476454,1912011.2404126953,1.912011
2026-06-23T04:55:28,ul,ue9,3477068,1950887.5676350845,1.950888
2026-06-23T04:55:28,ul,ue13,3477708,1883737.5354057776,1.883738
2026-06-23T04:55:34,ul,cu_cp,3475611,357576.95833100675,0.357577
2026-06-23T04:55:34,ul,cu_up,3475619,589621.5215201944,0.589622
2026-06-23T04:55:34,ul,du1,3475775,4093114.793712127,4.093115
2026-06-23T04:55:34,ul,du2,3476392,4127350.719621458,4.127351
2026-06-23T04:55:34,ul,du3,3477006,4138763.06281842,4.138763
2026-06-23T04:55:34,ul,du4,3477648,4108330.975387688,4.108331
2026-06-23T04:55:34,ul,ue1,3475817,2004713.3801089525,2.004713
2026-06-23T04:55:34,ul,ue5,3476454,1936241.1144097077,1.936241
2026-06-23T04:55:34,ul,ue9,3477068,1932437.1379709148,1.932437
2026-06-23T04:55:34,ul,ue13,3477708,1871572.9631094504,1.871573
2026-06-23T04:55:39,ul,cu_cp,3475611,371398.79284508945,0.371399
2026-06-23T04:55:39,ul,cu_up,3475619,596488.995046513,0.596489
2026-06-23T04:55:39,ul,du1,3475775,4006605.109738226,4.006605
2026-06-23T04:55:39,ul,du2,3476392,4044120.143438463,4.044120
2026-06-23T04:55:39,ul,du3,3477006,4059126.3200675966,4.059126
2026-06-23T04:55:39,ul,du4,3477648,4032865.850860443,4.032866
2026-06-23T04:55:39,ul,ue1,3475817,1875751.4130967997,1.875751
2026-06-23T04:55:39,ul,ue5,3476454,1920769.5351116038,1.920770
2026-06-23T04:55:39,ul,ue9,3477068,1887005.9775898838,1.887006
2026-06-23T04:55:39,ul,ue13,3477708,1872000.0728758145,1.872000
2026-06-23T04:55:44,ul,cu_cp,3475611,363767.16268152714,0.363767
2026-06-23T04:55:44,ul,cu_up,3475619,592527.8759777093,0.592528
2026-06-23T04:55:44,ul,du1,3475775,3990187.8110832595,3.990188
2026-06-23T04:55:44,ul,du2,3476392,4065191.4393022726,4.065191
2026-06-23T04:55:44,ul,du3,3477006,4072691.910669346,4.072692
2026-06-23T04:55:44,ul,du4,3477648,4083942.6177199553,4.083943
2026-06-23T04:55:44,ul,ue1,3475817,1867587.9275233578,1.867588
2026-06-23T04:55:44,ul,ue5,3476454,1901339.505949328,1.901340
2026-06-23T04:55:44,ul,ue9,3477068,1916340.1773205446,1.916340
2026-06-23T04:55:44,ul,ue13,3477708,1886338.9702595759,1.886339
2026-06-23T04:55:50,ul,cu_cp,3475611,365142.31469449995,0.365142
2026-06-23T04:55:50,ul,cu_up,3475619,606060.9398490334,0.606061
2026-06-23T04:55:50,ul,du1,3475775,4080559.256181564,4.080559
2026-06-23T04:55:50,ul,du2,3476392,4080559.256181564,4.080559
2026-06-23T04:55:50,ul,du3,3477006,4099381.0045897677,4.099381
2026-06-23T04:55:50,ul,du4,3477648,4027858.2515143584,4.027858
2026-06-23T04:55:50,ul,ue1,3475817,1938642.1321243667,1.938642
2026-06-23T04:55:50,ul,ue5,3476454,1976285.4925354766,1.976285
2026-06-23T04:55:50,ul,ue9,3477068,1927349.1376415633,1.927349
2026-06-23T04:55:50,ul,ue13,3477708,1874647.9965690612,1.874648
2026-06-23T04:55:55,ul,cu_cp,3475611,360254.6610765564,0.360255
2026-06-23T04:55:55,ul,cu_up,3475619,602952.5557430052,0.602953
2026-06-23T04:55:55,ul,du1,3475775,4012099.400400095,4.012099
2026-06-23T04:55:55,ul,du2,3476392,4076566.0807716562,4.076566
2026-06-23T04:55:55,ul,du3,3477006,4091734.8732156754,4.091735
2026-06-23T04:55:55,ul,du4,3477648,4091734.8732156754,4.091735
2026-06-23T04:55:55,ul,ue1,3475817,1877116.4769600297,1.877116
2026-06-23T04:55:55,ul,ue5,3476454,1926414.3648875714,1.926414
2026-06-23T04:55:55,ul,ue9,3477068,1945375.2179394914,1.945375
2026-06-23T04:55:55,ul,ue13,3477708,1896077.3300119496,1.896077
2026-06-23T04:56:00,ul,cu_cp,3475611,370906.28889405547,0.370906
2026-06-23T04:56:00,ul,cu_up,3475619,601776.4869147956,0.601776
2026-06-23T04:56:00,ul,du1,3475775,4053475.7123254444,4.053476
2026-06-23T04:56:00,ul,du2,3476392,4008058.6758919954,4.008059
2026-06-23T04:56:00,ul,du3,3477006,4079969.074993029,4.079969
2026-06-23T04:56:00,ul,du4,3477648,4125385.8371822597,4.125386
2026-06-23T04:56:00,ul,ue1,3475817,1862100.8248472523,1.862101
2026-06-23T04:56:00,ul,ue5,3476454,1911302.7057315612,1.911303
2026-06-23T04:56:00,ul,ue9,3477068,1915087.4130603122,1.915087
2026-06-23T04:56:00,ul,ue13,3477708,1896163.739294448,1.896164
2026-06-23T04:56:06,ul,cu_cp,3475611,370673.2487069115,0.370673
2026-06-23T04:56:06,ul,cu_up,3475619,593077.1439238787,0.593077
2026-06-23T04:56:06,ul,du1,3475775,3978559.0613077283,3.978559
2026-06-23T04:56:06,ul,du2,3476392,4036219.8267540336,4.036220
2026-06-23T04:56:06,ul,du3,3477006,4027982.3816646338,4.027982
2026-06-23T04:56:06,ul,du4,3477648,3995033.951486528,3.995034
2026-06-23T04:56:06,ul,ue1,3475817,1869840.627396047,1.869841
2026-06-23T04:56:06,ul,ue5,3476454,1935738.027824056,1.935738
2026-06-23T04:56:06,ul,ue9,3477068,1894552.017538601,1.894552
2026-06-23T04:56:06,ul,ue13,3477708,1853366.0072531463,1.853366
2026-06-23T04:56:11,ul,cu_cp,3475611,366199.2188013658,0.366199
2026-06-23T04:56:11,ul,cu_up,3475619,588790.8981103391,0.588791
2026-06-23T04:56:11,ul,du1,3475775,4078454.342519474,4.078454
2026-06-23T04:56:11,ul,du2,3476392,4143077.4315047027,4.143077
2026-06-23T04:56:11,ul,du3,3477006,4143077.4315047027,4.143077
2026-06-23T04:56:11,ul,du4,3477648,4135897.0269131423,4.135897
2026-06-23T04:56:11,ul,ue1,3475817,1945882.3258235634,1.945882
2026-06-23T04:56:11,ul,ue5,3476454,1996144.8817950785,1.996145
2026-06-23T04:56:11,ul,ue9,3477068,1974603.6680203974,1.974604
2026-06-23T04:56:11,ul,ue13,3477708,1888439.227175784,1.888439
2026-06-23T04:56:16,ul,cu_cp,3475611,343394.2405238083,0.343394
2026-06-23T04:56:16,ul,cu_up,3475619,570279.7022161478,0.570280
2026-06-23T04:56:16,ul,du1,3475775,4016486.2320012404,4.016486
2026-06-23T04:56:16,ul,du2,3476392,4004221.8378774836,4.004222
2026-06-23T04:56:16,ul,du3,3477006,4028750.3565482497,4.028750
2026-06-23T04:56:16,ul,du4,3477648,4016486.2320012404,4.016486
2026-06-23T04:56:16,ul,ue1,3475817,1894800.3683059036,1.894800
2026-06-23T04:56:16,ul,ue5,3476454,1882536.1089705206,1.882536
2026-06-23T04:56:16,ul,ue9,3477068,1900932.4305794083,1.900932
2026-06-23T04:56:16,ul,ue13,3477708,1827347.8180857254,1.827348
2026-06-23T04:56:22,ul,cu_cp,3475611,350650.75858112215,0.350651
2026-06-23T04:56:22,ul,cu_up,3475619,606625.7837249839,0.606626
2026-06-23T04:56:22,ul,du1,3475775,4046509.6749794483,4.046510
2026-06-23T04:56:22,ul,du2,3476392,4043003.2723349477,4.043003
2026-06-23T04:56:22,ul,du3,3477006,4074561.986434784,4.074562
2026-06-23T04:56:22,ul,du4,3477648,4035989.921896281,4.035990
2026-06-23T04:56:22,ul,ue1,3475817,1911046.6819677115,1.911047
2026-06-23T04:56:22,ul,ue5,3476454,1967150.6234413015,1.967151
2026-06-23T04:56:22,ul,ue9,3477068,1904033.6041038774,1.904034
2026-06-23T04:56:22,ul,ue13,3477708,1865461.9484276236,1.865462
2026-06-23T04:56:27,ul,cu_cp,3475611,360132.4746523321,0.360132
2026-06-23T04:56:27,ul,cu_up,3475619,587400.4942032826,0.587400
2026-06-23T04:56:27,ul,du1,3475775,4062853.3898435165,4.062853
2026-06-23T04:56:27,ul,du2,3476392,4066350.032702923,4.066350
2026-06-23T04:56:27,ul,du3,3477006,4052364.279065919,4.052364
2026-06-23T04:56:27,ul,du4,3477648,4031385.784910517,4.031386
2026-06-23T04:56:27,ul,ue1,3475817,1944015.9391406393,1.944016
2026-06-23T04:56:27,ul,ue5,3476454,1961498.199336946,1.961498
2026-06-23T04:56:27,ul,ue9,3477068,1891569.7037521338,1.891570
2026-06-23T04:56:27,ul,ue13,3477708,1877583.8138150263,1.877584
2026-06-23T04:56:32,ul,cu_cp,3475611,377542.6212473229,0.377543
2026-06-23T04:56:32,ul,cu_up,3475619,599834.0557000727,0.599834
2026-06-23T04:56:32,ul,du1,3475775,4103570.7257023216,4.103571
2026-06-23T04:56:32,ul,du2,3476392,4145911.970980668,4.145912
2026-06-23T04:56:32,ul,du3,3477006,4131798.314339948,4.131798
2026-06-23T04:56:32,ul,du4,3477648,4107099.415218687,4.107099
2026-06-23T04:56:32,ul,ue1,3475817,1954753.2850557447,1.954753
2026-06-23T04:56:32,ul,ue5,3476454,1933582.800094664,1.933583
2026-06-23T04:56:32,ul,ue9,3477068,1926525.8340962112,1.926526
2026-06-23T04:56:32,ul,ue13,3477708,1912412.177455491,1.912412
2026-06-23T04:56:38,ul,cu_cp,3475611,370162.2439136654,0.370162
2026-06-23T04:56:38,ul,cu_up,3475619,593656.4179652488,0.593656
2026-06-23T04:56:38,ul,du1,3475775,4040355.923135147,4.040356
2026-06-23T04:56:38,ul,du2,3476392,4064800.1689135693,4.064800
2026-06-23T04:56:38,ul,du3,3477006,4057816.371869221,4.057816
2026-06-23T04:56:38,ul,du4,3477648,4082261.164003758,4.082261
2026-06-23T04:56:38,ul,ue1,3475817,1948590.0124866485,1.948590
2026-06-23T04:56:38,ul,ue5,3476454,1969542.4963319255,1.969542
2026-06-23T04:56:38,ul,ue9,3477068,1920653.0486518787,1.920653
2026-06-23T04:56:38,ul,ue13,3477708,1903192.736506834,1.903193
2026-06-23T04:56:43,ul,cu_cp,3475611,371759.41165475844,0.371759
2026-06-23T04:56:43,ul,cu_up,3475619,596217.9139695406,0.596218
2026-06-23T04:56:43,ul,du1,3475775,4106889.49486084,4.106889
2026-06-23T04:56:43,ul,du2,3476392,4064803.5600686194,4.064804
2026-06-23T04:56:43,ul,du3,3477006,4047267.593410122,4.047268
2026-06-23T04:56:43,ul,du4,3477648,4096367.8048119782,4.096368
2026-06-23T04:56:43,ul,ue1,3475817,1918418.9597245096,1.918419
2026-06-23T04:56:43,ul,ue5,3476454,1946476.2037302554,1.946476
2026-06-23T04:56:43,ul,ue9,3477068,1918418.9597245096,1.918419
2026-06-23T04:56:43,ul,ue13,3477708,1872825.7490602671,1.872826
2026-06-23T04:56:49,ul,cu_cp,3475611,372238.3039226595,0.372238
2026-06-23T04:56:49,ul,cu_up,3475619,597837.2230652064,0.597837
2026-06-23T04:56:49,ul,du1,3475775,4087101.4511028,4.087101
2026-06-23T04:56:49,ul,du2,3476392,4109660.9559922456,4.109661
2026-06-23T04:56:49,ul,du3,3477006,4109660.9559922456,4.109661
2026-06-23T04:56:49,ul,du4,3477648,4068301.224361911,4.068301
2026-06-23T04:56:49,ul,ue1,3475817,1951431.1489202857,1.951431
2026-06-23T04:56:49,ul,ue5,3476454,1962710.9013650084,1.962711
2026-06-23T04:56:49,ul,ue9,3477068,1932631.0591793286,1.932631
2026-06-23T04:56:49,ul,ue13,3477708,1857431.3852151632,1.857431
2026-06-23T04:56:54,ul,cu_cp,3475611,375155.76089411497,0.375156
2026-06-23T04:56:54,ul,cu_up,3475619,602522.8554016852,0.602523
2026-06-23T04:56:54,ul,du1,3475775,4092608.250702505,4.092608
2026-06-23T04:56:54,ul,du2,3476392,4126712.9576605842,4.126713
2026-06-23T04:56:54,ul,du3,3477006,4103976.5779495714,4.103977
2026-06-23T04:56:54,ul,du4,3477648,4088818.716692443,4.088819
2026-06-23T04:56:54,ul,ue1,3475817,1940199.3713344717,1.940199
2026-06-23T04:56:54,ul,ue5,3476454,1962936.1632201648,1.962936
2026-06-23T04:56:54,ul,ue9,3477068,1951567.8359730982,1.951568
2026-06-23T04:56:54,ul,ue13,3477708,1898515.4589647078,1.898515
2026-06-23T04:56:59,ul,cu_cp,3475611,358536.4777867281,0.358536
2026-06-23T04:56:59,ul,cu_up,3475619,584980.5636134339,0.584981
2026-06-23T04:56:59,ul,du1,3475775,4034479.2118824576,4.034479
2026-06-23T04:56:59,ul,du2,3476392,4083541.910512695,4.083542
2026-06-23T04:56:59,ul,du3,3477006,4030704.9263331317,4.030705
2026-06-23T04:56:59,ul,du4,3477648,4053349.543806906,4.053350
2026-06-23T04:56:59,ul,ue1,3475817,1905904.4832136584,1.905904
2026-06-23T04:56:59,ul,ue5,3476454,1887034.288266983,1.887034
2026-06-23T04:56:59,ul,ue9,3477068,1917226.7919505453,1.917227
2026-06-23T04:56:59,ul,ue13,3477708,1898356.3230483246,1.898356
2026-06-23T04:57:05,ul,cu_cp,3475611,361739.59765016555,0.361740
2026-06-23T04:57:05,ul,cu_up,3475619,576522.4848210525,0.576522
2026-06-23T04:57:05,ul,du1,3475775,4028121.2694007875,4.028121
2026-06-23T04:57:05,ul,du2,3476392,4062034.5453804014,4.062035
2026-06-23T04:57:05,ul,du3,3477006,4058266.039709015,4.058266
2026-06-23T04:57:05,ul,du4,3477648,4065802.5052079773,4.065803
2026-06-23T04:57:05,ul,ue1,3475817,1914205.3325191499,1.914205
2026-06-23T04:57:05,ul,ue5,3476454,1929277.8541342162,1.929278
2026-06-23T04:57:05,ul,ue9,3477068,1861451.711557846,1.861452
2026-06-23T04:57:05,ul,ue13,3477708,1853915.3825198365,1.853915
2026-06-23T04:57:10,ul,cu_cp,3475611,360989.948675344,0.360990
2026-06-23T04:57:10,ul,cu_up,3475619,592783.5316874171,0.592784
2026-06-23T04:57:10,ul,du1,3475775,4069686.8286296655,4.069687
2026-06-23T04:57:10,ul,du2,3476392,4187483.4460098837,4.187483
2026-06-23T04:57:10,ul,du3,3477006,4138085.0424886895,4.138085
2026-06-23T04:57:10,ul,du4,3477648,4119085.7838294413,4.119086
2026-06-23T04:57:10,ul,ue1,3475817,1953145.6090586185,1.953146
2026-06-23T04:57:10,ul,ue5,3476454,1972145.1435571576,1.972145
2026-06-23T04:57:10,ul,ue9,3477068,1941746.1366148568,1.941746
2026-06-23T04:57:10,ul,ue13,3477708,1922746.6021163177,1.922747
2026-06-23T04:57:15,ul,cu_cp,3475611,367358.8953958154,0.367359
2026-06-23T04:57:15,ul,cu_up,3475619,590803.9945970178,0.590804
2026-06-23T04:57:15,ul,du1,3475775,4048522.1513450146,4.048522
2026-06-23T04:57:15,ul,du2,3476392,4082607.0248959064,4.082607
2026-06-23T04:57:15,ul,du3,3477006,4075032.517068386,4.075033
2026-06-23T04:57:15,ul,du4,3477648,4052309.5424830914,4.052310
2026-06-23T04:57:15,ul,ue1,3475817,1901177.0387792587,1.901177
2026-06-23T04:57:15,ul,ue5,3476454,1942836.2829333544,1.942836
2026-06-23T04:57:15,ul,ue9,3477068,1931474.6584163904,1.931475
2026-06-23T04:57:15,ul,ue13,3477708,1878453.7897453308,1.878454
2026-06-23T04:57:21,ul,cu_cp,3475611,369153.4158296451,0.369153
2026-06-23T04:57:21,ul,cu_up,3475619,612459.0879048854,0.612459
2026-06-23T04:57:21,ul,du1,3475775,4127806.2683449388,4.127806
2026-06-23T04:57:21,ul,du2,3476392,4077467.4440436387,4.077467
2026-06-23T04:57:21,ul,du3,3477006,4127806.2683449388,4.127806
2026-06-23T04:57:21,ul,du4,3477648,4077467.4440436387,4.077467
2026-06-23T04:57:21,ul,ue1,3475817,1954835.0895853185,1.954835
2026-06-23T04:57:21,ul,ue5,3476454,1904495.9920835567,1.904496
2026-06-23T04:57:21,ul,ue9,3477068,1929665.6774346686,1.929666
2026-06-23T04:57:21,ul,ue13,3477708,1954835.0895853185,1.954835
2026-06-23T04:57:26,ul,cu_cp,3475611,379623.1940600431,0.379623
2026-06-23T04:57:26,ul,cu_up,3475619,598636.6203640652,0.598637
2026-06-23T04:57:26,ul,du1,3475775,4146653.339886589,4.146653
2026-06-23T04:57:26,ul,du2,3476392,4168554.8412175225,4.168555
2026-06-23T04:57:26,ul,du3,3477006,4205056.791433897,4.205057
2026-06-23T04:57:26,ul,du4,3477648,4095550.66478385,4.095551
2026-06-23T04:57:26,ul,ue1,3475817,2036824.443725996,2.036824
2026-06-23T04:57:26,ul,ue5,3476454,2044124.9441696405,2.044125
2026-06-23T04:57:26,ul,ue9,3477068,1993021.855065515,1.993022
2026-06-23T04:57:26,ul,ue13,3477708,1934618.4035182071,1.934618
2026-06-23T04:57:31,ul,cu_cp,3475611,367617.52635994076,0.367618
2026-06-23T04:57:31,ul,cu_up,3475619,576779.1856648672,0.576779
2026-06-23T04:57:31,ul,du1,3475775,4100836.7976510143,4.100837
2026-06-23T04:57:31,ul,du2,3476392,4107174.875661006,4.107175
2026-06-23T04:57:31,ul,du3,3477006,4170557.0300785447,4.170557
2026-06-23T04:57:31,ul,du4,3477648,4100836.7976510143,4.100837
2026-06-23T04:57:31,ul,ue1,3475817,1964852.2842141867,1.964852
2026-06-23T04:57:31,ul,ue5,3476454,1907808.2078066396,1.907808
2026-06-23T04:57:31,ul,ue9,3477068,1996543.361422956,1.996543
2026-06-23T04:57:31,ul,ue13,3477708,1888793.4240496159,1.888793
2026-06-23T04:57:37,ul,cu_cp,3475611,375305.147371105,0.375305
2026-06-23T04:57:37,ul,cu_up,3475619,602762.8250751937,0.602763
2026-06-23T04:57:37,ul,du1,3475775,4128356.8294885685,4.128357
2026-06-23T04:57:37,ul,du2,3476392,4202280.529587674,4.202281
2026-06-23T04:57:37,ul,du3,3477006,4225026.283464322,4.225026
2026-06-23T04:57:37,ul,du4,3477648,4162475.7381787584,4.162476
2026-06-23T04:57:37,ul,ue1,3475817,2024373.3454601502,2.024373
2026-06-23T04:57:37,ul,ue5,3476454,1995941.2920519495,1.995941
2026-06-23T04:57:37,ul,ue9,3477068,2030059.7839293121,2.030060
2026-06-23T04:57:37,ul,ue13,3477708,1939076.6294851112,1.939077
2026-06-23T04:57:42,ul,cu_cp,3475611,376354.6281416297,0.376355
2026-06-23T04:57:42,ul,cu_up,3475619,603587.6424814629,0.603588
2026-06-23T04:57:42,ul,du1,3475775,4100845.347578826,4.100845
2026-06-23T04:57:42,ul,du2,3476392,4129249.543516264,4.129250
2026-06-23T04:57:42,ul,du3,3477006,4168305.3820752,4.168305
2026-06-23T04:57:42,ul,du4,3477648,4154103.0075266454,4.154103
2026-06-23T04:57:42,ul,ue1,3475817,2023793.8438155032,2.023794
2026-06-23T04:57:42,ul,ue5,3476454,2041546.397131443,2.041546
2026-06-23T04:57:42,ul,ue9,3477068,1981187.549909346,1.981188
2026-06-23T04:57:42,ul,ue13,3477708,1903076.287661227,1.903076
2026-06-23T04:57:47,ul,cu_cp,3475611,378142.8164597511,0.378143
2026-06-23T04:57:47,ul,cu_up,3475619,590185.5121380806,0.590186
2026-06-23T04:57:47,ul,du1,3475775,4095958.4336055755,4.095958
2026-06-23T04:57:47,ul,du2,3476392,4106560.0321357725,4.106560
2026-06-23T04:57:47,ul,du3,3477006,4156036.7252944945,4.156037
2026-06-23T04:57:47,ul,du4,3477648,4057083.8889808655,4.057084
2026-06-23T04:57:47,ul,ue1,3475817,1975531.2018203735,1.975531
2026-06-23T04:57:47,ul,ue5,3476454,1954326.90475235,1.954327
2026-06-23T04:57:47,ul,ue9,3477068,1911918.3106163025,1.911918
2026-06-23T04:57:47,ul,ue13,3477708,1855373.6559358598,1.855374
2026-06-23T04:57:53,ul,cu_cp,3475611,353573.3820941782,0.353573
2026-06-23T04:57:53,ul,cu_up,3475619,597538.9957400465,0.597539
2026-06-23T04:57:53,ul,du1,3475775,4090844.00531353,4.090844
2026-06-23T04:57:53,ul,du2,3476392,4108522.3951202584,4.108522
2026-06-23T04:57:53,ul,du3,3477006,4108522.3951202584,4.108522
2026-06-23T04:57:53,ul,du4,3477648,4101451.2598774526,4.101451
2026-06-23T04:57:53,ul,ue1,3475817,2008296.8875328922,2.008297
2026-06-23T04:57:53,ul,ue5,3476454,2022439.8476431465,2.022440
2026-06-23T04:57:53,ul,ue9,3477068,1980010.829387455,1.980011
2026-06-23T04:57:53,ul,ue13,3477708,1909296.3046860409,1.909296
2026-06-23T04:57:58,ul,cu_cp,3475611,361038.6101828337,0.361039
2026-06-23T04:57:58,ul,cu_up,3475619,601730.9940530396,0.601731
2026-06-23T04:57:58,ul,du1,3475775,4059914.454878597,4.059914
2026-06-23T04:57:58,ul,du2,3476392,4190879.3485778426,4.190879
2026-06-23T04:57:58,ul,du3,3477006,4144864.6190321352,4.144865
2026-06-23T04:57:58,ul,du4,3477648,4070533.2597753145,4.070533
2026-06-23T04:57:58,ul,ue1,3475817,2006949.8626664449,2.006950
2026-06-23T04:57:58,ul,ue5,3476454,1985712.2528730107,1.985712
2026-06-23T04:57:58,ul,ue9,3477068,1968014.2905485153,1.968014
2026-06-23T04:57:58,ul,ue13,3477708,1907841.1086371518,1.907841
2026-06-23T04:58:09,ul,cu_cp,3475611,357458.93346291035,0.357459
2026-06-23T04:58:09,ul,cu_up,3475619,616046.3093991578,0.616046
2026-06-23T04:58:09,ul,du1,3475775,4065144.616753578,4.065145
2026-06-23T04:58:09,ul,du2,3476392,4110777.99346447,4.110778
2026-06-23T04:58:09,ul,du3,3477006,4110777.99346447,4.110778
2026-06-23T04:58:09,ul,du4,3477648,4125989.119034767,4.125989
2026-06-23T04:58:09,ul,ue1,3475817,2023065.4928372204,2.023065
2026-06-23T04:58:09,ul,ue5,3476454,2030671.055622369,2.030671
2026-06-23T04:58:09,ul,ue9,3477068,1950813.0602039099,1.950813
2026-06-23T04:58:09,ul,ue13,3477708,1882363.5469050407,1.882364
2026-06-23T04:58:14,ul,cu_cp,3475611,367970.1909139833,0.367970
2026-06-23T04:58:14,ul,cu_up,3475619,593258.0483334947,0.593258
2026-06-23T04:58:14,ul,du1,3475775,4043917.552282362,4.043918
2026-06-23T04:58:14,ul,du2,3476392,4055181.637512188,4.055182
2026-06-23T04:58:14,ul,du3,3477006,4058936.6951861,4.058937
2026-06-23T04:58:14,ul,du4,3477648,4051427.123734231,4.051427
2026-06-23T04:58:14,ul,ue1,3475817,1952494.9682634152,1.952495
2026-06-23T04:58:14,ul,ue5,3476454,1956249.7539893496,1.956250
2026-06-23T04:58:14,ul,ue9,3477068,1929966.1179338193,1.929966
2026-06-23T04:58:14,ul,ue13,3477708,1854869.995493163,1.854870
2026-06-23T04:58:19,ul,cu_cp,3475611,383003.2262803173,0.383003
2026-06-23T04:58:19,ul,cu_up,3475619,608299.2637475014,0.608299
2026-06-23T04:58:19,ul,du1,3475775,4062838.3235102845,4.062838
2026-06-23T04:58:19,ul,du2,3476392,4040308.6279294584,4.040309
2026-06-23T04:58:19,ul,du3,3477006,4066593.318123932,4.066593
2026-06-23T04:58:19,ul,du4,3477648,4040308.6279294584,4.040309
2026-06-23T04:58:19,ul,ue1,3475817,1918771.2280531311,1.918771
2026-06-23T04:58:19,ul,ue5,3476454,1907506.3802627183,1.907506
2026-06-23T04:58:19,ul,ue9,3477068,1888731.6792955399,1.888732
2026-06-23T04:58:19,ul,ue13,3477708,1862447.125151596,1.862447
2026-06-23T04:58:25,ul,cu_cp,3475611,377486.74455413816,0.377487
2026-06-23T04:58:25,ul,cu_up,3475619,615303.4250892639,0.615303
2026-06-23T04:58:25,ul,du1,3475775,4099506.1908752443,4.099506
2026-06-23T04:58:25,ul,du2,3476392,4088181.433944702,4.088181
2026-06-23T04:58:25,ul,du3,3477006,4114605.5019592284,4.114606
2026-06-23T04:58:25,ul,du4,3477648,4095731.0894866944,4.095731
2026-06-23T04:58:25,ul,ue1,3475817,1974255.5823562623,1.974256
2026-06-23T04:58:25,ul,ue5,3476454,1978030.4101272584,1.978030
2026-06-23T04:58:25,ul,ue9,3477068,1936507.0310287476,1.936507
2026-06-23T04:58:25,ul,ue13,3477708,1925182.2740982056,1.925182
2026-06-23T04:58:30,ul,cu_cp,3475611,377725.8713574845,0.377726
2026-06-23T04:58:30,ul,cu_up,3475619,611915.9314378643,0.611916
2026-06-23T04:58:30,ul,du1,3475775,4068107.5637163306,4.068108
2026-06-23T04:58:30,ul,du2,3476392,4094548.6356933927,4.094549
2026-06-23T04:58:30,ul,du3,3477006,4105880.2500457764,4.105880
2026-06-23T04:58:30,ul,du4,3477648,4086994.0436999463,4.086994
2026-06-23T04:58:30,ul,ue1,3475817,1983060.6963590812,1.983061
2026-06-23T04:58:30,ul,ue5,3476454,1979283.4003623582,1.979283
2026-06-23T04:58:30,ul,ue9,3477068,1930179.0996805287,1.930179
2026-06-23T04:58:30,ul,ue13,3477708,1888629.3909921455,1.888629
2026-06-23T04:58:35,ul,cu_cp,3475611,359255.2133124286,0.359255
2026-06-23T04:58:35,ul,cu_up,3475619,593716.520529278,0.593717
2026-06-23T04:58:35,ul,du1,3475775,4076601.526883755,4.076602
2026-06-23T04:58:35,ul,du2,3476392,4038785.1958601163,4.038785
2026-06-23T04:58:35,ul,du3,3477006,4076601.526883755,4.076602
2026-06-23T04:58:35,ul,du4,3477648,4114418.132258854,4.114418
2026-06-23T04:58:35,ul,ue1,3475817,1981576.26690642,1.981576
2026-06-23T04:58:35,ul,ue5,3476454,1966449.6247563802,1.966450
2026-06-23T04:58:35,ul,ue9,3477068,1921069.9726577222,1.921070
2026-06-23T04:58:35,ul,ue13,3477708,1883253.641634084,1.883254
2026-06-23T04:58:41,ul,cu_cp,3475611,371057.6908860141,0.371058
2026-06-23T04:58:41,ul,cu_up,3475619,598752.1651575017,0.598752
2026-06-23T04:58:41,ul,du1,3475775,4115366.986621046,4.115367
2026-06-23T04:58:41,ul,du2,3476392,4174399.1847889805,4.174399
2026-06-23T04:58:41,ul,du3,3477006,4165966.130786395,4.165966
2026-06-23T04:58:41,ul,du4,3477648,4073201.4432248403,4.073201
2026-06-23T04:58:41,ul,ue1,3475817,1931186.5897386265,1.931187
2026-06-23T04:58:41,ul,ue5,3476454,1931186.5897386265,1.931187
2026-06-23T04:58:41,ul,ue9,3477068,1905887.2910392308,1.905887
2026-06-23T04:58:41,ul,ue13,3477708,1897453.9636533665,1.897454
2026-06-23T04:58:46,ul,cu_cp,3475611,378857.52705186844,0.378858
2026-06-23T04:58:46,ul,cu_up,3475619,597429.1344597912,0.597429
2026-06-23T04:58:46,ul,du1,3475775,4138289.9536885642,4.138290
2026-06-23T04:58:46,ul,du2,3476392,4189289.9304820444,4.189290
2026-06-23T04:58:46,ul,du3,3477006,4174718.50854105,4.174719
2026-06-23T04:58:46,ul,du4,3477648,4138289.9536885642,4.138290
2026-06-23T04:58:46,ul,ue1,3475817,1989002.1561688138,1.989002
2026-06-23T04:58:46,ul,ue5,3476454,2076430.6878147793,2.076431
2026-06-23T04:58:46,ul,ue9,3477068,1967144.7449643135,1.967145
2026-06-23T04:58:46,ul,ue13,3477708,1930716.1901118278,1.930716
2026-06-23T04:58:51,ul,cu_cp,3475611,353212.21845487476,0.353212
2026-06-23T04:58:51,ul,cu_up,3475619,613473.8945463038,0.613474
2026-06-23T04:58:51,ul,du1,3475775,4058842.061541996,4.058842
2026-06-23T04:58:51,ul,du2,3476392,4058842.061541996,4.058842
2026-06-23T04:58:51,ul,du3,3477006,4108415.6293623447,4.108416
2026-06-23T04:58:51,ul,du4,3477648,4083628.982385893,4.083629
2026-06-23T04:58:51,ul,ue1,3475817,1982945.7253558445,1.982946
2026-06-23T04:58:51,ul,ue5,3476454,1939568.8192796088,1.939569
2026-06-23T04:58:51,ul,ue9,3477068,1964355.7401235057,1.964356
2026-06-23T04:58:51,ul,ue13,3477708,1877601.7910373115,1.877602
2026-06-23T04:58:57,ul,cu_cp,3475611,364270.34449045657,0.364270
2026-06-23T04:58:57,ul,cu_up,3475619,604759.4693108988,0.604759
2026-06-23T04:58:57,ul,du1,3475775,4105998.751404705,4.105999
2026-06-23T04:58:57,ul,du2,3476392,4060022.961975479,4.060023
2026-06-23T04:58:57,ul,du3,3477006,4038803.1556800078,4.038803
2026-06-23T04:58:57,ul,du4,3477648,4105998.751404705,4.105999
2026-06-23T04:58:57,ul,ue1,3475817,2054767.4641214942,2.054767
2026-06-23T04:58:57,ul,ue5,3476454,2012328.2633204174,2.012328
2026-06-23T04:58:57,ul,ue9,3477068,1959279.2966348934,1.959279
2026-06-23T04:58:57,ul,ue13,3477708,1874400.7577694512,1.874401
2026-06-23T04:59:02,ul,cu_cp,3475611,352267.0914816782,0.352267
2026-06-23T04:59:02,ul,cu_up,3475619,599900.400193572,0.599900
2026-06-23T04:59:02,ul,du1,3475775,4052815.710887945,4.052816
2026-06-23T04:59:02,ul,du2,3476392,4073742.398971689,4.073742
2026-06-23T04:59:02,ul,du3,3477006,4133034.8644628646,4.133035
2026-06-23T04:59:02,ul,du4,3477648,4077229.9977317452,4.077230
2026-06-23T04:59:02,ul,ue1,3475817,1946188.564928627,1.946189
2026-06-23T04:59:02,ul,ue5,3476454,1886896.0994374515,1.886896
2026-06-23T04:59:02,ul,ue9,3477068,1918286.2685034932,1.918286
2026-06-23T04:59:02,ul,ue13,3477708,1876432.7553955794,1.876433
2026-06-23T04:59:08,ul,cu_cp,3475611,367275.38256220403,0.367275
2026-06-23T04:59:08,ul,cu_up,3475619,600353.96358958,0.600354
2026-06-23T04:59:08,ul,du1,3475775,4093001.792874341,4.093002
2026-06-23T04:59:08,ul,du2,3476392,4110659.217851019,4.110659
2026-06-23T04:59:08,ul,du3,3477006,4128316.3674854185,4.128316
2026-06-23T04:59:08,ul,du4,3477648,4093001.792874341,4.093002
2026-06-23T04:59:08,ul,ue1,3475817,2012951.678844571,2.012952
2026-06-23T04:59:08,ul,ue5,3476454,1981168.0936127282,1.981168
2026-06-23T04:59:08,ul,ue9,3477068,1938790.4388740682,1.938790
2026-06-23T04:59:08,ul,ue13,3477708,1910538.3937060165,1.910538
2026-06-23T04:59:13,ul,cu_cp,3475611,365552.8618802905,0.365553
2026-06-23T04:59:13,ul,cu_up,3475619,601053.2619621563,0.601053
2026-06-23T04:59:13,ul,du1,3475775,4080835.3627811335,4.080835
2026-06-23T04:59:13,ul,du2,3476392,4052715.985887108,4.052716
2026-06-23T04:59:13,ul,du3,3477006,4133559.4006555653,4.133559
2026-06-23T04:59:13,ul,du4,3477648,4115984.446433244,4.115984
2026-06-23T04:59:13,ul,ue1,3475817,1989451.1389383674,1.989451
2026-06-23T04:59:13,ul,ue5,3476454,1975391.4504913546,1.975391
2026-06-23T04:59:13,ul,ue9,3477068,1961331.7620443415,1.961332
2026-06-23T04:59:13,ul,ue13,3477708,1926182.4034613871,1.926182
2026-06-23T04:59:18,ul,cu_cp,3475611,360509.4099789348,0.360509
2026-06-23T04:59:18,ul,cu_up,3475619,597314.65883722,0.597315
2026-06-23T04:59:18,ul,du1,3475775,4039826.1232997775,4.039826
2026-06-23T04:59:18,ul,du2,3476392,4057498.519480541,4.057499
2026-06-23T04:59:18,ul,du3,3477006,4121117.440963173,4.121117
2026-06-23T04:59:18,ul,du4,3477648,4032757.3847975517,4.032757
2026-06-23T04:59:18,ul,ue1,3475817,2004008.262538581,2.004008
2026-06-23T04:59:18,ul,ue5,3476454,1950992.1738466884,1.950992
2026-06-23T04:59:18,ul,ue9,3477068,1936854.559360937,1.936855
2026-06-23T04:59:18,ul,ue13,3477708,1834356.7512282645,1.834357
2026-06-23T04:59:24,ul,cu_cp,3475611,371180.2388075638,0.371180
2026-06-23T04:59:24,ul,cu_up,3475619,606008.5166088486,0.606009
2026-06-23T04:59:24,ul,du1,3475775,4109495.2747774506,4.109495
2026-06-23T04:59:24,ul,du2,3476392,4105707.930758972,4.105708
2026-06-23T04:59:24,ul,du3,3477006,4136008.060423355,4.136008
2026-06-23T04:59:24,ul,du4,3477648,4101920.0357338716,4.101920
2026-06-23T04:59:24,ul,ue1,3475817,1965740.2316465378,1.965740
2026-06-23T04:59:24,ul,ue5,3476454,1935439.8264788436,1.935440
2026-06-23T04:59:24,ul,ue9,3477068,1927864.5874352646,1.927865
2026-06-23T04:59:24,ul,ue13,3477708,1935439.8264788436,1.935440
2026-06-23T04:59:29,ul,cu_cp,3475611,366504.4399073231,0.366504
2026-06-23T04:59:29,ul,cu_up,3475619,612100.171856041,0.612100
2026-06-23T04:59:29,ul,du1,3475775,4088224.6720638466,4.088225
2026-06-23T04:59:29,ul,du2,3476392,4061775.8452497865,4.061776
2026-06-23T04:59:29,ul,du3,3477006,4084446.424320507,4.084446
2026-06-23T04:59:29,ul,du4,3477648,4073111.4079378177,4.073111
2026-06-23T04:59:29,ul,ue1,3475817,1976101.2817014384,1.976101
2026-06-23T04:59:29,ul,ue5,3476454,1904311.8430512785,1.904312
2026-06-23T04:59:29,ul,ue9,3477068,1892976.5535159183,1.892977
2026-06-23T04:59:29,ul,ue13,3477708,1926982.1489693285,1.926982
2026-06-23T04:59:34,ul,cu_cp,3475611,366765.0530384561,0.366765
2026-06-23T04:59:34,ul,cu_up,3475619,601192.1886822134,0.601192
2026-06-23T04:59:34,ul,du1,3475775,4076007.4719226025,4.076007
2026-06-23T04:59:34,ul,du2,3476392,4026853.1259016516,4.026853
2026-06-23T04:59:34,ul,du3,3477006,4083569.278296797,4.083569
2026-06-23T04:59:34,ul,du4,3477648,4041977.561151731,4.041978
2026-06-23T04:59:34,ul,ue1,3475817,1981287.4464825403,1.981287
2026-06-23T04:59:34,ul,ue5,3476454,1905665.6814829875,1.905666
2026-06-23T04:59:34,ul,ue9,3477068,1939695.455170244,1.939695
2026-06-23T04:59:34,ul,ue13,3477708,1871636.044879346,1.871636
2026-06-23T04:59:40,ul,cu_cp,3475611,358677.67430929065,0.358678
2026-06-23T04:59:40,ul,cu_up,3475619,604088.7685470856,0.604089
2026-06-23T04:59:40,ul,du1,3475775,4081374.4091077424,4.081374
2026-06-23T04:59:40,ul,du2,3476392,4039843.473177819,4.039843
2026-06-23T04:59:40,ul,du3,3477006,4073823.45402925,4.073823
2026-06-23T04:59:40,ul,du4,3477648,4070047.839890361,4.070048
2026-06-23T04:59:40,ul,ue1,3475817,2004819.5532326389,2.004820
2026-06-23T04:59:40,ul,ue5,3476454,1970839.572381208,1.970840
2026-06-23T04:59:40,ul,ue9,3477068,1872675.2439658046,1.872675
2026-06-23T04:59:40,ul,ue13,3477708,1838695.2631143737,1.838695
2026-06-23T04:59:45,ul,cu_cp,3475611,369194.3676453227,0.369194
2026-06-23T04:59:45,ul,cu_up,3475619,614068.1627646518,0.614068
2026-06-23T04:59:45,ul,du1,3475775,4061137.975986421,4.061138
2026-06-23T04:59:45,ul,du2,3476392,4076206.8308200263,4.076207
2026-06-23T04:59:45,ul,du3,3477006,4034767.1394669698,4.034767
2026-06-23T04:59:45,ul,du4,3477648,4079974.248864813,4.079974
2026-06-23T04:59:45,ul,ue1,3475817,1985361.4699225975,1.985361
2026-06-23T04:59:45,ul,ue5,3476454,1970292.3426404786,1.970292
2026-06-23T04:59:45,ul,ue9,3477068,1864808.3154413903,1.864808
2026-06-23T04:59:45,ul,ue13,3477708,1891179.2881850982,1.891179
2026-06-23T04:59:50,ul,cu_cp,3475611,365268.4498507392,0.365268
2026-06-23T04:59:50,ul,cu_up,3475619,570731.9658208507,0.570732
2026-06-23T04:59:50,ul,du1,3475775,4105465.242188816,4.105465
2026-06-23T04:59:50,ul,du2,3476392,4113074.844975295,4.113075
2026-06-23T04:59:50,ul,du3,3477006,4151123.6863682126,4.151124
2026-06-23T04:59:50,ul,du4,3477648,4132098.9898515795,4.132099
2026-06-23T04:59:50,ul,ue1,3475817,2024195.9900497198,2.024196
2026-06-23T04:59:50,ul,ue5,3476454,1989952.0879601287,1.989952
2026-06-23T04:59:50,ul,ue9,3477068,1948098.3072638845,1.948098
2026-06-23T04:59:50,ul,ue13,3477708,1887220.2437812686,1.887220
2026-06-23T04:59:56,ul,cu_cp,3475611,369427.90260314045,0.369428
2026-06-23T04:59:56,ul,cu_up,3475619,609985.6356332392,0.609986
2026-06-23T04:59:56,ul,du1,3475775,4149620.4443169236,4.149620
2026-06-23T04:59:56,ul,du2,3476392,4080889.7426515818,4.080890
2026-06-23T04:59:56,ul,du3,3477006,4089480.768508172,4.089481
2026-06-23T04:59:56,ul,du4,3477648,4106663.9290269613,4.106664
2026-06-23T04:59:56,ul,ue1,3475817,1967418.3795307516,1.967418
2026-06-23T04:59:56,ul,ue5,3476454,1933052.8900973797,1.933053
2026-06-23T04:59:56,ul,ue9,3477068,1984601.1242474378,1.984601
2026-06-23T04:59:56,ul,ue13,3477708,1933052.8900973797,1.933053
2026-06-23T05:00:01,ul,cu_cp,3475611,363617.7026000619,0.363618
2026-06-23T05:00:01,ul,cu_up,3475619,567243.6160560965,0.567244
2026-06-23T05:00:01,ul,du1,3475775,4072517.9952741624,4.072518
2026-06-23T05:00:01,ul,du2,3476392,4079790.5375956534,4.079791
2026-06-23T05:00:01,ul,du3,3477006,4065245.726799202,4.065246
2026-06-23T05:00:01,ul,du4,3477648,4072517.9952741624,4.072518
2026-06-23T05:00:01,ul,ue1,3475817,1927173.7382032871,1.927174
2026-06-23T05:00:01,ul,ue5,3476454,1927173.7382032871,1.927174
2026-06-23T05:00:01,ul,ue9,3477068,1948990.817474699,1.948991
2026-06-23T05:00:01,ul,ue13,3477708,1905356.7958551408,1.905357
2026-06-23T05:00:06,ul,cu_cp,3475611,374126.1605434671,0.374126
2026-06-23T05:00:06,ul,cu_up,3475619,593441.4888820029,0.593441
2026-06-23T05:00:06,ul,du1,3475775,4076684.902360852,4.076685
2026-06-23T05:00:06,ul,du2,3476392,4147639.893049121,4.147640
2026-06-23T05:00:06,ul,du3,3477006,4154090.1456121467,4.154090
2026-06-23T05:00:06,ul,du4,3477648,4141189.640486095,4.141190
2026-06-23T05:00:06,ul,ue1,3475817,1948036.149679333,1.948036
2026-06-23T05:00:06,ul,ue5,3476454,1960937.0696481944,1.960937
2026-06-23T05:00:06,ul,ue9,3477068,1960937.0696481944,1.960937
2026-06-23T05:00:06,ul,ue13,3477708,1915783.9188976479,1.915784
2026-06-23T05:00:12,ul,cu_cp,3475611,337500.60544254154,0.337501
2026-06-23T05:00:12,ul,cu_up,3475619,389423.78761986794,0.389424
2026-06-23T05:00:12,ul,du1,3475775,3291928.8244119524,3.291929
2026-06-23T05:00:12,ul,du2,3476392,3260774.9969640397,3.260775
2026-06-23T05:00:12,ul,du3,3477006,3291928.8244119524,3.291929
2026-06-23T05:00:12,ul,du4,3477648,3208852.0351749375,3.208852
2026-06-23T05:00:12,ul,ue1,3475817,1069617.2191221844,1.069617
2026-06-23T05:00:12,ul,ue5,3476454,1033271.1080889744,1.033271
2026-06-23T05:00:12,ul,ue9,3477068,1048848.0218129307,1.048848
2026-06-23T05:00:12,ul,ue13,3477708,950194.0040116394,0.950194
2026-06-23T05:00:17,ul,cu_cp,3475611,325539.3927100208,0.325539
2026-06-23T05:00:17,ul,cu_up,3475619,316496.6309894049,0.316497
2026-06-23T05:00:17,ul,du1,3475775,2791198.8644181276,2.791199
2026-06-23T05:00:17,ul,du2,3476392,2770099.0968140746,2.770099
2026-06-23T05:00:17,ul,du3,3477006,2827370.0282292007,2.827370
2026-06-23T05:00:17,ul,du4,3477648,2773113.2825125908,2.773113
2026-06-23T05:00:17,ul,ue1,3475817,699306.8674180949,0.699307
2026-06-23T05:00:17,ul,ue5,3476454,684235.5881396842,0.684236
2026-06-23T05:00:17,ul,ue9,3477068,678207.0998140419,0.678207
2026-06-23T05:00:17,ul,ue13,3477708,693278.3206281477,0.693278
2026-06-23T05:00:22,ul,cu_cp,3475611,313545.8809321928,0.313546
2026-06-23T05:00:22,ul,cu_up,3475619,313545.8809321928,0.313546
2026-06-23T05:00:22,ul,du1,3475775,2746541.2584630297,2.746541
2026-06-23T05:00:22,ul,du2,3476392,2809853.4938635733,2.809853
2026-06-23T05:00:22,ul,du3,3477006,2806838.547744236,2.806839
2026-06-23T05:00:22,ul,du4,3477648,2770660.127515354,2.770660
2026-06-23T05:00:22,ul,ue1,3475817,678344.4460883713,0.678344
2026-06-23T05:00:22,ul,ue5,3476454,705478.202934835,0.705478
2026-06-23T05:00:22,ul,ue9,3477068,666284.9532370114,0.666285
2026-06-23T05:00:22,ul,ue13,3477708,675329.5582942319,0.675330
