timestamp,phase,component,pid,microwatts,watts
2026-06-22T22:15:11,idle,cu_cp,3064793,328549.18790753366,0.328549
2026-06-22T22:15:11,idle,cu_up,3064821,336016.19043106196,0.336016
2026-06-22T22:15:11,idle,du1,3064983,3016678.7113560294,3.016679
2026-06-22T22:15:11,idle,du2,3065751,3016678.7113560294,3.016679
2026-06-22T22:15:11,idle,ue1,3065046,851240.9798629475,0.851241
2026-06-22T22:15:11,idle,ue2,3065055,866175.1045624805,0.866175
2026-06-22T22:15:11,idle,ue3,3065064,836306.9748158908,0.836307
2026-06-22T22:15:11,idle,ue4,3065073,821372.909942596,0.821373
2026-06-22T22:15:11,idle,ue5,3065816,836306.9748158908,0.836307
2026-06-22T22:15:11,idle,ue6,3065825,776570.7751489496,0.776571
2026-06-22T22:15:11,idle,ue7,3065834,866175.1045624805,0.866175
2026-06-22T22:15:11,idle,ue8,3065843,821372.909942596,0.821373
2026-06-22T22:15:16,idle,cu_cp,3064793,330655.16774158954,0.330655
2026-06-22T22:15:16,idle,cu_up,3064821,324296.41221125575,0.324296
2026-06-22T22:15:16,idle,du1,3064983,3045842.7306311512,3.045843
2026-06-22T22:15:16,idle,du2,3065751,3045842.7306311512,3.045843
2026-06-22T22:15:16,idle,ue1,3065046,820279.1338646978,0.820279
2026-06-22T22:15:16,idle,ue2,3065055,820279.1338646978,0.820279
2026-06-22T22:15:16,idle,ue3,3065064,839355.370496757,0.839355
2026-06-22T22:15:16,idle,ue4,3065073,807561.6228040302,0.807562
2026-06-22T22:15:16,idle,ue5,3065816,852072.9414753091,0.852073
2026-06-22T22:15:16,idle,ue6,3065825,813920.4082933062,0.813920
2026-06-22T22:15:16,idle,ue7,3065834,858431.6670467007,0.858432
2026-06-22T22:15:16,idle,ue8,3065843,839355.370496757,0.839355
2026-06-22T22:15:21,idle,cu_cp,3064793,335644.5107498336,0.335645
2026-06-22T22:15:21,idle,cu_up,3064821,330142.124527356,0.330142
2026-06-22T22:15:21,idle,du1,3064983,3042810.1416384126,3.042810
2026-06-22T22:15:21,idle,du2,3065751,3015298.1805597018,3.015298
2026-06-22T22:15:21,idle,ue1,3065046,808848.2874994099,0.808848
2026-06-22T22:15:21,idle,ue2,3065055,836360.0687801838,0.836360
2026-06-22T22:15:21,idle,ue3,3065064,847364.8412251389,0.847365
2026-06-22T22:15:21,idle,ue4,3065073,841862.4250363386,0.841862
2026-06-22T22:15:21,idle,ue5,3065816,858369.613670094,0.858370
2026-06-22T22:15:21,idle,ue6,3065825,858369.613670094,0.858370
2026-06-22T22:15:21,idle,ue7,3065834,836360.0687801838,0.836360
2026-06-22T22:15:21,idle,ue8,3065843,836360.0687801838,0.836360
2026-06-22T22:15:27,idle,cu_cp,3064793,333503.79713598965,0.333504
2026-06-22T22:15:27,idle,cu_up,3064821,330444.15399551153,0.330444
2026-06-22T22:15:27,idle,du1,3064983,2989295.5417770194,2.989296
2026-06-22T22:15:27,idle,du2,3065751,2980116.612355585,2.980117
2026-06-22T22:15:27,idle,ue1,3065046,872005.3614633131,0.872005
2026-06-22T22:15:27,idle,ue2,3065055,868945.65843786,0.868946
2026-06-22T22:15:27,idle,ue3,3065064,841408.690518632,0.841409
2026-06-22T22:15:27,idle,ue4,3065073,819991.0088803602,0.819991
2026-06-22T22:15:27,idle,ue5,3065816,856707.0858759475,0.856707
2026-06-22T22:15:27,idle,ue6,3065825,844468.3336591101,0.844468
2026-06-22T22:15:27,idle,ue7,3065834,841408.690518632,0.841409
2026-06-22T22:15:27,idle,ue8,3065843,810811.9596889758,0.810812
2026-06-22T22:15:32,idle,cu_cp,3064793,329945.881464529,0.329946
2026-06-22T22:15:32,idle,cu_up,3064821,336055.9837287951,0.336056
2026-06-22T22:15:32,idle,du1,3064983,2981733.0179779055,2.981733
2026-06-22T22:15:32,idle,du2,3065751,2990898.2162735746,2.990898
2026-06-22T22:15:32,idle,ue1,3065046,812644.4093342494,0.812644
2026-06-22T22:15:32,idle,ue2,3065055,861525.3471797657,0.861525
2026-06-22T22:15:32,idle,ue3,3065064,843195.0104541206,0.843195
2026-06-22T22:15:32,idle,ue4,3065073,812644.4093342494,0.812644
2026-06-22T22:15:32,idle,ue5,3065816,858470.3409469032,0.858470
2026-06-22T22:15:32,idle,ue6,3065825,858470.3409469032,0.858470
2026-06-22T22:15:32,idle,ue7,3065834,843195.0104541206,0.843195
2026-06-22T22:15:32,idle,ue8,3065843,840140.0042212582,0.840140
2026-06-22T22:15:38,idle,cu_cp,3064793,335485.20781535655,0.335485
2026-06-22T22:15:38,idle,cu_up,3064821,332435.3354905471,0.332435
2026-06-22T22:15:38,idle,du1,3064983,2946170.084125519,2.946170
2026-06-22T22:15:38,idle,du2,3065751,2982768.552023232,2.982769
2026-06-22T22:15:38,idle,ue1,3065046,811264.2434064746,0.811264
2026-06-22T22:15:38,idle,ue2,3065055,844812.7193131894,0.844813
2026-06-22T22:15:38,idle,ue3,3065064,835663.1023387611,0.835663
2026-06-22T22:15:38,idle,ue4,3065073,826513.6050305218,0.826514
2026-06-22T22:15:38,idle,ue5,3065816,826513.6050305218,0.826514
2026-06-22T22:15:38,idle,ue6,3065825,823463.7327057123,0.823464
2026-06-22T22:15:38,idle,ue7,3065834,799064.8139403313,0.799065
2026-06-22T22:15:38,idle,ue8,3065843,829563.4175222367,0.829563
2026-06-22T22:15:43,idle,cu_cp,3064793,334199.89537154883,0.334200
2026-06-22T22:15:43,idle,cu_up,3064821,334199.89537154883,0.334200
2026-06-22T22:15:43,idle,du1,3064983,2980204.286324382,2.980204
2026-06-22T22:15:43,idle,du2,3065751,3041525.4550493956,3.041525
2026-06-22T22:15:43,idle,ue1,3065046,784909.7832341492,0.784910
2026-06-22T22:15:43,idle,ue2,3065055,815570.3675966561,0.815570
2026-06-22T22:15:43,idle,ue3,3065064,846230.951959163,0.846231
2026-06-22T22:15:43,idle,ue4,3065073,846230.951959163,0.846231
2026-06-22T22:15:43,idle,ue5,3065816,830900.6597779095,0.830901
2026-06-22T22:15:43,idle,ue6,3065825,861561.1240949035,0.861561
2026-06-22T22:15:43,idle,ue7,3065834,846230.951959163,0.846231
2026-06-22T22:15:43,idle,ue8,3065843,864627.2665630132,0.864627
2026-06-22T22:15:48,idle,cu_cp,3064793,331107.568014884,0.331108
2026-06-22T22:15:48,idle,cu_up,3064821,331107.568014884,0.331108
2026-06-22T22:15:48,idle,du1,3064983,3007560.4194751834,3.007560
2026-06-22T22:15:48,idle,du2,3065751,3047415.8811281873,3.047416
2026-06-22T22:15:48,idle,ue1,3065046,840032.1944288325,0.840032
2026-06-22T22:15:48,idle,ue2,3065055,784847.5797463774,0.784848
2026-06-22T22:15:48,idle,ue3,3065064,815505.6456455875,0.815506
2026-06-22T22:15:48,idle,ue4,3065073,790979.1569022655,0.790979
2026-06-22T22:15:48,idle,ue5,3065816,824703.0413993811,0.824703
2026-06-22T22:15:48,idle,ue6,3065825,818571.464243493,0.818571
2026-06-22T22:15:48,idle,ue7,3065834,827768.92003721,0.827769
2026-06-22T22:15:48,idle,ue8,3065843,855361.2273784375,0.855361
2026-06-22T22:15:54,idle,cu_cp,3064793,341072.8181460321,0.341073
2026-06-22T22:15:54,idle,cu_up,3064821,324515.89078594564,0.324516
2026-06-22T22:15:54,idle,du1,3064983,3016673.177678604,3.016673
2026-06-22T22:15:54,idle,du2,3065751,3049787.032398777,3.049787
2026-06-22T22:15:54,idle,ue1,3065046,851026.4038653946,0.851026
2026-06-22T22:15:54,idle,ue2,3065055,834469.4162272811,0.834469
2026-06-22T22:15:54,idle,ue3,3065064,847714.9701709556,0.847715
2026-06-22T22:15:54,idle,ue4,3065073,857649.1506982184,0.857649
2026-06-22T22:15:54,idle,ue5,3065816,860960.5843926573,0.860961
2026-06-22T22:15:54,idle,ue6,3065825,847714.9701709556,0.847715
2026-06-22T22:15:54,idle,ue7,3065834,857649.1506982184,0.857649
2026-06-22T22:15:54,idle,ue8,3065843,834469.4162272811,0.834469
2026-06-22T22:15:59,idle,cu_cp,3064793,331423.23658937664,0.331423
2026-06-22T22:15:59,idle,cu_up,3064821,328108.9997091168,0.328109
2026-06-22T22:15:59,idle,du1,3064983,3012637.261226728,3.012637
2026-06-22T22:15:59,idle,du2,3065751,3068979.197903824,3.068979
2026-06-22T22:15:59,idle,ue1,3065046,851757.7044915998,0.851758
2026-06-22T22:15:59,idle,ue2,3065055,821929.6026650352,0.821930
2026-06-22T22:15:59,idle,ue3,3065064,845129.1705395329,0.845129
2026-06-22T22:15:59,idle,ue4,3065073,835186.6103776216,0.835187
2026-06-22T22:15:59,idle,ue5,3065816,808672.7153355432,0.808673
2026-06-22T22:15:59,idle,ue6,3065825,838500.8171621078,0.838501
2026-06-22T22:15:59,idle,ue7,3065834,855071.911276086,0.855072
2026-06-22T22:15:59,idle,ue8,3065843,841815.023946594,0.841815
2026-06-22T22:16:04,idle,cu_cp,3064793,331873.89303228824,0.331874
2026-06-22T22:16:04,idle,cu_up,3064821,328555.14298578707,0.328555
2026-06-22T22:16:04,idle,du1,3064983,3043283.697949939,3.043284
2026-06-22T22:16:04,idle,du2,3065751,3016733.6975779296,3.016734
2026-06-22T22:16:04,idle,ue1,3065046,859553.4379336435,0.859553
2026-06-22T22:16:04,idle,ue2,3065055,849597.18779414,0.849597
2026-06-22T22:16:04,idle,ue3,3065064,816409.8075040287,0.816410
2026-06-22T22:16:04,idle,ue4,3065073,846278.3776601887,0.846278
2026-06-22T22:16:04,idle,ue5,3065816,836322.1876081354,0.836322
2026-06-22T22:16:04,idle,ue6,3065825,842959.6877011376,0.842960
2026-06-22T22:16:04,idle,ue7,3065834,866190.8178517455,0.866191
2026-06-22T22:16:04,idle,ue8,3065843,859553.4379336435,0.859553
2026-06-22T22:16:10,idle,cu_cp,3064793,335747.23602185847,0.335747
2026-06-22T22:16:10,idle,cu_up,3064821,335747.23602185847,0.335747
2026-06-22T22:16:10,idle,du1,3064983,3054967.347477722,3.054967
2026-06-22T22:16:10,idle,du2,3065751,3038346.2959052087,3.038346
2026-06-22T22:16:10,idle,ue1,3065046,847678.6759088874,0.847679
2026-06-22T22:16:10,idle,ue2,3065055,864299.727481401,0.864300
2026-06-22T22:16:10,idle,ue3,3065064,837705.948856604,0.837706
2026-06-22T22:16:10,idle,ue4,3065073,851002.8381690026,0.851003
2026-06-22T22:16:10,idle,ue5,3065816,867624.009877485,0.867624
2026-06-22T22:16:10,idle,ue6,3065825,831057.4441324205,0.831057
2026-06-22T22:16:10,idle,ue7,3065834,874272.4545336843,0.874272
2026-06-22T22:16:10,idle,ue8,3065843,851002.8381690026,0.851003
2026-06-22T22:16:15,idle,cu_cp,3064793,337229.61089800834,0.337230
2026-06-22T22:16:15,idle,cu_up,3064821,330617.24201288226,0.330617
2026-06-22T22:16:15,idle,du1,3064983,3035066.4079138185,3.035066
2026-06-22T22:16:15,idle,du2,3065751,3018535.560841217,3.018536
2026-06-22T22:16:15,idle,ue1,3065046,823236.9055615998,0.823237
2026-06-22T22:16:15,idle,ue2,3065055,780256.7031728363,0.780257
2026-06-22T22:16:15,idle,ue3,3065064,839767.8728585434,0.839768
2026-06-22T22:16:15,idle,ue4,3065073,786869.0420018769,0.786869
2026-06-22T22:16:15,idle,ue5,3065816,829849.2443906403,0.829849
2026-06-22T22:16:15,idle,ue6,3065825,803399.8890744782,0.803400
2026-06-22T22:16:15,idle,ue7,3065834,843074.0422730637,0.843074
2026-06-22T22:16:15,idle,ue8,3065843,826543.07497612,0.826543
2026-06-22T22:16:20,idle,cu_cp,3064793,335706.32384917024,0.335706
2026-06-22T22:16:20,idle,cu_up,3064821,327518.38234177587,0.327518
2026-06-22T22:16:20,idle,du1,3064983,3029544.7358089257,3.029545
2026-06-22T22:16:20,idle,du2,3065751,3086860.5068721864,3.086861
2026-06-22T22:16:20,idle,ue1,3065046,769668.1864690733,0.769668
2026-06-22T22:16:20,idle,ue2,3065055,826983.8371913338,0.826984
2026-06-22T22:16:20,idle,ue3,3065064,835171.8388692284,0.835172
2026-06-22T22:16:20,idle,ue4,3065073,818795.9558544398,0.818796
2026-06-22T22:16:20,idle,ue5,3065816,835171.8388692284,0.835172
2026-06-22T22:16:20,idle,ue6,3065825,810607.9541765451,0.810608
2026-06-22T22:16:20,idle,ue7,3065834,892487.4895914888,0.892487
2026-06-22T22:16:20,idle,ue8,3065843,835171.8388692284,0.835172
2026-06-22T22:16:26,idle,cu_cp,3064793,342059.14751319884,0.342059
2026-06-22T22:16:26,idle,cu_up,3064821,335218.0007285434,0.335218
2026-06-22T22:16:26,idle,du1,3064983,3044326.653971527,3.044327
2026-06-22T22:16:26,idle,du2,3065751,3085373.655231488,3.085374
2026-06-22T22:16:26,idle,ue1,3065046,834624.3681530165,0.834624
2026-06-22T22:16:26,idle,ue2,3065055,834624.3681530165,0.834624
2026-06-22T22:16:26,idle,ue3,3065064,820941.9540316772,0.820942
2026-06-22T22:16:26,idle,ue4,3065073,834624.3681530165,0.834624
2026-06-22T22:16:26,idle,ue5,3065816,855147.8687829971,0.855148
2026-06-22T22:16:26,idle,ue6,3065825,827783.2213683611,0.827783
2026-06-22T22:16:26,idle,ue7,3065834,855147.8687829971,0.855148
2026-06-22T22:16:26,idle,ue8,3065843,855147.8687829971,0.855148
2026-06-22T22:16:31,idle,cu_cp,3064793,331293.751064952,0.331294
2026-06-22T22:16:31,idle,cu_up,3064821,325481.5794685489,0.325482
2026-06-22T22:16:31,idle,du1,3064983,2964207.035285177,2.964207
2026-06-22T22:16:31,idle,du2,3065751,2935146.4167433693,2.935146
2026-06-22T22:16:31,idle,ue1,3065046,778830.8741979146,0.778831
2026-06-22T22:16:31,idle,ue2,3065055,819516.0753727364,0.819516
2026-06-22T22:16:31,idle,ue3,3065064,790455.2772507727,0.790455
2026-06-22T22:16:31,idle,ue4,3065073,813703.9636363852,0.813704
2026-06-22T22:16:31,idle,ue5,3065816,866013.5080040133,0.866014
2026-06-22T22:16:31,idle,ue6,3065825,854389.1648112071,0.854389
2026-06-22T22:16:31,idle,ue7,3065834,836952.5901619458,0.836953
2026-06-22T22:16:31,idle,ue8,3065843,813703.9636363852,0.813704
2026-06-22T22:16:37,idle,cu_cp,3064793,336883.833422631,0.336884
2026-06-22T22:16:37,idle,cu_up,3064821,321570.9237018013,0.321571
2026-06-22T22:16:37,idle,du1,3064983,2970702.922065568,2.970703
2026-06-22T22:16:37,idle,du2,3065751,3067684.4230015897,3.067684
2026-06-22T22:16:37,idle,ue1,3065046,816688.077379396,0.816688
2026-06-22T22:16:37,idle,ue2,3065055,832000.9871002256,0.832001
2026-06-22T22:16:37,idle,ue3,3065064,842209.6136291814,0.842210
2026-06-22T22:16:37,idle,ue4,3065073,826896.643763144,0.826897
2026-06-22T22:16:37,idle,ue5,3065816,842209.6136291814,0.842210
2026-06-22T22:16:37,idle,ue6,3065825,826896.643763144,0.826897
2026-06-22T22:16:37,idle,ue7,3065834,791166.6012748182,0.791167
2026-06-22T22:16:37,idle,ue8,3065843,821792.36057127,0.821792
2026-06-22T22:16:42,idle,cu_cp,3064793,341510.5853110635,0.341511
2026-06-22T22:16:42,idle,cu_up,3064821,329203.86093430105,0.329204
2026-06-22T22:16:42,idle,du1,3064983,3008985.0626724814,3.008985
2026-06-22T22:16:42,idle,du2,3065751,3076671.640287037,3.076672
2026-06-22T22:16:42,idle,ue1,3065046,852238.0963860869,0.852238
2026-06-22T22:16:42,idle,ue2,3065055,864544.7906548763,0.864545
2026-06-22T22:16:42,idle,ue3,3065064,849161.4228188896,0.849161
2026-06-22T22:16:42,idle,ue4,3065073,824548.0342813111,0.824548
2026-06-22T22:16:42,idle,ue5,3065816,855314.7097373378,0.855315
2026-06-22T22:16:42,idle,ue6,3065825,861468.0568717325,0.861468
2026-06-22T22:16:42,idle,ue7,3065834,836854.668334154,0.836855
2026-06-22T22:16:42,idle,ue8,3065843,836854.668334154,0.836855
2026-06-22T22:16:47,idle,cu_cp,3064793,338146.8628587678,0.338147
2026-06-22T22:16:47,idle,cu_up,3064821,325850.61932115257,0.325851
2026-06-22T22:16:47,idle,du1,3064983,3027951.679563987,3.027952
2026-06-22T22:16:47,idle,du2,3065751,3052544.106430364,3.052544
2026-06-22T22:16:47,idle,ue1,3065046,842293.148945263,0.842293
2026-06-22T22:16:47,idle,ue2,3065055,879181.9096625358,0.879182
2026-06-22T22:16:47,idle,ue3,3065064,854589.4225873053,0.854589
2026-06-22T22:16:47,idle,ue4,3065073,839219.0654825389,0.839219
2026-06-22T22:16:47,idle,ue5,3065816,833070.9587659448,0.833071
2026-06-22T22:16:47,idle,ue6,3065825,866885.6962293476,0.866886
2026-06-22T22:16:47,idle,ue7,3065834,860737.4690950454,0.860737
2026-06-22T22:16:47,idle,ue8,3065843,845367.2324079871,0.845367
2026-06-22T22:16:53,idle,cu_cp,3064793,339056.9443759498,0.339057
2026-06-22T22:16:53,idle,cu_up,3064821,332892.30457235454,0.332892
2026-06-22T22:16:53,idle,du1,3064983,3039183.0684678913,3.039183
2026-06-22T22:16:53,idle,du2,3065751,3088500.671083746,3.088501
2026-06-22T22:16:53,idle,ue1,3065046,835313.0359401441,0.835313
2026-06-22T22:16:53,idle,ue2,3065055,869218.721299231,0.869219
2026-06-22T22:16:53,idle,ue3,3065064,859971.7162012983,0.859972
2026-06-22T22:16:53,idle,ue4,3065073,838395.3709727883,0.838395
2026-06-22T22:16:53,idle,ue5,3065816,835313.0359401441,0.835313
2026-06-22T22:16:53,idle,ue6,3065825,859971.7162012983,0.859972
2026-06-22T22:16:53,idle,ue7,3065834,869218.721299231,0.869219
2026-06-22T22:16:53,idle,ue8,3065843,838395.3709727883,0.838395
2026-06-22T22:16:58,idle,cu_cp,3064793,334317.85858046263,0.334318
2026-06-22T22:16:58,idle,cu_up,3064821,331250.7297123,0.331251
2026-06-22T22:16:58,idle,du1,3064983,2978189.5889037848,2.978190
2026-06-22T22:16:58,idle,du2,3065751,3039532.406845033,3.039532
2026-06-22T22:16:58,idle,ue1,3065046,855731.1194193363,0.855731
2026-06-22T22:16:58,idle,ue2,3065055,846529.6726703495,0.846530
2026-06-22T22:16:58,idle,ue3,3065064,849596.8015385121,0.849597
2026-06-22T22:16:58,idle,ue4,3065073,825059.7104487121,0.825060
2026-06-22T22:16:58,idle,ue5,3065816,797455.5506352484,0.797456
2026-06-22T22:16:58,idle,ue6,3065825,864932.5060238242,0.864933
2026-06-22T22:16:58,idle,ue7,3065834,883335.2792328,0.883335
2026-06-22T22:16:58,idle,ue8,3065843,834261.157197699,0.834261
2026-06-22T22:17:04,idle,cu_cp,3064793,333561.07068888994,0.333561
2026-06-22T22:17:04,idle,cu_up,3064821,327084.14498437196,0.327084
2026-06-22T22:17:04,idle,du1,3064983,3053864.77044395,3.053865
2026-06-22T22:17:04,idle,du2,3065751,3060341.756457846,3.060342
2026-06-22T22:17:04,idle,ue1,3065046,796660.414230625,0.796660
2026-06-22T22:17:04,idle,ue2,3065055,829044.9221344579,0.829045
2026-06-22T22:17:04,idle,ue3,3065064,838760.340845924,0.838760
2026-06-22T22:17:04,idle,ue4,3065073,835521.9081483543,0.835522
2026-06-22T22:17:04,idle,ue5,3065816,809614.2053302824,0.809614
2026-06-22T22:17:04,idle,ue6,3065825,848475.6992480117,0.848476
2026-06-22T22:17:04,idle,ue7,3065834,848475.6992480117,0.848476
2026-06-22T22:17:04,idle,ue8,3065843,864667.9833546174,0.864668
2026-06-22T22:17:09,idle,cu_cp,3064793,335905.85485697625,0.335906
2026-06-22T22:17:09,idle,cu_up,3064821,325928.4621851486,0.325928
2026-06-22T22:17:09,idle,du1,3064983,2976591.527910924,2.976592
2026-06-22T22:17:09,idle,du2,3065751,3066388.1222717953,3.066388
2026-06-22T22:17:09,idle,ue1,3065046,844753.3636355656,0.844753
2026-06-22T22:17:09,idle,ue2,3065055,831450.1130920398,0.831450
2026-06-22T22:17:09,idle,ue3,3065064,851404.9587501175,0.851405
2026-06-22T22:17:09,idle,ue4,3065073,854730.7563073933,0.854731
2026-06-22T22:17:09,idle,ue5,3065816,861382.4117363674,0.861382
2026-06-22T22:17:09,idle,ue6,3065825,821472.7204202121,0.821473
2026-06-22T22:17:09,idle,ue7,3065834,834775.9106493157,0.834776
2026-06-22T22:17:09,idle,ue8,3065843,878011.3995227468,0.878011
2026-06-22T22:17:14,idle,cu_cp,3064793,337855.52713599504,0.337856
2026-06-22T22:17:14,idle,cu_up,3064821,334543.2195244342,0.334543
2026-06-22T22:17:14,idle,du1,3064983,2941330.6063312055,2.941331
2026-06-22T22:17:14,idle,du2,3065751,3037387.527066469,3.037388
2026-06-22T22:17:14,idle,ue1,3065046,841326.5554554642,0.841327
2026-06-22T22:17:14,idle,ue2,3065055,838014.2478439033,0.838014
2026-06-22T22:17:14,idle,ue3,3065064,834701.879929626,0.834702
2026-06-22T22:17:14,idle,ue4,3065073,811515.7266487002,0.811516
2026-06-22T22:17:14,idle,ue5,3065816,841326.5554554642,0.841327
2026-06-22T22:17:14,idle,ue6,3065825,831389.5723180652,0.831390
2026-06-22T22:17:14,idle,ue7,3065834,871137.263656795,0.871137
2026-06-22T22:17:14,idle,ue8,3065843,847951.1706785858,0.847951
2026-06-22T22:17:20,idle,cu_cp,3064793,328409.5992563662,0.328410
2026-06-22T22:17:20,idle,cu_up,3064821,321775.04065633623,0.321775
2026-06-22T22:17:20,idle,du1,3064983,3002127.912970748,3.002128
2026-06-22T22:17:20,idle,du2,3065751,3002127.912970748,3.002128
2026-06-22T22:17:20,idle,ue1,3065046,869124.3527227539,0.869124
2026-06-22T22:17:20,idle,ue2,3065055,822682.5626877004,0.822683
2026-06-22T22:17:20,idle,ue3,3065064,816048.0641702485,0.816048
2026-06-22T22:17:20,idle,ue4,3065073,845903.4577052272,0.845903
2026-06-22T22:17:20,idle,ue5,3065816,839268.9591877753,0.839269
2026-06-22T22:17:20,idle,ue6,3065825,835951.6198051822,0.835952
2026-06-22T22:17:20,idle,ue7,3065834,839268.9591877753,0.839269
2026-06-22T22:17:20,idle,ue8,3065843,845903.4577052272,0.845903
2026-06-22T22:17:25,idle,cu_cp,3064793,324366.4698843336,0.324366
2026-06-22T22:17:25,idle,cu_up,3064821,330986.1796761048,0.330986
2026-06-22T22:17:25,idle,du1,3064983,3035143.2853321265,3.035143
2026-06-22T22:17:25,idle,du2,3065751,3041763.085135317,3.041763
2026-06-22T22:17:25,idle,ue1,3065046,850634.5534766865,0.850635
2026-06-22T22:17:25,idle,ue2,3065055,820845.7544003939,0.820846
2026-06-22T22:17:25,idle,ue3,3065064,800986.595021274,0.800987
2026-06-22T22:17:25,idle,ue4,3065073,827465.4941959715,0.827465
2026-06-22T22:17:25,idle,ue5,3065816,797676.695119679,0.797677
2026-06-22T22:17:25,idle,ue6,3065825,867183.8129542113,0.867184
2026-06-22T22:17:25,idle,ue7,3065834,827465.4941959715,0.827465
2026-06-22T22:17:25,idle,ue8,3065843,860564.1331662465,0.860564
2026-06-22T22:17:30,idle,cu_cp,3064793,331084.9130803189,0.331085
2026-06-22T22:17:30,idle,cu_up,3064821,327774.04075611976,0.327774
2026-06-22T22:17:30,idle,du1,3064983,2986385.7515222146,2.986386
2026-06-22T22:17:30,idle,du2,3065751,3075778.762092309,3.075779
2026-06-22T22:17:30,idle,ue1,3065046,837644.8544914543,0.837645
2026-06-22T22:17:30,idle,ue2,3065055,844266.5388972658,0.844267
2026-06-22T22:17:30,idle,ue3,3065064,807847.1843014228,0.807847
2026-06-22T22:17:30,idle,ue4,3065073,831023.1098430562,0.831023
2026-06-22T22:17:30,idle,ue5,3065816,844266.5388972658,0.844267
2026-06-22T22:17:30,idle,ue6,3065825,864131.5921147001,0.864132
2026-06-22T22:17:30,idle,ue7,3065834,840955.6665730667,0.840956
2026-06-22T22:17:30,idle,ue8,3065843,840955.6665730667,0.840956
2026-06-22T22:17:36,idle,cu_cp,3064793,332247.3191986039,0.332247
2026-06-22T22:17:36,idle,cu_up,3064821,332247.3191986039,0.332247
2026-06-22T22:17:36,idle,du1,3064983,2945926.139666295,2.945926
2026-06-22T22:17:36,idle,du2,3065751,3012375.452570472,3.012375
2026-06-22T22:17:36,idle,ue1,3065046,841693.2086364633,0.841693
2026-06-22T22:17:36,idle,ue2,3065055,841693.2086364633,0.841693
2026-06-22T22:17:36,idle,ue3,3065064,782626.9984319722,0.782627
2026-06-22T22:17:36,idle,ue4,3065073,841693.2086364633,0.841693
2026-06-22T22:17:36,idle,ue5,3065816,878609.5673739385,0.878610
2026-06-22T22:17:36,idle,ue6,3065825,834309.9248141247,0.834310
2026-06-22T22:17:36,idle,ue7,3065834,849076.4924588018,0.849076
2026-06-22T22:17:36,idle,ue8,3065843,834309.9248141247,0.834310
2026-06-22T22:17:41,idle,cu_cp,3064793,311906.02881234884,0.311906
2026-06-22T22:17:41,idle,cu_up,3064821,318144.15240015986,0.318144
2026-06-22T22:17:41,idle,du1,3064983,3087869.8207626343,3.087870
2026-06-22T22:17:41,idle,du2,3065751,3056679.4136330606,3.056679
2026-06-22T22:17:41,idle,ue1,3065046,810955.7652590275,0.810956
2026-06-22T22:17:41,idle,ue2,3065055,817193.798499918,0.817194
2026-06-22T22:17:41,idle,ue3,3065064,823432.0124346495,0.823432
2026-06-22T22:17:41,idle,ue4,3065073,829670.1059068203,0.829670
2026-06-22T22:17:41,idle,ue5,3065816,854622.6002580642,0.854623
2026-06-22T22:17:41,idle,ue6,3065825,835908.1391477108,0.835908
2026-06-22T22:17:41,idle,ue7,3065834,835908.1391477108,0.835908
2026-06-22T22:17:41,idle,ue8,3065843,854622.6002580642,0.854623
2026-06-22T22:17:46,idle,cu_cp,3064793,323334.2427284709,0.323334
2026-06-22T22:17:46,idle,cu_up,3064821,317945.34018205403,0.317945
2026-06-22T22:17:46,idle,du1,3064983,3007008.280485971,3.007008
2026-06-22T22:17:46,idle,du2,3065751,3017786.1455411124,3.017786
2026-06-22T22:17:46,idle,ue1,3065046,867613.579803493,0.867614
2026-06-22T22:17:46,idle,ue2,3065055,824502.3594321585,0.824502
2026-06-22T22:17:46,idle,ue3,3065064,819113.4269045878,0.819113
2026-06-22T22:17:46,idle,ue4,3065073,840669.0370902551,0.840669
2026-06-22T22:17:46,idle,ue5,3065816,824502.3594321585,0.824502
2026-06-22T22:17:46,idle,ue6,3065825,835280.1045626843,0.835280
2026-06-22T22:17:46,idle,ue7,3065834,824502.3594321585,0.824502
2026-06-22T22:17:46,idle,ue8,3065843,829891.1720351136,0.829891
2026-06-22T22:17:52,idle,cu_cp,3064793,323465.1437221777,0.323465
2026-06-22T22:17:52,idle,cu_up,3064821,320413.5758552253,0.320414
2026-06-22T22:17:52,idle,du1,3064983,2978320.6365475846,2.978321
2026-06-22T22:17:52,idle,du2,3065751,2984423.6522615147,2.984424
2026-06-22T22:17:52,idle,ue1,3065046,836126.8350855446,0.836127
2026-06-22T22:17:52,idle,ue2,3065055,820869.1157707572,0.820869
2026-06-22T22:17:52,idle,ue3,3065064,830023.759361627,0.830024
2026-06-22T22:17:52,idle,ue4,3065073,756786.3705947185,0.756786
2026-06-22T22:17:52,idle,ue5,3065816,796456.5728351378,0.796457
2026-06-22T22:17:52,idle,ue6,3065825,839178.4629624843,0.839178
2026-06-22T22:17:52,idle,ue7,3065834,848333.1665633416,0.848333
2026-06-22T22:17:52,idle,ue8,3065843,820869.1157707572,0.820869
2026-06-22T22:17:57,idle,cu_cp,3064793,330253.6829945934,0.330254
2026-06-22T22:17:57,idle,cu_up,3064821,330253.6829945934,0.330254
2026-06-22T22:17:57,idle,du1,3064983,3027839.9052591133,3.027840
2026-06-22T22:17:57,idle,du2,3065751,3049445.1085636998,3.049445
2026-06-22T22:17:57,idle,ue1,3065046,854955.8240633584,0.854956
2026-06-22T22:17:57,idle,ue2,3065055,830263.964986918,0.830264
2026-06-22T22:17:57,idle,ue3,3065064,842609.8643708252,0.842610
2026-06-22T22:17:57,idle,ue4,3065073,827177.4901409411,0.827177
2026-06-22T22:17:57,idle,ue5,3065816,833350.4398328948,0.833350
2026-06-22T22:17:57,idle,ue6,3065825,854955.8240633584,0.854956
2026-06-22T22:17:57,idle,ue7,3065834,876561.2082938218,0.876561
2026-06-22T22:17:57,idle,ue8,3065843,867301.7234472656,0.867302
2026-06-22T22:18:03,idle,cu_cp,3064793,336720.55142380536,0.336721
2026-06-22T22:18:03,idle,cu_up,3064821,339809.7521780321,0.339810
2026-06-22T22:18:03,idle,du1,3064983,3058287.6182524897,3.058288
2026-06-22T22:18:03,idle,du2,3065751,3092268.6751991846,3.092269
2026-06-22T22:18:03,idle,ue1,3065046,846435.1948258334,0.846435
2026-06-22T22:18:03,idle,ue2,3065055,821721.7704117787,0.821722
2026-06-22T22:18:03,idle,ue3,3065064,834078.4523488462,0.834078
2026-06-22T22:18:03,idle,ue4,3065073,830989.2818645793,0.830989
2026-06-22T22:18:03,idle,ue5,3065816,877326.8996685022,0.877327
2026-06-22T22:18:03,idle,ue6,3065825,846435.1948258334,0.846435
2026-06-22T22:18:03,idle,ue7,3065834,861881.1077870876,0.861881
2026-06-22T22:18:03,idle,ue8,3065843,871148.6192398882,0.871149
2026-06-22T22:18:08,idle,cu_cp,3064793,339404.68863470556,0.339405
2026-06-22T22:18:08,idle,cu_up,3064821,333233.706382823,0.333234
2026-06-22T22:18:08,idle,du1,3064983,3039214.6212133407,3.039215
2026-06-22T22:18:08,idle,du2,3065751,3094753.5823495863,3.094754
2026-06-22T22:18:08,idle,ue1,3065046,863939.2074337959,0.863939
2026-06-22T22:18:08,idle,ue2,3065055,836169.6664310216,0.836170
2026-06-22T22:18:08,idle,ue3,3065064,845426.2002434969,0.845426
2026-06-22T22:18:08,idle,ue4,3065073,814571.1681147814,0.814571
2026-06-22T22:18:08,idle,ue5,3065816,870110.1896856785,0.870110
2026-06-22T22:18:08,idle,ue6,3065825,848511.6913694382,0.848512
2026-06-22T22:18:08,idle,ue7,3065834,863939.2074337959,0.863939
2026-06-22T22:18:08,idle,ue8,3065843,836169.6664310216,0.836170
2026-06-22T22:18:13,idle,cu_cp,3064793,339886.316059877,0.339886
2026-06-22T22:18:13,idle,cu_up,3064821,343033.41917998734,0.343033
2026-06-22T22:18:13,idle,du1,3064983,3074712.2993311454,3.074712
2026-06-22T22:18:13,idle,du2,3065751,3112477.6583890677,3.112478
2026-06-22T22:18:13,idle,ue1,3065046,843421.6295156962,0.843422
2026-06-22T22:18:13,idle,ue2,3065055,843421.6295156962,0.843422
2026-06-22T22:18:13,idle,ue3,3065064,846568.7022316569,0.846569
2026-06-22T22:18:13,idle,ue4,3065073,840274.5567997354,0.840275
2026-06-22T22:18:13,idle,ue5,3065816,868598.3936682796,0.868598
2026-06-22T22:18:13,idle,ue6,3065825,856010.0419961375,0.856010
2026-06-22T22:18:13,idle,ue7,3065834,878039.6118161619,0.878040
2026-06-22T22:18:13,idle,ue8,3065843,849715.7749476177,0.849716
2026-06-22T22:18:19,idle,cu_cp,3064793,336782.42638031574,0.336782
2026-06-22T22:18:19,idle,cu_up,3064821,326779.00951808156,0.326779
2026-06-22T22:18:19,idle,du1,3064983,3017703.918050206,3.017704
2026-06-22T22:18:19,idle,du2,3065751,3051048.822262261,3.051049
2026-06-22T22:18:19,idle,ue1,3065046,803609.5439765877,0.803610
2026-06-22T22:18:19,idle,ue2,3065055,826951.0011034184,0.826951
2026-06-22T22:18:19,idle,ue3,3065064,866964.7289983355,0.866965
2026-06-22T22:18:19,idle,ue4,3065073,856961.2819131112,0.856961
2026-06-22T22:18:19,idle,ue5,3065816,840288.8298070836,0.840289
2026-06-22T22:18:19,idle,ue6,3065825,856961.2819131112,0.856961
2026-06-22T22:18:19,idle,ue7,3065834,876968.1156375796,0.876968
2026-06-22T22:18:19,idle,ue8,3065843,806944.0464869892,0.806944
2026-06-22T22:18:24,idle,cu_cp,3064793,333484.6529645169,0.333485
2026-06-22T22:18:24,idle,cu_up,3064821,336819.48801722645,0.336819
2026-06-22T22:18:24,idle,du1,3064983,3021370.9474018337,3.021371
2026-06-22T22:18:24,idle,du2,3065751,3038045.1226653815,3.038045
2026-06-22T22:18:24,idle,ue1,3065046,793693.4003615427,0.793693
2026-06-22T22:18:24,idle,ue2,3065055,827041.8716984869,0.827042
2026-06-22T22:18:24,idle,ue3,3065064,847051.0028245926,0.847051
2026-06-22T22:18:24,idle,ue4,3065073,850385.8378773022,0.850386
2026-06-22T22:18:24,idle,ue5,3065816,847051.0028245926,0.847051
2026-06-22T22:18:24,idle,ue6,3065825,850385.8378773022,0.850386
2026-06-22T22:18:24,idle,ue7,3065834,807032.8009773052,0.807033
2026-06-22T22:18:24,idle,ue8,3065843,830376.7671561205,0.830377
2026-06-22T22:18:29,idle,cu_cp,3064793,336417.6036176133,0.336418
2026-06-22T22:18:29,idle,cu_up,3064821,329755.8832403541,0.329756
2026-06-22T22:18:29,idle,du1,3064983,3061067.306157074,3.061067
2026-06-22T22:18:29,idle,du2,3065751,3031089.3531276514,3.031089
2026-06-22T22:18:29,idle,ue1,3065046,792746.4759284019,0.792746
2026-06-22T22:18:29,idle,ue2,3065055,839378.5789497185,0.839379
2026-06-22T22:18:29,idle,ue3,3065064,852702.019704237,0.852702
2026-06-22T22:18:29,idle,ue4,3065073,859363.800461998,0.859364
2026-06-22T22:18:29,idle,ue5,3065816,866025.581219759,0.866026
2026-06-22T22:18:29,idle,ue6,3065825,852702.019704237,0.852702
2026-06-22T22:18:29,idle,ue7,3065834,849371.1897058582,0.849371
2026-06-22T22:18:29,idle,ue8,3065843,869356.4112181377,0.869356
2026-06-22T22:18:35,idle,cu_cp,3064793,336121.723396951,0.336122
2026-06-22T22:18:35,idle,cu_up,3064821,332793.73800146696,0.332794
2026-06-22T22:18:35,idle,du1,3064983,3055046.6241717055,3.055047
2026-06-22T22:18:35,idle,du2,3065751,3031751.088784218,3.031751
2026-06-22T22:18:35,idle,ue1,3065046,851952.0006901002,0.851952
2026-06-22T22:18:35,idle,ue2,3065055,825328.5403039455,0.825329
2026-06-22T22:18:35,idle,ue3,3065064,865263.7610815859,0.865264
2026-06-22T22:18:35,idle,ue4,3065073,851952.0006901002,0.851952
2026-06-22T22:18:35,idle,ue5,3065816,865263.7610815859,0.865264
2026-06-22T22:18:35,idle,ue6,3065825,865263.7610815859,0.865264
2026-06-22T22:18:35,idle,ue7,3065834,861935.7756861019,0.861936
2026-06-22T22:18:35,idle,ue8,3065843,875247.5360775876,0.875248
2026-06-22T22:18:40,idle,cu_cp,3064793,336455.6849304339,0.336456
2026-06-22T22:18:40,idle,cu_up,3064821,333124.44769991515,0.333124
2026-06-22T22:18:40,idle,du1,3064983,3041426.083102312,3.041426
2026-06-22T22:18:40,idle,du2,3065751,3064744.7739096116,3.064745
2026-06-22T22:18:40,idle,ue1,3065046,852798.5426329005,0.852799
2026-06-22T22:18:40,idle,ue2,3065055,836142.386673975,0.836142
2026-06-22T22:18:40,idle,ue3,3065064,856129.8704444241,0.856130
2026-06-22T22:18:40,idle,ue4,3065073,846136.1285591996,0.846136
2026-06-22T22:18:40,idle,ue5,3065816,889442.2427496117,0.889442
2026-06-22T22:18:40,idle,ue6,3065825,882779.8286759108,0.882780
2026-06-22T22:18:40,idle,ue7,3065834,826148.705176087,0.826149
2026-06-22T22:18:40,idle,ue8,3065843,859461.0774812746,0.859461
2026-06-22T22:18:45,idle,cu_cp,3064793,333133.51183149515,0.333134
2026-06-22T22:18:45,idle,cu_up,3064821,333133.51183149515,0.333134
2026-06-22T22:18:45,idle,du1,3064983,3038827.5160232065,3.038828
2026-06-22T22:18:45,idle,du2,3065751,3046952.8735320806,3.046953
2026-06-22T22:18:45,idle,ue1,3065046,853146.7949006557,0.853147
2026-06-22T22:18:45,idle,ue2,3065055,828771.146238333,0.828771
2026-06-22T22:18:45,idle,ue3,3065064,853146.7949006557,0.853147
2026-06-22T22:18:45,idle,ue4,3065073,812520.7945328414,0.812521
2026-06-22T22:18:45,idle,ue5,3065816,853146.7949006557,0.853147
2026-06-22T22:18:45,idle,ue6,3065825,861272.0313054442,0.861272
2026-06-22T22:18:45,idle,ue7,3065834,836896.3826431215,0.836896
2026-06-22T22:18:45,idle,ue8,3065843,861272.0313054442,0.861272
2026-06-22T22:18:51,idle,cu_cp,3064793,334302.5983282641,0.334303
2026-06-22T22:18:51,idle,cu_up,3064821,347947.591222364,0.347948
2026-06-22T22:18:51,idle,du1,3064983,3029190.844026325,3.029191
2026-06-22T22:18:51,idle,du2,3065751,3104238.6076358915,3.104239
2026-06-22T22:18:51,idle,ue1,3065046,811877.682582981,0.811878
2026-06-22T22:18:51,idle,ue2,3065055,832345.2324625343,0.832345
2026-06-22T22:18:51,idle,ue3,3065064,852812.7218036843,0.852813
2026-06-22T22:18:51,idle,ue4,3065073,832345.2324625343,0.832345
2026-06-22T22:18:51,idle,ue5,3065816,845990.2253566342,0.845990
2026-06-22T22:18:51,idle,ue6,3065825,893747.7610243874,0.893748
2026-06-22T22:18:51,idle,ue7,3065834,845990.2253566342,0.845990
2026-06-22T22:18:51,idle,ue8,3065843,893747.7610243874,0.893748
2026-06-22T22:18:56,idle,cu_cp,3064793,339942.94035175204,0.339943
2026-06-22T22:18:56,idle,cu_up,3064821,339942.94035175204,0.339943
2026-06-22T22:18:56,idle,du1,3064983,3059486.4933406925,3.059486
2026-06-22T22:18:56,idle,du2,3065751,3053625.31607667,3.053625
2026-06-22T22:18:56,idle,ue1,3065046,843996.1887028194,0.843996
2026-06-22T22:18:56,idle,ue2,3065055,838135.1924883414,0.838135
2026-06-22T22:18:56,idle,ue3,3065064,849857.3056169939,0.849857
2026-06-22T22:18:56,idle,ue4,3065073,849857.3056169939,0.849857
2026-06-22T22:18:56,idle,ue5,3065816,855718.4225311684,0.855718
2026-06-22T22:18:56,idle,ue6,3065825,855718.4225311684,0.855718
2026-06-22T22:18:56,idle,ue7,3065834,861579.539445343,0.861580
2026-06-22T22:18:56,idle,ue8,3065843,779524.3250958371,0.779524
2026-06-22T22:19:02,idle,cu_cp,3064793,328751.31831939967,0.328751
2026-06-22T22:19:02,idle,cu_up,3064821,328751.31831939967,0.328751
2026-06-22T22:19:02,idle,du1,3064983,3046086.2326840973,3.046086
2026-06-22T22:19:02,idle,du2,3065751,3030675.977428489,3.030676
2026-06-22T22:19:02,idle,ue1,3065046,837288.4455490112,0.837288
2026-06-22T22:19:02,idle,ue2,3065055,837288.4455490112,0.837288
2026-06-22T22:19:02,idle,ue3,3065064,832151.7339895595,0.832152
2026-06-22T22:19:02,idle,ue4,3065073,827014.962141481,0.827015
2026-06-22T22:19:02,idle,ue5,3065816,862972.1239235235,0.862972
2026-06-22T22:19:02,idle,ue6,3065825,837288.4455490112,0.837288
2026-06-22T22:19:02,idle,ue7,3065834,827014.962141481,0.827015
2026-06-22T22:19:02,idle,ue8,3065843,821878.3108706558,0.821878
2026-06-22T22:19:07,idle,cu_cp,3064793,337937.4954755884,0.337937
2026-06-22T22:19:07,idle,cu_up,3064821,328636.4557129705,0.328636
2026-06-22T22:19:07,idle,du1,3064983,3078641.709155617,3.078642
2026-06-22T22:19:07,idle,du2,3065751,3078641.709155617,3.078642
2026-06-22T22:19:07,idle,ue1,3065046,818490.8330614865,0.818491
2026-06-22T22:19:07,idle,ue2,3065055,852594.5950661695,0.852595
2026-06-22T22:19:07,idle,ue3,3065064,846393.9220743907,0.846394
2026-06-22T22:19:07,idle,ue4,3065073,815390.496565597,0.815390
2026-06-22T22:19:07,idle,ue5,3065816,886698.4176207519,0.886698
2026-06-22T22:19:07,idle,ue6,3065825,858795.3286078477,0.858795
2026-06-22T22:19:07,idle,ue7,3065834,861895.6651037371,0.861896
2026-06-22T22:19:07,idle,ue8,3065843,855694.931562059,0.855695
2026-06-22T22:19:12,idle,cu_cp,3064793,335479.8088462561,0.335480
2026-06-22T22:19:12,idle,cu_up,3064821,329324.23842446925,0.329324
2026-06-22T22:19:12,idle,du1,3064983,3025473.9706167458,3.025474
2026-06-22T22:19:12,idle,du2,3065751,3031629.510893869,3.031630
2026-06-22T22:19:12,idle,ue1,3065046,818693.910708667,0.818694
2026-06-22T22:19:12,idle,ue2,3065055,846394.0228237032,0.846394
2026-06-22T22:19:12,idle,ue3,3065064,837160.6521186912,0.837161
2026-06-22T22:19:12,idle,ue4,3065073,818693.910708667,0.818694
2026-06-22T22:19:12,idle,ue5,3065816,871016.3648001779,0.871016
2026-06-22T22:19:12,idle,ue6,3065825,846394.0228237032,0.846394
2026-06-22T22:19:12,idle,ue7,3065834,840238.4825465798,0.840238
2026-06-22T22:19:12,idle,ue8,3065843,880249.7957945168,0.880250
2026-06-22T22:19:18,idle,cu_cp,3064793,333648.8020019531,0.333649
2026-06-22T22:19:18,idle,cu_up,3064821,330559.4612426758,0.330559
2026-06-22T22:19:18,idle,du1,3064983,3049179.3294067383,3.049179
2026-06-22T22:19:18,idle,du2,3065751,3033732.6256103516,3.033733
2026-06-22T22:19:18,idle,ue1,3065046,787781.8936157227,0.787782
2026-06-22T22:19:18,idle,ue2,3065055,809407.2789306641,0.809407
2026-06-22T22:19:18,idle,ue3,3065064,852658.0495605469,0.852658
2026-06-22T22:19:18,idle,ue4,3065073,827943.3234863281,0.827943
2026-06-22T22:19:18,idle,ue5,3065816,806317.9381713867,0.806318
2026-06-22T22:19:18,idle,ue6,3065825,852658.0495605469,0.852658
2026-06-22T22:19:18,idle,ue7,3065834,846479.3680419922,0.846479
2026-06-22T22:19:18,idle,ue8,3065843,865015.4125976563,0.865015
2026-06-22T22:19:28,idle,cu_cp,3064793,335285.5262854528,0.335286
2026-06-22T22:19:28,idle,cu_up,3064821,328837.7340983629,0.328838
2026-06-22T22:19:28,idle,du1,3064983,3069152.2252279664,3.069152
2026-06-22T22:19:28,idle,du2,3065751,3033689.3379665376,3.033689
2026-06-22T22:19:28,idle,ue1,3065046,847885.5493429184,0.847886
2026-06-22T22:19:28,idle,ue2,3065055,822094.3201296902,0.822094
2026-06-22T22:19:28,idle,ue3,3065064,838213.7703649807,0.838214
2026-06-22T22:19:28,idle,ue4,3065073,802750.9435684204,0.802751
2026-06-22T22:19:28,idle,ue5,3065816,847885.5493429184,0.847886
2026-06-22T22:19:28,idle,ue6,3065825,831766.0991076279,0.831766
2026-06-22T22:19:28,idle,ue7,3065834,838213.7703649807,0.838214
2026-06-22T22:19:28,idle,ue8,3065843,828542.1727816486,0.828542
2026-06-22T22:19:34,idle,cu_cp,3064793,337874.8512732124,0.337875
2026-06-22T22:19:34,idle,cu_up,3064821,337874.8512732124,0.337875
2026-06-22T22:19:34,idle,du1,3064983,3014373.516710169,3.014374
2026-06-22T22:19:34,idle,du2,3065751,3037560.992284012,3.037561
2026-06-22T22:19:34,idle,ue1,3065046,841374.519440654,0.841375
2026-06-22T22:19:34,idle,ue2,3065055,801624.6044801545,0.801625
2026-06-22T22:19:34,idle,ue3,3065064,844687.0677505082,0.844687
2026-06-22T22:19:34,idle,ue4,3065073,831437.0558086598,0.831437
2026-06-22T22:19:34,idle,ue5,3065816,854624.5313825023,0.854625
2026-06-22T22:19:34,idle,ue6,3065825,831437.0558086598,0.831437
2026-06-22T22:19:34,idle,ue7,3065834,867874.6037568736,0.867875
2026-06-22T22:19:34,idle,ue8,3065843,841374.519440654,0.841375
2026-06-22T22:19:39,idle,cu_cp,3064793,330636.2672019768,0.330636
2026-06-22T22:19:39,idle,cu_up,3064821,333976.02105966565,0.333976
2026-06-22T22:19:39,idle,du1,3064983,3072579.599462128,3.072580
2026-06-22T22:19:39,idle,du2,3065751,3045861.326585083,3.045861
2026-06-22T22:19:39,idle,ue1,3065046,848299.1134578324,0.848299
2026-06-22T22:19:39,idle,ue2,3065055,824920.83645401,0.824921
2026-06-22T22:19:39,idle,ue3,3065064,854978.5606693268,0.854979
2026-06-22T22:19:39,idle,ue4,3065073,804882.1923001099,0.804882
2026-06-22T22:19:39,idle,ue5,3065816,851638.8673155212,0.851639
2026-06-22T22:19:39,idle,ue6,3065825,848299.1134578324,0.848299
2026-06-22T22:19:39,idle,ue7,3065834,901735.2356847381,0.901735
2026-06-22T22:19:39,idle,ue8,3065843,885036.4058924103,0.885036
2026-06-22T22:19:44,idle,cu_cp,3064793,339606.6659473604,0.339607
2026-06-22T22:19:44,idle,cu_up,3064821,329618.25062647817,0.329618
2026-06-22T22:19:44,idle,du1,3064983,3029824.1991506554,3.029824
2026-06-22T22:19:44,idle,du2,3065751,3089755.0544341924,3.089755
2026-06-22T22:19:44,idle,ue1,3065046,865664.134762668,0.865664
2026-06-22T22:19:44,idle,ue2,3065055,812392.4854517841,0.812392
2026-06-22T22:19:44,idle,ue3,3065064,842357.7314144308,0.842358
2026-06-22T22:19:44,idle,ue4,3065073,835698.7676806068,0.835699
2026-06-22T22:19:44,idle,ue5,3065816,829039.8645064902,0.829040
2026-06-22T22:19:44,idle,ue6,3065825,822380.8402129591,0.822381
2026-06-22T22:19:44,idle,ue7,3065834,862334.6226159025,0.862335
2026-06-22T22:19:44,idle,ue8,3065843,829039.8645064902,0.829040
2026-06-22T22:19:50,idle,cu_cp,3064793,340063.08611456124,0.340063
2026-06-22T22:19:50,idle,cu_up,3064821,336729.12271347374,0.336729
2026-06-22T22:19:50,idle,du1,3064983,3083905.6096691536,3.083906
2026-06-22T22:19:50,idle,du2,3065751,3013892.499353635,3.013892
2026-06-22T22:19:50,idle,ue1,3065046,846823.7973005605,0.846824
2026-06-22T22:19:50,idle,ue2,3065055,843489.8944531328,0.843490
2026-06-22T22:19:50,idle,ue3,3065064,846823.7973005605,0.846824
2026-06-22T22:19:50,idle,ue4,3065073,836821.9676509578,0.836822
2026-06-22T22:19:50,idle,ue5,3065816,866827.5171534258,0.866828
2026-06-22T22:19:50,idle,ue6,3065825,860159.6509049105,0.860160
2026-06-22T22:19:50,idle,ue7,3065834,850157.760701648,0.850158
2026-06-22T22:19:50,idle,ue8,3065843,856825.6875038231,0.856826
2026-06-22T22:19:55,idle,cu_cp,3064793,339982.71031817794,0.339983
2026-06-22T22:19:55,idle,cu_up,3064821,329983.25438533723,0.329983
2026-06-22T22:19:55,idle,du1,3064983,3053178.2903419733,3.053178
2026-06-22T22:19:55,idle,du2,3065751,3009847.0225542784,3.009847
2026-06-22T22:19:55,idle,ue1,3065046,876622.1829782724,0.876622
2026-06-22T22:19:55,idle,ue2,3065055,809958.9218490422,0.809959
2026-06-22T22:19:55,idle,ue3,3065064,853290.008346498,0.853290
2026-06-22T22:19:55,idle,ue4,3065073,839957.3198626041,0.839957
2026-06-22T22:19:55,idle,ue5,3065816,876622.1829782724,0.876622
2026-06-22T22:19:55,idle,ue6,3065825,879955.324884206,0.879955
2026-06-22T22:19:55,idle,ue7,3065834,879955.324884206,0.879955
2026-06-22T22:19:55,idle,ue8,3065843,879955.324884206,0.879955
2026-06-22T22:20:00,idle,cu_cp,3064793,341877.7117067581,0.341878
2026-06-22T22:20:00,idle,cu_up,3064821,341877.7117067581,0.341878
2026-06-22T22:20:00,idle,du1,3064983,2971080.1200968456,2.971080
2026-06-22T22:20:00,idle,du2,3065751,3044339.507107458,3.044340
2026-06-22T22:20:00,idle,ue1,3065046,854694.2943280506,0.854694
2026-06-22T22:20:00,idle,ue2,3065055,846554.2821118212,0.846554
2026-06-22T22:20:00,idle,ue3,3065064,846554.2821118212,0.846554
2026-06-22T22:20:00,idle,ue4,3065073,822134.546686238,0.822135
2026-06-22T22:20:00,idle,ue5,3065816,846554.2821118212,0.846554
2026-06-22T22:20:00,idle,ue6,3065825,830274.4384132255,0.830274
2026-06-22T22:20:00,idle,ue7,3065834,887254.0419698632,0.887254
2026-06-22T22:20:00,idle,ue8,3065843,879114.0899982548,0.879114
2026-06-22T22:20:06,idle,cu_cp,3064793,340545.78601621924,0.340546
2026-06-22T22:20:06,idle,cu_up,3064821,333734.87994935183,0.333735
2026-06-22T22:20:06,idle,du1,3064983,3017235.7618449545,3.017236
2026-06-22T22:20:06,idle,du2,3065751,3024046.758412981,3.024047
2026-06-22T22:20:06,idle,ue1,3065046,830931.7468399459,0.830932
2026-06-22T22:20:06,idle,ue2,3065055,851364.4952076012,0.851364
2026-06-22T22:20:06,idle,ue3,3065064,830931.7468399459,0.830932
2026-06-22T22:20:06,idle,ue4,3065073,796877.1260044497,0.796877
2026-06-22T22:20:06,idle,ue5,3065816,851364.4952076012,0.851364
2026-06-22T22:20:06,idle,ue6,3065825,824120.8106060255,0.824121
2026-06-22T22:20:06,idle,ue7,3065834,858175.4314415216,0.858175
2026-06-22T22:20:06,idle,ue8,3065843,783255.3138707149,0.783255
2026-06-22T22:20:11,idle,cu_cp,3064793,334123.083185648,0.334123
2026-06-22T22:20:11,idle,cu_up,3064821,339984.91390849947,0.339985
2026-06-22T22:20:11,idle,du1,3064983,3036416.9022850897,3.036417
2026-06-22T22:20:11,idle,du2,3065751,3018831.3195439004,3.018831
2026-06-22T22:20:11,idle,ue1,3065046,849962.2847712487,0.849962
2026-06-22T22:20:11,idle,ue2,3065055,826515.0222615993,0.826515
2026-06-22T22:20:11,idle,ue3,3065064,826515.0222615993,0.826515
2026-06-22T22:20:11,idle,ue4,3065073,797205.9592199767,0.797206
2026-06-22T22:20:11,idle,ue5,3065816,861685.8858351952,0.861686
2026-06-22T22:20:11,idle,ue6,3065825,826515.0222615993,0.826515
2026-06-22T22:20:11,idle,ue7,3065834,844100.423857519,0.844100
2026-06-22T22:20:11,idle,ue8,3065843,855824.0249214655,0.855824
2026-06-22T22:20:17,idle,cu_cp,3064793,331852.5669832462,0.331853
2026-06-22T22:20:17,idle,cu_up,3064821,331852.5669832462,0.331853
2026-06-22T22:20:17,idle,du1,3064983,3054080.643241415,3.054081
2026-06-22T22:20:17,idle,du2,3065751,3090377.1924560117,3.090377
2026-06-22T22:20:17,idle,ue1,3065046,871112.9505578744,0.871113
2026-06-22T22:20:17,idle,ue2,3065055,819260.9964100289,0.819261
2026-06-22T22:20:17,idle,ue3,3065064,860742.6201653403,0.860743
2026-06-22T22:20:17,idle,ue4,3065073,798520.2751879257,0.798520
2026-06-22T22:20:17,idle,ue5,3065816,845187.0339209867,0.845187
2026-06-22T22:20:17,idle,ue6,3065825,808890.6660174947,0.808891
2026-06-22T22:20:17,idle,ue7,3065834,865927.8760171598,0.865928
2026-06-22T22:20:17,idle,ue8,3065843,840001.898943237,0.840002
2026-06-22T22:20:22,idle,cu_cp,3064793,330532.32088973554,0.330532
2026-06-22T22:20:22,idle,cu_up,3064821,336710.4812715232,0.336710
2026-06-22T22:20:22,idle,du1,3064983,3042750.8335454296,3.042751
2026-06-22T22:20:22,idle,du2,3065751,3021127.1059825397,3.021127
2026-06-22T22:20:22,idle,ue1,3065046,849498.9716578472,0.849499
2026-06-22T22:20:22,idle,ue2,3065055,874211.6736310464,0.874212
2026-06-22T22:20:22,idle,ue3,3065064,858766.257565065,0.858766
2026-06-22T22:20:22,idle,ue4,3065073,775360.8657382494,0.775361
2026-06-22T22:20:22,idle,ue5,3065816,852588.0065142048,0.852588
2026-06-22T22:20:22,idle,ue6,3065825,852588.0065142048,0.852588
2026-06-22T22:20:22,idle,ue7,3065834,821697.1743822419,0.821697
2026-06-22T22:20:22,idle,ue8,3065843,818608.079079836,0.818608
2026-06-22T22:20:27,idle,cu_cp,3064793,335701.6756329274,0.335702
2026-06-22T22:20:27,idle,cu_up,3064821,332621.8351645932,0.332622
2026-06-22T22:20:27,idle,du1,3064983,3021314.839298797,3.021315
2026-06-22T22:20:27,idle,du2,3065751,3036714.313212712,3.036714
2026-06-22T22:20:27,idle,ue1,3065046,850033.555284754,0.850034
2026-06-22T22:20:27,idle,ue2,3065055,834634.3831177765,0.834634
2026-06-22T22:20:27,idle,ue3,3065064,846953.7449911135,0.846954
2026-06-22T22:20:27,idle,ue4,3065073,816155.4006571585,0.816155
2026-06-22T22:20:27,idle,ue5,3065816,868512.537745372,0.868513
2026-06-22T22:20:27,idle,ue6,3065825,856193.2362214226,0.856193
2026-06-22T22:20:27,idle,ue7,3065834,850033.555284754,0.850034
2026-06-22T22:20:27,idle,ue8,3065843,883911.7099123496,0.883912
2026-06-22T22:20:33,dl,cu_cp,3064793,335240.19323147624,0.335240
2026-06-22T22:20:33,dl,cu_up,3064821,329089.02797195344,0.329089
2026-06-22T22:20:33,dl,du1,3064983,2961801.342100482,2.961801
2026-06-22T22:20:33,dl,du2,3065751,3035615.566155825,3.035616
2026-06-22T22:20:33,dl,ue1,3065046,842713.9774938673,0.842714
2026-06-22T22:20:33,dl,ue2,3065055,848865.1427533901,0.848865
2026-06-22T22:20:33,dl,ue3,3065064,830411.5867395544,0.830412
2026-06-22T22:20:33,dl,ue4,3065073,790428.7414939535,0.790429
2026-06-22T22:20:33,dl,ue5,3065816,867318.759002493,0.867319
2026-06-22T22:20:33,dl,ue6,3065825,845789.5300059951,0.845790
2026-06-22T22:20:33,dl,ue7,3065834,885772.3150163287,0.885772
2026-06-22T22:20:33,dl,ue8,3065843,873469.9242620158,0.873470
2026-06-22T22:20:38,dl,cu_cp,3064793,401401.77855153085,0.401402
2026-06-22T22:20:38,dl,cu_up,3064821,621639.9471943378,0.621640
2026-06-22T22:20:38,dl,du1,3064983,4252017.294538116,4.252017
2026-06-22T22:20:38,dl,du2,3065751,4252017.294538116,4.252017
2026-06-22T22:20:38,dl,ue1,3065046,1676651.7791155577,1.676652
2026-06-22T22:20:38,dl,ue2,3065055,1648233.8295585155,1.648234
2026-06-22T22:20:38,dl,ue3,3065064,1630472.7678227425,1.630473
2026-06-22T22:20:38,dl,ue4,3065073,1499040.325825143,1.499040
2026-06-22T22:20:38,dl,ue5,3065816,1737039.556203723,1.737040
2026-06-22T22:20:38,dl,ue6,3065825,1623368.3152640103,1.623368
2026-06-22T22:20:38,dl,ue7,3065834,1665995.0306164026,1.665995
2026-06-22T22:20:38,dl,ue8,3065843,1449309.0185919045,1.449309
2026-06-22T22:20:44,dl,cu_cp,3064793,422741.7684434509,0.422742
2026-06-22T22:20:44,dl,cu_up,3064821,736889.2985414314,0.736889
2026-06-22T22:20:44,dl,du1,3064983,4708335.087777214,4.708335
2026-06-22T22:20:44,dl,du2,3065751,4739361.764624863,4.739362
2026-06-22T22:20:44,dl,ue1,3065046,1888763.6238661767,1.888764
2026-06-22T22:20:44,dl,ue2,3065055,1892641.92224802,1.892642
2026-06-22T22:20:44,dl,ue3,3065064,1946939.1138689804,1.946939
2026-06-22T22:20:44,dl,ue4,3065073,1950817.412250824,1.950817
2026-06-22T22:20:44,dl,ue5,3065816,1912033.848846588,1.912034
2026-06-22T22:20:44,dl,ue6,3065825,1919790.5905067252,1.919791
2026-06-22T22:20:44,dl,ue7,3065834,1954695.8555291176,1.954696
2026-06-22T22:20:44,dl,ue8,3065843,1985722.8221696662,1.985723
2026-06-22T22:20:49,dl,cu_cp,3064793,428017.2975710404,0.428017
2026-06-22T22:20:49,dl,cu_up,3064821,752030.3960660195,0.752030
2026-06-22T22:20:49,dl,du1,3064983,4772193.164558602,4.772193
2026-06-22T22:20:49,dl,du2,3065751,4756192.2057305435,4.756192
2026-06-22T22:20:49,dl,ue1,3065046,1912077.2542584206,1.912077
2026-06-22T22:20:49,dl,ue2,3065055,1904076.9200805568,1.904077
2026-06-22T22:20:49,dl,ue3,3065064,1960079.1140894366,1.960079
2026-06-22T22:20:49,dl,ue4,3065073,1988080.5015662075,1.988081
2026-06-22T22:20:49,dl,ue5,3065816,1932078.0170849967,1.932078
2026-06-22T22:20:49,dl,ue6,3065825,1960079.1140894366,1.960079
2026-06-22T22:20:49,dl,ue7,3065834,1984080.2618591927,1.984080
2026-06-22T22:20:49,dl,ue8,3065843,2028081.8819831943,2.028082
2026-06-22T22:20:54,dl,cu_cp,3064793,422866.4701764643,0.422866
2026-06-22T22:20:54,dl,cu_up,3064821,757968.1546331453,0.757968
2026-06-22T22:20:54,dl,du1,3064983,4711370.587128026,4.711371
2026-06-22T22:20:54,dl,du2,3065751,4731317.010401952,4.731317
2026-06-22T22:20:54,dl,ue1,3065046,1910877.699640174,1.910878
2026-06-22T22:20:54,dl,ue2,3065055,1894920.3865828633,1.894920
2026-06-22T22:20:54,dl,ue3,3065064,1962738.6036635793,1.962739
2026-06-22T22:20:54,dl,ue4,3065073,2002631.740941714,2.002632
2026-06-22T22:20:54,dl,ue5,3065816,1902899.0431115187,1.902899
2026-06-22T22:20:54,dl,ue6,3065825,1886941.730054208,1.886942
2026-06-22T22:20:54,dl,ue7,3065834,1950770.691553167,1.950771
2026-06-22T22:20:54,dl,ue8,3065843,2026567.4197973968,2.026567
2026-06-22T22:21:00,dl,cu_cp,3064793,421118.0294686258,0.421118
2026-06-22T22:21:00,dl,cu_up,3064821,655513.8783291465,0.655514
2026-06-22T22:21:00,dl,du1,3064983,4636271.033446848,4.636271
2026-06-22T22:21:00,dl,du2,3065751,4640243.598145208,4.640244
2026-06-22T22:21:00,dl,ue1,3065046,1887085.4971344792,1.887085
2026-06-22T22:21:00,dl,ue2,3065055,1847357.392059598,1.847357
2026-06-22T22:21:00,dl,ue3,3065064,1942704.7285644293,1.942705
2026-06-22T22:21:00,dl,ue4,3065073,1938732.0192724646,1.938732
2026-06-22T22:21:00,dl,ue5,3065816,1891058.3510200488,1.891058
2026-06-22T22:21:00,dl,ue6,3065825,1875167.0800713755,1.875167
2026-06-22T22:21:00,dl,ue7,3065834,1962568.7088050675,1.962569
2026-06-22T22:21:00,dl,ue8,3065843,1998324.104587984,1.998324
2026-06-22T22:21:05,dl,cu_cp,3064793,432292.9521388024,0.432293
2026-06-22T22:21:05,dl,cu_up,3064821,700474.6659880006,0.700475
2026-06-22T22:21:05,dl,du1,3064983,4727203.373151233,4.727203
2026-06-22T22:21:05,dl,du2,3065751,4867298.218859546,4.867298
2026-06-22T22:21:05,dl,ue1,3065046,1897285.6817313766,1.897286
2026-06-22T22:21:05,dl,ue2,3065055,1925304.7091992307,1.925305
2026-06-22T22:21:05,dl,ue3,3065064,2001356.23019871,2.001356
2026-06-22T22:21:05,dl,ue4,3065073,1993350.6687946273,1.993351
2026-06-22T22:21:05,dl,ue5,3065816,1917299.2936106264,1.917299
2026-06-22T22:21:05,dl,ue6,3065825,1977339.8376174187,1.977340
2026-06-22T22:21:05,dl,ue7,3065834,1977339.8376174187,1.977340
2026-06-22T22:21:05,dl,ue8,3065843,2081410.5319002306,2.081411
2026-06-22T22:21:10,dl,cu_cp,3064793,418528.4809329632,0.418528
2026-06-22T22:21:10,dl,cu_up,3064821,710525.0828605103,0.710525
2026-06-22T22:21:10,dl,du1,3064983,4671945.630840754,4.671946
2026-06-22T22:21:10,dl,du2,3065751,4701145.490905111,4.701145
2026-06-22T22:21:10,dl,ue1,3065046,1868778.2523363018,1.868778
2026-06-22T22:21:10,dl,ue2,3065055,1868778.2523363018,1.868778
2026-06-22T22:21:10,dl,ue3,3065064,1956377.2510847116,1.956377
2026-06-22T22:21:10,dl,ue4,3065073,1927177.681742685,1.927178
2026-06-22T22:21:10,dl,ue5,3065816,1859045.0141019046,1.859045
2026-06-22T22:21:10,dl,ue6,3065825,1888244.7288050961,1.888245
2026-06-22T22:21:10,dl,ue7,3065834,1946644.0128503144,1.946644
2026-06-22T22:21:10,dl,ue8,3065843,2034243.0115987242,2.034243
2026-06-22T22:21:16,dl,cu_cp,3064793,423791.1030819523,0.423791
2026-06-22T22:21:16,dl,cu_up,3064821,711649.1971833253,0.711649
2026-06-22T22:21:16,dl,du1,3064983,4669698.389044838,4.669698
2026-06-22T22:21:16,dl,du2,3065751,4621722.015908692,4.621722
2026-06-22T22:21:16,dl,ue1,3065046,1871077.684016676,1.871078
2026-06-22T22:21:16,dl,ue2,3065055,1871077.684016676,1.871078
2026-06-22T22:21:16,dl,ue3,3065064,1927050.167580681,1.927050
2026-06-22T22:21:16,dl,ue4,3065073,1927050.167580681,1.927050
2026-06-22T22:21:16,dl,ue5,3065816,1887069.7601568901,1.887070
2026-06-22T22:21:16,dl,ue6,3065825,1871077.684016676,1.871078
2026-06-22T22:21:16,dl,ue7,3065834,1887069.7601568901,1.887070
2026-06-22T22:21:16,dl,ue8,3065843,1983022.5064291824,1.983023
2026-06-22T22:21:21,dl,cu_cp,3064793,417575.86924222705,0.417576
2026-06-22T22:21:21,dl,cu_up,3064821,718778.0945065499,0.718778
2026-06-22T22:21:21,dl,du1,3064983,4696017.058407498,4.696017
2026-06-22T22:21:21,dl,du2,3065751,4709708.169330311,4.709708
2026-06-22T22:21:21,dl,ue1,3065046,1896205.2094633102,1.896205
2026-06-22T22:21:21,dl,ue2,3065055,1882514.0985404968,1.882514
2026-06-22T22:21:21,dl,ue3,3065064,1937278.2517350197,1.937278
2026-06-22T22:21:21,dl,ue4,3065073,1964660.1830839156,1.964660
2026-06-22T22:21:21,dl,ue5,3065816,1889359.6540019035,1.889360
2026-06-22T22:21:21,dl,ue6,3065825,1861977.577404642,1.861978
2026-06-22T22:21:21,dl,ue7,3065834,1937278.2517350197,1.937278
2026-06-22T22:21:21,dl,ue8,3065843,1978351.294006729,1.978351
2026-06-22T22:21:27,dl,cu_cp,3064793,414699.93391812086,0.414700
2026-06-22T22:21:27,dl,cu_up,3064821,746459.8738006973,0.746460
2026-06-22T22:21:27,dl,du1,3064983,4668336.040511932,4.668336
2026-06-22T22:21:27,dl,du2,3065751,4615017.892493038,4.615018
2026-06-22T22:21:27,dl,ue1,3065046,1889846.7842152119,1.889847
2026-06-22T22:21:27,dl,ue2,3065055,1848376.8234570408,1.848377
2026-06-22T22:21:27,dl,ue3,3065064,1937240.983642149,1.937241
2026-06-22T22:21:27,dl,ue4,3065073,1949089.6060180855,1.949090
2026-06-22T22:21:27,dl,ue5,3065816,1883922.5455464458,1.883923
2026-06-22T22:21:27,dl,ue6,3065825,1872073.9231705093,1.872074
2026-06-22T22:21:27,dl,ue7,3065834,1931316.5999349784,1.931317
2026-06-22T22:21:27,dl,ue8,3065843,1984635.3281074904,1.984635
2026-06-22T22:21:32,dl,cu_cp,3064793,420413.6747648269,0.420414
2026-06-22T22:21:32,dl,cu_up,3064821,704377.3140816807,0.704377
2026-06-22T22:21:32,dl,du1,3064983,4668804.0059200525,4.668804
2026-06-22T22:21:32,dl,du2,3065751,4650365.100577784,4.650365
2026-06-22T22:21:32,dl,ue1,3065046,1866046.513188696,1.866047
2026-06-22T22:21:32,dl,ue2,3065055,1873422.2496860265,1.873422
2026-06-22T22:21:32,dl,ue3,3065064,1936115.5740122795,1.936116
2026-06-22T22:21:32,dl,ue4,3065073,1965618.229400897,1.965618
2026-06-22T22:21:32,dl,ue5,3065816,1902924.9050746441,1.902925
2026-06-22T22:21:32,dl,ue6,3065825,1910300.7868723273,1.910301
2026-06-22T22:21:32,dl,ue7,3065834,1936115.5740122795,1.936116
2026-06-22T22:21:32,dl,ue8,3065843,2013560.2260328413,2.013560
2026-06-22T22:21:38,dl,cu_cp,3064793,430043.29443629086,0.430043
2026-06-22T22:21:38,dl,cu_up,3064821,682137.6872491789,0.682138
2026-06-22T22:21:38,dl,du1,3064983,4749012.91253851,4.749013
2026-06-22T22:21:38,dl,du2,3065751,4711940.07574924,4.711940
2026-06-22T22:21:38,dl,ue1,3065046,1905536.7780465388,1.905537
2026-06-22T22:21:38,dl,ue2,3065055,1905536.7780465388,1.905537
2026-06-22T22:21:38,dl,ue3,3065064,2024169.4764029693,2.024169
2026-06-22T22:21:38,dl,ue4,3065073,2013047.5378194428,2.013048
2026-06-22T22:21:38,dl,ue5,3065816,1920365.737668755,1.920366
2026-06-22T22:21:38,dl,ue6,3065825,1912951.4037688898,1.912951
2026-06-22T22:21:38,dl,ue7,3065834,1979682.0138913488,1.979682
2026-06-22T22:21:38,dl,ue8,3065843,2035291.12316401,2.035291
2026-06-22T22:21:43,dl,cu_cp,3064793,418884.32334524987,0.418884
2026-06-22T22:21:43,dl,cu_up,3064821,709163.8685917247,0.709164
2026-06-22T22:21:43,dl,du1,3064983,4710611.5391714005,4.710612
2026-06-22T22:21:43,dl,du2,3065751,4703262.781923866,4.703263
2026-06-22T22:21:43,dl,ue1,3065046,1903351.675229659,1.903352
2026-06-22T22:21:43,dl,ue2,3065055,1888653.8700170803,1.888654
2026-06-22T22:21:43,dl,ue3,3065064,1929072.6163135385,1.929073
2026-06-22T22:21:43,dl,ue4,3065073,1947444.8001498843,1.947445
2026-06-22T22:21:43,dl,ue5,3065816,1907026.053853426,1.907026
2026-06-22T22:21:43,dl,ue6,3065825,1866607.4529157234,1.866607
2026-06-22T22:21:43,dl,ue7,3065834,1991537.7797113538,1.991538
2026-06-22T22:21:43,dl,ue8,3065843,1969491.2172512412,1.969491
2026-06-22T22:21:48,dl,cu_cp,3064793,420357.21574622986,0.420357
2026-06-22T22:21:48,dl,cu_up,3064821,724365.5241009354,0.724366
2026-06-22T22:21:48,dl,du1,3064983,4729018.713623953,4.729019
2026-06-22T22:21:48,dl,du2,3065751,4668967.495197463,4.668967
2026-06-22T22:21:48,dl,ue1,3065046,1906620.2025069236,1.906620
2026-06-22T22:21:48,dl,ue2,3065055,1887854.3061852455,1.887854
2026-06-22T22:21:48,dl,ue3,3065064,1940398.9034352242,1.940399
2026-06-22T22:21:48,dl,ue4,3065073,2052994.5731962263,2.052995
2026-06-22T22:21:48,dl,ue5,3065816,1914126.6777679683,1.914127
2026-06-22T22:21:48,dl,ue6,3065825,1884101.0685547232,1.884101
2026-06-22T22:21:48,dl,ue7,3065834,1947905.378696269,1.947905
2026-06-22T22:21:48,dl,ue8,3065843,1977930.8419940472,1.977931
2026-06-22T22:21:54,dl,cu_cp,3064793,423896.80634265783,0.423897
2026-06-22T22:21:54,dl,cu_up,3064821,723823.8551039963,0.723824
2026-06-22T22:21:54,dl,du1,3064983,4646869.030162067,4.646869
2026-06-22T22:21:54,dl,du2,3065751,4690858.061956961,4.690858
2026-06-22T22:21:54,dl,ue1,3065046,1879542.5091042626,1.879543
2026-06-22T22:21:54,dl,ue2,3065055,1887540.64715793,1.887541
2026-06-22T22:21:54,dl,ue3,3065064,1923531.8318992674,1.923532
2026-06-22T22:21:54,dl,ue4,3065073,1927530.9009261013,1.927531
2026-06-22T22:21:54,dl,ue5,3065816,1891539.5706847084,1.891540
2026-06-22T22:21:54,dl,ue6,3065825,1867545.4475238167,1.867545
2026-06-22T22:21:54,dl,ue7,3065834,1939527.9625065469,1.939528
2026-06-22T22:21:54,dl,ue8,3065843,1967521.1546942722,1.967521
2026-06-22T22:21:59,dl,cu_cp,3064793,416910.8422774494,0.416911
2026-06-22T22:21:59,dl,cu_up,3064821,701532.6347318458,0.701533
2026-06-22T22:21:59,dl,du1,3064983,4702273.076604223,4.702273
2026-06-22T22:21:59,dl,du2,3065751,4618089.195393219,4.618089
2026-06-22T22:21:59,dl,ue1,3065046,1852046.260562525,1.852046
2026-06-22T22:21:59,dl,ue2,3065055,1868081.0982864331,1.868081
2026-06-22T22:21:59,dl,ue3,3065064,1936230.1417735291,1.936230
2026-06-22T22:21:59,dl,ue4,3065073,1960282.7624929047,1.960283
2026-06-22T22:21:59,dl,ue5,3065816,1896142.5376768399,1.896143
2026-06-22T22:21:59,dl,ue6,3065825,1827993.639843149,1.827994
2026-06-22T22:21:59,dl,ue7,3065834,1944247.633462186,1.944248
2026-06-22T22:21:59,dl,ue8,3065843,1984335.09190547,1.984335
2026-06-22T22:22:04,dl,cu_cp,3064793,434027.38153363345,0.434027
2026-06-22T22:22:04,dl,cu_up,3064821,711322.7026380658,0.711323
2026-06-22T22:22:04,dl,du1,3064983,4657756.962835341,4.657757
2026-06-22T22:22:04,dl,du2,3065751,4697944.752811832,4.697945
2026-06-22T22:22:04,dl,ue1,3065046,1876766.4997076034,1.876766
2026-06-22T22:22:04,dl,ue2,3065055,1896860.5403681756,1.896861
2026-06-22T22:22:04,dl,ue3,3065064,1957142.0796605872,1.957142
2026-06-22T22:22:04,dl,ue4,3065073,1977235.9746488333,1.977236
2026-06-22T22:22:04,dl,ue5,3065816,1904898.0109600783,1.904898
2026-06-22T22:22:04,dl,ue6,3065825,1876766.4997076034,1.876766
2026-06-22T22:22:04,dl,ue7,3065834,1949104.3177240323,1.949104
2026-06-22T22:22:04,dl,ue8,3065843,2001348.6777691937,2.001349
2026-06-22T22:22:10,dl,cu_cp,3064793,420326.2809204054,0.420326
2026-06-22T22:22:10,dl,cu_up,3064821,708549.9831241369,0.708550
2026-06-22T22:22:10,dl,du1,3064983,4691641.633640546,4.691642
2026-06-22T22:22:10,dl,du2,3065751,4731672.541591186,4.731673
2026-06-22T22:22:10,dl,ue1,3065046,1877457.3007392096,1.877457
2026-06-22T22:22:10,dl,ue2,3065055,1869451.1191490816,1.869451
2026-06-22T22:22:10,dl,ue3,3065064,1945510.1354950785,1.945510
2026-06-22T22:22:10,dl,ue4,3065073,1929497.6266949319,1.929498
2026-06-22T22:22:10,dl,ue5,3065816,1897472.7547145295,1.897473
2026-06-22T22:22:10,dl,ue6,3065825,1841429.3379637431,1.841429
2026-06-22T22:22:10,dl,ue7,3065834,1925494.535899868,1.925495
2026-06-22T22:22:10,dl,ue8,3065843,2005556.7886608196,2.005557
2026-06-22T22:22:15,dl,cu_cp,3064793,421311.7143760121,0.421312
2026-06-22T22:22:15,dl,cu_up,3064821,694161.2222580302,0.694161
2026-06-22T22:22:15,dl,du1,3064983,4682578.303755765,4.682578
2026-06-22T22:22:15,dl,du2,3065751,4706653.354698658,4.706653
2026-06-22T22:22:15,dl,ue1,3065046,1905933.8522344136,1.905934
2026-06-22T22:22:15,dl,ue2,3065055,1885871.3583943106,1.885871
2026-06-22T22:22:15,dl,ue3,3065064,1925996.2002375936,1.925996
2026-06-22T22:22:15,dl,ue4,3065073,1950071.2511804868,1.950071
2026-06-22T22:22:15,dl,ue5,3065816,1901921.4409685468,1.901921
2026-06-22T22:22:15,dl,ue6,3065825,1869821.4216569972,1.869821
2026-06-22T22:22:15,dl,ue7,3065834,1958096.3653860665,1.958096
2026-06-22T22:22:15,dl,ue8,3065843,2002233.6184952164,2.002234
2026-06-22T22:22:21,dl,cu_cp,3064793,438926.20798170805,0.438926
2026-06-22T22:22:21,dl,cu_up,3064821,702281.9619319903,0.702282
2026-06-22T22:22:21,dl,du1,3064983,4661396.392920506,4.661396
2026-06-22T22:22:21,dl,du2,3065751,4749181.401226788,4.749181
2026-06-22T22:22:21,dl,ue1,3065046,1869825.6634988307,1.869826
2026-06-22T22:22:21,dl,ue2,3065055,1869825.6634988307,1.869826
2026-06-22T22:22:21,dl,ue3,3065064,1922496.8726114023,1.922497
2026-06-22T22:22:21,dl,ue4,3065073,1931275.4317645454,1.931275
2026-06-22T22:22:21,dl,ue5,3065816,1896161.1951519728,1.896161
2026-06-22T22:22:21,dl,ue6,3065825,1878604.222651974,1.878604
2026-06-22T22:22:21,dl,ue7,3065834,1948832.5500708318,1.948833
2026-06-22T22:22:21,dl,ue8,3065843,1957610.9634176875,1.957611
2026-06-22T22:22:26,dl,cu_cp,3064793,409614.0119215268,0.409614
2026-06-22T22:22:26,dl,cu_up,3064821,687566.3447766138,0.687566
2026-06-22T22:22:26,dl,du1,3064983,4586214.126705537,4.586214
2026-06-22T22:22:26,dl,du2,3065751,4593528.450884657,4.593528
2026-06-22T22:22:26,dl,ue1,3065046,1901779.2607683348,1.901779
2026-06-22T22:22:26,dl,ue2,3065055,1857892.1552883983,1.857892
2026-06-22T22:22:26,dl,ue3,3065064,1938352.0420691513,1.938352
2026-06-22T22:22:26,dl,ue4,3065073,1960295.5948091196,1.960296
2026-06-22T22:22:26,dl,ue5,3065816,1887150.1772581385,1.887150
2026-06-22T22:22:26,dl,ue6,3065825,1894464.7915385629,1.894465
2026-06-22T22:22:26,dl,ue7,3065834,1923722.9585589552,1.923723
2026-06-22T22:22:26,dl,ue8,3065843,2011497.4596201323,2.011497
2026-06-22T22:22:31,dl,cu_cp,3064793,431372.0415613568,0.431372
2026-06-22T22:22:31,dl,cu_up,3064821,723182.5230546409,0.723183
2026-06-22T22:22:31,dl,du1,3064983,4783154.760673671,4.783155
2026-06-22T22:22:31,dl,du2,3065751,4757779.599104733,4.757780
2026-06-22T22:22:31,dl,ue1,3065046,1909455.6007771504,1.909456
2026-06-22T22:22:31,dl,ue2,3065055,1915799.3911693848,1.915799
2026-06-22T22:22:31,dl,ue3,3065064,1972892.626990174,1.972893
2026-06-22T22:22:31,dl,ue4,3065073,1972892.626990174,1.972893
2026-06-22T22:22:31,dl,ue5,3065816,1896768.1662775683,1.896768
2026-06-22T22:22:31,dl,ue6,3065825,1915799.3911693848,1.915799
2026-06-22T22:22:31,dl,ue7,3065834,1972892.626990174,1.972893
2026-06-22T22:22:31,dl,ue8,3065843,2029986.00909585,2.029986
2026-06-22T22:22:37,dl,cu_cp,3064793,432444.2892252195,0.432444
2026-06-22T22:22:37,dl,cu_up,3064821,717044.3657805312,0.717044
2026-06-22T22:22:37,dl,du1,3064983,4694053.35096194,4.694053
2026-06-22T22:22:37,dl,du2,3065751,4764279.559930465,4.764280
2026-06-22T22:22:37,dl,ue1,3065046,1921974.6187787533,1.921975
2026-06-22T22:22:37,dl,ue2,3065055,1907190.153732748,1.907190
2026-06-22T22:22:37,dl,ue3,3065064,1984808.303364179,1.984808
2026-06-22T22:22:37,dl,ue4,3065073,1947847.4326092624,1.947847
2026-06-22T22:22:37,dl,ue5,3065816,1892405.6886867427,1.892406
2026-06-22T22:22:37,dl,ue6,3065825,1888709.7183552897,1.888710
2026-06-22T22:22:37,dl,ue7,3065834,1933062.821633209,1.933063
2026-06-22T22:22:37,dl,ue8,3065843,2066122.7151871598,2.066123
2026-06-22T22:22:42,dl,cu_cp,3064793,424056.89051907597,0.424057
2026-06-22T22:22:42,dl,cu_up,3064821,722740.4705297023,0.722740
2026-06-22T22:22:42,dl,du1,3064983,4679375.60123085,4.679376
2026-06-22T22:22:42,dl,du2,3065751,4653563.314098473,4.653563
2026-06-22T22:22:42,dl,ue1,3065046,1854788.0260574662,1.854788
2026-06-22T22:22:42,dl,ue2,3065055,1895349.9001898253,1.895350
2026-06-22T22:22:42,dl,ue3,3065064,1946974.1830932032,1.946974
2026-06-22T22:22:42,dl,ue4,3065073,1965411.385364213,1.965411
2026-06-22T22:22:42,dl,ue5,3065816,1906412.1632801557,1.906412
2026-06-22T22:22:42,dl,ue6,3065825,1858475.3499671174,1.858475
2026-06-22T22:22:42,dl,ue7,3065834,1950661.652683543,1.950662
2026-06-22T22:22:42,dl,ue8,3065843,1972786.3245448924,1.972786
2026-06-22T22:22:48,dl,cu_cp,3064793,417276.4352551341,0.417276
2026-06-22T22:22:48,dl,cu_up,3064821,710102.0318935513,0.710102
2026-06-22T22:22:48,dl,du1,3064983,4703510.791861439,4.703511
2026-06-22T22:22:48,dl,du2,3065751,4619323.08594923,4.619323
2026-06-22T22:22:48,dl,ue1,3065046,1885064.4787002325,1.885064
2026-06-22T22:22:48,dl,ue2,3065055,1896045.4585514783,1.896045
2026-06-22T22:22:48,dl,ue3,3065064,1928988.398105216,1.928988
2026-06-22T22:22:48,dl,ue4,3065073,1947290.0796204568,1.947290
2026-06-22T22:22:48,dl,ue5,3065816,1870423.3659512282,1.870423
2026-06-22T22:22:48,dl,ue6,3065825,1874083.6441384791,1.874084
2026-06-22T22:22:48,dl,ue7,3065834,1921667.8417307138,1.921668
2026-06-22T22:22:48,dl,ue8,3065843,1976572.4504079581,1.976572
2026-06-22T22:22:53,dl,cu_cp,3064793,428110.2215928698,0.428110
2026-06-22T22:22:53,dl,cu_up,3064821,719668.0826512098,0.719668
2026-06-22T22:22:53,dl,du1,3064983,4709212.145726185,4.709212
2026-06-22T22:22:53,dl,du2,3065751,4661234.857140202,4.661235
2026-06-22T22:22:53,dl,ue1,3065046,1893280.4910849,1.893280
2026-06-22T22:22:53,dl,ue2,3065055,1900661.7470806122,1.900662
2026-06-22T22:22:53,dl,ue3,3065064,1952330.2472552157,1.952330
2026-06-22T22:22:53,dl,ue4,3065073,1967092.7592466401,1.967093
2026-06-22T22:22:53,dl,ue5,3065816,1904352.229180777,1.904352
2026-06-22T22:22:53,dl,ue6,3065825,1871136.8689954544,1.871137
2026-06-22T22:22:53,dl,ue7,3065834,1944948.845361812,1.944949
2026-06-22T22:22:53,dl,ue8,3065843,2033523.625514977,2.033524
2026-06-22T22:22:59,dl,cu_cp,3064793,424247.6559089854,0.424248
2026-06-22T22:22:59,dl,cu_up,3064821,709722.7730164301,0.709723
2026-06-22T22:22:59,dl,du1,3064983,4694479.007033062,4.694479
2026-06-22T22:22:59,dl,du2,3065751,4682584.111780698,4.682584
2026-06-22T22:22:59,dl,ue1,3065046,1871447.629522332,1.871448
2026-06-22T22:22:59,dl,ue2,3065055,1887307.3440773224,1.887307
2026-06-22T22:22:59,dl,ue3,3065064,1934886.487742294,1.934886
2026-06-22T22:22:59,dl,ue4,3065073,1962640.9517681538,1.962641
2026-06-22T22:22:59,dl,ue5,3065816,1903167.058632313,1.903167
2026-06-22T22:22:59,dl,ue6,3065825,1859552.8800514627,1.859553
2026-06-22T22:22:59,dl,ue7,3065834,1966606.0626337696,1.966606
2026-06-22T22:22:59,dl,ue8,3065843,1978500.957886133,1.978501
2026-06-22T22:23:04,dl,cu_cp,3064793,426108.0421477264,0.426108
2026-06-22T22:23:04,dl,cu_up,3064821,719559.8201474887,0.719560
2026-06-22T22:23:04,dl,du1,3064983,4747486.552505143,4.747487
2026-06-22T22:23:04,dl,du2,3065751,4787685.522493801,4.787686
2026-06-22T22:23:04,dl,ue1,3065046,1873267.3739316417,1.873267
2026-06-22T22:23:04,dl,ue2,3065055,1941605.3007418655,1.941605
2026-06-22T22:23:04,dl,ue3,3065064,1977784.3151552046,1.977784
2026-06-22T22:23:04,dl,ue4,3065073,1969744.696886834,1.969745
2026-06-22T22:23:04,dl,ue5,3065816,1893366.8589259707,1.893367
2026-06-22T22:23:04,dl,ue6,3065825,1877287.183065827,1.877287
2026-06-22T22:23:04,dl,ue7,3065834,2022003.0942780483,2.022003
2026-06-22T22:23:04,dl,ue8,3065843,1981804.270730524,1.981804
2026-06-22T22:23:09,dl,cu_cp,3064793,427769.6542294478,0.427770
2026-06-22T22:23:09,dl,cu_up,3064821,702187.9119127488,0.702188
2026-06-22T22:23:09,dl,du1,3064983,4725644.031154547,4.725644
2026-06-22T22:23:09,dl,du2,3065751,4737750.58528635,4.737751
2026-06-22T22:23:09,dl,ue1,3065046,1904785.6827251792,1.904786
2026-06-22T22:23:09,dl,ue2,3065055,1920927.8037831069,1.920928
2026-06-22T22:23:09,dl,ue3,3065064,1961283.4730443477,1.961283
2026-06-22T22:23:09,dl,ue4,3065073,2013745.843083961,2.013746
2026-06-22T22:23:09,dl,ue5,3065816,1924963.5173557997,1.924964
2026-06-22T22:23:09,dl,ue6,3065825,1924963.5173557997,1.924964
2026-06-22T22:23:09,dl,ue7,3065834,1957248.0527647925,1.957248
2026-06-22T22:23:09,dl,ue8,3065843,2054101.3656986332,2.054101
2026-06-22T22:23:15,dl,cu_cp,3064793,423365.6137134472,0.423366
2026-06-22T22:23:15,dl,cu_up,3064821,693513.1638089585,0.693513
2026-06-22T22:23:15,dl,du1,3064983,4745726.743817177,4.745727
2026-06-22T22:23:15,dl,du2,3065751,4733630.490589733,4.733630
2026-06-22T22:23:15,dl,ue1,3065046,1895065.0202639806,1.895065
2026-06-22T22:23:15,dl,ue2,3065055,1911193.2605448544,1.911193
2026-06-22T22:23:15,dl,ue3,3065064,1979738.2087217795,1.979738
2026-06-22T22:23:15,dl,ue4,3065073,2040218.890724691,2.040219
2026-06-22T22:23:15,dl,ue5,3065816,1923289.3677387214,1.923289
2026-06-22T22:23:15,dl,ue6,3065825,1907161.2734914243,1.907161
2026-06-22T22:23:15,dl,ue7,3065834,1967642.1015279125,1.967642
2026-06-22T22:23:15,dl,ue8,3065843,2024090.7964773942,2.024091
2026-06-22T22:23:20,dl,cu_cp,3064793,407883.45330333116,0.407883
2026-06-22T22:23:20,dl,cu_up,3064821,699800.0710286349,0.699800
2026-06-22T22:23:20,dl,du1,3064983,4726649.626771748,4.726650
2026-06-22T22:23:20,dl,du2,3065751,4558697.522219742,4.558698
2026-06-22T22:23:20,dl,ue1,3065046,1875464.1466041743,1.875464
2026-06-22T22:23:20,dl,ue2,3065055,1895458.3405923485,1.895458
2026-06-22T22:23:20,dl,ue3,3065064,1915452.6804224134,1.915453
2026-06-22T22:23:20,dl,ue4,3065073,1983433.3775078773,1.983433
2026-06-22T22:23:20,dl,ue5,3065816,1903456.1640295088,1.903456
2026-06-22T22:23:20,dl,ue6,3065825,1891459.6476366043,1.891460
2026-06-22T22:23:20,dl,ue7,3065834,1947443.6824872731,1.947444
2026-06-22T22:23:20,dl,ue8,3065843,1999428.7326984168,1.999429
2026-06-22T22:23:25,dl,cu_cp,3064793,423494.022476981,0.423494
2026-06-22T22:23:25,dl,cu_up,3064821,718098.5646138168,0.718099
2026-06-22T22:23:25,dl,du1,3064983,4640021.292245228,4.640021
2026-06-22T22:23:25,dl,du2,3065751,4732085.592685759,4.732086
2026-06-22T22:23:25,dl,ue1,3065046,1878103.9606854748,1.878104
2026-06-22T22:23:25,dl,ue2,3065055,1896516.7331611598,1.896517
2026-06-22T22:23:25,dl,ue3,3065064,1914929.3596161425,1.914929
2026-06-22T22:23:25,dl,ue4,3065073,1960961.5098364078,1.960962
2026-06-22T22:23:25,dl,ue5,3065816,1896516.7331611598,1.896517
2026-06-22T22:23:25,dl,ue6,3065825,1896516.7331611598,1.896517
2026-06-22T22:23:25,dl,ue7,3065834,1933342.4241332316,1.933342
2026-06-22T22:23:25,dl,ue8,3065843,2016199.8272634626,2.016200
2026-06-22T22:23:31,dl,cu_cp,3064793,429283.0562364054,0.429283
2026-06-22T22:23:31,dl,cu_up,3064821,728248.0314367485,0.728248
2026-06-22T22:23:31,dl,du1,3064983,4683784.805472241,4.683785
2026-06-22T22:23:31,dl,du2,3065751,4653121.522169428,4.653122
2026-06-22T22:23:31,dl,ue1,3065046,1870447.6229586445,1.870448
2026-06-22T22:23:31,dl,ue2,3065055,1908776.4360868633,1.908776
2026-06-22T22:23:31,dl,ue3,3065064,1870447.6229586445,1.870448
2026-06-22T22:23:31,dl,ue4,3065073,1947105.249215082,1.947105
2026-06-22T22:23:31,dl,ue5,3065816,1862781.8021329415,1.862782
2026-06-22T22:23:31,dl,ue6,3065825,1939439.4283893788,1.939439
2026-06-22T22:23:31,dl,ue7,3065834,1931773.6075636756,1.931774
2026-06-22T22:23:31,dl,ue8,3065843,1977768.2415175973,1.977768
2026-06-22T22:23:36,dl,cu_cp,3064793,417851.52391141356,0.417852
2026-06-22T22:23:36,dl,cu_up,3064821,696419.1332166374,0.696419
2026-06-22T22:23:36,dl,du1,3064983,4748915.550561905,4.748916
2026-06-22T22:23:36,dl,du2,3065751,4788711.122283411,4.788711
2026-06-22T22:23:36,dl,ue1,3065046,1870382.9280197918,1.870383
2026-06-22T22:23:36,dl,ue2,3065055,1910178.3531365276,1.910178
2026-06-22T22:23:36,dl,ue3,3065064,1916810.8995551884,1.916811
2026-06-22T22:23:36,dl,ue4,3065073,1969871.417509246,1.969871
2026-06-22T22:23:36,dl,ue5,3065816,1916810.8995551884,1.916811
2026-06-22T22:23:36,dl,ue6,3065825,1870382.9280197918,1.870383
2026-06-22T22:23:36,dl,ue7,3065834,1996401.7497886599,1.996402
2026-06-22T22:23:36,dl,ue8,3065843,2102522.6390920044,2.102523
2026-06-22T22:23:42,dl,cu_cp,3064793,421658.96025048854,0.421659
2026-06-22T22:23:42,dl,cu_up,3064821,684271.1193849135,0.684271
2026-06-22T22:23:42,dl,du1,3064983,4727018.645658188,4.727019
2026-06-22T22:23:42,dl,du2,3065751,4682633.69535739,4.682634
2026-06-22T22:23:42,dl,ue1,3065046,1882670.1736225032,1.882670
2026-06-22T22:23:42,dl,ue2,3065055,1897465.3028970766,1.897465
2026-06-22T22:23:42,dl,ue3,3065064,1978838.0034638215,1.978838
2026-06-22T22:23:42,dl,ue4,3065073,1949248.0365966226,1.949248
2026-06-22T22:23:42,dl,ue5,3065816,1901163.9758349895,1.901164
2026-06-22T22:23:42,dl,ue6,3065825,1864176.517250991,1.864177
2026-06-22T22:23:42,dl,ue7,3065834,1934452.9073220491,1.934453
2026-06-22T22:23:42,dl,ue8,3065843,2012126.934950881,2.012127
2026-06-22T22:23:47,dl,cu_cp,3064793,437611.91915075365,0.437612
2026-06-22T22:23:47,dl,cu_up,3064821,726880.780114175,0.726881
2026-06-22T22:23:47,dl,du1,3064983,4791479.490855813,4.791479
2026-06-22T22:23:47,dl,du2,3065751,4743267.8797999285,4.743268
2026-06-22T22:23:47,dl,ue1,3065046,1917333.4706325114,1.917333
2026-06-22T22:23:47,dl,ue2,3065055,1909916.2884368943,1.909916
2026-06-22T22:23:47,dl,ue3,3065064,1987796.481843995,1.987796
2026-06-22T22:23:47,dl,ue4,3065073,1965545.0816883957,1.965545
2026-06-22T22:23:47,dl,ue5,3065816,1909916.2884368943,1.909916
2026-06-22T22:23:47,dl,ue6,3065825,1895082.0704769122,1.895082
2026-06-22T22:23:47,dl,ue7,3065834,1939584.8707881104,1.939585
2026-06-22T22:23:47,dl,ue8,3065843,2028590.9107042623,2.028591
2026-06-22T22:23:53,dl,cu_cp,3064793,425812.37795485795,0.425812
2026-06-22T22:23:53,dl,cu_up,3064821,733137.8187442636,0.733138
2026-06-22T22:23:53,dl,du1,3064983,4709855.113397331,4.709855
2026-06-22T22:23:53,dl,du2,3065751,4650611.827365861,4.650612
2026-06-22T22:23:53,dl,ue1,3065046,1880979.9540778613,1.880980
2026-06-22T22:23:53,dl,ue2,3065055,1884682.6777099539,1.884683
2026-06-22T22:23:53,dl,ue3,3065064,1914304.320725689,1.914304
2026-06-22T22:23:53,dl,ue4,3065073,1962439.7279428912,1.962440
2026-06-22T22:23:53,dl,ue5,3065816,1910601.5970935964,1.910602
2026-06-22T22:23:53,dl,ue6,3065825,1892088.1249741388,1.892088
2026-06-22T22:23:53,dl,ue7,3065834,1955034.2806787062,1.955034
2026-06-22T22:23:53,dl,ue8,3065843,2006872.2654869962,2.006872
2026-06-22T22:23:58,dl,cu_cp,3064793,427480.78032318235,0.427481
2026-06-22T22:23:58,dl,cu_up,3064821,737035.7549196339,0.737036
2026-06-22T22:23:58,dl,du1,3064983,4702288.180824194,4.702288
2026-06-22T22:23:58,dl,du2,3065751,4709658.594023466,4.709659
2026-06-22T22:23:58,dl,ue1,3065046,1879441.3068478776,1.879441
2026-06-22T22:23:58,dl,ue2,3065055,1894181.8403512859,1.894182
2026-06-22T22:23:58,dl,ue3,3065064,1949459.6464506912,1.949460
2026-06-22T22:23:58,dl,ue4,3065073,1964200.3264016677,1.964200
2026-06-22T22:23:58,dl,ue5,3065816,1908922.6667498304,1.908923
2026-06-22T22:23:58,dl,ue6,3065825,1916293.0799491024,1.916293
2026-06-22T22:23:58,dl,ue7,3065834,1956829.9132023954,1.956830
2026-06-22T22:23:58,dl,ue8,3065843,2008422.5127021647,2.008423
2026-06-22T22:24:04,dl,cu_cp,3064793,419200.74222912133,0.419201
2026-06-22T22:24:04,dl,cu_up,3064821,734562.7815818024,0.734563
2026-06-22T22:24:04,dl,du1,3064983,4718893.01760541,4.718893
2026-06-22T22:24:04,dl,du2,3065751,4691971.8317698,4.691972
2026-06-22T22:24:04,dl,ue1,3065046,1869097.0907464742,1.869097
2026-06-22T22:24:04,dl,ue2,3065055,1903709.9185435295,1.903710
2026-06-22T22:24:04,dl,ue3,3065064,1930631.104379139,1.930631
2026-06-22T22:24:04,dl,ue4,3065073,1972935.7204611565,1.972936
2026-06-22T22:24:04,dl,ue5,3065816,1911401.7068284918,1.911402
2026-06-22T22:24:04,dl,ue6,3065825,1911401.7068284918,1.911402
2026-06-22T22:24:04,dl,ue7,3065834,1949860.5019297863,1.949861
2026-06-22T22:24:04,dl,ue8,3065843,1996010.9389925266,1.996011
2026-06-22T22:24:09,dl,cu_cp,3064793,421736.38853081345,0.421736
2026-06-22T22:24:09,dl,cu_up,3064821,670761.6609732056,0.670762
2026-06-22T22:24:09,dl,du1,3064983,4679265.442518861,4.679265
2026-06-22T22:24:09,dl,du2,3065751,4651149.693018608,4.651150
2026-06-22T22:24:09,dl,ue1,3065046,1887772.2736849128,1.887772
2026-06-22T22:24:09,dl,ue2,3065055,1891788.892771815,1.891789
2026-06-22T22:24:09,dl,ue3,3065064,1948020.245745306,1.948020
2026-06-22T22:24:09,dl,ue4,3065073,1984169.2334193634,1.984169
2026-06-22T22:24:09,dl,ue5,3065816,1891788.892771815,1.891789
2026-06-22T22:24:09,dl,ue6,3065825,1899821.8388915884,1.899822
2026-06-22T22:24:09,dl,ue7,3065834,1956053.3378920949,1.956053
2026-06-22T22:24:09,dl,ue8,3065843,1996218.798626039,1.996219
2026-06-22T22:24:14,dl,cu_cp,3064793,418588.6895549279,0.418589
2026-06-22T22:24:14,dl,cu_up,3064821,728505.384135418,0.728505
2026-06-22T22:24:14,dl,du1,3064983,4729247.309845562,4.729247
2026-06-22T22:24:14,dl,du2,3065751,4721197.646364813,4.721198
2026-06-22T22:24:14,dl,ue1,3065046,1875599.4212070894,1.875599
2026-06-22T22:24:14,dl,ue2,3065055,1911823.3462945533,1.911823
2026-06-22T22:24:14,dl,ue3,3065064,1972196.7012483573,1.972197
2026-06-22T22:24:14,dl,ue4,3065073,1980246.6576785017,1.980247
2026-06-22T22:24:14,dl,ue5,3065816,1911823.3462945533,1.911823
2026-06-22T22:24:14,dl,ue6,3065825,1915848.3245096253,1.915848
2026-06-22T22:24:14,dl,ue7,3065834,1984271.4894188761,1.984271
2026-06-22T22:24:14,dl,ue8,3065843,2080868.769460144,2.080869
2026-06-22T22:24:20,dl,cu_cp,3064793,418127.62692074775,0.418128
2026-06-22T22:24:20,dl,cu_up,3064821,719661.8888352156,0.719662
2026-06-22T22:24:20,dl,du1,3064983,4724037.647988472,4.724038
2026-06-22T22:24:20,dl,du2,3065751,4667751.428030133,4.667751
2026-06-22T22:24:20,dl,ue1,3065046,1889615.146994903,1.889615
2026-06-22T22:24:20,dl,ue2,3065055,1897656.119178965,1.897656
2026-06-22T22:24:20,dl,ue3,3065064,1974044.769597459,1.974045
2026-06-22T22:24:20,dl,ue4,3065073,1937860.5411017037,1.937861
2026-06-22T22:24:20,dl,ue5,3065816,1909717.577455058,1.909718
2026-06-22T22:24:20,dl,ue6,3065825,1913737.9172145652,1.913738
2026-06-22T22:24:20,dl,ue7,3065834,2002187.879576628,2.002188
2026-06-22T22:24:20,dl,ue8,3065843,2006208.365668659,2.006208
2026-06-22T22:24:25,dl,cu_cp,3064793,435383.2051213229,0.435383
2026-06-22T22:24:25,dl,cu_up,3064821,725638.6508099968,0.725639
2026-06-22T22:24:25,dl,du1,3064983,4704557.6588817425,4.704558
2026-06-22T22:24:25,dl,du2,3065751,4756965.000879681,4.756965
2026-06-22T22:24:25,dl,ue1,3065046,1898754.5537726092,1.898755
2026-06-22T22:24:25,dl,ue2,3065055,1886660.5067413163,1.886661
2026-06-22T22:24:25,dl,ue3,3065064,1935036.4021599912,1.935036
2026-06-22T22:24:25,dl,ue4,3065073,1963255.9428018404,1.963256
2026-06-22T22:24:25,dl,ue5,3065816,1910848.4544506539,1.910848
2026-06-22T22:24:25,dl,ue6,3065825,1918911.3476091803,1.918911
2026-06-22T22:24:25,dl,ue7,3065834,2003569.0914152372,2.003569
2026-06-22T22:24:25,dl,ue8,3065843,2023725.5925453114,2.023726
2026-06-22T22:24:30,dl,cu_cp,3064793,450234.83466649445,0.450235
2026-06-22T22:24:30,dl,cu_up,3064821,743866.172052446,0.743866
2026-06-22T22:24:30,dl,du1,3064983,4747040.962808604,4.747041
2026-06-22T22:24:30,dl,du2,3065751,4737252.93254056,4.737253
2026-06-22T22:24:30,dl,ue1,3065046,1879240.9406295384,1.879241
2026-06-22T22:24:30,dl,ue2,3065055,1889028.677544161,1.889029
2026-06-22T22:24:30,dl,ue3,3065064,1947754.952355187,1.947755
2026-06-22T22:24:30,dl,ue4,3065073,1957542.542593099,1.957543
2026-06-22T22:24:30,dl,ue5,3065816,1898816.4144587838,1.898816
2026-06-22T22:24:30,dl,ue6,3065825,1869453.2037149156,1.869453
2026-06-22T22:24:30,dl,ue7,3065834,1937967.215440564,1.937967
2026-06-22T22:24:30,dl,ue8,3065843,1986905.900013678,1.986906
2026-06-22T22:24:36,dl,cu_cp,3064793,429825.95121082367,0.429826
2026-06-22T22:24:36,dl,cu_up,3064821,705563.3779993653,0.705563
2026-06-22T22:24:36,dl,du1,3064983,4728085.572915464,4.728086
2026-06-22T22:24:36,dl,du2,3065751,4719976.023589768,4.719976
2026-06-22T22:24:36,dl,ue1,3065046,1897722.2193352317,1.897722
2026-06-22T22:24:36,dl,ue2,3065055,1922051.8902120804,1.922052
2026-06-22T22:24:36,dl,ue3,3065064,1922051.8902120804,1.922052
2026-06-22T22:24:36,dl,ue4,3065073,1962601.682640083,1.962602
2026-06-22T22:24:36,dl,ue5,3065816,1905832.0609180022,1.905832
2026-06-22T22:24:36,dl,ue6,3065825,1873392.5484583832,1.873393
2026-06-22T22:24:36,dl,ue7,3065834,1946381.7072174668,1.946382
2026-06-22T22:24:36,dl,ue8,3065843,2003151.18281101,2.003151
2026-06-22T22:24:41,dl,cu_cp,3064793,425440.71110129356,0.425441
2026-06-22T22:24:41,dl,cu_up,3064821,741090.263877511,0.741090
2026-06-22T22:24:41,dl,du1,3064983,4734743.65708828,4.734744
2026-06-22T22:24:41,dl,du2,3065751,4693572.036669254,4.693572
2026-06-22T22:24:41,dl,ue1,3065046,1900759.4970238209,1.900759
2026-06-22T22:24:41,dl,ue2,3065055,1921345.1610553265,1.921345
2026-06-22T22:24:41,dl,ue3,3065064,1900759.4970238209,1.900759
2026-06-22T22:24:41,dl,ue4,3065073,1955655.0396418571,1.955655
2026-06-22T22:24:41,dl,ue5,3065816,1900759.4970238209,1.900759
2026-06-22T22:24:41,dl,ue6,3065825,1907621.3850343227,1.907621
2026-06-22T22:24:41,dl,ue7,3065834,1935069.0832543373,1.935069
2026-06-22T22:24:41,dl,ue8,3065843,2017412.4702703953,2.017412
2026-06-22T22:24:47,dl,cu_cp,3064793,417274.5369714975,0.417275
2026-06-22T22:24:47,dl,cu_up,3064821,721288.8497801542,0.721289
2026-06-22T22:24:47,dl,du1,3064983,4745007.56264391,4.745008
2026-06-22T22:24:47,dl,du2,3065751,4619825.413277149,4.619825
2026-06-22T22:24:47,dl,ue1,3065046,1877735.4528759955,1.877735
2026-06-22T22:24:47,dl,ue2,3065055,1853891.1644170762,1.853891
2026-06-22T22:24:47,dl,ue3,3065064,1931385.028900051,1.931385
2026-06-22T22:24:47,dl,ue4,3065073,1967151.4615884305,1.967151
2026-06-22T22:24:47,dl,ue5,3065816,1919462.8846705914,1.919463
2026-06-22T22:24:47,dl,ue6,3065825,1913501.739547348,1.913502
2026-06-22T22:24:47,dl,ue7,3065834,1949268.1722357273,1.949268
2026-06-22T22:24:47,dl,ue8,3065843,2026761.8907016753,2.026762
2026-06-22T22:24:52,dl,cu_cp,3064793,422028.05342473986,0.422028
2026-06-22T22:24:52,dl,cu_up,3064821,707082.1039682388,0.707082
2026-06-22T22:24:52,dl,du1,3064983,4708944.819730377,4.708945
2026-06-22T22:24:52,dl,du2,3065751,4705243.0611984255,4.705243
2026-06-22T22:24:52,dl,ue1,3065046,1891722.265499115,1.891722
2026-06-22T22:24:52,dl,ue2,3065055,1891722.265499115,1.891722
2026-06-22T22:24:52,dl,ue3,3065064,1917636.3333602906,1.917636
2026-06-22T22:24:52,dl,ue4,3065073,1976868.4256809235,1.976868
2026-06-22T22:24:52,dl,ue5,3065816,1910232.3767620088,1.910232
2026-06-22T22:24:52,dl,ue6,3065825,1921338.3849151612,1.921338
2026-06-22T22:24:52,dl,ue7,3065834,1954656.2628631592,1.954656
2026-06-22T22:24:52,dl,ue8,3065843,2013888.355183792,2.013888
2026-06-22T22:24:58,dl,cu_cp,3064793,427804.2720572957,0.427804
2026-06-22T22:24:58,dl,cu_up,3064821,717967.2503322042,0.717967
2026-06-22T22:24:58,dl,du1,3064983,4739327.605766377,4.739328
2026-06-22T22:24:58,dl,du2,3065751,4787688.169400206,4.787688
2026-06-22T22:24:58,dl,ue1,3065046,1900939.107520578,1.900939
2026-06-22T22:24:58,dl,ue2,3065055,1923259.3450842714,1.923259
2026-06-22T22:24:58,dl,ue3,3065064,1949299.6711544062,1.949300
2026-06-22T22:24:58,dl,ue4,3065073,1982779.8807624697,1.982780
2026-06-22T22:24:58,dl,ue5,3065816,1923259.3450842714,1.923259
2026-06-22T22:24:58,dl,ue6,3065825,1926979.4335907125,1.926979
2026-06-22T22:24:58,dl,ue7,3065834,1953019.6129233707,1.953020
2026-06-22T22:24:58,dl,ue8,3065843,2053460.5352225148,2.053461
2026-06-22T22:25:03,dl,cu_cp,3064793,424502.22639875265,0.424502
2026-06-22T22:25:03,dl,cu_up,3064821,727190.7554690659,0.727191
2026-06-22T22:25:03,dl,du1,3064983,4739659.690524208,4.739660
2026-06-22T22:25:03,dl,du2,3065751,4798720.4952673195,4.798720
2026-06-22T22:25:03,dl,ue1,3065046,1882575.0559483469,1.882575
2026-06-22T22:25:03,dl,ue2,3065055,1904723.0408771932,1.904723
2026-06-22T22:25:03,dl,ue3,3065064,1923179.743824613,1.923180
2026-06-22T22:25:03,dl,ue4,3065073,1960092.8566791653,1.960093
2026-06-22T22:25:03,dl,ue5,3065816,1908414.3228586197,1.908414
2026-06-22T22:25:03,dl,ue6,3065825,1941636.1537317454,1.941636
2026-06-22T22:25:03,dl,ue7,3065834,1949019.010734886,1.949019
2026-06-22T22:25:03,dl,ue8,3065843,2100363.3302150965,2.100363
2026-06-22T22:25:08,dl,cu_cp,3064793,415011.66070041654,0.415012
2026-06-22T22:25:08,dl,cu_up,3064821,713065.4566324884,0.713065
2026-06-22T22:25:08,dl,du1,3064983,4663222.012440426,4.663222
2026-06-22T22:25:08,dl,du2,3065751,4651903.380137506,4.651903
2026-06-22T22:25:08,dl,ue1,3065046,1863779.5471468342,1.863780
2026-06-22T22:25:08,dl,ue2,3065055,1890189.4463333155,1.890189
2026-06-22T22:25:08,dl,ue3,3065064,1893962.2266261554,1.893962
2026-06-22T22:25:08,dl,ue4,3065073,1950554.805291958,1.950555
2026-06-22T22:25:08,dl,ue5,3065816,1901508.0786362363,1.901508
2026-06-22T22:25:08,dl,ue6,3065825,1878870.959742595,1.878871
2026-06-22T22:25:08,dl,ue7,3065834,1943009.0989940774,1.943009
2026-06-22T22:25:08,dl,ue8,3065843,1969418.9981805587,1.969419
2026-06-22T22:25:14,dl,cu_cp,3064793,422676.75671207666,0.422677
2026-06-22T22:25:14,dl,cu_up,3064821,716537.7636032295,0.716538
2026-06-22T22:25:14,dl,du1,3064983,4725928.871602153,4.725929
2026-06-22T22:25:14,dl,du2,3065751,4685673.684988651,4.685674
2026-06-22T22:25:14,dl,ue1,3065046,1867828.7376371385,1.867829
2026-06-22T22:25:14,dl,ue2,3065055,1912109.0922875977,1.912109
2026-06-22T22:25:14,dl,ue3,3065064,1912109.0922875977,1.912109
2026-06-22T22:25:14,dl,ue4,3065073,1988593.7131036567,1.988594
2026-06-22T22:25:14,dl,ue5,3065816,1916134.6986050464,1.916135
2026-06-22T22:25:14,dl,ue6,3065825,1887956.1848503924,1.887956
2026-06-22T22:25:14,dl,ue7,3065834,1952363.9867141056,1.952364
2026-06-22T22:25:14,dl,ue8,3065843,1964440.513479457,1.964441
2026-06-22T22:25:19,dl,cu_cp,3064793,428850.5099021733,0.428851
2026-06-22T22:25:19,dl,cu_up,3064821,740373.994201808,0.740374
2026-06-22T22:25:19,dl,du1,3064983,4790179.070215254,4.790179
2026-06-22T22:25:19,dl,du2,3065751,4737584.515118799,4.737585
2026-06-22T22:25:19,dl,ue1,3065046,1909598.5715997242,1.909599
2026-06-22T22:25:19,dl,ue2,3065055,1933873.083128152,1.933873
2026-06-22T22:25:19,dl,ue3,3065064,1950056.0908137702,1.950056
2026-06-22T22:25:19,dl,ue4,3065073,1962193.419871919,1.962193
2026-06-22T22:25:19,dl,ue5,3065816,1913644.2502271938,1.913644
2026-06-22T22:25:19,dl,ue6,3065825,1901507.067756915,1.901507
2026-06-22T22:25:19,dl,ue7,3065834,1950056.0908137702,1.950056
2026-06-22T22:25:19,dl,ue8,3065843,2087611.949317267,2.087612
2026-06-22T22:25:25,dl,cu_cp,3064793,430787.88711359265,0.430788
2026-06-22T22:25:25,dl,cu_up,3064821,728715.9722765851,0.728716
2026-06-22T22:25:25,dl,du1,3064983,4742692.63515295,4.742693
2026-06-22T22:25:25,dl,du2,3065751,4718536.494111758,4.718536
2026-06-22T22:25:25,dl,ue1,3065046,1900297.9021873593,1.900298
2026-06-22T22:25:25,dl,ue2,3065055,1928480.213338852,1.928480
2026-06-22T22:25:25,dl,ue3,3065064,1936532.406956017,1.936532
2026-06-22T22:25:25,dl,ue4,3065073,1968740.8882178091,1.968741
2026-06-22T22:25:25,dl,ue5,3065816,1900297.9021873593,1.900298
2026-06-22T22:25:25,dl,ue6,3065825,1888219.831666763,1.888220
2026-06-22T22:25:25,dl,ue7,3065834,1956662.6710937787,1.956663
2026-06-22T22:25:25,dl,ue8,3065843,2004975.3929864669,2.004975
2026-06-22T22:25:30,dl,cu_cp,3064793,429444.97570483445,0.429445
2026-06-22T22:25:30,dl,cu_up,3064821,694336.3525861645,0.694336
2026-06-22T22:25:30,dl,du1,3064983,4711854.286861667,4.711854
2026-06-22T22:25:30,dl,du2,3065751,4675733.0585314175,4.675733
2026-06-22T22:25:30,dl,ue1,3065046,1890360.611362896,1.890361
2026-06-22T22:25:30,dl,ue2,3065055,1882333.574539032,1.882334
2026-06-22T22:25:30,dl,ue3,3065064,1906414.685010624,1.906415
2026-06-22T22:25:30,dl,ue4,3065073,1914441.721834488,1.914442
2026-06-22T22:25:30,dl,ue5,3065816,1894374.129774828,1.894374
2026-06-22T22:25:30,dl,ue6,3065825,1878320.0561271,1.878320
2026-06-22T22:25:30,dl,ue7,3065834,1910428.203422556,1.910428
2026-06-22T22:25:30,dl,ue8,3065843,2022806.4273718928,2.022806
2026-06-22T22:25:35,dl,cu_cp,3064793,425823.5029437348,0.425824
2026-06-22T22:25:35,dl,cu_up,3064821,735148.0985258883,0.735148
2026-06-22T22:25:35,dl,du1,3064983,4688075.41974771,4.688075
2026-06-22T22:25:35,dl,du2,3065751,4712178.863773389,4.712179
2026-06-22T22:25:35,dl,ue1,3065046,1888085.2308365263,1.888085
2026-06-22T22:25:35,dl,ue2,3065055,1920222.815082686,1.920223
2026-06-22T22:25:35,dl,ue3,3065064,1908171.2392647373,1.908171
2026-06-22T22:25:35,dl,ue4,3065073,1964412.121341685,1.964412
2026-06-22T22:25:35,dl,ue5,3065816,1908171.2392647373,1.908171
2026-06-22T22:25:35,dl,ue6,3065825,1843896.0707724178,1.843896
2026-06-22T22:25:35,dl,ue7,3065834,1948343.2561211598,1.948343
2026-06-22T22:25:35,dl,ue8,3065843,2028687.2898340046,2.028687
2026-06-22T22:25:41,dl,cu_cp,3064793,343637.0801236108,0.343637
2026-06-22T22:25:41,dl,cu_up,3064821,351107.43446566164,0.351107
2026-06-22T22:25:41,dl,du1,3064983,3122615.1696962714,3.122615
2026-06-22T22:25:41,dl,du2,3065751,3122615.1696962714,3.122615
2026-06-22T22:25:41,dl,ue1,3065046,866563.1014744341,0.866563
2026-06-22T22:25:41,dl,ue2,3065055,866563.1014744341,0.866563
2026-06-22T22:25:41,dl,ue3,3065064,836681.5592439473,0.836682
2026-06-22T22:25:41,dl,ue4,3065073,881503.8101585358,0.881504
2026-06-22T22:25:41,dl,ue5,3065816,874033.4246009141,0.874033
2026-06-22T22:25:41,dl,ue6,3065825,881503.8101585358,0.881504
2026-06-22T22:25:41,dl,ue7,3065834,859092.7159168124,0.859093
2026-06-22T22:25:41,dl,ue8,3065843,829211.1736863256,0.829211
2026-06-22T22:25:46,dl,cu_cp,3064793,350111.187218442,0.350111
2026-06-22T22:25:46,dl,cu_up,3064821,343745.5564516926,0.343746
2026-06-22T22:25:46,dl,du1,3064983,3208291.61104126,3.208292
2026-06-22T22:25:46,dl,du2,3065751,3189194.8744750977,3.189195
2026-06-22T22:25:46,dl,ue1,3065046,884826.4453430462,0.884826
2026-06-22T22:25:46,dl,ue2,3065055,872095.1838095475,0.872095
2026-06-22T22:25:46,dl,ue3,3065064,814804.2265874482,0.814804
2026-06-22T22:25:46,dl,ue4,3065073,859363.8599824143,0.859364
2026-06-22T22:25:46,dl,ue5,3065816,891192.1072566127,0.891192
2026-06-22T22:25:46,dl,ue6,3065825,891192.1072566127,0.891192
2026-06-22T22:25:46,dl,ue7,3065834,859363.8599824143,0.859364
2026-06-22T22:25:46,dl,ue8,3065843,859363.8599824143,0.859364
2026-06-22T22:25:51,dl,cu_cp,3064793,342001.59931706486,0.342002
2026-06-22T22:25:51,dl,cu_up,3064821,336572.99569819926,0.336573
2026-06-22T22:25:51,dl,du1,3064983,3105157.473186693,3.105157
2026-06-22T22:25:51,dl,du2,3065751,3121443.3146626805,3.121443
2026-06-22T22:25:51,dl,ue1,3065046,879432.7451969481,0.879433
2026-06-22T22:25:51,dl,ue2,3065055,868575.4767204357,0.868575
2026-06-22T22:25:51,dl,ue3,3065064,846861.1847225357,0.846861
2026-06-22T22:25:51,dl,ue4,3065073,868575.4767204357,0.868575
2026-06-22T22:25:51,dl,ue5,3065816,863146.9649597418,0.863147
2026-06-22T22:25:51,dl,ue6,3065825,874004.1109586918,0.874004
2026-06-22T22:25:51,dl,ue7,3065834,846861.1847225357,0.846861
2026-06-22T22:25:51,dl,ue8,3065843,857718.3307214857,0.857718
2026-06-22T22:25:57,ul,cu_cp,3064793,331917.92757552833,0.331918
2026-06-22T22:25:57,ul,cu_up,3064821,338180.5398089686,0.338181
2026-06-22T22:25:57,ul,du1,3064983,3128170.0621619485,3.128170
2026-06-22T22:25:57,ul,du2,3065751,3049887.3173386264,3.049887
2026-06-22T22:25:57,ul,ue1,3065046,854845.2525550288,0.854845
2026-06-22T22:25:57,ul,ue2,3065055,848582.701591801,0.848583
2026-06-22T22:25:57,ul,ue3,3065064,867370.4157516968,0.867370
2026-06-22T22:25:57,ul,ue4,3065073,854845.2525550288,0.854845
2026-06-22T22:25:57,ul,ue5,3065816,876764.3647369635,0.876764
2026-06-22T22:25:57,ul,ue6,3065825,892420.8646854579,0.892421
2026-06-22T22:25:57,ul,ue7,3065834,820400.9771764261,0.820401
2026-06-22T22:25:57,ul,ue8,3065843,883026.9769704038,0.883027
2026-06-22T22:26:02,ul,cu_cp,3064793,377339.82208380103,0.377340
2026-06-22T22:26:02,ul,cu_up,3064821,414399.97105434537,0.414400
2026-06-22T22:26:02,ul,du1,3064983,3830673.0687975883,3.830673
2026-06-22T22:26:02,ul,du2,3065751,3827304.151063442,3.827304
2026-06-22T22:26:02,ul,ue1,3065046,1229723.4802976847,1.229723
2026-06-22T22:26:02,ul,ue2,3065055,1253307.2295302153,1.253307
2026-06-22T22:26:02,ul,ue3,3065064,1276891.1112720966,1.276891
2026-06-22T22:26:02,ul,ue4,3065073,1280260.1615155935,1.280260
2026-06-22T22:26:02,ul,ue5,3065816,1270152.7457664013,1.270153
2026-06-22T22:26:02,ul,ue6,3065825,1253307.2295302153,1.253307
2026-06-22T22:26:02,ul,ue7,3065834,1273521.928519249,1.273522
2026-06-22T22:26:02,ul,ue8,3065843,1307212.960991621,1.307213
2026-06-22T22:26:08,ul,cu_cp,3064793,387099.0022701538,0.387099
2026-06-22T22:26:08,ul,cu_up,3064821,424450.6621447137,0.424451
2026-06-22T22:26:08,ul,du1,3064983,3996627.3723950814,3.996627
2026-06-22T22:26:08,ul,du2,3065751,3966066.9142827988,3.966067
2026-06-22T22:26:08,ul,ue1,3065046,1409176.188953136,1.409176
2026-06-22T22:26:08,ul,ue2,3065055,1429549.693875897,1.429550
2026-06-22T22:26:08,ul,ue3,3065064,1422758.52556831,1.422759
2026-06-22T22:26:08,ul,ue4,3065073,1470297.1051777017,1.470297
2026-06-22T22:26:08,ul,ue5,3065816,1415967.3572607231,1.415967
2026-06-22T22:26:08,ul,ue6,3065825,1443132.298128593,1.443132
2026-06-22T22:26:08,ul,ue7,3065834,1419363.0083238971,1.419363
2026-06-22T22:26:08,ul,ue8,3065843,1443132.298128593,1.443132
2026-06-22T22:26:13,ul,cu_cp,3064793,390154.97845436184,0.390155
2026-06-22T22:26:13,ul,cu_up,3064821,434646.3400872365,0.434646
2026-06-22T22:26:13,ul,du1,3064983,4089782.541066027,4.089783
2026-06-22T22:26:13,ul,du2,3065751,4011066.7902971865,4.011067
2026-06-22T22:26:13,ul,ue1,3065046,1451102.7055674791,1.451103
2026-06-22T22:26:13,ul,ue2,3065055,1454525.1647307158,1.454525
2026-06-22T22:26:13,ul,ue3,3065064,1461369.9480595887,1.461370
2026-06-22T22:26:13,ul,ue4,3065073,1512706.1605201364,1.512706
2026-06-22T22:26:13,ul,ue5,3065816,1444257.9222386063,1.444258
2026-06-22T22:26:13,ul,ue6,3065825,1396344.1689412952,1.396344
2026-06-22T22:26:13,ul,ue7,3065834,1427145.8964176239,1.427146
2026-06-22T22:26:13,ul,ue8,3065843,1481904.4330438077,1.481904
2026-06-22T22:26:19,ul,cu_cp,3064793,387513.24846068025,0.387513
2026-06-22T22:26:19,ul,cu_up,3064821,433730.4440919131,0.433730
2026-06-22T22:26:19,ul,du1,3064983,4138214.8685127734,4.138215
2026-06-22T22:26:19,ul,du2,3065751,4003118.6479455233,4.003119
2026-06-22T22:26:19,ul,ue1,3065046,1478949.5847750842,1.478950
2026-06-22T22:26:19,ul,ue2,3065055,1457618.6025802554,1.457619
2026-06-22T22:26:19,ul,ue3,3065064,1475394.4210759462,1.475394
2026-06-22T22:26:19,ul,ue4,3065073,1496725.5383556485,1.496726
2026-06-22T22:26:19,ul,ue5,3065816,1425622.1292880117,1.425622
2026-06-22T22:26:19,ul,ue6,3065825,1418511.8018897355,1.418512
2026-06-22T22:26:19,ul,ue7,3065834,1422066.9655888737,1.422067
2026-06-22T22:26:19,ul,ue8,3065843,1500280.7020547867,1.500281
2026-06-22T22:26:24,ul,cu_cp,3064793,390833.77198654175,0.390834
2026-06-22T22:26:24,ul,cu_up,3064821,435500.50039966824,0.435501
2026-06-22T22:26:24,ul,du1,3064983,4105615.352551432,4.105615
2026-06-22T22:26:24,ul,du2,3065751,4001393.483103676,4.001393
2026-06-22T22:26:24,ul,ue1,3065046,1451668.3346655606,1.451668
2026-06-22T22:26:24,ul,ue2,3065055,1440501.5509339643,1.440502
2026-06-22T22:26:24,ul,ue3,3065064,1421890.4253871965,1.421890
2026-06-22T22:26:24,ul,ue4,3065073,1462834.8473883176,1.462835
2026-06-22T22:26:24,ul,ue5,3065816,1429334.9027067877,1.429335
2026-06-22T22:26:24,ul,ue6,3065825,1429334.9027067877,1.429335
2026-06-22T22:26:24,ul,ue7,3065834,1451668.3346655606,1.451668
2026-06-22T22:26:24,ul,ue8,3065843,1485168.2793470907,1.485168
2026-06-22T22:26:29,ul,cu_cp,3064793,394737.19536042365,0.394737
2026-06-22T22:26:29,ul,cu_up,3064821,435700.4901750147,0.435700
2026-06-22T22:26:29,ul,du1,3064983,4107501.3720847247,4.107501
2026-06-22T22:26:29,ul,du2,3065751,4040470.5690350295,4.040471
2026-06-22T22:26:29,ul,ue1,3065046,1429991.4563508152,1.429991
2026-06-22T22:26:29,ul,ue2,3065055,1441163.2118004323,1.441163
2026-06-22T22:26:29,ul,ue3,3065064,1493298.1606826424,1.493298
2026-06-22T22:26:29,ul,ue4,3065073,1530537.6609253585,1.530538
2026-06-22T22:26:29,ul,ue5,3065816,1429991.4563508152,1.429991
2026-06-22T22:26:29,ul,ue6,3065825,1418819.5657252013,1.418820
2026-06-22T22:26:29,ul,ue7,3065834,1448611.0037081777,1.448611
2026-06-22T22:26:29,ul,ue8,3065843,1482126.4052330256,1.482126
2026-06-22T22:26:35,ul,cu_cp,3064793,389318.77004463674,0.389319
2026-06-22T22:26:35,ul,cu_up,3064821,430104.536326282,0.430105
2026-06-22T22:26:35,ul,du1,3064983,4123071.0491296863,4.123071
2026-06-22T22:26:35,ul,du2,3065751,3997006.0391249373,3.997006
2026-06-22T22:26:35,ul,ue1,3065046,1505365.7760501623,1.505366
2026-06-22T22:26:35,ul,ue2,3065055,1494242.4403870725,1.494242
2026-06-22T22:26:35,ul,ue3,3065064,1471995.769060893,1.471996
2026-06-22T22:26:35,ul,ue4,3065073,1542443.965961094,1.542444
2026-06-22T22:26:35,ul,ue5,3065816,1483119.1047239827,1.483119
2026-06-22T22:26:35,ul,ue6,3065825,1423794.3782759714,1.423794
2026-06-22T22:26:35,ul,ue7,3065834,1434917.7139390612,1.434918
2026-06-22T22:26:35,ul,ue8,3065843,1501658.1322848988,1.501658
2026-06-22T22:26:40,ul,cu_cp,3064793,387664.84078545123,0.387665
2026-06-22T22:26:40,ul,cu_up,3064821,436122.94164806604,0.436123
2026-06-22T22:26:40,ul,du1,3064983,4085391.1577889323,4.085391
2026-06-22T22:26:40,ul,du2,3065751,3966109.4702222943,3.966109
2026-06-22T22:26:40,ul,ue1,3065046,1513383.9374308288,1.513384
2026-06-22T22:26:40,ul,ue2,3065055,1464925.8026836812,1.464926
2026-06-22T22:26:40,ul,ue3,3065064,1476108.3761817217,1.476108
2026-06-22T22:26:40,ul,ue4,3065073,1476108.3761817217,1.476108
2026-06-22T22:26:40,ul,ue5,3065816,1487291.0852178931,1.487291
2026-06-22T22:26:40,ul,ue6,3065825,1446288.0898281932,1.446288
2026-06-22T22:26:40,ul,ue7,3065834,1435105.5163301528,1.435106
2026-06-22T22:26:40,ul,ue8,3065843,1520838.9412501454,1.520839
2026-06-22T22:26:45,ul,cu_cp,3064793,384584.5946235657,0.384585
2026-06-22T22:26:45,ul,cu_up,3064821,421563.8748201728,0.421564
2026-06-22T22:26:45,ul,du1,3064983,4038138.2435474396,4.038138
2026-06-22T22:26:45,ul,du2,3065751,3916106.6759753227,3.916107
2026-06-22T22:26:45,ul,ue1,3065046,1490265.304166317,1.490265
2026-06-22T22:26:45,ul,ue2,3065055,1464379.8852500916,1.464380
2026-06-22T22:26:45,ul,ue3,3065064,1479171.4764604568,1.479171
2026-06-22T22:26:45,ul,ue4,3065073,1456983.8210487366,1.456984
2026-06-22T22:26:45,ul,ue5,3065816,1475473.5786578655,1.475474
2026-06-22T22:26:45,ul,ue6,3065825,1423702.6065273285,1.423703
2026-06-22T22:26:45,ul,ue7,3065834,1438494.33203578,1.438494
2026-06-22T22:26:45,ul,ue8,3065843,1508754.9274773598,1.508755
2026-06-22T22:26:51,ul,cu_cp,3064793,389056.20899780275,0.389056
2026-06-22T22:26:51,ul,cu_up,3064821,420815.92009025573,0.420816
2026-06-22T22:26:51,ul,du1,3064983,4057300.6571749877,4.057301
2026-06-22T22:26:51,ul,du2,3065751,3993781.3693286134,3.993781
2026-06-22T22:26:51,ul,ue1,3065046,1500645.492710266,1.500645
2026-06-22T22:26:51,ul,ue2,3065055,1508585.4372756958,1.508585
2026-06-22T22:26:51,ul,ue3,3065064,1468885.7144485475,1.468886
2026-06-22T22:26:51,ul,ue4,3065073,1484765.6035794066,1.484766
2026-06-22T22:26:51,ul,ue5,3065816,1460945.7698831176,1.460946
2026-06-22T22:26:51,ul,ue6,3065825,1429186.1259599305,1.429186
2026-06-22T22:26:51,ul,ue7,3065834,1437126.07052536,1.437126
2026-06-22T22:26:51,ul,ue8,3065843,1500645.492710266,1.500645
2026-06-22T22:26:56,ul,cu_cp,3064793,369090.86694766226,0.369091
2026-06-22T22:26:56,ul,cu_up,3064821,408636.33943279326,0.408636
2026-06-22T22:26:56,ul,du1,3064983,3934772.4936820315,3.934772
2026-06-22T22:26:56,ul,du2,3065751,3908408.8012364577,3.908409
2026-06-22T22:26:56,ul,ue1,3065046,1390681.5997089935,1.390682
2026-06-22T22:26:56,ul,ue2,3065055,1384090.8089640595,1.384091
2026-06-22T22:26:56,ul,ue3,3065064,1417045.2921545673,1.417045
2026-06-22T22:26:56,ul,ue4,3065073,1377499.8858526659,1.377500
2026-06-22T22:26:56,ul,ue5,3065816,1436818.0614887476,1.436818
2026-06-22T22:26:56,ul,ue6,3065825,1397272.5228203868,1.397273
2026-06-22T22:26:56,ul,ue7,3065834,1417045.2921545673,1.417045
2026-06-22T22:26:56,ul,ue8,3065843,1456590.6984564685,1.456591
2026-06-22T22:27:02,ul,cu_cp,3064793,387781.1927378702,0.387781
2026-06-22T22:27:02,ul,cu_up,3064821,416720.0721947646,0.416720
2026-06-22T22:27:02,ul,du1,3064983,3947265.34543808,3.947265
2026-06-22T22:27:02,ul,du2,3065751,3987779.7833879087,3.987780
2026-06-22T22:27:02,ul,ue1,3065046,1487459.1489140128,1.487459
2026-06-22T22:27:02,ul,ue2,3065055,1475883.5568701935,1.475884
2026-06-22T22:27:02,ul,ue3,3065064,1464307.964826374,1.464308
2026-06-22T22:27:02,ul,ue4,3065073,1464307.964826374,1.464308
2026-06-22T22:27:02,ul,ue5,3065816,1435369.1189203644,1.435369
2026-06-22T22:27:02,ul,ue6,3065825,1418005.8650581741,1.418006
2026-06-22T22:27:02,ul,ue7,3065834,1435369.1189203644,1.435369
2026-06-22T22:27:02,ul,ue8,3065843,1470095.8950518228,1.470096
2026-06-22T22:27:07,ul,cu_cp,3064793,381393.3314844284,0.381393
2026-06-22T22:27:07,ul,cu_up,3064821,422256.88475409505,0.422257
2026-06-22T22:27:07,ul,du1,3064983,3987603.3575683953,3.987603
2026-06-22T22:27:07,ul,du2,3065751,3997819.3883748865,3.997819
2026-06-22T22:27:07,ul,ue1,3065046,1454062.0490438247,1.454062
2026-06-22T22:27:07,ul,ue2,3065055,1440440.8981474435,1.440441
2026-06-22T22:27:07,ul,ue3,3065064,1430225.0014483165,1.430225
2026-06-22T22:27:07,ul,ue4,3065073,1464277.9457429517,1.464278
2026-06-22T22:27:07,ul,ue5,3065816,1402982.6996555543,1.402983
2026-06-22T22:27:07,ul,ue6,3065825,1450656.7948465706,1.450657
2026-06-22T22:27:07,ul,ue7,3065834,1454062.0490438247,1.454062
2026-06-22T22:27:07,ul,ue8,3065843,1416603.716444571,1.416604
2026-06-22T22:27:12,ul,cu_cp,3064793,380410.3931098461,0.380410
2026-06-22T22:27:12,ul,cu_up,3064821,417772.0778273427,0.417772
2026-06-22T22:27:12,ul,du1,3064983,3990912.1869523525,3.990912
2026-06-22T22:27:12,ul,du2,3065751,3929775.0371724414,3.929775
2026-06-22T22:27:12,ul,ue1,3065046,1399366.7361320686,1.399367
2026-06-22T22:27:12,ul,ue2,3065055,1385780.7177572965,1.385781
2026-06-22T22:27:12,ul,ue3,3065064,1402763.27427248,1.402763
2026-06-22T22:27:12,ul,ue4,3065073,1426538.9070684863,1.426539
2026-06-22T22:27:12,ul,ue5,3065816,1423142.3689280748,1.423142
2026-06-22T22:27:12,ul,ue6,3065825,1433331.983349309,1.433332
2026-06-22T22:27:12,ul,ue7,3065834,1446918.001724081,1.446918
2026-06-22T22:27:12,ul,ue8,3065843,1450314.5398644924,1.450315
2026-06-22T22:27:18,ul,cu_cp,3064793,389926.980841527,0.389927
2026-06-22T22:27:18,ul,cu_up,3064821,424131.1078484452,0.424131
2026-06-22T22:27:18,ul,du1,3064983,4022404.5315654944,4.022405
2026-06-22T22:27:18,ul,du2,3065751,3960837.169990382,3.960837
2026-06-22T22:27:18,ul,ue1,3065046,1416050.656974392,1.416051
2026-06-22T22:27:18,ul,ue2,3065055,1416050.656974392,1.416051
2026-06-22T22:27:18,ul,ue3,3065064,1433152.6869591807,1.433153
2026-06-22T22:27:18,ul,ue4,3065073,1419471.0361564136,1.419471
2026-06-22T22:27:18,ul,ue5,3065816,1467356.8810034394,1.467357
2026-06-22T22:27:18,ul,ue6,3065825,1412630.2777923704,1.412630
2026-06-22T22:27:18,ul,ue7,3065834,1419471.0361564136,1.419471
2026-06-22T22:27:18,ul,ue8,3065843,1508401.6993370606,1.508402
2026-06-22T22:27:23,ul,cu_cp,3064793,382918.7855477035,0.382919
2026-06-22T22:27:23,ul,cu_up,3064821,417107.96825459006,0.417108
2026-06-22T22:27:23,ul,du1,3064983,4000133.937815428,4.000134
2026-06-22T22:27:23,ul,du2,3065751,3942012.168537998,3.942012
2026-06-22T22:27:23,ul,ue1,3065046,1429107.5603093624,1.429108
2026-06-22T22:27:23,ul,ue2,3065055,1425688.6724233865,1.425689
2026-06-22T22:27:23,ul,ue3,3065064,1432526.5832385062,1.432527
2026-06-22T22:27:23,ul,ue4,3065073,1432526.5832385062,1.432527
2026-06-22T22:27:23,ul,ue5,3065816,1435945.471124482,1.435945
2026-06-22T22:27:23,ul,ue6,3065825,1364148.1503031491,1.364148
2026-06-22T22:27:23,ul,ue7,3065834,1408594.0979503393,1.408594
2026-06-22T22:27:23,ul,ue8,3065843,1473553.5079565526,1.473554
2026-06-22T22:27:29,ul,cu_cp,3064793,387608.00735591055,0.387608
2026-06-22T22:27:29,ul,cu_up,3064821,427455.5771171737,0.427456
2026-06-22T22:27:29,ul,du1,3064983,4013735.241167879,4.013735
2026-06-22T22:27:29,ul,du2,3065751,3995623.119189348,3.995623
2026-06-22T22:27:29,ul,ue1,3065046,1394664.4707591748,1.394664
2026-06-22T22:27:29,ul,ue2,3065055,1412776.8618148684,1.412777
2026-06-22T22:27:29,ul,ue3,3065064,1420021.8989602947,1.420022
2026-06-22T22:27:29,ul,ue4,3065073,1434511.9732511472,1.434512
2026-06-22T22:27:29,ul,ue5,3065816,1467114.5731362747,1.467115
2026-06-22T22:27:29,ul,ue6,3065825,1405531.9592080235,1.405532
2026-06-22T22:27:29,ul,ue7,3065834,1420021.8989602947,1.420022
2026-06-22T22:27:29,ul,ue8,3065843,1503339.624324825,1.503340
2026-06-22T22:27:34,ul,cu_cp,3064793,379605.7235974979,0.379606
2026-06-22T22:27:34,ul,cu_up,3064821,427517.1096946812,0.427517
2026-06-22T22:27:34,ul,du1,3064983,4002444.843076172,4.002445
2026-06-22T22:27:34,ul,du2,3065751,4013500.905172043,4.013501
2026-06-22T22:27:34,ul,ue1,3065046,1459454.9110924148,1.459455
2026-06-22T22:27:34,ul,ue2,3065055,1481567.8379409409,1.481568
2026-06-22T22:27:34,ul,ue3,3065064,1404172.460194969,1.404172
2026-06-22T22:27:34,ul,ue4,3065073,1429971.053219757,1.429971
2026-06-22T22:27:34,ul,ue5,3065816,1404172.460194969,1.404172
2026-06-22T22:27:34,ul,ue6,3065825,1422599.9884194946,1.422600
2026-06-22T22:27:34,ul,ue7,3065834,1429971.053219757,1.429971
2026-06-22T22:27:34,ul,ue8,3065843,1463140.3097164154,1.463140
2026-06-22T22:27:39,ul,cu_cp,3064793,382317.2798752141,0.382317
2026-06-22T22:27:39,ul,cu_up,3064821,419435.46010057034,0.419435
2026-06-22T22:27:39,ul,du1,3064983,4019899.143851938,4.019899
2026-06-22T22:27:39,ul,du2,3065751,3993916.4748968696,3.993916
2026-06-22T22:27:39,ul,ue1,3065046,1436473.5848158766,1.436474
2026-06-22T22:27:39,ul,ue2,3065055,1436473.5848158766,1.436474
2026-06-22T22:27:39,ul,ue3,3065064,1458744.5400591802,1.458745
2026-06-22T22:27:39,ul,ue4,3065073,1492150.9056268644,1.492151
2026-06-22T22:27:39,ul,ue5,3065816,1484727.2090142488,1.484727
2026-06-22T22:27:39,ul,ue6,3065825,1406779.0675545002,1.406779
2026-06-22T22:27:39,ul,ue7,3065834,1425338.174491496,1.425338
2026-06-22T22:27:39,ul,ue8,3065843,1499574.60223948,1.499575
2026-06-22T22:27:45,ul,cu_cp,3064793,391687.65830055805,0.391688
2026-06-22T22:27:45,ul,cu_up,3064821,424944.1572735992,0.424944
2026-06-22T22:27:45,ul,du1,3064983,3909486.287192302,3.909486
2026-06-22T22:27:45,ul,du2,3065751,3961218.4250105666,3.961218
2026-06-22T22:27:45,ul,ue1,3065046,1478066.546440369,1.478067
2026-06-22T22:27:45,ul,ue2,3065055,1485457.0436295928,1.485457
2026-06-22T22:27:45,ul,ue3,3065064,1411553.5484942866,1.411554
2026-06-22T22:27:45,ul,ue4,3065073,1385687.479585154,1.385687
2026-06-22T22:27:45,ul,ue5,3065816,1418944.0456835104,1.418944
2026-06-22T22:27:45,ul,ue6,3065825,1430029.3887154555,1.430029
2026-06-22T22:27:45,ul,ue7,3065834,1422639.160027492,1.422639
2026-06-22T22:27:45,ul,ue8,3065843,1452200.4775312364,1.452200
2026-06-22T22:27:50,ul,cu_cp,3064793,384347.680782001,0.384348
2026-06-22T22:27:50,ul,cu_up,3064821,417608.5400225091,0.417609
2026-06-22T22:27:50,ul,du1,3064983,3935868.187476902,3.935868
2026-06-22T22:27:50,ul,du2,3065751,3950650.8510059738,3.950651
2026-06-22T22:27:50,ul,ue1,3065046,1478260.3364115239,1.478260
2026-06-22T22:27:50,ul,ue2,3065055,1467173.2719147683,1.467173
2026-06-22T22:27:50,ul,ue3,3065064,1426521.147759676,1.426521
2026-06-22T22:27:50,ul,ue4,3065073,1419129.81599514,1.419130
2026-06-22T22:27:50,ul,ue5,3065816,1441303.8112887477,1.441304
2026-06-22T22:27:50,ul,ue6,3065825,1408042.885198288,1.408043
2026-06-22T22:27:50,ul,ue7,3065834,1426521.147759676,1.426521
2026-06-22T22:27:50,ul,ue8,3065843,1470869.004646988,1.470869
2026-06-22T22:27:55,ul,cu_cp,3064793,383922.610202384,0.383923
2026-06-22T22:27:55,ul,cu_up,3064821,410707.9070233804,0.410708
2026-06-22T22:27:55,ul,du1,3064983,4008866.0684410264,4.008866
2026-06-22T22:27:55,ul,du2,3065751,3910653.7396913148,3.910654
2026-06-22T22:27:55,ul,ue1,3065046,1437477.7082339847,1.437478
2026-06-22T22:27:55,ul,ue2,3065055,1446406.162942419,1.446406
2026-06-22T22:27:55,ul,ue3,3065064,1348193.4303668677,1.348193
2026-06-22T22:27:55,ul,ue4,3065073,1419620.798817116,1.419621
2026-06-22T22:27:55,ul,ue5,3065816,1446406.162942419,1.446406
2026-06-22T22:27:55,ul,ue6,3065825,1410692.3441086817,1.410692
2026-06-22T22:27:55,ul,ue7,3065834,1428549.2535255505,1.428549
2026-06-22T22:27:55,ul,ue8,3065843,1464262.9377506746,1.464263
2026-06-22T22:28:01,ul,cu_cp,3064793,380345.18740507367,0.380345
2026-06-22T22:28:01,ul,cu_up,3064821,425091.66822963953,0.425092
2026-06-22T22:28:01,ul,du1,3064983,3952606.787822342,3.952607
2026-06-22T22:28:01,ul,du2,3065751,3960064.4900058745,3.960064
2026-06-22T22:28:01,ul,ue1,3065046,1357310.2306890965,1.357310
2026-06-22T22:28:01,ul,ue2,3065055,1387141.173284912,1.387141
2026-06-22T22:28:01,ul,ue3,3065064,1439345.4901546955,1.439345
2026-06-22T22:28:01,ul,ue4,3065073,1461718.7305669785,1.461719
2026-06-22T22:28:01,ul,ue5,3065816,1431887.654109478,1.431888
2026-06-22T22:28:01,ul,ue6,3065825,1431887.654109478,1.431888
2026-06-22T22:28:01,ul,ue7,3065834,1394599.0093301297,1.394599
2026-06-22T22:28:01,ul,ue8,3065843,1469176.4327505112,1.469176
2026-06-22T22:28:06,ul,cu_cp,3064793,380389.9203685093,0.380390
2026-06-22T22:28:06,ul,cu_up,3064821,412089.11937380314,0.412089
2026-06-22T22:28:06,ul,du1,3064983,3918016.3869177247,3.918016
2026-06-22T22:28:06,ul,du2,3065751,3918016.3869177247,3.918016
2026-06-22T22:28:06,ul,ue1,3065046,1483520.7094812584,1.483521
2026-06-22T22:28:06,ul,ue2,3065055,1470841.0966927146,1.470841
2026-06-22T22:28:06,ul,ue3,3065064,1401102.959101429,1.401103
2026-06-22T22:28:06,ul,ue4,3065073,1401102.959101429,1.401103
2026-06-22T22:28:06,ul,ue5,3065816,1420122.3782842446,1.420122
2026-06-22T22:28:06,ul,ue6,3065825,1413782.5718899728,1.413783
2026-06-22T22:28:06,ul,ue7,3065834,1432802.124699936,1.432802
2026-06-22T22:28:06,ul,ue8,3065843,1445481.8711156272,1.445482
2026-06-22T22:28:12,ul,cu_cp,3064793,393818.0772651094,0.393818
2026-06-22T22:28:12,ul,cu_up,3064821,432645.2299716693,0.432645
2026-06-22T22:28:12,ul,du1,3064983,3971461.4085250665,3.971461
2026-06-22T22:28:12,ul,du2,3065751,3927087.4053166914,3.927087
2026-06-22T22:28:12,ul,ue1,3065046,1425510.4820021677,1.425510
2026-06-22T22:28:12,ul,ue2,3065055,1436604.049538107,1.436604
2026-06-22T22:28:12,ul,ue3,3065064,1469884.3517428518,1.469884
2026-06-22T22:28:12,ul,ue4,3065073,1469884.3517428518,1.469884
2026-06-22T22:28:12,ul,ue5,3065816,1469884.3517428518,1.469884
2026-06-22T22:28:12,ul,ue6,3065825,1447697.4836063553,1.447697
2026-06-22T22:28:12,ul,ue7,3065834,1436604.049538107,1.436604
2026-06-22T22:28:12,ul,ue8,3065843,1497618.0036473179,1.497618
2026-06-22T22:28:17,ul,cu_cp,3064793,377903.11604249326,0.377903
2026-06-22T22:28:17,ul,cu_up,3064821,415018.627779077,0.415019
2026-06-22T22:28:17,ul,du1,3064983,3984853.6833012104,3.984854
2026-06-22T22:28:17,ul,du2,3065751,3940989.605343914,3.940990
2026-06-22T22:28:17,ul,ue1,3065046,1454252.1885496974,1.454252
2026-06-22T22:28:17,ul,ue2,3065055,1461000.4876908541,1.461000
2026-06-22T22:28:17,ul,ue3,3065064,1417136.8103528917,1.417137
2026-06-22T22:28:17,ul,ue4,3065073,1413762.5272425353,1.413763
2026-06-22T22:28:17,ul,ue5,3065816,1454252.1885496974,1.454252
2026-06-22T22:28:17,ul,ue6,3065825,1461000.4876908541,1.461000
2026-06-22T22:28:17,ul,ue7,3065834,1437381.5742365837,1.437382
2026-06-22T22:28:17,ul,ue8,3065843,1457626.3381202756,1.457626
2026-06-22T22:28:22,ul,cu_cp,3064793,387083.25566882105,0.387083
2026-06-22T22:28:22,ul,cu_up,3064821,421037.8966481942,0.421038
2026-06-22T22:28:22,ul,du1,3064983,3999859.9176278543,3.999860
2026-06-22T22:28:22,ul,du2,3065751,3976091.947075267,3.976092
2026-06-22T22:28:22,ul,ue1,3065046,1439678.0643093002,1.439678
2026-06-22T22:28:22,ul,ue2,3065055,1443073.4312282468,1.443073
2026-06-22T22:28:22,ul,ue3,3065064,1432887.0623914325,1.432887
2026-06-22T22:28:22,ul,ue4,3065073,1412514.324717804,1.412514
2026-06-22T22:28:22,ul,ue5,3065816,1463446.3029418623,1.463446
2026-06-22T22:28:22,ul,ue6,3065825,1398932.4549220563,1.398932
2026-06-22T22:28:22,ul,ue7,3065834,1412514.324717804,1.412514
2026-06-22T22:28:22,ul,ue8,3065843,1490610.0425333583,1.490610
2026-06-22T22:28:28,ul,cu_cp,3064793,389684.0458405039,0.389684
2026-06-22T22:28:28,ul,cu_up,3064821,430346.70090571494,0.430347
2026-06-22T22:28:28,ul,du1,3064983,3981554.222574642,3.981554
2026-06-22T22:28:28,ul,du2,3065751,3981554.222574642,3.981554
2026-06-22T22:28:28,ul,ue1,3065046,1470633.6970210003,1.470634
2026-06-22T22:28:28,ul,ue2,3065055,1463856.5208104074,1.463857
2026-06-22T22:28:28,ul,ue3,3065064,1399473.9501072944,1.399474
2026-06-22T22:28:28,ul,ue4,3065073,1416416.6895346034,1.416417
2026-06-22T22:28:28,ul,ue5,3065816,1470633.6970210003,1.470634
2026-06-22T22:28:28,ul,ue6,3065825,1402862.471179533,1.402862
2026-06-22T22:28:28,ul,ue7,3065834,1423193.8657451964,1.423194
2026-06-22T22:28:28,ul,ue8,3065843,1477410.7391654777,1.477411
2026-06-22T22:28:33,ul,cu_cp,3064793,383995.02479567885,0.383995
2026-06-22T22:28:33,ul,cu_up,3064821,414851.7705542171,0.414852
2026-06-22T22:28:33,ul,du1,3064983,3973662.74584486,3.973663
2026-06-22T22:28:33,ul,du2,3065751,3977091.139020176,3.977091
2026-06-22T22:28:33,ul,ue1,3065046,1371410.654339323,1.371411
2026-06-22T22:28:33,ul,ue2,3065055,1405696.061535554,1.405696
2026-06-22T22:28:33,ul,ue3,3065064,1453695.309695425,1.453695
2026-06-22T22:28:33,ul,ue4,3065073,1429695.7526810837,1.429696
2026-06-22T22:28:33,ul,ue5,3065816,1415981.5093238782,1.415982
2026-06-22T22:28:33,ul,ue6,3065825,1433124.2799875878,1.433124
2026-06-22T22:28:33,ul,ue7,3065834,1419410.170761571,1.419410
2026-06-22T22:28:33,ul,ue8,3065843,1429695.7526810837,1.429696
2026-06-22T22:28:39,ul,cu_cp,3064793,383621.8997961616,0.383622
2026-06-22T22:28:39,ul,cu_up,3064821,416819.9675348282,0.416820
2026-06-22T22:28:39,ul,du1,3064983,3994831.8465579986,3.994832
2026-06-22T22:28:39,ul,du2,3065751,3924747.4023516085,3.924747
2026-06-22T22:28:39,ul,ue1,3065046,1479157.598163643,1.479158
2026-06-22T22:28:39,ul,ue2,3065055,1460714.174988556,1.460714
2026-06-22T22:28:39,ul,ue3,3065064,1420138.7514050675,1.420139
2026-06-22T22:28:39,ul,ue4,3065073,1423827.4628905104,1.423827
2026-06-22T22:28:39,ul,ue5,3065816,1427516.040123825,1.427516
2026-06-22T22:28:39,ul,ue6,3065825,1401695.462482109,1.401695
2026-06-22T22:28:39,ul,ue7,3065834,1427516.040123825,1.427516
2026-06-22T22:28:39,ul,ue8,3065843,1416450.0399196243,1.416450
2026-06-22T22:28:49,ul,cu_cp,3064793,386782.5107399225,0.386783
2026-06-22T22:28:49,ul,cu_up,3064821,420254.08844011906,0.420254
2026-06-22T22:28:49,ul,du1,3064983,4012868.6669849684,4.012869
2026-06-22T22:28:49,ul,du2,3065751,3979397.0555538367,3.979397
2026-06-22T22:28:49,ul,ue1,3065046,1420681.942990122,1.420682
2026-06-22T22:28:49,ul,ue2,3065055,1416962.9050363826,1.416963
2026-06-22T22:28:49,ul,ue3,3065064,1495063.241759863,1.495063
2026-06-22T22:28:49,ul,ue4,3065073,1465310.6682824707,1.465311
2026-06-22T22:28:49,ul,ue5,3065816,1435558.229728818,1.435558
2026-06-22T22:28:49,ul,ue6,3065825,1465310.6682824707,1.465311
2026-06-22T22:28:49,ul,ue7,3065834,1487625.030928645,1.487625
2026-06-22T22:28:49,ul,ue8,3065843,1409524.8291289043,1.409525
2026-06-22T22:28:55,ul,cu_cp,3064793,389369.68113650026,0.389370
2026-06-22T22:28:55,ul,cu_up,3064821,419035.94799910934,0.419036
2026-06-22T22:28:55,ul,du1,3064983,3960446.037868068,3.960446
2026-06-22T22:28:55,ul,du2,3065751,4016070.1915877773,4.016070
2026-06-22T22:28:55,ul,ue1,3065046,1383189.5033758557,1.383190
2026-06-22T22:28:55,ul,ue2,3065055,1383189.5033758557,1.383190
2026-06-22T22:28:55,ul,ue3,3065064,1472188.2031139266,1.472188
2026-06-22T22:28:55,ul,ue4,3065073,1453646.7737185764,1.453647
2026-06-22T22:28:55,ul,ue5,3065816,1435105.3443232263,1.435105
2026-06-22T22:28:55,ul,ue6,3065825,1457355.086490915,1.457355
2026-06-22T22:28:55,ul,ue7,3065834,1479604.8286586034,1.479605
2026-06-22T22:28:55,ul,ue8,3065843,1442521.969867903,1.442522
2026-06-22T22:29:00,ul,cu_cp,3064793,388882.74104735017,0.388883
2026-06-22T22:29:00,ul,cu_up,3064821,414808.2144775704,0.414808
2026-06-22T22:29:00,ul,du1,3064983,3999936.611171169,3.999937
2026-06-22T22:29:00,ul,du2,3065751,3955492.7693104483,3.955493
2026-06-22T22:29:00,ul,ue1,3065046,1444421.4941889762,1.444421
2026-06-22T22:29:00,ul,ue2,3065055,1414792.4009332072,1.414792
2026-06-22T22:29:00,ul,ue3,3065064,1466643.415119337,1.466643
2026-06-22T22:29:00,ul,ue4,3065073,1444421.4941889762,1.444421
2026-06-22T22:29:00,ul,ue5,3065816,1481457.894421532,1.481458
2026-06-22T22:29:00,ul,ue6,3065825,1425903.2940726983,1.425903
2026-06-22T22:29:00,ul,ue7,3065834,1444421.4941889762,1.444421
2026-06-22T22:29:00,ul,ue8,3065843,1481457.894421532,1.481458
2026-06-22T22:29:05,ul,cu_cp,3064793,385518.3985543728,0.385518
2026-06-22T22:29:05,ul,cu_up,3064821,418880.56766003964,0.418881
2026-06-22T22:29:05,ul,du1,3064983,4010874.175291481,4.010874
2026-06-22T22:29:05,ul,du2,3065751,3970098.2244563196,3.970098
2026-06-22T22:29:05,ul,ue1,3065046,1471642.3819550704,1.471642
2026-06-22T22:29:05,ul,ue2,3065055,1467935.4406493425,1.467935
2026-06-22T22:29:05,ul,ue3,3065064,1434573.3724256372,1.434573
2026-06-22T22:29:05,ul,ue4,3065073,1497590.702076602,1.497591
2026-06-22T22:29:05,ul,ue5,3065816,1434573.3724256372,1.434573
2026-06-22T22:29:05,ul,ue6,3065825,1449400.8686299848,1.449401
2026-06-22T22:29:05,ul,ue7,3065834,1456814.751241441,1.456815
2026-06-22T22:29:05,ul,ue8,3065843,1419745.7417120074,1.419746
2026-06-22T22:29:11,ul,cu_cp,3064793,372793.19435097935,0.372793
2026-06-22T22:29:11,ul,cu_up,3064821,405210.0041706288,0.405210
2026-06-22T22:29:11,ul,du1,3064983,3962953.670718336,3.962954
2026-06-22T22:29:11,ul,du2,3065751,4003474.877794666,4.003475
2026-06-22T22:29:11,ul,ue1,3065046,1418235.0654150534,1.418235
2026-06-22T22:29:11,ul,ue2,3065055,1418235.0654150534,1.418235
2026-06-22T22:29:11,ul,ue3,3065064,1491172.7774039174,1.491173
2026-06-22T22:29:11,ul,ue4,3065073,1491172.7774039174,1.491173
2026-06-22T22:29:11,ul,ue5,3065816,1434443.3856284572,1.434443
2026-06-22T22:29:11,ul,ue6,3065825,1483068.6172972154,1.483069
2026-06-22T22:29:11,ul,ue7,3065834,1483068.6172972154,1.483069
2026-06-22T22:29:11,ul,ue8,3065843,1458756.0014628363,1.458756
2026-06-22T22:29:16,ul,cu_cp,3064793,392810.98535817745,0.392811
2026-06-22T22:29:16,ul,cu_up,3064821,434159.4994241917,0.434159
2026-06-22T22:29:16,ul,du1,3064983,4086612.174338255,4.086612
2026-06-22T22:29:16,ul,du2,3065751,4065937.985125942,4.065938
2026-06-22T22:29:16,ul,ue1,3065046,1426524.0743809652,1.426524
2026-06-22T22:29:16,ul,ue2,3065055,1419632.677976861,1.419633
2026-06-22T22:29:16,ul,ue3,3065064,1488546.7776592923,1.488547
2026-06-22T22:29:16,ul,ue4,3065073,1447198.3992346667,1.447198
2026-06-22T22:29:16,ul,ue5,3065816,1426524.0743809652,1.426524
2026-06-22T22:29:16,ul,ue6,3065825,1412741.1459313678,1.412741
2026-06-22T22:29:16,ul,ue7,3065834,1447198.3992346667,1.447198
2026-06-22T22:29:16,ul,ue8,3065843,1474763.9848510837,1.474764
2026-06-22T22:29:21,ul,cu_cp,3064793,397691.73530415416,0.397692
2026-06-22T22:29:21,ul,cu_up,3064821,421434.5042259568,0.421435
2026-06-22T22:29:21,ul,du1,3064983,4024402.755317924,4.024403
2026-06-22T22:29:21,ul,du2,3065751,4006595.7294642804,4.006596
2026-06-22T22:29:21,ul,ue1,3065046,1460181.6782548963,1.460182
2026-06-22T22:29:21,ul,ue2,3065055,1448310.192118578,1.448310
2026-06-22T22:29:21,ul,ue3,3065064,1501731.5408139538,1.501732
2026-06-22T22:29:21,ul,ue4,3065073,1436438.8415494824,1.436439
2026-06-22T22:29:21,ul,ue5,3065816,1442374.5168340302,1.442375
2026-06-22T22:29:21,ul,ue6,3065825,1442374.5168340302,1.442375
2026-06-22T22:29:21,ul,ue7,3065834,1436438.8415494824,1.436439
2026-06-22T22:29:21,ul,ue8,3065843,1442374.5168340302,1.442375
2026-06-22T22:29:27,ul,cu_cp,3064793,381608.28371897904,0.381608
2026-06-22T22:29:27,ul,cu_up,3064821,412549.4995676601,0.412549
2026-06-22T22:29:27,ul,du1,3064983,4012043.724383488,4.012044
2026-06-22T22:29:27,ul,du2,3065751,4012043.724383488,4.012044
2026-06-22T22:29:27,ul,ue1,3065046,1478302.2720175863,1.478302
2026-06-22T22:29:27,ul,ue2,3065055,1467988.5446717143,1.467989
2026-06-22T22:29:27,ul,ue3,3065064,1471426.453787005,1.471426
2026-06-22T22:29:27,ul,ue4,3065073,1447361.0899799704,1.447361
2026-06-22T22:29:27,ul,ue5,3065816,1461112.726441133,1.461113
2026-06-22T22:29:27,ul,ue6,3065825,1402668.2714811922,1.402668
2026-06-22T22:29:27,ul,ue7,3065834,1478302.2720175863,1.478302
2026-06-22T22:29:27,ul,ue8,3065843,1471426.453787005,1.471426
2026-06-22T22:29:32,ul,cu_cp,3064793,384331.07005586266,0.384331
2026-06-22T22:29:32,ul,cu_up,3064821,418646.3808849442,0.418646
2026-06-22T22:29:32,ul,du1,3064983,3942825.155894747,3.942825
2026-06-22T22:29:32,ul,du2,3065751,3959983.0135534764,3.959983
2026-06-22T22:29:32,ul,ue1,3065046,1472125.3379606009,1.472125
2026-06-22T22:29:32,ul,ue2,3065055,1465262.2488288926,1.465262
2026-06-22T22:29:32,ul,ue3,3065064,1389768.6728684807,1.389769
2026-06-22T22:29:32,ul,ue4,3065073,1437810.0271315193,1.437810
2026-06-22T22:29:32,ul,ue5,3065816,1451536.2053949356,1.451536
2026-06-22T22:29:32,ul,ue6,3065825,1437810.0271315193,1.437810
2026-06-22T22:29:32,ul,ue7,3065834,1458399.1596971846,1.458399
2026-06-22T22:29:32,ul,ue8,3065843,1458399.1596971846,1.458399
2026-06-22T22:29:38,ul,cu_cp,3064793,385185.76519206585,0.385186
2026-06-22T22:29:38,ul,cu_up,3064821,419273.01761309087,0.419273
2026-06-22T22:29:38,ul,du1,3064983,3943893.2200884605,3.943893
2026-06-22T22:29:38,ul,du2,3065751,3988206.7952944133,3.988207
2026-06-22T22:29:38,ul,ue1,3065046,1404394.1847738184,1.404394
2026-06-22T22:29:38,ul,ue2,3065055,1441890.1223300493,1.441890
2026-06-22T22:29:38,ul,ue3,3065064,1441890.1223300493,1.441890
2026-06-22T22:29:38,ul,ue4,3065073,1414620.3738690913,1.414620
2026-06-22T22:29:38,ul,ue5,3065816,1424846.4292747092,1.424846
2026-06-22T22:29:38,ul,ue6,3065825,1428255.2480995702,1.428255
2026-06-22T22:29:38,ul,ue7,3065834,1448707.6262901162,1.448708
2026-06-22T22:29:38,ul,ue8,3065843,1414620.3738690913,1.414620
2026-06-22T22:29:43,ul,cu_cp,3064793,386456.6422550449,0.386457
2026-06-22T22:29:43,ul,cu_up,3064821,427496.29611268046,0.427496
2026-06-22T22:29:43,ul,du1,3064983,4025305.2211997006,4.025305
2026-06-22T22:29:43,ul,du2,3065751,4008204.9921224643,4.008205
2026-06-22T22:29:43,ul,ue1,3065046,1371408.1664308298,1.371408
2026-06-22T22:29:43,ul,ue2,3065055,1405607.8162294542,1.405608
2026-06-22T22:29:43,ul,ue3,3065064,1491107.0754519904,1.491107
2026-06-22T22:29:43,ul,ue4,3065073,1463747.3286678959,1.463747
2026-06-22T22:29:43,ul,ue5,3065816,1419287.756984489,1.419288
2026-06-22T22:29:43,ul,ue6,3065825,1463747.3286678959,1.463747
2026-06-22T22:29:43,ul,ue7,3065834,1443227.484898331,1.443227
2026-06-22T22:29:43,ul,ue8,3065843,1456907.290927391,1.456907
2026-06-22T22:29:49,ul,cu_cp,3064793,376272.61348413466,0.376273
2026-06-22T22:29:49,ul,cu_up,3064821,419275.20947619795,0.419275
2026-06-22T22:29:49,ul,du1,3064983,3981322.6081085466,3.981323
2026-06-22T22:29:49,ul,du2,3065751,3981322.6081085466,3.981323
2026-06-22T22:29:49,ul,ue1,3065046,1469254.9798201346,1.469255
2026-06-22T22:29:49,ul,ue2,3065055,1483589.088309561,1.483589
2026-06-22T22:29:49,ul,ue3,3065064,1433419.3704418384,1.433419
2026-06-22T22:29:49,ul,ue4,3065073,1415501.6333836364,1.415502
2026-06-22T22:29:49,ul,ue5,3065816,1451337.1075000404,1.451337
2026-06-22T22:29:49,ul,ue6,3065825,1433419.3704418384,1.433419
2026-06-22T22:29:49,ul,ue7,3065834,1465671.351251359,1.465671
2026-06-22T22:29:49,ul,ue8,3065843,1454920.7360688162,1.454921
2026-06-22T22:29:54,ul,cu_cp,3064793,388295.87335618853,0.388296
2026-06-22T22:29:54,ul,cu_up,3064821,421578.37871005235,0.421578
2026-06-22T22:29:54,ul,du1,3064983,3960617.9351597903,3.960618
2026-06-22T22:29:54,ul,du2,3065751,3971711.991416631,3.971712
2026-06-22T22:29:54,ul,ue1,3065046,1460731.9924288332,1.460732
2026-06-22T22:29:54,ul,ue2,3065055,1445939.8276641548,1.445940
2026-06-22T22:29:54,ul,ue3,3065064,1468128.2094445098,1.468128
2026-06-22T22:29:54,ul,ue4,3065073,1427449.6890249753,1.427450
2026-06-22T22:29:54,ul,ue5,3065816,1434845.7714073146,1.434846
2026-06-22T22:29:54,ul,ue6,3065825,1434845.7714073146,1.434846
2026-06-22T22:29:54,ul,ue7,3065834,1438543.7452818155,1.438544
2026-06-22T22:29:54,ul,ue8,3065843,1405261.1726112831,1.405261
2026-06-22T22:29:59,ul,cu_cp,3064793,384370.86038356664,0.384371
2026-06-22T22:29:59,ul,cu_up,3064821,425420.14996611717,0.425420
2026-06-22T22:29:59,ul,du1,3064983,4011637.4911748506,4.011637
2026-06-22T22:29:59,ul,du2,3065751,4026564.4072107794,4.026564
2026-06-22T22:29:59,ul,ue1,3065046,1466580.0493961119,1.466580
2026-06-22T22:29:59,ul,ue2,3065055,1444189.4048584723,1.444189
2026-06-22T22:29:59,ul,ue3,3065064,1481506.9654320406,1.481507
2026-06-22T22:29:59,ul,ue4,3065073,1440457.67584949,1.440458
2026-06-22T22:29:59,ul,ue5,3065816,1470311.778405094,1.470312
2026-06-22T22:29:59,ul,ue6,3065825,1447921.2691093278,1.447921
2026-06-22T22:29:59,ul,ue7,3065834,1466580.0493961119,1.466580
2026-06-22T22:29:59,ul,ue8,3065843,1440457.67584949,1.440458
2026-06-22T22:30:05,ul,cu_cp,3064793,376336.71873381257,0.376337
2026-06-22T22:30:05,ul,cu_up,3064821,421049.96775256214,0.421050
2026-06-22T22:30:05,ul,du1,3064983,4046551.2220506286,4.046551
2026-06-22T22:30:05,ul,du2,3065751,3986933.3307642555,3.986933
2026-06-22T22:30:05,ul,ue1,3065046,1393563.5998869492,1.393564
2026-06-22T22:30:05,ul,ue2,3065055,1404742.0222815562,1.404742
2026-06-22T22:30:05,ul,ue3,3065064,1479264.115275874,1.479264
2026-06-22T22:30:05,ul,ue4,3065073,1501620.824508264,1.501621
2026-06-22T22:30:05,ul,ue5,3065816,1475538.064848888,1.475538
2026-06-22T22:30:05,ul,ue6,3065825,1438277.018351729,1.438277
2026-06-22T22:30:05,ul,ue7,3065834,1464359.6424542808,1.464360
2026-06-22T22:30:05,ul,ue8,3065843,1415920.309119339,1.415920
2026-06-22T22:30:10,ul,cu_cp,3064793,391365.21044643107,0.391365
2026-06-22T22:30:10,ul,cu_up,3064821,428638.0602501348,0.428638
2026-06-22T22:30:10,ul,du1,3064983,4044107.332460399,4.044107
2026-06-22T22:30:10,ul,du2,3065751,4006834.1782369446,4.006834
2026-06-22T22:30:10,ul,ue1,3065046,1438733.0645096481,1.438733
2026-06-22T22:30:10,ul,ue2,3065055,1420096.6226955878,1.420097
2026-06-22T22:30:10,ul,ue3,3065064,1498369.705374174,1.498370
2026-06-22T22:30:10,ul,ue4,3065073,1476005.9481377685,1.476006
2026-06-22T22:30:10,ul,ue5,3065816,1457369.5063237082,1.457370
2026-06-22T22:30:10,ul,ue6,3065825,1438733.0645096481,1.438733
2026-06-22T22:30:10,ul,ue7,3065834,1483460.4436847926,1.483460
2026-06-22T22:30:10,ul,ue8,3065843,1442460.3799319935,1.442460
2026-06-22T22:30:15,ul,cu_cp,3064793,389677.04205420497,0.389677
2026-06-22T22:30:15,ul,cu_up,3064821,426789.1494096422,0.426789
2026-06-22T22:30:15,ul,du1,3064983,4063774.8184636305,4.063775
2026-06-22T22:30:15,ul,du2,3065751,4045218.8499637987,4.045219
2026-06-22T22:30:15,ul,ue1,3065046,1503039.9901480866,1.503040
2026-06-22T22:30:15,ul,ue2,3065055,1484484.0216482545,1.484484
2026-06-22T22:30:15,ul,ue3,3065064,1567986.2887513542,1.567986
2026-06-22T22:30:15,ul,ue4,3065073,1512317.9743980027,1.512318
2026-06-22T22:30:15,ul,ue5,3065816,1447371.9483639717,1.447372
2026-06-22T22:30:15,ul,ue6,3065825,1465927.9168638038,1.465928
2026-06-22T22:30:15,ul,ue7,3065834,1484484.0216482545,1.484484
2026-06-22T22:30:15,ul,ue8,3065843,1465927.9168638038,1.465928
2026-06-22T22:30:21,ul,cu_cp,3064793,380749.8700914788,0.380750
2026-06-22T22:30:21,ul,cu_up,3064821,418824.8503689957,0.418825
2026-06-22T22:30:21,ul,du1,3064983,4013103.580950117,4.013104
2026-06-22T22:30:21,ul,du2,3065751,3967413.8469558144,3.967414
2026-06-22T22:30:21,ul,ue1,3065046,1469694.5214406538,1.469695
2026-06-22T22:30:21,ul,ue2,3065055,1477309.6117389917,1.477310
2026-06-22T22:30:21,ul,ue3,3065064,1484924.432772088,1.484924
2026-06-22T22:30:21,ul,ue4,3065073,1416389.5625153922,1.416390
2026-06-22T22:30:21,ul,ue5,3065816,1416389.5625153922,1.416390
2026-06-22T22:30:21,ul,ue6,3065825,1347854.5576260758,1.347855
2026-06-22T22:30:21,ul,ue7,3065834,1416389.5625153922,1.416390
2026-06-22T22:30:21,ul,ue8,3065843,1439234.5641451646,1.439235
2026-06-22T22:30:26,ul,cu_cp,3064793,394514.1266666329,0.394514
2026-06-22T22:30:26,ul,cu_up,3064821,413916.47123574675,0.413916
2026-06-22T22:30:26,ul,du1,3064983,3906336.510294833,3.906337
2026-06-22T22:30:26,ul,du2,3065751,4022750.9138758564,4.022751
2026-06-22T22:30:26,ul,ue1,3065046,1481044.9519041323,1.481045
2026-06-22T22:30:26,ul,ue2,3065055,1474577.5149199725,1.474578
2026-06-22T22:30:26,ul,ue3,3065064,1539251.884761572,1.539252
2026-06-22T22:30:26,ul,ue4,3065073,1493979.6914059161,1.493980
2026-06-22T22:30:26,ul,ue5,3065816,1455175.0695009565,1.455175
2026-06-22T22:30:26,ul,ue6,3065825,1435772.7585484767,1.435773
2026-06-22T22:30:26,ul,ue7,3065834,1474577.5149199725,1.474578
2026-06-22T22:30:26,ul,ue8,3065843,1461642.5064851164,1.461643
2026-06-22T22:30:32,ul,cu_cp,3064793,391083.429242149,0.391083
2026-06-22T22:30:32,ul,cu_up,3064821,425090.67662570626,0.425091
2026-06-22T22:30:32,ul,du1,3064983,4007188.1993628144,4.007188
2026-06-22T22:30:32,ul,du2,3065751,4063866.8887812495,4.063867
2026-06-22T22:30:32,ul,ue1,3065046,1445308.1993299127,1.445308
2026-06-22T22:30:32,ul,ue2,3065055,1462311.941085428,1.462312
2026-06-22T22:30:32,ul,ue3,3065064,1484983.416852802,1.484983
2026-06-22T22:30:32,ul,ue4,3065073,1450976.0682717562,1.450976
2026-06-22T22:30:32,ul,ue5,3065816,1450976.0682717562,1.450976
2026-06-22T22:30:32,ul,ue6,3065825,1456644.0721435845,1.456644
2026-06-22T22:30:32,ul,ue7,3065834,1484983.416852802,1.484983
2026-06-22T22:30:32,ul,ue8,3065843,1394297.378853321,1.394297
2026-06-22T22:30:37,ul,cu_cp,3064793,385635.1878570172,0.385635
2026-06-22T22:30:37,ul,cu_up,3064821,420066.88350225927,0.420067
2026-06-22T22:30:37,ul,du1,3064983,4028509.916073282,4.028510
2026-06-22T22:30:37,ul,du2,3065751,4059498.8523655008,4.059499
2026-06-22T22:30:37,ul,ue1,3065046,1453018.2274843978,1.453018
2026-06-22T22:30:37,ul,ue2,3065055,1490893.0215004324,1.490893
2026-06-22T22:30:37,ul,ue3,3065064,1521881.550971328,1.521882
2026-06-22T22:30:37,ul,ue4,3065073,1449575.0274082744,1.449575
2026-06-22T22:30:37,ul,ue5,3065816,1453018.2274843978,1.453018
2026-06-22T22:30:37,ul,ue6,3065825,1418586.497937379,1.418586
2026-06-22T22:30:37,ul,ue7,3065834,1473677.156726923,1.473677
2026-06-22T22:30:37,ul,ue8,3065843,1439245.427179904,1.439245
2026-06-22T22:30:42,ul,cu_cp,3064793,386163.61535619735,0.386164
2026-06-22T22:30:42,ul,cu_up,3064821,424090.3990072525,0.424090
2026-06-22T22:30:42,ul,du1,3064983,4013343.55934927,4.013344
2026-06-22T22:30:42,ul,du2,3065751,4020239.2026033783,4.020239
2026-06-22T22:30:42,ul,ue1,3065046,1486040.4090325641,1.486040
2026-06-22T22:30:42,ul,ue2,3065055,1499831.966723857,1.499832
2026-06-22T22:30:42,ul,ue3,3065064,1506727.7455695034,1.506728
2026-06-22T22:30:42,ul,ue4,3065073,1455009.3364313864,1.455009
2026-06-22T22:30:42,ul,ue5,3065816,1472248.8513412713,1.472249
2026-06-22T22:30:42,ul,ue6,3065825,1465352.936904087,1.465353
2026-06-22T22:30:42,ul,ue7,3065834,1489488.2306596183,1.489488
2026-06-22T22:30:42,ul,ue8,3065843,1489488.2306596183,1.489488
2026-06-22T22:30:48,ul,cu_cp,3064793,382667.20215909183,0.382667
2026-06-22T22:30:48,ul,cu_up,3064821,417141.6994800344,0.417142
2026-06-22T22:30:48,ul,du1,3064983,3947332.6093786955,3.947333
2026-06-22T22:30:48,ul,du2,3065751,4057651.0551472306,4.057651
2026-06-22T22:30:48,ul,ue1,3065046,1478957.0117097795,1.478957
2026-06-22T22:30:48,ul,ue2,3065055,1468614.597982943,1.468615
2026-06-22T22:30:48,ul,ue3,3065064,1513431.4071403742,1.513431
2026-06-22T22:30:48,ul,ue4,3065073,1458272.3201099038,1.458272
2026-06-22T22:30:48,ul,ue5,3065816,1465167.1720252633,1.465167
2026-06-22T22:30:48,ul,ue6,3065825,1458272.3201099038,1.458272
2026-06-22T22:30:48,ul,ue7,3065834,1482404.301813662,1.482404
2026-06-22T22:30:48,ul,ue8,3065843,1461719.6102137864,1.461720
2026-06-22T22:30:53,ul,cu_cp,3064793,385081.1213636935,0.385081
2026-06-22T22:30:53,ul,cu_up,3064821,412586.9036476493,0.412587
2026-06-22T22:30:53,ul,du1,3064983,3933328.865387764,3.933329
2026-06-22T22:30:53,ul,du2,3065751,4022722.5307693863,4.022723
2026-06-22T22:30:53,ul,ue1,3065046,1444054.196644435,1.444054
2026-06-22T22:30:53,ul,ue2,3065055,1461245.3486842776,1.461245
2026-06-22T22:30:53,ul,ue3,3065064,1516256.981007514,1.516257
2026-06-22T22:30:53,ul,ue4,3065073,1468121.7010916949,1.468122
2026-06-22T22:30:53,ul,ue5,3065816,1457807.0369699192,1.457807
2026-06-22T22:30:53,ul,ue6,3065825,1454368.8607662106,1.454369
2026-06-22T22:30:53,ul,ue7,3065834,1464683.5248879862,1.464684
2026-06-22T22:30:53,ul,ue8,3065843,1426863.0446045923,1.426863
2026-06-22T22:30:59,ul,cu_cp,3064793,382163.4558457184,0.382163
2026-06-22T22:30:59,ul,cu_up,3064821,415235.32623847964,0.415235
2026-06-22T22:30:59,ul,du1,3064983,3950247.199740601,3.950247
2026-06-22T22:30:59,ul,du2,3065751,3994342.846430054,3.994343
2026-06-22T22:30:59,ul,ue1,3065046,1440462.2592526246,1.440462
2026-06-22T22:30:59,ul,ue2,3065055,1429438.3475802613,1.429438
2026-06-22T22:30:59,ul,ue3,3065064,1495581.9529901124,1.495582
2026-06-22T22:30:59,ul,ue4,3065073,1418414.3005322265,1.418414
2026-06-22T22:30:59,ul,ue5,3065816,1466184.8551971435,1.466185
2026-06-22T22:30:59,ul,ue6,3065825,1458835.5807489015,1.458836
2026-06-22T22:30:59,ul,ue7,3065834,1477208.7668695068,1.477209
2026-06-22T22:30:59,ul,ue8,3065843,1436787.757404175,1.436788
2026-06-22T22:31:04,ul,cu_cp,3064793,436587.51317377744,0.436588
2026-06-22T22:31:04,ul,cu_up,3064821,456988.81794896186,0.456989
2026-06-22T22:31:04,ul,du1,3064983,4459721.133703623,4.459721
2026-06-22T22:31:04,ul,du2,3065751,4374035.579281454,4.374036
2026-06-22T22:31:04,ul,ue1,3065046,1611701.6642780758,1.611702
2026-06-22T22:31:04,ul,ue2,3065055,1603540.9936352135,1.603541
2026-06-22T22:31:04,ul,ue3,3065064,1681065.87741452,1.681066
2026-06-22T22:31:04,ul,ue4,3065073,1628022.5593654346,1.628023
2026-06-22T22:31:04,ul,ue5,3065816,1611701.6642780758,1.611702
2026-06-22T22:31:04,ul,ue6,3065825,1652504.125095656,1.652504
2026-06-22T22:31:04,ul,ue7,3065834,1632102.8946868659,1.632103
2026-06-22T22:31:04,ul,ue8,3065843,1599460.8070465708,1.599461
2026-06-22T22:31:09,ul,cu_cp,3064793,429570.2080156088,0.429570
2026-06-22T22:31:09,ul,cu_up,3064821,466043.1526385307,0.466043
2026-06-22T22:31:09,ul,du1,3064983,4409173.422492599,4.409173
2026-06-22T22:31:09,ul,du2,3065751,4449698.875583267,4.449699
2026-06-22T22:31:09,ul,ue1,3065046,1612914.506661415,1.612915
2026-06-22T22:31:09,ul,ue2,3065055,1629124.6878976822,1.629125
2026-06-22T22:31:09,ul,ue3,3065064,1657492.6524264335,1.657493
2026-06-22T22:31:09,ul,ue4,3065073,1612914.506661415,1.612915
2026-06-22T22:31:09,ul,ue5,3065816,1596704.325425148,1.596704
2026-06-22T22:31:09,ul,ue6,3065825,1625072.1425886154,1.625072
2026-06-22T22:31:09,ul,ue7,3065834,1649387.5618083,1.649388
2026-06-22T22:31:09,ul,ue8,3065843,1625072.1425886154,1.625072
2026-06-22T22:31:15,ul,cu_cp,3064793,412924.99963261484,0.412925
2026-06-22T22:31:15,ul,cu_up,3064821,440453.32578163594,0.440453
2026-06-22T22:31:15,ul,du1,3064983,4172508.482596743,4.172508
2026-06-22T22:31:15,ul,du2,3065751,4223632.747010564,4.223633
2026-06-22T22:31:15,ul,ue1,3065046,1462934.2107688307,1.462934
2026-06-22T22:31:15,ul,ue2,3065055,1435405.9920171082,1.435406
2026-06-22T22:31:15,ul,ue3,3065064,1639902.0472976088,1.639902
2026-06-22T22:31:15,ul,ue4,3065073,1584845.3234013678,1.584845
2026-06-22T22:31:15,ul,ue5,3065816,1691026.1685150326,1.691026
2026-06-22T22:31:15,ul,ue6,3065825,1494395.1753957688,1.494395
2026-06-22T22:31:15,ul,ue7,3065834,1624171.6365823387,1.624172
2026-06-22T22:31:15,ul,ue8,3065843,1466866.8134476482,1.466867
