timestamp,phase,component,pid,microwatts,watts
2026-06-22T22:34:31,idle,cu_cp,3091903,324494.0040975952,0.324494
2026-06-22T22:34:31,idle,cu_up,3091911,317283.0157559681,0.317283
2026-06-22T22:34:31,idle,du1,3092092,2985344.6963151884,2.985345
2026-06-22T22:34:31,idle,du2,3092853,2927657.025219984,2.927657
2026-06-22T22:34:31,idle,ue1,3092136,822051.4927564287,0.822051
2026-06-22T22:34:31,idle,ue2,3092145,807629.5749826276,0.807630
2026-06-22T22:34:31,idle,ue3,3092153,785996.6099577462,0.785997
2026-06-22T22:34:31,idle,ue4,3092162,822051.4927564287,0.822051
2026-06-22T22:34:31,idle,ue5,3092895,836473.469439683,0.836473
2026-06-22T22:34:31,idle,ue6,3092903,814840.5044148016,0.814841
2026-06-22T22:34:31,idle,ue7,3092913,800418.5866410005,0.800419
2026-06-22T22:34:31,idle,ue8,3092922,800418.5866410005,0.800419
2026-06-22T22:34:36,idle,cu_cp,3091903,322499.32349916815,0.322499
2026-06-22T22:34:36,idle,cu_up,3091911,322499.32349916815,0.322499
2026-06-22T22:34:36,idle,du1,3092092,2908578.895287752,2.908579
2026-06-22T22:34:36,idle,du2,3092853,2896409.0452008964,2.896409
2026-06-22T22:34:36,idle,ue1,3092136,815375.6081853461,0.815376
2026-06-22T22:34:36,idle,ue2,3092145,809290.8006455398,0.809291
2026-06-22T22:34:36,idle,ue3,3092153,791036.1430188775,0.791036
2026-06-22T22:34:36,idle,ue4,3092162,809290.8006455398,0.809291
2026-06-22T22:34:36,idle,ue5,3092895,742356.9189268863,0.742357
2026-06-22T22:34:36,idle,ue6,3092903,797120.9505586838,0.797121
2026-06-22T22:34:36,idle,ue7,3092913,784951.1592236388,0.784951
2026-06-22T22:34:36,idle,ue8,3092922,809290.8006455398,0.809291
2026-06-22T22:34:41,idle,cu_cp,3091903,330067.6731955004,0.330068
2026-06-22T22:34:41,idle,cu_up,3091911,330067.6731955004,0.330068
2026-06-22T22:34:41,idle,du1,3092092,3030129.58713315,3.030130
2026-06-22T22:34:41,idle,du2,3092853,3035540.6628283598,3.035541
2026-06-22T22:34:41,idle,ue1,3092136,827874.7208363557,0.827875
2026-06-22T22:34:41,idle,ue2,3092145,817052.8065866018,0.817053
2026-06-22T22:34:41,idle,ue3,3092153,817052.8065866018,0.817053
2026-06-22T22:34:41,idle,ue4,3092162,817052.8065866018,0.817053
2026-06-22T22:34:41,idle,ue5,3092895,833285.6186760664,0.833286
2026-06-22T22:34:41,idle,ue6,3092903,800819.9352119708,0.800820
2026-06-22T22:34:41,idle,ue7,3092913,784587.1231225062,0.784587
2026-06-22T22:34:41,idle,ue8,3092922,811641.9087468911,0.811642
2026-06-22T22:34:47,idle,cu_cp,3091903,331617.9365585089,0.331618
2026-06-22T22:34:47,idle,cu_up,3091911,322573.8257852268,0.322574
2026-06-22T22:34:47,idle,du1,3092092,2993605.6579536437,2.993606
2026-06-22T22:34:47,idle,du2,3092853,3023752.8317106627,3.023753
2026-06-22T22:34:47,idle,ue1,3092136,829044.8561654949,0.829045
2026-06-22T22:34:47,idle,ue2,3092145,792868.3539954758,0.792868
2026-06-22T22:34:47,idle,ue3,3092153,783824.2727606392,0.783824
2026-06-22T22:34:47,idle,ue4,3092162,801912.4943072033,0.801912
2026-06-22T22:34:47,idle,ue5,3092895,792868.3539954758,0.792868
2026-06-22T22:34:47,idle,ue6,3092903,816986.0221088219,0.816986
2026-06-22T22:34:47,idle,ue7,3092913,786838.9074286937,0.786839
2026-06-22T22:34:47,idle,ue8,3092922,813971.3874407673,0.813971
2026-06-22T22:34:52,idle,cu_cp,3091903,326735.72466808854,0.326736
2026-06-22T22:34:52,idle,cu_up,3091911,326735.72466808854,0.326736
2026-06-22T22:34:52,idle,du1,3092092,2995077.4465212943,2.995077
2026-06-22T22:34:52,idle,du2,3092853,3004153.443806994,3.004153
2026-06-22T22:34:52,idle,ue1,3092136,792636.7015797734,0.792637
2026-06-22T22:34:52,idle,ue2,3092145,804737.991823572,0.804738
2026-06-22T22:34:52,idle,ue3,3092153,822889.9863949716,0.822890
2026-06-22T22:34:52,idle,ue4,3092162,816839.3412730724,0.816839
2026-06-22T22:34:52,idle,ue5,3092895,807763.2847816705,0.807763
2026-06-22T22:34:52,idle,ue6,3092903,838016.6288025707,0.838017
2026-06-22T22:34:52,idle,ue7,3092913,813813.9891092718,0.813814
2026-06-22T22:34:52,idle,ue8,3092922,816839.3412730724,0.816839
2026-06-22T22:34:58,idle,cu_cp,3091903,334553.41799186467,0.334553
2026-06-22T22:34:58,idle,cu_up,3091911,328525.4506210238,0.328525
2026-06-22T22:34:58,idle,du1,3092092,3035092.8683084967,3.035093
2026-06-22T22:34:58,idle,du2,3092853,3038106.6891263006,3.038107
2026-06-22T22:34:58,idle,ue1,3092136,831862.6360791922,0.831863
2026-06-22T22:34:58,idle,ue2,3092145,810764.5874136329,0.810765
2026-06-22T22:34:58,idle,ue3,3092153,819806.6421129226,0.819807
2026-06-22T22:34:58,idle,ue4,3092162,810764.5874136329,0.810765
2026-06-22T22:34:58,idle,ue5,3092895,807750.6481466532,0.807751
2026-06-22T22:34:58,idle,ue6,3092903,831862.6360791922,0.831863
2026-06-22T22:34:58,idle,ue7,3092913,819806.6421129226,0.819807
2026-06-22T22:34:58,idle,ue8,3092922,816792.6436213553,0.816793
2026-06-22T22:35:03,idle,cu_cp,3091903,325802.40496135113,0.325802
2026-06-22T22:35:03,idle,cu_up,3091911,322785.7034098822,0.322786
2026-06-22T22:35:03,idle,du1,3092092,3013672.0829732562,3.013672
2026-06-22T22:35:03,idle,du2,3092853,3016688.9918764876,3.016689
2026-06-22T22:35:03,idle,ue1,3092136,850706.2236692428,0.850706
2026-06-22T22:35:03,idle,ue2,3092145,799422.6231327546,0.799423
2026-06-22T22:35:03,idle,ue3,3092153,832606.0736037898,0.832606
2026-06-22T22:35:03,idle,ue4,3092162,811489.3700952696,0.811489
2026-06-22T22:35:03,idle,ue5,3092895,823556.057814424,0.823556
2026-06-22T22:35:03,idle,ue6,3092903,850706.2236692428,0.850706
2026-06-22T22:35:03,idle,ue7,3092913,820539.3266412747,0.820539
2026-06-22T22:35:03,idle,ue8,3092922,838639.4767067278,0.838639
2026-06-22T22:35:08,idle,cu_cp,3091903,326974.3015365255,0.326974
2026-06-22T22:35:08,idle,cu_up,3091911,333029.39325574995,0.333029
2026-06-22T22:35:08,idle,du1,3092092,2991209.6252102326,2.991210
2026-06-22T22:35:08,idle,du2,3092853,3006347.0584621145,3.006347
2026-06-22T22:35:08,idle,ue1,3092136,832573.4535347569,0.832573
2026-06-22T22:35:08,idle,ue2,3092145,817435.7834459316,0.817436
2026-06-22T22:35:08,idle,ue3,3092153,847711.182832818,0.847711
2026-06-22T22:35:08,idle,ue4,3092162,850738.7286924303,0.850739
2026-06-22T22:35:08,idle,ue5,3092895,838628.6044632173,0.838629
2026-06-22T22:35:08,idle,ue6,3092903,817435.7834459316,0.817436
2026-06-22T22:35:08,idle,ue7,3092913,811380.6917267073,0.811381
2026-06-22T22:35:08,idle,ue8,3092922,835601.058603605,0.835601
2026-06-22T22:35:14,idle,cu_cp,3091903,329724.97191941144,0.329725
2026-06-22T22:35:14,idle,cu_up,3091911,332989.5882623166,0.332990
2026-06-22T22:35:14,idle,du1,3092092,3013229.2571252347,3.013229
2026-06-22T22:35:14,idle,du2,3092853,3016493.724780464,3.016494
2026-06-22T22:35:14,idle,ue1,3092136,825944.6933636784,0.825945
2026-06-22T22:35:14,idle,ue2,3092145,816150.9335475683,0.816151
2026-06-22T22:35:14,idle,ue3,3092153,806357.0547813177,0.806357
2026-06-22T22:35:14,idle,ue4,3092162,812886.287467128,0.812886
2026-06-22T22:35:14,idle,ue5,3092895,812886.287467128,0.812886
2026-06-22T22:35:14,idle,ue6,3092903,816150.9335475683,0.816151
2026-06-22T22:35:14,idle,ue7,3092913,819415.5201529383,0.819416
2026-06-22T22:35:14,idle,ue8,3092922,809621.700861758,0.809622
2026-06-22T22:35:19,idle,cu_cp,3091903,326669.75159790635,0.326670
2026-06-22T22:35:19,idle,cu_up,3091911,320136.3351874536,0.320136
2026-06-22T22:35:19,idle,du1,3092092,3008628.3249211977,3.008628
2026-06-22T22:35:19,idle,du2,3092853,3018428.4643830536,3.018428
2026-06-22T22:35:19,idle,ue1,3092136,813407.6559433627,0.813408
2026-06-22T22:35:19,idle,ue2,3092145,813407.6559433627,0.813408
2026-06-22T22:35:19,idle,ue3,3092153,836274.5688414169,0.836275
2026-06-22T22:35:19,idle,ue4,3092162,819941.102046169,0.819941
2026-06-22T22:35:19,idle,ue5,3092895,810140.903199606,0.810141
2026-06-22T22:35:19,idle,ue6,3092903,819941.102046169,0.819941
2026-06-22T22:35:19,idle,ue7,3092913,797074.1297634077,0.797074
2026-06-22T22:35:19,idle,ue8,3092922,806874.3286099709,0.806874
2026-06-22T22:35:24,idle,cu_cp,3091903,326407.77579137206,0.326408
2026-06-22T22:35:24,idle,cu_up,3091911,326407.77579137206,0.326408
2026-06-22T22:35:24,idle,du1,3092092,3025800.088113098,3.025800
2026-06-22T22:35:24,idle,du2,3092853,3032328.1166475676,3.032328
2026-06-22T22:35:24,idle,ue1,3092136,829075.7042271602,0.829076
2026-06-22T22:35:24,idle,ue2,3092145,812755.3362055707,0.812755
2026-06-22T22:35:24,idle,ue3,3092153,776850.5265580737,0.776851
2026-06-22T22:35:24,idle,ue4,3092162,825811.6306228423,0.825812
2026-06-22T22:35:24,idle,ue5,3092895,802963.115392617,0.802963
2026-06-22T22:35:24,idle,ue6,3092903,796434.9088468981,0.796435
2026-06-22T22:35:24,idle,ue7,3092913,799699.0417882991,0.799699
2026-06-22T22:35:24,idle,ue8,3092922,806227.248334018,0.806227
2026-06-22T22:35:30,idle,cu_cp,3091903,325533.8881844461,0.325534
2026-06-22T22:35:30,idle,cu_up,3091911,328789.21374420525,0.328789
2026-06-22T22:35:30,idle,du1,3092092,2965613.90046834,2.965614
2026-06-22T22:35:30,idle,du2,3092853,2998167.1560659315,2.998167
2026-06-22T22:35:30,idle,ue1,3092136,820345.4159875846,0.820345
2026-06-22T22:35:30,idle,ue2,3092145,800813.4034197617,0.800813
2026-06-22T22:35:30,idle,ue3,3092153,800813.4034197617,0.800813
2026-06-22T22:35:30,idle,ue4,3092162,830111.4518761301,0.830111
2026-06-22T22:35:30,idle,ue5,3092895,813834.7056587982,0.813835
2026-06-22T22:35:30,idle,ue6,3092903,765004.6446346068,0.765005
2026-06-22T22:35:30,idle,ue7,3092913,807323.9953300118,0.807324
2026-06-22T22:35:30,idle,ue8,3092922,804068.7289795208,0.804069
2026-06-22T22:35:35,idle,cu_cp,3091903,332339.83221705526,0.332340
2026-06-22T22:35:35,idle,cu_up,3091911,319306.90168623626,0.319307
2026-06-22T22:35:35,idle,du1,3092092,2974767.30457258,2.974767
2026-06-22T22:35:35,idle,du2,3092853,3030157.459285104,3.030157
2026-06-22T22:35:35,idle,ue1,3092136,824333.1449004203,0.824333
2026-06-22T22:35:35,idle,ue2,3092145,788492.5192884868,0.788493
2026-06-22T22:35:35,idle,ue3,3092153,772201.363530761,0.772201
2026-06-22T22:35:35,idle,ue4,3092162,778717.873230958,0.778718
2026-06-22T22:35:35,idle,ue5,3092895,801525.5386888809,0.801526
2026-06-22T22:35:35,idle,ue6,3092903,775459.6183808595,0.775460
2026-06-22T22:35:35,idle,ue7,3092913,798267.2838387823,0.798267
2026-06-22T22:35:35,idle,ue8,3092922,795009.0882350671,0.795009
2026-06-22T22:35:40,idle,cu_cp,3091903,332469.8989614129,0.332470
2026-06-22T22:35:40,idle,cu_up,3091911,316638.0201436818,0.316638
2026-06-22T22:35:40,idle,du1,3092092,2992229.149824591,2.992229
2026-06-22T22:35:40,idle,du2,3092853,3008060.93988451,3.008061
2026-06-22T22:35:40,idle,ue1,3092136,831174.7769894695,0.831175
2026-06-22T22:35:40,idle,ue2,3092145,783679.0517784643,0.783679
2026-06-22T22:35:40,idle,ue3,3092153,823258.8227876354,0.823259
2026-06-22T22:35:40,idle,ue4,3092162,767847.1433747959,0.767847
2026-06-22T22:35:40,idle,ue5,3092895,783679.0517784643,0.783679
2026-06-22T22:35:40,idle,ue6,3092903,831174.7769894695,0.831175
2026-06-22T22:35:40,idle,ue7,3092913,783679.0517784643,0.783679
2026-06-22T22:35:40,idle,ue8,3092922,831174.7769894695,0.831175
2026-06-22T22:35:46,idle,cu_cp,3091903,333869.05674661277,0.333869
2026-06-22T22:35:46,idle,cu_up,3091911,333869.05674661277,0.333869
2026-06-22T22:35:46,idle,du1,3092092,3024853.442582586,3.024853
2026-06-22T22:35:46,idle,du2,3092853,3071595.1319189714,3.071595
2026-06-22T22:35:46,idle,ue1,3092136,848027.34233769,0.848027
2026-06-22T22:35:46,idle,ue2,3092145,814640.4723161287,0.814640
2026-06-22T22:35:46,idle,ue3,3092153,821317.8225517076,0.821318
2026-06-22T22:35:46,idle,ue4,3092162,781253.542872734,0.781254
2026-06-22T22:35:46,idle,ue5,3092895,827995.2322091198,0.827995
2026-06-22T22:35:46,idle,ue6,3092903,807963.0032368833,0.807963
2026-06-22T22:35:46,idle,ue7,3092913,801285.7124231374,0.801286
2026-06-22T22:35:46,idle,ue8,3092922,807963.0032368833,0.807963
2026-06-22T22:35:51,idle,cu_cp,3091903,327909.2746008459,0.327909
2026-06-22T22:35:51,idle,cu_up,3091911,327909.2746008459,0.327909
2026-06-22T22:35:51,idle,du1,3092092,2991453.0647336696,2.991453
2026-06-22T22:35:51,idle,du2,3092853,2962689.0313837766,2.962689
2026-06-22T22:35:51,idle,ue1,3092136,788132.8298629224,0.788133
2026-06-22T22:35:51,idle,ue2,3092145,822649.5987310696,0.822650
2026-06-22T22:35:51,idle,ue3,3092153,811144.0091083539,0.811144
2026-06-22T22:35:51,idle,ue4,3092162,799638.3601925343,0.799638
2026-06-22T22:35:51,idle,ue5,3092895,839907.9238720393,0.839908
2026-06-22T22:35:51,idle,ue6,3092903,845660.777976501,0.845661
2026-06-22T22:35:51,idle,ue7,3092913,805391.214296996,0.805391
2026-06-22T22:35:51,idle,ue8,3092922,828402.3935424275,0.828402
2026-06-22T22:35:57,idle,cu_cp,3091903,328864.27841382084,0.328864
2026-06-22T22:35:57,idle,cu_up,3091911,328864.27841382084,0.328864
2026-06-22T22:35:57,idle,du1,3092092,2964837.903282585,2.964838
2026-06-22T22:35:57,idle,du2,3092853,2990135.187377968,2.990135
2026-06-22T22:35:57,idle,ue1,3092136,834809.3084518039,0.834809
2026-06-22T22:35:57,idle,ue2,3092145,784214.7402610385,0.784215
2026-06-22T22:35:57,idle,ue3,3092153,834809.3084518039,0.834809
2026-06-22T22:35:57,idle,ue4,3092162,809512.0243564212,0.809512
2026-06-22T22:35:57,idle,ue5,3092895,849987.6789090335,0.849988
2026-06-22T22:35:57,idle,ue6,3092903,855047.0764672309,0.855047
2026-06-22T22:35:57,idle,ue7,3092913,794333.6538991916,0.794334
2026-06-22T22:35:57,idle,ue8,3092922,809512.0243564212,0.809512
2026-06-22T22:36:02,idle,cu_cp,3091903,330070.6294161239,0.330071
2026-06-22T22:36:02,idle,cu_up,3091911,330070.6294161239,0.330071
2026-06-22T22:36:02,idle,du1,3092092,3049368.112006652,3.049368
2026-06-22T22:36:02,idle,du2,3092853,3022114.557697339,3.022115
2026-06-22T22:36:02,idle,ue1,3092136,823662.4657071084,0.823662
2026-06-22T22:36:02,idle,ue2,3092145,796408.9113977951,0.796409
2026-06-22T22:36:02,idle,ue3,3092153,850916.0200164217,0.850916
2026-06-22T22:36:02,idle,ue4,3092162,793380.7849671566,0.793381
2026-06-22T22:36:02,idle,ue5,3092895,853944.1464470602,0.853944
2026-06-22T22:36:02,idle,ue6,3092903,835775.2093917006,0.835775
2026-06-22T22:36:02,idle,ue7,3092913,814577.9674341738,0.814578
2026-06-22T22:36:02,idle,ue8,3092922,829718.7780588949,0.829719
2026-06-22T22:36:07,idle,cu_cp,3091903,323214.26148712635,0.323214
2026-06-22T22:36:07,idle,cu_up,3091911,326234.96439595224,0.326235
2026-06-22T22:36:07,idle,du1,3092092,2969342.4115606546,2.969342
2026-06-22T22:36:07,idle,du2,3092853,2978404.2828478217,2.978404
2026-06-22T22:36:07,idle,ue1,3092136,836732.2126320064,0.836732
2026-06-22T22:36:07,idle,ue2,3092145,806525.302263403,0.806525
2026-06-22T22:36:07,idle,ue3,3092153,818608.1138987064,0.818608
2026-06-22T22:36:07,idle,ue4,3092162,812566.7674408823,0.812567
2026-06-22T22:36:07,idle,ue5,3092895,848815.0242673099,0.848815
2026-06-22T22:36:07,idle,ue6,3092903,824649.5197163582,0.824650
2026-06-22T22:36:07,idle,ue7,3092913,815587.4109898806,0.815587
2026-06-22T22:36:07,idle,ue8,3092922,785380.5006212771,0.785381
2026-06-22T22:36:13,idle,cu_cp,3091903,329194.79735967633,0.329195
2026-06-22T22:36:13,idle,cu_up,3091911,329194.79735967633,0.329195
2026-06-22T22:36:13,idle,du1,3092092,3008055.365355091,3.008055
2026-06-22T22:36:13,idle,du2,3092853,3029196.466245718,3.029196
2026-06-22T22:36:13,idle,ue1,3092136,836577.6501345921,0.836578
2026-06-22T22:36:13,idle,ue2,3092145,773154.7637993932,0.773155
2026-06-22T22:36:13,idle,ue3,3092153,800336.0177935266,0.800336
2026-06-22T22:36:13,idle,ue4,3092162,818456.8339640594,0.818457
2026-06-22T22:36:13,idle,ue5,3092895,803356.1835602832,0.803356
2026-06-22T22:36:13,idle,ue6,3092903,824497.1060209036,0.824497
2026-06-22T22:36:13,idle,ue7,3092913,809396.4556171275,0.809396
2026-06-22T22:36:13,idle,ue8,3092922,776174.9295661497,0.776175
2026-06-22T22:36:18,idle,cu_cp,3091903,331305.6950516978,0.331306
2026-06-22T22:36:18,idle,cu_up,3091911,328266.2031138396,0.328266
2026-06-22T22:36:18,idle,du1,3092092,3009106.9811907695,3.009107
2026-06-22T22:36:18,idle,du2,3092853,3033422.916693635,3.033423
2026-06-22T22:36:18,idle,ue1,3092136,838902.5190687013,0.838903
2026-06-22T22:36:18,idle,ue2,3092145,826744.4916603154,0.826744
2026-06-22T22:36:18,idle,ue3,3092153,820665.5674415523,0.820666
2026-06-22T22:36:18,idle,ue4,3092162,841942.0408350361,0.841942
2026-06-22T22:36:18,idle,ue5,3092895,826744.4916603154,0.826744
2026-06-22T22:36:18,idle,ue6,3092903,802428.4965004969,0.802428
2026-06-22T22:36:18,idle,ue7,3092913,811547.002142548,0.811547
2026-06-22T22:36:18,idle,ue8,3092922,781152.0231070131,0.781152
2026-06-22T22:36:24,idle,cu_cp,3091903,323671.23067213746,0.323671
2026-06-22T22:36:24,idle,cu_up,3091911,326844.47715792357,0.326844
2026-06-22T22:36:24,idle,du1,3092092,3005065.283551669,3.005065
2026-06-22T22:36:24,idle,du2,3092853,2982852.528443849,2.982853
2026-06-22T22:36:24,idle,ue1,3092136,828217.540741402,0.828218
2026-06-22T22:36:24,idle,ue2,3092145,821871.0477698296,0.821871
2026-06-22T22:36:24,idle,ue3,3092153,793311.7996904373,0.793312
2026-06-22T22:36:24,idle,ue4,3092162,837737.2504914433,0.837737
2026-06-22T22:36:24,idle,ue5,3092895,840910.5266845465,0.840911
2026-06-22T22:36:24,idle,ue6,3092903,825044.2051336647,0.825044
2026-06-22T22:36:24,idle,ue7,3092913,818697.8309913606,0.818698
2026-06-22T22:36:24,idle,ue8,3092922,815524.5547982573,0.815525
2026-06-22T22:36:29,idle,cu_cp,3091903,330102.24682174803,0.330102
2026-06-22T22:36:29,idle,cu_up,3091911,323565.55365730583,0.323566
2026-06-22T22:36:29,idle,du1,3092092,3019945.2863674164,3.019945
2026-06-22T22:36:29,idle,du2,3092853,3000335.236598897,3.000335
2026-06-22T22:36:29,idle,ue1,3092136,836694.8226609421,0.836695
2026-06-22T22:36:29,idle,ue2,3092145,813816.4708974123,0.813816
2026-06-22T22:36:29,idle,ue3,3092153,787669.6982396436,0.787670
2026-06-22T22:36:29,idle,ue4,3092162,826889.7977766824,0.826890
2026-06-22T22:36:29,idle,ue5,3092895,843231.4861005772,0.843231
2026-06-22T22:36:29,idle,ue6,3092903,813816.4708974123,0.813816
2026-06-22T22:36:29,idle,ue7,3092913,732107.91037871,0.732108
2026-06-22T22:36:29,idle,ue8,3092922,833426.4612163174,0.833426
2026-06-22T22:36:34,idle,cu_cp,3091903,325957.0068786898,0.325957
2026-06-22T22:36:34,idle,cu_up,3091911,322697.4199050236,0.322697
2026-06-22T22:36:34,idle,du1,3092092,2946651.4394605565,2.946651
2026-06-22T22:36:34,idle,du2,3092853,2969468.3999878047,2.969468
2026-06-22T22:36:34,idle,ue1,3092136,827930.7612894988,0.827931
2026-06-22T22:36:34,idle,ue2,3092145,779037.1642882866,0.779037
2026-06-22T22:36:34,idle,ue3,3092153,775777.6662876696,0.775778
2026-06-22T22:36:34,idle,ue4,3092162,834449.8759214651,0.834450
2026-06-22T22:36:34,idle,ue5,3092895,821411.5873421663,0.821412
2026-06-22T22:36:34,idle,ue6,3092903,818152.0300261831,0.818152
2026-06-22T22:36:34,idle,ue7,3092913,707326.7253905582,0.707327
2026-06-22T22:36:34,idle,ue8,3092922,834449.8759214651,0.834450
2026-06-22T22:36:40,idle,cu_cp,3091903,327187.83472608327,0.327188
2026-06-22T22:36:40,idle,cu_up,3091911,327187.83472608327,0.327188
2026-06-22T22:36:40,idle,du1,3092092,3010128.246184683,3.010128
2026-06-22T22:36:40,idle,du2,3092853,3026487.694481516,3.026488
2026-06-22T22:36:40,idle,ue1,3092136,814697.7388320208,0.814698
2026-06-22T22:36:40,idle,ue2,3092145,817969.6165839076,0.817970
2026-06-22T22:36:40,idle,ue3,3092153,814697.7388320208,0.814698
2026-06-22T22:36:40,idle,ue4,3092162,817969.6165839076,0.817970
2026-06-22T22:36:40,idle,ue5,3092895,821241.4943357945,0.821241
2026-06-22T22:36:40,idle,ue6,3092903,827785.3093769669,0.827785
2026-06-22T22:36:40,idle,ue7,3092913,791794.535031414,0.791795
2026-06-22T22:36:40,idle,ue8,3092922,817969.6165839076,0.817970
2026-06-22T22:36:45,idle,cu_cp,3091903,325972.8726112485,0.325973
2026-06-22T22:36:45,idle,cu_up,3091911,329232.600447762,0.329233
2026-06-22T22:36:45,idle,du1,3092092,2963093.5522963526,2.963094
2026-06-22T22:36:45,idle,du2,3092853,3005469.7769446373,3.005470
2026-06-22T22:36:45,idle,ue1,3092136,811672.4092116595,0.811672
2026-06-22T22:36:45,idle,ue2,3092145,808412.6813751459,0.808413
2026-06-22T22:36:45,idle,ue3,3092153,818191.8648846864,0.818192
2026-06-22T22:36:45,idle,ue4,3092162,831230.7762307406,0.831231
2026-06-22T22:36:45,idle,ue5,3092895,821451.5927212,0.821452
2026-06-22T22:36:45,idle,ue6,3092903,814932.137048173,0.814932
2026-06-22T22:36:45,idle,ue7,3092913,805153.01284523,0.805153
2026-06-22T22:36:45,idle,ue8,3092922,818191.8648846864,0.818192
2026-06-22T22:36:50,idle,cu_cp,3091903,324574.63488096,0.324575
2026-06-22T22:36:50,idle,cu_up,3091911,327853.15601179004,0.327853
2026-06-22T22:36:50,idle,du1,3092092,3022806.1967619895,3.022806
2026-06-22T22:36:50,idle,du2,3092853,3035920.1620934485,3.035920
2026-06-22T22:36:50,idle,ue1,3092136,858975.33728621,0.858975
2026-06-22T22:36:50,idle,ue2,3092145,813075.8626667976,0.813076
2026-06-22T22:36:50,idle,ue3,3092153,819632.9049284577,0.819633
2026-06-22T22:36:50,idle,ue4,3092162,842582.642238164,0.842583
2026-06-22T22:36:50,idle,ue5,3092895,826189.9471901178,0.826190
2026-06-22T22:36:50,idle,ue6,3092903,836025.5999765039,0.836026
2026-06-22T22:36:50,idle,ue7,3092913,809797.3117380023,0.809797
2026-06-22T22:36:50,idle,ue8,3092922,832747.0490477085,0.832747
2026-06-22T22:36:56,idle,cu_cp,3091903,334808.7651748839,0.334809
2026-06-22T22:36:56,idle,cu_up,3091911,327530.3079531169,0.327530
2026-06-22T22:36:56,idle,du1,3092092,2984165.028017287,2.984165
2026-06-22T22:36:56,idle,du2,3092853,2940494.2253474854,2.940494
2026-06-22T22:36:56,idle,ue1,3092136,844300.3849937767,0.844300
2026-06-22T22:36:56,idle,ue2,3092145,786072.7865588403,0.786073
2026-06-22T22:36:56,idle,ue3,3092153,800629.5823239749,0.800630
2026-06-22T22:36:56,idle,ue4,3092162,815186.5561067086,0.815187
2026-06-22T22:36:56,idle,ue5,3092895,800629.5823239749,0.800630
2026-06-22T22:36:56,idle,ue6,3092903,837021.8981024098,0.837022
2026-06-22T22:36:56,idle,ue7,3092913,800629.5823239749,0.800630
2026-06-22T22:36:56,idle,ue8,3092922,793351.2141110074,0.793351
2026-06-22T22:37:01,idle,cu_cp,3091903,328584.3327104396,0.328584
2026-06-22T22:37:01,idle,cu_up,3091911,322384.6491072705,0.322385
2026-06-22T22:37:01,idle,du1,3092092,3037855.3874411583,3.037855
2026-06-22T22:37:01,idle,du2,3092853,3025455.8415738773,3.025456
2026-06-22T22:37:01,idle,ue1,3092136,805961.5483261168,0.805962
2026-06-22T22:37:01,idle,ue2,3092145,812161.2617061096,0.812161
2026-06-22T22:37:01,idle,ue3,3092153,824560.748019743,0.824561
2026-06-22T22:37:01,idle,ue4,3092162,818361.0346397501,0.818361
2026-06-22T22:37:01,idle,ue5,3092895,830760.4613997358,0.830760
2026-06-22T22:37:01,idle,ue6,3092903,824560.748019743,0.824561
2026-06-22T22:37:01,idle,ue7,3092913,725365.4530471527,0.725365
2026-06-22T22:37:01,idle,ue8,3092922,812161.2617061096,0.812161
2026-06-22T22:37:06,idle,cu_cp,3091903,334994.26588047144,0.334994
2026-06-22T22:37:06,idle,cu_up,3091911,324188.01945534826,0.324188
2026-06-22T22:37:06,idle,du1,3092092,3036560.975303297,3.036561
2026-06-22T22:37:06,idle,du2,3092853,3052770.4643127252,3.052770
2026-06-22T22:37:06,idle,ue1,3092136,810470.0934027743,0.810470
2026-06-22T22:37:06,idle,ue2,3092145,805066.9105043411,0.805067
2026-06-22T22:37:06,idle,ue3,3092153,815873.2166153359,0.815873
2026-06-22T22:37:06,idle,ue4,3092162,815873.2166153359,0.815873
2026-06-22T22:37:06,idle,ue5,3092895,821276.2801420259,0.821276
2026-06-22T22:37:06,idle,ue6,3092903,826679.4630404592,0.826679
2026-06-22T22:37:06,idle,ue7,3092913,810470.0934027743,0.810470
2026-06-22T22:37:06,idle,ue8,3092922,794260.6640792179,0.794261
2026-06-22T22:37:12,idle,cu_cp,3091903,331157.81097191334,0.331158
2026-06-22T22:37:12,idle,cu_up,3091911,328119.6451146841,0.328120
2026-06-22T22:37:12,idle,du1,3092092,3019916.096870241,3.019916
2026-06-22T22:37:12,idle,du2,3092853,3025992.4285846995,3.025992
2026-06-22T22:37:12,idle,ue1,3092136,829413.5506882381,0.829414
2026-06-22T22:37:12,idle,ue2,3092145,802070.2369836546,0.802070
2026-06-22T22:37:12,idle,ue3,3092153,802070.2369836546,0.802070
2026-06-22T22:37:12,idle,ue4,3092162,820299.1127867103,0.820299
2026-06-22T22:37:12,idle,ue5,3092895,820299.1127867103,0.820299
2026-06-22T22:37:12,idle,ue6,3092903,853718.7582057524,0.853719
2026-06-22T22:37:12,idle,ue7,3092913,826375.384831009,0.826375
2026-06-22T22:37:12,idle,ue8,3092922,835489.8227325368,0.835490
2026-06-22T22:37:17,idle,cu_cp,3091903,328110.146386832,0.328110
2026-06-22T22:37:17,idle,cu_up,3091911,331148.2132552356,0.331148
2026-06-22T22:37:17,idle,du1,3092092,3025904.8028342007,3.025905
2026-06-22T22:37:17,idle,du2,3092853,3056285.352029264,3.056285
2026-06-22T22:37:17,idle,ue1,3092136,847617.9080382257,0.847618
2026-06-22T22:37:17,idle,ue2,3092145,835465.7003090978,0.835466
2026-06-22T22:37:17,idle,ue3,3092153,792932.8238959343,0.792933
2026-06-22T22:37:17,idle,ue4,3092162,808123.158237952,0.808123
2026-06-22T22:37:17,idle,ue5,3092895,820275.36596708,0.820275
2026-06-22T22:37:17,idle,ue6,3092903,817237.3588431627,0.817237
2026-06-22T22:37:17,idle,ue7,3092913,808123.158237952,0.808123
2026-06-22T22:37:17,idle,ue8,3092922,823313.4925799698,0.823313
2026-06-22T22:37:23,idle,cu_cp,3091903,325307.5000986865,0.325308
2026-06-22T22:37:23,idle,cu_up,3091911,325307.5000986865,0.325308
2026-06-22T22:37:23,idle,du1,3092092,3018975.1199878333,3.018975
2026-06-22T22:37:23,idle,du2,3092853,3037216.5900868606,3.037217
2026-06-22T22:37:23,idle,ue1,3092136,823909.6824168485,0.823910
2026-06-22T22:37:23,idle,ue2,3092145,784386.2584427171,0.784386
2026-06-22T22:37:23,idle,ue3,3092153,793507.1128720171,0.793507
2026-06-22T22:37:23,idle,ue4,3092162,820869.3777104509,0.820869
2026-06-22T22:37:23,idle,ue5,3092895,826949.86774346,0.826950
2026-06-22T22:37:23,idle,ue6,3092903,823909.6824168485,0.823910
2026-06-22T22:37:23,idle,ue7,3092913,826949.86774346,0.826950
2026-06-22T22:37:23,idle,ue8,3092922,763104.4836372924,0.763104
2026-06-22T22:37:28,idle,cu_cp,3091903,325168.70562609314,0.325169
2026-06-22T22:37:28,idle,cu_up,3091911,331246.6214598298,0.331247
2026-06-22T22:37:28,idle,du1,3092092,3035920.6569096567,3.035921
2026-06-22T22:37:28,idle,du2,3092853,3008570.303756504,3.008570
2026-06-22T22:37:28,idle,ue1,3092136,844830.8370867205,0.844831
2026-06-22T22:37:28,idle,ue2,3092145,793168.5227112186,0.793169
2026-06-22T22:37:28,idle,ue3,3092153,814441.1983405566,0.814441
2026-06-22T22:37:28,idle,ue4,3092162,832675.0054192472,0.832675
2026-06-22T22:37:28,idle,ue5,3092895,829636.0772911191,0.829636
2026-06-22T22:37:28,idle,ue6,3092903,811402.2702124285,0.811402
2026-06-22T22:37:28,idle,ue7,3092913,811402.2702124285,0.811402
2026-06-22T22:37:28,idle,ue8,3092922,796207.5104168272,0.796208
2026-06-22T22:37:33,idle,cu_cp,3091903,330036.34604974685,0.330036
2026-06-22T22:37:33,idle,cu_up,3091911,323924.55523415655,0.323925
2026-06-22T22:37:33,idle,du1,3092092,3040612.604412639,3.040613
2026-06-22T22:37:33,idle,du2,3092853,3043668.4252387406,3.043668
2026-06-22T22:37:33,idle,ue1,3092136,828146.715783146,0.828147
2026-06-22T22:37:33,idle,ue2,3092145,812867.253660509,0.812867
2026-06-22T22:37:33,idle,ue3,3092153,828146.715783146,0.828147
2026-06-22T22:37:33,idle,ue4,3092162,822034.9548002332,0.822035
2026-06-22T22:37:33,idle,ue5,3092895,867873.3411681444,0.867873
2026-06-22T22:37:33,idle,ue6,3092903,858705.6400284201,0.858706
2026-06-22T22:37:33,idle,ue7,3092913,785364.2695720464,0.785364
2026-06-22T22:37:33,idle,ue8,3092922,806755.4926775962,0.806755
2026-06-22T22:37:39,idle,cu_cp,3091903,328723.7305486143,0.328724
2026-06-22T22:37:39,idle,cu_up,3091911,325436.49354166386,0.325436
2026-06-22T22:37:39,idle,du1,3092092,3053843.418285513,3.053843
2026-06-22T22:37:39,idle,du2,3092853,3007822.100188208,3.007822
2026-06-22T22:37:39,idle,ue1,3092136,825096.488744545,0.825096
2026-06-22T22:37:39,idle,ue2,3092145,818522.0744377971,0.818522
2026-06-22T22:37:39,idle,ue3,3092153,815234.8374308466,0.815235
2026-06-22T22:37:39,idle,ue4,3092162,821809.3711519003,0.821809
2026-06-22T22:37:39,idle,ue5,3092895,805373.0667028427,0.805373
2026-06-22T22:37:39,idle,ue6,3092903,844819.9107862472,0.844820
2026-06-22T22:37:39,idle,ue7,3092913,815234.8374308466,0.815235
2026-06-22T22:37:39,idle,ue8,3092922,792224.178382194,0.792224
2026-06-22T22:37:44,idle,cu_cp,3091903,331189.8980388856,0.331190
2026-06-22T22:37:44,idle,cu_up,3091911,324631.6819411993,0.324632
2026-06-22T22:37:44,idle,du1,3092092,3043012.269326439,3.043012
2026-06-22T22:37:44,idle,du2,3092853,3016779.285781517,3.016779
2026-06-22T22:37:44,idle,ue1,3092136,832893.3550405264,0.832893
2026-06-22T22:37:44,idle,ue2,3092145,816497.859479127,0.816498
2026-06-22T22:37:44,idle,ue3,3092153,816497.859479127,0.816498
2026-06-22T22:37:44,idle,ue4,3092162,800102.3043406392,0.800102
2026-06-22T22:37:44,idle,ue5,3092895,803381.4272837543,0.803381
2026-06-22T22:37:44,idle,ue6,3092903,773869.439949894,0.773869
2026-06-22T22:37:44,idle,ue7,3092913,741078.3892500066,0.741078
2026-06-22T22:37:44,idle,ue8,3092922,829614.2916744995,0.829614
2026-06-22T22:37:49,idle,cu_cp,3091903,332309.1401584601,0.332309
2026-06-22T22:37:49,idle,cu_up,3091911,329018.9601127815,0.329019
2026-06-22T22:37:49,idle,du1,3092092,3063166.700203531,3.063167
2026-06-22T22:37:49,idle,du2,3092853,3000652.8015631773,3.000653
2026-06-22T22:37:49,idle,ue1,3092136,822547.4600035113,0.822547
2026-06-22T22:37:49,idle,ue2,3092145,822547.4600035113,0.822547
2026-06-22T22:37:49,idle,ue3,3092153,812676.860144918,0.812677
2026-06-22T22:37:49,idle,ue4,3092162,815967.0401905966,0.815967
2026-06-22T22:37:49,idle,ue5,3092895,819257.2202362752,0.819257
2026-06-22T22:37:49,idle,ue6,3092903,812676.860144918,0.812677
2026-06-22T22:37:49,idle,ue7,3092913,825837.6400491899,0.825838
2026-06-22T22:37:49,idle,ue8,3092922,845578.7800448191,0.845579
2026-06-22T22:37:55,idle,cu_cp,3091903,328108.5312720984,0.328109
2026-06-22T22:37:55,idle,cu_up,3091911,328108.5312720984,0.328109
2026-06-22T22:37:55,idle,du1,3092092,3041566.0998312975,3.041566
2026-06-22T22:37:55,idle,du2,3092853,3041566.0998312975,3.041566
2026-06-22T22:37:55,idle,ue1,3092136,836676.8294385761,0.836677
2026-06-22T22:37:55,idle,ue2,3092145,813709.2173105842,0.813709
2026-06-22T22:37:55,idle,ue3,3092153,813709.2173105842,0.813709
2026-06-22T22:37:55,idle,ue4,3092162,816990.2876843602,0.816990
2026-06-22T22:37:55,idle,ue5,3092895,830114.628935244,0.830115
2026-06-22T22:37:55,idle,ue6,3092903,826833.5585614681,0.826834
2026-06-22T22:37:55,idle,ue7,3092913,803865.9464334762,0.803866
2026-06-22T22:37:55,idle,ue8,3092922,823552.3686761319,0.823552
2026-06-22T22:38:00,idle,cu_cp,3091903,338479.79471100715,0.338480
2026-06-22T22:38:00,idle,cu_up,3091911,331907.364851107,0.331907
2026-06-22T22:38:00,idle,du1,3092092,3049604.3524127603,3.049604
2026-06-22T22:38:00,idle,du2,3092853,3000311.2627097988,3.000311
2026-06-22T22:38:00,idle,ue1,3092136,837983.8972457522,0.837984
2026-06-22T22:38:00,idle,ue2,3092145,814980.4076523561,0.814980
2026-06-22T22:38:00,idle,ue3,3092153,814980.4076523561,0.814980
2026-06-22T22:38:00,idle,ue4,3092162,824839.1568559873,0.824839
2026-06-22T22:38:00,idle,ue5,3092895,831411.4972183609,0.831411
2026-06-22T22:38:00,idle,ue6,3092903,834697.7270645654,0.834698
2026-06-22T22:38:00,idle,ue7,3092913,814980.4076523561,0.814980
2026-06-22T22:38:00,idle,ue8,3092922,801835.6672625911,0.801836
2026-06-22T22:38:05,idle,cu_cp,3091903,337386.86581466196,0.337387
2026-06-22T22:38:05,idle,cu_up,3091911,313287.80823315115,0.313288
2026-06-22T22:38:05,idle,du1,3092092,3084680.08651551,3.084680
2026-06-22T22:38:05,idle,du2,3092853,3004349.75533895,3.004350
2026-06-22T22:38:05,idle,ue1,3092136,827401.0863666409,0.827401
2026-06-22T22:38:05,idle,ue2,3092145,827401.0863666409,0.827401
2026-06-22T22:38:05,idle,ue3,3092153,851500.1737849069,0.851500
2026-06-22T22:38:05,idle,ue4,3092162,819368.1367918992,0.819368
2026-06-22T22:38:05,idle,ue5,3092895,835434.155288403,0.835434
2026-06-22T22:38:05,idle,ue6,3092903,827401.0863666409,0.827401
2026-06-22T22:38:05,idle,ue7,3092913,819368.1367918992,0.819368
2026-06-22T22:38:05,idle,ue8,3092922,819368.1367918992,0.819368
2026-06-22T22:38:11,idle,cu_cp,3091903,323570.54434979317,0.323571
2026-06-22T22:38:11,idle,cu_up,3091911,330311.59611083684,0.330312
2026-06-22T22:38:11,idle,du1,3092092,3026732.629536638,3.026733
2026-06-22T22:38:11,idle,du2,3092853,3067179.1195619917,3.067179
2026-06-22T22:38:11,idle,ue1,3092136,856113.7232017886,0.856114
2026-06-22T22:38:11,idle,ue2,3092145,842631.6794993985,0.842632
2026-06-22T22:38:11,idle,ue3,3092153,829149.516157614,0.829150
2026-06-22T22:38:11,idle,ue4,3092162,815667.4724552238,0.815667
2026-06-22T22:38:11,idle,ue5,3092895,822408.4943064189,0.822408
2026-06-22T22:38:11,idle,ue6,3092903,822408.4943064189,0.822408
2026-06-22T22:38:11,idle,ue7,3092913,822408.4943064189,0.822408
2026-06-22T22:38:11,idle,ue8,3092922,829149.516157614,0.829150
2026-06-22T22:38:16,idle,cu_cp,3091903,338683.34219260723,0.338683
2026-06-22T22:38:16,idle,cu_up,3091911,315721.77837740065,0.315722
2026-06-22T22:38:16,idle,du1,3092092,3025188.3966022325,3.025188
2026-06-22T22:38:16,idle,du2,3092853,3019448.102592702,3.019448
2026-06-22T22:38:16,idle,ue1,3092136,832357.3669111365,0.832357
2026-06-22T22:38:16,idle,ue2,3092145,820876.5402600234,0.820877
2026-06-22T22:38:16,idle,ue3,3092153,809395.7136089104,0.809396
2026-06-22T22:38:16,idle,ue4,3092162,820876.5402600234,0.820877
2026-06-22T22:38:16,idle,ue5,3092895,820876.5402600234,0.820877
2026-06-22T22:38:16,idle,ue6,3092903,815136.126934467,0.815136
2026-06-22T22:38:16,idle,ue7,3092913,734770.6386667406,0.734771
2026-06-22T22:38:16,idle,ue8,3092922,780693.8259551668,0.780694
2026-06-22T22:38:22,idle,cu_cp,3091903,321279.92955453513,0.321280
2026-06-22T22:38:22,idle,cu_up,3091911,331319.9459736544,0.331320
2026-06-22T22:38:22,idle,du1,3092092,3017019.422265487,3.017019
2026-06-22T22:38:22,idle,du2,3092853,3001959.4870154,3.001959
2026-06-22T22:38:22,idle,ue1,3092136,813239.8998911851,0.813240
2026-06-22T22:38:22,idle,ue2,3092145,813239.8998911851,0.813240
2026-06-22T22:38:22,idle,ue3,3092153,788139.8886362511,0.788140
2026-06-22T22:38:22,idle,ue4,3092162,823279.9163103044,0.823280
2026-06-22T22:38:22,idle,ue5,3092895,747979.8825455022,0.747980
2026-06-22T22:38:22,idle,ue6,3092903,798179.9050553703,0.798180
2026-06-22T22:38:22,idle,ue7,3092913,803199.8834720659,0.803200
2026-06-22T22:38:22,idle,ue8,3092922,798179.9050553703,0.798180
2026-06-22T22:38:27,idle,cu_cp,3091903,325643.10751892655,0.325643
2026-06-22T22:38:27,idle,cu_up,3091911,325643.10751892655,0.325643
2026-06-22T22:38:27,idle,du1,3092092,2973001.0450908495,2.973001
2026-06-22T22:38:27,idle,du2,3092853,2951894.402365408,2.951894
2026-06-22T22:38:27,idle,ue1,3092136,865366.4080181695,0.865366
2026-06-22T22:38:27,idle,ue2,3092145,774909.9876118773,0.774910
2026-06-22T22:38:27,idle,ue3,3092153,826168.6714106672,0.826169
2026-06-22T22:38:27,idle,ue4,3092162,817122.9758765138,0.817123
2026-06-22T22:38:27,idle,ue5,3092895,808077.3397796095,0.808077
2026-06-22T22:38:27,idle,ue6,3092903,829183.804193303,0.829184
2026-06-22T22:38:27,idle,ue7,3092913,817122.9758765138,0.817123
2026-06-22T22:38:27,idle,ue8,3092922,811092.5914367437,0.811093
2026-06-22T22:38:32,idle,cu_cp,3091903,328026.8673844689,0.328027
2026-06-22T22:38:32,idle,cu_up,3091911,324989.58323143364,0.324990
2026-06-22T22:38:32,idle,du1,3092092,2973502.676293695,2.973503
2026-06-22T22:38:32,idle,du2,3092853,3019061.99820811,3.019062
2026-06-22T22:38:32,idle,ue1,3092136,798806.1495804823,0.798806
2026-06-22T22:38:32,idle,ue2,3092145,750209.5435130316,0.750210
2026-06-22T22:38:32,idle,ue3,3092153,826141.7069577998,0.826142
2026-06-22T22:38:32,idle,ue4,3092162,792731.5812744116,0.792732
2026-06-22T22:38:32,idle,ue5,3092895,823104.4228047645,0.823104
2026-06-22T22:38:32,idle,ue6,3092903,786657.0129683411,0.786657
2026-06-22T22:38:32,idle,ue7,3092913,817029.854498694,0.817030
2026-06-22T22:38:32,idle,ue8,3092922,813992.5703456587,0.813993
2026-06-22T22:38:38,idle,cu_cp,3091903,339181.0974960041,0.339181
2026-06-22T22:38:38,idle,cu_up,3091911,320846.96552011283,0.320847
2026-06-22T22:38:38,idle,du1,3092092,3015961.553676083,3.015962
2026-06-22T22:38:38,idle,du2,3092853,3052629.877464037,3.052630
2026-06-22T22:38:38,idle,ue1,3092136,815868.0501798076,0.815868
2026-06-22T22:38:38,idle,ue2,3092145,800589.6617163884,0.800590
2026-06-22T22:38:38,idle,ue3,3092153,797533.8882858306,0.797534
2026-06-22T22:38:38,idle,ue4,3092162,815868.0501798076,0.815868
2026-06-22T22:38:38,idle,ue5,3092895,821979.4175324094,0.821979
2026-06-22T22:38:38,idle,ue6,3092903,812812.2767492497,0.812812
2026-06-22T22:38:38,idle,ue7,3092913,831146.4984793979,0.831146
2026-06-22T22:38:38,idle,ue8,3092922,818923.7039380228,0.818924
2026-06-22T22:38:43,idle,cu_cp,3091903,331354.37155627785,0.331354
2026-06-22T22:38:43,idle,cu_up,3091911,328314.42510820064,0.328314
2026-06-22T22:38:43,idle,du1,3092092,3012588.927753477,3.012589
2026-06-22T22:38:43,idle,du2,3092853,3018668.8802827336,3.018669
2026-06-22T22:38:43,idle,ue1,3092136,842065.7326318687,0.842066
2026-06-22T22:38:43,idle,ue2,3092145,826865.9705749315,0.826866
2026-06-22T22:38:43,idle,ue3,3092153,808626.2322533661,0.808626
2026-06-22T22:38:43,idle,ue4,3092162,848145.5658949214,0.848146
2026-06-22T22:38:43,idle,ue5,3092895,808626.2322533661,0.808626
2026-06-22T22:38:43,idle,ue6,3092903,793426.5298295307,0.793427
2026-06-22T22:38:43,idle,ue7,3092913,814706.2444157243,0.814706
2026-06-22T22:38:43,idle,ue8,3092922,839025.6967341388,0.839026
2026-06-22T22:38:49,idle,cu_cp,3091903,334868.029204936,0.334868
2026-06-22T22:38:49,idle,cu_up,3091911,328489.5928274965,0.328490
2026-06-22T22:38:49,idle,du1,3092092,3020190.7887638854,3.020191
2026-06-22T22:38:49,idle,du2,3092853,2972352.4263910674,2.972352
2026-06-22T22:38:49,idle,ue1,3092136,870656.893841238,0.870657
2026-06-22T22:38:49,idle,ue2,3092145,826007.7795044803,0.826008
2026-06-22T22:38:49,idle,ue3,3092153,784547.9728984642,0.784548
2026-06-22T22:38:49,idle,ue4,3092162,857899.9613916778,0.857900
2026-06-22T22:38:49,idle,ue5,3092895,794115.6573119641,0.794116
2026-06-22T22:38:49,idle,ue6,3092903,864278.4574637986,0.864278
2026-06-22T22:38:49,idle,ue7,3092913,813250.9664442826,0.813251
2026-06-22T22:38:49,idle,ue8,3092922,813250.9664442826,0.813251
2026-06-22T22:38:54,idle,cu_cp,3091903,328870.36219982384,0.328870
2026-06-22T22:38:54,idle,cu_up,3091911,319004.2740267098,0.319004
2026-06-22T22:38:54,idle,du1,3092092,3015741.232121644,3.015741
2026-06-22T22:38:54,idle,du2,3092853,2992720.379623747,2.992720
2026-06-22T22:38:54,idle,ue1,3092136,815598.5531962216,0.815599
2026-06-22T22:38:54,idle,ue2,3092145,818887.2293478906,0.818887
2026-06-22T22:38:54,idle,ue3,3092153,838619.4056941187,0.838619
2026-06-22T22:38:54,idle,ue4,3092162,828753.3175210047,0.828753
2026-06-22T22:38:54,idle,ue5,3092895,841908.1415638947,0.841908
2026-06-22T22:38:54,idle,ue6,3092903,858351.7014765608,0.858352
2026-06-22T22:38:54,idle,ue7,3092913,825464.6413693357,0.825465
2026-06-22T22:38:54,idle,ue8,3092922,812309.8770445526,0.812310
2026-06-22T22:38:59,idle,cu_cp,3091903,322350.7513721329,0.322351
2026-06-22T22:38:59,idle,cu_up,3091911,328929.3424095759,0.328929
2026-06-22T22:38:59,idle,du1,3092092,3019571.2813302707,3.019571
2026-06-22T22:38:59,idle,du2,3092853,3022860.681580279,3.022861
2026-06-22T22:38:59,idle,ue1,3092136,845348.3947317654,0.845348
2026-06-22T22:38:59,idle,ue2,3092145,832191.272503329,0.832191
2026-06-22T22:38:59,idle,ue3,3092153,848637.735135324,0.848638
2026-06-22T22:38:59,idle,ue4,3092162,819034.0904284429,0.819034
2026-06-22T22:38:59,idle,ue5,3092895,842059.1141746562,0.842059
2026-06-22T22:38:59,idle,ue6,3092903,809166.1889106662,0.809166
2026-06-22T22:38:59,idle,ue7,3092913,822323.3111391026,0.822323
2026-06-22T22:38:59,idle,ue8,3092922,822323.3111391026,0.822323
2026-06-22T22:39:05,idle,cu_cp,3091903,330301.4740528822,0.330301
2026-06-22T22:39:05,idle,cu_up,3091911,326998.453317706,0.326998
2026-06-22T22:39:05,idle,du1,3092092,3032167.45986969,3.032167
2026-06-22T22:39:05,idle,du2,3092853,3042076.611994929,3.042077
2026-06-22T22:39:05,idle,ue1,3092136,868692.8647697854,0.868693
2026-06-22T22:39:05,idle,ue2,3092145,825753.6851322055,0.825754
2026-06-22T22:39:05,idle,ue3,3092153,852177.7910671413,0.852178
2026-06-22T22:39:05,idle,ue4,3092162,819147.703608327,0.819148
2026-06-22T22:39:05,idle,ue5,3092895,815844.6528999138,0.815845
2026-06-22T22:39:05,idle,ue6,3092903,825753.6851322055,0.825754
2026-06-22T22:39:05,idle,ue7,3092913,809238.6114295614,0.809239
2026-06-22T22:39:05,idle,ue8,3092922,838965.7081264365,0.838966
2026-06-22T22:39:10,idle,cu_cp,3091903,336430.43083005905,0.336430
2026-06-22T22:39:10,idle,cu_up,3091911,326535.39877506555,0.326535
2026-06-22T22:39:10,idle,du1,3092092,3064155.5718031214,3.064156
2026-06-22T22:39:10,idle,du2,3092853,3064155.5718031214,3.064156
2026-06-22T22:39:10,idle,ue1,3092136,854269.3932357705,0.854269
2026-06-22T22:39:10,idle,ue2,3092145,821286.0129651607,0.821286
2026-06-22T22:39:10,idle,ue3,3092153,758617.626398623,0.758618
2026-06-22T22:39:10,idle,ue4,3092162,814689.3848412001,0.814689
2026-06-22T22:39:10,idle,ue5,3092895,794899.3806439149,0.794899
2026-06-22T22:39:10,idle,ue6,3092903,831181.074976505,0.831181
2026-06-22T22:39:10,idle,ue7,3092913,811391.010866518,0.811391
2026-06-22T22:39:10,idle,ue8,3092922,811391.010866518,0.811391
2026-06-22T22:39:15,idle,cu_cp,3091903,339406.78509918245,0.339407
2026-06-22T22:39:15,idle,cu_up,3091911,322930.70635136217,0.322931
2026-06-22T22:39:15,idle,du1,3092092,3054660.9161988352,3.054661
2026-06-22T22:39:15,idle,du2,3092853,3061251.2758449363,3.061251
2026-06-22T22:39:15,idle,ue1,3092136,823802.7997180837,0.823803
2026-06-22T22:39:15,idle,ue2,3092145,823802.7997180837,0.823803
2026-06-22T22:39:15,idle,ue3,3092153,817212.4400719828,0.817212
2026-06-22T22:39:15,idle,ue4,3092162,810622.0205483591,0.810622
2026-06-22T22:39:15,idle,ue5,3092895,807326.7808477861,0.807327
2026-06-22T22:39:15,idle,ue6,3092903,856754.8973362016,0.856755
2026-06-22T22:39:15,idle,ue7,3092913,804031.541147213,0.804032
2026-06-22T22:39:15,idle,ue8,3092922,823802.7997180837,0.823803
2026-06-22T22:39:21,idle,cu_cp,3091903,330734.53104981664,0.330735
2026-06-22T22:39:21,idle,cu_up,3091911,323384.8860669923,0.323385
2026-06-22T22:39:21,idle,du1,3092092,3006009.4488189504,3.006009
2026-06-22T22:39:21,idle,du2,3092853,3028058.2645150186,3.028058
2026-06-22T22:39:21,idle,ue1,3092136,779063.5010772276,0.779064
2026-06-22T22:39:21,idle,ue2,3092145,815811.8452437543,0.815812
2026-06-22T22:39:21,idle,ue3,3092153,779063.5010772276,0.779064
2026-06-22T22:39:21,idle,ue4,3092162,823161.4306003761,0.823161
2026-06-22T22:39:21,idle,ue5,3092895,830511.135209403,0.830511
2026-06-22T22:39:21,idle,ue6,3092903,837860.7801922273,0.837861
2026-06-22T22:39:21,idle,ue7,3092913,823161.4306003761,0.823161
2026-06-22T22:39:21,idle,ue8,3092922,830511.135209403,0.830511
2026-06-22T22:39:26,idle,cu_cp,3091903,341112.8714073524,0.341113
2026-06-22T22:39:26,idle,cu_up,3091911,328479.0502207875,0.328479
2026-06-22T22:39:26,idle,du1,3092092,3120551.097349441,3.120551
2026-06-22T22:39:26,idle,du2,3092853,3088966.6796664833,3.088967
2026-06-22T22:39:26,idle,ue1,3092136,827514.5211137563,0.827515
2026-06-22T22:39:26,idle,ue2,3092145,814880.7299901813,0.814881
2026-06-22T22:39:26,idle,ue3,3092153,840148.372363311,0.840148
2026-06-22T22:39:26,idle,ue4,3092162,821197.6255519688,0.821198
2026-06-22T22:39:26,idle,ue5,3092895,827514.5211137563,0.827515
2026-06-22T22:39:26,idle,ue6,3092903,814880.7299901813,0.814881
2026-06-22T22:39:26,idle,ue7,3092913,808563.8344283939,0.808564
2026-06-22T22:39:26,idle,ue8,3092922,833831.4166755438,0.833831
2026-06-22T22:39:31,idle,cu_cp,3091903,331318.95229546574,0.331319
2026-06-22T22:39:31,idle,cu_up,3091911,325887.5161225453,0.325888
2026-06-22T22:39:31,idle,du1,3092092,3041616.6975217722,3.041617
2026-06-22T22:39:31,idle,du2,3092853,3079636.8703541993,3.079637
2026-06-22T22:39:31,idle,ue1,3092136,809287.2793697029,0.809287
2026-06-22T22:39:31,idle,ue2,3092145,825581.7075104481,0.825582
2026-06-22T22:39:31,idle,ue3,3092153,809287.2793697029,0.809287
2026-06-22T22:39:31,idle,ue4,3092162,825581.7075104481,0.825582
2026-06-22T22:39:31,idle,ue5,3092895,836444.5798562891,0.836445
2026-06-22T22:39:31,idle,ue6,3092903,825581.7075104481,0.825582
2026-06-22T22:39:31,idle,ue7,3092913,809287.2793697029,0.809287
2026-06-22T22:39:31,idle,ue8,3092922,831013.2034943604,0.831013
2026-06-22T22:39:37,idle,cu_cp,3091903,331881.7088550314,0.331882
2026-06-22T22:39:37,idle,cu_up,3091911,328836.9195119384,0.328837
2026-06-22T22:39:37,idle,du1,3092092,3044786.4670891715,3.044786
2026-06-22T22:39:37,idle,du2,3092853,3056965.6244615437,3.056966
2026-06-22T22:39:37,idle,ue1,3092136,846450.5985454035,0.846451
2026-06-22T22:39:37,idle,ue2,3092145,812957.9157713801,0.812958
2026-06-22T22:39:37,idle,ue3,3092153,825137.1330604994,0.825137
2026-06-22T22:39:37,idle,ue4,3092162,797734.028972662,0.797734
2026-06-22T22:39:37,idle,ue5,3092895,855584.9066579354,0.855585
2026-06-22T22:39:37,idle,ue6,3092903,800778.8183157551,0.800779
2026-06-22T22:39:37,idle,ue7,3092913,825137.1330604994,0.825137
2026-06-22T22:39:37,idle,ue8,3092922,840361.0198592175,0.840361
2026-06-22T22:39:42,idle,cu_cp,3091903,334088.4266452646,0.334088
2026-06-22T22:39:42,idle,cu_up,3091911,331023.41003501415,0.331023
2026-06-22T22:39:42,idle,du1,3092092,3034381.288582592,3.034381
2026-06-22T22:39:42,idle,du2,3092853,3012926.0525976564,3.012926
2026-06-22T22:39:42,idle,ue1,3092136,845948.714533925,0.845949
2026-06-22T22:39:42,idle,ue2,3092145,821428.4619387388,0.821428
2026-06-22T22:39:42,idle,ue3,3092153,855143.8242212677,0.855144
2026-06-22T22:39:42,idle,ue4,3092162,833688.5882363319,0.833689
2026-06-22T22:39:42,idle,ue5,3092895,858208.8408315182,0.858209
2026-06-22T22:39:42,idle,ue6,3092903,790778.1162664604,0.790778
2026-06-22T22:39:42,idle,ue7,3092913,769322.9401381159,0.769323
2026-06-22T22:39:42,idle,ue8,3092922,796908.2093435526,0.796908
2026-06-22T22:39:53,dl,cu_cp,3091903,334775.6630051261,0.334776
2026-06-22T22:39:53,dl,cu_up,3091911,328398.98057502863,0.328399
2026-06-22T22:39:53,dl,du1,3092092,3035299.2807446625,3.035299
2026-06-22T22:39:53,dl,du2,3092853,3019357.6494762325,3.019358
2026-06-22T22:39:53,dl,ue1,3092136,813026.6657260823,0.813027
2026-06-22T22:39:53,dl,ue2,3092145,790708.2024139273,0.790708
2026-06-22T22:39:53,dl,ue3,3092153,828968.3568399632,0.828968
2026-06-22T22:39:53,dl,ue4,3092162,835344.9495018839,0.835345
2026-06-22T22:39:53,dl,ue5,3092895,822591.6444871402,0.822592
2026-06-22T22:39:53,dl,ue6,3092903,841721.661854707,0.841722
2026-06-22T22:39:53,dl,ue7,3092913,822591.6444871402,0.822592
2026-06-22T22:39:53,dl,ue8,3092922,841721.661854707,0.841722
2026-06-22T22:39:58,dl,cu_cp,3091903,395337.45939988643,0.395337
2026-06-22T22:39:58,dl,cu_up,3091911,601752.5912520916,0.601753
2026-06-22T22:39:58,dl,du1,3092092,4240256.502475405,4.240257
2026-06-22T22:39:58,dl,du2,3092853,4257749.204132867,4.257749
2026-06-22T22:39:58,dl,ue1,3092136,1598842.6761197567,1.598843
2026-06-22T22:39:58,dl,ue2,3092145,1591845.4312214733,1.591845
2026-06-22T22:39:58,dl,ue3,3092153,1553361.2685946585,1.553361
2026-06-22T22:39:58,dl,ue4,3092162,1535868.5669371963,1.535869
2026-06-22T22:39:58,dl,ue5,3092895,1626831.1082618951,1.626831
2026-06-22T22:39:58,dl,ue6,3092903,1567355.4846657277,1.567355
2026-06-22T22:39:58,dl,ue7,3092913,1535868.5669371963,1.535869
2026-06-22T22:39:58,dl,ue8,3092922,1532369.9444880546,1.532370
2026-06-22T22:40:04,dl,cu_cp,3091903,419585.3125154075,0.419585
2026-06-22T22:40:04,dl,cu_up,3091911,690644.881509173,0.690645
2026-06-22T22:40:04,dl,du1,3092092,4589446.164245398,4.589446
2026-06-22T22:40:04,dl,du2,3092853,4659995.975931201,4.659996
2026-06-22T22:40:04,dl,ue1,3092136,1849145.9226326859,1.849146
2026-06-22T22:40:04,dl,ue2,3092145,1823153.8268958842,1.823154
2026-06-22T22:40:04,dl,ue3,3092153,1863998.447232411,1.863998
2026-06-22T22:40:04,dl,ue4,3092162,1923408.8299309635,1.923409
2026-06-22T22:40:04,dl,ue5,3092895,1845432.6848703849,1.845433
2026-06-22T22:40:04,dl,ue6,3092903,1800875.11107121,1.800875
2026-06-22T22:40:04,dl,ue7,3092913,1834293.2558831347,1.834293
2026-06-22T22:40:04,dl,ue8,3092922,1882564.0674446106,1.882564
2026-06-22T22:40:09,dl,cu_cp,3091903,420374.67925667076,0.420375
2026-06-22T22:40:09,dl,cu_up,3091911,726816.0640249336,0.726816
2026-06-22T22:40:09,dl,du1,3092092,4706624.754857254,4.706625
2026-06-22T22:40:09,dl,du2,3092853,4765556.14723473,4.765556
2026-06-22T22:40:09,dl,ue1,3092136,1885793.0929464912,1.885793
2026-06-22T22:40:09,dl,ue2,3092145,1854363.0456696688,1.854363
2026-06-22T22:40:09,dl,ue3,3092153,1870077.9976635003,1.870078
2026-06-22T22:40:09,dl,ue4,3092162,1932937.805638826,1.932938
2026-06-22T22:40:09,dl,ue5,3092895,1838648.2369649971,1.838648
2026-06-22T22:40:09,dl,ue6,3092903,1866149.2954873324,1.866149
2026-06-22T22:40:09,dl,ue7,3092913,1893650.4972988272,1.893650
2026-06-22T22:40:09,dl,ue8,3092922,1960438.8641611612,1.960439
2026-06-22T22:40:14,dl,cu_cp,3091903,422292.20684309007,0.422292
2026-06-22T22:40:14,dl,cu_up,3091911,718291.4413430786,0.718291
2026-06-22T22:40:14,dl,du1,3092092,4653107.639759331,4.653108
2026-06-22T22:40:14,dl,du2,3092853,4708361.047919655,4.708361
2026-06-22T22:40:14,dl,ue1,3092136,1886501.6503723527,1.886502
2026-06-22T22:40:14,dl,ue2,3092145,1862821.700153389,1.862822
2026-06-22T22:40:14,dl,ue3,3092153,1902288.3793430328,1.902288
2026-06-22T22:40:14,dl,ue4,3092162,1945701.5259197617,1.945702
2026-06-22T22:40:14,dl,ue5,3092895,1858875.0895292473,1.858875
2026-06-22T22:40:14,dl,ue6,3092903,1847035.1144197655,1.847035
2026-06-22T22:40:14,dl,ue7,3092913,1854928.4789051055,1.854928
2026-06-22T22:40:14,dl,ue8,3092922,1957541.6442663001,1.957542
2026-06-22T22:40:20,dl,cu_cp,3091903,415463.42334633885,0.415463
2026-06-22T22:40:20,dl,cu_up,3091911,642792.5040182603,0.642793
2026-06-22T22:40:20,dl,du1,3092092,4589694.865209265,4.589695
2026-06-22T22:40:20,dl,du2,3092853,4636728.593632727,4.636729
2026-06-22T22:40:20,dl,ue1,3092136,1853907.6561832523,1.853908
2026-06-22T22:40:20,dl,ue2,3092145,1853907.6561832523,1.853908
2026-06-22T22:40:20,dl,ue3,3092153,1869585.422902882,1.869585
2026-06-22T22:40:20,dl,ue4,3092162,1924457.9633087302,1.924458
2026-06-22T22:40:20,dl,ue5,3092895,1857826.9907970165,1.857827
2026-06-22T22:40:20,dl,ue6,3092903,1861746.4681656384,1.861746
2026-06-22T22:40:20,dl,ue7,3092913,1842149.2240773868,1.842149
2026-06-22T22:40:20,dl,ue8,3092922,1869585.422902882,1.869585
2026-06-22T22:40:25,dl,cu_cp,3091903,424165.3124301669,0.424165
2026-06-22T22:40:25,dl,cu_up,3091911,673907.439019357,0.673907
2026-06-22T22:40:25,dl,du1,3092092,4832312.719130976,4.832313
2026-06-22T22:40:25,dl,du2,3092853,4820420.571669814,4.820421
2026-06-22T22:40:25,dl,ue1,3092136,1875048.3645460522,1.875048
2026-06-22T22:40:25,dl,ue2,3092145,1906761.6710625933,1.906762
2026-06-22T22:40:25,dl,ue3,3092153,1930546.5427976178,1.930547
2026-06-22T22:40:25,dl,ue4,3092162,2021722.4612612461,2.021722
2026-06-22T22:40:25,dl,ue5,3092895,1882976.799327569,1.882977
2026-06-22T22:40:25,dl,ue6,3092903,1894869.090991906,1.894869
2026-06-22T22:40:25,dl,ue7,3092913,1879012.509835223,1.879013
2026-06-22T22:40:25,dl,ue8,3092922,2009830.025393734,2.009830
2026-06-22T22:40:30,dl,cu_cp,3091903,425829.4825555119,0.425829
2026-06-22T22:40:30,dl,cu_up,3091911,706489.8681123501,0.706490
2026-06-22T22:40:30,dl,du1,3092092,4684124.773839422,4.684125
2026-06-22T22:40:30,dl,du2,3092853,4713158.44993799,4.713158
2026-06-22T22:40:30,dl,ue1,3092136,1877520.846620456,1.877521
2026-06-22T22:40:30,dl,ue2,3092145,1896876.82175439,1.896877
2026-06-22T22:40:30,dl,ue3,3092153,1867843.0023546552,1.867843
2026-06-22T22:40:30,dl,ue4,3092162,1935588.6287210917,1.935589
2026-06-22T22:40:30,dl,ue5,3092895,1887198.8341874229,1.887199
2026-06-22T22:40:30,dl,ue6,3092903,1867843.0023546552,1.867843
2026-06-22T22:40:30,dl,ue7,3092913,1906554.809321357,1.906555
2026-06-22T22:40:30,dl,ue8,3092922,1877520.846620456,1.877521
2026-06-22T22:40:36,dl,cu_cp,3091903,406628.7489652669,0.406629
2026-06-22T22:40:36,dl,cu_up,3091911,661768.3856332063,0.661768
2026-06-22T22:40:36,dl,du1,3092092,4496835.425211553,4.496835
2026-06-22T22:40:36,dl,du2,3092853,4704136.330793124,4.704136
2026-06-22T22:40:36,dl,ue1,3092136,1841789.0352203369,1.841789
2026-06-22T22:40:36,dl,ue2,3092145,1849762.0258383823,1.849762
2026-06-22T22:40:36,dl,ue3,3092153,1857735.1596160817,1.857735
2026-06-22T22:40:36,dl,ue4,3092162,1897600.9716642331,1.897601
2026-06-22T22:40:36,dl,ue5,3092895,1865708.4365534354,1.865708
2026-06-22T22:40:36,dl,ue6,3092903,1849762.0258383823,1.849762
2026-06-22T22:40:36,dl,ue7,3092913,1849762.0258383823,1.849762
2026-06-22T22:40:36,dl,ue8,3092922,1889627.5515672255,1.889628
2026-06-22T22:40:41,dl,cu_cp,3091903,418126.3706982493,0.418126
2026-06-22T22:40:41,dl,cu_up,3091911,681141.3654249072,0.681141
2026-06-22T22:40:41,dl,du1,3092092,4619621.983847666,4.619622
2026-06-22T22:40:41,dl,du2,3092853,4747757.508769656,4.747758
2026-06-22T22:40:41,dl,ue1,3092136,1847848.7649315118,1.847849
2026-06-22T22:40:41,dl,ue2,3092145,1834360.875166154,1.834361
2026-06-22T22:40:41,dl,ue3,3092153,1861336.797734642,1.861337
2026-06-22T22:40:41,dl,ue4,3092162,1888312.72030313,1.888313
2026-06-22T22:40:41,dl,ue5,3092895,1827616.7872457027,1.827617
2026-06-22T22:40:41,dl,ue6,3092903,1841104.8200488328,1.841105
2026-06-22T22:40:41,dl,ue7,3092913,1854592.7098141909,1.854593
2026-06-22T22:40:41,dl,ue8,3092922,1949008.3672850132,1.949008
2026-06-22T22:40:47,dl,cu_cp,3091903,421293.8030550152,0.421294
2026-06-22T22:40:47,dl,cu_up,3091911,696304.9671071172,0.696305
2026-06-22T22:40:47,dl,du1,3092092,4640082.776067913,4.640083
2026-06-22T22:40:47,dl,du2,3092853,4686893.1748042945,4.686893
2026-06-22T22:40:47,dl,ue1,3092136,1831457.7082712532,1.831458
2026-06-22T22:40:47,dl,ue2,3092145,1849011.6077973961,1.849012
2026-06-22T22:40:47,dl,ue3,3092153,1866565.5073235394,1.866566
2026-06-22T22:40:47,dl,ue4,3092162,1913375.9060599208,1.913376
2026-06-22T22:40:47,dl,ue5,3092895,1866565.5073235394,1.866566
2026-06-22T22:40:47,dl,ue6,3092903,1854862.9076394439,1.854863
2026-06-22T22:40:47,dl,ue7,3092913,1843160.3079553484,1.843160
2026-06-22T22:40:47,dl,ue8,3092922,1919227.2059019685,1.919227
2026-06-22T22:40:52,dl,cu_cp,3091903,420262.24251268,0.420262
2026-06-22T22:40:52,dl,cu_up,3091911,695606.4703658152,0.695606
2026-06-22T22:40:52,dl,du1,3092092,4655491.015321571,4.655491
2026-06-22T22:40:52,dl,du2,3092853,4713458.36422282,4.713458
2026-06-22T22:40:52,dl,ue1,3092136,1851327.5925764882,1.851328
2026-06-22T22:40:52,dl,ue2,3092145,1825967.0562289797,1.825967
2026-06-22T22:40:52,dl,ue3,3092153,1854950.5876421737,1.854951
2026-06-22T22:40:52,dl,ue4,3092162,1891180.1091867387,1.891180
2026-06-22T22:40:52,dl,ue5,3092895,1873065.2768957412,1.873065
2026-06-22T22:40:52,dl,ue6,3092903,1851327.5925764882,1.851328
2026-06-22T22:40:52,dl,ue7,3092913,1847704.5975108028,1.847705
2026-06-22T22:40:52,dl,ue8,3092922,1967262.004304124,1.967262
2026-06-22T22:40:58,dl,cu_cp,3091903,413925.82059794426,0.413926
2026-06-22T22:40:58,dl,cu_up,3091911,665880.6307779407,0.665881
2026-06-22T22:40:58,dl,du1,3092092,4502792.993355446,4.502793
2026-06-22T22:40:58,dl,du2,3092853,4639568.238011627,4.639568
2026-06-22T22:40:58,dl,ue1,3092136,1835671.024287758,1.835671
2026-06-22T22:40:58,dl,ue2,3092145,1846469.0774117662,1.846469
2026-06-22T22:40:58,dl,ue3,3092153,1839270.3278717995,1.839270
2026-06-22T22:40:58,dl,ue4,3092162,1893260.5934918404,1.893261
2026-06-22T22:40:58,dl,ue5,3092895,1864465.8800757409,1.864466
2026-06-22T22:40:58,dl,ue6,3092903,1835671.024287758,1.835671
2026-06-22T22:40:58,dl,ue7,3092913,1824872.8287918663,1.824873
2026-06-22T22:40:58,dl,ue8,3092922,1907657.9501998902,1.907658
2026-06-22T22:41:03,dl,cu_cp,3091903,412428.4911054906,0.412428
2026-06-22T22:41:03,dl,cu_up,3091911,694616.3645434958,0.694616
2026-06-22T22:41:03,dl,du1,3092092,4674189.350666969,4.674189
2026-06-22T22:41:03,dl,du2,3092853,4590980.230546179,4.590980
2026-06-22T22:41:03,dl,ue1,3092136,1859545.9829918803,1.859546
2026-06-22T22:41:03,dl,ue2,3092145,1892106.0298111225,1.892106
2026-06-22T22:41:03,dl,ue3,3092153,1866781.7083556068,1.866782
2026-06-22T22:41:03,dl,ue4,3092162,1946372.9657945335,1.946373
2026-06-22T22:41:03,dl,ue5,3092895,1884870.5913744068,1.884871
2026-06-22T22:41:03,dl,ue6,3092903,1819750.2108089114,1.819750
2026-06-22T22:41:03,dl,ue7,3092913,1837839.2372912169,1.837839
2026-06-22T22:41:03,dl,ue8,3092922,1921048.5008755124,1.921049
2026-06-22T22:41:08,dl,cu_cp,3091903,421318.04607668635,0.421318
2026-06-22T22:41:08,dl,cu_up,3091911,709588.2654812873,0.709588
2026-06-22T22:41:08,dl,du1,3092092,4686239.208796721,4.686239
2026-06-22T22:41:08,dl,du2,3092853,4652977.431424327,4.652977
2026-06-22T22:41:08,dl,ue1,3092136,1836798.9355596078,1.836799
2026-06-22T22:41:08,dl,ue2,3092145,1881148.2111169696,1.881148
2026-06-22T22:41:08,dl,ue3,3092153,1866365.0714523483,1.866365
2026-06-22T22:41:08,dl,ue4,3092162,1940280.3394659483,1.940280
2026-06-22T22:41:08,dl,ue5,3092895,1866365.0714523483,1.866365
2026-06-22T22:41:08,dl,ue6,3092903,1836798.9355596078,1.836799
2026-06-22T22:41:08,dl,ue7,3092913,1818320.010978831,1.818320
2026-06-22T22:41:08,dl,ue8,3092922,1918105.7734055186,1.918106
2026-06-22T22:41:14,dl,cu_cp,3091903,418678.02471857367,0.418678
2026-06-22T22:41:14,dl,cu_up,3091911,703063.1008176773,0.703063
2026-06-22T22:41:14,dl,du1,3092092,4668655.059036886,4.668655
2026-06-22T22:41:14,dl,du2,3092853,4668655.059036886,4.668655
2026-06-22T22:41:14,dl,ue1,3092136,1864302.1018124162,1.864302
2026-06-22T22:41:14,dl,ue2,3092145,1864302.1018124162,1.864302
2026-06-22T22:41:14,dl,ue3,3092153,1844553.1282372116,1.844553
2026-06-22T22:41:14,dl,ue4,3092162,1931448.7553519546,1.931449
2026-06-22T22:41:14,dl,ue5,3092895,1876151.4859575392,1.876151
2026-06-22T22:41:14,dl,ue6,3092903,1852452.7176672935,1.852453
2026-06-22T22:41:14,dl,ue7,3092913,1840603.3335221708,1.840603
2026-06-22T22:41:14,dl,ue8,3092922,1943297.9961132347,1.943298
2026-06-22T22:41:19,dl,cu_cp,3091903,417398.37932758033,0.417398
2026-06-22T22:41:19,dl,cu_up,3091911,696976.5275866836,0.696977
2026-06-22T22:41:19,dl,du1,3092092,4666199.139413178,4.666199
2026-06-22T22:41:19,dl,du2,3092853,4662261.023834586,4.662261
2026-06-22T22:41:19,dl,ue1,3092136,1842853.1382063627,1.842853
2026-06-22T22:41:19,dl,ue2,3092145,1874354.9134878516,1.874355
2026-06-22T22:41:19,dl,ue3,3092153,1846790.824328512,1.846791
2026-06-22T22:41:19,dl,ue4,3092162,1901919.0026471913,1.901919
2026-06-22T22:41:19,dl,ue5,3092895,1866479.5412435532,1.866480
2026-06-22T22:41:19,dl,ue6,3092903,1846790.824328512,1.846791
2026-06-22T22:41:19,dl,ue7,3092913,1842853.1382063627,1.842853
2026-06-22T22:41:19,dl,ue8,3092922,1886168.2581585944,1.886168
2026-06-22T22:41:25,dl,cu_cp,3091903,418333.9220949948,0.418334
2026-06-22T22:41:25,dl,cu_up,3091911,678805.986795652,0.678806
2026-06-22T22:41:25,dl,du1,3092092,4660871.107074022,4.660871
2026-06-22T22:41:25,dl,du2,3092853,4585887.064610338,4.585887
2026-06-22T22:41:25,dl,ue1,3092136,1858823.388702464,1.858823
2026-06-22T22:41:25,dl,ue2,3092145,1874609.502905345,1.874610
2026-06-22T22:41:25,dl,ue3,3092153,1882502.5600067854,1.882503
2026-06-22T22:41:25,dl,ue4,3092162,1925914.6602109193,1.925915
2026-06-22T22:41:25,dl,ue5,3092895,1850930.188527918,1.850930
2026-06-22T22:41:25,dl,ue6,3092903,1835144.074325037,1.835144
2026-06-22T22:41:25,dl,ue7,3092913,1823304.4886728763,1.823304
2026-06-22T22:41:25,dl,ue8,3092922,1953540.5031390667,1.953541
2026-06-22T22:41:30,dl,cu_cp,3091903,425456.2693898499,0.425456
2026-06-22T22:41:30,dl,cu_up,3091911,689396.7105205178,0.689397
2026-06-22T22:41:30,dl,du1,3092092,4691837.048293734,4.691837
2026-06-22T22:41:30,dl,du2,3092853,4680018.999213839,4.680019
2026-06-22T22:41:30,dl,ue1,3092136,1855462.0148293735,1.855462
2026-06-22T22:41:30,dl,ue2,3092145,1867280.207611227,1.867280
2026-06-22T22:41:30,dl,ue3,3092153,1918492.5679352046,1.918493
2026-06-22T22:41:30,dl,ue4,3092162,1918492.5679352046,1.918493
2026-06-22T22:41:30,dl,ue5,3092895,1835765.07476027,1.835765
2026-06-22T22:41:30,dl,ue6,3092903,1843643.8220475197,1.843644
2026-06-22T22:41:30,dl,ue7,3092913,1831825.629265666,1.831826
2026-06-22T22:41:30,dl,ue8,3092922,1918492.5679352046,1.918493
2026-06-22T22:41:35,dl,cu_cp,3091903,409559.81392828375,0.409560
2026-06-22T22:41:35,dl,cu_up,3091911,643593.9984485519,0.643594
2026-06-22T22:41:35,dl,du1,3092092,4583169.204336243,4.583169
2026-06-22T22:41:35,dl,du2,3092853,4641677.867234721,4.641678
2026-06-22T22:41:35,dl,ue1,3092136,1833267.6529915035,1.833268
2026-06-22T22:41:35,dl,ue2,3092145,1882024.8241685797,1.882025
2026-06-22T22:41:35,dl,ue3,3092153,1940533.34335209,1.940533
2026-06-22T22:41:35,dl,ue4,3092162,1901527.5201814484,1.901528
2026-06-22T22:41:35,dl,ue5,3092895,1823516.304985069,1.823516
2026-06-22T22:41:35,dl,ue6,3092903,1833267.6529915035,1.833268
2026-06-22T22:41:35,dl,ue7,3092913,1862521.9844407428,1.862522
2026-06-22T22:41:35,dl,ue8,3092922,1882024.8241685797,1.882025
2026-06-22T22:41:41,dl,cu_cp,3091903,425355.8020858031,0.425356
2026-06-22T22:41:41,dl,cu_up,3091911,698225.5449889946,0.698226
2026-06-22T22:41:41,dl,du1,3092092,4719041.693596077,4.719042
2026-06-22T22:41:41,dl,du2,3092853,4719041.693596077,4.719042
2026-06-22T22:41:41,dl,ue1,3092136,1837858.0618538451,1.837858
2026-06-22T22:41:41,dl,ue2,3092145,1877985.9683880138,1.877986
2026-06-22T22:41:41,dl,ue3,3092153,1845883.5570440555,1.845884
2026-06-22T22:41:41,dl,ue4,3092162,1950216.1427384352,1.950216
2026-06-22T22:41:41,dl,ue5,3092895,1886011.4635782242,1.886011
2026-06-22T22:41:41,dl,ue6,3092903,1813781.2892278028,1.813781
2026-06-22T22:41:41,dl,ue7,3092913,1869960.329670098,1.869960
2026-06-22T22:41:41,dl,ue8,3092922,1926139.3701123928,1.926139
2026-06-22T22:41:46,dl,cu_cp,3091903,417496.0901528382,0.417496
2026-06-22T22:41:46,dl,cu_up,3091911,727251.2677153588,0.727251
2026-06-22T22:41:46,dl,du1,3092092,4659795.22364624,4.659795
2026-06-22T22:41:46,dl,du2,3092853,4720399.352314902,4.720399
2026-06-22T22:41:46,dl,ue1,3092136,1871998.6974040316,1.871999
2026-06-22T22:41:46,dl,ue2,3092145,1878732.5852389622,1.878733
2026-06-22T22:41:46,dl,ue3,3092153,1905667.7056558274,1.905668
2026-06-22T22:41:46,dl,ue4,3092162,1979739.4663533974,1.979739
2026-06-22T22:41:46,dl,ue5,3092895,1871998.6974040316,1.871999
2026-06-22T22:41:46,dl,ue6,3092903,1845063.4333462142,1.845063
2026-06-22T22:41:46,dl,ue7,3092913,1865264.8095691013,1.865265
2026-06-22T22:41:46,dl,ue8,3092922,1946070.4581016016,1.946070
2026-06-22T22:41:52,dl,cu_cp,3091903,420667.7444644612,0.420668
2026-06-22T22:41:52,dl,cu_up,3091911,695270.3172856474,0.695270
2026-06-22T22:41:52,dl,du1,3092092,4644872.959574437,4.644873
2026-06-22T22:41:52,dl,du2,3092853,4679928.5721220635,4.679929
2026-06-22T22:41:52,dl,ue1,3092136,1846263.8841580343,1.846264
2026-06-22T22:41:52,dl,ue2,3092145,1869634.3402677178,1.869634
2026-06-22T22:41:52,dl,ue3,3092153,1869634.3402677178,1.869634
2026-06-22T22:41:52,dl,ue4,3092162,1904689.9528153443,1.904690
2026-06-22T22:41:52,dl,ue5,3092895,1869634.3402677178,1.869634
2026-06-22T22:41:52,dl,ue6,3092903,1828736.077884221,1.828736
2026-06-22T22:41:52,dl,ue7,3092913,1822893.4280483508,1.822893
2026-06-22T22:41:52,dl,ue8,3092922,1922217.7590891577,1.922218
2026-06-22T22:41:57,dl,cu_cp,3091903,421454.2741531694,0.421454
2026-06-22T22:41:57,dl,cu_up,3091911,684412.8810277045,0.684413
2026-06-22T22:41:57,dl,du1,3092092,4599975.435746887,4.599975
2026-06-22T22:41:57,dl,du2,3092853,4635997.1587951705,4.635997
2026-06-22T22:41:57,dl,ue1,3092136,1822699.6728182184,1.822700
2026-06-22T22:41:57,dl,ue2,3092145,1862323.625415454,1.862324
2026-06-22T22:41:57,dl,ue3,3092153,1862323.625415454,1.862324
2026-06-22T22:41:57,dl,ue4,3092162,1887538.8029271914,1.887539
2026-06-22T22:41:57,dl,ue5,3092895,1869527.9414030493,1.869528
2026-06-22T22:41:57,dl,ue6,3092903,1826301.90236717,1.826302
2026-06-22T22:41:57,dl,ue7,3092913,1790280.0362085784,1.790280
2026-06-22T22:41:57,dl,ue8,3092922,1887538.8029271914,1.887539
2026-06-22T22:42:03,dl,cu_cp,3091903,421104.4677322421,0.421104
2026-06-22T22:42:03,dl,cu_up,3091911,697000.4908759313,0.697000
2026-06-22T22:42:03,dl,du1,3092092,4613997.99958709,4.613998
2026-06-22T22:42:03,dl,du2,3092853,4668451.328117004,4.668451
2026-06-22T22:42:03,dl,ue1,3092136,1869558.670141214,1.869559
2026-06-22T22:42:03,dl,ue2,3092145,1876819.0851791215,1.876819
2026-06-22T22:42:03,dl,ue3,3092153,1880449.2207828725,1.880449
2026-06-22T22:42:03,dl,ue4,3092162,1913121.0165382528,1.913121
2026-06-22T22:42:03,dl,ue5,3092895,1880449.2207828725,1.880449
2026-06-22T22:42:03,dl,ue6,3092903,1862298.2551033068,1.862298
2026-06-22T22:42:03,dl,ue7,3092913,1855037.6962349939,1.855038
2026-06-22T22:42:03,dl,ue8,3092922,1909490.880934502,1.909491
2026-06-22T22:42:08,dl,cu_cp,3091903,424737.4944053918,0.424737
2026-06-22T22:42:08,dl,cu_up,3091911,686114.4002274334,0.686114
2026-06-22T22:42:08,dl,du1,3092092,4697524.257148576,4.697524
2026-06-22T22:42:08,dl,du2,3092853,4693894.053767895,4.693894
2026-06-22T22:42:08,dl,ue1,3092136,1840529.2022755623,1.840529
2026-06-22T22:42:08,dl,ue2,3092145,1905873.4377089024,1.905873
2026-06-22T22:42:08,dl,ue3,3092153,1876831.5233729123,1.876832
2026-06-22T22:42:08,dl,ue4,3092162,1909503.6410895824,1.909504
2026-06-22T22:42:08,dl,ue5,3092895,1862310.5662049174,1.862311
2026-06-22T22:42:08,dl,ue6,3092903,1873201.3199922324,1.873201
2026-06-22T22:42:08,dl,ue7,3092913,1836898.8552496075,1.836899
2026-06-22T22:42:08,dl,ue8,3092922,1916764.1914962172,1.916764
2026-06-22T22:42:13,dl,cu_cp,3091903,418738.8763982287,0.418739
2026-06-22T22:42:13,dl,cu_up,3091911,700368.5272784501,0.700369
2026-06-22T22:42:13,dl,du1,3092092,4569070.994943495,4.569071
2026-06-22T22:42:13,dl,du2,3092853,4646889.760086532,4.646890
2026-06-22T22:42:13,dl,ue1,3092136,1856532.57639215,1.856533
2026-06-22T22:42:13,dl,ue2,3092145,1871355.04788234,1.871355
2026-06-22T22:42:13,dl,ue3,3092153,1871355.04788234,1.871355
2026-06-22T22:42:13,dl,ue4,3092162,1915823.0367671205,1.915823
2026-06-22T22:42:13,dl,ue5,3092895,1856532.57639215,1.856533
2026-06-22T22:42:13,dl,ue6,3092903,1878766.4272309875,1.878766
2026-06-22T22:42:13,dl,ue7,3092913,1849121.1970435022,1.849121
2026-06-22T22:42:13,dl,ue8,3092922,1945468.2669546055,1.945468
2026-06-22T22:42:19,dl,cu_cp,3091903,422128.2604268074,0.422128
2026-06-22T22:42:19,dl,cu_up,3091911,706177.1510560799,0.706177
2026-06-22T22:42:19,dl,du1,3092092,4619739.979917526,4.619740
2026-06-22T22:42:19,dl,du2,3092853,4690752.2025748445,4.690752
2026-06-22T22:42:19,dl,ue1,3092136,1854208.2279076385,1.854208
2026-06-22T22:42:19,dl,ue2,3092145,1842372.8574647522,1.842373
2026-06-22T22:42:19,dl,ue3,3092153,1873933.7493847276,1.873934
2026-06-22T22:42:19,dl,ue4,3092162,1964671.637410717,1.964672
2026-06-22T22:42:19,dl,ue5,3092895,1869988.673867626,1.869989
2026-06-22T22:42:19,dl,ue6,3092903,1850263.0084989548,1.850263
2026-06-22T22:42:19,dl,ue7,3092913,1873933.7493847276,1.873934
2026-06-22T22:42:19,dl,ue8,3092922,1933110.6015991592,1.933111
2026-06-22T22:42:24,dl,cu_cp,3091903,422578.6892558411,0.422579
2026-06-22T22:42:24,dl,cu_up,3091911,699032.0095427138,0.699032
2026-06-22T22:42:24,dl,du1,3092092,4660213.49260487,4.660213
2026-06-22T22:42:24,dl,du2,3092853,4691808.112686746,4.691808
2026-06-22T22:42:24,dl,ue1,3092136,1848288.144393078,1.848288
2026-06-22T22:42:24,dl,ue2,3092145,1832490.690871972,1.832491
2026-06-22T22:42:24,dl,ue3,3092153,1868034.746074208,1.868035
2026-06-22T22:42:24,dl,ue4,3092162,1927274.6945977665,1.927275
2026-06-22T22:42:24,dl,ue5,3092895,1875933.4728347613,1.875933
2026-06-22T22:42:24,dl,ue6,3092903,1871984.0377144003,1.871984
2026-06-22T22:42:24,dl,ue7,3092913,1828541.3992317796,1.828541
2026-06-22T22:42:24,dl,ue8,3092922,1935173.5648384881,1.935174
2026-06-22T22:42:30,dl,cu_cp,3091903,419253.6605698854,0.419254
2026-06-22T22:42:30,dl,cu_up,3091911,719850.6498101902,0.719851
2026-06-22T22:42:30,dl,du1,3092092,4718581.615048413,4.718582
2026-06-22T22:42:30,dl,du2,3092853,4698805.419407325,4.698805
2026-06-22T22:42:30,dl,ue1,3092136,1854999.6851679801,1.855000
2026-06-22T22:42:30,dl,ue2,3092145,1870820.6416808509,1.870821
2026-06-22T22:42:30,dl,ue3,3092153,1870820.6416808509,1.870821
2026-06-22T22:42:30,dl,ue4,3092162,1894551.9328738856,1.894552
2026-06-22T22:42:30,dl,ue5,3092895,1866865.4025526333,1.866865
2026-06-22T22:42:30,dl,ue6,3092903,1874775.8808090687,1.874776
2026-06-22T22:42:30,dl,ue7,3092913,1843133.9677833272,1.843134
2026-06-22T22:42:30,dl,ue8,3092922,1945969.8979644442,1.945970
2026-06-22T22:42:35,dl,cu_cp,3091903,418077.52783117414,0.418078
2026-06-22T22:42:35,dl,cu_up,3091911,682334.1004702187,0.682334
2026-06-22T22:42:35,dl,du1,3092092,4598852.770219069,4.598853
2026-06-22T22:42:35,dl,du2,3092853,4681679.366551752,4.681679
2026-06-22T22:42:35,dl,ue1,3092136,1841907.5986908912,1.841908
2026-06-22T22:42:35,dl,ue2,3092145,1873460.6630390214,1.873461
2026-06-22T22:42:35,dl,ue3,3092153,1869516.5120335817,1.869517
2026-06-22T22:42:35,dl,ue4,3092162,1908957.7346972036,1.908958
2026-06-22T22:42:35,dl,ue5,3092895,1865572.361028142,1.865572
2026-06-22T22:42:35,dl,ue6,3092903,1861628.210022702,1.861628
2026-06-22T22:42:35,dl,ue7,3092913,1834019.4403753995,1.834019
2026-06-22T22:42:35,dl,ue8,3092922,1920790.187713523,1.920790
2026-06-22T22:42:40,dl,cu_cp,3091903,418456.1546122599,0.418456
2026-06-22T22:42:40,dl,cu_up,3091911,667161.1965097714,0.667161
2026-06-22T22:42:40,dl,du1,3092092,4610913.251452255,4.610913
2026-06-22T22:42:40,dl,du2,3092853,4670128.662475891,4.670129
2026-06-22T22:42:40,dl,ue1,3092136,1847523.4347956134,1.847523
2026-06-22T22:42:40,dl,ue2,3092145,1847523.4347956134,1.847523
2026-06-22T22:42:40,dl,ue3,3092153,1867261.8095009946,1.867262
2026-06-22T22:42:40,dl,ue4,3092162,1902791.1421874238,1.902791
2026-06-22T22:42:40,dl,ue5,3092895,1977797.511192107,1.977798
2026-06-22T22:42:40,dl,ue6,3092903,1958058.8495792341,1.958059
2026-06-22T22:42:40,dl,ue7,3092913,1527759.7275252438,1.527760
2026-06-22T22:42:40,dl,ue8,3092922,2072542.1114484263,2.072542
2026-06-22T22:42:46,dl,cu_cp,3091903,431383.34433059336,0.431383
2026-06-22T22:42:46,dl,cu_up,3091911,698841.0343873906,0.698841
2026-06-22T22:42:46,dl,du1,3092092,4658940.133180695,4.658940
2026-06-22T22:42:46,dl,du2,3092853,4727961.370283642,4.727961
2026-06-22T22:42:46,dl,ue1,3092136,1829065.5211825229,1.829066
2026-06-22T22:42:46,dl,ue2,3092145,1889459.1756990338,1.889459
2026-06-22T22:42:46,dl,ue3,3092153,1923969.7942505074,1.923970
2026-06-22T22:42:46,dl,ue4,3092162,1889459.1756990338,1.889459
2026-06-22T22:42:46,dl,ue5,3092895,1889459.1756990338,1.889459
2026-06-22T22:42:46,dl,ue6,3092903,1846320.8304582597,1.846321
2026-06-22T22:42:46,dl,ue7,3092913,1803182.4852174853,1.803182
2026-06-22T22:42:46,dl,ue8,3092922,1932597.5209398079,1.932598
2026-06-22T22:42:51,dl,cu_cp,3091903,419286.48093984067,0.419286
2026-06-22T22:42:51,dl,cu_up,3091911,713522.5737966847,0.713523
2026-06-22T22:42:51,dl,du1,3092092,4773980.928927183,4.773981
2026-06-22T22:42:51,dl,du2,3092853,4715134.128117681,4.715134
2026-06-22T22:42:51,dl,ue1,3092136,1890467.233335693,1.890467
2026-06-22T22:42:51,dl,ue2,3092145,1905178.9335380686,1.905179
2026-06-22T22:42:51,dl,ue3,3092153,1934602.4779986357,1.934602
2026-06-22T22:42:51,dl,ue4,3092162,2022873.3994919693,2.022873
2026-06-22T22:42:51,dl,ue5,3092895,1890467.233335693,1.890467
2026-06-22T22:42:51,dl,ue6,3092903,1861043.4007634937,1.861043
2026-06-22T22:42:51,dl,ue7,3092913,1809552.2339714551,1.809552
2026-06-22T22:42:51,dl,ue8,3092922,1905178.9335380686,1.905179
2026-06-22T22:42:56,dl,cu_cp,3091903,429794.9349999914,0.429795
2026-06-22T22:42:56,dl,cu_up,3091911,695256.5326094961,0.695257
2026-06-22T22:42:56,dl,du1,3092092,4538129.197427256,4.538129
2026-06-22T22:42:56,dl,du2,3092853,4702462.606788621,4.702463
2026-06-22T22:42:56,dl,ue1,3092136,1877192.5228922344,1.877193
2026-06-22T22:42:56,dl,ue2,3092145,1889833.6318886697,1.889834
2026-06-22T22:42:56,dl,ue3,3092153,1858231.075310216,1.858231
2026-06-22T22:42:56,dl,ue4,3092162,1946718.2625182378,1.946718
2026-06-22T22:42:56,dl,ue5,3092895,1870872.0403648948,1.870872
2026-06-22T22:42:56,dl,ue6,3092903,1851910.5927828765,1.851911
2026-06-22T22:42:56,dl,ue7,3092913,1807667.0711497439,1.807667
2026-06-22T22:42:56,dl,ue8,3092922,1915115.5619980276,1.915116
2026-06-22T22:43:02,dl,cu_cp,3091903,421534.9136054668,0.421535
2026-06-22T22:43:02,dl,cu_up,3091911,688146.7873778183,0.688147
2026-06-22T22:43:02,dl,du1,3092092,4618869.943490693,4.618870
2026-06-22T22:43:02,dl,du2,3092853,4662104.113559347,4.662104
2026-06-22T22:43:02,dl,ue1,3092136,1830254.2233882726,1.830254
2026-06-22T22:43:02,dl,ue2,3092145,1869885.6653686261,1.869886
2026-06-22T22:43:02,dl,ue3,3092153,1866282.7939794206,1.866283
2026-06-22T22:43:02,dl,ue4,3092162,1909517.2506498862,1.909517
2026-06-22T22:43:02,dl,ue5,3092895,1837459.9661666835,1.837460
2026-06-22T22:43:02,dl,ue6,3092903,1826651.351999067,1.826651
2026-06-22T22:43:02,dl,ue7,3092913,1805034.2669647408,1.805034
2026-06-22T22:43:02,dl,ue8,3092922,1905914.3792606806,1.905914
2026-06-22T22:43:07,dl,cu_cp,3091903,427487.44710235833,0.427487
2026-06-22T22:43:07,dl,cu_up,3091911,697864.0806333161,0.697864
2026-06-22T22:43:07,dl,du1,3092092,4640248.051316529,4.640248
2026-06-22T22:43:07,dl,du2,3092853,4742552.820652027,4.742553
2026-06-22T22:43:07,dl,ue1,3092136,1859752.9951661252,1.859753
2026-06-22T22:43:07,dl,ue2,3092145,1888982.9909073543,1.888983
2026-06-22T22:43:07,dl,ue3,3092153,1888982.9909073543,1.888983
2026-06-22T22:43:07,dl,ue4,3092162,1918212.8428093814,1.918213
2026-06-22T22:43:07,dl,ue5,3092895,1874367.9211171388,1.874368
2026-06-22T22:43:07,dl,ue6,3092903,1848791.728783264,1.848792
2026-06-22T22:43:07,dl,ue7,3092913,1812254.4139057302,1.812254
2026-06-22T22:43:07,dl,ue8,3092922,1925520.3057848883,1.925520
2026-06-22T22:43:13,dl,cu_cp,3091903,417711.16492881,0.417711
2026-06-22T22:43:13,dl,cu_up,3091911,693763.7715011358,0.693764
2026-06-22T22:43:13,dl,du1,3092092,4652938.967178986,4.652939
2026-06-22T22:43:13,dl,du2,3092853,4692893.808870988,4.692894
2026-06-22T22:43:13,dl,ue1,3092136,1837929.039482441,1.837929
2026-06-22T22:43:13,dl,ue2,3092145,1881516.3876740397,1.881516
2026-06-22T22:43:13,dl,ue3,3092153,1863355.0045670294,1.863355
2026-06-22T22:43:13,dl,ue4,3092162,1917839.0102141881,1.917839
2026-06-22T22:43:13,dl,ue5,3092895,1856090.422589451,1.856090
2026-06-22T22:43:13,dl,ue6,3092903,1866987.2237188828,1.866987
2026-06-22T22:43:13,dl,ue7,3092913,1790709.472138989,1.790709
2026-06-22T22:43:13,dl,ue8,3092922,1917839.0102141881,1.917839
2026-06-22T22:43:18,dl,cu_cp,3091903,423278.6767637745,0.423279
2026-06-22T22:43:18,dl,cu_up,3091911,672904.5612189412,0.672905
2026-06-22T22:43:18,dl,du1,3092092,4619887.728468048,4.619888
2026-06-22T22:43:18,dl,du2,3092853,4609034.7117215395,4.609035
2026-06-22T22:43:18,dl,ue1,3092136,1863149.8031764328,1.863150
2026-06-22T22:43:18,dl,ue2,3092145,1870385.339181596,1.870385
2026-06-22T22:43:18,dl,ue3,3092153,1866767.4275483966,1.866767
2026-06-22T22:43:18,dl,ue4,3092162,1913798.5552125752,1.913799
2026-06-22T22:43:18,dl,ue5,3092895,1866767.4275483966,1.866767
2026-06-22T22:43:18,dl,ue6,3092903,1855914.1235406518,1.855914
2026-06-22T22:43:18,dl,ue7,3092913,1819736.5871454538,1.819737
2026-06-22T22:43:18,dl,ue8,3092922,1917416.179584539,1.917416
2026-06-22T22:43:24,dl,cu_cp,3091903,428568.16682506324,0.428568
2026-06-22T22:43:24,dl,cu_up,3091911,694975.4444525719,0.694975
2026-06-22T22:43:24,dl,du1,3092092,4675640.048293848,4.675640
2026-06-22T22:43:24,dl,du2,3092853,4648613.592237931,4.648614
2026-06-22T22:43:24,dl,ue1,3092136,1876433.700021944,1.876434
2026-06-22T22:43:24,dl,ue2,3092145,1911182.4722445726,1.911182
2026-06-22T22:43:24,dl,ue3,3092153,1880294.6428190947,1.880295
2026-06-22T22:43:24,dl,ue4,3092162,1915043.4150417233,1.915043
2026-06-22T22:43:24,dl,ue5,3092895,1891877.4712105466,1.891877
2026-06-22T22:43:24,dl,ue6,3092903,1872572.7572247935,1.872573
2026-06-22T22:43:24,dl,ue7,3092913,1814658.041170988,1.814658
2026-06-22T22:43:24,dl,ue8,3092922,1930487.3297544622,1.930487
2026-06-22T22:43:29,dl,cu_cp,3091903,418726.39348097146,0.418726
2026-06-22T22:43:29,dl,cu_up,3091911,687343.2878412306,0.687343
2026-06-22T22:43:29,dl,du1,3092092,4633642.0119047165,4.633642
2026-06-22T22:43:29,dl,du2,3092853,4641542.421036959,4.641542
2026-06-22T22:43:29,dl,ue1,3092136,1844766.2396758795,1.844766
2026-06-22T22:43:29,dl,ue2,3092145,1884268.716739118,1.884269
2026-06-22T22:43:29,dl,ue3,3092153,1892169.2696720362,1.892169
2026-06-22T22:43:29,dl,ue4,3092162,1911920.5801039934,1.911921
2026-06-22T22:43:29,dl,ue5,3092895,1852666.6488081217,1.852667
2026-06-22T22:43:29,dl,ue6,3092903,1856616.9971749187,1.856617
2026-06-22T22:43:29,dl,ue7,3092913,1785512.4521806836,1.785512
2026-06-22T22:43:29,dl,ue8,3092922,1911920.5801039934,1.911921
2026-06-22T22:43:34,dl,cu_cp,3091903,423409.8872661984,0.423410
2026-06-22T22:43:34,dl,cu_up,3091911,688535.7422044254,0.688536
2026-06-22T22:43:34,dl,du1,3092092,4708951.2576141115,4.708951
2026-06-22T22:43:34,dl,du2,3092853,4629809.52941834,4.629810
2026-06-22T22:43:34,dl,ue1,3092136,1871709.3014099216,1.871709
2026-06-22T22:43:34,dl,ue2,3092145,1871709.3014099216,1.871709
2026-06-22T22:43:34,dl,ue3,3092153,1887537.6182522548,1.887538
2026-06-22T22:43:34,dl,ue4,3092162,1938979.9719540775,1.938980
2026-06-22T22:43:34,dl,ue5,3092895,1844009.494963652,1.844009
2026-06-22T22:43:34,dl,ue6,3092903,1887537.6182522548,1.887538
2026-06-22T22:43:34,dl,ue7,3092913,1816309.832501489,1.816310
2026-06-22T22:43:34,dl,ue8,3092922,1915237.4246985244,1.915237
2026-06-22T22:43:40,dl,cu_cp,3091903,424405.3254540145,0.424405
2026-06-22T22:43:40,dl,cu_up,3091911,709986.4786942292,0.709986
2026-06-22T22:43:40,dl,du1,3092092,4696223.392845268,4.696223
2026-06-22T22:43:40,dl,du2,3092853,4731921.0145089915,4.731921
2026-06-22T22:43:40,dl,ue1,3092136,1876109.5540790176,1.876110
2026-06-22T22:43:40,dl,ue2,3092145,1884042.4708498907,1.884042
2026-06-22T22:43:40,dl,ue3,3092153,1907840.7893294764,1.907841
2026-06-22T22:43:40,dl,ue4,3092162,1927672.7213957978,1.927673
2026-06-22T22:43:40,dl,ue5,3092895,1852311.0916550874,1.852311
2026-06-22T22:43:40,dl,ue6,3092903,1864210.3948392249,1.864210
2026-06-22T22:43:40,dl,ue7,3092913,1808680.6971648359,1.808681
2026-06-22T22:43:40,dl,ue8,3092922,1907840.7893294764,1.907841
2026-06-22T22:43:45,dl,cu_cp,3091903,422636.75592971384,0.422637
2026-06-22T22:43:45,dl,cu_up,3091911,703077.9442901856,0.703078
2026-06-22T22:43:45,dl,du1,3092092,4577906.783086152,4.577907
2026-06-22T22:43:45,dl,du2,3092853,4704302.491645081,4.704302
2026-06-22T22:43:45,dl,ue1,3092136,1872241.2681873285,1.872241
2026-06-22T22:43:45,dl,ue2,3092145,1868291.4652058422,1.868291
2026-06-22T22:43:45,dl,ue3,3092153,1840642.2691493332,1.840642
2026-06-22T22:43:45,dl,ue4,3092162,1868291.4652058422,1.868291
2026-06-22T22:43:45,dl,ue5,3092895,1824842.9134268619,1.824843
2026-06-22T22:43:45,dl,ue6,3092903,1891990.7144843386,1.891991
2026-06-22T22:43:45,dl,ue7,3092913,1820892.9666488492,1.820893
2026-06-22T22:43:45,dl,ue8,3092922,1923589.7135223341,1.923590
2026-06-22T22:43:50,dl,cu_cp,3091903,434265.1625870168,0.434265
2026-06-22T22:43:50,dl,cu_up,3091911,665257.2795040905,0.665257
2026-06-22T22:43:50,dl,du1,3092092,4656801.100004315,4.656801
2026-06-22T22:43:50,dl,du2,3092853,4684520.027775764,4.684520
2026-06-22T22:43:50,dl,ue1,3092136,1829457.4110294878,1.829457
2026-06-22T22:43:50,dl,ue2,3092145,1875655.863108039,1.875656
2026-06-22T22:43:50,dl,ue3,3092153,1866416.1726923287,1.866416
2026-06-22T22:43:50,dl,ue4,3092162,1884895.6969994307,1.884896
2026-06-22T22:43:50,dl,ue5,3092895,1857176.4822766185,1.857176
2026-06-22T22:43:50,dl,ue6,3092903,1847936.7918609083,1.847937
2026-06-22T22:43:50,dl,ue7,3092913,1783258.9589509368,1.783259
2026-06-22T22:43:50,dl,ue8,3092922,1986532.00462088,1.986532
2026-06-22T22:43:56,dl,cu_cp,3091903,428455.6244690323,0.428456
2026-06-22T22:43:56,dl,cu_up,3091911,619730.3951510525,0.619730
2026-06-22T22:43:56,dl,du1,3092092,4628850.716800204,4.628851
2026-06-22T22:43:56,dl,du2,3092853,4735964.622917461,4.735965
2026-06-22T22:43:56,dl,ue1,3092136,1866842.3432011842,1.866842
2026-06-22T22:43:56,dl,ue2,3092145,1905097.2685581492,1.905097
2026-06-22T22:43:56,dl,ue3,3092153,1874493.2131548214,1.874493
2026-06-22T22:43:56,dl,ue4,3092162,1928050.1662134505,1.928050
2026-06-22T22:43:56,dl,ue5,3092895,1866842.3432011842,1.866842
2026-06-22T22:43:56,dl,ue6,3092903,1843889.3016486883,1.843889
2026-06-22T22:43:56,dl,ue7,3092913,1836238.2877978564,1.836238
2026-06-22T22:43:56,dl,ue8,3092922,1966305.2354676104,1.966305
2026-06-22T22:44:01,dl,cu_cp,3091903,430792.6195588469,0.430793
2026-06-22T22:44:01,dl,cu_up,3091911,691878.9595807433,0.691879
2026-06-22T22:44:01,dl,du1,3092092,4647338.466439247,4.647338
2026-06-22T22:44:01,dl,du2,3092853,4790935.83816204,4.790936
2026-06-22T22:44:01,dl,ue1,3092136,1892876.5416049957,1.892877
2026-06-22T22:44:01,dl,ue2,3092145,1892876.5416049957,1.892877
2026-06-22T22:44:01,dl,ue3,3092153,1932039.5790752172,1.932040
2026-06-22T22:44:01,dl,ue4,3092162,1912457.9882843257,1.912458
2026-06-22T22:44:01,dl,ue5,3092895,1814550.6107761145,1.814551
2026-06-22T22:44:01,dl,ue6,3092903,1847186.4032788514,1.847186
2026-06-22T22:44:01,dl,ue7,3092913,1847186.4032788514,1.847186
2026-06-22T22:44:01,dl,ue8,3092922,1977729.7174013616,1.977730
2026-06-22T22:44:07,dl,cu_cp,3091903,418805.7662555391,0.418806
2026-06-22T22:44:07,dl,cu_up,3091911,691939.9585108876,0.691940
2026-06-22T22:44:07,dl,du1,3092092,4679699.431691232,4.679699
2026-06-22T22:44:07,dl,du2,3092853,4668774.166184315,4.668774
2026-06-22T22:44:07,dl,ue1,3092136,1882805.1245354915,1.882805
2026-06-22T22:44:07,dl,ue2,3092145,1875521.6141975475,1.875522
2026-06-22T22:44:07,dl,ue3,3092153,1897372.2891315175,1.897372
2026-06-22T22:44:07,dl,ue4,3092162,1948357.2932575392,1.948357
2026-06-22T22:44:07,dl,ue5,3092895,1857312.6944325494,1.857313
2026-06-22T22:44:07,dl,ue6,3092903,1864596.2047704936,1.864596
2026-06-22T22:44:07,dl,ue7,3092913,1777193.2171943379,1.777193
2026-06-22T22:44:07,dl,ue8,3092922,1959282.7026845932,1.959283
2026-06-22T22:44:12,dl,cu_cp,3091903,429692.99151630106,0.429693
2026-06-22T22:44:12,dl,cu_up,3091911,706444.4140413642,0.706444
2026-06-22T22:44:12,dl,du1,3092092,4693849.713324046,4.693850
2026-06-22T22:44:12,dl,du2,3092853,4661076.484060312,4.661076
2026-06-22T22:44:12,dl,ue1,3092136,1878996.5626690865,1.878997
2026-06-22T22:44:12,dl,ue2,3092145,1875355.0129542947,1.875355
2026-06-22T22:44:12,dl,ue3,3092153,1875355.0129542947,1.875355
2026-06-22T22:44:12,dl,ue4,3092162,1919052.4604607702,1.919052
2026-06-22T22:44:12,dl,ue5,3092895,1864430.6510776759,1.864431
2026-06-22T22:44:12,dl,ue6,3092903,1853506.1455671787,1.853506
2026-06-22T22:44:12,dl,ue7,3092913,1787959.9743074656,1.787960
2026-06-22T22:44:12,dl,ue8,3092922,1926335.703524232,1.926336
2026-06-22T22:44:18,dl,cu_cp,3091903,418686.8924735272,0.418687
2026-06-22T22:44:18,dl,cu_up,3091911,692998.9870147741,0.692999
2026-06-22T22:44:18,dl,du1,3092092,4648867.962343979,4.648868
2026-06-22T22:44:18,dl,du2,3092853,4627211.853892913,4.627212
2026-06-22T22:44:18,dl,ue1,3092136,1862434.800029378,1.862435
2026-06-22T22:44:18,dl,ue2,3092145,1873262.854254911,1.873263
2026-06-22T22:44:18,dl,ue3,3092153,1858825.3529315973,1.858825
2026-06-22T22:44:18,dl,ue4,3092162,1902137.7133676338,1.902138
2026-06-22T22:44:18,dl,ue5,3092895,1855216.0493677212,1.855216
2026-06-22T22:44:18,dl,ue6,3092903,1847997.2987060642,1.847997
2026-06-22T22:44:18,dl,ue7,3092913,1797466.1876083708,1.797466
2026-06-22T22:44:18,dl,ue8,3092922,1902137.7133676338,1.902138
2026-06-22T22:44:23,dl,cu_cp,3091903,425428.29812613904,0.425428
2026-06-22T22:44:23,dl,cu_up,3091911,698138.7088097739,0.698139
2026-06-22T22:44:23,dl,du1,3092092,4636077.628043065,4.636078
2026-06-22T22:44:23,dl,du2,3092853,4705164.54792629,4.705165
2026-06-22T22:44:23,dl,ue1,3092136,1872611.893700279,1.872612
2026-06-22T22:44:23,dl,ue2,3092145,1879884.1330120636,1.879884
2026-06-22T22:44:23,dl,ue3,3092153,1876247.9415315855,1.876248
2026-06-22T22:44:23,dl,ue4,3092162,1927153.9040124202,1.927154
2026-06-22T22:44:23,dl,ue5,3092895,1832614.362011707,1.832614
2026-06-22T22:44:23,dl,ue6,3092903,1839886.6013234914,1.839887
2026-06-22T22:44:23,dl,ue7,3092913,1799888.9259857475,1.799889
2026-06-22T22:44:23,dl,ue8,3092922,1945334.5741164673,1.945335
2026-06-22T22:44:29,dl,cu_cp,3091903,419397.78856286523,0.419398
2026-06-22T22:44:29,dl,cu_up,3091911,651564.4074711275,0.651564
2026-06-22T22:44:29,dl,du1,3092092,4530994.1483241655,4.530994
2026-06-22T22:44:29,dl,du2,3092853,4620864.6177845,4.620865
2026-06-22T22:44:29,dl,ue1,3092136,1838609.9129592513,1.838610
2026-06-22T22:44:29,dl,ue2,3092145,1872311.5535303687,1.872312
2026-06-22T22:44:29,dl,ue3,3092153,1872311.5535303687,1.872312
2026-06-22T22:44:29,dl,ue4,3092162,1894779.1708954526,1.894779
2026-06-22T22:44:29,dl,ue5,3092895,1823631.3106949807,1.823631
2026-06-22T22:44:29,dl,ue6,3092903,1838609.9129592513,1.838610
2026-06-22T22:44:29,dl,ue7,3092913,1774951.353890915,1.774951
2026-06-22T22:44:29,dl,ue8,3092922,1917246.9312761975,1.917247
2026-06-22T22:44:34,dl,cu_cp,3091903,431812.1329888013,0.431812
2026-06-22T22:44:34,dl,cu_up,3091911,689314.7949748278,0.689315
2026-06-22T22:44:34,dl,du1,3092092,4674663.432939586,4.674663
2026-06-22T22:44:34,dl,du2,3092853,4769741.3654918745,4.769741
2026-06-22T22:44:34,dl,ue1,3092136,1889673.1533743155,1.889673
2026-06-22T22:44:34,dl,ue2,3092145,1854018.964672084,1.854019
2026-06-22T22:44:34,dl,ue3,3092153,1937212.2636699642,1.937212
2026-06-22T22:44:34,dl,ue4,3092162,1893634.841911956,1.893635
2026-06-22T22:44:34,dl,ue5,3092895,1889673.1533743155,1.889673
2026-06-22T22:44:34,dl,ue6,3092903,1850057.420153948,1.850057
2026-06-22T22:44:34,dl,ue7,3092913,1881750.064338044,1.881750
2026-06-22T22:44:34,dl,ue8,3092922,2004559.0965562917,2.004559
2026-06-22T22:44:39,dl,cu_cp,3091903,429910.7113262945,0.429911
2026-06-22T22:44:39,dl,cu_up,3091911,670502.8909155506,0.670503
2026-06-22T22:44:39,dl,du1,3092092,4559419.744383893,4.559420
2026-06-22T22:44:39,dl,du2,3092853,4650134.797888696,4.650135
2026-06-22T22:44:39,dl,ue1,3092136,1897128.9194472122,1.897129
2026-06-22T22:44:39,dl,ue2,3092145,1877408.1807216906,1.877408
2026-06-22T22:44:39,dl,ue3,3092153,1893184.5993858099,1.893185
2026-06-22T22:44:39,dl,ue4,3092162,1901073.0959116996,1.901073
2026-06-22T22:44:39,dl,ue5,3092895,1889240.7101151526,1.889241
2026-06-22T22:44:39,dl,ue6,3092903,1853743.4091285968,1.853743
2026-06-22T22:44:39,dl,ue7,3092913,1798525.5130134344,1.798526
2026-06-22T22:44:39,dl,ue8,3092922,1905016.9851823568,1.905017
2026-06-22T22:44:45,dl,cu_cp,3091903,423378.6868258023,0.423379
2026-06-22T22:44:45,dl,cu_up,3091911,700355.4254043913,0.700355
2026-06-22T22:44:45,dl,du1,3092092,4712560.787673579,4.712561
2026-06-22T22:44:45,dl,du2,3092853,4629467.758904628,4.629468
2026-06-22T22:44:45,dl,ue1,3092136,1879484.914131794,1.879485
2026-06-22T22:44:45,dl,ue2,3092145,1911139.373870926,1.911139
2026-06-22T22:44:45,dl,ue3,3092153,1946750.5691237212,1.946751
2026-06-22T22:44:45,dl,ue4,3092162,1930923.4831616115,1.930923
2026-06-22T22:44:45,dl,ue5,3092895,1867614.4197758914,1.867614
2026-06-22T22:44:45,dl,ue6,3092903,1871571.1552895545,1.871571
2026-06-22T22:44:45,dl,ue7,3092913,1816175.9946535302,1.816176
2026-06-22T22:44:45,dl,ue8,3092922,1926966.4598330355,1.926966
2026-06-22T22:44:50,dl,cu_cp,3091903,426155.9731334749,0.426156
2026-06-22T22:44:50,dl,cu_up,3091911,686584.6333578252,0.686585
2026-06-22T22:44:50,dl,du1,3092092,4589068.915110321,4.589069
2026-06-22T22:44:50,dl,du2,3092853,4604852.119841695,4.604852
2026-06-22T22:44:50,dl,ue1,3092136,1866405.476088214,1.866405
2026-06-22T22:44:50,dl,ue2,3092145,1874297.2221099674,1.874297
2026-06-22T22:44:50,dl,ue3,3092153,1890080.5704974078,1.890081
2026-06-22T22:44:50,dl,ue4,3092162,1901918.4050141382,1.901918
2026-06-22T22:44:50,dl,ue5,3092895,1854567.7852275502,1.854568
2026-06-22T22:44:50,dl,ue6,3092903,1862459.5312493038,1.862460
2026-06-22T22:44:50,dl,ue7,3092913,1803271.2206020523,1.803271
2026-06-22T22:44:50,dl,ue8,3092922,1909810.1510358918,1.909810
2026-06-22T22:44:55,dl,cu_cp,3091903,428999.3965488231,0.428999
2026-06-22T22:44:55,dl,cu_up,3091911,678417.6503562784,0.678418
2026-06-22T22:44:55,dl,du1,3092092,4758900.099847927,4.758900
2026-06-22T22:44:55,dl,du2,3092853,4659132.871444273,4.659133
2026-06-22T22:44:55,dl,ue1,3092136,1885601.9622246982,1.885602
2026-06-22T22:44:55,dl,ue2,3092145,1895578.6558173322,1.895579
2026-06-22T22:44:55,dl,ue3,3092153,1885601.9622246982,1.885602
2026-06-22T22:44:55,dl,ue4,3092162,1945462.4162578154,1.945462
2026-06-22T22:44:55,dl,ue5,3092895,1915532.1892412568,1.915532
2026-06-22T22:44:55,dl,ue6,3092903,1915532.1892412568,1.915532
2026-06-22T22:44:55,dl,ue7,3092913,1845695.0416155052,1.845695
2026-06-22T22:44:55,dl,ue8,3092922,1925508.8828338908,1.925509
2026-06-22T22:45:01,dl,cu_cp,3091903,369541.9333527982,0.369542
2026-06-22T22:45:01,dl,cu_up,3091911,341651.9773017311,0.341652
2026-06-22T22:45:01,dl,du1,3092092,3221290.143364477,3.221290
2026-06-22T22:45:01,dl,du2,3092853,3200372.6292977,3.200373
2026-06-22T22:45:01,dl,ue1,3092136,878533.7096655678,0.878534
2026-06-22T22:45:01,dl,ue2,3092145,857616.1955987907,0.857616
2026-06-22T22:45:01,dl,ue3,3092153,885506.1516498578,0.885506
2026-06-22T22:45:01,dl,ue4,3092162,878533.7096655678,0.878534
2026-06-22T22:45:01,dl,ue5,3092895,836698.7442366492,0.836699
2026-06-22T22:45:01,dl,ue6,3092903,857616.1955987907,0.857616
2026-06-22T22:45:01,dl,ue7,3092913,878533.7096655678,0.878534
2026-06-22T22:45:01,dl,ue8,3092922,857616.1955987907,0.857616
2026-06-22T22:45:06,dl,cu_cp,3091903,359803.64204447507,0.359804
2026-06-22T22:45:06,dl,cu_up,3091911,341813.466202687,0.341813
2026-06-22T22:45:06,dl,du1,3092092,3172268.6959731244,3.172269
2026-06-22T22:45:06,dl,du2,3092853,3100307.992605972,3.100308
2026-06-22T22:45:06,dl,ue1,3092136,881518.9292693996,0.881519
2026-06-22T22:45:06,dl,ue2,3092145,875522.2457250416,0.875522
2026-06-22T22:45:06,dl,ue3,3092153,857532.0072788965,0.857532
2026-06-22T22:45:06,dl,ue4,3092162,857532.0072788965,0.857532
2026-06-22T22:45:06,dl,ue5,3092895,875522.2457250416,0.875522
2026-06-22T22:45:06,dl,ue6,3092903,833545.1478927505,0.833545
2026-06-22T22:45:06,dl,ue7,3092913,863528.8160319686,0.863529
2026-06-22T22:45:06,dl,ue8,3092922,863528.8160319686,0.863529
2026-06-22T22:45:12,dl,cu_cp,3091903,336855.9863587603,0.336856
2026-06-22T22:45:12,dl,cu_up,3091911,321544.36572096945,0.321544
2026-06-22T22:45:12,dl,du1,3092092,3031703.8470172645,3.031704
2026-06-22T22:45:12,dl,du2,3092853,3082742.562335515,3.082743
2026-06-22T22:45:12,dl,ue1,3092136,852347.7180240244,0.852348
2026-06-22T22:45:12,dl,ue2,3092145,847243.8948307246,0.847244
2026-06-22T22:45:12,dl,ue3,3092153,826828.2999417424,0.826828
2026-06-22T22:45:12,dl,ue4,3092162,852347.7180240244,0.852348
2026-06-22T22:45:12,dl,ue5,3092895,837036.0671746552,0.837036
2026-06-22T22:45:12,dl,ue6,3092903,826828.2999417424,0.826828
2026-06-22T22:45:12,dl,ue7,3092913,811516.7095155299,0.811517
2026-06-22T22:45:12,dl,ue8,3092922,826828.2999417424,0.826828
2026-06-22T22:45:17,ul,cu_cp,3091903,338030.18771166203,0.338030
2026-06-22T22:45:17,ul,cu_up,3091911,325738.2138784957,0.325738
2026-06-22T22:45:17,ul,du1,3092092,3079147.852851014,3.079148
2026-06-22T22:45:17,ul,du2,3092853,3060709.8316146256,3.060710
2026-06-22T22:45:17,ul,ue1,3092136,848148.4929807663,0.848148
2026-06-22T22:45:17,ul,ue2,3092145,835856.5191475999,0.835857
2026-06-22T22:45:17,ul,ue3,3092153,842002.5665508222,0.842003
2026-06-22T22:45:17,ul,ue4,3092162,814345.5346962393,0.814346
2026-06-22T22:45:17,ul,ue5,3092895,832783.5559326279,0.832784
2026-06-22T22:45:17,ul,ue6,3092903,838929.5428492111,0.838930
2026-06-22T22:45:17,ul,ue7,3092913,829710.5322310168,0.829711
2026-06-22T22:45:17,ul,ue8,3092922,805126.5240780449,0.805127
2026-06-22T22:45:22,ul,cu_cp,3091903,365071.8453355998,0.365072
2026-06-22T22:45:22,ul,cu_up,3091911,404539.0718583673,0.404539
2026-06-22T22:45:22,ul,du1,3092092,3713208.3041415024,3.713208
2026-06-22T22:45:22,ul,du2,3092853,3726363.8307220745,3.726364
2026-06-22T22:45:22,ul,ue1,3092136,1269529.1413750576,1.269529
2026-06-22T22:45:22,ul,ue2,3092145,1262951.2487285614,1.262951
2026-06-22T22:45:22,ul,ue3,3092153,1226772.9038509368,1.226773
2026-06-22T22:45:22,ul,ue4,3092162,1253084.474436922,1.253084
2026-06-22T22:45:22,ul,ue5,3092895,1174150.021391387,1.174150
2026-06-22T22:45:22,ul,ue6,3092903,1223484.0222057938,1.223484
2026-06-22T22:45:22,ul,ue7,3092913,1216906.2589155077,1.216906
2026-06-22T22:45:22,ul,ue8,3092922,1253084.474436922,1.253084
2026-06-22T22:45:28,ul,cu_cp,3091903,379702.69174206915,0.379703
2026-06-22T22:45:28,ul,cu_up,3091911,419671.3753577489,0.419671
2026-06-22T22:45:28,ul,du1,3092092,4016854.8089023377,4.016855
2026-06-22T22:45:28,ul,du2,3092853,3920263.7796326424,3.920264
2026-06-22T22:45:28,ul,ue1,3092136,1418889.0579290772,1.418889
2026-06-22T22:45:28,ul,ue2,3092145,1455526.930179845,1.455527
2026-06-22T22:45:28,ul,ue3,3092153,1428881.0972375893,1.428881
2026-06-22T22:45:28,ul,ue4,3092162,1418889.0579290772,1.418889
2026-06-22T22:45:28,ul,ue5,3092895,1355605.2211406457,1.355605
2026-06-22T22:45:28,ul,ue6,3092903,1358935.9009101498,1.358936
2026-06-22T22:45:28,ul,ue7,3092913,1315636.537524966,1.315637
2026-06-22T22:45:28,ul,ue8,3092922,1388912.4136219097,1.388912
2026-06-22T22:45:33,ul,cu_cp,3091903,383872.0774694061,0.383872
2026-06-22T22:45:33,ul,cu_up,3091911,420273.7343332124,0.420274
2026-06-22T22:45:33,ul,du1,3092092,3977708.8773401068,3.977709
2026-06-22T22:45:33,ul,du2,3092853,3885050.317165928,3.885050
2026-06-22T22:45:33,ul,ue1,3092136,1419664.8472751237,1.419665
2026-06-22T22:45:33,ul,ue2,3092145,1389881.6824223995,1.389882
2026-06-22T22:45:33,ul,ue3,3092153,1379953.9608048247,1.379954
2026-06-22T22:45:33,ul,ue4,3092162,1413046.3224659443,1.413046
2026-06-22T22:45:33,ul,ue5,3092895,1370026.2391872501,1.370026
2026-06-22T22:45:33,ul,ue6,3092903,1383263.1576132202,1.383263
2026-06-22T22:45:33,ul,ue7,3092913,1356789.1895688914,1.356789
2026-06-22T22:45:33,ul,ue8,3092922,1366716.9111864662,1.366717
2026-06-22T22:45:39,ul,cu_cp,3091903,382845.1254296064,0.382845
2026-06-22T22:45:39,ul,cu_up,3091911,414748.8558147669,0.414749
2026-06-22T22:45:39,ul,du1,3092092,3980880.1008899687,3.980880
2026-06-22T22:45:39,ul,du2,3092853,3899348.3235940933,3.899348
2026-06-22T22:45:39,ul,ue1,3092136,1414400.0913714408,1.414400
2026-06-22T22:45:39,ul,ue2,3092145,1410855.1231040955,1.410855
2026-06-22T22:45:39,ul,ue3,3092153,1386041.001246643,1.386041
2026-06-22T22:45:39,ul,ue4,3092162,1407310.286039543,1.407310
2026-06-22T22:45:39,ul,ue5,3092895,1414400.0913714408,1.414400
2026-06-22T22:45:39,ul,ue6,3092903,1382496.2953848839,1.382496
2026-06-22T22:45:39,ul,ue7,3092913,1315143.8663472175,1.315144
2026-06-22T22:45:39,ul,ue8,3092922,1371861.6529884338,1.371862
2026-06-22T22:45:44,ul,cu_cp,3091903,383217.9566902888,0.383218
2026-06-22T22:45:44,ul,cu_up,3091911,412140.0864897168,0.412140
2026-06-22T22:45:44,ul,du1,3092092,4034634.541286917,4.034635
2026-06-22T22:45:44,ul,du2,3092853,3828564.0539728357,3.828564
2026-06-22T22:45:44,ul,ue1,3092136,1435259.6222410775,1.435260
2026-06-22T22:45:44,ul,ue2,3092145,1399107.124461875,1.399107
2026-06-22T22:45:44,ul,ue3,3092153,1406337.6240177155,1.406338
2026-06-22T22:45:44,ul,ue4,3092162,1409952.9395836687,1.409953
2026-06-22T22:45:44,ul,ue5,3092895,1370184.994662447,1.370185
2026-06-22T22:45:44,ul,ue6,3092903,1406337.6240177155,1.406338
2026-06-22T22:45:44,ul,ue7,3092913,1352108.6799848126,1.352109
2026-06-22T22:45:44,ul,ue8,3092922,1420798.6231293965,1.420799
2026-06-22T22:45:49,ul,cu_cp,3091903,382710.8400707075,0.382711
2026-06-22T22:45:49,ul,cu_up,3091911,411594.64791893365,0.411595
2026-06-22T22:45:49,ul,du1,3092092,4014853.135291536,4.014853
2026-06-22T22:45:49,ul,du2,3092853,3830718.642574725,3.830719
2026-06-22T22:45:49,ul,ue1,3092136,1400866.1099627495,1.400866
2026-06-22T22:45:49,ul,ue2,3092145,1408086.9879942655,1.408087
2026-06-22T22:45:49,ul,ue3,3092153,1400866.1099627495,1.400866
2026-06-22T22:45:49,ul,ue4,3092162,1404476.5489785075,1.404477
2026-06-22T22:45:49,ul,ue5,3092895,1408086.9879942655,1.408087
2026-06-22T22:45:49,ul,ue6,3092903,1404476.5489785075,1.404477
2026-06-22T22:45:49,ul,ue7,3092913,1317824.9611437393,1.317825
2026-06-22T22:45:49,ul,ue8,3092922,1393645.1004991615,1.393645
2026-06-22T22:45:55,ul,cu_cp,3091903,381918.82514778676,0.381919
2026-06-22T22:45:55,ul,cu_up,3091911,410742.8676071912,0.410743
2026-06-22T22:45:55,ul,du1,3092092,3977720.4850045918,3.977720
2026-06-22T22:45:55,ul,du2,3092853,3855218.3373722075,3.855218
2026-06-22T22:45:55,ul,ue1,3092136,1397967.0438836575,1.397967
2026-06-22T22:45:55,ul,ue2,3092145,1387157.945911169,1.387158
2026-06-22T22:45:55,ul,ue3,3092153,1401570.0327810408,1.401570
2026-06-22T22:45:55,ul,ue4,3092162,1408776.0105758072,1.408776
2026-06-22T22:45:55,ul,ue5,3092895,1437600.0530352115,1.437600
2026-06-22T22:45:55,ul,ue6,3092903,1419585.1085482955,1.419585
2026-06-22T22:45:55,ul,ue7,3092913,1343921.816581893,1.343922
2026-06-22T22:45:55,ul,ue8,3092922,1397967.0438836575,1.397967
2026-06-22T22:46:00,ul,cu_cp,3091903,383598.8099709839,0.383599
2026-06-22T22:46:00,ul,cu_up,3091911,416168.51372340915,0.416169
2026-06-22T22:46:00,ul,du1,3092092,4067594.8599816323,4.067595
2026-06-22T22:46:00,ul,du2,3092853,3908365.241127348,3.908365
2026-06-22T22:46:00,ul,ue1,3092136,1411354.158786893,1.411354
2026-06-22T22:46:00,ul,ue2,3092145,1396878.6909615756,1.396879
2026-06-22T22:46:00,ul,ue3,3092153,1389640.9570489167,1.389641
2026-06-22T22:46:00,ul,ue4,3092162,1422210.6278498292,1.422211
2026-06-22T22:46:00,ul,ue5,3092895,1407735.2918305635,1.407735
2026-06-22T22:46:00,ul,ue6,3092903,1367927.8871169924,1.367928
2026-06-22T22:46:00,ul,ue7,3092913,1342595.818422687,1.342596
2026-06-22T22:46:00,ul,ue8,3092922,1414973.0257432223,1.414973
2026-06-22T22:46:05,ul,cu_cp,3091903,373890.4179150313,0.373890
2026-06-22T22:46:05,ul,cu_up,3091911,416377.942219311,0.416378
2026-06-22T22:46:05,ul,du1,3092092,4078804.439403057,4.078804
2026-06-22T22:46:05,ul,du2,3092853,3849371.393503356,3.849371
2026-06-22T22:46:05,ul,ue1,3092136,1376596.4324800253,1.376596
2026-06-22T22:46:05,ul,ue2,3092145,1393591.429038036,1.393591
2026-06-22T22:46:05,ul,ue3,3092153,1427581.55379107,1.427582
2026-06-22T22:46:05,ul,ue4,3092162,1419083.9896935583,1.419084
2026-06-22T22:46:05,ul,ue5,3092895,1402088.9931355477,1.402089
2026-06-22T22:46:05,ul,ue6,3092903,1342606.4393640042,1.342606
2026-06-22T22:46:05,ul,ue7,3092913,1359601.4359220148,1.359601
2026-06-22T22:46:05,ul,ue8,3092922,1402088.9931355477,1.402089
2026-06-22T22:46:11,ul,cu_cp,3091903,377261.53411649464,0.377262
2026-06-22T22:46:11,ul,cu_up,3091911,419179.4604356128,0.419179
2026-06-22T22:46:11,ul,du1,3092092,4003164.100290456,4.003164
2026-06-22T22:46:11,ul,du2,3092853,3898369.44886302,3.898369
2026-06-22T22:46:11,ul,ue1,3092136,1467128.2758950042,1.467128
2026-06-22T22:46:11,ul,ue2,3092145,1446169.2141132294,1.446169
2026-06-22T22:46:11,ul,ue3,3092153,1397264.955782901,1.397265
2026-06-22T22:46:11,ul,ue4,3092162,1425210.2838277423,1.425210
2026-06-22T22:46:11,ul,ue5,3092895,1446169.2141132294,1.446169
2026-06-22T22:46:11,ul,ue6,3092903,1397264.955782901,1.397265
2026-06-22T22:46:11,ul,ue7,3092913,1299456.439122244,1.299456
2026-06-22T22:46:11,ul,ue8,3092922,1411237.6198053218,1.411238
2026-06-22T22:46:16,ul,cu_cp,3091903,381240.3086889553,0.381240
2026-06-22T22:46:16,ul,cu_up,3091911,422938.43411924364,0.422938
2026-06-22T22:46:16,ul,du1,3092092,3973238.6057128906,3.973239
2026-06-22T22:46:16,ul,du2,3092853,3913669.958246002,3.913670
2026-06-22T22:46:16,ul,ue1,3092136,1411780.4632432556,1.411780
2026-06-22T22:46:16,ul,ue2,3092145,1429651.0837391282,1.429651
2026-06-22T22:46:16,ul,ue3,3092153,1393909.7114683532,1.393910
2026-06-22T22:46:16,ul,ue4,3092162,1393909.7114683532,1.393910
2026-06-22T22:46:16,ul,ue5,3092895,1411780.4632432556,1.411780
2026-06-22T22:46:16,ul,ue6,3092903,1393909.7114683532,1.393910
2026-06-22T22:46:16,ul,ue7,3092913,1340297.8499807357,1.340298
2026-06-22T22:46:16,ul,ue8,3092922,1393909.7114683532,1.393910
2026-06-22T22:46:22,ul,cu_cp,3091903,385794.05398481013,0.385794
2026-06-22T22:46:22,ul,cu_up,3091911,412400.5325483805,0.412401
2026-06-22T22:46:22,ul,du1,3092092,3997624.708124542,3.997625
2026-06-22T22:46:22,ul,du2,3092853,3851289.1252304935,3.851289
2026-06-22T22:46:22,ul,ue1,3092136,1413469.6288413692,1.413470
2026-06-22T22:46:22,ul,ue2,3092145,1393514.7289140343,1.393515
2026-06-22T22:46:22,ul,ue3,3092153,1390188.9559977793,1.390189
2026-06-22T22:46:22,ul,ue4,3092162,1420121.3058887816,1.420121
2026-06-22T22:46:22,ul,ue5,3092895,1436750.3016849589,1.436750
2026-06-22T22:46:22,ul,ue6,3092903,1440076.2058161164,1.440076
2026-06-22T22:46:22,ul,ue7,3092913,1350279.2873580123,1.350279
2026-06-22T22:46:22,ul,ue8,3092922,1386863.1830815244,1.386863
2026-06-22T22:46:27,ul,cu_cp,3091903,379666.6619613826,0.379667
2026-06-22T22:46:27,ul,cu_up,3091911,412970.734967342,0.412971
2026-06-22T22:46:27,ul,du1,3092092,4006482.394398093,4.006482
2026-06-22T22:46:27,ul,du2,3092853,3856614.1150913,3.856614
2026-06-22T22:46:27,ul,ue1,3092136,1428745.4702560187,1.428745
2026-06-22T22:46:27,ul,ue2,3092145,1408763.0592657924,1.408763
2026-06-22T22:46:27,ul,ue3,3092153,1385450.2245682955,1.385450
2026-06-22T22:46:27,ul,ue4,3092162,1405432.6355585218,1.405433
2026-06-22T22:46:27,ul,ue5,3092895,1415423.9066803337,1.415424
2026-06-22T22:46:27,ul,ue6,3092903,1388780.648275566,1.388781
2026-06-22T22:46:27,ul,ue7,3092913,1352146.1187489866,1.352146
2026-06-22T22:46:27,ul,ue8,3092922,1375458.9534464837,1.375459
2026-06-22T22:46:33,ul,cu_cp,3091903,379879.2885688782,0.379879
2026-06-22T22:46:33,ul,cu_up,3091911,409608.95352957904,0.409609
2026-06-22T22:46:33,ul,du1,3092092,3937531.1694902563,3.937531
2026-06-22T22:46:33,ul,du2,3092853,3782276.2924613524,3.782276
2026-06-22T22:46:33,ul,ue1,3092136,1403901.656034062,1.403902
2026-06-22T22:46:33,ul,ue2,3092145,1364262.1463764978,1.364262
2026-06-22T22:46:33,ul,ue3,3092153,1400598.3635625981,1.400598
2026-06-22T22:46:33,ul,ue4,3092162,1387385.1936767434,1.387385
2026-06-22T22:46:33,ul,ue5,3092895,1387385.1936767434,1.387385
2026-06-22T22:46:33,ul,ue6,3092903,1367565.3079778505,1.367565
2026-06-22T22:46:33,ul,ue7,3092913,1324622.5058488226,1.324623
2026-06-22T22:46:33,ul,ue8,3092922,1387385.1936767434,1.387385
2026-06-22T22:46:38,ul,cu_cp,3091903,380543.10547493486,0.380543
2026-06-22T22:46:38,ul,cu_up,3091911,413633.8287963617,0.413634
2026-06-22T22:46:38,ul,du1,3092092,3987430.1148331477,3.987430
2026-06-22T22:46:38,ul,du2,3092853,3845140.2630894184,3.845140
2026-06-22T22:46:38,ul,ue1,3092136,1369955.2189814223,1.369955
2026-06-22T22:46:38,ul,ue2,3092145,1396427.8500007724,1.396428
2026-06-22T22:46:38,ul,ue3,3092153,1412973.1298455345,1.412973
2026-06-22T22:46:38,ul,ue4,3092162,1416282.2905389047,1.416282
2026-06-22T22:46:38,ul,ue5,3092895,1383191.4690383363,1.383191
2026-06-22T22:46:38,ul,ue6,3092903,1360028.1296178782,1.360028
2026-06-22T22:46:38,ul,ue7,3092913,1353409.9391366602,1.353410
2026-06-22T22:46:38,ul,ue8,3092922,1389809.6595195543,1.389810
2026-06-22T22:46:44,ul,cu_cp,3091903,383038.53956938686,0.383039
2026-06-22T22:46:44,ul,cu_up,3091911,417546.5181772819,0.417547
2026-06-22T22:46:44,ul,du1,3092092,4030531.5862718797,4.030532
2026-06-22T22:46:44,ul,du2,3092853,3909753.972991905,3.909754
2026-06-22T22:46:44,ul,ue1,3092136,1394122.243845967,1.394122
2026-06-22T22:46:44,ul,ue2,3092145,1425179.3819191826,1.425179
2026-06-22T22:46:44,ul,ue3,3092153,1414827.0900976288,1.414827
2026-06-22T22:46:44,ul,ue4,3092162,1390671.4361373568,1.390671
2026-06-22T22:46:44,ul,ue5,3092895,1407925.4746804081,1.407925
2026-06-22T22:46:44,ul,ue6,3092903,1387220.6284287465,1.387221
2026-06-22T22:46:44,ul,ue7,3092913,1349261.8749383104,1.349262
2026-06-22T22:46:44,ul,ue8,3092922,1404474.666971798,1.404475
2026-06-22T22:46:49,ul,cu_cp,3091903,379243.28848186135,0.379243
2026-06-22T22:46:49,ul,cu_up,3091911,400709.8884856188,0.400710
2026-06-22T22:46:49,ul,du1,3092092,3885454.6006801035,3.885455
2026-06-22T22:46:49,ul,du2,3092853,3806743.90799016,3.806744
2026-06-22T22:46:49,ul,ue1,3092136,1377440.2539030218,1.377440
2026-06-22T22:46:49,ul,ue2,3092145,1438262.3307446265,1.438262
2026-06-22T22:46:49,ul,ue3,3092153,1441840.0539142943,1.441840
2026-06-22T22:46:49,ul,ue4,3092162,1363129.2307314754,1.363129
2026-06-22T22:46:49,ul,ue5,3092895,1377440.2539030218,1.377440
2026-06-22T22:46:49,ul,ue6,3092903,1320196.0307239604,1.320196
2026-06-22T22:46:49,ul,ue7,3092913,1330929.3307258391,1.330929
2026-06-22T22:46:49,ul,ue8,3092922,1391751.4075674438,1.391751
2026-06-22T22:46:54,ul,cu_cp,3091903,377432.90483858046,0.377433
2026-06-22T22:46:54,ul,cu_up,3091911,399000.4872520483,0.399000
2026-06-22T22:46:54,ul,du1,3092092,3914518.54667624,3.914519
2026-06-22T22:46:54,ul,du2,3092853,3831842.5796829606,3.831843
2026-06-22T22:46:54,ul,ue1,3092136,1380326.0594572402,1.380326
2026-06-22T22:46:54,ul,ue2,3092145,1380326.0594572402,1.380326
2026-06-22T22:46:54,ul,ue3,3092153,1394704.4259274602,1.394704
2026-06-22T22:46:54,ul,ue4,3092162,1398299.0502531528,1.398299
2026-06-22T22:46:54,ul,ue5,3092895,1394704.4259274602,1.394704
2026-06-22T22:46:54,ul,ue6,3092903,1358758.4443356348,1.358758
2026-06-22T22:46:54,ul,ue7,3092913,1387515.3081086255,1.387515
2026-06-22T22:46:54,ul,ue8,3092922,1394704.4259274602,1.394704
2026-06-22T22:47:00,ul,cu_cp,3091903,381727.65195170493,0.381728
2026-06-22T22:47:00,ul,cu_up,3091911,403334.8775338769,0.403335
2026-06-22T22:47:00,ul,du1,3092092,3968526.869417417,3.968527
2026-06-22T22:47:00,ul,du2,3092853,3799270.645525253,3.799271
2026-06-22T22:47:00,ul,ue1,3092136,1386463.6251530708,1.386464
2026-06-22T22:47:00,ul,ue2,3092145,1386463.6251530708,1.386464
2026-06-22T22:47:00,ul,ue3,3092153,1415273.2592626333,1.415273
2026-06-22T22:47:00,ul,ue4,3092162,1400868.3767293275,1.400868
2026-06-22T22:47:00,ul,ue5,3092895,1418874.4471566975,1.418874
2026-06-22T22:47:00,ul,ue6,3092903,1390064.8130471348,1.390065
2026-06-22T22:47:00,ul,ue7,3092913,1375660.061470878,1.375660
2026-06-22T22:47:00,ul,ue8,3092922,1350451.6152553796,1.350452
2026-06-22T22:47:05,ul,cu_cp,3091903,384627.1144293928,0.384627
2026-06-22T22:47:05,ul,cu_up,3091911,402600.3538999176,0.402600
2026-06-22T22:47:05,ul,du1,3092092,3961300.126565094,3.961300
2026-06-22T22:47:05,ul,du2,3092853,3871433.6335626985,3.871434
2026-06-22T22:47:05,ul,ue1,3092136,1423479.8039461516,1.423480
2026-06-22T22:47:05,ul,ue2,3092145,1409101.2386497117,1.409101
2026-06-22T22:47:05,ul,ue3,3092153,1383938.683680992,1.383939
2026-06-22T22:47:05,ul,ue4,3092162,1391127.9663292123,1.391128
2026-06-22T22:47:05,ul,ue5,3092895,1409101.2386497117,1.409101
2026-06-22T22:47:05,ul,ue6,3092903,1409101.2386497117,1.409101
2026-06-22T22:47:05,ul,ue7,3092913,1351586.8460640525,1.351587
2026-06-22T22:47:05,ul,ue8,3092922,1373154.8254086112,1.373155
2026-06-22T22:47:10,ul,cu_cp,3091903,377350.91447112145,0.377351
2026-06-22T22:47:10,ul,cu_up,3091911,406101.4403924328,0.406101
2026-06-22T22:47:10,ul,du1,3092092,3935230.7875801134,3.935231
2026-06-22T22:47:10,ul,du2,3092853,3834603.9468555236,3.834604
2026-06-22T22:47:10,ul,ue1,3092136,1408776.5554059863,1.408777
2026-06-22T22:47:10,ul,ue2,3092145,1466277.7381255638,1.466278
2026-06-22T22:47:10,ul,ue3,3092153,1430339.5807239246,1.430340
2026-06-22T22:47:10,ul,ue4,3092162,1405182.8051042997,1.405183
2026-06-22T22:47:10,ul,ue5,3092895,1412370.5674615824,1.412371
2026-06-22T22:47:10,ul,ue6,3092903,1394401.4233222855,1.394401
2026-06-22T22:47:10,ul,ue7,3092913,1362057.0162223326,1.362057
2026-06-22T22:47:10,ul,ue8,3092922,1397995.1736239719,1.397995
2026-06-22T22:47:16,ul,cu_cp,3091903,390742.442134437,0.390742
2026-06-22T22:47:16,ul,cu_up,3091911,406065.67067550926,0.406066
2026-06-22T22:47:16,ul,du1,3092092,3961055.835575216,3.961056
2026-06-22T22:47:16,ul,du2,3092853,3846131.5071800803,3.846132
2026-06-22T22:47:16,ul,ue1,3092136,1394414.2872536934,1.394414
2026-06-22T22:47:16,ul,ue2,3092145,1402075.9178581,1.402076
2026-06-22T22:47:16,ul,ue3,3092153,1356106.1342316603,1.356106
2026-06-22T22:47:16,ul,ue4,3092162,1409737.417791543,1.409737
2026-06-22T22:47:16,ul,ue5,3092895,1379091.02604488,1.379091
2026-06-22T22:47:16,ul,ue6,3092903,1379091.02604488,1.379091
2026-06-22T22:47:16,ul,ue7,3092913,1363767.7648360669,1.363768
2026-06-22T22:47:16,ul,ue8,3092922,1371429.3954404735,1.371429
2026-06-22T22:47:21,ul,cu_cp,3091903,373533.88380153716,0.373534
2026-06-22T22:47:21,ul,cu_up,3091911,399294.8121119171,0.399295
2026-06-22T22:47:21,ul,du1,3092092,3902784.9371560765,3.902785
2026-06-22T22:47:21,ul,du2,3092853,3767539.8681568764,3.767540
2026-06-22T22:47:21,ul,ue1,3092136,1333129.537896569,1.333130
2026-06-22T22:47:21,ul,ue2,3092145,1403972.1558733487,1.403972
2026-06-22T22:47:21,ul,ue3,3092153,1403972.1558733487,1.403972
2026-06-22T22:47:21,ul,ue4,3092162,1397531.8586725187,1.397532
2026-06-22T22:47:21,ul,ue5,3092895,1358890.4662069487,1.358890
2026-06-22T22:47:21,ul,ue6,3092903,1333129.537896569,1.333130
2026-06-22T22:47:21,ul,ue7,3092913,1352450.2992525888,1.352450
2026-06-22T22:47:21,ul,ue8,3092922,1346010.0020517588,1.346010
2026-06-22T22:47:26,ul,cu_cp,3091903,377063.8969264466,0.377064
2026-06-22T22:47:26,ul,cu_up,3091911,399575.13782840164,0.399575
2026-06-22T22:47:26,ul,du1,3092092,3905706.4799368572,3.905706
2026-06-22T22:47:26,ul,du2,3092853,3826917.022573857,3.826917
2026-06-22T22:47:26,ul,ue1,3092136,1373187.946512072,1.373188
2026-06-22T22:47:26,ul,ue2,3092145,1384443.583278215,1.384444
2026-06-22T22:47:26,ul,ue3,3092153,1406954.8568105006,1.406955
2026-06-22T22:47:26,ul,ue4,3092162,1395699.2200443577,1.395699
2026-06-22T22:47:26,ul,ue5,3092895,1373187.946512072,1.373188
2026-06-22T22:47:26,ul,ue6,3092903,1339420.905692321,1.339421
2026-06-22T22:47:26,ul,ue7,3092913,1356304.3608415353,1.356304
2026-06-22T22:47:26,ul,ue8,3092922,1418210.4935766435,1.418210
2026-06-22T22:47:32,ul,cu_cp,3091903,376305.33579870046,0.376305
2026-06-22T22:47:32,ul,cu_up,3091911,392809.9423237395,0.392810
2026-06-22T22:47:32,ul,du1,3092092,3885187.3874797346,3.885187
2026-06-22T22:47:32,ul,du2,3092853,3855479.3766324474,3.855479
2026-06-22T22:47:32,ul,ue1,3092136,1412795.389874425,1.412795
2026-06-22T22:47:32,ul,ue2,3092145,1396290.8813369847,1.396291
2026-06-22T22:47:32,ul,ue3,3092153,1369883.3541167642,1.369883
2026-06-22T22:47:32,ul,ue4,3092162,1389688.868881798,1.389689
2026-06-22T22:47:32,ul,ue5,3092895,1406193.6387195014,1.406194
2026-06-22T22:47:32,ul,ue6,3092903,1392989.8751093913,1.392990
2026-06-22T22:47:32,ul,ue7,3092913,1359980.5967342472,1.359981
2026-06-22T22:47:32,ul,ue8,3092922,1366582.4785393022,1.366582
2026-06-22T22:47:37,ul,cu_cp,3091903,375561.7079755658,0.375562
2026-06-22T22:47:37,ul,cu_up,3091911,398826.5931200659,0.398827
2026-06-22T22:47:37,ul,du1,3092092,3855323.449662566,3.855323
2026-06-22T22:47:37,ul,du2,3092853,3868617.7633159305,3.868618
2026-06-22T22:47:37,ul,ue1,3092136,1402540.1344975806,1.402540
2026-06-22T22:47:37,ul,ue2,3092145,1422481.473978517,1.422481
2026-06-22T22:47:37,ul,ue3,3092153,1409187.2913242625,1.409187
2026-06-22T22:47:37,ul,ue4,3092162,1392569.3992575575,1.392569
2026-06-22T22:47:37,ul,ue5,3092895,1395893.1086700081,1.395893
2026-06-22T22:47:37,ul,ue6,3092903,1365981.0339490485,1.365981
2026-06-22T22:47:37,ul,ue7,3092913,1352686.8512947941,1.352687
2026-06-22T22:47:37,ul,ue8,3092922,1385922.373429985,1.385922
2026-06-22T22:47:43,ul,cu_cp,3091903,376427.7529354066,0.376428
2026-06-22T22:47:43,ul,cu_up,3091911,396239.71755110176,0.396240
2026-06-22T22:47:43,ul,du1,3092092,3886451.3166026114,3.886451
2026-06-22T22:47:43,ul,du2,3092853,3846827.321950114,3.846827
2026-06-22T22:47:43,ul,ue1,3092136,1393443.0268928825,1.393443
2026-06-22T22:47:43,ul,ue2,3092145,1426463.0224366307,1.426463
2026-06-22T22:47:43,ul,ue3,3092153,1413255.0242191316,1.413255
2026-06-22T22:47:43,ul,ue4,3092162,1380235.159517598,1.380235
2026-06-22T22:47:43,ul,ue5,3092895,1433067.0215453804,1.433067
2026-06-22T22:47:43,ul,ue6,3092903,1459483.0179803788,1.459483
2026-06-22T22:47:43,ul,ue7,3092913,1357121.0972158671,1.357121
2026-06-22T22:47:43,ul,ue8,3092922,1360423.0313491344,1.360423
2026-06-22T22:47:48,ul,cu_cp,3091903,375727.17573601246,0.375727
2026-06-22T22:47:48,ul,cu_up,3091911,392206.4286968589,0.392206
2026-06-22T22:47:48,ul,du1,3092092,3852851.470083065,3.852851
2026-06-22T22:47:48,ul,du2,3092853,3803413.8088077353,3.803414
2026-06-22T22:47:48,ul,ue1,3092136,1377666.2893415547,1.377666
2026-06-22T22:47:48,ul,ue2,3092145,1394145.5097666646,1.394146
2026-06-22T22:47:48,ul,ue3,3092153,1384258.0295687772,1.384258
2026-06-22T22:47:48,ul,ue4,3092162,1390849.7697959996,1.390850
2026-06-22T22:47:48,ul,ue5,3092895,1466654.391980219,1.466654
2026-06-22T22:47:48,ul,ue6,3092903,1436991.6911006642,1.436992
2026-06-22T22:47:48,ul,ue7,3092913,1334820.2381505012,1.334820
2026-06-22T22:47:48,ul,ue8,3092922,1364482.939030056,1.364483
2026-06-22T22:47:54,ul,cu_cp,3091903,380686.8648968339,0.380687
2026-06-22T22:47:54,ul,cu_up,3091911,401836.129729414,0.401836
2026-06-22T22:47:54,ul,du1,3092092,3852691.952755737,3.852692
2026-06-22T22:47:54,ul,du2,3092853,3835067.559955788,3.835068
2026-06-22T22:47:54,ul,ue1,3092136,1424050.9121264934,1.424051
2026-06-22T22:47:54,ul,ue2,3092145,1406426.519326544,1.406427
2026-06-22T22:47:54,ul,ue3,3092153,1381752.3171877384,1.381752
2026-06-22T22:47:54,ul,ue4,3092162,1395851.80531826,1.395852
2026-06-22T22:47:54,ul,ue5,3092895,1455774.7930569649,1.455775
2026-06-22T22:47:54,ul,ue6,3092903,1406426.519326544,1.406427
2026-06-22T22:47:54,ul,ue7,3092913,1339453.7222489833,1.339454
2026-06-22T22:47:54,ul,ue8,3092922,1381752.3171877384,1.381752
2026-06-22T22:47:59,ul,cu_cp,3091903,377577.2495322764,0.377577
2026-06-22T22:47:59,ul,cu_up,3091911,399153.11098733067,0.399153
2026-06-22T22:47:59,ul,du1,3092092,3876460.066067133,3.876460
2026-06-22T22:47:59,ul,du2,3092853,3800944.6813469124,3.800945
2026-06-22T22:47:59,ul,ue1,3092136,1438389.546860571,1.438390
2026-06-22T22:47:59,ul,ue2,3092145,1441985.4803122568,1.441985
2026-06-22T22:47:59,ul,ue3,3092153,1391641.8904987765,1.391642
2026-06-22T22:47:59,ul,ue4,3092162,1395237.9543229318,1.395238
2026-06-22T22:47:59,ul,ue5,3092895,1434793.4830364157,1.434793
2026-06-22T22:47:59,ul,ue6,3092903,1416813.6854055165,1.416814
2026-06-22T22:47:59,ul,ue7,3092913,1337702.3672336102,1.337702
2026-06-22T22:47:59,ul,ue8,3092922,1373661.962495408,1.373662
2026-06-22T22:48:04,ul,cu_cp,3091903,379372.73263448774,0.379373
2026-06-22T22:48:04,ul,cu_up,3091911,393688.65029173077,0.393689
2026-06-22T22:48:04,ul,du1,3092092,3833096.1815735055,3.833096
2026-06-22T22:48:04,ul,du2,3092853,3747200.544956112,3.747201
2026-06-22T22:48:04,ul,ue1,3092136,1377910.2596868158,1.377910
2026-06-22T22:48:04,ul,ue2,3092145,1399384.2995150995,1.399384
2026-06-22T22:48:04,ul,ue3,3092153,1413700.2825093102,1.413700
2026-06-22T22:48:04,ul,ue4,3092162,1370752.3335266782,1.370752
2026-06-22T22:48:04,ul,ue5,3092895,1438753.0894067597,1.438753
2026-06-22T22:48:04,ul,ue6,3092903,1410121.2540922738,1.410121
2026-06-22T22:48:04,ul,ue7,3092913,1345699.5266292286,1.345700
2026-06-22T22:48:04,ul,ue8,3092922,1374331.3619437146,1.374331
2026-06-22T22:48:10,ul,cu_cp,3091903,376288.5678633013,0.376289
2026-06-22T22:48:10,ul,cu_up,3091911,390623.3989837447,0.390623
2026-06-22T22:48:10,ul,du1,3092092,3841727.184660814,3.841727
2026-06-22T22:48:10,ul,du2,3092853,3845310.8924409244,3.845311
2026-06-22T22:48:10,ul,ue1,3092136,1372557.3441276562,1.372557
2026-06-22T22:48:10,ul,ue2,3092145,1361806.3510565995,1.361806
2026-06-22T22:48:10,ul,ue3,3092153,1401227.006368543,1.401227
2026-06-22T22:48:10,ul,ue4,3092162,1383308.4674679888,1.383308
2026-06-22T22:48:10,ul,ue5,3092895,1401227.006368543,1.401227
2026-06-22T22:48:10,ul,ue6,3092903,1358222.6432764889,1.358223
2026-06-22T22:48:10,ul,ue7,3092913,1351055.227716267,1.351055
2026-06-22T22:48:10,ul,ue8,3092922,1365390.0588367104,1.365390
2026-06-22T22:48:15,ul,cu_cp,3091903,382364.5746742058,0.382365
2026-06-22T22:48:15,ul,cu_up,3091911,393085.0728105855,0.393085
2026-06-22T22:48:15,ul,du1,3092092,3834366.2123069,3.834366
2026-06-22T22:48:15,ul,du2,3092853,3798631.0665184595,3.798631
2026-06-22T22:48:15,ul,ue1,3092136,1372224.282601204,1.372224
2026-06-22T22:48:15,ul,ue2,3092145,1372224.282601204,1.372224
2026-06-22T22:48:15,ul,ue3,3092153,1379371.259644432,1.379371
2026-06-22T22:48:15,ul,ue4,3092162,1379371.259644432,1.379371
2026-06-22T22:48:15,ul,ue5,3092895,1425826.7407115651,1.425827
2026-06-22T22:48:15,ul,ue6,3092903,1411532.7866251087,1.411533
2026-06-22T22:48:15,ul,ue7,3092913,1332915.778577299,1.332916
2026-06-22T22:48:15,ul,ue8,3092922,1368650.66379344,1.368651
2026-06-22T22:48:20,ul,cu_cp,3091903,378762.4467170179,0.378762
2026-06-22T22:48:20,ul,cu_up,3091911,405187.75195196865,0.405188
2026-06-22T22:48:20,ul,du1,3092092,3928559.624661207,3.928560
2026-06-22T22:48:20,ul,du2,3092853,3902134.2213072777,3.902134
2026-06-22T22:48:20,ul,ue1,3092136,1391731.8920095921,1.391732
2026-06-22T22:48:20,ul,ue2,3092145,1347689.6839116812,1.347690
2026-06-22T22:48:20,ul,ue3,3092153,1391731.8920095921,1.391732
2026-06-22T22:48:20,ul,ue4,3092162,1409348.6967535734,1.409349
2026-06-22T22:48:20,ul,ue5,3092895,1400540.2289689302,1.400540
2026-06-22T22:48:20,ul,ue6,3092903,1356498.1516963243,1.356498
2026-06-22T22:48:20,ul,ue7,3092913,1356498.1516963243,1.356498
2026-06-22T22:48:20,ul,ue8,3092922,1382923.424224949,1.382923
2026-06-22T22:48:26,ul,cu_cp,3091903,384159.747719543,0.384160
2026-06-22T22:48:26,ul,cu_up,3091911,398656.34749814984,0.398656
2026-06-22T22:48:26,ul,du1,3092092,3848845.467989483,3.848845
2026-06-22T22:48:26,ul,du2,3092853,3856093.7841469576,3.856094
2026-06-22T22:48:26,ul,ue1,3092136,1427914.5088067914,1.427915
2026-06-22T22:48:26,ul,ue2,3092145,1340934.8450624656,1.340935
2026-06-22T22:48:26,ul,ue3,3092153,1377176.4258498382,1.377176
2026-06-22T22:48:26,ul,ue4,3092162,1406169.5603343677,1.406170
2026-06-22T22:48:26,ul,ue5,3092895,1406169.5603343677,1.406170
2026-06-22T22:48:26,ul,ue6,3092903,1398921.2441768933,1.398921
2026-06-22T22:48:26,ul,ue7,3092913,1369928.1096923638,1.369928
2026-06-22T22:48:26,ul,ue8,3092922,1369928.1096923638,1.369928
2026-06-22T22:48:31,ul,cu_cp,3091903,378209.26393365086,0.378209
2026-06-22T22:48:31,ul,cu_up,3091911,396809.71900114685,0.396810
2026-06-22T22:48:31,ul,du1,3092092,3893695.304374092,3.893695
2026-06-22T22:48:31,ul,du2,3092853,3862694.4260880444,3.862694
2026-06-22T22:48:31,ul,ue1,3092136,1376433.740362097,1.376434
2026-06-22T22:48:31,ul,ue2,3092145,1444635.463415743,1.444635
2026-06-22T22:48:31,ul,ue3,3092153,1444635.463415743,1.444635
2026-06-22T22:48:31,ul,ue4,3092162,1407434.4879133583,1.407434
2026-06-22T22:48:31,ul,ue5,3092895,1401234.3906970203,1.401234
2026-06-22T22:48:31,ul,ue6,3092903,1351633.0900271737,1.351633
2026-06-22T22:48:31,ul,ue7,3092913,1370233.5124109732,1.370234
2026-06-22T22:48:31,ul,ue8,3092922,1388834.0655295586,1.388834
2026-06-22T22:48:37,ul,cu_cp,3091903,376962.94297554047,0.376963
2026-06-22T22:48:37,ul,cu_up,3091911,403888.8698017156,0.403889
2026-06-22T22:48:37,ul,du1,3092092,3888103.5860087634,3.888104
2026-06-22T22:48:37,ul,du2,3092853,3866562.8184750937,3.866563
2026-06-22T22:48:37,ul,ue1,3092136,1362451.8517771864,1.362452
2026-06-22T22:48:37,ul,ue2,3092145,1405533.2564808787,1.405533
2026-06-22T22:48:37,ul,ue3,3092153,1400148.194961108,1.400148
2026-06-22T22:48:37,ul,ue4,3092162,1389377.8111942732,1.389378
2026-06-22T22:48:37,ul,ue5,3092895,1421688.8321311306,1.421689
2026-06-22T22:48:37,ul,ue6,3092903,1357066.659893769,1.357067
2026-06-22T22:48:37,ul,ue7,3092913,1383992.4889472092,1.383992
2026-06-22T22:48:37,ul,ue8,3092922,1383992.4889472092,1.383992
2026-06-22T22:48:42,ul,cu_cp,3091903,381607.31417190254,0.381607
2026-06-22T22:48:42,ul,cu_up,3091911,398198.95218866644,0.398199
2026-06-22T22:48:42,ul,du1,3092092,3892394.7551882123,3.892395
2026-06-22T22:48:42,ul,du2,3092853,3882439.759279475,3.882440
2026-06-22T22:48:42,ul,ue1,3092136,1373786.422709601,1.373786
2026-06-22T22:48:42,ul,ue2,3092145,1420242.851972394,1.420243
2026-06-22T22:48:42,ul,ue3,3092153,1443471.263083973,1.443471
2026-06-22T22:48:42,ul,ue4,3092162,1390377.9952329707,1.390378
2026-06-22T22:48:42,ul,ue5,3092895,1453426.1280059218,1.453426
2026-06-22T22:48:42,ul,ue6,3092903,1406969.5677563406,1.406970
2026-06-22T22:48:42,ul,ue7,3092913,1387059.7069256543,1.387060
2026-06-22T22:48:42,ul,ue8,3092922,1380422.9993242335,1.380423
2026-06-22T22:48:47,ul,cu_cp,3091903,382617.71897399426,0.382618
2026-06-22T22:48:47,ul,cu_up,3091911,399109.8946199462,0.399110
2026-06-22T22:48:47,ul,du1,3092092,3895444.320935595,3.895444
2026-06-22T22:48:47,ul,du2,3092853,3812983.735986388,3.812984
2026-06-22T22:48:47,ul,ue1,3092136,1378743.2900980294,1.378743
2026-06-22T22:48:47,ul,ue2,3092145,1391937.0045454085,1.391937
2026-06-22T22:48:47,ul,ue3,3092153,1391937.0045454085,1.391937
2026-06-22T22:48:47,ul,ue4,3092162,1391937.0045454085,1.391937
2026-06-22T22:48:47,ul,ue5,3092895,1431518.0175406337,1.431518
2026-06-22T22:48:47,ul,ue6,3092903,1391937.0045454085,1.391937
2026-06-22T22:48:47,ul,ue7,3092913,1345759.0039795816,1.345759
2026-06-22T22:48:47,ul,ue8,3092922,1362251.1470388055,1.362251
2026-06-22T22:48:53,ul,cu_cp,3091903,386165.40340556204,0.386165
2026-06-22T22:48:53,ul,cu_up,3091911,396152.42920030653,0.396152
2026-06-22T22:48:53,ul,du1,3092092,3941550.5696098804,3.941551
2026-06-22T22:48:53,ul,du2,3092853,3848338.241073251,3.848338
2026-06-22T22:48:53,ul,ue1,3092136,1394856.0950225592,1.394856
2026-06-22T22:48:53,ul,ue2,3092145,1418159.1113174558,1.418159
2026-06-22T22:48:53,ul,ue3,3092153,1461436.310880363,1.461436
2026-06-22T22:48:53,ul,ue4,3092162,1411501.1819066405,1.411501
2026-06-22T22:48:53,ul,ue5,3092895,1424817.1724067926,1.424817
2026-06-22T22:48:53,ul,ue6,3092903,1401514.0244333744,1.401514
2026-06-22T22:48:53,ul,ue7,3092913,1361565.9212543964,1.361566
2026-06-22T22:48:53,ul,ue8,3092922,1374882.0434330702,1.374882
2026-06-22T22:48:58,ul,cu_cp,3091903,384177.81694986107,0.384178
2026-06-22T22:48:58,ul,cu_up,3091911,394199.86878300906,0.394200
2026-06-22T22:48:58,ul,du1,3092092,3858481.67614563,3.858482
2026-06-22T22:48:58,ul,du2,3092853,3774964.729654999,3.774965
2026-06-22T22:48:58,ul,ue1,3092136,1389721.478484478,1.389721
2026-06-22T22:48:58,ul,ue2,3092145,1449853.659095707,1.449854
2026-06-22T22:48:58,ul,ue3,3092153,1456535.1139095784,1.456535
2026-06-22T22:48:58,ul,ue4,3092162,1403084.1273369025,1.403084
2026-06-22T22:48:58,ul,ue5,3092895,1449853.659095707,1.449854
2026-06-22T22:48:58,ul,ue6,3092903,1446512.9968826007,1.446513
2026-06-22T22:48:58,ul,ue7,3092913,1362996.0503919697,1.362996
2026-06-22T22:48:58,ul,ue8,3092922,1373018.1674189472,1.373018
2026-06-22T22:49:04,ul,cu_cp,3091903,377923.6039322367,0.377924
2026-06-22T22:49:04,ul,cu_up,3091911,395919.9879595685,0.395920
2026-06-22T22:49:04,ul,du1,3092092,3869217.860750084,3.869218
2026-06-22T22:49:04,ul,du2,3092853,3847622.4499799395,3.847622
2026-06-22T22:49:04,ul,ue1,3092136,1410914.8231101965,1.410915
2026-06-22T22:49:04,ul,ue2,3092145,1410914.8231101965,1.410915
2026-06-22T22:49:04,ul,ue3,3092153,1396517.663243562,1.396518
2026-06-22T22:49:04,ul,ue4,3092162,1396517.663243562,1.396518
2026-06-22T22:49:04,ul,ue5,3092895,1414514.014367913,1.414514
2026-06-22T22:49:04,ul,ue6,3092903,1371322.797991855,1.371323
2026-06-22T22:49:04,ul,ue7,3092913,1400116.9861132014,1.400117
2026-06-22T22:49:04,ul,ue8,3092922,1374922.1208614944,1.374922
2026-06-22T22:49:09,ul,cu_cp,3091903,374843.03016544133,0.374843
2026-06-22T22:49:09,ul,cu_up,3091911,399832.56768325716,0.399833
2026-06-22T22:49:09,ul,du1,3092092,3873377.9240399003,3.873378
2026-06-22T22:49:09,ul,du2,3092853,3823398.8490042686,3.823399
2026-06-22T22:49:09,ul,ue1,3092136,1377994.3297446072,1.377994
2026-06-22T22:49:09,ul,ue2,3092145,1363714.6126497388,1.363715
2026-06-22T22:49:09,ul,ue3,3092153,1363714.6126497388,1.363715
2026-06-22T22:49:09,ul,ue4,3092162,1392274.0468394756,1.392274
2026-06-22T22:49:09,ul,ue5,3092895,1406553.8943415284,1.406554
2026-06-22T22:49:09,ul,ue6,3092903,1353004.7922267914,1.353005
2026-06-22T22:49:09,ul,ue7,3092913,1328015.2547089756,1.328015
2026-06-22T22:49:09,ul,ue8,3092922,1381564.2264165282,1.381564
2026-06-22T22:49:20,ul,cu_cp,3091903,379134.2901433921,0.379134
2026-06-22T22:49:20,ul,cu_up,3091911,400594.6915469593,0.400595
2026-06-22T22:49:20,ul,du1,3092092,3898644.8107349537,3.898645
2026-06-22T22:49:20,ul,du2,3092853,3819956.72654232,3.819957
2026-06-22T22:49:20,ul,ue1,3092136,1348430.3843331719,1.348430
2026-06-22T22:49:20,ul,ue2,3092145,1373467.513875289,1.373468
2026-06-22T22:49:20,ul,ue3,3092153,1405658.1648390412,1.405658
2026-06-22T22:49:20,ul,ue4,3092162,1380620.9050078534,1.380621
2026-06-22T22:49:20,ul,ue5,3092895,1448579.032790711,1.448579
2026-06-22T22:49:20,ul,ue6,3092903,1412811.6862606765,1.412812
2026-06-22T22:49:20,ul,ue7,3092913,1359160.6013210893,1.359161
2026-06-22T22:49:20,ul,ue8,3092922,1405658.1648390412,1.405658
2026-06-22T22:49:25,ul,cu_cp,3091903,379897.56589254143,0.379898
2026-06-22T22:49:25,ul,cu_up,3091911,390649.3449865383,0.390649
2026-06-22T22:49:25,ul,du1,3092092,3838398.620397072,3.838399
2026-06-22T22:49:25,ul,du2,3092853,3838398.620397072,3.838399
2026-06-22T22:49:25,ul,ue1,3092136,1372648.6622969294,1.372649
2026-06-22T22:49:25,ul,ue2,3092145,1376232.5560130714,1.376233
2026-06-22T22:49:25,ul,ue3,3092153,1415655.9092670106,1.415656
2026-06-22T22:49:25,ul,ue4,3092162,1397736.1794981123,1.397736
2026-06-22T22:49:25,ul,ue5,3092895,1401320.2038083482,1.401320
2026-06-22T22:49:25,ul,ue6,3092903,1347561.0145016527,1.347561
2026-06-22T22:49:25,ul,ue7,3092913,1394152.28578197,1.394152
2026-06-22T22:49:25,ul,ue8,3092922,1383400.4740394496,1.383400
2026-06-22T22:49:30,ul,cu_cp,3091903,376987.57000575063,0.376988
2026-06-22T22:49:30,ul,cu_up,3091911,394939.3528333187,0.394939
2026-06-22T22:49:30,ul,du1,3092092,3888357.6234716414,3.888358
2026-06-22T22:49:30,ul,du2,3092853,3827321.457356453,3.827321
2026-06-22T22:49:30,ul,ue1,3092136,1389468.3566088676,1.389468
2026-06-22T22:49:30,ul,ue2,3092145,1418191.3658851623,1.418191
2026-06-22T22:49:30,ul,ue3,3092153,1393058.7654251098,1.393059
2026-06-22T22:49:30,ul,ue4,3092162,1403829.861247015,1.403830
2026-06-22T22:49:30,ul,ue5,3092895,1407420.2700632573,1.407420
2026-06-22T22:49:30,ul,ue6,3092903,1332022.7299367427,1.332023
2026-06-22T22:49:30,ul,ue7,3092913,1342793.8257586479,1.342794
2026-06-22T22:49:30,ul,ue8,3092922,1407420.2700632573,1.407420
2026-06-22T22:49:36,ul,cu_cp,3091903,375856.7537862968,0.375857
2026-06-22T22:49:36,ul,cu_up,3091911,399347.78665655135,0.399348
2026-06-22T22:49:36,ul,du1,3092092,3930834.8301297,3.930835
2026-06-22T22:49:36,ul,du2,3092853,3836871.2194766235,3.836871
2026-06-22T22:49:36,ul,ue1,3092136,1362480.6877166748,1.362481
2026-06-22T22:49:36,ul,ue2,3092145,1378141.332894516,1.378141
2026-06-22T22:49:36,ul,ue3,3092153,1456444.819197693,1.456445
2026-06-22T22:49:36,ul,ue4,3092162,1417293.1411495972,1.417293
2026-06-22T22:49:36,ul,ue5,3092895,1362480.6877166748,1.362481
2026-06-22T22:49:36,ul,ue6,3092903,1323329.009668579,1.323329
2026-06-22T22:49:36,ul,ue7,3092913,1378141.332894516,1.378141
2026-06-22T22:49:36,ul,ue8,3092922,1385971.7205869292,1.385972
2026-06-22T22:49:41,ul,cu_cp,3091903,387654.3655544162,0.387654
2026-06-22T22:49:41,ul,cu_up,3091911,381083.95423908473,0.381084
2026-06-22T22:49:41,ul,du1,3092092,3876543.590244255,3.876544
2026-06-22T22:49:41,ul,du2,3092853,3843691.7295673178,3.843692
2026-06-22T22:49:41,ul,ue1,3092136,1379786.7680190469,1.379787
2026-06-22T22:49:41,ul,ue2,3092145,1366645.8147885704,1.366646
2026-06-22T22:49:41,ul,ue3,3092153,1386357.1140344716,1.386357
2026-06-22T22:49:41,ul,ue4,3092162,1406068.2826805592,1.406068
2026-06-22T22:49:41,ul,ue5,3092895,1386357.1140344716,1.386357
2026-06-22T22:49:41,ul,ue6,3092903,1340364.300127058,1.340364
2026-06-22T22:49:41,ul,ue7,3092913,1386357.1140344716,1.386357
2026-06-22T22:49:41,ul,ue8,3092922,1399497.9366651345,1.399498
2026-06-22T22:49:46,ul,cu_cp,3091903,381955.8283969164,0.381956
2026-06-22T22:49:46,ul,cu_up,3091911,399058.30720549077,0.399058
2026-06-22T22:49:46,ul,du1,3092092,3887968.329902649,3.887968
2026-06-22T22:49:46,ul,du2,3092853,3853763.0455375314,3.853763
2026-06-22T22:49:46,ul,ue1,3092136,1402404.896042943,1.402405
2026-06-22T22:49:46,ul,ue2,3092145,1362499.1666142642,1.362499
2026-06-22T22:49:46,ul,ue3,3092153,1391003.2217206955,1.391003
2026-06-22T22:49:46,ul,ue4,3092162,1402404.896042943,1.402405
2026-06-22T22:49:46,ul,ue5,3092895,1402404.896042943,1.402405
2026-06-22T22:49:46,ul,ue6,3092903,1385302.3845595717,1.385302
2026-06-22T22:49:46,ul,ue7,3092913,1385302.3845595717,1.385302
2026-06-22T22:49:46,ul,ue8,3092922,1345396.655130893,1.345397
2026-06-22T22:49:52,ul,cu_cp,3091903,380600.0881904358,0.380600
2026-06-22T22:49:52,ul,cu_up,3091911,400631.6717794061,0.400632
2026-06-22T22:49:52,ul,du1,3092092,3889465.780650945,3.889466
2026-06-22T22:49:52,ul,du2,3092853,3866095.435426533,3.866095
2026-06-22T22:49:52,ul,ue1,3092136,1425580.9334593522,1.425581
2026-06-22T22:49:52,ul,ue2,3092145,1442273.8869093717,1.442274
2026-06-22T22:49:52,ul,ue3,3092153,1448951.1471872735,1.448951
2026-06-22T22:49:52,ul,ue4,3092162,1412226.5444000387,1.412227
2026-06-22T22:49:52,ul,ue5,3092895,1435596.75812796,1.435597
2026-06-22T22:49:52,ul,ue6,3092903,1405549.415618627,1.405549
2026-06-22T22:49:52,ul,ue7,3092913,1398872.155340725,1.398872
2026-06-22T22:49:52,ul,ue8,3092922,1368824.8128313923,1.368825
2026-06-22T22:49:57,ul,cu_cp,3091903,384371.34892525675,0.384371
2026-06-22T22:49:57,ul,cu_up,3091911,404425.4861287713,0.404425
2026-06-22T22:49:57,ul,du1,3092092,3930615.12530118,3.930615
2026-06-22T22:49:57,ul,du2,3092853,3893848.7330407524,3.893849
2026-06-22T22:49:57,ul,ue1,3092136,1423845.1305379535,1.423845
2026-06-22T22:49:57,ul,ue2,3092145,1460611.1259159755,1.460611
2026-06-22T22:49:57,ul,ue3,3092153,1447241.7452116776,1.447242
2026-06-22T22:49:57,ul,ue4,3092162,1427187.5418610955,1.427188
2026-06-22T22:49:57,ul,ue5,3092895,1457268.8468869687,1.457269
2026-06-22T22:49:57,ul,ue6,3092903,1423845.1305379535,1.423845
2026-06-22T22:49:57,ul,ue7,3092913,1397106.2368352222,1.397106
2026-06-22T22:49:57,ul,ue8,3092922,1373709.7544556332,1.373710
2026-06-22T22:50:03,ul,cu_cp,3091903,379171.01897590637,0.379171
2026-06-22T22:50:03,ul,cu_up,3091911,399127.39877182007,0.399127
2026-06-22T22:50:03,ul,du1,3092092,3854905.288396606,3.854905
2026-06-22T22:50:03,ul,du2,3092853,3831623.0807818603,3.831623
2026-06-22T22:50:03,ul,ue1,3092136,1393619.7393051148,1.393620
2026-06-22T22:50:03,ul,ue2,3092145,1436858.5567199707,1.436859
2026-06-22T22:50:03,ul,ue3,3092153,1420228.3333203124,1.420228
2026-06-22T22:50:03,ul,ue4,3092162,1393619.7393051148,1.393620
2026-06-22T22:50:03,ul,ue5,3092895,1433532.5646124268,1.433533
2026-06-22T22:50:03,ul,ue6,3092903,1370337.4002593993,1.370337
2026-06-22T22:50:03,ul,ue7,3092913,1406924.1020281983,1.406924
2026-06-22T22:50:03,ul,ue8,3092922,1376989.3844744873,1.376989
2026-06-22T22:50:08,ul,cu_cp,3091903,379983.3263134992,0.379983
2026-06-22T22:50:08,ul,cu_up,3091911,403315.64043612895,0.403316
2026-06-22T22:50:08,ul,du1,3092092,3913162.077911403,3.913162
2026-06-22T22:50:08,ul,du2,3092853,3876496.7030237913,3.876497
2026-06-22T22:50:08,ul,ue1,3092136,1373273.1201667953,1.373273
2026-06-22T22:50:08,ul,ue2,3092145,1373273.1201667953,1.373273
2026-06-22T22:50:08,ul,ue3,3092153,1413271.4480606318,1.413271
2026-06-22T22:50:08,ul,ue4,3092162,1406605.0162628843,1.406605
2026-06-22T22:50:08,ul,ue5,3092895,1463269.1607584404,1.463269
2026-06-22T22:50:08,ul,ue6,3092903,1416604.6639595055,1.416605
2026-06-22T22:50:08,ul,ue7,3092913,1389939.0682148398,1.389939
2026-06-22T22:50:08,ul,ue8,3092922,1429937.2646623517,1.429937
2026-06-22T22:50:14,ul,cu_cp,3091903,383353.8555631131,0.383354
2026-06-22T22:50:14,ul,cu_up,3091911,400779.0726257828,0.400779
2026-06-22T22:50:14,ul,du1,3092092,3847479.1497684075,3.847479
2026-06-22T22:50:14,ul,du2,3092853,3878844.336807754,3.878844
2026-06-22T22:50:14,ul,ue1,3092136,1359163.842935797,1.359164
2026-06-22T22:50:14,ul,ue2,3092145,1397499.1299404346,1.397499
2026-06-22T22:50:14,ul,ue3,3092153,1421894.348416722,1.421894
2026-06-22T22:50:14,ul,ue4,3092162,1397499.1299404346,1.397499
2026-06-22T22:50:14,ul,ue5,3092895,1463714.8168062365,1.463715
2026-06-22T22:50:14,ul,ue6,3092903,1400984.1799230801,1.400984
2026-06-22T22:50:14,ul,ue7,3092913,1348708.6929878604,1.348709
2026-06-22T22:50:14,ul,ue8,3092922,1400984.1799230801,1.400984
2026-06-22T22:50:19,ul,cu_cp,3091903,381082.75928507803,0.381083
2026-06-22T22:50:19,ul,cu_up,3091911,399058.36144730565,0.399058
2026-06-22T22:50:19,ul,du1,3092092,3864754.3993374635,3.864754
2026-06-22T22:50:19,ul,du2,3092853,3846778.7316337586,3.846779
2026-06-22T22:50:19,ul,ue1,3092136,1355360.389923668,1.355360
2026-06-22T22:50:19,ul,ue2,3092145,1398501.7564632415,1.398502
2026-06-22T22:50:19,ul,ue3,3092153,1416477.4241669464,1.416477
2026-06-22T22:50:19,ul,ue4,3092162,1409287.1308688736,1.409287
2026-06-22T22:50:19,ul,ue5,3092895,1459618.79070652,1.459619
2026-06-22T22:50:19,ul,ue6,3092903,1438048.1729782105,1.438048
2026-06-22T22:50:19,ul,ue7,3092913,1376931.138734932,1.376931
2026-06-22T22:50:19,ul,ue8,3092922,1402096.9686537553,1.402097
2026-06-22T22:50:24,ul,cu_cp,3091903,423180.1171171421,0.423180
2026-06-22T22:50:24,ul,cu_up,3091911,438853.47198238404,0.438853
2026-06-22T22:50:24,ul,du1,3092092,4255311.5070136925,4.255312
2026-06-22T22:50:24,ul,du2,3092853,4227883.091360636,4.227883
2026-06-22T22:50:24,ul,ue1,3092136,1481130.4456211042,1.481130
2026-06-22T22:50:24,ul,ue2,3092145,1488967.1766203856,1.488967
2026-06-22T22:50:24,ul,ue3,3092153,1516395.449429015,1.516395
2026-06-22T22:50:24,ul,ue4,3092162,1535987.1340827907,1.535987
2026-06-22T22:50:24,ul,ue5,3092895,1645700.5110061634,1.645701
2026-06-22T22:50:24,ul,ue6,3092903,1583007.2343896234,1.583007
2026-06-22T22:50:24,ul,ue7,3092913,1535987.1340827907,1.535987
2026-06-22T22:50:24,ul,ue8,3092922,1539905.4995824313,1.539905
2026-06-22T22:50:30,ul,cu_cp,3091903,433543.95383073686,0.433544
2026-06-22T22:50:30,ul,cu_up,3091911,457408.7649475724,0.457409
2026-06-22T22:50:30,ul,du1,3092092,4335439.393307233,4.335439
2026-06-22T22:50:30,ul,du2,3092853,4299642.339757132,4.299642
2026-06-22T22:50:30,ul,ue1,3092136,1491550.2779268264,1.491550
2026-06-22T22:50:30,ul,ue2,3092145,1551212.1788437963,1.551212
2026-06-22T22:50:30,ul,ue3,3092153,1590986.8761218667,1.590987
2026-06-22T22:50:30,ul,ue4,3092162,1598941.8735775352,1.598942
2026-06-22T22:50:30,ul,ue5,3092895,1618829.2222165703,1.618829
2026-06-22T22:50:30,ul,ue6,3092903,1579054.5249385,1.579055
2026-06-22T22:50:30,ul,ue7,3092913,1626784.219672239,1.626784
2026-06-22T22:50:30,ul,ue8,3092922,1539279.8276604295,1.539280
2026-06-22T22:50:35,ul,cu_cp,3091903,421961.7371017078,0.421962
2026-06-22T22:50:35,ul,cu_up,3091911,433575.3784349251,0.433575
2026-06-22T22:50:35,ul,du1,3092092,4300912.683889644,4.300913
2026-06-22T22:50:35,ul,du2,3092853,4126708.310935321,4.126708
2026-06-22T22:50:35,ul,ue1,3092136,1471059.2591893685,1.471059
2026-06-22T22:50:35,ul,ue2,3092145,1486544.1143003248,1.486544
2026-06-22T22:50:35,ul,ue3,3092153,1618165.3121594726,1.618165
2026-06-22T22:50:35,ul,ue4,3092162,1536869.7875349605,1.536870
2026-06-22T22:50:35,ul,ue5,3092895,1637521.2751721954,1.637521
2026-06-22T22:50:35,ul,ue6,3092903,1362665.4145806371,1.362665
2026-06-22T22:50:35,ul,ue7,3092913,1633650.0261024653,1.633650
2026-06-22T22:50:35,ul,ue8,3092922,1486544.1143003248,1.486544
