timestamp,phase,component,pid,microwatts,watts
2026-06-23T11:15:04,idle,cu_cp,3895621,323646.32801124215,0.323646
2026-06-23T11:15:04,idle,cu_up,3895650,310700.4796006858,0.310700
2026-06-23T11:15:04,idle,du1,3895811,2909580.431124873,2.909580
2026-06-23T11:15:04,idle,du2,3896570,2877215.9278458166,2.877216
2026-06-23T11:15:04,idle,ue1,3895871,851189.8862360806,0.851190
2026-06-23T11:15:04,idle,ue2,3895879,779987.6611043536,0.779988
2026-06-23T11:15:04,idle,ue3,3895889,805879.2990517992,0.805879
2026-06-23T11:15:04,idle,ue4,3895897,799406.4337201881,0.799406
2026-06-23T11:15:04,idle,ue5,3896634,796169.9127438819,0.796170
2026-06-23T11:15:04,idle,ue6,3896640,831771.0547465789,0.831771
2026-06-23T11:15:04,idle,ue7,3896649,825298.1305413008,0.825298
2026-06-23T11:15:04,idle,ue8,3896659,792933.5683885771,0.792934
2026-06-23T11:15:09,idle,cu_cp,3895621,332488.4465903342,0.332488
2026-06-23T11:15:09,idle,cu_up,3895650,325969.058892678,0.325969
2026-06-23T11:15:09,idle,du1,3895811,2969578.2809130764,2.969578
2026-06-23T11:15:09,idle,du2,3896570,2979357.2735531614,2.979357
2026-06-23T11:15:09,idle,ue1,3895871,831221.1312935686,0.831221
2026-06-23T11:15:09,idle,ue2,3895879,808403.3039872384,0.808403
2026-06-23T11:15:09,idle,ue3,3895889,805143.580502944,0.805144
2026-06-23T11:15:09,idle,ue4,3895897,818182.3558982563,0.818182
2026-06-23T11:15:09,idle,ue5,3896634,821442.0793825507,0.821442
2026-06-23T11:15:09,idle,ue6,3896640,841000.1832045865,0.841000
2026-06-23T11:15:09,idle,ue7,3896649,808403.3039872384,0.808403
2026-06-23T11:15:09,idle,ue8,3896659,847519.6301731754,0.847520
2026-06-23T11:15:15,idle,cu_cp,3895621,333567.62712792633,0.333568
2026-06-23T11:15:15,idle,cu_up,3895650,333567.62712792633,0.333568
2026-06-23T11:15:15,idle,du1,3895811,2959595.1527336217,2.959595
2026-06-23T11:15:15,idle,du2,3896570,3028270.9891058444,3.028271
2026-06-23T11:15:15,idle,ue1,3895871,827378.5557982492,0.827379
2026-06-23T11:15:15,idle,ue2,3895879,833919.09750664,0.833919
2026-06-23T11:15:15,idle,ue3,3895889,794675.8472562957,0.794676
2026-06-23T11:15:15,idle,ue4,3895897,837189.3386740112,0.837189
2026-06-23T11:15:15,idle,ue5,3896634,778324.522672143,0.778325
2026-06-23T11:15:15,idle,ue6,3896640,804486.6895057058,0.804487
2026-06-23T11:15:15,idle,ue7,3896649,833919.09750664,0.833919
2026-06-23T11:15:15,idle,ue8,3896659,807756.9900467253,0.807757
2026-06-23T11:15:20,idle,cu_cp,3895621,332473.50245102943,0.332474
2026-06-23T11:15:20,idle,cu_up,3895650,322694.86392365396,0.322695
2026-06-23T11:15:20,idle,du1,3895811,2966185.083493018,2.966185
2026-06-23T11:15:20,idle,du2,3896570,2953146.8197499514,2.953147
2026-06-23T11:15:20,idle,ue1,3895871,805107.4509411573,0.805107
2026-06-23T11:15:20,idle,ue2,3895879,827924.1753718257,0.827924
2026-06-23T11:15:20,idle,ue3,3895889,801847.8850053906,0.801848
2026-06-23T11:15:20,idle,ue4,3895897,814886.0301886082,0.814886
2026-06-23T11:15:20,idle,ue5,3896634,808366.8983170748,0.808367
2026-06-23T11:15:20,idle,ue6,3896640,847481.4524265766,0.847481
2026-06-23T11:15:20,idle,ue7,3896649,847481.4524265766,0.847481
2026-06-23T11:15:20,idle,ue8,3896659,811626.4642528414,0.811626
2026-06-23T11:15:25,idle,cu_cp,3895621,324167.468227644,0.324167
2026-06-23T11:15:25,idle,cu_up,3895650,324167.468227644,0.324167
2026-06-23T11:15:25,idle,du1,3895811,2925611.701671753,2.925612
2026-06-23T11:15:25,idle,du2,3896570,2990444.993717537,2.990445
2026-06-23T11:15:25,idle,ue1,3895871,826627.0232275772,0.826627
2026-06-23T11:15:25,idle,ue2,3895879,834731.2736743641,0.834731
2026-06-23T11:15:25,idle,ue3,3895889,810418.7595101738,0.810419
2026-06-23T11:15:25,idle,ue4,3895897,810418.7595101738,0.810419
2026-06-23T11:15:25,idle,ue5,3896634,810418.7595101738,0.810419
2026-06-23T11:15:25,idle,ue6,3896640,761793.6125937081,0.761794
2026-06-23T11:15:25,idle,ue7,3896649,802314.5683574295,0.802315
2026-06-23T11:15:25,idle,ue8,3896659,826627.0232275772,0.826627
2026-06-23T11:15:31,idle,cu_cp,3895621,323425.38081382064,0.323425
2026-06-23T11:15:31,idle,cu_up,3895650,330163.37930544466,0.330163
2026-06-23T11:15:31,idle,du1,3895811,3005160.732439256,3.005161
2026-06-23T11:15:31,idle,du2,3896570,2957994.6836829544,2.957995
2026-06-23T11:15:31,idle,ue1,3895871,815301.4356974423,0.815301
2026-06-23T11:15:31,idle,ue2,3895879,828777.5513105572,0.828778
2026-06-23T11:15:31,idle,ue3,3895889,801825.3793992609,0.801825
2026-06-23T11:15:31,idle,ue4,3895897,808563.4965207517,0.808563
2026-06-23T11:15:31,idle,ue5,3896634,808563.4965207517,0.808563
2026-06-23T11:15:31,idle,ue6,3896640,815301.4356974423,0.815301
2026-06-23T11:15:31,idle,ue7,3896649,842253.6076087386,0.842254
2026-06-23T11:15:31,idle,ue8,3896659,808563.4965207517,0.808563
2026-06-23T11:15:36,idle,cu_cp,3895621,334782.7006485423,0.334783
2026-06-23T11:15:36,idle,cu_up,3895650,317466.3678665614,0.317466
2026-06-23T11:15:36,idle,du1,3895811,2897601.8797297813,2.897602
2026-06-23T11:15:36,idle,du2,3896570,2961095.248187921,2.961095
2026-06-23T11:15:36,idle,ue1,3895871,808096.1821589667,0.808096
2026-06-23T11:15:36,idle,ue2,3895879,860045.1508534008,0.860045
2026-06-23T11:15:36,idle,ue3,3895889,802324.041580131,0.802324
2026-06-23T11:15:36,idle,ue4,3895897,831184.6258682746,0.831185
2026-06-23T11:15:36,idle,ue5,3896634,825412.485289439,0.825412
2026-06-23T11:15:36,idle,ue6,3896640,836956.7071440929,0.836957
2026-06-23T11:15:36,idle,ue7,3896649,842728.8477229285,0.842729
2026-06-23T11:15:36,idle,ue8,3896659,831184.6258682746,0.831185
2026-06-23T11:15:42,idle,cu_cp,3895621,322999.00603871705,0.322999
2026-06-23T11:15:42,idle,cu_up,3895650,328045.8423569709,0.328046
2026-06-23T11:15:42,idle,du1,3895811,2932225.3841067697,2.932225
2026-06-23T11:15:42,idle,du2,3896570,2997834.463677936,2.997834
2026-06-23T11:15:42,idle,ue1,3895871,827684.9492700362,0.827685
2026-06-23T11:15:42,idle,ue2,3895879,822638.083318373,0.822638
2026-06-23T11:15:42,idle,ue3,3895889,777216.3490202224,0.777216
2026-06-23T11:15:42,idle,ue4,3895897,792356.8876083934,0.792357
2026-06-23T11:15:42,idle,ue5,3896634,822638.083318373,0.822638
2026-06-23T11:15:42,idle,ue6,3896640,792356.8876083934,0.792357
2026-06-23T11:15:42,idle,ue7,3896649,782263.2149718857,0.782263
2026-06-23T11:15:42,idle,ue8,3896659,827684.9492700362,0.827685
2026-06-23T11:15:47,idle,cu_cp,3895621,328589.98583951,0.328590
2026-06-23T11:15:47,idle,cu_up,3895650,325575.39935747144,0.325575
2026-06-23T11:15:47,idle,du1,3895811,2972382.6863711546,2.972383
2026-06-23T11:15:47,idle,du2,3896570,2942236.8808480836,2.942237
2026-06-23T11:15:47,idle,ue1,3895871,789821.7768887138,0.789822
2026-06-23T11:15:47,idle,ue2,3895879,835040.6037679481,0.835041
2026-06-23T11:15:47,idle,ue3,3895889,804894.6796502494,0.804895
2026-06-23T11:15:47,idle,ue4,3895897,832025.9876372528,0.832026
2026-06-23T11:15:47,idle,ue5,3896634,801880.1821141816,0.801880
2026-06-23T11:15:47,idle,ue6,3896640,798865.5659834861,0.798866
2026-06-23T11:15:47,idle,ue7,3896649,825996.8739704895,0.825997
2026-06-23T11:15:47,idle,ue8,3896659,822982.1985424805,0.822982
2026-06-23T11:15:52,idle,cu_cp,3895621,329033.58512241545,0.329034
2026-06-23T11:15:52,idle,cu_up,3895650,326014.925927631,0.326015
2026-06-23T11:15:52,idle,du1,3895811,2982432.7914288663,2.982433
2026-06-23T11:15:52,idle,du2,3896570,3006582.064987142,3.006582
2026-06-23T11:15:52,idle,ue1,3895871,772776.1602890646,0.772776
2026-06-23T11:15:52,idle,ue2,3895879,827111.9070800334,0.827112
2026-06-23T11:15:52,idle,ue3,3895889,796925.3744897646,0.796925
2026-06-23T11:15:52,idle,ue4,3895897,836167.9143431747,0.836168
2026-06-23T11:15:52,idle,ue5,3896634,824093.3369216126,0.824093
2026-06-23T11:15:52,idle,ue6,3896640,793906.744973768,0.793907
2026-06-23T11:15:52,idle,ue7,3896649,821074.5886904645,0.821075
2026-06-23T11:15:52,idle,ue8,3896659,787869.4265841991,0.787869
2026-06-23T11:15:58,idle,cu_cp,3895621,332352.0595872402,0.332352
2026-06-23T11:15:58,idle,cu_up,3895650,326309.2657081783,0.326309
2026-06-23T11:15:58,idle,du1,3895811,2994189.7847282887,2.994190
2026-06-23T11:15:58,idle,du2,3896570,3003254.0052461624,3.003254
2026-06-23T11:15:58,idle,ue1,3895871,830880.0895695388,0.830880
2026-06-23T11:15:58,idle,ue2,3895879,827858.7223292887,0.827859
2026-06-23T11:15:58,idle,ue3,3895889,815773.1939697266,0.815773
2026-06-23T11:15:58,idle,ue4,3895897,842965.617929101,0.842966
2026-06-23T11:15:58,idle,ue5,3896634,809730.4594892263,0.809730
2026-06-23T11:15:58,idle,ue6,3896640,788580.7700103521,0.788581
2026-06-23T11:15:58,idle,ue7,3896649,836922.8834486008,0.836923
2026-06-23T11:15:58,idle,ue8,3896659,812751.8267294765,0.812752
2026-06-23T11:16:03,idle,cu_cp,3895621,336505.45510362985,0.336505
2026-06-23T11:16:03,idle,cu_up,3895650,327410.71468043624,0.327411
2026-06-23T11:16:03,idle,du1,3895811,2977012.3722406626,2.977012
2026-06-23T11:16:03,idle,du2,3896570,3016423.0527805923,3.016423
2026-06-23T11:16:03,idle,ue1,3895871,833684.6973139911,0.833685
2026-06-23T11:16:03,idle,ue2,3895879,839747.8377809643,0.839748
2026-06-23T11:16:03,idle,ue3,3895889,803368.8760881901,0.803369
2026-06-23T11:16:03,idle,ue4,3895897,845811.0376934052,0.845811
2026-06-23T11:16:03,idle,ue5,3896634,800337.3950229048,0.800337
2026-06-23T11:16:03,idle,ue6,3896640,815495.216467604,0.815495
2026-06-23T11:16:03,idle,ue7,3896649,836716.2972702116,0.836716
2026-06-23T11:16:03,idle,ue8,3896659,797305.7356212169,0.797306
2026-06-23T11:16:09,idle,cu_cp,3895621,334788.3339461562,0.334788
2026-06-23T11:16:09,idle,cu_up,3895650,325222.9538268623,0.325223
2026-06-23T11:16:09,idle,du1,3895811,3025848.696820121,3.025849
2026-06-23T11:16:09,idle,du2,3896570,2987587.176342945,2.987587
2026-06-23T11:16:09,idle,ue1,3895871,828999.729422282,0.829000
2026-06-23T11:16:09,idle,ue2,3895879,825811.2693825173,0.825811
2026-06-23T11:16:09,idle,ue3,3895889,809868.9691836941,0.809869
2026-06-23T11:16:09,idle,ue4,3895897,813057.4292234587,0.813057
2026-06-23T11:16:09,idle,ue5,3896634,816245.8892632234,0.816246
2026-06-23T11:16:09,idle,ue6,3896640,813057.4292234587,0.813057
2026-06-23T11:16:09,idle,ue7,3896649,813057.4292234587,0.813057
2026-06-23T11:16:09,idle,ue8,3896659,828999.729422282,0.829000
2026-06-23T11:16:14,idle,cu_cp,3895621,333431.3314353988,0.333431
2026-06-23T11:16:14,idle,cu_up,3895650,323624.53369699867,0.323625
2026-06-23T11:16:14,idle,du1,3895811,3000882.1317255856,3.000882
2026-06-23T11:16:14,idle,du2,3896570,2942041.2262495877,2.942041
2026-06-23T11:16:14,idle,ue1,3895871,846654.0737870634,0.846654
2026-06-23T11:16:14,idle,ue2,3895879,840116.2086281299,0.840116
2026-06-23T11:16:14,idle,ue3,3895889,813964.6884695977,0.813965
2026-06-23T11:16:14,idle,ue4,3895897,797620.0850950629,0.797620
2026-06-23T11:16:14,idle,ue5,3896634,813964.6884695977,0.813965
2026-06-23T11:16:14,idle,ue6,3896640,833578.4029919952,0.833578
2026-06-23T11:16:14,idle,ue7,3896649,846654.0737870634,0.846654
2026-06-23T11:16:14,idle,ue8,3896659,827040.4783102631,0.827040
2026-06-23T11:16:19,idle,cu_cp,3895621,333556.76046226174,0.333557
2026-06-23T11:16:19,idle,cu_up,3895650,323746.2386654243,0.323746
2026-06-23T11:16:19,idle,du1,3895811,2972579.2490537763,2.972579
2026-06-23T11:16:19,idle,du2,3896570,3021631.6797415614,3.021632
2026-06-23T11:16:19,idle,ue1,3895871,820811.1410417259,0.820811
2026-06-23T11:16:19,idle,ue2,3895879,843702.3783783913,0.843702
2026-06-23T11:16:19,idle,ue3,3895889,797920.0225693285,0.797920
2026-06-23T11:16:19,idle,ue4,3895897,820811.1410417259,0.820811
2026-06-23T11:16:19,idle,ue5,3896634,814270.872420013,0.814271
2026-06-23T11:16:19,idle,ue6,3896640,827351.4690955728,0.827351
2026-06-23T11:16:19,idle,ue7,3896649,837162.0503245443,0.837162
2026-06-23T11:16:19,idle,ue8,3896659,768488.5760430843,0.768489
2026-06-23T11:16:25,idle,cu_cp,3895621,332780.05871282815,0.332780
2026-06-23T11:16:25,idle,cu_up,3895650,319729.88650723995,0.319730
2026-06-23T11:16:25,idle,du1,3895811,2910194.364581108,2.910194
2026-06-23T11:16:25,idle,du2,3896570,2965657.648369217,2.965658
2026-06-23T11:16:25,idle,ue1,3895871,835212.6824171304,0.835213
2026-06-23T11:16:25,idle,ue2,3895879,848262.9436187625,0.848263
2026-06-23T11:16:25,idle,ue3,3895889,809112.338005954,0.809112
2026-06-23T11:16:25,idle,ue4,3895897,809112.338005954,0.809112
2026-06-23T11:16:25,idle,ue5,3896634,831950.1467820704,0.831950
2026-06-23T11:16:25,idle,ue6,3896640,760174.0661572695,0.760174
2026-06-23T11:16:25,idle,ue7,3896649,825425.0755119503,0.825425
2026-06-23T11:16:25,idle,ue8,3896659,818899.9449111342,0.818900
2026-06-23T11:16:30,idle,cu_cp,3895621,332376.7821001929,0.332377
2026-06-23T11:16:30,idle,cu_up,3895650,329085.91458421707,0.329086
2026-06-23T11:16:30,idle,du1,3895811,2918992.0432302714,2.918992
2026-06-23T11:16:30,idle,du2,3896570,3044044.709904008,3.044045
2026-06-23T11:16:30,idle,ue1,3895871,842459.9317697287,0.842460
2026-06-23T11:16:30,idle,ue2,3895879,842459.9317697287,0.842460
2026-06-23T11:16:30,idle,ue3,3895889,826005.624083184,0.826006
2026-06-23T11:16:30,idle,ue4,3895897,829296.5214924944,0.829297
2026-06-23T11:16:30,idle,ue5,3896634,868786.8121108663,0.868787
2026-06-23T11:16:30,idle,ue6,3896640,832587.3591151356,0.832587
2026-06-23T11:16:30,idle,ue7,3896649,835878.256524446,0.835878
2026-06-23T11:16:30,idle,ue8,3896659,835878.256524446,0.835878
2026-06-23T11:16:35,idle,cu_cp,3895621,329105.0918827057,0.329105
2026-06-23T11:16:35,idle,cu_up,3895650,322588.14938782156,0.322588
2026-06-23T11:16:35,idle,du1,3895811,2984755.036716044,2.984755
2026-06-23T11:16:35,idle,du2,3896570,2880483.956797898,2.880484
2026-06-23T11:16:35,idle,ue1,3895871,837425.8948004544,0.837426
2026-06-23T11:16:35,idle,ue2,3895879,814616.5071079582,0.814617
2026-06-23T11:16:35,idle,ue3,3895889,795065.7982371747,0.795066
2026-06-23T11:16:35,idle,ue4,3895897,798324.2398311496,0.798324
2026-06-23T11:16:35,idle,ue5,3896634,801582.6814251244,0.801583
2026-06-23T11:16:35,idle,ue6,3896640,788548.7964353561,0.788549
2026-06-23T11:16:35,idle,ue7,3896649,801582.6814251244,0.801583
2026-06-23T11:16:35,idle,ue8,3896659,814616.5071079582,0.814617
2026-06-23T11:16:41,idle,cu_cp,3895621,337134.1917666125,0.337134
2026-06-23T11:16:41,idle,cu_up,3895650,308441.907503314,0.308442
2026-06-23T11:16:41,idle,du1,3895811,2912265.606776781,2.912266
2026-06-23T11:16:41,idle,du2,3896570,3019861.4057752895,3.019861
2026-06-23T11:16:41,idle,ue1,3895871,789037.4612555611,0.789037
2026-06-23T11:16:41,idle,ue2,3895879,817729.8048497176,0.817730
2026-06-23T11:16:41,idle,ue3,3895889,810556.704118464,0.810557
2026-06-23T11:16:41,idle,ue4,3895897,824902.7869192553,0.824903
2026-06-23T11:16:41,idle,ue5,3896634,753172.076261009,0.753172
2026-06-23T11:16:41,idle,ue6,3896640,803383.6033872104,0.803384
2026-06-23T11:16:41,idle,ue7,3896649,817729.8048497176,0.817730
2026-06-23T11:16:41,idle,ue8,3896659,824902.7869192553,0.824903
2026-06-23T11:16:46,idle,cu_cp,3895621,334516.0516122723,0.334516
2026-06-23T11:16:46,idle,cu_up,3895650,328433.9350872231,0.328434
2026-06-23T11:16:46,idle,du1,3895811,3047137.133888626,3.047137
2026-06-23T11:16:46,idle,du2,3896570,3022808.7868769076,3.022809
2026-06-23T11:16:46,idle,ue1,3895871,827167.0137873458,0.827167
2026-06-23T11:16:46,idle,ue2,3895879,815002.7211930085,0.815003
2026-06-23T11:16:46,idle,ue3,3895889,827167.0137873458,0.827167
2026-06-23T11:16:46,idle,ue4,3895897,766345.8485368538,0.766346
2026-06-23T11:16:46,idle,ue5,3896634,845413.2740461349,0.845413
2026-06-23T11:16:46,idle,ue6,3896640,766345.8485368538,0.766346
2026-06-23T11:16:46,idle,ue7,3896649,845413.2740461349,0.845413
2026-06-23T11:16:46,idle,ue8,3896659,827167.0137873458,0.827167
2026-06-23T11:16:51,idle,cu_cp,3895621,327214.622348966,0.327215
2026-06-23T11:16:51,idle,cu_up,3895650,327214.622348966,0.327215
2026-06-23T11:16:51,idle,du1,3895811,2987152.8562210607,2.987153
2026-06-23T11:16:51,idle,du2,3896570,3013541.133180299,3.013541
2026-06-23T11:16:51,idle,ue1,3895871,802203.5478873217,0.802204
2026-06-23T11:16:51,idle,ue2,3895879,833869.4444016499,0.833869
2026-06-23T11:16:51,idle,ue3,3895889,807481.1674424118,0.807481
2026-06-23T11:16:51,idle,ue4,3895897,839147.1834125983,0.839147
2026-06-23T11:16:51,idle,ue5,3896634,818036.5260084504,0.818037
2026-06-23T11:16:51,idle,ue6,3896640,839147.1834125983,0.839147
2026-06-23T11:16:51,idle,ue7,3896649,849702.4822507077,0.849702
2026-06-23T11:16:51,idle,ue8,3896659,839147.1834125983,0.839147
2026-06-23T11:16:57,idle,cu_cp,3895621,325098.8785266927,0.325099
2026-06-23T11:16:57,idle,cu_up,3895650,328137.177166768,0.328137
2026-06-23T11:16:57,idle,du1,3895811,3020077.3136210586,3.020077
2026-06-23T11:16:57,idle,du2,3896570,2986655.968964834,2.986656
2026-06-23T11:16:57,idle,ue1,3895871,829457.8537409949,0.829458
2026-06-23T11:16:57,idle,ue2,3895879,838572.8092766166,0.838573
2026-06-23T11:16:57,idle,ue3,3895889,799074.8077248461,0.799075
2026-06-23T11:16:57,idle,ue4,3895897,829457.8537409949,0.829458
2026-06-23T11:16:57,idle,ue5,3896634,829457.8537409949,0.829458
2026-06-23T11:16:57,idle,ue6,3896640,808189.703645072,0.808190
2026-06-23T11:16:57,idle,ue7,3896649,817304.599565298,0.817305
2026-06-23T11:16:57,idle,ue8,3896659,832496.2119964659,0.832496
2026-06-23T11:17:02,idle,cu_cp,3895621,333089.3594609651,0.333089
2026-06-23T11:17:02,idle,cu_up,3895650,327033.2034041214,0.327033
2026-06-23T11:17:02,idle,du1,3895811,3025057.131488123,3.025057
2026-06-23T11:17:02,idle,du2,3896570,3000832.148952489,3.000832
2026-06-23T11:17:02,idle,ue1,3895871,826667.2575250799,0.826667
2026-06-23T11:17:02,idle,ue2,3895879,863004.3133022285,0.863004
2026-06-23T11:17:02,idle,ue3,3895889,796386.3876637965,0.796386
2026-06-23T11:17:02,idle,ue4,3895897,811526.762876395,0.811527
2026-06-23T11:17:02,idle,ue5,3896634,826667.2575250799,0.826667
2026-06-23T11:17:02,idle,ue6,3896640,850891.8817524547,0.850892
2026-06-23T11:17:02,idle,ue7,3896649,832723.4434409451,0.832723
2026-06-23T11:17:02,idle,ue8,3896659,841807.6327376782,0.841808
2026-06-23T11:17:08,idle,cu_cp,3895621,330755.95616256504,0.330756
2026-06-23T11:17:08,idle,cu_up,3895650,330755.95616256504,0.330756
2026-06-23T11:17:08,idle,du1,3895811,3049630.6776144146,3.049631
2026-06-23T11:17:08,idle,du2,3896570,3031424.066414752,3.031424
2026-06-23T11:17:08,idle,ue1,3895871,840544.9234910023,0.840545
2026-06-23T11:17:08,idle,ue2,3895879,852682.8236184418,0.852683
2026-06-23T11:17:08,idle,ue3,3895889,825372.7275753254,0.825373
2026-06-23T11:17:08,idle,ue4,3895897,822338.1927955913,0.822338
2026-06-23T11:17:08,idle,ue5,3896634,864820.604250133,0.864821
2026-06-23T11:17:08,idle,ue6,3896640,807165.9371320403,0.807166
2026-06-23T11:17:08,idle,ue7,3896649,840544.9234910023,0.840545
2026-06-23T11:17:08,idle,ue8,3896659,837510.5082070166,0.837511
2026-06-23T11:17:13,idle,cu_cp,3895621,325310.48617231846,0.325310
2026-06-23T11:17:13,idle,cu_up,3895650,331391.0599128902,0.331391
2026-06-23T11:17:13,idle,du1,3895811,3040284.9599016905,3.040285
2026-06-23T11:17:13,idle,du2,3896570,3037244.8222801685,3.037245
2026-06-23T11:17:13,idle,ue1,3895871,833038.1248622835,0.833038
2026-06-23T11:17:13,idle,ue2,3895879,851279.7863844931,0.851280
2026-06-23T11:17:13,idle,ue3,3895889,817836.6606611013,0.817837
2026-06-23T11:17:13,idle,ue4,3895897,820876.97738114,0.820877
2026-06-23T11:17:13,idle,ue5,3896634,857360.3601250648,0.857360
2026-06-23T11:17:13,idle,ue6,3896640,784393.5946372151,0.784394
2026-06-23T11:17:13,idle,ue7,3896649,839118.6986028552,0.839119
2026-06-23T11:17:13,idle,ue8,3896659,802635.2561594248,0.802635
2026-06-23T11:17:18,idle,cu_cp,3895621,327797.61098997446,0.327798
2026-06-23T11:17:18,idle,cu_up,3895650,318431.9692174414,0.318432
2026-06-23T11:17:18,idle,du1,3895811,2981397.1757270717,2.981397
2026-06-23T11:17:18,idle,du2,3896570,3000128.578433192,3.000129
2026-06-23T11:17:18,idle,ue1,3895871,817933.0325640308,0.817933
2026-06-23T11:17:18,idle,ue2,3895879,833542.475238604,0.833542
2026-06-23T11:17:18,idle,ue3,3895889,814811.1916935379,0.814811
2026-06-23T11:17:18,idle,ue4,3895897,836664.375689624,0.836664
2026-06-23T11:17:18,idle,ue5,3896634,799201.7490189648,0.799202
2026-06-23T11:17:18,idle,ue6,3896640,827298.7339170909,0.827299
2026-06-23T11:17:18,idle,ue7,3896649,852273.75878367,0.852274
2026-06-23T11:17:18,idle,ue8,3896659,827298.7339170909,0.827299
2026-06-23T11:17:24,idle,cu_cp,3895621,335977.47552639246,0.335977
2026-06-23T11:17:24,idle,cu_up,3895650,329389.6596457958,0.329390
2026-06-23T11:17:24,idle,du1,3895811,3007327.545996666,3.007328
2026-06-23T11:17:24,idle,du2,3896570,2994152.2127575874,2.994152
2026-06-23T11:17:24,idle,ue1,3895871,823474.2088189125,0.823474
2026-06-23T11:17:24,idle,ue2,3895879,836649.7211712599,0.836650
2026-06-23T11:17:24,idle,ue3,3895889,754302.3958164454,0.754302
2026-06-23T11:17:24,idle,ue4,3895897,849825.4126368761,0.849825
2026-06-23T11:17:24,idle,ue5,3896634,846531.4599182606,0.846531
2026-06-23T11:17:24,idle,ue6,3896640,830061.9948472977,0.830062
2026-06-23T11:17:24,idle,ue7,3896649,833355.9475659132,0.833356
2026-06-23T11:17:24,idle,ue8,3896659,823474.2088189125,0.823474
2026-06-23T11:17:29,idle,cu_cp,3895621,337800.35735615017,0.337800
2026-06-23T11:17:29,idle,cu_up,3895650,324681.9015130162,0.324682
2026-06-23T11:17:29,idle,du1,3895811,3027084.700664492,3.027085
2026-06-23T11:17:29,idle,du2,3896570,2971331.084237995,2.971331
2026-06-23T11:17:29,idle,ue1,3895871,846140.6406730413,0.846141
2026-06-23T11:17:29,idle,ue2,3895879,800226.1049197983,0.800226
2026-06-23T11:17:29,idle,ue3,3895889,823183.4026452828,0.823183
2026-06-23T11:17:29,idle,ue4,3895897,813344.5607629323,0.813345
2026-06-23T11:17:29,idle,ue5,3896634,826462.9569083404,0.826463
2026-06-23T11:17:29,idle,ue6,3896640,816624.1150259901,0.816624
2026-06-23T11:17:29,idle,ue7,3896649,846140.6406730413,0.846141
2026-06-23T11:17:29,idle,ue8,3896659,826462.9569083404,0.826463
2026-06-23T11:17:34,idle,cu_cp,3895621,316950.8143050703,0.316951
2026-06-23T11:17:34,idle,cu_up,3895650,323485.9105406493,0.323486
2026-06-23T11:17:34,idle,du1,3895811,2983258.747895703,2.983259
2026-06-23T11:17:34,idle,du2,3896570,2960385.955679545,2.960386
2026-06-23T11:17:34,idle,ue1,3895871,823418.6164912987,0.823419
2026-06-23T11:17:34,idle,ue2,3895879,807081.0097274566,0.807081
2026-06-23T11:17:34,idle,ue3,3895889,800545.8837529654,0.800546
2026-06-23T11:17:34,idle,ue4,3895897,813616.0167462986,0.813616
2026-06-23T11:17:34,idle,ue5,3896634,816883.6094724566,0.816884
2026-06-23T11:17:34,idle,ue6,3896640,780940.6842629653,0.780941
2026-06-23T11:17:34,idle,ue7,3896649,829953.7424657899,0.829954
2026-06-23T11:17:34,idle,ue8,3896659,780940.6842629653,0.780941
2026-06-23T11:17:40,idle,cu_cp,3895621,331385.1705481496,0.331385
2026-06-23T11:17:40,idle,cu_up,3895650,324823.08086436597,0.324823
2026-06-23T11:17:40,idle,du1,3895811,2992309.549964714,2.992310
2026-06-23T11:17:40,idle,du2,3896570,3034963.0432885764,3.034963
2026-06-23T11:17:40,idle,ue1,3895871,836665.5683486807,0.836666
2026-06-23T11:17:40,idle,ue2,3895879,820260.2545184904,0.820260
2026-06-23T11:17:40,idle,ue3,3895889,807136.1348980772,0.807136
2026-06-23T11:17:40,idle,ue4,3895897,813698.2843290151,0.813698
2026-06-23T11:17:40,idle,ue5,3896634,797293.0302459789,0.797293
2026-06-23T11:17:40,idle,ue6,3896640,797293.0302459789,0.797293
2026-06-23T11:17:40,idle,ue7,3896649,823541.3292339593,0.823541
2026-06-23T11:17:40,idle,ue8,3896659,797293.0302459789,0.797293
2026-06-23T11:17:45,idle,cu_cp,3895621,331978.29914788395,0.331978
2026-06-23T11:17:45,idle,cu_up,3895650,325404.46049619553,0.325404
2026-06-23T11:17:45,idle,du1,3895811,2977944.0389300897,2.977944
2026-06-23T11:17:45,idle,du2,3896570,3027247.574845848,3.027248
2026-06-23T11:17:45,idle,ue1,3895871,851310.6562598401,0.851311
2026-06-23T11:17:45,idle,ue2,3895879,857884.5247905761,0.857885
2026-06-23T11:17:45,idle,ue3,3895889,811867.6841078049,0.811868
2026-06-23T11:17:45,idle,ue4,3895897,811867.6841078049,0.811868
2026-06-23T11:17:45,idle,ue5,3896634,808580.809600532,0.808581
2026-06-23T11:17:45,idle,ue6,3896640,834876.1642072856,0.834876
2026-06-23T11:17:45,idle,ue7,3896649,792146.1980317873,0.792146
2026-06-23T11:17:45,idle,ue8,3896659,778998.5804865056,0.778999
2026-06-23T11:17:51,idle,cu_cp,3895621,336720.1056613204,0.336720
2026-06-23T11:17:51,idle,cu_up,3895650,329237.44396804186,0.329237
2026-06-23T11:17:51,idle,du1,3895811,3022998.439014871,3.022998
2026-06-23T11:17:51,idle,du2,3896570,3037963.762401428,3.037964
2026-06-23T11:17:51,idle,ue1,3895871,838058.8883797819,0.838059
2026-06-23T11:17:51,idle,ue2,3895879,815610.9032999462,0.815611
2026-06-23T11:17:51,idle,ue3,3895889,800645.579913389,0.800646
2026-06-23T11:17:51,idle,ue4,3895897,838058.8883797819,0.838059
2026-06-23T11:17:51,idle,ue5,3896634,838058.8883797819,0.838059
2026-06-23T11:17:51,idle,ue6,3896640,793162.9182201106,0.793163
2026-06-23T11:17:51,idle,ue7,3896649,838058.8883797819,0.838059
2026-06-23T11:17:51,idle,ue8,3896659,845541.5500730604,0.845542
2026-06-23T11:17:56,idle,cu_cp,3895621,327756.035717164,0.327756
2026-06-23T11:17:56,idle,cu_up,3895650,334059.00477398484,0.334059
2026-06-23T11:17:56,idle,du1,3895811,3031743.188336098,3.031743
2026-06-23T11:17:56,idle,du2,3896570,3012834.2811656357,3.012834
2026-06-23T11:17:56,idle,ue1,3895871,819390.0444357514,0.819390
2026-06-23T11:17:56,idle,ue2,3895879,756360.0548198193,0.756360
2026-06-23T11:17:56,idle,ue3,3895889,806784.046512565,0.806784
2026-06-23T11:17:56,idle,ue4,3895897,819390.0444357514,0.819390
2026-06-23T11:17:56,idle,ue5,3896634,825693.0134925724,0.825693
2026-06-23T11:17:56,idle,ue6,3896640,768966.0527430058,0.768966
2026-06-23T11:17:56,idle,ue7,3896649,863511.0670716763,0.863511
2026-06-23T11:17:56,idle,ue8,3896659,838299.0712253035,0.838299
2026-06-23T11:18:01,idle,cu_cp,3895621,330550.83036388457,0.330551
2026-06-23T11:18:01,idle,cu_up,3895650,319713.09135240613,0.319713
2026-06-23T11:18:01,idle,du1,3895811,3045402.74692297,3.045403
2026-06-23T11:18:01,idle,du2,3896570,3034565.007911491,3.034565
2026-06-23T11:18:01,idle,ue1,3895871,834505.4250582218,0.834505
2026-06-23T11:18:01,idle,ue2,3895879,791154.4690123082,0.791154
2026-06-23T11:18:01,idle,ue3,3895889,807411.0775295257,0.807411
2026-06-23T11:18:01,idle,ue4,3895897,834505.4250582218,0.834505
2026-06-23T11:18:01,idle,ue5,3896634,834505.4250582218,0.834505
2026-06-23T11:18:01,idle,ue6,3896640,823667.6860467434,0.823668
2026-06-23T11:18:01,idle,ue7,3896649,850762.0335754395,0.850762
2026-06-23T11:18:01,idle,ue8,3896659,829086.5555524826,0.829087
2026-06-23T11:18:07,idle,cu_cp,3895621,334193.62769424915,0.334194
2026-06-23T11:18:07,idle,cu_up,3895650,331155.47665305436,0.331155
2026-06-23T11:18:07,idle,du1,3895811,3019895.0144660473,3.019895
2026-06-23T11:18:07,idle,du2,3896570,3025971.1970749497,3.025971
2026-06-23T11:18:07,idle,ue1,3895871,820293.3737663925,0.820293
2026-06-23T11:18:07,idle,ue2,3895879,847636.4941901714,0.847636
2026-06-23T11:18:07,idle,ue3,3895889,817255.2824619412,0.817255
2026-06-23T11:18:07,idle,ue4,3895897,814217.1314207464,0.814217
2026-06-23T11:18:07,idle,ue5,3896634,820293.3737663925,0.820293
2026-06-23T11:18:07,idle,ue6,3896640,802064.6467294544,0.802065
2026-06-23T11:18:07,idle,ue7,3896649,862827.1896594018,0.862827
2026-06-23T11:18:07,idle,ue8,3896659,826369.6161120385,0.826370
2026-06-23T11:18:12,idle,cu_cp,3895621,324542.73702331306,0.324543
2026-06-23T11:18:12,idle,cu_up,3895650,327575.84755215707,0.327576
2026-06-23T11:18:12,idle,du1,3895811,2981546.8437866974,2.981547
2026-06-23T11:18:12,idle,du2,3896570,3002778.5279256105,3.002779
2026-06-23T11:18:12,idle,ue1,3895871,831072.105777266,0.831072
2026-06-23T11:18:12,idle,ue2,3895879,843204.547892642,0.843205
2026-06-23T11:18:12,idle,ue3,3895889,806807.1618378508,0.806807
2026-06-23T11:18:12,idle,ue4,3895897,843204.547892642,0.843205
2026-06-23T11:18:12,idle,ue5,3896634,812873.3828955388,0.812873
2026-06-23T11:18:12,idle,ue6,3896640,837138.326834954,0.837138
2026-06-23T11:18:12,idle,ue7,3896649,825005.8250109148,0.825006
2026-06-23T11:18:12,idle,ue8,3896659,809840.2425123632,0.809840
2026-06-23T11:18:18,idle,cu_cp,3895621,332192.50173731265,0.332193
2026-06-23T11:18:18,idle,cu_up,3895650,329144.85696653486,0.329145
2026-06-23T11:18:18,idle,du1,3895811,3020208.9334098436,3.020209
2026-06-23T11:18:18,idle,du2,3896570,3038494.861902008,3.038495
2026-06-23T11:18:18,idle,ue1,3895871,825909.8470546126,0.825910
2026-06-23T11:18:18,idle,ue2,3895879,813719.2081040037,0.813719
2026-06-23T11:18:18,idle,ue3,3895889,816766.8229410327,0.816767
2026-06-23T11:18:18,idle,ue4,3895897,816766.8229410327,0.816767
2026-06-23T11:18:18,idle,ue5,3896634,835052.6915656995,0.835053
2026-06-23T11:18:18,idle,ue6,3896640,835052.6915656995,0.835053
2026-06-23T11:18:18,idle,ue7,3896649,847243.2107813131,0.847243
2026-06-23T11:18:18,idle,ue8,3896659,838100.3662702262,0.838100
2026-06-23T11:18:23,idle,cu_cp,3895621,335250.040116747,0.335250
2026-06-23T11:18:23,idle,cu_up,3895650,313915.9567001694,0.313916
2026-06-23T11:18:23,idle,du1,3895811,3002011.7513708067,3.002012
2026-06-23T11:18:23,idle,du2,3896570,2986773.111826196,2.986773
2026-06-23T11:18:23,idle,ue1,3895871,828981.9195515704,0.828982
2026-06-23T11:18:23,idle,ue2,3895879,841172.8072955036,0.841173
2026-06-23T11:18:23,idle,ue3,3895889,825934.1677508927,0.825934
2026-06-23T11:18:23,idle,ue4,3895897,816790.9720782483,0.816791
2026-06-23T11:18:23,idle,ue5,3896634,828981.9195515704,0.828982
2026-06-23T11:18:23,idle,ue6,3896640,819838.783608315,0.819839
2026-06-23T11:18:23,idle,ue7,3896649,801552.3325336373,0.801552
2026-06-23T11:18:23,idle,ue8,3896659,825934.1677508927,0.825934
2026-06-23T11:18:28,idle,cu_cp,3895621,335938.0067548752,0.335938
2026-06-23T11:18:28,idle,cu_up,3895650,317445.9915851325,0.317446
2026-06-23T11:18:28,idle,du1,3895811,2995703.709470749,2.995704
2026-06-23T11:18:28,idle,du2,3896570,3029606.006110728,3.029606
2026-06-23T11:18:28,idle,ue1,3895871,829057.993103239,0.829058
2026-06-23T11:18:28,idle,ue2,3895879,856795.9859879881,0.856796
2026-06-23T11:18:28,idle,ue3,3895889,822893.988046658,0.822894
2026-06-23T11:18:28,idle,ue4,3895897,856795.9859879881,0.856796
2026-06-23T11:18:28,idle,ue5,3896634,835221.9981598199,0.835222
2026-06-23T11:18:28,idle,ue6,3896640,788991.9303655982,0.788992
2026-06-23T11:18:28,idle,ue7,3896649,782827.985048747,0.782828
2026-06-23T11:18:28,idle,ue8,3896659,844467.9161350966,0.844468
2026-06-23T11:18:34,idle,cu_cp,3895621,332159.50617442845,0.332160
2026-06-23T11:18:34,idle,cu_up,3895650,325582.0736468911,0.325582
2026-06-23T11:18:34,idle,du1,3895811,3022322.5688385773,3.022323
2026-06-23T11:18:34,idle,du2,3896570,2949970.8707832526,2.949971
2026-06-23T11:18:34,idle,ue1,3895871,835331.8398317242,0.835332
2026-06-23T11:18:34,idle,ue2,3895879,835331.8398317242,0.835332
2026-06-23T11:18:34,idle,ue3,3895889,799155.9908040619,0.799156
2026-06-23T11:18:34,idle,ue4,3895897,835331.8398317242,0.835332
2026-06-23T11:18:34,idle,ue5,3896634,838620.4664741135,0.838620
2026-06-23T11:18:34,idle,ue6,3896640,818888.2883866739,0.818888
2026-06-23T11:18:34,idle,ue7,3896649,828754.4073041868,0.828754
2026-06-23T11:18:34,idle,ue8,3896659,832043.0936941623,0.832043
2026-06-23T11:18:39,idle,cu_cp,3895621,338722.4511046976,0.338722
2026-06-23T11:18:39,idle,cu_up,3895650,325568.168973062,0.325568
2026-06-23T11:18:39,idle,du1,3895811,2969576.3073839094,2.969576
2026-06-23T11:18:39,idle,du2,3896570,3025482.1409226106,3.025482
2026-06-23T11:18:39,idle,ue1,3895871,802410.4330385434,0.802410
2026-06-23T11:18:39,idle,ue2,3895879,851738.9760900378,0.851739
2026-06-23T11:18:39,idle,ue3,3895889,802410.4330385434,0.802410
2026-06-23T11:18:39,idle,ue4,3895897,838584.6939584023,0.838585
2026-06-23T11:18:39,idle,ue5,3896634,838584.6939584023,0.838585
2026-06-23T11:18:39,idle,ue6,3896640,835296.1084833544,0.835296
2026-06-23T11:18:39,idle,ue7,3896649,805699.0185135913,0.805699
2026-06-23T11:18:39,idle,ue8,3896659,841873.2794334501,0.841873
2026-06-23T11:18:44,idle,cu_cp,3895621,332754.8105994165,0.332755
2026-06-23T11:18:44,idle,cu_up,3895650,326165.59309342055,0.326166
2026-06-23T11:18:44,idle,du1,3895811,3031033.9467808343,3.031034
2026-06-23T11:18:44,idle,du2,3896570,2971731.019158132,2.971731
2026-06-23T11:18:44,idle,ue1,3895871,823650.4821676004,0.823650
2026-06-23T11:18:44,idle,ue2,3895879,846712.7584042167,0.846713
2026-06-23T11:18:44,idle,ue3,3895889,810472.0471556085,0.810472
2026-06-23T11:18:44,idle,ue4,3895897,836828.8573170698,0.836829
2026-06-23T11:18:44,idle,ue5,3896634,830239.6697423351,0.830240
2026-06-23T11:18:44,idle,ue6,3896640,840123.570829482,0.840124
2026-06-23T11:18:44,idle,ue7,3896649,803882.8595808739,0.803883
2026-06-23T11:18:44,idle,ue8,3896659,840123.570829482,0.840124
2026-06-23T11:18:50,idle,cu_cp,3895621,331777.92139843764,0.331778
2026-06-23T11:18:50,idle,cu_up,3895650,328493.00452221395,0.328493
2026-06-23T11:18:50,idle,du1,3895811,2972861.6550105857,2.972862
2026-06-23T11:18:50,idle,du2,3896570,3015565.6043310356,3.015566
2026-06-23T11:18:50,idle,ue1,3895871,837657.1854752791,0.837657
2026-06-23T11:18:50,idle,ue2,3895879,831087.2320046639,0.831087
2026-06-23T11:18:50,idle,ue3,3895889,824517.4581113005,0.824517
2026-06-23T11:18:50,idle,ue4,3895897,831087.2320046639,0.831087
2026-06-23T11:18:50,idle,ue5,3896634,817947.5644997692,0.817948
2026-06-23T11:18:50,idle,ue6,3896640,834372.2386695135,0.834372
2026-06-23T11:18:50,idle,ue7,3896649,804807.8371357906,0.804808
2026-06-23T11:18:50,idle,ue8,3896659,831087.2320046639,0.831087
2026-06-23T11:18:55,idle,cu_cp,3895621,335970.4301931578,0.335970
2026-06-23T11:18:55,idle,cu_up,3895650,322795.1321162224,0.322795
2026-06-23T11:18:55,idle,du1,3895811,2974326.6087053274,2.974327
2026-06-23T11:18:55,idle,du2,3896570,3017146.312490308,3.017146
2026-06-23T11:18:55,idle,ue1,3895871,859689.0824585349,0.859689
2026-06-23T11:18:55,idle,ue2,3895879,846513.7245213622,0.846514
2026-06-23T11:18:55,idle,ue3,3895889,820163.1882277286,0.820163
2026-06-23T11:18:55,idle,ue4,3895897,836632.2958588386,0.836632
2026-06-23T11:18:55,idle,ue5,3896634,836632.2958588386,0.836632
2026-06-23T11:18:55,idle,ue6,3896640,849807.6537960112,0.849808
2026-06-23T11:18:55,idle,ue7,3896649,839926.1054130131,0.839926
2026-06-23T11:18:55,idle,ue8,3896659,849807.6537960112,0.849808
2026-06-23T11:19:00,idle,cu_cp,3895621,337162.25540633796,0.337162
2026-06-23T11:19:00,idle,cu_up,3895650,329321.2573103839,0.329321
2026-06-23T11:19:00,idle,du1,3895811,3097188.162930186,3.097188
2026-06-23T11:19:00,idle,du2,3896570,3089347.1045869873,3.089347
2026-06-23T11:19:00,idle,ue1,3895871,846826.1074401998,0.846826
2026-06-23T11:19:00,idle,ue2,3895879,846826.1074401998,0.846826
2026-06-23T11:19:00,idle,ue3,3895889,831144.171495536,0.831144
2026-06-23T11:19:00,idle,ue4,3895897,831144.171495536,0.831144
2026-06-23T11:19:00,idle,ue5,3896634,846826.1074401998,0.846826
2026-06-23T11:19:00,idle,ue6,3896640,862508.0433848638,0.862508
2026-06-23T11:19:00,idle,ue7,3896649,854667.0452889097,0.854667
2026-06-23T11:19:00,idle,ue8,3896659,854667.0452889097,0.854667
2026-06-23T11:19:06,idle,cu_cp,3895621,338358.1652746528,0.338358
2026-06-23T11:19:06,idle,cu_up,3895650,325344.3839150518,0.325344
2026-06-23T11:19:06,idle,du1,3895811,3032209.6160672903,3.032210
2026-06-23T11:19:06,idle,du2,3896570,3045223.397426891,3.045223
2026-06-23T11:19:06,idle,ue1,3895871,819867.8654749275,0.819868
2026-06-23T11:19:06,idle,ue2,3895879,832881.7068645179,0.832882
2026-06-23T11:19:06,idle,ue3,3895889,839388.537514329,0.839389
2026-06-23T11:19:06,idle,ue4,3895897,819867.8654749275,0.819868
2026-06-23T11:19:06,idle,ue5,3896634,832881.7068645179,0.832882
2026-06-23T11:19:06,idle,ue6,3896640,845895.4281941295,0.845895
2026-06-23T11:19:06,idle,ue7,3896649,845895.4281941295,0.845895
2026-06-23T11:19:06,idle,ue8,3896659,832881.7068645179,0.832882
2026-06-23T11:19:11,idle,cu_cp,3895621,329580.6720038548,0.329581
2026-06-23T11:19:11,idle,cu_up,3895650,323994.55486033857,0.323995
2026-06-23T11:19:11,idle,du1,3895811,2994156.6337522743,2.994157
2026-06-23T11:19:11,idle,du2,3896570,3044431.777842772,3.044432
2026-06-23T11:19:11,idle,ue1,3895871,787642.0083756328,0.787642
2026-06-23T11:19:11,idle,ue2,3895879,832330.8856578618,0.832331
2026-06-23T11:19:11,idle,ue3,3895889,798814.1827967644,0.798814
2026-06-23T11:19:11,idle,ue4,3895897,809986.357217896,0.809986
2026-06-23T11:19:11,idle,ue5,3896634,815572.5042943626,0.815573
2026-06-23T11:19:11,idle,ue6,3896640,832330.8856578618,0.832331
2026-06-23T11:19:11,idle,ue7,3896649,843503.0600789934,0.843503
2026-06-23T11:19:11,idle,ue8,3896659,826744.7385813951,0.826745
2026-06-23T11:19:17,idle,cu_cp,3895621,333047.0423739901,0.333047
2026-06-23T11:19:17,idle,cu_up,3895650,318353.77691788855,0.318354
2026-06-23T11:19:17,idle,du1,3895811,2972934.6453430722,2.972935
2026-06-23T11:19:17,idle,du2,3896570,3017014.2330903914,3.017014
2026-06-23T11:19:17,idle,ue1,3895871,822822.0310577452,0.822822
2026-06-23T11:19:17,idle,ue2,3895879,768946.8535316974,0.768947
2026-06-23T11:19:17,idle,ue3,3895889,808128.7954046417,0.808129
2026-06-23T11:19:17,idle,ue4,3895897,827719.7961441118,0.827720
2026-06-23T11:19:17,idle,ue5,3896634,788537.7946651715,0.788538
2026-06-23T11:19:17,idle,ue6,3896640,832617.5612304783,0.832618
2026-06-23T11:19:17,idle,ue7,3896649,822822.0310577452,0.822822
2026-06-23T11:19:17,idle,ue8,3896659,813026.5008850121,0.813027
2026-06-23T11:19:22,idle,cu_cp,3895621,327773.9617153263,0.327774
2026-06-23T11:19:22,idle,cu_up,3895650,321704.0647063112,0.321704
2026-06-23T11:19:22,idle,du1,3895811,3022804.1811603736,3.022804
2026-06-23T11:19:22,idle,du2,3896570,3013699.276050415,3.013699
2026-06-23T11:19:22,idle,ue1,3895871,792120.3677477479,0.792120
2026-06-23T11:19:22,idle,ue2,3895879,779980.5737297178,0.779981
2026-06-23T11:19:22,idle,ue3,3895889,807295.1102702856,0.807295
2026-06-23T11:19:22,idle,ue4,3895897,828539.7498018384,0.828540
2026-06-23T11:19:22,idle,ue5,3896634,822469.8527928233,0.822470
2026-06-23T11:19:22,idle,ue6,3896640,816399.9557838083,0.816400
2026-06-23T11:19:22,idle,ue7,3896649,840679.4246269965,0.840679
2026-06-23T11:19:22,idle,ue8,3896659,816399.9557838083,0.816400
2026-06-23T11:19:27,idle,cu_cp,3895621,337810.58986768126,0.337811
2026-06-23T11:19:27,idle,cu_up,3895650,322593.9071382433,0.322594
2026-06-23T11:19:27,idle,du1,3895811,3031165.3769295216,3.031165
2026-06-23T11:19:27,idle,du2,3896570,3003775.162593484,3.003775
2026-06-23T11:19:27,idle,ue1,3895871,815614.8043995202,0.815615
2026-06-23T11:19:27,idle,ue2,3895879,827788.1266575158,0.827788
2026-06-23T11:19:27,idle,ue3,3895889,812571.4738350213,0.812571
2026-06-23T11:19:27,idle,ue4,3895897,815614.8043995202,0.815615
2026-06-23T11:19:27,idle,ue5,3896634,830831.4572220147,0.830831
2026-06-23T11:19:27,idle,ue6,3896640,827788.1266575158,0.827788
2026-06-23T11:19:27,idle,ue7,3896649,855178.2213657796,0.855178
2026-06-23T11:19:27,idle,ue8,3896659,836918.1781648993,0.836918
2026-06-23T11:19:33,idle,cu_cp,3895621,331427.6414837185,0.331428
2026-06-23T11:19:33,idle,cu_up,3895650,325346.39651448996,0.325346
2026-06-23T11:19:33,idle,du1,3895811,2976767.5582898427,2.976768
2026-06-23T11:19:33,idle,du2,3896570,3013255.028105214,3.013255
2026-06-23T11:19:33,idle,ue1,3895871,833130.082294625,0.833130
2026-06-23T11:19:33,idle,ue2,3895879,848333.1349064863,0.848333
2026-06-23T11:19:33,idle,ue3,3895889,814886.3473869396,0.814886
2026-06-23T11:19:33,idle,ue4,3895897,839211.2674526435,0.839211
2026-06-23T11:19:33,idle,ue5,3896634,851373.8172023105,0.851374
2026-06-23T11:19:33,idle,ue6,3896640,833130.082294625,0.833130
2026-06-23T11:19:33,idle,ue7,3896649,824008.2148407823,0.824008
2026-06-23T11:19:33,idle,ue8,3896659,836170.6449680292,0.836171
2026-06-23T11:19:38,idle,cu_cp,3895621,327019.51748075185,0.327020
2026-06-23T11:19:38,idle,cu_up,3895650,320963.58113752306,0.320964
2026-06-23T11:19:38,idle,du1,3895811,3009790.6883742143,3.009791
2026-06-23T11:19:38,idle,du2,3896570,3000706.724142022,3.000707
2026-06-23T11:19:38,idle,ue1,3895871,847828.4007713378,0.847828
2026-06-23T11:19:38,idle,ue2,3895879,850856.3092256034,0.850856
2026-06-23T11:19:38,idle,ue3,3895889,811492.7827119648,0.811493
2026-06-23T11:19:38,idle,ue4,3895897,856912.2455688321,0.856912
2026-06-23T11:19:38,idle,ue5,3896634,799381.0294602049,0.799381
2026-06-23T11:19:38,idle,ue6,3896640,826632.6235700368,0.826633
2026-06-23T11:19:38,idle,ue7,3896649,832688.5599132658,0.832689
2026-06-23T11:19:38,idle,ue8,3896659,829660.5917416513,0.829661
2026-06-23T11:19:44,idle,cu_cp,3895621,334493.6505425215,0.334494
2026-06-23T11:19:44,idle,cu_up,3895650,321376.2337162161,0.321376
2026-06-23T11:19:44,idle,du1,3895811,2987487.375436659,2.987487
2026-06-23T11:19:44,idle,du2,3896570,3013721.9698251365,3.013722
2026-06-23T11:19:44,idle,ue1,3895871,806719.9384971166,0.806720
2026-06-23T11:19:44,idle,ue2,3895879,832954.7123336941,0.832955
2026-06-23T11:19:44,idle,ue3,3895889,806719.9384971166,0.806720
2026-06-23T11:19:44,idle,ue4,3895897,816558.0011168456,0.816558
2026-06-23T11:19:44,idle,ue5,3896634,836234.1263563037,0.836234
2026-06-23T11:19:44,idle,ue6,3896640,823116.7693460316,0.823117
2026-06-23T11:19:44,idle,ue7,3896649,836234.1263563037,0.836234
2026-06-23T11:19:44,idle,ue8,3896659,796881.8758773875,0.796882
2026-06-23T11:19:49,idle,cu_cp,3895621,332028.9661803853,0.332029
2026-06-23T11:19:49,idle,cu_up,3895650,328741.54061019304,0.328742
2026-06-23T11:19:49,idle,du1,3895811,2968535.9628360127,2.968536
2026-06-23T11:19:49,idle,du2,3896570,3034284.4742398597,3.034284
2026-06-23T11:19:49,idle,ue1,3895871,815278.9704907143,0.815279
2026-06-23T11:19:49,idle,ue2,3895879,815278.9704907143,0.815279
2026-06-23T11:19:49,idle,ue3,3895889,808704.1791390968,0.808704
2026-06-23T11:19:49,idle,ue4,3895897,811991.604709289,0.811992
2026-06-23T11:19:49,idle,ue5,3896634,821853.8814198661,0.821854
2026-06-23T11:19:49,idle,ue6,3896640,831716.0983416759,0.831716
2026-06-23T11:19:49,idle,ue7,3896649,844865.7408336783,0.844866
2026-06-23T11:19:49,idle,ue8,3896659,821853.8814198661,0.821854
2026-06-23T11:19:54,idle,cu_cp,3895621,330125.1597177482,0.330125
2026-06-23T11:19:54,idle,cu_up,3895650,330125.1597177482,0.330125
2026-06-23T11:19:54,idle,du1,3895811,3040452.9486729433,3.040453
2026-06-23T11:19:54,idle,du2,3896570,3043754.0194537165,3.043754
2026-06-23T11:19:54,idle,ue1,3895871,841819.1843126107,0.841819
2026-06-23T11:19:54,idle,ue2,3895879,818710.487409296,0.818710
2026-06-23T11:19:54,idle,ue3,3895889,815409.1763409424,0.815409
2026-06-23T11:19:54,idle,ue4,3895897,812107.9253444838,0.812108
2026-06-23T11:19:54,idle,ue5,3896634,881434.2563420081,0.881434
2026-06-23T11:19:54,idle,ue6,3896640,845120.4353090691,0.845120
2026-06-23T11:19:54,idle,ue7,3896649,858325.4392949033,0.858325
2026-06-23T11:19:54,idle,ue8,3896659,851722.9973738813,0.851723
2026-06-23T11:20:00,idle,cu_cp,3895621,333217.2937301007,0.333217
2026-06-23T11:20:00,idle,cu_up,3895650,329918.12538194685,0.329918
2026-06-23T11:20:00,idle,du1,3895811,2998955.673584082,2.998956
2026-06-23T11:20:00,idle,du2,3896570,3041845.2222681926,3.041845
2026-06-23T11:20:00,idle,ue1,3895871,847889.5669248838,0.847890
2026-06-23T11:20:00,idle,ue2,3895879,808299.3666679823,0.808299
2026-06-23T11:20:00,idle,ue3,3895889,811598.595042488,0.811599
2026-06-23T11:20:00,idle,ue4,3895897,808299.3666679823,0.808299
2026-06-23T11:20:00,idle,ue5,3896634,837992.0618804223,0.837992
2026-06-23T11:20:00,idle,ue6,3896640,857787.1920220489,0.857787
2026-06-23T11:20:00,idle,ue7,3896649,857787.1920220489,0.857787
2026-06-23T11:20:00,idle,ue8,3896659,844590.3985767299,0.844590
2026-06-23T11:20:05,idle,cu_cp,3895621,329416.58256226004,0.329417
2026-06-23T11:20:05,idle,cu_up,3895650,326122.417635929,0.326122
2026-06-23T11:20:05,idle,du1,3895811,2974631.528004637,2.974632
2026-06-23T11:20:05,idle,du2,3896570,3014161.746931691,3.014162
2026-06-23T11:20:05,idle,ue1,3895871,863071.4505098152,0.863071
2026-06-23T11:20:05,idle,ue2,3895879,790599.8221305322,0.790600
2026-06-23T11:20:05,idle,ue3,3895889,820247.3064675117,0.820247
2026-06-23T11:20:05,idle,ue4,3895897,784011.4922778702,0.784011
2026-06-23T11:20:05,idle,ue5,3896634,836718.1310991668,0.836718
2026-06-23T11:20:05,idle,ue6,3896640,849894.790804491,0.849895
2026-06-23T11:20:05,idle,ue7,3896649,869659.7803624773,0.869660
2026-06-23T11:20:05,idle,ue8,3896659,859777.2256307137,0.859777
2026-06-23T11:20:10,idle,cu_cp,3895621,336273.86384028645,0.336274
2026-06-23T11:20:10,idle,cu_up,3895650,336273.86384028645,0.336274
2026-06-23T11:20:10,idle,du1,3895811,2932621.1928501274,2.932621
2026-06-23T11:20:10,idle,du2,3896570,3026464.8642898034,3.026465
2026-06-23T11:20:10,idle,ue1,3895871,797672.8821454596,0.797673
2026-06-23T11:20:10,idle,ue2,3895879,836774.5116089088,0.836775
2026-06-23T11:20:10,idle,ue3,3895889,758571.3125001609,0.758571
2026-06-23T11:20:10,idle,ue4,3895897,821133.9196416795,0.821134
2026-06-23T11:20:10,idle,ue5,3896634,828954.2455343694,0.828954
2026-06-23T11:20:10,idle,ue6,3896640,782032.2901782304,0.782032
2026-06-23T11:20:10,idle,ue7,3896649,844594.897319749,0.844595
2026-06-23T11:20:10,idle,ue8,3896659,828954.2455343694,0.828954
2026-06-23T11:20:16,idle,cu_cp,3895621,327488.7516358486,0.327489
2026-06-23T11:20:16,idle,cu_up,3895650,320938.9843523955,0.320939
2026-06-23T11:20:16,idle,du1,3895811,2921199.7253936864,2.921200
2026-06-23T11:20:16,idle,du2,3896570,3032545.9182366943,3.032546
2026-06-23T11:20:16,idle,ue1,3895871,759773.8990263909,0.759774
2026-06-23T11:20:16,idle,ue2,3895879,812172.1565134603,0.812172
2026-06-23T11:20:16,idle,ue3,3895889,733574.8298925788,0.733575
2026-06-23T11:20:16,idle,ue4,3895897,812172.1565134603,0.812172
2026-06-23T11:20:16,idle,ue5,3896634,785973.0277699255,0.785973
2026-06-23T11:20:16,idle,ue6,3896640,831821.4285589582,0.831821
2026-06-23T11:20:16,idle,ue7,3896649,831821.4285589582,0.831821
2026-06-23T11:20:16,idle,ue8,3896659,812172.1565134603,0.812172
2026-06-23T11:20:21,idle,cu_cp,3895621,330676.8002569348,0.330677
2026-06-23T11:20:21,idle,cu_up,3895650,330676.8002569348,0.330677
2026-06-23T11:20:21,idle,du1,3895811,3032138.019507351,3.032138
2026-06-23T11:20:21,idle,du2,3896570,2964881.62405853,2.964882
2026-06-23T11:20:21,idle,ue1,3895871,762238.014674688,0.762238
2026-06-23T11:20:21,idle,ue2,3895879,812680.2515904993,0.812680
2026-06-23T11:20:21,idle,ue3,3895889,790261.5127783632,0.790262
2026-06-23T11:20:21,idle,ue4,3895897,812680.2515904993,0.812680
2026-06-23T11:20:21,idle,ue5,3896634,829494.2907819003,0.829494
2026-06-23T11:20:21,idle,ue6,3896640,779052.1135368932,0.779052
2026-06-23T11:20:21,idle,ue7,3896649,818284.9512112343,0.818285
2026-06-23T11:20:21,idle,ue8,3896659,818284.9512112343,0.818285
2026-06-23T11:20:27,dl,cu_cp,3895621,334315.73368844274,0.334316
2026-06-23T11:20:27,dl,cu_up,3895650,334315.73368844274,0.334316
2026-06-23T11:20:27,dl,du1,3895811,3048172.874760723,3.048173
2026-06-23T11:20:27,dl,du2,3896570,2994092.54423584,2.994093
2026-06-23T11:20:27,dl,ue1,3895871,811207.2857625532,0.811207
2026-06-23T11:20:27,dl,ue2,3895879,806290.8432416343,0.806291
2026-06-23T11:20:27,dl,ue3,3895889,821040.1111149215,0.821040
2026-06-23T11:20:27,dl,ue4,3895897,816123.6685940027,0.816124
2026-06-23T11:20:27,dl,ue5,3896634,825956.4939463711,0.825956
2026-06-23T11:20:27,dl,ue6,3896640,821040.1111149215,0.821040
2026-06-23T11:20:27,dl,ue7,3896649,840705.7618196583,0.840706
2026-06-23T11:20:27,dl,ue8,3896659,830872.9364672899,0.830873
2026-06-23T11:20:32,dl,cu_cp,3895621,399557.87121944426,0.399558
2026-06-23T11:20:32,dl,cu_up,3895650,623871.0524096107,0.623871
2026-06-23T11:20:32,dl,du1,3895811,4205872.560702668,4.205873
2026-06-23T11:20:32,dl,du2,3896570,4205872.560702668,4.205873
2026-06-23T11:20:32,dl,ue1,3895871,1559677.6310240268,1.559678
2026-06-23T11:20:32,dl,ue2,3895879,1601736.4558439446,1.601736
2026-06-23T11:20:32,dl,ue3,3895889,1608746.2599805975,1.608746
2026-06-23T11:20:32,dl,ue4,3895897,1577202.2102635002,1.577202
2026-06-23T11:20:32,dl,ue5,3896634,1654309.7801753187,1.654310
2026-06-23T11:20:32,dl,ue6,3896640,1538648.35640975,1.538648
2026-06-23T11:20:32,dl,ue7,3896649,1664824.5552781392,1.664825
2026-06-23T11:20:32,dl,ue8,3896659,1429996.5989851523,1.429997
2026-06-23T11:20:37,dl,cu_cp,3895621,427720.1453037554,0.427720
2026-06-23T11:20:37,dl,cu_up,3895650,735823.612456938,0.735824
2026-06-23T11:20:37,dl,du1,3895811,4668674.152707233,4.668674
2026-06-23T11:20:37,dl,du2,3896570,4614302.518170924,4.614303
2026-06-23T11:20:37,dl,ue1,3895871,1902992.0072229172,1.902992
2026-06-23T11:20:37,dl,ue2,3895879,1917491.1288873767,1.917491
2026-06-23T11:20:37,dl,ue3,3895889,1873994.0507156563,1.873994
2026-06-23T11:20:37,dl,ue4,3895897,1935614.8158517075,1.935615
2026-06-23T11:20:37,dl,ue5,3896634,1866744.6332942557,1.866745
2026-06-23T11:20:37,dl,ue6,3896640,1870369.4854157853,1.870369
2026-06-23T11:20:37,dl,ue7,3896649,1910241.7114659762,1.910242
2026-06-23T11:20:37,dl,ue8,3896659,1910241.7114659762,1.910242
2026-06-23T11:20:43,dl,cu_cp,3895621,426176.82110107003,0.426177
2026-06-23T11:20:43,dl,cu_up,3895650,744003.599287337,0.744004
2026-06-23T11:20:43,dl,du1,3895811,4706003.731693118,4.706004
2026-06-23T11:20:43,dl,du2,3896570,4684333.608199582,4.684334
2026-06-23T11:20:43,dl,ue1,3895871,1910572.3084871185,1.910572
2026-06-23T11:20:43,dl,ue2,3895879,1896125.751009053,1.896126
2026-06-23T11:20:43,dl,ue3,3895889,1914184.2351330721,1.914184
2026-06-23T11:20:43,dl,ue4,3895897,1964747.4735827385,1.964747
2026-06-23T11:20:43,dl,ue5,3896634,1852785.6476602005,1.852786
2026-06-23T11:20:43,dl,ue6,3896640,1863620.7094069684,1.863621
2026-06-23T11:20:43,dl,ue7,3896649,1932242.431980654,1.932242
2026-06-23T11:20:43,dl,ue8,3896659,1971970.7523217713,1.971971
2026-06-23T11:20:48,dl,cu_cp,3895621,423646.3084403178,0.423646
2026-06-23T11:20:48,dl,cu_up,3895650,751511.7723316562,0.751512
2026-06-23T11:20:48,dl,du1,3895811,4645374.013681901,4.645374
2026-06-23T11:20:48,dl,du2,3896570,4660109.428761806,4.660109
2026-06-23T11:20:48,dl,ue1,3895871,1904566.407218976,1.904566
2026-06-23T11:20:48,dl,ue2,3895879,1915618.0403655267,1.915618
2026-06-23T11:20:48,dl,ue3,3895889,1893514.7740724254,1.893515
2026-06-23T11:20:48,dl,ue4,3895897,1934037.5247252726,1.934038
2026-06-23T11:20:48,dl,ue5,3896634,1871411.507779324,1.871412
2026-06-23T11:20:48,dl,ue6,3896640,1878779.3589925193,1.878779
2026-06-23T11:20:48,dl,ue7,3896649,1922986.0352519643,1.922986
2026-06-23T11:20:48,dl,ue8,3896659,1948773.083478421,1.948773
2026-06-23T11:20:54,dl,cu_cp,3895621,417189.112462216,0.417189
2026-06-23T11:20:54,dl,cu_up,3895650,684819.868582691,0.684820
2026-06-23T11:20:54,dl,du1,3895811,4632373.53031219,4.632374
2026-06-23T11:20:54,dl,du2,3896570,4616630.605745649,4.616631
2026-06-23T11:20:54,dl,ue1,3895871,1897029.858743012,1.897030
2026-06-23T11:20:54,dl,ue2,3895879,1885222.5936981558,1.885223
2026-06-23T11:20:54,dl,ue3,3895889,1877350.9881749845,1.877351
2026-06-23T11:20:54,dl,ue4,3895897,1944258.7756825353,1.944259
2026-06-23T11:20:54,dl,ue5,3896634,1845864.995802002,1.845865
2026-06-23T11:20:54,dl,ue6,3896640,1814379.1466689205,1.814379
2026-06-23T11:20:54,dl,ue7,3896649,1940322.9729209496,1.940323
2026-06-23T11:20:54,dl,ue8,3896659,1920644.245592823,1.920644
2026-06-23T11:20:59,dl,cu_cp,3895621,421304.2620871961,0.421304
2026-06-23T11:20:59,dl,cu_up,3895650,720548.3329761922,0.720548
2026-06-23T11:20:59,dl,du1,3895811,4657971.4337768555,4.657971
2026-06-23T11:20:59,dl,du2,3896570,4630409.374008894,4.630409
2026-06-23T11:20:59,dl,ue1,3895871,1882088.185428679,1.882088
2026-06-23T11:20:59,dl,ue2,3895879,1893900.4967578053,1.893900
2026-06-23T11:20:59,dl,ue3,3895889,1874213.3112092614,1.874213
2026-06-23T11:20:59,dl,ue4,3895897,1960836.4965795279,1.960836
2026-06-23T11:20:59,dl,ue5,3896634,1834839.0837932825,1.834839
2026-06-23T11:20:59,dl,ue6,3896640,1823026.7724641562,1.823027
2026-06-23T11:20:59,dl,ue7,3896649,1972648.9515897632,1.972649
2026-06-23T11:20:59,dl,ue8,3896659,1897837.7901864052,1.897838
2026-06-23T11:21:05,dl,cu_cp,3895621,427255.001431694,0.427255
2026-06-23T11:21:05,dl,cu_up,3895650,720003.777380085,0.720004
2026-06-23T11:21:05,dl,du1,3895811,4680024.696940498,4.680025
2026-06-23T11:21:05,dl,du2,3896570,4648376.071671524,4.648376
2026-06-23T11:21:05,dl,ue1,3895871,1906823.193808136,1.906823
2026-06-23T11:21:05,dl,ue2,3895879,1914735.2061554336,1.914735
2026-06-23T11:21:05,dl,ue3,3895889,1902867.1876344872,1.902867
2026-06-23T11:21:05,dl,ue4,3895897,1962208.0000889492,1.962208
2026-06-23T11:21:05,dl,ue5,3896634,1851438.3875273229,1.851438
2026-06-23T11:21:05,dl,ue6,3896640,1855394.3937009715,1.855394
2026-06-23T11:21:05,dl,ue7,3896649,1942427.825250759,1.942428
2026-06-23T11:21:05,dl,ue8,3896659,1914735.2061554336,1.914735
2026-06-23T11:21:10,dl,cu_cp,3895621,429687.8075014287,0.429688
2026-06-23T11:21:10,dl,cu_up,3895650,705634.1273082518,0.705634
2026-06-23T11:21:10,dl,du1,3895811,4647724.0819859505,4.647724
2026-06-23T11:21:10,dl,du2,3896570,4592535.069361601,4.592535
2026-06-23T11:21:10,dl,ue1,3895871,1880376.8726195956,1.880377
2026-06-23T11:21:10,dl,ue2,3895879,1896145.1824581455,1.896145
2026-06-23T11:21:10,dl,ue3,3895889,1884318.985984521,1.884319
2026-06-23T11:21:10,dl,ue4,3895897,1994697.585717826,1.994698
2026-06-23T11:21:10,dl,ue5,3896634,1840956.0262126445,1.840956
2026-06-23T11:21:10,dl,ue6,3896640,1852782.3663074207,1.852782
2026-06-23T11:21:10,dl,ue7,3896649,1896145.1824581455,1.896145
2026-06-23T11:21:10,dl,ue8,3896659,1919797.862647698,1.919798
2026-06-23T11:21:15,dl,cu_cp,3895621,421579.7498657155,0.421580
2026-06-23T11:21:15,dl,cu_up,3895650,717079.6167481041,0.717080
2026-06-23T11:21:15,dl,du1,3895811,4637377.356058273,4.637377
2026-06-23T11:21:15,dl,du2,3896570,4605857.439080143,4.605857
2026-06-23T11:21:15,dl,ue1,3895871,1867558.880538454,1.867559
2026-06-23T11:21:15,dl,ue2,3895879,1899079.0842776585,1.899079
2026-06-23T11:21:15,dl,ue3,3895889,1875438.9314732552,1.875439
2026-06-23T11:21:15,dl,ue4,3895897,1942418.8625871849,1.942419
2026-06-23T11:21:15,dl,ue5,3896634,1828158.9126255226,1.828159
2026-06-23T11:21:15,dl,ue6,3896640,1824218.9588483905,1.824219
2026-06-23T11:21:15,dl,ue7,3896649,1895138.9871199895,1.895139
2026-06-23T11:21:15,dl,ue8,3896659,1918778.8531633187,1.918779
2026-06-23T11:21:21,dl,cu_cp,3895621,417459.9400063205,0.417460
2026-06-23T11:21:21,dl,cu_up,3895650,718031.0738982224,0.718031
2026-06-23T11:21:21,dl,du1,3895811,4625456.02929903,4.625456
2026-06-23T11:21:21,dl,du2,3896570,4575360.67324565,4.575361
2026-06-23T11:21:21,dl,ue1,3895871,1911966.5982630157,1.911967
2026-06-23T11:21:21,dl,ue2,3895879,1895268.146245222,1.895268
2026-06-23T11:21:21,dl,ue3,3895889,1870220.4682185317,1.870220
2026-06-23T11:21:21,dl,ue4,3895897,1962061.524704232,1.962062
2026-06-23T11:21:21,dl,ue5,3896634,1828474.4813781022,1.828474
2026-06-23T11:21:21,dl,ue6,3896640,1820125.2553692055,1.820125
2026-06-23T11:21:21,dl,ue7,3896649,1911966.5982630157,1.911967
2026-06-23T11:21:21,dl,ue8,3896659,1911966.5982630157,1.911967
2026-06-23T11:21:26,dl,cu_cp,3895621,415040.5250651741,0.415041
2026-06-23T11:21:26,dl,cu_up,3895650,677899.5434876633,0.677900
2026-06-23T11:21:26,dl,du1,3895811,4613867.006984215,4.613867
2026-06-23T11:21:26,dl,du2,3896570,4613867.006984215,4.613867
2026-06-23T11:21:26,dl,ue1,3895871,1888434.3602247238,1.888434
2026-06-23T11:21:26,dl,ue2,3895879,1895351.5966291428,1.895352
2026-06-23T11:21:26,dl,ue3,3895889,1881516.9797112131,1.881517
2026-06-23T11:21:26,dl,ue4,3895897,1936855.7356011153,1.936856
2026-06-23T11:21:26,dl,ue5,3896634,1840012.9848483324,1.840013
2026-06-23T11:21:26,dl,ue6,3896640,1819260.987416892,1.819261
2026-06-23T11:21:26,dl,ue7,3896649,1936855.7356011153,1.936856
2026-06-23T11:21:26,dl,ue8,3896659,2026781.1058403873,2.026781
2026-06-23T11:21:32,dl,cu_cp,3895621,425095.00663070084,0.425095
2026-06-23T11:21:32,dl,cu_up,3895650,712483.1999065519,0.712483
2026-06-23T11:21:32,dl,du1,3895811,4628147.274777031,4.628147
2026-06-23T11:21:32,dl,du2,3896570,4717956.109931231,4.717956
2026-06-23T11:21:32,dl,ue1,3895871,1891972.0833573819,1.891972
2026-06-23T11:21:32,dl,ue2,3895879,1933882.9403109313,1.933883
2026-06-23T11:21:32,dl,ue3,3895889,1891972.0833573819,1.891972
2026-06-23T11:21:32,dl,ue4,3895897,1945857.3268371106,1.945857
2026-06-23T11:21:32,dl,ue5,3896634,1874010.431552124,1.874010
2026-06-23T11:21:32,dl,ue6,3896640,1856048.6357148886,1.856049
2026-06-23T11:21:32,dl,ue7,3896649,1933882.9403109313,1.933883
2026-06-23T11:21:32,dl,ue8,3896659,1975793.7972644805,1.975794
2026-06-23T11:21:37,dl,cu_cp,3895621,420700.1393399024,0.420700
2026-06-23T11:21:37,dl,cu_up,3895650,721718.4156589258,0.721718
2026-06-23T11:21:37,dl,du1,3895811,4649462.080722256,4.649462
2026-06-23T11:21:37,dl,du2,3896570,4605941.272477455,4.605941
2026-06-23T11:21:37,dl,ue1,3895871,1893150.6989600253,1.893151
2026-06-23T11:21:37,dl,ue2,3895879,1918537.8371028258,1.918538
2026-06-23T11:21:37,dl,ue3,3895889,1864136.970657754,1.864137
2026-06-23T11:21:37,dl,ue4,3895897,1925791.1612826968,1.925791
2026-06-23T11:21:37,dl,ue5,3896634,1853256.7685965537,1.853257
2026-06-23T11:21:37,dl,ue6,3896640,1842376.5665353537,1.842377
2026-06-23T11:21:37,dl,ue7,3896649,1951178.299425497,1.951178
2026-06-23T11:21:37,dl,ue8,3896659,1998325.8416906977,1.998326
2026-06-23T11:21:43,dl,cu_cp,3895621,429995.5766080132,0.429996
2026-06-23T11:21:43,dl,cu_up,3895650,710585.8674650681,0.710586
2026-06-23T11:21:43,dl,du1,3895811,4668002.835043759,4.668003
2026-06-23T11:21:43,dl,du2,3896570,4638850.7317266725,4.638851
2026-06-23T11:21:43,dl,ue1,3895871,1898539.767523992,1.898540
2026-06-23T11:21:43,dl,ue2,3895879,1916759.9401330126,1.916760
2026-06-23T11:21:43,dl,ue3,3895889,1873031.4970618058,1.873031
2026-06-23T11:21:43,dl,ue4,3895897,1949556.3084483647,1.949556
2026-06-23T11:21:43,dl,ue5,3896634,1862099.4223059511,1.862099
2026-06-23T11:21:43,dl,ue6,3896640,1843879.393744719,1.843879
2026-06-23T11:21:43,dl,ue7,3896649,1924047.89393839,1.924048
2026-06-23T11:21:43,dl,ue8,3896659,1960488.3832042194,1.960488
2026-06-23T11:21:48,dl,cu_cp,3895621,424426.00047142984,0.424426
2026-06-23T11:21:48,dl,cu_up,3895650,729142.0673841477,0.729142
2026-06-23T11:21:48,dl,du1,3895811,4654175.654588241,4.654176
2026-06-23T11:21:48,dl,du2,3896570,4607017.150108337,4.607017
2026-06-23T11:21:48,dl,ue1,3895871,1875454.9779359056,1.875455
2026-06-23T11:21:48,dl,ue2,3895879,1893592.7092411423,1.893593
2026-06-23T11:21:48,dl,ue3,3895889,1868199.856621933,1.868200
2026-06-23T11:21:48,dl,ue4,3895897,1951634.1116310882,1.951634
2026-06-23T11:21:48,dl,ue5,3896634,1839179.2274066543,1.839179
2026-06-23T11:21:48,dl,ue6,3896640,1828296.4734560014,1.828296
2026-06-23T11:21:48,dl,ue7,3896649,1922613.338456421,1.922613
2026-06-23T11:21:48,dl,ue8,3896659,1929868.4597703933,1.929868
2026-06-23T11:21:53,dl,cu_cp,3895621,423111.8098325569,0.423112
2026-06-23T11:21:53,dl,cu_up,3895650,734878.3970727479,0.734878
2026-06-23T11:21:53,dl,du1,3895811,4717325.522287655,4.717326
2026-06-23T11:21:53,dl,du2,3896570,4624538.004880037,4.624538
2026-06-23T11:21:53,dl,ue1,3895871,1885445.673181572,1.885446
2026-06-23T11:21:53,dl,ue2,3895879,1900291.6068113996,1.900292
2026-06-23T11:21:53,dl,ue3,3895889,1874311.0788854694,1.874311
2026-06-23T11:21:53,dl,ue4,3895897,1952252.6626632595,1.952253
2026-06-23T11:21:53,dl,ue5,3896634,1855753.5177744532,1.855754
2026-06-23T11:21:53,dl,ue6,3896640,1803792.4619225932,1.803792
2026-06-23T11:21:53,dl,ue7,3896649,1937406.729033432,1.937407
2026-06-23T11:21:53,dl,ue8,3896659,1941118.2124408889,1.941118
2026-06-23T11:21:59,dl,cu_cp,3895621,415006.78697608085,0.415007
2026-06-23T11:21:59,dl,cu_up,3895650,687725.5511894381,0.687726
2026-06-23T11:21:59,dl,du1,3895811,4636218.7400091,4.636219
2026-06-23T11:21:59,dl,du2,3896570,4612503.9617123725,4.612504
2026-06-23T11:21:59,dl,ue1,3895871,1897173.9243997121,1.897174
2026-06-23T11:21:59,dl,ue2,3895879,1901126.3395219338,1.901126
2026-06-23T11:21:59,dl,ue3,3895889,1877411.7050069047,1.877412
2026-06-23T11:21:59,dl,ue4,3895897,1920888.7026964403,1.920889
2026-06-23T11:21:59,dl,ue5,3896634,1833934.8510990678,1.833935
2026-06-23T11:21:59,dl,ue6,3896640,1826029.8770729257,1.826030
2026-06-23T11:21:59,dl,ue7,3896649,1897173.9243997121,1.897174
2026-06-23T11:21:59,dl,ue8,3896659,1948555.608551992,1.948556
2026-06-23T11:22:04,dl,cu_cp,3895621,423246.458917343,0.423246
2026-06-23T11:22:04,dl,cu_up,3895650,719914.4762400776,0.719914
2026-06-23T11:22:04,dl,du1,3895811,4651755.365826793,4.651755
2026-06-23T11:22:04,dl,du2,3896570,4671533.1278344635,4.671533
2026-06-23T11:22:04,dl,ue1,3895871,1874942.1696062256,1.874942
2026-06-23T11:22:04,dl,ue2,3895879,1910542.3720866037,1.910542
2026-06-23T11:22:04,dl,ue3,3895889,1886808.8556691492,1.886809
2026-06-23T11:22:04,dl,ue4,3895897,1965920.3365746522,1.965920
2026-06-23T11:22:04,dl,ue5,3896634,1855164.263306948,1.855164
2026-06-23T11:22:04,dl,ue6,3896640,1890764.465787326,1.890764
2026-06-23T11:22:04,dl,ue7,3896649,1886808.8556691492,1.886809
2026-06-23T11:22:04,dl,ue8,3896659,1906586.7619684266,1.906587
2026-06-23T11:22:10,dl,cu_cp,3895621,423648.9434102487,0.423649
2026-06-23T11:22:10,dl,cu_up,3895650,724558.4638870573,0.724558
2026-06-23T11:22:10,dl,du1,3895811,4640341.635997734,4.640342
2026-06-23T11:22:10,dl,du2,3896570,4612626.442715683,4.612626
2026-06-23T11:22:10,dl,ue1,3895871,1912359.1381799984,1.912359
2026-06-23T11:22:10,dl,ue2,3895879,1936115.2856071664,1.936115
2026-06-23T11:22:10,dl,ue3,3895889,1892562.6126993657,1.892563
2026-06-23T11:22:10,dl,ue4,3895897,1940074.6195078755,1.940075
2026-06-23T11:22:10,dl,ue5,3896634,1845050.4618679427,1.845050
2026-06-23T11:22:10,dl,ue6,3896640,1817335.2685858917,1.817335
2026-06-23T11:22:10,dl,ue7,3896649,1924237.2839050388,1.924237
2026-06-23T11:22:10,dl,ue8,3896659,1928196.473782835,1.928196
2026-06-23T11:22:15,dl,cu_cp,3895621,424359.19768153847,0.424359
2026-06-23T11:22:15,dl,cu_up,3895650,717841.2764574266,0.717841
2026-06-23T11:22:15,dl,du1,3895811,4644155.7079083035,4.644156
2026-06-23T11:22:15,dl,du2,3896570,4660019.304285085,4.660019
2026-06-23T11:22:15,dl,ue1,3895871,1891769.591560979,1.891770
2026-06-23T11:22:15,dl,ue2,3895879,1911599.5191726387,1.911600
2026-06-23T11:22:15,dl,ue3,3895889,1899701.5337962639,1.899702
2026-06-23T11:22:15,dl,ue4,3895897,1947293.1872079743,1.947293
2026-06-23T11:22:15,dl,ue5,3896634,1844177.9381492687,1.844178
2026-06-23T11:22:15,dl,ue6,3896640,1852109.8803845537,1.852110
2026-06-23T11:22:15,dl,ue7,3896649,1923497.3605021192,1.923497
2026-06-23T11:22:15,dl,ue8,3896659,1947293.1872079743,1.947293
2026-06-23T11:22:20,dl,cu_cp,3895621,422906.20256536873,0.422906
2026-06-23T11:22:20,dl,cu_up,3895650,723288.1308758372,0.723288
2026-06-23T11:22:20,dl,du1,3895811,4648015.831116404,4.648016
2026-06-23T11:22:20,dl,du2,3896570,4632206.098996639,4.632206
2026-06-23T11:22:20,dl,ue1,3895871,1861577.8497481907,1.861578
2026-06-23T11:22:20,dl,ue2,3895879,1901101.7489201236,1.901102
2026-06-23T11:22:20,dl,ue3,3895889,1885292.1605095183,1.885292
2026-06-23T11:22:20,dl,ue4,3895897,1936673.215062115,1.936673
2026-06-23T11:22:20,dl,ue5,3896634,1841815.8283076442,1.841816
2026-06-23T11:22:20,dl,ue6,3896640,1810196.6514864338,1.810197
2026-06-23T11:22:20,dl,ue7,3896649,1905054.038240905,1.905054
2026-06-23T11:22:20,dl,ue8,3896659,1905054.038240905,1.905054
2026-06-23T11:22:26,dl,cu_cp,3895621,413397.84352063714,0.413398
2026-06-23T11:22:26,dl,cu_up,3895650,697608.8406805765,0.697609
2026-06-23T11:22:26,dl,du1,3895811,4633500.902998581,4.633501
2026-06-23T11:22:26,dl,du2,3896570,4685175.5839129975,4.685176
2026-06-23T11:22:26,dl,ue1,3895871,1894740.221190691,1.894740
2026-06-23T11:22:26,dl,ue2,3895879,1911965.066803944,1.911965
2026-06-23T11:22:26,dl,ue3,3895889,1877515.231502781,1.877515
2026-06-23T11:22:26,dl,ue4,3895897,1937802.4072611523,1.937802
2026-06-23T11:22:26,dl,ue5,3896634,1808615.5609004544,1.808616
2026-06-23T11:22:26,dl,ue6,3896640,1825840.4065137077,1.825840
2026-06-23T11:22:26,dl,ue7,3896649,1911965.066803944,1.911965
2026-06-23T11:22:26,dl,ue8,3896659,1963639.6036437035,1.963640
2026-06-23T11:22:31,dl,cu_cp,3895621,424323.98474411486,0.424324
2026-06-23T11:22:31,dl,cu_up,3895650,733577.0486166286,0.733577
2026-06-23T11:22:31,dl,du1,3895811,4595644.290821028,4.595644
2026-06-23T11:22:31,dl,du2,3896570,4667563.97606492,4.667564
2026-06-23T11:22:31,dl,ue1,3895871,1898670.1943814182,1.898670
2026-06-23T11:22:31,dl,ue2,3895879,1884286.2573326398,1.884286
2026-06-23T11:22:31,dl,ue3,3895889,1862710.4956391286,1.862710
2026-06-23T11:22:31,dl,ue4,3895897,1920245.8121952724,1.920246
2026-06-23T11:22:31,dl,ue5,3896634,1848326.5585903502,1.848327
2026-06-23T11:22:31,dl,ue6,3896640,1812366.8598480606,1.812367
2026-06-23T11:22:31,dl,ue7,3896649,1920245.8121952724,1.920246
2026-06-23T11:22:31,dl,ue8,3896659,1934629.749244051,1.934630
2026-06-23T11:22:37,dl,cu_cp,3895621,421734.6674640536,0.421735
2026-06-23T11:22:37,dl,cu_up,3895650,688419.8015440834,0.688420
2026-06-23T11:22:37,dl,du1,3895811,4645283.095990005,4.645283
2026-06-23T11:22:37,dl,du2,3896570,4595667.6253500655,4.595668
2026-06-23T11:22:37,dl,ue1,3895871,1953623.8759140754,1.953624
2026-06-23T11:22:37,dl,ue2,3895879,1928815.9966384436,1.928816
2026-06-23T11:22:37,dl,ue3,3895889,1879200.0941315175,1.879200
2026-06-23T11:22:37,dl,ue4,3895897,1953623.8759140754,1.953624
2026-06-23T11:22:37,dl,ue5,3896634,1860594.1126969624,1.860594
2026-06-23T11:22:37,dl,ue6,3896640,1848190.1730591464,1.848190
2026-06-23T11:22:37,dl,ue7,3896649,1916412.0570006275,1.916412
2026-06-23T11:22:37,dl,ue8,3896659,1959825.9177108144,1.959826
2026-06-23T11:22:42,dl,cu_cp,3895621,421649.3840797806,0.421649
2026-06-23T11:22:42,dl,cu_up,3895650,705172.2656684875,0.705172
2026-06-23T11:22:42,dl,du1,3895811,4627238.409967747,4.627238
2026-06-23T11:22:42,dl,du2,3896570,4667222.731303825,4.667223
2026-06-23T11:22:42,dl,ue1,3895871,1915596.7757462168,1.915597
2026-06-23T11:22:42,dl,ue2,3895879,1886517.557578368,1.886518
2026-06-23T11:22:42,dl,ue3,3895889,1890152.6400108433,1.890153
2026-06-23T11:22:42,dl,ue4,3895897,1926501.5906560563,1.926502
2026-06-23T11:22:42,dl,ue5,3896634,1857438.3394105197,1.857438
2026-06-23T11:22:42,dl,ue6,3896640,1875612.8867977238,1.875613
2026-06-23T11:22:42,dl,ue7,3896649,1930136.5289593362,1.930137
2026-06-23T11:22:42,dl,ue8,3896659,1930136.5289593362,1.930137
2026-06-23T11:22:47,dl,cu_cp,3895621,429185.45568384917,0.429185
2026-06-23T11:22:47,dl,cu_up,3895650,727432.9487727428,0.727433
2026-06-23T11:22:47,dl,du1,3895811,4651933.682816706,4.651934
2026-06-23T11:22:47,dl,du2,3896570,4681031.023906424,4.681031
2026-06-23T11:22:47,dl,ue1,3895871,1931334.46019135,1.931334
2026-06-23T11:22:47,dl,ue2,3895879,1909511.6713003921,1.909512
2026-06-23T11:22:47,dl,ue3,3895889,1894962.856137979,1.894963
2026-06-23T11:22:47,dl,ue4,3895897,2022263.6149423313,2.022264
2026-06-23T11:22:47,dl,ue5,3896634,1851316.8445034015,1.851317
2026-06-23T11:22:47,dl,ue6,3896640,1869502.791147641,1.869503
2026-06-23T11:22:47,dl,ue7,3896649,1916785.9342640447,1.916786
2026-06-23T11:22:47,dl,ue8,3896659,1949520.2622180355,1.949520
2026-06-23T11:22:53,dl,cu_cp,3895621,422685.96117992105,0.422686
2026-06-23T11:22:53,dl,cu_up,3895650,699618.0954142755,0.699618
2026-06-23T11:22:53,dl,du1,3895811,4613107.062178705,4.613107
2026-06-23T11:22:53,dl,du2,3896570,4624038.665878599,4.624039
2026-06-23T11:22:53,dl,ue1,3895871,1913018.2487960886,1.913018
2026-06-23T11:22:53,dl,ue2,3895879,1887511.413780936,1.887511
2026-06-23T11:22:53,dl,ue3,3895889,1876579.954251802,1.876580
2026-06-23T11:22:53,dl,ue4,3895897,1985895.2703969418,1.985895
2026-06-23T11:22:53,dl,ue5,3896634,1851072.9750658893,1.851073
2026-06-23T11:22:53,dl,ue6,3896640,1854716.891022774,1.854717
2026-06-23T11:22:53,dl,ue7,3896649,1916662.1647529732,1.916662
2026-06-23T11:22:53,dl,ue8,3896659,1945813.0598957706,1.945813
2026-06-23T11:22:58,dl,cu_cp,3895621,421188.42704956414,0.421188
2026-06-23T11:22:58,dl,cu_up,3895650,699539.092712593,0.699539
2026-06-23T11:22:58,dl,du1,3895811,4717310.267537718,4.717310
2026-06-23T11:22:58,dl,du2,3896570,4607435.210742903,4.607435
2026-06-23T11:22:58,dl,ue1,3895871,1893516.6623606062,1.893517
2026-06-23T11:22:58,dl,ue2,3895879,1919154.1852308465,1.919154
2026-06-23T11:22:58,dl,ue3,3895889,1919154.1852308465,1.919154
2026-06-23T11:22:58,dl,ue4,3895897,1981416.967485609,1.981417
2026-06-23T11:22:58,dl,ue5,3896634,1849566.5819339799,1.849567
2026-06-23T11:22:58,dl,ue6,3896640,1834916.507034521,1.834917
2026-06-23T11:22:58,dl,ue7,3896649,1915491.7025739192,1.915492
2026-06-23T11:22:58,dl,ue8,3896659,1926479.1505447007,1.926479
2026-06-23T11:23:04,dl,cu_cp,3895621,423162.7295897484,0.423163
2026-06-23T11:23:04,dl,cu_up,3895650,727681.6391547204,0.727682
2026-06-23T11:23:04,dl,du1,3895811,4690382.630313721,4.690383
2026-06-23T11:23:04,dl,du2,3896570,4642925.246618729,4.642925
2026-06-23T11:23:04,dl,ue1,3895871,1906209.5779312134,1.906210
2026-06-23T11:23:04,dl,ue2,3895879,1910164.3839582824,1.910164
2026-06-23T11:23:04,dl,ue3,3895889,1882480.8860837175,1.882481
2026-06-23T11:23:04,dl,ue4,3895897,1945757.4938869858,1.945757
2026-06-23T11:23:04,dl,ue5,3896634,1862707.0002632905,1.862707
2026-06-23T11:23:04,dl,ue6,3896640,1835023.3580738069,1.835023
2026-06-23T11:23:04,dl,ue7,3896649,1886435.6921107864,1.886436
2026-06-23T11:23:04,dl,ue8,3896659,1933893.220120697,1.933893
2026-06-23T11:23:09,dl,cu_cp,3895621,420714.7322452992,0.420715
2026-06-23T11:23:09,dl,cu_up,3895650,718390.3027916818,0.718390
2026-06-23T11:23:09,dl,du1,3895811,4655644.993389499,4.655645
2026-06-23T11:23:09,dl,du2,3896570,4639769.317229283,4.639769
2026-06-23T11:23:09,dl,ue1,3895871,1909092.3683725714,1.909092
2026-06-23T11:23:09,dl,ue2,3895879,1901154.241486275,1.901154
2026-06-23T11:23:09,dl,ue3,3895889,1873371.3749966144,1.873371
2026-06-23T11:23:09,dl,ue4,3895897,1948782.4251916767,1.948782
2026-06-23T11:23:09,dl,ue5,3896634,1861464.329070264,1.861464
2026-06-23T11:23:09,dl,ue6,3896640,1837650.3816206574,1.837650
2026-06-23T11:23:09,dl,ue7,3896649,1909092.3683725714,1.909092
2026-06-23T11:23:09,dl,ue8,3896659,1952751.4886348248,1.952751
2026-06-23T11:23:15,dl,cu_cp,3895621,422467.9873000896,0.422468
2026-06-23T11:23:15,dl,cu_up,3895650,745297.3270172954,0.745297
2026-06-23T11:23:15,dl,du1,3895811,4694974.509537306,4.694975
2026-06-23T11:23:15,dl,du2,3896570,4698960.148049125,4.698960
2026-06-23T11:23:15,dl,ue1,3895871,1925019.2674685633,1.925019
2026-06-23T11:23:15,dl,ue2,3895879,1909077.0028228604,1.909077
2026-06-23T11:23:15,dl,ue3,3895889,1897120.2319881893,1.897120
2026-06-23T11:23:15,dl,ue4,3895897,1964874.6396812438,1.964875
2026-06-23T11:23:15,dl,ue5,3896634,1865235.99209836,1.865236
2026-06-23T11:23:15,dl,ue6,3896640,1857264.8597755088,1.857265
2026-06-23T11:23:15,dl,ue7,3896649,1936975.8936024464,1.936976
2026-06-23T11:23:15,dl,ue8,3896659,1964874.6396812438,1.964875
2026-06-23T11:23:20,dl,cu_cp,3895621,424956.3661744398,0.424956
2026-06-23T11:23:20,dl,cu_up,3895650,730766.055967924,0.730766
2026-06-23T11:23:20,dl,du1,3895811,4626861.602421748,4.626862
2026-06-23T11:23:20,dl,du2,3896570,4622889.688569455,4.622890
2026-06-23T11:23:20,dl,ue1,3895871,1906346.3896447718,1.906346
2026-06-23T11:23:20,dl,ue2,3895879,1918261.122150445,1.918261
2026-06-23T11:23:20,dl,ue3,3895889,1862659.2293242002,1.862659
2026-06-23T11:23:20,dl,ue4,3895897,1918261.122150445,1.918261
2026-06-23T11:23:20,dl,ue5,3896634,1846773.015416751,1.846773
2026-06-23T11:23:20,dl,ue6,3896640,1846773.015416751,1.846773
2026-06-23T11:23:20,dl,ue7,3896649,1922232.4594020485,1.922232
2026-06-23T11:23:20,dl,ue8,3896659,1961947.9941706718,1.961948
2026-06-23T11:23:25,dl,cu_cp,3895621,424197.81198655424,0.424198
2026-06-23T11:23:25,dl,cu_up,3895650,701710.4475443684,0.701710
2026-06-23T11:23:25,dl,du1,3895811,4606709.049468317,4.606709
2026-06-23T11:23:25,dl,du2,3896570,4634460.388882961,4.634460
2026-06-23T11:23:25,dl,ue1,3895871,1914836.9288737155,1.914837
2026-06-23T11:23:25,dl,ue2,3895879,1918801.3852910828,1.918801
2026-06-23T11:23:25,dl,ue3,3895889,1891050.1903695106,1.891050
2026-06-23T11:23:25,dl,ue4,3895897,1962410.5503751968,1.962411
2026-06-23T11:23:25,dl,ue5,3896634,1843476.5688680292,1.843477
2026-06-23T11:23:25,dl,ue6,3896640,1883121.1330417036,1.883121
2026-06-23T11:23:25,dl,ue7,3896649,1902943.559621613,1.902944
2026-06-23T11:23:25,dl,ue8,3896659,1946552.580212655,1.946553
2026-06-23T11:23:31,dl,cu_cp,3895621,429762.5352496374,0.429763
2026-06-23T11:23:31,dl,cu_up,3895650,724697.6567083693,0.724698
2026-06-23T11:23:31,dl,du1,3895811,4651547.729838195,4.651548
2026-06-23T11:23:31,dl,du2,3896570,4685254.402355185,4.685254
2026-06-23T11:23:31,dl,ue1,3895871,1896011.2572971655,1.896011
2026-06-23T11:23:31,dl,ue2,3895879,1896011.2572971655,1.896011
2026-06-23T11:23:31,dl,ue3,3895889,1879157.7762940812,1.879158
2026-06-23T11:23:31,dl,ue4,3895897,1997131.8538264919,1.997132
2026-06-23T11:23:31,dl,ue5,3896634,1845450.9590325023,1.845451
2026-06-23T11:23:31,dl,ue6,3896640,1862304.295290997,1.862304
2026-06-23T11:23:31,dl,ue7,3896649,1912864.5935556602,1.912865
2026-06-23T11:23:31,dl,ue8,3896659,1954998.2960633708,1.954998
2026-06-23T11:23:36,dl,cu_cp,3895621,437130.36837253155,0.437130
2026-06-23T11:23:36,dl,cu_up,3895650,745271.4156074828,0.745271
2026-06-23T11:23:36,dl,du1,3895811,4786935.723092315,4.786936
2026-06-23T11:23:36,dl,du2,3896570,4708109.169634309,4.708109
2026-06-23T11:23:36,dl,ue1,3895871,1949171.528593029,1.949172
2026-06-23T11:23:36,dl,ue2,3895879,1992167.8964282656,1.992168
2026-06-23T11:23:36,dl,ue3,3895889,1891842.941420771,1.891843
2026-06-23T11:23:36,dl,ue4,3895897,2027998.2271389484,2.027998
2026-06-23T11:23:36,dl,ue5,3896634,1870344.6849591958,1.870345
2026-06-23T11:23:36,dl,ue6,3896640,1870344.6849591958,1.870345
2026-06-23T11:23:36,dl,ue7,3896649,1927673.417219367,1.927673
2026-06-23T11:23:36,dl,ue8,3896659,1970669.7850546038,1.970670
2026-06-23T11:23:42,dl,cu_cp,3895621,412811.9643849766,0.412812
2026-06-23T11:23:42,dl,cu_up,3895650,714719.2531903606,0.714719
2026-06-23T11:23:42,dl,du1,3895811,4633352.399992683,4.633352
2026-06-23T11:23:42,dl,du2,3896570,4627191.081303892,4.627191
2026-06-23T11:23:42,dl,ue1,3895871,1903864.235611365,1.903864
2026-06-23T11:23:42,dl,ue2,3895879,1916186.8729889465,1.916187
2026-06-23T11:23:42,dl,ue3,3895889,1885379.990566113,1.885380
2026-06-23T11:23:42,dl,ue4,3895897,1959316.5372788012,1.959317
2026-06-23T11:23:42,dl,ue5,3896634,1860734.57132151,1.860735
2026-06-23T11:23:42,dl,ue6,3896640,1805282.2696540738,1.805282
2026-06-23T11:23:42,dl,ue7,3896649,1922348.1916777373,1.922348
2026-06-23T11:23:42,dl,ue8,3896659,1953155.2185900104,1.953155
2026-06-23T11:23:47,dl,cu_cp,3895621,423196.76626426843,0.423197
2026-06-23T11:23:47,dl,cu_up,3895650,716179.1262247753,0.716179
2026-06-23T11:23:47,dl,du1,3895811,4575588.73346313,4.575589
2026-06-23T11:23:47,dl,du2,3896570,4640696.189655475,4.640696
2026-06-23T11:23:47,dl,ue1,3895871,1880874.500664021,1.880875
2026-06-23T11:23:47,dl,ue2,3895879,1906194.0187628602,1.906194
2026-06-23T11:23:47,dl,ue3,3895889,1891725.5987681937,1.891726
2026-06-23T11:23:47,dl,ue4,3895897,1938747.4576699305,1.938747
2026-06-23T11:23:47,dl,ue5,3896634,1844703.8844610082,1.844704
2026-06-23T11:23:47,dl,ue6,3896640,1837469.6744636751,1.837470
2026-06-23T11:23:47,dl,ue7,3896649,1924279.1822698151,1.924279
2026-06-23T11:23:47,dl,ue8,3896659,1953215.7330700457,1.953216
2026-06-23T11:23:52,dl,cu_cp,3895621,426858.50390031934,0.426859
2026-06-23T11:23:52,dl,cu_up,3895650,718727.5725641191,0.718728
2026-06-23T11:23:52,dl,du1,3895811,4633421.338750992,4.633421
2026-06-23T11:23:52,dl,du2,3896570,4651662.9300302835,4.651663
2026-06-23T11:23:52,dl,ue1,3895871,1886203.9193832206,1.886204
2026-06-23T11:23:52,dl,ue2,3895879,1886203.9193832206,1.886204
2026-06-23T11:23:52,dl,ue3,3895889,1893500.5558949376,1.893501
2026-06-23T11:23:52,dl,ue4,3895897,1948226.0513718391,1.948226
2026-06-23T11:23:52,dl,ue5,3896634,1857016.9403529381,1.857017
2026-06-23T11:23:52,dl,ue6,3896640,1842423.5230016995,1.842424
2026-06-23T11:23:52,dl,ue7,3896649,1919039.0723415567,1.919039
2026-06-23T11:23:52,dl,ue8,3896659,1951874.3696276974,1.951874
2026-06-23T11:23:58,dl,cu_cp,3895621,421729.134665699,0.421729
2026-06-23T11:23:58,dl,cu_up,3895650,722440.3110283518,0.722440
2026-06-23T11:23:58,dl,du1,3895811,4646354.780305271,4.646355
2026-06-23T11:23:58,dl,du2,3896570,4672025.694640212,4.672026
2026-06-23T11:23:58,dl,ue1,3895871,1899614.8253906083,1.899615
2026-06-23T11:23:58,dl,ue2,3895879,1910616.2738644814,1.910616
2026-06-23T11:23:58,dl,ue3,3895889,1899614.8253906083,1.899615
2026-06-23T11:23:58,dl,ue4,3895897,1932619.4601108623,1.932619
2026-06-23T11:23:58,dl,ue5,3896634,1837272.1268441223,1.837272
2026-06-23T11:23:58,dl,ue6,3896640,1855608.1635992122,1.855608
2026-06-23T11:23:58,dl,ue7,3896649,1914283.5680050896,1.914284
2026-06-23T11:23:58,dl,ue8,3896659,1961957.379287777,1.961957
2026-06-23T11:24:03,dl,cu_cp,3895621,420775.04505803884,0.420775
2026-06-23T11:24:03,dl,cu_up,3895650,735441.5731879771,0.735442
2026-06-23T11:24:03,dl,du1,3895811,4584618.270468879,4.584618
2026-06-23T11:24:03,dl,du2,3896570,4617548.499860358,4.617548
2026-06-23T11:24:03,dl,ue1,3895871,1917270.5559792996,1.917271
2026-06-23T11:24:03,dl,ue2,3895879,1920929.3259860873,1.920929
2026-06-23T11:24:03,dl,ue3,3895889,1873363.583457327,1.873364
2026-06-23T11:24:03,dl,ue4,3895897,1928247.2991097928,1.928247
2026-06-23T11:24:03,dl,ue5,3896634,1851410.0971963406,1.851410
2026-06-23T11:24:03,dl,ue6,3896640,1822138.782181692,1.822139
2026-06-23T11:24:03,dl,ue7,3896649,1913611.6416024684,1.913612
2026-06-23T11:24:03,dl,ue8,3896659,1953859.6997476101,1.953860
2026-06-23T11:24:09,dl,cu_cp,3895621,414850.8133464396,0.414851
2026-06-23T11:24:09,dl,cu_up,3895650,683516.0710406828,0.683516
2026-06-23T11:24:09,dl,du1,3895811,4610770.29295754,4.610770
2026-06-23T11:24:09,dl,du2,3896570,4571260.753584781,4.571261
2026-06-23T11:24:09,dl,ue1,3895871,1912264.6808879543,1.912265
2026-06-23T11:24:09,dl,ue2,3895879,1888559.0439219617,1.888559
2026-06-23T11:24:09,dl,ue3,3895889,1900411.790190239,1.900412
2026-06-23T11:24:09,dl,ue4,3895897,1904362.8018992902,1.904363
2026-06-23T11:24:09,dl,ue5,3896634,1849049.3601197647,1.849049
2026-06-23T11:24:09,dl,ue6,3896640,1825343.5787243342,1.825344
2026-06-23T11:24:09,dl,ue7,3896649,1912264.6808879543,1.912265
2026-06-23T11:24:09,dl,ue8,3896659,1947823.4974105381,1.947823
2026-06-23T11:24:14,dl,cu_cp,3895621,421496.0822663605,0.421496
2026-06-23T11:24:14,dl,cu_up,3895650,731653.5712997675,0.731654
2026-06-23T11:24:14,dl,du1,3895811,4672244.612444544,4.672245
2026-06-23T11:24:14,dl,du2,3896570,4723937.279901838,4.723937
2026-06-23T11:24:14,dl,ue1,3895871,1924567.0185068608,1.924567
2026-06-23T11:24:14,dl,ue2,3895879,1972283.5274333954,1.972284
2026-06-23T11:24:14,dl,ue3,3895889,1888779.7092163325,1.888780
2026-06-23T11:24:14,dl,ue4,3895897,1948425.4177788734,1.948425
2026-06-23T11:24:14,dl,ue5,3896634,1868897.7580925704,1.868898
2026-06-23T11:24:14,dl,ue6,3896640,1856968.7032653093,1.856969
2026-06-23T11:24:14,dl,ue7,3896649,1924567.0185068608,1.924567
2026-06-23T11:24:14,dl,ue8,3896659,2027953.0774651766,2.027953
2026-06-23T11:24:20,dl,cu_cp,3895621,422460.4512572962,0.422460
2026-06-23T11:24:20,dl,cu_up,3895650,725356.6499372602,0.725357
2026-06-23T11:24:20,dl,du1,3895811,4674963.570733841,4.674964
2026-06-23T11:24:20,dl,du2,3896570,4782570.976100133,4.782571
2026-06-23T11:24:20,dl,ue1,3895871,1913028.4777407371,1.913028
2026-06-23T11:24:20,dl,ue2,3895879,1905057.6342697514,1.905058
2026-06-23T11:24:20,dl,ue3,3895889,1917013.8994762301,1.917014
2026-06-23T11:24:20,dl,ue4,3895897,1936941.444657116,1.936941
2026-06-23T11:24:20,dl,ue5,3896634,1849260.856966008,1.849261
2026-06-23T11:24:20,dl,ue6,3896640,1901072.067033118,1.901072
2026-06-23T11:24:20,dl,ue7,3896649,1940926.7208914685,1.940927
2026-06-23T11:24:20,dl,ue8,3896659,2064476.540705434,2.064477
2026-06-23T11:24:25,dl,cu_cp,3895621,415539.14529561996,0.415539
2026-06-23T11:24:25,dl,cu_up,3895650,692565.2421593666,0.692565
2026-06-23T11:24:25,dl,du1,3895811,4646123.313506126,4.646123
2026-06-23T11:24:25,dl,du2,3896570,4657995.839898109,4.657996
2026-06-23T11:24:25,dl,ue1,3895871,1863989.818476677,1.863990
2026-06-23T11:24:25,dl,ue2,3895879,1887734.871260643,1.887735
2026-06-23T11:24:25,dl,ue3,3895889,1883777.4586734772,1.883777
2026-06-23T11:24:25,dl,ue4,3895897,1907522.5114574432,1.907523
2026-06-23T11:24:25,dl,ue5,3896634,1856074.7046718597,1.856075
2026-06-23T11:24:25,dl,ue6,3896640,1836287.2087903023,1.836287
2026-06-23T11:24:25,dl,ue7,3896649,1907522.5114574432,1.907523
2026-06-23T11:24:25,dl,ue8,3896659,1943140.0906333923,1.943140
2026-06-23T11:24:30,dl,cu_cp,3895621,418827.931025598,0.418828
2026-06-23T11:24:30,dl,cu_up,3895650,733946.0845086443,0.733946
2026-06-23T11:24:30,dl,du1,3895811,4686883.948590989,4.686884
2026-06-23T11:24:30,dl,du2,3896570,4726772.1571448995,4.726772
2026-06-23T11:24:30,dl,ue1,3895871,1902675.383464451,1.902675
2026-06-23T11:24:30,dl,ue2,3895879,1894697.7417536688,1.894698
2026-06-23T11:24:30,dl,ue3,3895889,1926608.453697592,1.926608
2026-06-23T11:24:30,dl,ue4,3895897,1950541.523930733,1.950542
2026-06-23T11:24:30,dl,ue5,3896634,1882731.2791874958,1.882731
2026-06-23T11:24:30,dl,ue6,3896640,1874753.4923759187,1.874753
2026-06-23T11:24:30,dl,ue7,3896649,1930597.129452188,1.930597
2026-06-23T11:24:30,dl,ue8,3896659,2010373.9818623937,2.010374
2026-06-23T11:24:36,dl,cu_cp,3895621,421239.4866496229,0.421239
2026-06-23T11:24:36,dl,cu_up,3895650,713528.0908805549,0.713528
2026-06-23T11:24:36,dl,du1,3895811,4642230.900514555,4.642231
2026-06-23T11:24:36,dl,du2,3896570,4702408.176359339,4.702408
2026-06-23T11:24:36,dl,ue1,3895871,1891279.2718125654,1.891279
2026-06-23T11:24:36,dl,ue2,3895879,1882682.580017476,1.882683
2026-06-23T11:24:36,dl,ue3,3895889,1874085.8882223868,1.874086
2026-06-23T11:24:36,dl,ue4,3895897,1874085.8882223868,1.874086
2026-06-23T11:24:36,dl,ue5,3896634,1856892.360205822,1.856892
2026-06-23T11:24:36,dl,ue6,3896640,1831102.2848205543,1.831102
2026-06-23T11:24:36,dl,ue7,3896649,1942859.5670094872,1.942860
2026-06-23T11:24:36,dl,ue8,3896659,1968649.9312475277,1.968650
2026-06-23T11:24:41,dl,cu_cp,3895621,418351.50348296645,0.418352
2026-06-23T11:24:41,dl,cu_up,3895650,757360.474230504,0.757360
2026-06-23T11:24:41,dl,du1,3895811,4681208.638637371,4.681209
2026-06-23T11:24:41,dl,du2,3896570,4673996.028354854,4.673996
2026-06-23T11:24:41,dl,ue1,3895871,1889794.5561269855,1.889795
2026-06-23T11:24:41,dl,ue2,3895879,1889794.5561269855,1.889795
2026-06-23T11:24:41,dl,ue3,3895889,1889794.5561269855,1.889795
2026-06-23T11:24:41,dl,ue4,3895897,1940285.2784318351,1.940285
2026-06-23T11:24:41,dl,ue5,3896634,1853729.9192085457,1.853730
2026-06-23T11:24:41,dl,ue6,3896640,1781600.2129609776,1.781600
2026-06-23T11:24:41,dl,ue7,3896649,1897007.5988201904,1.897008
2026-06-23T11:24:41,dl,ue8,3896659,1933072.3798755265,1.933072
2026-06-23T11:24:47,dl,cu_cp,3895621,419364.4975447521,0.419364
2026-06-23T11:24:47,dl,cu_up,3895650,703052.2448217863,0.703052
2026-06-23T11:24:47,dl,du1,3895811,4625343.864174407,4.625344
2026-06-23T11:24:47,dl,du2,3896570,4625343.864174407,4.625344
2026-06-23T11:24:47,dl,ue1,3895871,1843970.3392456556,1.843970
2026-06-23T11:24:47,dl,ue2,3895879,1893307.3262120497,1.893307
2026-06-23T11:24:47,dl,ue3,3895889,1880973.115580585,1.880973
2026-06-23T11:24:47,dl,ue4,3895897,1930310.1025469792,1.930310
2026-06-23T11:24:47,dl,ue5,3896634,1850137.5167816556,1.850138
2026-06-23T11:24:47,dl,ue6,3896640,1806967.562910726,1.806968
2026-06-23T11:24:47,dl,ue7,3896649,1917975.7474749791,1.917976
2026-06-23T11:24:47,dl,ue8,3896659,1967312.8788819087,1.967313
2026-06-23T11:24:52,dl,cu_cp,3895621,413345.01366295514,0.413345
2026-06-23T11:24:52,dl,cu_up,3895650,684031.1005456478,0.684031
2026-06-23T11:24:52,dl,du1,3895811,4634585.242332208,4.634585
2026-06-23T11:24:52,dl,du2,3896570,4737007.028474415,4.737007
2026-06-23T11:24:52,dl,ue1,3895871,1920408.199865055,1.920408
2026-06-23T11:24:52,dl,ue2,3895879,1920408.199865055,1.920408
2026-06-23T11:24:52,dl,ue3,3895889,1913092.4616767943,1.913092
2026-06-23T11:24:52,dl,ue4,3895897,1967961.1512667001,1.967961
2026-06-23T11:24:52,dl,ue5,3896634,1869197.306793952,1.869197
2026-06-23T11:24:52,dl,ue6,3896640,1905776.4331872226,1.905776
2026-06-23T11:24:52,dl,ue7,3896649,1949671.5880700648,1.949672
2026-06-23T11:24:52,dl,ue8,3896659,1953329.5297395228,1.953330
2026-06-23T11:24:57,dl,cu_cp,3895621,429869.42448503256,0.429869
2026-06-23T11:24:57,dl,cu_up,3895650,703091.5501404691,0.703092
2026-06-23T11:24:57,dl,du1,3895811,4735849.79102499,4.735850
2026-06-23T11:24:57,dl,du2,3896570,4655704.556765547,4.655705
2026-06-23T11:24:57,dl,ue1,3895871,1938055.3984644795,1.938055
2026-06-23T11:24:57,dl,ue2,3895879,1948984.3995914697,1.948984
2026-06-23T11:24:57,dl,ue3,3895889,1879768.1664590167,1.879768
2026-06-23T11:24:57,dl,ue4,3895897,1992699.9687215327,1.992700
2026-06-23T11:24:57,dl,ue5,3896634,1865196.2133316852,1.865196
2026-06-23T11:24:57,dl,ue6,3896640,1861553.2613313436,1.861553
2026-06-23T11:24:57,dl,ue7,3896649,1934412.5915901042,1.934413
2026-06-23T11:24:57,dl,ue8,3896659,1945341.4475911283,1.945341
2026-06-23T11:25:03,dl,cu_cp,3895621,419460.6111468673,0.419461
2026-06-23T11:25:03,dl,cu_up,3895650,725849.2573373318,0.725849
2026-06-23T11:25:03,dl,du1,3895811,4657836.653628111,4.657837
2026-06-23T11:25:03,dl,du2,3896570,4727138.905296326,4.727139
2026-06-23T11:25:03,dl,ue1,3895871,1918576.375696063,1.918576
2026-06-23T11:25:03,dl,ue2,3895879,1933166.3768918514,1.933166
2026-06-23T11:25:03,dl,ue3,3895889,1885749.054442525,1.885749
2026-06-23T11:25:03,dl,ue4,3895897,1969641.1621569395,1.969641
2026-06-23T11:25:03,dl,ue5,3896634,1863864.1252236366,1.863864
2026-06-23T11:25:03,dl,ue6,3896640,1852921.7331889868,1.852922
2026-06-23T11:25:03,dl,ue7,3896649,1965993.8432949781,1.965994
2026-06-23T11:25:03,dl,ue8,3896659,1940461.3049149513,1.940461
2026-06-23T11:25:08,dl,cu_cp,3895621,416403.80146036146,0.416404
2026-06-23T11:25:08,dl,cu_up,3895650,700147.9898788119,0.700148
2026-06-23T11:25:08,dl,du1,3895811,4665196.874338088,4.665197
2026-06-23T11:25:08,dl,du2,3896570,4639402.158604431,4.639402
2026-06-23T11:25:08,dl,ue1,3895871,1930934.5766345323,1.930935
2026-06-23T11:25:08,dl,ue2,3895879,1927249.5552257537,1.927250
2026-06-23T11:25:08,dl,ue3,3895889,1875659.689630648,1.875660
2026-06-23T11:25:08,dl,ue4,3895897,1930934.5766345323,1.930935
2026-06-23T11:25:08,dl,ue5,3896634,1860919.7487047983,1.860920
2026-06-23T11:25:08,dl,ue6,3896640,1853549.7058872413,1.853550
2026-06-23T11:25:08,dl,ue7,3896649,1916194.6357086825,1.916195
2026-06-23T11:25:08,dl,ue8,3896659,1941989.4961516035,1.941989
2026-06-23T11:25:14,dl,cu_cp,3895621,415742.1223564935,0.415742
2026-06-23T11:25:14,dl,cu_up,3895650,716660.2399768115,0.716660
2026-06-23T11:25:14,dl,du1,3895811,4644433.309098377,4.644433
2026-06-23T11:25:14,dl,du2,3896570,4668189.999733448,4.668190
2026-06-23T11:25:14,dl,ue1,3895871,1912413.7410942174,1.912414
2026-06-23T11:25:14,dl,ue2,3895879,1932210.8383190918,1.932211
2026-06-23T11:25:14,dl,ue3,3895889,1872819.2567024326,1.872819
2026-06-23T11:25:14,dl,ue4,3895897,1983683.668028412,1.983684
2026-06-23T11:25:14,dl,ue5,3896634,1849062.5660673617,1.849063
2026-06-23T11:25:14,dl,ue6,3896640,1813427.3851437378,1.813427
2026-06-23T11:25:14,dl,ue7,3896649,1904494.6992448426,1.904495
2026-06-23T11:25:14,dl,ue8,3896659,1971805.4676818943,1.971805
2026-06-23T11:25:19,dl,cu_cp,3895621,412687.728198404,0.412688
2026-06-23T11:25:19,dl,cu_up,3895650,734107.9971466362,0.734108
2026-06-23T11:25:19,dl,du1,3895811,4626864.254644377,4.626864
2026-06-23T11:25:19,dl,du2,3896570,4634800.900934901,4.634801
2026-06-23T11:25:19,dl,ue1,3895871,1900744.4352427924,1.900744
2026-06-23T11:25:19,dl,ue2,3895879,1916617.2943957471,1.916617
2026-06-23T11:25:19,dl,ue3,3895889,1829317.7971007598,1.829318
2026-06-23T11:25:19,dl,ue4,3895897,1972171.217860856,1.972171
2026-06-23T11:25:19,dl,ue5,3896634,1849158.5459708835,1.849159
2026-06-23T11:25:19,dl,ue6,3896640,1845190.3673016524,1.845190
2026-06-23T11:25:19,dl,ue7,3896649,1916617.2943957471,1.916617
2026-06-23T11:25:19,dl,ue8,3896659,1952330.6134667634,1.952331
2026-06-23T11:25:25,dl,cu_cp,3895621,421121.4042646587,0.421121
2026-06-23T11:25:25,dl,cu_up,3895650,727030.3969439864,0.727030
2026-06-23T11:25:25,dl,du1,3895811,4628362.626317501,4.628363
2026-06-23T11:25:25,dl,du2,3896570,4656172.478891373,4.656172
2026-06-23T11:25:25,dl,ue1,3895871,1914910.4402292967,1.914910
2026-06-23T11:25:25,dl,ue2,3895879,1895046.301121354,1.895046
2026-06-23T11:25:25,dl,ue3,3895889,1899019.1578543186,1.899019
2026-06-23T11:25:25,dl,ue4,3895897,1954639.0075589418,1.954639
2026-06-23T11:25:25,dl,ue5,3896634,1851345.0216156244,1.851345
2026-06-23T11:25:25,dl,ue6,3896640,1847372.16488266,1.847372
2026-06-23T11:25:25,dl,ue7,3896649,1902991.8700304031,1.902992
2026-06-23T11:25:25,dl,ue8,3896659,1938747.5806270838,1.938748
2026-06-23T11:25:30,dl,cu_cp,3895621,420358.6003056073,0.420359
2026-06-23T11:25:30,dl,cu_up,3895650,736628.3621938062,0.736628
2026-06-23T11:25:30,dl,du1,3895811,4732036.47074873,4.732036
2026-06-23T11:25:30,dl,du2,3896570,4720026.513174477,4.720027
2026-06-23T11:25:30,dl,ue1,3895871,1921639.0669212532,1.921639
2026-06-23T11:25:30,dl,ue2,3895879,1921639.0669212532,1.921639
2026-06-23T11:25:30,dl,ue3,3895889,1913632.428538418,1.913632
2026-06-23T11:25:30,dl,ue4,3895897,1973683.5224076796,1.973684
2026-06-23T11:25:30,dl,ue5,3896634,1857584.5087496853,1.857585
2026-06-23T11:25:30,dl,ue6,3896640,1865591.4373542976,1.865591
2026-06-23T11:25:30,dl,ue7,3896649,1933649.4598281716,1.933649
2026-06-23T11:25:30,dl,ue8,3896659,1965676.8840248443,1.965677
2026-06-23T11:25:35,dl,cu_cp,3895621,330624.84313990833,0.330625
2026-06-23T11:25:35,dl,cu_up,3895650,338890.4626987672,0.338890
2026-06-23T11:25:35,dl,du1,3895811,3000420.6292924117,3.000421
2026-06-23T11:25:35,dl,du2,3896570,3083076.8248810004,3.083077
2026-06-23T11:25:35,dl,ue1,3895871,876155.8555957008,0.876156
2026-06-23T11:25:35,dl,ue2,3895879,826562.1382425475,0.826562
2026-06-23T11:25:35,dl,ue3,3895889,810030.8383392763,0.810031
2026-06-23T11:25:35,dl,ue4,3895897,834827.7578014064,0.834828
2026-06-23T11:25:35,dl,ue5,3896634,826562.1382425475,0.826562
2026-06-23T11:25:35,dl,ue6,3896640,834827.7578014064,0.834828
2026-06-23T11:25:35,dl,ue7,3896649,818296.5186836886,0.818297
2026-06-23T11:25:35,dl,ue8,3896659,851359.0577046776,0.851359
2026-06-23T11:25:41,dl,cu_cp,3895621,342858.02813767997,0.342858
2026-06-23T11:25:41,dl,cu_up,3895650,322286.52282948943,0.322287
2026-06-23T11:25:41,dl,du1,3895811,3078865.115085018,3.078865
2026-06-23T11:25:41,dl,du2,3896570,3072007.825521109,3.072008
2026-06-23T11:25:41,dl,ue1,3895871,864002.1933573217,0.864002
2026-06-23T11:25:41,dl,ue2,3895879,857145.0249212581,0.857145
2026-06-23T11:25:41,dl,ue3,3895889,836573.5196130675,0.836574
2026-06-23T11:25:41,dl,ue4,3895897,836573.5196130675,0.836574
2026-06-23T11:25:41,dl,ue5,3896634,850287.8564851945,0.850288
2026-06-23T11:25:41,dl,ue6,3896640,843430.6880491311,0.843431
2026-06-23T11:25:41,dl,ue7,3896649,843430.6880491311,0.843431
2026-06-23T11:25:41,dl,ue8,3896659,850287.8564851945,0.850288
2026-06-23T11:25:46,dl,cu_cp,3895621,332906.9553563488,0.332907
2026-06-23T11:25:46,dl,cu_up,3895650,338747.4160112327,0.338747
2026-06-23T11:25:46,dl,du1,3895811,3095450.7631796263,3.095451
2026-06-23T11:25:46,dl,du2,3896570,3095450.7631796263,3.095451
2026-06-23T11:25:46,dl,ue1,3895871,841028.0945477188,0.841028
2026-06-23T11:25:46,dl,ue2,3895879,841028.0945477188,0.841028
2026-06-23T11:25:46,dl,ue3,3895889,835187.603543793,0.835188
2026-06-23T11:25:46,dl,ue4,3895897,805985.2699203312,0.805985
2026-06-23T11:25:46,dl,ue5,3896634,846868.5855516446,0.846869
2026-06-23T11:25:46,dl,ue6,3896640,858549.5675594962,0.858550
2026-06-23T11:25:46,dl,ue7,3896649,846868.5855516446,0.846869
2026-06-23T11:25:46,dl,ue8,3896659,841028.0945477188,0.841028
2026-06-23T11:25:52,ul,cu_cp,3895621,335095.58556150674,0.335096
2026-06-23T11:25:52,ul,cu_up,3895650,319863.99269717484,0.319864
2026-06-23T11:25:52,ul,du1,3895811,3086941.0568480804,3.086941
2026-06-23T11:25:52,ul,du2,3896570,3036169.100727944,3.036169
2026-06-23T11:25:52,ul,ue1,3895871,852970.5869095545,0.852971
2026-06-23T11:25:52,ul,ue2,3895879,842816.2318552744,0.842816
2026-06-23T11:25:52,ul,ue3,3895889,832661.756235171,0.832662
2026-06-23T11:25:52,ul,ue4,3895897,817430.1332293833,0.817430
2026-06-23T11:25:52,ul,ue5,3896634,786966.9475007195,0.786967
2026-06-23T11:25:52,ul,ue6,3896640,832661.756235171,0.832662
2026-06-23T11:25:52,ul,ue7,3896649,812352.9255607873,0.812353
2026-06-23T11:25:52,ul,ue8,3896659,842816.2318552744,0.842816
2026-06-23T11:25:57,ul,cu_cp,3895621,370262.5264805174,0.370263
2026-06-23T11:25:57,ul,cu_up,3895650,403321.6829657221,0.403322
2026-06-23T11:25:57,ul,du1,3895811,3738990.2584775733,3.738990
2026-06-23T11:25:57,ul,du2,3896570,3781967.1880621146,3.781967
2026-06-23T11:25:57,ul,ue1,3895871,1262859.620812168,1.262860
2026-06-23T11:25:57,ul,ue2,3895879,1259553.7836249734,1.259554
2026-06-23T11:25:57,ul,ue3,3895889,1223188.6591836978,1.223189
2026-06-23T11:25:57,ul,ue4,3895897,1256247.8156689024,1.256248
2026-06-23T11:25:57,ul,ue5,3896634,1229800.5950958396,1.229801
2026-06-23T11:25:57,ul,ue6,3896640,1226494.6271397686,1.226495
2026-06-23T11:25:57,ul,ue7,3896649,1269471.4259554339,1.269471
2026-06-23T11:25:57,ul,ue8,3896659,1236412.4002391053,1.236412
2026-06-23T11:26:02,ul,cu_cp,3895621,379006.3500204608,0.379006
2026-06-23T11:26:02,ul,cu_up,3895650,426382.13116832974,0.426382
2026-06-23T11:26:02,ul,du1,3895811,3969414.774931371,3.969415
2026-06-23T11:26:02,ul,du2,3896570,3999870.660650539,3.999871
2026-06-23T11:26:02,ul,ue1,3895871,1434809.7944640697,1.434810
2026-06-23T11:26:02,ul,ue2,3895879,1421273.770561099,1.421274
2026-06-23T11:26:02,ul,ue3,3895889,1421273.770561099,1.421274
2026-06-23T11:26:02,ul,ue4,3895897,1421273.770561099,1.421274
2026-06-23T11:26:02,ul,ue5,3896634,1390817.8848419308,1.390818
2026-06-23T11:26:02,ul,ue6,3896640,1380665.9677522122,1.380666
2026-06-23T11:26:02,ul,ue7,3896649,1465265.680183238,1.465266
2026-06-23T11:26:02,ul,ue8,3896659,1448345.6839170277,1.448346
2026-06-23T11:26:08,ul,cu_cp,3895621,374501.4103659034,0.374501
2026-06-23T11:26:08,ul,cu_up,3895650,425109.6964533329,0.425110
2026-06-23T11:26:08,ul,du1,3895811,3967690.322480774,3.967690
2026-06-23T11:26:08,ul,du2,3896570,4001429.3798415186,4.001429
2026-06-23T11:26:08,ul,ue1,3895871,1433901.6724411487,1.433902
2026-06-23T11:26:08,ul,ue2,3895879,1440649.5639009476,1.440650
2026-06-23T11:26:08,ul,ue3,3895889,1420406.156147051,1.420406
2026-06-23T11:26:08,ul,ue4,3895897,1447397.1887352467,1.447397
2026-06-23T11:26:08,ul,ue5,3896634,1410284.5189264775,1.410285
2026-06-23T11:26:08,ul,ue6,3896640,1379919.6072647572,1.379920
2026-06-23T11:26:08,ul,ue7,3896649,1444023.442974472,1.444023
2026-06-23T11:26:08,ul,ue8,3896659,1417032.4103862762,1.417032
2026-06-23T11:26:13,ul,cu_cp,3895621,373594.92144572496,0.373595
2026-06-23T11:26:13,ul,cu_up,3895650,417349.2914717078,0.417349
2026-06-23T11:26:13,ul,du1,3895811,3954720.931970234,3.954721
2026-06-23T11:26:13,ul,du2,3896570,4011938.241188297,4.011938
2026-06-23T11:26:13,ul,ue1,3895871,1420333.8186145497,1.420334
2026-06-23T11:26:13,ul,ue2,3895879,1450625.249448452,1.450625
2026-06-23T11:26:13,ul,ue3,3895889,1403505.2606642628,1.403505
2026-06-23T11:26:13,ul,ue4,3895897,1450625.249448452,1.450625
2026-06-23T11:26:13,ul,ue5,3896634,1400139.4429806613,1.400139
2026-06-23T11:26:13,ul,ue6,3896640,1386676.570097046,1.386677
2026-06-23T11:26:13,ul,ue7,3896649,1427065.3213648223,1.427065
2026-06-23T11:26:13,ul,ue8,3896659,1423699.503681221,1.423700
2026-06-23T11:26:19,ul,cu_cp,3895621,383748.4168576285,0.383748
2026-06-23T11:26:19,ul,cu_up,3895650,423950.66140120476,0.423951
2026-06-23T11:26:19,ul,du1,3895811,3943471.958589554,3.943472
2026-06-23T11:26:19,ul,du2,3896570,3987329.121876514,3.987329
2026-06-23T11:26:19,ul,ue1,3895871,1399768.1896430731,1.399768
2026-06-23T11:26:19,ul,ue2,3895879,1436315.6484170973,1.436316
2026-06-23T11:26:19,ul,ue3,3895889,1407077.6282083453,1.407078
2026-06-23T11:26:19,ul,ue4,3895897,1403422.8424387933,1.403423
2026-06-23T11:26:19,ul,ue5,3896634,1414387.0667736172,1.414387
2026-06-23T11:26:19,ul,ue6,3896640,1392458.6181039691,1.392459
2026-06-23T11:26:19,ul,ue7,3896649,1454589.3113171936,1.454589
2026-06-23T11:26:19,ul,ue8,3896659,1432660.8626475453,1.432661
2026-06-23T11:26:24,ul,cu_cp,3895621,373176.7297024,0.373177
2026-06-23T11:26:24,ul,cu_up,3895650,420738.47204714897,0.420738
2026-06-23T11:26:24,ul,du1,3895811,4009820.575327358,4.009821
2026-06-23T11:26:24,ul,du2,3896570,4079333.9781293394,4.079334
2026-06-23T11:26:24,ul,ue1,3895871,1485389.8096253776,1.485390
2026-06-23T11:26:24,ul,ue2,3895879,1404900.6764661502,1.404901
2026-06-23T11:26:24,ul,ue3,3895889,1430510.7583536673,1.430511
2026-06-23T11:26:24,ul,ue4,3895897,1419535.0279964209,1.419535
2026-06-23T11:26:24,ul,ue5,3896634,1393924.946108904,1.393925
2026-06-23T11:26:24,ul,ue6,3896640,1397583.5672819281,1.397584
2026-06-23T11:26:24,ul,ue7,3896649,1401242.055293126,1.401242
2026-06-23T11:26:24,ul,ue8,3896659,1415876.4068233967,1.415876
2026-06-23T11:26:29,ul,cu_cp,3895621,376025.9332638931,0.376026
2026-06-23T11:26:29,ul,cu_up,3895650,412533.31089937687,0.412533
2026-06-23T11:26:29,ul,du1,3895811,4041365.9978199005,4.041366
2026-06-23T11:26:29,ul,du2,3896570,4026763.033499451,4.026763
2026-06-23T11:26:29,ul,ue1,3895871,1442041.2673562241,1.442041
2026-06-23T11:26:29,ul,ue2,3895879,1412835.3387153244,1.412835
2026-06-23T11:26:29,ul,ue3,3895889,1405533.8565550996,1.405534
2026-06-23T11:26:29,ul,ue4,3895897,1431089.0441158868,1.431089
2026-06-23T11:26:29,ul,ue5,3896634,1398232.3743948746,1.398232
2026-06-23T11:26:29,ul,ue6,3896640,1390930.8922346497,1.390931
2026-06-23T11:26:29,ul,ue7,3896649,1449342.6168538856,1.449343
2026-06-23T11:26:29,ul,ue8,3896659,1423787.4292930984,1.423787
2026-06-23T11:26:40,ul,cu_cp,3895621,375565.63959154487,0.375566
2026-06-23T11:26:40,ul,cu_up,3895650,415674.55729043484,0.415675
2026-06-23T11:26:40,ul,du1,3895811,4032772.6569857597,4.032773
2026-06-23T11:26:40,ul,du2,3896570,4032772.6569857597,4.032773
2026-06-23T11:26:40,ul,ue1,3895871,1432983.4433931112,1.432983
2026-06-23T11:26:40,ul,ue2,3895879,1436629.5730780363,1.436630
2026-06-23T11:26:40,ul,ue3,3895889,1422044.5241464376,1.422045
2026-06-23T11:26:40,ul,ue4,3895897,1425690.918927312,1.425691
2026-06-23T11:26:40,ul,ue5,3896634,1407459.475214839,1.407459
2026-06-23T11:26:40,ul,ue6,3896640,1396520.68851614,1.396521
2026-06-23T11:26:40,ul,ue7,3896649,1429337.048612237,1.429337
2026-06-23T11:26:40,ul,ue8,3896659,1389228.1640503407,1.389228
2026-06-23T11:26:45,ul,cu_cp,3895621,380763.24640993355,0.380763
2026-06-23T11:26:45,ul,cu_up,3895650,424697.46970678656,0.424697
2026-06-23T11:26:45,ul,du1,3895811,4023642.2983466457,4.023642
2026-06-23T11:26:45,ul,du2,3896570,4030964.796332178,4.030965
2026-06-23T11:26:45,ul,ue1,3895871,1431523.3565416397,1.431523
2026-06-23T11:26:45,ul,ue2,3895879,1449829.2025752056,1.449829
2026-06-23T11:26:45,ul,ue3,3895889,1424200.9915328622,1.424201
2026-06-23T11:26:45,ul,ue4,3895897,1471796.4305782926,1.471796
2026-06-23T11:26:45,ul,ue5,3896634,1387589.1664889753,1.387589
2026-06-23T11:26:45,ul,ue6,3896640,1398572.7804905188,1.398573
2026-06-23T11:26:45,ul,ue7,3896649,1446168.0865591944,1.446168
2026-06-23T11:26:45,ul,ue8,3896659,1413217.3775313187,1.413217
2026-06-23T11:26:51,ul,cu_cp,3895621,383515.56989529013,0.383516
2026-06-23T11:26:51,ul,cu_up,3895650,422649.806254909,0.422650
2026-06-23T11:26:51,ul,du1,3895811,4030826.947714777,4.030827
2026-06-23T11:26:51,ul,du2,3896570,4069961.1171106147,4.069961
2026-06-23T11:26:51,ul,ue1,3895871,1432313.2248678827,1.432313
2026-06-23T11:26:51,ul,ue2,3895879,1447966.9461972427,1.447967
2026-06-23T11:26:51,ul,ue3,3895889,1455793.8068619228,1.455794
2026-06-23T11:26:51,ul,ue4,3895897,1455793.8068619228,1.455794
2026-06-23T11:26:51,ul,ue5,3896634,1393179.055472045,1.393179
2026-06-23T11:26:51,ul,ue6,3896640,1401005.9161367249,1.401006
2026-06-23T11:26:51,ul,ue7,3896649,1455793.8068619228,1.455794
2026-06-23T11:26:51,ul,ue8,3896659,1463620.6675266027,1.463621
2026-06-23T11:26:56,ul,cu_cp,3895621,378602.30644755246,0.378602
2026-06-23T11:26:56,ul,cu_up,3895650,417768.07609891414,0.417768
2026-06-23T11:26:56,ul,du1,3895811,3910047.9182575797,3.910048
2026-06-23T11:26:56,ul,du2,3896570,4073238.70858551,4.073239
2026-06-23T11:26:56,ul,ue1,3895871,1409967.3069021893,1.409967
2026-06-23T11:26:56,ul,ue2,3895879,1449133.0431746482,1.449133
2026-06-23T11:26:56,ul,ue3,3895889,1409967.3069021893,1.409967
2026-06-23T11:26:56,ul,ue4,3895897,1455660.6213815212,1.455661
2026-06-23T11:26:56,ul,ue5,3896634,1403439.5951797056,1.403440
2026-06-23T11:26:56,ul,ue6,3896640,1396912.0169728326,1.396912
2026-06-23T11:26:56,ul,ue7,3896649,1429550.1750384187,1.429550
2026-06-23T11:26:56,ul,ue8,3896659,1416494.8851090623,1.416495
2026-06-23T11:27:02,ul,cu_cp,3895621,369641.4953097418,0.369641
2026-06-23T11:27:02,ul,cu_up,3895650,420047.1702285835,0.420047
2026-06-23T11:27:02,ul,du1,3895811,3970845.9962556744,3.970846
2026-06-23T11:27:02,ul,du2,3896570,3914839.5883257673,3.914840
2026-06-23T11:27:02,ul,ue1,3895871,1422559.7050491667,1.422560
2026-06-23T11:27:02,ul,ue2,3895879,1422559.7050491667,1.422560
2026-06-23T11:27:02,ul,ue3,3895889,1372154.096000378,1.372154
2026-06-23T11:27:02,ul,ue4,3895897,1422559.7050491667,1.422560
2026-06-23T11:27:02,ul,ue5,3896634,1366553.5605994726,1.366554
2026-06-23T11:27:02,ul,ue6,3896640,1360952.7617183542,1.360953
2026-06-23T11:27:02,ul,ue7,3896649,1439361.5747320962,1.439362
2026-06-23T11:27:02,ul,ue8,3896659,1360952.7617183542,1.360953
2026-06-23T11:27:07,ul,cu_cp,3895621,380298.7439461124,0.380299
2026-06-23T11:27:07,ul,cu_up,3895650,410322.3445950851,0.410322
2026-06-23T11:27:07,ul,du1,3895811,3939761.6311735297,3.939762
2026-06-23T11:27:07,ul,du2,3896570,3919746.0950150895,3.919746
2026-06-23T11:27:07,ul,ue1,3895871,1391092.8051093388,1.391093
2026-06-23T11:27:07,ul,ue2,3895879,1427788.2621226548,1.427788
2026-06-23T11:27:07,ul,ue3,3895889,1411108.6047445012,1.411109
2026-06-23T11:27:07,ul,ue4,3895897,1454475.951056751,1.454476
2026-06-23T11:27:07,ul,ue5,3896634,1397764.6944082724,1.397765
2026-06-23T11:27:07,ul,ue6,3896640,1361069.2373949564,1.361069
2026-06-23T11:27:07,ul,ue7,3896649,1404436.5837072062,1.404437
2026-06-23T11:27:07,ul,ue8,3896659,1387756.7945906913,1.387757
2026-06-23T11:27:12,ul,cu_cp,3895621,373461.7468882036,0.373462
2026-06-23T11:27:12,ul,cu_up,3895650,413475.4795918584,0.413475
2026-06-23T11:27:12,ul,du1,3895811,3964696.3742605974,3.964696
2026-06-23T11:27:12,ul,du2,3896570,3908010.387487812,3.908010
2026-06-23T11:27:12,ul,ue1,3895871,1400481.4684486866,1.400481
2026-06-23T11:27:12,ul,ue2,3895879,1393812.6063644313,1.393813
2026-06-23T11:27:12,ul,ue3,3895889,1383809.1814267254,1.383809
2026-06-23T11:27:12,ul,ue4,3895897,1413819.4562398433,1.413819
2026-06-23T11:27:12,ul,ue5,3896634,1377140.187531147,1.377140
2026-06-23T11:27:12,ul,ue6,3896640,1363802.1997399903,1.363802
2026-06-23T11:27:12,ul,ue7,3896649,1433826.4379265786,1.433826
2026-06-23T11:27:12,ul,ue8,3896659,1380474.6185732747,1.380475
2026-06-23T11:27:18,ul,cu_cp,3895621,376483.14783551695,0.376483
2026-06-23T11:27:18,ul,cu_up,3895650,406468.54471452953,0.406469
2026-06-23T11:27:18,ul,du1,3895811,3891436.4727447317,3.891436
2026-06-23T11:27:18,ul,du2,3896570,3864782.5814578533,3.864783
2026-06-23T11:27:18,ul,ue1,3895871,1425971.445067091,1.425971
2026-06-23T11:27:18,ul,ue2,3895879,1432634.983837018,1.432635
2026-06-23T11:27:18,ul,ue3,3895889,1405981.2244465542,1.405981
2026-06-23T11:27:18,ul,ue4,3895897,1412644.7632164813,1.412645
2026-06-23T11:27:18,ul,ue5,3896634,1385991.0038260175,1.385991
2026-06-23T11:27:18,ul,ue6,3896640,1349342.2660216999,1.349342
2026-06-23T11:27:18,ul,ue7,3896649,1442630.0941472864,1.442630
2026-06-23T11:27:18,ul,ue8,3896659,1412644.7632164813,1.412645
2026-06-23T11:27:23,ul,cu_cp,3895621,370432.71823947283,0.370433
2026-06-23T11:27:23,ul,cu_up,3895650,397130.5688308969,0.397131
2026-06-23T11:27:23,ul,du1,3895811,3887874.9795210026,3.887875
2026-06-23T11:27:23,ul,du2,3896570,3801106.783451636,3.801107
2026-06-23T11:27:23,ul,ue1,3895871,1384951.2058474422,1.384951
2026-06-23T11:27:23,ul,ue2,3895879,1368264.8923506415,1.368265
2026-06-23T11:27:23,ul,ue3,3895889,1398300.0981163837,1.398300
2026-06-23T11:27:23,ul,ue4,3895897,1414986.2795061015,1.414986
2026-06-23T11:27:23,ul,ue5,3896634,1374939.4705921947,1.374939
2026-06-23T11:27:23,ul,ue6,3896640,1371602.1814714181,1.371602
2026-06-23T11:27:23,ul,ue7,3896649,1424997.8826542664,1.424998
2026-06-23T11:27:23,ul,ue8,3896659,1414986.2795061015,1.414986
2026-06-23T11:27:29,ul,cu_cp,3895621,368590.25142293633,0.368590
2026-06-23T11:27:29,ul,cu_up,3895650,400797.165959565,0.400797
2026-06-23T11:27:29,ul,du1,3895811,3825465.5047309683,3.825466
2026-06-23T11:27:29,ul,du2,3896570,3811151.3787446166,3.811151
2026-06-23T11:27:29,ul,ue1,3895871,1388475.8565716231,1.388476
2026-06-23T11:27:29,ul,ue2,3895879,1399211.451061387,1.399211
2026-06-23T11:27:29,ul,ue3,3895889,1363426.0050281703,1.363426
2026-06-23T11:27:29,ul,ue4,3895897,1420682.7711082518,1.420683
2026-06-23T11:27:29,ul,ue5,3896634,1349111.8790418184,1.349112
2026-06-23T11:27:29,ul,ue6,3896640,1367004.5365247584,1.367005
2026-06-23T11:27:29,ul,ue7,3896649,1352690.541605743,1.352691
2026-06-23T11:27:29,ul,ue8,3896659,1363426.0050281703,1.363426
2026-06-23T11:27:34,ul,cu_cp,3895621,370936.29291639326,0.370936
2026-06-23T11:27:34,ul,cu_up,3895650,403665.9930905998,0.403666
2026-06-23T11:27:34,ul,du1,3895811,3865738.214839244,3.865738
2026-06-23T11:27:34,ul,du2,3896570,3931197.747641063,3.931198
2026-06-23T11:27:34,ul,ue1,3895871,1378282.988400638,1.378283
2026-06-23T11:27:34,ul,ue2,3895879,1436468.974873221,1.436469
2026-06-23T11:27:34,ul,ue3,3895889,1385556.1373696565,1.385556
2026-06-23T11:27:34,ul,ue4,3895897,1440105.615584433,1.440106
2026-06-23T11:27:34,ul,ue5,3896634,1374646.347689426,1.374646
2026-06-23T11:27:34,ul,ue6,3896640,1374646.347689426,1.374646
2026-06-23T11:27:34,ul,ue7,3896649,1421922.544481778,1.421923
2026-06-23T11:27:34,ul,ue8,3896659,1389192.7780808688,1.389193
2026-06-23T11:27:39,ul,cu_cp,3895621,369878.182616505,0.369878
2026-06-23T11:27:39,ul,cu_up,3895650,406140.7682641366,0.406141
2026-06-23T11:27:39,ul,du1,3895811,3876468.6901207017,3.876469
2026-06-23T11:27:39,ul,du2,3896570,3840206.005685482,3.840206
2026-06-23T11:27:39,ul,ue1,3895871,1377977.530167687,1.377978
2026-06-23T11:27:39,ul,ue2,3895879,1432371.4251037324,1.432371
2026-06-23T11:27:39,ul,ue3,3895889,1370725.0723107136,1.370725
2026-06-23T11:27:39,ul,ue4,3895897,1446876.4725344635,1.446876
2026-06-23T11:27:39,ul,ue5,3896634,1388856.2828115392,1.388856
2026-06-23T11:27:39,ul,ue6,3896640,1352593.7300931036,1.352594
2026-06-23T11:27:39,ul,ue7,3896649,1385230.1197414445,1.385230
2026-06-23T11:27:39,ul,ue8,3896659,1363472.6144537402,1.363473
2026-06-23T11:27:45,ul,cu_cp,3895621,368221.51702949824,0.368222
2026-06-23T11:27:45,ul,cu_up,3895650,397101.6289165786,0.397102
2026-06-23T11:27:45,ul,du1,3895811,3859105.728123989,3.859106
2026-06-23T11:27:45,ul,du2,3896570,3844665.655731499,3.844666
2026-06-23T11:27:45,ul,ue1,3895871,1404295.7900494647,1.404296
2026-06-23T11:27:45,ul,ue2,3895879,1433175.9348344444,1.433176
2026-06-23T11:27:45,ul,ue3,3895889,1382635.6814607298,1.382636
2026-06-23T11:27:45,ul,ue4,3895897,1415125.7785480332,1.415126
2026-06-23T11:27:45,ul,ue5,3896634,1389855.7176569747,1.389856
2026-06-23T11:27:45,ul,ue6,3896640,1342925.4165855837,1.342925
2026-06-23T11:27:45,ul,ue7,3896649,1407905.7423517883,1.407906
2026-06-23T11:27:45,ul,ue8,3896659,1360975.572871995,1.360976
2026-06-23T11:27:50,ul,cu_cp,3895621,366040.8461503056,0.366041
2026-06-23T11:27:50,ul,cu_up,3895650,402282.4700133455,0.402282
2026-06-23T11:27:50,ul,du1,3895811,3910475.616698742,3.910476
2026-06-23T11:27:50,ul,du2,3896570,3870609.8469358278,3.870610
2026-06-23T11:27:50,ul,ue1,3895871,1424297.4829468704,1.424297
2026-06-23T11:27:50,ul,ue2,3895879,1442418.31136482,1.442418
2026-06-23T11:27:50,ul,ue3,3895889,1388055.826110971,1.388056
2026-06-23T11:27:50,ul,ue4,3895897,1446042.424291835,1.446042
2026-06-23T11:27:50,ul,ue5,3896634,1384431.7131839562,1.384432
2026-06-23T11:27:50,ul,ue6,3896640,1362686.6399475539,1.362687
2026-06-23T11:27:50,ul,ue7,3896649,1438794.0665463675,1.438794
2026-06-23T11:27:50,ul,ue8,3896659,1406176.6545289205,1.406177
2026-06-23T11:27:56,ul,cu_cp,3895621,364470.4494324315,0.364470
2026-06-23T11:27:56,ul,cu_up,3895650,404967.18065825343,0.404967
2026-06-23T11:27:56,ul,du1,3895811,3903883.7847295213,3.903884
2026-06-23T11:27:56,ul,du2,3896570,3806691.4192276024,3.806691
2026-06-23T11:27:56,ul,ue1,3895871,1417385.0665039038,1.417385
2026-06-23T11:27:56,ul,ue2,3895879,1376888.335278082,1.376888
2026-06-23T11:27:56,ul,ue3,3895889,1409285.7465787327,1.409286
2026-06-23T11:27:56,ul,ue4,3895897,1417385.0665039038,1.417385
2026-06-23T11:27:56,ul,ue5,3896634,1384987.7868032192,1.384988
2026-06-23T11:27:56,ul,ue6,3896640,1376888.335278082,1.376888
2026-06-23T11:27:56,ul,ue7,3896649,1425484.5180290414,1.425485
2026-06-23T11:27:56,ul,ue8,3896659,1336391.7356522263,1.336392
2026-06-23T11:28:01,ul,cu_cp,3895621,380057.49023270846,0.380057
2026-06-23T11:28:01,ul,cu_up,3895650,413991.1782001573,0.413991
2026-06-23T11:28:01,ul,du1,3895811,3895588.977568202,3.895589
2026-06-23T11:28:01,ul,du2,3896570,3922736.00722671,3.922736
2026-06-23T11:28:01,ul,ue1,3895871,1404855.3491640044,1.404855
2026-06-23T11:28:01,ul,ue2,3895879,1425215.4892669702,1.425215
2026-06-23T11:28:01,ul,ue3,3895889,1425215.4892669702,1.425215
2026-06-23T11:28:01,ul,ue4,3895897,1445575.7615108513,1.445576
2026-06-23T11:28:01,ul,ue5,3896634,1391281.8343347502,1.391282
2026-06-23T11:28:01,ul,ue6,3896640,1364134.804676242,1.364135
2026-06-23T11:28:01,ul,ue7,3896649,1425215.4892669702,1.425215
2026-06-23T11:28:01,ul,ue8,3896659,1404855.3491640044,1.404855
2026-06-23T11:28:06,ul,cu_cp,3895621,362452.36310515524,0.362452
2026-06-23T11:28:06,ul,cu_up,3895650,415066.4009147346,0.415066
2026-06-23T11:28:06,ul,du1,3895811,3881747.7865729094,3.881748
2026-06-23T11:28:06,ul,du2,3896570,3910977.9542056085,3.910978
2026-06-23T11:28:06,ul,ue1,3895871,1391349.3810845017,1.391349
2026-06-23T11:28:06,ul,ue2,3895879,1414733.3832260214,1.414733
2026-06-23T11:28:06,ul,ue3,3895889,1426425.3183144617,1.426425
2026-06-23T11:28:06,ul,ue4,3895897,1426425.3183144617,1.426425
2026-06-23T11:28:06,ul,ue5,3896634,1403041.3161729418,1.403041
2026-06-23T11:28:06,ul,ue6,3896640,1338735.3432749223,1.338735
2026-06-23T11:28:06,ul,ue7,3896649,1426425.3183144617,1.426425
2026-06-23T11:28:06,ul,ue8,3896659,1426425.3183144617,1.426425
2026-06-23T11:28:12,ul,cu_cp,3895621,369672.7079477167,0.369673
2026-06-23T11:28:12,ul,cu_up,3895650,396315.78451470373,0.396316
2026-06-23T11:28:12,ul,du1,3895811,3883228.450799904,3.883228
2026-06-23T11:28:12,ul,du2,3896570,3899880.3695381163,3.899880
2026-06-23T11:28:12,ul,ue1,3895871,1392100.9070389366,1.392101
2026-06-23T11:28:12,ul,ue2,3895879,1392100.9070389366,1.392101
2026-06-23T11:28:12,ul,ue3,3895889,1405422.3629993438,1.405422
2026-06-23T11:28:12,ul,ue4,3895897,1425404.7445153617,1.425405
2026-06-23T11:28:12,ul,ue5,3896634,1398761.7008776092,1.398762
2026-06-23T11:28:12,ul,ue6,3896640,1348805.8129460334,1.348806
2026-06-23T11:28:12,ul,ue7,3896649,1405422.3629993438,1.405422
2026-06-23T11:28:12,ul,ue8,3896659,1362127.4006233788,1.362127
2026-06-23T11:28:17,ul,cu_cp,3895621,371839.87285043835,0.371840
2026-06-23T11:28:17,ul,cu_up,3895650,398399.8825744098,0.398400
2026-06-23T11:28:17,ul,du1,3895811,3864478.5516117094,3.864479
2026-06-23T11:28:17,ul,du2,3896570,3857838.4998147488,3.857838
2026-06-23T11:28:17,ul,ue1,3895871,1391079.5302013087,1.391080
2026-06-23T11:28:17,ul,ue2,3895879,1407679.5280511295,1.407680
2026-06-23T11:28:17,ul,ue3,3895889,1394399.424457208,1.394399
2026-06-23T11:28:17,ul,ue4,3895897,1410999.4223070287,1.410999
2026-06-23T11:28:17,ul,ue5,3896634,1381119.4525058675,1.381119
2026-06-23T11:28:17,ul,ue6,3896640,1361199.5604001475,1.361200
2026-06-23T11:28:17,ul,ue7,3896649,1381119.4525058675,1.381119
2026-06-23T11:28:17,ul,ue8,3896659,1394399.424457208,1.394399
2026-06-23T11:28:23,ul,cu_cp,3895621,375954.728968437,0.375955
2026-06-23T11:28:23,ul,cu_up,3895650,406165.3931644365,0.406165
2026-06-23T11:28:23,ul,du1,3895811,3947525.1031628824,3.947525
2026-06-23T11:28:23,ul,du2,3896570,3907243.862807293,3.907244
2026-06-23T11:28:23,ul,ue1,3895871,1406473.6271246194,1.406474
2026-06-23T11:28:23,ul,ue2,3895879,1433327.476945871,1.433327
2026-06-23T11:28:23,ul,ue3,3895889,1386333.1399821711,1.386333
2026-06-23T11:28:23,ul,ue4,3895897,1440040.8396246743,1.440041
2026-06-23T11:28:23,ul,ue5,3896634,1399760.13141047,1.399760
2026-06-23T11:28:23,ul,ue6,3896640,1406473.6271246194,1.406474
2026-06-23T11:28:23,ul,ue7,3896649,1399760.13141047,1.399760
2026-06-23T11:28:23,ul,ue8,3896659,1419900.4855175721,1.419900
2026-06-23T11:28:28,ul,cu_cp,3895621,376024.678827776,0.376025
2026-06-23T11:28:28,ul,cu_up,3895650,402645.92539545445,0.402646
2026-06-23T11:28:28,ul,du1,3895811,3890025.563267815,3.890026
2026-06-23T11:28:28,ul,du2,3896570,3870059.628342056,3.870060
2026-06-23T11:28:28,ul,ue1,3895871,1424235.1075898171,1.424235
2026-06-23T11:28:28,ul,ue2,3895879,1490788.2240090133,1.490788
2026-06-23T11:28:28,ul,ue3,3895889,1374320.4022571682,1.374320
2026-06-23T11:28:28,ul,ue4,3895897,1457511.6657994152,1.457512
2026-06-23T11:28:28,ul,ue5,3896634,1400941.5168430984,1.400942
2026-06-23T11:28:28,ul,ue6,3896640,1357682.1231523692,1.357682
2026-06-23T11:28:28,ul,ue7,3896649,1384303.2377382994,1.384303
2026-06-23T11:28:28,ul,ue8,3896659,1397613.8610221385,1.397614
2026-06-23T11:28:34,ul,cu_cp,3895621,372855.74290303857,0.372856
2026-06-23T11:28:34,ul,cu_up,3895650,397712.7946338871,0.397713
2026-06-23T11:28:34,ul,du1,3895811,3902556.725026946,3.902557
2026-06-23T11:28:34,ul,du2,3896570,3888352.695466461,3.888353
2026-06-23T11:28:34,ul,ue1,3895871,1413300.8090294874,1.413301
2026-06-23T11:28:34,ul,ue2,3895879,1455912.897710942,1.455913
2026-06-23T11:28:34,ul,ue3,3895889,1381341.7425183963,1.381342
2026-06-23T11:28:34,ul,ue4,3895897,1452361.8903208207,1.452362
2026-06-23T11:28:34,ul,ue5,3896634,1384892.8821472763,1.384893
2026-06-23T11:28:34,ul,ue6,3896640,1370688.7203480327,1.370689
2026-06-23T11:28:34,ul,ue7,3896649,1416851.8164196087,1.416852
2026-06-23T11:28:34,ul,ue8,3896659,1420402.82380973,1.420403
2026-06-23T11:28:39,ul,cu_cp,3895621,381387.09592953115,0.381387
2026-06-23T11:28:39,ul,cu_up,3895650,399548.37521768716,0.399548
2026-06-23T11:28:39,ul,du1,3895811,3868354.863124995,3.868355
2026-06-23T11:28:39,ul,du2,3896570,3890148.1871820926,3.890148
2026-06-23T11:28:39,ul,ue1,3895871,1398419.2967706013,1.398419
2026-06-23T11:28:39,ul,ue2,3895879,1427477.3700177372,1.427477
2026-06-23T11:28:39,ul,ue3,3895889,1383890.1941818178,1.383890
2026-06-23T11:28:39,ul,ue4,3895897,1452903.1346350694,1.452903
2026-06-23T11:28:39,ul,ue5,3896634,1409316.0907295812,1.409316
2026-06-23T11:28:39,ul,ue6,3896640,1376625.7088526415,1.376626
2026-06-23T11:28:39,ul,ue7,3896649,1420212.8846885609,1.420213
2026-06-23T11:28:39,ul,ue8,3896659,1409316.0907295812,1.409316
2026-06-23T11:28:44,ul,cu_cp,3895621,372586.1712055957,0.372586
2026-06-23T11:28:44,ul,cu_up,3895650,408759.5750188005,0.408760
2026-06-23T11:28:44,ul,du1,3895811,3845234.023648653,3.845234
2026-06-23T11:28:44,ul,du2,3896570,3866938.0922729494,3.866938
2026-06-23T11:28:44,ul,ue1,3895871,1370972.4390706206,1.370972
2026-06-23T11:28:44,ul,ue2,3895879,1392676.5076949168,1.392677
2026-06-23T11:28:44,ul,ue3,3895889,1374589.739947381,1.374590
2026-06-23T11:28:44,ul,ue4,3895897,1446936.5475737907,1.446937
2026-06-23T11:28:44,ul,ue5,3896634,1403528.542007065,1.403529
2026-06-23T11:28:44,ul,ue6,3896640,1374589.739947381,1.374590
2026-06-23T11:28:44,ul,ue7,3896649,1454171.2810091781,1.454171
2026-06-23T11:28:44,ul,ue8,3896659,1446936.5475737907,1.446937
2026-06-23T11:28:50,ul,cu_cp,3895621,374997.9030322123,0.374998
2026-06-23T11:28:50,ul,cu_up,3895650,400483.17784487485,0.400483
2026-06-23T11:28:50,ul,du1,3895811,3917453.778340187,3.917454
2026-06-23T11:28:50,ul,du2,3896570,3913813.1522406577,3.913813
2026-06-23T11:28:50,ul,ue1,3895871,1390768.8641831588,1.390769
2026-06-23T11:28:50,ul,ue2,3895879,1456302.6451159,1.456303
2026-06-23T11:28:50,ul,ue3,3895889,1419894.9303020097,1.419895
2026-06-23T11:28:50,ul,ue4,3895897,1434457.9633614349,1.434458
2026-06-23T11:28:50,ul,ue5,3896634,1405332.0294079112,1.405332
2026-06-23T11:28:50,ul,ue6,3896640,1376205.8311237334,1.376206
2026-06-23T11:28:50,ul,ue7,3896649,1390768.8641831588,1.390769
2026-06-23T11:28:50,ul,ue8,3896659,1419894.9303020097,1.419895
2026-06-23T11:28:55,ul,cu_cp,3895621,377209.3392491484,0.377209
2026-06-23T11:28:55,ul,cu_up,3895650,402844.91635527136,0.402845
2026-06-23T11:28:55,ul,du1,3895811,3969853.2922206116,3.969853
2026-06-23T11:28:55,ul,du2,3896570,3940555.4898136137,3.940555
2026-06-23T11:28:55,ul,ue1,3895871,1464890.5201270438,1.464891
2026-06-23T11:28:55,ul,ue2,3895879,1475877.1960296677,1.475877
2026-06-23T11:28:55,ul,ue3,3895889,1435592.717720046,1.435593
2026-06-23T11:28:55,ul,ue4,3895897,1457566.0695252942,1.457566
2026-06-23T11:28:55,ul,ue5,3896634,1420943.8165165472,1.420944
2026-06-23T11:28:55,ul,ue6,3896640,1373334.887605176,1.373335
2026-06-23T11:28:55,ul,ue7,3896649,1431930.4924191714,1.431930
2026-06-23T11:28:55,ul,ue8,3896659,1420943.8165165472,1.420944
2026-06-23T11:29:00,ul,cu_cp,3895621,357760.5445062792,0.357761
2026-06-23T11:29:00,ul,cu_up,3895650,410115.7194816047,0.410116
2026-06-23T11:29:00,ul,du1,3895811,3839381.2205712986,3.839381
2026-06-23T11:29:00,ul,du2,3896570,3917914.0989637612,3.917914
2026-06-23T11:29:00,ul,ue1,3895871,1483397.3861231494,1.483397
2026-06-23T11:29:00,ul,ue2,3895879,1457219.715828719,1.457220
2026-06-23T11:29:00,ul,ue3,3895889,1457219.715828719,1.457220
2026-06-23T11:29:00,ul,ue4,3895897,1439768.023959651,1.439768
2026-06-23T11:29:00,ul,ue5,3896634,1413590.3536652208,1.413590
2026-06-23T11:29:00,ul,ue6,3896640,1361235.1455671883,1.361235
2026-06-23T11:29:00,ul,ue7,3896649,1448493.869894185,1.448494
2026-06-23T11:29:00,ul,ue8,3896659,1483397.3861231494,1.483397
2026-06-23T11:29:06,ul,cu_cp,3895621,373371.7660809529,0.373372
2026-06-23T11:29:06,ul,cu_up,3895650,394505.99041015026,0.394506
2026-06-23T11:29:06,ul,du1,3895811,3832344.1502213953,3.832344
2026-06-23T11:29:06,ul,du2,3896570,3853478.44007596,3.853478
2026-06-23T11:29:06,ul,ue1,3895871,1408950.0359562873,1.408950
2026-06-23T11:29:06,ul,ue2,3895879,1408950.0359562873,1.408950
2026-06-23T11:29:06,ul,ue3,3895889,1380770.9828168678,1.380771
2026-06-23T11:29:06,ul,ue4,3895897,1458263.247899537,1.458263
2026-06-23T11:29:06,ul,ue5,3896634,1331457.770873618,1.331458
2026-06-23T11:29:06,ul,ue6,3896640,1310323.4810190534,1.310323
2026-06-23T11:29:06,ul,ue7,3896649,1444173.7213298273,1.444174
2026-06-23T11:29:06,ul,ue8,3896659,1458263.247899537,1.458263
2026-06-23T11:29:11,ul,cu_cp,3895621,372450.66265718936,0.372451
2026-06-23T11:29:11,ul,cu_up,3895650,402979.37730677606,0.402979
2026-06-23T11:29:11,ul,du1,3895811,3785564.1881526946,3.785564
2026-06-23T11:29:11,ul,du2,3896570,3834409.97285408,3.834410
2026-06-23T11:29:11,ul,ue1,3895871,1520331.398348751,1.520331
2026-06-23T11:29:11,ul,ue2,3895879,1502014.0968041038,1.502014
2026-06-23T11:29:11,ul,ue3,3895889,1416533.7090134239,1.416534
2026-06-23T11:29:11,ul,ue4,3895897,1477591.204453411,1.477591
2026-06-23T11:29:11,ul,ue5,3896634,1404322.13055645,1.404322
2026-06-23T11:29:11,ul,ue6,3896640,1367687.659748783,1.367688
2026-06-23T11:29:11,ul,ue7,3896649,1379899.1059241295,1.379899
2026-06-23T11:29:11,ul,ue8,3896659,1404322.13055645,1.404322
2026-06-23T11:29:17,ul,cu_cp,3895621,369123.2863617247,0.369123
2026-06-23T11:29:17,ul,cu_up,3895650,401220.9460617405,0.401221
2026-06-23T11:29:17,ul,du1,3895811,3910567.1268821047,3.910567
2026-06-23T11:29:17,ul,du2,3896570,3851721.2953250217,3.851721
2026-06-23T11:29:17,ul,ue1,3895871,1471143.524396255,1.471144
2026-06-23T11:29:17,ul,ue2,3895879,1428346.6891987992,1.428347
2026-06-23T11:29:17,ul,ue3,3895889,1439045.7980923916,1.439046
2026-06-23T11:29:17,ul,ue4,3895897,1433696.1770417476,1.433696
2026-06-23T11:29:17,ul,ue5,3896634,1417647.4470975113,1.417647
2026-06-23T11:29:17,ul,ue6,3896640,1374850.47869236,1.374850
2026-06-23T11:29:17,ul,ue7,3896649,1417647.4470975113,1.417647
2026-06-23T11:29:17,ul,ue8,3896659,1412297.692839172,1.412298
2026-06-23T11:29:22,ul,cu_cp,3895621,370770.555429613,0.370771
2026-06-23T11:29:22,ul,cu_up,3895650,404173.2785706496,0.404173
2026-06-23T11:29:22,ul,du1,3895811,3901441.62065815,3.901442
2026-06-23T11:29:22,ul,du2,3896570,3861357.861702161,3.861358
2026-06-23T11:29:22,ul,ue1,3895871,1476401.6837279033,1.476402
2026-06-23T11:29:22,ul,ue2,3895879,1489762.7597090006,1.489763
2026-06-23T11:29:22,ul,ue3,3895889,1376193.3483633257,1.376193
2026-06-23T11:29:22,ul,ue4,3895897,1439658.6584032988,1.439659
2026-06-23T11:29:22,ul,ue5,3896634,1399575.2977068329,1.399575
2026-06-23T11:29:22,ul,ue6,3896640,1376193.3483633257,1.376193
2026-06-23T11:29:22,ul,ue7,3896649,1409596.171069243,1.409596
2026-06-23T11:29:22,ul,ue8,3896659,1389554.4243444228,1.389554
2026-06-23T11:29:28,ul,cu_cp,3895621,364928.30932961556,0.364928
2026-06-23T11:29:28,ul,cu_up,3895650,395059.9758058086,0.395060
2026-06-23T11:29:28,ul,du1,3895811,3910424.180735011,3.910424
2026-06-23T11:29:28,ul,du2,3896570,3903728.1520844866,3.903728
2026-06-23T11:29:28,ul,ue1,3895871,1386057.979193932,1.386058
2026-06-23T11:29:28,ul,ue2,3895879,1416189.5796056723,1.416190
2026-06-23T11:29:28,ul,ue3,3895889,1396101.7579119087,1.396102
2026-06-23T11:29:28,ul,ue4,3895897,1436277.269170531,1.436277
2026-06-23T11:29:28,ul,ue5,3896634,1399449.640108266,1.399450
2026-06-23T11:29:28,ul,ue6,3896640,1365970.025371263,1.365970
2026-06-23T11:29:28,ul,ue7,3896649,1402797.7865624332,1.402798
2026-06-23T11:29:28,ul,ue8,3896659,1432929.3869741738,1.432929
2026-06-23T11:29:33,ul,cu_cp,3895621,375313.436890626,0.375313
2026-06-23T11:29:33,ul,cu_up,3895650,405472.52978574875,0.405473
2026-06-23T11:29:33,ul,du1,3895811,3937439.8737741853,3.937440
2026-06-23T11:29:33,ul,du2,3896570,3910631.7616362763,3.910632
2026-06-23T11:29:33,ul,ue1,3895871,1464392.593372879,1.464393
2026-06-23T11:29:33,ul,ue2,3895879,1481147.530418973,1.481148
2026-06-23T11:29:33,ul,ue3,3895889,1410776.3690970612,1.410776
2026-06-23T11:29:33,ul,ue4,3895897,1454339.551321163,1.454340
2026-06-23T11:29:33,ul,ue5,3896634,1417478.3971315385,1.417478
2026-06-23T11:29:33,ul,ue6,3896640,1377266.0958845757,1.377266
2026-06-23T11:29:33,ul,ue7,3896649,1414127.2500742006,1.414127
2026-06-23T11:29:33,ul,ue8,3896659,1424180.2921259166,1.424180
2026-06-23T11:29:38,ul,cu_cp,3895621,375445.7285608745,0.375446
2026-06-23T11:29:38,ul,cu_up,3895650,403001.36198803247,0.403001
2026-06-23T11:29:38,ul,du1,3895811,3916346.706365247,3.916347
2026-06-23T11:29:38,ul,du2,3896570,3878457.602976756,3.878458
2026-06-23T11:29:38,ul,ue1,3895871,1439782.623342694,1.439783
2026-06-23T11:29:38,ul,ue2,3895879,1512116.3180964314,1.512116
2026-06-23T11:29:38,ul,ue3,3895889,1412227.056023935,1.412227
2026-06-23T11:29:38,ul,ue4,3895897,1453560.5392188716,1.453561
2026-06-23T11:29:38,ul,ue5,3896634,1412227.056023935,1.412227
2026-06-23T11:29:38,ul,ue6,3896640,1374338.0848522424,1.374338
2026-06-23T11:29:38,ul,ue7,3896649,1426004.8396833146,1.426005
2026-06-23T11:29:38,ul,ue8,3896659,1446671.5151723837,1.446672
2026-06-23T11:29:44,ul,cu_cp,3895621,372013.4849369436,0.372013
2026-06-23T11:29:44,ul,cu_up,3895650,408485.4213073611,0.408485
2026-06-23T11:29:44,ul,du1,3895811,3924377.8260644316,3.924378
2026-06-23T11:29:44,ul,du2,3896570,3906141.4920724155,3.906141
2026-06-23T11:29:44,ul,ue1,3895871,1491701.2331503094,1.491701
2026-06-23T11:29:44,ul,ue2,3895879,1539114.7171766877,1.539115
2026-06-23T11:29:44,ul,ue3,3895889,1389579.8113131404,1.389580
2026-06-23T11:29:44,ul,ue4,3895897,1440640.5887420536,1.440641
2026-06-23T11:29:44,ul,ue5,3896634,1411462.9066250622,1.411463
2026-06-23T11:29:44,ul,ue6,3896640,1356755.101834929,1.356755
2026-06-23T11:29:44,ul,ue7,3896649,1451582.0698876858,1.451582
2026-06-23T11:29:44,ul,ue8,3896659,1469818.1378383874,1.469818
2026-06-23T11:29:49,ul,cu_cp,3895621,378581.18320877315,0.378581
2026-06-23T11:29:49,ul,cu_up,3895650,404062.6252505851,0.404063
2026-06-23T11:29:49,ul,du1,3895811,3884097.318511772,3.884097
2026-06-23T11:29:49,ul,du2,3896570,3927779.9041893007,3.927780
2026-06-23T11:29:49,ul,ue1,3895871,1419679.5281542586,1.419680
2026-06-23T11:29:49,ul,ue2,3895879,1474282.4951708508,1.474282
2026-06-23T11:29:49,ul,ue3,3895889,1419679.5281542586,1.419680
2026-06-23T11:29:49,ul,ue4,3895897,1445160.9039259912,1.445161
2026-06-23T11:29:49,ul,ue5,3896634,1419679.5281542586,1.419680
2026-06-23T11:29:49,ul,ue6,3896640,1375997.0750168895,1.375997
2026-06-23T11:29:49,ul,ue7,3896649,1445160.9039259912,1.445161
2026-06-23T11:29:49,ul,ue8,3896659,1467002.0642245961,1.467002
2026-06-23T11:29:55,ul,cu_cp,3895621,367321.6753719065,0.367322
2026-06-23T11:29:55,ul,cu_up,3895650,400053.3268241948,0.400053
2026-06-23T11:29:55,ul,du1,3895811,3873243.185816975,3.873243
2026-06-23T11:29:55,ul,du2,3896570,3895064.440994625,3.895064
2026-06-23T11:29:55,ul,ue1,3895871,1436555.0830802214,1.436555
2026-06-23T11:29:55,ul,ue2,3895879,1458376.2060783363,1.458376
2026-06-23T11:29:55,ul,ue3,3895889,1411097.0401593195,1.411097
2026-06-23T11:29:55,ul,ue4,3895897,1458376.2060783363,1.458376
2026-06-23T11:29:55,ul,ue5,3896634,1414733.9600821065,1.414734
2026-06-23T11:29:55,ul,ue6,3896640,1374728.634008664,1.374729
2026-06-23T11:29:55,ul,ue7,3896649,1451102.498412298,1.451102
2026-06-23T11:29:55,ul,ue8,3896659,1462012.9938215876,1.462013
2026-06-23T11:30:00,ul,cu_cp,3895621,381776.2427259624,0.381776
2026-06-23T11:30:00,ul,cu_up,3895650,407472.7209221387,0.407473
2026-06-23T11:30:00,ul,du1,3895811,3927889.867271719,3.927890
2026-06-23T11:30:00,ul,du2,3896570,3847129.5357871056,3.847130
2026-06-23T11:30:00,ul,ue1,3895871,1446344.5061368465,1.446345
2026-06-23T11:30:00,ul,ue2,3895879,1457357.3634280872,1.457357
2026-06-23T11:30:00,ul,ue3,3895889,1413306.2008279038,1.413306
2026-06-23T11:30:00,ul,ue4,3895897,1486724.805161543,1.486725
2026-06-23T11:30:00,ul,ue5,3896634,1409635.203970027,1.409635
2026-06-23T11:30:00,ul,ue6,3896640,1361913.311076746,1.361913
2026-06-23T11:30:00,ul,ue7,3896649,1405964.3403945398,1.405964
2026-06-23T11:30:00,ul,ue8,3896659,1439002.6457034827,1.439003
2026-06-23T11:30:05,ul,cu_cp,3895621,398671.1836267447,0.398671
2026-06-23T11:30:05,ul,cu_up,3895650,407731.8771637023,0.407732
2026-06-23T11:30:05,ul,du1,3895811,3950468.7949193716,3.950469
2026-06-23T11:30:05,ul,du2,3896570,3877983.2466237117,3.877983
2026-06-23T11:30:05,ul,ue1,3895871,1440652.7439785171,1.440653
2026-06-23T11:30:05,ul,ue2,3895879,1386288.4491566492,1.386288
2026-06-23T11:30:05,ul,ue3,3895889,1458774.131052432,1.458774
2026-06-23T11:30:05,ul,ue4,3895897,1449713.370715413,1.449713
2026-06-23T11:30:05,ul,ue5,3896634,1422531.3569046021,1.422531
2026-06-23T11:30:05,ul,ue6,3896640,1331924.1543347812,1.331924
2026-06-23T11:30:05,ul,ue7,3896649,1431591.983641498,1.431592
2026-06-23T11:30:05,ul,ue8,3896659,1467834.757789328,1.467835
2026-06-23T11:30:11,ul,cu_cp,3895621,377073.3557139659,0.377073
2026-06-23T11:30:11,ul,cu_up,3895650,406647.76853447733,0.406648
2026-06-23T11:30:11,ul,du1,3895811,3903818.3649036884,3.903818
2026-06-23T11:30:11,ul,du2,3896570,3925999.299339752,3.925999
2026-06-23T11:30:11,ul,ue1,3895871,1412176.7060098816,1.412177
2026-06-23T11:30:11,ul,ue2,3895879,1419570.3508219027,1.419570
2026-06-23T11:30:11,ul,ue3,3895889,1412176.7060098816,1.412177
2026-06-23T11:30:11,ul,ue4,3895897,1471325.598221934,1.471326
2026-06-23T11:30:11,ul,ue5,3896634,1419570.3508219027,1.419570
2026-06-23T11:30:11,ul,ue6,3896640,1345634.3021278668,1.345634
2026-06-23T11:30:11,ul,ue7,3896649,1456538.3085978914,1.456538
2026-06-23T11:30:11,ul,ue8,3896659,1508293.4228558636,1.508293
2026-06-23T11:30:16,ul,cu_cp,3895621,370996.399819386,0.370996
2026-06-23T11:30:16,ul,cu_up,3895650,408724.8235756409,0.408725
2026-06-23T11:30:16,ul,du1,3895811,3886029.5764952563,3.886030
2026-06-23T11:30:16,ul,du2,3896570,3923758.46601727,3.923758
2026-06-23T11:30:16,ul,ue1,3895871,1414816.7225841284,1.414817
2026-06-23T11:30:16,ul,ue2,3895879,1402240.514794078,1.402241
2026-06-23T11:30:16,ul,ue3,3895889,1446257.1089833237,1.446257
2026-06-23T11:30:16,ul,ue4,3895897,1414816.7225841284,1.414817
2026-06-23T11:30:16,ul,ue5,3896634,1408528.618689103,1.408529
2026-06-23T11:30:16,ul,ue6,3896640,1383376.336184933,1.383376
2026-06-23T11:30:16,ul,ue7,3896649,1395952.5439749837,1.395953
2026-06-23T11:30:16,ul,ue8,3896659,1433680.901193273,1.433681
2026-06-23T11:30:22,ul,cu_cp,3895621,373700.1016431141,0.373700
2026-06-23T11:30:22,ul,cu_up,3895650,411611.66180799453,0.411612
2026-06-23T11:30:22,ul,du1,3895811,3910310.9681510855,3.910311
2026-06-23T11:30:22,ul,du2,3896570,3910310.9681510855,3.910311
2026-06-23T11:30:22,ul,ue1,3895871,1397313.3777548503,1.397313
2026-06-23T11:30:22,ul,ue2,3895879,1386481.4564154982,1.386481
2026-06-23T11:30:22,ul,ue3,3895889,1418977.088815273,1.418977
2026-06-23T11:30:22,ul,ue4,3895897,1424393.049484949,1.424393
2026-06-23T11:30:22,ul,ue5,3896634,1391897.4170851742,1.391897
2026-06-23T11:30:22,ul,ue6,3896640,1370233.5744064702,1.370234
2026-06-23T11:30:22,ul,ue7,3896649,1424393.049484949,1.424393
2026-06-23T11:30:22,ul,ue8,3896659,1424393.049484949,1.424393
2026-06-23T11:30:27,ul,cu_cp,3895621,374472.30369353713,0.374472
2026-06-23T11:30:27,ul,cu_up,3895650,407907.32725525857,0.407907
2026-06-23T11:30:27,ul,du1,3895811,3928615.965041766,3.928616
2026-06-23T11:30:27,ul,du2,3896570,3925272.575458655,3.925273
2026-06-23T11:30:27,ul,ue1,3895871,1410958.1667810916,1.410958
2026-06-23T11:30:27,ul,ue2,3895879,1374179.6872991645,1.374180
2026-06-23T11:30:27,ul,ue3,3895889,1404271.2549406802,1.404271
2026-06-23T11:30:27,ul,ue4,3895897,1434362.6899080062,1.434363
2026-06-23T11:30:27,ul,ue5,3896634,1420988.6008788038,1.420989
2026-06-23T11:30:27,ul,ue6,3896640,1387553.6436541772,1.387554
2026-06-23T11:30:27,ul,ue7,3896649,1441049.7344226073,1.441050
2026-06-23T11:30:27,ul,ue8,3896659,1454423.69077762,1.454424
2026-06-23T11:30:33,ul,cu_cp,3895621,376943.0452570492,0.376943
2026-06-23T11:30:33,ul,cu_up,3895650,403867.52240490675,0.403868
2026-06-23T11:30:33,ul,du1,3895811,3887225.1189395715,3.887225
2026-06-23T11:30:33,ul,du2,3896570,3920880.491282344,3.920880
2026-06-23T11:30:33,ul,ue1,3895871,1437095.208572874,1.437095
2026-06-23T11:30:33,ul,ue2,3895879,1410170.831021483,1.410171
2026-06-23T11:30:33,ul,ue3,3895889,1433729.7775748277,1.433730
2026-06-23T11:30:33,ul,ue4,3895897,1453923.1603348374,1.453923
2026-06-23T11:30:33,ul,ue5,3896634,1406805.267228148,1.406805
2026-06-23T11:30:33,ul,ue6,3896640,1379880.7568814682,1.379881
2026-06-23T11:30:33,ul,ue7,3896649,1437095.208572874,1.437095
2026-06-23T11:30:33,ul,ue8,3896659,1484213.234474852,1.484213
2026-06-23T11:30:38,ul,cu_cp,3895621,385559.8652051434,0.385560
2026-06-23T11:30:38,ul,cu_up,3895650,395706.1906734869,0.395706
2026-06-23T11:30:38,ul,du1,3895811,3899566.1294265105,3.899566
2026-06-23T11:30:38,ul,du2,3896570,3943533.405764823,3.943533
2026-06-23T11:30:38,ul,ue1,3895871,1450922.7996545006,1.450923
2026-06-23T11:30:38,ul,ue2,3895879,1379898.521376096,1.379899
2026-06-23T11:30:38,ul,ue3,3895889,1450922.7996545006,1.450923
2026-06-23T11:30:38,ul,ue4,3895897,1427247.9062038565,1.427248
2026-06-23T11:30:38,ul,ue5,3896634,1440776.3401616479,1.440776
2026-06-23T11:30:38,ul,ue6,3896640,1390044.8468444394,1.390045
2026-06-23T11:30:38,ul,ue7,3896649,1420483.82324947,1.420484
2026-06-23T11:30:38,ul,ue8,3896659,1444158.4486510956,1.444158
2026-06-23T11:30:43,ul,cu_cp,3895621,376440.7694409156,0.376441
2026-06-23T11:30:43,ul,cu_up,3895650,404069.42824186804,0.404069
2026-06-23T11:30:43,ul,du1,3895811,3923272.365203457,3.923272
2026-06-23T11:30:43,ul,du2,3896570,3961261.879986572,3.961262
2026-06-23T11:30:43,ul,ue1,3895871,1440144.971214552,1.440145
2026-06-23T11:30:43,ul,ue2,3895879,1447052.1191560507,1.447052
2026-06-23T11:30:43,ul,ue3,3895889,1447052.1191560507,1.447052
2026-06-23T11:30:43,ul,ue4,3895897,1443598.478150344,1.443598
2026-06-23T11:30:43,ul,ue5,3896634,1440144.971214552,1.440145
2026-06-23T11:30:43,ul,ue6,3896640,1371073.2236597347,1.371073
2026-06-23T11:30:43,ul,ue7,3896649,1467773.6970504618,1.467774
2026-06-23T11:30:43,ul,ue8,3896659,1519577.3736466598,1.519577
2026-06-23T11:30:49,ul,cu_cp,3895621,383197.14953065035,0.383197
2026-06-23T11:30:49,ul,cu_up,3895650,405304.6567163381,0.405305
2026-06-23T11:30:49,ul,du1,3895811,3931455.2272544648,3.931455
2026-06-23T11:30:49,ul,du2,3896570,3927770.6147303865,3.927771
2026-06-23T11:30:49,ul,ue1,3895871,1418566.2817113055,1.418566
2026-06-23T11:30:49,ul,ue2,3895879,1422250.8942353833,1.422251
2026-06-23T11:30:49,ul,ue3,3895889,1422250.8942353833,1.422251
2026-06-23T11:30:49,ul,ue4,3895897,1459096.8851091384,1.459097
2026-06-23T11:30:49,ul,ue5,3896634,1422250.8942353833,1.422251
2026-06-23T11:30:49,ul,ue6,3896640,1407512.5785060953,1.407513
2026-06-23T11:30:49,ul,ue7,3896649,1466465.9757902706,1.466466
2026-06-23T11:30:49,ul,ue8,3896659,1492258.129091792,1.492258
2026-06-23T11:30:54,ul,cu_cp,3895621,374758.67259012756,0.374759
2026-06-23T11:30:54,ul,cu_up,3895650,411499.7090890318,0.411500
2026-06-23T11:30:54,ul,du1,3895811,3949662.3597777127,3.949662
2026-06-23T11:30:54,ul,du2,3896570,3934965.945178151,3.934966
2026-06-23T11:30:54,ul,ue1,3895871,1377789.1361790537,1.377789
2026-06-23T11:30:54,ul,ue2,3895879,1407182.0991132497,1.407182
2026-06-23T11:30:54,ul,ue3,3895889,1440249.0319622636,1.440249
2026-06-23T11:30:54,ul,ue4,3895897,1465967.7575114965,1.465968
2026-06-23T11:30:54,ul,ue5,3896634,1436574.928312373,1.436575
2026-06-23T11:30:54,ul,ue6,3896640,1377789.1361790537,1.377789
2026-06-23T11:30:54,ul,ue7,3896649,1418204.2763278484,1.418204
2026-06-23T11:30:54,ul,ue8,3896659,1436574.928312373,1.436575
2026-06-23T11:31:00,ul,cu_cp,3895621,414822.01324418635,0.414822
2026-06-23T11:31:00,ul,cu_up,3895650,463150.8275033206,0.463151
2026-06-23T11:31:00,ul,du1,3895811,4377781.954259872,4.377782
2026-06-23T11:31:00,ul,du2,3896570,4381809.358508992,4.381809
2026-06-23T11:31:00,ul,ue1,3895871,1590822.327662921,1.590822
2026-06-23T11:31:00,ul,ue2,3895879,1566657.9021682024,1.566658
2026-06-23T11:31:00,ul,ue3,3895889,1606931.9446594,1.606932
2026-06-23T11:31:00,ul,ue4,3895897,1647205.840229386,1.647206
2026-06-23T11:31:00,ul,ue5,3896634,1594849.7319120406,1.594850
2026-06-23T11:31:00,ul,ue6,3896640,1514301.793850857,1.514302
2026-06-23T11:31:00,ul,ue7,3896649,1570685.3064173223,1.570685
2026-06-23T11:31:00,ul,ue8,3896659,1614986.7531576394,1.614987
2026-06-23T11:31:05,ul,cu_cp,3895621,420746.86885085463,0.420747
2026-06-23T11:31:05,ul,cu_up,3895650,469294.601526196,0.469295
2026-06-23T11:31:05,ul,du1,3895811,4425933.411713197,4.425933
2026-06-23T11:31:05,ul,du2,3896570,4373340.293068592,4.373340
2026-06-23T11:31:05,ul,ue1,3895871,1642531.105341686,1.642531
2026-06-23T11:31:05,ul,ue2,3895879,1674896.2604585802,1.674896
2026-06-23T11:31:05,ul,ue3,3895889,1614211.4838628257,1.614211
2026-06-23T11:31:05,ul,ue4,3895897,1650622.3202865242,1.650622
2026-06-23T11:31:05,ul,ue5,3896634,1602074.5876111828,1.602075
2026-06-23T11:31:05,ul,ue6,3896640,1557572.536242646,1.557573
2026-06-23T11:31:05,ul,ue7,3896649,1614211.4838628257,1.614211
2026-06-23T11:31:05,ul,ue8,3896659,1638485.4240348816,1.638485
2026-06-23T11:31:10,ul,cu_cp,3895621,420145.30237932684,0.420145
2026-06-23T11:31:10,ul,cu_up,3895650,443927.12624204875,0.443927
2026-06-23T11:31:10,ul,du1,3895811,4296580.319244156,4.296580
2026-06-23T11:31:10,ul,du2,3896570,4221271.336609917,4.221271
2026-06-23T11:31:10,ul,ue1,3895871,1625090.3953975677,1.625090
2026-06-23T11:31:10,ul,ue2,3895879,1644908.5639120673,1.644909
2026-06-23T11:31:10,ul,ue3,3895889,1609235.7740046787,1.609236
2026-06-23T11:31:10,ul,ue4,3895897,1629054.0868213272,1.629054
2026-06-23T11:31:10,ul,ue5,3896634,1569599.4369756794,1.569599
2026-06-23T11:31:10,ul,ue6,3896640,1510144.9314321803,1.510145
2026-06-23T11:31:10,ul,ue7,3896649,1577526.8198231983,1.577527
2026-06-23T11:31:10,ul,ue8,3896659,1664726.732426567,1.664727
