timestamp,phase,component,pid,microwatts,watts
2026-06-23T05:25:23,idle,cu_cp,3526118,307821.2859633547,0.307821
2026-06-23T05:25:23,idle,cu_up,3526146,310994.7042440343,0.310995
2026-06-23T05:25:23,idle,du1,3526283,2738657.419589653,2.738657
2026-06-23T05:25:23,idle,du2,3526902,2802125.900108271,2.802126
2026-06-23T05:25:23,idle,du3,3527551,2814819.688136015,2.814820
2026-06-23T05:25:23,idle,du4,3528165,2694229.6211126517,2.694230
2026-06-23T05:25:23,idle,ue1,3526347,653723.5912948644,0.653724
2026-06-23T05:25:23,idle,ue5,3526970,669590.6539720058,0.669591
2026-06-23T05:25:23,idle,ue9,3527612,714018.50990152,0.714019
2026-06-23T05:25:23,idle,ue13,3528226,685457.7741016602,0.685458
2026-06-23T05:25:29,idle,cu_cp,3526118,314643.79582151177,0.314644
2026-06-23T05:25:29,idle,cu_up,3526146,308287.35840610263,0.308287
2026-06-23T05:25:29,idle,du1,3526283,2787299.0717339898,2.787299
2026-06-23T05:25:29,idle,du2,3526902,2780942.634318581,2.780943
2026-06-23T05:25:29,idle,du3,3527551,2815902.925096321,2.815903
2026-06-23T05:25:29,idle,du4,3528165,2771408.0932024764,2.771408
2026-06-23T05:25:29,idle,ue1,3526347,670604.4348431826,0.670604
2026-06-23T05:25:29,idle,ue5,3526970,638822.2477661371,0.638822
2026-06-23T05:25:29,idle,ue9,3527612,705564.8406279326,0.705565
2026-06-23T05:25:29,idle,ue13,3528226,680139.0909662961,0.680139
2026-06-23T05:25:34,idle,cu_cp,3526118,305838.09795101703,0.305838
2026-06-23T05:25:34,idle,cu_up,3526146,309023.91327837406,0.309024
2026-06-23T05:25:34,idle,du1,3526283,2822630.9922362687,2.822631
2026-06-23T05:25:34,idle,du2,3526902,2813073.430604024,2.813073
2026-06-23T05:25:34,idle,du3,3527551,2816259.1302812076,2.816259
2026-06-23T05:25:34,idle,du4,3528165,2803515.8689717795,2.803516
2026-06-23T05:25:34,idle,ue1,3526347,646720.1645029617,0.646720
2026-06-23T05:25:34,idle,ue5,3526970,669020.871794461,0.669021
2026-06-23T05:25:34,idle,ue9,3527612,723179.6745344442,0.723180
2026-06-23T05:25:34,idle,ue13,3528226,707250.6557227457,0.707251
2026-06-23T05:25:39,idle,cu_cp,3526118,309968.2189904666,0.309968
2026-06-23T05:25:39,idle,cu_up,3526146,306772.6789735824,0.306773
2026-06-23T05:25:39,idle,du1,3526283,2799300.7930844687,2.799301
2026-06-23T05:25:39,idle,du2,3526902,2783322.948628893,2.783323
2026-06-23T05:25:39,idle,du3,3527551,2824865.1132195424,2.824865
2026-06-23T05:25:39,idle,du4,3528165,2808887.2687639664,2.808887
2026-06-23T05:25:39,idle,ue1,3526347,664674.171462698,0.664674
2026-06-23T05:25:39,idle,ue5,3526970,661478.6025715828,0.661479
2026-06-23T05:25:39,idle,ue9,3527612,722194.0072635376,0.722194
2026-06-23T05:25:39,idle,ue13,3528226,690238.5493462336,0.690239
2026-06-23T05:25:45,idle,cu_cp,3526118,312154.1663511762,0.312154
2026-06-23T05:25:45,idle,cu_up,3526146,302598.4503667515,0.302598
2026-06-23T05:25:45,idle,du1,3526283,2739312.2754054214,2.739312
2026-06-23T05:25:45,idle,du2,3526902,2825313.8632516577,2.825314
2026-06-23T05:25:45,idle,du3,3527551,2777535.2545322515,2.777535
2026-06-23T05:25:45,idle,du4,3528165,2752053.114862189,2.752053
2026-06-23T05:25:45,idle,ue1,3526347,605196.900733503,0.605197
2026-06-23T05:25:45,idle,ue5,3526970,656160.8345062328,0.656161
2026-06-23T05:25:45,idle,ue9,3527612,691198.546174305,0.691199
2026-06-23T05:25:45,idle,ue13,3528226,700754.2909560126,0.700754
2026-06-23T05:25:50,idle,cu_cp,3526118,305647.8233953506,0.305648
2026-06-23T05:25:50,idle,cu_up,3526146,312015.49058035313,0.312015
2026-06-23T05:25:50,idle,du1,3526283,2789036.5000187876,2.789037
2026-06-23T05:25:50,idle,du2,3526902,2769933.440896702,2.769933
2026-06-23T05:25:50,idle,du3,3527551,2731727.552920842,2.731728
2026-06-23T05:25:50,idle,du4,3528165,2785852.580075669,2.785853
2026-06-23T05:25:50,idle,ue1,3526347,655869.3170857191,0.655869
2026-06-23T05:25:50,idle,ue5,3526970,694075.2626286566,0.694075
2026-06-23T05:25:50,idle,ue9,3527612,668604.6514557243,0.668605
2026-06-23T05:25:50,idle,ue13,3528226,694075.2626286566,0.694075
2026-06-23T05:25:55,idle,cu_cp,3526118,301628.1149689454,0.301628
2026-06-23T05:25:55,idle,cu_up,3526146,311153.21545504243,0.311153
2026-06-23T05:25:55,idle,du1,3526283,2784503.57993057,2.784504
2026-06-23T05:25:55,idle,du2,3526902,2803553.8384091593,2.803554
2026-06-23T05:25:55,idle,du3,3527551,2628927.1590988324,2.628927
2026-06-23T05:25:55,idle,du4,3528165,2778153.7237966205,2.778154
2026-06-23T05:25:55,idle,ue1,3526347,682632.0194000369,0.682632
2026-06-23T05:25:55,idle,ue5,3526970,676281.9907469022,0.676282
2026-06-23T05:25:55,idle,ue9,3527612,676281.9907469022,0.676282
2026-06-23T05:25:55,idle,ue13,3528226,673106.9476671374,0.673107
2026-06-23T05:26:00,idle,cu_cp,3526118,304123.3553512439,0.304123
2026-06-23T05:26:00,idle,cu_up,3526146,311726.4572673056,0.311726
2026-06-23T05:26:00,idle,du1,3526283,2729507.2405033777,2.729507
2026-06-23T05:26:00,idle,du2,3526902,2813141.0153602697,2.813141
2026-06-23T05:26:00,idle,du3,3527551,2691491.6155164745,2.691492
2026-06-23T05:26:00,idle,du4,3528165,2805538.028850803,2.805538
2026-06-23T05:26:00,idle,ue1,3526347,661468.3087083239,0.661468
2026-06-23T05:26:00,idle,ue5,3526970,661468.3087083239,0.661468
2026-06-23T05:26:00,idle,ue9,3527612,661468.3087083239,0.661468
2026-06-23T05:26:00,idle,ue13,3528226,691880.6586692727,0.691881
2026-06-23T05:26:06,idle,cu_cp,3526118,309694.5239327616,0.309695
2026-06-23T05:26:06,idle,cu_up,3526146,316146.4925832784,0.316146
2026-06-23T05:26:06,idle,du1,3526283,2748539.0470315125,2.748539
2026-06-23T05:26:06,idle,du2,3526902,2813058.676120777,2.813059
2026-06-23T05:26:06,idle,du3,3527551,2658211.4285083725,2.658211
2026-06-23T05:26:06,idle,du4,3528165,2748539.0470315125,2.748539
2026-06-23T05:26:06,idle,ue1,3526347,658100.8597686243,0.658101
2026-06-23T05:26:06,idle,ue5,3526970,664552.8571270931,0.664553
2026-06-23T05:26:06,idle,ue9,3527612,671004.7970696581,0.671005
2026-06-23T05:26:06,idle,ue13,3528226,696812.6716717255,0.696813
2026-06-23T05:26:11,idle,cu_cp,3526118,325306.0532613859,0.325306
2026-06-23T05:26:11,idle,cu_up,3526146,325306.0532613859,0.325306
2026-06-23T05:26:11,idle,du1,3526283,2813611.875436542,2.813612
2026-06-23T05:26:11,idle,du2,3526902,2819319.1088767266,2.819319
2026-06-23T05:26:11,idle,du3,3527551,2830733.3430936863,2.830733
2026-06-23T05:26:11,idle,du4,3528165,2807904.8746597674,2.807905
2026-06-23T05:26:11,idle,ue1,3526347,673440.6331225431,0.673441
2026-06-23T05:26:11,idle,ue5,3526970,673440.6331225431,0.673441
2026-06-23T05:26:11,idle,ue9,3527612,644904.9894142919,0.644905
2026-06-23T05:26:11,idle,ue13,3528226,713390.4528819013,0.713390
2026-06-23T05:26:16,idle,cu_cp,3526118,312087.8670353383,0.312088
2026-06-23T05:26:16,idle,cu_up,3526146,312087.8670353383,0.312088
2026-06-23T05:26:16,idle,du1,3526283,2698049.857914512,2.698050
2026-06-23T05:26:16,idle,du2,3526902,2823891.5973681165,2.823892
2026-06-23T05:26:16,idle,du3,3527551,2768521.268943474,2.768521
2026-06-23T05:26:16,idle,du4,3528165,2763487.7286376334,2.763488
2026-06-23T05:26:16,idle,ue1,3526347,684579.8336445582,0.684580
2026-06-23T05:26:16,idle,ue5,3526970,619142.0206322867,0.619142
2026-06-23T05:26:16,idle,ue9,3527612,654377.7261467677,0.654378
2026-06-23T05:26:16,idle,ue13,3528226,719815.5391590393,0.719816
2026-06-23T05:26:22,idle,cu_cp,3526118,306938.09418082505,0.306938
2026-06-23T05:26:22,idle,cu_up,3526146,303958.11268392386,0.303958
2026-06-23T05:26:22,idle,du1,3526283,2813102.533074746,2.813103
2026-06-23T05:26:22,idle,du2,3526902,2819062.5538094975,2.819063
2026-06-23T05:26:22,idle,du3,3527551,2819062.5538094975,2.819063
2026-06-23T05:26:22,idle,du4,3528165,2780322.765479307,2.780323
2026-06-23T05:26:22,idle,ue1,3526347,664535.8449384964,0.664536
2026-06-23T05:26:22,idle,ue5,3526970,604936.215000472,0.604936
2026-06-23T05:26:22,idle,ue9,3527612,688375.7546546549,0.688376
2026-06-23T05:26:22,idle,ue13,3528226,697315.6702748841,0.697316
2026-06-23T05:26:27,idle,cu_cp,3526118,307071.2884448862,0.307071
2026-06-23T05:26:27,idle,cu_up,3526146,307071.2884448862,0.307071
2026-06-23T05:26:27,idle,du1,3526283,2790472.971203785,2.790473
2026-06-23T05:26:27,idle,du2,3526902,2802398.2068299674,2.802398
2026-06-23T05:26:27,idle,du3,3527551,2802398.2068299674,2.802398
2026-06-23T05:26:27,idle,du4,3528165,2799416.7822208214,2.799417
2026-06-23T05:26:27,idle,ue1,3526347,670786.7518985367,0.670787
2026-06-23T05:26:27,idle,ue5,3526970,637992.7588856363,0.637993
2026-06-23T05:26:27,idle,ue9,3527612,688674.4317839098,0.688674
2026-06-23T05:26:27,idle,ue13,3528226,706562.0538179827,0.706562
2026-06-23T05:26:33,idle,cu_cp,3526118,305287.23075402615,0.305287
2026-06-23T05:26:33,idle,cu_up,3526146,311273.2770113066,0.311273
2026-06-23T05:26:33,idle,du1,3526283,2807445.3657640745,2.807445
2026-06-23T05:26:33,idle,du2,3526902,2804452.357101681,2.804452
2026-06-23T05:26:33,idle,du3,3527551,2813431.3830888607,2.813431
2026-06-23T05:26:33,idle,du4,3528165,2783501.2964649294,2.783501
2026-06-23T05:26:33,idle,ue1,3526347,667441.741823498,0.667442
2026-06-23T05:26:33,idle,ue5,3526970,652476.640646544,0.652477
2026-06-23T05:26:33,idle,ue9,3527612,706350.8544346082,0.706351
2026-06-23T05:26:33,idle,ue13,3528226,700364.8371098221,0.700365
2026-06-23T05:26:38,idle,cu_cp,3526118,302237.11273501755,0.302237
2026-06-23T05:26:38,idle,cu_up,3526146,308222.00347471476,0.308222
2026-06-23T05:26:38,idle,du1,3526283,2806914.8868806646,2.806915
2026-06-23T05:26:38,idle,du2,3526902,2815892.2374769114,2.815892
2026-06-23T05:26:38,idle,du3,3527551,2794945.163348074,2.794945
2026-06-23T05:26:38,idle,du4,3528165,2797937.5362844183,2.797938
2026-06-23T05:26:38,idle,ue1,3526347,685270.2649426484,0.685270
2026-06-23T05:26:38,idle,ue5,3526970,688262.6958257961,0.688263
2026-06-23T05:26:38,idle,ue9,3527612,652353.3513876129,0.652353
2026-06-23T05:26:38,idle,ue13,3528226,700232.4773051905,0.700232
2026-06-23T05:26:43,idle,cu_cp,3526118,313174.61643923074,0.313175
2026-06-23T05:26:43,idle,cu_up,3526146,313174.61643923074,0.313175
2026-06-23T05:26:43,idle,du1,3526283,2806640.964102602,2.806641
2026-06-23T05:26:43,idle,du2,3526902,2785762.781359506,2.785763
2026-06-23T05:26:43,idle,du3,3527551,2794710.6399080516,2.794711
2026-06-23T05:26:43,idle,du4,3528165,2806640.964102602,2.806641
2026-06-23T05:26:43,idle,ue1,3526347,647227.5310241908,0.647228
2026-06-23T05:26:43,idle,ue5,3526970,635297.0337256908,0.635297
2026-06-23T05:26:43,idle,ue9,3527612,653192.7508227825,0.653193
2026-06-23T05:26:43,idle,ue13,3528226,662140.6093713284,0.662141
2026-06-23T05:26:49,idle,cu_cp,3526118,315616.3821148002,0.315616
2026-06-23T05:26:49,idle,cu_up,3526146,315616.3821148002,0.315616
2026-06-23T05:26:49,idle,du1,3526283,2799517.1373650935,2.799517
2026-06-23T05:26:49,idle,du2,3526902,2739550.1552010654,2.739550
2026-06-23T05:26:49,idle,du3,3527551,2790048.7394013,2.790049
2026-06-23T05:26:49,idle,du4,3528165,2783736.4740921045,2.783736
2026-06-23T05:26:49,idle,ue1,3526347,656482.0563297176,0.656482
2026-06-23T05:26:49,idle,ue5,3526970,634388.8968841982,0.634389
2026-06-23T05:26:49,idle,ue9,3527612,637545.0872546297,0.637545
2026-06-23T05:26:49,idle,ue13,3528226,678575.2157752371,0.678575
2026-06-23T05:26:54,idle,cu_cp,3526118,303135.54562034906,0.303136
2026-06-23T05:26:54,idle,cu_up,3526146,319090.0343482822,0.319090
2026-06-23T05:26:54,idle,du1,3526283,2763319.826196313,2.763320
2026-06-23T05:26:54,idle,du2,3526902,2721838.005403018,2.721838
2026-06-23T05:26:54,idle,du3,3527551,2798419.5974819185,2.798420
2026-06-23T05:26:54,idle,du4,3528165,2740983.4611537694,2.740983
2026-06-23T05:26:54,idle,ue1,3526347,644561.8295491219,0.644562
2026-06-23T05:26:54,idle,ue5,3526970,603080.1819489062,0.603080
2026-06-23T05:26:54,idle,ue9,3527612,686043.5926113904,0.686044
2026-06-23T05:26:54,idle,ue13,3528226,711570.8092146993,0.711571
2026-06-23T05:26:59,idle,cu_cp,3526118,306277.81325839105,0.306278
2026-06-23T05:26:59,idle,cu_up,3526146,322229.795020895,0.322230
2026-06-23T05:26:59,idle,du1,3526283,2766071.5199235915,2.766072
2026-06-23T05:26:59,idle,du2,3526902,2820308.27522696,2.820308
2026-06-23T05:26:59,idle,du3,3527551,2820308.27522696,2.820308
2026-06-23T05:26:59,idle,du4,3528165,2743738.9012537813,2.743739
2026-06-23T05:26:59,idle,ue1,3526347,644459.59004179,0.644460
2026-06-23T05:26:59,idle,ue5,3526970,593413.3407263374,0.593413
2026-06-23T05:26:59,idle,ue9,3527612,727409.8605851006,0.727410
2026-06-23T05:26:59,idle,ue13,3528226,708267.5170918059,0.708268
2026-06-23T05:27:04,idle,cu_cp,3526118,302943.3324382007,0.302943
2026-06-23T05:27:04,idle,cu_up,3526146,309321.0852845955,0.309321
2026-06-23T05:27:04,idle,du1,3526283,2771134.204081011,2.771134
2026-06-23T05:27:04,idle,du2,3526902,2793456.613534298,2.793457
2026-06-23T05:27:04,idle,du3,3527551,2822156.4580024052,2.822156
2026-06-23T05:27:04,idle,du4,3528165,2767945.4865736007,2.767945
2026-06-23T05:27:04,idle,ue1,3526347,628208.8431794525,0.628209
2026-06-23T05:27:04,idle,ue5,3526970,589942.3261010838,0.589942
2026-06-23T05:27:04,idle,ue9,3527612,701553.0442536616,0.701553
2026-06-23T05:27:04,idle,ue13,3528226,691986.3716434002,0.691986
2026-06-23T05:27:10,idle,cu_cp,3526118,313263.90226092876,0.313264
2026-06-23T05:27:10,idle,cu_up,3526146,313263.90226092876,0.313264
2026-06-23T05:27:10,idle,du1,3526283,2793802.456482334,2.793802
2026-06-23T05:27:10,idle,du2,3526902,2774623.117771952,2.774623
2026-06-23T05:27:10,idle,du3,3527551,2790605.93862191,2.790606
2026-06-23T05:27:10,idle,du4,3528165,2777819.6356323767,2.777820
2026-06-23T05:27:10,idle,ue1,3526347,664886.5977165389,0.664887
2026-06-23T05:27:10,idle,ue5,3526970,668083.2313508808,0.668083
2026-06-23T05:27:10,idle,ue9,3527612,687262.6279482215,0.687263
2026-06-23T05:27:10,idle,ue13,3528226,693655.779442988,0.693656
2026-06-23T05:27:15,idle,cu_cp,3526118,312872.15404880466,0.312872
2026-06-23T05:27:15,idle,cu_up,3526146,312872.15404880466,0.312872
2026-06-23T05:27:15,idle,du1,3526283,2790308.8430637266,2.790309
2026-06-23T05:27:15,idle,du2,3526902,2799886.5865011835,2.799887
2026-06-23T05:27:15,idle,du3,3527551,2729649.9551710365,2.729650
2026-06-23T05:27:15,idle,du4,3528165,2771153.3561888123,2.771153
2026-06-23T05:27:15,idle,ue1,3526347,638514.5942114175,0.638515
2026-06-23T05:27:15,idle,ue5,3526970,657670.0810863316,0.657670
2026-06-23T05:27:15,idle,ue9,3527612,692788.3390472031,0.692788
2026-06-23T05:27:15,idle,ue13,3528226,689595.796370852,0.689596
2026-06-23T05:27:20,idle,cu_cp,3526118,312472.7608781481,0.312473
2026-06-23T05:27:20,idle,cu_up,3526146,306095.77340633096,0.306096
2026-06-23T05:27:20,idle,du1,3526283,2786747.013326559,2.786747
2026-06-23T05:27:20,idle,du2,3526902,2789935.3485105373,2.789935
2026-06-23T05:27:20,idle,du3,3527551,2780369.8817166234,2.780370
2026-06-23T05:27:20,idle,du4,3528165,2681526.417351527,2.681526
2026-06-23T05:27:20,idle,ue1,3526347,666396.0123921669,0.666396
2026-06-23T05:27:20,idle,ue5,3526970,656830.4879430055,0.656830
2026-06-23T05:27:20,idle,ue9,3527612,669584.5205418873,0.669585
2026-06-23T05:27:20,idle,ue13,3528226,685527.003635242,0.685527
2026-06-23T05:27:26,idle,cu_cp,3526118,320470.54657370865,0.320471
2026-06-23T05:27:26,idle,cu_up,3526146,320470.54657370865,0.320471
2026-06-23T05:27:26,idle,du1,3526283,2779733.9085890963,2.779734
2026-06-23T05:27:26,idle,du2,3526902,2751866.8419807814,2.751867
2026-06-23T05:27:26,idle,du3,3527551,2744900.075328703,2.744900
2026-06-23T05:27:26,idle,du4,3528165,2772766.9117220067,2.772767
2026-06-23T05:27:26,idle,ue1,3526347,661841.3931036532,0.661841
2026-06-23T05:27:26,idle,ue5,3526970,592173.8992441249,0.592174
2026-06-23T05:27:26,idle,ue9,3527612,661841.3931036532,0.661841
2026-06-23T05:27:26,idle,ue13,3528226,661841.3931036532,0.661841
2026-06-23T05:27:31,idle,cu_cp,3526118,317662.66144409624,0.317663
2026-06-23T05:27:31,idle,cu_up,3526146,323656.2933122277,0.323656
2026-06-23T05:27:31,idle,du1,3526283,2763065.699412489,2.763066
2026-06-23T05:27:31,idle,du2,3526902,2745084.8325469494,2.745085
2026-06-23T05:27:31,idle,du3,3527551,2727103.96568141,2.727104
2026-06-23T05:27:31,idle,du4,3528165,2727103.96568141,2.727104
2026-06-23T05:27:31,idle,ue1,3526347,647312.5866244554,0.647313
2026-06-23T05:27:31,idle,ue5,3526970,647312.5866244554,0.647313
2026-06-23T05:27:31,idle,ue9,3527612,671287.1140969812,0.671287
2026-06-23T05:27:31,idle,ue13,3528226,659299.8503607183,0.659300
2026-06-23T05:27:36,idle,cu_cp,3526118,303952.408354246,0.303952
2026-06-23T05:27:36,idle,cu_up,3526146,314617.40717022715,0.314617
2026-06-23T05:27:36,idle,du1,3526283,2714241.5907044266,2.714242
2026-06-23T05:27:36,idle,du2,3526902,2820891.463061805,2.820891
2026-06-23T05:27:36,idle,du3,3527551,2799561.581232276,2.799562
2026-06-23T05:27:36,idle,du4,3528165,2767566.7584879827,2.767567
2026-06-23T05:27:36,idle,ue1,3526347,677227.2800617612,0.677227
2026-06-23T05:27:36,idle,ue5,3526970,650564.8119724166,0.650565
2026-06-23T05:27:36,idle,ue9,3527612,703889.7481511056,0.703890
2026-06-23T05:27:36,idle,ue13,3528226,687892.2788777422,0.687892
2026-06-23T05:27:42,idle,cu_cp,3526118,308752.3455630684,0.308752
2026-06-23T05:27:42,idle,cu_up,3526146,314747.5181009817,0.314748
2026-06-23T05:27:42,idle,du1,3526283,2856708.5275805853,2.856709
2026-06-23T05:27:42,idle,du2,3526902,2874694.103367691,2.874694
2026-06-23T05:27:42,idle,du3,3527551,2787763.7816144372,2.787764
2026-06-23T05:27:42,idle,du4,3528165,2820737.376006374,2.820737
2026-06-23T05:27:42,idle,ue1,3526347,659471.0152382612,0.659471
2026-06-23T05:27:42,idle,ue5,3526970,668463.803131814,0.668464
2026-06-23T05:27:42,idle,ue9,3527612,695442.1668124724,0.695442
2026-06-23T05:27:42,idle,ue13,3528226,722420.5304931307,0.722421
2026-06-23T05:27:47,idle,cu_cp,3526118,298763.5342813593,0.298764
2026-06-23T05:27:47,idle,cu_up,3526146,310714.10570502223,0.310714
2026-06-23T05:27:47,idle,du1,3526283,2814352.577308321,2.814353
2026-06-23T05:27:47,idle,du2,3526902,2766550.5227860427,2.766551
2026-06-23T05:27:47,idle,du3,3527551,2751612.164023731,2.751612
2026-06-23T05:27:47,idle,du4,3528165,2769537.9633661318,2.769538
2026-06-23T05:27:47,idle,ue1,3526347,618440.5396575821,0.618441
2026-06-23T05:27:47,idle,ue5,3526970,672217.9954778785,0.672218
2026-06-23T05:27:47,idle,ue9,3527612,690143.7948202795,0.690144
2026-06-23T05:27:47,idle,ue13,3528226,720020.1077932501,0.720020
2026-06-23T05:27:52,idle,cu_cp,3526118,302881.0330725646,0.302881
2026-06-23T05:27:52,idle,cu_up,3526146,302881.0330725646,0.302881
2026-06-23T05:27:52,idle,du1,3526283,2767501.050576682,2.767501
2026-06-23T05:27:52,idle,du2,3526902,2749684.404037056,2.749684
2026-06-23T05:27:52,idle,du3,3527551,2711081.938626838,2.711082
2026-06-23T05:27:52,idle,du4,3528165,2737806.7932538604,2.737807
2026-06-23T05:27:52,idle,ue1,3526347,602792.6058581221,0.602793
2026-06-23T05:27:52,idle,ue5,3526970,659211.6602167583,0.659212
2026-06-23T05:27:52,idle,ue9,3527612,671089.2709999537,0.671089
2026-06-23T05:27:52,idle,ue13,3528226,688905.8599483717,0.688906
2026-06-23T05:27:58,idle,cu_cp,3526118,311284.4988301277,0.311284
2026-06-23T05:27:58,idle,cu_up,3526146,314249.13122491835,0.314249
2026-06-23T05:27:58,idle,du1,3526283,2757091.2918254854,2.757091
2026-06-23T05:27:58,idle,du2,3526902,2774879.0861942293,2.774879
2026-06-23T05:27:58,idle,du3,3527551,2721516.16432991,2.721516
2026-06-23T05:27:58,idle,du4,3528165,2709657.6347507476,2.709658
2026-06-23T05:27:58,idle,ue1,3526347,652215.1486424446,0.652215
2026-06-23T05:27:58,idle,ue5,3526970,661109.0458268166,0.661109
2026-06-23T05:27:58,idle,ue9,3527612,687790.564414215,0.687791
2026-06-23T05:27:58,idle,ue13,3528226,687790.564414215,0.687791
2026-06-23T05:28:03,idle,cu_cp,3526118,302170.89987648727,0.302171
2026-06-23T05:28:03,idle,cu_up,3526146,308154.46287256986,0.308154
2026-06-23T05:28:03,idle,du1,3526283,2818267.220819409,2.818267
2026-06-23T05:28:03,idle,du2,3526902,2791340.970492041,2.791341
2026-06-23T05:28:03,idle,du3,3527551,2713554.564804969,2.713555
2026-06-23T05:28:03,idle,du4,3528165,2785357.4364086245,2.785357
2026-06-23T05:28:03,idle,ue1,3526347,628276.1095626372,0.628276
2026-06-23T05:28:03,idle,ue5,3526970,670161.1950985461,0.670161
2026-06-23T05:28:03,idle,ue9,3527612,688111.9708247924,0.688112
2026-06-23T05:28:03,idle,ue13,3528226,703070.8638586658,0.703071
2026-06-23T05:28:08,idle,cu_cp,3526118,307179.97739818064,0.307180
2026-06-23T05:28:08,idle,cu_up,3526146,304108.1692120212,0.304108
2026-06-23T05:28:08,idle,du1,3526283,2810696.9773910358,2.810697
2026-06-23T05:28:08,idle,du2,3526902,2816840.5357483365,2.816841
2026-06-23T05:28:08,idle,du3,3527551,2758476.267233834,2.758476
2026-06-23T05:28:08,idle,du4,3528165,2755404.488055184,2.755404
2026-06-23T05:28:08,idle,ue1,3526347,660436.9325512075,0.660437
2026-06-23T05:28:08,idle,ue5,3526970,663508.7697448761,0.663509
2026-06-23T05:28:08,idle,ue9,3527612,700370.351948753,0.700370
2026-06-23T05:28:08,idle,ue13,3528226,700370.351948753,0.700370
2026-06-23T05:28:14,idle,cu_cp,3526118,300653.5890054232,0.300654
2026-06-23T05:28:14,idle,cu_up,3526146,300653.5890054232,0.300654
2026-06-23T05:28:14,idle,du1,3526283,2769850.878512316,2.769851
2026-06-23T05:28:14,idle,du2,3526902,2830621.3552301023,2.830621
2026-06-23T05:28:14,idle,du3,3527551,2776247.8316613627,2.776248
2026-06-23T05:28:14,idle,du4,3528165,2763453.9253632687,2.763454
2026-06-23T05:28:14,idle,ue1,3526347,610902.4342749692,0.610902
2026-06-23T05:28:14,idle,ue5,3526970,674871.3297474635,0.674871
2026-06-23T05:28:14,idle,ue9,3527612,681268.2250766945,0.681268
2026-06-23T05:28:14,idle,ue13,3528226,687665.0625861096,0.687665
2026-06-23T05:28:19,idle,cu_cp,3526118,303407.50873137114,0.303408
2026-06-23T05:28:19,idle,cu_up,3526146,303407.50873137114,0.303408
2026-06-23T05:28:19,idle,du1,3526283,2746636.358317709,2.746636
2026-06-23T05:28:19,idle,du2,3526902,2836061.709838271,2.836062
2026-06-23T05:28:19,idle,du3,3527551,2740248.9157994986,2.740249
2026-06-23T05:28:19,idle,du4,3528165,2797736.5922227623,2.797737
2026-06-23T05:28:19,idle,ue1,3526347,638752.6347467601,0.638753
2026-06-23T05:28:19,idle,ue5,3526970,686659.0895794273,0.686659
2026-06-23T05:28:19,idle,ue9,3527612,680271.589247936,0.680272
2026-06-23T05:28:19,idle,ue13,3528226,625977.5762704968,0.625978
2026-06-23T05:28:24,idle,cu_cp,3526118,311331.53198954347,0.311332
2026-06-23T05:28:24,idle,cu_up,3526146,311331.53198954347,0.311332
2026-06-23T05:28:24,idle,du1,3526283,2785936.0028181435,2.785936
2026-06-23T05:28:24,idle,du2,3526902,2879014.502072749,2.879015
2026-06-23T05:28:24,idle,du3,3527551,2789145.3742156005,2.789145
2026-06-23T05:28:24,idle,du4,3528165,2818031.805018754,2.818032
2026-06-23T05:28:24,idle,ue1,3526347,683645.5290079665,0.683646
2026-06-23T05:28:24,idle,ue5,3526970,667597.5118951035,0.667598
2026-06-23T05:28:24,idle,ue9,3527612,683645.5290079665,0.683646
2026-06-23T05:28:24,idle,ue13,3528226,674016.7187402487,0.674017
2026-06-23T05:28:30,idle,cu_cp,3526118,306058.04267136904,0.306058
2026-06-23T05:28:30,idle,cu_up,3526146,302836.383659285,0.302836
2026-06-23T05:28:30,idle,du1,3526283,2835064.1212584544,2.835064
2026-06-23T05:28:30,idle,du2,3526902,2857615.7343430426,2.857616
2026-06-23T05:28:30,idle,du3,3527551,2783517.57706511,2.783518
2026-06-23T05:28:30,idle,du4,3528165,2851172.4163188743,2.851172
2026-06-23T05:28:30,idle,ue1,3526347,666884.404954403,0.666884
2026-06-23T05:28:30,idle,ue5,3526970,686214.4172300255,0.686214
2026-06-23T05:28:30,idle,ue9,3527612,702322.7122904456,0.702323
2026-06-23T05:28:30,idle,ue13,3528226,705544.3713025296,0.705544
2026-06-23T05:28:35,idle,cu_cp,3526118,304875.8781326008,0.304876
2026-06-23T05:28:35,idle,cu_up,3526146,311294.31032449723,0.311294
2026-06-23T05:28:35,idle,du1,3526283,2811276.557547493,2.811277
2026-06-23T05:28:35,idle,du2,3526902,2830531.621444836,2.830532
2026-06-23T05:28:35,idle,du3,3527551,2801648.792920475,2.801649
2026-06-23T05:28:35,idle,du4,3528165,2817694.9897393896,2.817695
2026-06-23T05:28:35,idle,ue1,3526347,648262.3494165802,0.648262
2026-06-23T05:28:35,idle,ue5,3526970,686773.0589071321,0.686773
2026-06-23T05:28:35,idle,ue9,3527612,686773.0589071321,0.686773
2026-06-23T05:28:35,idle,ue13,3528226,683563.7846415973,0.683564
2026-06-23T05:28:40,idle,cu_cp,3526118,312401.49714173377,0.312401
2026-06-23T05:28:40,idle,cu_up,3526146,315589.2778234631,0.315589
2026-06-23T05:28:40,idle,du1,3526283,2766984.6312743425,2.766985
2026-06-23T05:28:40,idle,du2,3526902,2754233.739328623,2.754234
2026-06-23T05:28:40,idle,du3,3527551,2782923.534682989,2.782924
2026-06-23T05:28:40,idle,du4,3528165,2700041.4677392244,2.700041
2026-06-23T05:28:40,idle,ue1,3526347,650305.1820420027,0.650305
2026-06-23T05:28:40,idle,ue5,3526970,675807.3698005378,0.675807
2026-06-23T05:28:40,idle,ue9,3527612,682182.8734686971,0.682183
2026-06-23T05:28:40,idle,ue13,3528226,624802.9942834675,0.624803
2026-06-23T05:28:45,idle,cu_cp,3526118,312256.91022766026,0.312257
2026-06-23T05:28:45,idle,cu_up,3526146,312256.91022766026,0.312257
2026-06-23T05:28:45,idle,du1,3526283,2810312.162974398,2.810312
2026-06-23T05:28:45,idle,du2,3526902,2840050.7695721914,2.840051
2026-06-23T05:28:45,idle,du3,3527551,2773138.8465780686,2.773139
2026-06-23T05:28:45,idle,du4,3528165,2817746.8727729344,2.817747
2026-06-23T05:28:45,idle,ue1,3526347,646817.8917018414,0.646818
2026-06-23T05:28:45,idle,ue5,3526970,683991.3243963468,0.683991
2026-06-23T05:28:45,idle,ue9,3527612,713730.105441404,0.713730
2026-06-23T05:28:45,idle,ue13,3528226,646817.8917018414,0.646818
2026-06-23T05:28:51,idle,cu_cp,3526118,311851.70096708357,0.311852
2026-06-23T05:28:51,idle,cu_up,3526146,318216.0273131222,0.318216
2026-06-23T05:28:51,idle,du1,3526283,2787572.387663398,2.787572
2026-06-23T05:28:51,idle,du2,3526902,2800301.040355475,2.800301
2026-06-23T05:28:51,idle,du3,3527551,2793936.5980139137,2.793937
2026-06-23T05:28:51,idle,du4,3528165,2749386.4295871663,2.749386
2026-06-23T05:28:51,idle,ue1,3526347,706439.5864349073,0.706440
2026-06-23T05:28:51,idle,ue5,3526970,661889.3600103987,0.661889
2026-06-23T05:28:51,idle,ue9,3527612,700075.2600888688,0.700075
2026-06-23T05:28:51,idle,ue13,3528226,623703.4019341671,0.623703
2026-06-23T05:28:56,idle,cu_cp,3526118,311028.40008877515,0.311028
2026-06-23T05:28:56,idle,cu_up,3526146,311028.40008877515,0.311028
2026-06-23T05:28:56,idle,du1,3526283,2793701.582451439,2.793702
2026-06-23T05:28:56,idle,du2,3526902,2804809.6191465138,2.804810
2026-06-23T05:28:56,idle,du3,3527551,2860350.5004067183,2.860351
2026-06-23T05:28:56,idle,du4,3528165,2804809.6191465138,2.804810
2026-06-23T05:28:56,idle,ue1,3526347,672043.5467927456,0.672044
2026-06-23T05:28:56,idle,ue5,3526970,666489.4121477365,0.666489
2026-06-23T05:28:56,idle,ue9,3527612,716476.1587629318,0.716476
2026-06-23T05:28:56,idle,ue13,3528226,722030.2352592051,0.722030
2026-06-23T05:29:02,idle,cu_cp,3526118,303527.8930346221,0.303528
2026-06-23T05:29:02,idle,cu_up,3526146,308423.5102805346,0.308424
2026-06-23T05:29:02,idle,du1,3526283,2770915.8884607553,2.770916
2026-06-23T05:29:02,idle,du2,3526902,2810080.8264280558,2.810081
2026-06-23T05:29:02,idle,du3,3527551,2824767.6781657934,2.824768
2026-06-23T05:29:02,idle,du4,3528165,2770915.8884607553,2.770916
2026-06-23T05:29:02,idle,ue1,3526347,607055.7860692441,0.607056
2026-06-23T05:29:02,idle,ue5,3526970,651116.3412824571,0.651116
2026-06-23T05:29:02,idle,ue9,3527612,695176.7807381451,0.695177
2026-06-23T05:29:02,idle,ue13,3528226,690281.221370995,0.690281
2026-06-23T05:29:07,idle,cu_cp,3526118,315203.073644802,0.315203
2026-06-23T05:29:07,idle,cu_up,3526146,312201.1520777494,0.312201
2026-06-23T05:29:07,idle,du1,3526283,2773787.164439082,2.773787
2026-06-23T05:29:07,idle,du2,3526902,2839829.555279064,2.839830
2026-06-23T05:29:07,idle,du3,3527551,2782792.8709578277,2.782793
2026-06-23T05:29:07,idle,du4,3528165,2776789.144188547,2.776789
2026-06-23T05:29:07,idle,ue1,3526347,624402.3041554987,0.624402
2026-06-23T05:29:07,idle,ue5,3526970,699450.6342438757,0.699451
2026-06-23T05:29:07,idle,ue9,3527612,708456.3989450336,0.708456
2026-06-23T05:29:07,idle,ue13,3528226,711458.3786944986,0.711458
2026-06-23T05:29:12,idle,cu_cp,3526118,309616.92846672056,0.309617
2026-06-23T05:29:12,idle,cu_up,3526146,309616.92846672056,0.309617
2026-06-23T05:29:12,idle,du1,3526283,2789529.3530431367,2.789529
2026-06-23T05:29:12,idle,du2,3526902,2756781.4620908736,2.756781
2026-06-23T05:29:12,idle,du3,3527551,2789529.3530431367,2.789529
2026-06-23T05:29:12,idle,du4,3528165,2712125.352347231,2.712125
2026-06-23T05:29:12,idle,ue1,3526347,646027.6384900141,0.646028
2026-06-23T05:29:12,idle,ue5,3526970,651981.8057408977,0.651982
2026-06-23T05:29:12,idle,ue9,3527612,678775.5872974705,0.678776
2026-06-23T05:29:12,idle,ue13,3528226,693660.9764970827,0.693661
2026-06-23T05:29:18,idle,cu_cp,3526118,305404.6438153839,0.305405
2026-06-23T05:29:18,idle,cu_up,3526146,308398.7910185945,0.308399
2026-06-23T05:29:18,idle,du1,3526283,2802536.676723089,2.802537
2026-06-23T05:29:18,idle,du2,3526902,2799542.413156457,2.799542
2026-06-23T05:29:18,idle,du3,3527551,2850443.264701302,2.850443
2026-06-23T05:29:18,idle,du4,3528165,2772594.97196414,2.772595
2026-06-23T05:29:18,idle,ue1,3526347,664704.2281971127,0.664704
2026-06-23T05:29:18,idle,ue5,3526970,652727.5812025595,0.652728
2026-06-23T05:29:18,idle,ue9,3527612,724587.4631698787,0.724587
2026-06-23T05:29:18,idle,ue13,3528226,709616.6689721149,0.709617
2026-06-23T05:29:23,idle,cu_cp,3526118,314822.0844356775,0.314822
2026-06-23T05:29:23,idle,cu_up,3526146,326930.6374362737,0.326931
2026-06-23T05:29:23,idle,du1,3526283,2875778.76881814,2.875779
2026-06-23T05:29:23,idle,du2,3526902,2863670.127743597,2.863670
2026-06-23T05:29:23,idle,du3,3527551,2872751.608549504,2.872752
2026-06-23T05:29:23,idle,du4,3528165,2857615.8072063257,2.857616
2026-06-23T05:29:23,idle,ue1,3526347,693214.0060690248,0.693214
2026-06-23T05:29:23,idle,ue5,3526970,687159.7442477179,0.687160
2026-06-23T05:29:23,idle,ue9,3527612,729539.6944287956,0.729540
2026-06-23T05:29:23,idle,ue13,3528226,708349.6899802744,0.708350
2026-06-23T05:29:28,idle,cu_cp,3526118,313953.76699897647,0.313954
2026-06-23T05:29:28,idle,cu_up,3526146,320049.957498596,0.320050
2026-06-23T05:29:28,idle,du1,3526283,2795102.8630298306,2.795103
2026-06-23T05:29:28,idle,du2,3526902,2807295.1857204963,2.807295
2026-06-23T05:29:28,idle,du3,3527551,2831680.064336121,2.831680
2026-06-23T05:29:28,idle,du4,3528165,2810343.3247017357,2.810343
2026-06-23T05:29:28,idle,ue1,3526347,670580.838341003,0.670581
2026-06-23T05:29:28,idle,ue5,3526970,673628.9190136695,0.673629
2026-06-23T05:29:28,idle,ue9,3527612,722398.4430106259,0.722398
2026-06-23T05:29:28,idle,ue13,3528226,704109.8423574805,0.704110
2026-06-23T05:29:34,idle,cu_cp,3526118,319200.44429786503,0.319200
2026-06-23T05:29:34,idle,cu_up,3526146,319200.44429786503,0.319200
2026-06-23T05:29:34,idle,du1,3526283,2821216.1524146795,2.821216
2026-06-23T05:29:34,idle,du2,3526902,2834113.0048781633,2.834113
2026-06-23T05:29:34,idle,du3,3527551,2827664.5786464214,2.827665
2026-06-23T05:29:34,idle,du4,3528165,2830888.908138871,2.830889
2026-06-23T05:29:34,idle,ue1,3526347,670643.368884176,0.670643
2026-06-23T05:29:34,idle,ue5,3526970,660970.6713482738,0.660971
2026-06-23T05:29:34,idle,ue9,3527612,706110.0622884929,0.706110
2026-06-23T05:29:34,idle,ue13,3528226,683540.395912528,0.683540
2026-06-23T05:29:39,idle,cu_cp,3526118,310929.5338878107,0.310930
2026-06-23T05:29:39,idle,cu_up,3526146,330162.30857049226,0.330162
2026-06-23T05:29:39,idle,du1,3526283,2824009.408005352,2.824009
2026-06-23T05:29:39,idle,du2,3526902,2820804.0952291107,2.820804
2026-06-23T05:29:39,idle,du3,3527551,2807982.1488788035,2.807982
2026-06-23T05:29:39,idle,du4,3528165,2750283.969673538,2.750284
2026-06-23T05:29:39,idle,ue1,3526347,657119.1305534077,0.657119
2026-06-23T05:29:39,idle,ue5,3526970,676351.8762675333,0.676352
2026-06-23T05:29:39,idle,ue9,3527612,692379.1933311939,0.692379
2026-06-23T05:29:39,idle,ue13,3528226,625064.5543631982,0.625065
2026-06-23T05:29:44,idle,cu_cp,3526118,314114.72088816494,0.314115
2026-06-23T05:29:44,idle,cu_up,3526146,320525.21357333957,0.320525
2026-06-23T05:29:44,idle,du1,3526283,2827032.5748906755,2.827033
2026-06-23T05:29:44,idle,du2,3526902,2807800.9520064997,2.807801
2026-06-23T05:29:44,idle,du3,3527551,2836648.270469842,2.836648
2026-06-23T05:29:44,idle,du4,3528165,2737285.387640927,2.737285
2026-06-23T05:29:44,idle,ue1,3526347,673102.9774697435,0.673103
2026-06-23T05:29:44,idle,ue5,3526970,660281.9920993942,0.660282
2026-06-23T05:29:44,idle,ue9,3527612,708360.75965253,0.708361
2026-06-23T05:29:44,idle,ue13,3528226,621818.9201254249,0.621819
2026-06-23T05:29:50,idle,cu_cp,3526118,311971.9747512549,0.311972
2026-06-23T05:29:50,idle,cu_up,3526146,311971.9747512549,0.311972
2026-06-23T05:29:50,idle,du1,3526283,2830261.2190372706,2.830261
2026-06-23T05:29:50,idle,du2,3526902,2820612.5742666246,2.820613
2026-06-23T05:29:50,idle,du3,3527551,2827045.0041137217,2.827045
2026-06-23T05:29:50,idle,du4,3528165,2804531.499648881,2.804531
2026-06-23T05:29:50,idle,ue1,3526347,672187.0569780112,0.672187
2026-06-23T05:29:50,idle,ue5,3526970,675403.2719015598,0.675403
2026-06-23T05:29:50,idle,ue9,3527612,710781.5196828663,0.710782
2026-06-23T05:29:50,idle,ue13,3528226,643241.1808549374,0.643241
2026-06-23T05:29:55,idle,cu_cp,3526118,306627.332901988,0.306627
2026-06-23T05:29:55,idle,cu_up,3526146,306627.332901988,0.306627
2026-06-23T05:29:55,idle,du1,3526283,2769227.884434471,2.769228
2026-06-23T05:29:55,idle,du2,3526902,2791586.172913704,2.791586
2026-06-23T05:29:55,idle,du3,3527551,2797974.3874443434,2.797974
2026-06-23T05:29:55,idle,du4,3528165,2801168.2635206603,2.801168
2026-06-23T05:29:55,idle,ue1,3526347,664359.2261040783,0.664359
2026-06-23T05:29:55,idle,ue5,3526970,651583.0282318019,0.651583
2026-06-23T05:29:55,idle,ue9,3527612,677135.3661791038,0.677135
2026-06-23T05:29:55,idle,ue13,3528226,642000.9376248455,0.642001
2026-06-23T05:30:00,idle,cu_cp,3526118,312208.78267961025,0.312209
2026-06-23T05:30:00,idle,cu_up,3526146,302651.39097524644,0.302651
2026-06-23T05:30:00,idle,du1,3526283,2742977.3021859457,2.742977
2026-06-23T05:30:00,idle,du2,3526902,2787578.5403753757,2.787579
2026-06-23T05:30:00,idle,du3,3527551,2813064.995156078,2.813065
2026-06-23T05:30:00,idle,du4,3528165,2707933.5710544777,2.707934
2026-06-23T05:30:00,idle,ue1,3526347,621231.7873500324,0.621232
2026-06-23T05:30:00,idle,ue5,3526970,646718.242130735,0.646718
2026-06-23T05:30:00,idle,ue9,3527612,662647.2475302744,0.662647
2026-06-23T05:30:00,idle,ue13,3528226,614860.1736548566,0.614860
2026-06-23T05:30:05,idle,cu_cp,3526118,304760.49254176614,0.304760
2026-06-23T05:30:05,idle,cu_up,3526146,312379.5048553103,0.312380
2026-06-23T05:30:05,idle,du1,3526283,2796177.576690533,2.796178
2026-06-23T05:30:05,idle,du2,3526902,2803796.5313842488,2.803797
2026-06-23T05:30:05,idle,du3,3527551,2742844.4328758954,2.742844
2026-06-23T05:30:05,idle,du4,3528165,2735225.47818218,2.735225
2026-06-23T05:30:05,idle,ue1,3526347,609520.9850835323,0.609521
2026-06-23T05:30:05,idle,ue5,3526970,685711.1082189739,0.685711
2026-06-23T05:30:05,idle,ue9,3527612,624759.0097106206,0.624759
2026-06-23T05:30:05,idle,ue13,3528226,617139.9973970765,0.617140
2026-06-23T05:30:11,idle,cu_cp,3526118,313904.3581073141,0.313904
2026-06-23T05:30:11,idle,cu_up,3526146,313904.3581073141,0.313904
2026-06-23T05:30:11,idle,du1,3526283,2753202.8021614836,2.753203
2026-06-23T05:30:11,idle,du2,3526902,2772821.5561072542,2.772822
2026-06-23T05:30:11,idle,du3,3527551,2818599.417322998,2.818599
2026-06-23T05:30:11,idle,du4,3528165,2740123.479129181,2.740123
2026-06-23T05:30:11,idle,ue1,3526347,621269.0546984768,0.621269
2026-06-23T05:30:11,idle,ue5,3526970,653967.362279234,0.653967
2026-06-23T05:30:11,idle,ue9,3527612,673586.4044783593,0.673586
2026-06-23T05:30:11,idle,ue13,3528226,608189.6740155029,0.608190
2026-06-23T05:30:16,idle,cu_cp,3526118,308785.4173851165,0.308785
2026-06-23T05:30:16,idle,cu_up,3526146,308785.4173851165,0.308785
2026-06-23T05:30:16,idle,du1,3526283,2830532.920133305,2.830533
2026-06-23T05:30:16,idle,du2,3526902,2836251.395969336,2.836251
2026-06-23T05:30:16,idle,du3,3527551,2790505.214705653,2.790505
2026-06-23T05:30:16,idle,du4,3528165,2716168.047482872,2.716168
2026-06-23T05:30:16,idle,ue1,3526347,651880.3546162402,0.651880
2026-06-23T05:30:16,idle,ue5,3526970,646162.1109837187,0.646162
2026-06-23T05:30:16,idle,ue9,3527612,663316.8418812836,0.663317
2026-06-23T05:30:16,idle,ue13,3528226,651880.3546162402,0.651880
2026-06-23T05:30:21,idle,cu_cp,3526118,311489.3610965371,0.311489
2026-06-23T05:30:21,idle,cu_up,3526146,301441.3209146452,0.301441
2026-06-23T05:30:21,idle,du1,3526283,2728044.049530296,2.728044
2026-06-23T05:30:21,idle,du2,3526902,2717995.9804839324,2.717996
2026-06-23T05:30:21,idle,du3,3527551,2788332.232892704,2.788332
2026-06-23T05:30:21,idle,du4,3528165,2707947.9114375687,2.707948
2026-06-23T05:30:21,idle,ue1,3526347,663170.8829206419,0.663171
2026-06-23T05:30:21,idle,ue5,3526970,663170.8829206419,0.663171
2026-06-23T05:30:21,idle,ue9,3527612,658146.9061264038,0.658147
2026-06-23T05:30:21,idle,ue13,3528226,668194.9174438238,0.668195
2026-06-23T05:30:27,idle,cu_cp,3526118,306532.0300762743,0.306532
2026-06-23T05:30:27,idle,cu_up,3526146,303556.01532078086,0.303556
2026-06-23T05:30:27,idle,du1,3526283,2752836.327736187,2.752836
2026-06-23T05:30:27,idle,du2,3526902,2764740.386758161,2.764740
2026-06-23T05:30:27,idle,du3,3527551,2705219.6299911975,2.705220
2026-06-23T05:30:27,idle,du4,3528165,2687363.4260439635,2.687363
2026-06-23T05:30:27,idle,ue1,3526347,654728.6129722774,0.654729
2026-06-23T05:30:27,idle,ue5,3526970,636872.4090250432,0.636872
2026-06-23T05:30:27,idle,ue9,3527612,687465.0638183892,0.687465
2026-06-23T05:30:27,idle,ue13,3528226,672584.8746266484,0.672585
2026-06-23T05:30:32,idle,cu_cp,3526118,308670.9245882979,0.308671
2026-06-23T05:30:32,idle,cu_up,3526146,302677.30367690354,0.302677
2026-06-23T05:30:32,idle,du1,3526283,2802012.834011233,2.802013
2026-06-23T05:30:32,idle,du2,3526902,2834977.690881953,2.834978
2026-06-23T05:30:32,idle,du3,3527551,2796019.0968159414,2.796019
2026-06-23T05:30:32,idle,du4,3528165,2825987.085089016,2.825987
2026-06-23T05:30:32,idle,ue1,3526347,665290.7001838535,0.665291
2026-06-23T05:30:32,idle,ue5,3526970,656300.268816762,0.656300
2026-06-23T05:30:32,idle,ue9,3527612,719233.2302444541,0.719233
2026-06-23T05:30:32,idle,ue13,3528226,689265.183829431,0.689265
2026-06-23T05:30:38,idle,cu_cp,3526118,317989.4276671171,0.317989
2026-06-23T05:30:38,idle,cu_up,3526146,326989.14407908916,0.326989
2026-06-23T05:30:38,idle,du1,3526283,2810906.5431959154,2.810907
2026-06-23T05:30:38,idle,du2,3526902,2819906.2596078874,2.819906
2026-06-23T05:30:38,idle,du3,3527551,2798906.921313286,2.798907
2026-06-23T05:30:38,idle,du4,3528165,2810906.5431959154,2.810907
2026-06-23T05:30:38,idle,ue1,3526347,653978.2881581783,0.653978
2026-06-23T05:30:38,idle,ue5,3526970,674977.568324089,0.674978
2026-06-23T05:30:38,idle,ue9,3527612,698976.8120893479,0.698977
2026-06-23T05:30:38,idle,ue13,3528226,692976.9430193424,0.692977
2026-06-23T05:30:43,dl,cu_cp,3526118,302646.54392316344,0.302647
2026-06-23T05:30:43,dl,cu_up,3526146,305643.05443514587,0.305643
2026-06-23T05:30:43,dl,du1,3526283,2792738.3753673937,2.792738
2026-06-23T05:30:43,dl,du2,3526902,2849672.1041746903,2.849672
2026-06-23T05:30:43,dl,du3,3527551,2801728.168620014,2.801728
2026-06-23T05:30:43,dl,du4,3528165,2807720.8988476754,2.807721
2026-06-23T05:30:43,dl,ue1,3526347,659230.1025842285,0.659230
2026-06-23T05:30:43,dl,ue5,3526970,695188.1124094963,0.695188
2026-06-23T05:30:43,dl,ue9,3527612,686198.6099531794,0.686199
2026-06-23T05:30:43,dl,ue13,3528226,662226.5840165806,0.662227
2026-06-23T05:30:48,dl,cu_cp,3526118,369617.0701889068,0.369617
2026-06-23T05:30:48,dl,cu_up,3526146,770035.5905945152,0.770036
2026-06-23T05:30:48,dl,du1,3526283,3809109.374844408,3.809109
2026-06-23T05:30:48,dl,du2,3526902,3833065.8736732244,3.833066
2026-06-23T05:30:48,dl,du3,3527551,3757773.336393261,3.757773
2026-06-23T05:30:48,dl,du4,3528165,3740661.589505422,3.740662
2026-06-23T05:30:48,dl,ue1,3526347,2227969.416080302,2.227969
2026-06-23T05:30:48,dl,ue5,3526970,2227969.416080302,2.227969
2026-06-23T05:30:48,dl,ue9,3527612,2156099.6536646425,2.156100
2026-06-23T05:30:48,dl,ue13,3528226,2097919.129201728,2.097919
2026-06-23T05:30:54,dl,cu_cp,3526118,403818.4665880537,0.403818
2026-06-23T05:30:54,dl,cu_up,3526146,976856.1380630493,0.976856
2026-06-23T05:30:54,dl,du1,3526283,4180482.9401527406,4.180483
2026-06-23T05:30:54,dl,du2,3526902,4222787.339554939,4.222787
2026-06-23T05:30:54,dl,du3,3527551,4207403.870767479,4.207404
2026-06-23T05:30:54,dl,du4,3528165,4165099.191838646,4.165099
2026-06-23T05:30:54,dl,ue1,3526347,2911338.9384415057,2.911339
2026-06-23T05:30:54,dl,ue5,3526970,2911338.9384415057,2.911339
2026-06-23T05:30:54,dl,ue9,3527612,2769041.153340912,2.769041
2026-06-23T05:30:54,dl,ue13,3528226,2745965.670633087,2.745966
2026-06-23T05:30:59,dl,cu_cp,3526118,417182.78258949873,0.417183
2026-06-23T05:30:59,dl,cu_up,3526146,934798.4605235601,0.934798
2026-06-23T05:30:59,dl,du1,3526283,4156376.6596723176,4.156377
2026-06-23T05:30:59,dl,du2,3526902,4225907.082617226,4.225907
2026-06-23T05:30:59,dl,du3,3527551,4183416.392999172,4.183416
2026-06-23T05:30:59,dl,du4,3528165,4229769.821690026,4.229770
2026-06-23T05:30:59,dl,ue1,3526347,2897102.7287924862,2.897103
2026-06-23T05:30:59,dl,ue5,3526970,2908690.9460108853,2.908691
2026-06-23T05:30:59,dl,ue9,3527612,2750316.124848442,2.750316
2026-06-23T05:30:59,dl,ue13,3528226,2781218.5972480965,2.781219
2026-06-23T05:31:09,dl,cu_cp,3526118,409502.00302052975,0.409502
2026-06-23T05:31:09,dl,cu_up,3526146,942627.1325279975,0.942627
2026-06-23T05:31:09,dl,du1,3526283,4226369.458300152,4.226369
2026-06-23T05:31:09,dl,du2,3526902,4249548.572283926,4.249549
2026-06-23T05:31:09,dl,du3,3527551,4176147.3474685573,4.176147
2026-06-23T05:31:09,dl,du4,3528165,4191600.3690044405,4.191600
2026-06-23T05:31:09,dl,ue1,3526347,2769933.264024515,2.769933
2026-06-23T05:31:09,dl,ue5,3526970,2812428.7246481515,2.812429
2026-06-23T05:31:09,dl,ue9,3527612,2754480.242488632,2.754480
2026-06-23T05:31:09,dl,ue13,3528226,2789249.331784344,2.789249
2026-06-23T05:31:15,dl,cu_cp,3526118,407168.9646824664,0.407169
2026-06-23T05:31:15,dl,cu_up,3526146,926794.092168343,0.926794
2026-06-23T05:31:15,dl,du1,3526283,4250068.227878175,4.250068
2026-06-23T05:31:15,dl,du2,3526902,4273335.029875965,4.273335
2026-06-23T05:31:15,dl,du3,3527551,4176390.1152569912,4.176390
2026-06-23T05:31:15,dl,du4,3528165,4172511.846398263,4.172512
2026-06-23T05:31:15,dl,ue1,3526347,2819160.186129527,2.819160
2026-06-23T05:31:15,dl,ue5,3526970,2838549.000384047,2.838549
2026-06-23T05:31:15,dl,ue9,3527612,2764870.8877628637,2.764871
2026-06-23T05:31:15,dl,ue13,3528226,2795893.3841317366,2.795893
2026-06-23T05:31:20,dl,cu_cp,3526118,416784.5147704053,0.416785
2026-06-23T05:31:20,dl,cu_up,3526146,941624.3363107038,0.941624
2026-06-23T05:31:20,dl,du1,3526283,4233450.4052956365,4.233450
2026-06-23T05:31:20,dl,du2,3526902,4233450.4052956365,4.233450
2026-06-23T05:31:20,dl,du3,3527551,4148550.027039971,4.148550
2026-06-23T05:31:20,dl,du4,3528165,4179422.891860213,4.179423
2026-06-23T05:31:20,dl,ue1,3526347,2848027.6575472928,2.848028
2026-06-23T05:31:20,dl,ue5,3526970,2863464.0899574137,2.863464
2026-06-23T05:31:20,dl,ue9,3527612,2732254.1345723392,2.732254
2026-06-23T05:31:20,dl,ue13,3528226,2801718.0804178836,2.801718
2026-06-23T05:31:25,dl,cu_cp,3526118,413711.64826266945,0.413712
2026-06-23T05:31:25,dl,cu_up,3526146,902643.6026167602,0.902644
2026-06-23T05:31:25,dl,du1,3526283,4118311.6351647973,4.118312
2026-06-23T05:31:25,dl,du2,3526902,4212336.85919841,4.212337
2026-06-23T05:31:25,dl,du3,3527551,4184129.2356040906,4.184129
2026-06-23T05:31:25,dl,du4,3528165,4202934.224026578,4.202934
2026-06-23T05:31:25,dl,ue1,3526347,2811358.878496611,2.811359
2026-06-23T05:31:25,dl,ue5,3526970,2895981.4673583913,2.895981
2026-06-23T05:31:25,dl,ue9,3527612,2717333.372541819,2.717333
2026-06-23T05:31:25,dl,ue13,3528226,2792553.608152945,2.792554
2026-06-23T05:31:31,dl,cu_cp,3526118,407198.33464268775,0.407198
2026-06-23T05:31:31,dl,cu_up,3526146,931857.7334052473,0.931858
2026-06-23T05:31:31,dl,du1,3526283,4189444.4804563094,4.189444
2026-06-23T05:31:31,dl,du2,3526902,4189444.4804563094,4.189444
2026-06-23T05:31:31,dl,du3,3527551,4173783.0611679745,4.173783
2026-06-23T05:31:31,dl,du4,3528165,4228598.028677147,4.228598
2026-06-23T05:31:31,dl,ue1,3526347,2834726.678527019,2.834727
2026-06-23T05:31:31,dl,ue5,3526970,2873880.5063860966,2.873881
2026-06-23T05:31:31,dl,ue9,3527612,2725096.4638704346,2.725096
2026-06-23T05:31:31,dl,ue13,3528226,2779911.711017847,2.779912
2026-06-23T05:31:36,dl,cu_cp,3526118,394752.8480217883,0.394753
2026-06-23T05:31:36,dl,cu_up,3526146,903248.0853821033,0.903248
2026-06-23T05:31:36,dl,du1,3526283,4168322.3695470546,4.168322
2026-06-23T05:31:36,dl,du2,3526902,4188394.967601585,4.188395
2026-06-23T05:31:36,dl,du3,3527551,4148250.3314054394,4.148250
2026-06-23T05:31:36,dl,du4,3528165,4181704.008264589,4.181704
2026-06-23T05:31:36,dl,ue1,3526347,2836868.2142132567,2.836868
2026-06-23T05:31:36,dl,ue5,3526970,2729816.5042552687,2.729817
2026-06-23T05:31:36,dl,ue9,3527612,2716434.8655377342,2.716435
2026-06-23T05:31:36,dl,ue13,3528226,2776651.5398754952,2.776652
2026-06-23T05:31:42,dl,cu_cp,3526118,408032.38841002225,0.408032
2026-06-23T05:31:42,dl,cu_up,3526146,922508.0695416545,0.922508
2026-06-23T05:31:42,dl,du1,3526283,4186767.3170355223,4.186767
2026-06-23T05:31:42,dl,du2,3526902,4222248.391240444,4.222248
2026-06-23T05:31:42,dl,du3,3527551,4180853.6644543456,4.180854
2026-06-23T05:31:42,dl,du4,3528165,4169026.6397193717,4.169027
2026-06-23T05:31:42,dl,ue1,3526347,2844399.5889749145,2.844400
2026-06-23T05:31:42,dl,ue5,3526970,2808918.514769993,2.808919
2026-06-23T05:31:42,dl,ue9,3527612,2779351.093146248,2.779351
2026-06-23T05:31:42,dl,ue13,3528226,2808918.514769993,2.808919
2026-06-23T05:31:47,dl,cu_cp,3526118,407199.04962746444,0.407199
2026-06-23T05:31:47,dl,cu_up,3526146,951332.2383286762,0.951332
2026-06-23T05:31:47,dl,du1,3526283,4205321.337874047,4.205321
2026-06-23T05:31:47,dl,du2,3526902,4208924.635348392,4.208925
2026-06-23T05:31:47,dl,du3,3527551,4180096.5726872254,4.180097
2026-06-23T05:31:47,dl,du4,3528165,4158475.6659302185,4.158476
2026-06-23T05:31:47,dl,ue1,3526347,2807151.0430421997,2.807151
2026-06-23T05:31:47,dl,ue5,3526970,2771115.543999138,2.771116
2026-06-23T05:31:47,dl,ue9,3527612,2771115.543999138,2.771116
2026-06-23T05:31:47,dl,ue13,3528226,2763908.6685727146,2.763909
2026-06-23T05:31:52,dl,cu_cp,3526118,399651.1448837596,0.399651
2026-06-23T05:31:52,dl,cu_up,3526146,881373.5400950634,0.881374
2026-06-23T05:31:52,dl,du1,3526283,4185632.089259405,4.185632
2026-06-23T05:31:52,dl,du2,3526902,4174927.1921861125,4.174927
2026-06-23T05:31:52,dl,du3,3527551,4121402.4272454237,4.121402
2026-06-23T05:31:52,dl,du4,3528165,4135675.5301517393,4.135676
2026-06-23T05:31:52,dl,ue1,3526347,2804694.775320144,2.804695
2026-06-23T05:31:52,dl,ue5,3526970,2804694.775320144,2.804695
2026-06-23T05:31:52,dl,ue9,3527612,2744033.319139185,2.744033
2026-06-23T05:31:52,dl,ue13,3528226,2747601.8045464326,2.747602
2026-06-23T05:31:58,dl,cu_cp,3526118,390313.4296229517,0.390313
2026-06-23T05:31:58,dl,cu_up,3526146,927442.0050636398,0.927442
2026-06-23T05:31:58,dl,du1,3526283,4193183.2908035875,4.193183
2026-06-23T05:31:58,dl,du2,3526902,4178860.0597036886,4.178860
2026-06-23T05:31:58,dl,du3,3527551,4146632.580034733,4.146633
2026-06-23T05:31:58,dl,du4,3528165,4186021.8150497605,4.186022
2026-06-23T05:31:58,dl,ue1,3526347,2821715.3900020695,2.821715
2026-06-23T05:31:58,dl,ue5,3526970,2753679.133602755,2.753679
2026-06-23T05:31:58,dl,ue9,3527612,2764421.6268257406,2.764422
2026-06-23T05:31:58,dl,ue13,3528226,2789487.630740869,2.789488
2026-06-23T05:32:03,dl,cu_cp,3526118,400928.2059099913,0.400928
2026-06-23T05:32:03,dl,cu_up,3526146,923566.7950872374,0.923567
2026-06-23T05:32:03,dl,du1,3526283,4206166.4284084225,4.206166
2026-06-23T05:32:03,dl,du2,3526902,4238383.891048479,4.238384
2026-06-23T05:32:03,dl,du3,3527551,4170369.3723001955,4.170369
2026-06-23T05:32:03,dl,du4,3528165,4224064.956462536,4.224065
2026-06-23T05:32:03,dl,ue1,3526347,2792178.506783996,2.792179
2026-06-23T05:32:03,dl,ue5,3526970,2795758.100252166,2.795758
2026-06-23T05:32:03,dl,ue9,3527612,2756381.450675769,2.756381
2026-06-23T05:32:03,dl,ue13,3528226,2820816.375955882,2.820816
2026-06-23T05:32:09,dl,cu_cp,3526118,404316.753782998,0.404317
2026-06-23T05:32:09,dl,cu_up,3526146,952222.6396792668,0.952223
2026-06-23T05:32:09,dl,du1,3526283,4224543.442843284,4.224543
2026-06-23T05:32:09,dl,du2,3526902,4250993.909555082,4.250994
2026-06-23T05:32:09,dl,du3,3527551,4201871.252494853,4.201871
2026-06-23T05:32:09,dl,du4,3528165,4239657.95505688,4.239658
2026-06-23T05:32:09,dl,ue1,3526347,2860446.6877672123,2.860447
2026-06-23T05:32:09,dl,ue5,3526970,2822659.9852051856,2.822660
2026-06-23T05:32:09,dl,ue9,3527612,2765980.2127141715,2.765980
2026-06-23T05:32:09,dl,ue13,3528226,2822659.9852051856,2.822660
2026-06-23T05:32:14,dl,cu_cp,3526118,395911.6121856314,0.395912
2026-06-23T05:32:14,dl,cu_up,3526146,900504.8117594707,0.900505
2026-06-23T05:32:14,dl,du1,3526283,4164834.7456168984,4.164835
2026-06-23T05:32:14,dl,du2,3526902,4226938.830594058,4.226939
2026-06-23T05:32:14,dl,du3,3527551,4188123.7073181057,4.188124
2026-06-23T05:32:14,dl,du4,3528165,4195886.7881054785,4.195887
2026-06-23T05:32:14,dl,ue1,3526347,2876181.577872238,2.876182
2026-06-23T05:32:14,dl,ue5,3526970,2891707.178125162,2.891707
2026-06-23T05:32:14,dl,ue9,3527612,2748092.4288460542,2.748092
2026-06-23T05:32:14,dl,ue13,3528226,2779144.1906737234,2.779144
2026-06-23T05:32:19,dl,cu_cp,3526118,398781.83770570904,0.398782
2026-06-23T05:32:19,dl,cu_up,3526146,917585.4108983445,0.917585
2026-06-23T05:32:19,dl,du1,3526283,4173658.585303059,4.173659
2026-06-23T05:32:19,dl,du2,3526902,4169787.058776176,4.169787
2026-06-23T05:32:19,dl,du3,3527551,4169787.058776176,4.169787
2026-06-23T05:32:19,dl,du4,3528165,4173658.585303059,4.173659
2026-06-23T05:32:19,dl,ue1,3526347,2803087.758745866,2.803088
2026-06-23T05:32:19,dl,ue5,3526970,2799216.232218983,2.799216
2026-06-23T05:32:19,dl,ue9,3527612,2760499.565949025,2.760500
2026-06-23T05:32:19,dl,ue13,3528226,2787601.372438109,2.787601
2026-06-23T05:32:25,dl,cu_cp,3526118,396728.14217125776,0.396728
2026-06-23T05:32:25,dl,cu_up,3526146,910140.9906279743,0.910141
2026-06-23T05:32:25,dl,du1,3526283,4157866.2894447376,4.157866
2026-06-23T05:32:25,dl,du2,3526902,4239545.619044733,4.239546
2026-06-23T05:32:25,dl,du3,3527551,4212318.988110471,4.212319
2026-06-23T05:32:25,dl,du4,3528165,4173424.2033492327,4.173424
2026-06-23T05:32:25,dl,ue1,3526347,2835439.1019403124,2.835439
2026-06-23T05:32:25,dl,ue5,3526970,2831549.905065584,2.831550
2026-06-23T05:32:25,dl,ue9,3527612,2769317.967846208,2.769318
2026-06-23T05:32:25,dl,ue13,3528226,2831549.905065584,2.831550
2026-06-23T05:32:30,dl,cu_cp,3526118,404742.9067264929,0.404743
2026-06-23T05:32:30,dl,cu_up,3526146,937913.842021045,0.937914
2026-06-23T05:32:30,dl,du1,3526283,4222557.9986269,4.222558
2026-06-23T05:32:30,dl,du2,3526902,4218666.509125757,4.218667
2026-06-23T05:32:30,dl,du3,3527551,4203099.424133206,4.203099
2026-06-23T05:32:30,dl,du4,3528165,4199207.934632063,4.199208
2026-06-23T05:32:30,dl,ue1,3526347,2872117.883474958,2.872118
2026-06-23T05:32:30,dl,ue5,3526970,2829308.6814924357,2.829309
2026-06-23T05:32:30,dl,ue9,3527612,2767040.623269224,2.767041
2026-06-23T05:32:30,dl,ue13,3528226,2809849.825251746,2.809850
2026-06-23T05:32:35,dl,cu_cp,3526118,407457.253897959,0.407457
2026-06-23T05:32:35,dl,cu_up,3526146,923569.8176867276,0.923570
2026-06-23T05:32:35,dl,du1,3526283,4202630.625466359,4.202631
2026-06-23T05:32:35,dl,du2,3526902,4256958.31556567,4.256958
2026-06-23T05:32:35,dl,du3,3527551,4198749.91546998,4.198750
2026-06-23T05:32:35,dl,du4,3528165,4206511.054231489,4.206511
2026-06-23T05:32:35,dl,ue1,3526347,2902647.8980042697,2.902648
2026-06-23T05:32:35,dl,ue5,3526970,2898767.4692391395,2.898767
2026-06-23T05:32:35,dl,ue9,3527612,2793992.7990368963,2.793993
2026-06-23T05:32:35,dl,ue13,3528226,2720262.12141819,2.720262
2026-06-23T05:32:40,dl,cu_cp,3526118,394877.7078611183,0.394878
2026-06-23T05:32:40,dl,cu_up,3526146,924372.8065555573,0.924373
2026-06-23T05:32:40,dl,du1,3526283,4164165.072444763,4.164165
2026-06-23T05:32:40,dl,du2,3526902,4262884.323888931,4.262884
2026-06-23T05:32:40,dl,du3,3527551,4182114.0017224504,4.182114
2026-06-23T05:32:40,dl,du4,3528165,4218011.860277824,4.218012
2026-06-23T05:32:40,dl,ue1,3526347,2880812.557000351,2.880813
2026-06-23T05:32:40,dl,ue5,3526970,2880812.557000351,2.880813
2026-06-23T05:32:40,dl,ue9,3527612,2746194.885333252,2.746195
2026-06-23T05:32:40,dl,ue13,3528226,2800041.9540000916,2.800042
2026-06-23T05:32:46,dl,cu_cp,3526118,407957.6651543358,0.407958
2026-06-23T05:32:46,dl,cu_up,3526146,936791.6547991257,0.936792
2026-06-23T05:32:46,dl,du1,3526283,4192898.1882533957,4.192898
2026-06-23T05:32:46,dl,du2,3526902,4223117.339375062,4.223117
2026-06-23T05:32:46,dl,du3,3527551,4177788.4726944566,4.177788
2026-06-23T05:32:46,dl,du4,3528165,4192898.1882533957,4.192898
2026-06-23T05:32:46,dl,ue1,3526347,2825484.6099572633,2.825485
2026-06-23T05:32:46,dl,ue5,3526970,2817929.752177794,2.817930
2026-06-23T05:32:46,dl,ue9,3527612,2772601.1654934003,2.772601
2026-06-23T05:32:46,dl,ue13,3528226,2795265.458835597,2.795265
2026-06-23T05:32:51,dl,cu_cp,3526118,397616.27570481895,0.397616
2026-06-23T05:32:51,dl,cu_up,3526146,927771.2630391883,0.927771
2026-06-23T05:32:51,dl,du1,3526283,4208105.572807986,4.208106
2026-06-23T05:32:51,dl,du2,3526902,4274374.787806595,4.274375
2026-06-23T05:32:51,dl,du3,3527551,4194851.673481798,4.194852
2026-06-23T05:32:51,dl,du4,3528165,4274374.787806595,4.274375
2026-06-23T05:32:51,dl,ue1,3526347,2882717.8932478116,2.882718
2026-06-23T05:32:51,dl,ue5,3526970,2849583.285748508,2.849583
2026-06-23T05:32:51,dl,ue9,3527612,2776686.9802706386,2.776687
2026-06-23T05:32:51,dl,ue13,3528226,2816448.678249204,2.816449
2026-06-23T05:32:57,dl,cu_cp,3526118,402539.82612164406,0.402540
2026-06-23T05:32:57,dl,cu_up,3526146,910089.9987860012,0.910090
2026-06-23T05:32:57,dl,du1,3526283,4206249.347062991,4.206249
2026-06-23T05:32:57,dl,du2,3526902,4282090.086366828,4.282090
2026-06-23T05:32:57,dl,du3,3527551,4177079.810270362,4.177080
2026-06-23T05:32:57,dl,du4,3528165,4177079.810270362,4.177080
2026-06-23T05:32:57,dl,ue1,3526347,2881951.756750667,2.881952
2026-06-23T05:32:57,dl,ue5,3526970,2829446.4778099395,2.829446
2026-06-23T05:32:57,dl,ue9,3527612,2776941.1988692116,2.776941
2026-06-23T05:32:57,dl,ue13,3528226,2829446.4778099395,2.829446
2026-06-23T05:33:02,dl,cu_cp,3526118,407009.3294470462,0.407009
2026-06-23T05:33:02,dl,cu_up,3526146,896134.6472004079,0.896135
2026-06-23T05:33:02,dl,du1,3526283,4216473.926644235,4.216474
2026-06-23T05:33:02,dl,du2,3526902,4220044.013427603,4.220044
2026-06-23T05:33:02,dl,du3,3527551,4170060.8373361016,4.170061
2026-06-23T05:33:02,dl,du4,3528165,4191482.198518174,4.191482
2026-06-23T05:33:02,dl,ue1,3526347,2856206.1450775336,2.856206
2026-06-23T05:33:02,dl,ue5,3526970,2795511.5879934453,2.795512
2026-06-23T05:33:02,dl,ue9,3527612,2738387.397853346,2.738387
2026-06-23T05:33:02,dl,ue13,3528226,2791941.2210494564,2.791941
2026-06-23T05:33:07,dl,cu_cp,3526118,408623.37057909486,0.408623
2026-06-23T05:33:07,dl,cu_up,3526146,928363.6229393864,0.928364
2026-06-23T05:33:07,dl,du1,3526283,4211687.74468605,4.211688
2026-06-23T05:33:07,dl,du2,3526902,4233194.428177604,4.233194
2026-06-23T05:33:07,dl,du3,3527551,4200934.824193916,4.200935
2026-06-23T05:33:07,dl,du4,3528165,4190181.3420302584,4.190181
2026-06-23T05:33:07,dl,ue1,3526347,2831688.0511693954,2.831688
2026-06-23T05:33:07,dl,ue5,3526970,2838856.94566658,2.838857
2026-06-23T05:33:07,dl,ue9,3527612,2774337.4568634415,2.774337
2026-06-23T05:33:07,dl,ue13,3528226,2792259.5526885223,2.792260
2026-06-23T05:33:13,dl,cu_cp,3526118,405465.69028732774,0.405466
2026-06-23T05:33:13,dl,cu_up,3526146,911400.797274375,0.911401
2026-06-23T05:33:13,dl,du1,3526283,4216125.798244548,4.216126
2026-06-23T05:33:13,dl,du2,3526902,4226890.428594971,4.226890
2026-06-23T05:33:13,dl,du3,3527551,4173067.5567853926,4.173068
2026-06-23T05:33:13,dl,du4,3528165,4183832.1871358156,4.183832
2026-06-23T05:33:13,dl,ue1,3526347,2866965.4196315766,2.866965
2026-06-23T05:33:13,dl,ue5,3526970,2859789.09271214,2.859789
2026-06-23T05:33:13,dl,ue9,3527612,2755731.6525239707,2.755732
2026-06-23T05:33:13,dl,ue13,3528226,2805966.220902562,2.805966
2026-06-23T05:33:18,dl,cu_cp,3526118,408288.4039380923,0.408288
2026-06-23T05:33:18,dl,cu_up,3526146,939424.640010047,0.939425
2026-06-23T05:33:18,dl,du1,3526283,4231024.235538599,4.231024
2026-06-23T05:33:18,dl,du2,3526902,4267155.822720151,4.267156
2026-06-23T05:33:18,dl,du3,3527551,4198505.722742961,4.198506
2026-06-23T05:33:18,dl,du4,3528165,4212958.301394086,4.212958
2026-06-23T05:33:18,dl,ue1,3526347,2886924.0200073314,2.886924
2026-06-23T05:33:18,dl,ue5,3526970,2854405.788319168,2.854406
2026-06-23T05:33:18,dl,ue9,3527612,2785755.407234502,2.785755
2026-06-23T05:33:18,dl,ue13,3528226,2811047.4901508405,2.811047
2026-06-23T05:33:24,dl,cu_cp,3526118,399782.348349078,0.399782
2026-06-23T05:33:24,dl,cu_up,3526146,903354.3634688407,0.903354
2026-06-23T05:33:24,dl,du1,3526283,4251531.596985305,4.251532
2026-06-23T05:33:24,dl,du2,3526902,4266908.0214676615,4.266908
2026-06-23T05:33:24,dl,du3,3527551,4178494.49718281,4.178494
2026-06-23T05:33:24,dl,du4,3528165,4197714.816288364,4.197715
2026-06-23T05:33:24,dl,ue1,3526347,2867669.4673750163,2.867669
2026-06-23T05:33:24,dl,ue5,3526970,2836916.9004068254,2.836917
2026-06-23T05:33:24,dl,ue9,3527612,2786944.2963296054,2.786944
2026-06-23T05:33:24,dl,ue13,3528226,2821541.0399175165,2.821541
2026-06-23T05:33:29,dl,cu_cp,3526118,411978.3994726658,0.411978
2026-06-23T05:33:29,dl,cu_up,3526146,917234.889936018,0.917235
2026-06-23T05:33:29,dl,du1,3526283,4228608.387283278,4.228608
2026-06-23T05:33:29,dl,du2,3526902,4248041.545835781,4.248042
2026-06-23T05:33:29,dl,du3,3527551,4189742.3517733575,4.189742
2026-06-23T05:33:29,dl,du4,3528165,4185856.057976961,4.185856
2026-06-23T05:33:29,dl,ue1,3526347,2848869.3361902237,2.848869
2026-06-23T05:33:29,dl,ue5,3526970,2844982.76079874,2.844983
2026-06-23T05:33:29,dl,ue9,3527612,2755591.5267946245,2.755592
2026-06-23T05:33:29,dl,ue13,3528226,2798343.5745058535,2.798344
2026-06-23T05:33:34,dl,cu_cp,3526118,412100.2203805223,0.412100
2026-06-23T05:33:34,dl,cu_up,3526146,940832.5726320595,0.940833
2026-06-23T05:33:34,dl,du1,3526283,4171542.681733668,4.171543
2026-06-23T05:33:34,dl,du2,3526902,4241522.270366013,4.241522
2026-06-23T05:33:34,dl,du3,3527551,4194869.305068612,4.194869
2026-06-23T05:33:34,dl,du4,3528165,4225971.094351888,4.225971
2026-06-23T05:33:34,dl,ue1,3526347,2865262.748503804,2.865263
2026-06-23T05:33:34,dl,ue5,3526970,2865262.748503804,2.865263
2026-06-23T05:33:34,dl,ue9,3527612,2771957.09928149,2.771957
2026-06-23T05:33:34,dl,ue13,3528226,2806946.8935976624,2.806947
2026-06-23T05:33:40,dl,cu_cp,3526118,407149.76239461155,0.407150
2026-06-23T05:33:40,dl,cu_up,3526146,918995.1769737601,0.918995
2026-06-23T05:33:40,dl,du1,3526283,4187825.8066398264,4.187826
2026-06-23T05:33:40,dl,du2,3526902,4191703.6911317585,4.191704
2026-06-23T05:33:40,dl,du3,3527551,4176192.995388997,4.176193
2026-06-23T05:33:40,dl,du4,3528165,4249868.028127563,4.249868
2026-06-23T05:33:40,dl,ue1,3526347,2815149.587175429,2.815150
2026-06-23T05:33:40,dl,ue5,3526970,2846170.4171776413,2.846170
2026-06-23T05:33:40,dl,ue9,3527612,2788006.360923493,2.788006
2026-06-23T05:33:40,dl,ue13,3528226,2803516.7759245993,2.803517
2026-06-23T05:33:45,dl,cu_cp,3526118,401831.51289670495,0.401832
2026-06-23T05:33:45,dl,cu_up,3526146,897293.6462811535,0.897294
2026-06-23T05:33:45,dl,du1,3526283,4213378.909888656,4.213379
2026-06-23T05:33:45,dl,du2,3526902,4240687.8349836515,4.240688
2026-06-23T05:33:45,dl,du3,3527551,4162662.2943881466,4.162662
2026-06-23T05:33:45,dl,du4,3528165,4228983.848646581,4.228984
2026-06-23T05:33:45,dl,ue1,3526347,2816721.930817151,2.816722
2026-06-23T05:33:45,dl,ue5,3526970,2851833.043022482,2.851833
2026-06-23T05:33:45,dl,ue9,3527612,2738696.107953019,2.738696
2026-06-23T05:33:45,dl,ue13,3528226,2812820.4138590433,2.812820
2026-06-23T05:33:50,dl,cu_cp,3526118,410007.21142825333,0.410007
2026-06-23T05:33:50,dl,cu_up,3526146,925444.8536944538,0.925445
2026-06-23T05:33:50,dl,du1,3526283,4244550.918198931,4.244551
2026-06-23T05:33:50,dl,du2,3526902,4271884.885238168,4.271885
2026-06-23T05:33:50,dl,du3,3527551,4221122.247299599,4.221122
2026-06-23T05:33:50,dl,du4,3528165,4213312.219736171,4.213312
2026-06-23T05:33:50,dl,ue1,3526347,2873955.176126523,2.873955
2026-06-23T05:33:50,dl,ue5,3526970,2858335.9680742384,2.858336
2026-06-23T05:33:50,dl,ue9,3527612,2799763.584930432,2.799764
2026-06-23T05:33:50,dl,ue13,3528226,2823192.5381879546,2.823193
2026-06-23T05:33:56,dl,cu_cp,3526118,404206.9956295824,0.404207
2026-06-23T05:33:56,dl,cu_up,3526146,957794.905007298,0.957795
2026-06-23T05:33:56,dl,du1,3526283,4209024.899983006,4.209025
2026-06-23T05:33:56,dl,du2,3526902,4235386.474444628,4.235386
2026-06-23T05:33:56,dl,du3,3527551,4235386.474444628,4.235386
2026-06-23T05:33:56,dl,du4,3528165,4244173.665931835,4.244174
2026-06-23T05:33:56,dl,ue1,3526347,2855810.4026545524,2.855810
2026-06-23T05:33:56,dl,ue5,3526970,2855810.4026545524,2.855810
2026-06-23T05:33:56,dl,ue9,3527612,2811874.7276468086,2.811875
2026-06-23T05:33:56,dl,ue13,3528226,2811874.7276468086,2.811875
2026-06-23T05:34:01,dl,cu_cp,3526118,423463.55203706503,0.423464
2026-06-23T05:34:01,dl,cu_up,3526146,922545.6256625784,0.922546
2026-06-23T05:34:01,dl,du1,3526283,4227073.766712449,4.227074
2026-06-23T05:34:01,dl,du2,3526902,4257321.344206073,4.257321
2026-06-23T05:34:01,dl,du3,3527551,4211949.977965636,4.211950
2026-06-23T05:34:01,dl,du4,3528165,4204388.224307435,4.204388
2026-06-23T05:34:01,dl,ue1,3526347,2835693.363487573,2.835693
2026-06-23T05:34:01,dl,ue5,3526970,2843255.3985761832,2.843255
2026-06-23T05:34:01,dl,ue9,3527612,2760074.982614329,2.760075
2026-06-23T05:34:01,dl,ue13,3528226,2767636.7362725306,2.767637
2026-06-23T05:34:06,dl,cu_cp,3526118,400418.23495016573,0.400418
2026-06-23T05:34:06,dl,cu_up,3526146,892735.670268991,0.892736
2026-06-23T05:34:06,dl,du1,3526283,4187980.469769039,4.187980
2026-06-23T05:34:06,dl,du2,3526902,4227366.02165771,4.227366
2026-06-23T05:34:06,dl,du3,3527551,4155159.5972333862,4.155160
2026-06-23T05:34:06,dl,du4,3528165,4174851.9524728153,4.174852
2026-06-23T05:34:06,dl,ue1,3526347,2763542.0927624893,2.763542
2026-06-23T05:34:06,dl,ue5,3526970,2776670.610058713,2.776671
2026-06-23T05:34:06,dl,ue9,3527612,2776670.610058713,2.776671
2026-06-23T05:34:06,dl,ue13,3528226,2783234.728471856,2.783235
2026-06-23T05:34:12,dl,cu_cp,3526118,411647.94161046925,0.411648
2026-06-23T05:34:12,dl,cu_up,3526146,891903.8676483881,0.891904
2026-06-23T05:34:12,dl,du1,3526283,4207956.658583083,4.207957
2026-06-23T05:34:12,dl,du2,3526902,4253695.31486805,4.253695
2026-06-23T05:34:12,dl,du3,3527551,4162218.0022981167,4.162218
2026-06-23T05:34:12,dl,du4,3528165,4179369.9633592083,4.179370
2026-06-23T05:34:12,dl,ue1,3526347,2818644.7286068294,2.818645
2026-06-23T05:34:12,dl,ue5,3526970,2858666.1579934885,2.858666
2026-06-23T05:34:12,dl,ue9,3527612,2778623.579586339,2.778624
2026-06-23T05:34:12,dl,ue13,3528226,2818644.7286068294,2.818645
2026-06-23T05:34:17,dl,cu_cp,3526118,408071.66891581984,0.408072
2026-06-23T05:34:17,dl,cu_up,3526146,913647.1344973237,0.913647
2026-06-23T05:34:17,dl,du1,3526283,4170997.864677012,4.170998
2026-06-23T05:34:17,dl,du2,3526902,4257667.90615762,4.257668
2026-06-23T05:34:17,dl,du3,3527551,4163775.455372417,4.163775
2026-06-23T05:34:17,dl,du4,3528165,4228777.986482873,4.228778
2026-06-23T05:34:17,dl,ue1,3526347,2838445.2707717465,2.838445
2026-06-23T05:34:17,dl,ue5,3526970,2867335.1904464937,2.867335
2026-06-23T05:34:17,dl,ue9,3527612,2795110.250031443,2.795110
2026-06-23T05:34:17,dl,ue13,3528226,2827611.656814854,2.827612
2026-06-23T05:34:22,dl,cu_cp,3526118,413674.3211328501,0.413674
2026-06-23T05:34:22,dl,cu_up,3526146,928952.8552775658,0.928953
2026-06-23T05:34:22,dl,du1,3526283,4238347.778523927,4.238348
2026-06-23T05:34:22,dl,du2,3526902,4267377.513192053,4.267378
2026-06-23T05:34:22,dl,du3,3527551,4220203.946427856,4.220204
2026-06-23T05:34:22,dl,du4,3528165,4267377.513192053,4.267378
2026-06-23T05:34:22,dl,ue1,3526347,2841289.424590502,2.841289
2026-06-23T05:34:22,dl,ue5,3526970,2873947.982347212,2.873948
2026-06-23T05:34:22,dl,ue9,3527612,2805002.327092056,2.805002
2026-06-23T05:34:22,dl,ue13,3528226,2837660.601501918,2.837661
2026-06-23T05:34:28,dl,cu_cp,3526118,412077.6340160903,0.412078
2026-06-23T05:34:28,dl,cu_up,3526146,900064.2623660016,0.900064
2026-06-23T05:34:28,dl,du1,3526283,4193070.308890679,4.193070
2026-06-23T05:34:28,dl,du2,3526902,4229217.469152102,4.229217
2026-06-23T05:34:28,dl,du3,3527551,4149693.9417245365,4.149694
2026-06-23T05:34:28,dl,du4,3528165,4178611.613646784,4.178612
2026-06-23T05:34:28,dl,ue1,3526347,2859240.4048220515,2.859240
2026-06-23T05:34:28,dl,ue5,3526970,2895387.5650834753,2.895388
2026-06-23T05:34:28,dl,ue9,3527612,2732725.2031898405,2.732725
2026-06-23T05:34:28,dl,ue13,3528226,2808634.2678822754,2.808634
2026-06-23T05:34:33,dl,cu_cp,3526118,418266.46438817977,0.418266
2026-06-23T05:34:33,dl,cu_up,3526146,926676.5715515136,0.926677
2026-06-23T05:34:33,dl,du1,3526283,4207905.140353394,4.207905
2026-06-23T05:34:33,dl,du2,3526902,4254779.431140137,4.254779
2026-06-23T05:34:33,dl,du3,3527551,4215116.287567901,4.215116
2026-06-23T05:34:33,dl,du4,3528165,4272808.5687942505,4.272809
2026-06-23T05:34:33,dl,ue1,3526347,2834115.999067688,2.834116
2026-06-23T05:34:33,dl,ue5,3526970,2844933.143095398,2.844933
2026-06-23T05:34:33,dl,ue9,3527612,2783635.711467743,2.783636
2026-06-23T05:34:33,dl,ue13,3528226,2859356.2839363096,2.859356
2026-06-23T05:34:39,dl,cu_cp,3526118,408824.71963396075,0.408825
2026-06-23T05:34:39,dl,cu_up,3526146,910213.4670893193,0.910213
2026-06-23T05:34:39,dl,du1,3526283,4192381.6661733626,4.192382
2026-06-23T05:34:39,dl,du2,3526902,4223236.271867752,4.223236
2026-06-23T05:34:39,dl,du3,3527551,4165383.851067734,4.165384
2026-06-23T05:34:39,dl,du4,3528165,4223236.271867752,4.223236
2026-06-23T05:34:39,dl,ue1,3526347,2823204.4290893553,2.823204
2026-06-23T05:34:39,dl,ue5,3526970,2819347.638500595,2.819348
2026-06-23T05:34:39,dl,ue9,3527612,2757638.14612751,2.757638
2026-06-23T05:34:39,dl,ue13,3528226,2780779.1706443788,2.780779
2026-06-23T05:34:44,dl,cu_cp,3526118,406129.9668503958,0.406130
2026-06-23T05:34:44,dl,cu_up,3526146,909887.3380657053,0.909887
2026-06-23T05:34:44,dl,du1,3526283,4205788.509425192,4.205789
2026-06-23T05:34:44,dl,du2,3526902,4244839.047479415,4.244839
2026-06-23T05:34:44,dl,du3,3527551,4178452.483126564,4.178452
2026-06-23T05:34:44,dl,du4,3528165,4248744.073038721,4.248744
2026-06-23T05:34:44,dl,ue1,3526347,2842909.7326451256,2.842910
2026-06-23T05:34:44,dl,ue5,3526970,2815574.271268821,2.815574
2026-06-23T05:34:44,dl,ue9,3527612,2792143.5529906605,2.792144
2026-06-23T05:34:44,dl,ue13,3528226,2827289.3479467393,2.827289
2026-06-23T05:34:49,dl,cu_cp,3526118,401460.81011689425,0.401461
2026-06-23T05:34:49,dl,cu_up,3526146,927647.3437099278,0.927647
2026-06-23T05:34:49,dl,du1,3526283,4197799.08901298,4.197799
2026-06-23T05:34:49,dl,du2,3526902,4256264.141951365,4.256264
2026-06-23T05:34:49,dl,du3,3527551,4205594.3542298265,4.205594
2026-06-23T05:34:49,dl,du4,3528165,4264059.407168212,4.264059
2026-06-23T05:34:49,dl,ue1,3526347,2872588.497318077,2.872588
2026-06-23T05:34:49,dl,ue5,3526970,2888179.3096577884,2.888179
2026-06-23T05:34:49,dl,ue9,3527612,2771248.921875,2.771249
2026-06-23T05:34:49,dl,ue13,3528226,2833611.8893278264,2.833612
2026-06-23T05:34:55,dl,cu_cp,3526118,406947.93509610713,0.406948
2026-06-23T05:34:55,dl,cu_up,3526146,896068.0500741578,0.896068
2026-06-23T05:34:55,dl,du1,3526283,4210346.20765878,4.210346
2026-06-23T05:34:55,dl,du2,3526902,4280779.14108054,4.280779
2026-06-23T05:34:55,dl,du3,3527551,4194694.067588856,4.194694
2026-06-23T05:34:55,dl,du4,3528165,4257301.496606619,4.257301
2026-06-23T05:34:55,dl,ue1,3526347,2856461.5450038407,2.856462
2026-06-23T05:34:55,dl,ue5,3526970,2825157.8304949594,2.825158
2026-06-23T05:34:55,dl,ue9,3527612,2774289.223714156,2.774289
2026-06-23T05:34:55,dl,ue13,3528226,2809505.9732405185,2.809506
2026-06-23T05:35:00,dl,cu_cp,3526118,407707.3009910142,0.407707
2026-06-23T05:35:00,dl,cu_up,3526146,944783.2443597103,0.944783
2026-06-23T05:35:00,dl,du1,3526283,4245644.116613819,4.245644
2026-06-23T05:35:00,dl,du2,3526902,4288767.280796323,4.288767
2026-06-23T05:35:00,dl,du3,3527551,4190760.8365913914,4.190761
2026-06-23T05:35:00,dl,du4,3528165,4277006.598176513,4.277007
2026-06-23T05:35:00,dl,ue1,3526347,2834349.7330791308,2.834350
2026-06-23T05:35:00,dl,ue5,3526970,2779465.8862768174,2.779466
2026-06-23T05:35:00,dl,ue9,3527612,2755944.521037197,2.755945
2026-06-23T05:35:00,dl,ue13,3528226,2838270.1495456956,2.838270
2026-06-23T05:35:05,dl,cu_cp,3526118,400526.8744401634,0.400527
2026-06-23T05:35:05,dl,cu_up,3526146,921600.7105114281,0.921601
2026-06-23T05:35:05,dl,du1,3526283,4215253.819735515,4.215254
2026-06-23T05:35:05,dl,du2,3526902,4168590.4071159484,4.168590
2026-06-23T05:35:05,dl,du3,3527551,4188033.261162293,4.188033
2026-06-23T05:35:05,dl,du4,3528165,4149147.2716154335,4.149147
2026-06-23T05:35:05,dl,ue1,3526347,2799799.4095447897,2.799799
2026-06-23T05:35:05,dl,ue5,3526970,2823131.1158545734,2.823131
2026-06-23T05:35:05,dl,ue9,3527612,2792022.267926252,2.792022
2026-06-23T05:35:05,dl,ue13,3528226,2838685.680545819,2.838686
2026-06-23T05:35:11,dl,cu_cp,3526118,412760.19878941745,0.412760
2026-06-23T05:35:11,dl,cu_up,3526146,937309.5763671767,0.937310
2026-06-23T05:35:11,dl,du1,3526283,4222192.399112484,4.222192
2026-06-23T05:35:11,dl,du2,3526902,4222192.399112484,4.222192
2026-06-23T05:35:11,dl,du3,3527551,4179196.6746145724,4.179197
2026-06-23T05:35:11,dl,du4,3528165,4222192.399112484,4.222192
2026-06-23T05:35:11,dl,ue1,3526347,2880721.9726106953,2.880722
2026-06-23T05:35:11,dl,ue5,3526970,2854924.5941202855,2.854925
2026-06-23T05:35:11,dl,ue9,3527612,2768932.864082775,2.768933
2026-06-23T05:35:11,dl,ue13,3528226,2794730.242573185,2.794730
2026-06-23T05:35:16,dl,cu_cp,3526118,399350.0924480438,0.399350
2026-06-23T05:35:16,dl,cu_up,3526146,878570.2033856964,0.878570
2026-06-23T05:35:16,dl,du1,3526283,4167762.8594832374,4.167763
2026-06-23T05:35:16,dl,du2,3526902,4211327.992700529,4.211328
2026-06-23T05:35:16,dl,du3,3527551,4175023.668281665,4.175024
2026-06-23T05:35:16,dl,du4,3528165,4145979.872234502,4.145980
2026-06-23T05:35:16,dl,ue1,3526347,2839016.060780325,2.839016
2026-06-23T05:35:16,dl,ue5,3526970,2846276.8695787527,2.846277
2026-06-23T05:35:16,dl,ue9,3527612,2715580.628646698,2.715581
2026-06-23T05:35:16,dl,ue13,3528226,2773667.9403142976,2.773668
2026-06-23T05:35:21,dl,cu_cp,3526118,398638.6691898346,0.398639
2026-06-23T05:35:21,dl,cu_up,3526146,923829.2779067993,0.923829
2026-06-23T05:35:21,dl,du1,3526283,4207852.849362182,4.207853
2026-06-23T05:35:21,dl,du2,3526902,4245817.918679809,4.245818
2026-06-23T05:35:21,dl,du3,3527551,4182542.0542327883,4.182542
2026-06-23T05:35:21,dl,du4,3528165,4169886.937512207,4.169887
2026-06-23T05:35:21,dl,ue1,3526347,2860074.0720306397,2.860074
2026-06-23T05:35:21,dl,ue5,3526970,2784143.090863037,2.784143
2026-06-23T05:35:21,dl,ue9,3527612,2733522.3431365965,2.733522
2026-06-23T05:35:21,dl,ue13,3528226,2796798.2075836184,2.796798
2026-06-23T05:35:27,dl,cu_cp,3526118,410517.60204503057,0.410518
2026-06-23T05:35:27,dl,cu_up,3526146,937287.9445220947,0.937288
2026-06-23T05:35:27,dl,du1,3526283,4221428.760882339,4.221429
2026-06-23T05:35:27,dl,du2,3526902,4250491.716793899,4.250492
2026-06-23T05:35:27,dl,du3,3527551,4228694.217772293,4.228694
2026-06-23T05:35:27,dl,du4,3528165,4221428.760882339,4.221429
2026-06-23T05:35:27,dl,ue1,3526347,2895420.5370318606,2.895421
2026-06-23T05:35:27,dl,ue5,3526970,2859091.560054474,2.859092
2026-06-23T05:35:27,dl,ue9,3527612,2757370.3681002045,2.757370
2026-06-23T05:35:27,dl,ue13,3528226,2797332.3556105043,2.797332
2026-06-23T05:35:32,dl,cu_cp,3526118,403218.51886322023,0.403219
2026-06-23T05:35:32,dl,cu_up,3526146,928842.6494576406,0.928843
2026-06-23T05:35:32,dl,du1,3526283,4233794.448063812,4.233794
2026-06-23T05:35:32,dl,du2,3526902,4219394.028273353,4.219394
2026-06-23T05:35:32,dl,du3,3527551,4168991.4315516856,4.168991
2026-06-23T05:35:32,dl,du4,3528165,4179792.1691901777,4.179792
2026-06-23T05:35:32,dl,ue1,3526347,2919734.2977426145,2.919734
2026-06-23T05:35:32,dl,ue5,3526970,2894532.8584498977,2.894533
2026-06-23T05:35:32,dl,ue9,3527612,2772127.317184639,2.772127
2026-06-23T05:35:32,dl,ue13,3528226,2764927.1072894097,2.764927
2026-06-23T05:35:38,dl,cu_cp,3526118,398964.06178737787,0.398964
2026-06-23T05:35:38,dl,cu_up,3526146,902161.9544719649,0.902162
2026-06-23T05:35:38,dl,du1,3526283,4190919.887265148,4.190920
2026-06-23T05:35:38,dl,du2,3526902,4205297.093262,4.205297
2026-06-23T05:35:38,dl,du3,3527551,4140599.9470700026,4.140600
2026-06-23T05:35:38,dl,du4,3528165,4165759.9171675756,4.165760
2026-06-23T05:35:38,dl,ue1,3526347,2846662.3583129384,2.846662
2026-06-23T05:35:38,dl,ue5,3526970,2843068.1972106434,2.843068
2026-06-23T05:35:38,dl,ue9,3527612,2771183.009607892,2.771183
2026-06-23T05:35:38,dl,ue13,3528226,2756805.80361104,2.756806
2026-06-23T05:35:43,dl,cu_cp,3526118,405928.80122058094,0.405929
2026-06-23T05:35:43,dl,cu_up,3526146,884344.9059398025,0.884345
2026-06-23T05:35:43,dl,du1,3526283,4175267.950759709,4.175268
2026-06-23T05:35:43,dl,du2,3526902,4197013.7412955165,4.197014
2026-06-23T05:35:43,dl,du3,3527551,4164394.7744295,4.164395
2026-06-23T05:35:43,dl,du4,3528165,4211511.21604836,4.211511
2026-06-23T05:35:43,dl,ue1,3526347,2830628.502479434,2.830629
2026-06-23T05:35:43,dl,ue5,3526970,2798009.2545511127,2.798009
2026-06-23T05:35:43,dl,ue9,3527612,2740019.636602044,2.740020
2026-06-23T05:35:43,dl,ue13,3528226,2769014.305045426,2.769014
2026-06-23T05:35:48,dl,cu_cp,3526118,347206.8881150767,0.347207
2026-06-23T05:35:48,dl,cu_up,3526146,520810.3161929387,0.520810
2026-06-23T05:35:48,dl,du1,3526283,3406558.1523682023,3.406558
2026-06-23T05:35:48,dl,du2,3526902,3429486.5590851544,3.429487
2026-06-23T05:35:48,dl,du3,3527551,3393456.0960978772,3.393456
2026-06-23T05:35:48,dl,du4,3528165,3393456.0960978772,3.393456
2026-06-23T05:35:48,dl,ue1,3526347,1552604.278538661,1.552604
2026-06-23T05:35:48,dl,ue5,3526970,1467440.4014319025,1.467440
2026-06-23T05:35:48,dl,ue9,3527612,1434685.0050812673,1.434685
2026-06-23T05:35:48,dl,ue13,3528226,1510022.4039039875,1.510022
2026-06-23T05:35:54,dl,cu_cp,3526118,323412.81086303206,0.323413
2026-06-23T05:35:54,dl,cu_up,3526146,316944.54699972185,0.316945
2026-06-23T05:35:54,dl,du1,3526283,2816925.589380822,2.816926
2026-06-23T05:35:54,dl,du2,3526902,2842798.409570999,2.842798
2026-06-23T05:35:54,dl,du3,3527551,2858969.21626869,2.858969
2026-06-23T05:35:54,dl,du4,3528165,2791052.5339275813,2.791053
2026-06-23T05:35:54,dl,ue1,3526347,659762.1494526846,0.659762
2026-06-23T05:35:54,dl,ue5,3526970,698571.6738167799,0.698572
2026-06-23T05:35:54,dl,ue9,3527612,714742.3040671725,0.714742
2026-06-23T05:35:54,dl,ue13,3528226,708274.0402038622,0.708274
2026-06-23T05:35:59,dl,cu_cp,3526118,312708.29130488366,0.312708
2026-06-23T05:35:59,dl,cu_up,3526146,319223.06393739046,0.319223
2026-06-23T05:35:59,dl,du1,3526283,2840433.682827482,2.840434
2026-06-23T05:35:59,dl,du2,3526902,2827404.196455464,2.827404
2026-06-23T05:35:59,dl,du3,3527551,2837176.429020469,2.837176
2026-06-23T05:35:59,dl,du4,3528165,2869750.1449505137,2.869750
2026-06-23T05:35:59,dl,ue1,3526347,690564.1911488437,0.690564
2026-06-23T05:35:59,dl,ue5,3526970,651475.6142467988,0.651476
2026-06-23T05:35:59,dl,ue9,3527612,710108.4207068705,0.710108
2026-06-23T05:35:59,dl,ue13,3528226,713365.7922998751,0.713366
2026-06-23T05:36:04,ul,cu_cp,3526118,311303.71728704305,0.311304
2026-06-23T05:36:04,ul,cu_up,3526146,317789.2083428183,0.317789
2026-06-23T05:36:04,ul,du1,3526283,2843889.3820216535,2.843889
2026-06-23T05:36:04,ul,du2,3526902,2873073.886518881,2.873074
2026-06-23T05:36:04,ul,du3,3527551,2762820.7145024966,2.762821
2026-06-23T05:36:04,ul,du4,3528165,2821189.958072679,2.821190
2026-06-23T05:36:04,ul,ue1,3526347,684219.6289259172,0.684220
2026-06-23T05:36:04,ul,ue5,3526970,677734.1965140736,0.677734
2026-06-23T05:36:04,ul,ue9,3527612,713404.3679988718,0.713404
2026-06-23T05:36:04,ul,ue13,3528226,642063.9077414119,0.642064
2026-06-23T05:36:10,ul,cu_cp,3526118,333563.53335788875,0.333564
2026-06-23T05:36:10,ul,cu_up,3526146,416954.39310542407,0.416954
2026-06-23T05:36:10,ul,du1,3526283,3419026.5393414972,3.419027
2026-06-23T05:36:10,ul,du2,3526902,3415551.7930510235,3.415552
2026-06-23T05:36:10,ul,du3,3527551,3391229.323959687,3.391229
2026-06-23T05:36:10,ul,du4,3528165,3384280.3346733926,3.384280
2026-06-23T05:36:10,ul,ue1,3526347,1212642.4170931887,1.212642
2026-06-23T05:36:10,ul,ue5,3526970,1236964.7603608621,1.236965
2026-06-23T05:36:10,ul,ue9,3527612,1271710.9650289668,1.271711
2026-06-23T05:36:10,ul,ue13,3528226,1212642.4170931887,1.212642
2026-06-23T05:36:15,ul,cu_cp,3526118,366308.7283728838,0.366309
2026-06-23T05:36:15,ul,cu_up,3526146,606814.4780531407,0.606814
2026-06-23T05:36:15,ul,du1,3526283,4055296.853719664,4.055297
2026-06-23T05:36:15,ul,du2,3526902,4025696.121353197,4.025696
2026-06-23T05:36:15,ul,du3,3527551,4044196.512149811,4.044197
2026-06-23T05:36:15,ul,du4,3528165,4033096.170579958,4.033096
2026-06-23T05:36:15,ul,ue1,3526347,1879644.7650274993,1.879645
2026-06-23T05:36:15,ul,ue5,3526970,1864844.5327091217,1.864845
2026-06-23T05:36:15,ul,ue9,3527612,1898145.2896889686,1.898145
2026-06-23T05:36:15,ul,ue13,3528226,1801942.9094979526,1.801943
2026-06-23T05:36:20,ul,cu_cp,3526118,370655.1370014578,0.370655
2026-06-23T05:36:20,ul,cu_up,3526146,611580.9810953557,0.611581
2026-06-23T05:36:20,ul,du1,3526283,4036434.219719863,4.036434
2026-06-23T05:36:20,ul,du2,3526902,4054966.995060754,4.054967
2026-06-23T05:36:20,ul,du3,3527551,4066086.7678482295,4.066087
2026-06-23T05:36:20,ul,du4,3528165,4054966.995060754,4.054967
2026-06-23T05:36:20,ul,ue1,3526347,1886634.5663140179,1.886635
2026-06-23T05:36:20,ul,ue5,3526970,1905167.3416549086,1.905167
2026-06-23T05:36:20,ul,ue9,3527612,1931113.1195492148,1.931113
2026-06-23T05:36:20,ul,ue13,3528226,1827329.8734933138,1.827330
2026-06-23T05:36:26,ul,cu_cp,3526118,352805.33695897163,0.352805
2026-06-23T05:36:26,ul,cu_up,3526146,596408.9819948286,0.596409
2026-06-23T05:36:26,ul,du1,3526283,4090861.8465033174,4.090862
2026-06-23T05:36:26,ul,du2,3526902,4082461.669823885,4.082462
2026-06-23T05:36:26,ul,du3,3527551,4082461.669823885,4.082462
2026-06-23T05:36:26,ul,du4,3528165,4006860.6174063324,4.006861
2026-06-23T05:36:26,ul,ue1,3526347,1839627.9388489127,1.839628
2026-06-23T05:36:26,ul,ue5,3526970,1881628.4189730703,1.881628
2026-06-23T05:36:26,ul,ue9,3527612,1864828.2000385404,1.864828
2026-06-23T05:36:26,ul,ue13,3528226,1822827.585490048,1.822828
2026-06-23T05:36:31,ul,cu_cp,3526118,367864.5390586212,0.367865
2026-06-23T05:36:31,ul,cu_up,3526146,605894.5429031253,0.605895
2026-06-23T05:36:31,ul,du1,3526283,4183557.713239753,4.183558
2026-06-23T05:36:31,ul,du2,3526902,4125853.0833106874,4.125853
2026-06-23T05:36:31,ul,du3,3527551,4118640.2759930254,4.118640
2026-06-23T05:36:31,ul,du4,3528165,4104214.118510759,4.104214
2026-06-23T05:36:31,ul,ue1,3526347,1933092.2100088298,1.933092
2026-06-23T05:36:31,ul,ue5,3526970,1947518.0960676253,1.947518
2026-06-23T05:36:31,ul,ue9,3527612,1947518.0960676253,1.947518
2026-06-23T05:36:31,ul,ue13,3528226,1846535.6722504378,1.846536
2026-06-23T05:36:36,ul,cu_cp,3526118,358818.6504080987,0.358819
2026-06-23T05:36:36,ul,cu_up,3526146,593906.7178209543,0.593907
2026-06-23T05:36:36,ul,du1,3526283,4076922.2532080556,4.076922
2026-06-23T05:36:36,ul,du2,3526902,4114041.48181077,4.114041
2026-06-23T05:36:36,ul,du3,3527551,4058362.37038599,4.058362
2026-06-23T05:36:36,ul,du4,3528165,4008870.2445961763,4.008870
2026-06-23T05:36:36,ul,ue1,3526347,1868331.6421157455,1.868332
2026-06-23T05:36:36,ul,ue5,3526970,1874518.0907092954,1.874518
2026-06-23T05:36:36,ul,ue9,3527612,1905450.602197752,1.905451
2026-06-23T05:36:36,ul,ue13,3528226,1862144.9250014878,1.862145
2026-06-23T05:36:42,ul,cu_cp,3526118,350112.31255971163,0.350112
2026-06-23T05:36:42,ul,cu_up,3526146,596284.9878228498,0.596285
2026-06-23T05:36:42,ul,du1,3526283,4037232.477494657,4.037232
2026-06-23T05:36:42,ul,du2,3526902,4048173.611877294,4.048174
2026-06-23T05:36:42,ul,du3,3527551,4053644.0450287913,4.053644
2026-06-23T05:36:42,ul,du4,3528165,4004409.6105060293,4.004410
2026-06-23T05:36:42,ul,ue1,3526347,1887323.9665538943,1.887324
2026-06-23T05:36:42,ul,ue5,3526970,1827148.5316883158,1.827149
2026-06-23T05:36:42,ul,ue9,3527612,1859971.5327167641,1.859972
2026-06-23T05:36:42,ul,ue13,3528226,1805266.5310026836,1.805267
2026-06-23T05:36:47,ul,cu_cp,3526118,380649.8052245331,0.380650
2026-06-23T05:36:47,ul,cu_up,3526146,605579.204901576,0.605579
2026-06-23T05:36:47,ul,du1,3526283,4111017.5724134445,4.111018
2026-06-23T05:36:47,ul,du2,3526902,4117938.728335514,4.117939
2026-06-23T05:36:47,ul,du3,3527551,4104096.956510563,4.104097
2026-06-23T05:36:47,ul,du4,3528165,4083334.028763542,4.083334
2026-06-23T05:36:47,ul,ue1,3526347,1924011.5488552952,1.924012
2026-06-23T05:36:47,ul,ue5,3526970,1889407.1192929172,1.889407
2026-06-23T05:36:47,ul,ue9,3527612,1872104.7695069313,1.872105
2026-06-23T05:36:47,ul,ue13,3528226,1847881.8038180638,1.847882
2026-06-23T05:36:52,ul,cu_cp,3526118,375153.2206774825,0.375153
2026-06-23T05:36:52,ul,cu_up,3526146,605751.9831719613,0.605752
2026-06-23T05:36:52,ul,du1,3526283,4033757.5518561886,4.033758
2026-06-23T05:36:52,ul,du2,3526902,4126685.595825591,4.126686
2026-06-23T05:36:52,ul,du3,3527551,4030316.001936464,4.030316
2026-06-23T05:36:52,ul,du4,3528165,3999339.897480912,3.999340
2026-06-23T05:36:52,ul,ue1,3526347,1892974.896900394,1.892975
2026-06-23T05:36:52,ul,ue5,3526970,1868882.5657774257,1.868883
2026-06-23T05:36:52,ul,ue9,3527612,1920509.1820389675,1.920509
2026-06-23T05:36:52,ul,ue13,3528226,1810372.445580554,1.810372
2026-06-23T05:36:58,ul,cu_cp,3526118,362653.0499267578,0.362653
2026-06-23T05:36:58,ul,cu_up,3526146,595298.4027099609,0.595298
2026-06-23T05:36:58,ul,du1,3526283,4013132.335510254,4.013132
2026-06-23T05:36:58,ul,du2,3526902,4061029.90814209,4.061030
2026-06-23T05:36:58,ul,du3,3527551,3996026.0595703125,3.996026
2026-06-23T05:36:58,ul,du4,3528165,3989183.549194336,3.989184
2026-06-23T05:36:58,ul,ue1,3526347,1878269.0982055664,1.878269
2026-06-23T05:36:58,ul,ue5,3526970,1803001.4840698242,1.803001
2026-06-23T05:36:58,ul,ue9,3527612,1857741.5670776367,1.857742
2026-06-23T05:36:58,ul,ue13,3528226,1813265.249633789,1.813265
2026-06-23T05:37:03,ul,cu_cp,3526118,366845.1619364068,0.366845
2026-06-23T05:37:03,ul,cu_up,3526146,582838.0846310579,0.582838
2026-06-23T05:37:03,ul,du1,3526283,3990726.769616034,3.990727
2026-06-23T05:37:03,ul,du2,3526902,3980441.400303888,3.980441
2026-06-23T05:37:03,ul,du3,3527551,4028439.8795683505,4.028440
2026-06-23T05:37:03,ul,du4,3528165,3970156.0309917424,3.970156
2026-06-23T05:37:03,ul,ue1,3526347,1885652.8233823539,1.885653
2026-06-23T05:37:03,ul,ue5,3526970,1851368.080726304,1.851368
2026-06-23T05:37:03,ul,ue9,3527612,1916508.7976071178,1.916509
2026-06-23T05:37:03,ul,ue13,3528226,1878795.8213664747,1.878796
2026-06-23T05:37:09,ul,cu_cp,3526118,371225.0326966834,0.371225
2026-06-23T05:37:09,ul,cu_up,3526146,595430.2086253237,0.595430
2026-06-23T05:37:09,ul,du1,3526283,4090826.6778141307,4.090827
2026-06-23T05:37:09,ul,du2,3526902,4006289.772204189,4.006290
2026-06-23T05:37:09,ul,du3,3527551,4020991.737758589,4.020992
2026-06-23T05:37:09,ul,du4,3528165,3987912.6506346036,3.987913
2026-06-23T05:37:09,ul,ue1,3526347,1896555.702907381,1.896556
2026-06-23T05:37:09,ul,ue5,3526970,1867151.6376492167,1.867152
2026-06-23T05:37:09,ul,ue9,3527612,1896555.702907381,1.896556
2026-06-23T05:37:09,ul,ue13,3528226,1867151.6376492167,1.867152
2026-06-23T05:37:14,ul,cu_cp,3526118,373898.74789244233,0.373899
2026-06-23T05:37:14,ul,cu_up,3526146,598238.0371935188,0.598238
2026-06-23T05:37:14,ul,du1,3526283,4086713.5311523676,4.086714
2026-06-23T05:37:14,ul,du2,3526902,4112886.4634495974,4.112886
2026-06-23T05:37:14,ul,du3,3527551,4086713.5311523676,4.086714
2026-06-23T05:37:14,ul,du4,3528165,4086713.5311523676,4.086714
2026-06-23T05:37:14,ul,ue1,3526347,1918100.7054840445,1.918101
2026-06-23T05:37:14,ul,ue5,3526970,1895666.7055641175,1.895667
2026-06-23T05:37:14,ul,ue9,3527612,1884449.9084322094,1.884450
2026-06-23T05:37:14,ul,ue13,3528226,1895666.7055641175,1.895667
2026-06-23T05:37:19,ul,cu_cp,3526118,372284.94990058243,0.372285
2026-06-23T05:37:19,ul,cu_up,3526146,610547.3515756082,0.610547
2026-06-23T05:37:19,ul,du1,3526283,4091411.692188697,4.091412
2026-06-23T05:37:19,ul,du2,3526902,4091411.692188697,4.091412
2026-06-23T05:37:19,ul,du3,3527551,4087688.8342550276,4.087689
2026-06-23T05:37:19,ul,du4,3528165,4069074.8144959067,4.069075
2026-06-23T05:37:19,ul,ue1,3526347,1902376.085557313,1.902376
2026-06-23T05:37:19,ul,ue5,3526970,1917267.5172919894,1.917268
2026-06-23T05:37:19,ul,ue9,3527612,1928436.0910929965,1.928436
2026-06-23T05:37:19,ul,ue13,3528226,1917267.5172919894,1.917268
2026-06-23T05:37:25,ul,cu_cp,3526118,362091.9704733938,0.362092
2026-06-23T05:37:25,ul,cu_up,3526146,598560.2042544633,0.598560
2026-06-23T05:37:25,ul,du1,3526283,4019959.574154377,4.019960
2026-06-23T05:37:25,ul,du2,3526902,3968232.368916452,3.968232
2026-06-23T05:37:25,ul,du3,3527551,4023654.584117174,4.023655
2026-06-23T05:37:25,ul,du4,3528165,4053213.3300735354,4.053213
2026-06-23T05:37:25,ul,ue1,3526347,1869577.0108431876,1.869577
2026-06-23T05:37:25,ul,ue5,3526970,1876966.630644977,1.876967
2026-06-23T05:37:25,ul,ue9,3527612,1880661.2404839694,1.880661
2026-06-23T05:37:25,ul,ue13,3528226,1895440.61346215,1.895441
2026-06-23T05:37:30,ul,cu_cp,3526118,373496.18432567565,0.373496
2026-06-23T05:37:30,ul,cu_up,3526146,587979.1353581834,0.587979
2026-06-23T05:37:30,ul,du1,3526283,4052988.376854241,4.052988
2026-06-23T05:37:30,ul,du2,3526902,4030800.449551816,4.030800
2026-06-23T05:37:30,ul,du3,3527551,3986424.594946966,3.986425
2026-06-23T05:37:30,ul,du4,3528165,4041894.2791807316,4.041894
2026-06-23T05:37:30,ul,ue1,3526347,1908158.7995180155,1.908159
2026-06-23T05:37:30,ul,ue5,3526970,1863782.9449131656,1.863783
2026-06-23T05:37:30,ul,ue9,3527612,1841595.1516330373,1.841595
2026-06-23T05:37:30,ul,ue13,3528226,1889668.9494475257,1.889669
2026-06-23T05:37:35,ul,cu_cp,3526118,368374.10179875133,0.368374
2026-06-23T05:37:35,ul,cu_up,3526146,602793.9664037669,0.602794
2026-06-23T05:37:35,ul,du1,3526283,4122813.079099355,4.122813
2026-06-23T05:37:35,ul,du2,3526902,4104208.3033659933,4.104208
2026-06-23T05:37:35,ul,du3,3527551,4074440.7698918628,4.074441
2026-06-23T05:37:35,ul,du4,3528165,4040952.2274214365,4.040952
2026-06-23T05:37:35,ul,ue1,3526347,1912568.4683068467,1.912568
2026-06-23T05:37:35,ul,ue5,3526970,1901405.575942018,1.901406
2026-06-23T05:37:35,ul,ue9,3527612,1804660.9575270342,1.804661
2026-06-23T05:37:35,ul,ue13,3528226,1931173.244040208,1.931173
2026-06-23T05:37:41,ul,cu_cp,3526118,356935.5378259134,0.356936
2026-06-23T05:37:41,ul,cu_up,3526146,597659.4785729623,0.597659
2026-06-23T05:37:41,ul,du1,3526283,4117209.9058962534,4.117210
2026-06-23T05:37:41,ul,du2,3526902,4150413.1616249178,4.150413
2026-06-23T05:37:41,ul,du3,3527551,4050803.125067539,4.050803
2026-06-23T05:37:41,ul,du4,3528165,4042502.1764496802,4.042502
2026-06-23T05:37:41,ul,ue1,3526347,1875986.7770690871,1.875987
2026-06-23T05:37:41,ul,ue5,3526970,1909190.1674834443,1.909190
2026-06-23T05:37:41,ul,ue9,3527612,1834482.7074082566,1.834483
2026-06-23T05:37:41,ul,ue13,3528226,1909190.1674834443,1.909190
2026-06-23T05:37:46,ul,cu_cp,3526118,362948.9814490974,0.362949
2026-06-23T05:37:46,ul,cu_up,3526146,593281.9754385591,0.593282
2026-06-23T05:37:46,ul,du1,3526283,4055257.0549961566,4.055257
2026-06-23T05:37:46,ul,du2,3526902,3985459.026434803,3.985459
2026-06-23T05:37:46,ul,du3,3527551,3985459.026434803,3.985459
2026-06-23T05:37:46,ul,du4,3528165,3929620.60358572,3.929621
2026-06-23T05:37:46,ul,ue1,3526347,1884542.6356490373,1.884543
2026-06-23T05:37:46,ul,ue5,3526970,1849643.8881752968,1.849644
2026-06-23T05:37:46,ul,ue9,3527612,1828704.4796068906,1.828704
2026-06-23T05:37:46,ul,ue13,3528226,1849643.8881752968,1.849644
2026-06-23T05:37:51,ul,cu_cp,3526118,364978.3342996591,0.364978
2026-06-23T05:37:51,ul,cu_up,3526146,583965.3482692903,0.583965
2026-06-23T05:37:51,ul,du1,3526283,4069508.2299411227,4.069508
2026-06-23T05:37:51,ul,du2,3526902,4045176.488276005,4.045176
2026-06-23T05:37:51,ul,du3,3527551,4045176.488276005,4.045176
2026-06-23T05:37:51,ul,du4,3528165,4051259.758438177,4.051260
2026-06-23T05:37:51,ul,ue1,3526347,1873555.3556760668,1.873555
2026-06-23T05:37:51,ul,ue5,3526970,1867472.487208966,1.867472
2026-06-23T05:37:51,ul,ue9,3527612,1788393.9920514405,1.788394
2026-06-23T05:37:51,ul,ue13,3528226,1843140.611645491,1.843141
2026-06-23T05:37:57,ul,cu_cp,3526118,375907.43345881195,0.375907
2026-06-23T05:37:57,ul,cu_up,3526146,593175.0529560632,0.593175
2026-06-23T05:37:57,ul,du1,3526283,4076354.0297020054,4.076354
2026-06-23T05:37:57,ul,du2,3526902,4062559.4969775723,4.062559
2026-06-23T05:37:57,ul,du3,3527551,4021174.823752041,4.021175
2026-06-23T05:37:57,ul,du4,3528165,4069456.4945767308,4.069456
2026-06-23T05:37:57,ul,ue1,3526347,1893332.0023769331,1.893332
2026-06-23T05:37:57,ul,ue5,3526970,1879537.066507913,1.879537
2026-06-23T05:37:57,ul,ue9,3527612,1810563.3278335154,1.810563
2026-06-23T05:37:57,ul,ue13,3528226,1920921.3365888572,1.920921
2026-06-23T05:38:02,ul,cu_cp,3526118,346600.052657485,0.346600
2026-06-23T05:38:02,ul,cu_up,3526146,579954.5568201899,0.579955
2026-06-23T05:38:02,ul,du1,3526283,4042523.5137808896,4.042524
2026-06-23T05:38:02,ul,du2,3526902,4080272.119260764,4.080272
2026-06-23T05:38:02,ul,du3,3527551,4049386.6530091907,4.049387
2026-06-23T05:38:02,ul,du4,3528165,3997911.769072714,3.997912
2026-06-23T05:38:02,ul,ue1,3526347,1925174.7263285266,1.925175
2026-06-23T05:38:02,ul,ue5,3526970,1887426.1208486522,1.887426
2026-06-23T05:38:02,ul,ue9,3527612,1808497.3402747524,1.808497
2026-06-23T05:38:02,ul,ue13,3528226,1883994.5512345016,1.883995
2026-06-23T05:38:07,ul,cu_cp,3526118,355966.8990310788,0.355967
2026-06-23T05:38:07,ul,cu_up,3526146,584062.1766288615,0.584062
2026-06-23T05:38:07,ul,du1,3526283,4074611.589052162,4.074612
2026-06-23T05:38:07,ul,du2,3526902,4057331.292238846,4.057331
2026-06-23T05:38:07,ul,du3,3527551,3998579.5169206667,3.998580
2026-06-23T05:38:07,ul,du4,3528165,4046963.4896695376,4.046963
2026-06-23T05:38:07,ul,ue1,3526347,1904250.137694316,1.904250
2026-06-23T05:38:07,ul,ue5,3526970,1893882.2010111928,1.893882
2026-06-23T05:38:07,ul,ue9,3527612,1783290.4740497684,1.783290
2026-06-23T05:38:07,ul,ue13,3528226,1880058.1513198805,1.880058
2026-06-23T05:38:13,ul,cu_cp,3526118,372717.83366342605,0.372718
2026-06-23T05:38:13,ul,cu_up,3526146,603940.907584083,0.603941
2026-06-23T05:38:13,ul,du1,3526283,4096445.1189779663,4.096445
2026-06-23T05:38:13,ul,du2,3526902,4127504.5470669935,4.127505
2026-06-23T05:38:13,ul,du3,3527551,4103347.1540404987,4.103347
2026-06-23T05:38:13,ul,du4,3528165,4048129.522002082,4.048130
2026-06-23T05:38:13,ul,ue1,3526347,1898099.9180335093,1.898100
2026-06-23T05:38:13,ul,ue5,3526970,1887746.7302858948,1.887747
2026-06-23T05:38:13,ul,ue9,3527612,1873942.2546993827,1.873942
2026-06-23T05:38:13,ul,ue13,3528226,1908453.2409349394,1.908453
2026-06-23T05:38:18,ul,cu_cp,3526118,364301.6982098389,0.364302
2026-06-23T05:38:18,ul,cu_up,3526146,596760.8590615463,0.596761
2026-06-23T05:38:18,ul,du1,3526283,4076709.660027237,4.076710
2026-06-23T05:38:18,ul,du2,3526902,4114874.4557917025,4.114874
2026-06-23T05:38:18,ul,du3,3527551,4132222.335766449,4.132222
2026-06-23T05:38:18,ul,du4,3528165,4076709.660027237,4.076710
2026-06-23T05:38:18,ul,ue1,3526347,1929064.4015776634,1.929064
2026-06-23T05:38:18,ul,ue5,3526970,1904777.5046580124,1.904778
2026-06-23T05:38:18,ul,ue9,3527612,1908246.9456079674,1.908247
2026-06-23T05:38:18,ul,ue13,3528226,1901307.928663063,1.901308
2026-06-23T05:38:24,ul,cu_cp,3526118,359763.2142607379,0.359763
2026-06-23T05:38:24,ul,cu_up,3526146,594710.5976246333,0.594711
2026-06-23T05:38:24,ul,du1,3526283,4052842.8987835646,4.052843
2026-06-23T05:38:24,ul,du2,3526902,4085882.1904028608,4.085882
2026-06-23T05:38:24,ul,du3,3527551,4049171.628267479,4.049172
2026-06-23T05:38:24,ul,du4,3528165,4027145.344561887,4.027145
2026-06-23T05:38:24,ul,ue1,3526347,1857552.9171446634,1.857553
2026-06-23T05:38:24,ul,ue5,3526970,1857552.9171446634,1.857553
2026-06-23T05:38:24,ul,ue9,3527612,1861223.9197825647,1.861224
2026-06-23T05:38:24,ul,ue13,3528226,1894263.479280045,1.894263
2026-06-23T05:38:29,ul,cu_cp,3526118,371119.11849413393,0.371119
2026-06-23T05:38:29,ul,cu_up,3526146,597501.7985986996,0.597502
2026-06-23T05:38:29,ul,du1,3526283,4111999.726648712,4.112000
2026-06-23T05:38:29,ul,du2,3526902,4056331.793298874,4.056332
2026-06-23T05:38:29,ul,du3,3527551,4048909.5636027143,4.048910
2026-06-23T05:38:29,ul,du4,3528165,4086021.250140686,4.086021
2026-06-23T05:38:29,ul,ue1,3526347,1911263.4249347877,1.911263
2026-06-23T05:38:29,ul,ue5,3526970,1874151.469368229,1.874151
2026-06-23T05:38:29,ul,ue9,3527612,1870440.3545201493,1.870440
2026-06-23T05:38:29,ul,ue13,3528226,1892707.581665802,1.892708
2026-06-23T05:38:34,ul,cu_cp,3526118,363677.9339499861,0.363678
2026-06-23T05:38:34,ul,cu_up,3526146,597470.9250873446,0.597471
2026-06-23T05:38:34,ul,du1,3526283,4089521.4204650163,4.089521
2026-06-23T05:38:34,ul,du2,3526902,4067255.568500674,4.067256
2026-06-23T05:38:34,ul,du3,3527551,4074677.519155455,4.074678
2026-06-23T05:38:34,ul,du4,3528165,4056122.5081261755,4.056123
2026-06-23T05:38:34,ul,ue1,3526347,1907453.8167650998,1.907454
2026-06-23T05:38:34,ul,ue5,3526970,1822100.8466658115,1.822101
2026-06-23T05:38:34,ul,ue9,3527612,1911164.7920924902,1.911165
2026-06-23T05:38:34,ul,ue13,3528226,1881476.8550810397,1.881477
2026-06-23T05:38:40,ul,cu_cp,3526118,368717.4004783809,0.368717
2026-06-23T05:38:40,ul,cu_up,3526146,582573.5495824695,0.582574
2026-06-23T05:38:40,ul,du1,3526283,4022706.961229248,4.022707
2026-06-23T05:38:40,ul,du2,3526902,4052204.393380432,4.052204
2026-06-23T05:38:40,ul,du3,3527551,4030081.319267044,4.030081
2026-06-23T05:38:40,ul,du4,3528165,4004271.066134758,4.004271
2026-06-23T05:38:40,ul,ue1,3526347,1869397.3558064746,1.869397
2026-06-23T05:38:40,ul,ue5,3526970,1769843.5222962284,1.769844
2026-06-23T05:38:40,ul,ue9,3527612,1887833.2509009647,1.887833
2026-06-23T05:38:40,ul,ue13,3528226,1839899.9236552906,1.839900
2026-06-23T05:38:45,ul,cu_cp,3526118,377136.4693546593,0.377136
2026-06-23T05:38:45,ul,cu_up,3526146,591586.6553694606,0.591587
2026-06-23T05:38:45,ul,du1,3526283,4067157.887269199,4.067158
2026-06-23T05:38:45,ul,du2,3526902,4078250.4870334268,4.078250
2026-06-23T05:38:45,ul,du3,3527551,3996906.8095149994,3.996907
2026-06-23T05:38:45,ul,du4,3528165,4030184.0729591846,4.030184
2026-06-23T05:38:45,ul,ue1,3526347,1856102.9738161862,1.856103
2026-06-23T05:38:45,ul,ue5,3526970,1808036.559741944,1.808037
2026-06-23T05:38:45,ul,ue9,3527612,1870892.6602947414,1.870893
2026-06-23T05:38:45,ul,ue13,3528226,1863497.9510175884,1.863498
2026-06-23T05:38:50,ul,cu_cp,3526118,368067.512930882,0.368068
2026-06-23T05:38:50,ul,cu_up,3526146,606010.1108435965,0.606010
2026-06-23T05:38:50,ul,du1,3526283,4100792.3121255254,4.100792
2026-06-23T05:38:50,ul,du2,3526902,4082203.1539234924,4.082203
2026-06-23T05:38:50,ul,du3,3527551,3992974.7638316345,3.992975
2026-06-23T05:38:50,ul,du4,3528165,4056178.1170795965,4.056178
2026-06-23T05:38:50,ul,ue1,3526347,1899823.2477827526,1.899823
2026-06-23T05:38:50,ul,ue5,3526970,1877516.1502597881,1.877516
2026-06-23T05:38:50,ul,ue9,3527612,1858926.722856443,1.858927
2026-06-23T05:38:50,ul,ue13,3528226,1925848.1500259924,1.925848
2026-06-23T05:38:56,ul,cu_cp,3526118,351134.3908793521,0.351134
2026-06-23T05:38:56,ul,cu_up,3526146,610305.035856185,0.610305
2026-06-23T05:38:56,ul,du1,3526283,4054766.3056531334,4.054766
2026-06-23T05:38:56,ul,du2,3526902,4071487.132948322,4.071487
2026-06-23T05:38:56,ul,du3,3527551,4029685.0647103502,4.029685
2026-06-23T05:38:56,ul,du4,3528165,3971162.437250862,3.971162
2026-06-23T05:38:56,ul,ue1,3526347,1889437.533972788,1.889438
2026-06-23T05:38:56,ul,ue5,3526970,1830915.1745869732,1.830915
2026-06-23T05:38:56,ul,ue9,3527612,1872716.8407144356,1.872717
2026-06-23T05:38:56,ul,ue13,3528226,1889437.533972788,1.889438
2026-06-23T05:39:01,ul,cu_cp,3526118,379158.64008848666,0.379159
2026-06-23T05:39:01,ul,cu_up,3526146,615238.6165509843,0.615239
2026-06-23T05:39:01,ul,du1,3526283,4056282.3520453833,4.056282
2026-06-23T05:39:01,ul,du2,3526902,4113513.494865351,4.113513
2026-06-23T05:39:01,ul,du3,3527551,4084897.789026022,4.084898
2026-06-23T05:39:01,ul,du4,3528165,4049128.2911562063,4.049128
2026-06-23T05:39:01,ul,ue1,3526347,1888639.2739826012,1.888639
2026-06-23T05:39:01,ul,ue5,3526970,1888639.2739826012,1.888639
2026-06-23T05:39:01,ul,ue9,3527612,1874331.555492282,1.874332
2026-06-23T05:39:01,ul,ue13,3528226,1917255.114251275,1.917255
2026-06-23T05:39:06,ul,cu_cp,3526118,368738.4683158839,0.368738
2026-06-23T05:39:06,ul,cu_up,3526146,596127.1365302039,0.596127
2026-06-23T05:39:06,ul,du1,3526283,4031540.4890973377,4.031540
2026-06-23T05:39:06,ul,du2,3526902,4031540.4890973377,4.031540
2026-06-23T05:39:06,ul,du3,3527551,3982375.364435053,3.982375
2026-06-23T05:39:06,ul,du4,3528165,4037685.7294951533,4.037686
2026-06-23T05:39:06,ul,ue1,3526347,1874420.5111445999,1.874421
2026-06-23T05:39:06,ul,ue5,3526970,1843692.174835682,1.843692
2026-06-23T05:39:06,ul,ue9,3527612,1868274.7371668243,1.868275
2026-06-23T05:39:06,ul,ue13,3528226,1917439.9952240991,1.917440
2026-06-23T05:39:12,ul,cu_cp,3526118,367247.53350762127,0.367248
2026-06-23T05:39:12,ul,cu_up,3526146,591981.0987884045,0.591981
2026-06-23T05:39:12,ul,du1,3526283,4050685.749127078,4.050686
2026-06-23T05:39:12,ul,du2,3526902,4067129.4009351493,4.067129
2026-06-23T05:39:12,ul,du3,3527551,3990391.377954185,3.990391
2026-06-23T05:39:12,ul,du4,3528165,4050685.749127078,4.050686
2026-06-23T05:39:12,ul,ue1,3526347,1874606.8128299476,1.874607
2026-06-23T05:39:12,ul,ue5,3526970,1891050.7322407365,1.891051
2026-06-23T05:39:12,ul,ue9,3527612,1891050.7322407365,1.891051
2026-06-23T05:39:12,ul,ue13,3528226,1912975.9581217885,1.912976
2026-06-23T05:39:17,ul,cu_cp,3526118,360879.951993455,0.360880
2026-06-23T05:39:17,ul,cu_up,3526146,584281.855686748,0.584282
2026-06-23T05:39:17,ul,du1,3526283,4010922.8195686936,4.010923
2026-06-23T05:39:17,ul,du2,3526902,4059040.1866107704,4.059040
2026-06-23T05:39:17,ul,du3,3527551,3993738.255723083,3.993738
2026-06-23T05:39:17,ul,du4,3528165,4028107.650811744,4.028108
2026-06-23T05:39:17,ul,ue1,3526347,1883449.5625343383,1.883450
2026-06-23T05:39:17,ul,ue5,3526970,1880012.703244704,1.880013
2026-06-23T05:39:17,ul,ue9,3527612,1890323.5485110462,1.890324
2026-06-23T05:39:17,ul,ue13,3528226,1876575.8439550698,1.876576
2026-06-23T05:39:22,ul,cu_cp,3526118,357977.0820212674,0.357977
2026-06-23T05:39:22,ul,cu_up,3526146,595481.0791251707,0.595481
2026-06-23T05:39:22,ul,du1,3526283,4164925.38114537,4.164925
2026-06-23T05:39:22,ul,du2,3526902,4120178.2122488306,4.120178
2026-06-23T05:39:22,ul,du3,3527551,4078873.2160831164,4.078873
2026-06-23T05:39:22,ul,du4,3528165,4085757.5615447666,4.085758
2026-06-23T05:39:22,ul,ue1,3526347,1906916.187717353,1.906916
2026-06-23T05:39:22,ul,ue5,3526970,1896590.0732514476,1.896590
2026-06-23T05:39:22,ul,ue9,3527612,1917242.5713343048,1.917243
2026-06-23T05:39:22,ul,ue13,3528226,1903474.2841375745,1.903474
2026-06-23T05:39:28,ul,cu_cp,3526118,356208.6617750609,0.356209
2026-06-23T05:39:28,ul,cu_up,3526146,578839.1046149253,0.578839
2026-06-23T05:39:28,ul,du1,3526283,4021048.3338144207,4.021048
2026-06-23T05:39:28,ul,du2,3526902,4055298.8062755778,4.055299
2026-06-23T05:39:28,ul,du3,3527551,4024473.1405356787,4.024473
2026-06-23T05:39:28,ul,du4,3528165,4045023.5843622778,4.045024
2026-06-23T05:39:28,ul,ue1,3526347,1890646.0434190321,1.890646
2026-06-23T05:39:28,ul,ue5,3526970,1870095.599592433,1.870096
2026-06-23T05:39:28,ul,ue9,3527612,1873520.8071884536,1.873521
2026-06-23T05:39:28,ul,ue13,3528226,1873520.8071884536,1.873521
2026-06-23T05:39:33,ul,cu_cp,3526118,359752.5980825758,0.359753
2026-06-23T05:39:33,ul,cu_up,3526146,584597.9718841857,0.584598
2026-06-23T05:39:33,ul,du1,3526283,4078349.0666029025,4.078349
2026-06-23T05:39:33,ul,du2,3526902,4112940.6729090763,4.112941
2026-06-23T05:39:33,ul,du3,3527551,4019543.5240102625,4.019544
2026-06-23T05:39:33,ul,du4,3528165,4106022.4053986575,4.106022
2026-06-23T05:39:33,ul,ue1,3526347,1892160.1393116927,1.892160
2026-06-23T05:39:33,ul,ue5,3526970,1847191.1317398907,1.847191
2026-06-23T05:39:33,ul,ue9,3527612,1895619.273066902,1.895619
2026-06-23T05:39:33,ul,ue13,3528226,1864486.9348929776,1.864487
2026-06-23T05:39:39,ul,cu_cp,3526118,374331.5125161946,0.374332
2026-06-23T05:39:39,ul,cu_up,3526146,610560.1466785759,0.610560
2026-06-23T05:39:39,ul,du1,3526283,4044960.7288288474,4.044961
2026-06-23T05:39:39,ul,du2,3526902,4074035.4140238045,4.074035
2026-06-23T05:39:39,ul,du3,3527551,4055864.037328744,4.055864
2026-06-23T05:39:39,ul,du4,3528165,4037692.660633683,4.037693
2026-06-23T05:39:39,ul,ue1,3526347,1842583.145432049,1.842583
2026-06-23T05:39:39,ul,ue5,3526970,1864388.958293742,1.864389
2026-06-23T05:39:39,ul,ue9,3527612,1944343.3374072493,1.944343
2026-06-23T05:39:39,ul,ue13,3528226,1889829.0732990503,1.889829
2026-06-23T05:39:44,ul,cu_cp,3526118,374021.40789429547,0.374021
2026-06-23T05:39:44,ul,cu_up,3526146,581399.6421172678,0.581400
2026-06-23T05:39:44,ul,du1,3526283,4032765.298723483,4.032765
2026-06-23T05:39:44,ul,du2,3526902,4017952.7687389613,4.017953
2026-06-23T05:39:44,ul,du3,3527551,4029062.300248289,4.029062
2026-06-23T05:39:44,ul,du4,3528165,4017952.7687389613,4.017953
2026-06-23T05:39:44,ul,ue1,3526347,1888623.0370044708,1.888623
2026-06-23T05:39:44,ul,ue5,3526970,1884919.9045083404,1.884920
2026-06-23T05:39:44,ul,ue9,3527612,1899732.5685137988,1.899733
2026-06-23T05:39:44,ul,ue13,3528226,1858997.4409516812,1.858997
2026-06-23T05:39:49,ul,cu_cp,3526118,374864.41002251656,0.374864
2026-06-23T05:39:49,ul,cu_up,3526146,590133.0854462612,0.590133
2026-06-23T05:39:49,ul,du1,3526283,4093816.1923194244,4.093816
2026-06-23T05:39:49,ul,du2,3526902,4097527.8537746407,4.097528
2026-06-23T05:39:49,ul,du3,3527551,4023297.310776446,4.023297
2026-06-23T05:39:49,ul,du4,3528165,3967624.2692224933,3.967624
2026-06-23T05:39:49,ul,ue1,3526347,1915148.815185263,1.915149
2026-06-23T05:39:49,ul,ue5,3526970,1915148.815185263,1.915149
2026-06-23T05:39:49,ul,ue9,3527612,1885456.5979859852,1.885457
2026-06-23T05:39:49,ul,ue13,3528226,1870610.623691653,1.870611
2026-06-23T05:39:55,ul,cu_cp,3526118,373032.7982859075,0.373033
2026-06-23T05:39:55,ul,cu_up,3526146,593122.1864726698,0.593122
2026-06-23T05:39:55,ul,du1,3526283,4122012.77613183,4.122013
2026-06-23T05:39:55,ul,du2,3526902,4136933.939270959,4.136934
2026-06-23T05:39:55,ul,du3,3527551,4084709.462486806,4.084709
2026-06-23T05:39:55,ul,du4,3528165,4028754.086222067,4.028754
2026-06-23T05:39:55,ul,ue1,3526347,1906197.7311250782,1.906198
2026-06-23T05:39:55,ul,ue5,3526970,1887546.074302566,1.887546
2026-06-23T05:39:55,ul,ue9,3527612,1928579.7463652396,1.928580
2026-06-23T05:39:55,ul,ue13,3528226,1898737.0142897796,1.898737
2026-06-23T05:40:00,ul,cu_cp,3526118,369168.12246733723,0.369168
2026-06-23T05:40:00,ul,cu_up,3526146,583285.6408529448,0.583286
2026-06-23T05:40:00,ul,du1,3526283,4053465.8783846567,4.053466
2026-06-23T05:40:00,ul,du2,3526902,3994399.1980892513,3.994399
2026-06-23T05:40:00,ul,du3,3527551,4049774.4281597757,4.049774
2026-06-23T05:40:00,ul,du4,3528165,4001782.6334155225,4.001783
2026-06-23T05:40:00,ul,ue1,3526347,1875373.9859141707,1.875374
2026-06-23T05:40:00,ul,ue5,3526970,1749856.7888397074,1.749857
2026-06-23T05:40:00,ul,ue9,3527612,1897524.1581738568,1.897524
2026-06-23T05:40:00,ul,ue13,3528226,1864299.1003630185,1.864299
2026-06-23T05:40:05,ul,cu_cp,3526118,370093.464673925,0.370093
2026-06-23T05:40:05,ul,cu_up,3526146,588448.678206929,0.588449
2026-06-23T05:40:05,ul,du1,3526283,3993308.4727718066,3.993308
2026-06-23T05:40:05,ul,du2,3526902,4078430.39829957,4.078430
2026-06-23T05:40:05,ul,du3,3527551,4071028.2119572163,4.071028
2026-06-23T05:40:05,ul,du4,3528165,4008112.30922163,4.008112
2026-06-23T05:40:05,ul,ue1,3526347,1883775.7207789659,1.883776
2026-06-23T05:40:05,ul,ue5,3526970,1857869.2751092173,1.857869
2026-06-23T05:40:05,ul,ue9,3527612,1905981.475453701,1.905981
2026-06-23T05:40:05,ul,ue13,3528226,1887476.8139501428,1.887477
2026-06-23T05:40:11,ul,cu_cp,3526118,369107.9033947116,0.369108
2026-06-23T05:40:11,ul,cu_up,3526146,570439.4840197063,0.570439
2026-06-23T05:40:11,ul,du1,3526283,4102130.532380991,4.102131
2026-06-23T05:40:11,ul,du2,3526902,4043409.224680867,4.043409
2026-06-23T05:40:11,ul,du3,3527551,3984687.3810874843,3.984687
2026-06-23T05:40:11,ul,du4,3528165,4060186.9708351563,4.060187
2026-06-23T05:40:11,ul,ue1,3526347,1803595.3860411358,1.803595
2026-06-23T05:40:11,ul,ue5,3526970,1837150.47642977,1.837150
2026-06-23T05:40:11,ul,ue9,3527612,1904261.0591269827,1.904261
2026-06-23T05:40:11,ul,ue13,3528226,1895872.3200231527,1.895872
2026-06-23T05:40:16,ul,cu_cp,3526118,370932.15511074127,0.370932
2026-06-23T05:40:16,ul,cu_up,3526146,584931.4573938274,0.584931
2026-06-23T05:40:16,ul,du1,3526283,4001787.413318863,4.001787
2026-06-23T05:40:16,ul,du2,3526902,3994653.998656373,3.994654
2026-06-23T05:40:16,ul,du3,3527551,3966120.6070354865,3.966121
2026-06-23T05:40:16,ul,du4,3528165,3980387.4363604663,3.980387
2026-06-23T05:40:16,ul,ue1,3526347,1890327.3815652775,1.890327
2026-06-23T05:40:16,ul,ue5,3526970,1833260.7318380415,1.833261
2026-06-23T05:40:16,ul,ue9,3527612,1854660.8423109746,1.854661
2026-06-23T05:40:16,ul,ue13,3528226,1890327.3815652775,1.890327
2026-06-23T05:40:21,ul,cu_cp,3526118,368490.1351541445,0.368490
2026-06-23T05:40:21,ul,cu_up,3526146,612068.3487115949,0.612068
2026-06-23T05:40:21,ul,du1,3526283,4034654.7991243936,4.034655
2026-06-23T05:40:21,ul,du2,3526902,4090865.298067317,4.090865
2026-06-23T05:40:21,ul,du3,3527551,4028409.33726897,4.028409
2026-06-23T05:40:21,ul,du4,3528165,4097110.7599227405,4.097111
2026-06-23T05:40:21,ul,ue1,3526347,1886169.881885668,1.886170
2026-06-23T05:40:21,ul,ue5,3526970,1904906.535900761,1.904907
2026-06-23T05:40:21,ul,ue9,3527612,1942380.112379769,1.942380
2026-06-23T05:40:21,ul,ue13,3528226,1848696.3054066598,1.848696
2026-06-23T05:40:27,ul,cu_cp,3526118,359230.66501076816,0.359231
2026-06-23T05:40:27,ul,cu_up,3526146,596875.5531006694,0.596876
2026-06-23T05:40:27,ul,du1,3526283,4073122.7910171985,4.073123
2026-06-23T05:40:27,ul,du2,3526902,4034436.498670292,4.034436
2026-06-23T05:40:27,ul,du3,3527551,4012329.9694505692,4.012330
2026-06-23T05:40:27,ul,du4,3528165,4051016.529372692,4.051017
2026-06-23T05:40:27,ul,ue1,3526347,1873525.9431945563,1.873526
2026-06-23T05:40:27,ul,ue5,3526970,1895632.472414279,1.895632
2026-06-23T05:40:27,ul,ue9,3527612,1912212.235541463,1.912212
2026-06-23T05:40:27,ul,ue13,3528226,1884579.3415920257,1.884579
2026-06-23T05:40:32,ul,cu_cp,3526118,374788.1166760087,0.374788
2026-06-23T05:40:32,ul,cu_up,3526146,596253.8219845593,0.596254
2026-06-23T05:40:32,ul,du1,3526283,4010232.7814382934,4.010233
2026-06-23T05:40:32,ul,du2,3526902,3989790.1952259634,3.989790
2026-06-23T05:40:32,ul,du3,3527551,4074969.2456573294,4.074969
2026-06-23T05:40:32,ul,du4,3528165,4023861.7082065106,4.023862
2026-06-23T05:40:32,ul,ue1,3526347,1856904.82688977,1.856905
2026-06-23T05:40:32,ul,ue5,3526970,1829647.509313333,1.829648
2026-06-23T05:40:32,ul,ue9,3527612,1901197.9009564805,1.901198
2026-06-23T05:40:32,ul,ue13,3528226,1887569.242168262,1.887569
2026-06-23T05:40:43,ul,cu_cp,3526118,373772.9891698647,0.373773
2026-06-23T05:40:43,ul,cu_up,3526146,585817.2345663548,0.585817
2026-06-23T05:40:43,ul,du1,3526283,4097126.831206865,4.097127
2026-06-23T05:40:43,ul,du2,3526902,4100720.9108415414,4.100721
2026-06-23T05:40:43,ul,du3,3527551,4046811.060706692,4.046811
2026-06-23T05:40:43,ul,du4,3528165,4043217.249949074,4.043217
2026-06-23T05:40:43,ul,ue1,3526347,1886834.671830058,1.886835
2026-06-23T05:40:43,ul,ue5,3526970,1876052.7018030882,1.876053
2026-06-23T05:40:43,ul,ue9,3527612,1872458.756606941,1.872459
2026-06-23T05:40:43,ul,ue13,3528226,1911992.557080145,1.911993
2026-06-23T05:40:48,ul,cu_cp,3526118,366976.7251811743,0.366977
2026-06-23T05:40:48,ul,cu_up,3526146,593336.236135624,0.593336
2026-06-23T05:40:48,ul,du1,3526283,4043603.6174161793,4.043604
2026-06-23T05:40:48,ul,du2,3526902,4036744.244373171,4.036744
2026-06-23T05:40:48,ul,du3,3527551,3947572.3948140694,3.947572
2026-06-23T05:40:48,ul,du4,3528165,3975009.8869861006,3.975010
2026-06-23T05:40:48,ul,ue1,3526347,1865751.071979661,1.865751
2026-06-23T05:40:48,ul,ue5,3526970,1893188.4304615653,1.893188
2026-06-23T05:40:48,ul,ue9,3527612,1903477.490026077,1.903477
2026-06-23T05:40:48,ul,ue13,3528226,1879469.6843755497,1.879470
2026-06-23T05:40:53,ul,cu_cp,3526118,377145.44315679255,0.377145
2026-06-23T05:40:53,ul,cu_up,3526146,592153.6075473982,0.592154
2026-06-23T05:40:53,ul,du1,3526283,4092203.9609733345,4.092204
2026-06-23T05:40:53,ul,du2,3526902,4102778.5037088487,4.102779
2026-06-23T05:40:53,ul,du3,3527551,4102778.5037088487,4.102779
2026-06-23T05:40:53,ul,du4,3528165,4123926.7767118094,4.123927
2026-06-23T05:40:53,ul,ue1,3526347,1843430.3312496794,1.843430
2026-06-23T05:40:53,ul,ue5,3526970,1878677.7688810849,1.878678
2026-06-23T05:40:53,ul,ue9,3527612,1906875.421081251,1.906875
2026-06-23T05:40:53,ul,ue13,3528226,1917449.5575827314,1.917450
2026-06-23T05:40:59,ul,cu_cp,3526118,373858.9564304161,0.373859
2026-06-23T05:40:59,ul,cu_up,3526146,588550.1709304429,0.588550
2026-06-23T05:40:59,ul,du1,3526283,4082835.6375712585,4.082836
2026-06-23T05:40:59,ul,du2,3526902,4038416.564370422,4.038417
2026-06-23T05:40:59,ul,du3,3527551,3997699.6843089294,3.997700
2026-06-23T05:40:59,ul,du4,3528165,4079134.249373169,4.079134
2026-06-23T05:40:59,ul,ue1,3526347,1847085.2790908813,1.847085
2026-06-23T05:40:59,ul,ue5,3526970,1865593.025022583,1.865593
2026-06-23T05:40:59,ul,ue9,3527612,1884101.039268036,1.884101
2026-06-23T05:40:59,ul,ue13,3528226,1884101.039268036,1.884101
2026-06-23T05:41:04,ul,cu_cp,3526118,369440.697526381,0.369441
2026-06-23T05:41:04,ul,cu_up,3526146,565244.2745668674,0.565244
2026-06-23T05:41:04,ul,du1,3526283,4030598.088206091,4.030598
2026-06-23T05:41:04,ul,du2,3526902,4019514.69284915,4.019515
2026-06-23T05:41:04,ul,du3,3527551,4056459.076711521,4.056459
2026-06-23T05:41:04,ul,du4,3528165,3993653.7043437194,3.993654
2026-06-23T05:41:04,ul,ue1,3526347,1854592.2173742915,1.854592
2026-06-23T05:41:04,ul,ue5,3526970,1850897.8859190273,1.850898
2026-06-23T05:41:04,ul,ue9,3527612,1887841.8687902498,1.887842
2026-06-23T05:41:04,ul,ue13,3528226,1802870.64135458,1.802871
2026-06-23T05:41:09,ul,cu_cp,3526118,340208.67128668335,0.340209
2026-06-23T05:41:09,ul,cu_up,3526146,478418.44900402427,0.478418
2026-06-23T05:41:09,ul,du1,3526283,3646611.9186719465,3.646612
2026-06-23T05:41:09,ul,du2,3526902,3643068.1875013853,3.643068
2026-06-23T05:41:09,ul,du3,3527551,3572191.2568066074,3.572191
2026-06-23T05:41:09,ul,du4,3528165,3558015.819394684,3.558016
2026-06-23T05:41:09,ul,ue1,3526347,1435255.3470120728,1.435255
2026-06-23T05:41:09,ul,ue5,3526970,1413992.4472590268,1.413992
2026-06-23T05:41:09,ul,ue9,3527612,1456518.3749475384,1.456518
2026-06-23T05:41:09,ul,ue13,3528226,1375010.1225586568,1.375010
2026-06-23T05:41:15,ul,cu_cp,3526118,303181.83611495077,0.303182
2026-06-23T05:41:15,ul,cu_up,3526146,303181.83611495077,0.303182
2026-06-23T05:41:15,ul,du1,3526283,2818946.1800796604,2.818946
2026-06-23T05:41:15,ul,du2,3526902,2851199.634561868,2.851200
2026-06-23T05:41:15,ul,du3,3527551,2809270.307115717,2.809270
2026-06-23T05:41:15,ul,du4,3528165,2757664.639903569,2.757665
2026-06-23T05:41:15,ul,ue1,3526347,683771.822946583,0.683772
2026-06-23T05:41:15,ul,ue5,3526970,680546.5125085163,0.680547
2026-06-23T05:41:15,ul,ue9,3527612,716025.2774287903,0.716025
2026-06-23T05:41:15,ul,ue13,3528226,628941.0786973953,0.628941
2026-06-23T05:41:20,ul,cu_cp,3526118,305264.2949089408,0.305264
2026-06-23T05:41:20,ul,cu_up,3526146,298837.6842881978,0.298838
2026-06-23T05:41:20,ul,du1,3526283,2811644.7603878975,2.811645
2026-06-23T05:41:20,ul,du2,3526902,2792365.044695127,2.792365
2026-06-23T05:41:20,ul,du3,3527551,2802005.018710971,2.802005
2026-06-23T05:41:20,ul,du4,3528165,2776298.576227999,2.776299
2026-06-23T05:41:20,ul,ue1,3526347,674794.7541100413,0.674795
2026-06-23T05:41:20,ul,ue5,3526970,636235.090385583,0.636235
2026-06-23T05:41:20,ul,ue9,3527612,684434.6700411558,0.684435
2026-06-23T05:41:20,ul,ue13,3528226,636235.090385583,0.636235
