timestamp,phase,component,pid,microwatts,watts
2026-06-23T11:34:25,idle,cu_cp,3922732,325275.57827014086,0.325276
2026-06-23T11:34:25,idle,cu_up,3922762,325275.57827014086,0.325276
2026-06-23T11:34:25,idle,du1,3922923,2989437.2357165907,2.989437
2026-06-23T11:34:25,idle,du2,3923673,3051394.6525379275,3.051395
2026-06-23T11:34:25,idle,ue1,3922965,851912.2867037631,0.851912
2026-06-23T11:34:25,idle,ue2,3922974,867401.5222826314,0.867402
2026-06-23T11:34:25,idle,ue3,3923002,836422.873185196,0.836423
2026-06-23T11:34:25,idle,ue4,3923012,836422.873185196,0.836423
2026-06-23T11:34:25,idle,ue5,3923733,828678.2257391453,0.828678
2026-06-23T11:34:25,idle,ue6,3923742,844167.5206312466,0.844168
2026-06-23T11:34:25,idle,ue7,3923750,828678.2257391453,0.828678
2026-06-23T11:34:25,idle,ue8,3923760,805444.3427142262,0.805444
2026-06-23T11:34:31,idle,cu_cp,3922732,328867.9513011575,0.328868
2026-06-23T11:34:31,idle,cu_up,3922762,315971.1654260212,0.315971
2026-06-23T11:34:31,idle,du1,3922923,2934017.871940389,2.934018
2026-06-23T11:34:31,idle,du2,3923673,2972708.0525361635,2.972708
2026-06-23T11:34:31,idle,ue1,3922965,818945.6375267011,0.818946
2026-06-23T11:34:31,idle,ue2,3922974,818945.6375267011,0.818946
2026-06-23T11:34:31,idle,ue3,3923002,825394.0599692082,0.825394
2026-06-23T11:34:31,idle,ue4,3923012,818945.6375267011,0.818946
2026-06-23T11:34:31,idle,ue5,3923733,799600.4292090577,0.799600
2026-06-23T11:34:31,idle,ue6,3923742,838290.8458443445,0.838291
2026-06-23T11:34:31,idle,ue7,3923750,760910.130593527,0.760910
2026-06-23T11:34:31,idle,ue8,3923760,818945.6375267011,0.818946
2026-06-23T11:34:36,idle,cu_cp,3922732,327848.94951211096,0.327849
2026-06-23T11:34:36,idle,cu_up,3922762,327848.94951211096,0.327849
2026-06-23T11:34:36,idle,du1,3922923,2983981.0176209738,2.983981
2026-06-23T11:34:36,idle,du2,3923673,3039548.7663462926,3.039549
2026-06-23T11:34:36,idle,ue1,3922965,833514.2814244044,0.833514
2026-06-23T11:34:36,idle,ue2,3922974,827957.5065518725,0.827958
2026-06-23T11:34:36,idle,ue3,3923002,833514.2814244044,0.833514
2026-06-23T11:34:36,idle,ue4,3923012,766833.1601772379,0.766833
2026-06-23T11:34:36,idle,ue5,3923733,833514.2814244044,0.833514
2026-06-23T11:34:36,idle,ue6,3923742,850184.5469675947,0.850185
2026-06-23T11:34:36,idle,ue7,3923750,766833.1601772379,0.766833
2026-06-23T11:34:36,idle,ue8,3923760,811287.2410086823,0.811287
2026-06-23T11:34:42,idle,cu_cp,3922732,328221.06351765426,0.328221
2026-06-23T11:34:42,idle,cu_up,3922762,328221.06351765426,0.328221
2026-06-23T11:34:42,idle,du1,3922923,2993180.043350594,2.993180
2026-06-23T11:34:42,idle,du2,3923673,2998078.9523278926,2.998079
2026-06-23T11:34:42,idle,ue1,3922965,827900.918539958,0.827901
2026-06-23T11:34:42,idle,ue2,3922974,823002.0688313026,0.823002
2026-06-23T11:34:42,idle,ue3,3923002,803406.7292653238,0.803407
2026-06-23T11:34:42,idle,ue4,3923012,774013.868087964,0.774014
2026-06-23T11:34:42,idle,ue5,3923733,847496.1395686502,0.847496
2026-06-23T11:34:42,idle,ue6,3923742,832799.7089799702,0.832800
2026-06-23T11:34:42,idle,ue7,3923750,827900.918539958,0.827901
2026-06-23T11:34:42,idle,ue8,3923760,813204.4286826348,0.813204
2026-06-23T11:34:47,idle,cu_cp,3922732,328040.3444706559,0.328040
2026-06-23T11:34:47,idle,cu_up,3922762,319011.71167963743,0.319012
2026-06-23T11:34:47,idle,du1,3922923,2916248.5098808766,2.916249
2026-06-23T11:34:47,idle,du2,3923673,3009544.57935791,3.009545
2026-06-23T11:34:47,idle,ue1,3922965,848691.5415466905,0.848692
2026-06-23T11:34:47,idle,ue2,3922974,818596.0791796446,0.818596
2026-06-23T11:34:47,idle,ue3,3923002,857720.174337709,0.857720
2026-06-23T11:34:47,idle,ue4,3923012,827624.711970663,0.827625
2026-06-23T11:34:47,idle,ue5,3923733,854710.6103437186,0.854711
2026-06-23T11:34:47,idle,ue6,3923742,854710.6103437186,0.854711
2026-06-23T11:34:47,idle,ue7,3923750,848691.5415466905,0.848692
2026-06-23T11:34:47,idle,ue8,3923760,815586.574376607,0.815587
2026-06-23T11:34:52,idle,cu_cp,3922732,325906.93212418794,0.325907
2026-06-23T11:34:52,idle,cu_up,3922762,322889.2545373538,0.322889
2026-06-23T11:34:52,idle,du1,3922923,2918074.0898909117,2.918074
2026-06-23T11:34:52,idle,du2,3923673,3005586.1780956266,3.005586
2026-06-23T11:34:52,idle,ue1,3922965,844943.9287640298,0.844944
2026-06-23T11:34:52,idle,ue2,3922974,826837.9815195459,0.826838
2026-06-23T11:34:52,idle,ue3,3923002,850979.2247994376,0.850979
2026-06-23T11:34:52,idle,ue4,3923012,811749.6822927659,0.811750
2026-06-23T11:34:52,idle,ue5,3923733,826837.9815195459,0.826838
2026-06-23T11:34:52,idle,ue6,3923742,847961.5176434731,0.847962
2026-06-23T11:34:52,idle,ue7,3923750,790626.0278923177,0.790626
2026-06-23T11:34:52,idle,ue8,3923760,817785.0374664343,0.817785
2026-06-23T11:34:58,idle,cu_cp,3922732,327382.41136847617,0.327382
2026-06-23T11:34:58,idle,cu_up,3922762,327382.41136847617,0.327382
2026-06-23T11:34:58,idle,du1,3922923,2928420.609899118,2.928421
2026-06-23T11:34:58,idle,du2,3923673,2973473.2819002364,2.973473
2026-06-23T11:34:58,idle,ue1,3922965,837978.7899770886,0.837979
2026-06-23T11:34:58,idle,ue2,3922974,828968.2437685048,0.828968
2026-06-23T11:34:58,idle,ue3,3923002,813950.7257959986,0.813951
2026-06-23T11:34:58,idle,ue4,3923012,798933.1487816924,0.798933
2026-06-23T11:34:58,idle,ue5,3923733,789922.6616149086,0.789923
2026-06-23T11:34:58,idle,ue6,3923742,846989.3361856723,0.846989
2026-06-23T11:34:58,idle,ue7,3923750,807943.754032076,0.807944
2026-06-23T11:34:58,idle,ue8,3923760,828968.2437685048,0.828968
2026-06-23T11:35:03,idle,cu_cp,3922732,329801.3888162017,0.329801
2026-06-23T11:35:03,idle,cu_up,3922762,329801.3888162017,0.329801
2026-06-23T11:35:03,idle,du1,3922923,2956109.5253331326,2.956110
2026-06-23T11:35:03,idle,du2,3923673,3001495.1147752237,3.001495
2026-06-23T11:35:03,idle,ue1,3922965,841144.8390294682,0.841145
2026-06-23T11:35:03,idle,ue2,3922974,822990.6151074838,0.822991
2026-06-23T11:35:03,idle,ue3,3923002,822990.6151074838,0.822991
2026-06-23T11:35:03,idle,ue4,3923012,838119.1251634276,0.838119
2026-06-23T11:35:03,idle,ue5,3923733,835093.352023127,0.835093
2026-06-23T11:35:03,idle,ue6,3923742,847196.1482130301,0.847196
2026-06-23T11:35:03,idle,ue7,3923750,838119.1251634276,0.838119
2026-06-23T11:35:03,idle,ue8,3923760,826016.2696992648,0.826016
2026-06-23T11:35:09,idle,cu_cp,3922732,328315.4346944243,0.328315
2026-06-23T11:35:09,idle,cu_up,3922762,328315.4346944243,0.328315
2026-06-23T11:35:09,idle,du1,3922923,3016601.0692023872,3.016601
2026-06-23T11:35:09,idle,du2,3923673,2984094.701994526,2.984095
2026-06-23T11:35:09,idle,ue1,3922965,799659.3591645014,0.799659
2026-06-23T11:35:09,idle,ue2,3922974,864672.2713531225,0.864672
2026-06-23T11:35:09,idle,ue3,3923002,822413.9347252703,0.822414
2026-06-23T11:35:09,idle,ue4,3923012,835416.5408660477,0.835417
2026-06-23T11:35:09,idle,ue5,3923733,825664.5714460564,0.825665
2026-06-23T11:35:09,idle,ue6,3923742,854920.3611907643,0.854920
2026-06-23T11:35:09,idle,ue7,3923750,838667.0590715676,0.838667
2026-06-23T11:35:09,idle,ue8,3923760,806160.6326060736,0.806161
2026-06-23T11:35:14,idle,cu_cp,3922732,329273.6042741519,0.329274
2026-06-23T11:35:14,idle,cu_up,3922762,319493.21365456283,0.319493
2026-06-23T11:35:14,idle,du1,3922923,2986283.369626756,2.986283
2026-06-23T11:35:14,idle,du2,3923673,2943901.7163692308,2.943902
2026-06-23T11:35:14,idle,ue1,3922965,818293.8449461061,0.818294
2026-06-23T11:35:14,idle,ue2,3922974,834594.476265074,0.834594
2026-06-23T11:35:14,idle,ue3,3923002,792212.7047254657,0.792213
2026-06-23T11:35:14,idle,ue4,3923012,837854.6261852842,0.837855
2026-06-23T11:35:14,idle,ue5,3923733,824814.1447865266,0.824814
2026-06-23T11:35:14,idle,ue6,3923742,844374.9260257047,0.844375
2026-06-23T11:35:14,idle,ue7,3923750,834594.476265074,0.834594
2026-06-23T11:35:14,idle,ue8,3923760,828074.1764246535,0.828074
2026-06-23T11:35:19,idle,cu_cp,3922732,323591.9989050555,0.323592
2026-06-23T11:35:19,idle,cu_up,3922762,323591.9989050555,0.323592
2026-06-23T11:35:19,idle,du1,3922923,2931939.6604632568,2.931940
2026-06-23T11:35:19,idle,du2,3923673,2961357.0773075866,2.961357
2026-06-23T11:35:19,idle,ue1,3922965,856374.8524251676,0.856375
2026-06-23T11:35:19,idle,ue2,3922974,807345.7652630806,0.807346
2026-06-23T11:35:19,idle,ue3,3923002,764853.8424520422,0.764854
2026-06-23T11:35:19,idle,ue4,3923012,833494.5999318862,0.833495
2026-06-23T11:35:19,idle,ue5,3923733,810614.3474386048,0.810614
2026-06-23T11:35:19,idle,ue6,3923742,836763.1821074104,0.836763
2026-06-23T11:35:19,idle,ue7,3923750,830225.8995799541,0.830226
2026-06-23T11:35:19,idle,ue8,3923760,823688.7352289057,0.823689
2026-06-23T11:35:25,idle,cu_cp,3922732,331373.95944770693,0.331374
2026-06-23T11:35:25,idle,cu_up,3922762,328093.0088510263,0.328093
2026-06-23T11:35:25,idle,du1,3922923,2982365.6647513486,2.982366
2026-06-23T11:35:25,idle,du2,3923673,3038141.4682310866,3.038141
2026-06-23T11:35:25,idle,ue1,3922965,826794.4381819201,0.826794
2026-06-23T11:35:25,idle,ue2,3922974,820232.5369885587,0.820233
2026-06-23T11:35:25,idle,ue3,3923002,761175.7829121399,0.761176
2026-06-23T11:35:25,idle,ue4,3923012,836637.2305279899,0.836637
2026-06-23T11:35:25,idle,ue5,3923733,826794.4381819201,0.826794
2026-06-23T11:35:25,idle,ue6,3923742,843199.072277379,0.843199
2026-06-23T11:35:25,idle,ue7,3923750,823513.4875852395,0.823513
2026-06-23T11:35:25,idle,ue8,3923760,826794.4381819201,0.826794
2026-06-23T11:35:30,idle,cu_cp,3922732,325949.6447484088,0.325950
2026-06-23T11:35:30,idle,cu_up,3922762,322690.14356233063,0.322690
2026-06-23T11:35:30,idle,du1,3922923,2969401.1380852605,2.969401
2026-06-23T11:35:30,idle,du2,3923673,2975920.021992564,2.975920
2026-06-23T11:35:30,idle,ue1,3922965,805095.5490803611,0.805096
2026-06-23T11:35:30,idle,ue2,3922974,834431.0597550649,0.834431
2026-06-23T11:35:30,idle,ue3,3923002,831171.4993365604,0.831171
2026-06-23T11:35:30,idle,ue4,3923012,818133.5538246739,0.818134
2026-06-23T11:35:30,idle,ue5,3923733,827912.0573829084,0.827912
2026-06-23T11:35:30,idle,ue6,3923742,827912.0573829084,0.827912
2026-06-23T11:35:30,idle,ue7,3923750,821393.1142431784,0.821393
2026-06-23T11:35:30,idle,ue8,3923760,827912.0573829084,0.827912
2026-06-23T11:35:35,idle,cu_cp,3922732,328879.15588421345,0.328879
2026-06-23T11:35:35,idle,cu_up,3922762,320857.7253438735,0.320858
2026-06-23T11:35:35,idle,du1,3922923,3056169.7472291566,3.056170
2026-06-23T11:35:35,idle,du2,3923673,3008041.1047247313,3.008041
2026-06-23T11:35:35,idle,ue1,3922965,842251.4808769799,0.842251
2026-06-23T11:35:35,idle,ue2,3922974,794122.8383725547,0.794123
2026-06-23T11:35:35,idle,ue3,3923002,810165.6994532347,0.810166
2026-06-23T11:35:35,idle,ue4,3923012,810165.6994532347,0.810166
2026-06-23T11:35:35,idle,ue5,3923733,818187.1596247673,0.818187
2026-06-23T11:35:35,idle,ue6,3923742,818187.1596247673,0.818187
2026-06-23T11:35:35,idle,ue7,3923750,818187.1596247673,0.818187
2026-06-23T11:35:35,idle,ue8,3923760,818187.1596247673,0.818187
2026-06-23T11:35:41,idle,cu_cp,3922732,329019.002788105,0.329019
2026-06-23T11:35:41,idle,cu_up,3922762,329019.002788105,0.329019
2026-06-23T11:35:41,idle,du1,3922923,2981314.973018589,2.981315
2026-06-23T11:35:41,idle,du2,3923673,3028317.7555122757,3.028318
2026-06-23T11:35:41,idle,ue1,3922965,846048.8388836432,0.846049
2026-06-23T11:35:41,idle,ue2,3922974,832619.5402665472,0.832620
2026-06-23T11:35:41,idle,ue3,3923002,812475.4736739779,0.812475
2026-06-23T11:35:41,idle,ue4,3923012,785616.7577728606,0.785617
2026-06-23T11:35:41,idle,ue5,3923733,805760.7650319672,0.805761
2026-06-23T11:35:41,idle,ue6,3923742,846048.8388836432,0.846049
2026-06-23T11:35:41,idle,ue7,3923750,812475.4736739779,0.812475
2026-06-23T11:35:41,idle,ue8,3923760,819190.1229825258,0.819190
2026-06-23T11:35:46,idle,cu_cp,3922732,321718.4910688877,0.321718
2026-06-23T11:35:46,idle,cu_up,3922762,321718.4910688877,0.321718
2026-06-23T11:35:46,idle,du1,3922923,3004620.755294874,3.004621
2026-06-23T11:35:46,idle,du2,3923673,3010365.7452792693,3.010366
2026-06-23T11:35:46,idle,ue1,3922965,844510.9798022514,0.844511
2026-06-23T11:35:46,idle,ue2,3922974,844510.9798022514,0.844511
2026-06-23T11:35:46,idle,ue3,3923002,781316.326988216,0.781316
2026-06-23T11:35:46,idle,ue4,3923012,781316.326988216,0.781316
2026-06-23T11:35:46,idle,ue5,3923733,804296.2276722193,0.804296
2026-06-23T11:35:46,idle,ue6,3923742,850255.969786647,0.850256
2026-06-23T11:35:46,idle,ue7,3923750,827276.0691026438,0.827276
2026-06-23T11:35:46,idle,ue8,3923760,821531.138371827,0.821531
2026-06-23T11:35:52,idle,cu_cp,3922732,322190.55949230195,0.322191
2026-06-23T11:35:52,idle,cu_up,3922762,327224.7722032499,0.327225
2026-06-23T11:35:52,idle,du1,3922923,2985296.5332678794,2.985297
2026-06-23T11:35:52,idle,du2,3923673,2985296.5332678794,2.985297
2026-06-23T11:35:52,idle,ue1,3922965,810510.552317226,0.810511
2026-06-23T11:35:52,idle,ue2,3922974,850784.4313782406,0.850784
2026-06-23T11:35:52,idle,ue3,3923002,840715.9468318677,0.840716
2026-06-23T11:35:52,idle,ue4,3923012,830647.4622854948,0.830647
2026-06-23T11:35:52,idle,ue5,3923733,820579.0368635989,0.820579
2026-06-23T11:35:52,idle,ue6,3923742,835681.7341209197,0.835682
2026-06-23T11:35:52,idle,ue7,3923750,750099.8815368962,0.750100
2026-06-23T11:35:52,idle,ue8,3923760,835681.7341209197,0.835682
2026-06-23T11:35:57,idle,cu_cp,3922732,330850.6167304915,0.330851
2026-06-23T11:35:57,idle,cu_up,3922762,330850.6167304915,0.330851
2026-06-23T11:35:57,idle,du1,3922923,2983726.300635376,2.983726
2026-06-23T11:35:57,idle,du2,3923673,2995867.7414717437,2.995868
2026-06-23T11:35:57,idle,ue1,3922965,831679.5673184824,0.831680
2026-06-23T11:35:57,idle,ue2,3922974,780078.9773337531,0.780079
2026-06-23T11:35:57,idle,ue3,3923002,846856.1905073309,0.846856
2026-06-23T11:35:57,idle,ue4,3923012,825608.9061858356,0.825609
2026-06-23T11:35:57,idle,ue5,3923733,855962.1525635326,0.855962
2026-06-23T11:35:57,idle,ue6,3923742,846856.1905073309,0.846856
2026-06-23T11:35:57,idle,ue7,3923750,828644.2071093905,0.828644
2026-06-23T11:35:57,idle,ue8,3923760,831679.5673184824,0.831680
2026-06-23T11:36:02,idle,cu_cp,3922732,327664.9690077811,0.327665
2026-06-23T11:36:02,idle,cu_up,3922762,327664.9690077811,0.327665
2026-06-23T11:36:02,idle,du1,3922923,2997527.614488864,2.997528
2026-06-23T11:36:02,idle,du2,3923673,3036968.657801199,3.036969
2026-06-23T11:36:02,idle,ue1,3922965,831298.1681672453,0.831298
2026-06-23T11:36:02,idle,ue2,3922974,864671.3312246561,0.864671
2026-06-23T11:36:02,idle,ue3,3923002,846467.7499081076,0.846468
2026-06-23T11:36:02,idle,ue4,3923012,834332.0488464832,0.834332
2026-06-23T11:36:02,idle,ue5,3923733,849501.749483794,0.849502
2026-06-23T11:36:02,idle,ue6,3923742,843433.8692288697,0.843434
2026-06-23T11:36:02,idle,ue7,3923750,846467.7499081076,0.846468
2026-06-23T11:36:02,idle,ue8,3923760,813094.5274024724,0.813095
2026-06-23T11:36:08,idle,cu_cp,3922732,330556.9025902304,0.330557
2026-06-23T11:36:08,idle,cu_up,3922762,327524.282716932,0.327524
2026-06-23T11:36:08,idle,du1,3922923,2971979.354949808,2.971979
2026-06-23T11:36:08,idle,du2,3923673,2999273.0526006673,2.999273
2026-06-23T11:36:08,idle,ue1,3922965,821843.2524211449,0.821843
2026-06-23T11:36:08,idle,ue2,3922974,852169.6293408894,0.852170
2026-06-23T11:36:08,idle,ue3,3923002,785451.6951503903,0.785452
2026-06-23T11:36:08,idle,ue4,3923012,843071.7103254073,0.843072
2026-06-23T11:36:08,idle,ue5,3923733,833973.7913099253,0.833974
2026-06-23T11:36:08,idle,ue6,3923742,791516.9942925739,0.791517
2026-06-23T11:36:08,idle,ue7,3923750,818810.6919434333,0.818811
2026-06-23T11:36:08,idle,ue8,3923760,788484.3744192756,0.788484
2026-06-23T11:36:13,idle,cu_cp,3922732,328660.911945042,0.328661
2026-06-23T11:36:13,idle,cu_up,3922762,322630.4225884125,0.322630
2026-06-23T11:36:13,idle,du1,3922923,3024283.382352269,3.024283
2026-06-23T11:36:13,idle,du2,3923673,3000161.3060251595,3.000161
2026-06-23T11:36:13,idle,ue1,3922965,817129.3311009764,0.817129
2026-06-23T11:36:13,idle,ue2,3922974,844266.5480683834,0.844267
2026-06-23T11:36:13,idle,ue3,3923002,835220.8288960129,0.835221
2026-06-23T11:36:13,idle,ue4,3923012,823159.8501827538,0.823160
2026-06-23T11:36:13,idle,ue5,3923733,826175.1097236425,0.826175
2026-06-23T11:36:13,idle,ue6,3923742,805068.4712883085,0.805068
2026-06-23T11:36:13,idle,ue7,3923750,817129.3311009764,0.817129
2026-06-23T11:36:13,idle,ue8,3923760,829190.3098142355,0.829190
2026-06-23T11:36:19,idle,cu_cp,3922732,332441.67331872287,0.332442
2026-06-23T11:36:19,idle,cu_up,3922762,326048.56707401574,0.326049
2026-06-23T11:36:19,idle,du1,3922923,3043119.7612322094,3.043120
2026-06-23T11:36:19,idle,du2,3923673,2963205.9331733705,2.963206
2026-06-23T11:36:19,idle,ue1,3922965,827907.6747526395,0.827908
2026-06-23T11:36:19,idle,ue2,3922974,821514.5090703511,0.821515
2026-06-23T11:36:19,idle,ue3,3923002,805531.7434585834,0.805532
2026-06-23T11:36:19,idle,ue4,3923012,815121.402825644,0.815121
2026-06-23T11:36:19,idle,ue5,3923733,847086.9340491795,0.847087
2026-06-23T11:36:19,idle,ue6,3923742,853480.0402938867,0.853480
2026-06-23T11:36:19,idle,ue7,3923750,789548.9778468156,0.789549
2026-06-23T11:36:19,idle,ue8,3923760,815121.402825644,0.815121
2026-06-23T11:36:24,idle,cu_cp,3922732,324163.8249923885,0.324164
2026-06-23T11:36:24,idle,cu_up,3922762,324163.8249923885,0.324164
2026-06-23T11:36:24,idle,du1,3922923,3005882.70841856,3.005883
2026-06-23T11:36:24,idle,du2,3923673,3009157.1883494137,3.009157
2026-06-23T11:36:24,idle,ue1,3922965,844790.5616148293,0.844791
2026-06-23T11:36:24,idle,ue2,3922974,808772.352233833,0.808772
2026-06-23T11:36:24,idle,ue3,3923002,785851.6465202093,0.785852
2026-06-23T11:36:24,idle,ue4,3923012,825144.2763954818,0.825144
2026-06-23T11:36:24,idle,ue5,3923733,838241.7800628543,0.838242
2026-06-23T11:36:24,idle,ue6,3923742,828418.6374531805,0.828419
2026-06-23T11:36:24,idle,ue7,3923750,831693.0579474568,0.831693
2026-06-23T11:36:24,idle,ue8,3923760,821869.8559012056,0.821870
2026-06-23T11:36:29,idle,cu_cp,3922732,334418.0207580057,0.334418
2026-06-23T11:36:29,idle,cu_up,3922762,334418.0207580057,0.334418
2026-06-23T11:36:29,idle,du1,3922923,3019597.789988351,3.019598
2026-06-23T11:36:29,idle,du2,3923673,3026155.155726509,3.026155
2026-06-23T11:36:29,idle,ue1,3922965,849159.4418666118,0.849159
2026-06-23T11:36:29,idle,ue2,3922974,826209.2557043082,0.826209
2026-06-23T11:36:29,idle,ue3,3923002,855716.6294283951,0.855717
2026-06-23T11:36:29,idle,ue4,3923012,845880.8183896578,0.845881
2026-06-23T11:36:29,idle,ue5,3923733,796701.7631959713,0.796702
2026-06-23T11:36:29,idle,ue6,3923742,839323.6902199995,0.839324
2026-06-23T11:36:29,idle,ue7,3923750,803258.8913656294,0.803259
2026-06-23T11:36:29,idle,ue8,3923760,826209.2557043082,0.826209
2026-06-23T11:36:35,idle,cu_cp,3922732,327139.87436000886,0.327140
2026-06-23T11:36:35,idle,cu_up,3922762,323868.48928109405,0.323868
2026-06-23T11:36:35,idle,du1,3922923,2986787.2317360234,2.986787
2026-06-23T11:36:35,idle,du2,3923673,2940987.4841611646,2.940987
2026-06-23T11:36:35,idle,ue1,3922965,808035.5603691154,0.808036
2026-06-23T11:36:35,idle,ue2,3922974,830935.3153331941,0.830935
2026-06-23T11:36:35,idle,ue3,3923002,853835.0702972728,0.853835
2026-06-23T11:36:35,idle,ue4,3923012,834206.6410004336,0.834207
2026-06-23T11:36:35,idle,ue5,3923733,778592.9164238566,0.778593
2026-06-23T11:36:35,idle,ue6,3923742,853835.0702972728,0.853835
2026-06-23T11:36:35,idle,ue7,3923750,844020.9150605286,0.844021
2026-06-23T11:36:35,idle,ue8,3923760,811306.8860363549,0.811307
2026-06-23T11:36:40,idle,cu_cp,3922732,333179.91637887416,0.333180
2026-06-23T11:36:40,idle,cu_up,3922762,326646.9890253562,0.326647
2026-06-23T11:36:40,idle,du1,3922923,2943089.2761407564,2.943089
2026-06-23T11:36:40,idle,du2,3923673,2900625.4258713056,2.900625
2026-06-23T11:36:40,idle,ue1,3922965,816617.5169454945,0.816618
2026-06-23T11:36:40,idle,ue2,3922974,826416.8487996327,0.826417
2026-06-23T11:36:40,idle,ue3,3923002,849282.1537130844,0.849282
2026-06-23T11:36:40,idle,ue4,3923012,829683.3716525304,0.829683
2026-06-23T11:36:40,idle,ue5,3923733,836216.2398299098,0.836216
2026-06-23T11:36:40,idle,ue6,3923742,842749.2263595664,0.842749
2026-06-23T11:36:40,idle,ue7,3923750,826416.8487996327,0.826417
2026-06-23T11:36:40,idle,ue8,3923760,816617.5169454945,0.816618
2026-06-23T11:36:45,idle,cu_cp,3922732,330755.9904065117,0.330756
2026-06-23T11:36:45,idle,cu_up,3922762,324206.3668341056,0.324206
2026-06-23T11:36:45,idle,du1,3922923,2940781.043425472,2.940781
2026-06-23T11:36:45,idle,du2,3923673,2950605.449076531,2.950605
2026-06-23T11:36:45,idle,ue1,3922965,815428.1644721186,0.815428
2026-06-23T11:36:45,idle,ue2,3922974,861275.5294789618,0.861276
2026-06-23T11:36:45,idle,ue3,3923002,841626.5993466431,0.841627
2026-06-23T11:36:45,idle,ue4,3923012,838351.8172679901,0.838352
2026-06-23T11:36:45,idle,ue5,3923733,825252.5107080776,0.825253
2026-06-23T11:36:45,idle,ue6,3923742,854725.8464914554,0.854726
2026-06-23T11:36:45,idle,ue7,3923750,858000.6285701084,0.858001
2026-06-23T11:36:45,idle,ue8,3923760,785954.8286887407,0.785955
2026-06-23T11:36:51,idle,cu_cp,3922732,340117.4780512154,0.340117
2026-06-23T11:36:51,idle,cu_up,3922762,318407.8770888448,0.318408
2026-06-23T11:36:51,idle,du1,3922923,3032111.2074751854,3.032111
2026-06-23T11:36:51,idle,du2,3923673,2995928.499573827,2.995928
2026-06-23T11:36:51,idle,ue1,3922965,861148.5550553352,0.861149
2026-06-23T11:36:51,idle,ue2,3922974,853912.0015858412,0.853912
2026-06-23T11:36:51,idle,ue3,3923002,839438.8946468532,0.839439
2026-06-23T11:36:51,idle,ue4,3923012,839438.8946468532,0.839439
2026-06-23T11:36:51,idle,ue5,3923733,832202.3411773592,0.832202
2026-06-23T11:36:51,idle,ue6,3923742,861148.5550553352,0.861149
2026-06-23T11:36:51,idle,ue7,3923750,745363.8778817654,0.745364
2026-06-23T11:36:51,idle,ue8,3923760,774310.03231363,0.774310
2026-06-23T11:36:56,idle,cu_cp,3922732,330503.0448058468,0.330503
2026-06-23T11:36:56,idle,cu_up,3922762,324382.6517492956,0.324383
2026-06-23T11:36:56,idle,du1,3922923,3047972.567411256,3.047973
2026-06-23T11:36:56,idle,du2,3923673,3035731.900626159,3.035732
2026-06-23T11:36:56,idle,ue1,3922965,856859.801037383,0.856860
2026-06-23T11:36:56,idle,ue2,3922974,814016.7513215112,0.814017
2026-06-23T11:36:56,idle,ue3,3923002,814016.7513215112,0.814017
2026-06-23T11:36:56,idle,ue4,3923012,814016.7513215112,0.814017
2026-06-23T11:36:56,idle,ue5,3923733,826257.656762619,0.826258
2026-06-23T11:36:56,idle,ue6,3923742,844618.8955962753,0.844619
2026-06-23T11:36:56,idle,ue7,3923750,801775.9652084089,0.801776
2026-06-23T11:36:56,idle,ue8,3923760,771173.8209336448,0.771174
2026-06-23T11:37:01,idle,cu_cp,3922732,335638.72899742663,0.335639
2026-06-23T11:37:01,idle,cu_up,3922762,324983.54259676876,0.324984
2026-06-23T11:37:01,idle,du1,3922923,3036731.3405778264,3.036731
2026-06-23T11:37:01,idle,du2,3923673,3020748.501414056,3.020749
2026-06-23T11:37:01,idle,ue1,3922965,831105.3731302894,0.831105
2026-06-23T11:37:01,idle,ue2,3922974,873726.1782957048,0.873726
2026-06-23T11:37:01,idle,ue3,3923002,857743.3391319341,0.857743
2026-06-23T11:37:01,idle,ue4,3923012,847088.21229406,0.847088
2026-06-23T11:37:01,idle,ue5,3923733,831105.3731302894,0.831105
2026-06-23T11:37:01,idle,ue6,3923742,836433.025893402,0.836433
2026-06-23T11:37:01,idle,ue7,3923750,825777.7799299604,0.825778
2026-06-23T11:37:01,idle,ue8,3923760,809795.0598917573,0.809795
2026-06-23T11:37:07,idle,cu_cp,3922732,322835.0052719057,0.322835
2026-06-23T11:37:07,idle,cu_up,3922762,322835.0052719057,0.322835
2026-06-23T11:37:07,idle,du1,3922923,2989995.2678831504,2.989995
2026-06-23T11:37:07,idle,du2,3923673,2959823.752114041,2.959824
2026-06-23T11:37:07,idle,ue1,3922965,808596.065250712,0.808596
2026-06-23T11:37:07,idle,ue2,3922974,856870.4430462724,0.856870
2026-06-23T11:37:07,idle,ue3,3923002,811613.2286863768,0.811613
2026-06-23T11:37:07,idle,ue4,3923012,820664.6596996022,0.820665
2026-06-23T11:37:07,idle,ue5,3923733,799544.5749437177,0.799545
2026-06-23T11:37:07,idle,ue6,3923742,844801.8485973823,0.844802
2026-06-23T11:37:07,idle,ue7,3923750,766355.9550327122,0.766356
2026-06-23T11:37:07,idle,ue8,3923760,850836.1161749428,0.850836
2026-06-23T11:37:12,idle,cu_cp,3922732,327059.1469518158,0.327059
2026-06-23T11:37:12,idle,cu_up,3922762,324030.8058521631,0.324031
2026-06-23T11:37:12,idle,du1,3922923,2979872.207995951,2.979872
2026-06-23T11:37:12,idle,du2,3923673,3028325.428143282,3.028325
2026-06-23T11:37:12,idle,ue1,3922965,838846.0918322188,0.838846
2026-06-23T11:37:12,idle,ue2,3922974,832789.4689946914,0.832789
2026-06-23T11:37:12,idle,ue3,3923002,823704.5050575114,0.823705
2026-06-23T11:37:12,idle,ue4,3923012,820676.2233196365,0.820676
2026-06-23T11:37:12,idle,ue5,3923733,823704.5050575114,0.823705
2026-06-23T11:37:12,idle,ue6,3923742,832789.4689946914,0.832789
2026-06-23T11:37:12,idle,ue7,3923750,778279.6853716112,0.778280
2026-06-23T11:37:12,idle,ue8,3923760,823704.5050575114,0.823705
2026-06-23T11:37:18,idle,cu_cp,3922732,324583.9887658623,0.324584
2026-06-23T11:37:18,idle,cu_up,3922762,318516.9858055472,0.318517
2026-06-23T11:37:18,idle,du1,3922923,3021361.2245342946,3.021361
2026-06-23T11:37:18,idle,du2,3923673,3000126.7588139246,3.000127
2026-06-23T11:37:18,idle,ue1,3922965,855445.6020146192,0.855446
2026-06-23T11:37:18,idle,ue2,3922974,819043.7032946831,0.819044
2026-06-23T11:37:18,idle,ue3,3923002,828144.1630944228,0.828144
2026-06-23T11:37:18,idle,ue4,3923012,828144.1630944228,0.828144
2026-06-23T11:37:18,idle,ue5,3923733,834211.1362942493,0.834211
2026-06-23T11:37:18,idle,ue6,3923742,843311.7151359433,0.843312
2026-06-23T11:37:18,idle,ue7,3923750,834211.1362942493,0.834211
2026-06-23T11:37:18,idle,ue8,3923760,816010.1571737927,0.816010
2026-06-23T11:37:28,idle,cu_cp,3922732,329005.3350066125,0.329005
2026-06-23T11:37:28,idle,cu_up,3922762,325841.8158968711,0.325842
2026-06-23T11:37:28,idle,du1,3922923,2999010.1850667284,2.999010
2026-06-23T11:37:28,idle,du2,3923673,2973702.2694275235,2.973702
2026-06-23T11:37:28,idle,ue1,3922965,787714.6569642163,0.787715
2026-06-23T11:37:28,idle,ue2,3922974,850984.9205396819,0.850985
2026-06-23T11:37:28,idle,ue3,3923002,813022.7505324662,0.813023
2026-06-23T11:37:28,idle,ue4,3923012,825676.8862811136,0.825677
2026-06-23T11:37:28,idle,ue5,3923733,841494.3632104576,0.841494
2026-06-23T11:37:28,idle,ue6,3923742,781387.7373640967,0.781388
2026-06-23T11:37:28,idle,ue7,3923750,806695.8309323466,0.806696
2026-06-23T11:37:28,idle,ue8,3923760,822513.3078616905,0.822513
2026-06-23T11:37:34,idle,cu_cp,3922732,327549.6368200207,0.327550
2026-06-23T11:37:34,idle,cu_up,3922762,324369.5579637122,0.324370
2026-06-23T11:37:34,idle,du1,3922923,3021089.1093455697,3.021089
2026-06-23T11:37:34,idle,du2,3923673,3014728.89223608,3.014729
2026-06-23T11:37:34,idle,ue1,3922965,814104.0480116797,0.814104
2026-06-23T11:37:34,idle,ue2,3922974,826824.3040400409,0.826824
2026-06-23T11:37:34,idle,ue3,3923002,801383.6137927008,0.801384
2026-06-23T11:37:34,idle,ue4,3923012,817284.0971695519,0.817284
2026-06-23T11:37:34,idle,ue5,3923733,849084.945129509,0.849085
2026-06-23T11:37:34,idle,ue6,3923742,833184.5211495304,0.833185
2026-06-23T11:37:34,idle,ue7,3923750,801383.6137927008,0.801384
2026-06-23T11:37:34,idle,ue8,3923760,830004.4719916582,0.830004
2026-06-23T11:37:39,idle,cu_cp,3922732,333859.65757639526,0.333860
2026-06-23T11:37:39,idle,cu_up,3922762,327313.3798703307,0.327313
2026-06-23T11:37:39,idle,du1,3922923,3004736.9776502512,3.004737
2026-06-23T11:37:39,idle,du2,3923673,2988371.1793253757,2.988371
2026-06-23T11:37:39,idle,ue1,3922965,821556.5587975121,0.821557
2026-06-23T11:37:39,idle,ue2,3922974,844468.5456344116,0.844469
2026-06-23T11:37:39,idle,ue3,3923002,844468.5456344116,0.844469
2026-06-23T11:37:39,idle,ue4,3923012,818283.4348101532,0.818283
2026-06-23T11:37:39,idle,ue5,3923733,847741.6696217704,0.847742
2026-06-23T11:37:39,idle,ue6,3923742,818283.4348101532,0.818283
2026-06-23T11:37:39,idle,ue7,3923750,828102.8662349236,0.828103
2026-06-23T11:37:39,idle,ue8,3923760,801917.8148733592,0.801918
2026-06-23T11:37:44,idle,cu_cp,3922732,334431.9776388481,0.334432
2026-06-23T11:37:44,idle,cu_up,3922762,331153.2313040942,0.331153
2026-06-23T11:37:44,idle,du1,3922923,2967264.036995411,2.967264
2026-06-23T11:37:44,idle,du2,3923673,3032838.8448856473,3.032839
2026-06-23T11:37:44,idle,ue1,3922965,845916.1979519874,0.845916
2026-06-23T11:37:44,idle,ue2,3922974,806571.1825325191,0.806571
2026-06-23T11:37:44,idle,ue3,3923002,829522.4365770072,0.829522
2026-06-23T11:37:44,idle,ue4,3923012,773783.7785874009,0.773784
2026-06-23T11:37:44,idle,ue5,3923733,845916.1979519874,0.845916
2026-06-23T11:37:44,idle,ue6,3923742,826243.6605410427,0.826244
2026-06-23T11:37:44,idle,ue7,3923750,855752.4072550386,0.855752
2026-06-23T11:37:44,idle,ue8,3923760,822964.9439074993,0.822965
2026-06-23T11:37:50,idle,cu_cp,3922732,337746.25396423636,0.337746
2026-06-23T11:37:50,idle,cu_up,3922762,318071.7137428945,0.318072
2026-06-23T11:37:50,idle,du1,3922923,2997087.9565148307,2.997088
2026-06-23T11:37:50,idle,du2,3923673,2967576.11642962,2.967576
2026-06-23T11:37:50,idle,ue1,3922965,862400.6102780222,0.862401
2026-06-23T11:37:50,idle,ue2,3922974,849284.2104595304,0.849284
2026-06-23T11:37:50,idle,ue3,3923002,800097.8896593738,0.800098
2026-06-23T11:37:50,idle,ue4,3923012,839446.9701020574,0.839447
2026-06-23T11:37:50,idle,ue5,3923733,859121.5698297954,0.859122
2026-06-23T11:37:50,idle,ue6,3923742,813214.2299714696,0.813214
2026-06-23T11:37:50,idle,ue7,3923750,849284.2104595304,0.849284
2026-06-23T11:37:50,idle,ue8,3923760,823051.5298353386,0.823052
2026-06-23T11:37:55,idle,cu_cp,3922732,324180.48589703557,0.324180
2026-06-23T11:37:55,idle,cu_up,3922762,324180.48589703557,0.324180
2026-06-23T11:37:55,idle,du1,3922923,2989664.5239720154,2.989665
2026-06-23T11:37:55,idle,du2,3923673,2999488.044494171,2.999488
2026-06-23T11:37:55,idle,ue1,3922965,851383.1098828888,0.851383
2026-06-23T11:37:55,idle,ue2,3922974,838284.9438503075,0.838285
2026-06-23T11:37:55,idle,ue3,3923002,818637.6056566238,0.818638
2026-06-23T11:37:55,idle,ue4,3923012,835010.3577697563,0.835010
2026-06-23T11:37:55,idle,ue5,3923733,776068.4620484543,0.776068
2026-06-23T11:37:55,idle,ue6,3923742,789166.6280810356,0.789167
2026-06-23T11:37:55,idle,ue7,3923750,825186.6589579773,0.825187
2026-06-23T11:37:55,idle,ue8,3923760,798990.2674629402,0.798990
2026-06-23T11:38:00,idle,cu_cp,3922732,333270.79553261993,0.333271
2026-06-23T11:38:00,idle,cu_up,3922762,323468.7150585514,0.323469
2026-06-23T11:38:00,idle,du1,3922923,3025576.0014482355,3.025576
2026-06-23T11:38:00,idle,du2,3923673,3005971.662257228,3.005972
2026-06-23T11:38:00,idle,ue1,3922965,839711.728952359,0.839712
2026-06-23T11:38:00,idle,ue2,3922974,797235.9775813902,0.797236
2026-06-23T11:38:00,idle,ue3,3923002,833176.9888315499,0.833177
2026-06-23T11:38:00,idle,ue4,3923012,826642.2487107408,0.826642
2026-06-23T11:38:00,idle,ue5,3923733,784166.497339772,0.784166
2026-06-23T11:38:00,idle,ue6,3923742,833176.9888315499,0.833177
2026-06-23T11:38:00,idle,ue7,3923750,829909.5593568551,0.829910
2026-06-23T11:38:00,idle,ue8,3923760,780899.1866936577,0.780899
2026-06-23T11:38:06,idle,cu_cp,3922732,330012.4953258097,0.330012
2026-06-23T11:38:06,idle,cu_up,3922762,322678.89225195645,0.322679
2026-06-23T11:38:06,idle,du1,3922923,3036114.885596967,3.036115
2026-06-23T11:38:06,idle,du2,3923673,3021447.798450065,3.021448
2026-06-23T11:38:06,idle,ue1,3922965,843365.1864987552,0.843365
2026-06-23T11:38:06,idle,ue2,3922974,821364.3772771955,0.821364
2026-06-23T11:38:06,idle,ue3,3923002,806697.171129489,0.806697
2026-06-23T11:38:06,idle,ue4,3923012,836031.5834249019,0.836032
2026-06-23T11:38:06,idle,ue5,3923733,843365.1864987552,0.843365
2026-06-23T11:38:06,idle,ue6,3923742,821364.3772771955,0.821364
2026-06-23T11:38:06,idle,ue7,3923750,806697.171129489,0.806697
2026-06-23T11:38:06,idle,ue8,3923760,799363.5680556357,0.799364
2026-06-23T11:38:11,idle,cu_cp,3922732,322134.96431020496,0.322135
2026-06-23T11:38:11,idle,cu_up,3922762,328329.84693900106,0.328330
2026-06-23T11:38:11,idle,du1,3922923,2905409.561420641,2.905410
2026-06-23T11:38:11,idle,du2,3923673,3035502.452496295,3.035502
2026-06-23T11:38:11,idle,ue1,3922965,786752.7035773015,0.786753
2026-06-23T11:38:11,idle,ue2,3922974,842506.8251719343,0.842507
2026-06-23T11:38:11,idle,ue3,3923002,836311.8832313156,0.836312
2026-06-23T11:38:11,idle,ue4,3923012,830116.9412906969,0.830117
2026-06-23T11:38:11,idle,ue5,3923733,823922.1179737234,0.823922
2026-06-23T11:38:11,idle,ue6,3923742,743388.3472402608,0.743388
2026-06-23T11:38:11,idle,ue7,3923750,780557.7616366828,0.780558
2026-06-23T11:38:11,idle,ue8,3923760,817727.1760331047,0.817727
2026-06-23T11:38:16,idle,cu_cp,3922732,332019.69794755697,0.332020
2026-06-23T11:38:16,idle,cu_up,3922762,321133.78371005,0.321134
2026-06-23T11:38:16,idle,du1,3922923,3042606.434969909,3.042606
2026-06-23T11:38:16,idle,du2,3923673,3009948.99064713,3.009949
2026-06-23T11:38:16,idle,ue1,3922965,854542.4474668736,0.854542
2026-06-23T11:38:16,idle,ue2,3922974,843656.5332293665,0.843657
2026-06-23T11:38:16,idle,ue3,3923002,849099.5201870942,0.849100
2026-06-23T11:38:16,idle,ue4,3923012,827327.6917120803,0.827328
2026-06-23T11:38:16,idle,ue5,3923733,832770.678669808,0.832771
2026-06-23T11:38:16,idle,ue6,3923742,849099.5201870942,0.849100
2026-06-23T11:38:16,idle,ue7,3923750,827327.6917120803,0.827328
2026-06-23T11:38:16,idle,ue8,3923760,832770.678669808,0.832771
2026-06-23T11:38:22,idle,cu_cp,3922732,327325.0653746912,0.327325
2026-06-23T11:38:22,idle,cu_up,3922762,330355.8466805926,0.330356
2026-06-23T11:38:22,idle,du1,3922923,2982294.9937968347,2.982295
2026-06-23T11:38:22,idle,du2,3923673,3021695.210281148,3.021695
2026-06-23T11:38:22,idle,ue1,3922965,830435.8035372323,0.830436
2026-06-23T11:38:22,idle,ue2,3922974,824374.2409254295,0.824374
2026-06-23T11:38:22,idle,ue3,3923002,815281.8375001305,0.815282
2026-06-23T11:38:22,idle,ue4,3923012,821343.459619528,0.821343
2026-06-23T11:38:22,idle,ue5,3923733,824374.2409254295,0.824374
2026-06-23T11:38:22,idle,ue6,3923742,842558.9882684327,0.842559
2026-06-23T11:38:22,idle,ue7,3923750,821343.459619528,0.821343
2026-06-23T11:38:22,idle,ue8,3923760,836497.4256566298,0.836497
2026-06-23T11:38:27,idle,cu_cp,3922732,331077.03142705676,0.331077
2026-06-23T11:38:27,idle,cu_up,3922762,321964.79829311016,0.321965
2026-06-23T11:38:27,idle,du1,3922923,3037403.9144365313,3.037404
2026-06-23T11:38:27,idle,du2,3923673,2934132.0577553418,2.934132
2026-06-23T11:38:27,idle,ue1,3922965,826173.7839176632,0.826174
2026-06-23T11:38:27,idle,ue2,3922974,850473.0722748542,0.850473
2026-06-23T11:38:27,idle,ue3,3923002,847435.6612302053,0.847436
2026-06-23T11:38:27,idle,ue4,3923012,829211.194962312,0.829211
2026-06-23T11:38:27,idle,ue5,3923733,783650.1481294513,0.783650
2026-06-23T11:38:27,idle,ue6,3923742,838323.4875146949,0.838323
2026-06-23T11:38:27,idle,ue7,3923750,807949.4364866423,0.807949
2026-06-23T11:38:27,idle,ue8,3923760,826173.7839176632,0.826174
2026-06-23T11:38:33,idle,cu_cp,3922732,328614.5599923214,0.328615
2026-06-23T11:38:33,idle,cu_up,3922762,325571.83451589703,0.325572
2026-06-23T11:38:33,idle,du1,3922923,3039684.6277943514,3.039685
2026-06-23T11:38:33,idle,du2,3923673,2939274.6572811343,2.939275
2026-06-23T11:38:33,idle,ue1,3922965,848920.9143730169,0.848921
2026-06-23T11:38:33,idle,ue2,3922974,833707.2571996826,0.833707
2026-06-23T11:38:33,idle,ue3,3923002,788066.404844529,0.788066
2026-06-23T11:38:33,idle,ue4,3923012,821536.355293985,0.821536
2026-06-23T11:38:33,idle,ue5,3923733,830664.5615144706,0.830665
2026-06-23T11:38:33,idle,ue6,3923742,851963.6696406538,0.851964
2026-06-23T11:38:33,idle,ue7,3923750,815450.9043411362,0.815451
2026-06-23T11:38:33,idle,ue8,3923760,851963.6696406538,0.851964
2026-06-23T11:38:38,idle,cu_cp,3922732,327072.13516538235,0.327072
2026-06-23T11:38:38,idle,cu_up,3922762,327072.13516538235,0.327072
2026-06-23T11:38:38,idle,du1,3922923,3001189.6789197586,3.001190
2026-06-23T11:38:38,idle,du2,3923673,3046616.292370355,3.046616
2026-06-23T11:38:38,idle,ue1,3922965,841907.8720377731,0.841908
2026-06-23T11:38:38,idle,ue2,3922974,823737.2028266799,0.823737
2026-06-23T11:38:38,idle,ue3,3923002,814651.92779827,0.814652
2026-06-23T11:38:38,idle,ue4,3923012,817680.2932306033,0.817680
2026-06-23T11:38:38,idle,ue5,3923733,811623.4432116634,0.811623
2026-06-23T11:38:38,idle,ue6,3923742,847964.8412109864,0.847965
2026-06-23T11:38:38,idle,ue7,3923750,835851.0220188332,0.835851
2026-06-23T11:38:38,idle,ue8,3923760,835851.0220188332,0.835851
2026-06-23T11:38:43,idle,cu_cp,3922732,327666.82898991107,0.327667
2026-06-23T11:38:43,idle,cu_up,3922762,321542.21091434953,0.321542
2026-06-23T11:38:43,idle,du1,3922923,2973499.6951588155,2.973500
2026-06-23T11:38:43,idle,du2,3923673,3050057.4211033345,3.050057
2026-06-23T11:38:43,idle,ue1,3922965,823760.4765182913,0.823760
2026-06-23T11:38:43,idle,ue2,3922974,832947.4631447911,0.832947
2026-06-23T11:38:43,idle,ue3,3923002,814573.6089181065,0.814574
2026-06-23T11:38:43,idle,ue4,3923012,805386.6222916066,0.805387
2026-06-23T11:38:43,idle,ue5,3923733,842134.3307449758,0.842134
2026-06-23T11:38:43,idle,ue6,3923742,839072.0217071951,0.839072
2026-06-23T11:38:43,idle,ue7,3923750,787012.7680649221,0.787013
2026-06-23T11:38:43,idle,ue8,3923760,829885.1541070103,0.829885
2026-06-23T11:38:49,idle,cu_cp,3922732,324849.1278667605,0.324849
2026-06-23T11:38:49,idle,cu_up,3922762,321567.81874140503,0.321568
2026-06-23T11:38:49,idle,du1,3922923,2959736.670065613,2.959737
2026-06-23T11:38:49,idle,du2,3923673,2976143.156249461,2.976143
2026-06-23T11:38:49,idle,ue1,3922965,846576.5654831338,0.846577
2026-06-23T11:38:49,idle,ue2,3922974,840013.9472324229,0.840014
2026-06-23T11:38:49,idle,ue3,3923002,820326.09248029,0.820326
2026-06-23T11:38:49,idle,ue4,3923012,820326.09248029,0.820326
2026-06-23T11:38:49,idle,ue5,3923733,856420.4928592002,0.856420
2026-06-23T11:38:49,idle,ue6,3923742,833451.3289817119,0.833451
2026-06-23T11:38:49,idle,ue7,3923750,859701.7425416267,0.859702
2026-06-23T11:38:49,idle,ue8,3923760,803919.5468535125,0.803920
2026-06-23T11:38:54,idle,cu_cp,3922732,323569.39230229496,0.323569
2026-06-23T11:38:54,idle,cu_up,3922762,320301.02838635445,0.320301
2026-06-23T11:38:54,idle,du1,3922923,2990565.8283523466,2.990566
2026-06-23T11:38:54,idle,du2,3923673,3016712.7396798707,3.016713
2026-06-23T11:38:54,idle,ue1,3922965,813826.0859611344,0.813826
2026-06-23T11:38:54,idle,ue2,3922974,836704.7817014337,0.836705
2026-06-23T11:38:54,idle,ue3,3923002,817094.479542818,0.817094
2026-06-23T11:38:54,idle,ue4,3923012,817094.479542818,0.817094
2026-06-23T11:38:54,idle,ue5,3923733,771337.206725192,0.771337
2026-06-23T11:38:54,idle,ue6,3923742,833436.3287882638,0.833436
2026-06-23T11:38:54,idle,ue7,3923750,768068.8131435084,0.768069
2026-06-23T11:38:54,idle,ue8,3923760,813826.0859611344,0.813826
2026-06-23T11:38:59,idle,cu_cp,3922732,323359.8969987354,0.323360
2026-06-23T11:38:59,idle,cu_up,3922762,323359.8969987354,0.323360
2026-06-23T11:38:59,idle,du1,3922923,2982096.877348144,2.982097
2026-06-23T11:38:59,idle,du2,3923673,3024558.122355616,3.024558
2026-06-23T11:38:59,idle,ue1,3922965,787169.0161041749,0.787169
2026-06-23T11:38:59,idle,ue2,3922974,862293.0586632943,0.862293
2026-06-23T11:38:59,idle,ue3,3923002,770837.736058554,0.770838
2026-06-23T11:38:59,idle,ue4,3923012,816565.3676783735,0.816565
2026-06-23T11:38:59,idle,ue5,3923733,764305.2002942652,0.764305
2026-06-23T11:38:59,idle,ue6,3923742,839429.1834882832,0.839429
2026-06-23T11:38:59,idle,ue7,3923750,741441.3844843555,0.741441
2026-06-23T11:38:59,idle,ue8,3923760,810032.8319140845,0.810033
2026-06-23T11:39:05,idle,cu_cp,3922732,325282.1793000698,0.325282
2026-06-23T11:39:05,idle,cu_up,3922762,325282.1793000698,0.325282
2026-06-23T11:39:05,idle,du1,3922923,3029395.844398041,3.029396
2026-06-23T11:39:05,idle,du2,3923673,2993253.2610144424,2.993253
2026-06-23T11:39:05,idle,ue1,3922965,827991.0992322064,0.827991
2026-06-23T11:39:05,idle,ue2,3922974,824705.3395055151,0.824705
2026-06-23T11:39:05,idle,ue3,3923002,811562.6576495218,0.811563
2026-06-23T11:39:05,idle,ue4,3923012,841133.7215797376,0.841134
2026-06-23T11:39:05,idle,ue5,3923733,795134.2160668373,0.795134
2026-06-23T11:39:05,idle,ue6,3923742,824705.3395055151,0.824705
2026-06-23T11:39:05,idle,ue7,3923750,785277.1749206114,0.785277
2026-06-23T11:39:05,idle,ue8,3923760,788562.8751388406,0.788563
2026-06-23T11:39:10,idle,cu_cp,3922732,332353.51161411376,0.332354
2026-06-23T11:39:10,idle,cu_up,3922762,329062.86656171235,0.329063
2026-06-23T11:39:10,idle,du1,3922923,3024087.727315352,3.024088
2026-06-23T11:39:10,idle,du2,3923673,3060284.763303461,3.060285
2026-06-23T11:39:10,idle,ue1,3922965,829238.441612007,0.829238
2026-06-23T11:39:10,idle,ue2,3922974,848982.1331614959,0.848982
2026-06-23T11:39:10,idle,ue3,3923002,809494.6904742116,0.809495
2026-06-23T11:39:10,idle,ue4,3923012,829238.441612007,0.829238
2026-06-23T11:39:10,idle,ue5,3923733,799622.7553170073,0.799623
2026-06-23T11:39:10,idle,ue6,3923742,839110.3171809048,0.839110
2026-06-23T11:39:10,idle,ue7,3923750,822657.1515072042,0.822657
2026-06-23T11:39:10,idle,ue8,3923760,786460.2346957081,0.786460
2026-06-23T11:39:15,idle,cu_cp,3922732,330229.7637313843,0.330230
2026-06-23T11:39:15,idle,cu_up,3922762,322367.1715707779,0.322367
2026-06-23T11:39:15,idle,du1,3922923,3011381.1618136596,3.011381
2026-06-23T11:39:15,idle,du2,3923673,2964205.311188049,2.964205
2026-06-23T11:39:15,idle,ue1,3922965,841299.7127144623,0.841300
2026-06-23T11:39:15,idle,ue2,3922974,817711.8469340515,0.817712
2026-06-23T11:39:15,idle,ue3,3923002,833437.0312552643,0.833437
2026-06-23T11:39:15,idle,ue4,3923012,833437.0312552643,0.833437
2026-06-23T11:39:15,idle,ue5,3923733,864887.578494873,0.864888
2026-06-23T11:39:15,idle,ue6,3923742,849162.2751088715,0.849162
2026-06-23T11:39:15,idle,ue7,3923750,825574.5283932495,0.825575
2026-06-23T11:39:15,idle,ue8,3923760,841299.7127144623,0.841300
2026-06-23T11:39:21,idle,cu_cp,3922732,331955.36162478896,0.331955
2026-06-23T11:39:21,idle,cu_up,3922762,331955.36162478896,0.331955
2026-06-23T11:39:21,idle,du1,3922923,3053989.1235693097,3.053989
2026-06-23T11:39:21,idle,du2,3923673,3067267.3631575583,3.067267
2026-06-23T11:39:21,idle,ue1,3922965,829888.3591990131,0.829888
2026-06-23T11:39:21,idle,ue2,3922974,843166.5987872619,0.843167
2026-06-23T11:39:21,idle,ue3,3923002,829888.3591990131,0.829888
2026-06-23T11:39:21,idle,ue4,3923012,816610.1794280433,0.816610
2026-06-23T11:39:21,idle,ue5,3923733,849805.6587641073,0.849806
2026-06-23T11:39:21,idle,ue6,3923742,823249.2394048887,0.823249
2026-06-23T11:39:21,idle,ue7,3923750,790053.7002515459,0.790054
2026-06-23T11:39:21,idle,ue8,3923760,803331.9398397946,0.803332
2026-06-23T11:39:26,idle,cu_cp,3922732,316810.77386782796,0.316811
2026-06-23T11:39:26,idle,cu_up,3922762,328125.44330073596,0.328125
2026-06-23T11:39:26,idle,du1,3922923,3015359.6567144156,3.015360
2026-06-23T11:39:26,idle,du2,3923673,3015359.6567144156,3.015360
2026-06-23T11:39:26,idle,ue1,3922965,831628.3074311519,0.831628
2026-06-23T11:39:26,idle,ue2,3922974,825971.0173343038,0.825971
2026-06-23T11:39:26,idle,ue3,3923002,831628.3074311519,0.831628
2026-06-23T11:39:26,idle,ue4,3923012,825971.0173343038,0.825971
2026-06-23T11:39:26,idle,ue5,3923733,825971.0173343038,0.825971
2026-06-23T11:39:26,idle,ue6,3923742,848600.2967073119,0.848600
2026-06-23T11:39:26,idle,ue7,3923750,848600.2967073119,0.848600
2026-06-23T11:39:26,idle,ue8,3923760,831628.3074311519,0.831628
2026-06-23T11:39:32,idle,cu_cp,3922732,322105.7935027552,0.322106
2026-06-23T11:39:32,idle,cu_up,3922762,327061.26358964446,0.327061
2026-06-23T11:39:32,idle,du1,3922923,3007972.721291313,3.007973
2026-06-23T11:39:32,idle,du2,3923673,3022838.893697028,3.022839
2026-06-23T11:39:32,idle,ue1,3922965,812697.6888872219,0.812698
2026-06-23T11:39:32,idle,ue2,3922974,802786.7487134433,0.802787
2026-06-23T11:39:32,idle,ue3,3923002,837475.0393216681,0.837475
2026-06-23T11:39:32,idle,ue4,3923012,822608.6290610003,0.822609
2026-06-23T11:39:32,idle,ue5,3923733,822608.6290610003,0.822609
2026-06-23T11:39:32,idle,ue6,3923742,847386.0389591849,0.847386
2026-06-23T11:39:32,idle,ue7,3923750,792875.8085396647,0.792876
2026-06-23T11:39:32,idle,ue8,3923760,827564.0991478896,0.827564
2026-06-23T11:39:37,idle,cu_cp,3922732,328374.9059358698,0.328375
2026-06-23T11:39:37,idle,cu_up,3922762,328374.9059358698,0.328375
2026-06-23T11:39:37,idle,du1,3922923,3031386.8625776265,3.031387
2026-06-23T11:39:37,idle,du2,3923673,2994900.8481203914,2.994901
2026-06-23T11:39:37,idle,ue1,3922965,842220.8627908409,0.842221
2026-06-23T11:39:37,idle,ue2,3922974,827018.2970884735,0.827018
2026-06-23T11:39:37,idle,ue3,3923002,811815.731386106,0.811816
2026-06-23T11:39:37,idle,ue4,3923012,845261.3639956105,0.845261
2026-06-23T11:39:37,idle,ue5,3923733,872625.9345170563,0.872626
2026-06-23T11:39:37,idle,ue6,3923742,851342.3067266303,0.851342
2026-06-23T11:39:37,idle,ue7,3923750,836139.8007027822,0.836140
2026-06-23T11:39:37,idle,ue8,3923760,827018.2970884735,0.827018
2026-06-23T11:39:42,idle,cu_cp,3922732,331021.41815234185,0.331021
2026-06-23T11:39:42,idle,cu_up,3922762,331021.41815234185,0.331021
2026-06-23T11:39:42,idle,du1,3922923,2985266.410454063,2.985266
2026-06-23T11:39:42,idle,du2,3923673,3021709.364845619,3.021709
2026-06-23T11:39:42,idle,ue1,3922965,850330.243001461,0.850330
2026-06-23T11:39:42,idle,ue2,3922974,835145.7382212925,0.835146
2026-06-23T11:39:42,idle,ue3,3923002,841219.5044035721,0.841220
2026-06-23T11:39:42,idle,ue4,3923012,801739.9944439316,0.801740
2026-06-23T11:39:42,idle,ue5,3923733,826035.1187226963,0.826035
2026-06-23T11:39:42,idle,ue6,3923742,847293.3301354981,0.847293
2026-06-23T11:39:42,idle,ue7,3923750,829071.9720390129,0.829072
2026-06-23T11:39:42,idle,ue8,3923760,835145.7382212925,0.835146
2026-06-23T11:39:48,dl,cu_cp,3922732,324609.66391761304,0.324610
2026-06-23T11:39:48,dl,cu_up,3922762,327643.41521676065,0.327643
2026-06-23T11:39:48,dl,du1,3922923,2912385.780846977,2.912386
2026-06-23T11:39:48,dl,du2,3923673,3009465.3465324785,3.009465
2026-06-23T11:39:48,dl,ue1,3922965,852479.5643889142,0.852480
2026-06-23T11:39:48,dl,ue2,3922974,846412.0617906189,0.846412
2026-06-23T11:39:48,dl,ue3,3923002,828209.6729675388,0.828210
2026-06-23T11:39:48,dl,ue4,3923012,834277.175565834,0.834277
2026-06-23T11:39:48,dl,ue5,3923733,840344.6186782265,0.840345
2026-06-23T11:39:48,dl,ue6,3923742,849445.8428327179,0.849446
2026-06-23T11:39:48,dl,ue7,3923750,788771.1737651825,0.788771
2026-06-23T11:39:48,dl,ue8,3923760,855513.3454310131,0.855513
2026-06-23T11:39:53,dl,cu_cp,3922732,391807.7498200357,0.391808
2026-06-23T11:39:53,dl,cu_up,3922762,624118.5491995097,0.624119
2026-06-23T11:39:53,dl,du1,3922923,4178126.939197576,4.178127
2026-06-23T11:39:53,dl,du2,3923673,4178126.939197576,4.178127
2026-06-23T11:39:53,dl,ue1,3922965,1716326.0102986514,1.716326
2026-06-23T11:39:53,dl,ue2,3922974,1650446.787641108,1.650447
2026-06-23T11:39:53,dl,ue3,3923002,1598436.9540385723,1.598437
2026-06-23T11:39:53,dl,ue4,3923012,1421603.3014023185,1.421603
2026-06-23T11:39:53,dl,ue5,3923733,1608839.0299528956,1.608839
2026-06-23T11:39:53,dl,ue6,3923742,1591502.3277572035,1.591502
2026-06-23T11:39:53,dl,ue7,3923750,1490949.8372005462,1.490950
2026-06-23T11:39:53,dl,ue8,3923760,1591502.3277572035,1.591502
2026-06-23T11:39:59,dl,cu_cp,3922732,413760.3303267744,0.413760
2026-06-23T11:39:59,dl,cu_up,3922762,738581.5318648475,0.738582
2026-06-23T11:39:59,dl,du1,3922923,4632569.102733066,4.632569
2026-06-23T11:39:59,dl,du2,3923673,4543629.831835709,4.543630
2026-06-23T11:39:59,dl,ue1,3922965,1894790.4192809486,1.894790
2026-06-23T11:39:59,dl,ue2,3922974,1902524.2565669226,1.902524
2026-06-23T11:39:59,dl,ue3,3923002,1914125.0124958837,1.914125
2026-06-23T11:39:59,dl,ue4,3923012,1914125.0124958837,1.914125
2026-06-23T11:39:59,dl,ue5,3923733,1921858.8497818578,1.921859
2026-06-23T11:39:59,dl,ue6,3923742,1871588.7653143704,1.871589
2026-06-23T11:39:59,dl,ue7,3923750,1856121.0907424223,1.856121
2026-06-23T11:39:59,dl,ue8,3923760,1964394.8127460587,1.964395
2026-06-23T11:40:04,dl,cu_cp,3922732,412640.919861719,0.412641
2026-06-23T11:40:04,dl,cu_up,3922762,774192.9894524396,0.774193
2026-06-23T11:40:04,dl,du1,3922923,4739475.473329105,4.739475
2026-06-23T11:40:04,dl,du2,3923673,4735545.748665009,4.735546
2026-06-23T11:40:04,dl,ue1,3922965,1890288.460466013,1.890288
2026-06-23T11:40:04,dl,ue2,3922974,1890288.460466013,1.890288
2026-06-23T11:40:04,dl,ue3,3923002,1890288.460466013,1.890288
2026-06-23T11:40:04,dl,ue4,3923012,1992466.16100801,1.992466
2026-06-23T11:40:04,dl,ue5,3923733,1933517.5755690837,1.933518
2026-06-23T11:40:04,dl,ue6,3923742,1878498.7147942544,1.878499
2026-06-23T11:40:04,dl,ue7,3923750,1898148.1956339406,1.898148
2026-06-23T11:40:04,dl,ue8,3923760,1980676.4153362513,1.980676
2026-06-23T11:40:09,dl,cu_cp,3922732,410404.8753701672,0.410405
2026-06-23T11:40:09,dl,cu_up,3922762,762180.4980716568,0.762180
2026-06-23T11:40:09,dl,du1,3922923,4651255.183068945,4.651255
2026-06-23T11:40:09,dl,du2,3923673,4655163.714561985,4.655164
2026-06-23T11:40:09,dl,ue1,3922965,1876136.6544079448,1.876137
2026-06-23T11:40:09,dl,ue2,3922974,1899588.2701238764,1.899588
2026-06-23T11:40:09,dl,ue3,3923002,1872227.9806623398,1.872228
2026-06-23T11:40:09,dl,ue4,3923012,1942582.9700627006,1.942583
2026-06-23T11:40:09,dl,ue5,3923733,1923040.0280923736,1.923040
2026-06-23T11:40:09,dl,ue6,3923742,1876136.6544079448,1.876137
2026-06-23T11:40:09,dl,ue7,3923750,1821415.7909797407,1.821416
2026-06-23T11:40:09,dl,ue8,3923760,1985577.8122540903,1.985578
2026-06-23T11:40:15,dl,cu_cp,3922732,406227.07340644597,0.406227
2026-06-23T11:40:15,dl,cu_up,3922762,664025.0320265472,0.664025
2026-06-23T11:40:15,dl,du1,3922923,4570054.753252745,4.570055
2026-06-23T11:40:15,dl,du2,3923673,4546618.633264447,4.546619
2026-06-23T11:40:15,dl,ue1,3922965,1851458.1632335782,1.851458
2026-06-23T11:40:15,dl,ue2,3922974,1910048.6051485061,1.910049
2026-06-23T11:40:15,dl,ue3,3923002,1906142.4432062744,1.906142
2026-06-23T11:40:15,dl,ue4,3923012,1933484.7251368046,1.933485
2026-06-23T11:40:15,dl,ue5,3923733,1906142.4432062744,1.906142
2026-06-23T11:40:15,dl,ue6,3923742,1870988.263223827,1.870988
2026-06-23T11:40:15,dl,ue7,3923750,1843645.981293297,1.843646
2026-06-23T11:40:15,dl,ue8,3923760,1929578.8470829367,1.929579
2026-06-23T11:40:20,dl,cu_cp,3922732,418561.1992064622,0.418561
2026-06-23T11:40:20,dl,cu_up,3922762,698918.2515362233,0.698918
2026-06-23T11:40:20,dl,du1,3922923,4698941.854689937,4.698942
2026-06-23T11:40:20,dl,du2,3923673,4750274.8194304155,4.750275
2026-06-23T11:40:20,dl,ue1,3922965,1923012.4620764004,1.923012
2026-06-23T11:40:20,dl,ue2,3922974,1899320.2693191217,1.899320
2026-06-23T11:40:20,dl,ue3,3923002,1986191.3079749942,1.986191
2026-06-23T11:40:20,dl,ue4,3923012,2013832.366918894,2.013832
2026-06-23T11:40:20,dl,ue5,3923733,1970396.5606302584,1.970397
2026-06-23T11:40:20,dl,ue6,3923742,1926961.0413023222,1.926961
2026-06-23T11:40:20,dl,ue7,3923750,1934858.486714865,1.934858
2026-06-23T11:40:20,dl,ue8,3923760,1990140.1741616153,1.990140
2026-06-23T11:40:26,dl,cu_cp,3922732,408374.84874308825,0.408375
2026-06-23T11:40:26,dl,cu_up,3922762,719094.8299863446,0.719095
2026-06-23T11:40:26,dl,du1,3922923,4625289.103365898,4.625289
2026-06-23T11:40:26,dl,du2,3923673,4616410.987380295,4.616411
2026-06-23T11:40:26,dl,ue1,3922965,1899830.9293562078,1.899831
2026-06-23T11:40:26,dl,ue2,3922974,1899830.9293562078,1.899831
2026-06-23T11:40:26,dl,ue3,3923002,1899830.9293562078,1.899831
2026-06-23T11:40:26,dl,ue4,3923012,1970852.5865358245,1.970853
2026-06-23T11:40:26,dl,ue5,3923733,2032996.554343561,2.032997
2026-06-23T11:40:26,dl,ue6,3923742,1633499.394972353,1.633499
2026-06-23T11:40:26,dl,ue7,3923750,1882075.2662032985,1.882075
2026-06-23T11:40:26,dl,ue8,3923760,1970852.5865358245,1.970853
2026-06-23T11:40:31,dl,cu_cp,3922732,412572.48184064624,0.412572
2026-06-23T11:40:31,dl,cu_up,3922762,714634.4520452588,0.714634
2026-06-23T11:40:31,dl,du1,3922923,4604603.3936275,4.604603
2026-06-23T11:40:31,dl,du2,3923673,4589868.611275757,4.589869
2026-06-23T11:40:31,dl,ue1,3922965,1849208.7771070362,1.849209
2026-06-23T11:40:31,dl,ue2,3922974,1908147.6217123747,1.908148
2026-06-23T11:40:31,dl,ue3,3923002,1849208.7771070362,1.849209
2026-06-23T11:40:31,dl,ue4,3923012,1937617.186415863,1.937617
2026-06-23T11:40:31,dl,ue5,3923733,1908147.6217123747,1.908148
2026-06-23T11:40:31,dl,ue6,3923742,1841841.385931164,1.841841
2026-06-23T11:40:31,dl,ue7,3923750,1886045.7329863966,1.886046
2026-06-23T11:40:31,dl,ue8,3923760,1959719.2175426602,1.959719
2026-06-23T11:40:36,dl,cu_cp,3922732,412467.66309672984,0.412468
2026-06-23T11:40:36,dl,cu_up,3922762,706194.6799402701,0.706195
2026-06-23T11:40:36,dl,du1,3922923,4599639.428953119,4.599639
2026-06-23T11:40:36,dl,du2,3923673,4612138.959967184,4.612139
2026-06-23T11:40:36,dl,ue1,3922965,1862354.0187214995,1.862354
2026-06-23T11:40:36,dl,ue2,3922974,1868603.6422464908,1.868604
2026-06-23T11:40:36,dl,ue3,3923002,1868603.6422464908,1.868604
2026-06-23T11:40:36,dl,ue4,3923012,1962346.2913368607,1.962346
2026-06-23T11:40:36,dl,ue5,3923733,1893601.5684182895,1.893602
2026-06-23T11:40:36,dl,ue6,3923742,1818607.50593881,1.818608
2026-06-23T11:40:36,dl,ue7,3923750,1849855.0556356001,1.849855
2026-06-23T11:40:36,dl,ue8,3923760,1893601.5684182895,1.893602
2026-06-23T11:40:42,dl,cu_cp,3922732,401742.0606917864,0.401742
2026-06-23T11:40:42,dl,cu_up,3922762,728157.505039072,0.728158
2026-06-23T11:40:42,dl,du1,3922923,4609272.653541484,4.609273
2026-06-23T11:40:42,dl,du2,3923673,4627207.674137693,4.627208
2026-06-23T11:40:42,dl,ue1,3922965,1879578.874652853,1.879579
2026-06-23T11:40:42,dl,ue2,3922974,1872404.9518979287,1.872405
2026-06-23T11:40:42,dl,ue3,3923002,1865231.0291430044,1.865231
2026-06-23T11:40:42,dl,ue4,3923012,1944144.6068649674,1.944145
2026-06-23T11:40:42,dl,ue5,3923733,1868817.9192841672,1.868818
2026-06-23T11:40:42,dl,ue6,3923742,1843709.118405633,1.843709
2026-06-23T11:40:42,dl,ue7,3923750,1847296.1510193944,1.847296
2026-06-23T11:40:42,dl,ue8,3923760,1933383.6514962816,1.933384
2026-06-23T11:40:47,dl,cu_cp,3922732,411433.7710288212,0.411434
2026-06-23T11:40:47,dl,cu_up,3922762,744158.5484065354,0.744159
2026-06-23T11:40:47,dl,du1,3922923,4583014.6027856115,4.583015
2026-06-23T11:40:47,dl,du2,3923673,4597325.730506766,4.597326
2026-06-23T11:40:47,dl,ue1,3922965,1874706.9999727607,1.874707
2026-06-23T11:40:47,dl,ue2,3922974,1892595.5533636808,1.892596
2026-06-23T11:40:47,dl,ue3,3923002,1860396.2997642339,1.860396
2026-06-23T11:40:47,dl,ue4,3923012,1942683.0753456294,1.942683
2026-06-23T11:40:47,dl,ue5,3923733,1885439.9895031035,1.885440
2026-06-23T11:40:47,dl,ue6,3923742,1838930.178199339,1.838930
2026-06-23T11:40:47,dl,ue7,3923750,1878284.7106509446,1.878285
2026-06-23T11:40:47,dl,ue8,3923760,1924794.5219547092,1.924795
2026-06-23T11:40:53,dl,cu_cp,3922732,405303.24279088853,0.405303
2026-06-23T11:40:53,dl,cu_up,3922762,699417.1196210909,0.699417
2026-06-23T11:40:53,dl,du1,3922923,4558764.645589447,4.558765
2026-06-23T11:40:53,dl,du2,3923673,4598219.044752779,4.598219
2026-06-23T11:40:53,dl,ue1,3922965,1886632.697412257,1.886633
2026-06-23T11:40:53,dl,ue2,3922974,1893806.3152077962,1.893806
2026-06-23T11:40:53,dl,ue3,3923002,1883045.959759078,1.883046
2026-06-23T11:40:53,dl,ue4,3923012,1929673.6917395878,1.929674
2026-06-23T11:40:53,dl,ue5,3923733,1886632.697412257,1.886633
2026-06-23T11:40:53,dl,ue6,3923742,1832831.490125389,1.832831
2026-06-23T11:40:53,dl,ue7,3923750,1875872.4844527198,1.875872
2026-06-23T11:40:53,dl,ue8,3923760,1918913.6212692307,1.918914
2026-06-23T11:40:58,dl,cu_cp,3922732,407897.3023969227,0.407897
2026-06-23T11:40:58,dl,cu_up,3922762,714722.7195283973,0.714723
2026-06-23T11:40:58,dl,du1,3922923,4638478.190067277,4.638478
2026-06-23T11:40:58,dl,du2,3923673,4674575.302177209,4.674575
2026-06-23T11:40:58,dl,ue1,3922965,1887878.6482834863,1.887879
2026-06-23T11:40:58,dl,ue2,3922974,1895098.099347837,1.895098
2026-06-23T11:40:58,dl,ue3,3923002,1920365.963255334,1.920366
2026-06-23T11:40:58,dl,ue4,3923012,1996169.9846132852,1.996170
2026-06-23T11:40:58,dl,ue5,3923733,1923975.9036052395,1.923976
2026-06-23T11:40:58,dl,ue6,3923742,1851781.6793853736,1.851782
2026-06-23T11:40:58,dl,ue7,3923750,1905927.347550273,1.905927
2026-06-23T11:40:58,dl,ue8,3923760,1938414.6625221204,1.938415
2026-06-23T11:41:04,dl,cu_cp,3922732,409455.2265481523,0.409455
2026-06-23T11:41:04,dl,cu_up,3922762,740169.1501664758,0.740169
2026-06-23T11:41:04,dl,du1,3922923,4704798.34819632,4.704798
2026-06-23T11:41:04,dl,du2,3923673,4692987.127683899,4.692987
2026-06-23T11:41:04,dl,ue1,3922965,1901604.6399380385,1.901605
2026-06-23T11:41:04,dl,ue2,3922974,1893730.5884457456,1.893731
2026-06-23T11:41:04,dl,ue3,3923002,1917352.886196606,1.917353
2026-06-23T11:41:04,dl,ue4,3923012,1960660.7425001443,1.960661
2026-06-23T11:41:04,dl,ue5,3923733,1874045.17316705,1.874045
2026-06-23T11:41:04,dl,ue6,3923742,1866170.9784007752,1.866171
2026-06-23T11:41:04,dl,ue7,3923750,1885856.393679471,1.885856
2026-06-23T11:41:04,dl,ue8,3923760,1952786.5477338696,1.952787
2026-06-23T11:41:09,dl,cu_cp,3922732,398615.4808796209,0.398615
2026-06-23T11:41:09,dl,cu_up,3922762,726887.0973199952,0.726887
2026-06-23T11:41:09,dl,du1,3922923,4607526.180616541,4.607526
2026-06-23T11:41:09,dl,du2,3923673,4537182.173858881,4.537182
2026-06-23T11:41:09,dl,ue1,3922965,1828941.613967719,1.828942
2026-06-23T11:41:09,dl,ue2,3922974,1883653.6508499908,1.883654
2026-06-23T11:41:09,dl,ue3,3923002,1883653.6508499908,1.883654
2026-06-23T11:41:09,dl,ue4,3923012,1934457.4817857957,1.934457
2026-06-23T11:41:09,dl,ue5,3923733,1868021.6809746027,1.868022
2026-06-23T11:41:09,dl,ue6,3923742,1844573.5838431073,1.844574
2026-06-23T11:41:09,dl,ue7,3923750,1879745.5872219373,1.879746
2026-06-23T11:41:09,dl,ue8,3923760,1918825.5119104076,1.918826
2026-06-23T11:41:15,dl,cu_cp,3922732,406091.24394923955,0.406091
2026-06-23T11:41:15,dl,cu_up,3922762,749100.3146607041,0.749100
2026-06-23T11:41:15,dl,du1,3922923,4616823.495627222,4.616823
2026-06-23T11:41:15,dl,du2,3923673,4640479.0688000675,4.640479
2026-06-23T11:41:15,dl,ue1,3922965,1896406.5031083513,1.896407
2026-06-23T11:41:15,dl,ue2,3922974,1896406.5031083513,1.896407
2026-06-23T11:41:15,dl,ue3,3923002,1904291.8374497115,1.904292
2026-06-23T11:41:15,dl,ue4,3923012,1971316.5345744216,1.971317
2026-06-23T11:41:15,dl,ue5,3923733,1896406.5031083513,1.896407
2026-06-23T11:41:15,dl,ue6,3923742,1853037.6657239771,1.853038
2026-06-23T11:41:15,dl,ue7,3923750,1845152.3313826167,1.845152
2026-06-23T11:41:15,dl,ue8,3923760,1927947.6971900475,1.927948
2026-06-23T11:41:20,dl,cu_cp,3922732,403887.4190277502,0.403887
2026-06-23T11:41:20,dl,cu_up,3922762,752877.4614922017,0.752877
2026-06-23T11:41:20,dl,du1,3922923,4505501.2491778135,4.505501
2026-06-23T11:41:20,dl,du2,3923673,4662350.651972866,4.662351
2026-06-23T11:41:20,dl,ue1,3922965,1874351.105137807,1.874351
2026-06-23T11:41:20,dl,ue2,3922974,1886114.9101966382,1.886115
2026-06-23T11:41:20,dl,ue3,3923002,1878272.468585229,1.878272
2026-06-23T11:41:20,dl,ue4,3923012,1933169.7025068104,1.933170
2026-06-23T11:41:20,dl,ue5,3923733,1886114.9101966382,1.886115
2026-06-23T11:41:20,dl,ue6,3923742,1835138.8970807611,1.835139
2026-06-23T11:41:20,dl,ue7,3923750,1858666.2219149887,1.858666
2026-06-23T11:41:20,dl,ue8,3923760,1925327.2608954012,1.925327
2026-06-23T11:41:25,dl,cu_cp,3922732,408035.48084391624,0.408035
2026-06-23T11:41:25,dl,cu_up,3922762,736840.7014407628,0.736841
2026-06-23T11:41:25,dl,du1,3922923,4706273.001762631,4.706273
2026-06-23T11:41:25,dl,du2,3923673,4678542.374733307,4.678542
2026-06-23T11:41:25,dl,ue1,3922965,1901524.5206729078,1.901525
2026-06-23T11:41:25,dl,ue2,3922974,1917370.428950925,1.917370
2026-06-23T11:41:25,dl,ue3,3923002,1913409.0956528175,1.913409
2026-06-23T11:41:25,dl,ue4,3923012,1992639.2121284902,1.992639
2026-06-23T11:41:25,dl,ue5,3923733,1901524.5206729078,1.901525
2026-06-23T11:41:25,dl,ue6,3923742,1857947.8415941703,1.857948
2026-06-23T11:41:25,dl,ue7,3923750,1853986.364524666,1.853986
2026-06-23T11:41:25,dl,ue8,3923760,2000562.1662674986,2.000562
2026-06-23T11:41:31,dl,cu_cp,3922732,406988.56385846884,0.406989
2026-06-23T11:41:31,dl,cu_up,3922762,686793.2440282911,0.686793
2026-06-23T11:41:31,dl,du1,3922923,4671889.5313434955,4.671890
2026-06-23T11:41:31,dl,du2,3923673,4654931.374658441,4.654931
2026-06-23T11:41:31,dl,ue1,3922965,1873843.0876842202,1.873843
2026-06-23T11:41:31,dl,ue2,3922974,1873843.0876842202,1.873843
2026-06-23T11:41:31,dl,ue3,3923002,1899280.036280644,1.899280
2026-06-23T11:41:31,dl,ue4,3923012,1950153.5038267553,1.950154
2026-06-23T11:41:31,dl,ue5,3923733,1899280.036280644,1.899280
2026-06-23T11:41:31,dl,ue6,3923742,1848406.4255189537,1.848406
2026-06-23T11:41:31,dl,ue7,3923750,1882322.1660267473,1.882322
2026-06-23T11:41:31,dl,ue8,3923760,2009505.906499815,2.009506
2026-06-23T11:41:36,dl,cu_cp,3922732,412519.85181531013,0.412520
2026-06-23T11:41:36,dl,cu_up,3922762,732578.3507213033,0.732578
2026-06-23T11:41:36,dl,du1,3922923,4679966.563765121,4.679967
2026-06-23T11:41:36,dl,du2,3923673,4608842.556671619,4.608843
2026-06-23T11:41:36,dl,ue1,3922965,1891901.3187546753,1.891901
2026-06-23T11:41:36,dl,ue2,3922974,1913238.8082582569,1.913239
2026-06-23T11:41:36,dl,ue3,3923002,1984362.815351758,1.984363
2026-06-23T11:41:36,dl,ue4,3923012,2041262.021026559,2.041262
2026-06-23T11:41:36,dl,ue5,3923733,1920351.0652798414,1.920351
2026-06-23T11:41:36,dl,ue6,3923742,1870564.116626625,1.870564
2026-06-23T11:41:36,dl,ue7,3923750,1891901.3187546753,1.891901
2026-06-23T11:41:36,dl,ue8,3923760,1913238.8082582569,1.913239
2026-06-23T11:41:42,dl,cu_cp,3922732,416861.43651494384,0.416861
2026-06-23T11:41:42,dl,cu_up,3922762,747898.4363269925,0.747898
2026-06-23T11:41:42,dl,du1,3922923,4744863.639963794,4.744864
2026-06-23T11:41:42,dl,du2,3923673,4665169.540747309,4.665170
2026-06-23T11:41:42,dl,ue1,3922965,1924918.7680616141,1.924919
2026-06-23T11:41:42,dl,ue2,3922974,1918788.7186820507,1.918789
2026-06-23T11:41:42,dl,ue3,3923002,2035264.698763573,2.035265
2026-06-23T11:41:42,dl,ue4,3923012,1937179.5870878578,1.937180
2026-06-23T11:41:42,dl,ue5,3923733,1918788.7186820507,1.918789
2026-06-23T11:41:42,dl,ue6,3923742,1863615.825357783,1.863616
2026-06-23T11:41:42,dl,ue7,3923750,1924918.7680616141,1.924919
2026-06-23T11:41:42,dl,ue8,3923760,1980091.8054393053,1.980092
2026-06-23T11:41:47,dl,cu_cp,3922732,405869.88067728817,0.405870
2026-06-23T11:41:47,dl,cu_up,3922762,724767.6389525342,0.724768
2026-06-23T11:41:47,dl,du1,3922923,4569660.151179149,4.569660
2026-06-23T11:41:47,dl,du2,3923673,4634889.063988867,4.634889
2026-06-23T11:41:47,dl,ue1,3922965,2043844.804851265,2.043845
2026-06-23T11:41:47,dl,ue2,3922974,2080083.3443116879,2.080083
2026-06-23T11:41:47,dl,ue3,3923002,2061963.9313880252,2.061964
2026-06-23T11:41:47,dl,ue4,3923012,1420544.7613623226,1.420545
2026-06-23T11:41:47,dl,ue5,3923733,1906139.0995076036,1.906139
2026-06-23T11:41:47,dl,ue6,3923742,1859029.1700411951,1.859029
2026-06-23T11:41:47,dl,ue7,3923750,1880772.0932466174,1.880772
2026-06-23T11:41:47,dl,ue8,3923760,1920634.286182251,1.920634
2026-06-23T11:41:52,dl,cu_cp,3922732,413713.16481748223,0.413713
2026-06-23T11:41:52,dl,cu_up,3922762,743957.8611976862,0.743958
2026-06-23T11:41:52,dl,du1,3922923,4616168.253011656,4.616168
2026-06-23T11:41:52,dl,du2,3923673,4568990.556765747,4.568991
2026-06-23T11:41:52,dl,ue1,3922965,2014129.951942563,2.014130
2026-06-23T11:41:52,dl,ue2,3922974,2003242.670210266,2.003243
2026-06-23T11:41:52,dl,ue3,3923002,2061307.6481884718,2.061308
2026-06-23T11:41:52,dl,ue4,3923012,1477028.5837341784,1.477029
2026-06-23T11:41:52,dl,ue5,3923733,1890741.855854988,1.890742
2026-06-23T11:41:52,dl,ue6,3923742,1850822.1566691399,1.850822
2026-06-23T11:41:52,dl,ue7,3923750,1861709.2953303338,1.861709
2026-06-23T11:41:52,dl,ue8,3923760,1934290.4104997634,1.934290
2026-06-23T11:41:58,dl,cu_cp,3922732,402709.58075293066,0.402710
2026-06-23T11:41:58,dl,cu_up,3922762,743742.9461913871,0.743743
2026-06-23T11:41:58,dl,du1,3922923,4556786.2171468735,4.556786
2026-06-23T11:41:58,dl,du2,3923673,4661998.554950867,4.661999
2026-06-23T11:41:58,dl,ue1,3922965,2017176.0870923996,2.017176
2026-06-23T11:41:58,dl,ue2,3922974,1995407.9183936692,1.995408
2026-06-23T11:41:58,dl,ue3,3923002,2057084.0620721625,2.057084
2026-06-23T11:41:58,dl,ue4,3923012,1494741.900858364,1.494742
2026-06-23T11:41:58,dl,ue5,3923733,1861171.4034153556,1.861171
2026-06-23T11:41:58,dl,ue6,3923742,1853915.394939766,1.853915
2026-06-23T11:41:58,dl,ue7,3923750,1882939.428842125,1.882939
2026-06-23T11:41:58,dl,ue8,3923760,1948243.648394394,1.948244
2026-06-23T11:42:03,dl,cu_cp,3922732,411051.9072420382,0.411052
2026-06-23T11:42:03,dl,cu_up,3922762,760264.1495627046,0.760264
2026-06-23T11:42:03,dl,du1,3922923,4674351.066615568,4.674351
2026-06-23T11:42:03,dl,du2,3923673,4667075.626213298,4.667076
2026-06-23T11:42:03,dl,ue1,3922965,1953405.9535750127,1.953406
2026-06-23T11:42:03,dl,ue2,3922974,1964318.970678606,1.964319
2026-06-23T11:42:03,dl,ue3,3923002,1975231.5572827673,1.975232
2026-06-23T11:42:03,dl,ue4,3923012,1731510.6177984143,1.731511
2026-06-23T11:42:03,dl,ue5,3923733,1924304.9094649886,1.924305
2026-06-23T11:42:03,dl,ue6,3923742,1869740.5414460755,1.869741
2026-06-23T11:42:03,dl,ue7,3923750,1891566.2886536408,1.891566
2026-06-23T11:42:03,dl,ue8,3923760,1927942.6296661233,1.927943
2026-06-23T11:42:09,dl,cu_cp,3922732,408383.4933150232,0.408383
2026-06-23T11:42:09,dl,cu_up,3922762,769645.803256982,0.769646
2026-06-23T11:42:09,dl,du1,3922923,4625728.649848449,4.625729
2026-06-23T11:42:09,dl,du2,3923673,4692483.689601395,4.692484
2026-06-23T11:42:09,dl,ue1,3922965,1865213.1188494384,1.865213
2026-06-23T11:42:09,dl,ue2,3922974,1920187.7728358041,1.920188
2026-06-23T11:42:09,dl,ue3,3923002,1908407.3870692241,1.908407
2026-06-23T11:42:09,dl,ue4,3923012,1916261.073498479,1.916261
2026-06-23T11:42:09,dl,ue5,3923733,1880920.0600760411,1.880920
2026-06-23T11:42:09,dl,ue6,3923742,1857359.5762974857,1.857360
2026-06-23T11:42:09,dl,ue7,3923750,1900553.988394574,1.900554
2026-06-23T11:42:09,dl,ue8,3923760,1959455.3417182649,1.959455
2026-06-23T11:42:14,dl,cu_cp,3922732,405931.2958600059,0.405931
2026-06-23T11:42:14,dl,cu_up,3922762,673924.8376083672,0.673925
2026-06-23T11:42:14,dl,du1,3922923,4591358.826611161,4.591359
2026-06-23T11:42:14,dl,du2,3923673,4520419.520464957,4.520420
2026-06-23T11:42:14,dl,ue1,3922965,1836543.673566407,1.836544
2026-06-23T11:42:14,dl,ue2,3922974,1895659.7620215775,1.895660
2026-06-23T11:42:14,dl,ue3,3923002,1907483.1226345538,1.907483
2026-06-23T11:42:14,dl,ue4,3923012,1962658.1385260462,1.962658
2026-06-23T11:42:14,dl,ue5,3923733,1915365.2677619099,1.915365
2026-06-23T11:42:14,dl,ue6,3923742,1852307.9638211192,1.852308
2026-06-23T11:42:14,dl,ue7,3923750,1879895.4717668653,1.879895
2026-06-23T11:42:14,dl,ue8,3923760,1935070.6305803,1.935071
2026-06-23T11:42:19,dl,cu_cp,3922732,426289.24063951464,0.426289
2026-06-23T11:42:19,dl,cu_up,3922762,776882.2687507701,0.776882
2026-06-23T11:42:19,dl,du1,3922923,4685197.321847904,4.685197
2026-06-23T11:42:19,dl,du2,3923673,4820654.181726885,4.820654
2026-06-23T11:42:19,dl,ue1,3922965,1876469.3864519643,1.876469
2026-06-23T11:42:19,dl,ue2,3922974,1936229.527594918,1.936230
2026-06-23T11:42:19,dl,ue3,3923002,1968101.6703655291,1.968102
2026-06-23T11:42:19,dl,ue4,3923012,1999973.8131361401,1.999974
2026-06-23T11:42:19,dl,ue5,3923733,1908341.5292225755,1.908342
2026-06-23T11:42:19,dl,ue6,3923742,1932245.3831966496,1.932245
2026-06-23T11:42:19,dl,ue7,3923750,1980053.6696679615,1.980054
2026-06-23T11:42:19,dl,ue8,3923760,2003957.6682728266,2.003958
2026-06-23T11:42:25,dl,cu_cp,3922732,412800.3174916142,0.412800
2026-06-23T11:42:25,dl,cu_up,3922762,710492.8534497988,0.710493
2026-06-23T11:42:25,dl,du1,3922923,4687665.122295966,4.687665
2026-06-23T11:42:25,dl,du2,3923673,4731326.654756305,4.731327
2026-06-23T11:42:25,dl,ue1,3922965,1901262.9972825372,1.901263
2026-06-23T11:42:25,dl,ue2,3922974,1909201.5496460677,1.909202
2026-06-23T11:42:25,dl,ue3,3923002,1921109.1615317583,1.921109
2026-06-23T11:42:25,dl,ue4,3923012,1988586.206642952,1.988586
2026-06-23T11:42:25,dl,ue5,3923733,1893324.5893587435,1.893325
2026-06-23T11:42:25,dl,ue6,3923742,1869509.0767078889,1.869509
2026-06-23T11:42:25,dl,ue7,3923750,1917140.102009598,1.917140
2026-06-23T11:42:25,dl,ue8,3923760,1956832.2860683035,1.956832
2026-06-23T11:42:30,dl,cu_cp,3922732,410349.43880731106,0.410349
2026-06-23T11:42:30,dl,cu_up,3922762,756955.3,0.756955
2026-06-23T11:42:30,dl,du1,3922923,4732962.460654983,4.732962
2026-06-23T11:42:30,dl,du2,3923673,4728978.789345017,4.728979
2026-06-23T11:42:30,dl,ue1,3922965,1884420.3298690033,1.884420
2026-06-23T11:42:30,dl,ue2,3922974,1924260.0749017524,1.924260
2026-06-23T11:42:30,dl,ue3,3923002,1976051.8445087625,1.976052
2026-06-23T11:42:30,dl,ue4,3923012,1980035.660196495,1.980036
2026-06-23T11:42:30,dl,ue5,3923733,1892388.25,1.892388
2026-06-23T11:42:30,dl,ue6,3923742,1896372.2100654982,1.896372
2026-06-23T11:42:30,dl,ue7,3923750,1940196.0595415116,1.940196
2026-06-23T11:42:30,dl,ue8,3923760,1948163.8352947426,1.948164
2026-06-23T11:42:36,dl,cu_cp,3922732,411367.9639513457,0.411368
2026-06-23T11:42:36,dl,cu_up,3922762,752715.7768868298,0.752716
2026-06-23T11:42:36,dl,du1,3922923,4700097.656800067,4.700098
2026-06-23T11:42:36,dl,du2,3923673,4708850.310762213,4.708850
2026-06-23T11:42:36,dl,ue1,3922965,1916799.6618158447,1.916800
2026-06-23T11:42:36,dl,ue2,3922974,1916799.6618158447,1.916800
2026-06-23T11:42:36,dl,ue3,3923002,1864284.6025880135,1.864285
2026-06-23T11:42:36,dl,ue4,3923012,1995572.1065667523,1.995572
2026-06-23T11:42:36,dl,ue5,3923733,1881789.622330624,1.881790
2026-06-23T11:42:36,dl,ue6,3923742,1855532.092716708,1.855532
2026-06-23T11:42:36,dl,ue7,3923750,1890542.132201929,1.890542
2026-06-23T11:42:36,dl,ue8,3923760,1986819.7407862865,1.986820
2026-06-23T11:42:41,dl,cu_cp,3922732,409871.2048892289,0.409871
2026-06-23T11:42:41,dl,cu_up,3922762,753870.2370973944,0.753870
2026-06-23T11:42:41,dl,du1,3922923,4567136.252263713,4.567136
2026-06-23T11:42:41,dl,du2,3923673,4640327.3477108,4.640327
2026-06-23T11:42:41,dl,ue1,3922965,1895654.3720012784,1.895654
2026-06-23T11:42:41,dl,ue2,3922974,1851739.5423219323,1.851740
2026-06-23T11:42:41,dl,ue3,3923002,1844420.4040420414,1.844420
2026-06-23T11:42:41,dl,ue4,3923012,1961526.472844386,1.961526
2026-06-23T11:42:41,dl,ue5,3923733,1873696.813485694,1.873697
2026-06-23T11:42:41,dl,ue6,3923742,1851739.5423219323,1.851740
2026-06-23T11:42:41,dl,ue7,3923750,1881016.0954414965,1.881016
2026-06-23T11:42:41,dl,ue8,3923760,1917611.64316504,1.917612
2026-06-23T11:42:46,dl,cu_cp,3922732,408987.5005139065,0.408988
2026-06-23T11:42:46,dl,cu_up,3922762,755053.8026956368,0.755054
2026-06-23T11:42:46,dl,du1,3922923,4624704.613672085,4.624705
2026-06-23T11:42:46,dl,du2,3923673,4649873.323921147,4.649873
2026-06-23T11:42:46,dl,ue1,3922965,1906510.7507806493,1.906511
2026-06-23T11:42:46,dl,ue2,3922974,1893926.539978738,1.893927
2026-06-23T11:42:46,dl,ue3,3923002,1856174.051895623,1.856174
2026-06-23T11:42:46,dl,ue4,3923012,1969432.0934354449,1.969432
2026-06-23T11:42:46,dl,ue5,3923733,1912803.072665534,1.912803
2026-06-23T11:42:46,dl,ue6,3923742,1831005.4859691812,1.831005
2026-06-23T11:42:46,dl,ue7,3923750,1906510.7507806493,1.906511
2026-06-23T11:42:46,dl,ue8,3923760,1931679.3167070914,1.931679
2026-06-23T11:42:52,dl,cu_cp,3922732,406750.74821898225,0.406751
2026-06-23T11:42:52,dl,cu_up,3922762,711813.8633758879,0.711814
2026-06-23T11:42:52,dl,du1,3922923,4674002.237577839,4.674002
2026-06-23T11:42:52,dl,du2,3923673,4655843.711105261,4.655844
2026-06-23T11:42:52,dl,ue1,3922965,1888485.601304512,1.888486
2026-06-23T11:42:52,dl,ue2,3922974,1888485.601304512,1.888486
2026-06-23T11:42:52,dl,ue3,3923002,1852168.6923398066,1.852169
2026-06-23T11:42:52,dl,ue4,3923012,1997436.7601399804,1.997437
2026-06-23T11:42:52,dl,ue5,3923733,1910275.8906637859,1.910276
2026-06-23T11:42:52,dl,ue6,3923742,1863063.8370194435,1.863064
2026-06-23T11:42:52,dl,ue7,3923750,1888485.601304512,1.888486
2026-06-23T11:42:52,dl,ue8,3923760,1946592.943608942,1.946593
2026-06-23T11:42:57,dl,cu_cp,3922732,416922.541606777,0.416923
2026-06-23T11:42:57,dl,cu_up,3922762,753386.2816999411,0.753386
2026-06-23T11:42:57,dl,du1,3922923,4710493.157704595,4.710493
2026-06-23T11:42:57,dl,du2,3923673,4739751.1669823695,4.739751
2026-06-23T11:42:57,dl,ue1,3922965,1920038.143447045,1.920038
2026-06-23T11:42:57,dl,ue2,3922974,1923695.2136066996,1.923695
2026-06-23T11:42:57,dl,ue3,3923002,1952952.9332843674,1.952953
2026-06-23T11:42:57,dl,ue4,3923012,2007811.1576799941,2.007811
2026-06-23T11:42:57,dl,ue5,3923733,1931009.6435261166,1.931010
2026-06-23T11:42:57,dl,ue6,3923742,1887123.0640096152,1.887123
2026-06-23T11:42:57,dl,ue7,3923750,1934667.0032858788,1.934667
2026-06-23T11:42:57,dl,ue8,3923760,1952952.9332843674,1.952953
2026-06-23T11:43:03,dl,cu_cp,3922732,417626.6324403816,0.417627
2026-06-23T11:43:03,dl,cu_up,3922762,736341.6692958444,0.736342
2026-06-23T11:43:03,dl,du1,3922923,4729438.519580841,4.729439
2026-06-23T11:43:03,dl,du2,3923673,4729438.519580841,4.729439
2026-06-23T11:43:03,dl,ue1,3922965,1919617.0434943056,1.919617
2026-06-23T11:43:03,dl,ue2,3922974,1897636.8657215596,1.897637
2026-06-23T11:43:03,dl,ue3,3923002,1890310.0433600307,1.890310
2026-06-23T11:43:03,dl,ue4,3923012,2003875.0666841269,2.003875
2026-06-23T11:43:03,dl,ue5,3923733,1915953.9216253818,1.915954
2026-06-23T11:43:03,dl,ue6,3923742,1871992.9874562086,1.871993
2026-06-23T11:43:03,dl,ue7,3923750,1908627.099263853,1.908627
2026-06-23T11:43:03,dl,ue8,3923760,1959914.421826794,1.959914
2026-06-23T11:43:08,dl,cu_cp,3922732,407762.0475589156,0.407762
2026-06-23T11:43:08,dl,cu_up,3922762,753631.7060002952,0.753632
2026-06-23T11:43:08,dl,du1,3922923,4689263.69147428,4.689264
2026-06-23T11:43:08,dl,du2,3923673,4703826.77661576,4.703827
2026-06-23T11:43:08,dl,ue1,3922965,1896821.6754060315,1.896822
2026-06-23T11:43:08,dl,ue2,3922974,1915025.3150127553,1.915025
2026-06-23T11:43:08,dl,ue3,3923002,1842210.7565858602,1.842211
2026-06-23T11:43:08,dl,ue4,3923012,2024247.4417465997,2.024247
2026-06-23T11:43:08,dl,ue5,3923733,1904103.2179767715,1.904103
2026-06-23T11:43:08,dl,ue6,3923742,1834929.358561871,1.834929
2026-06-23T11:43:08,dl,ue7,3923750,1922306.8575834953,1.922307
2026-06-23T11:43:08,dl,ue8,3923760,1955073.4377849484,1.955073
2026-06-23T11:43:14,dl,cu_cp,3922732,410138.7390513396,0.410139
2026-06-23T11:43:14,dl,cu_up,3922762,737460.9535491335,0.737461
2026-06-23T11:43:14,dl,du1,3922923,4665328.174685741,4.665328
2026-06-23T11:43:14,dl,du2,3923673,4657440.838695016,4.657441
2026-06-23T11:43:14,dl,ue1,3922965,1873229.7859775377,1.873230
2026-06-23T11:43:14,dl,ue2,3922974,1869286.1179821754,1.869286
2026-06-23T11:43:14,dl,ue3,3923002,1857455.2578101063,1.857455
2026-06-23T11:43:14,dl,ue4,3923012,1979708.1027822304,1.979708
2026-06-23T11:43:14,dl,ue5,3923733,1892947.9821403313,1.892948
2026-06-23T11:43:14,dl,ue6,3923742,1877173.4539728998,1.877173
2026-06-23T11:43:14,dl,ue7,3923750,1885060.6461496067,1.885061
2026-06-23T11:43:14,dl,ue8,3923760,1936328.0424612807,1.936328
2026-06-23T11:43:19,dl,cu_cp,3922732,413577.83421481727,0.413578
2026-06-23T11:43:19,dl,cu_up,3922762,751598.1008083558,0.751598
2026-06-23T11:43:19,dl,du1,3922923,4688540.928407869,4.688541
2026-06-23T11:43:19,dl,du2,3923673,4704447.7695717625,4.704448
2026-06-23T11:43:19,dl,ue1,3922965,1896890.5925158453,1.896891
2026-06-23T11:43:19,dl,ue2,3922974,1892913.810132084,1.892914
2026-06-23T11:43:19,dl,ue3,3923002,1857123.4896061134,1.857123
2026-06-23T11:43:19,dl,ue4,3923012,2000284.9158955717,2.000285
2026-06-23T11:43:19,dl,ue5,3923733,1900867.2307140303,1.900867
2026-06-23T11:43:19,dl,ue6,3923742,1857123.4896061134,1.857123
2026-06-23T11:43:19,dl,ue7,3923750,1892913.810132084,1.892914
2026-06-23T11:43:19,dl,ue8,3923760,1948587.898391285,1.948588
2026-06-23T11:43:24,dl,cu_cp,3922732,415593.83651663066,0.415594
2026-06-23T11:43:24,dl,cu_up,3922762,728278.798489089,0.728279
2026-06-23T11:43:24,dl,du1,3922923,4674441.148247967,4.674441
2026-06-23T11:43:24,dl,du2,3923673,4654651.257069693,4.654651
2026-06-23T11:43:24,dl,ue1,3922965,1887983.5625,1.887984
2026-06-23T11:43:24,dl,ue2,3922974,1911731.7199973583,1.911732
2026-06-23T11:43:24,dl,ue3,3923002,1895899.5189713098,1.895900
2026-06-23T11:43:24,dl,ue4,3923012,1994850.5593215418,1.994851
2026-06-23T11:43:24,dl,ue5,3923733,1884025.5842643452,1.884026
2026-06-23T11:43:24,dl,ue6,3923742,1887983.5625,1.887984
2026-06-23T11:43:24,dl,ue7,3923750,1884025.5842643452,1.884026
2026-06-23T11:43:24,dl,ue8,3923760,1951312.22256248,1.951312
2026-06-23T11:43:30,dl,cu_cp,3922732,417730.49378611566,0.417730
2026-06-23T11:43:30,dl,cu_up,3922762,747936.5059048319,0.747937
2026-06-23T11:43:30,dl,du1,3922923,4686538.180937805,4.686538
2026-06-23T11:43:30,dl,du2,3923673,4714387.207170167,4.714387
2026-06-23T11:43:30,dl,ue1,3922965,1881776.3558490872,1.881776
2026-06-23T11:43:30,dl,ue2,3922974,1917582.0614365197,1.917582
2026-06-23T11:43:30,dl,ue3,3923002,1929517.1525235272,1.929517
2026-06-23T11:43:30,dl,ue4,3923012,1985214.4844442343,1.985214
2026-06-23T11:43:30,dl,ue5,3923733,1861884.4412982059,1.861884
2026-06-23T11:43:30,dl,ue6,3923742,1873819.6764940165,1.873820
2026-06-23T11:43:30,dl,ue7,3923750,1901668.2703999686,1.901668
2026-06-23T11:43:30,dl,ue8,3923760,1953387.3346975422,1.953387
2026-06-23T11:43:35,dl,cu_cp,3922732,423232.4523534626,0.423232
2026-06-23T11:43:35,dl,cu_up,3922762,750638.6685843319,0.750639
2026-06-23T11:43:35,dl,du1,3922923,4699477.560414255,4.699478
2026-06-23T11:43:35,dl,du2,3923673,4743397.927689242,4.743398
2026-06-23T11:43:35,dl,ue1,3922965,1908538.8587939502,1.908539
2026-06-23T11:43:35,dl,ue2,3922974,1936488.078089583,1.936488
2026-06-23T11:43:35,dl,ue3,3923002,1956451.8682296574,1.956452
2026-06-23T11:43:35,dl,ue4,3923012,2056270.8189300299,2.056271
2026-06-23T11:43:35,dl,ue5,3923733,1908538.8587939502,1.908539
2026-06-23T11:43:35,dl,ue6,3923742,1908538.8587939502,1.908539
2026-06-23T11:43:35,dl,ue7,3923750,1904546.0717991113,1.904546
2026-06-23T11:43:35,dl,ue8,3923760,1964437.442219335,1.964437
2026-06-23T11:43:41,dl,cu_cp,3922732,418487.7674740076,0.418488
2026-06-23T11:43:41,dl,cu_up,3922762,721223.6293111325,0.721224
2026-06-23T11:43:41,dl,du1,3922923,4647885.659397507,4.647886
2026-06-23T11:43:41,dl,du2,3923673,4781445.405673027,4.781445
2026-06-23T11:43:41,dl,ue1,3922965,1887647.0405311584,1.887647
2026-06-23T11:43:41,dl,ue2,3922974,1941070.8521349907,1.941071
2026-06-23T11:43:41,dl,ue3,3923002,1905455.1708577157,1.905455
2026-06-23T11:43:41,dl,ue4,3923012,2030110.9243919372,2.030111
2026-06-23T11:43:41,dl,ue5,3923733,1923263.0114963532,1.923263
2026-06-23T11:43:41,dl,ue6,3923742,1887647.0405311584,1.887647
2026-06-23T11:43:41,dl,ue7,3923750,1923263.0114963532,1.923263
2026-06-23T11:43:41,dl,ue8,3923760,1941070.8521349907,1.941071
2026-06-23T11:43:46,dl,cu_cp,3922732,419150.8181211698,0.419151
2026-06-23T11:43:46,dl,cu_up,3922762,713291.7050575364,0.713292
2026-06-23T11:43:46,dl,du1,3922923,4720961.777697158,4.720962
2026-06-23T11:43:46,dl,du2,3923673,4544477.100903745,4.544477
2026-06-23T11:43:46,dl,ue1,3922965,1897208.9738448525,1.897209
2026-06-23T11:43:46,dl,ue2,3922974,1933976.6389487458,1.933977
2026-06-23T11:43:46,dl,ue3,3923002,1941329.9984116126,1.941330
2026-06-23T11:43:46,dl,ue4,3923012,2073693.3613750793,2.073693
2026-06-23T11:43:46,dl,ue5,3923733,1882501.8210243392,1.882502
2026-06-23T11:43:46,dl,ue6,3923742,1867794.812835419,1.867795
2026-06-23T11:43:46,dl,ue7,3923750,1933976.6389487458,1.933977
2026-06-23T11:43:46,dl,ue8,3923760,1970744.1594210458,1.970744
2026-06-23T11:43:51,dl,cu_cp,3922732,406307.2756230792,0.406307
2026-06-23T11:43:51,dl,cu_up,3922762,743854.8124663985,0.743855
2026-06-23T11:43:51,dl,du1,3922923,4606899.257343347,4.606899
2026-06-23T11:43:51,dl,du2,3923673,4563143.066485319,4.563143
2026-06-23T11:43:51,dl,ue1,3922965,1862762.4836587142,1.862762
2026-06-23T11:43:51,dl,ue2,3922974,1937773.1994439233,1.937773
2026-06-23T11:43:51,dl,ue3,3923002,1931522.294458487,1.931522
2026-06-23T11:43:51,dl,ue4,3923012,1962776.6753456425,1.962777
2026-06-23T11:43:51,dl,ue5,3923733,1912769.5795021784,1.912770
2026-06-23T11:43:51,dl,ue6,3923742,1837759.1517970203,1.837759
2026-06-23T11:43:51,dl,ue7,3923750,1881515.198615023,1.881515
2026-06-23T11:43:51,dl,ue8,3923760,1950274.8653747702,1.950275
2026-06-23T11:43:57,dl,cu_cp,3922732,417858.6702003676,0.417859
2026-06-23T11:43:57,dl,cu_up,3922762,744878.5351334203,0.744879
2026-06-23T11:43:57,dl,du1,3922923,4658215.885346275,4.658216
2026-06-23T11:43:57,dl,du2,3923673,4661849.056545925,4.661849
2026-06-23T11:43:57,dl,ue1,3922965,1896714.964047568,1.896715
2026-06-23T11:43:57,dl,ue2,3922974,1893081.359880824,1.893081
2026-06-23T11:43:57,dl,ue3,3923002,1936684.176914656,1.936684
2026-06-23T11:43:57,dl,ue4,3923012,1987553.9136372472,1.987554
2026-06-23T11:43:57,dl,ue5,3923733,1900348.5682143115,1.900349
2026-06-23T11:43:57,dl,ue6,3923742,1874913.7720141984,1.874914
2026-06-23T11:43:57,dl,ue7,3923750,1867646.5636807107,1.867647
2026-06-23T11:43:57,dl,ue8,3923760,1914882.696236558,1.914883
2026-06-23T11:44:02,dl,cu_cp,3922732,412361.6006267193,0.412362
2026-06-23T11:44:02,dl,cu_up,3922762,759037.3208840776,0.759037
2026-06-23T11:44:02,dl,du1,3922923,4707491.195976798,4.707491
2026-06-23T11:44:02,dl,du2,3923673,4703841.679738004,4.703842
2026-06-23T11:44:02,dl,ue1,3922965,1875697.9365946876,1.875698
2026-06-23T11:44:02,dl,ue2,3922974,1839205.804886949,1.839206
2026-06-23T11:44:02,dl,ue3,3923002,1915839.2959050108,1.915839
2026-06-23T11:44:02,dl,ue4,3923012,2007069.6973334097,2.007070
2026-06-23T11:44:02,dl,ue5,3923733,1934085.4339179324,1.934085
2026-06-23T11:44:02,dl,ue6,3923742,1868399.625707624,1.868400
2026-06-23T11:44:02,dl,ue7,3923750,1897593.1578920889,1.897593
2026-06-23T11:44:02,dl,ue8,3923760,1948682.34432827,1.948682
2026-06-23T11:44:08,dl,cu_cp,3922732,412267.04179582593,0.412267
2026-06-23T11:44:08,dl,cu_up,3922762,740621.3203185844,0.740621
2026-06-23T11:44:08,dl,du1,3922923,4695466.283868866,4.695466
2026-06-23T11:44:08,dl,du2,3923673,4699114.7432917785,4.699115
2026-06-23T11:44:08,dl,ue1,3922965,1882564.5205787278,1.882565
2026-06-23T11:44:08,dl,ue2,3922974,1831487.2428684616,1.831487
2026-06-23T11:44:08,dl,ue3,3923002,1926345.1679957963,1.926345
2026-06-23T11:44:08,dl,ue4,3923012,1999312.9136909104,1.999313
2026-06-23T11:44:08,dl,ue5,3923733,1919048.393426285,1.919048
2026-06-23T11:44:08,dl,ue6,3923742,1871619.5751389312,1.871620
2026-06-23T11:44:08,dl,ue7,3923750,1882564.5205787278,1.882565
2026-06-23T11:44:08,dl,ue8,3923760,1948235.4917043305,1.948235
2026-06-23T11:44:13,dl,cu_cp,3922732,416710.3754438728,0.416710
2026-06-23T11:44:13,dl,cu_up,3922762,731070.8391912461,0.731071
2026-06-23T11:44:13,dl,du1,3922923,4755615.565747512,4.755616
2026-06-23T11:44:13,dl,du2,3923673,4653265.798807884,4.653266
2026-06-23T11:44:13,dl,ue1,3922965,1904439.495561272,1.904439
2026-06-23T11:44:13,dl,ue2,3922974,1886162.637727368,1.886163
2026-06-23T11:44:13,dl,ue3,3923002,1897128.8392818333,1.897129
2026-06-23T11:44:13,dl,ue4,3923012,2061619.6912457407,2.061620
2026-06-23T11:44:13,dl,ue5,3923733,1933682.4101927697,1.933682
2026-06-23T11:44:13,dl,ue6,3923742,1864230.6688890518,1.864231
2026-06-23T11:44:13,dl,ue7,3923750,1886162.637727368,1.886163
2026-06-23T11:44:13,dl,ue8,3923760,1959269.779549241,1.959270
2026-06-23T11:44:19,dl,cu_cp,3922732,415485.10284103453,0.415485
2026-06-23T11:44:19,dl,cu_up,3922762,739084.0068862736,0.739084
2026-06-23T11:44:19,dl,du1,3922923,4730138.049346864,4.730138
2026-06-23T11:44:19,dl,du2,3923673,4738127.750832498,4.738128
2026-06-23T11:44:19,dl,ue1,3922965,1917623.3066277504,1.917623
2026-06-23T11:44:19,dl,ue2,3922974,1889658.1935002804,1.889658
2026-06-23T11:44:19,dl,ue3,3923002,1917623.3066277504,1.917623
2026-06-23T11:44:19,dl,ue4,3923012,2021494.6366158724,2.021495
2026-06-23T11:44:19,dl,ue5,3923733,1909633.4604011476,1.909633
2026-06-23T11:44:19,dl,ue6,3923742,1901643.324692607,1.901643
2026-06-23T11:44:19,dl,ue7,3923750,1893653.0442430973,1.893653
2026-06-23T11:44:19,dl,ue8,3923760,2029484.772324413,2.029485
2026-06-23T11:44:24,dl,cu_cp,3922732,418250.032652902,0.418250
2026-06-23T11:44:24,dl,cu_up,3922762,744883.3921760344,0.744883
2026-06-23T11:44:24,dl,du1,3922923,4696350.488675888,4.696350
2026-06-23T11:44:24,dl,du2,3923673,4768050.531503155,4.768051
2026-06-23T11:44:24,dl,ue1,3922965,1888100.259093411,1.888100
2026-06-23T11:44:24,dl,ue2,3922974,1904033.505422659,1.904034
2026-06-23T11:44:24,dl,ue3,3923002,1880133.635928787,1.880134
2026-06-23T11:44:24,dl,ue4,3923012,2043450.2071039402,2.043450
2026-06-23T11:44:24,dl,ue5,3923733,1939883.5268362928,1.939884
2026-06-23T11:44:24,dl,ue6,3923742,1864200.244817655,1.864200
2026-06-23T11:44:24,dl,ue7,3923750,1880133.635928787,1.880134
2026-06-23T11:44:24,dl,ue8,3923760,2043450.2071039402,2.043450
2026-06-23T11:44:30,dl,cu_cp,3922732,414241.0952390671,0.414241
2026-06-23T11:44:30,dl,cu_up,3922762,744837.3928797316,0.744837
2026-06-23T11:44:30,dl,du1,3922923,4719958.822391215,4.719959
2026-06-23T11:44:30,dl,du2,3923673,4759789.630178709,4.759790
2026-06-23T11:44:30,dl,ue1,3922965,1907898.9907043267,1.907899
2026-06-23T11:44:30,dl,ue2,3922974,1856118.7091642094,1.856119
2026-06-23T11:44:30,dl,ue3,3923002,1864084.928575802,1.864085
2026-06-23T11:44:30,dl,ue4,3923012,2003492.900467267,2.003493
2026-06-23T11:44:30,dl,ue5,3923733,1884000.3324695493,1.884000
2026-06-23T11:44:30,dl,ue6,3923742,1864084.928575802,1.864085
2026-06-23T11:44:30,dl,ue7,3923750,1876034.2576931906,1.876034
2026-06-23T11:44:30,dl,ue8,3923760,2035357.633478403,2.035358
2026-06-23T11:44:35,dl,cu_cp,3922732,414172.3979464817,0.414172
2026-06-23T11:44:35,dl,cu_up,3922762,756661.1506038583,0.756661
2026-06-23T11:44:35,dl,du1,3922923,4639527.091854286,4.639527
2026-06-23T11:44:35,dl,du2,3923673,4743070.046591988,4.743070
2026-06-23T11:44:35,dl,ue1,3922965,1915547.2681280184,1.915547
2026-06-23T11:44:35,dl,ue2,3922974,1855810.8367417145,1.855811
2026-06-23T11:44:35,dl,ue3,3923002,1843863.6952133728,1.843864
2026-06-23T11:44:35,dl,ue4,3923012,1999178.272068844,1.999178
2026-06-23T11:44:35,dl,ue5,3923733,1891652.6955734969,1.891653
2026-06-23T11:44:35,dl,ue6,3923742,1859793.3137504412,1.859793
2026-06-23T11:44:35,dl,ue7,3923750,1883687.8863049627,1.883688
2026-06-23T11:44:35,dl,ue8,3923760,1987230.985791583,1.987231
2026-06-23T11:44:40,dl,cu_cp,3922732,418174.390682275,0.418174
2026-06-23T11:44:40,dl,cu_up,3922762,748823.986849432,0.748824
2026-06-23T11:44:40,dl,du1,3922923,4580468.211011005,4.580468
2026-06-23T11:44:40,dl,du2,3923673,4697168.513717682,4.697169
2026-06-23T11:44:40,dl,ue1,3922965,1867197.3463820792,1.867197
2026-06-23T11:44:40,dl,ue2,3922974,1857472.3932423377,1.857472
2026-06-23T11:44:40,dl,ue3,3923002,1867197.3463820792,1.867197
2026-06-23T11:44:40,dl,ue4,3923012,2003347.2670249797,2.003347
2026-06-23T11:44:40,dl,ue5,3923733,1886647.252661562,1.886647
2026-06-23T11:44:40,dl,ue6,3923742,1867197.3463820792,1.867197
2026-06-23T11:44:40,dl,ue7,3923750,1876922.2995218206,1.876922
2026-06-23T11:44:40,dl,ue8,3923760,1974172.263434125,1.974172
2026-06-23T11:44:46,dl,cu_cp,3922732,410201.88086554944,0.410202
2026-06-23T11:44:46,dl,cu_up,3922762,780187.8469769597,0.780188
2026-06-23T11:44:46,dl,du1,3922923,4785688.489230692,4.785688
2026-06-23T11:44:46,dl,du2,3923673,4721342.851575036,4.721343
2026-06-23T11:44:46,dl,ue1,3922965,1930361.7325857603,1.930362
2026-06-23T11:44:46,dl,ue2,3922974,1866016.3850118266,1.866016
2026-06-23T11:44:46,dl,ue3,3923002,1882102.7219053102,1.882103
2026-06-23T11:44:46,dl,ue4,3923012,2059052.572774489,2.059053
2026-06-23T11:44:46,dl,ue5,3923733,1890145.8178316213,1.890146
2026-06-23T11:44:46,dl,ue6,3923742,1874059.4809381377,1.874059
2026-06-23T11:44:46,dl,ue7,3923750,1874059.4809381377,1.874059
2026-06-23T11:44:46,dl,ue8,3923760,1970577.6473398996,1.970578
2026-06-23T11:44:51,dl,cu_cp,3922732,437729.5518327713,0.437730
2026-06-23T11:44:51,dl,cu_up,3922762,680912.560736593,0.680913
2026-06-23T11:44:51,dl,du1,3922923,4884506.080742726,4.884506
2026-06-23T11:44:51,dl,du2,3923673,4870609.516477232,4.870610
2026-06-23T11:44:51,dl,ue1,3922965,1973257.0488661265,1.973257
2026-06-23T11:44:51,dl,ue2,3922974,1966308.9176288152,1.966309
2026-06-23T11:44:51,dl,ue3,3923002,2001049.4229199362,2.001049
2026-06-23T11:44:51,dl,ue4,3923012,2091374.3745278048,2.091374
2026-06-23T11:44:51,dl,ue5,3923733,2001049.4229199362,2.001049
2026-06-23T11:44:51,dl,ue6,3923742,1952412.6551541924,1.952413
2026-06-23T11:44:51,dl,ue7,3923750,1910724.1695211958,1.910724
2026-06-23T11:44:51,dl,ue8,3923760,2091374.3745278048,2.091374
2026-06-23T11:44:57,dl,cu_cp,3922732,341016.70050595043,0.341017
2026-06-23T11:44:57,dl,cu_up,3922762,341016.70050595043,0.341017
2026-06-23T11:44:57,dl,du1,3922923,3139359.6571258353,3.139360
2026-06-23T11:44:57,dl,du2,3923673,3084195.15033453,3.084195
2026-06-23T11:44:57,dl,ue1,3922965,857556.7359890651,0.857557
2026-06-23T11:44:57,dl,ue2,3922974,797377.2909271098,0.797377
2026-06-23T11:44:57,dl,ue3,3923002,867586.612530365,0.867587
2026-06-23T11:44:57,dl,ue4,3923012,872601.5508010149,0.872602
2026-06-23T11:44:57,dl,ue5,3923733,887646.4275510168,0.887646
2026-06-23T11:44:57,dl,ue6,3923742,862571.6742597151,0.862572
2026-06-23T11:44:57,dl,ue7,3923750,877616.4890716649,0.877616
2026-06-23T11:44:57,dl,ue8,3923760,867586.612530365,0.867587
2026-06-23T11:45:02,dl,cu_cp,3922732,337663.1033481431,0.337663
2026-06-23T11:45:02,dl,cu_up,3922762,347042.630579271,0.347043
2026-06-23T11:45:02,dl,du1,3922923,3098371.77688611,3.098372
2026-06-23T11:45:02,dl,du2,3923673,3029588.5566865825,3.029589
2026-06-23T11:45:02,dl,ue1,3922965,828525.2027328497,0.828525
2026-06-23T11:45:02,dl,ue2,3922974,831651.7630713666,0.831652
2026-06-23T11:45:02,dl,ue3,3923002,869169.8719958782,0.869170
2026-06-23T11:45:02,dl,ue4,3923012,862916.8743463826,0.862917
2026-06-23T11:45:02,dl,ue5,3923733,878549.3684701216,0.878549
2026-06-23T11:45:02,dl,ue6,3923742,875422.9311591429,0.875423
2026-06-23T11:45:02,dl,ue7,3923750,884802.4276333862,0.884802
2026-06-23T11:45:02,dl,ue8,3923760,856663.815183118,0.856664
2026-06-23T11:45:08,dl,cu_cp,3922732,332194.3798216337,0.332194
2026-06-23T11:45:08,dl,cu_up,3922762,335298.98514319747,0.335299
2026-06-23T11:45:08,dl,du1,3922923,3017691.078985007,3.017691
2026-06-23T11:45:08,dl,du2,3923673,3085992.578370464,3.085993
2026-06-23T11:45:08,dl,ue1,3922965,869293.6831920976,0.869294
2026-06-23T11:45:08,dl,ue2,3922974,850665.9297220123,0.850666
2026-06-23T11:45:08,dl,ue3,3923002,853770.5654287518,0.853771
2026-06-23T11:45:08,dl,ue4,3923012,844456.7190788847,0.844457
2026-06-23T11:45:08,dl,ue5,3923733,856875.2619058425,0.856875
2026-06-23T11:45:08,dl,ue6,3923742,859979.8368422305,0.859980
2026-06-23T11:45:08,dl,ue7,3923750,853770.5654287518,0.853771
2026-06-23T11:45:08,dl,ue8,3923760,856875.2619058425,0.856875
2026-06-23T11:45:13,ul,cu_cp,3922732,331139.697054556,0.331140
2026-06-23T11:45:13,ul,cu_up,3922762,340423.9941505152,0.340424
2026-06-23T11:45:13,ul,du1,3922923,3054531.6806110237,3.054532
2026-06-23T11:45:13,ul,du2,3923673,3032868.3611902473,3.032868
2026-06-23T11:45:13,ul,ue1,3922965,875818.1059067881,0.875818
2026-06-23T11:45:13,ul,ue2,3922974,832491.4670652354,0.832491
2026-06-23T11:45:13,ul,ue3,3923002,882007.6170691967,0.882008
2026-06-23T11:45:13,ul,ue4,3923012,863439.0835819709,0.863439
2026-06-23T11:45:13,ul,ue5,3923733,872723.3199732375,0.872723
2026-06-23T11:45:13,ul,ue6,3923742,863439.0835819709,0.863439
2026-06-23T11:45:13,ul,ue7,3923750,847965.2753236032,0.847965
2026-06-23T11:45:13,ul,ue8,3923760,838680.978227644,0.838681
2026-06-23T11:45:18,ul,cu_cp,3922732,369835.61243423464,0.369836
2026-06-23T11:45:18,ul,cu_up,3922762,416481.5291602516,0.416482
2026-06-23T11:45:18,ul,du1,3922923,3698356.124342346,3.698356
2026-06-23T11:45:18,ul,du2,3923673,3788316.2364204787,3.788316
2026-06-23T11:45:18,ul,ue1,3922965,1269435.694649048,1.269436
2026-06-23T11:45:18,ul,ue2,3922974,1239449.0338966083,1.239449
2026-06-23T11:45:18,ul,ue3,3923002,1306086.1876117324,1.306086
2026-06-23T11:45:18,ul,ue4,3923012,1299422.3554014873,1.299422
2026-06-23T11:45:18,ul,ue5,3923733,1256108.2898701858,1.256108
2026-06-23T11:45:18,ul,ue6,3923742,1256108.2898701858,1.256108
2026-06-23T11:45:18,ul,ue7,3923750,1249444.5874807548,1.249445
2026-06-23T11:45:18,ul,ue8,3923760,1259440.1410649014,1.259440
2026-06-23T11:45:24,ul,cu_cp,3922732,374465.40192991646,0.374465
2026-06-23T11:45:24,ul,cu_up,3922762,432634.7680791047,0.432635
2026-06-23T11:45:24,ul,du1,3922923,3977331.1536050965,3.977331
2026-06-23T11:45:24,ul,du2,3923673,4024594.1847221088,4.024594
2026-06-23T11:45:24,ul,ue1,3922965,1421514.2238188803,1.421514
2026-06-23T11:45:24,ul,ue2,3922974,1399700.6289402293,1.399701
2026-06-23T11:45:24,ul,ue3,3923002,1428785.3780729878,1.428785
2026-06-23T11:45:24,ul,ue4,3923012,1450598.8408353103,1.450599
2026-06-23T11:45:24,ul,ue5,3923733,1406971.7831943368,1.406972
2026-06-23T11:45:24,ul,ue6,3923742,1414243.0695647728,1.414243
2026-06-23T11:45:24,ul,ue7,3923750,1436056.5323270953,1.436057
2026-06-23T11:45:24,ul,ue8,3923760,1439692.109454149,1.439692
2026-06-23T11:45:29,ul,cu_cp,3922732,371029.77672352135,0.371030
2026-06-23T11:45:29,ul,cu_up,3922762,429230.53899133264,0.429231
2026-06-23T11:45:29,ul,du1,3922923,3921275.712470336,3.921276
2026-06-23T11:45:29,ul,du2,3923673,4055864.9007542515,4.055865
2026-06-23T11:45:29,ul,ue1,3922965,1404093.0422290897,1.404093
2026-06-23T11:45:29,ul,ue2,3922974,1389542.8847556473,1.389543
2026-06-23T11:45:29,ul,ue3,3923002,1433193.489550016,1.433193
2026-06-23T11:45:29,ul,ue4,3923012,1462293.804496901,1.462294
2026-06-23T11:45:29,ul,ue5,3923733,1418643.3320765733,1.418643
2026-06-23T11:45:29,ul,ue6,3923742,1415005.693427682,1.415006
2026-06-23T11:45:29,ul,ue7,3923750,1451381.2856723499,1.451381
2026-06-23T11:45:29,ul,ue8,3923760,1429555.9832751655,1.429556
2026-06-23T11:45:34,ul,cu_cp,3922732,378325.0475146377,0.378325
2026-06-23T11:45:34,ul,cu_up,3922762,436528.9339793849,0.436529
2026-06-23T11:45:34,ul,du1,3922923,4005152.934609852,4.005153
2026-06-23T11:45:34,ul,du2,3923673,4037892.787813616,4.037893
2026-06-23T11:45:34,ul,ue1,3922965,1411443.5289993095,1.411444
2026-06-23T11:45:34,ul,ue2,3922974,1407805.7675322248,1.407806
2026-06-23T11:45:34,ul,ue3,3923002,1411443.5289993095,1.411444
2026-06-23T11:45:34,ul,ue4,3923012,1425994.442863822,1.425994
2026-06-23T11:45:34,ul,ue5,3923733,1415081.2904663945,1.415081
2026-06-23T11:45:34,ul,ue6,3923742,1389617.0922006273,1.389617
2026-06-23T11:45:34,ul,ue7,3923750,1436907.5952612495,1.436908
2026-06-23T11:45:34,ul,ue8,3923760,1425994.442863822,1.425994
2026-06-23T11:45:40,ul,cu_cp,3922732,378091.78888117074,0.378092
2026-06-23T11:45:40,ul,cu_up,3922762,428988.754110986,0.428989
2026-06-23T11:45:40,ul,du1,3922923,3951786.184811382,3.951786
2026-06-23T11:45:40,ul,du2,3923673,3977234.8820678615,3.977235
2026-06-23T11:45:40,ul,ue1,3922965,1385124.7259392547,1.385125
2026-06-23T11:45:40,ul,ue2,3922974,1399666.7254397105,1.399667
2026-06-23T11:45:40,ul,ue3,3923002,1406937.7251899384,1.406938
2026-06-23T11:45:40,ul,ue4,3923012,1425115.158521948,1.425115
2026-06-23T11:45:40,ul,ue5,3923733,1406937.7251899384,1.406938
2026-06-23T11:45:40,ul,ue6,3923742,1403302.291358385,1.403302
2026-06-23T11:45:40,ul,ue7,3923750,1432386.1582721758,1.432386
2026-06-23T11:45:40,ul,ue8,3923760,1432386.1582721758,1.432386
2026-06-23T11:45:45,ul,cu_cp,3922732,375122.9342368126,0.375123
2026-06-23T11:45:45,ul,cu_up,3922762,429752.5051085186,0.429753
2026-06-23T11:45:45,ul,du1,3922923,3991599.2160391617,3.991599
2026-06-23T11:45:45,ul,du2,3923673,3991599.2160391617,3.991599
2026-06-23T11:45:45,ul,ue1,3922965,1402158.6549231338,1.402159
2026-06-23T11:45:45,ul,ue2,3922974,1398516.5909121705,1.398517
2026-06-23T11:45:45,ul,ue3,3923002,1409442.518317871,1.409443
2026-06-23T11:45:45,ul,ue4,3923012,1427652.4414319037,1.427652
2026-06-23T11:45:45,ul,ue5,3923733,1424010.3774209404,1.424010
2026-06-23T11:45:45,ul,ue6,3923742,1424010.3774209404,1.424010
2026-06-23T11:45:45,ul,ue7,3923750,1405800.4543069077,1.405800
2026-06-23T11:45:45,ul,ue8,3923760,1434936.304826641,1.434936
2026-06-23T11:45:51,ul,cu_cp,3922732,382183.8068339789,0.382184
2026-06-23T11:45:51,ul,cu_up,3922762,439104.79723281204,0.439105
2026-06-23T11:45:51,ul,du1,3922923,4065785.122862077,4.065785
2026-06-23T11:45:51,ul,du2,3923673,3968206.036805978,3.968206
2026-06-23T11:45:51,ul,ue1,3922965,1463682.591380911,1.463683
2026-06-23T11:45:51,ul,ue2,3922974,1406761.6340129757,1.406762
2026-06-23T11:45:51,ul,ue3,3923002,1455551.1770410251,1.455551
2026-06-23T11:45:51,ul,ue4,3923012,1471814.1378443884,1.471814
2026-06-23T11:45:51,ul,ue5,3923733,1414893.1804764534,1.414893
2026-06-23T11:45:51,ul,ue6,3923742,1414893.1804764534,1.414893
2026-06-23T11:45:51,ul,ue7,3923750,1447419.4984539556,1.447419
2026-06-23T11:45:51,ul,ue8,3923760,1406761.6340129757,1.406762
2026-06-23T11:45:56,ul,cu_cp,3922732,374805.66933647695,0.374806
2026-06-23T11:45:56,ul,cu_up,3922762,421656.4067036599,0.421656
2026-06-23T11:45:56,ul,du1,3922923,3935459.839634347,3.935460
2026-06-23T11:45:56,ul,du2,3923673,3908687.839766741,3.908688
2026-06-23T11:45:56,ul,ue1,3922965,1479143.874246049,1.479144
2026-06-23T11:45:56,ul,ue2,3922974,1392135.3338783025,1.392135
2026-06-23T11:45:56,ul,ue3,3923002,1445679.0712123872,1.445679
2026-06-23T11:45:56,ul,ue4,3923012,1412214.2681787251,1.412214
2026-06-23T11:45:56,ul,ue5,3923733,1372056.530778444,1.372057
2026-06-23T11:45:56,ul,ue6,3923742,1392135.3338783025,1.392135
2026-06-23T11:45:56,ul,ue7,3923750,1398828.2682449222,1.398828
2026-06-23T11:45:56,ul,ue8,3923760,1412214.2681787251,1.412214
2026-06-23T11:46:01,ul,cu_cp,3922732,374107.52516727743,0.374108
2026-06-23T11:46:01,ul,cu_up,3922762,420151.5685847837,0.420152
2026-06-23T11:46:01,ul,du1,3922923,3873451.7782181166,3.873452
2026-06-23T11:46:01,ul,du2,3923673,3902229.4691540385,3.902229
2026-06-23T11:46:01,ul,ue1,3922965,1410097.6830612659,1.410098
2026-06-23T11:46:01,ul,ue2,3922974,1381320.1231653285,1.381320
2026-06-23T11:46:01,ul,ue3,3923002,1398586.7377268814,1.398587
2026-06-23T11:46:01,ul,ue4,3923012,1438875.1119172191,1.438875
2026-06-23T11:46:01,ul,ue5,3923733,1387075.661352513,1.387076
2026-06-23T11:46:01,ul,ue6,3923742,1381320.1231653285,1.381320
2026-06-23T11:46:01,ul,ue7,3923750,1364053.6396437597,1.364054
2026-06-23T11:46:01,ul,ue8,3923760,1421608.6283956503,1.421609
2026-06-23T11:46:07,ul,cu_cp,3922732,374895.02026215167,0.374895
2026-06-23T11:46:07,ul,cu_up,3922762,414706.8802393761,0.414707
2026-06-23T11:46:07,ul,du1,3922923,3858432.8339887476,3.858433
2026-06-23T11:46:07,ul,du2,3923673,3931421.123461325,3.931421
2026-06-23T11:46:07,ul,ue1,3922965,1386779.7344404398,1.386780
2026-06-23T11:46:07,ul,ue2,3922974,1373509.1363545167,1.373509
2026-06-23T11:46:07,ul,ue3,3923002,1370191.6182719457,1.370192
2026-06-23T11:46:07,ul,ue4,3923012,1403368.1134867538,1.403368
2026-06-23T11:46:07,ul,ue5,3923733,1396732.8144437922,1.396733
2026-06-23T11:46:07,ul,ue6,3923742,1400050.463965273,1.400050
2026-06-23T11:46:07,ul,ue7,3923750,1393415.1649223112,1.393415
2026-06-23T11:46:07,ul,ue8,3923760,1413321.0620511961,1.413321
2026-06-23T11:46:12,ul,cu_cp,3922732,371545.5048419094,0.371546
2026-06-23T11:46:12,ul,cu_up,3922762,408036.6069099355,0.408037
2026-06-23T11:46:12,ul,du1,3922923,3838197.911701498,3.838198
2026-06-23T11:46:12,ul,du2,3923673,3871371.7716886997,3.871372
2026-06-23T11:46:12,ul,ue1,3922965,1403247.8927374363,1.403248
2026-06-23T11:46:12,ul,ue2,3922974,1386660.9627438355,1.386661
2026-06-23T11:46:12,ul,ue3,3923002,1386660.9627438355,1.386661
2026-06-23T11:46:12,ul,ue4,3923012,1406565.200235486,1.406565
2026-06-23T11:46:12,ul,ue5,3923733,1399930.454404936,1.399930
2026-06-23T11:46:12,ul,ue6,3923742,1416517.253564086,1.416517
2026-06-23T11:46:12,ul,ue7,3923750,1353487.2335910844,1.353487
2026-06-23T11:46:12,ul,ue8,3923760,1413199.9460660361,1.413200
2026-06-23T11:46:18,ul,cu_cp,3922732,370863.33039717167,0.370863
2026-06-23T11:46:18,ul,cu_up,3922762,407287.3791898382,0.407287
2026-06-23T11:46:18,ul,du1,3922923,3827839.501660254,3.827840
2026-06-23T11:46:18,ul,du2,3923673,3827839.501660254,3.827840
2026-06-23T11:46:18,ul,ue1,3922965,1394048.787688942,1.394049
2026-06-23T11:46:18,ul,ue2,3922974,1374181.011829747,1.374181
2026-06-23T11:46:18,ul,ue3,3923002,1400671.3360737562,1.400671
2026-06-23T11:46:18,ul,ue4,3923012,1400671.3360737562,1.400671
2026-06-23T11:46:18,ul,ue5,3923733,1384114.9651117206,1.384115
2026-06-23T11:46:18,ul,ue6,3923742,1380803.5602145612,1.380804
2026-06-23T11:46:18,ul,ue7,3923750,1357624.6408677113,1.357625
2026-06-23T11:46:18,ul,ue8,3923760,1417227.7070357918,1.417228
2026-06-23T11:46:23,ul,cu_cp,3922732,378392.3396850431,0.378392
2026-06-23T11:46:23,ul,cu_up,3922762,418223.0950129396,0.418223
2026-06-23T11:46:23,ul,du1,3922923,3923331.204568095,3.923331
2026-06-23T11:46:23,ul,du2,3923673,3876861.8478248594,3.876862
2026-06-23T11:46:23,ul,ue1,3922965,1457142.395199976,1.457142
2026-06-23T11:46:23,ul,ue2,3922974,1397396.229394126,1.397396
2026-06-23T11:46:23,ul,ue3,3923002,1447184.6571469938,1.447185
2026-06-23T11:46:23,ul,ue4,3923012,1417311.70550009,1.417312
2026-06-23T11:46:23,ul,ue5,3923733,1407353.9674471081,1.407354
2026-06-23T11:46:23,ul,ue6,3923742,1404034.6339254333,1.404035
2026-06-23T11:46:23,ul,ue7,3923750,1357565.4084382188,1.357565
2026-06-23T11:46:23,ul,ue8,3923760,1417311.70550009,1.417312
2026-06-23T11:46:29,ul,cu_cp,3922732,375684.3756479666,0.375684
2026-06-23T11:46:29,ul,cu_up,3922762,418214.66064672766,0.418215
2026-06-23T11:46:29,ul,du1,3922923,3909243.897886634,3.909244
2026-06-23T11:46:29,ul,du2,3923673,3880890.3526692986,3.880890
2026-06-23T11:46:29,ul,ue1,3922965,1389323.1904135584,1.389323
2026-06-23T11:46:29,ul,ue2,3922974,1396411.6423723758,1.396412
2026-06-23T11:46:29,ul,ue3,3923002,1421221.0272647857,1.421221
2026-06-23T11:46:29,ul,ue4,3923012,1446030.4121571959,1.446030
2026-06-23T11:46:29,ul,ue5,3923733,1399955.9340062677,1.399956
2026-06-23T11:46:29,ul,ue6,3923742,1407044.254656118,1.407044
2026-06-23T11:46:29,ul,ue7,3923750,1378690.709438783,1.378691
2026-06-23T11:46:29,ul,ue8,3923760,1424765.187589711,1.424765
2026-06-23T11:46:34,ul,cu_cp,3922732,375150.97685982945,0.375151
2026-06-23T11:46:34,ul,cu_up,3922762,418857.90661175665,0.418858
2026-06-23T11:46:34,ul,du1,3922923,3929979.8580127573,3.929980
2026-06-23T11:46:34,ul,du2,3923673,3980971.199202297,3.980971
2026-06-23T11:46:34,ul,ue1,3922965,1467823.7595317566,1.467824
2026-06-23T11:46:34,ul,ue2,3922974,1391336.7477474476,1.391337
2026-06-23T11:46:34,ul,ue3,3923002,1475108.3685949063,1.475108
2026-06-23T11:46:34,ul,ue4,3923012,1464181.520875361,1.464182
2026-06-23T11:46:34,ul,ue5,3923733,1420474.656998613,1.420475
2026-06-23T11:46:34,ul,ue6,3923742,1413190.1796858215,1.413190
2026-06-23T11:46:34,ul,ue7,3923750,1420474.656998613,1.420475
2026-06-23T11:46:34,ul,ue8,3923760,1438685.8502805913,1.438686
2026-06-23T11:46:39,ul,cu_cp,3922732,369759.42904112337,0.369759
2026-06-23T11:46:39,ul,cu_up,3922762,416885.6359316373,0.416886
2026-06-23T11:46:39,ul,du1,3922923,3889724.4608325767,3.889724
2026-06-23T11:46:39,ul,du2,3923673,3973101.568320236,3.973102
2026-06-23T11:46:39,ul,ue1,3922965,1395660.608676834,1.395661
2026-06-23T11:46:39,ul,ue2,3922974,1370285.0472041701,1.370285
2026-06-23T11:46:39,ul,ue3,3923002,1453662.0233673763,1.453662
2026-06-23T11:46:39,ul,ue4,3923012,1471787.5557437325,1.471788
2026-06-23T11:46:39,ul,ue5,3923733,1392035.5284664535,1.392036
2026-06-23T11:46:39,ul,ue6,3923742,1421036.3014739514,1.421036
2026-06-23T11:46:39,ul,ue7,3923750,1399285.6888872148,1.399286
2026-06-23T11:46:39,ul,ue8,3923760,1435536.6223154736,1.435537
2026-06-23T11:46:45,ul,cu_cp,3922732,375973.9641408193,0.375974
2026-06-23T11:46:45,ul,cu_up,3922762,415740.4244270313,0.415740
2026-06-23T11:46:45,ul,du1,3922923,3875424.074107952,3.875424
2026-06-23T11:46:45,ul,du2,3923673,3940496.4160299394,3.940496
2026-06-23T11:46:45,ul,ue1,3922965,1456899.106951847,1.456899
2026-06-23T11:46:45,ul,ue2,3922974,1384596.4757046413,1.384596
2026-06-23T11:46:45,ul,ue3,3923002,1438823.5146412896,1.438824
2026-06-23T11:46:45,ul,ue4,3923012,1413517.502003026,1.413518
2026-06-23T11:46:45,ul,ue5,3923733,1413517.502003026,1.413518
2026-06-23T11:46:45,ul,ue6,3923742,1388211.6203672504,1.388212
2026-06-23T11:46:45,ul,ue7,3923750,1402672.0680151987,1.402672
2026-06-23T11:46:45,ul,ue8,3923760,1395441.9096924686,1.395442
2026-06-23T11:46:50,ul,cu_cp,3922732,375328.5259252903,0.375329
2026-06-23T11:46:50,ul,cu_up,3922762,415026.7495806068,0.415027
2026-06-23T11:46:50,ul,du1,3922923,3825463.770243695,3.825464
2026-06-23T11:46:50,ul,du2,3923673,3915687.1220340896,3.915687
2026-06-23T11:46:50,ul,ue1,3922965,1414699.9167339837,1.414700
2026-06-23T11:46:50,ul,ue2,3922974,1389437.3362778365,1.389437
2026-06-23T11:46:50,ul,ue3,3923002,1400264.175203166,1.400264
2026-06-23T11:46:50,ul,ue4,3923012,1400264.175203166,1.400264
2026-06-23T11:46:50,ul,ue5,3923733,1396655.2725976778,1.396655
2026-06-23T11:46:50,ul,ue6,3923742,1371392.6921415306,1.371393
2026-06-23T11:46:50,ul,ue7,3923750,1403873.0778086544,1.403873
2026-06-23T11:46:50,ul,ue8,3923760,1421917.7219449603,1.421918
2026-06-23T11:46:55,ul,cu_cp,3922732,383941.981362164,0.383942
2026-06-23T11:46:55,ul,cu_up,3922762,418070.17564411164,0.418070
2026-06-23T11:46:55,ul,du1,3922923,3899143.9656500816,3.899144
2026-06-23T11:46:55,ul,du2,3923673,3839419.879000759,3.839420
2026-06-23T11:46:55,ul,ue1,3922965,1399255.2790791034,1.399255
2026-06-23T11:46:55,ul,ue2,3922974,1390723.1733018875,1.390723
2026-06-23T11:46:55,ul,ue3,3923002,1424851.3348942758,1.424851
2026-06-23T11:46:55,ul,ue4,3923012,1407787.3848563195,1.407787
2026-06-23T11:46:55,ul,ue5,3923733,1373659.0925056934,1.373659
2026-06-23T11:46:55,ul,ue6,3923742,1467511.6022638797,1.467512
2026-06-23T11:46:55,ul,ue7,3923750,1433383.4406714917,1.433383
2026-06-23T11:46:55,ul,ue8,3923760,1407787.3848563195,1.407787
2026-06-23T11:47:06,ul,cu_cp,3922732,371413.1766041708,0.371413
2026-06-23T11:47:06,ul,cu_up,3922762,404575.0720448068,0.404575
2026-06-23T11:47:06,ul,du1,3922923,3906470.7792215035,3.906471
2026-06-23T11:47:06,ul,du2,3923673,3860043.8050775314,3.860044
2026-06-23T11:47:06,ul,ue1,3922965,1432593.6998771417,1.432594
2026-06-23T11:47:06,ul,ue2,3922974,1386166.98738793,1.386167
2026-06-23T11:47:06,ul,ue3,3923002,1412696.556071391,1.412697
2026-06-23T11:47:06,ul,ue4,3923012,1445858.418805182,1.445858
2026-06-23T11:47:06,ul,ue5,3923733,1419328.850121721,1.419329
2026-06-23T11:47:06,ul,ue6,3923742,1432593.6998771417,1.432594
2026-06-23T11:47:06,ul,ue7,3923750,1452490.8436828924,1.452491
2026-06-23T11:47:06,ul,ue8,3923760,1439226.1247548521,1.439226
2026-06-23T11:47:11,ul,cu_cp,3922732,375597.152172761,0.375597
2026-06-23T11:47:11,ul,cu_up,3922762,415433.232577959,0.415433
2026-06-23T11:47:11,ul,du1,3922923,3858407.203729463,3.858407
2026-06-23T11:47:11,ul,du2,3923673,3869788.800965488,3.869789
2026-06-23T11:47:11,ul,ue1,3922965,1428407.3118425417,1.428407
2026-06-23T11:47:11,ul,ue2,3922974,1371498.6722236024,1.371499
2026-06-23T11:47:11,ul,ue3,3923002,1394262.1280711782,1.394262
2026-06-23T11:47:11,ul,ue4,3923012,1394262.1280711782,1.394262
2026-06-23T11:47:11,ul,ue5,3923733,1405643.855994966,1.405644
2026-06-23T11:47:11,ul,ue6,3923742,1417025.7146065163,1.417026
2026-06-23T11:47:11,ul,ue7,3923750,1428407.3118425417,1.428407
2026-06-23T11:47:11,ul,ue8,3923760,1422716.513224529,1.422717
2026-06-23T11:47:17,ul,cu_cp,3922732,368376.18642363994,0.368376
2026-06-23T11:47:17,ul,cu_up,3922762,418156.7503886223,0.418157
2026-06-23T11:47:17,ul,du1,3922923,3862971.6851860047,3.862972
2026-06-23T11:47:17,ul,du2,3923673,3912752.674341035,3.912753
2026-06-23T11:47:17,ul,ue1,3922965,1390537.0845747113,1.390537
2026-06-23T11:47:17,ul,ue2,3922974,1377262.2587955357,1.377262
2026-06-23T11:47:17,ul,ue3,3923002,1383899.6716851234,1.383900
2026-06-23T11:47:17,ul,ue4,3923012,1410449.323243475,1.410449
2026-06-23T11:47:17,ul,ue5,3923733,1393855.9218472124,1.393856
2026-06-23T11:47:17,ul,ue6,3923742,1446955.0941362083,1.446955
2026-06-23T11:47:17,ul,ue7,3923750,1427042.8554674448,1.427043
2026-06-23T11:47:17,ul,ue8,3923760,1430361.5619122386,1.430362
2026-06-23T11:47:22,ul,cu_cp,3922732,379236.3248527095,0.379236
2026-06-23T11:47:22,ul,cu_up,3922762,422482.5732843366,0.422483
2026-06-23T11:47:22,ul,du1,3922923,3828956.026696887,3.828956
2026-06-23T11:47:22,ul,du2,3923673,3912121.9846697687,3.912122
2026-06-23T11:47:22,ul,ue1,3922965,1383879.818985039,1.383880
2026-06-23T11:47:22,ul,ue2,3922974,1387206.4887024416,1.387206
2026-06-23T11:47:22,ul,ue3,3923002,1390533.158419844,1.390533
2026-06-23T11:47:22,ul,ue4,3923012,1400513.0367450214,1.400513
2026-06-23T11:47:22,ul,ue5,3923733,1397186.367027619,1.397186
2026-06-23T11:47:22,ul,ue6,3923742,1403839.7064624238,1.403840
2026-06-23T11:47:22,ul,ue7,3923750,1403839.7064624238,1.403840
2026-06-23T11:47:22,ul,ue8,3923760,1433779.472264986,1.433779
2026-06-23T11:47:28,ul,cu_cp,3922732,373423.8614365232,0.373424
2026-06-23T11:47:28,ul,cu_up,3922762,423435.9634860328,0.423436
2026-06-23T11:47:28,ul,du1,3922923,3890943.35599071,3.890943
2026-06-23T11:47:28,ul,du2,3923673,3907614.0676037166,3.907614
2026-06-23T11:47:28,ul,ue1,3922965,1440349.2735109043,1.440349
2026-06-23T11:47:28,ul,ue2,3922974,1393671.1760680533,1.393671
2026-06-23T11:47:28,ul,ue3,3923002,1443683.310907073,1.443683
2026-06-23T11:47:28,ul,ue4,3923012,1397005.3446222628,1.397005
2026-06-23T11:47:28,ul,ue5,3923733,1387002.9701176751,1.387003
2026-06-23T11:47:28,ul,ue6,3923742,1433680.8052444446,1.433681
2026-06-23T11:47:28,ul,ue7,3923750,1417010.2247894788,1.417010
2026-06-23T11:47:28,ul,ue8,3923760,1427012.5992940664,1.427013
2026-06-23T11:47:33,ul,cu_cp,3922732,373763.2081461644,0.373763
2026-06-23T11:47:33,ul,cu_up,3922762,416762.52397734043,0.416763
2026-06-23T11:47:33,ul,du1,3922923,3876553.1193919755,3.876553
2026-06-23T11:47:33,ul,du2,3923673,3936090.744524889,3.936091
2026-06-23T11:47:33,ul,ue1,3922965,1385900.8693601848,1.385901
2026-06-23T11:47:33,ul,ue2,3922974,1389208.4132578014,1.389208
2026-06-23T11:47:33,ul,ue3,3923002,1385900.8693601848,1.385901
2026-06-23T11:47:33,ul,ue4,3923012,1418977.2258242583,1.418977
2026-06-23T11:47:33,ul,ue5,3923733,1395823.7631924367,1.395824
2026-06-23T11:47:33,ul,ue6,3923742,1475207.0449201537,1.475207
2026-06-23T11:47:33,ul,ue7,3923750,1448745.9073210144,1.448746
2026-06-23T11:47:33,ul,ue8,3923760,1405746.6570246888,1.405747
2026-06-23T11:47:39,ul,cu_cp,3922732,375527.5437804472,0.375528
2026-06-23T11:47:39,ul,cu_up,3922762,418040.07483534457,0.418040
2026-06-23T11:47:39,ul,du1,3922923,3900526.4322927855,3.900526
2026-06-23T11:47:39,ul,du2,3923673,3943038.9633476827,3.943039
2026-06-23T11:47:39,ul,ue1,3922965,1448969.3799180938,1.448969
2026-06-23T11:47:39,ul,ue2,3922974,1360401.6506820822,1.360402
2026-06-23T11:47:39,ul,ue3,3923002,1452512.1784293843,1.452512
2026-06-23T11:47:39,ul,ue4,3923012,1427713.114390645,1.427713
2026-06-23T11:47:39,ul,ue5,3923733,1413542.3145007037,1.413542
2026-06-23T11:47:39,ul,ue6,3923742,1459597.512681818,1.459598
2026-06-23T11:47:39,ul,ue7,3923750,1456054.8455556012,1.456055
2026-06-23T11:47:39,ul,ue8,3923760,1445426.7127918769,1.445427
2026-06-23T11:47:44,ul,cu_cp,3922732,374232.4474652404,0.374232
2026-06-23T11:47:44,ul,cu_up,3922762,413814.736253171,0.413815
2026-06-23T11:47:44,ul,du1,3922923,3828685.843899088,3.828686
2026-06-23T11:47:44,ul,du2,3923673,3922243.6124070166,3.922244
2026-06-23T11:47:44,ul,ue1,3922965,1457347.4356714345,1.457347
2026-06-23T11:47:44,ul,ue2,3922974,1385379.7805695892,1.385380
2026-06-23T11:47:44,ul,ue3,3923002,1439355.5872975695,1.439356
2026-06-23T11:47:44,ul,ue4,3923012,1396174.837272631,1.396175
2026-06-23T11:47:44,ul,ue5,3923733,1399773.3639112352,1.399773
2026-06-23T11:47:44,ul,ue6,3923742,1399773.3639112352,1.399773
2026-06-23T11:47:44,ul,ue7,3923750,1414166.8164496887,1.414167
2026-06-23T11:47:44,ul,ue8,3923760,1417765.2122851002,1.417765
2026-06-23T11:47:49,ul,cu_cp,3922732,371507.46013104916,0.371507
2026-06-23T11:47:49,ul,cu_up,3922762,418396.76044578105,0.418397
2026-06-23T11:47:49,ul,du1,3922923,3884597.4840341806,3.884597
2026-06-23T11:47:49,ul,du2,3923673,3906238.6138232946,3.906239
2026-06-23T11:47:49,ul,ue1,3922965,1428319.942531675,1.428320
2026-06-23T11:47:49,ul,ue2,3922974,1370610.0445391536,1.370610
2026-06-23T11:47:49,ul,ue3,3923002,1442747.3186801076,1.442747
2026-06-23T11:47:49,ul,ue4,3923012,1442747.3186801076,1.442747
2026-06-23T11:47:49,ul,ue5,3923733,1399464.927968949,1.399465
2026-06-23T11:47:49,ul,ue6,3923742,1428319.942531675,1.428320
2026-06-23T11:47:49,ul,ue7,3923750,1417499.377637118,1.417499
2026-06-23T11:47:49,ul,ue8,3923760,1410285.6239964366,1.410286
2026-06-23T11:47:55,ul,cu_cp,3922732,372774.5855933934,0.372775
2026-06-23T11:47:55,ul,cu_up,3922762,416204.64458301605,0.416205
2026-06-23T11:47:55,ul,du1,3922923,3930419.355301089,3.930419
2026-06-23T11:47:55,ul,du2,3923673,3901466.157443075,3.901466
2026-06-23T11:47:55,ul,ue1,3922965,1386142.4429577447,1.386142
2026-06-23T11:47:55,ul,ue2,3922974,1389761.6254653216,1.389762
2026-06-23T11:47:55,ul,ue3,3923002,1425953.3194397902,1.425953
2026-06-23T11:47:55,ul,ue4,3923012,1433191.6844549442,1.433192
2026-06-23T11:47:55,ul,ue5,3923733,1375284.8954350138,1.375285
2026-06-23T11:47:55,ul,ue6,3923742,1404238.2243943287,1.404238
2026-06-23T11:47:55,ul,ue7,3923750,1422334.1369322133,1.422334
2026-06-23T11:47:55,ul,ue8,3923760,1433191.6844549442,1.433192
2026-06-23T11:48:00,ul,cu_cp,3922732,374192.0700706482,0.374192
2026-06-23T11:48:00,ul,cu_up,3922762,417368.0731153107,0.417368
2026-06-23T11:48:00,ul,du1,3922923,3853458.886036377,3.853459
2026-06-23T11:48:00,ul,du2,3923673,3839066.6338409423,3.839067
2026-06-23T11:48:00,ul,ue1,3922965,1367240.2383859253,1.367240
2026-06-23T11:48:00,ul,ue2,3922974,1370838.2359094238,1.370838
2026-06-23T11:48:00,ul,ue3,3923002,1367240.2383859253,1.367240
2026-06-23T11:48:00,ul,ue4,3923012,1399622.2160974122,1.399622
2026-06-23T11:48:00,ul,ue5,3923733,1374436.2334329223,1.374436
2026-06-23T11:48:00,ul,ue6,3923742,1399622.2160974122,1.399622
2026-06-23T11:48:00,ul,ue7,3923750,1410416.339718628,1.410416
2026-06-23T11:48:00,ul,ue8,3923760,1417612.334765625,1.417612
2026-06-23T11:48:05,ul,cu_cp,3922732,375820.59581469,0.375821
2026-06-23T11:48:05,ul,cu_up,3922762,418527.44966146053,0.418527
2026-06-23T11:48:05,ul,du1,3922923,3886326.1262503145,3.886326
2026-06-23T11:48:05,ul,du2,3923673,3920491.661785984,3.920492
2026-06-23T11:48:05,ul,ue1,3922965,1366620.2411160828,1.366620
2026-06-23T11:48:05,ul,ue2,3922974,1400785.776651752,1.400786
2026-06-23T11:48:05,ul,ue3,3923002,1400785.776651752,1.400786
2026-06-23T11:48:05,ul,ue4,3923012,1434951.181041789,1.434951
2026-06-23T11:48:05,ul,ue5,3923733,1375161.625,1.375162
2026-06-23T11:48:05,ul,ue6,3923742,1434951.181041789,1.434951
2026-06-23T11:48:05,ul,ue7,3923750,1400785.776651752,1.400786
2026-06-23T11:48:05,ul,ue8,3923760,1434951.181041789,1.434951
2026-06-23T11:48:11,ul,cu_cp,3922732,377097.52423653303,0.377098
2026-06-23T11:48:11,ul,cu_up,3922762,426902.83403086365,0.426903
2026-06-23T11:48:11,ul,du1,3922923,3877700.736962116,3.877701
2026-06-23T11:48:11,ul,du2,3923673,3906160.7635445953,3.906161
2026-06-23T11:48:11,ul,ue1,3922965,1430124.4972943305,1.430124
2026-06-23T11:48:11,ul,ue2,3922974,1387434.1941456199,1.387434
2026-06-23T11:48:11,ul,ue3,3923002,1479929.8070886612,1.479930
2026-06-23T11:48:11,ul,ue4,3923012,1479929.8070886612,1.479930
2026-06-23T11:48:11,ul,ue5,3923733,1408779.3457199752,1.408779
2026-06-23T11:48:11,ul,ue6,3923742,1444354.5105855702,1.444355
2026-06-23T11:48:11,ul,ue7,3923750,1479929.8070886612,1.479930
2026-06-23T11:48:11,ul,ue8,3923760,1430124.4972943305,1.430124
2026-06-23T11:48:16,ul,cu_cp,3922732,376720.1097542143,0.376720
2026-06-23T11:48:16,ul,cu_up,3922762,419253.008506391,0.419253
2026-06-23T11:48:16,ul,du1,3922923,3913028.2536670733,3.913028
2026-06-23T11:48:16,ul,du2,3923673,3870495.3549148967,3.870495
2026-06-23T11:48:16,ul,ue1,3922965,1409662.2913650477,1.409662
2026-06-23T11:48:16,ul,ue2,3922974,1397510.0719231593,1.397510
2026-06-23T11:48:16,ul,ue3,3923002,1440042.9706753362,1.440043
2026-06-23T11:48:16,ul,ue4,3923012,1415738.5317915594,1.415739
2026-06-23T11:48:16,ul,ue5,3923733,1397510.0719231593,1.397510
2026-06-23T11:48:16,ul,ue6,3923742,1397510.0719231593,1.397510
2026-06-23T11:48:16,ul,ue7,3923750,1409662.2913650477,1.409662
2026-06-23T11:48:16,ul,ue8,3923760,1391433.8314966476,1.391434
2026-06-23T11:48:22,ul,cu_cp,3922732,372231.98605781794,0.372232
2026-06-23T11:48:22,ul,cu_up,3922762,409455.20101286174,0.409455
2026-06-23T11:48:22,ul,du1,3922923,3903118.174395561,3.903118
2026-06-23T11:48:22,ul,du2,3923673,3887165.480095482,3.887165
2026-06-23T11:48:22,ul,ue1,3922965,1403846.384787798,1.403846
2026-06-23T11:48:22,ul,ue2,3922974,1387893.5596936226,1.387894
2026-06-23T11:48:22,ul,ue3,3923002,1414481.5143211843,1.414482
2026-06-23T11:48:22,ul,ue4,3923012,1446387.1645095348,1.446387
2026-06-23T11:48:22,ul,ue5,3923733,1387893.5596936226,1.387894
2026-06-23T11:48:22,ul,ue6,3923742,1462339.9896037101,1.462340
2026-06-23T11:48:22,ul,ue7,3923750,1446387.1645095348,1.446387
2026-06-23T11:48:22,ul,ue8,3923760,1451704.860070324,1.451705
2026-06-23T11:48:27,ul,cu_cp,3922732,370344.44261419773,0.370344
2026-06-23T11:48:27,ul,cu_up,3922762,417054.56852817535,0.417055
2026-06-23T11:48:27,ul,du1,3922923,3903630.793065548,3.903631
2026-06-23T11:48:27,ul,du2,3923673,3953677.615518093,3.953678
2026-06-23T11:48:27,ul,ue1,3922965,1384621.1516926289,1.384621
2026-06-23T11:48:27,ul,ue2,3922974,1404639.7488327026,1.404640
2026-06-23T11:48:27,ul,ue3,3923002,1434667.7104632854,1.434668
2026-06-23T11:48:27,ul,ue4,3923012,1444677.0749537945,1.444677
2026-06-23T11:48:27,ul,ue5,3923733,1387957.65046978,1.387958
2026-06-23T11:48:27,ul,ue6,3923742,1444677.0749537945,1.444677
2026-06-23T11:48:27,ul,ue7,3923750,1411312.7463870049,1.411313
2026-06-23T11:48:27,ul,ue8,3923760,1441340.5761766434,1.441341
2026-06-23T11:48:33,ul,cu_cp,3922732,370057.1864282316,0.370057
2026-06-23T11:48:33,ul,cu_up,3922762,420064.9169883558,0.420065
2026-06-23T11:48:33,ul,du1,3922923,3867264.496649606,3.867264
2026-06-23T11:48:33,ul,du2,3923673,3953944.313209112,3.953944
2026-06-23T11:48:33,ul,ue1,3922965,1430221.0480139481,1.430221
2026-06-23T11:48:33,ul,ue2,3922974,1373545.5608957445,1.373546
2026-06-23T11:48:33,ul,ue3,3923002,1483562.7061448311,1.483563
2026-06-23T11:48:33,ul,ue4,3923012,1463559.6007763231,1.463560
2026-06-23T11:48:33,ul,ue5,3923733,1380213.3503149701,1.380213
2026-06-23T11:48:33,ul,ue6,3923742,1436888.7059885894,1.436889
2026-06-23T11:48:33,ul,ue7,3923750,1426887.2190266275,1.426887
2026-06-23T11:48:33,ul,ue8,3923760,1443556.495407815,1.443556
2026-06-23T11:48:38,ul,cu_cp,3922732,371066.11023756803,0.371066
2026-06-23T11:48:38,ul,cu_up,3922762,407510.0789179677,0.407510
2026-06-23T11:48:38,ul,du1,3922923,3836558.3950926876,3.836558
2026-06-23T11:48:38,ul,du2,3923673,3939264.23823638,3.939264
2026-06-23T11:48:38,ul,ue1,3922965,1447820.4067178606,1.447820
2026-06-23T11:48:38,ul,ue2,3922974,1398123.9844823885,1.398124
2026-06-23T11:48:38,ul,ue3,3923002,1454446.5351673793,1.454447
2026-06-23T11:48:38,ul,ue4,3923012,1477638.18139673,1.477638
2026-06-23T11:48:38,ul,ue5,3923733,1391497.8560328698,1.391498
2026-06-23T11:48:38,ul,ue6,3923742,1441194.1471643185,1.441194
2026-06-23T11:48:38,ul,ue7,3923750,1451133.5364946318,1.451134
2026-06-23T11:48:38,ul,ue8,3923760,1441194.1471643185,1.441194
2026-06-23T11:48:43,ul,cu_cp,3922732,374374.8245969564,0.374375
2026-06-23T11:48:43,ul,cu_up,3922762,408408.91745634377,0.408409
2026-06-23T11:48:43,ul,du1,3922923,3869674.468291819,3.869674
2026-06-23T11:48:43,ul,du2,3923673,3849253.9075861573,3.849254
2026-06-23T11:48:43,ul,ue1,3922965,1443044.776060313,1.443045
2026-06-23T11:48:43,ul,ue2,3922974,1409010.6832009256,1.409011
2026-06-23T11:48:43,ul,ue3,3923002,1381783.4876559377,1.381783
2026-06-23T11:48:43,ul,ue4,3923012,1443044.776060313,1.443045
2026-06-23T11:48:43,ul,ue5,3923733,1357959.5439118445,1.357960
2026-06-23T11:48:43,ul,ue6,3923742,1432834.6269450188,1.432835
2026-06-23T11:48:43,ul,ue7,3923750,1436238.0099834502,1.436238
2026-06-23T11:48:43,ul,ue8,3923760,1419220.9635537565,1.419221
2026-06-23T11:48:49,ul,cu_cp,3922732,369378.9776960146,0.369379
2026-06-23T11:48:49,ul,cu_up,3922762,420078.06590997934,0.420078
2026-06-23T11:48:49,ul,du1,3922923,3911071.752030306,3.911072
2026-06-23T11:48:49,ul,du2,3923673,3849508.463531618,3.849508
2026-06-23T11:48:49,ul,ue1,3922965,1423195.5316485357,1.423196
2026-06-23T11:48:49,ul,ue2,3922974,1426816.8553220988,1.426817
2026-06-23T11:48:49,ul,ue3,3923002,1426816.8553220988,1.426817
2026-06-23T11:48:49,ul,ue4,3923012,1484758.689139204,1.484759
2026-06-23T11:48:49,ul,ue5,3923733,1397846.0039175558,1.397846
2026-06-23T11:48:49,ul,ue6,3923742,1434059.6336772442,1.434060
2026-06-23T11:48:49,ul,ue7,3923750,1473894.5871104957,1.473895
2026-06-23T11:48:49,ul,ue8,3923760,1430438.310003681,1.430438
2026-06-23T11:48:54,ul,cu_cp,3922732,367596.476292336,0.367596
2026-06-23T11:48:54,ul,cu_up,3922762,414446.9979516029,0.414447
2026-06-23T11:48:54,ul,du1,3922923,3906613.555480633,3.906614
2026-06-23T11:48:54,ul,du2,3923673,3892198.030509682,3.892198
2026-06-23T11:48:54,ul,ue1,3922965,1419931.4367636633,1.419931
2026-06-23T11:48:54,ul,ue2,3922974,1365873.2181225969,1.365873
2026-06-23T11:48:54,ul,ue3,3923002,1434347.0927419662,1.434347
2026-06-23T11:48:54,ul,ue4,3923012,1448762.6177129173,1.448763
2026-06-23T11:48:54,ul,ue5,3923733,1391100.386821761,1.391100
2026-06-23T11:48:54,ul,ue6,3923742,1470385.905169344,1.470386
2026-06-23T11:48:54,ul,ue7,3923750,1463178.1426838683,1.463178
2026-06-23T11:48:54,ul,ue8,3923760,1412723.6742781878,1.412724
2026-06-23T11:49:00,ul,cu_cp,3922732,373433.7234047556,0.373434
2026-06-23T11:49:00,ul,cu_up,3922762,416940.5873449743,0.416941
2026-06-23T11:49:00,ul,du1,3922923,3904739.1452537156,3.904739
2026-06-23T11:49:00,ul,du2,3923673,3962748.384982977,3.962748
2026-06-23T11:49:00,ul,ue1,3922965,1363214.3676550938,1.363214
2026-06-23T11:49:00,ul,ue2,3922974,1395844.5320744396,1.395845
2026-06-23T11:49:00,ul,ue3,3923002,1413972.38656147,1.413972
2026-06-23T11:49:00,ul,ue4,3923012,1457479.1846449613,1.457479
2026-06-23T11:49:00,ul,ue5,3923733,1374091.1330326938,1.374091
2026-06-23T11:49:00,ul,ue6,3923742,1439351.330157931,1.439351
2026-06-23T11:49:00,ul,ue7,3923750,1435725.7856032157,1.435726
2026-06-23T11:49:00,ul,ue8,3923760,1464730.4054678464,1.464730
2026-06-23T11:49:05,ul,cu_cp,3922732,373687.1261541313,0.373687
2026-06-23T11:49:05,ul,cu_up,3922762,413595.4603344271,0.413595
2026-06-23T11:49:05,ul,du1,3922923,3932784.680903542,3.932785
2026-06-23T11:49:05,ul,du2,3923673,3885620.5997701976,3.885621
2026-06-23T11:49:05,ul,ue1,3922965,1447584.160483024,1.447584
2026-06-23T11:49:05,ul,ue2,3922974,1411303.6833417427,1.411304
2026-06-23T11:49:05,ul,ue3,3923002,1458468.1589753223,1.458468
2026-06-23T11:49:05,ul,ue4,3923012,1436700.0304906475,1.436700
2026-06-23T11:49:05,ul,ue5,3923733,1378651.55636477,1.378652
2026-06-23T11:49:05,ul,ue6,3923742,1433071.9433264958,1.433072
2026-06-23T11:49:05,ul,ue7,3923750,1440328.1176547993,1.440328
2026-06-23T11:49:05,ul,ue8,3923760,1451212.1161470974,1.451212
2026-06-23T11:49:10,ul,cu_cp,3922732,366879.77326923254,0.366880
2026-06-23T11:49:10,ul,cu_up,3922762,410042.1110943228,0.410042
2026-06-23T11:49:10,ul,du1,3922923,3863028.285653243,3.863028
2026-06-23T11:49:10,ul,du2,3923673,3884609.749297893,3.884610
2026-06-23T11:49:10,ul,ue1,3922965,1406372.5296947479,1.406373
2026-06-23T11:49:10,ul,ue2,3922974,1399178.7084798645,1.399179
2026-06-23T11:49:10,ul,ue3,3923002,1435147.4215781414,1.435147
2026-06-23T11:49:10,ul,ue4,3923012,1471116.0036843717,1.471116
2026-06-23T11:49:10,ul,ue5,3923733,1399178.7084798645,1.399179
2026-06-23T11:49:10,ul,ue6,3923742,1399178.7084798645,1.399179
2026-06-23T11:49:10,ul,ue7,3923750,1427953.7313553048,1.427954
2026-06-23T11:49:10,ul,ue8,3923760,1445938.0224084198,1.445938
2026-06-23T11:49:16,ul,cu_cp,3922732,384028.8381036776,0.384029
2026-06-23T11:49:16,ul,cu_up,3922762,408030.62802089093,0.408031
2026-06-23T11:49:16,ul,du1,3922923,3920294.3474274874,3.920294
2026-06-23T11:49:16,ul,du2,3923673,3984298.8546357034,3.984299
2026-06-23T11:49:16,ul,ue1,3922965,1440108.059793681,1.440108
2026-06-23T11:49:16,ul,ue2,3922974,1464109.9161869823,1.464110
2026-06-23T11:49:16,ul,ue3,3923002,1424106.8665155387,1.424107
2026-06-23T11:49:16,ul,ue4,3923012,1520114.1591365682,1.520114
2026-06-23T11:49:16,ul,ue5,3923733,1416106.2034003795,1.416106
2026-06-23T11:49:16,ul,ue6,3923742,1464109.9161869823,1.464110
2026-06-23T11:49:16,ul,ue7,3923750,1488111.6396281077,1.488112
2026-06-23T11:49:16,ul,ue8,3923760,1448108.7229088403,1.448109
2026-06-23T11:49:21,ul,cu_cp,3922732,367815.1366074064,0.367815
2026-06-23T11:49:21,ul,cu_up,3922762,414627.9607691374,0.414628
2026-06-23T11:49:21,ul,du1,3922923,3865402.5966834472,3.865403
2026-06-23T11:49:21,ul,du2,3923673,3912215.8170704246,3.912216
2026-06-23T11:49:21,ul,ue1,3922965,1437822.833753401,1.437823
2026-06-23T11:49:21,ul,ue2,3922974,1384322.5198864578,1.384323
2026-06-23T11:49:21,ul,ue3,3923002,1437822.833753401,1.437823
2026-06-23T11:49:21,ul,ue4,3923012,1464573.0567244135,1.464573
2026-06-23T11:49:21,ul,ue5,3923733,1404385.1210771764,1.404385
2026-06-23T11:49:21,ul,ue6,3923742,1471260.5464296257,1.471261
2026-06-23T11:49:21,ul,ue7,3923750,1484635.6579151321,1.484636
2026-06-23T11:49:21,ul,ue8,3923760,1404385.1210771764,1.404385
2026-06-23T11:49:26,ul,cu_cp,3922732,366842.03426607756,0.366842
2026-06-23T11:49:26,ul,cu_up,3922762,406965.3587026724,0.406965
2026-06-23T11:49:26,ul,du1,3922923,3811717.9861598704,3.811718
2026-06-23T11:49:26,ul,du2,3923673,3891964.5038401294,3.891965
2026-06-23T11:49:26,ul,ue1,3922965,1387121.3569981896,1.387121
2026-06-23T11:49:26,ul,ue2,3922974,1421512.7966856896,1.421513
2026-06-23T11:49:26,ul,ue3,3923002,1404317.0768419397,1.404317
2026-06-23T11:49:26,ul,ue4,3923012,1473100.0874098707,1.473100
2026-06-23T11:49:26,ul,ue5,3923733,1415780.9775330604,1.415781
2026-06-23T11:49:26,ul,ue6,3923742,1438708.5165294397,1.438709
2026-06-23T11:49:26,ul,ue7,3923750,1473100.0874098707,1.473100
2026-06-23T11:49:26,ul,ue8,3923760,1444440.466875,1.444440
2026-06-23T11:49:32,ul,cu_cp,3922732,364264.1810592198,0.364264
2026-06-23T11:49:32,ul,cu_up,3922762,407708.512149092,0.407709
2026-06-23T11:49:32,ul,du1,3922923,3903307.731480017,3.903308
2026-06-23T11:49:32,ul,du2,3923673,3869889.0607080176,3.869889
2026-06-23T11:49:32,ul,ue1,3922965,1437005.4692525482,1.437005
2026-06-23T11:49:32,ul,ue2,3922974,1426979.8417603828,1.426980
2026-06-23T11:49:32,ul,ue3,3923002,1426979.8417603828,1.426980
2026-06-23T11:49:32,ul,ue4,3923012,1473766.0596228791,1.473766
2026-06-23T11:49:32,ul,ue5,3923733,1406928.5867760514,1.406929
2026-06-23T11:49:32,ul,ue6,3923742,1423638.05346488,1.423638
2026-06-23T11:49:32,ul,ue7,3923750,1447030.965441885,1.447031
2026-06-23T11:49:32,ul,ue8,3923760,1443689.1771463824,1.443689
2026-06-23T11:49:37,ul,cu_cp,3922732,376685.01705586375,0.376685
2026-06-23T11:49:37,ul,cu_up,3922762,417044.12010147393,0.417044
2026-06-23T11:49:37,ul,du1,3922923,3948466.101085782,3.948466
2026-06-23T11:49:37,ul,du2,3923673,3931649.846857896,3.931650
2026-06-23T11:49:37,ul,ue1,3922965,1392389.2209640574,1.392389
2026-06-23T11:49:37,ul,ue2,3922974,1463017.5683486224,1.463018
2026-06-23T11:49:37,ul,ue3,3923002,1446201.446833141,1.446201
2026-06-23T11:49:37,ul,ue4,3923012,1510103.2659840703,1.510103
2026-06-23T11:49:37,ul,ue5,3923733,1422658.5316592145,1.422659
2026-06-23T11:49:37,ul,ue6,3923742,1446201.446833141,1.446201
2026-06-23T11:49:37,ul,ue7,3923750,1473107.4270552779,1.473107
2026-06-23T11:49:37,ul,ue8,3923760,1456291.1728273917,1.456291
2026-06-23T11:49:43,ul,cu_cp,3922732,369308.5899776119,0.369309
2026-06-23T11:49:43,ul,cu_up,3922762,412954.13370092126,0.412954
2026-06-23T11:49:43,ul,du1,3922923,3918028.3097615885,3.918028
2026-06-23T11:49:43,ul,du2,3923673,3934815.320527322,3.934815
2026-06-23T11:49:43,ul,ue1,3922965,1463804.9107388544,1.463805
2026-06-23T11:49:43,ul,ue2,3922974,1433588.7165365173,1.433589
2026-06-23T11:49:43,ul,ue3,3923002,1457090.1861530577,1.457090
2026-06-23T11:49:43,ul,ue4,3923012,1494021.1049411916,1.494021
2026-06-23T11:49:43,ul,ue5,3923733,1420159.4002324187,1.420159
2026-06-23T11:49:43,ul,ue6,3923742,1436946.145263163,1.436946
2026-06-23T11:49:43,ul,ue7,3923750,1443660.8698489594,1.443661
2026-06-23T11:49:43,ul,ue8,3923760,1470519.635324651,1.470520
2026-06-23T11:49:48,ul,cu_cp,3922732,372109.24997152505,0.372109
2026-06-23T11:49:48,ul,cu_up,3922762,419041.9671467358,0.419042
2026-06-23T11:49:48,ul,du1,3922923,3865242.908234649,3.865243
2026-06-23T11:49:48,ul,du2,3923673,3922232.8572639464,3.922233
2026-06-23T11:49:48,ul,ue1,3922965,1441504.3485498596,1.441504
2026-06-23T11:49:48,ul,ue2,3922974,1414685.6342100333,1.414686
2026-06-23T11:49:48,ul,ue3,3923002,1461618.2855462742,1.461618
2026-06-23T11:49:48,ul,ue4,3923012,1511903.3255542207,1.511903
2026-06-23T11:49:48,ul,ue5,3923733,1377810.01721097,1.377810
2026-06-23T11:49:48,ul,ue6,3923742,1464970.67421798,1.464971
2026-06-23T11:49:48,ul,ue7,3923750,1458266.0285525084,1.458266
2026-06-23T11:49:48,ul,ue8,3923760,1464970.67421798,1.464971
2026-06-23T11:49:54,ul,cu_cp,3922732,370548.4892967057,0.370548
2026-06-23T11:49:54,ul,cu_up,3922762,416425.92476743757,0.416426
2026-06-23T11:49:54,ul,du1,3922923,3910168.800242243,3.910169
2026-06-23T11:49:54,ul,du2,3923673,3956046.2687647627,3.956046
2026-06-23T11:49:54,ul,ue1,3922965,1450432.6429948593,1.450433
2026-06-23T11:49:54,ul,ue2,3922974,1422200.3343337465,1.422200
2026-06-23T11:49:54,ul,ue3,3923002,1446903.6374640083,1.446904
2026-06-23T11:49:54,ul,ue4,3923012,1503368.122579081,1.503368
2026-06-23T11:49:54,ul,ue5,3923733,1425729.3398645974,1.425729
2026-06-23T11:49:54,ul,ue6,3923742,1429258.477602601,1.429258
2026-06-23T11:49:54,ul,ue7,3923750,1432787.483133452,1.432787
2026-06-23T11:49:54,ul,ue8,3923760,1446903.6374640083,1.446904
2026-06-23T11:49:59,ul,cu_cp,3922732,370872.00788923056,0.370872
2026-06-23T11:49:59,ul,cu_up,3922762,410867.9857216895,0.410868
2026-06-23T11:49:59,ul,du1,3922923,3879612.0653448342,3.879612
2026-06-23T11:49:59,ul,du2,3923673,3974148.0550361397,3.974148
2026-06-23T11:49:59,ul,ue1,3922965,1458035.9224078418,1.458036
2026-06-23T11:49:59,ul,ue2,3922974,1428947.9866294742,1.428948
2026-06-23T11:49:59,ul,ue3,3923002,1465308.1047640443,1.465308
2026-06-23T11:49:59,ul,ue4,3923012,1523483.9763207794,1.523484
2026-06-23T11:49:59,ul,ue5,3923733,1410768.0598365963,1.410768
2026-06-23T11:49:59,ul,ue6,3923742,1407132.1009329022,1.407132
2026-06-23T11:49:59,ul,ue7,3923750,1443491.9545186579,1.443492
2026-06-23T11:49:59,ul,ue8,3923760,1468944.0636677383,1.468944
2026-06-23T11:50:04,ul,cu_cp,3922732,364834.6148961261,0.364835
2026-06-23T11:50:04,ul,cu_up,3922762,419559.8154252231,0.419560
2026-06-23T11:50:04,ul,du1,3922923,3863598.9516462325,3.863599
2026-06-23T11:50:04,ul,du2,3923673,3958455.56332829,3.958456
2026-06-23T11:50:04,ul,ue1,3922965,1415558.3522471667,1.415558
2026-06-23T11:50:04,ul,ue2,3922974,1415558.3522471667,1.415558
2026-06-23T11:50:04,ul,ue3,3923002,1422855.014684248,1.422855
2026-06-23T11:50:04,ul,ue4,3923012,1484876.9108291387,1.484877
2026-06-23T11:50:04,ul,ue5,3923733,1415558.3522471667,1.415558
2026-06-23T11:50:04,ul,ue6,3923742,1382723.238565451,1.382723
2026-06-23T11:50:04,ul,ue7,3923750,1422855.014684248,1.422855
2026-06-23T11:50:04,ul,ue8,3923760,1444745.1347103417,1.444745
2026-06-23T11:50:10,ul,cu_cp,3922732,380024.57122986286,0.380025
2026-06-23T11:50:10,ul,cu_up,3922762,416565.36542972235,0.416565
2026-06-23T11:50:10,ul,du1,3922923,3942754.9223668575,3.942755
2026-06-23T11:50:10,ul,du2,3923673,3982949.5507228947,3.982950
2026-06-23T11:50:10,ul,ue1,3922965,1436054.3323134948,1.436054
2026-06-23T11:50:10,ul,ue2,3922974,1417784.0346448387,1.417784
2026-06-23T11:50:10,ul,ue3,3923002,1472595.19280087,1.472595
2026-06-23T11:50:10,ul,ue4,3923012,1512790.08630697,1.512790
2026-06-23T11:50:10,ul,ue5,3923733,1410475.8360323573,1.410476
2026-06-23T11:50:10,ul,ue6,3923742,1457978.9281509388,1.457979
2026-06-23T11:50:10,ul,ue7,3923750,1490865.6230445576,1.490866
2026-06-23T11:50:10,ul,ue8,3923760,1450670.7295384575,1.450671
2026-06-23T11:50:15,ul,cu_cp,3922732,367524.7278161511,0.367525
2026-06-23T11:50:15,ul,cu_up,3922762,407552.1839080572,0.407552
2026-06-23T11:50:15,ul,du1,3922923,3897217.7917240737,3.897218
2026-06-23T11:50:15,ul,du2,3923673,3926328.813332486,3.926329
2026-06-23T11:50:15,ul,ue1,3922965,1411877.2652871013,1.411877
2026-06-23T11:50:15,ul,ue2,3922974,1419154.9544826508,1.419155
2026-06-23T11:50:15,ul,ue3,3923002,1437349.3098846315,1.437349
2026-06-23T11:50:15,ul,ue4,3923012,1491932.11126436,1.491932
2026-06-23T11:50:15,ul,ue5,3923733,1408238.2882762193,1.408238
2026-06-23T11:50:15,ul,ue6,3923742,1430071.488275975,1.430071
2026-06-23T11:50:15,ul,ue7,3923750,1459182.37747128,1.459182
2026-06-23T11:50:15,ul,ue8,3923760,1455543.5328735053,1.455544
2026-06-23T11:50:20,ul,cu_cp,3922732,436461.1685668874,0.436461
2026-06-23T11:50:20,ul,cu_up,3922762,494655.9984585142,0.494656
2026-06-23T11:50:20,ul,du1,3922923,4422806.923442802,4.422807
2026-06-23T11:50:20,ul,du2,3923673,4422806.923442802,4.422807
2026-06-23T11:50:20,ul,ue1,3922965,1561561.2254984092,1.561561
2026-06-23T11:50:20,ul,ue2,3922974,1600357.8034796333,1.600358
2026-06-23T11:50:20,ul,ue3,3923002,1629455.0886447143,1.629455
2026-06-23T11:50:20,ul,ue4,3923012,1716747.2407816316,1.716747
2026-06-23T11:50:20,ul,ue5,3923733,1619755.9441494083,1.619756
2026-06-23T11:50:20,ul,ue6,3923742,1668251.6666259384,1.668252
2026-06-23T11:50:20,ul,ue7,3923750,1677950.6628004075,1.677951
2026-06-23T11:50:20,ul,ue8,3923760,1629455.0886447143,1.629455
2026-06-23T11:50:26,ul,cu_cp,3922732,414509.1683610219,0.414509
2026-06-23T11:50:26,ul,cu_up,3922762,477076.5326454121,0.477077
2026-06-23T11:50:26,ul,du1,3922923,4371898.252482154,4.371898
2026-06-23T11:50:26,ul,du2,3923673,4379719.263488403,4.379719
2026-06-23T11:50:26,ul,ue1,3922965,1548543.6773815656,1.548544
2026-06-23T11:50:26,ul,ue2,3922974,1556364.5436346948,1.556365
2026-06-23T11:50:26,ul,ue3,3923002,1603290.0306597077,1.603290
2026-06-23T11:50:26,ul,ue4,3923012,1681499.416956594,1.681499
2026-06-23T11:50:26,ul,ue5,3923733,1564185.409887824,1.564185
2026-06-23T11:50:26,ul,ue6,3923742,1564185.409887824,1.564185
2026-06-23T11:50:26,ul,ue7,3923750,1603290.0306597077,1.603290
2026-06-23T11:50:26,ul,ue8,3923760,1603290.0306597077,1.603290
2026-06-23T11:50:31,ul,cu_cp,3922732,403042.86745544436,0.403043
2026-06-23T11:50:31,ul,cu_up,3922762,442686.41759272217,0.442686
2026-06-23T11:50:31,ul,du1,3922923,4228646.497058468,4.228646
2026-06-23T11:50:31,ul,du2,3923673,4387220.98487812,4.387221
2026-06-23T11:50:31,ul,ue1,3922965,1380917.3914455057,1.380917
2026-06-23T11:50:31,ul,ue2,3922974,1407346.4248703576,1.407346
2026-06-23T11:50:31,ul,ue3,3923002,1731102.192051246,1.731102
2026-06-23T11:50:31,ul,ue4,3923012,1863247.3591755056,1.863247
2026-06-23T11:50:31,ul,ue5,3923733,1453597.269272666,1.453597
2026-06-23T11:50:31,ul,ue6,3923742,1572527.8478668642,1.572528
2026-06-23T11:50:31,ul,ue7,3923750,1625386.0583518385,1.625386
2026-06-23T11:50:31,ul,ue8,3923760,1638600.6468818998,1.638601
