timestamp,phase,component,pid,microwatts,watts
2026-06-28T23:37:34,idle,cu_cp1,1930760,617257.4412333664,0.617257
2026-06-28T23:37:34,idle,cu_up1,1930788,622156.3195758131,0.622156
2026-06-28T23:37:34,idle,cu_cp2,1930796,612358.5204800606,0.612359
2026-06-28T23:37:34,idle,cu_up2,1930824,617257.4412333664,0.617257
2026-06-28T23:37:34,idle,du1,1930986,4707812.671880529,4.707813
2026-06-28T23:37:34,idle,du2,1931748,4747003.359333229,4.747003
2026-06-28T23:37:34,idle,du3,1932532,4683318.195346577,4.683318
2026-06-28T23:37:34,idle,du4,1933301,4707812.671880529,4.707813
2026-06-28T23:37:34,idle,ue1,1931050,1327593.316508065,1.327593
2026-06-28T23:37:34,idle,ue2,1931062,1317795.6446448897,1.317796
2026-06-28T23:37:34,idle,ue3,1931074,1307997.8031382782,1.307998
2026-06-28T23:37:34,idle,ue4,1931086,1332492.1948505116,1.332492
2026-06-28T23:37:34,idle,ue5,1931814,1337391.0731929583,1.337391
2026-06-28T23:37:34,idle,ue6,1931826,1337391.0731929583,1.337391
2026-06-28T23:37:34,idle,ue7,1931838,1327593.316508065,1.327593
2026-06-28T23:37:34,idle,ue8,1931850,1312896.766302443,1.312897
2026-06-28T23:37:34,idle,ue9,1932577,1337391.0731929583,1.337391
2026-06-28T23:37:34,idle,ue10,1932589,1317795.6446448897,1.317796
2026-06-28T23:37:34,idle,ue11,1932601,1312896.766302443,1.312897
2026-06-28T23:37:34,idle,ue12,1932613,1307997.8031382782,1.307998
2026-06-28T23:37:34,idle,ue13,1933348,1361885.4649051917,1.361885
2026-06-28T23:37:34,idle,ue14,1933360,1327593.316508065,1.327593
2026-06-28T23:37:34,idle,ue15,1933372,1298200.1312751032,1.298200
2026-06-28T23:37:34,idle,ue16,1933384,1342289.951535405,1.342290
2026-06-28T23:37:40,idle,cu_cp1,1930760,622513.2126737571,0.622513
2026-06-28T23:37:40,idle,cu_up1,1930788,622513.2126737571,0.622513
2026-06-28T23:37:40,idle,cu_cp2,1930796,612709.8086958724,0.612710
2026-06-28T23:37:40,idle,cu_up2,1930824,627414.8720551353,0.627415
2026-06-28T23:37:40,idle,du1,1930986,4681102.860038548,4.681103
2026-06-28T23:37:40,idle,du2,1931748,4715414.901783836,4.715415
2026-06-28T23:37:40,idle,du3,1932532,4730119.624282586,4.730120
2026-06-28T23:37:40,idle,du4,1933301,4720316.816810599,4.720317
2026-06-28T23:37:40,idle,ue1,1931050,1328354.8904763293,1.328355
2026-06-28T23:37:40,idle,ue2,1931062,1387174.973483125,1.387175
2026-06-28T23:37:40,idle,ue3,1931074,1313649.9123321944,1.313650
2026-06-28T23:37:40,idle,ue4,1931086,1284239.7856136686,1.284240
2026-06-28T23:37:40,idle,ue5,1931814,1367568.335957612,1.367568
2026-06-28T23:37:40,idle,ue6,1931826,1372470.0805541181,1.372470
2026-06-28T23:37:40,idle,ue7,1931838,1367568.335957612,1.367568
2026-06-28T23:37:40,idle,ue8,1931850,1298944.8489729315,1.298945
2026-06-28T23:37:40,idle,ue9,1932577,1347961.6984320986,1.347962
2026-06-28T23:37:40,idle,ue10,1932589,1333256.5498577077,1.333257
2026-06-28T23:37:40,idle,ue11,1932601,1303846.593569438,1.303847
2026-06-28T23:37:40,idle,ue12,1932613,1279338.2114474184,1.279338
2026-06-28T23:37:40,idle,ue13,1933348,1308748.1677356882,1.308748
2026-06-28T23:37:40,idle,ue14,1933360,1347961.6984320986,1.347962
2026-06-28T23:37:40,idle,ue15,1933372,1357765.0171948553,1.357765
2026-06-28T23:37:40,idle,ue16,1933384,1352863.2725983488,1.352863
2026-06-28T23:37:46,idle,cu_cp1,1930760,633539.9954992787,0.633540
2026-06-28T23:37:46,idle,cu_up1,1930788,623483.8301869438,0.623484
2026-06-28T23:37:46,idle,cu_cp2,1930796,623483.8301869438,0.623484
2026-06-28T23:37:46,idle,cu_up2,1930824,623483.8301869438,0.623484
2026-06-28T23:37:46,idle,du1,1930986,4837027.392761898,4.837027
2026-06-28T23:37:46,idle,du2,1931748,4726409.488876367,4.726409
2026-06-28T23:37:46,idle,du3,1932532,4736465.910538244,4.736466
2026-06-28T23:37:46,idle,du4,1933301,4736465.910538244,4.736466
2026-06-28T23:37:46,idle,ue1,1931050,1327417.1537722617,1.327417
2026-06-28T23:37:46,idle,ue2,1931062,1367641.900471449,1.367642
2026-06-28T23:37:46,idle,ue3,1931074,1257023.8256862224,1.257024
2026-06-28T23:37:46,idle,ue4,1931086,1347529.569846779,1.347530
2026-06-28T23:37:46,idle,ue5,1931814,1337473.4045344442,1.337473
2026-06-28T23:37:46,idle,ue6,1931826,1327417.1537722617,1.327417
2026-06-28T23:37:46,idle,ue7,1931838,1367641.900471449,1.367642
2026-06-28T23:37:46,idle,ue8,1931850,1337473.4045344442,1.337473
2026-06-28T23:37:46,idle,ue9,1932577,1317360.9030100792,1.317361
2026-06-28T23:37:46,idle,ue10,1932589,1327417.1537722617,1.327417
2026-06-28T23:37:46,idle,ue11,1932601,1317360.9030100792,1.317361
2026-06-28T23:37:46,idle,ue12,1932613,1327417.1537722617,1.327417
2026-06-28T23:37:46,idle,ue13,1933348,1367641.900471449,1.367642
2026-06-28T23:37:46,idle,ue14,1933360,1327417.1537722617,1.327417
2026-06-28T23:37:46,idle,ue15,1933372,1297248.5723854094,1.297249
2026-06-28T23:37:46,idle,ue16,1933384,1287192.492522922,1.287192
2026-06-28T23:37:52,idle,cu_cp1,1930760,631408.5527949303,0.631409
2026-06-28T23:37:52,idle,cu_up1,1930788,616193.8852843642,0.616194
2026-06-28T23:37:52,idle,cu_cp2,1930796,616193.8852843642,0.616194
2026-06-28T23:37:52,idle,cu_up2,1930824,616193.8852843642,0.616194
2026-06-28T23:37:52,idle,du1,1930986,4739367.8872864,4.739368
2026-06-28T23:37:52,idle,du2,1931748,4754581.916681695,4.754582
2026-06-28T23:37:52,idle,du3,1932532,4754581.916681695,4.754582
2026-06-28T23:37:52,idle,du4,1933301,4739367.8872864,4.739368
2026-06-28T23:37:52,idle,ue1,1931050,1346497.670545429,1.346498
2026-06-28T23:37:52,idle,ue2,1931062,1369319.7356228053,1.369320
2026-06-28T23:37:52,idle,ue3,1931074,1300853.7105547488,1.300854
2026-06-28T23:37:52,idle,ue4,1931086,1361712.295514977,1.361712
2026-06-28T23:37:52,idle,ue5,1931814,1361712.295514977,1.361712
2026-06-28T23:37:52,idle,ue6,1931826,1323675.775632125,1.323676
2026-06-28T23:37:52,idle,ue7,1931838,1331283.045575881,1.331283
2026-06-28T23:37:52,idle,ue8,1931850,1338890.4006016732,1.338890
2026-06-28T23:37:52,idle,ue9,1932577,1346497.670545429,1.346498
2026-06-28T23:37:52,idle,ue10,1932589,1316068.3355242969,1.316068
2026-06-28T23:37:52,idle,ue11,1932601,1293246.440610993,1.293246
2026-06-28T23:37:52,idle,ue12,1932613,1285639.0005031645,1.285639
2026-06-28T23:37:52,idle,ue13,1933348,1376927.0055665611,1.376927
2026-06-28T23:37:52,idle,ue14,1933360,1392141.6305361092,1.392142
2026-06-28T23:37:52,idle,ue15,1933372,1278031.7305594087,1.278032
2026-06-28T23:37:52,idle,ue16,1933384,1354105.1106532575,1.354105
2026-06-28T23:37:57,idle,cu_cp1,1930760,626916.1657382998,0.626916
2026-06-28T23:37:57,idle,cu_up1,1930788,626916.1657382998,0.626916
2026-06-28T23:37:57,idle,cu_cp2,1930796,622680.2384976489,0.622680
2026-06-28T23:37:57,idle,cu_up2,1930824,622680.2384976489,0.622680
2026-06-28T23:37:57,idle,du1,1930986,4697635.251843915,4.697635
2026-06-28T23:37:57,idle,du2,1931748,4731522.669769122,4.731523
2026-06-28T23:37:57,idle,du3,1932532,4748466.549272213,4.748467
2026-06-28T23:37:57,idle,du4,1933301,4756937.977402299,4.756938
2026-06-28T23:37:57,idle,ue1,1931050,1380909.8928853984,1.380910
2026-06-28T23:37:57,idle,ue2,1931062,1321607.0820567715,1.321607
2026-06-28T23:37:57,idle,ue3,1931074,1321607.0820567715,1.321607
2026-06-28T23:37:57,idle,ue4,1931086,1355494.414711736,1.355494
2026-06-28T23:37:57,idle,ue5,1931814,1363966.2691930376,1.363966
2026-06-28T23:37:57,idle,ue6,1931826,1317371.1974512422,1.317371
2026-06-28T23:37:57,idle,ue7,1931838,1334314.7358733595,1.334315
2026-06-28T23:37:57,idle,ue8,1931850,1330078.9365380735,1.330079
2026-06-28T23:37:57,idle,ue9,1932577,1359730.3845875084,1.359730
2026-06-28T23:37:57,idle,ue10,1932589,1334314.7358733595,1.334315
2026-06-28T23:37:57,idle,ue11,1932601,1313135.2275754695,1.313135
2026-06-28T23:37:57,idle,ue12,1932613,1321607.0820567715,1.321607
2026-06-28T23:37:57,idle,ue13,1933348,1347022.560230434,1.347023
2026-06-28T23:37:57,idle,ue14,1933360,1342786.5903546615,1.342787
2026-06-28T23:37:57,idle,ue15,1933372,1321607.0820567715,1.321607
2026-06-28T23:37:57,idle,ue16,1933384,1380909.8928853984,1.380910
2026-06-28T23:38:03,idle,cu_cp1,1930760,620006.2307105515,0.620006
2026-06-28T23:38:03,idle,cu_up1,1930788,615759.6381838792,0.615760
2026-06-28T23:38:03,idle,cu_cp2,1930796,611512.9600982091,0.611513
2026-06-28T23:38:03,idle,cu_up2,1930824,620006.2307105515,0.620006
2026-06-28T23:38:03,idle,du1,1930986,4819911.736170743,4.819912
2026-06-28T23:38:03,idle,du2,1931748,4781691.847297206,4.781692
2026-06-28T23:38:03,idle,du3,1932532,4807171.316898241,4.807171
2026-06-28T23:38:03,idle,du4,1933301,4743472.300659661,4.743472
2026-06-28T23:38:03,idle,ue1,1931050,1303711.6487776786,1.303712
2026-06-28T23:38:03,idle,ue2,1931062,1329191.3750557078,1.329191
2026-06-28T23:38:03,idle,ue3,1931074,1337684.560109052,1.337685
2026-06-28T23:38:03,idle,ue4,1931086,1333438.010361879,1.333438
2026-06-28T23:38:03,idle,ue5,1931814,1346177.9162803923,1.346178
2026-06-28T23:38:03,idle,ue6,1931826,1303711.6487776786,1.303712
2026-06-28T23:38:03,idle,ue7,1931838,1316451.554696192,1.316452
2026-06-28T23:38:03,idle,ue8,1931850,1350424.4660275655,1.350424
2026-06-28T23:38:03,idle,ue9,1932577,1307958.2840838498,1.307958
2026-06-28T23:38:03,idle,ue10,1932589,1303711.6487776786,1.303712
2026-06-28T23:38:03,idle,ue11,1932601,1295218.4637243343,1.295218
2026-06-28T23:38:03,idle,ue12,1932613,1337684.560109052,1.337685
2026-06-28T23:38:03,idle,ue13,1933348,1341931.2809742212,1.341931
2026-06-28T23:38:03,idle,ue14,1933360,1316451.554696192,1.316452
2026-06-28T23:38:03,idle,ue15,1933372,1350424.4660275655,1.350424
2026-06-28T23:38:03,idle,ue16,1933384,1375904.1923055947,1.375904
2026-06-28T23:38:09,idle,cu_cp1,1930760,620835.1548344279,0.620835
2026-06-28T23:38:09,idle,cu_up1,1930788,630386.4931926263,0.630386
2026-06-28T23:38:09,idle,cu_cp2,1930796,620835.1548344279,0.620835
2026-06-28T23:38:09,idle,cu_up2,1930824,625610.8453908348,0.625611
2026-06-28T23:38:09,idle,du1,1930986,4684917.719087419,4.684918
2026-06-28T23:38:09,idle,du2,1931748,4704020.481313047,4.704020
2026-06-28T23:38:09,idle,du3,1932532,4761328.083916082,4.761328
2026-06-28T23:38:09,idle,du4,1933301,4713571.862425861,4.713572
2026-06-28T23:38:09,idle,ue1,1931050,1341959.1272795533,1.341959
2026-06-28T23:38:09,idle,ue2,1931062,1337183.4367231464,1.337183
2026-06-28T23:38:09,idle,ue3,1931074,1365837.323533895,1.365837
2026-06-28T23:38:09,idle,ue4,1931086,1356286.1134395432,1.356286
2026-06-28T23:38:09,idle,ue5,1931814,1332407.7461667394,1.332408
2026-06-28T23:38:09,idle,ue6,1931826,1313305.1549595736,1.313305
2026-06-28T23:38:09,idle,ue7,1931838,1332407.7461667394,1.332408
2026-06-28T23:38:09,idle,ue8,1931850,1332407.7461667394,1.332408
2026-06-28T23:38:09,idle,ue9,1932577,1365837.323533895,1.365837
2026-06-28T23:38:09,idle,ue10,1932589,1375388.704646709,1.375389
2026-06-28T23:38:09,idle,ue11,1932601,1298978.254308815,1.298978
2026-06-28T23:38:09,idle,ue12,1932613,1356286.1134395432,1.356286
2026-06-28T23:38:09,idle,ue13,1933348,1298978.254308815,1.298978
2026-06-28T23:38:09,idle,ue14,1933360,1356286.1134395432,1.356286
2026-06-28T23:38:09,idle,ue15,1933372,1365837.323533895,1.365837
2026-06-28T23:38:09,idle,ue16,1933384,1332407.7461667394,1.332408
2026-06-28T23:38:15,idle,cu_cp1,1930760,615321.065880973,0.615321
2026-06-28T23:38:15,idle,cu_up1,1930788,615321.065880973,0.615321
2026-06-28T23:38:15,idle,cu_cp2,1930796,625166.2597181472,0.625166
2026-06-28T23:38:15,idle,cu_up2,1930824,620243.7055579025,0.620244
2026-06-28T23:38:15,idle,du1,1930986,4686285.585289297,4.686286
2026-06-28T23:38:15,idle,du2,1931748,4720743.3361359835,4.720743
2026-06-28T23:38:15,idle,du3,1932532,4735511.04137506,4.735511
2026-06-28T23:38:15,idle,du4,1933301,4750278.746614137,4.750279
2026-06-28T23:38:15,idle,ue1,1931050,1324170.960114993,1.324171
2026-06-28T23:38:15,idle,ue2,1931062,1363551.4789136357,1.363551
2026-06-28T23:38:15,idle,ue3,1931074,1343861.2622726567,1.343861
2026-06-28T23:38:15,idle,ue4,1931086,1324170.960114993,1.324171
2026-06-28T23:38:15,idle,ue5,1931814,1338938.750870754,1.338939
2026-06-28T23:38:15,idle,ue6,1931826,1319248.3631964058,1.319248
2026-06-28T23:38:15,idle,ue7,1931838,1334016.1539521671,1.334016
2026-06-28T23:38:15,idle,ue8,1931850,1334016.1539521671,1.334016
2026-06-28T23:38:15,idle,ue9,1932577,1343861.2622726567,1.343861
2026-06-28T23:38:15,idle,ue10,1932589,1334016.1539521671,1.334016
2026-06-28T23:38:15,idle,ue11,1932601,1284790.5268330348,1.284791
2026-06-28T23:38:15,idle,ue12,1932613,1338938.750870754,1.338939
2026-06-28T23:38:15,idle,ue13,1933348,1353706.3705931462,1.353706
2026-06-28T23:38:15,idle,ue14,1933360,1294635.6351535243,1.294636
2026-06-28T23:38:15,idle,ue15,1933372,1324170.960114993,1.324171
2026-06-28T23:38:15,idle,ue16,1933384,1343861.2622726567,1.343861
2026-06-28T23:38:20,idle,cu_cp1,1930760,618107.6590903155,0.618108
2026-06-28T23:38:20,idle,cu_up1,1930788,629770.1082078683,0.629770
2026-06-28T23:38:20,idle,cu_cp2,1930796,629770.1082078683,0.629770
2026-06-28T23:38:20,idle,cu_up2,1930824,629770.1082078683,0.629770
2026-06-28T23:38:20,idle,du1,1930986,4699950.741792708,4.699951
2026-06-28T23:38:20,idle,du2,1931748,4676625.929323201,4.676626
2026-06-28T23:38:20,idle,du3,1932532,4793249.991670732,4.793250
2026-06-28T23:38:20,idle,du4,1933301,4769925.179201227,4.769925
2026-06-28T23:38:20,idle,ue1,1931050,1364501.8725285148,1.364502
2026-06-28T23:38:20,idle,ue2,1931062,1329514.5680586558,1.329515
2026-06-28T23:38:20,idle,ue3,1931074,1364501.8725285148,1.364502
2026-06-28T23:38:20,idle,ue4,1931086,1341176.974293409,1.341177
2026-06-28T23:38:20,idle,ue5,1931814,1399489.0054671746,1.399489
2026-06-28T23:38:20,idle,ue6,1931826,1329514.5680586558,1.329515
2026-06-28T23:38:20,idle,ue7,1931838,1352839.3805281622,1.352839
2026-06-28T23:38:20,idle,ue8,1931850,1317852.2475895023,1.317852
2026-06-28T23:38:20,idle,ue9,1932577,1341176.974293409,1.341177
2026-06-28T23:38:20,idle,ue10,1932589,1376164.278763268,1.376164
2026-06-28T23:38:20,idle,ue11,1932601,1352839.3805281622,1.352839
2026-06-28T23:38:20,idle,ue12,1932613,1387826.5992324215,1.387827
2026-06-28T23:38:20,idle,ue13,1933348,1294527.3493543966,1.294527
2026-06-28T23:38:20,idle,ue14,1933360,1376164.278763268,1.376164
2026-06-28T23:38:20,idle,ue15,1933372,1294527.3493543966,1.294527
2026-06-28T23:38:20,idle,ue16,1933384,1364501.8725285148,1.364502
2026-06-28T23:38:26,idle,cu_cp1,1930760,630285.8804064274,0.630286
2026-06-28T23:38:26,idle,cu_up1,1930788,621882.075506848,0.621882
2026-06-28T23:38:26,idle,cu_cp2,1930796,630285.8804064274,0.630286
2026-06-28T23:38:26,idle,cu_up2,1930824,621882.075506848,0.621882
2026-06-28T23:38:26,idle,du1,1930986,4655711.675912118,4.655712
2026-06-28T23:38:26,idle,du2,1931748,4689327.237469089,4.689327
2026-06-28T23:38:26,idle,du3,1932532,4739750.066866565,4.739750
2026-06-28T23:38:26,idle,du4,1933301,4773364.944506228,4.773365
2026-06-28T23:38:26,idle,ue1,1931050,1386629.005285871,1.386629
2026-06-28T23:38:26,idle,ue2,1931062,1302590.7853107513,1.302591
2026-06-28T23:38:26,idle,ue3,1931074,1285783.261001256,1.285783
2026-06-28T23:38:26,idle,ue4,1931086,1353013.6147082269,1.353014
2026-06-28T23:38:26,idle,ue5,1931814,1336206.0903987319,1.336206
2026-06-28T23:38:26,idle,ue6,1931826,1294186.980411172,1.294187
2026-06-28T23:38:26,idle,ue7,1931838,1310994.675699994,1.310995
2026-06-28T23:38:26,idle,ue8,1931850,1344609.895298311,1.344610
2026-06-28T23:38:26,idle,ue9,1932577,1353013.6147082269,1.353014
2026-06-28T23:38:26,idle,ue10,1932589,1336206.0903987319,1.336206
2026-06-28T23:38:26,idle,ue11,1932601,1319398.4805995733,1.319398
2026-06-28T23:38:26,idle,ue12,1932613,1319398.4805995733,1.319398
2026-06-28T23:38:26,idle,ue13,1933348,1395032.7246957868,1.395033
2026-06-28T23:38:26,idle,ue14,1933360,1285783.261001256,1.285783
2026-06-28T23:38:26,idle,ue15,1933372,1285783.261001256,1.285783
2026-06-28T23:38:26,idle,ue16,1933384,1353013.6147082269,1.353014
2026-06-28T23:38:32,idle,cu_cp1,1930760,617349.4836599886,0.617349
2026-06-28T23:38:32,idle,cu_up1,1930788,630484.6393073916,0.630485
2026-06-28T23:38:32,idle,cu_cp2,1930796,623917.0400309026,0.623917
2026-06-28T23:38:32,idle,cu_up2,1930824,617349.4836599886,0.617349
2026-06-28T23:38:32,idle,du1,1930986,4669527.001995087,4.669527
2026-06-28T23:38:32,idle,du2,1931748,4754904.634138918,4.754905
2026-06-28T23:38:32,idle,du3,1932532,4702364.183171606,4.702364
2026-06-28T23:38:32,idle,du4,1933301,4735202.050837326,4.735202
2026-06-28T23:38:32,idle,ue1,1931050,1385752.5922286988,1.385753
2026-06-28T23:38:32,idle,ue2,1931062,1320077.200141859,1.320077
2026-06-28T23:38:32,idle,ue3,1931074,1293807.060469353,1.293807
2026-06-28T23:38:32,idle,ue4,1931086,1306942.001588881,1.306942
2026-06-28T23:38:32,idle,ue5,1931814,1372617.5652980208,1.372618
2026-06-28T23:38:32,idle,ue6,1931826,1320077.200141859,1.320077
2026-06-28T23:38:32,idle,ue7,1931838,1333212.312883687,1.333212
2026-06-28T23:38:32,idle,ue8,1931850,1339779.783443451,1.339780
2026-06-28T23:38:32,idle,ue9,1932577,1366049.9231159568,1.366050
2026-06-28T23:38:32,idle,ue10,1932589,1333212.312883687,1.333212
2026-06-28T23:38:32,idle,ue11,1932601,1326644.670701623,1.326645
2026-06-28T23:38:32,idle,ue12,1932613,1366049.9231159568,1.366050
2026-06-28T23:38:32,idle,ue13,1933348,1385752.5922286988,1.385753
2026-06-28T23:38:32,idle,ue14,1933360,1287239.418287289,1.287239
2026-06-28T23:38:32,idle,ue15,1933372,1320077.200141859,1.320077
2026-06-28T23:38:32,idle,ue16,1933384,1359482.4525561929,1.359482
2026-06-28T23:38:38,idle,cu_cp1,1930760,616513.6741075516,0.616514
2026-06-28T23:38:38,idle,cu_up1,1930788,625017.2866764665,0.625017
2026-06-28T23:38:38,idle,cu_cp2,1930796,616513.6741075516,0.616514
2026-06-28T23:38:38,idle,cu_up2,1930824,625017.2866764665,0.625017
2026-06-28T23:38:38,idle,du1,1930986,4694007.552984953,4.694008
2026-06-28T23:38:38,idle,du2,1931748,4736525.357849836,4.736525
2026-06-28T23:38:38,idle,du3,1932532,4745029.056411982,4.745029
2026-06-28T23:38:38,idle,du4,1933301,4736525.357849836,4.736525
2026-06-28T23:38:38,idle,ue1,1931050,1347826.4188717604,1.347826
2026-06-28T23:38:38,idle,ue2,1931062,1339322.8063028455,1.339323
2026-06-28T23:38:38,idle,ue3,1931074,1313811.7966096401,1.313812
2026-06-28T23:38:38,idle,ue4,1931086,1356330.1174339056,1.356330
2026-06-28T23:38:38,idle,ue5,1931814,1377589.1058595777,1.377589
2026-06-28T23:38:38,idle,ue6,1931826,1339322.8063028455,1.339323
2026-06-28T23:38:38,idle,ue7,1931838,1339322.8063028455,1.339323
2026-06-28T23:38:38,idle,ue8,1931850,1318063.6458907127,1.318064
2026-06-28T23:38:38,idle,ue9,1932577,1352078.268152833,1.352078
2026-06-28T23:38:38,idle,ue10,1932589,1326567.344452858,1.326567
2026-06-28T23:38:38,idle,ue11,1932601,1347826.4188717604,1.347826
2026-06-28T23:38:38,idle,ue12,1932613,1322315.4951717854,1.322315
2026-06-28T23:38:38,idle,ue13,1933348,1386092.804421723,1.386093
2026-06-28T23:38:38,idle,ue14,1933360,1343574.655583918,1.343575
2026-06-28T23:38:38,idle,ue15,1933372,1313811.7966096401,1.313812
2026-06-28T23:38:38,idle,ue16,1933384,1352078.268152833,1.352078
2026-06-28T23:38:44,idle,cu_cp1,1930760,628437.2995852887,0.628437
2026-06-28T23:38:44,idle,cu_up1,1930788,628437.2995852887,0.628437
2026-06-28T23:38:44,idle,cu_cp2,1930796,628437.2995852887,0.628437
2026-06-28T23:38:44,idle,cu_up2,1930824,623850.2012285757,0.623850
2026-06-28T23:38:44,idle,du1,1930986,4788967.559020516,4.788968
2026-06-28T23:38:44,idle,du2,1931748,4756857.698212254,4.756858
2026-06-28T23:38:44,idle,du3,1932532,4802729.371024471,4.802729
2026-06-28T23:38:44,idle,du4,1933301,4733922.034117417,4.733922
2026-06-28T23:38:44,idle,ue1,1931050,1344030.2433488471,1.344030
2026-06-28T23:38:44,idle,ue2,1931062,1344030.2433488471,1.344030
2026-06-28T23:38:44,idle,ue3,1931074,1334855.9604797852,1.334856
2026-06-28T23:38:44,idle,ue4,1931086,1339443.0588364983,1.339443
2026-06-28T23:38:44,idle,ue5,1931814,1403662.9527642953,1.403663
2026-06-28T23:38:44,idle,ue6,1931826,1311920.2963849485,1.311920
2026-06-28T23:38:44,idle,ue7,1931838,1298158.829003538,1.298159
2026-06-28T23:38:44,idle,ue8,1931850,1389901.4853828847,1.389901
2026-06-28T23:38:44,idle,ue9,1932577,1362378.6367756992,1.362379
2026-06-28T23:38:44,idle,ue10,1932589,1339443.0588364983,1.339443
2026-06-28T23:38:44,idle,ue11,1932601,1311920.2963849485,1.311920
2026-06-28T23:38:44,idle,ue12,1932613,1311920.2963849485,1.311920
2026-06-28T23:38:44,idle,ue13,1933348,1394488.5837395978,1.394489
2026-06-28T23:38:44,idle,ue14,1933360,1371553.005800397,1.371553
2026-06-28T23:38:44,idle,ue15,1933372,1348617.34170556,1.348617
2026-06-28T23:38:44,idle,ue16,1933384,1348617.34170556,1.348617
2026-06-28T23:38:49,idle,cu_cp1,1930760,637541.9687679559,0.637542
2026-06-28T23:38:49,idle,cu_up1,1930788,627580.3579305116,0.627580
2026-06-28T23:38:49,idle,cu_cp2,1930796,627580.3579305116,0.627580
2026-06-28T23:38:49,idle,cu_up2,1930824,632561.1417179167,0.632561
2026-06-28T23:38:49,idle,du1,1930986,4751680.106297872,4.751680
2026-06-28T23:38:49,idle,du2,1931748,4756660.500721571,4.756661
2026-06-28T23:38:49,idle,du3,1932532,4791526.030496042,4.791526
2026-06-28T23:38:49,idle,du4,1933301,4781564.895547572,4.781565
2026-06-28T23:38:49,idle,ue1,1931050,1374699.7863345516,1.374700
2026-06-28T23:38:49,idle,ue2,1931062,1349795.8241348916,1.349796
2026-06-28T23:38:49,idle,ue3,1931074,1339834.1700348132,1.339834
2026-06-28T23:38:49,idle,ue4,1931086,1339834.1700348132,1.339834
2026-06-28T23:38:49,idle,ue5,1931814,1419526.8836838324,1.419527
2026-06-28T23:38:49,idle,ue6,1931826,1349795.8241348916,1.349796
2026-06-28T23:38:49,idle,ue7,1931838,1324891.7754099637,1.324892
2026-06-28T23:38:49,idle,ue8,1931850,1419526.8836838324,1.419527
2026-06-28T23:38:49,idle,ue9,1932577,1389642.1809594012,1.389642
2026-06-28T23:38:49,idle,ue10,1932589,1354776.6511849307,1.354777
2026-06-28T23:38:49,idle,ue11,1932601,1324891.7754099637,1.324892
2026-06-28T23:38:49,idle,ue12,1932613,1334853.429510042,1.334853
2026-06-28T23:38:49,idle,ue13,1933348,1369719.0458097802,1.369719
2026-06-28T23:38:49,idle,ue14,1933360,1364738.1322344732,1.364738
2026-06-28T23:38:49,idle,ue15,1933372,1334853.429510042,1.334853
2026-06-28T23:38:49,idle,ue16,1933384,1349795.8241348916,1.349796
2026-06-28T23:38:55,idle,cu_cp1,1930760,627538.9960518712,0.627539
2026-06-28T23:38:55,idle,cu_up1,1930788,627538.9960518712,0.627539
2026-06-28T23:38:55,idle,cu_cp2,1930796,627538.9960518712,0.627539
2026-06-28T23:38:55,idle,cu_up2,1930824,622558.5401696679,0.622559
2026-06-28T23:38:55,idle,du1,1930986,4736425.594405818,4.736426
2026-06-28T23:38:55,idle,du2,1931748,4826073.886668491,4.826074
2026-06-28T23:38:55,idle,du3,1932532,4860937.034652407,4.860937
2026-06-28T23:38:55,idle,du4,1933301,4786230.239610865,4.786230
2026-06-28T23:38:55,idle,ue1,1931050,1384570.1905730849,1.384570
2026-06-28T23:38:55,idle,ue2,1931062,1349706.9562061548,1.349707
2026-06-28T23:38:55,idle,ue3,1931074,1349706.9562061548,1.349707
2026-06-28T23:38:55,idle,ue4,1931086,1314843.7218392247,1.314844
2026-06-28T23:38:55,idle,ue5,1931814,1389550.6896467954,1.389551
2026-06-28T23:38:55,idle,ue6,1931826,1324804.6336036313,1.324805
2026-06-28T23:38:55,idle,ue7,1931838,1299902.2246180933,1.299902
2026-06-28T23:38:55,idle,ue8,1931850,1364648.367044272,1.364648
2026-06-28T23:38:55,idle,ue9,1932577,1384570.1905730849,1.384570
2026-06-28T23:38:55,idle,ue10,1932589,1349706.9562061548,1.349707
2026-06-28T23:38:55,idle,ue11,1932601,1334765.4589850234,1.334765
2026-06-28T23:38:55,idle,ue12,1932613,1384570.1905730849,1.384570
2026-06-28T23:38:55,idle,ue13,1933348,1384570.1905730849,1.384570
2026-06-28T23:38:55,idle,ue14,1933360,1319824.0481469065,1.319824
2026-06-28T23:38:55,idle,ue15,1933372,1369628.779734968,1.369629
2026-06-28T23:38:55,idle,ue16,1933384,1359667.8679705614,1.359668
2026-06-28T23:39:01,idle,cu_cp1,1930760,618995.328919588,0.618995
2026-06-28T23:39:01,idle,cu_up1,1930788,628374.0597665459,0.628374
2026-06-28T23:39:01,idle,cu_cp2,1930796,637752.7906135038,0.637753
2026-06-28T23:39:01,idle,cu_up2,1930824,628374.0597665459,0.628374
2026-06-28T23:39:01,idle,du1,1930986,4783145.562490475,4.783146
2026-06-28T23:39:01,idle,du2,1931748,4745630.466344619,4.745630
2026-06-28T23:39:01,idle,du3,1932532,4801903.283321428,4.801903
2026-06-28T23:39:01,idle,du4,1933301,4783145.562490475,4.783146
2026-06-28T23:39:01,idle,ue1,1931050,1388050.0922534645,1.388050
2026-06-28T23:39:01,idle,ue2,1931062,1425564.9292622835,1.425565
2026-06-28T23:39:01,idle,ue3,1931074,1303641.6441993625,1.303642
2026-06-28T23:39:01,idle,ue4,1931086,1341156.5675871938,1.341157
2026-06-28T23:39:01,idle,ue5,1931814,1378671.4045960128,1.378671
2026-06-28T23:39:01,idle,ue6,1931826,1322399.105893278,1.322399
2026-06-28T23:39:01,idle,ue7,1931838,1359913.942902097,1.359914
2026-06-28T23:39:01,idle,ue8,1931850,1388050.0922534645,1.388050
2026-06-28T23:39:01,idle,ue9,1932577,1388050.0922534645,1.388050
2026-06-28T23:39:01,idle,ue10,1932589,1350535.168865633,1.350535
2026-06-28T23:39:01,idle,ue11,1932601,1313020.4182358265,1.313020
2026-06-28T23:39:01,idle,ue12,1932613,1303641.6441993625,1.303642
2026-06-28T23:39:01,idle,ue13,1933348,1388050.0922534645,1.388050
2026-06-28T23:39:01,idle,ue14,1933360,1284884.1825054467,1.284884
2026-06-28T23:39:01,idle,ue15,1933372,1359913.942902097,1.359914
2026-06-28T23:39:01,idle,ue16,1933384,1369292.6305595487,1.369293
2026-06-28T23:39:07,idle,cu_cp1,1930760,638497.6087874222,0.638498
2026-06-28T23:39:07,idle,cu_up1,1930788,638497.6087874222,0.638498
2026-06-28T23:39:07,idle,cu_cp2,1930796,631323.4549919128,0.631323
2026-06-28T23:39:07,idle,cu_up2,1930824,631323.4549919128,0.631323
2026-06-28T23:39:07,idle,du1,1930986,4727752.278397065,4.727752
2026-06-28T23:39:07,idle,du2,1931748,4799493.4698500065,4.799493
2026-06-28T23:39:07,idle,du3,1932532,4878408.641847381,4.878409
2026-06-28T23:39:07,idle,du4,1933301,4792319.142803421,4.792319
2026-06-28T23:39:07,idle,ue1,1931050,1398955.4855963516,1.398955
2026-06-28T23:39:07,idle,ue2,1931062,1391781.4184263803,1.391781
2026-06-28T23:39:07,idle,ue3,1931074,1355910.7360743713,1.355911
2026-06-28T23:39:07,idle,ue4,1931086,1370258.8704143143,1.370259
2026-06-28T23:39:07,idle,ue5,1931814,1420477.8603573418,1.420478
2026-06-28T23:39:07,idle,ue6,1931826,1370258.8704143143,1.370259
2026-06-28T23:39:07,idle,ue7,1931838,1398955.4855963516,1.398955
2026-06-28T23:39:07,idle,ue8,1931850,1355910.7360743713,1.355911
2026-06-28T23:39:07,idle,ue9,1932577,1370258.8704143143,1.370259
2026-06-28T23:39:07,idle,ue10,1932589,1370258.8704143143,1.370259
2026-06-28T23:39:07,idle,ue11,1932601,1327214.120892334,1.327214
2026-06-28T23:39:07,idle,ue12,1932613,1370258.8704143143,1.370259
2026-06-28T23:39:07,idle,ue13,1933348,1363084.8032443428,1.363085
2026-06-28T23:39:07,idle,ue14,1933360,1341562.4284833528,1.341562
2026-06-28T23:39:07,idle,ue15,1933372,1355910.7360743713,1.355911
2026-06-28T23:39:07,idle,ue16,1933384,1370258.8704143143,1.370259
2026-06-28T23:39:18,idle,cu_cp1,1930760,627243.0527313155,0.627243
2026-06-28T23:39:18,idle,cu_up1,1930788,627243.0527313155,0.627243
2026-06-28T23:39:18,idle,cu_cp2,1930796,622491.1900796181,0.622491
2026-06-28T23:39:18,idle,cu_up2,1930824,636746.7780347103,0.636747
2026-06-28T23:39:18,idle,du1,1930986,4728081.927014079,4.728082
2026-06-28T23:39:18,idle,du2,1931748,4832622.385235839,4.832622
2026-06-28T23:39:18,idle,du3,1932532,4837374.507945328,4.837375
2026-06-28T23:39:18,idle,du4,1933301,4775600.380159192,4.775600
2026-06-28T23:39:18,idle,ue1,1931050,1382785.7902569473,1.382786
2026-06-28T23:39:18,idle,ue2,1931062,1354274.7877186239,1.354275
2026-06-28T23:39:18,idle,ue3,1931074,1344771.1491011595,1.344771
2026-06-28T23:39:18,idle,ue4,1931086,1354274.7877186239,1.354275
2026-06-28T23:39:18,idle,ue5,1931814,1397041.46489797,1.397041
2026-06-28T23:39:18,idle,ue6,1931826,1373282.151639483,1.373282
2026-06-28T23:39:18,idle,ue7,1931838,1382785.7902569473,1.382786
2026-06-28T23:39:18,idle,ue8,1931850,1335267.4237977648,1.335267
2026-06-28T23:39:18,idle,ue9,1932577,1387537.6529086446,1.387538
2026-06-28T23:39:18,idle,ue10,1932589,1340019.2864494622,1.340019
2026-06-28T23:39:18,idle,ue11,1932601,1340019.2864494622,1.340019
2026-06-28T23:39:18,idle,ue12,1932613,1392289.515560342,1.392290
2026-06-28T23:39:18,idle,ue13,1933348,1378034.0142911803,1.378034
2026-06-28T23:39:18,idle,ue14,1933360,1387537.6529086446,1.387538
2026-06-28T23:39:18,idle,ue15,1933372,1340019.2864494622,1.340019
2026-06-28T23:39:18,idle,ue16,1933384,1344771.1491011595,1.344771
2026-06-28T23:39:24,idle,cu_cp1,1930760,636368.2462345576,0.636368
2026-06-28T23:39:24,idle,cu_up1,1930788,636368.2462345576,0.636368
2026-06-28T23:39:24,idle,cu_cp2,1930796,631790.0433684182,0.631790
2026-06-28T23:39:24,idle,cu_up2,1930824,618055.5215326142,0.618056
2026-06-28T23:39:24,idle,du1,1930986,4811676.202380257,4.811676
2026-06-28T23:39:24,idle,du2,1931748,4770472.636872845,4.770473
2026-06-28T23:39:24,idle,du3,1932532,4807098.25980196,4.807098
2026-06-28T23:39:24,idle,du4,1933301,4797941.680544453,4.797942
2026-06-28T23:39:24,idle,ue1,1931050,1373456.6952363395,1.373457
2026-06-28T23:39:24,idle,ue2,1931062,1368878.4056075858,1.368878
2026-06-28T23:39:24,idle,ue3,1931074,1341409.2751733637,1.341409
2026-06-28T23:39:24,idle,ue4,1931086,1364300.2027414464,1.364300
2026-06-28T23:39:24,idle,ue5,1931814,1414660.3475063657,1.414660
2026-06-28T23:39:24,idle,ue6,1931826,1359721.999875307,1.359722
2026-06-28T23:39:24,idle,ue7,1931838,1382612.9274433898,1.382613
2026-06-28T23:39:24,idle,ue8,1931850,1364300.2027414464,1.364300
2026-06-28T23:39:24,idle,ue9,1932577,1382612.9274433898,1.382613
2026-06-28T23:39:24,idle,ue10,1932589,1345987.478039503,1.345987
2026-06-28T23:39:24,idle,ue11,1932601,1345987.478039503,1.345987
2026-06-28T23:39:24,idle,ue12,1932613,1382612.9274433898,1.382613
2026-06-28T23:39:24,idle,ue13,1933348,1405503.941774087,1.405504
2026-06-28T23:39:24,idle,ue14,1933360,1378034.898102479,1.378035
2026-06-28T23:39:24,idle,ue15,1933372,1341409.2751733637,1.341409
2026-06-28T23:39:24,idle,ue16,1933384,1345987.478039503,1.345987
2026-06-28T23:39:29,idle,cu_cp1,1930760,644456.3469997966,0.644456
2026-06-28T23:39:29,idle,cu_up1,1930788,629469.0284807646,0.629469
2026-06-28T23:39:29,idle,cu_cp2,1930796,629469.0284807646,0.629469
2026-06-28T23:39:29,idle,cu_up2,1930824,634464.7723611188,0.634465
2026-06-28T23:39:29,idle,du1,1930986,4775971.460996432,4.775971
2026-06-28T23:39:29,idle,du2,1931748,4820933.590309467,4.820934
2026-06-28T23:39:29,idle,du3,1932532,4835920.387560682,4.835920
2026-06-28T23:39:29,idle,du4,1933301,4790958.258247647,4.790958
2026-06-28T23:39:29,idle,ue1,1931050,1383832.609628048,1.383833
2026-06-28T23:39:29,idle,ue2,1931062,1383832.609628048,1.383833
2026-06-28T23:39:29,idle,ue3,1931074,1328879.0794322742,1.328879
2026-06-28T23:39:29,idle,ue4,1931086,1378836.8657476937,1.378837
2026-06-28T23:39:29,idle,ue5,1931814,1408811.5027857579,1.408812
2026-06-28T23:39:29,idle,ue6,1931826,1358853.7164703382,1.358854
2026-06-28T23:39:29,idle,ue7,1931838,1378836.8657476937,1.378837
2026-06-28T23:39:29,idle,ue8,1931850,1388828.527264341,1.388829
2026-06-28T23:39:29,idle,ue9,1932577,1363849.4603506923,1.363849
2026-06-28T23:39:29,idle,ue10,1932589,1343866.4848292756,1.343866
2026-06-28T23:39:29,idle,ue11,1932601,1343866.4848292756,1.343866
2026-06-28T23:39:29,idle,ue12,1932613,1368845.3779869855,1.368845
2026-06-28T23:39:29,idle,ue13,1933348,1408811.5027857579,1.408812
2026-06-28T23:39:29,idle,ue14,1933360,1393824.2711446953,1.393824
2026-06-28T23:39:29,idle,ue15,1933372,1353857.9725899838,1.353858
2026-06-28T23:39:29,idle,ue16,1933384,1358853.7164703382,1.358854
2026-06-28T23:39:35,idle,cu_cp1,1930760,636601.4465049416,0.636601
2026-06-28T23:39:35,idle,cu_up1,1930788,636601.4465049416,0.636601
2026-06-28T23:39:35,idle,cu_cp2,1930796,626576.2063131183,0.626576
2026-06-28T23:39:35,idle,cu_up2,1930824,626576.2063131183,0.626576
2026-06-28T23:39:35,idle,du1,1930986,4792054.888555169,4.792055
2026-06-28T23:39:35,idle,du2,1931748,4862231.308762765,4.862231
2026-06-28T23:39:35,idle,du3,1932532,4887294.365719795,4.887294
2026-06-28T23:39:35,idle,du4,1933301,4807092.444185209,4.807092
2026-06-28T23:39:35,idle,ue1,1931050,1363429.7936011255,1.363430
2026-06-28T23:39:35,idle,ue2,1931062,1373455.1208380044,1.373455
2026-06-28T23:39:35,idle,ue3,1931074,1333354.1600707113,1.333354
2026-06-28T23:39:35,idle,ue4,1931086,1393505.5141765953,1.393506
2026-06-28T23:39:35,idle,ue5,1931814,1383480.273984772,1.383480
2026-06-28T23:39:35,idle,ue6,1931826,1378467.6974113882,1.378468
2026-06-28T23:39:35,idle,ue7,1931838,1373455.1208380044,1.373455
2026-06-28T23:39:35,idle,ue8,1931850,1378467.6974113882,1.378468
2026-06-28T23:39:35,idle,ue9,1932577,1368442.3701745092,1.368442
2026-06-28T23:39:35,idle,ue10,1932589,1378467.6974113882,1.378468
2026-06-28T23:39:35,idle,ue11,1932601,1328341.5834973275,1.328342
2026-06-28T23:39:35,idle,ue12,1932613,1383480.273984772,1.383480
2026-06-28T23:39:35,idle,ue13,1933348,1408543.3309418024,1.408543
2026-06-28T23:39:35,idle,ue14,1933360,1403530.6673233628,1.403531
2026-06-28T23:39:35,idle,ue15,1933372,1388492.8505581557,1.388493
2026-06-28T23:39:35,idle,ue16,1933384,1333354.1600707113,1.333354
2026-06-28T23:39:41,idle,cu_cp1,1930760,653263.5301804617,0.653264
2026-06-28T23:39:41,idle,cu_up1,1930788,643513.3425104332,0.643513
2026-06-28T23:39:41,idle,cu_cp2,1930796,633763.1113727433,0.633763
2026-06-28T23:39:41,idle,cu_up2,1930824,624012.9237027147,0.624013
2026-06-28T23:39:41,idle,du1,1930986,4865350.645637717,4.865351
2026-06-28T23:39:41,idle,du2,1931748,4865350.645637717,4.865351
2026-06-28T23:39:41,idle,du3,1932532,4875100.96371073,4.875101
2026-06-28T23:39:41,idle,du4,1933301,4865350.645637717,4.865351
2026-06-28T23:39:41,idle,ue1,1931050,1394278.8797941643,1.394279
2026-06-28T23:39:41,idle,ue2,1931062,1413779.3420695441,1.413779
2026-06-28T23:39:41,idle,ue3,1931074,1374778.5044541073,1.374779
2026-06-28T23:39:41,idle,ue4,1931086,1394278.8797941643,1.394279
2026-06-28T23:39:41,idle,ue5,1931814,1394278.8797941643,1.394279
2026-06-28T23:39:41,idle,ue6,1931826,1365028.2733164174,1.365028
2026-06-28T23:39:41,idle,ue7,1931838,1394278.8797941643,1.394279
2026-06-28T23:39:41,idle,ue8,1931850,1374778.5044541073,1.374779
2026-06-28T23:39:41,idle,ue9,1932577,1404029.1109318542,1.404029
2026-06-28T23:39:41,idle,ue10,1932589,1365028.2733164174,1.365028
2026-06-28T23:39:41,idle,ue11,1932601,1384528.6486564744,1.384529
2026-06-28T23:39:41,idle,ue12,1932613,1374778.5044541073,1.374779
2026-06-28T23:39:41,idle,ue13,1933348,1355278.0421787275,1.355278
2026-06-28T23:39:41,idle,ue14,1933360,1355278.0421787275,1.355278
2026-06-28T23:39:41,idle,ue15,1933372,1394278.8797941643,1.394279
2026-06-28T23:39:41,idle,ue16,1933384,1404029.1109318542,1.404029
2026-06-28T23:39:47,idle,cu_cp1,1930760,625668.2590474802,0.625668
2026-06-28T23:39:47,idle,cu_up1,1930788,603842.6497117304,0.603843
2026-06-28T23:39:47,idle,cu_cp2,1930796,589292.2290983945,0.589292
2026-06-28T23:39:47,idle,cu_up2,1930824,632943.4909384024,0.632943
2026-06-28T23:39:47,idle,du1,1930986,4808915.199841518,4.808915
2026-06-28T23:39:47,idle,du2,1931748,4830741.197693843,4.830741
2026-06-28T23:39:47,idle,du3,1932532,4677961.28481597,4.677961
2026-06-28T23:39:47,idle,du4,1933301,4685236.732549434,4.685237
2026-06-28T23:39:47,idle,ue1,1931050,1382290.3467834925,1.382290
2026-06-28T23:39:47,idle,ue2,1931062,1338639.128111993,1.338639
2026-06-28T23:39:47,idle,ue3,1931074,1353189.5055568207,1.353190
2026-06-28T23:39:47,idle,ue4,1931086,1389565.5355059064,1.389566
2026-06-28T23:39:47,idle,ue5,1931814,1396840.8105653368,1.396841
2026-06-28T23:39:47,idle,ue6,1931826,1338639.128111993,1.338639
2026-06-28T23:39:47,idle,ue7,1931838,1338639.128111993,1.338639
2026-06-28T23:39:47,idle,ue8,1931850,1389565.5355059064,1.389566
2026-06-28T23:39:47,idle,ue9,1932577,1396840.8105653368,1.396841
2026-06-28T23:39:47,idle,ue10,1932589,1353189.5055568207,1.353190
2026-06-28T23:39:47,idle,ue11,1932601,1345914.23049739,1.345914
2026-06-28T23:39:47,idle,ue12,1932613,1345914.23049739,1.345914
2026-06-28T23:39:47,idle,ue13,1933348,1367739.969338665,1.367740
2026-06-28T23:39:47,idle,ue14,1933360,1367739.969338665,1.367740
2026-06-28T23:39:47,idle,ue15,1933372,1367739.969338665,1.367740
2026-06-28T23:39:47,idle,ue16,1933384,1324088.6643301486,1.324089
2026-06-28T23:39:53,idle,cu_cp1,1930760,638414.993536531,0.638415
2026-06-28T23:39:53,idle,cu_up1,1930788,634130.3553984803,0.634130
2026-06-28T23:39:53,idle,cu_cp2,1930796,642699.6751297703,0.642700
2026-06-28T23:39:53,idle,cu_up2,1930824,634130.3553984803,0.634130
2026-06-28T23:39:53,idle,du1,1930986,4794539.582551813,4.794540
2026-06-28T23:39:53,idle,du2,1931748,4833101.369249458,4.833101
2026-06-28T23:39:53,idle,du3,1932532,4807393.627331531,4.807394
2026-06-28T23:39:53,idle,du4,1933301,4790254.900958573,4.790255
2026-06-28T23:39:53,idle,ue1,1931050,1379661.9107589198,1.379662
2026-06-28T23:39:53,idle,ue2,1931062,1396800.637131877,1.396801
2026-06-28T23:39:53,idle,ue3,1931074,1349669.313426999,1.349669
2026-06-28T23:39:53,idle,ue4,1931086,1362523.3582067168,1.362523
2026-06-28T23:39:53,idle,ue5,1931814,1409654.681911595,1.409655
2026-06-28T23:39:53,idle,ue6,1931826,1366808.0397999561,1.366808
2026-06-28T23:39:53,idle,ue7,1931838,1396800.637131877,1.396801
2026-06-28T23:39:53,idle,ue8,1931850,1341100.0371508973,1.341100
2026-06-28T23:39:53,idle,ue9,1932577,1413939.18968408,1.413939
2026-06-28T23:39:53,idle,ue10,1932589,1383946.592352159,1.383947
2026-06-28T23:39:53,idle,ue11,1932601,1341100.0371508973,1.341100
2026-06-28T23:39:53,idle,ue12,1932613,1362523.3582067168,1.362523
2026-06-28T23:39:53,idle,ue13,1933348,1401085.3187251163,1.401085
2026-06-28T23:39:53,idle,ue14,1933360,1375377.4029864348,1.375377
2026-06-28T23:39:53,idle,ue15,1933372,1315391.9475914615,1.315392
2026-06-28T23:39:53,idle,ue16,1933384,1388231.2739453984,1.388231
2026-06-28T23:39:58,idle,cu_cp1,1930760,632499.1307922453,0.632499
2026-06-28T23:39:58,idle,cu_up1,1930788,628137.0765184984,0.628137
2026-06-28T23:39:58,idle,cu_cp2,1930796,628137.0765184984,0.628137
2026-06-28T23:39:58,idle,cu_up2,1930824,632499.1307922453,0.632499
2026-06-28T23:39:58,idle,du1,1930986,4785183.409661055,4.785183
2026-06-28T23:39:58,idle,du2,1931748,4859338.1148839,4.859338
2026-06-28T23:39:58,idle,du3,1932532,4846252.256465852,4.846252
2026-06-28T23:39:58,idle,du4,1933301,4806993.289654255,4.806993
2026-06-28T23:39:58,idle,ue1,1931050,1356601.618764028,1.356602
2026-06-28T23:39:58,idle,ue2,1931062,1395860.2376862615,1.395860
2026-06-28T23:39:58,idle,ue3,1931074,1378412.020591274,1.378412
2026-06-28T23:39:58,idle,ue4,1931086,1356601.618764028,1.356602
2026-06-28T23:39:58,idle,ue5,1931814,1417670.4655688256,1.417670
2026-06-28T23:39:58,idle,ue6,1931826,1356601.618764028,1.356602
2026-06-28T23:39:58,idle,ue7,1931838,1387136.1291387677,1.387136
2026-06-28T23:39:58,idle,ue8,1931850,1347877.5102165341,1.347878
2026-06-28T23:39:58,idle,ue9,1932577,1395860.2376862615,1.395860
2026-06-28T23:39:58,idle,ue10,1932589,1360963.7165239453,1.360964
2026-06-28T23:39:58,idle,ue11,1932601,1369687.8250714391,1.369688
2026-06-28T23:39:58,idle,ue12,1932613,1356601.618764028,1.356602
2026-06-28T23:39:58,idle,ue13,1933348,1395860.2376862615,1.395860
2026-06-28T23:39:58,idle,ue14,1933360,1374049.9228313565,1.374050
2026-06-28T23:39:58,idle,ue15,1933372,1339153.3146966994,1.339153
2026-06-28T23:39:58,idle,ue16,1933384,1365325.8142838627,1.365326
2026-06-28T23:40:04,idle,cu_cp1,1930760,634562.9791218996,0.634563
2026-06-28T23:40:04,idle,cu_up1,1930788,629566.4571264803,0.629566
2026-06-28T23:40:04,idle,cu_cp2,1930796,634562.9791218996,0.634563
2026-06-28T23:40:04,idle,cu_up2,1930824,629566.4571264803,0.629566
2026-06-28T23:40:04,idle,du1,1930986,4776710.430715084,4.776710
2026-06-28T23:40:04,idle,du2,1931748,4821679.6493075965,4.821680
2026-06-28T23:40:04,idle,du3,1932532,4841666.084378433,4.841666
2026-06-28T23:40:04,idle,du4,1933301,4831672.693298435,4.831673
2026-06-28T23:40:04,idle,ue1,1931050,1334081.264817989,1.334081
2026-06-28T23:40:04,idle,ue2,1931062,1419022.7461461455,1.419023
2026-06-28T23:40:04,idle,ue3,1931074,1379050.3098659217,1.379050
2026-06-28T23:40:04,idle,ue4,1931086,1329084.6560502797,1.329085
2026-06-28T23:40:04,idle,ue5,1931814,1399036.5713921785,1.399037
2026-06-28T23:40:04,idle,ue6,1931826,1364060.6571073742,1.364061
2026-06-28T23:40:04,idle,ue7,1931838,1359064.048339665,1.359064
2026-06-28T23:40:04,idle,ue8,1931850,1344074.3955811174,1.344074
2026-06-28T23:40:04,idle,ue9,1932577,1394039.9626244693,1.394040
2026-06-28T23:40:04,idle,ue10,1932589,1364060.6571073742,1.364061
2026-06-28T23:40:04,idle,ue11,1932601,1344074.3955811174,1.344074
2026-06-28T23:40:04,idle,ue12,1932613,1354067.5263442458,1.354068
2026-06-28T23:40:04,idle,ue13,1933348,1409029.615383017,1.409030
2026-06-28T23:40:04,idle,ue14,1933360,1379050.3098659217,1.379050
2026-06-28T23:40:04,idle,ue15,1933372,1354067.5263442458,1.354068
2026-06-28T23:40:04,idle,ue16,1933384,1384046.918633631,1.384047
2026-06-28T23:40:10,idle,cu_cp1,1930760,633755.1205928486,0.633755
2026-06-28T23:40:10,idle,cu_up1,1930788,633755.1205928486,0.633755
2026-06-28T23:40:10,idle,cu_cp2,1930796,623774.7301165819,0.623775
2026-06-28T23:40:10,idle,cu_up2,1930824,628764.9470447093,0.628765
2026-06-28T23:40:10,idle,du1,1930986,4785600.11813911,4.785600
2026-06-28T23:40:10,idle,du2,1931748,4760648.990118485,4.760649
2026-06-28T23:40:10,idle,du3,1932532,4835501.680100551,4.835502
2026-06-28T23:40:10,idle,du4,1933301,4770629.163694811,4.770629
2026-06-28T23:40:10,idle,ue1,1931050,1317412.2369470191,1.317412
2026-06-28T23:40:10,idle,ue2,1931062,1377294.6665645957,1.377295
2026-06-28T23:40:10,idle,ue3,1931074,1377294.6665645957,1.377295
2026-06-28T23:40:10,idle,ue4,1931086,1377294.6665645957,1.377295
2026-06-28T23:40:10,idle,ue5,1931814,1357333.798852086,1.357334
2026-06-28T23:40:10,idle,ue6,1931826,1297451.5427544618,1.297452
2026-06-28T23:40:10,idle,ue7,1931838,1337373.0178995526,1.337373
2026-06-28T23:40:10,idle,ue8,1931850,1377294.6665645957,1.377295
2026-06-28T23:40:10,idle,ue9,1932577,1412226.0549215234,1.412226
2026-06-28T23:40:10,idle,ue10,1932589,1367314.319468317,1.367314
2026-06-28T23:40:10,idle,ue11,1932601,1377294.6665645957,1.377295
2026-06-28T23:40:10,idle,ue12,1932613,1342363.191447692,1.342363
2026-06-28T23:40:10,idle,ue13,1933348,1402245.6210652685,1.402246
2026-06-28T23:40:10,idle,ue14,1933360,1412226.0549215234,1.412226
2026-06-28T23:40:10,idle,ue15,1933372,1307431.8898507403,1.307432
2026-06-28T23:40:10,idle,ue16,1933384,1337373.0178995526,1.337373
2026-06-28T23:40:16,idle,cu_cp1,1930760,650313.6197401715,0.650314
2026-06-28T23:40:16,idle,cu_up1,1930788,639475.0940589714,0.639475
2026-06-28T23:40:16,idle,cu_cp2,1930796,639475.0940589714,0.639475
2026-06-28T23:40:16,idle,cu_up2,1930824,639475.0940589714,0.639475
2026-06-28T23:40:16,idle,du1,1930986,4768966.198283229,4.768966
2026-06-28T23:40:16,idle,du2,1931748,4768966.198283229,4.768966
2026-06-28T23:40:16,idle,du3,1932532,4877352.148051286,4.877352
2026-06-28T23:40:16,idle,du4,1933301,4833998.045326485,4.833998
2026-06-28T23:40:16,idle,ue1,1931050,1409012.8427703714,1.409013
2026-06-28T23:40:16,idle,ue2,1931062,1398174.3170891714,1.398174
2026-06-28T23:40:16,idle,ue3,1931074,1354820.0411253572,1.354820
2026-06-28T23:40:16,idle,ue4,1931086,1343981.5154441572,1.343982
2026-06-28T23:40:16,idle,ue5,1931814,1333142.9897629572,1.333143
2026-06-28T23:40:16,idle,ue6,1931826,1365658.5668065571,1.365659
2026-06-28T23:40:16,idle,ue7,1931838,1354820.0411253572,1.354820
2026-06-28T23:40:16,idle,ue8,1931850,1322304.464081757,1.322304
2026-06-28T23:40:16,idle,ue9,1932577,1376497.092487757,1.376497
2026-06-28T23:40:16,idle,ue10,1932589,1343981.5154441572,1.343982
2026-06-28T23:40:16,idle,ue11,1932601,1322304.464081757,1.322304
2026-06-28T23:40:16,idle,ue12,1932613,1376497.092487757,1.376497
2026-06-28T23:40:16,idle,ue13,1933348,1387335.7914079714,1.387336
2026-06-28T23:40:16,idle,ue14,1933360,1333142.9897629572,1.333143
2026-06-28T23:40:16,idle,ue15,1933372,1311465.765161543,1.311466
2026-06-28T23:40:16,idle,ue16,1933384,1365658.5668065571,1.365659
2026-06-28T23:40:21,idle,cu_cp1,1930760,645414.7497420735,0.645415
2026-06-28T23:40:21,idle,cu_up1,1930788,629478.5686492994,0.629479
2026-06-28T23:40:21,idle,cu_cp2,1930796,629478.5686492994,0.629479
2026-06-28T23:40:21,idle,cu_up2,1930824,629478.5686492994,0.629479
2026-06-28T23:40:21,idle,du1,1930986,4836626.437075717,4.836626
2026-06-28T23:40:21,idle,du2,1931748,4788817.763905113,4.788818
2026-06-28T23:40:21,idle,du3,1932532,4836626.437075717,4.836626
2026-06-28T23:40:21,idle,du4,1933301,4725073.212723727,4.725073
2026-06-28T23:40:21,idle,ue1,1931050,1378478.3006559794,1.378478
2026-06-28T23:40:21,idle,ue2,1931062,1362542.162860633,1.362542
2026-06-28T23:40:21,idle,ue3,1931074,1354574.0506655322,1.354574
2026-06-28T23:40:21,idle,ue4,1931086,1354574.0506655322,1.354574
2026-06-28T23:40:21,idle,ue5,1931814,1378478.3006559794,1.378478
2026-06-28T23:40:21,idle,ue6,1931826,1338637.912870186,1.338638
2026-06-28T23:40:21,idle,ue7,1931838,1362542.162860633,1.362542
2026-06-28T23:40:21,idle,ue8,1931850,1338637.912870186,1.338638
2026-06-28T23:40:21,idle,ue9,1932577,1386446.4128510803,1.386446
2026-06-28T23:40:21,idle,ue10,1932589,1362542.162860633,1.362542
2026-06-28T23:40:21,idle,ue11,1932601,1346606.0250652868,1.346606
2026-06-28T23:40:21,idle,ue12,1932613,1386446.4128510803,1.386446
2026-06-28T23:40:21,idle,ue13,1933348,1402382.5506464266,1.402383
2026-06-28T23:40:21,idle,ue14,1933360,1370510.275055734,1.370510
2026-06-28T23:40:21,idle,ue15,1933372,1306765.6372794933,1.306766
2026-06-28T23:40:21,idle,ue16,1933384,1346606.0250652868,1.346606
2026-06-28T23:40:27,idle,cu_cp1,1930760,635286.9264592874,0.635287
2026-06-28T23:40:27,idle,cu_up1,1930788,626759.5810955304,0.626760
2026-06-28T23:40:27,idle,cu_cp2,1930796,626759.5810955304,0.626760
2026-06-28T23:40:27,idle,cu_up2,1930824,622495.9084136519,0.622496
2026-06-28T23:40:27,idle,du1,1930986,4788102.126542087,4.788102
2026-06-28T23:40:27,idle,du2,1931748,4779574.694566727,4.779575
2026-06-28T23:40:27,idle,du3,1932532,4788102.126542087,4.788102
2026-06-28T23:40:27,idle,du4,1933301,4724147.07961971,4.724147
2026-06-28T23:40:27,idle,ue1,1931050,1360110.8493206191,1.360111
2026-06-28T23:40:27,idle,ue2,1931062,1385692.9720234931,1.385693
2026-06-28T23:40:27,idle,ue3,1931074,1321737.838489514,1.321738
2026-06-28T23:40:27,idle,ue4,1931086,1360110.8493206191,1.360111
2026-06-28T23:40:27,idle,ue5,1931814,1419802.353478521,1.419802
2026-06-28T23:40:27,idle,ue6,1931826,1317474.29572504,1.317474
2026-06-28T23:40:27,idle,ue7,1931838,1355847.306556145,1.355847
2026-06-28T23:40:27,idle,ue8,1931850,1385692.9720234931,1.385693
2026-06-28T23:40:27,idle,ue9,1932577,1364374.5653082991,1.364375
2026-06-28T23:40:27,idle,ue10,1932589,1330265.183853271,1.330265
2026-06-28T23:40:27,idle,ue11,1932601,1326001.5544771939,1.326002
2026-06-28T23:40:27,idle,ue12,1932613,1377165.626659736,1.377166
2026-06-28T23:40:27,idle,ue13,1933348,1398483.946763327,1.398484
2026-06-28T23:40:27,idle,ue14,1933360,1389956.688011173,1.389957
2026-06-28T23:40:27,idle,ue15,1933372,1338792.615828631,1.338793
2026-06-28T23:40:27,idle,ue16,1933384,1368638.281295979,1.368638
2026-06-28T23:40:33,idle,cu_cp1,1930760,625322.1141584751,0.625322
2026-06-28T23:40:33,idle,cu_up1,1930788,616756.0815286684,0.616756
2026-06-28T23:40:33,idle,cu_cp2,1930796,621039.0761912895,0.621039
2026-06-28T23:40:33,idle,cu_up2,1930824,629605.1521256608,0.629605
2026-06-28T23:40:33,idle,du1,1930986,4732746.170903573,4.732746
2026-06-28T23:40:33,idle,du2,1931748,4809840.074830752,4.809840
2026-06-28T23:40:33,idle,du3,1932532,4779859.458628922,4.779859
2026-06-28T23:40:33,idle,du4,1933301,4779859.458628922,4.779859
2026-06-28T23:40:33,idle,ue1,1931050,1379134.934286874,1.379135
2026-06-28T23:40:33,idle,ue2,1931062,1387701.0102212452,1.387701
2026-06-28T23:40:33,idle,ue3,1931074,1280625.2775644267,1.280625
2026-06-28T23:40:33,idle,ue4,1931086,1362002.8690272605,1.362003
2026-06-28T23:40:33,idle,ue5,1931814,1366285.9502990108,1.366286
2026-06-28T23:40:33,idle,ue6,1931826,1293474.4347705483,1.293474
2026-06-28T23:40:33,idle,ue7,1931838,1336304.7278332757,1.336305
2026-06-28T23:40:33,idle,ue8,1931850,1400550.167427367,1.400550
2026-06-28T23:40:33,idle,ue9,1932577,1349153.8850393975,1.349154
2026-06-28T23:40:33,idle,ue10,1932589,1319172.575964533,1.319173
2026-06-28T23:40:33,idle,ue11,1932601,1340587.809105026,1.340588
2026-06-28T23:40:33,idle,ue12,1932613,1357719.8743646396,1.357720
2026-06-28T23:40:33,idle,ue13,1933348,1387701.0102212452,1.387701
2026-06-28T23:40:33,idle,ue14,1933360,1353436.7930928892,1.353437
2026-06-28T23:40:33,idle,ue15,1933372,1340587.809105026,1.340588
2026-06-28T23:40:33,idle,ue16,1933384,1353436.7930928892,1.353437
2026-06-28T23:40:39,idle,cu_cp1,1930760,637861.0804008865,0.637861
2026-06-28T23:40:39,idle,cu_up1,1930788,628269.2010618013,0.628269
2026-06-28T23:40:39,idle,cu_cp2,1930796,623473.283046214,0.623473
2026-06-28T23:40:39,idle,cu_up2,1930824,628269.2010618013,0.628269
2026-06-28T23:40:39,idle,du1,1930986,4800744.24914031,4.800744
2026-06-28T23:40:39,idle,du2,1931748,4858295.611790643,4.858296
2026-06-28T23:40:39,idle,du3,1932532,4810336.43163477,4.810336
2026-06-28T23:40:39,idle,du4,1933301,4743192.886489978,4.743193
2026-06-28T23:40:39,idle,ue1,1931050,1376437.2186714972,1.376437
2026-06-28T23:40:39,idle,ue2,1931062,1376437.2186714972,1.376437
2026-06-28T23:40:39,idle,ue3,1931074,1371641.2140400887,1.371641
2026-06-28T23:40:39,idle,ue4,1931086,1294906.0060957647,1.294906
2026-06-28T23:40:39,idle,ue5,1931814,1419600.6540434253,1.419601
2026-06-28T23:40:39,idle,ue6,1931826,1362049.378008914,1.362049
2026-06-28T23:40:39,idle,ue7,1931838,1390825.0593340802,1.390825
2026-06-28T23:40:39,idle,ue8,1931850,1342865.5327149224,1.342866
2026-06-28T23:40:39,idle,ue9,1932577,1390825.0593340802,1.390825
2026-06-28T23:40:39,idle,ue10,1932589,1357253.3733775055,1.357253
2026-06-28T23:40:39,idle,ue11,1932601,1347661.537346331,1.347662
2026-06-28T23:40:39,idle,ue12,1932613,1333273.6966837477,1.333274
2026-06-28T23:40:39,idle,ue13,1933348,1395620.9773496676,1.395621
2026-06-28T23:40:39,idle,ue14,1933360,1352457.4553619183,1.352457
2026-06-28T23:40:39,idle,ue15,1933372,1352457.4553619183,1.352457
2026-06-28T23:40:39,idle,ue16,1933384,1357253.3733775055,1.357253
2026-06-28T23:40:45,idle,cu_cp1,1930760,626833.0252503688,0.626833
2026-06-28T23:40:45,idle,cu_up1,1930788,636782.7558098984,0.636783
2026-06-28T23:40:45,idle,cu_cp2,1930796,621858.1816058147,0.621858
2026-06-28T23:40:45,idle,cu_up2,1930824,616883.294690839,0.616883
2026-06-28T23:40:45,idle,du1,1930986,4750996.407081046,4.750996
2026-06-28T23:40:45,idle,du2,1931748,4815669.763894043,4.815670
2026-06-28T23:40:45,idle,du3,1932532,4736071.5732544325,4.736072
2026-06-28T23:40:45,idle,du4,1933301,4731097.205584517,4.731097
2026-06-28T23:40:45,idle,ue1,1931050,1363113.043385142,1.363113
2026-06-28T23:40:45,idle,ue2,1931062,1353163.2695551908,1.353163
2026-06-28T23:40:45,idle,ue3,1931074,1348188.4691810585,1.348188
2026-06-28T23:40:45,idle,ue4,1931086,1278540.3985347725,1.278540
2026-06-28T23:40:45,idle,ue5,1931814,1338238.7818919504,1.338239
2026-06-28T23:40:45,idle,ue6,1931826,1303414.660027964,1.303415
2026-06-28T23:40:45,idle,ue7,1931838,1338238.7818919504,1.338239
2026-06-28T23:40:45,idle,ue8,1931850,1328289.008061999,1.328289
2026-06-28T23:40:45,idle,ue9,1932577,1397937.078708285,1.397937
2026-06-28T23:40:45,idle,ue10,1932589,1353163.2695551908,1.353163
2026-06-28T23:40:45,idle,ue11,1932601,1378037.7041300691,1.378038
2026-06-28T23:40:45,idle,ue12,1932613,1348188.4691810585,1.348188
2026-06-28T23:40:45,idle,ue13,1933348,1392962.1917933095,1.392962
2026-06-28T23:40:45,idle,ue14,1933360,1373062.8172150934,1.373063
2026-06-28T23:40:45,idle,ue15,1933372,1373062.8172150934,1.373063
2026-06-28T23:40:45,idle,ue16,1933384,1328289.008061999,1.328289
2026-06-28T23:40:50,idle,cu_cp1,1930760,634530.8279687226,0.634531
2026-06-28T23:40:50,idle,cu_up1,1930788,634530.8279687226,0.634531
2026-06-28T23:40:50,idle,cu_cp2,1930796,634530.8279687226,0.634531
2026-06-28T23:40:50,idle,cu_up2,1930824,622780.2762726169,0.622780
2026-06-28T23:40:50,idle,du1,1930986,4782482.226792712,4.782482
2026-06-28T23:40:50,idle,du2,1931748,4770731.761461525,4.770732
2026-06-28T23:40:50,idle,du3,1932532,4794232.692123899,4.794233
2026-06-28T23:40:50,idle,du4,1933301,4711978.743886242,4.711979
2026-06-28T23:40:50,idle,ue1,1931050,1351315.690540021,1.351316
2026-06-28T23:40:50,idle,ue2,1931062,1374816.7939322323,1.374817
2026-06-28T23:40:50,idle,ue3,1931074,1327814.5007828914,1.327815
2026-06-28T23:40:50,idle,ue4,1931086,1339565.052478997,1.339565
2026-06-28T23:40:50,idle,ue5,1931814,1386567.345628338,1.386567
2026-06-28T23:40:50,idle,ue6,1931826,1339565.052478997,1.339565
2026-06-28T23:40:50,idle,ue7,1931838,1339565.052478997,1.339565
2026-06-28T23:40:50,idle,ue8,1931850,1327814.5007828914,1.327815
2026-06-28T23:40:50,idle,ue9,1932577,1398317.8973244436,1.398318
2026-06-28T23:40:50,idle,ue10,1932589,1339565.052478997,1.339565
2026-06-28T23:40:50,idle,ue11,1932601,1339565.052478997,1.339565
2026-06-28T23:40:50,idle,ue12,1932613,1327814.5007828914,1.327815
2026-06-28T23:40:50,idle,ue13,1933348,1386567.345628338,1.386567
2026-06-28T23:40:50,idle,ue14,1933360,1363066.2422361267,1.363066
2026-06-28T23:40:50,idle,ue15,1933372,1316063.949086786,1.316064
2026-06-28T23:40:50,idle,ue16,1933384,1339565.052478997,1.339565
2026-06-28T23:40:56,idle,cu_cp1,1930760,634333.805104264,0.634334
2026-06-28T23:40:56,idle,cu_up1,1930788,617418.21912639,0.617418
2026-06-28T23:40:56,idle,cu_cp2,1930796,634333.805104264,0.634334
2026-06-28T23:40:56,idle,cu_up2,1930824,608960.4045546782,0.608960
2026-06-28T23:40:56,idle,du1,1930986,4787105.695037999,4.787106
2026-06-28T23:40:56,idle,du2,1931748,4736358.893938827,4.736359
2026-06-28T23:40:56,idle,du3,1932532,4787105.695037999,4.787106
2026-06-28T23:40:56,idle,du4,1933301,4710985.493389241,4.710985
2026-06-28T23:40:56,idle,ue1,1931050,1361703.2683385117,1.361703
2026-06-28T23:40:56,idle,ue2,1931062,1395534.3539631611,1.395534
2026-06-28T23:40:56,idle,ue3,1931074,1344787.639195088,1.344788
2026-06-28T23:40:56,idle,ue4,1931086,1327872.0963827635,1.327872
2026-06-28T23:40:56,idle,ue5,1931814,1361703.2683385117,1.361703
2026-06-28T23:40:56,idle,ue6,1931826,1302498.6958331775,1.302499
2026-06-28T23:40:56,idle,ue7,1931838,1344787.639195088,1.344788
2026-06-28T23:40:56,idle,ue8,1931850,1378618.7248197377,1.378619
2026-06-28T23:40:56,idle,ue9,1932577,1361703.2683385117,1.361703
2026-06-28T23:40:56,idle,ue10,1932589,1344787.639195088,1.344788
2026-06-28T23:40:56,idle,ue11,1932601,1336329.8677889258,1.336330
2026-06-28T23:40:56,idle,ue12,1932613,1353245.3242701518,1.353245
2026-06-28T23:40:56,idle,ue13,1933348,1378618.7248197377,1.378619
2026-06-28T23:40:56,idle,ue14,1933360,1361703.2683385117,1.361703
2026-06-28T23:40:56,idle,ue15,1933372,1344787.639195088,1.344788
2026-06-28T23:40:56,idle,ue16,1933384,1353245.3242701518,1.353245
2026-06-28T23:41:02,idle,cu_cp1,1930760,627321.6397821307,0.627322
2026-06-28T23:41:02,idle,cu_up1,1930788,620718.258644135,0.620718
2026-06-28T23:41:02,idle,cu_cp2,1930796,627321.6397821307,0.627322
2026-06-28T23:41:02,idle,cu_up2,1930824,627321.6397821307,0.627322
2026-06-28T23:41:02,idle,du1,1930986,4741231.110461226,4.741231
2026-06-28T23:41:02,idle,du2,1931748,4800661.713372202,4.800662
2026-06-28T23:41:02,idle,du3,1932532,4728024.002847204,4.728024
2026-06-28T23:41:02,idle,du4,1933301,4800661.713372202,4.800662
2026-06-28T23:41:02,idle,ue1,1931050,1347090.701830709,1.347091
2026-06-28T23:41:02,idle,ue2,1931062,1353694.0829687046,1.353694
2026-06-28T23:41:02,idle,ue3,1931074,1353694.0829687046,1.353694
2026-06-28T23:41:02,idle,ue4,1931086,1347090.701830709,1.347091
2026-06-28T23:41:02,idle,ue5,1931814,1340487.3206927134,1.340487
2026-06-28T23:41:02,idle,ue6,1931826,1300867.033864739,1.300867
2026-06-28T23:41:02,idle,ue7,1931838,1353694.0829687046,1.353694
2026-06-28T23:41:02,idle,ue8,1931850,1353694.0829687046,1.353694
2026-06-28T23:41:02,idle,ue9,1932577,1419727.9806831693,1.419728
2026-06-28T23:41:02,idle,ue10,1932589,1393314.4561311866,1.393314
2026-06-28T23:41:02,idle,ue11,1932601,1347090.701830709,1.347091
2026-06-28T23:41:02,idle,ue12,1932613,1386711.0749931908,1.386711
2026-06-28T23:41:02,idle,ue13,1933348,1393314.4561311866,1.393314
2026-06-28T23:41:02,idle,ue14,1933360,1386711.0749931908,1.386711
2026-06-28T23:41:02,idle,ue15,1933372,1307470.4150027346,1.307470
2026-06-28T23:41:02,idle,ue16,1933384,1340487.3206927134,1.340487
2026-06-28T23:41:08,idle,cu_cp1,1930760,636889.9821943557,0.636890
2026-06-28T23:41:08,idle,cu_up1,1930788,628341.0657361388,0.628341
2026-06-28T23:41:08,idle,cu_cp2,1930796,624066.6722398364,0.624067
2026-06-28T23:41:08,idle,cu_up2,1930824,624066.6722398364,0.624067
2026-06-28T23:41:08,idle,du1,1930986,4706146.812751026,4.706147
2026-06-28T23:41:08,idle,du2,1931748,4808732.601903915,4.808733
2026-06-28T23:41:08,idle,du3,1932532,4783085.981994877,4.783086
2026-06-28T23:41:08,idle,du4,1933301,4787360.418646383,4.787360
2026-06-28T23:41:08,idle,ue1,1931050,1372091.834752543,1.372092
2026-06-28T23:41:08,idle,ue2,1931062,1367817.3117906284,1.367817
2026-06-28T23:41:08,idle,ue3,1931074,1354994.0018361092,1.354994
2026-06-28T23:41:08,idle,ue4,1931086,1350719.5651846027,1.350720
2026-06-28T23:41:08,idle,ue5,1931814,1380640.5354347397,1.380641
2026-06-28T23:41:08,idle,ue6,1931826,1333621.9048889852,1.333622
2026-06-28T23:41:08,idle,ue7,1931838,1337896.2552300834,1.337896
2026-06-28T23:41:08,idle,ue8,1931850,1333621.9048889852,1.333622
2026-06-28T23:41:08,idle,ue9,1932577,1397738.3683511734,1.397738
2026-06-28T23:41:08,idle,ue10,1932589,1354994.0018361092,1.354994
2026-06-28T23:41:08,idle,ue11,1932601,1329347.5545478868,1.329348
2026-06-28T23:41:08,idle,ue12,1932613,1384915.0583966542,1.384915
2026-06-28T23:41:08,idle,ue13,1933348,1342170.778191998,1.342171
2026-06-28T23:41:08,idle,ue14,1933360,1402012.8050026798,1.402013
2026-06-28T23:41:08,idle,ue15,1933372,1329347.5545478868,1.329348
2026-06-28T23:41:08,idle,ue16,1933384,1380640.5354347397,1.380641
2026-06-28T23:41:14,idle,cu_cp1,1930760,625131.1926905358,0.625131
2026-06-28T23:41:14,idle,cu_up1,1930788,625131.1926905358,0.625131
2026-06-28T23:41:14,idle,cu_cp2,1930796,634324.2730476853,0.634324
2026-06-28T23:41:14,idle,cu_up2,1930824,629727.7112640559,0.629728
2026-06-28T23:41:14,idle,du1,1930986,4780414.92159095,4.780415
2026-06-28T23:41:14,idle,du2,1931748,4794204.822992384,4.794205
2026-06-28T23:41:14,idle,du3,1932532,4849363.045874626,4.849363
2026-06-28T23:41:14,idle,du4,1933301,4743642.4273219155,4.743642
2026-06-28T23:41:14,idle,ue1,1931050,1365176.1275010414,1.365176
2026-06-28T23:41:14,idle,ue2,1931062,1355983.090354001,1.355983
2026-06-28T23:41:14,idle,ue3,1931074,1351386.5717804807,1.351387
2026-06-28T23:41:14,idle,ue4,1931086,1346789.9667867422,1.346790
2026-06-28T23:41:14,idle,ue5,1931814,1392755.4982028175,1.392755
2026-06-28T23:41:14,idle,ue6,1931826,1300824.435370667,1.300824
2026-06-28T23:41:14,idle,ue7,1931838,1374369.3374885183,1.374369
2026-06-28T23:41:14,idle,ue8,1931850,1388158.8932090788,1.388159
2026-06-28T23:41:14,idle,ue9,1932577,1378965.8560620386,1.378966
2026-06-28T23:41:14,idle,ue10,1932589,1342193.448213222,1.342193
2026-06-28T23:41:14,idle,ue11,1932601,1351386.5717804807,1.351387
2026-06-28T23:41:14,idle,ue12,1932613,1355983.090354001,1.355983
2026-06-28T23:41:14,idle,ue13,1933348,1305421.0403644056,1.305421
2026-06-28T23:41:14,idle,ue14,1933360,1383562.461055777,1.383562
2026-06-28T23:41:14,idle,ue15,1933372,1351386.5717804807,1.351387
2026-06-28T23:41:14,idle,ue16,1933384,1365176.1275010414,1.365176
2026-06-28T23:41:19,idle,cu_cp1,1930760,631288.6798915114,0.631289
2026-06-28T23:41:19,idle,cu_up1,1930788,621347.1598238572,0.621347
2026-06-28T23:41:19,idle,cu_cp2,1930796,626317.9629695937,0.626318
2026-06-28T23:41:19,idle,cu_up2,1930824,626317.9629695937,0.626318
2026-06-28T23:41:19,idle,du1,1930986,4781887.793738697,4.781888
2026-06-28T23:41:19,idle,du2,1931748,4757033.950457651,4.757034
2026-06-28T23:41:19,idle,du3,1932532,4786858.76933207,4.786859
2026-06-28T23:41:19,idle,du4,1933301,4722238.845780408,4.722239
2026-06-28T23:41:19,idle,ue1,1931050,1376905.3147920496,1.376905
2026-06-28T23:41:19,idle,ue2,1931062,1381876.117937786,1.381876
2026-06-28T23:41:19,idle,ue3,1931074,1332168.3451518775,1.332168
2026-06-28T23:41:19,idle,ue4,1931086,1302343.698725096,1.302344
2026-06-28T23:41:19,idle,ue5,1931814,1386846.9210835225,1.386847
2026-06-28T23:41:19,idle,ue6,1931826,1327197.542006141,1.327198
2026-06-28T23:41:19,idle,ue7,1931838,1302343.698725096,1.302344
2026-06-28T23:41:19,idle,ue8,1931850,1396788.4411511766,1.396788
2026-06-28T23:41:19,idle,ue9,1932577,1396788.4411511766,1.396788
2026-06-28T23:41:19,idle,ue10,1932589,1391817.6380054401,1.391818
2026-06-28T23:41:19,idle,ue11,1932601,1317255.9357146681,1.317256
2026-06-28T23:41:19,idle,ue12,1932613,1312285.1325689317,1.312285
2026-06-28T23:41:19,idle,ue13,1933348,1332168.3451518775,1.332168
2026-06-28T23:41:19,idle,ue14,1933360,1391817.6380054401,1.391818
2026-06-28T23:41:19,idle,ue15,1933372,1342109.8652195316,1.342110
2026-06-28T23:41:19,idle,ue16,1933384,1386846.9210835225,1.386847
2026-06-28T23:41:25,idle,cu_cp1,1930760,627192.5908960709,0.627193
2026-06-28T23:41:25,idle,cu_up1,1930788,637147.9664699426,0.637148
2026-06-28T23:41:25,idle,cu_cp2,1930796,632170.2786830068,0.632170
2026-06-28T23:41:25,idle,cu_up2,1930824,632170.2786830068,0.632170
2026-06-28T23:41:25,idle,du1,1930986,4803498.813626954,4.803499
2026-06-28T23:41:25,idle,du2,1931748,4783587.544271455,4.783588
2026-06-28T23:41:25,idle,du3,1932532,4758699.0621527955,4.758699
2026-06-28T23:41:25,idle,du4,1933301,4753721.158445962,4.753721
2026-06-28T23:41:25,idle,ue1,1931050,1353939.4557386155,1.353939
2026-06-28T23:41:25,idle,ue2,1931062,1368872.6486513622,1.368873
2026-06-28T23:41:25,idle,ue3,1931074,1353939.4557386155,1.353939
2026-06-28T23:41:25,idle,ue4,1931086,1334028.5318549532,1.334029
2026-06-28T23:41:25,idle,ue5,1931814,1373850.3796222776,1.373850
2026-06-28T23:41:25,idle,ue6,1931826,1309140.0497362942,1.309140
2026-06-28T23:41:25,idle,ue7,1931838,1348961.7247676998,1.348962
2026-06-28T23:41:25,idle,ue8,1931850,1403716.6790798116,1.403717
2026-06-28T23:41:25,idle,ue9,1932577,1378828.0242252338,1.378828
2026-06-28T23:41:25,idle,ue10,1932589,1343984.0801647436,1.343984
2026-06-28T23:41:25,idle,ue11,1932601,1358917.2730774903,1.358917
2026-06-28T23:41:25,idle,ue12,1932613,1329050.9736199563,1.329051
2026-06-28T23:41:25,idle,ue13,1933348,1334028.5318549532,1.334029
2026-06-28T23:41:25,idle,ue14,1933360,1393761.2171379805,1.393761
2026-06-28T23:41:25,idle,ue15,1933372,1353939.4557386155,1.353939
2026-06-28T23:41:25,idle,ue16,1933384,1348961.7247676998,1.348962
2026-06-28T23:41:31,idle,cu_cp1,1930760,625471.5372498966,0.625472
2026-06-28T23:41:31,idle,cu_up1,1930788,634948.3996938622,0.634948
2026-06-28T23:41:31,idle,cu_cp2,1930796,634948.3996938622,0.634948
2026-06-28T23:41:31,idle,cu_up2,1930824,625471.5372498966,0.625472
2026-06-28T23:41:31,idle,du1,1930986,4776328.291369915,4.776328
2026-06-28T23:41:31,idle,du2,1931748,4852142.844908681,4.852143
2026-06-28T23:41:31,idle,du3,1932532,4833188.947014269,4.833189
2026-06-28T23:41:31,idle,du4,1933301,4814235.7411457775,4.814236
2026-06-28T23:41:31,idle,ue1,1931050,1317280.938601073,1.317281
2026-06-28T23:41:31,idle,ue2,1931062,1374142.113264867,1.374142
2026-06-28T23:41:31,idle,ue3,1931074,1355188.3883769356,1.355188
2026-06-28T23:41:31,idle,ue4,1931086,1345711.6124362098,1.345712
2026-06-28T23:41:31,idle,ue5,1931814,1412049.39003425,1.412049
2026-06-28T23:41:31,idle,ue6,1931826,1326757.8875482786,1.326758
2026-06-28T23:41:31,idle,ue7,1931838,1402572.6140935242,1.402573
2026-06-28T23:41:31,idle,ue8,1931850,1364665.2508209015,1.364665
2026-06-28T23:41:31,idle,ue9,1932577,1393095.7516495585,1.393096
2026-06-28T23:41:31,idle,ue10,1932589,1355188.3883769356,1.355188
2026-06-28T23:41:31,idle,ue11,1932601,1355188.3883769356,1.355188
2026-06-28T23:41:31,idle,ue12,1932613,1307804.0761571073,1.307804
2026-06-28T23:41:31,idle,ue13,1933348,1393095.7516495585,1.393096
2026-06-28T23:41:31,idle,ue14,1933360,1336234.7499922442,1.336235
2026-06-28T23:41:31,idle,ue15,1933372,1364665.2508209015,1.364665
2026-06-28T23:41:31,idle,ue16,1933384,1336234.7499922442,1.336235
2026-06-28T23:41:37,idle,cu_cp1,1930760,620307.9097297263,0.620308
2026-06-28T23:41:37,idle,cu_up1,1930788,620307.9097297263,0.620308
2026-06-28T23:41:37,idle,cu_cp2,1930796,627520.8369529247,0.627521
2026-06-28T23:41:37,idle,cu_up2,1930824,620307.9097297263,0.620308
2026-06-28T23:41:37,idle,du1,1930986,4731651.328702355,4.731651
2026-06-28T23:41:37,idle,du2,1931748,4839844.67739809,4.839845
2026-06-28T23:41:37,idle,du3,1932532,4832631.53492403,4.832632
2026-06-28T23:41:37,idle,du4,1933301,4832631.53492403,4.832632
2026-06-28T23:41:37,idle,ue1,1931050,1298318.978944006,1.298319
2026-06-28T23:41:37,idle,ue2,1931062,1327170.5156361102,1.327171
2026-06-28T23:41:37,idle,ue3,1931074,1370447.7345739221,1.370448
2026-06-28T23:41:37,idle,ue4,1931086,1363234.850400896,1.363235
2026-06-28T23:41:37,idle,ue5,1931814,1341596.1978818178,1.341596
2026-06-28T23:41:37,idle,ue6,1931826,1363234.850400896,1.363235
2026-06-28T23:41:37,idle,ue7,1931838,1392086.3870930003,1.392086
2026-06-28T23:41:37,idle,ue8,1931850,1334383.3998091363,1.334383
2026-06-28T23:41:37,idle,ue9,1932577,1384873.589020319,1.384874
2026-06-28T23:41:37,idle,ue10,1932589,1392086.3870930003,1.392086
2026-06-28T23:41:37,idle,ue11,1932601,1327170.5156361102,1.327171
2026-06-28T23:41:37,idle,ue12,1932613,1356022.0523282147,1.356022
2026-06-28T23:41:37,idle,ue13,1933348,1392086.3870930003,1.392086
2026-06-28T23:41:37,idle,ue14,1933360,1312744.6611897135,1.312745
2026-06-28T23:41:37,idle,ue15,1933372,1348809.082054844,1.348809
2026-06-28T23:41:37,idle,ue16,1933384,1356022.0523282147,1.356022
2026-06-28T23:41:43,idle,cu_cp1,1930760,619067.5260480952,0.619068
2026-06-28T23:41:43,idle,cu_up1,1930788,627606.3902672553,0.627606
2026-06-28T23:41:43,idle,cu_cp2,1930796,631875.8656571722,0.631876
2026-06-28T23:41:43,idle,cu_up2,1930824,623337.0014380121,0.623337
2026-06-28T23:41:43,idle,du1,1930986,4773224.579146442,4.773225
2026-06-28T23:41:43,idle,du2,1931748,4798840.998682575,4.798841
2026-06-28T23:41:43,idle,du3,1932532,4854343.7026677895,4.854344
2026-06-28T23:41:43,idle,du4,1933301,4798840.998682575,4.798841
2026-06-28T23:41:43,idle,ue1,1931050,1340601.509286785,1.340602
2026-06-28T23:41:43,idle,ue2,1931062,1396104.1267113257,1.396104
2026-06-28T23:41:43,idle,ue3,1931074,1314984.830068631,1.314985
2026-06-28T23:41:43,idle,ue4,1931086,1353409.8056155252,1.353410
2026-06-28T23:41:43,idle,ue5,1931814,1387565.2624921657,1.387565
2026-06-28T23:41:43,idle,ue6,1931826,1332062.5585069514,1.332063
2026-06-28T23:41:43,idle,ue7,1931838,1361948.5832740115,1.361949
2026-06-28T23:41:43,idle,ue8,1931850,1349140.3735059453,1.349140
2026-06-28T23:41:43,idle,ue9,1932577,1383295.8303825855,1.383296
2026-06-28T23:41:43,idle,ue10,1932589,1361948.5832740115,1.361949
2026-06-28T23:41:43,idle,ue11,1932601,1357679.1511644316,1.357679
2026-06-28T23:41:43,idle,ue12,1932613,1374756.8796027517,1.374757
2026-06-28T23:41:43,idle,ue13,1933348,1357679.1511644316,1.357679
2026-06-28T23:41:43,idle,ue14,1933360,1383295.8303825855,1.383296
2026-06-28T23:41:43,idle,ue15,1933372,1319254.348738885,1.319254
2026-06-28T23:41:43,idle,ue16,1933384,1353409.8056155252,1.353410
2026-06-28T23:41:48,idle,cu_cp1,1930760,627723.1734396094,0.627723
2026-06-28T23:41:48,idle,cu_up1,1930788,627723.1734396094,0.627723
2026-06-28T23:41:48,idle,cu_cp2,1930796,623394.0633006147,0.623394
2026-06-28T23:41:48,idle,cu_up2,1930824,619064.95316162,0.619065
2026-06-28T23:41:48,idle,du1,1930986,4701430.113987741,4.701430
2026-06-28T23:41:48,idle,du2,1931748,4792341.642915001,4.792342
2026-06-28T23:41:48,idle,du3,1932532,4796671.141869061,4.796671
2026-06-28T23:41:48,idle,du4,1933301,4818316.562959013,4.818317
2026-06-28T23:41:48,idle,ue1,1931050,1298737.621075862,1.298738
2026-06-28T23:41:48,idle,ue2,1931062,1411294.830303117,1.411295
2026-06-28T23:41:48,idle,ue3,1931074,1337699.7419318366,1.337700
2026-06-28T23:41:48,idle,ue4,1931086,1359345.422231832,1.359345
2026-06-28T23:41:48,idle,ue5,1931814,1398307.5430878068,1.398308
2026-06-28T23:41:48,idle,ue6,1931826,1342028.8088691575,1.342029
2026-06-28T23:41:48,idle,ue7,1931838,1333370.6749945157,1.333371
2026-06-28T23:41:48,idle,ue8,1931850,1342028.8088691575,1.342029
2026-06-28T23:41:48,idle,ue9,1932577,1380991.0161284797,1.380991
2026-06-28T23:41:48,idle,ue10,1932589,1342028.8088691575,1.342029
2026-06-28T23:41:48,idle,ue11,1932601,1350687.1155504948,1.350687
2026-06-28T23:41:48,idle,ue12,1932613,1333370.6749945157,1.333371
2026-06-28T23:41:48,idle,ue13,1933348,1393978.3897471381,1.393978
2026-06-28T23:41:48,idle,ue14,1933360,1363674.489169153,1.363674
2026-06-28T23:41:48,idle,ue15,1933372,1329041.4352504993,1.329041
2026-06-28T23:41:48,idle,ue16,1933384,1346358.048613174,1.346358
2026-06-28T23:41:54,idle,cu_cp1,1930760,628644.8958557987,0.628645
2026-06-28T23:41:54,idle,cu_up1,1930788,618744.9369584525,0.618745
2026-06-28T23:41:54,idle,cu_cp2,1930796,618744.9369584525,0.618745
2026-06-28T23:41:54,idle,cu_up2,1930824,618744.9369584525,0.618745
2026-06-28T23:41:54,idle,du1,1930986,4761861.136661381,4.761861
2026-06-28T23:41:54,idle,du2,1931748,4796511.250815096,4.796511
2026-06-28T23:41:54,idle,du3,1932532,4781661.398473411,4.781661
2026-06-28T23:41:54,idle,du4,1933301,4771761.267567396,4.771761
2026-06-28T23:41:54,idle,ue1,1931050,1356289.0366677237,1.356289
2026-06-28T23:41:54,idle,ue2,1931062,1395888.6142441065,1.395889
2026-06-28T23:41:54,idle,ue3,1931074,1356289.0366677237,1.356289
2026-06-28T23:41:54,idle,ue4,1931086,1331539.225428692,1.331539
2026-06-28T23:41:54,idle,ue5,1931814,1351339.0572190506,1.351339
2026-06-28T23:41:54,idle,ue6,1931826,1346389.0777703775,1.346389
2026-06-28T23:41:54,idle,ue7,1931838,1366188.9095607358,1.366189
2026-06-28T23:41:54,idle,ue8,1931850,1361238.9301120627,1.361239
2026-06-28T23:41:54,idle,ue9,1932577,1385988.7413510943,1.385989
2026-06-28T23:41:54,idle,ue10,1932589,1366188.9095607358,1.366189
2026-06-28T23:41:54,idle,ue11,1932601,1326589.159975685,1.326589
2026-06-28T23:41:54,idle,ue12,1932613,1326589.159975685,1.326589
2026-06-28T23:41:54,idle,ue13,1933348,1381038.761902421,1.381039
2026-06-28T23:41:54,idle,ue14,1933360,1336489.2048773651,1.336489
2026-06-28T23:41:54,idle,ue15,1933372,1351339.0572190506,1.351339
2026-06-28T23:41:54,idle,ue16,1933384,1361238.9301120627,1.361239
2026-06-28T23:42:00,idle,cu_cp1,1930760,628477.1193536461,0.628477
2026-06-28T23:42:00,idle,cu_up1,1930788,628477.1193536461,0.628477
2026-06-28T23:42:00,idle,cu_cp2,1930796,628477.1193536461,0.628477
2026-06-28T23:42:00,idle,cu_up2,1930824,628477.1193536461,0.628477
2026-06-28T23:42:00,idle,du1,1930986,4683650.950293839,4.683651
2026-06-28T23:42:00,idle,du2,1931748,4833288.779172492,4.833289
2026-06-28T23:42:00,idle,du3,1932532,4843264.450176251,4.843264
2026-06-28T23:42:00,idle,du4,1933301,4753481.683753503,4.753482
2026-06-28T23:42:00,idle,ue1,1931050,1396615.9647349566,1.396616
2026-06-28T23:42:00,idle,ue2,1931062,1406591.7221081615,1.406592
2026-06-28T23:42:00,idle,ue3,1931074,1346736.746021703,1.346737
2026-06-28T23:42:00,idle,ue4,1931086,1331772.9804077267,1.331773
2026-06-28T23:42:00,idle,ue5,1931814,1401603.800236836,1.401604
2026-06-28T23:42:00,idle,ue6,1931826,1356712.5897643536,1.356713
2026-06-28T23:42:00,idle,ue7,1931838,1381652.1991209805,1.381652
2026-06-28T23:42:00,idle,ue8,1931850,1326785.0585364015,1.326785
2026-06-28T23:42:00,idle,ue9,1932577,1411579.557610041,1.411580
2026-06-28T23:42:00,idle,ue10,1932589,1371676.3553783298,1.371676
2026-06-28T23:42:00,idle,ue11,1932601,1366688.3471375585,1.366688
2026-06-28T23:42:00,idle,ue12,1932613,1346736.746021703,1.346737
2026-06-28T23:42:00,idle,ue13,1933348,1401603.800236836,1.401604
2026-06-28T23:42:00,idle,ue14,1933360,1396615.9647349566,1.396616
2026-06-28T23:42:00,idle,ue15,1933372,1336760.988648498,1.336761
2026-06-28T23:42:00,idle,ue16,1933384,1341748.8241503774,1.341749
2026-06-28T23:42:06,idle,cu_cp1,1930760,614927.879857063,0.614928
2026-06-28T23:42:06,idle,cu_up1,1930788,636504.2846359244,0.636504
2026-06-28T23:42:06,idle,cu_cp2,1930796,625716.0392890546,0.625716
2026-06-28T23:42:06,idle,cu_up2,1930824,625716.0392890546,0.625716
2026-06-28T23:42:06,idle,du1,1930986,4779176.278921587,4.779176
2026-06-28T23:42:06,idle,du2,1931748,4757599.616398091,4.757600
2026-06-28T23:42:06,idle,du3,1932532,4779176.278921587,4.779176
2026-06-28T23:42:06,idle,du4,1933301,4736023.297534108,4.736023
2026-06-28T23:42:06,idle,ue1,1931050,1348525.9430404245,1.348526
2026-06-28T23:42:06,idle,ue2,1931062,1359314.1883872943,1.359314
2026-06-28T23:42:06,idle,ue3,1931074,1348525.9430404245,1.348526
2026-06-28T23:42:06,idle,ue4,1931086,1316161.4647444498,1.316161
2026-06-28T23:42:06,idle,ue5,1931814,1326949.5382615633,1.326950
2026-06-28T23:42:06,idle,ue6,1931826,1294584.9740507102,1.294585
2026-06-28T23:42:06,idle,ue7,1931838,1316161.4647444498,1.316161
2026-06-28T23:42:06,idle,ue8,1931850,1370102.4337341643,1.370102
2026-06-28T23:42:06,idle,ue9,1932577,1380890.6790810341,1.380891
2026-06-28T23:42:06,idle,ue10,1932589,1337737.783608433,1.337738
2026-06-28T23:42:06,idle,ue11,1932601,1337737.783608433,1.337738
2026-06-28T23:42:06,idle,ue12,1932613,1359314.1883872943,1.359314
2026-06-28T23:42:06,idle,ue13,1933348,1326949.5382615633,1.326950
2026-06-28T23:42:06,idle,ue14,1933360,1380890.6790810341,1.380891
2026-06-28T23:42:06,idle,ue15,1933372,1348525.9430404245,1.348526
2026-06-28T23:42:06,idle,ue16,1933384,1348525.9430404245,1.348526
2026-06-28T23:42:11,idle,cu_cp1,1930760,634255.1248493659,0.634255
2026-06-28T23:42:11,idle,cu_up1,1930788,634255.1248493659,0.634255
2026-06-28T23:42:11,idle,cu_cp2,1930796,626326.9562969506,0.626327
2026-06-28T23:42:11,idle,cu_up2,1930824,626326.9562969506,0.626327
2026-06-28T23:42:11,idle,du1,1930986,4820338.914315052,4.820339
2026-06-28T23:42:11,idle,du2,1931748,4820338.914315052,4.820339
2026-06-28T23:42:11,idle,du3,1932532,4859980.275179067,4.859980
2026-06-28T23:42:11,idle,du4,1933301,4780698.244253621,4.780698
2026-06-28T23:42:11,idle,ue1,1931050,1363648.4450283623,1.363648
2026-06-28T23:42:11,idle,ue2,1931062,1363648.4450283623,1.363648
2026-06-28T23:42:11,idle,ue3,1931074,1347792.1079235314,1.347792
2026-06-28T23:42:11,idle,ue4,1931086,1339863.9393711162,1.339864
2026-06-28T23:42:11,idle,ue5,1931814,1411217.6290435004,1.411218
2026-06-28T23:42:11,idle,ue6,1931826,1355720.276475947,1.355720
2026-06-28T23:42:11,idle,ue7,1931838,1371576.7862814236,1.371577
2026-06-28T23:42:11,idle,ue8,1931850,1316079.4337138701,1.316079
2026-06-28T23:42:11,idle,ue9,1932577,1387433.1233862543,1.387433
2026-06-28T23:42:11,idle,ue10,1932589,1379504.9548338389,1.379505
2026-06-28T23:42:11,idle,ue11,1932601,1339863.9393711162,1.339864
2026-06-28T23:42:11,idle,ue12,1932613,1339863.9393711162,1.339864
2026-06-28T23:42:11,idle,ue13,1933348,1387433.1233862543,1.387433
2026-06-28T23:42:11,idle,ue14,1933360,1395361.2919386697,1.395361
2026-06-28T23:42:11,idle,ue15,1933372,1292294.755355978,1.292295
2026-06-28T23:42:11,idle,ue16,1933384,1355720.276475947,1.355720
2026-06-28T23:42:17,idle,cu_cp1,1930760,616606.8231995514,0.616607
2026-06-28T23:42:17,idle,cu_up1,1930788,633500.2189154094,0.633500
2026-06-28T23:42:17,idle,cu_cp2,1930796,625053.499639003,0.625053
2026-06-28T23:42:17,idle,cu_up2,1930824,616606.8231995514,0.616607
2026-06-28T23:42:17,idle,du1,1930986,4658337.901172919,4.658338
2026-06-28T23:42:17,idle,du2,1931748,4734358.074801893,4.734358
2026-06-28T23:42:17,idle,du3,1932532,4696348.330683045,4.696348
2026-06-28T23:42:17,idle,du4,1933301,4768144.4378640605,4.768144
2026-06-28T23:42:17,idle,ue1,1931050,1381030.3555786407,1.381030
2026-06-28T23:42:17,idle,ue2,1931062,1330350.382615841,1.330350
2026-06-28T23:42:17,idle,ue3,1931074,1347243.821168654,1.347244
2026-06-28T23:42:17,idle,ue4,1931086,1355690.4119341958,1.355690
2026-06-28T23:42:17,idle,ue5,1931814,1368360.3837564182,1.368360
2026-06-28T23:42:17,idle,ue6,1931826,1334573.677998612,1.334574
2026-06-28T23:42:17,idle,ue7,1931838,1338796.9733813829,1.338797
2026-06-28T23:42:17,idle,ue8,1931850,1296563.6768580347,1.296564
2026-06-28T23:42:17,idle,ue9,1932577,1317680.4107936185,1.317680
2026-06-28T23:42:17,idle,ue10,1932589,1309233.734354167,1.309234
2026-06-28T23:42:17,idle,ue11,1932601,1292340.295801354,1.292340
2026-06-28T23:42:17,idle,ue12,1932613,1296563.6768580347,1.296564
2026-06-28T23:42:17,idle,ue13,1933348,1372583.6791391892,1.372584
2026-06-28T23:42:17,idle,ue14,1933360,1368360.3837564182,1.368360
2026-06-28T23:42:17,idle,ue15,1933372,1313457.1154108476,1.313457
2026-06-28T23:42:17,idle,ue16,1933384,1300787.1435886251,1.300787
2026-06-28T23:42:23,idle,cu_cp1,1930760,629152.6114437729,0.629153
2026-06-28T23:42:23,idle,cu_up1,1930788,633403.6536489129,0.633404
2026-06-28T23:42:23,idle,cu_cp2,1930796,616399.5278524831,0.616400
2026-06-28T23:42:23,idle,cu_up2,1930824,616399.5278524831,0.616400
2026-06-28T23:42:23,idle,du1,1930986,4710142.372345626,4.710142
2026-06-28T23:42:23,idle,du2,1931748,4782410.175881267,4.782410
2026-06-28T23:42:23,idle,du3,1932532,4790912.088195026,4.790912
2026-06-28T23:42:23,idle,du4,1933301,4773907.919374466,4.773908
2026-06-28T23:42:23,idle,ue1,1931050,1368832.0620764047,1.368832
2026-06-28T23:42:23,idle,ue2,1931062,1351827.979304105,1.351828
2026-06-28T23:42:23,idle,ue3,1931074,1292313.4744804054,1.292313
2026-06-28T23:42:23,idle,ue4,1931086,1381585.1886918247,1.381585
2026-06-28T23:42:23,idle,ue5,1931814,1360330.063714385,1.360330
2026-06-28T23:42:23,idle,ue6,1931826,1373083.1042815447,1.373083
2026-06-28T23:42:23,idle,ue7,1931838,1334823.8965318054,1.334824
2026-06-28T23:42:23,idle,ue8,1931850,1296564.6027338058,1.296565
2026-06-28T23:42:23,idle,ue9,1932577,1343325.894893825,1.343326
2026-06-28T23:42:23,idle,ue10,1932589,1309317.7293492258,1.309318
2026-06-28T23:42:23,idle,ue11,1932601,1339074.852688685,1.339075
2026-06-28T23:42:23,idle,ue12,1932613,1322070.7699163854,1.322071
2026-06-28T23:42:23,idle,ue13,1933348,1390087.1870538443,1.390087
2026-06-28T23:42:23,idle,ue14,1933360,1364581.0198712647,1.364581
2026-06-28T23:42:23,idle,ue15,1933372,1334823.8965318054,1.334824
2026-06-28T23:42:23,idle,ue16,1933384,1347576.937098965,1.347577
2026-06-28T23:42:29,idle,cu_cp1,1930760,628350.9174324721,0.628351
2026-06-28T23:42:29,idle,cu_up1,1930788,623554.3965252846,0.623554
2026-06-28T23:42:29,idle,cu_cp2,1930796,613961.2254478597,0.613961
2026-06-28T23:42:29,idle,cu_up2,1930824,623554.3965252846,0.623554
2026-06-28T23:42:29,idle,du1,1930986,4758199.411045547,4.758199
2026-06-28T23:42:29,idle,du2,1931748,4791775.402097326,4.791775
2026-06-28T23:42:29,idle,du3,1932532,4796571.923004513,4.796572
2026-06-28T23:42:29,idle,du4,1933301,4719826.899086581,4.719827
2026-06-28T23:42:29,idle,ue1,1931050,1328650.424051056,1.328650
2026-06-28T23:42:29,idle,ue2,1931062,1333447.03113361,1.333447
2026-06-28T23:42:29,idle,ue3,1931074,1367023.0221853887,1.367023
2026-06-28T23:42:29,idle,ue4,1931086,1371819.6292679429,1.371820
2026-06-28T23:42:29,idle,ue5,1931814,1357429.8941956472,1.357430
2026-06-28T23:42:29,idle,ue6,1931826,1338243.6382161642,1.338244
2026-06-28T23:42:29,idle,ue7,1931838,1328650.424051056,1.328650
2026-06-28T23:42:29,idle,ue8,1931850,1295074.5191746438,1.295075
2026-06-28T23:42:29,idle,ue9,1932577,1381412.8434330511,1.381413
2026-06-28T23:42:29,idle,ue10,1932589,1328650.424051056,1.328650
2026-06-28T23:42:29,idle,ue11,1932601,1352633.3732884598,1.352633
2026-06-28T23:42:29,idle,ue12,1932613,1391005.885247426,1.391006
2026-06-28T23:42:29,idle,ue13,1933348,1314260.7751541268,1.314261
2026-06-28T23:42:29,idle,ue14,1933360,1367023.0221853887,1.367023
2026-06-28T23:42:29,idle,ue15,1933372,1338243.6382161642,1.338244
2026-06-28T23:42:29,idle,ue16,1933384,1371819.6292679429,1.371820
2026-06-28T23:42:35,idle,cu_cp1,1930760,625299.3767426386,0.625299
2026-06-28T23:42:35,idle,cu_up1,1930788,635224.8504090682,0.635225
2026-06-28T23:42:35,idle,cu_cp2,1930796,625299.3767426386,0.625299
2026-06-28T23:42:35,idle,cu_up2,1930824,615373.9891272709,0.615374
2026-06-28T23:42:35,idle,du1,1930986,4764185.711172283,4.764186
2026-06-28T23:42:35,idle,du2,1931748,4759223.318543315,4.759223
2026-06-28T23:42:35,idle,du3,1932532,4803887.605838001,4.803888
2026-06-28T23:42:35,idle,du4,1933301,4749297.844876885,4.749298
2026-06-28T23:42:35,idle,ue1,1931050,1349852.7156900167,1.349853
2026-06-28T23:42:35,idle,ue2,1931062,1315113.8160106987,1.315114
2026-06-28T23:42:35,idle,ue3,1931074,1339927.328074649,1.339927
2026-06-28T23:42:35,idle,ue4,1931086,1310151.2512796074,1.310151
2026-06-28T23:42:35,idle,ue5,1931814,1344890.0649078637,1.344890
2026-06-28T23:42:35,idle,ue6,1931826,1339927.328074649,1.339927
2026-06-28T23:42:35,idle,ue7,1931838,1315113.8160106987,1.315114
2026-06-28T23:42:35,idle,ue8,1931850,1374666.1417029053,1.374666
2026-06-28T23:42:35,idle,ue9,1932577,1379628.87853612,1.379629
2026-06-28T23:42:35,idle,ue10,1932589,1354815.3664721698,1.354815
2026-06-28T23:42:35,idle,ue11,1932601,1349852.7156900167,1.349853
2026-06-28T23:42:35,idle,ue12,1932613,1359778.1033053845,1.359778
2026-06-28T23:42:35,idle,ue13,1933348,1325039.2896771282,1.325039
2026-06-28T23:42:35,idle,ue14,1933360,1359778.1033053845,1.359778
2026-06-28T23:42:35,idle,ue15,1933372,1344890.0649078637,1.344890
2026-06-28T23:42:35,idle,ue16,1933384,1339927.328074649,1.339927
2026-06-28T23:42:40,idle,cu_cp1,1930760,607979.6654081803,0.607980
2026-06-28T23:42:40,idle,cu_up1,1930788,643055.4376724559,0.643055
2026-06-28T23:42:40,idle,cu_cp2,1930796,619671.6325154495,0.619672
2026-06-28T23:42:40,idle,cu_up2,1930824,631363.5135843641,0.631364
2026-06-28T23:42:40,idle,du1,1930986,4875529.591506953,4.875530
2026-06-28T23:42:40,idle,du2,1931748,4711842.654273667,4.711843
2026-06-28T23:42:40,idle,du3,1932532,4817069.626913075,4.817070
2026-06-28T23:42:40,idle,du4,1933301,4852145.399177351,4.852145
2026-06-28T23:42:40,idle,ue1,1931050,1356262.3338351082,1.356262
2026-06-28T23:42:40,idle,ue2,1931062,1367954.3439615548,1.367954
2026-06-28T23:42:40,idle,ue3,1931074,1321186.5615708327,1.321187
2026-06-28T23:42:40,idle,ue4,1931086,1309494.7235210955,1.309495
2026-06-28T23:42:40,idle,ue5,1931814,1379646.2680496466,1.379646
2026-06-28T23:42:40,idle,ue6,1931826,1356262.3338351082,1.356262
2026-06-28T23:42:40,idle,ue7,1931838,1367954.3439615548,1.367954
2026-06-28T23:42:40,idle,ue8,1931850,1286110.8753449118,1.286111
2026-06-28T23:42:40,idle,ue9,1932577,1367954.3439615548,1.367954
2026-06-28T23:42:40,idle,ue10,1932589,1344570.4097470164,1.344570
2026-06-28T23:42:40,idle,ue11,1932601,1332878.4856589246,1.332878
2026-06-28T23:42:40,idle,ue12,1932613,1344570.4097470164,1.344570
2026-06-28T23:42:40,idle,ue13,1933348,1356262.3338351082,1.356262
2026-06-28T23:42:40,idle,ue14,1933360,1309494.7235210955,1.309495
2026-06-28T23:42:40,idle,ue15,1933372,1367954.3439615548,1.367954
2026-06-28T23:42:40,idle,ue16,1933384,1321186.5615708327,1.321187
2026-06-28T23:42:46,idle,cu_cp1,1930760,630392.03565974,0.630392
2026-06-28T23:42:46,idle,cu_up1,1930788,630392.03565974,0.630392
2026-06-28T23:42:46,idle,cu_cp2,1930796,630392.03565974,0.630392
2026-06-28T23:42:46,idle,cu_up2,1930824,630392.03565974,0.630392
2026-06-28T23:42:46,idle,du1,1930986,4748953.544826164,4.748954
2026-06-28T23:42:46,idle,du2,1931748,4748953.544826164,4.748954
2026-06-28T23:42:46,idle,du3,1932532,4765764.046181297,4.765764
2026-06-28T23:42:46,idle,du4,1933301,4799384.704470539,4.799385
2026-06-28T23:42:46,idle,ue1,1931050,1386862.4870619536,1.386862
2026-06-28T23:42:46,idle,ue2,1931062,1403673.0745223428,1.403673
2026-06-28T23:42:46,idle,ue3,1931074,1319620.7399571897,1.319621
2026-06-28T23:42:46,idle,ue4,1931086,1311215.575384879,1.311216
2026-06-28T23:42:46,idle,ue5,1931814,1386862.4870619536,1.386862
2026-06-28T23:42:46,idle,ue6,1931826,1361646.82113451,1.361647
2026-06-28T23:42:46,idle,ue7,1931838,1370052.0718120765,1.370052
2026-06-28T23:42:46,idle,ue8,1931850,1328025.9906347562,1.328026
2026-06-28T23:42:46,idle,ue9,1932577,1412078.3251999093,1.412078
2026-06-28T23:42:46,idle,ue10,1932589,1378457.322489643,1.378457
2026-06-28T23:42:46,idle,ue11,1932601,1328025.9906347562,1.328026
2026-06-28T23:42:46,idle,ue12,1932613,1378457.322489643,1.378457
2026-06-28T23:42:46,idle,ue13,1933348,1378457.322489643,1.378457
2026-06-28T23:42:46,idle,ue14,1933360,1344836.405884633,1.344836
2026-06-28T23:42:46,idle,ue15,1933372,1344836.405884633,1.344836
2026-06-28T23:42:46,idle,ue16,1933384,1378457.322489643,1.378457
2026-06-28T23:42:52,idle,cu_cp1,1930760,621679.7494511679,0.621680
2026-06-28T23:42:52,idle,cu_up1,1930788,628223.7513417071,0.628224
2026-06-28T23:42:52,idle,cu_cp2,1930796,628223.7513417071,0.628224
2026-06-28T23:42:52,idle,cu_up2,1930824,634767.7532322464,0.634768
2026-06-28T23:42:52,idle,du1,1930986,4737854.099609954,4.737854
2026-06-28T23:42:52,idle,du2,1931748,4750942.361481068,4.750942
2026-06-28T23:42:52,idle,du3,1932532,4757486.148296578,4.757486
2026-06-28T23:42:52,idle,du4,1933301,4744398.2305455115,4.744398
2026-06-28T23:42:52,idle,ue1,1931050,1374239.5367131203,1.374240
2026-06-28T23:42:52,idle,ue2,1931062,1393871.4133397203,1.393871
2026-06-28T23:42:52,idle,ue3,1931074,1308799.4317777164,1.308799
2026-06-28T23:42:52,idle,ue4,1931086,1321887.5215888065,1.321888
2026-06-28T23:42:52,idle,ue5,1931814,1354607.4880264967,1.354607
2026-06-28T23:42:52,idle,ue6,1931826,1348063.5291509635,1.348064
2026-06-28T23:42:52,idle,ue7,1931838,1321887.5215888065,1.321888
2026-06-28T23:42:52,idle,ue8,1931850,1354607.4880264967,1.354607
2026-06-28T23:42:52,idle,ue9,1932577,1413503.462026344,1.413503
2026-06-28T23:42:52,idle,ue10,1932589,1387327.540494199,1.387328
2026-06-28T23:42:52,idle,ue11,1932601,1334975.525369885,1.334976
2026-06-28T23:42:52,idle,ue12,1932613,1367695.4918075753,1.367695
2026-06-28T23:42:52,idle,ue13,1933348,1380783.409558642,1.380783
2026-06-28T23:42:52,idle,ue14,1933360,1374239.5367131203,1.374240
2026-06-28T23:42:52,idle,ue15,1933372,1341519.4842454183,1.341519
2026-06-28T23:42:52,idle,ue16,1933384,1341519.4842454183,1.341519
2026-06-28T23:42:58,idle,cu_cp1,1930760,627955.1555491101,0.627955
2026-06-28T23:42:58,idle,cu_up1,1930788,632198.0632819507,0.632198
2026-06-28T23:42:58,idle,cu_cp2,1930796,619469.2971272799,0.619469
2026-06-28T23:42:58,idle,cu_up2,1930824,636440.9710147912,0.636441
2026-06-28T23:42:58,idle,du1,1930986,4709663.4088814305,4.709663
2026-06-28T23:42:58,idle,du2,1931748,4747849.707345443,4.747850
2026-06-28T23:42:58,idle,du3,1932532,4743607.358042543,4.743607
2026-06-28T23:42:58,idle,du4,1933301,4726635.21163739,4.726635
2026-06-28T23:42:58,idle,ue1,1931050,1361983.8205860686,1.361984
2026-06-28T23:42:58,idle,ue2,1931062,1383198.4881187188,1.383198
2026-06-28T23:42:58,idle,ue3,1931074,1345012.103742408,1.345012
2026-06-28T23:42:58,idle,ue4,1931086,1311068.4982304901,1.311068
2026-06-28T23:42:58,idle,ue5,1931814,1404413.1556513691,1.404413
2026-06-28T23:42:58,idle,ue6,1931826,1311068.4982304901,1.311068
2026-06-28T23:42:58,idle,ue7,1931838,1366226.7712750584,1.366227
2026-06-28T23:42:58,idle,ue8,1931850,1349254.9685190993,1.349255
2026-06-28T23:42:58,idle,ue9,1932577,1404413.1556513691,1.404413
2026-06-28T23:42:58,idle,ue10,1932589,1349254.9685190993,1.349255
2026-06-28T23:42:58,idle,ue11,1932601,1370469.6360517496,1.370470
2026-06-28T23:42:58,idle,ue12,1932613,1353497.9192080891,1.353498
2026-06-28T23:42:58,idle,ue13,1933348,1374712.5867407394,1.374713
2026-06-28T23:42:58,idle,ue14,1933360,1383198.4881187188,1.383198
2026-06-28T23:42:58,idle,ue15,1933372,1345012.103742408,1.345012
2026-06-28T23:42:58,idle,ue16,1933384,1311068.4982304901,1.311068
2026-06-28T23:43:04,idle,cu_cp1,1930760,624141.1888500601,0.624141
2026-06-28T23:43:04,idle,cu_up1,1930788,633319.6814791709,0.633320
2026-06-28T23:43:04,idle,cu_cp2,1930796,633319.6814791709,0.633320
2026-06-28T23:43:04,idle,cu_up2,1930824,624141.1888500601,0.624141
2026-06-28T23:43:04,idle,du1,1930986,4745308.493502617,4.745308
2026-06-28T23:43:04,idle,du2,1931748,4731540.239665389,4.731540
2026-06-28T23:43:04,idle,du3,1932532,4763665.4787608385,4.763665
2026-06-28T23:43:04,idle,du4,1933301,4745308.493502617,4.745308
2026-06-28T23:43:04,idle,ue1,1931050,1376781.9610324204,1.376782
2026-06-28T23:43:04,idle,ue2,1931062,1404317.61055094,1.404318
2026-06-28T23:43:04,idle,ue3,1931074,1321710.5761797875,1.321711
2026-06-28T23:43:04,idle,ue4,1931086,1298764.2587914169,1.298764
2026-06-28T23:43:04,idle,ue5,1931814,1399728.1926051974,1.399728
2026-06-28T23:43:04,idle,ue6,1931826,1344656.9793837517,1.344657
2026-06-28T23:43:04,idle,ue7,1931838,1344656.9793837517,1.344657
2026-06-28T23:43:04,idle,ue8,1931850,1317121.329865232,1.317121
2026-06-28T23:43:04,idle,ue9,1932577,1399728.1926051974,1.399728
2026-06-28T23:43:04,idle,ue10,1932589,1372192.714717865,1.372193
2026-06-28T23:43:04,idle,ue11,1932601,1317121.329865232,1.317121
2026-06-28T23:43:04,idle,ue12,1932613,1312532.0835506767,1.312532
2026-06-28T23:43:04,idle,ue13,1933348,1390549.6999760866,1.390550
2026-06-28T23:43:04,idle,ue14,1933360,1376781.9610324204,1.376782
2026-06-28T23:43:04,idle,ue15,1933372,1344656.9793837517,1.344657
2026-06-28T23:43:04,idle,ue16,1933384,1367603.4684033096,1.367603
2026-06-28T23:43:09,idle,cu_cp1,1930760,621696.3997597933,0.621696
2026-06-28T23:43:09,idle,cu_up1,1930788,631643.5418116316,0.631644
2026-06-28T23:43:09,idle,cu_cp2,1930796,626669.9492658153,0.626670
2026-06-28T23:43:09,idle,cu_up2,1930824,626669.9492658153,0.626670
2026-06-28T23:43:09,idle,du1,1930986,4749760.480392086,4.749760
2026-06-28T23:43:09,idle,du2,1931748,4724892.431583417,4.724892
2026-06-28T23:43:09,idle,du3,1932532,4814416.925248933,4.814417
2026-06-28T23:43:09,idle,du4,1933301,4764681.171949947,4.764681
2026-06-28T23:43:09,idle,ue1,1931050,1367732.0106078745,1.367732
2026-06-28T23:43:09,idle,ue2,1931062,1397573.5658827722,1.397574
2026-06-28T23:43:09,idle,ue3,1931074,1342864.1339583814,1.342864
2026-06-28T23:43:09,idle,ue4,1931086,1313022.8369222493,1.313023
2026-06-28T23:43:09,idle,ue5,1931814,1392599.8872573674,1.392600
2026-06-28T23:43:09,idle,ue6,1931826,1357784.8255162418,1.357785
2026-06-28T23:43:09,idle,ue7,1931838,1337890.6274921536,1.337891
2026-06-28T23:43:09,idle,ue8,1931850,1327943.5284801095,1.327944
2026-06-28T23:43:09,idle,ue9,1932577,1392599.8872573674,1.392600
2026-06-28T23:43:09,idle,ue10,1932589,1337890.6274921536,1.337891
2026-06-28T23:43:09,idle,ue11,1932601,1357784.8255162418,1.357785
2026-06-28T23:43:09,idle,ue12,1932613,1357784.8255162418,1.357785
2026-06-28T23:43:09,idle,ue13,1933348,1372705.6892332793,1.372706
2026-06-28T23:43:09,idle,ue14,1933360,1372705.6892332793,1.372706
2026-06-28T23:43:09,idle,ue15,1933372,1352811.319050014,1.352811
2026-06-28T23:43:09,idle,ue16,1933384,1377679.195699507,1.377679
2026-06-28T23:43:15,idle,cu_cp1,1930760,629575.7890538994,0.629576
2026-06-28T23:43:15,idle,cu_up1,1930788,634533.1165974665,0.634533
2026-06-28T23:43:15,idle,cu_cp2,1930796,609746.6935661989,0.609747
2026-06-28T23:43:15,idle,cu_up2,1930824,619661.2627787059,0.619661
2026-06-28T23:43:15,idle,du1,1930986,4763955.744961879,4.763956
2026-06-28T23:43:15,idle,du2,1931748,4714382.72715009,4.714383
2026-06-28T23:43:15,idle,du3,1932532,4798656.307832518,4.798656
2026-06-28T23:43:15,idle,du4,1933301,4754040.660501609,4.754041
2026-06-28T23:43:15,idle,ue1,1931050,1363254.7265883768,1.363255
2026-06-28T23:43:15,idle,ue2,1931062,1378126.5804071373,1.378127
2026-06-28T23:43:15,idle,ue3,1931074,1353340.1573758698,1.353340
2026-06-28T23:43:15,idle,ue4,1931086,1353340.1573758698,1.353340
2026-06-28T23:43:15,idle,ue5,1931814,1378126.5804071373,1.378127
2026-06-28T23:43:15,idle,ue6,1931826,1328553.7343446023,1.328554
2026-06-28T23:43:15,idle,ue7,1931838,1363254.7265883768,1.363255
2026-06-28T23:43:15,idle,ue8,1931850,1353340.1573758698,1.353340
2026-06-28T23:43:15,idle,ue9,1932577,1318639.079257468,1.318639
2026-06-28T23:43:15,idle,ue10,1932589,1308724.510044961,1.308725
2026-06-28T23:43:15,idle,ue11,1932601,1328553.7343446023,1.328554
2026-06-28T23:43:15,idle,ue12,1932613,1397955.7188321513,1.397956
2026-06-28T23:43:15,idle,ue13,1933348,1378126.5804071373,1.378127
2026-06-28T23:43:15,idle,ue14,1933360,1373169.381675511,1.373169
2026-06-28T23:43:15,idle,ue15,1933372,1338468.217682482,1.338468
2026-06-28T23:43:15,idle,ue16,1933384,1353340.1573758698,1.353340
2026-06-28T23:43:21,dl,cu_cp1,1930760,623403.9960507374,0.623404
2026-06-28T23:43:21,dl,cu_up1,1930788,632571.7407862127,0.632572
2026-06-28T23:43:21,dl,cu_cp2,1930796,614236.3793456611,0.614236
2026-06-28T23:43:21,dl,cu_up2,1930824,614236.3793456611,0.614236
2026-06-28T23:43:21,dl,du1,1930986,4657194.865000777,4.657195
2026-06-28T23:43:21,dl,du2,1931748,4666362.86579705,4.666363
2026-06-28T23:43:21,dl,du3,1932532,4785542.779175835,4.785543
2026-06-28T23:43:21,dl,du4,1933301,4739704.482266455,4.739704
2026-06-28T23:43:21,dl,ue1,1931050,1329317.5240135533,1.329318
2026-06-28T23:43:21,dl,ue2,1931062,1310982.034542603,1.310982
2026-06-28T23:43:21,dl,ue3,1931074,1310982.034542603,1.310982
2026-06-28T23:43:21,dl,ue4,1931086,1356820.5875127804,1.356821
2026-06-28T23:43:21,dl,ue5,1931814,1310982.034542603,1.310982
2026-06-28T23:43:21,dl,ue6,1931826,1274311.2263079006,1.274311
2026-06-28T23:43:21,dl,ue7,1931838,1301814.2898071278,1.301814
2026-06-28T23:43:21,dl,ue8,1931850,1375155.9916301316,1.375156
2026-06-28T23:43:21,dl,ue9,1932577,1283478.8856897766,1.283479
2026-06-28T23:43:21,dl,ue10,1932589,1274311.2263079006,1.274311
2026-06-28T23:43:21,dl,ue11,1932601,1274311.2263079006,1.274311
2026-06-28T23:43:21,dl,ue12,1932613,1310982.034542603,1.310982
2026-06-28T23:43:21,dl,ue13,1933348,1365988.3322482556,1.365988
2026-06-28T23:43:21,dl,ue14,1933360,1347652.9281309044,1.347653
2026-06-28T23:43:21,dl,ue15,1933372,1347652.9281309044,1.347653
2026-06-28T23:43:21,dl,ue16,1933384,1320149.693924479,1.320150
2026-06-28T23:43:27,dl,cu_cp1,1930760,685037.1349197185,0.685037
2026-06-28T23:43:27,dl,cu_up1,1930788,1139162.9187962962,1.139163
2026-06-28T23:43:27,dl,cu_cp2,1930796,669643.0607033091,0.669643
2026-06-28T23:43:27,dl,cu_up2,1930824,1139162.9187962962,1.139163
2026-06-28T23:43:27,dl,du1,1930986,6303881.310259752,6.303881
2026-06-28T23:43:27,dl,du2,1931748,6196122.362710285,6.196122
2026-06-28T23:43:27,dl,du3,1932532,6165334.309396267,6.165334
2026-06-28T23:43:27,dl,du4,1933301,6242305.203631716,6.242305
2026-06-28T23:43:27,dl,ue1,1931050,2586207.7023959802,2.586208
2026-06-28T23:43:27,dl,ue2,1931062,2601601.7290529893,2.601602
2026-06-28T23:43:27,dl,ue3,1931074,2493843.161978724,2.493843
2026-06-28T23:43:27,dl,ue4,1931086,2555419.4588443614,2.555419
2026-06-28T23:43:27,dl,ue5,1931814,2801724.8365445114,2.801725
2026-06-28T23:43:27,dl,ue6,1931826,2632389.9726046086,2.632390
2026-06-28T23:43:27,dl,ue7,1931838,2439963.6882039905,2.439964
2026-06-28T23:43:27,dl,ue8,1931850,2016626.2429978324,2.016626
2026-06-28T23:43:27,dl,ue9,1932577,2640087.1761707137,2.640087
2026-06-28T23:43:27,dl,ue10,1932589,2578510.498829875,2.578510
2026-06-28T23:43:27,dl,ue11,1932601,2586207.7023959802,2.586208
2026-06-28T23:43:27,dl,ue12,1932613,2262931.620697982,2.262932
2026-06-28T23:43:27,dl,ue13,1933348,2424569.6615469814,2.424570
2026-06-28T23:43:27,dl,ue14,1933360,2524631.405530343,2.524631
2026-06-28T23:43:27,dl,ue15,1933372,2493843.161978724,2.493843
2026-06-28T23:43:27,dl,ue16,1933384,2555419.4588443614,2.555419
2026-06-28T23:43:33,dl,cu_cp1,1930760,659266.0591330141,0.659266
2026-06-28T23:43:33,dl,cu_up1,1930788,1128880.1683278752,1.128880
2026-06-28T23:43:33,dl,cu_cp2,1930796,731514.3506028008,0.731514
2026-06-28T23:43:33,dl,cu_up2,1930824,1128880.1683278752,1.128880
2026-06-28T23:43:33,dl,du1,1930986,6272058.019858441,6.272058
2026-06-28T23:43:33,dl,du2,1931748,6294635.989546061,6.294636
2026-06-28T23:43:33,dl,du3,1932532,6475256.6943715,6.475257
2026-06-28T23:43:33,dl,du4,1933301,6258511.772264085,6.258512
2026-06-28T23:43:33,dl,ue1,1931050,2469989.7793009733,2.469990
2026-06-28T23:43:33,dl,ue2,1931062,2460958.8203765894,2.460959
2026-06-28T23:43:33,dl,ue3,1931074,2497082.8468663455,2.497083
2026-06-28T23:43:33,dl,ue4,1931086,2546753.5025348975,2.546754
2026-06-28T23:43:33,dl,ue5,1931814,2569331.0906380774,2.569331
2026-06-28T23:43:33,dl,ue6,1931826,2646095.1954564406,2.646095
2026-06-28T23:43:33,dl,ue7,1931838,2668672.7835596204,2.668673
2026-06-28T23:43:33,dl,ue8,1931850,2528691.584686129,2.528692
2026-06-28T23:43:33,dl,ue9,1932577,2655126.1543808244,2.655126
2026-06-28T23:43:33,dl,ue10,1932589,2641579.715994248,2.641580
2026-06-28T23:43:33,dl,ue11,1932601,2659641.824635236,2.659642
2026-06-28T23:43:33,dl,ue12,1932613,2686734.8922006083,2.686735
2026-06-28T23:43:33,dl,ue13,1933348,2497082.8468663455,2.497083
2026-06-28T23:43:33,dl,ue14,1933360,2533207.0641483213,2.533207
2026-06-28T23:43:33,dl,ue15,1933372,2587393.1992790652,2.587393
2026-06-28T23:43:33,dl,ue16,1933384,2600939.8284578607,2.600940
2026-06-28T23:43:39,dl,cu_cp1,1930760,694015.8045077104,0.694016
2026-06-28T23:43:39,dl,cu_up1,1930788,1111395.9552578712,1.111396
2026-06-28T23:43:39,dl,cu_cp2,1930796,689162.5590644336,0.689163
2026-06-28T23:43:39,dl,cu_up2,1930824,1135662.1824742549,1.135662
2026-06-28T23:43:39,dl,du1,1930986,6255849.0158091355,6.255849
2026-06-28T23:43:39,dl,du2,1931748,6284968.298900004,6.284968
2026-06-28T23:43:39,dl,du3,1932532,6357766.885764759,6.357767
2026-06-28T23:43:39,dl,du4,1933301,6178196.709579122,6.178197
2026-06-28T23:43:39,dl,ue1,1931050,2446041.769612851,2.446042
2026-06-28T23:43:39,dl,ue2,1931062,2455748.2604994047,2.455748
2026-06-28T23:43:39,dl,ue3,1931074,2373242.8036105107,2.373243
2026-06-28T23:43:39,dl,ue4,1931086,2518840.546046399,2.518841
2026-06-28T23:43:39,dl,ue5,1931814,2436335.089157505,2.436335
2026-06-28T23:43:39,dl,ue6,1931826,2480014.3929313924,2.480014
2026-06-28T23:43:39,dl,ue7,1931838,2528547.0369329522,2.528547
2026-06-28T23:43:39,dl,ue8,1931850,2611052.4938218463,2.611052
2026-06-28T23:43:39,dl,ue9,1932577,2572226.3407068397,2.572226
2026-06-28T23:43:39,dl,ue10,1932589,2538253.527819506,2.538254
2026-06-28T23:43:39,dl,ue11,1932601,2572226.3407068397,2.572226
2026-06-28T23:43:39,dl,ue12,1932613,2630465.475594953,2.630465
2026-06-28T23:43:39,dl,ue13,1933348,2373242.8036105107,2.373243
2026-06-28T23:43:39,dl,ue14,1933360,2426628.5982709513,2.426629
2026-06-28T23:43:39,dl,ue15,1933372,2436335.089157505,2.436335
2026-06-28T23:43:39,dl,ue16,1933384,2513987.2058187257,2.513987
2026-06-28T23:43:45,dl,cu_cp1,1930760,722783.5179354632,0.722784
2026-06-28T23:43:45,dl,cu_up1,1930788,1143508.1815424871,1.143508
2026-06-28T23:43:45,dl,cu_cp2,1930796,695813.9469130582,0.695814
2026-06-28T23:43:45,dl,cu_up2,1930824,1138114.276813631,1.138114
2026-06-28T23:43:45,dl,du1,1930986,6170628.904936347,6.170629
2026-06-28T23:43:45,dl,du2,1931748,6289295.187996178,6.289295
2026-06-28T23:43:45,dl,du3,1932532,6229962.235978761,6.229962
2026-06-28T23:43:45,dl,du4,1933301,6202992.333309484,6.202992
2026-06-28T23:43:45,dl,ue1,1931050,2540529.8853412103,2.540530
2026-06-28T23:43:45,dl,ue2,1931062,2486590.8380526495,2.486591
2026-06-28T23:43:45,dl,ue3,1931074,2443439.6002218006,2.443440
2026-06-28T23:43:45,dl,ue4,1931086,2535135.9806123544,2.535136
2026-06-28T23:43:45,dl,ue5,1931814,2454227.409679513,2.454227
2026-06-28T23:43:45,dl,ue6,1931826,2524348.171154642,2.524348
2026-06-28T23:43:45,dl,ue7,1931838,2513560.5512094283,2.513561
2026-06-28T23:43:45,dl,ue8,1931850,2572893.313714347,2.572893
2026-06-28T23:43:45,dl,ue9,1932577,2508166.4569680737,2.508166
2026-06-28T23:43:45,dl,ue10,1932589,2470409.1238660812,2.470409
2026-06-28T23:43:45,dl,ue11,1932601,2465015.2191372253,2.465015
2026-06-28T23:43:45,dl,ue12,1932613,2562105.693769133,2.562106
2026-06-28T23:43:45,dl,ue13,1933348,2443439.6002218006,2.443440
2026-06-28T23:43:45,dl,ue14,1933360,2432651.7907640887,2.432652
2026-06-28T23:43:45,dl,ue15,1933372,2465015.2191372253,2.465015
2026-06-28T23:43:45,dl,ue16,1933384,2524348.171154642,2.524348
2026-06-28T23:43:51,dl,cu_cp1,1930760,734231.0407168645,0.734231
2026-06-28T23:43:51,dl,cu_up1,1930788,1135763.6759343885,1.135764
2026-06-28T23:43:51,dl,cu_cp2,1930796,688341.5858527034,0.688342
2026-06-28T23:43:51,dl,cu_up2,1930824,1089874.2210702277,1.089874
2026-06-28T23:43:51,dl,du1,1930986,6481883.744950877,6.481884
2026-06-28T23:43:51,dl,du2,1931748,6344215.190670623,6.344215
2026-06-28T23:43:51,dl,du3,1932532,6390104.455847016,6.390104
2026-06-28T23:43:51,dl,du4,1933301,6206547.01576591,6.206547
2026-06-28T23:43:51,dl,ue1,1931050,2466557.29793175,2.466557
2026-06-28T23:43:51,dl,ue2,1931062,2535391.575071876,2.535392
2026-06-28T23:43:51,dl,ue3,1931074,2512446.752795911,2.512447
2026-06-28T23:43:51,dl,ue4,1931086,2523919.0690900087,2.523919
2026-06-28T23:43:51,dl,ue5,1931814,2523919.0690900087,2.523919
2026-06-28T23:43:51,dl,ue6,1931826,2523919.0690900087,2.523919
2026-06-28T23:43:51,dl,ue7,1931838,2741894.027116716,2.741894
2026-06-28T23:43:51,dl,ue8,1931850,2638642.801094296,2.638643
2026-06-28T23:43:51,dl,ue9,1932577,2455085.1713254214,2.455085
2026-06-28T23:43:51,dl,ue10,1932589,2489501.9305199455,2.489502
2026-06-28T23:43:51,dl,ue11,1932601,2523919.0690900087,2.523919
2026-06-28T23:43:51,dl,ue12,1932613,2546863.8913659737,2.546864
2026-06-28T23:43:51,dl,ue13,1933348,2409195.526773491,2.409196
2026-06-28T23:43:51,dl,ue14,1933360,2535391.575071876,2.535392
2026-06-28T23:43:51,dl,ue15,1933372,2455085.1713254214,2.455085
2026-06-28T23:43:51,dl,ue16,1933384,2455085.1713254214,2.455085
2026-06-28T23:43:57,dl,cu_cp1,1930760,703315.7368882709,0.703316
2026-06-28T23:43:57,dl,cu_up1,1930788,1054973.6291403724,1.054974
2026-06-28T23:43:57,dl,cu_cp2,1930796,711307.9757805258,0.711308
2026-06-28T23:43:57,dl,cu_up2,1930824,1086942.4894775283,1.086942
2026-06-28T23:43:57,dl,du1,1930986,6329841.774842233,6.329842
2026-06-28T23:43:57,dl,du2,1931748,6273896.10259645,6.273896
2026-06-28T23:43:57,dl,du3,1932532,6289880.580380959,6.289881
2026-06-28T23:43:57,dl,du4,1933301,6185981.474781646,6.185981
2026-06-28T23:43:57,dl,ue1,1931050,2549519.4450361277,2.549519
2026-06-28T23:43:57,dl,ue2,1931062,2549519.4450361277,2.549519
2026-06-28T23:43:57,dl,ue3,1931074,2533535.1577153443,2.533535
2026-06-28T23:43:57,dl,ue4,1931086,2541527.396607599,2.541527
2026-06-28T23:43:57,dl,ue5,1931814,2485581.7243618155,2.485582
2026-06-28T23:43:57,dl,ue6,1931826,2533535.1577153443,2.533535
2026-06-28T23:43:57,dl,ue7,1931838,2469597.2465773057,2.469597
2026-06-28T23:43:57,dl,ue8,1931850,2645426.3117431854,2.645426
2026-06-28T23:43:57,dl,ue9,1932577,2565503.922820637,2.565504
2026-06-28T23:43:57,dl,ue10,1932589,2517550.6799308346,2.517551
2026-06-28T23:43:57,dl,ue11,1932601,2525542.728359363,2.525543
2026-06-28T23:43:57,dl,ue12,1932613,2677395.0768484785,2.677395
2026-06-28T23:43:57,dl,ue13,1933348,2637433.882387204,2.637434
2026-06-28T23:43:57,dl,ue14,1933360,2653418.360171714,2.653418
2026-06-28T23:43:57,dl,ue15,1933372,2613457.16571044,2.613457
2026-06-28T23:43:57,dl,ue16,1933384,1814234.800194769,1.814235
2026-06-28T23:44:03,dl,cu_cp1,1930760,682165.4725821796,0.682165
2026-06-28T23:44:03,dl,cu_up1,1930788,1084236.406989544,1.084236
2026-06-28T23:44:03,dl,cu_cp2,1930796,713788.9862570858,0.713789
2026-06-28T23:44:03,dl,cu_up2,1930824,1102307.1364524686,1.102307
2026-06-28T23:44:03,dl,du1,1930986,6247912.7218682505,6.247913
2026-06-28T23:44:03,dl,du2,1931748,6347301.303738534,6.347301
2026-06-28T23:44:03,dl,du3,1932532,6342783.119501036,6.342783
2026-06-28T23:44:03,dl,du4,1933301,6116901.056498861,6.116901
2026-06-28T23:44:03,dl,ue1,1931050,2520849.8876271117,2.520850
2026-06-28T23:44:03,dl,ue2,1931062,2489226.2305602715,2.489226
2026-06-28T23:44:03,dl,ue3,1931074,2579579.399901782,2.579579
2026-06-28T23:44:03,dl,ue4,1931086,2570543.7961837635,2.570544
2026-06-28T23:44:03,dl,ue5,1931814,2489226.2305602715,2.489226
2026-06-28T23:44:03,dl,ue6,1931826,2489226.2305602715,2.489226
2026-06-28T23:44:03,dl,ue7,1931838,2543437.940975933,2.543438
2026-06-28T23:44:03,dl,ue8,1931850,2629273.3084584344,2.629273
2026-06-28T23:44:03,dl,ue9,1932577,2620238.087118906,2.620238
2026-06-28T23:44:03,dl,ue10,1932589,2620238.087118906,2.620238
2026-06-28T23:44:03,dl,ue11,1932601,2620238.087118906,2.620238
2026-06-28T23:44:03,dl,ue12,1932613,2665414.7673842837,2.665415
2026-06-28T23:44:03,dl,ue13,1933348,2669932.378054048,2.669932
2026-06-28T23:44:03,dl,ue14,1933360,2606685.255109613,2.606685
2026-06-28T23:44:03,dl,ue15,1933372,2764802.9668760775,2.764803
2026-06-28T23:44:03,dl,ue16,1933384,1974213.8344760193,1.974214
2026-06-28T23:44:09,dl,cu_cp1,1930760,681701.5178999901,0.681702
2026-06-28T23:44:09,dl,cu_up1,1930788,1118566.6395897865,1.118567
2026-06-28T23:44:09,dl,cu_cp2,1930796,724908.019262284,0.724908
2026-06-28T23:44:09,dl,cu_up2,1930824,1084961.5935661644,1.084962
2026-06-28T23:44:09,dl,du1,1930986,6264933.355833709,6.264933
2026-06-28T23:44:09,dl,du2,1931748,6269734.226488233,6.269734
2026-06-28T23:44:09,dl,du3,1932532,6168918.993093908,6.168919
2026-06-28T23:44:09,dl,du4,1933301,6130513.171739221,6.130513
2026-06-28T23:44:09,dl,ue1,1931050,2505973.266074717,2.505973
2026-06-28T23:44:09,dl,ue2,1931062,2553980.6380915344,2.553981
2026-06-28T23:44:09,dl,ue3,1931074,2606788.308822125,2.606788
2026-06-28T23:44:09,dl,ue4,1931086,2625991.219499469,2.625991
2026-06-28T23:44:09,dl,ue5,1931814,2601987.6288145185,2.601988
2026-06-28T23:44:09,dl,ue6,1931826,2597186.758159995,2.597187
2026-06-28T23:44:09,dl,ue7,1931838,2597186.758159995,2.597187
2026-06-28T23:44:09,dl,ue8,1931850,2678799.271523893,2.678799
2026-06-28T23:44:09,dl,ue9,1932577,2515574.816736847,2.515575
2026-06-28T23:44:09,dl,ue10,1932589,2525176.1767520607,2.525176
2026-06-28T23:44:09,dl,ue11,1932601,2534777.727414191,2.534778
2026-06-28T23:44:09,dl,ue12,1932613,2558781.318099141,2.558781
2026-06-28T23:44:09,dl,ue13,1933348,2395556.8633120954,2.395557
2026-06-28T23:44:09,dl,ue14,1933360,2467567.6353669465,2.467568
2026-06-28T23:44:09,dl,ue15,1933372,2467567.6353669465,2.467568
2026-06-28T23:44:09,dl,ue16,1933384,2390756.1833044887,2.390756
2026-06-28T23:44:15,dl,cu_cp1,1930760,708327.1104800758,0.708327
2026-06-28T23:44:15,dl,cu_up1,1930788,1097636.6939786864,1.097637
2026-06-28T23:44:15,dl,cu_cp2,1930796,708327.1104800758,0.708327
2026-06-28T23:44:15,dl,cu_up2,1930824,1103043.8596815944,1.103044
2026-06-28T23:44:15,dl,du1,1930986,6131625.880449819,6.131626
2026-06-28T23:44:15,dl,du2,1931748,6228952.95419667,6.228953
2026-06-28T23:44:15,dl,du3,1932532,6310059.676178093,6.310060
2026-06-28T23:44:15,dl,du4,1933301,6347909.0725362515,6.347909
2026-06-28T23:44:15,dl,ue1,1931050,2379114.1584980045,2.379114
2026-06-28T23:44:15,dl,ue2,1931062,2443999.0015896047,2.443999
2026-06-28T23:44:15,dl,ue3,1931074,2395335.27382563,2.395335
2026-06-28T23:44:15,dl,ue4,1931086,2465627.282620138,2.465627
2026-06-28T23:44:15,dl,ue5,1931814,2541326.457117554,2.541326
2026-06-28T23:44:15,dl,ue6,1931826,2508884.035571754,2.508884
2026-06-28T23:44:15,dl,ue7,1931838,2541326.457117554,2.541326
2026-06-28T23:44:15,dl,ue8,1931850,2638653.7217549537,2.638654
2026-06-28T23:44:15,dl,ue9,1932577,2503476.6789782965,2.503477
2026-06-28T23:44:15,dl,ue10,1932589,2519697.985196471,2.519698
2026-06-28T23:44:15,dl,ue11,1932601,2492662.729353579,2.492663
2026-06-28T23:44:15,dl,ue12,1932613,2573768.878663354,2.573769
2026-06-28T23:44:15,dl,ue13,1933348,2573768.878663354,2.573769
2026-06-28T23:44:15,dl,ue14,1933360,2595397.1596938875,2.595397
2026-06-28T23:44:15,dl,ue15,1933372,2557547.7633357286,2.557548
2026-06-28T23:44:15,dl,ue16,1933384,2622432.6064273287,2.622433
2026-06-28T23:44:21,dl,cu_cp1,1930760,744541.8200464511,0.744542
2026-06-28T23:44:21,dl,cu_up1,1930788,1128446.128862114,1.128446
2026-06-28T23:44:21,dl,cu_cp2,1930796,698007.9383880043,0.698008
2026-06-28T23:44:21,dl,cu_up2,1930824,1151713.1174394535,1.151713
2026-06-28T23:44:21,dl,du1,1930986,6247171.392359075,6.247171
2026-06-28T23:44:21,dl,du2,1931748,6270437.7124627875,6.270438
2026-06-28T23:44:21,dl,du3,1932532,6258804.743403397,6.258805
2026-06-28T23:44:21,dl,du4,1933301,6119203.002931824,6.119203
2026-06-28T23:44:21,dl,ue1,1931050,2408127.5402325867,2.408128
2026-06-28T23:44:21,dl,ue2,1931062,2489561.7615126944,2.489562
2026-06-28T23:44:21,dl,ue3,1931074,2419760.891276908,2.419761
2026-06-28T23:44:21,dl,ue4,1931086,2570995.791800337,2.570996
2026-06-28T23:44:21,dl,ue5,1931814,2443027.97535048,2.443028
2026-06-28T23:44:21,dl,ue6,1931826,2477928.219475908,2.477928
2026-06-28T23:44:21,dl,ue7,1931838,2547729.0897116945,2.547729
2026-06-28T23:44:21,dl,ue8,1931850,2559362.6317484807,2.559363
2026-06-28T23:44:21,dl,ue9,1932577,2559362.6317484807,2.559363
2026-06-28T23:44:21,dl,ue10,1932589,2536095.547674909,2.536096
2026-06-28T23:44:21,dl,ue11,1932601,2559362.6317484807,2.559363
2026-06-28T23:44:21,dl,ue12,1932613,2698963.990235124,2.698964
2026-06-28T23:44:21,dl,ue13,1933348,2373226.9141222285,2.373227
2026-06-28T23:44:21,dl,ue14,1933360,2396493.998195801,2.396494
2026-06-28T23:44:21,dl,ue15,1933372,2431394.433313694,2.431394
2026-06-28T23:44:21,dl,ue16,1933384,2477928.219475908,2.477928
2026-06-28T23:44:27,dl,cu_cp1,1930760,720797.575211097,0.720798
2026-06-28T23:44:27,dl,cu_up1,1930788,1130341.576936977,1.130342
2026-06-28T23:44:27,dl,cu_cp2,1930796,720797.575211097,0.720798
2026-06-28T23:44:27,dl,cu_up2,1930824,1097578.0529677891,1.097578
2026-06-28T23:44:27,dl,du1,1930986,6175924.747081556,6.175925
2026-06-28T23:44:27,dl,du2,1931748,6306978.842958307,6.306979
2026-06-28T23:44:27,dl,du3,1932532,6372505.890896683,6.372506
2026-06-28T23:44:27,dl,du4,1933301,6257833.269670725,6.257833
2026-06-28T23:44:27,dl,ue1,1931050,2449073.560363684,2.449074
2026-06-28T23:44:27,dl,ue2,1931062,2498218.750539532,2.498219
2026-06-28T23:44:27,dl,ue3,1931074,2522791.3456274555,2.522791
2026-06-28T23:44:27,dl,ue4,1931086,2571936.727359171,2.571937
2026-06-28T23:44:27,dl,ue5,1931814,2547364.132271247,2.547364
2026-06-28T23:44:27,dl,ue6,1931826,2604700.442884226,2.604700
2026-06-28T23:44:27,dl,ue7,1931838,2612891.1802096223,2.612891
2026-06-28T23:44:27,dl,ue8,1931850,2678418.228147998,2.678418
2026-06-28T23:44:27,dl,ue9,1932577,2547364.132271247,2.547364
2026-06-28T23:44:27,dl,ue10,1932589,2547364.132271247,2.547364
2026-06-28T23:44:27,dl,ue11,1932601,2563745.798477907,2.563746
2026-06-28T23:44:27,dl,ue12,1932613,2621081.917535019,2.621082
2026-06-28T23:44:27,dl,ue13,1933348,2530982.0829528524,2.530982
2026-06-28T23:44:27,dl,ue14,1933360,2547364.132271247,2.547364
2026-06-28T23:44:27,dl,ue15,1933372,2514600.608302059,2.514601
2026-06-28T23:44:27,dl,ue16,1933384,2571936.727359171,2.571937
2026-06-28T23:44:33,dl,cu_cp1,1930760,707367.6048009642,0.707368
2026-06-28T23:44:33,dl,cu_up1,1930788,1090337.3442638225,1.090337
2026-06-28T23:44:33,dl,cu_cp2,1930796,711873.104045871,0.711873
2026-06-28T23:44:33,dl,cu_up2,1930824,1090337.3442638225,1.090337
2026-06-28T23:44:33,dl,du1,1930986,6168064.988661544,6.168065
2026-06-28T23:44:33,dl,du2,1931748,6253670.002233598,6.253670
2026-06-28T23:44:33,dl,du3,1932532,6397847.129893508,6.397847
2026-06-28T23:44:33,dl,du4,1933301,6177076.0831365995,6.177076
2026-06-28T23:44:33,dl,ue1,1931050,2464522.8206984876,2.464523
2026-06-28T23:44:33,dl,ue2,1931062,2518589.195578333,2.518589
2026-06-28T23:44:33,dl,ue3,1931074,2491555.912153169,2.491556
2026-06-28T23:44:33,dl,ue4,1931086,2577160.925725223,2.577161
2026-06-28T23:44:33,dl,ue5,1931814,2523094.5508453776,2.523095
2026-06-28T23:44:33,dl,ue6,1931826,2536611.1925579594,2.536611
2026-06-28T23:44:33,dl,ue7,1931838,2559138.7367751133,2.559139
2026-06-28T23:44:33,dl,ue8,1931850,2568150.0232206513,2.568150
2026-06-28T23:44:33,dl,ue9,1932577,2469028.175965532,2.469028
2026-06-28T23:44:33,dl,ue10,1932589,2595182.9227048494,2.595183
2026-06-28T23:44:33,dl,ue11,1932601,2455511.726223433,2.455512
2026-06-28T23:44:33,dl,ue12,1932613,2662765.9392972765,2.662766
2026-06-28T23:44:33,dl,ue13,1933348,2527600.0980829047,2.527600
2026-06-28T23:44:33,dl,ue14,1933360,2514083.4563703225,2.514083
2026-06-28T23:44:33,dl,ue15,1933372,2581666.47296275,2.581666
2026-06-28T23:44:33,dl,ue16,1933384,2572655.5704581784,2.572656
2026-06-28T23:44:39,dl,cu_cp1,1930760,702715.4303281069,0.702715
2026-06-28T23:44:39,dl,cu_up1,1930788,1066024.0205812645,1.066024
2026-06-28T23:44:39,dl,cu_cp2,1930796,740958.4121677759,0.740958
2026-06-28T23:44:39,dl,cu_up2,1930824,1056463.26317697,1.056463
2026-06-28T23:44:39,dl,du1,1930986,6262293.7109375,6.262294
2026-06-28T23:44:39,dl,du2,1931748,6324438.490732887,6.324438
2026-06-28T23:44:39,dl,du3,1932532,6357901.476090483,6.357901
2026-06-28T23:44:39,dl,du4,1933301,6362681.520350065,6.362682
2026-06-28T23:44:39,dl,ue1,1931050,2437992.2780999565,2.437992
2026-06-28T23:44:39,dl,ue2,1931062,2481015.543086754,2.481016
2026-06-28T23:44:39,dl,ue3,1931074,2514478.3373343134,2.514478
2026-06-28T23:44:39,dl,ue4,1931086,2677011.117652303,2.677011
2026-06-28T23:44:39,dl,ue5,1931814,2485795.969566411,2.485796
2026-06-28T23:44:39,dl,ue6,1931826,2466674.4547578217,2.466674
2026-06-28T23:44:39,dl,ue7,1931838,2562282.219910805,2.562282
2026-06-28T23:44:39,dl,ue8,1931850,2600525.058417946,2.600525
2026-06-28T23:44:39,dl,ue9,1932577,2547940.7493617977,2.547941
2026-06-28T23:44:39,dl,ue10,1932589,2155949.982450775,2.155950
2026-06-28T23:44:39,dl,ue11,1932601,2562282.219910805,2.562282
2026-06-28T23:44:39,dl,ue12,1932613,2600525.058417946,2.600525
2026-06-28T23:44:39,dl,ue13,1933348,2514478.3373343134,2.514478
2026-06-28T23:44:39,dl,ue14,1933360,2433211.8516202997,2.433212
2026-06-28T23:44:39,dl,ue15,1933372,2528819.425663246,2.528819
2026-06-28T23:44:39,dl,ue16,1933384,2729595.0444883765,2.729595
2026-06-28T23:44:45,dl,cu_cp1,1930760,740115.0225745046,0.740115
2026-06-28T23:44:45,dl,cu_up1,1930788,1110172.5097870303,1.110173
2026-06-28T23:44:45,dl,cu_cp2,1930796,696578.8164527965,0.696579
2026-06-28T23:44:45,dl,cu_up2,1930824,1082962.4832785511,1.082962
2026-06-28T23:44:45,dl,du1,1930986,6383491.979424877,6.383492
2026-06-28T23:44:45,dl,du2,1931748,6437912.417637463,6.437912
2026-06-28T23:44:45,dl,du3,1932532,6416143.857156801,6.416144
2026-06-28T23:44:45,dl,du4,1933301,6247441.654284668,6.247442
2026-06-28T23:44:45,dl,ue1,1931050,2574076.327173357,2.574076
2026-06-28T23:44:45,dl,ue2,1931062,2590402.651234946,2.590403
2026-06-28T23:44:45,dl,ue3,1931074,2639380.8530284595,2.639381
2026-06-28T23:44:45,dl,ue4,1931086,2742779.107838931,2.742779
2026-06-28T23:44:45,dl,ue5,1931814,2628496.7653859425,2.628497
2026-06-28T23:44:45,dl,ue6,1931826,2584960.6074136877,2.584961
2026-06-28T23:44:45,dl,ue7,1931838,2655706.7918944214,2.655707
2026-06-28T23:44:45,dl,ue8,1931850,2726453.168972969,2.726453
2026-06-28T23:44:45,dl,ue9,1932577,2535982.4056201745,2.535982
2026-06-28T23:44:45,dl,ue10,1932589,2193134.993065581,2.193135
2026-06-28T23:44:45,dl,ue11,1932601,2612170.8265199806,2.612171
2026-06-28T23:44:45,dl,ue12,1932613,2666590.686939125,2.666591
2026-06-28T23:44:45,dl,ue13,1933348,2503330.3352904366,2.503330
2026-06-28T23:44:45,dl,ue14,1933360,2405373.7391055967,2.405374
2026-06-28T23:44:45,dl,ue15,1933372,2476120.116184144,2.476120
2026-06-28T23:44:45,dl,ue16,1933384,2574076.327173357,2.574076
2026-06-28T23:44:51,dl,cu_cp1,1930760,728616.6173750794,0.728617
2026-06-28T23:44:51,dl,cu_up1,1930788,1086750.1975999654,1.086750
2026-06-28T23:44:51,dl,cu_cp2,1930796,703917.7993257546,0.703918
2026-06-28T23:44:51,dl,cu_up2,1930824,1099099.6545252728,1.099100
2026-06-28T23:44:51,dl,du1,1930986,6137669.074729452,6.137669
2026-06-28T23:44:51,dl,du2,1931748,6384657.830030441,6.384658
2026-06-28T23:44:51,dl,du3,1932532,6434055.27452651,6.434055
2026-06-28T23:44:51,dl,du4,1933301,6224115.1774053145,6.224115
2026-06-28T23:44:51,dl,ue1,1931050,2482236.339326167,2.482236
2026-06-28T23:44:51,dl,ue2,1931062,2494585.892052765,2.494586
2026-06-28T23:44:51,dl,ue3,1931074,2494585.892052765,2.494586
2026-06-28T23:44:51,dl,ue4,1931086,2605730.7169766617,2.605731
2026-06-28T23:44:51,dl,ue5,1931814,2469886.9782021497,2.469887
2026-06-28T23:44:51,dl,ue6,1931826,2494585.892052765,2.494586
2026-06-28T23:44:51,dl,ue7,1931838,2531634.167027397,2.531634
2026-06-28T23:44:51,dl,ue8,1931850,2506935.2531767823,2.506935
2026-06-28T23:44:51,dl,ue9,1932577,2543983.5281514144,2.543984
2026-06-28T23:44:51,dl,ue10,1932589,2210548.670174563,2.210549
2026-06-28T23:44:51,dl,ue11,1932601,2605730.7169766617,2.605731
2026-06-28T23:44:51,dl,ue12,1932613,2667477.905801909,2.667478
2026-06-28T23:44:51,dl,ue13,1933348,2556332.8892754316,2.556333
2026-06-28T23:44:51,dl,ue14,1933360,2519284.80590338,2.519285
2026-06-28T23:44:51,dl,ue15,1933372,2506935.2531767823,2.506935
2026-06-28T23:44:51,dl,ue16,1933384,2593381.3558526444,2.593381
2026-06-28T23:44:57,dl,cu_cp1,1930760,723132.233173064,0.723132
2026-06-28T23:44:57,dl,cu_up1,1930788,1122101.7113840587,1.122102
2026-06-28T23:44:57,dl,cu_cp2,1930796,714820.4069843012,0.714820
2026-06-28T23:44:57,dl,cu_up2,1930824,1105478.0590065331,1.105478
2026-06-28T23:44:57,dl,du1,1930986,6217275.127600658,6.217275
2026-06-28T23:44:57,dl,du2,1931748,6184027.822845607,6.184028
2026-06-28T23:44:57,dl,du3,1932532,6474942.602102485,6.474943
2026-06-28T23:44:57,dl,du4,1933301,6217275.127600658,6.217275
2026-06-28T23:44:57,dl,ue1,1931050,2418752.635382316,2.418753
2026-06-28T23:44:57,dl,ue2,1931062,2460312.05387619,2.460312
2026-06-28T23:44:57,dl,ue3,1931074,2485247.6282924986,2.485248
2026-06-28T23:44:57,dl,ue4,1931086,2551742.621202681,2.551743
2026-06-28T23:44:57,dl,ue5,1931814,2460312.05387619,2.460312
2026-06-28T23:44:57,dl,ue6,1931826,2443688.4014986646,2.443688
2026-06-28T23:44:57,dl,ue7,1931838,2468623.784214933,2.468624
2026-06-28T23:44:57,dl,ue8,1931850,2551742.621202681,2.551743
2026-06-28T23:44:57,dl,ue9,1932577,2618237.4224128234,2.618237
2026-06-28T23:44:57,dl,ue10,1932589,2210956.1180130662,2.210956
2026-06-28T23:44:57,dl,ue11,1932601,2601613.5783352577,2.601614
2026-06-28T23:44:57,dl,ue12,1932613,2717979.720078057,2.717980
2026-06-28T23:44:57,dl,ue13,1933348,2576678.0039189495,2.576678
2026-06-28T23:44:57,dl,ue14,1933360,2551742.621202681,2.551743
2026-06-28T23:44:57,dl,ue15,1933372,2535118.9688251554,2.535119
2026-06-28T23:44:57,dl,ue16,1933384,2618237.4224128234,2.618237
2026-06-28T23:45:03,dl,cu_cp1,1930760,687039.0636040434,0.687039
2026-06-28T23:45:03,dl,cu_up1,1930788,1073217.825070278,1.073218
2026-06-28T23:45:03,dl,cu_cp2,1930796,687039.0636040434,0.687039
2026-06-28T23:45:03,dl,cu_up2,1930824,1073217.825070278,1.073218
2026-06-28T23:45:03,dl,du1,1930986,6246217.929271993,6.246218
2026-06-28T23:45:03,dl,du2,1931748,6380931.11956244,6.380931
2026-06-28T23:45:03,dl,du3,1932532,6551568.13410821,6.551568
2026-06-28T23:45:03,dl,du4,1933301,6102523.399362044,6.102523
2026-06-28T23:45:03,dl,ue1,1931050,2451786.4303102805,2.451786
2026-06-28T23:45:03,dl,ue2,1931062,2478729.1067239367,2.478729
2026-06-28T23:45:03,dl,ue3,1931074,2456276.9083421957,2.456277
2026-06-28T23:45:03,dl,ue4,1931086,2590990.482188314,2.590990
2026-06-28T23:45:03,dl,ue5,1931814,2546086.085424832,2.546086
2026-06-28T23:45:03,dl,ue6,1931826,2537105.1293610013,2.537105
2026-06-28T23:45:03,dl,ue7,1931838,2590990.482188314,2.590990
2026-06-28T23:45:03,dl,ue8,1931850,2622423.44485605,2.622423
2026-06-28T23:45:03,dl,ue9,1932577,2622423.44485605,2.622423
2026-06-28T23:45:03,dl,ue10,1932589,2209302.1508095358,2.209302
2026-06-28T23:45:03,dl,ue11,1932601,2667328.033397368,2.667328
2026-06-28T23:45:03,dl,ue12,1932613,2779589.2170839095,2.779589
2026-06-28T23:45:03,dl,ue13,1933348,2483219.5847558524,2.483220
2026-06-28T23:45:03,dl,ue14,1933360,2514652.739201424,2.514653
2026-06-28T23:45:03,dl,ue15,1933372,2492200.540819683,2.492201
2026-06-28T23:45:03,dl,ue16,1933384,2550576.3716789116,2.550576
2026-06-28T23:45:09,dl,cu_cp1,1930760,667407.7510386497,0.667408
2026-06-28T23:45:09,dl,cu_up1,1930788,1096455.584144324,1.096456
2026-06-28T23:45:09,dl,cu_cp2,1930796,705545.3532468707,0.705545
2026-06-28T23:45:09,dl,cu_up2,1930824,1063085.2301463336,1.063085
2026-06-28T23:45:09,dl,du1,1930986,6192590.138705099,6.192590
2026-06-28T23:45:09,dl,du2,1931748,6264097.999042904,6.264098
2026-06-28T23:45:09,dl,du3,1932532,6397579.7985084895,6.397580
2026-06-28T23:45:09,dl,du4,1933301,6216426.092151034,6.216426
2026-06-28T23:45:09,dl,ue1,1931050,2464641.5360880196,2.464642
2026-06-28T23:45:09,dl,ue2,1931062,2550451.0451881113,2.550451
2026-06-28T23:45:09,dl,ue3,1931074,2569519.8462922215,2.569520
2026-06-28T23:45:09,dl,ue4,1931086,2540916.54876765,2.540917
2026-06-28T23:45:09,dl,ue5,1931814,2478942.993113494,2.478943
2026-06-28T23:45:09,dl,ue6,1931826,2431271.0862216232,2.431271
2026-06-28T23:45:09,dl,ue7,1931838,2478942.993113494,2.478943
2026-06-28T23:45:09,dl,ue8,1931850,2531382.2440840006,2.531382
2026-06-28T23:45:09,dl,ue9,1932577,2607657.256763631,2.607657
2026-06-28T23:45:09,dl,ue10,1932589,2202445.4729722976,2.202445
2026-06-28T23:45:09,dl,ue11,1932601,2621958.9055259167,2.621959
2026-06-28T23:45:09,dl,ue12,1932613,2693466.957600534,2.693467
2026-06-28T23:45:09,dl,ue13,1933348,2445572.5432470976,2.445573
2026-06-28T23:45:09,dl,ue14,1933360,2450339.887325734,2.450340
2026-06-28T23:45:09,dl,ue15,1933372,2450339.887325734,2.450340
2026-06-28T23:45:09,dl,ue16,1933384,2545683.701109475,2.545684
2026-06-28T23:45:15,dl,cu_cp1,1930760,728695.7290672526,0.728696
2026-06-28T23:45:15,dl,cu_up1,1930788,1057430.613540688,1.057431
2026-06-28T23:45:15,dl,cu_cp2,1930796,717737.9076418013,0.717738
2026-06-28T23:45:15,dl,cu_up2,1930824,1134135.5085447847,1.134136
2026-06-28T23:45:15,dl,du1,1930986,6306231.668819892,6.306232
2026-06-28T23:45:15,dl,du2,1931748,6421288.672932183,6.421289
2026-06-28T23:45:15,dl,du3,1932532,6525388.290696835,6.525388
2026-06-28T23:45:15,dl,du4,1933301,6399372.740029407,6.399373
2026-06-28T23:45:15,dl,ue1,1931050,2525779.8447586657,2.525780
2026-06-28T23:45:15,dl,ue2,1931062,2503864.1052238047,2.503864
2026-06-28T23:45:15,dl,ue3,1931074,2509343.185133457,2.509343
2026-06-28T23:45:15,dl,ue4,1931086,2553174.2774673463,2.553174
2026-06-28T23:45:15,dl,ue5,1931814,2580569.0969118597,2.580569
2026-06-28T23:45:15,dl,ue6,1931826,2564132.2439187346,2.564132
2026-06-28T23:45:15,dl,ue7,1931838,2520301.151584846,2.520301
2026-06-28T23:45:15,dl,ue8,1931850,2673710.5548572065,2.673711
2026-06-28T23:45:15,dl,ue9,1932577,2657273.895231998,2.657274
2026-06-28T23:45:15,dl,ue10,1932589,2279228.5968051255,2.279229
2026-06-28T23:45:15,dl,ue11,1932601,2723020.9204686643,2.723021
2026-06-28T23:45:15,dl,ue12,1932613,2788767.752337414,2.788768
2026-06-28T23:45:15,dl,ue13,1933348,2558653.3573769988,2.558653
2026-06-28T23:45:15,dl,ue14,1933360,2492906.5255082487,2.492907
2026-06-28T23:45:15,dl,ue15,1933372,2520301.151584846,2.520301
2026-06-28T23:45:15,dl,ue16,1933384,2580569.0969118597,2.580569
2026-06-28T23:45:20,dl,cu_cp1,1930760,720450.5801304873,0.720451
2026-06-28T23:45:20,dl,cu_up1,1930788,1137553.4868082684,1.137553
2026-06-28T23:45:20,dl,cu_cp2,1930796,733090.050488829,0.733090
2026-06-28T23:45:20,dl,cu_up2,1930824,1150193.0052731736,1.150193
2026-06-28T23:45:20,dl,du1,1930986,6521973.054970651,6.521973
2026-06-28T23:45:20,dl,du2,1931748,6382938.929135456,6.382939
2026-06-28T23:45:20,dl,du3,1932532,6130149.714394877,6.130150
2026-06-28T23:45:20,dl,du4,1933301,6471414.981111031,6.471415
2026-06-28T23:45:20,dl,ue1,1931050,2692209.928400881,2.692210
2026-06-28T23:45:20,dl,ue2,1931062,2654291.3730061664,2.654291
2026-06-28T23:45:20,dl,ue3,1931074,2704849.63929204,2.704850
2026-06-28T23:45:20,dl,ue4,1931086,2742767.809834248,2.742768
2026-06-28T23:45:20,dl,ue5,1931814,2515257.2471709717,2.515257
2026-06-28T23:45:20,dl,ue6,1931826,2527896.7656358765,2.527897
2026-06-28T23:45:20,dl,ue7,1931838,2136072.655355089,2.136073
2026-06-28T23:45:20,dl,ue8,1931850,2641652.046967515,2.641652
2026-06-28T23:45:20,dl,ue9,1932577,2629012.5285026096,2.629013
2026-06-28T23:45:20,dl,ue10,1932589,2237188.418221822,2.237188
2026-06-28T23:45:20,dl,ue11,1932601,2654291.3730061664,2.654291
2026-06-28T23:45:20,dl,ue12,1932613,2704849.63929204,2.704850
2026-06-28T23:45:20,dl,ue13,1933348,2489978.2102411618,2.489978
2026-06-28T23:45:20,dl,ue14,1933360,2515257.2471709717,2.515257
2026-06-28T23:45:20,dl,ue15,1933372,2565814.9361780845,2.565815
2026-06-28T23:45:20,dl,ue16,1933384,2464699.1733113513,2.464699
2026-06-28T23:45:26,dl,cu_cp1,1930760,665916.6489584505,0.665917
2026-06-28T23:45:26,dl,cu_up1,1930788,1089681.824094093,1.089682
2026-06-28T23:45:26,dl,cu_cp2,1930796,657268.4368623376,0.657268
2026-06-28T23:45:26,dl,cu_up2,1930824,1037792.2636802315,1.037792
2026-06-28T23:45:26,dl,du1,1930986,6373773.715416813,6.373774
2026-06-28T23:45:26,dl,du2,1931748,6183512.185790777,6.183512
2026-06-28T23:45:26,dl,du3,1932532,6382421.879540062,6.382422
2026-06-28T23:45:26,dl,du4,1933301,6330532.894800568,6.330533
2026-06-28T23:45:26,dl,ue1,1931050,2507997.7227007626,2.507998
2026-06-28T23:45:26,dl,ue2,1931062,2603128.679405236,2.603129
2026-06-28T23:45:26,dl,ue3,1931074,2551239.118991375,2.551239
2026-06-28T23:45:26,dl,ue4,1931086,2551239.118991375,2.551239
2026-06-28T23:45:26,dl,ue5,1931814,2741501.032400322,2.741501
2026-06-28T23:45:26,dl,ue6,1931826,2689611.4719864605,2.689611
2026-06-28T23:45:26,dl,ue7,1931838,1859377.7377988577,1.859378
2026-06-28T23:45:26,dl,ue8,1931850,2862576.865257454,2.862577
2026-06-28T23:45:26,dl,ue9,1932577,2594480.3233905314,2.594480
2026-06-28T23:45:26,dl,ue10,1932589,2274494.604892659,2.274495
2026-06-28T23:45:26,dl,ue11,1932601,2611777.035419941,2.611777
2026-06-28T23:45:26,dl,ue12,1932613,2689611.4719864605,2.689611
2026-06-28T23:45:26,dl,ue13,1933348,2516646.270606923,2.516646
2026-06-28T23:45:26,dl,ue14,1933360,2464756.518301606,2.464757
2026-06-28T23:45:26,dl,ue15,1933372,2533942.5988534214,2.533943
2026-06-28T23:45:26,dl,ue16,1933384,2533942.5988534214,2.533943
2026-06-28T23:45:32,dl,cu_cp1,1930760,707404.774292982,0.707405
2026-06-28T23:45:32,dl,cu_up1,1930788,1081644.6941435658,1.081645
2026-06-28T23:45:32,dl,cu_cp2,1930796,721096.4627623772,0.721096
2026-06-28T23:45:32,dl,cu_up2,1930824,1063389.1095177054,1.063389
2026-06-28T23:45:32,dl,du1,1930986,6380335.043791072,6.380335
2026-06-28T23:45:32,dl,du2,1931748,6266236.72150295,6.266237
2026-06-28T23:45:32,dl,du3,1932532,6617657.063899999,6.617657
2026-06-28T23:45:32,dl,du4,1933301,6238853.634577789,6.238854
2026-06-28T23:45:32,dl,ue1,1931050,2560348.788920041,2.560349
2026-06-28T23:45:32,dl,ue2,1931062,2656190.7532126238,2.656191
2026-06-28T23:45:32,dl,ue3,1931074,2637935.361929183,2.637935
2026-06-28T23:45:32,dl,ue4,1931086,2642499.0164076234,2.642499
2026-06-28T23:45:32,dl,ue5,1931814,2738340.9807002055,2.738341
2026-06-28T23:45:32,dl,ue6,1931826,2761160.606489346,2.761161
2026-06-28T23:45:32,dl,ue7,1931838,1857507.9107835246,1.857508
2026-06-28T23:45:32,dl,ue8,1931850,2820491.2081877873,2.820491
2026-06-28T23:45:32,dl,ue9,1932577,2683574.4201650443,2.683574
2026-06-28T23:45:32,dl,ue10,1932589,2254567.504758854,2.254568
2026-06-28T23:45:32,dl,ue11,1932601,2697265.9636276243,2.697266
2026-06-28T23:45:32,dl,ue12,1932613,2802235.623561927,2.802236
2026-06-28T23:45:32,dl,ue13,1933348,2537529.163130901,2.537529
2026-06-28T23:45:32,dl,ue14,1933360,2569476.6779041816,2.569477
2026-06-28T23:45:32,dl,ue15,1933372,2637935.361929183,2.637935
2026-06-28T23:45:32,dl,ue16,1933384,2574040.7190674613,2.574041
2026-06-28T23:45:39,dl,cu_cp1,1930760,738620.4784382125,0.738620
2026-06-28T23:45:39,dl,cu_up1,1930788,1089231.4257645684,1.089231
2026-06-28T23:45:39,dl,cu_cp2,1930796,673173.1131487068,0.673173
2026-06-28T23:45:39,dl,cu_up2,1930824,1037808.4271755081,1.037808
2026-06-28T23:45:39,dl,du1,1930986,6175427.756876444,6.175428
2026-06-28T23:45:39,dl,du2,1931748,6161403.582588456,6.161404
2026-06-28T23:45:39,dl,du3,1932532,6455916.630185003,6.455917
2026-06-28T23:45:39,dl,du4,1933301,6521363.8030620525,6.521364
2026-06-28T23:45:39,dl,ue1,1931050,2440252.31268716,2.440252
2026-06-28T23:45:39,dl,ue2,1931062,2482325.7976134084,2.482326
2026-06-28T23:45:39,dl,ue3,1931074,2449602.0187624274,2.449602
2026-06-28T23:45:39,dl,ue4,1931086,2561797.5296033598,2.561798
2026-06-28T23:45:39,dl,ue5,1931814,2772164.1845847787,2.772164
2026-06-28T23:45:39,dl,ue6,1931826,2767489.331547145,2.767489
2026-06-28T23:45:39,dl,ue7,1931838,1879274.9508949553,1.879275
2026-06-28T23:45:39,dl,ue8,1931850,2926432.987939503,2.926433
2026-06-28T23:45:39,dl,ue9,1932577,2645944.307043401,2.645944
2026-06-28T23:45:39,dl,ue10,1932589,2220536.1440429296,2.220536
2026-06-28T23:45:39,dl,ue11,1932601,2631919.7479304993,2.631920
2026-06-28T23:45:39,dl,ue12,1932613,2697367.113220005,2.697367
2026-06-28T23:45:39,dl,ue13,1933348,2524399.0901272013,2.524399
2026-06-28T23:45:39,dl,ue14,1933360,2580496.749341439,2.580497
2026-06-28T23:45:39,dl,ue15,1933372,2594521.1160418843,2.594521
2026-06-28T23:45:39,dl,ue16,1933384,2673992.8480318356,2.673993
2026-06-28T23:45:44,dl,cu_cp1,1930760,715700.888129282,0.715701
2026-06-28T23:45:44,dl,cu_up1,1930788,1043502.803295064,1.043503
2026-06-28T23:45:44,dl,cu_cp2,1930796,655603.830331564,0.655604
2026-06-28T23:45:44,dl,cu_up2,1930824,1065356.2002783967,1.065356
2026-06-28T23:45:44,dl,du1,1930986,6435844.187720204,6.435844
2026-06-28T23:45:44,dl,du2,1931748,6288333.157822838,6.288333
2026-06-28T23:45:44,dl,du3,1932532,6468623.947049675,6.468624
2026-06-28T23:45:44,dl,du4,1933301,6506867.703905639,6.506868
2026-06-28T23:45:44,dl,ue1,1931050,2529537.9279495906,2.529538
2026-06-28T23:45:44,dl,ue2,1931062,2584171.948636608,2.584172
2026-06-28T23:45:44,dl,ue3,1931074,2595098.4070243263,2.595098
2026-06-28T23:45:44,dl,ue4,1931086,2731682.7864508154,2.731683
2026-06-28T23:45:44,dl,ue5,1931814,2720755.94389678,2.720756
2026-06-28T23:45:44,dl,ue6,1931826,2786316.2308883574,2.786316
2026-06-28T23:45:44,dl,ue7,1931838,1841154.1462053966,1.841154
2026-06-28T23:45:44,dl,ue8,1931850,2922900.226148529,2.922900
2026-06-28T23:45:44,dl,ue9,1932577,2606025.2495783614,2.606025
2026-06-28T23:45:44,dl,ue10,1932589,2250906.516152229,2.250907
2026-06-28T23:45:44,dl,ue11,1932601,2611488.4787722207,2.611488
2026-06-28T23:45:44,dl,ue12,1932613,2671585.5365699385,2.671586
2026-06-28T23:45:44,dl,ue13,1933348,2556855.0343346787,2.556855
2026-06-28T23:45:44,dl,ue14,1933360,2638805.39307415,2.638805
2026-06-28T23:45:44,dl,ue15,1933372,2633342.163880291,2.633342
2026-06-28T23:45:44,dl,ue16,1933384,2229053.0231273174,2.229053
2026-06-28T23:45:50,dl,cu_cp1,1930760,751026.164381417,0.751026
2026-06-28T23:45:50,dl,cu_up1,1930788,1099716.976650418,1.099717
2026-06-28T23:45:50,dl,cu_cp2,1930796,724203.7979199463,0.724204
2026-06-28T23:45:50,dl,cu_up2,1930824,1072894.5619190657,1.072895
2026-06-28T23:45:50,dl,du1,1930986,6423956.260688481,6.423956
2026-06-28T23:45:50,dl,du2,1931748,6316666.601763072,6.316667
2026-06-28T23:45:50,dl,du3,1932532,6692179.635683899,6.692180
2026-06-28T23:45:50,dl,du4,1933301,6410544.956783042,6.410545
2026-06-28T23:45:50,dl,ue1,1931050,2507891.0469330456,2.507891
2026-06-28T23:45:50,dl,ue2,1931062,2561535.683316224,2.561536
2026-06-28T23:45:50,dl,ue3,1931074,2548124.5724903108,2.548125
2026-06-28T23:45:50,dl,ue4,1931086,2574946.7941421364,2.574947
2026-06-28T23:45:50,dl,ue5,1931814,2776114.6150079896,2.776115
2026-06-28T23:45:50,dl,ue6,1931826,2749292.200276637,2.749292
2026-06-28T23:45:50,dl,ue7,1931838,1877565.5557631874,1.877566
2026-06-28T23:45:50,dl,ue8,1931850,2883404.0808538725,2.883404
2026-06-28T23:45:50,dl,ue9,1932577,2668825.1491621067,2.668825
2026-06-28T23:45:50,dl,ue10,1932589,2306723.419146719,2.306723
2026-06-28T23:45:50,dl,ue11,1932601,2668825.1491621067,2.668825
2026-06-28T23:45:50,dl,ue12,1932613,2709058.674719372,2.709059
2026-06-28T23:45:50,dl,ue13,1933348,2601769.208873489,2.601769
2026-06-28T23:45:50,dl,ue14,1933360,2601769.208873489,2.601769
2026-06-28T23:45:50,dl,ue15,1933372,2668825.1491621067,2.668825
2026-06-28T23:45:50,dl,ue16,1933384,2279901.004415367,2.279901
2026-06-28T23:45:56,dl,cu_cp1,1930760,737640.2792561608,0.737640
2026-06-28T23:45:56,dl,cu_up1,1930788,1070477.974428408,1.070478
2026-06-28T23:45:56,dl,cu_cp2,1930796,701657.8827750653,0.701658
2026-06-28T23:45:56,dl,cu_up2,1930824,1079473.6215234196,1.079474
2026-06-28T23:45:56,dl,du1,1930986,6233960.217069959,6.233960
2026-06-28T23:45:56,dl,du2,1931748,6242956.056063921,6.242956
2026-06-28T23:45:56,dl,du3,1932532,6530815.611710587,6.530816
2026-06-28T23:45:56,dl,du4,1933301,6476842.112938418,6.476842
2026-06-28T23:45:56,dl,ue1,1931050,2401828.7551173973,2.401829
2026-06-28T23:45:56,dl,ue2,1931062,2554754.3719346914,2.554754
2026-06-28T23:45:56,dl,ue3,1931074,2473793.739978539,2.473794
2026-06-28T23:45:56,dl,ue4,1931086,2509776.136459634,2.509776
2026-06-28T23:45:56,dl,ue5,1931814,2743662.001435181,2.743662
2026-06-28T23:45:56,dl,ue6,1931826,2752657.8404291426,2.752658
2026-06-28T23:45:56,dl,ue7,1931838,1817113.9967290557,1.817114
2026-06-28T23:45:56,dl,ue8,1931850,2824622.6333913337,2.824623
2026-06-28T23:45:56,dl,ue9,1932577,2653706.1061819172,2.653706
2026-06-28T23:45:56,dl,ue10,1932589,2239907.8750029923,2.239908
2026-06-28T23:45:56,dl,ue11,1932601,2644710.650985856,2.644711
2026-06-28T23:45:56,dl,ue12,1932613,2725670.8991441084,2.725671
2026-06-28T23:45:56,dl,ue13,1933348,2509776.136459634,2.509776
2026-06-28T23:45:56,dl,ue14,1933360,2581740.9294218253,2.581741
2026-06-28T23:45:56,dl,ue15,1933372,2554754.3719346914,2.554754
2026-06-28T23:45:56,dl,ue16,1933384,2275890.2714840877,2.275890
2026-06-28T23:46:02,dl,cu_cp1,1930760,675719.4153379333,0.675719
2026-06-28T23:46:02,dl,cu_up1,1930788,1099170.292564298,1.099170
2026-06-28T23:46:02,dl,cu_cp2,1930796,707253.0066540447,0.707253
2026-06-28T23:46:02,dl,cu_up2,1930824,1108179.8488509036,1.108180
2026-06-28T23:46:02,dl,du1,1930986,6401315.621763139,6.401316
2026-06-28T23:46:02,dl,du2,1931748,6279685.938433335,6.279686
2026-06-28T23:46:02,dl,du3,1932532,6590517.265868468,6.590517
2026-06-28T23:46:02,dl,du4,1933301,6486905.925442586,6.486906
2026-06-28T23:46:02,dl,ue1,1931050,2486647.348386587,2.486647
2026-06-28T23:46:02,dl,ue2,1931062,2563229.0578660406,2.563229
2026-06-28T23:46:02,dl,ue3,1931074,2576743.296087288,2.576743
2026-06-28T23:46:02,dl,ue4,1931086,2648820.131214777,2.648820
2026-06-28T23:46:02,dl,ue5,1931814,2567733.7398006823,2.567734
2026-06-28T23:46:02,dl,ue6,1931826,2653324.8131494187,2.653325
2026-06-28T23:46:02,dl,ue7,1931838,1792908.8204754423,1.792909
2026-06-28T23:46:02,dl,ue8,1931850,2716392.091990303,2.716392
2026-06-28T23:46:02,dl,ue9,1932577,2608276.8392990683,2.608277
2026-06-28T23:46:02,dl,ue10,1932589,2283931.6584773324,2.283932
2026-06-28T23:46:02,dl,ue11,1932601,2680353.674426558,2.680354
2026-06-28T23:46:02,dl,ue12,1932613,2756935.1914886893,2.756935
2026-06-28T23:46:02,dl,ue13,1933348,2657829.879918705,2.657830
2026-06-28T23:46:02,dl,ue14,1933360,2698372.786999769,2.698373
2026-06-28T23:46:02,dl,ue15,1933372,2680353.674426558,2.680354
2026-06-28T23:46:02,dl,ue16,1933384,2220864.572053771,2.220865
2026-06-28T23:46:08,dl,cu_cp1,1930760,686445.0367679984,0.686445
2026-06-28T23:46:08,dl,cu_up1,1930788,1036578.1494925851,1.036578
2026-06-28T23:46:08,dl,cu_cp2,1930796,714087.1728672883,0.714087
2026-06-28T23:46:08,dl,cu_up2,1930824,1068827.2037277638,1.068827
2026-06-28T23:46:08,dl,du1,1930986,6330037.055331774,6.330037
2026-06-28T23:46:08,dl,du2,1931748,6247110.502276068,6.247111
2026-06-28T23:46:08,dl,du3,1932532,6482069.069267235,6.482069
2026-06-28T23:46:08,dl,du4,1933301,6532745.892551193,6.532746
2026-06-28T23:46:08,dl,ue1,1931050,2506215.5787445665,2.506216
2026-06-28T23:46:08,dl,ue2,1931062,2566106.7208264233,2.566107
2026-06-28T23:46:08,dl,ue3,1931074,2570713.687214924,2.570714
2026-06-28T23:46:08,dl,ue4,1931086,2630604.8292967808,2.630605
2026-06-28T23:46:08,dl,ue5,1931814,2662854.173047632,2.662854
2026-06-28T23:46:08,dl,ue6,1931826,2676675.265223583,2.676675
2026-06-28T23:46:08,dl,ue7,1931838,1847412.629823246,1.847413
2026-06-28T23:46:08,dl,ue8,1931850,2824099.54072875,2.824100
2026-06-28T23:46:08,dl,ue9,1932577,2708924.2229535375,2.708924
2026-06-28T23:46:08,dl,ue10,1932589,2225187.7338892864,2.225188
2026-06-28T23:46:08,dl,ue11,1932601,2672067.9128141855,2.672068
2026-06-28T23:46:08,dl,ue12,1932613,2796457.5493872967,2.796458
2026-06-28T23:46:08,dl,ue13,1933348,2662854.173047632,2.662854
2026-06-28T23:46:08,dl,ue14,1933360,2704317.2565650367,2.704317
2026-06-28T23:46:08,dl,ue15,1933372,2750387.4994813907,2.750387
2026-06-28T23:46:08,dl,ue16,1933384,2354184.14384045,2.354184
2026-06-28T23:46:14,dl,cu_cp1,1930760,712526.2050346944,0.712526
2026-06-28T23:46:14,dl,cu_up1,1930788,1101176.8232505547,1.101177
2026-06-28T23:46:14,dl,cu_cp2,1930796,734117.8980868033,0.734118
2026-06-28T23:46:14,dl,cu_up2,1930824,1036401.7440942281,1.036402
2026-06-28T23:46:14,dl,du1,1930986,6207614.761317215,6.207615
2026-06-28T23:46:14,dl,du2,1931748,6358756.899237778,6.358757
2026-06-28T23:46:14,dl,du3,1932532,6558479.797293634,6.558480
2026-06-28T23:46:14,dl,du4,1933301,6310175.374953683,6.310175
2026-06-28T23:46:14,dl,ue1,1931050,2450658.2598782624,2.450658
2026-06-28T23:46:14,dl,ue2,1931062,2488443.6988398028,2.488444
2026-06-28T23:46:14,dl,ue3,1931074,2553218.682477529,2.553219
2026-06-28T23:46:14,dl,ue4,1931086,2558616.820657407,2.558617
2026-06-28T23:46:14,dl,ue5,1931814,2682769.2228645836,2.682769
2026-06-28T23:46:14,dl,ue6,1931826,2655779.487151197,2.655779
2026-06-28T23:46:14,dl,ue7,1931838,1775917.7326016093,1.775918
2026-06-28T23:46:14,dl,ue8,1931850,2887890.259100318,2.887890
2026-06-28T23:46:14,dl,ue9,1932577,2720554.4707889236,2.720554
2026-06-28T23:46:14,dl,ue10,1932589,2180762.0489676013,2.180762
2026-06-28T23:46:14,dl,ue11,1932601,2693564.9261127375,2.693565
2026-06-28T23:46:14,dl,ue12,1932613,2871696.6087094867,2.871697
2026-06-28T23:46:14,dl,ue13,1933348,2461454.1541636167,2.461454
2026-06-28T23:46:14,dl,ue14,1933360,2510035.487410512,2.510035
2026-06-28T23:46:14,dl,ue15,1933372,2456056.20702094,2.456056
2026-06-28T23:46:14,dl,ue16,1933384,2126782.768578029,2.126783
2026-06-28T23:46:20,dl,cu_cp1,1930760,718908.8026008975,0.718909
2026-06-28T23:46:20,dl,cu_up1,1930788,1102687.2456634927,1.102687
2026-06-28T23:46:20,dl,cu_cp2,1930796,686476.8107145131,0.686477
2026-06-28T23:46:20,dl,cu_up2,1930824,1102687.2456634927,1.102687
2026-06-28T23:46:20,dl,du1,1930986,6270182.290989332,6.270182
2026-06-28T23:46:20,dl,du2,1931748,6097211.412409373,6.097211
2026-06-28T23:46:20,dl,du3,1932532,6524232.240185452,6.524232
2026-06-28T23:46:20,dl,du4,1933301,6383694.21474432,6.383694
2026-06-28T23:46:20,dl,ue1,1931050,2432398.147447529,2.432398
2026-06-28T23:46:20,dl,ue2,1931062,2448614.191238079,2.448614
2026-06-28T23:46:20,dl,ue3,1931074,2443208.779511418,2.443209
2026-06-28T23:46:20,dl,ue4,1931086,2535099.630528059,2.535100
2026-06-28T23:46:20,dl,ue5,1931814,2621584.878428607,2.621585
2026-06-28T23:46:20,dl,ue6,1931826,2626990.0987658356,2.626990
2026-06-28T23:46:20,dl,ue7,1931838,1783758.692498703,1.783759
2026-06-28T23:46:20,dl,ue8,1931850,2762123.2866486027,2.762123
2026-06-28T23:46:20,dl,ue9,1932577,2762123.2866486027,2.762123
2026-06-28T23:46:20,dl,ue10,1932589,2216184.932001443,2.216185
2026-06-28T23:46:20,dl,ue11,1932601,2691854.0825386047,2.691854
2026-06-28T23:46:20,dl,ue12,1932613,2881040.430740819,2.881040
2026-06-28T23:46:20,dl,ue13,1933348,2562126.114993067,2.562126
2026-06-28T23:46:20,dl,ue14,1933360,2621584.878428607,2.621585
2026-06-28T23:46:20,dl,ue15,1933372,2605368.834638057,2.605369
2026-06-28T23:46:20,dl,ue16,1933384,2281048.9157742118,2.281049
2026-06-28T23:46:26,dl,cu_cp1,1930760,714242.5322964988,0.714243
2026-06-28T23:46:26,dl,cu_up1,1930788,1095171.8285300804,1.095172
2026-06-28T23:46:26,dl,cu_cp2,1930796,704719.2627422529,0.704719
2026-06-28T23:46:26,dl,cu_up2,1930824,1123741.4933925355,1.123741
2026-06-28T23:46:26,dl,du1,1930986,6361520.095522477,6.361520
2026-06-28T23:46:26,dl,du2,1931748,6294857.352443039,6.294857
2026-06-28T23:46:26,dl,du3,1932532,6380566.5387641145,6.380567
2026-06-28T23:46:26,dl,du4,1933301,6551984.911406265,6.551985
2026-06-28T23:46:26,dl,ue1,1931050,2523656.9889899325,2.523657
2026-06-28T23:46:26,dl,ue2,1931062,2590319.3486019517,2.590319
2026-06-28T23:46:26,dl,ue3,1931074,2609365.983577298,2.609366
2026-06-28T23:46:26,dl,ue4,1931086,2514133.7673691143,2.514134
2026-06-28T23:46:26,dl,ue5,1931814,2752214.4996232833,2.752214
2026-06-28T23:46:26,dl,ue6,1931826,2647459.061794281,2.647459
2026-06-28T23:46:26,dl,ue7,1931838,1857030.5168640984,1.857031
2026-06-28T23:46:26,dl,ue8,1931850,2818877.0509690116,2.818877
2026-06-28T23:46:26,dl,ue9,1932577,2609365.983577298,2.609366
2026-06-28T23:46:26,dl,ue10,1932589,2228436.735277144,2.228437
2026-06-28T23:46:26,dl,ue11,1932601,2580796.3187148427,2.580796
2026-06-28T23:46:26,dl,ue12,1932613,2695075.169898373,2.695075
2026-06-28T23:46:26,dl,ue13,1933348,2647459.061794281,2.647459
2026-06-28T23:46:26,dl,ue14,1933360,2695075.169898373,2.695075
2026-06-28T23:46:26,dl,ue15,1933372,2637935.648439753,2.637936
2026-06-28T23:46:26,dl,ue16,1933384,2361761.837968601,2.361762
2026-06-28T23:46:32,dl,cu_cp1,1930760,690898.9611397004,0.690899
2026-06-28T23:46:32,dl,cu_up1,1930788,1109625.6303619277,1.109626
2026-06-28T23:46:32,dl,cu_cp2,1930796,704856.4752989102,0.704856
2026-06-28T23:46:32,dl,cu_up2,1930824,1137540.6586803473,1.137541
2026-06-28T23:46:32,dl,du1,1930986,6266941.662634706,6.266942
2026-06-28T23:46:32,dl,du2,1931748,6071536.081499329,6.071536
2026-06-28T23:46:32,dl,du3,1932532,6385581.011621041,6.385581
2026-06-28T23:46:32,dl,du4,1933301,6462348.0095829675,6.462348
2026-06-28T23:46:32,dl,ue1,1931050,2554232.5578109934,2.554233
2026-06-28T23:46:32,dl,ue2,1931062,2582147.5861294125,2.582148
2026-06-28T23:46:32,dl,ue3,1931074,2561211.219163988,2.561211
2026-06-28T23:46:32,dl,ue4,1931086,2596105.1002886225,2.596105
2026-06-28T23:46:32,dl,ue5,1931814,2644956.495572467,2.644956
2026-06-28T23:46:32,dl,ue6,1931826,2651935.1569254613,2.651935
2026-06-28T23:46:32,dl,ue7,1931838,1772609.4674565983,1.772609
2026-06-28T23:46:32,dl,ue8,1931850,2714744.449274957,2.714744
2026-06-28T23:46:32,dl,ue9,1932577,2568190.071970203,2.568190
2026-06-28T23:46:32,dl,ue10,1932589,2254145.14184849,2.254145
2026-06-28T23:46:32,dl,ue11,1932601,2596105.1002886225,2.596105
2026-06-28T23:46:32,dl,ue12,1932613,2700786.9351157476,2.700787
2026-06-28T23:46:32,dl,ue13,1933348,2637977.6427662517,2.637978
2026-06-28T23:46:32,dl,ue14,1933360,2686829.4209565376,2.686829
2026-06-28T23:46:32,dl,ue15,1933372,2658914.201184897,2.658914
2026-06-28T23:46:32,dl,ue16,1933384,2344869.271063185,2.344869
2026-06-28T23:46:38,dl,cu_cp1,1930760,704383.16962986,0.704383
2026-06-28T23:46:38,dl,cu_up1,1930788,1076764.013415345,1.076764
2026-06-28T23:46:38,dl,cu_cp2,1930796,699896.5561728888,0.699897
2026-06-28T23:46:38,dl,cu_up2,1930824,1054331.4716013432,1.054331
2026-06-28T23:46:38,dl,du1,1930986,6164473.993522377,6.164474
2026-06-28T23:46:38,dl,du2,1931748,6308042.184699864,6.308042
2026-06-28T23:46:38,dl,du3,1932532,6415719.379024687,6.415719
2026-06-28T23:46:38,dl,du4,1933301,6384313.419216433,6.384313
2026-06-28T23:46:38,dl,ue1,1931050,2418232.536152749,2.418233
2026-06-28T23:46:38,dl,ue2,1931062,2409259.5958592724,2.409260
2026-06-28T23:46:38,dl,ue3,1931074,2463097.619780753,2.463098
2026-06-28T23:46:38,dl,ue4,1931086,2516935.834782543,2.516936
2026-06-28T23:46:38,dl,ue5,1931814,2804072.790378449,2.804073
2026-06-28T23:46:38,dl,ue6,1931826,2844451.6904801796,2.844452
2026-06-28T23:46:38,dl,ue7,1931838,1888823.5175086306,1.888824
2026-06-28T23:46:38,dl,ue8,1931850,2961101.0607772376,2.961101
2026-06-28T23:46:38,dl,ue9,1932577,2647044.711059971,2.647045
2026-06-28T23:46:38,dl,ue10,1932589,2216339.182125957,2.216339
2026-06-28T23:46:38,dl,ue11,1932601,2673963.9141010214,2.673964
2026-06-28T23:46:38,dl,ue12,1932613,2705369.682828965,2.705370
2026-06-28T23:46:38,dl,ue13,1933348,2525908.7750760196,2.525909
2026-06-28T23:46:38,dl,ue14,1933360,2584233.746845014,2.584234
2026-06-28T23:46:38,dl,ue15,1933372,2561801.109490857,2.561801
2026-06-28T23:46:38,dl,ue16,1933384,2256717.8911473774,2.256718
2026-06-28T23:46:44,dl,cu_cp1,1930760,715737.1948905658,0.715737
2026-06-28T23:46:44,dl,cu_up1,1930788,1110995.031676755,1.110995
2026-06-28T23:46:44,dl,cu_cp2,1930796,699713.2078807425,0.699713
2026-06-28T23:46:44,dl,cu_up2,1930824,1068264.5270145894,1.068265
2026-06-28T23:46:44,dl,du1,1930986,6249347.291989302,6.249347
2026-06-28T23:46:44,dl,du2,1931748,6222640.583290916,6.222641
2026-06-28T23:46:44,dl,du3,1932532,6446975.637244263,6.446976
2026-06-28T23:46:44,dl,du4,1933301,6297419.061972728,6.297419
2026-06-28T23:46:44,dl,ue1,1931050,2440984.425123732,2.440984
2026-06-28T23:46:44,dl,ue2,1931062,2398253.9204615667,2.398254
2026-06-28T23:46:44,dl,ue3,1931074,2446325.6904449915,2.446326
2026-06-28T23:46:44,dl,ue4,1931086,2569176.130156274,2.569176
2026-06-28T23:46:44,dl,ue5,1931814,2729415.809208462,2.729416
2026-06-28T23:46:44,dl,ue6,1931826,2756122.5179068493,2.756123
2026-06-28T23:46:44,dl,ue7,1931838,1842756.213577144,1.842756
2026-06-28T23:46:44,dl,ue8,1931850,2825559.731267402,2.825560
2026-06-28T23:46:44,dl,ue9,1932577,2638613.3435168266,2.638613
2026-06-28T23:46:44,dl,ue10,1932589,2179259.558691344,2.179260
2026-06-28T23:46:44,dl,ue11,1932601,2686685.3045462966,2.686685
2026-06-28T23:46:44,dl,ue12,1932613,2836242.0708638765,2.836242
2026-06-28T23:46:44,dl,ue13,1933348,2611906.6348184394,2.611907
2026-06-28T23:46:44,dl,ue14,1933360,2601224.1041759206,2.601224
2026-06-28T23:46:44,dl,ue15,1933372,2585200.1171660973,2.585200
2026-06-28T23:46:44,dl,ue16,1933384,2248696.772051897,2.248697
2026-06-28T23:46:50,dl,cu_cp1,1930760,670105.4843925238,0.670105
2026-06-28T23:46:50,dl,cu_up1,1930788,1070007.0184140652,1.070007
2026-06-28T23:46:50,dl,cu_cp2,1930796,691721.7165733576,0.691722
2026-06-28T23:46:50,dl,cu_up2,1930824,1070007.0184140652,1.070007
2026-06-28T23:46:50,dl,du1,1930986,6057969.268627644,6.057969
2026-06-28T23:46:50,dl,du2,1931748,6214687.714200914,6.214688
2026-06-28T23:46:50,dl,du3,1932532,6414638.624135852,6.414639
2026-06-28T23:46:50,dl,du4,1933301,6598377.359935164,6.598377
2026-06-28T23:46:50,dl,ue1,1931050,2356177.31146425,2.356177
2026-06-28T23:46:50,dl,ue2,1931062,2361581.3695094585,2.361581
2026-06-28T23:46:50,dl,ue3,1931074,2345369.004808277,2.345369
2026-06-28T23:46:50,dl,ue4,1931086,2437238.372707933,2.437238
2026-06-28T23:46:50,dl,ue5,1931814,2653401.4567784965,2.653401
2026-06-28T23:46:50,dl,ue6,1931826,2658805.514823705,2.658806
2026-06-28T23:46:50,dl,ue7,1931838,1794153.369107008,1.794153
2026-06-28T23:46:50,dl,ue8,1931850,2718250.3438865542,2.718250
2026-06-28T23:46:50,dl,ue9,1932577,2615572.6693309247,2.615573
2026-06-28T23:46:50,dl,ue10,1932589,2231883.404727787,2.231883
2026-06-28T23:46:50,dl,ue11,1932601,2637189.092077315,2.637189
2026-06-28T23:46:50,dl,ue12,1932613,2702037.9791853726,2.702038
2026-06-28T23:46:50,dl,ue13,1933348,2777695.1729494035,2.777695
2026-06-28T23:46:50,dl,ue14,1933360,2756078.7502030134,2.756079
2026-06-28T23:46:50,dl,ue15,1933372,2680421.937570095,2.680422
2026-06-28T23:46:50,dl,ue16,1933384,2366985.2369891107,2.366985
2026-06-28T23:46:56,dl,cu_cp1,1930760,660713.0741624683,0.660713
2026-06-28T23:46:56,dl,cu_up1,1930788,1085457.22716721,1.085457
2026-06-28T23:46:56,dl,cu_cp2,1930796,679590.5973471698,0.679591
2026-06-28T23:46:56,dl,cu_up2,1930824,1019385.8722905463,1.019386
2026-06-28T23:46:56,dl,du1,1930986,6257896.681358747,6.257897
2026-06-28T23:46:56,dl,du2,1931748,6154070.754716849,6.154071
2026-06-28T23:46:56,dl,du3,1932532,6323968.415918746,6.323968
2026-06-28T23:46:56,dl,du4,1933301,6588253.076058731,6.588253
2026-06-28T23:46:56,dl,ue1,1931050,2444638.42186155,2.444638
2026-06-28T23:46:56,dl,ue2,1931062,2539026.180166308,2.539026
2026-06-28T23:46:56,dl,ue3,1931074,2557903.4660489247,2.557903
2026-06-28T23:46:56,dl,ue4,1931086,2529587.4423041656,2.529587
2026-06-28T23:46:56,dl,ue5,1931814,2595658.6073391614,2.595659
2026-06-28T23:46:56,dl,ue6,1931826,2567342.2039110675,2.567342
2026-06-28T23:46:56,dl,ue7,1931838,1717854.0877432514,1.717854
2026-06-28T23:46:56,dl,ue8,1931850,2765556.078699391,2.765556
2026-06-28T23:46:56,dl,ue9,1932577,2491832.301013929,2.491832
2026-06-28T23:46:56,dl,ue10,1932589,2142598.240747993,2.142598
2026-06-28T23:46:56,dl,ue11,1932601,2435199.683999407,2.435200
2026-06-28T23:46:56,dl,ue12,1932613,2539026.180166308,2.539026
2026-06-28T23:46:56,dl,ue13,1933348,2690045.985960585,2.690046
2026-06-28T23:46:56,dl,ue14,1933360,2765556.078699391,2.765556
2026-06-28T23:46:56,dl,ue15,1933372,2737240.0549546313,2.737240
2026-06-28T23:46:56,dl,ue16,1933384,2444638.42186155,2.444638
2026-06-28T23:47:02,dl,cu_cp1,1930760,770824.0893441706,0.770824
2026-06-28T23:47:02,dl,cu_up1,1930788,1100176.1282826364,1.100176
2026-06-28T23:47:02,dl,cu_cp2,1930796,721771.602209659,0.721772
2026-06-28T23:47:02,dl,cu_up2,1930824,1100176.1282826364,1.100176
2026-06-28T23:47:02,dl,du1,1930986,6131555.026384997,6.131555
2026-06-28T23:47:02,dl,du2,1931748,6264697.021412587,6.264697
2026-06-28T23:47:02,dl,du3,1932532,6299734.709780956,6.299735
2026-06-28T23:47:02,dl,du4,1933301,6594049.155723882,6.594049
2026-06-28T23:47:02,dl,ue1,1931050,2501674.316480136,2.501674
2026-06-28T23:47:02,dl,ue2,1931062,2522696.7769046305,2.522697
2026-06-28T23:47:02,dl,ue3,1931074,2564741.6977536203,2.564742
2026-06-28T23:47:02,dl,ue4,1931086,2606786.8093482675,2.606787
2026-06-28T23:47:02,dl,ue5,1931814,2669854.1906217514,2.669854
2026-06-28T23:47:02,dl,ue6,1931826,2662846.576649815,2.662847
2026-06-28T23:47:02,dl,ue7,1931838,1786910.2805559994,1.786910
2026-06-28T23:47:02,dl,ue8,1931850,2781974.106716162,2.781974
2026-06-28T23:47:02,dl,ue9,1932577,2585764.158178115,2.585764
2026-06-28T23:47:02,dl,ue10,1932589,2249404.6006405414,2.249405
2026-06-28T23:47:02,dl,ue11,1932601,2613794.2325745462,2.613794
2026-06-28T23:47:02,dl,ue12,1932613,2683869.227819967,2.683869
2026-06-28T23:47:02,dl,ue13,1933348,2620801.846546483,2.620802
2026-06-28T23:47:02,dl,ue14,1933360,2676861.6138480306,2.676862
2026-06-28T23:47:02,dl,ue15,1933372,2704891.688244462,2.704892
2026-06-28T23:47:02,dl,ue16,1933384,2340502.056310457,2.340502
2026-06-28T23:47:08,dl,cu_cp1,1930760,718085.147532624,0.718085
2026-06-28T23:47:08,dl,cu_up1,1930788,1059175.5687349022,1.059176
2026-06-28T23:47:08,dl,cu_cp2,1930796,704621.0092338803,0.704621
2026-06-28T23:47:08,dl,cu_up2,1930824,1068151.6927683556,1.068152
2026-06-28T23:47:08,dl,du1,1930986,6144115.83466348,6.144116
2026-06-28T23:47:08,dl,du2,1931748,6449302.1417434355,6.449302
2026-06-28T23:47:08,dl,du3,1932532,6296709.179209203,6.296709
2026-06-28T23:47:08,dl,du4,1933301,6503158.121921172,6.503158
2026-06-28T23:47:08,dl,ue1,1931050,2437001.4395941948,2.437001
2026-06-28T23:47:08,dl,ue2,1931062,2432513.3775774683,2.432513
2026-06-28T23:47:08,dl,ue3,1931074,2445977.563627648,2.445978
2026-06-28T23:47:08,dl,ue4,1931086,2531250.168928218,2.531250
2026-06-28T23:47:08,dl,ue5,1931814,2805020.0418910873,2.805020
2026-06-28T23:47:08,dl,ue6,1931826,2831948.2229857016,2.831948
2026-06-28T23:47:08,dl,ue7,1931838,1844581.0735011888,1.844581
2026-06-28T23:47:08,dl,ue8,1931850,2948637.2624033582,2.948637
2026-06-28T23:47:08,dl,ue9,1932577,2589594.402128427,2.589594
2026-06-28T23:47:08,dl,ue10,1932589,2208111.8047871008,2.208112
2026-06-28T23:47:08,dl,ue11,1932601,2562666.221033813,2.562666
2026-06-28T23:47:08,dl,ue12,1932613,2598570.5261618807,2.598571
2026-06-28T23:47:08,dl,ue13,1933348,2679355.2604514696,2.679355
2026-06-28T23:47:08,dl,ue14,1933360,2710771.5035628104,2.710772
2026-06-28T23:47:08,dl,ue15,1933372,2706283.441546084,2.706283
2026-06-28T23:47:08,dl,ue16,1933384,2288896.3480709433,2.288896
2026-06-28T23:47:14,dl,cu_cp1,1930760,689883.2827375281,0.689883
2026-06-28T23:47:14,dl,cu_up1,1930788,1029518.1647708523,1.029518
2026-06-28T23:47:14,dl,cu_cp2,1930796,679269.7164715406,0.679270
2026-06-28T23:47:14,dl,cu_up2,1930824,1061358.9111639226,1.061359
2026-06-28T23:47:14,dl,du1,1930986,6357540.51945395,6.357541
2026-06-28T23:47:14,dl,du2,1931748,6193029.742582512,6.193030
2026-06-28T23:47:14,dl,du3,1932532,6288551.981761723,6.288552
2026-06-28T23:47:14,dl,du4,1933301,6543277.9529062845,6.543278
2026-06-28T23:47:14,dl,ue1,1931050,2510114.014331206,2.510114
2026-06-28T23:47:14,dl,ue2,1931062,2510114.014331206,2.510114
2026-06-28T23:47:14,dl,ue3,1931074,2573795.5071173464,2.573796
2026-06-28T23:47:14,dl,ue4,1931086,2616249.7721812963,2.616250
2026-06-28T23:47:14,dl,ue5,1931814,2658704.037245246,2.658704
2026-06-28T23:47:14,dl,ue6,1931826,2642783.8544291425,2.642784
2026-06-28T23:47:14,dl,ue7,1931838,1772469.4216236412,1.772469
2026-06-28T23:47:14,dl,ue8,1931850,2701158.683070059,2.701159
2026-06-28T23:47:14,dl,ue9,1932577,2589715.8803138817,2.589716
2026-06-28T23:47:14,dl,ue10,1932589,2191706.169639641,2.191706
2026-06-28T23:47:14,dl,ue11,1932601,2573795.5071173464,2.573796
2026-06-28T23:47:14,dl,ue12,1932613,2648090.708954798,2.648091
2026-06-28T23:47:14,dl,ue13,1933348,2669317.746296557,2.669318
2026-06-28T23:47:14,dl,ue14,1933360,2732999.429463129,2.732999
2026-06-28T23:47:14,dl,ue15,1933372,2775453.694527079,2.775454
2026-06-28T23:47:14,dl,ue16,1933384,2218240.2518874872,2.218240
2026-06-28T23:47:20,dl,cu_cp1,1930760,661477.6098769284,0.661478
2026-06-28T23:47:20,dl,cu_up1,1930788,1037928.2288035059,1.037928
2026-06-28T23:47:20,dl,cu_cp2,1930796,720634.1058127714,0.720634
2026-06-28T23:47:20,dl,cu_up2,1930824,1005660.9540801668,1.005661
2026-06-28T23:47:20,dl,du1,1930986,6130767.738894958,6.130768
2026-06-28T23:47:20,dl,du2,1931748,6211435.354971485,6.211435
2026-06-28T23:47:20,dl,du3,1932532,6378149.163806209,6.378149
2026-06-28T23:47:20,dl,du4,1933301,6259836.457300434,6.259836
2026-06-28T23:47:20,dl,ue1,1931050,2387772.622208881,2.387773
2026-06-28T23:47:20,dl,ue2,1931062,2425417.7126381304,2.425418
2026-06-28T23:47:20,dl,ue3,1931074,2473818.4344791984,2.473818
2026-06-28T23:47:20,dl,ue4,1931086,2500707.893496628,2.500708
2026-06-28T23:47:20,dl,ue5,1931814,2764223.3362574293,2.764223
2026-06-28T23:47:20,dl,ue6,1931826,2715822.614416361,2.715823
2026-06-28T23:47:20,dl,ue7,1931838,1828474.4619639397,1.828474
2026-06-28T23:47:20,dl,ue8,1931850,2801868.426686678,2.801868
2026-06-28T23:47:20,dl,ue9,1932577,2715822.614416361,2.715823
2026-06-28T23:47:20,dl,ue10,1932589,2242570.2664417364,2.242570
2026-06-28T23:47:20,dl,ue11,1932601,2748089.6988957594,2.748090
2026-06-28T23:47:20,dl,ue12,1932613,2850269.148527746,2.850269
2026-06-28T23:47:20,dl,ue13,1933348,2538352.9839258767,2.538353
2026-06-28T23:47:20,dl,ue14,1933360,2532974.9779760265,2.532975
2026-06-28T23:47:20,dl,ue15,1933372,2565242.062455425,2.565242
2026-06-28T23:47:20,dl,ue16,1933384,2135013.00110384,2.135013
2026-06-28T23:47:26,dl,cu_cp1,1930760,739209.7722033826,0.739210
2026-06-28T23:47:26,dl,cu_up1,1930788,1118541.0832770753,1.118541
2026-06-28T23:47:26,dl,cu_cp2,1930796,739209.7722033826,0.739210
2026-06-28T23:47:26,dl,cu_up2,1930824,1040729.588382917,1.040730
2026-06-28T23:47:26,dl,du1,1930986,6283282.944831069,6.283283
2026-06-28T23:47:26,dl,du2,1931748,6117933.363613994,6.117933
2026-06-28T23:47:26,dl,du3,1932532,6195745.334098885,6.195745
2026-06-28T23:47:26,dl,du4,1933301,6555623.3196378425,6.555623
2026-06-28T23:47:26,dl,ue1,1931050,2392705.34657876,2.392705
2026-06-28T23:47:26,dl,ue2,1931062,2373252.3539575376,2.373252
2026-06-28T23:47:26,dl,ue3,1931074,2402431.747771225,2.402432
2026-06-28T23:47:26,dl,ue4,1931086,2499696.3304047524,2.499696
2026-06-28T23:47:26,dl,ue5,1931814,2626139.7361430884,2.626140
2026-06-28T23:47:26,dl,ue6,1931826,2626139.7361430884,2.626140
2026-06-28T23:47:26,dl,ue7,1931838,1809118.6117227674,1.809119
2026-06-28T23:47:26,dl,ue8,1931850,2674772.122577999,2.674772
2026-06-28T23:47:26,dl,ue9,1932577,2626139.7361430884,2.626140
2026-06-28T23:47:26,dl,ue10,1932589,2178723.5691630687,2.178724
2026-06-28T23:47:26,dl,ue11,1932601,2606686.9337581587,2.606687
2026-06-28T23:47:26,dl,ue12,1932613,2762310.113782768,2.762310
2026-06-28T23:47:26,dl,ue13,1933348,2684498.7140067564,2.684499
2026-06-28T23:47:26,dl,ue14,1933360,2655319.320193069,2.655319
2026-06-28T23:47:26,dl,ue15,1933372,2655319.320193069,2.655319
2026-06-28T23:47:26,dl,ue16,1933384,2334346.558951385,2.334347
2026-06-28T23:47:32,dl,cu_cp1,1930760,730801.5418477142,0.730802
2026-06-28T23:47:32,dl,cu_up1,1930788,1024555.1574613595,1.024555
2026-06-28T23:47:32,dl,cu_cp2,1930796,637660.1898959148,0.637660
2026-06-28T23:47:32,dl,cu_up2,1930824,1067543.5030792737,1.067544
2026-06-28T23:47:32,dl,du1,1930986,6484073.239656543,6.484073
2026-06-28T23:47:32,dl,du2,1931748,6183154.439009056,6.183154
2026-06-28T23:47:32,dl,du3,1932532,6290625.112392797,6.290625
2026-06-28T23:47:32,dl,du4,1933301,6491237.519050427,6.491238
2026-06-28T23:47:32,dl,ue1,1931050,2615123.2780105304,2.615123
2026-06-28T23:47:32,dl,ue2,1931062,2586464.4444856024,2.586464
2026-06-28T23:47:32,dl,ue3,1931074,2579299.7837696313,2.579300
2026-06-28T23:47:32,dl,ue4,1931086,2722594.142055316,2.722594
2026-06-28T23:47:32,dl,ue5,1931814,2650946.962912474,2.650947
2026-06-28T23:47:32,dl,ue6,1931826,2665276.2843444156,2.665276
2026-06-28T23:47:32,dl,ue7,1931838,1812674.604685235,1.812675
2026-06-28T23:47:32,dl,ue8,1931850,2744088.124203229,2.744088
2026-06-28T23:47:32,dl,ue9,1932577,2579299.7837696313,2.579300
2026-06-28T23:47:32,dl,ue10,1932589,2142251.6668745186,2.142252
2026-06-28T23:47:32,dl,ue11,1932601,2572134.9323926163,2.572135
2026-06-28T23:47:32,dl,ue12,1932613,2686770.457153373,2.686770
2026-06-28T23:47:32,dl,ue13,1933348,2593629.2958626174,2.593629
2026-06-28T23:47:32,dl,ue14,1933360,2643782.3021965027,2.643782
2026-06-28T23:47:32,dl,ue15,1933372,2636617.6414805315,2.636618
2026-06-28T23:47:32,dl,ue16,1933384,2299875.537253189,2.299876
2026-06-28T23:47:38,dl,cu_cp1,1930760,713445.6705072749,0.713446
2026-06-28T23:47:38,dl,cu_up1,1930788,1076899.1987834251,1.076899
2026-06-28T23:47:38,dl,cu_cp2,1930796,659600.7438175875,0.659601
2026-06-28T23:47:38,dl,cu_up2,1930824,1081386.26413275,1.081386
2026-06-28T23:47:38,dl,du1,1930986,6259476.3969942,6.259476
2026-06-28T23:47:38,dl,du2,1931748,6317808.5315310005,6.317809
2026-06-28T23:47:38,dl,du3,1932532,6313321.181186099,6.313321
2026-06-28T23:47:38,dl,du4,1933301,6564597.220742397,6.564597
2026-06-28T23:47:38,dl,ue1,1931050,2423023.2685116003,2.423023
2026-06-28T23:47:38,dl,ue2,1931062,2391613.52607075,2.391614
2026-06-28T23:47:38,dl,ue3,1931074,2485842.3733992004,2.485842
2026-06-28T23:47:38,dl,ue4,1931086,2485842.3733992004,2.485842
2026-06-28T23:47:38,dl,ue5,1931814,2719170.34155525,2.719170
2026-06-28T23:47:38,dl,ue6,1931826,2687760.9791085003,2.687761
2026-06-28T23:47:38,dl,ue7,1931838,1835215.7127810002,1.835216
2026-06-28T23:47:38,dl,ue8,1931850,2804425.0581850503,2.804425
2026-06-28T23:47:38,dl,ue9,1932577,2548661.4782868004,2.548661
2026-06-28T23:47:38,dl,ue10,1932589,2135850.1361695505,2.135850
2026-06-28T23:47:38,dl,ue11,1932601,2544174.1279418995,2.544174
2026-06-28T23:47:38,dl,ue12,1932613,2611480.3931773496,2.611480
2026-06-28T23:47:38,dl,ue13,1933348,2728144.4722538996,2.728144
2026-06-28T23:47:38,dl,ue14,1933360,2678786.8484098506,2.678787
2026-06-28T23:47:38,dl,ue15,1933372,2705709.0505087497,2.705709
2026-06-28T23:47:38,dl,ue16,1933384,2373665.26467345,2.373665
2026-06-28T23:47:44,dl,cu_cp1,1930760,713596.6934869972,0.713597
2026-06-28T23:47:44,dl,cu_up1,1930788,1103764.5278238417,1.103765
2026-06-28T23:47:44,dl,cu_cp2,1930796,672526.302543354,0.672526
2026-06-28T23:47:44,dl,cu_up2,1930824,1083229.451220637,1.083229
2026-06-28T23:47:44,dl,du1,1930986,6247821.234401694,6.247821
2026-06-28T23:47:44,dl,du2,1931748,6150278.978645939,6.150279
2026-06-28T23:47:44,dl,du3,1932532,6396700.278263969,6.396700
2026-06-28T23:47:44,dl,du4,1933301,6329961.921194086,6.329962
2026-06-28T23:47:44,dl,ue1,1931050,2453951.116024861,2.453951
2026-06-28T23:47:44,dl,ue2,1931062,2520690.4240436805,2.520690
2026-06-28T23:47:44,dl,ue3,1931074,2572028.3532889257,2.572028
2026-06-28T23:47:44,dl,ue4,1931086,2551493.1815908276,2.551493
2026-06-28T23:47:44,dl,ue5,1931814,2736309.536683924,2.736310
2026-06-28T23:47:44,dl,ue6,1931826,2715774.364985826,2.715774
2026-06-28T23:47:44,dl,ue7,1931838,1822495.1568777037,1.822495
2026-06-28T23:47:44,dl,ue8,1931850,2808182.4474374806,2.808182
2026-06-28T23:47:44,dl,ue9,1932577,2510422.8381946315,2.510423
2026-06-28T23:47:44,dl,ue10,1932589,2115120.9731960283,2.115121
2026-06-28T23:47:44,dl,ue11,1932601,2551493.1815908276,2.551493
2026-06-28T23:47:44,dl,ue12,1932613,2618232.2994198594,2.618232
2026-06-28T23:47:44,dl,ue13,1933348,2546359.198476516,2.546359
2026-06-28T23:47:44,dl,ue14,1933360,2541225.5957417786,2.541226
2026-06-28T23:47:44,dl,ue15,1933372,2582295.9391379748,2.582296
2026-06-28T23:47:44,dl,ue16,1933384,2269134.7609317647,2.269135
2026-06-28T23:47:50,dl,cu_cp1,1930760,731582.5354339123,0.731583
2026-06-28T23:47:50,dl,cu_up1,1930788,1086615.2371539115,1.086615
2026-06-28T23:47:50,dl,cu_cp2,1930796,704686.0847108841,0.704686
2026-06-28T23:47:50,dl,cu_up2,1930824,1065098.0575191497,1.065098
2026-06-28T23:47:50,dl,du1,1930986,6191555.171926498,6.191555
2026-06-28T23:47:50,dl,du2,1931748,6196934.395373916,6.196934
2026-06-28T23:47:50,dl,du3,1932532,6439002.1183952335,6.439002
2026-06-28T23:47:50,dl,du4,1933301,6482036.668228149,6.482037
2026-06-28T23:47:50,dl,ue1,1931050,2431436.058234787,2.431436
2026-06-28T23:47:50,dl,ue2,1931062,2506745.9487522123,2.506746
2026-06-28T23:47:50,dl,ue3,1931074,2501366.7253047945,2.501367
2026-06-28T23:47:50,dl,ue4,1931086,2560538.9454799653,2.560539
2026-06-28T23:47:50,dl,ue5,1931814,2716537.9499622346,2.716538
2026-06-28T23:47:50,dl,ue6,1931826,2732675.810867882,2.732676
2026-06-28T23:47:50,dl,ue7,1931838,1834335.585852623,1.834336
2026-06-28T23:47:50,dl,ue8,1931850,2845640.837207413,2.845641
2026-06-28T23:47:50,dl,ue9,1932577,2587435.2532804487,2.587435
2026-06-28T23:47:50,dl,ue10,1932589,2194747.5586608886,2.194748
2026-06-28T23:47:50,dl,ue11,1932601,2571297.3923748014,2.571297
2026-06-28T23:47:50,dl,ue12,1932613,2614331.7516443254,2.614332
2026-06-28T23:47:50,dl,ue13,1933348,2651986.696903038,2.651987
2026-06-28T23:47:50,dl,ue14,1933360,2635848.645433998,2.635849
2026-06-28T23:47:50,dl,ue15,1933372,2625090.1985391616,2.625090
2026-06-28T23:47:50,dl,ue16,1933384,2302333.170989609,2.302333
2026-06-28T23:47:56,dl,cu_cp1,1930760,662562.0989692211,0.662562
2026-06-28T23:47:56,dl,cu_up1,1930788,1094231.3366651053,1.094231
2026-06-28T23:47:56,dl,cu_cp2,1930796,732833.8023297047,0.732834
2026-06-28T23:47:56,dl,cu_up2,1930824,1074153.680097912,1.074154
2026-06-28T23:47:56,dl,du1,1930986,6143757.610578344,6.143758
2026-06-28T23:47:56,dl,du2,1931748,6033330.594083474,6.033331
2026-06-28T23:47:56,dl,du3,1932532,6324455.951934926,6.324456
2026-06-28T23:47:56,dl,du4,1933301,6525232.517606859,6.525233
2026-06-28T23:47:56,dl,ue1,1931050,2369161.3931855643,2.369161
2026-06-28T23:47:56,dl,ue2,1931062,2419355.4399788547,2.419355
2026-06-28T23:47:56,dl,ue3,1931074,2419355.4399788547,2.419355
2026-06-28T23:47:56,dl,ue4,1931086,2459510.7531132414,2.459511
2026-06-28T23:47:56,dl,ue5,1931814,2630170.7393096914,2.630171
2026-06-28T23:47:56,dl,ue6,1931826,2670326.0524440776,2.670326
2026-06-28T23:47:56,dl,ue7,1931838,1766832.263917923,1.766832
2026-06-28T23:47:56,dl,ue8,1931850,2720519.9099879824,2.720520
2026-06-28T23:47:56,dl,ue9,1932577,2670326.0524440776,2.670326
2026-06-28T23:47:56,dl,ue10,1932589,2188462.6733302106,2.188463
2026-06-28T23:47:56,dl,ue11,1932601,2640209.6622179807,2.640210
2026-06-28T23:47:56,dl,ue12,1932613,2740597.7558045615,2.740598
2026-06-28T23:47:56,dl,ue13,1933348,2720519.9099879824,2.720520
2026-06-28T23:47:56,dl,ue14,1933360,2650248.3958768845,2.650248
2026-06-28T23:47:56,dl,ue15,1933372,2660287.129535788,2.660287
2026-06-28T23:47:56,dl,ue16,1933384,2359122.470277275,2.359122
2026-06-28T23:48:02,dl,cu_cp1,1930760,733251.7616759974,0.733252
2026-06-28T23:48:02,dl,cu_up1,1930788,1092688.9314258904,1.092689
2026-06-28T23:48:02,dl,cu_cp2,1930796,682930.5940187153,0.682931
2026-06-28T23:48:02,dl,cu_up2,1930824,1071122.6556311666,1.071123
2026-06-28T23:48:02,dl,du1,1930986,6103242.842089126,6.103243
2026-06-28T23:48:02,dl,du2,1931748,6189507.565186936,6.189508
2026-06-28T23:48:02,dl,du3,1932532,6290149.995521772,6.290150
2026-06-28T23:48:02,dl,du4,1933301,6333282.357070677,6.333282
2026-06-28T23:48:02,dl,ue1,1931050,2408228.7142553614,2.408229
2026-06-28T23:48:02,dl,ue2,1931062,2429795.0850703563,2.429795
2026-06-28T23:48:02,dl,ue3,1931074,2436983.938688868,2.436984
2026-06-28T23:48:02,dl,ue4,1931086,2508871.3346307385,2.508871
2026-06-28T23:48:02,dl,ue5,1931814,2753288.366808772,2.753288
2026-06-28T23:48:02,dl,ue6,1931826,2753288.366808772,2.753288
2026-06-28T23:48:02,dl,ue7,1931838,1876261.7182287634,1.876262
2026-06-28T23:48:02,dl,ue8,1931850,2882685.831536572,2.882686
2026-06-28T23:48:02,dl,ue9,1932577,2537626.178983161,2.537626
2026-06-28T23:48:02,dl,ue10,1932589,2228510.224400686,2.228510
2026-06-28T23:48:02,dl,ue11,1932601,2595136.0577285495,2.595136
2026-06-28T23:48:02,dl,ue12,1932613,2587947.394150579,2.587947
2026-06-28T23:48:02,dl,ue13,1933348,2645457.2728959667,2.645457
2026-06-28T23:48:02,dl,ue14,1933360,2667023.6437109616,2.667024
2026-06-28T23:48:02,dl,ue15,1933372,2702967.3416818962,2.702967
2026-06-28T23:48:02,dl,ue16,1933384,2271642.775990133,2.271643
2026-06-28T23:48:08,dl,cu_cp1,1930760,719844.6956295526,0.719845
2026-06-28T23:48:08,dl,cu_up1,1930788,1088653.9974140166,1.088654
2026-06-28T23:48:08,dl,cu_cp2,1930796,706514.2172055262,0.706514
2026-06-28T23:48:08,dl,cu_up2,1930824,1061993.1355049533,1.061993
2026-06-28T23:48:08,dl,du1,1930986,6114236.483335848,6.114236
2026-06-28T23:48:08,dl,du2,1931748,6145340.77476026,6.145341
2026-06-28T23:48:08,dl,du3,1932532,6434167.2060005665,6.434167
2026-06-28T23:48:08,dl,du4,1933301,6416393.108183213,6.416393
2026-06-28T23:48:08,dl,ue1,1931050,2417256.226704551,2.417256
2026-06-28T23:48:08,dl,ue2,1931062,2403925.843219514,2.403926
2026-06-28T23:48:08,dl,ue3,1931074,2421699.7511588894,2.421700
2026-06-28T23:48:08,dl,ue4,1931086,2426143.275613228,2.426143
2026-06-28T23:48:08,dl,ue5,1931814,2626100.167156656,2.626100
2026-06-28T23:48:08,dl,ue6,1931826,2643874.0750960317,2.643874
2026-06-28T23:48:08,dl,ue7,1931838,1790724.7851041937,1.790725
2026-06-28T23:48:08,dl,ue8,1931850,2737187.139247248,2.737187
2026-06-28T23:48:08,dl,ue9,1932577,2599439.4001865815,2.599439
2026-06-28T23:48:08,dl,ue10,1932589,2239516.7675548373,2.239517
2026-06-28T23:48:08,dl,ue11,1932601,2648317.4096723916,2.648317
2026-06-28T23:48:08,dl,ue12,1932613,2701639.3233684967,2.701639
2026-06-28T23:48:08,dl,ue13,1933348,2626100.167156656,2.626100
2026-06-28T23:48:08,dl,ue14,1933360,2648317.4096723916,2.648317
2026-06-28T23:48:08,dl,ue15,1933372,2688309.1297614384,2.688309
2026-06-28T23:48:08,dl,ue16,1933384,2310612.5891903187,2.310613
2026-06-28T23:48:14,dl,cu_cp1,1930760,688542.113678556,0.688542
2026-06-28T23:48:14,dl,cu_up1,1930788,1092348.6476715684,1.092349
2026-06-28T23:48:14,dl,cu_cp2,1930796,667834.1009358853,0.667834
2026-06-28T23:48:14,dl,cu_up2,1930824,1102702.7967983698,1.102703
2026-06-28T23:48:14,dl,du1,1930986,6145108.896080017,6.145109
2026-06-28T23:48:14,dl,du2,1931748,6160639.548748355,6.160640
2026-06-28T23:48:14,dl,du3,1932532,6481614.364866772,6.481614
2026-06-28T23:48:14,dl,du4,1933301,6460906.066613168,6.460906
2026-06-28T23:48:14,dl,ue1,1931050,2459078.8210721896,2.459079
2026-06-28T23:48:14,dl,ue2,1931062,2479786.9289851715,2.479787
2026-06-28T23:48:14,dl,ue3,1931074,2510848.8053437113,2.510849
2026-06-28T23:48:14,dl,ue4,1931086,2428016.7543730284,2.428017
2026-06-28T23:48:14,dl,ue5,1931814,2645451.221267159,2.645451
2026-06-28T23:48:14,dl,ue6,1931826,2702398.0897614597,2.702398
2026-06-28T23:48:14,dl,ue7,1931838,1811952.8756344414,1.811953
2026-06-28T23:48:14,dl,ue8,1931850,2754168.454714224,2.754168
2026-06-28T23:48:14,dl,ue9,1932577,2609212.0800045966,2.609212
2026-06-28T23:48:14,dl,ue10,1932589,2262352.652431662,2.262353
2026-06-28T23:48:14,dl,ue11,1932601,2692044.13097528,2.692044
2026-06-28T23:48:14,dl,ue12,1932613,2780053.2565093637,2.780053
2026-06-28T23:48:14,dl,ue13,1933348,2614389.1545679974,2.614389
2026-06-28T23:48:14,dl,ue14,1933360,2624743.1133541777,2.624743
2026-06-28T23:48:14,dl,ue15,1933372,2692044.13097528,2.692044
2026-06-28T23:48:14,dl,ue16,1933384,2308945.562139783,2.308946
2026-06-28T23:48:20,dl,cu_cp1,1930760,701581.2303528598,0.701581
2026-06-28T23:48:20,dl,cu_up1,1930788,1071116.40756118,1.071116
2026-06-28T23:48:20,dl,cu_cp2,1930796,690870.1469044259,0.690870
2026-06-28T23:48:20,dl,cu_up2,1930824,1038982.9675048715,1.038983
2026-06-28T23:48:20,dl,du1,1930986,6223186.911291802,6.223187
2026-06-28T23:48:20,dl,du2,1931748,6110719.776239219,6.110720
2026-06-28T23:48:20,dl,du3,1932532,6351720.671517036,6.351721
2026-06-28T23:48:20,dl,du4,1933301,6383854.301284351,6.383854
2026-06-28T23:48:20,dl,ue1,1931050,2420723.0716027166,2.420723
2026-06-28T23:48:20,dl,ue2,1931062,2436789.8864863743,2.436790
2026-06-28T23:48:20,dl,ue3,1931074,2517123.581482649,2.517124
2026-06-28T23:48:20,dl,ue4,1931086,2543901.669525747,2.543902
2026-06-28T23:48:20,dl,ue5,1931814,2699213.5177940796,2.699214
2026-06-28T23:48:20,dl,ue6,1931826,2667080.0777377714,2.667080
2026-06-28T23:48:20,dl,ue7,1931838,1831609.118585695,1.831609
2026-06-28T23:48:20,dl,ue8,1931850,2779547.2127903546,2.779547
2026-06-28T23:48:20,dl,ue9,1932577,2511768.0397584317,2.511768
2026-06-28T23:48:20,dl,ue10,1932589,2120810.6482254923,2.120811
2026-06-28T23:48:20,dl,ue11,1932601,2527834.8546420895,2.527835
2026-06-28T23:48:20,dl,ue12,1932613,2677790.9714751984,2.677791
2026-06-28T23:48:20,dl,ue13,1933348,2554612.752974181,2.554613
2026-06-28T23:48:20,dl,ue14,1933360,2597457.2764789234,2.597457
2026-06-28T23:48:20,dl,ue15,1933372,2586746.3827414964,2.586746
2026-06-28T23:48:20,dl,ue16,1933384,2238633.5147132995,2.238634
2026-06-28T23:48:26,dl,cu_cp1,1930760,745294.3419697762,0.745294
2026-06-28T23:48:26,dl,cu_up1,1930788,979529.6812998295,0.979530
2026-06-28T23:48:26,dl,cu_cp2,1930796,755941.3983781338,0.755941
2026-06-28T23:48:26,dl,cu_up2,1930824,851764.9060533524,0.851765
2026-06-28T23:48:26,dl,du1,1930986,6398883.950154686,6.398884
2026-06-28T23:48:26,dl,du2,1931748,5802648.791286659,5.802649
2026-06-28T23:48:26,dl,du3,1932532,6409531.301601601,6.409531
2026-06-28T23:48:26,dl,du4,1933301,6079472.454596329,6.079472
2026-06-28T23:48:26,dl,ue1,1931050,2597882.9437934877,2.597883
2026-06-28T23:48:26,dl,ue2,1931062,2778883.0010817526,2.778883
2026-06-28T23:48:26,dl,ue3,1931074,2448824.350768852,2.448824
2026-06-28T23:48:26,dl,ue4,1931086,2683059.7884450913,2.683060
2026-06-28T23:48:26,dl,ue5,1931814,1991000.6301709176,1.991001
2026-06-28T23:48:26,dl,ue6,1931826,2353000.744747448,2.353001
2026-06-28T23:48:26,dl,ue7,1931838,1778059.3053113937,1.778059
2026-06-28T23:48:26,dl,ue8,1931850,2715000.662631607,2.715001
2026-06-28T23:48:26,dl,ue9,1932577,2565941.8729146,2.565942
2026-06-28T23:48:26,dl,ue10,1932589,2363647.7028096197,2.363648
2026-06-28T23:48:26,dl,ue11,1932601,2587236.182423687,2.587236
2026-06-28T23:48:26,dl,ue12,1932613,2597882.9437934877,2.597883
2026-06-28T23:48:26,dl,ue13,1933348,2257177.1387260435,2.257177
2026-06-28T23:48:26,dl,ue14,1933360,2235883.0259093284,2.235883
2026-06-28T23:48:26,dl,ue15,1933372,2289118.209604931,2.289118
2026-06-28T23:48:26,dl,ue16,1933384,2842765.732916641,2.842766
2026-06-28T23:48:32,dl,cu_cp1,1930760,692322.1069740892,0.692322
2026-06-28T23:48:32,dl,cu_up1,1930788,699847.3427148557,0.699847
2026-06-28T23:48:32,dl,cu_cp2,1930796,692322.1069740892,0.692322
2026-06-28T23:48:32,dl,cu_up2,1930824,662221.2105469751,0.662221
2026-06-28T23:48:32,dl,du1,1930986,5117163.654309788,5.117164
2026-06-28T23:48:32,dl,du2,1931748,5117163.654309788,5.117164
2026-06-28T23:48:32,dl,du3,1932532,5884738.07215559,5.884738
2026-06-28T23:48:32,dl,du4,1933301,5892263.494040165,5.892263
2026-06-28T23:48:32,dl,ue1,1931050,1489997.700462718,1.489998
2026-06-28T23:48:32,dl,ue2,1931062,1474947.1359092807,1.474947
2026-06-28T23:48:32,dl,ue3,1931074,1429795.7214646817,1.429796
2026-06-28T23:48:32,dl,ue4,1931086,1459896.6644277477,1.459897
2026-06-28T23:48:32,dl,ue5,1931814,1527623.8791665507,1.527624
2026-06-28T23:48:32,dl,ue6,1931826,1497522.8431315804,1.497523
2026-06-28T23:48:32,dl,ue7,1931838,1482472.3716500474,1.482472
2026-06-28T23:48:32,dl,ue8,1931850,1444846.1929462147,1.444846
2026-06-28T23:48:32,dl,ue9,1932577,2024289.717272854,2.024290
2026-06-28T23:48:32,dl,ue10,1932589,2791864.3212624644,2.791864
2026-06-28T23:48:32,dl,ue11,1932601,1986663.5385690213,1.986664
2026-06-28T23:48:32,dl,ue12,1932613,1986663.5385690213,1.986664
2026-06-28T23:48:32,dl,ue13,1933348,1971613.0670874882,1.971613
2026-06-28T23:48:32,dl,ue14,1933360,1994188.7743097877,1.994189
2026-06-28T23:48:32,dl,ue15,1933372,1979138.3028282546,1.979138
2026-06-28T23:48:32,dl,ue16,1933384,2806914.7927439976,2.806915
2026-06-28T23:48:38,dl,cu_cp1,1930760,703926.1692779928,0.703926
2026-06-28T23:48:38,dl,cu_up1,1930788,699413.8151884245,0.699414
2026-06-28T23:48:38,dl,cu_cp2,1930796,703926.1692779928,0.703926
2026-06-28T23:48:38,dl,cu_up2,1930824,676852.0912055683,0.676852
2026-06-28T23:48:38,dl,du1,1930986,5103464.901509142,5.103465
2026-06-28T23:48:38,dl,du2,1931748,5153100.285379558,5.153100
2026-06-28T23:48:38,dl,du3,1932532,5902150.413738098,5.902150
2026-06-28T23:48:38,dl,du4,1933301,5929224.259485598,5.929224
2026-06-28T23:48:38,dl,ue1,1931050,1511636.3432211005,1.511636
2026-06-28T23:48:38,dl,ue2,1931062,1493586.9268628275,1.493587
2026-06-28T23:48:38,dl,ue3,1931074,1462000.4017708646,1.462000
2026-06-28T23:48:38,dl,ue4,1931086,1489074.5263082744,1.489075
2026-06-28T23:48:38,dl,ue5,1931814,1511636.3432211005,1.511636
2026-06-28T23:48:38,dl,ue6,1931826,1498099.2344874109,1.498099
2026-06-28T23:48:38,dl,ue7,1931838,1493586.9268628275,1.493587
2026-06-28T23:48:38,dl,ue8,1931850,1457488.0941462815,1.457488
2026-06-28T23:48:38,dl,ue9,1932577,2007994.5496338487,2.007995
2026-06-28T23:48:38,dl,ue10,1932589,2892414.464309707,2.892414
2026-06-28T23:48:38,dl,ue11,1932601,1998969.7485247422,1.998970
2026-06-28T23:48:38,dl,ue12,1932613,1985432.6397910523,1.985433
2026-06-28T23:48:38,dl,ue13,1933348,1953846.3005590297,1.953846
2026-06-28T23:48:38,dl,ue14,1933360,1976408.0245418858,1.976408
2026-06-28T23:48:38,dl,ue15,1933372,2012506.8572584318,2.012507
2026-06-28T23:48:38,dl,ue16,1933384,2829241.599985721,2.829242
2026-06-28T23:48:44,dl,cu_cp1,1930760,707200.4074750256,0.707200
2026-06-28T23:48:44,dl,cu_up1,1930788,702422.0257169438,0.702422
2026-06-28T23:48:44,dl,cu_cp2,1930796,683308.4986846161,0.683308
2026-06-28T23:48:44,dl,cu_up2,1930824,668973.3070498216,0.668973
2026-06-28T23:48:44,dl,du1,1930986,5146315.762637759,5.146316
2026-06-28T23:48:44,dl,du2,1931748,5098532.130499134,5.098532
2026-06-28T23:48:44,dl,du3,1932532,5939527.31992155,5.939527
2026-06-28T23:48:44,dl,du4,1933301,5968197.425027847,5.968197
2026-06-28T23:48:44,dl,ue1,1931050,1529081.8844229197,1.529082
2026-06-28T23:48:44,dl,ue2,1931062,1438292.538298266,1.438293
2026-06-28T23:48:44,dl,ue3,1931074,1452627.8690147067,1.452628
2026-06-28T23:48:44,dl,ue4,1931086,1471741.303325937,1.471741
2026-06-28T23:48:44,dl,ue5,1931814,1524303.5026648378,1.524304
2026-06-28T23:48:44,dl,ue6,1931826,1500411.6865955258,1.500412
2026-06-28T23:48:44,dl,ue7,1931838,1490854.8303582645,1.490855
2026-06-28T23:48:44,dl,ue8,1931850,1466962.921567855,1.466963
2026-06-28T23:48:44,dl,ue9,1932577,2045147.0215746688,2.045147
2026-06-28T23:48:44,dl,ue10,1932589,2843136.497011056,2.843136
2026-06-28T23:48:44,dl,ue11,1932601,1992584.7295146703,1.992585
2026-06-28T23:48:44,dl,ue12,1932613,1997363.2039938497,1.997363
2026-06-28T23:48:44,dl,ue13,1933348,1983027.9659985066,1.983028
2026-06-28T23:48:44,dl,ue14,1933360,2016476.7310261773,2.016477
2026-06-28T23:48:44,dl,ue15,1933372,1992584.7295146703,1.992585
2026-06-28T23:48:44,dl,ue16,1933384,2843136.497011056,2.843136
2026-06-28T23:48:49,dl,cu_cp1,1930760,698105.1337560964,0.698105
2026-06-28T23:48:49,dl,cu_up1,1930788,692816.4865223712,0.692816
2026-06-28T23:48:49,dl,cu_cp2,1930796,676950.4523485863,0.676950
2026-06-28T23:48:49,dl,cu_up2,1930824,666373.0654085267,0.666373
2026-06-28T23:48:49,dl,du1,1930986,5114149.200668301,5.114149
2026-06-28T23:48:49,dl,du2,1931748,5034819.168508291,5.034819
2026-06-28T23:48:49,dl,du3,1932532,5912738.955519309,5.912739
2026-06-28T23:48:49,dl,du4,1933301,5928605.035929399,5.928605
2026-06-28T23:48:49,dl,ue1,1931050,1480829.0856148421,1.480829
2026-06-28T23:48:49,dl,ue2,1931062,1480829.0856148421,1.480829
2026-06-28T23:48:49,dl,ue3,1931074,1475540.4846174216,1.475540
2026-06-28T23:48:49,dl,ue4,1931086,1470251.7911473918,1.470252
2026-06-28T23:48:49,dl,ue5,1931814,1501983.7670223522,1.501984
2026-06-28T23:48:49,dl,ue6,1931826,1475540.4846174216,1.475540
2026-06-28T23:48:49,dl,ue7,1931838,1449097.1097398817,1.449097
2026-06-28T23:48:49,dl,ue8,1931850,1449097.1097398817,1.449097
2026-06-28T23:48:49,dl,ue9,1932577,1983253.2082880998,1.983253
2026-06-28T23:48:49,dl,ue10,1932589,2797709.413439634,2.797709
2026-06-28T23:48:49,dl,ue11,1932601,1940943.8454730797,1.940944
2026-06-28T23:48:49,dl,ue12,1932613,1967387.3128232288,1.967387
2026-06-28T23:48:49,dl,ue13,1933348,1967387.3128232288,1.967387
2026-06-28T23:48:49,dl,ue14,1933360,1983253.2082880998,1.983253
2026-06-28T23:48:49,dl,ue15,1933372,1977964.51481807,1.977965
2026-06-28T23:48:49,dl,ue16,1933384,2797709.413439634,2.797709
2026-06-28T23:48:55,dl,cu_cp1,1930760,688406.5773508078,0.688407
2026-06-28T23:48:55,dl,cu_up1,1930788,677815.6990972895,0.677816
2026-06-28T23:48:55,dl,cu_cp2,1930796,667224.8208437711,0.667225
2026-06-28T23:48:55,dl,cu_up2,1930824,688406.5773508078,0.688407
2026-06-28T23:48:55,dl,du1,1930986,5051845.316748705,5.051845
2026-06-28T23:48:55,dl,du2,1931748,5178935.4855161,5.178935
2026-06-28T23:48:55,dl,du3,1932532,5803796.839630151,5.803797
2026-06-28T23:48:55,dl,du4,1933301,5967955.5914127445,5.967956
2026-06-28T23:48:55,dl,ue1,1931050,1488017.2375104988,1.488017
2026-06-28T23:48:55,dl,ue2,1931062,1461540.088161056,1.461540
2026-06-28T23:48:55,dl,ue3,1931074,1419176.5751469827,1.419177
2026-06-28T23:48:55,dl,ue4,1931086,1472130.9664145743,1.472131
2026-06-28T23:48:55,dl,ue5,1931814,1530380.750524572,1.530381
2026-06-28T23:48:55,dl,ue6,1931826,1435062.846242907,1.435063
2026-06-28T23:48:55,dl,ue7,1931838,1440358.3316540194,1.440358
2026-06-28T23:48:55,dl,ue8,1931850,1472130.9664145743,1.472131
2026-06-28T23:48:55,dl,ue9,1932577,1975197.1743288112,1.975197
2026-06-28T23:48:55,dl,ue10,1932589,2769512.5804991554,2.769513
2026-06-28T23:48:55,dl,ue11,1932601,1932833.6613147378,1.932834
2026-06-28T23:48:55,dl,ue12,1932613,1948720.1175480748,1.948720
2026-06-28T23:48:55,dl,ue13,1933348,1991083.630562148,1.991084
2026-06-28T23:48:55,dl,ue14,1933360,1964606.3886439991,1.964606
2026-06-28T23:48:55,dl,ue15,1933372,1964606.3886439991,1.964606
2026-06-28T23:48:55,dl,ue16,1933384,2848943.9359787772,2.848944
2026-06-28T23:49:01,dl,cu_cp1,1930760,694935.8076064778,0.694936
2026-06-28T23:49:01,dl,cu_up1,1930788,694935.8076064778,0.694936
2026-06-28T23:49:01,dl,cu_cp2,1930796,675896.5273380333,0.675897
2026-06-28T23:49:01,dl,cu_up2,1930824,694935.8076064778,0.694936
2026-06-28T23:49:01,dl,du1,1930986,5054944.379400125,5.054944
2026-06-28T23:49:01,dl,du2,1931748,5073983.382627469,5.073983
2026-06-28T23:49:01,dl,du3,1932532,5787958.932237558,5.787959
2026-06-28T23:49:01,dl,du4,1933301,5940273.913161383,5.940274
2026-06-28T23:49:01,dl,ue1,1931050,1456509.4193671285,1.456509
2026-06-28T23:49:01,dl,ue2,1931062,1475548.7919826068,1.475549
2026-06-28T23:49:01,dl,ue3,1931074,1446989.7330593895,1.446990
2026-06-28T23:49:01,dl,ue4,1931086,1475548.7919826068,1.475549
2026-06-28T23:49:01,dl,ue5,1931814,1523147.0388272344,1.523147
2026-06-28T23:49:01,dl,ue6,1931826,1494587.9799040174,1.494588
2026-06-28T23:49:01,dl,ue7,1931838,1475548.7919826068,1.475549
2026-06-28T23:49:01,dl,ue8,1931850,1437470.0467516505,1.437470
2026-06-28T23:49:01,dl,ue9,1932577,1942012.4975914825,1.942012
2026-06-28T23:49:01,dl,ue10,1932589,2827341.846658673,2.827342
2026-06-28T23:49:01,dl,ue11,1932601,1980091.0581283711,1.980091
2026-06-28T23:49:01,dl,ue12,1932613,1903933.7523605262,1.903934
2026-06-28T23:49:01,dl,ue13,1933348,1961051.8702069605,1.961052
2026-06-28T23:49:01,dl,ue14,1933360,1980091.0581283711,1.980091
2026-06-28T23:49:01,dl,ue15,1933372,1932492.8112837435,1.932493
2026-06-28T23:49:01,dl,ue16,1933384,2779743.230425911,2.779743
2026-06-28T23:49:07,dl,cu_cp1,1930760,698756.5846992433,0.698757
2026-06-28T23:49:07,dl,cu_up1,1930788,684349.2152932202,0.684349
2026-06-28T23:49:07,dl,cu_cp2,1930796,662738.2073782342,0.662738
2026-06-28T23:49:07,dl,cu_up2,1930824,698756.5846992433,0.698757
2026-06-28T23:49:07,dl,du1,1930986,5107406.91114934,5.107407
2026-06-28T23:49:07,dl,du2,1931748,5049777.06397286,5.049777
2026-06-28T23:49:07,dl,du3,1932532,5791756.218830657,5.791756
2026-06-28T23:49:07,dl,du4,1933301,6015069.705519238,6.015070
2026-06-28T23:49:07,dl,ue1,1931050,1498364.7552406478,1.498365
2026-06-28T23:49:07,dl,ue2,1931062,1469550.0164286017,1.469550
2026-06-28T23:49:07,dl,ue3,1931074,1433531.6853016412,1.433532
2026-06-28T23:49:07,dl,ue4,1931086,1433531.6853016412,1.433532
2026-06-28T23:49:07,dl,ue5,1931814,1476753.7011316132,1.476754
2026-06-28T23:49:07,dl,ue6,1931826,1447939.0547076643,1.447939
2026-06-28T23:49:07,dl,ue7,1931838,1469550.0164286017,1.469550
2026-06-28T23:49:07,dl,ue8,1931850,1491161.0705376363,1.491161
2026-06-28T23:49:07,dl,ue9,1932577,1988214.5759406544,1.988215
2026-06-28T23:49:07,dl,ue10,1932589,2831044.762312031,2.831045
2026-06-28T23:49:07,dl,ue11,1932601,1966603.706607814,1.966604
2026-06-28T23:49:07,dl,ue12,1932613,1944992.6524987794,1.944993
2026-06-28T23:49:07,dl,ue13,1933348,1966603.706607814,1.966604
2026-06-28T23:49:07,dl,ue14,1933360,2009825.6300496887,2.009826
2026-06-28T23:49:07,dl,ue15,1933372,1966603.706607814,1.966604
2026-06-28T23:49:07,dl,ue16,1933384,2831044.762312031,2.831045
2026-06-28T23:49:13,dl,cu_cp1,1930760,690602.3907579982,0.690602
2026-06-28T23:49:13,dl,cu_up1,1930788,690602.3907579982,0.690602
2026-06-28T23:49:13,dl,cu_cp2,1930796,695116.0931143069,0.695116
2026-06-28T23:49:13,dl,cu_up2,1930824,690602.3907579982,0.690602
2026-06-28T23:49:13,dl,du1,1930986,5100527.676149368,5.100528
2026-06-28T23:49:13,dl,du2,1931748,5086985.966790161,5.086986
2026-06-28T23:49:13,dl,du3,1932532,5899459.247768926,5.899459
2026-06-28T23:49:13,dl,du4,1933301,5962651.914697638,5.962652
2026-06-28T23:49:13,dl,ue1,1931050,1512103.3080994892,1.512103
2026-06-28T23:49:13,dl,ue2,1931062,1485020.8159815073,1.485021
2026-06-28T23:49:13,dl,ue3,1931074,1462452.165209899,1.462452
2026-06-28T23:49:13,dl,ue4,1931086,1485020.8159815073,1.485021
2026-06-28T23:49:13,dl,ue5,1931814,1530158.3028448105,1.530158
2026-06-28T23:49:13,dl,ue6,1931826,1494048.2206941247,1.494048
2026-06-28T23:49:13,dl,ue7,1931838,1466965.821236186,1.466966
2026-06-28T23:49:13,dl,ue8,1931850,1435369.673091917,1.435370
2026-06-28T23:49:13,dl,ue9,1932577,2040211.0704597472,2.040211
2026-06-28T23:49:13,dl,ue10,1932589,2920390.303753338,2.920390
2026-06-28T23:49:13,dl,ue11,1932601,2022156.075714426,2.022156
2026-06-28T23:49:13,dl,ue12,1932613,1967991.0914784623,1.967991
2026-06-28T23:49:13,dl,ue13,1933348,1981532.24487741,1.981532
2026-06-28T23:49:13,dl,ue14,1933360,2017642.4196881389,2.017642
2026-06-28T23:49:13,dl,ue15,1933372,1945422.4407068538,1.945422
2026-06-28T23:49:13,dl,ue16,1933384,2866225.690157547,2.866226
2026-06-29T00:04:42,ul,cu_cp1,1930760,673084.5254864693,0.673085
2026-06-29T00:04:42,ul,cu_up1,1930788,681097.4386910355,0.681097
2026-06-29T00:04:42,ul,cu_cp2,1930796,681097.4386910355,0.681097
2026-06-29T00:04:42,ul,cu_up2,1930824,681097.4386910355,0.681097
2026-06-29T00:04:42,ul,du1,1930986,5032108.206587935,5.032108
2026-06-29T00:04:42,ul,du2,1931748,5064159.675709104,5.064160
2026-06-29T00:04:42,ul,du3,1932532,5953593.087340231,5.953593
2026-06-29T00:04:42,ul,du4,1933301,6041734.994817639,6.041735
2026-06-29T00:04:42,ul,ue1,1931050,1498414.3559354234,1.498414
2026-06-29T00:04:42,ul,ue2,1931062,1434311.0502988934,1.434311
2026-06-29T00:04:42,ul,ue3,1931074,1378220.7037912034,1.378221
2026-06-29T00:04:42,ul,ue4,1931086,1442324.0094277335,1.442324
2026-06-29T00:04:42,ul,ue5,1931814,1506427.223215716,1.506427
2026-06-29T00:04:42,ul,ue6,1931826,1474375.5703974508,1.474376
2026-06-29T00:04:42,ul,ue7,1931838,1442324.0094277335,1.442324
2026-06-29T00:04:42,ul,ue8,1931850,1450336.9685565734,1.450337
2026-06-29T00:04:42,ul,ue9,1932577,2003227.6582017278,2.003228
2026-06-29T00:04:42,ul,ue10,1932589,2868622.1005977867,2.868622
2026-06-29T00:04:42,ul,ue11,1932601,1995214.7909214355,1.995215
2026-06-29T00:04:42,ul,ue12,1932613,1971176.1890805578,1.971176
2026-06-29T00:04:42,ul,ue13,1933348,1923098.6180046129,1.923099
2026-06-29T00:04:42,ul,ue14,1933360,1899059.8324666405,1.899060
2026-06-29T00:04:42,ul,ue15,1933372,1979188.8726637554,1.979189
2026-06-29T00:04:42,ul,ue16,1933384,2804518.794961257,2.804519
2026-06-29T00:04:47,ul,cu_cp1,1930760,699093.5779219293,0.699094
2026-06-29T00:04:47,ul,cu_up1,1930788,758884.4785112464,0.758884
2026-06-29T00:04:47,ul,cu_cp2,1930796,685295.703133412,0.685296
2026-06-29T00:04:47,ul,cu_up2,1930824,763483.8328726047,0.763484
2026-06-29T00:04:47,ul,du1,1930986,5799717.451311536,5.799717
2026-06-29T00:04:47,ul,du2,1931748,5818114.303870296,5.818114
2026-06-29T00:04:47,ul,du3,1932532,6199856.432139101,6.199856
2026-06-29T00:04:47,ul,du4,1933301,6071075.828089971,6.071076
2026-06-29T00:04:47,ul,ue1,1931050,2078883.5046159124,2.078884
2026-06-29T00:04:47,ul,ue2,1931062,2060486.2754660368,2.060486
2026-06-29T00:04:47,ul,ue3,1931074,1996096.1617370294,1.996096
2026-06-29T00:04:47,ul,ue4,1931086,2065085.7710490632,2.065086
2026-06-29T00:04:47,ul,ue5,1931814,2042089.2346117187,2.042089
2026-06-29T00:04:47,ul,ue6,1931826,2101880.2293488146,2.101880
2026-06-29T00:04:47,ul,ue7,1931838,1825922.1686917949,1.825922
2026-06-29T00:04:47,ul,ue8,1931850,2083483.000198939,2.083483
2026-06-29T00:04:47,ul,ue9,1932577,2253656.9932441735,2.253657
2026-06-29T00:04:47,ul,ue10,1932589,2557210.709330449,2.557211
2026-06-29T00:04:47,ul,ue11,1932601,2212263.4159525107,2.212263
2026-06-29T00:04:47,ul,ue12,1932613,2216862.534944422,2.216863
2026-06-29T00:04:47,ul,ue13,1933348,2175468.9576527597,2.175469
2026-06-29T00:04:47,ul,ue14,1933360,2203064.801377573,2.203065
2026-06-29T00:04:47,ul,ue15,1933372,2212263.4159525107,2.212263
2026-06-29T00:04:47,ul,ue16,1933384,2575608.126775882,2.575608
2026-06-29T00:04:53,ul,cu_cp1,1930760,709354.3111409384,0.709354
2026-06-29T00:04:53,ul,cu_up1,1930788,821357.6032194006,0.821358
2026-06-29T00:04:53,ul,cu_cp2,1930796,728021.5184887648,0.728022
2026-06-29T00:04:53,ul,cu_up2,1930824,793356.768201909,0.793357
2026-06-29T00:04:53,ul,du1,1930986,6309519.826902628,6.309520
2026-06-29T00:04:53,ul,du2,1931748,6328187.370190983,6.328187
2026-06-29T00:04:53,ul,du3,1932532,6323520.67633491,6.323521
2026-06-29T00:04:53,ul,du4,1933301,6225517.417833162,6.225517
2026-06-29T00:04:53,ul,ue1,1931050,2380070.4965717434,2.380070
2026-06-29T00:04:53,ul,ue2,1931062,2356736.4513933323,2.356736
2026-06-29T00:04:53,ul,ue3,1931074,2291401.201680188,2.291401
2026-06-29T00:04:53,ul,ue4,1931086,2426738.5869285655,2.426739
2026-06-29T00:04:53,ul,ue5,1931814,2450072.4401409603,2.450072
2026-06-29T00:04:53,ul,ue6,1931826,2492073.6446756935,2.492074
2026-06-29T00:04:53,ul,ue7,1931838,2062727.8276841831,2.062728
2026-06-29T00:04:53,ul,ue8,1931850,2487406.950819621,2.487407
2026-06-29T00:04:53,ul,ue9,1932577,2398737.655928066,2.398738
2026-06-29T00:04:53,ul,ue10,1932589,2338069.100070994,2.338069
2026-06-29T00:04:53,ul,ue11,1932601,2338069.100070994,2.338069
2026-06-29T00:04:53,ul,ue12,1932613,2408071.235606227,2.408071
2026-06-29T00:04:53,ul,ue13,1933348,2361403.145249405,2.361403
2026-06-29T00:04:53,ul,ue14,1933360,2324068.82653676,2.324069
2026-06-29T00:04:53,ul,ue15,1933372,2403404.5417501545,2.403405
2026-06-29T00:04:53,ul,ue16,1933384,2412738.1214283155,2.412738
2026-06-29T00:04:59,ul,cu_cp1,1930760,729532.0838231326,0.729532
2026-06-29T00:04:59,ul,cu_up1,1930788,850206.5573486841,0.850207
2026-06-29T00:04:59,ul,cu_cp2,1930796,729532.0838231326,0.729532
2026-06-29T00:04:59,ul,cu_up2,1930824,806325.0005281246,0.806325
2026-06-29T00:04:59,ul,du1,1930986,6275073.392404732,6.275073
2026-06-29T00:04:59,ul,du2,1931748,6401233.397003626,6.401233
2026-06-29T00:04:59,ul,du3,1932532,6236676.885984983,6.236677
2026-06-29T00:04:59,ul,du4,1933301,6209250.8649048805,6.209251
2026-06-29T00:04:59,ul,ue1,1931050,2347667.3275492047,2.347667
2026-06-29T00:04:59,ul,ue2,1931062,2347667.3275492047,2.347667
2026-06-29T00:04:59,ul,ue3,1931074,2309270.8211294557,2.309271
2026-06-29T00:04:59,ul,ue4,1931086,2473826.9476100733,2.473827
2026-06-29T00:04:59,ul,ue5,1931814,2501252.968690176,2.501253
2026-06-29T00:04:59,ul,ue6,1931826,2506738.211359999,2.506738
2026-06-29T00:04:59,ul,ue7,1931838,2089862.8447576452,2.089863
2026-06-29T00:04:59,ul,ue8,1931850,2523193.7471004557,2.523194
2026-06-29T00:04:59,ul,ue9,1932577,2375093.348629308,2.375093
2026-06-29T00:04:59,ul,ue10,1932589,2309270.8211294557,2.309271
2026-06-29T00:04:59,ul,ue11,1932601,2303785.5784596326,2.303786
2026-06-29T00:04:59,ul,ue12,1932613,2402519.3697094107,2.402519
2026-06-29T00:04:59,ul,ue13,1933348,2408004.612379234,2.408005
2026-06-29T00:04:59,ul,ue14,1933360,2418974.9054498672,2.418975
2026-06-29T00:04:59,ul,ue15,1933372,2408004.612379234,2.408005
2026-06-29T00:04:59,ul,ue16,1933384,2451886.169199793,2.451886
2026-06-29T00:05:05,ul,cu_cp1,1930760,730182.7433652637,0.730183
2026-06-29T00:05:05,ul,cu_up1,1930788,856454.9391443497,0.856455
2026-06-29T00:05:05,ul,cu_cp2,1930796,724692.618602227,0.724693
2026-06-29T00:05:05,ul,cu_up2,1930824,796063.903636325,0.796064
2026-06-29T00:05:05,ul,du1,1930986,6286159.502024498,6.286160
2026-06-29T00:05:05,ul,du2,1931748,6379491.382363708,6.379491
2026-06-29T00:05:05,ul,du3,1932532,6390471.535636816,6.390472
2026-06-29T00:05:05,ul,du4,1933301,6352040.4216631465,6.352040
2026-06-29T00:05:05,ul,ue1,1931050,2338780.9249270237,2.338781
2026-06-29T00:05:05,ul,ue2,1931062,2399171.960435048,2.399172
2026-06-29T00:05:05,ul,ue3,1931074,2366231.308109794,2.366231
2026-06-29T00:05:05,ul,ue4,1931086,2437602.4968909263,2.437602
2026-06-29T00:05:05,ul,ue5,1931814,2448582.8426699652,2.448583
2026-06-29T00:05:05,ul,ue6,1931826,2470543.149216181,2.470543
2026-06-29T00:05:05,ul,ue7,1931838,2053295.7847906316,2.053296
2026-06-29T00:05:05,ul,ue8,1931850,2476033.225852735,2.476033
2026-06-29T00:05:05,ul,ue9,1932577,2377211.4613829018,2.377211
2026-06-29T00:05:05,ul,ue10,1932589,2333290.655784539,2.333291
2026-06-29T00:05:05,ul,ue11,1932601,2349761.0782001317,2.349761
2026-06-29T00:05:05,ul,ue12,1932613,2410152.113708156,2.410152
2026-06-29T00:05:05,ul,ue13,1933348,2421132.2669812646,2.421132
2026-06-29T00:05:05,ul,ue14,1933360,2388191.8071619403,2.388192
2026-06-29T00:05:05,ul,ue15,1933372,2410152.113708156,2.410152
2026-06-29T00:05:05,ul,ue16,1933384,2514463.954814544,2.514464
2026-06-29T00:05:11,ul,cu_cp1,1930760,758817.1161799622,0.758817
2026-06-29T00:05:11,ul,cu_up1,1930788,826916.147265501,0.826916
2026-06-29T00:05:11,ul,cu_cp2,1930796,739360.2707421845,0.739360
2026-06-29T00:05:11,ul,cu_up2,1930824,856101.3914043951,0.856101
2026-06-29T00:05:11,ul,du1,1930986,6177550.131756239,6.177550
2026-06-29T00:05:11,ul,du2,1931748,6313747.425358601,6.313747
2026-06-29T00:05:11,ul,du3,1932532,6411032.084867392,6.411032
2026-06-29T00:05:11,ul,du4,1933301,6352661.212305245,6.352661
2026-06-29T00:05:11,ul,ue1,1931050,2364007.2730987477,2.364007
2026-06-29T00:05:11,ul,ue2,1931062,2402920.8679032135,2.402921
2026-06-29T00:05:11,ul,ue3,1931074,2305636.5926787807,2.305637
2026-06-29T00:05:11,ul,ue4,1931086,2402920.8679032135,2.402921
2026-06-29T00:05:11,ul,ue5,1931814,2480748.2496543243,2.480748
2026-06-29T00:05:11,ul,ue6,1931826,2500205.1431276463,2.500205
2026-06-29T00:05:11,ul,ue7,1931838,2081882.7980910207,2.081883
2026-06-29T00:05:11,ul,ue8,1931850,2471019.898988752,2.471020
2026-06-29T00:05:11,ul,ue9,1932577,2432106.1120421076,2.432106
2026-06-29T00:05:11,ul,ue10,1932589,2383464.16657207,2.383464
2026-06-29T00:05:11,ul,ue11,1932601,2393192.517237642,2.393193
2026-06-29T00:05:11,ul,ue12,1932613,2402920.8679032135,2.402921
2026-06-29T00:05:11,ul,ue13,1933348,2422377.761376536,2.422378
2026-06-29T00:05:11,ul,ue14,1933360,2402920.8679032135,2.402921
2026-06-29T00:05:11,ul,ue15,1933372,2402920.8679032135,2.402921
2026-06-29T00:05:11,ul,ue16,1933384,2480748.2496543243,2.480748
2026-06-29T00:05:17,ul,cu_cp1,1930760,731710.7553684578,0.731711
2026-06-29T00:05:17,ul,cu_up1,1930788,825891.2926158697,0.825891
2026-06-29T00:05:17,ul,cu_cp2,1930796,738955.3494255379,0.738955
2026-06-29T00:05:17,ul,cu_up2,1930824,840380.6723783523,0.840381
2026-06-29T00:05:17,ul,du1,1930986,6339077.965210962,6.339078
2026-06-29T00:05:17,ul,du2,1931748,6512950.522360754,6.512951
2026-06-29T00:05:17,ul,du3,1932532,6324588.585448479,6.324589
2026-06-29T00:05:17,ul,du4,1933301,6404280.174142134,6.404280
2026-06-29T00:05:17,ul,ue1,1931050,2376248.698631036,2.376249
2026-06-29T00:05:17,ul,ue2,1931062,2397982.7682747603,2.397983
2026-06-29T00:05:17,ul,ue3,1931074,2303802.1831152677,2.303802
2026-06-29T00:05:17,ul,ue4,1931086,2397982.7682747603,2.397983
2026-06-29T00:05:17,ul,ue5,1931814,2499408.043315494,2.499408
2026-06-29T00:05:17,ul,ue6,1931826,2499408.043315494,2.499408
2026-06-29T00:05:17,ul,ue7,1931838,2093706.9431525588,2.093707
2026-06-29T00:05:17,ul,ue8,1931850,2477673.97367177,2.477674
2026-06-29T00:05:17,ul,ue9,1932577,2376248.698631036,2.376249
2026-06-29T00:05:17,ul,ue10,1932589,2340025.440873152,2.340025
2026-06-29T00:05:17,ul,ue11,1932601,2383493.3885122775,2.383493
2026-06-29T00:05:17,ul,ue12,1932613,2383493.3885122775,2.383493
2026-06-29T00:05:17,ul,ue13,1933348,2332780.7509919107,2.332781
2026-06-29T00:05:17,ul,ue14,1933360,2361759.3188685537,2.361759
2026-06-29T00:05:17,ul,ue15,1933372,2434206.0260326443,2.434206
2026-06-29T00:05:17,ul,ue16,1933384,2463184.5939092874,2.463185
2026-06-29T00:05:23,ul,cu_cp1,1930760,727602.0835308635,0.727602
2026-06-29T00:05:23,ul,cu_up1,1930788,838123.8466954065,0.838124
2026-06-29T00:05:23,ul,cu_cp2,1930796,722996.9040587806,0.722997
2026-06-29T00:05:23,ul,cu_up2,1930824,819703.5128320479,0.819704
2026-06-29T00:05:23,ul,du1,1930986,6308954.267544746,6.308954
2026-06-29T00:05:23,ul,du2,1931748,6364215.461147308,6.364215
2026-06-29T00:05:23,ul,du3,1932532,6295138.969144106,6.295139
2026-06-29T00:05:23,ul,du4,1933301,6281323.670743465,6.281324
2026-06-29T00:05:23,ul,ue1,1931050,2403849.824924798,2.403850
2026-06-29T00:05:23,ul,ue2,1931062,2403849.824924798,2.403850
2026-06-29T00:05:23,ul,ue3,1931074,2339378.7524092863,2.339379
2026-06-29T00:05:23,ul,ue4,1931086,2417664.931312952,2.417665
2026-06-29T00:05:23,ul,ue5,1931814,2477530.9683657456,2.477531
2026-06-29T00:05:23,ul,ue6,1931826,2486741.0392911816,2.486741
2026-06-29T00:05:23,ul,ue7,1931838,2076889.4268845224,2.076889
2026-06-29T00:05:23,ul,ue8,1931850,2449900.563576951,2.449901
2026-06-29T00:05:23,ul,ue9,1932577,2376219.4201360033,2.376219
2026-06-29T00:05:23,ul,ue10,1932589,2353193.8587974403,2.353194
2026-06-29T00:05:23,ul,ue11,1932601,2348588.8233347223,2.348589
2026-06-29T00:05:23,ul,ue12,1932613,2371614.1926607993,2.371614
2026-06-29T00:05:23,ul,ue13,1933348,2376219.4201360033,2.376219
2026-06-29T00:05:23,ul,ue14,1933360,2385429.4910614397,2.385429
2026-06-29T00:05:23,ul,ue15,1933372,2431480.2297135927,2.431480
2026-06-29T00:05:23,ul,ue16,1933384,2477530.9683657456,2.477531
2026-06-29T00:05:29,ul,cu_cp1,1930760,741367.5554175812,0.741368
2026-06-29T00:05:29,ul,cu_up1,1930788,840564.6270966232,0.840565
2026-06-29T00:05:29,ul,cu_cp2,1930796,736146.6872963321,0.736147
2026-06-29T00:05:29,ul,cu_up2,1930824,819680.9621531904,0.819681
2026-06-29T00:05:29,ul,du1,1930986,6275519.952615108,6.275520
2026-06-29T00:05:29,ul,du2,1931748,6233752.622728243,6.233753
2026-06-29T00:05:29,ul,du3,1932532,6270298.940150032,6.270299
2026-06-29T00:05:29,ul,du4,1933301,6338170.562528534,6.338171
2026-06-29T00:05:29,ul,ue1,1931050,2406834.012788644,2.406834
2026-06-29T00:05:29,ul,ue2,1931062,2391171.3603102877,2.391171
2026-06-29T00:05:29,ul,ue3,1931074,2312857.905460069,2.312858
2026-06-29T00:05:29,ul,ue4,1931086,2432938.690197153,2.432939
2026-06-29T00:05:29,ul,ue5,1931814,2443380.5226688697,2.443381
2026-06-29T00:05:29,ul,ue6,1931826,2485147.4676388623,2.485147
2026-06-29T00:05:29,ul,ue7,1931838,2109243.0383245633,2.109243
2026-06-29T00:05:29,ul,ue8,1931850,2516472.9650540114,2.516473
2026-06-29T00:05:29,ul,ue9,1932577,2432938.690197153,2.432939
2026-06-29T00:05:29,ul,ue10,1932589,2412055.02525372,2.412055
2026-06-29T00:05:29,ul,ue11,1932601,2396392.3727753637,2.396392
2026-06-29T00:05:29,ul,ue12,1932613,2359846.055353575,2.359846
2026-06-29T00:05:29,ul,ue13,1933348,2385950.5403036475,2.385951
2026-06-29T00:05:29,ul,ue14,1933360,2406834.012788644,2.406834
2026-06-29T00:05:29,ul,ue15,1933372,2422496.665267,2.422497
2026-06-29T00:05:29,ul,ue16,1933384,2469484.815160506,2.469485
2026-06-29T00:05:35,ul,cu_cp1,1930760,723037.0208266712,0.723037
2026-06-29T00:05:35,ul,cu_up1,1930788,821632.9957136428,0.821633
2026-06-29T00:05:35,ul,cu_cp2,1930796,728514.553596316,0.728515
2026-06-29T00:05:35,ul,cu_up2,1930824,832588.0612529325,0.832588
2026-06-29T00:05:35,ul,du1,1930986,6195112.905116043,6.195113
2026-06-29T00:05:35,ul,du2,1931748,6238933.167273202,6.238933
2026-06-29T00:05:35,ul,du3,1932532,6326574.076620884,6.326574
2026-06-29T00:05:35,ul,du4,1933301,6282753.814463725,6.282754
2026-06-29T00:05:35,ul,ue1,1931050,2404645.7897706414,2.404646
2026-06-29T00:05:35,ul,ue2,1931062,2410123.466927798,2.410123
2026-06-29T00:05:35,ul,ue3,1931074,2355347.850456326,2.355348
2026-06-29T00:05:35,ul,ue4,1931086,2399168.305130167,2.399168
2026-06-29T00:05:35,ul,ue5,1931814,2426556.113365903,2.426556
2026-06-29T00:05:35,ul,ue6,1931826,2481331.5373206926,2.481332
2026-06-29T00:05:35,ul,ue7,1931838,2108857.961368067,2.108858
2026-06-29T00:05:35,ul,ue8,1931850,2481331.5373206926,2.481332
2026-06-29T00:05:35,ul,ue9,1932577,2377258.1740515875,2.377258
2026-06-29T00:05:35,ul,ue10,1932589,2355347.850456326,2.355348
2026-06-29T00:05:35,ul,ue11,1932601,2360825.5276134824,2.360826
2026-06-29T00:05:35,ul,ue12,1932613,2371780.4968944313,2.371780
2026-06-29T00:05:35,ul,ue13,1933348,2404645.7897706414,2.404646
2026-06-29T00:05:35,ul,ue14,1933360,2371780.4968944313,2.371780
2026-06-29T00:05:35,ul,ue15,1933372,2382735.658692062,2.382736
2026-06-29T00:05:35,ul,ue16,1933384,2437511.0826468514,2.437511
2026-06-29T00:05:41,ul,cu_cp1,1930760,727811.0628624344,0.727811
2026-06-29T00:05:41,ul,cu_up1,1930788,793975.6743985203,0.793976
2026-06-29T00:05:41,ul,cu_cp2,1930796,738838.4101274872,0.738838
2026-06-29T00:05:41,ul,cu_up2,1930824,805003.069658643,0.805003
2026-06-29T00:05:41,ul,du1,1930986,6285640.9276372865,6.285641
2026-06-29T00:05:41,ul,du2,1931748,6020982.289512663,6.020982
2026-06-29T00:05:41,ul,du3,1932532,6175365.919144521,6.175366
2026-06-29T00:05:41,ul,du4,1933301,6296668.274902339,6.296668
2026-06-29T00:05:41,ul,ue1,1931050,2426036.7482212614,2.426037
2026-06-29T00:05:41,ul,ue2,1931062,2415009.400956209,2.415009
2026-06-29T00:05:41,ul,ue3,1931074,2304734.9684042824,2.304735
2026-06-29T00:05:41,ul,ue4,1931086,2426036.7482212614,2.426037
2026-06-29T00:05:41,ul,ue5,1931814,2481174.0604873644,2.481174
2026-06-29T00:05:41,ul,ue6,1931826,2448091.6347316466,2.448092
2026-06-29T00:05:41,ul,ue7,1931838,2128295.8763212003,2.128296
2026-06-29T00:05:41,ul,ue8,1931850,2403981.861710876,2.403982
2026-06-29T00:05:41,ul,ue9,1932577,2370899.627935438,2.370900
2026-06-29T00:05:41,ul,ue10,1932589,2282680.081893897,2.282680
2026-06-29T00:05:41,ul,ue11,1932601,2337817.2021797206,2.337817
2026-06-29T00:05:41,ul,ue12,1932613,2426036.7482212614,2.426037
2026-06-29T00:05:41,ul,ue13,1933348,2293707.4291589498,2.293707
2026-06-29T00:05:41,ul,ue14,1933360,2370899.627935438,2.370900
2026-06-29T00:05:41,ul,ue15,1933372,2437064.287466594,2.437064
2026-06-29T00:05:41,ul,ue16,1933384,2448091.6347316466,2.448092
2026-06-29T00:05:47,ul,cu_cp1,1930760,728875.9335649908,0.728876
2026-06-29T00:05:47,ul,cu_up1,1930788,816024.1617748588,0.816024
2026-06-29T00:05:47,ul,cu_cp2,1930796,720953.3586464524,0.720953
2026-06-29T00:05:47,ul,cu_up2,1930824,808101.5868563205,0.808102
2026-06-29T00:05:47,ul,du1,1930986,6187523.148066044,6.187523
2026-06-29T00:05:47,ul,du2,1931748,6203368.2979031205,6.203368
2026-06-29T00:05:47,ul,du3,1932532,6242980.980707705,6.242981
2026-06-29T00:05:47,ul,du4,1933301,6330129.496599734,6.330129
2026-06-29T00:05:47,ul,ue1,1931050,2408459.7066259384,2.408460
2026-06-29T00:05:47,ul,ue2,1931062,2408459.7066259384,2.408460
2026-06-29T00:05:47,ul,ue3,1931074,2368846.8320332468,2.368847
2026-06-29T00:05:47,ul,ue4,1931086,2408459.7066259384,2.408460
2026-06-29T00:05:47,ul,ue5,1931814,2479762.8808927834,2.479763
2026-06-29T00:05:47,ul,ue6,1931826,2487685.2640232146,2.487685
2026-06-29T00:05:47,ul,ue7,1931838,2075712.13541165,2.075712
2026-06-29T00:05:47,ul,ue8,1931850,2487685.2640232146,2.487685
2026-06-29T00:05:47,ul,ue9,1932577,2368846.8320332468,2.368847
2026-06-29T00:05:47,ul,ue10,1932589,2400537.1317074,2.400537
2026-06-29T00:05:47,ul,ue11,1932601,2360924.2571147084,2.360924
2026-06-29T00:05:47,ul,ue12,1932613,2376769.406951785,2.376769
2026-06-29T00:05:47,ul,ue13,1933348,2353001.8739842772,2.353002
2026-06-29T00:05:47,ul,ue14,1933360,2408459.7066259384,2.408460
2026-06-29T00:05:47,ul,ue15,1933372,2424304.856463015,2.424305
2026-06-29T00:05:47,ul,ue16,1933384,2455994.9643490613,2.455995
2026-06-29T00:05:53,ul,cu_cp1,1930760,727918.7218263358,0.727919
2026-06-29T00:05:53,ul,cu_up1,1930788,819480.8571272504,0.819481
2026-06-29T00:05:53,ul,cu_cp2,1930796,718762.5753419632,0.718763
2026-06-29T00:05:53,ul,cu_up2,1930824,810324.6148632795,0.810325
2026-06-29T00:05:53,ul,du1,1930986,6207910.991901483,6.207911
2026-06-29T00:05:53,ul,du2,1931748,5997318.09028734,5.997318
2026-06-29T00:05:53,ul,du3,1932532,6221645.020068846,6.221645
2026-06-29T00:05:53,ul,du4,1933301,6276582.6652118685,6.276583
2026-06-29T00:05:53,ul,ue1,1931050,2389771.0896305633,2.389771
2026-06-29T00:05:53,ul,ue2,1931062,2380614.751586994,2.380615
2026-06-29T00:05:53,ul,ue3,1931074,2376036.6783448076,2.376037
2026-06-29T00:05:53,ul,ue4,1931086,2449286.424897379,2.449286
2026-06-29T00:05:53,ul,ue5,1931814,2449286.424897379,2.449286
2026-06-29T00:05:53,ul,ue6,1931826,2453864.498139565,2.453864
2026-06-29T00:05:53,ul,ue7,1931838,2092194.2217372893,2.092194
2026-06-29T00:05:53,ul,ue8,1931850,2412661.6474006916,2.412662
2026-06-29T00:05:53,ul,ue9,1932577,2353146.312133876,2.353146
2026-06-29T00:05:53,ul,ue10,1932589,2330255.754363748,2.330256
2026-06-29T00:05:53,ul,ue11,1932601,2362302.458618249,2.362302
2026-06-29T00:05:53,ul,ue12,1932613,2339411.9008481205,2.339412
2026-06-29T00:05:53,ul,ue13,1933348,2394349.1628727494,2.394349
2026-06-29T00:05:53,ul,ue14,1933360,2389771.0896305633,2.389771
2026-06-29T00:05:53,ul,ue15,1933372,2380614.751586994,2.380615
2026-06-29T00:05:53,ul,ue16,1933384,2421817.7938850643,2.421818
2026-06-29T00:05:59,ul,cu_cp1,1930760,720072.0949385762,0.720072
2026-06-29T00:05:59,ul,cu_up1,1930788,798984.0744153938,0.798984
2026-06-29T00:05:59,ul,cu_cp2,1930796,739800.0297625432,0.739800
2026-06-29T00:05:59,ul,cu_up2,1930824,818712.1053117407,0.818712
2026-06-29T00:05:59,ul,du1,1930986,6209388.489667654,6.209388
2026-06-29T00:05:59,ul,du2,1931748,6155136.416711748,6.155136
2026-06-29T00:05:59,ul,du3,1932532,6243912.675835784,6.243913
2026-06-29T00:05:59,ul,du4,1933301,6283368.449411337,6.283368
2026-06-29T00:05:59,ul,ue1,1931050,2431476.2653057408,2.431476
2026-06-29T00:05:59,ul,ue2,1931062,2387088.135743723,2.387088
2026-06-29T00:05:59,ul,ue3,1931074,2352564.141720353,2.352564
2026-06-29T00:05:59,ul,ue4,1931086,2456136.123790462,2.456136
2026-06-29T00:05:59,ul,ue5,1931814,2495592.2816555356,2.495592
2026-06-29T00:05:59,ul,ue6,1931826,2470932.231026055,2.470932
2026-06-29T00:05:59,ul,ue7,1931838,2110896.1835567667,2.110896
2026-06-29T00:05:59,ul,ue8,1931850,2461068.287632166,2.461068
2026-06-29T00:05:59,ul,ue9,1932577,2392020.107440667,2.392020
2026-06-29T00:05:59,ul,ue10,1932589,2347632.170023409,2.347632
2026-06-29T00:05:59,ul,ue11,1932601,2347632.170023409,2.347632
2026-06-29T00:05:59,ul,ue12,1932613,2377224.1923498344,2.377224
2026-06-29T00:05:59,ul,ue13,1933348,2416680.1580701484,2.416680
2026-06-29T00:05:59,ul,ue14,1933360,2377224.1923498344,2.377224
2026-06-29T00:05:59,ul,ue15,1933372,2396952.271282371,2.396952
2026-06-29T00:05:59,ul,ue16,1933384,2456136.123790462,2.456136
2026-06-29T00:06:05,ul,cu_cp1,1930760,707075.7638964325,0.707076
2026-06-29T00:06:05,ul,cu_up1,1930788,800256.2093257671,0.800256
2026-06-29T00:06:05,ul,cu_cp2,1930796,739962.9573123079,0.739963
2026-06-29T00:06:05,ul,cu_up2,1930824,767369.0159098917,0.767369
2026-06-29T00:06:05,ul,du1,1930986,6270501.285448761,6.270501
2026-06-29T00:06:05,ul,du2,1931748,6155395.916240134,6.155396
2026-06-29T00:06:05,ul,du3,1932532,6243094.8423450515,6.243095
2026-06-29T00:06:05,ul,du4,1933301,6275982.420267053,6.275982
2026-06-29T00:06:05,ul,ue1,1931050,2422693.503693328,2.422694
2026-06-29T00:06:05,ul,ue2,1931062,2417212.368875036,2.417212
2026-06-29T00:06:05,ul,ue3,1931074,2384324.983206098,2.384325
2026-06-29T00:06:05,ul,ue4,1931086,2439137.1004012655,2.439137
2026-06-29T00:06:05,ul,ue5,1931814,2482986.9479598496,2.482987
2026-06-29T00:06:05,ul,ue6,1931826,2493949.217596433,2.493949
2026-06-29T00:06:05,ul,ue7,1931838,2104783.4546650313,2.104783
2026-06-29T00:06:05,ul,ue8,1931850,2461062.0241805576,2.461062
2026-06-29T00:06:05,ul,ue9,1932577,2384324.983206098,2.384325
2026-06-29T00:06:05,ul,ue10,1932589,2351437.9820432854,2.351438
2026-06-29T00:06:05,ul,ue11,1932601,2329513.0582639934,2.329513
2026-06-29T00:06:05,ul,ue12,1932613,2378843.848387806,2.378844
2026-06-29T00:06:05,ul,ue13,1933348,2384324.983206098,2.384325
2026-06-29T00:06:05,ul,ue14,1933360,2406249.90698539,2.406250
2026-06-29T00:06:05,ul,ue15,1933372,2439137.1004012655,2.439137
2026-06-29T00:06:05,ul,ue16,1933384,2433655.965582974,2.433656
2026-06-29T00:06:10,ul,cu_cp1,1930760,735826.1020742211,0.735826
2026-06-29T00:06:10,ul,cu_up1,1930788,826190.7700130827,0.826191
2026-06-29T00:06:10,ul,cu_cp2,1930796,735826.1020742211,0.735826
2026-06-29T00:06:10,ul,cu_up2,1930824,761644.5786281815,0.761645
2026-06-29T00:06:10,ul,du1,1930986,6428796.920169668,6.428797
2026-06-29T00:06:10,ul,du2,1931748,6170611.962744603,6.170612
2026-06-29T00:06:10,ul,du3,1932532,6248067.680234675,6.248068
2026-06-29T00:06:10,ul,du4,1933301,6364250.488927942,6.364250
2026-06-29T00:06:10,ul,ue1,1931050,2426935.260988597,2.426935
2026-06-29T00:06:10,ul,ue2,1931062,2388207.5941290213,2.388208
2026-06-29T00:06:10,ul,ue3,1931074,2426935.260988597,2.426935
2026-06-29T00:06:10,ul,ue4,1931086,2452753.641599827,2.452754
2026-06-29T00:06:10,ul,ue5,1931814,2478572.214096518,2.478572
2026-06-29T00:06:10,ul,ue6,1931826,2491481.500344863,2.491482
2026-06-29T00:06:10,ul,ue7,1931838,2117113.734226532,2.117114
2026-06-29T00:06:10,ul,ue8,1931850,2530209.1672044382,2.530209
2026-06-29T00:06:10,ul,ue9,1932577,2349479.9272694457,2.349480
2026-06-29T00:06:10,ul,ue10,1932589,2401116.8803773667,2.401117
2026-06-29T00:06:10,ul,ue11,1932601,2323661.354772755,2.323661
2026-06-29T00:06:10,ul,ue12,1932613,2362389.213517791,2.362389
2026-06-29T00:06:10,ul,ue13,1933348,2375298.307880676,2.375298
2026-06-29T00:06:10,ul,ue14,1933360,2401116.8803773667,2.401117
2026-06-29T00:06:10,ul,ue15,1933372,2401116.8803773667,2.401117
2026-06-29T00:06:10,ul,ue16,1933384,2478572.214096518,2.478572
2026-06-29T00:06:16,ul,cu_cp1,1930760,711181.877815361,0.711182
2026-06-29T00:06:16,ul,cu_up1,1930788,807762.0974947833,0.807762
2026-06-29T00:06:16,ul,cu_cp2,1930796,719961.9151312828,0.719962
2026-06-29T00:06:16,ul,cu_up2,1930824,728741.9524472046,0.728742
2026-06-29T00:06:16,ul,du1,1930986,6154796.237083874,6.154796
2026-06-29T00:06:16,ul,du2,1931748,6084556.320147934,6.084556
2026-06-29T00:06:16,ul,du3,1932532,6049436.5524756815,6.049437
2026-06-29T00:06:16,ul,du4,1933301,6216256.87988676,6.216257
2026-06-29T00:06:16,ul,ue1,1931050,2405726.408648224,2.405726
2026-06-29T00:06:16,ul,ue2,1931062,2405726.408648224,2.405726
2026-06-29T00:06:16,ul,ue3,1931074,2423286.4832800673,2.423286
2026-06-29T00:06:16,ul,ue4,1931086,2379386.487496176,2.379386
2026-06-29T00:06:16,ul,ue5,1931814,2414506.4459641455,2.414506
2026-06-29T00:06:16,ul,ue6,1931826,2502306.6283276463,2.502307
2026-06-29T00:06:16,ul,ue7,1931838,2054525.4883985042,2.054525
2026-06-29T00:06:16,ul,ue8,1931850,2475966.5163798807,2.475967
2026-06-29T00:06:16,ul,ue9,1932577,2300366.1516528795,2.300366
2026-06-29T00:06:16,ul,ue10,1932589,2344266.338232489,2.344266
2026-06-29T00:06:16,ul,ue11,1932601,2300366.1516528795,2.300366
2026-06-29T00:06:16,ul,ue12,1932613,2309146.1889688014,2.309146
2026-06-29T00:06:16,ul,ue13,1933348,2274026.0397051144,2.274026
2026-06-29T00:06:16,ul,ue14,1933360,2344266.338232489,2.344266
2026-06-29T00:06:16,ul,ue15,1933372,2379386.487496176,2.379386
2026-06-29T00:06:16,ul,ue16,1933384,2396946.5621280195,2.396947
2026-06-29T00:06:22,ul,cu_cp1,1930760,730587.8453260231,0.730588
2026-06-29T00:06:22,ul,cu_up1,1930788,818443.2489859771,0.818443
2026-06-29T00:06:22,ul,cu_cp2,1930796,730587.8453260231,0.730588
2026-06-29T00:06:22,ul,cu_up2,1930824,744459.6757579154,0.744460
2026-06-29T00:06:22,ul,du1,1930986,6246987.851016534,6.246988
2026-06-29T00:06:22,ul,du2,1931748,6163757.059461701,6.163757
2026-06-29T00:06:22,ul,du3,1932532,6034285.495878246,6.034285
2026-06-29T00:06:22,ul,du4,1933301,6265484.006998765,6.265484
2026-06-29T00:06:22,ul,ue1,1931050,2418338.199139552,2.418338
2026-06-29T00:06:22,ul,ue2,1931062,2385970.308243688,2.385970
2026-06-29T00:06:22,ul,ue3,1931074,2344354.53039323,2.344355
2026-06-29T00:06:22,ul,ue4,1931086,2376722.4212890933,2.376722
2026-06-29T00:06:22,ul,ue5,1931814,2441458.0120443,2.441458
2026-06-29T00:06:22,ul,ue6,1931826,2487697.637853795,2.487698
2026-06-29T00:06:22,ul,ue7,1931838,2057668.3154720985,2.057668
2026-06-29T00:06:22,ul,ue8,1931850,2501569.7548404695,2.501570
2026-06-29T00:06:22,ul,ue9,1932577,2321234.717488482,2.321235
2026-06-29T00:06:22,ul,ue10,1932589,2362850.4953389405,2.362850
2026-06-29T00:06:22,ul,ue11,1932601,2321234.717488482,2.321235
2026-06-29T00:06:22,ul,ue12,1932613,2321234.717488482,2.321235
2026-06-29T00:06:22,ul,ue13,1933348,2325858.5654475186,2.325859
2026-06-29T00:06:22,ul,ue14,1933360,2395218.195198283,2.395218
2026-06-29T00:06:22,ul,ue15,1933372,2409090.3121849573,2.409090
2026-06-29T00:06:22,ul,ue16,1933384,2409090.3121849573,2.409090
2026-06-29T00:06:28,ul,cu_cp1,1930760,728898.3808534658,0.728898
2026-06-29T00:06:28,ul,cu_up1,1930788,829752.3340450537,0.829752
2026-06-29T00:06:28,ul,cu_cp2,1930796,733482.6470984501,0.733483
2026-06-29T00:06:28,ul,cu_up2,1930824,751819.7599793541,0.751820
2026-06-29T00:06:28,ul,du1,1930986,6271276.606346216,6.271277
2026-06-29T00:06:28,ul,du2,1931748,6202513.0437801555,6.202513
2026-06-29T00:06:28,ul,du3,1932532,6179591.089842663,6.179591
2026-06-29T00:06:28,ul,du4,1933301,6262108.3612620495,6.262108
2026-06-29T00:06:28,ul,ue1,1931050,2383818.638995688,2.383819
2026-06-29T00:06:28,ul,ue2,1931062,2406740.0181215764,2.406740
2026-06-29T00:06:28,ul,ue3,1931074,2370065.888161702,2.370066
2026-06-29T00:06:28,ul,ue4,1931086,2333391.758201828,2.333392
2026-06-29T00:06:28,ul,ue5,1931814,2507593.971313164,2.507594
2026-06-29T00:06:28,ul,ue6,1931826,2484672.592187276,2.484673
2026-06-29T00:06:28,ul,ue7,1931838,2099594.2276085974,2.099594
2026-06-29T00:06:28,ul,ue8,1931850,2516762.408001199,2.516762
2026-06-29T00:06:28,ul,ue9,1932577,2356313.137327716,2.356313
2026-06-29T00:06:28,ul,ue10,1932589,2388402.953141639,2.388403
2026-06-29T00:06:28,ul,ue11,1932601,2356313.137327716,2.356313
2026-06-29T00:06:28,ul,ue12,1932613,2370065.888161702,2.370066
2026-06-29T00:06:28,ul,ue13,1933348,2255459.1841361285,2.255459
2026-06-29T00:06:28,ul,ue14,1933360,2337976.0723477793,2.337976
2026-06-29T00:06:28,ul,ue15,1933372,2420492.7689555623,2.420493
2026-06-29T00:06:28,ul,ue16,1933384,2402155.895579493,2.402156
2026-06-29T00:06:34,ul,cu_cp1,1930760,723093.414044252,0.723093
2026-06-29T00:06:34,ul,cu_up1,1930788,821697.0221032321,0.821697
2026-06-29T00:06:34,ul,cu_cp2,1930796,745005.3589771807,0.745005
2026-06-29T00:06:34,ul,cu_up2,1930824,777873.2283301741,0.777873
2026-06-29T00:06:34,ul,du1,1930986,6266809.524321651,6.266810
2026-06-29T00:06:34,ul,du2,1931748,6151772.221818173,6.151772
2026-06-29T00:06:34,ul,du3,1932532,6239419.617178691,6.239420
2026-06-29T00:06:34,ul,du4,1933301,6272287.582624483,6.272288
2026-06-29T00:06:34,ul,ue1,1931050,2443179.217469567,2.443179
2026-06-29T00:06:34,ul,ue2,1931062,2382921.537066412,2.382922
2026-06-29T00:06:34,ul,ue3,1931074,2350053.5716206194,2.350054
2026-06-29T00:06:34,ul,ue4,1931086,2388399.403183645,2.388399
2026-06-29T00:06:34,ul,ue5,1931814,2514393.0144783854,2.514393
2026-06-29T00:06:34,ul,ue6,1931826,2497959.0317554893,2.497959
2026-06-29T00:06:34,ul,ue7,1931838,2092588.4829139053,2.092588
2026-06-29T00:06:34,ul,ue8,1931850,2541783.1138069453,2.541783
2026-06-29T00:06:34,ul,ue9,1932577,2399355.32760371,2.399355
2026-06-29T00:06:34,ul,ue10,1932589,2399355.32760371,2.399355
2026-06-29T00:06:34,ul,ue11,1932601,2317185.6061748266,2.317186
2026-06-29T00:06:34,ul,ue12,1932613,2448657.275772399,2.448657
2026-06-29T00:06:34,ul,ue13,1933348,2361009.496040684,2.361009
2026-06-29T00:06:34,ul,ue14,1933360,2377443.4787635803,2.377443
2026-06-29T00:06:34,ul,ue15,1933372,2399355.32760371,2.399355
2026-06-29T00:06:34,ul,ue16,1933384,2415789.310326606,2.415789
2026-06-29T00:06:40,ul,cu_cp1,1930760,707024.097238537,0.707024
2026-06-29T00:06:40,ul,cu_up1,1930788,827601.8491411043,0.827602
2026-06-29T00:06:40,ul,cu_cp2,1930796,739908.9735311532,0.739909
2026-06-29T00:06:40,ul,cu_up2,1930824,739908.9735311532,0.739909
2026-06-29T00:06:40,ul,du1,1930986,6215234.955799503,6.215235
2026-06-29T00:06:40,ul,du2,1931748,6056291.85845089,6.056292
2026-06-29T00:06:40,ul,du3,1932532,6259081.777115555,6.259082
2026-06-29T00:06:40,ul,du4,1933301,6264562.150391216,6.264562
2026-06-29T00:06:40,ul,ue1,1931050,2378670.30557538,2.378670
2026-06-29T00:06:40,ul,ue2,1931062,2345785.3813438797,2.345785
2026-06-29T00:06:40,ul,ue3,1931074,2345785.3813438797,2.345785
2026-06-29T00:06:40,ul,ue4,1931086,2367708.6002463675,2.367709
2026-06-29T00:06:40,ul,ue5,1931814,2482805.643301082,2.482806
2026-06-29T00:06:40,ul,ue6,1931826,2482805.643301082,2.482806
2026-06-29T00:06:40,ul,ue7,1931838,2077225.8059717512,2.077226
2026-06-29T00:06:40,ul,ue8,1931850,2477324.6947588064,2.477325
2026-06-29T00:06:40,ul,ue9,1932577,2411555.038051343,2.411555
2026-06-29T00:06:40,ul,ue10,1932589,2340304.624557142,2.340305
2026-06-29T00:06:40,ul,ue11,1932601,2329342.9192281296,2.329343
2026-06-29T00:06:40,ul,ue12,1932613,2466363.181185331,2.466363
2026-06-29T00:06:40,ul,ue13,1933348,2334823.867770405,2.334824
2026-06-29T00:06:40,ul,ue14,1933360,2400593.33272233,2.400593
2026-06-29T00:06:40,ul,ue15,1933372,2384151.0623621177,2.384151
2026-06-29T00:06:40,ul,ue16,1933384,2444439.9622828434,2.444440
2026-06-29T00:06:46,ul,cu_cp1,1930760,735618.8716304258,0.735619
2026-06-29T00:06:46,ul,cu_up1,1930788,805204.5287748558,0.805205
2026-06-29T00:06:46,ul,cu_cp2,1930796,725678.1179176122,0.725678
2026-06-29T00:06:46,ul,cu_up2,1930824,785322.878416203,0.785323
2026-06-29T00:06:46,ul,du1,1930986,6232879.306409898,6.232879
2026-06-29T00:06:46,ul,du2,1931748,6034062.898112054,6.034063
2026-06-29T00:06:46,ul,du3,1932532,6252760.718546841,6.252761
2026-06-29T00:06:46,ul,du4,1933301,6153352.514397919,6.153353
2026-06-29T00:06:46,ul,ue1,1931050,2375850.2856072616,2.375850
2026-06-29T00:06:46,ul,ue2,1931062,2326146.1835328005,2.326146
2026-06-29T00:06:46,ul,ue3,1931074,2455376.696464505,2.455377
2026-06-29T00:06:46,ul,ue4,1931086,2375850.2856072616,2.375850
2026-06-29T00:06:46,ul,ue5,1931814,2485199.005247288,2.485199
2026-06-29T00:06:46,ul,ue6,1931826,2435495.093750194,2.435495
2026-06-29T00:06:46,ul,ue7,1931838,2067685.5388241268,2.067686
2026-06-29T00:06:46,ul,ue8,1931850,2475258.299178816,2.475258
2026-06-29T00:06:46,ul,ue9,1932577,2326146.1835328005,2.326146
2026-06-29T00:06:46,ul,ue10,1932589,2306264.7713958574,2.306265
2026-06-29T00:06:46,ul,ue11,1932601,2256560.6693213964,2.256561
2026-06-29T00:06:46,ul,ue12,1932613,2365909.3889614223,2.365909
2026-06-29T00:06:46,ul,ue13,1933348,2355968.6828929507,2.355969
2026-06-29T00:06:46,ul,ue14,1933360,2336087.08017864,2.336087
2026-06-29T00:06:46,ul,ue15,1933372,2375850.2856072616,2.375850
2026-06-29T00:06:46,ul,ue16,1933384,2395731.8883215724,2.395732
2026-06-29T00:06:52,ul,cu_cp1,1930760,728376.481975019,0.728376
2026-06-29T00:06:52,ul,cu_up1,1930788,816664.4764612615,0.816664
2026-06-29T00:06:52,ul,cu_cp2,1930796,750448.4805965796,0.750448
2026-06-29T00:06:52,ul,cu_up2,1930824,772520.5271693692,0.772521
2026-06-29T00:06:52,ul,du1,1930986,6268452.02003628,6.268452
2026-06-29T00:06:52,ul,du2,1931748,6187521.086700261,6.187521
2026-06-29T00:06:52,ul,du3,1932532,6209592.845565677,6.209593
2026-06-29T00:06:52,ul,du4,1933301,6180164.217354953,6.180164
2026-06-29T00:06:52,ul,ue1,1931050,2398492.0832830667,2.398492
2026-06-29T00:06:52,ul,ue2,1931062,2398492.0832830667,2.398492
2026-06-29T00:06:52,ul,ue3,1931074,2457350.874143839,2.457351
2026-06-29T00:06:52,ul,ue4,1931086,2398492.0832830667,2.398492
2026-06-29T00:06:52,ul,ue5,1931814,2494137.5225293636,2.494138
2026-06-29T00:06:52,ul,ue6,1931826,2449993.6211887,2.449994
2026-06-29T00:06:52,ul,ue7,1931838,2096841.2596338987,2.096841
2026-06-29T00:06:52,ul,ue8,1931850,2501494.967289418,2.501495
2026-06-29T00:06:52,ul,ue9,1932577,2376420.132612735,2.376420
2026-06-29T00:06:52,ul,ue10,1932589,2317561.341751963,2.317561
2026-06-29T00:06:52,ul,ue11,1932601,2266060.187456161,2.266060
2026-06-29T00:06:52,ul,ue12,1932613,2464708.318903893,2.464708
2026-06-29T00:06:52,ul,ue13,1933348,2405849.528043121,2.405850
2026-06-29T00:06:52,ul,ue14,1933360,2398492.0832830667,2.398492
2026-06-29T00:06:52,ul,ue15,1933372,2405849.528043121,2.405850
2026-06-29T00:06:52,ul,ue16,1933384,2472065.571859032,2.472066
2026-06-29T00:06:58,ul,cu_cp1,1930760,736999.6606940595,0.737000
2026-06-29T00:06:58,ul,cu_up1,1930788,800691.0018099132,0.800691
2026-06-29T00:06:58,ul,cu_cp2,1930796,718802.1825431365,0.718802
2026-06-29T00:06:58,ul,cu_up2,1930824,791592.1909111845,0.791592
2026-06-29T00:06:58,ul,du1,1930986,6196256.8481560685,6.196257
2026-06-29T00:06:58,ul,du2,1931748,6168960.176048991,6.168960
2026-06-29T00:06:58,ul,du3,1932532,6159861.413032441,6.159861
2026-06-29T00:06:58,ul,du4,1933301,6223552.37109087,6.223552
2026-06-29T00:06:58,ul,ue1,1931050,2347480.4752126145,2.347480
2026-06-29T00:06:58,ul,ue2,1931062,2352029.85672089,2.352030
2026-06-29T00:06:58,ul,ue3,1931074,2415721.1978367437,2.415721
2026-06-29T00:06:58,ul,ue4,1931086,2365678.0012457157,2.365678
2026-06-29T00:06:58,ul,ue5,1931814,2488511.3019691478,2.488511
2026-06-29T00:06:58,ul,ue6,1931826,2461215.0129194963,2.461215
2026-06-29T00:06:58,ul,ue7,1931838,2110912.6367823007,2.110913
2026-06-29T00:06:58,ul,ue8,1931850,2511258.017981812,2.511258
2026-06-29T00:06:58,ul,ue9,1932577,2370227.382753991,2.370227
2026-06-29T00:06:58,ul,ue10,1932589,2333832.330687789,2.333832
2026-06-29T00:06:58,ul,ue11,1932601,2288338.515605036,2.288339
2026-06-29T00:06:58,ul,ue12,1932613,2420270.579345019,2.420271
2026-06-29T00:06:58,ul,ue13,1933348,2365678.0012457157,2.365678
2026-06-29T00:06:58,ul,ue14,1933360,2383875.527278817,2.383876
2026-06-29T00:06:58,ul,ue15,1933372,2438467.9138494073,2.438468
2026-06-29T00:06:58,ul,ue16,1933384,2470313.7759360466,2.470314
2026-06-29T00:07:04,ul,cu_cp1,1930760,705529.334183507,0.705529
2026-06-29T00:07:04,ul,cu_up1,1930788,793720.5248708975,0.793721
2026-06-29T00:07:04,ul,cu_cp2,1930796,721092.4770408869,0.721092
2026-06-29T00:07:04,ul,cu_up2,1930824,788532.8105851043,0.788533
2026-06-29T00:07:04,ul,du1,1930986,6116316.673475247,6.116317
2026-06-29T00:07:04,ul,du2,1931748,6017750.102045174,6.017750
2026-06-29T00:07:04,ul,du3,1932532,6220071.341822348,6.220071
2026-06-29T00:07:04,ul,du4,1933301,6230446.387762699,6.230446
2026-06-29T00:07:04,ul,ue1,1931050,2334472.0025538397,2.334472
2026-06-29T00:07:04,ul,ue2,1931062,2339659.9081552504,2.339660
2026-06-29T00:07:04,ul,ue3,1931074,2334472.0025538397,2.334472
2026-06-29T00:07:04,ul,ue4,1931086,2386349.1454117727,2.386349
2026-06-29T00:07:04,ul,ue5,1931814,2474540.288270259,2.474540
2026-06-29T00:07:04,ul,ue6,1931826,2495291.1454134323,2.495291
2026-06-29T00:07:04,ul,ue7,1931838,2101024.859693141,2.101025
2026-06-29T00:07:04,ul,ue8,1931850,2510854.288270812,2.510854
2026-06-29T00:07:04,ul,ue9,1932577,2313721.1454106662,2.313721
2026-06-29T00:07:04,ul,ue10,1932589,2339659.9081552504,2.339660
2026-06-29T00:07:04,ul,ue11,1932601,2324096.573982253,2.324097
2026-06-29T00:07:04,ul,ue12,1932613,2422663.145412326,2.422663
2026-06-29T00:07:04,ul,ue13,1933348,2350035.3367268373,2.350035
2026-06-29T00:07:04,ul,ue14,1933360,2407100.002554946,2.407100
2026-06-29T00:07:04,ul,ue15,1933372,2422663.145412326,2.422663
2026-06-29T00:07:04,ul,ue16,1933384,2401912.4795847703,2.401912
2026-06-29T00:07:10,ul,cu_cp1,1930760,717669.9091909361,0.717670
2026-06-29T00:07:10,ul,cu_up1,1930788,794367.4655082178,0.794367
2026-06-29T00:07:10,ul,cu_cp2,1930796,723148.2992321062,0.723148
2026-06-29T00:07:10,ul,cu_up2,1930824,788889.0754670477,0.788889
2026-06-29T00:07:10,ul,du1,1930986,6146760.328055877,6.146760
2026-06-29T00:07:10,ul,du2,1931748,6168674.2711841585,6.168674
2026-06-29T00:07:10,ul,du3,1932532,6245371.54027874,6.245372
2026-06-29T00:07:10,ul,du4,1933301,6070062.675997696,6.070063
2026-06-29T00:07:10,ul,ue1,1931050,2339275.1325839423,2.339275
2026-06-29T00:07:10,ul,ue2,1931062,2366667.178530693,2.366667
2026-06-29T00:07:10,ul,ue3,1931074,2405015.813077984,2.405016
2026-06-29T00:07:10,ul,ue4,1931086,2383102.252913303,2.383102
2026-06-29T00:07:10,ul,ue5,1931814,2503627.025300846,2.503627
2026-06-29T00:07:10,ul,ue6,1931826,2481713.4651361657,2.481713
2026-06-29T00:07:10,ul,ue7,1931838,2114661.0451550675,2.114661
2026-06-29T00:07:10,ul,ue8,1931850,2465278.1992717553,2.465278
2026-06-29T00:07:10,ul,ue9,1932577,2350231.9126662826,2.350232
2026-06-29T00:07:10,ul,ue10,1932589,2388580.7386953738,2.388581
2026-06-29T00:07:10,ul,ue11,1932601,2361188.692748623,2.361189
2026-06-29T00:07:10,ul,ue12,1932613,2355710.3984483527,2.355710
2026-06-29T00:07:10,ul,ue13,1933348,2328318.3525016024,2.328318
2026-06-29T00:07:10,ul,ue14,1933360,2388580.7386953738,2.388581
2026-06-29T00:07:10,ul,ue15,1933372,2377623.9586130334,2.377624
2026-06-29T00:07:10,ul,ue16,1933384,2421451.0789423943,2.421451
2026-06-29T00:07:21,ul,cu_cp1,1930760,730147.6434077122,0.730148
2026-06-29T00:07:21,ul,cu_up1,1930788,739882.9434193172,0.739883
2026-06-29T00:07:21,ul,cu_cp2,1930796,710677.0433845022,0.710677
2026-06-29T00:07:21,ul,cu_up2,1930824,808030.0910129977,0.808030
2026-06-29T00:07:21,ul,du1,1930986,6055357.747517008,6.055358
2026-06-29T00:07:21,ul,du2,1931748,5996945.947447378,5.996946
2026-06-29T00:07:21,ul,du3,1932532,6084563.837601605,6.084564
2026-06-29T00:07:21,ul,du4,1933301,6074828.347540218,6.074828
2026-06-29T00:07:21,ul,ue1,1931050,2336472.5729345474,2.336473
2026-06-29T00:07:21,ul,ue2,1931062,2326737.2729229424,2.326737
2026-06-29T00:07:21,ul,ue3,1931074,2336472.5729345474,2.336473
2026-06-29T00:07:21,ul,ue4,1931086,2307266.6728997324,2.307267
2026-06-29T00:07:21,ul,ue5,1931814,2501972.673131833,2.501973
2026-06-29T00:07:21,ul,ue6,1931826,2385149.0729925726,2.385149
2026-06-29T00:07:21,ul,ue7,1931838,2054148.6825482214,2.054149
2026-06-29T00:07:21,ul,ue8,1931850,2482502.073108623,2.482502
2026-06-29T00:07:21,ul,ue9,1932577,2414354.9730273876,2.414355
2026-06-29T00:07:21,ul,ue10,1932589,2307266.6728997324,2.307267
2026-06-29T00:07:21,ul,ue11,1932601,2336472.5729345474,2.336473
2026-06-29T00:07:21,ul,ue12,1932613,2394884.3730041776,2.394884
2026-06-29T00:07:21,ul,ue13,1933348,2317001.9729113374,2.317002
2026-06-29T00:07:21,ul,ue14,1933360,2336472.5729345474,2.336473
2026-06-29T00:07:21,ul,ue15,1933372,2385149.0729925726,2.385149
2026-06-29T00:07:21,ul,ue16,1933384,2385149.0729925726,2.385149
2026-06-29T00:07:27,ul,cu_cp1,1930760,719268.7358815208,0.719269
2026-06-29T00:07:27,ul,cu_up1,1930788,740846.7974820256,0.740847
2026-06-29T00:07:27,ul,cu_cp2,1930796,719268.7358815208,0.719269
2026-06-29T00:07:27,ul,cu_up2,1930824,812773.6377543211,0.812774
2026-06-29T00:07:27,ul,du1,1930986,6149747.698926115,6.149748
2026-06-29T00:07:27,ul,du2,1931748,6041857.248141348,6.041857
2026-06-29T00:07:27,ul,du3,1932532,6358335.421489978,6.358335
2026-06-29T00:07:27,ul,du4,1933301,6192903.726938963,6.192904
2026-06-29T00:07:27,ul,ue1,1931050,2387972.086997092,2.387972
2026-06-29T00:07:27,ul,ue2,1931062,2330430.65285452,2.330431
2026-06-29T00:07:27,ul,ue3,1931074,2352008.666860944,2.352009
2026-06-29T00:07:27,ul,ue4,1931086,2423935.697509563,2.423936
2026-06-29T00:07:27,ul,ue5,1931814,2481477.1316521345,2.481477
2026-06-29T00:07:27,ul,ue6,1931826,2395164.8852501153,2.395165
2026-06-29T00:07:27,ul,ue7,1931838,2093071.9276548862,2.093072
2026-06-29T00:07:27,ul,ue8,1931850,2531825.957918006,2.531826
2026-06-29T00:07:27,ul,ue9,1932577,2352008.666860944,2.352009
2026-06-29T00:07:27,ul,ue10,1932589,2352008.666860944,2.352009
2026-06-29T00:07:27,ul,ue11,1932601,2366394.072990668,2.366394
2026-06-29T00:07:27,ul,ue12,1932613,2359201.4651139677,2.359201
2026-06-29T00:07:27,ul,ue13,1933348,2352008.666860944,2.352009
2026-06-29T00:07:27,ul,ue14,1933360,2344816.058984244,2.344816
2026-06-29T00:07:27,ul,ue15,1933372,2402357.4931268157,2.402357
2026-06-29T00:07:27,ul,ue16,1933384,2416742.8992565395,2.416743
2026-06-29T00:07:33,ul,cu_cp1,1930760,717989.9199687999,0.717990
2026-06-29T00:07:33,ul,cu_up1,1930788,736282.7106326937,0.736283
2026-06-29T00:07:33,ul,cu_cp2,1930796,722563.1056935925,0.722563
2026-06-29T00:07:33,ul,cu_up2,1930824,814026.7724247181,0.814027
2026-06-29T00:07:33,ul,du1,1930986,6032030.442530117,6.032030
2026-06-29T00:07:33,ul,du2,1931748,6059469.174761081,6.059469
2026-06-29T00:07:33,ul,du3,1932532,6297274.832450289,6.297275
2026-06-29T00:07:33,ul,du4,1933301,6178371.621487894,6.178372
2026-06-29T00:07:33,ul,ue1,1931050,2291165.2838854506,2.291165
2026-06-29T00:07:33,ul,ue2,1931062,2341470.3268581675,2.341470
2026-06-29T00:07:33,ul,ue3,1931074,2368909.6322658183,2.368910
2026-06-29T00:07:33,ul,ue4,1931086,2382628.9983813,2.382629
2026-06-29T00:07:33,ul,ue5,1931814,2519824.3790661786,2.519824
2026-06-29T00:07:33,ul,ue6,1931826,2410068.1127300547,2.410068
2026-06-29T00:07:33,ul,ue7,1931838,2085371.9262697888,2.085372
2026-06-29T00:07:33,ul,ue8,1931850,2515251.1933413865,2.515251
2026-06-29T00:07:33,ul,ue9,1932577,2368909.6322658183,2.368910
2026-06-29T00:07:33,ul,ue10,1932589,2341470.3268581675,2.341470
2026-06-29T00:07:33,ul,ue11,1932601,2387202.1841060924,2.387202
2026-06-29T00:07:33,ul,ue12,1932613,2387202.1841060924,2.387202
2026-06-29T00:07:33,ul,ue13,1933348,2332323.9554085825,2.332324
2026-06-29T00:07:33,ul,ue14,1933360,2382628.9983813,2.382629
2026-06-29T00:07:33,ul,ue15,1933372,2382628.9983813,2.382629
2026-06-29T00:07:33,ul,ue16,1933384,2400921.74128047,2.400922
2026-06-29T00:07:39,ul,cu_cp1,1930760,720235.2346410673,0.720235
2026-06-29T00:07:39,ul,cu_up1,1930788,777232.2658833548,0.777232
2026-06-29T00:07:39,ul,cu_cp2,1930796,730598.2965580237,0.730598
2026-06-29T00:07:39,ul,cu_up2,1930824,782413.7491670761,0.782414
2026-06-29T00:07:39,ul,du1,1930986,6129771.576350383,6.129772
2026-06-29T00:07:39,ul,du2,1931748,6093500.621267252,6.093501
2026-06-29T00:07:39,ul,du3,1932532,6228220.712236226,6.228221
2026-06-29T00:07:39,ul,du4,1933301,6176405.498000958,6.176405
2026-06-29T00:07:39,ul,ue1,1931050,2264336.609141307,2.264337
2026-06-29T00:07:39,ul,ue2,1931062,2373149.0929926466,2.373149
2026-06-29T00:07:39,ul,ue3,1931074,2373149.0929926466,2.373149
2026-06-29T00:07:39,ul,ue4,1931086,2336878.3286085427,2.336878
2026-06-29T00:07:39,ul,ue5,1931814,2497506.217394178,2.497506
2026-06-29T00:07:39,ul,ue6,1931826,2409419.8573767506,2.409420
2026-06-29T00:07:39,ul,ue7,1931838,2067437.7652725398,2.067438
2026-06-29T00:07:39,ul,ue8,1931850,2549321.813027501,2.549322
2026-06-29T00:07:39,ul,ue9,1932577,2388693.733542838,2.388694
2026-06-29T00:07:39,ul,ue10,1932589,2347241.295175985,2.347241
2026-06-29T00:07:39,ul,ue11,1932601,2336878.3286085427,2.336878
2026-06-29T00:07:39,ul,ue12,1932613,2373149.0929926466,2.373149
2026-06-29T00:07:39,ul,ue13,1933348,2321333.688058351,2.321334
2026-06-29T00:07:39,ul,ue14,1933360,2352422.7784597063,2.352423
2026-06-29T00:07:39,ul,ue15,1933372,2404238.3740930296,2.404238
2026-06-29T00:07:39,ul,ue16,1933384,2450872.2957436037,2.450872
2026-06-29T00:07:45,ul,cu_cp1,1930760,716358.744730382,0.716359
2026-06-29T00:07:45,ul,cu_up1,1930788,787447.815155412,0.787448
2026-06-29T00:07:45,ul,cu_cp2,1930796,738232.3416561723,0.738232
2026-06-29T00:07:45,ul,cu_up2,1930824,798384.5657847917,0.798385
2026-06-29T00:07:45,ul,du1,1930986,6184746.113466139,6.184746
2026-06-29T00:07:45,ul,du2,1931748,6157404.476060267,6.157404
2026-06-29T00:07:45,ul,du3,1932532,6255835.136057653,6.255835
2026-06-29T00:07:45,ul,du4,1933301,6255835.136057653,6.255835
2026-06-29T00:07:45,ul,ue1,1931050,2340469.80070693,2.340470
2026-06-29T00:07:45,ul,ue2,1931062,2417027.3421136807,2.417027
2026-06-29T00:07:45,ul,ue3,1931074,2329533.1457445812,2.329533
2026-06-29T00:07:45,ul,ue4,1931086,2406090.49581727,2.406090
2026-06-29T00:07:45,ul,ue5,1931814,2499053.211001606,2.499053
2026-06-29T00:07:45,ul,ue6,1931826,2477179.5184087846,2.477180
2026-06-29T00:07:45,ul,ue7,1931838,2099860.9041924523,2.099861
2026-06-29T00:07:45,ul,ue8,1931850,2520926.7122603655,2.520927
2026-06-29T00:07:45,ul,ue9,1932577,2395153.6495208596,2.395154
2026-06-29T00:07:45,ul,ue10,1932589,2351406.6470033405,2.351407
2026-06-29T00:07:45,ul,ue11,1932601,2367811.820780926,2.367812
2026-06-29T00:07:45,ul,ue12,1932613,2351406.6470033405,2.351407
2026-06-29T00:07:45,ul,ue13,1933348,2340469.80070693,2.340470
2026-06-29T00:07:45,ul,ue14,1933360,2356875.1658185767,2.356875
2026-06-29T00:07:45,ul,ue15,1933372,2455306.0171500253,2.455306
2026-06-29T00:07:45,ul,ue16,1933384,2417027.3421136807,2.417027
2026-06-29T00:07:51,ul,cu_cp1,1930760,724193.501198954,0.724194
2026-06-29T00:07:51,ul,cu_up1,1930788,779900.6423430246,0.779901
2026-06-29T00:07:51,ul,cu_cp2,1930796,724193.501198954,0.724194
2026-06-29T00:07:51,ul,cu_up2,1930824,779900.6423430246,0.779901
2026-06-29T00:07:51,ul,du1,1930986,6072083.33455425,6.072083
2026-06-29T00:07:51,ul,du2,1931748,6049800.630399716,6.049801
2026-06-29T00:07:51,ul,du3,1932532,6138931.827775588,6.138932
2026-06-29T00:07:51,ul,du4,1933301,6127790.475698321,6.127790
2026-06-29T00:07:51,ul,ue1,1931050,2283994.6906955694,2.283995
2026-06-29T00:07:51,ul,ue2,1931062,2373126.268829176,2.373126
2026-06-29T00:07:51,ul,ue3,1931074,2406550.515439845,2.406551
2026-06-29T00:07:51,ul,ue4,1931086,2350843.374295775,2.350843
2026-06-29T00:07:51,ul,ue5,1931814,2484540.5511173178,2.484541
2026-06-29T00:07:51,ul,ue6,1931826,2428833.409973247,2.428833
2026-06-29T00:07:51,ul,ue7,1931838,2050024.393284285,2.050024
2026-06-29T00:07:51,ul,ue8,1931850,2473399.1990400506,2.473399
2026-06-29T00:07:51,ul,ue9,1932577,2361984.726373042,2.361985
2026-06-29T00:07:51,ul,ue10,1932589,2339702.0222185077,2.339702
2026-06-29T00:07:51,ul,ue11,1932601,2306277.585228971,2.306278
2026-06-29T00:07:51,ul,ue12,1932613,2339702.0222185077,2.339702
2026-06-29T00:07:51,ul,ue13,1933348,2373126.268829176,2.373126
2026-06-29T00:07:51,ul,ue14,1933360,2417692.05789598,2.417692
2026-06-29T00:07:51,ul,ue15,1933372,2373126.268829176,2.373126
2026-06-29T00:07:51,ul,ue16,1933384,2306277.585228971,2.306278
2026-06-29T00:07:57,ul,cu_cp1,1930760,737314.3979395374,0.737314
2026-06-29T00:07:57,ul,cu_up1,1930788,784883.1041169136,0.784883
2026-06-29T00:07:57,ul,cu_cp2,1930796,729386.256425491,0.729386
2026-06-29T00:07:57,ul,cu_up2,1930824,776954.9626028672,0.776955
2026-06-29T00:07:57,ul,du1,1930986,6088789.817683267,6.088790
2026-06-29T00:07:57,ul,du2,1931748,6017436.972777558,6.017437
2026-06-29T00:07:57,ul,du3,1932532,6271136.739056897,6.271137
2026-06-29T00:07:57,ul,du4,1933301,6088789.817683267,6.088790
2026-06-29T00:07:57,ul,ue1,1931050,2330864.935444236,2.330865
2026-06-29T00:07:57,ul,ue2,1931062,2386361.7831356586,2.386362
2026-06-29T00:07:57,ul,ue3,1931074,2441858.440284544,2.441858
2026-06-29T00:07:57,ul,ue4,1931086,2307080.463266462,2.307080
2026-06-29T00:07:57,ul,ue5,1931814,2544923.8512464403,2.544924
2026-06-29T00:07:57,ul,ue6,1931826,2457714.628041369,2.457715
2026-06-29T00:07:57,ul,ue7,1931838,2085093.4535858452,2.085093
2026-06-29T00:07:57,ul,ue8,1931850,2536995.947910565,2.536996
2026-06-29T00:07:57,ul,ue9,1932577,2386361.7831356586,2.386362
2026-06-29T00:07:57,ul,ue10,1932589,2362577.310957885,2.362577
2026-06-29T00:07:57,ul,ue11,1932601,2338793.029322648,2.338793
2026-06-29T00:07:57,ul,ue12,1932613,2433930.346406132,2.433930
2026-06-29T00:07:57,ul,ue13,1933348,2378433.498714709,2.378433
2026-06-29T00:07:57,ul,ue14,1933360,2394289.8770140707,2.394290
2026-06-29T00:07:57,ul,ue15,1933372,2410146.064770895,2.410146
2026-06-29T00:07:57,ul,ue16,1933384,2426002.25252772,2.426002
2026-06-29T00:08:03,ul,cu_cp1,1930760,717089.3373061887,0.717089
2026-06-29T00:08:03,ul,cu_up1,1930788,803870.8865797252,0.803871
2026-06-29T00:08:03,ul,cu_cp2,1930796,712521.8722612631,0.712522
2026-06-29T00:08:03,ul,cu_up2,1930824,781033.6091184389,0.781034
2026-06-29T00:08:03,ul,du1,1930986,6124947.746604595,6.124948
2026-06-29T00:08:03,ul,du2,1931748,6111245.39923316,6.111245
2026-06-29T00:08:03,ul,du3,1932532,6147785.119592564,6.147785
2026-06-29T00:08:03,ul,du4,1933301,6047300.984130885,6.047301
2026-06-29T00:08:03,ul,ue1,1931050,2338533.31454705,2.338533
2026-06-29T00:08:03,ul,ue2,1931062,2365938.0092899203,2.365938
2026-06-29T00:08:03,ul,ue3,1931074,2402477.538595959,2.402478
2026-06-29T00:08:03,ul,ue4,1931086,2379640.3566613556,2.379640
2026-06-29T00:08:03,ul,ue5,1931814,2516663.8303757072,2.516664
2026-06-29T00:08:03,ul,ue6,1931826,2429882.233338829,2.429882
2026-06-29T00:08:03,ul,ue7,1931838,2105593.4092326523,2.105593
2026-06-29T00:08:03,ul,ue8,1931850,2589743.0800411496,2.589743
2026-06-29T00:08:03,ul,ue9,1932577,2370505.5220981874,2.370506
2026-06-29T00:08:03,ul,ue10,1932589,2320263.6454207134,2.320264
2026-06-29T00:08:03,ul,ue11,1932601,2333965.8017387833,2.333966
2026-06-29T00:08:03,ul,ue12,1932613,2407045.0514042256,2.407045
2026-06-29T00:08:03,ul,ue13,1933348,2352235.661918485,2.352236
2026-06-29T00:08:03,ul,ue14,1933360,2439017.0679019974,2.439017
2026-06-29T00:08:03,ul,ue15,1933372,2475556.7882614015,2.475557
2026-06-29T00:08:03,ul,ue16,1933384,2439017.0679019974,2.439017
2026-06-29T00:08:09,ul,cu_cp1,1930760,727565.5879212809,0.727566
2026-06-29T00:08:09,ul,cu_up1,1930788,790621.2906613052,0.790621
2026-06-29T00:08:09,ul,cu_cp2,1930796,722715.2410270548,0.722715
2026-06-29T00:08:09,ul,cu_up2,1930824,776069.9636310064,0.776070
2026-06-29T00:08:09,ul,du1,1930986,6097000.203293543,6.097000
2026-06-29T00:08:09,ul,du2,1931748,6097000.203293543,6.097000
2026-06-29T00:08:09,ul,du3,1932532,6198859.397056427,6.198859
2026-06-29T00:08:09,ul,du4,1933301,6053346.317651854,6.053346
2026-06-29T00:08:09,ul,ue1,1931050,2289406.4953193665,2.289406
2026-06-29T00:08:09,ul,ue2,1931062,2299107.3800062323,2.299107
2026-06-29T00:08:09,ul,ue3,1931074,2415517.805350208,2.415518
2026-06-29T00:08:09,ul,ue4,1931086,2352462.1503347876,2.352462
2026-06-29T00:08:09,ul,ue5,1931814,2497975.4206377743,2.497975
2026-06-29T00:08:09,ul,ue6,1931826,2434919.7656223536,2.434920
2026-06-29T00:08:09,ul,ue7,1931838,2139043.069020567,2.139043
2026-06-29T00:08:09,ul,ue8,1931850,2531928.230694184,2.531928
2026-06-29T00:08:09,ul,ue9,1932577,2405817.111561756,2.405817
2026-06-29T00:08:09,ul,ue10,1932589,2357312.688127427,2.357313
2026-06-29T00:08:09,ul,ue11,1932601,2362163.0350216534,2.362163
2026-06-29T00:08:09,ul,ue12,1932613,2410667.458455982,2.410667
2026-06-29T00:08:09,ul,ue13,1933348,2352462.1503347876,2.352462
2026-06-29T00:08:09,ul,ue14,1933360,2420368.343142848,2.420368
2026-06-29T00:08:09,ul,ue15,1933372,2464022.2287845374,2.464022
2026-06-29T00:08:09,ul,ue16,1933384,2357312.688127427,2.357313
2026-06-29T00:08:15,ul,cu_cp1,1930760,746422.3986151234,0.746422
2026-06-29T00:08:15,ul,cu_up1,1930788,795457.5025860339,0.795458
2026-06-29T00:08:15,ul,cu_cp2,1930796,746422.3986151234,0.746422
2026-06-29T00:08:15,ul,cu_up2,1930824,800905.8049356982,0.800906
2026-06-29T00:08:15,ul,du1,1930986,6118484.644392693,6.118485
2026-06-29T00:08:15,ul,du2,1931748,6162071.063190008,6.162071
2026-06-29T00:08:15,ul,du3,1932532,6216554.5652165655,6.216555
2026-06-29T00:08:15,ul,du4,1933301,6309176.518661713,6.309177
2026-06-29T00:08:15,ul,ue1,1931050,2337337.2602282166,2.337337
2026-06-29T00:08:15,ul,ue2,1931062,2337337.2602282166,2.337337
2026-06-29T00:08:15,ul,ue3,1931074,2364579.0112414956,2.364579
2026-06-29T00:08:15,ul,ue4,1931086,2408165.8128627418,2.408166
2026-06-29T00:08:15,ul,ue5,1931814,2577064.2863211394,2.577064
2026-06-29T00:08:15,ul,ue6,1931826,2473545.8238826455,2.473546
2026-06-29T00:08:15,ul,ue7,1931838,2113955.4761552275,2.113955
2026-06-29T00:08:15,ul,ue8,1931850,2582512.6365237953,2.582513
2026-06-29T00:08:15,ul,ue9,1932577,2391820.7622547746,2.391821
2026-06-29T00:08:15,ul,ue10,1932589,2391820.7622547746,2.391821
2026-06-29T00:08:15,ul,ue11,1932601,2380924.061849463,2.380924
2026-06-29T00:08:15,ul,ue12,1932613,2451752.4230720224,2.451752
2026-06-29T00:08:15,ul,ue13,1933348,2342785.8018428385,2.342786
2026-06-29T00:08:15,ul,ue14,1933360,2402717.4626600863,2.402717
2026-06-29T00:08:15,ul,ue15,1933372,2468097.4736799896,2.468097
2026-06-29T00:08:15,ul,ue16,1933384,2386372.4120521187,2.386372
2026-06-29T00:08:20,ul,cu_cp1,1930760,745519.4201184154,0.745519
2026-06-29T00:08:20,ul,cu_up1,1930788,796063.1136642874,0.796063
2026-06-29T00:08:20,ul,cu_cp2,1930796,720247.5494722009,0.720248
2026-06-29T00:08:20,ul,cu_up2,1930824,783427.2260877371,0.783427
2026-06-29T00:08:20,ul,du1,1930986,6254781.777885675,6.254782
2026-06-29T00:08:20,ul,du2,1931748,6166329.944144582,6.166330
2026-06-29T00:08:20,ul,du3,1932532,6204237.654620791,6.204238
2026-06-29T00:08:20,ul,du4,1933301,6115786.58482461,6.115787
2026-06-29T00:08:20,ul,ue1,1931050,2299737.7459845543,2.299738
2026-06-29T00:08:20,ul,ue2,1931062,2337645.64744699,2.337646
2026-06-29T00:08:20,ul,ue3,1931074,2438732.93904562,2.438733
2026-06-29T00:08:20,ul,ue4,1931086,2388189.388739419,2.388189
2026-06-29T00:08:20,ul,ue5,1931814,2577728.3230929137,2.577728
2026-06-29T00:08:20,ul,ue6,1931826,2501912.5201680423,2.501913
2026-06-29T00:08:20,ul,ue7,1931838,2122834.842447281,2.122835
2026-06-29T00:08:20,ul,ue8,1931850,2577728.3230929137,2.577728
2026-06-29T00:08:20,ul,ue9,1932577,2388189.388739419,2.388189
2026-06-29T00:08:20,ul,ue10,1932589,2388189.388739419,2.388189
2026-06-29T00:08:20,ul,ue11,1932601,2400825.228569412,2.400825
2026-06-29T00:08:20,ul,ue12,1932613,2400825.228569412,2.400825
2026-06-29T00:08:20,ul,ue13,1933348,2375553.3579231976,2.375553
2026-06-29T00:08:20,ul,ue14,1933360,2400825.228569412,2.400825
2026-06-29T00:08:20,ul,ue15,1933372,2388189.388739419,2.388189
2026-06-29T00:08:20,ul,ue16,1933384,2413461.2593856333,2.413461
2026-06-29T00:08:26,ul,cu_cp1,1930760,709006.2741061479,0.709006
2026-06-29T00:08:26,ul,cu_up1,1930788,786824.001527667,0.786824
2026-06-29T00:08:26,ul,cu_cp2,1930796,700359.785640347,0.700360
2026-06-29T00:08:26,ul,cu_up2,1930824,734945.452887541,0.734945
2026-06-29T00:08:26,ul,du1,1930986,6337824.024626327,6.337824
2026-06-29T00:08:26,ul,du2,1931748,6138956.461839628,6.138956
2026-06-29T00:08:26,ul,du3,1932532,6285945.76260221,6.285946
2026-06-29T00:08:26,ul,du4,1933301,6346470.656400132,6.346471
2026-06-29T00:08:26,ul,ue1,1931050,2299947.110785079,2.299947
2026-06-29T00:08:26,ul,ue2,1931062,2377764.885975933,2.377765
2026-06-29T00:08:26,ul,ue3,1931074,2420996.898380923,2.420997
2026-06-29T00:08:26,ul,ue4,1931086,2395057.767368865,2.395058
2026-06-29T00:08:26,ul,ue5,1931814,2524753.8045838354,2.524754
2026-06-29T00:08:26,ul,ue6,1931826,2429643.3390773893,2.429643
2026-06-29T00:08:26,ul,ue7,1931838,2092432.9162245751,2.092433
2026-06-29T00:08:26,ul,ue8,1931850,2524753.8045838354,2.524754
2026-06-29T00:08:26,ul,ue9,1932577,2343179.123190069,2.343179
2026-06-29T00:08:26,ul,ue10,1932589,2308593.551481545,2.308594
2026-06-29T00:08:26,ul,ue11,1932601,2377764.885975933,2.377765
2026-06-29T00:08:26,ul,ue12,1932613,2472875.542559719,2.472876
2026-06-29T00:08:26,ul,ue13,1933348,2403704.208065331,2.403704
2026-06-29T00:08:26,ul,ue14,1933360,2420996.898380923,2.420997
2026-06-29T00:08:26,ul,ue15,1933372,2403704.208065331,2.403704
2026-06-29T00:08:26,ul,ue16,1933384,2395057.767368865,2.395058
2026-06-29T00:08:32,ul,cu_cp1,1930760,696922.5609647024,0.696923
2026-06-29T00:08:32,ul,cu_up1,1930788,770282.805349226,0.770283
2026-06-29T00:08:32,ul,cu_cp2,1930796,706092.5556160086,0.706093
2026-06-29T00:08:32,ul,cu_up2,1930824,724432.6406433124,0.724433
2026-06-29T00:08:32,ul,du1,1930986,6290643.037984934,6.290643
2026-06-29T00:08:32,ul,du2,1931748,6093487.315390801,6.093487
2026-06-29T00:08:32,ul,du3,1932532,6276888.165663838,6.276888
2026-06-29T00:08:32,ul,du4,1933301,6304398.293204794,6.304398
2026-06-29T00:08:32,ul,ue1,1931050,2287923.3097635484,2.287923
2026-06-29T00:08:32,ul,ue2,1931062,2416303.904954674,2.416304
2026-06-29T00:08:32,ul,ue3,1931074,2439228.8197894217,2.439229
2026-06-29T00:08:32,ul,ue4,1931086,2407133.67099164,2.407134
2026-06-29T00:08:32,ul,ue5,1931814,2553854.35121007,2.553854
2026-06-29T00:08:32,ul,ue6,1931826,2457569.0962661076,2.457569
2026-06-29T00:08:32,ul,ue7,1931838,2132032.778480849,2.132033
2026-06-29T00:08:32,ul,ue8,1931850,2576779.4574941993,2.576779
2026-06-29T00:08:32,ul,ue9,1932577,2384208.756156893,2.384209
2026-06-29T00:08:32,ul,ue10,1932589,2310848.416047678,2.310848
2026-06-29T00:08:32,ul,ue11,1932601,2407133.67099164,2.407134
2026-06-29T00:08:32,ul,ue12,1932613,2471323.968587203,2.471324
2026-06-29T00:08:32,ul,ue13,1933348,2388793.5859643365,2.388794
2026-06-29T00:08:32,ul,ue14,1933360,2425473.947468326,2.425474
2026-06-29T00:08:32,ul,ue15,1933372,2402548.8411841965,2.402549
2026-06-29T00:08:32,ul,ue16,1933384,2430058.968725152,2.430059
2026-06-29T00:08:38,ul,cu_cp1,1930760,637763.2721637673,0.637763
2026-06-29T00:08:38,ul,cu_up1,1930788,762543.0697055715,0.762543
2026-06-29T00:08:38,ul,cu_cp2,1930796,688599.441908395,0.688599
2026-06-29T00:08:38,ul,cu_up2,1930824,707085.408350434,0.707085
2026-06-29T00:08:38,ul,du1,1930986,6128073.316930847,6.128073
2026-06-29T00:08:38,ul,du2,1931748,6091101.764800336,6.091102
2026-06-29T00:08:38,ul,du3,1932532,6188152.041548732,6.188152
2026-06-29T00:08:38,ul,du4,1933301,6192773.6283476325,6.192774
2026-06-29T00:08:38,ul,ue1,1931050,2227550.008556871,2.227550
2026-06-29T00:08:38,ul,ue2,1931062,2370815.5821639313,2.370816
2026-06-29T00:08:38,ul,ue3,1931074,2347708.409676558,2.347708
2026-06-29T00:08:38,ul,ue4,1931086,2292250.5103504406,2.292251
2026-06-29T00:08:38,ul,ue5,1931814,2500216.7761278534,2.500217
2026-06-29T00:08:38,ul,ue6,1931826,2398544.5318269897,2.398545
2026-06-29T00:08:38,ul,ue7,1931838,2075041.2613520087,2.075041
2026-06-29T00:08:38,ul,ue8,1931850,2574160.261142442,2.574160
2026-06-29T00:08:38,ul,ue9,1932577,2329222.2528577354,2.329222
2026-06-29T00:08:38,ul,ue10,1932589,2310736.47679248,2.310736
2026-06-29T00:08:38,ul,ue11,1932601,2343086.822877656,2.343087
2026-06-29T00:08:38,ul,ue12,1932613,2384680.152183852,2.384680
2026-06-29T00:08:38,ul,ue13,1933348,2306115.080370362,2.306115
2026-06-29T00:08:38,ul,ue14,1933360,2366194.1857418134,2.366194
2026-06-29T00:08:38,ul,ue15,1933372,2366194.1857418134,2.366194
2026-06-29T00:08:38,ul,ue16,1933384,2356951.202520794,2.356951
2026-06-29T00:08:44,ul,cu_cp1,1930760,707492.2302920535,0.707492
2026-06-29T00:08:44,ul,cu_up1,1930788,800010.4138326672,0.800010
2026-06-29T00:08:44,ul,cu_cp2,1930796,723818.9685639265,0.723819
2026-06-29T00:08:44,ul,cu_up2,1930824,756472.4928098506,0.756472
2026-06-29T00:08:44,ul,du1,1930986,6182393.848653789,6.182394
2026-06-29T00:08:44,ul,du2,1931748,6155181.854965818,6.155182
2026-06-29T00:08:44,ul,du3,1932532,6209604.697489486,6.209605
2026-06-29T00:08:44,ul,du4,1933301,6095317.529586375,6.095318
2026-06-29T00:08:44,ul,ue1,1931050,2258532.890843947,2.258533
2026-06-29T00:08:44,ul,ue2,1931062,2372820.058747058,2.372820
2026-06-29T00:08:44,ul,ue3,1931074,2394589.0431095553,2.394589
2026-06-29T00:08:44,ul,ue4,1931086,2312955.3517501904,2.312955
2026-06-29T00:08:44,ul,ue5,1931814,2585067.847090119,2.585068
2026-06-29T00:08:44,ul,ue6,1931826,2497991.7188314176,2.497992
2026-06-29T00:08:44,ul,ue7,1931838,2122476.7385783386,2.122477
2026-06-29T00:08:44,ul,ue8,1931850,2617721.132825153,2.617721
2026-06-29T00:08:44,ul,ue9,1932577,2367377.6218477213,2.367378
2026-06-29T00:08:44,ul,ue10,1932589,2356493.320475185,2.356493
2026-06-29T00:08:44,ul,ue11,1932601,2378262.3048376823,2.378262
2026-06-29T00:08:44,ul,ue12,1932613,2378262.3048376823,2.378262
2026-06-29T00:08:44,ul,ue13,1933348,2351051.074384561,2.351051
2026-06-29T00:08:44,ul,ue14,1933360,2400031.2892001797,2.400031
2026-06-29T00:08:44,ul,ue15,1933372,2405473.5352908038,2.405474
2026-06-29T00:08:44,ul,ue16,1933384,2378262.3048376823,2.378262
2026-06-29T00:08:50,ul,cu_cp1,1930760,690797.729661212,0.690798
2026-06-29T00:08:50,ul,cu_up1,1930788,788706.0598942101,0.788706
2026-06-29T00:08:50,ul,cu_cp2,1930796,728873.2736932504,0.728873
2026-06-29T00:08:50,ul,cu_up2,1930824,761509.3519226217,0.761509
2026-06-29T00:08:50,ul,du1,1930986,5972409.051889286,5.972409
2026-06-29T00:08:50,ul,du2,1931748,6059438.593834276,6.059439
2026-06-29T00:08:50,ul,du3,1932532,6266133.899270955,6.266134
2026-06-29T00:08:50,ul,du4,1933301,6135589.777443238,6.135590
2026-06-29T00:08:50,ul,ue1,1931050,2284528.0557678654,2.284528
2026-06-29T00:08:50,ul,ue2,1931062,2360679.048287058,2.360679
2026-06-29T00:08:50,ul,ue3,1931074,2409633.189517336,2.409633
2026-06-29T00:08:50,ul,ue4,1931086,2366118.2274550726,2.366118
2026-06-29T00:08:50,ul,ue5,1931814,2567374.353723736,2.567374
2026-06-29T00:08:50,ul,ue6,1931826,2425951.1092009163,2.425951
2026-06-29T00:08:50,ul,ue7,1931838,2105029.4105303334,2.105029
2026-06-29T00:08:50,ul,ue8,1931850,2534738.3232668065,2.534738
2026-06-29T00:08:50,ul,ue9,1932577,2382436.3382284213,2.382436
2026-06-29T00:08:50,ul,ue10,1932589,2317164.0862247944,2.317164
2026-06-29T00:08:50,ul,ue11,1932601,2366118.2274550726,2.366118
2026-06-29T00:08:50,ul,ue12,1932613,2376996.967970638,2.376997
2026-06-29T00:08:50,ul,ue13,1933348,2338921.5672559263,2.338922
2026-06-29T00:08:50,ul,ue14,1933360,2387875.708486204,2.387876
2026-06-29T00:08:50,ul,ue15,1933372,2355239.678029275,2.355240
2026-06-29T00:08:50,ul,ue16,1933384,2371557.5977128553,2.371558
2026-06-29T00:08:56,ul,cu_cp1,1930760,717224.3607989997,0.717224
2026-06-29T00:08:56,ul,cu_up1,1930788,775377.7376142744,0.775378
2026-06-29T00:08:56,ul,cu_cp2,1930796,736608.7720510614,0.736609
2026-06-29T00:08:56,ul,cu_up2,1930824,765685.4843018804,0.765685
2026-06-29T00:08:56,ul,du1,1930986,6115791.716475375,6.115792
2026-06-29T00:08:56,ul,du2,1931748,6222406.21679353,6.222406
2026-06-29T00:08:56,ul,du3,1932532,6173945.045604286,6.173945
2026-06-29T00:08:56,ul,du4,1933301,6203021.900914195,6.203022
2026-06-29T00:08:56,ul,ue1,1931050,2413363.158849827,2.413363
2026-06-29T00:08:56,ul,ue2,1931062,2432747.4747291626,2.432747
2026-06-29T00:08:56,ul,ue3,1931074,2423055.316789495,2.423055
2026-06-29T00:08:56,ul,ue4,1931086,2374594.336345704,2.374594
2026-06-29T00:08:56,ul,ue5,1931814,2626591.968740685,2.626592
2026-06-29T00:08:56,ul,ue6,1931826,2558746.481672106,2.558746
2026-06-29T00:08:56,ul,ue7,1931838,2141981.0198300574,2.141981
2026-06-29T00:08:56,ul,ue8,1931850,2597515.304176229,2.597515
2026-06-29T00:08:56,ul,ue9,1932577,2355209.8297209158,2.355210
2026-06-29T00:08:56,ul,ue10,1932589,2345517.481035795,2.345517
2026-06-29T00:08:56,ul,ue11,1932601,2384286.494285371,2.384286
2026-06-29T00:08:56,ul,ue12,1932613,2345517.481035795,2.345517
2026-06-29T00:08:56,ul,ue13,1933348,2345517.481035795,2.345517
2026-06-29T00:08:56,ul,ue14,1933360,2297056.500592004,2.297057
2026-06-29T00:08:56,ul,ue15,1933372,2384286.494285371,2.384286
2026-06-29T00:08:56,ul,ue16,1933384,2393978.652225039,2.393979
2026-06-29T00:09:02,ul,cu_cp1,1930760,734607.0579053164,0.734607
2026-06-29T00:09:02,ul,cu_up1,1930788,777819.2715003454,0.777819
2026-06-29T00:09:02,ul,cu_cp2,1930796,734607.0579053164,0.734607
2026-06-29T00:09:02,ul,cu_up2,1930824,777819.2715003454,0.777819
2026-06-29T00:09:02,ul,du1,1930986,5948876.882924266,5.948877
2026-06-29T00:09:02,ul,du2,1931748,6150533.752321029,6.150534
2026-06-29T00:09:02,ul,du3,1932532,5984886.710625014,5.984887
2026-06-29T00:09:02,ul,du4,1933301,6308978.599192822,6.308979
2026-06-29T00:09:02,ul,ue1,1931050,2311851.8032385516,2.311852
2026-06-29T00:09:02,ul,ue2,1931062,2369468.024341904,2.369468
2026-06-29T00:09:02,ul,ue3,1931074,2427084.245445256,2.427084
2026-06-29T00:09:02,ul,ue4,1931086,2427084.245445256,2.427084
2026-06-29T00:09:02,ul,ue5,1931814,2635943.118596181,2.635943
2026-06-29T00:09:02,ul,ue6,1931826,2513508.4815652547,2.513508
2026-06-29T00:09:02,ul,ue7,1931838,2146204.9526125966,2.146205
2026-06-29T00:09:02,ul,ue8,1931850,2643144.931280283,2.643145
2026-06-29T00:09:02,ul,ue9,1932577,2326255.8107468747,2.326256
2026-06-29T00:09:02,ul,ue10,1932589,2333457.8145010364,2.333458
2026-06-29T00:09:02,ul,ue11,1932601,2376670.0280960654,2.376670
2026-06-29T00:09:02,ul,ue12,1932613,2362265.829517683,2.362266
2026-06-29T00:09:02,ul,ue13,1933348,2434286.058129358,2.434286
2026-06-29T00:09:02,ul,ue14,1933360,2434286.058129358,2.434286
2026-06-29T00:09:02,ul,ue15,1933372,2419882.241691095,2.419882
2026-06-29T00:09:02,ul,ue16,1933384,2434286.058129358,2.434286
2026-06-29T00:09:08,ul,cu_cp1,1930760,725220.9882356501,0.725221
2026-06-29T00:09:08,ul,cu_up1,1930788,780301.0349254477,0.780301
2026-06-29T00:09:08,ul,cu_cp2,1930796,725220.9882356501,0.725221
2026-06-29T00:09:08,ul,cu_up2,1930824,784891.0586825752,0.784891
2026-06-29T00:09:08,ul,du1,1930986,5989957.878665352,5.989958
2026-06-29T00:09:08,ul,du2,1931748,6136838.257460261,6.136838
2026-06-29T00:09:08,ul,du3,1932532,6237818.494042187,6.237818
2026-06-29T00:09:08,ul,du4,1933301,6113888.567786941,6.113889
2026-06-29T00:09:08,ul,ue1,1931050,2308773.0338347433,2.308773
2026-06-29T00:09:08,ul,ue2,1931062,2354673.1760477256,2.354673
2026-06-29T00:09:08,ul,ue3,1931074,2423523.198650613,2.423523
2026-06-29T00:09:08,ul,ue4,1931086,2409753.27041667,2.409753
2026-06-29T00:09:08,ul,ue5,1931814,2593353.4578354266,2.593353
2026-06-29T00:09:08,ul,ue6,1931826,2441883.293679123,2.441883
2026-06-29T00:09:08,ul,ue7,1931838,2074682.728125024,2.074683
2026-06-29T00:09:08,ul,ue8,1931850,2671383.6233108616,2.671384
2026-06-29T00:09:08,ul,ue9,1932577,2340903.2478137827,2.340903
2026-06-29T00:09:08,ul,ue10,1932589,2327133.1288632536,2.327133
2026-06-29T00:09:08,ul,ue11,1932601,2373033.271076236,2.373033
2026-06-29T00:09:08,ul,ue12,1932613,2359263.342842293,2.359263
2026-06-29T00:09:08,ul,ue13,1933348,2308773.0338347433,2.308773
2026-06-29T00:09:08,ul,ue14,1933360,2359263.342842293,2.359263
2026-06-29T00:09:08,ul,ue15,1933372,2359263.342842293,2.359263
2026-06-29T00:09:08,ul,ue16,1933384,2395983.1514661405,2.395983
2026-06-29T00:09:14,ul,cu_cp1,1930760,695791.1946556985,0.695791
2026-06-29T00:09:14,ul,cu_up1,1930788,783409.2917841285,0.783409
2026-06-29T00:09:14,ul,cu_cp2,1930796,721561.2035977722,0.721561
2026-06-29T00:09:14,ul,cu_up2,1930824,757639.282842055,0.757639
2026-06-29T00:09:14,ul,du1,1930986,5994111.686619615,5.994112
2026-06-29T00:09:14,ul,du2,1931748,6117808.3396021845,6.117808
2026-06-29T00:09:14,ul,du3,1932532,6025036.0405092,6.025036
2026-06-29T00:09:14,ul,du4,1933301,6076576.24903729,6.076576
2026-06-29T00:09:14,ul,ue1,1931050,2319303.8550897003,2.319304
2026-06-29T00:09:14,ul,ue2,1931062,2360535.945654595,2.360536
2026-06-29T00:09:14,ul,ue3,1931074,2381151.990937042,2.381152
2026-06-29T00:09:14,ul,ue4,1931086,2463615.981422889,2.463616
2026-06-29T00:09:14,ul,ue5,1931814,2649160.5796088576,2.649161
2026-06-29T00:09:14,ul,ue6,1931826,2484232.0267053368,2.484232
2026-06-29T00:09:14,ul,ue7,1931838,2097681.606608319,2.097682
2026-06-29T00:09:14,ul,ue8,1931850,2644006.3299833178,2.644006
2026-06-29T00:09:14,ul,ue9,1932577,2319303.8550897003,2.319304
2026-06-29T00:09:14,ul,ue10,1932589,2308995.927770448,2.308996
2026-06-29T00:09:14,ul,ue11,1932601,2396613.9772378923,2.396614
2026-06-29T00:09:14,ul,ue12,1932613,2401768.0362194898,2.401768
2026-06-29T00:09:14,ul,ue13,1933348,2314149.796108103,2.314150
2026-06-29T00:09:14,ul,ue14,1933360,2329611.7824089527,2.329612
2026-06-29T00:09:14,ul,ue15,1933372,2386305.8592746975,2.386306
2026-06-29T00:09:14,ul,ue16,1933384,2386305.8592746975,2.386306
2026-06-29T00:09:20,ul,cu_cp1,1930760,712303.6116806049,0.712304
2026-06-29T00:09:20,ul,cu_up1,1930788,783533.9154068407,0.783534
2026-06-29T00:09:20,ul,cu_cp2,1930796,739699.9154840559,0.739700
2026-06-29T00:09:20,ul,cu_up2,1930824,761616.9393795419,0.761617
2026-06-29T00:09:20,ul,du1,1930986,6016225.787797573,6.016226
2026-06-29T00:09:20,ul,du2,1931748,6290188.442886586,6.290188
2026-06-29T00:09:20,ul,du3,1932532,6218958.282764912,6.218958
2026-06-29T00:09:20,ul,du4,1933301,6355939.801782167,6.355940
2026-06-29T00:09:20,ul,ue1,1931050,2367039.7295489786,2.367040
2026-06-29T00:09:20,ul,ue2,1931062,2323205.4902852583,2.323205
2026-06-29T00:09:20,ul,ue3,1931074,2367039.7295489786,2.367040
2026-06-29T00:09:20,ul,ue4,1931086,2416352.9615115416,2.416353
2026-06-29T00:09:20,ul,ue5,1931814,2635523.39193915,2.635523
2026-06-29T00:09:20,ul,ue6,1931826,2520458.992553755,2.520459
2026-06-29T00:09:20,ul,ue7,1931838,2131431.5551338494,2.131432
2026-06-29T00:09:20,ul,ue8,1931850,2695794.9922448946,2.695795
2026-06-29T00:09:20,ul,ue9,1932577,2372518.9137205696,2.372519
2026-06-29T00:09:20,ul,ue10,1932589,2405394.59316836,2.405395
2026-06-29T00:09:20,ul,ue11,1932601,2427311.521327472,2.427312
2026-06-29T00:09:20,ul,ue12,1932613,2432790.896971811,2.432791
2026-06-29T00:09:20,ul,ue13,1933348,2421832.337155881,2.421832
2026-06-29T00:09:20,ul,ue14,1933360,2421832.337155881,2.421832
2026-06-29T00:09:20,ul,ue15,1933372,2460187.200775262,2.460187
2026-06-29T00:09:20,ul,ue16,1933384,2438270.081143402,2.438270
2026-06-29T00:09:26,ul,cu_cp1,1930760,721393.3305133232,0.721393
2026-06-29T00:09:26,ul,cu_up1,1930788,789023.9746508172,0.789024
2026-06-29T00:09:26,ul,cu_cp2,1930796,743936.8467201885,0.743937
2026-06-29T00:09:26,ul,cu_up2,1930824,777752.1687889355,0.777752
2026-06-29T00:09:26,ul,du1,1930986,6019125.7044496965,6.019126
2026-06-29T00:09:26,ul,du2,1931748,6222017.350311484,6.222017
2026-06-29T00:09:26,ul,du3,1932532,6210745.592208052,6.210746
2026-06-29T00:09:26,ul,du4,1933301,6120571.145312998,6.120571
2026-06-29T00:09:26,ul,ue1,1931050,2333256.4108499084,2.333256
2026-06-29T00:09:26,ul,ue2,1931062,2333256.4108499084,2.333256
2026-06-29T00:09:26,ul,ue3,1931074,2400887.1505043004,2.400887
2026-06-29T00:09:26,ul,ue4,1931086,2423430.666711166,2.423431
2026-06-29T00:09:26,ul,ue5,1931814,2648866.019813615,2.648866
2026-06-29T00:09:26,ul,ue6,1931826,2502332.9734351947,2.502333
2026-06-29T00:09:26,ul,ue7,1931838,2175451.6063680556,2.175452
2026-06-29T00:09:26,ul,ue8,1931850,2693953.2432611417,2.693953
2026-06-29T00:09:26,ul,ue9,1932577,2355800.11809057,2.355800
2026-06-29T00:09:26,ul,ue10,1932589,2355800.11809057,2.355800
2026-06-29T00:09:26,ul,ue11,1932601,2412158.9086077334,2.412159
2026-06-29T00:09:26,ul,ue12,1932613,2378343.634297435,2.378344
2026-06-29T00:09:26,ul,ue13,1933348,2355800.11809057,2.355800
2026-06-29T00:09:26,ul,ue14,1933360,2423430.666711166,2.423431
2026-06-29T00:09:26,ul,ue15,1933372,2412158.9086077334,2.412159
2026-06-29T00:09:26,ul,ue16,1933384,2400887.1505043004,2.400887
2026-06-29T00:09:32,ul,cu_cp1,1930760,735814.2954397649,0.735814
2026-06-29T00:09:32,ul,cu_up1,1930788,759808.2341290445,0.759808
2026-06-29T00:09:32,ul,cu_cp2,1930796,735814.2954397649,0.735814
2026-06-29T00:09:32,ul,cu_up2,1930824,775804.1772883951,0.775804
2026-06-29T00:09:32,ul,du1,1930986,6062469.402967429,6.062469
2026-06-29T00:09:32,ul,du2,1931748,6182439.479617882,6.182439
2026-06-29T00:09:32,ul,du3,1932532,6366392.754099655,6.366393
2026-06-29T00:09:32,ul,du4,1933301,6286413.469407463,6.286413
2026-06-29T00:09:32,ul,ue1,1931050,2343408.522925043,2.343409
2026-06-29T00:09:32,ul,ue2,1931062,2407392.295562446,2.407392
2026-06-29T00:09:32,ul,ue3,1931074,2383398.3568731667,2.383398
2026-06-29T00:09:32,ul,ue4,1931086,2455380.364543033,2.455380
2026-06-29T00:09:32,ul,ue5,1931814,2615339.891937554,2.615340
2026-06-29T00:09:32,ul,ue6,1931826,2463378.216371441,2.463378
2026-06-29T00:09:32,ul,ue7,1931838,2127463.0747215273,2.127463
2026-06-29T00:09:32,ul,ue8,1931850,2631335.9787984253,2.631336
2026-06-29T00:09:32,ul,ue9,1932577,2351406.566355479,2.351407
2026-06-29T00:09:32,ul,ue10,1932589,2359404.418183887,2.359404
2026-06-29T00:09:32,ul,ue11,1932601,2439384.2776821614,2.439384
2026-06-29T00:09:32,ul,ue12,1932613,2447382.321112597,2.447382
2026-06-29T00:09:32,ul,ue13,1933348,2383398.3568731667,2.383398
2026-06-29T00:09:32,ul,ue14,1933360,2415390.3389928816,2.415390
2026-06-29T00:09:32,ul,ue15,1933372,2423388.19082129,2.423388
2026-06-29T00:09:32,ul,ue16,1933384,2439384.2776821614,2.439384
2026-06-29T00:09:38,ul,cu_cp1,1930760,741891.8921966851,0.741892
2026-06-29T00:09:38,ul,cu_up1,1930788,778303.7912305773,0.778304
2026-06-29T00:09:38,ul,cu_cp2,1930796,732788.9653181136,0.732789
2026-06-29T00:09:38,ul,cu_up2,1930824,773752.2799113899,0.773752
2026-06-29T00:09:38,ul,du1,1930986,6271944.964237476,6.271945
2026-06-29T00:09:38,ul,du2,1931748,6149055.2598571535,6.149055
2026-06-29T00:09:38,ul,du3,1932532,6208224.859126687,6.208225
2026-06-29T00:09:38,ul,du4,1933301,6226430.329844618,6.226430
2026-06-29T00:09:38,ul,ue1,1931050,2334911.4694515346,2.334911
2026-06-29T00:09:38,ul,ue2,1931062,2416838.1943978905,2.416838
2026-06-29T00:09:38,ul,ue3,1931074,2439595.5115943193,2.439596
2026-06-29T00:09:38,ul,ue4,1931086,2476007.4106282117,2.476007
2026-06-29T00:09:38,ul,ue5,1931814,2621655.00676378,2.621655
2026-06-29T00:09:38,ul,ue6,1931826,2476007.4106282117,2.476007
2026-06-29T00:09:38,ul,ue7,1931838,2107337.1483696103,2.107337
2026-06-29T00:09:38,ul,ue8,1931850,2571588.5258924244,2.571589
2026-06-29T00:09:38,ul,ue9,1932577,2384977.7588032843,2.384978
2026-06-29T00:09:38,ul,ue10,1932589,2371323.368485427,2.371323
2026-06-29T00:09:38,ul,ue11,1932601,2439595.5115943193,2.439596
2026-06-29T00:09:38,ul,ue12,1932613,2412286.7309586047,2.412287
2026-06-29T00:09:38,ul,ue13,1933348,2330360.006012249,2.330360
2026-06-29T00:09:38,ul,ue14,1933360,2398632.1491211415,2.398632
2026-06-29T00:09:38,ul,ue15,1933372,2439595.5115943193,2.439596
2026-06-29T00:09:38,ul,ue16,1933384,2398632.1491211415,2.398632
2026-06-29T00:09:44,ul,cu_cp1,1930760,738668.6934067932,0.738669
2026-06-29T00:09:44,ul,cu_up1,1930788,792837.6737753382,0.792838
2026-06-29T00:09:44,ul,cu_cp2,1930796,723895.2611136549,0.723895
2026-06-29T00:09:44,ul,cu_up2,1930824,758366.4913891697,0.758366
2026-06-29T00:09:44,ul,du1,1930986,6106327.622856803,6.106328
2026-06-29T00:09:44,ul,du2,1931748,6165421.160471971,6.165421
2026-06-29T00:09:44,ul,du3,1932532,6214665.583593893,6.214666
2026-06-29T00:09:44,ul,du4,1933301,6278683.678455684,6.278684
2026-06-29T00:09:44,ul,ue1,1931050,2299721.877285855,2.299722
2026-06-29T00:09:44,ul,ue2,1931062,2383437.434904599,2.383437
2026-06-29T00:09:44,ul,ue3,1931074,2432682.049583906,2.432682
2026-06-29T00:09:44,ul,ue4,1931086,2408059.838022945,2.408060
2026-06-29T00:09:44,ul,ue5,1931814,2673980.5657338165,2.673981
2026-06-29T00:09:44,ul,ue6,1931826,2481926.6642632126,2.481927
2026-06-29T00:09:44,ul,ue7,1931838,2112592.341504489,2.112592
2026-06-29T00:09:44,ul,ue8,1931850,2619811.5853652717,2.619812
2026-06-29T00:09:44,ul,ue9,1932577,2329268.4545360543,2.329268
2026-06-29T00:09:44,ul,ue10,1932589,2358815.414901023,2.358815
2026-06-29T00:09:44,ul,ue11,1932601,2427757.683894668,2.427758
2026-06-29T00:09:44,ul,ue12,1932613,2467153.375638113,2.467153
2026-06-29T00:09:44,ul,ue13,1933348,2334193.0117826774,2.334193
2026-06-29T00:09:44,ul,ue14,1933360,2393286.5493978453,2.393287
2026-06-29T00:09:44,ul,ue15,1933372,2398210.9150870834,2.398211
2026-06-29T00:09:44,ul,ue16,1933384,2388361.992151222,2.388362
2026-06-29T00:09:50,ul,cu_cp1,1930760,730966.9861659956,0.730967
2026-06-29T00:09:50,ul,cu_up1,1930788,809686.4915963924,0.809686
2026-06-29T00:09:50,ul,cu_cp2,1930796,736589.7829780197,0.736590
2026-06-29T00:09:50,ul,cu_up2,1930824,781572.4075185406,0.781572
2026-06-29T00:09:50,ul,du1,1930986,6213219.482428694,6.213219
2026-06-29T00:09:50,ul,du2,1931748,6230088.072900228,6.230088
2026-06-29T00:09:50,ul,du3,1932532,6443755.551969919,6.443756
2026-06-29T00:09:50,ul,du4,1933301,6432509.558274946,6.432510
2026-06-29T00:09:50,ul,ue1,1931050,2282866.1075612972,2.282866
2026-06-29T00:09:50,ul,ue2,1931062,2372831.256624608,2.372831
2026-06-29T00:09:50,ul,ue3,1931074,2434682.421627798,2.434682
2026-06-29T00:09:50,ul,ue4,1931086,2474042.1993474294,2.474042
2026-06-29T00:09:50,ul,ue5,1931814,2682086.6815696335,2.682087
2026-06-29T00:09:50,ul,ue6,1931826,2524647.5706911087,2.524648
2026-06-29T00:09:50,ul,ue7,1931838,2147918.3839663314,2.147918
2026-06-29T00:09:50,ul,ue8,1931850,2698955.072005706,2.698955
2026-06-29T00:09:50,ul,ue9,1932577,2462796.405687919,2.462796
2026-06-29T00:09:50,ul,ue10,1932589,2462796.405687919,2.462796
2026-06-29T00:09:50,ul,ue11,1932601,2507779.1802550363,2.507779
2026-06-29T00:09:50,ul,ue12,1932613,2445928.0152518465,2.445928
2026-06-29T00:09:50,ul,ue13,1933348,2429059.624815774,2.429060
2026-06-29T00:09:50,ul,ue14,1933360,2429059.624815774,2.429060
2026-06-29T00:09:50,ul,ue15,1933372,2474042.1993474294,2.474042
2026-06-29T00:09:50,ul,ue16,1933384,2361585.66300056,2.361586
2026-06-29T00:09:56,ul,cu_cp1,1930760,752198.6341343677,0.752199
2026-06-29T00:09:56,ul,cu_up1,1930788,812859.7434035534,0.812860
2026-06-29T00:09:56,ul,cu_cp2,1930796,764330.8459973359,0.764331
2026-06-29T00:09:56,ul,cu_up2,1930824,812859.7434035534,0.812860
2026-06-29T00:09:56,ul,du1,1930986,6163175.215795803,6.163175
2026-06-29T00:09:56,ul,du2,1931748,6320895.069009972,6.320895
2026-06-29T00:09:56,ul,du3,1932532,6393688.54000516,6.393689
2026-06-29T00:09:56,ul,du4,1933301,6284498.333512378,6.284498
2026-06-29T00:09:56,ul,ue1,1931050,2353653.697215538,2.353654
2026-06-29T00:09:56,ul,ue2,1931062,2390050.2328957533,2.390050
2026-06-29T00:09:56,ul,ue3,1931074,2390050.2328957533,2.390050
2026-06-29T00:09:56,ul,ue4,1931086,2414314.8564390684,2.414315
2026-06-29T00:09:56,ul,ue5,1931814,2717620.6525567197,2.717621
2026-06-29T00:09:56,ul,ue6,1931826,2535637.174886129,2.535637
2026-06-29T00:09:56,ul,ue7,1931838,2135273.4840473533,2.135273
2026-06-29T00:09:56,ul,ue8,1931850,2802546.435323565,2.802546
2026-06-29T00:09:56,ul,ue9,1932577,2414314.8564390684,2.414315
2026-06-29T00:09:56,ul,ue10,1932589,2414314.8564390684,2.414315
2026-06-29T00:09:56,ul,ue11,1932601,2474976.0156625984,2.474976
2026-06-29T00:09:56,ul,ue12,1932613,2511372.7511601923,2.511373
2026-06-29T00:09:56,ul,ue13,1933348,2414314.8564390684,2.414315
2026-06-29T00:09:56,ul,ue14,1933360,2390050.2328957533,2.390050
2026-06-29T00:09:56,ul,ue15,1933372,2474976.0156625984,2.474976
2026-06-29T00:09:56,ul,ue16,1933384,2390050.2328957533,2.390050
2026-06-29T00:10:02,ul,cu_cp1,1930760,754277.8174708128,0.754278
2026-06-29T00:10:02,ul,cu_up1,1930788,754277.8174708128,0.754278
2026-06-29T00:10:02,ul,cu_cp2,1930796,762658.7074996412,0.762659
2026-06-29T00:10:02,ul,cu_up2,1930824,779420.3882040918,0.779420
2026-06-29T00:10:02,ul,du1,1930986,6285648.942571735,6.285649
2026-06-29T00:10:02,ul,du2,1931748,6327552.94562645,6.327553
2026-06-29T00:10:02,ul,du3,1932532,6050984.617883777,6.050985
2026-06-29T00:10:02,ul,du4,1933301,6327552.94562645,6.327553
2026-06-29T00:10:02,ul,ue1,1931050,2179024.850183773,2.179025
2026-06-29T00:10:02,ul,ue2,1931062,2313118.6932322024,2.313119
2026-06-29T00:10:02,ul,ue3,1931074,2707019.3820252656,2.707019
2026-06-29T00:10:02,ul,ue4,1931086,2665114.981557727,2.665115
2026-06-29T00:10:02,ul,ue5,1931814,2958445.387417674,2.958445
2026-06-29T00:10:02,ul,ue6,1931826,2179024.850183773,2.179025
2026-06-29T00:10:02,ul,ue7,1931838,2137120.449716234,2.137120
2026-06-29T00:10:02,ul,ue8,1931850,3008730.6282374384,3.008731
2026-06-29T00:10:02,ul,ue9,1932577,2137120.449716234,2.137120
2026-06-29T00:10:02,ul,ue10,1932589,2463974.2169850827,2.463974
2026-06-29T00:10:02,ul,ue11,1932601,2497497.7771003963,2.497498
2026-06-29T00:10:02,ul,ue12,1932613,2480735.8976895334,2.480736
2026-06-29T00:10:02,ul,ue13,1933348,2195786.5308882236,2.195787
2026-06-29T00:10:02,ul,ue14,1933360,2539401.978861523,2.539402
2026-06-29T00:10:02,ul,ue15,1933372,2623210.581090188,2.623211
2026-06-29T00:10:02,ul,ue16,1933384,2472355.25604372,2.472355
2026-06-29T00:10:08,ul,cu_cp1,1930760,760305.9227751383,0.760306
2026-06-29T00:10:08,ul,cu_up1,1930788,732319.2666817638,0.732319
2026-06-29T00:10:08,ul,cu_cp2,1930796,736983.6433613088,0.736984
2026-06-29T00:10:08,ul,cu_up2,1930824,741648.1190448799,0.741648
2026-06-29T00:10:08,ul,du1,1930986,6119763.187669676,6.119763
2026-06-29T00:10:08,ul,du2,1931748,6255032.388469081,6.255032
2026-06-29T00:10:08,ul,du3,1932532,6194394.006574605,6.194394
2026-06-29T00:10:08,ul,du4,1933301,6194394.006574605,6.194394
2026-06-29T00:10:08,ul,ue1,1931050,2238937.635679314,2.238938
2026-06-29T00:10:08,ul,ue2,1931062,2108332.9105634796,2.108333
2026-06-29T00:10:08,ul,ue3,1931074,2691389.7969051898,2.691390
2026-06-29T00:10:08,ul,ue4,1931086,2831323.275380114,2.831323
2026-06-29T00:10:08,ul,ue5,1931814,2905954.6883091996,2.905955
2026-06-29T00:10:08,ul,ue6,1931826,2126990.813297764,2.126991
2026-06-29T00:10:08,ul,ue7,1931838,2103668.632887961,2.103669
2026-06-29T00:10:08,ul,ue8,1931850,2887296.7855749154,2.887297
2026-06-29T00:10:08,ul,ue9,1932577,2131655.2889813352,2.131655
2026-06-29T00:10:08,ul,ue10,1932589,2467495.9541340377,2.467496
2026-06-29T00:10:08,ul,ue11,1932601,2532798.4156959807,2.532798
2026-06-29T00:10:08,ul,ue12,1932613,2514140.5129616964,2.514141
2026-06-29T00:10:08,ul,ue13,1933348,2192293.2748597073,2.192293
2026-06-29T00:10:08,ul,ue14,1933360,2215615.455269511,2.215615
2026-06-29T00:10:08,ul,ue15,1933372,2780014.438876936,2.780014
2026-06-29T00:10:08,ul,ue16,1933384,2588771.72788273,2.588772
2026-06-29T00:10:14,ul,cu_cp1,1930760,762144.2882186079,0.762144
2026-06-29T00:10:14,ul,cu_up1,1930788,737399.2967209386,0.737399
2026-06-29T00:10:14,ul,cu_cp2,1930796,737399.2967209386,0.737399
2026-06-29T00:10:14,ul,cu_up2,1930824,722552.3216841125,0.722552
2026-06-29T00:10:14,ul,du1,1930986,5909092.290919475,5.909092
2026-06-29T00:10:14,ul,du2,1931748,6354501.343406506,6.354501
2026-06-29T00:10:14,ul,du3,1932532,6225827.62595993,6.225828
2026-06-29T00:10:14,ul,du4,1933301,6275317.211719761,6.275317
2026-06-29T00:10:14,ul,ue1,1931050,2142912.1721724225,2.142912
2026-06-29T00:10:14,ul,ue2,1931062,2083524.0734073638,2.083524
2026-06-29T00:10:14,ul,ue3,1931074,2712045.5862945365,2.712046
2026-06-29T00:10:14,ul,ue4,1931086,2721943.7020642566,2.721944
2026-06-29T00:10:14,ul,ue5,1931814,3078270.705712576,3.078271
2026-06-29T00:10:14,ul,ue6,1931826,2172605.923628321,2.172606
2026-06-29T00:10:14,ul,ue7,1931838,2088473.230601101,2.088473
2026-06-29T00:10:14,ul,ue8,1931850,2905056.1624643994,2.905056
2026-06-29T00:10:14,ul,ue9,1932577,2142912.1721724225,2.142912
2026-06-29T00:10:14,ul,ue10,1932589,2474494.3829408265,2.474494
2026-06-29T00:10:14,ul,ue11,1932601,2578423.1088897325,2.578423
2026-06-29T00:10:14,ul,ue12,1932613,2479443.1428990555,2.479443
2026-06-29T00:10:14,ul,ue13,1933348,2108269.064905033,2.108269
2026-06-29T00:10:14,ul,ue14,1933360,2212197.790853939,2.212198
2026-06-29T00:10:14,ul,ue15,1933372,2786280.560787544,2.786281
2026-06-29T00:10:14,ul,ue16,1933384,2603167.9017696474,2.603168
2026-06-29T00:10:19,ul,cu_cp1,1930760,761424.333113072,0.761424
2026-06-29T00:10:19,ul,cu_up1,1930788,738863.5590171504,0.738864
2026-06-29T00:10:19,ul,cu_cp2,1930796,755784.0897939727,0.755784
2026-06-29T00:10:19,ul,cu_up2,1930824,750143.9460651112,0.750144
2026-06-29T00:10:19,ul,du1,1930986,6119595.433344002,6.119595
2026-06-29T00:10:19,ul,du2,1931748,6232398.905462658,6.232399
2026-06-29T00:10:19,ul,du3,1932532,6480567.022156844,6.480567
2026-06-29T00:10:19,ul,du4,1933301,6288800.442341511,6.288800
2026-06-29T00:10:19,ul,ue1,1931050,2098146.812228339,2.098147
2026-06-29T00:10:19,ul,ue2,1931062,2148908.7531246375,2.148909
2026-06-29T00:10:19,ul,ue3,1931074,2814449.5971495677,2.814450
2026-06-29T00:10:19,ul,ue4,1931086,2758048.0602707146,2.758048
2026-06-29T00:10:19,ul,ue5,1931814,3017496.364832386,3.017496
2026-06-29T00:10:19,ul,ue6,1931826,2126347.979028716,2.126348
2026-06-29T00:10:19,ul,ue7,1931838,2053025.4632169711,2.053025
2026-06-29T00:10:19,ul,ue8,1931850,2837010.5704259644,2.837011
2026-06-29T00:10:19,ul,ue9,1932577,2205310.2900034906,2.205310
2026-06-29T00:10:19,ul,ue10,1932589,2560641.884472828,2.560642
2026-06-29T00:10:19,ul,ue11,1932601,2639604.3946280777,2.639604
2026-06-29T00:10:19,ul,ue12,1932613,2600122.8407797394,2.600123
2026-06-29T00:10:19,ul,ue13,1933348,2058665.6567409516,2.058666
2026-06-29T00:10:19,ul,ue14,1933360,2165829.134516103,2.165829
2026-06-29T00:10:19,ul,ue15,1933372,2758048.0602707146,2.758048
2026-06-29T00:10:19,ul,ue16,1933384,2577562.2658642936,2.577562
2026-06-29T00:10:25,ul,cu_cp1,1930760,729923.8539808542,0.729924
2026-06-29T00:10:25,ul,cu_up1,1930788,756466.5702312755,0.756467
2026-06-29T00:10:25,ul,cu_cp2,1930796,716652.5199386644,0.716653
2026-06-29T00:10:25,ul,cu_up2,1930824,729923.8539808542,0.729924
2026-06-29T00:10:25,ul,du1,1930986,5985375.939805298,5.985376
2026-06-29T00:10:25,ul,du2,1931748,6051732.561850204,6.051733
2026-06-29T00:10:25,ul,du3,1932532,5998647.033017278,5.998647
2026-06-29T00:10:25,ul,du4,1933301,6104817.705354796,6.104818
2026-06-29T00:10:25,ul,ue1,1931050,2149957.7524801614,2.149958
2026-06-29T00:10:25,ul,ue2,1931062,2149957.7524801614,2.149958
2026-06-29T00:10:25,ul,ue3,1931074,2840067.3153381944,2.840067
2026-06-29T00:10:25,ul,ue4,1931086,2680811.4994960856,2.680811
2026-06-29T00:10:25,ul,ue5,1931814,2972780.9447563435,2.972781
2026-06-29T00:10:25,ul,ue6,1931826,2043786.8874784755,2.043787
2026-06-29T00:10:25,ul,ue7,1931838,2017244.1230620123,2.017244
2026-06-29T00:10:25,ul,ue8,1931850,2707353.878584213,2.707354
2026-06-29T00:10:25,ul,ue9,1932577,2083600.9377710866,2.083601
2026-06-29T00:10:25,ul,ue10,1932589,2335756.3327387334,2.335756
2026-06-29T00:10:25,ul,ue11,1932601,2508283.8197853253,2.508284
2026-06-29T00:10:25,ul,ue12,1932613,2534826.391537621,2.534826
2026-06-29T00:10:25,ul,ue13,1933348,2110143.7021875503,2.110144
2026-06-29T00:10:25,ul,ue14,1933360,2149957.7524801614,2.149958
2026-06-29T00:10:25,ul,ue15,1933372,2640997.4492034744,2.640997
2026-06-29T00:10:25,ul,ue16,1933384,2534826.391537621,2.534826
2026-06-29T00:10:31,ul,cu_cp1,1930760,724454.9444617447,0.724455
2026-06-29T00:10:31,ul,cu_up1,1930788,733510.6306700686,0.733511
2026-06-29T00:10:31,ul,cu_cp2,1930796,706343.6198409349,0.706344
2026-06-29T00:10:31,ul,cu_up2,1930824,724454.9444617447,0.724455
2026-06-29T00:10:31,ul,du1,1930986,5976753.662227137,5.976754
2026-06-29T00:10:31,ul,du2,1931748,6212201.3124602055,6.212201
2026-06-29T00:10:31,ul,du3,1932532,6049198.7695270255,6.049199
2026-06-29T00:10:31,ul,du4,1933301,6275591.211510148,6.275591
2026-06-29T00:10:31,ul,ue1,1931050,2109974.9821311296,2.109975
2026-06-29T00:10:31,ul,ue2,1931062,2100919.3915144815,2.100919
2026-06-29T00:10:31,ul,ue3,1931074,2707650.271880503,2.707650
2026-06-29T00:10:31,ul,ue4,1931086,2698594.8724472057,2.698595
2026-06-29T00:10:31,ul,ue5,1931814,3033655.3577468633,3.033655
2026-06-29T00:10:31,ul,ue6,1931826,2055641.0560645377,2.055641
2026-06-29T00:10:31,ul,ue7,1931838,2082808.0190978337,2.082808
2026-06-29T00:10:31,ul,ue8,1931850,2798207.3251470923,2.798207
2026-06-29T00:10:31,ul,ue9,1932577,2119030.763931129,2.119031
2026-06-29T00:10:31,ul,ue10,1932589,2445035.467430787,2.445035
2026-06-29T00:10:31,ul,ue11,1932601,2526536.738897377,2.526537
2026-06-29T00:10:31,ul,ue12,1932613,2490313.994064082,2.490314
2026-06-29T00:10:31,ul,ue13,1933348,2128086.5457311287,2.128087
2026-06-29T00:10:31,ul,ue14,1933360,2100919.3915144815,2.100919
2026-06-29T00:10:31,ul,ue15,1933372,2644260.5640139114,2.644261
2026-06-29T00:10:31,ul,ue16,1933384,2608037.819180616,2.608038
