timestamp,phase,component,pid,microwatts,watts
2026-06-28T17:40:27,idle,cu_cp1,1502443,338976.11638450116,0.338976
2026-06-28T17:40:27,idle,cu_up1,1502470,330905.25004765036,0.330905
2026-06-28T17:40:27,idle,cu_cp2,1502499,338976.11638450116,0.338976
2026-06-28T17:40:27,idle,cu_up2,1502507,343011.56453977287,0.343012
2026-06-28T17:40:27,idle,du1,1502669,3058856.0936395167,3.058856
2026-06-28T17:40:27,idle,du2,1503457,3066926.6902131345,3.066927
2026-06-28T17:40:27,idle,ue1,1502734,859546.5904665291,0.859547
2026-06-28T17:40:27,idle,ue2,1502746,799015.197848072,0.799015
2026-06-28T17:40:27,idle,ue3,1502758,851475.6941559857,0.851476
2026-06-28T17:40:27,idle,ue4,1502770,803050.5560822659,0.803051
2026-06-28T17:40:27,idle,ue5,1503503,827263.1251191258,0.827263
2026-06-28T17:40:27,idle,ue6,1503515,863582.0086481082,0.863582
2026-06-28T17:40:27,idle,ue7,1503527,827263.1251191258,0.827263
2026-06-28T17:40:27,idle,ue8,1503539,790944.3015375286,0.790944
2026-06-28T17:40:33,idle,cu_cp1,1502443,345677.6274502182,0.345678
2026-06-28T17:40:33,idle,cu_up1,1502470,336500.33943503856,0.336500
2026-06-28T17:40:33,idle,cu_cp2,1502499,339559.4153381395,0.339559
2026-06-28T17:40:33,idle,cu_up2,1502507,345677.6274502182,0.345678
2026-06-28T17:40:33,idle,du1,1502669,3101921.0575074004,3.101921
2026-06-28T17:40:33,idle,du2,1503457,3065212.1466701888,3.065212
2026-06-28T17:40:33,idle,ue1,1502734,862664.4703681183,0.862664
2026-06-28T17:40:33,idle,ue2,1502746,850428.1064498377,0.850428
2026-06-28T17:40:33,idle,ue3,1502758,838191.7425315571,0.838192
2026-06-28T17:40:33,idle,ue4,1502770,813718.9543891192,0.813719
2026-06-28T17:40:33,idle,ue5,1503503,841250.8787405348,0.841251
2026-06-28T17:40:33,idle,ue6,1503515,841250.8787405348,0.841251
2026-06-28T17:40:33,idle,ue7,1503527,810659.8784860182,0.810660
2026-06-28T17:40:33,idle,ue8,1503539,825955.3183073997,0.825955
2026-06-28T17:40:38,idle,cu_cp1,1502443,343343.4967938012,0.343343
2026-06-28T17:40:38,idle,cu_up1,1502470,334146.8016211152,0.334147
2026-06-28T17:40:38,idle,cu_cp2,1502499,337212.3666786772,0.337212
2026-06-28T17:40:38,idle,cu_up2,1502507,337212.3666786772,0.337212
2026-06-28T17:40:38,idle,du1,1502669,3028780.0798443174,3.028780
2026-06-28T17:40:38,idle,du2,1503457,3087025.966185751,3.087026
2026-06-28T17:40:38,idle,ue1,1502734,833834.1764496804,0.833834
2026-06-28T17:40:38,idle,ue2,1502746,861424.2920172894,0.861424
2026-06-28T17:40:38,idle,ue3,1502758,830768.6414416694,0.830769
2026-06-28T17:40:38,idle,ue4,1502770,849161.9716879391,0.849162
2026-06-28T17:40:38,idle,ue5,1503503,818506.3812114215,0.818506
2026-06-28T17:40:38,idle,ue6,1503515,870621.0172395265,0.870621
2026-06-28T17:40:38,idle,ue7,1503527,830768.6414416694,0.830769
2026-06-28T17:40:38,idle,ue8,1503539,821571.9162194324,0.821572
2026-06-28T17:40:44,idle,cu_cp1,1502443,347444.3945345533,0.347444
2026-06-28T17:40:44,idle,cu_up1,1502470,337421.9887905312,0.337422
2026-06-28T17:40:44,idle,cu_cp2,1502499,337421.9887905312,0.337422
2026-06-28T17:40:44,idle,cu_up2,1502507,344103.59261987923,0.344104
2026-06-28T17:40:44,idle,du1,1502669,3066865.025855169,3.066865
2026-06-28T17:40:44,idle,du2,1503457,3103614.058063831,3.103614
2026-06-28T17:40:44,idle,ue1,1502734,775068.2763324237,0.775068
2026-06-28T17:40:44,idle,ue2,1502746,865270.1995036554,0.865270
2026-06-28T17:40:44,idle,ue3,1502758,835202.9521076966,0.835203
2026-06-28T17:40:44,idle,ue4,1502770,848566.0994386077,0.848566
2026-06-28T17:40:44,idle,ue5,1503503,851906.9315171742,0.851907
2026-06-28T17:40:44,idle,ue6,1503515,871951.8033330035,0.871952
2026-06-28T17:40:44,idle,ue7,1503527,845225.3276878261,0.845225
2026-06-28T17:40:44,idle,ue8,1503539,815157.9596362972,0.815158
2026-06-28T17:40:49,idle,cu_cp1,1502443,334776.4161886096,0.334776
2026-06-28T17:40:49,idle,cu_up1,1502470,334776.4161886096,0.334776
2026-06-28T17:40:49,idle,cu_cp2,1502499,341471.95659426926,0.341472
2026-06-28T17:40:49,idle,cu_up2,1502507,341471.95659426926,0.341472
2026-06-28T17:40:49,idle,du1,1502669,3093334.3513842775,3.093334
2026-06-28T17:40:49,idle,du2,1503457,3026378.9473276804,3.026379
2026-06-28T17:40:49,idle,ue1,1502734,867071.03270643,0.867071
2026-06-28T17:40:49,idle,ue2,1502746,873766.5127026523,0.873767
2026-06-28T17:40:49,idle,ue3,1502758,846984.411489451,0.846984
2026-06-28T17:40:49,idle,ue4,1502770,840288.8710837913,0.840289
2026-06-28T17:40:49,idle,ue5,1503503,870418.7424998224,0.870419
2026-06-28T17:40:49,idle,ue6,1503515,853679.9518951107,0.853680
2026-06-28T17:40:49,idle,ue7,1503527,863723.2020941627,0.863723
2026-06-28T17:40:49,idle,ue8,1503539,833593.3306781315,0.833593
2026-06-28T17:40:55,idle,cu_cp1,1502443,345192.8583410794,0.345193
2026-06-28T17:40:55,idle,cu_up1,1502470,335138.70886688144,0.335139
2026-06-28T17:40:55,idle,cu_cp2,1502499,345192.8583410794,0.345193
2026-06-28T17:40:55,idle,cu_up2,1502507,348544.24149914534,0.348544
2026-06-28T17:40:55,idle,du1,1502669,3100033.079695208,3.100033
2026-06-28T17:40:55,idle,du2,1503457,3096681.54536011,3.096682
2026-06-28T17:40:55,idle,ue1,1502734,807684.2783915001,0.807684
2026-06-28T17:40:55,idle,ue2,1502746,844549.5233656323,0.844550
2026-06-28T17:40:55,idle,ue3,1502758,811035.6917849726,0.811036
2026-06-28T17:40:55,idle,ue4,1502770,861306.4693913687,0.861306
2026-06-28T17:40:55,idle,ue5,1503503,861306.4693913687,0.861306
2026-06-28T17:40:55,idle,ue6,1503515,864657.8827848411,0.864658
2026-06-28T17:40:55,idle,ue7,1503527,854603.6426044238,0.854604
2026-06-28T17:40:55,idle,ue8,1503539,837846.7570495004,0.837847
2026-06-28T17:41:00,idle,cu_cp1,1502443,344345.9481890774,0.344346
2026-06-28T17:41:00,idle,cu_up1,1502470,334316.4639214325,0.334316
2026-06-28T17:41:00,idle,cu_cp2,1502499,337659.6152918994,0.337660
2026-06-28T17:41:00,idle,cu_up2,1502507,337659.6152918994,0.337660
2026-06-28T17:41:00,idle,du1,1502669,3028907.143828182,3.028907
2026-06-28T17:41:00,idle,du2,1503457,3072368.3227379606,3.072368
2026-06-28T17:41:00,idle,ue1,1502734,835791.1598035812,0.835791
2026-06-28T17:41:00,idle,ue2,1502746,852506.94681216,0.852507
2026-06-28T17:41:00,idle,ue3,1502758,835791.1598035812,0.835791
2026-06-28T17:41:00,idle,ue4,1502770,835791.1598035812,0.835791
2026-06-28T17:41:00,idle,ue5,1503503,849163.8255979371,0.849164
2026-06-28T17:41:00,idle,ue6,1503515,879252.3387133598,0.879252
2026-06-28T17:41:00,idle,ue7,1503527,862536.4310798049,0.862536
2026-06-28T17:41:00,idle,ue8,1503539,829104.8570626474,0.829105
2026-06-28T17:41:05,idle,cu_cp1,1502443,334529.4428972262,0.334529
2026-06-28T17:41:05,idle,cu_up1,1502470,334529.4428972262,0.334529
2026-06-28T17:41:05,idle,cu_cp2,1502499,344565.3192472279,0.344565
2026-06-28T17:41:05,idle,cu_up2,1502507,347910.601310395,0.347911
2026-06-28T17:41:05,idle,du1,1502669,3091051.966714549,3.091052
2026-06-28T17:41:05,idle,du2,1503457,3030836.8895775415,3.030837
2026-06-28T17:41:05,idle,ue1,1502734,816251.839462812,0.816252
2026-06-28T17:41:05,idle,ue2,1502746,839668.8742259825,0.839669
2026-06-28T17:41:05,idle,ue3,1502758,849704.7807364846,0.849705
2026-06-28T17:41:05,idle,ue4,1502770,809561.2753364778,0.809561
2026-06-28T17:41:05,idle,ue5,1503503,856395.3448628187,0.856395
2026-06-28T17:41:05,idle,ue6,1503515,849704.7807364846,0.849705
2026-06-28T17:41:05,idle,ue7,1503527,873121.815499655,0.873122
2026-06-28T17:41:05,idle,ue8,1503539,829632.9677154804,0.829633
2026-06-28T17:41:11,idle,cu_cp1,1502443,348955.65254778566,0.348956
2026-06-28T17:41:11,idle,cu_up1,1502470,341834.10001105664,0.341834
2026-06-28T17:41:11,idle,cu_cp2,1502499,341834.10001105664,0.341834
2026-06-28T17:41:11,idle,cu_up2,1502507,341834.10001105664,0.341834
2026-06-28T17:41:11,idle,du1,1502669,3069385.2571873665,3.069385
2026-06-28T17:41:11,idle,du2,1503457,3012412.8368935348,3.012413
2026-06-28T17:41:11,idle,ue1,1502734,840342.1148290455,0.840342
2026-06-28T17:41:11,idle,ue2,1502746,790491.3374473571,0.790491
2026-06-28T17:41:11,idle,ue3,1502758,861706.8025643707,0.861707
2026-06-28T17:41:11,idle,ue4,1502770,783369.8150357663,0.783370
2026-06-28T17:41:11,idle,ue5,1503503,868828.2647256851,0.868828
2026-06-28T17:41:11,idle,ue6,1503515,818977.4873439968,0.818977
2026-06-28T17:41:11,idle,ue7,1503527,826099.0700058639,0.826099
2026-06-28T17:41:11,idle,ue8,1503539,797612.9201092243,0.797613
2026-06-28T17:41:16,idle,cu_cp1,1502443,348312.02330271987,0.348312
2026-06-28T17:41:16,idle,cu_up1,1502470,336301.2649196246,0.336301
2026-06-28T17:41:16,idle,cu_cp2,1502499,336301.2649196246,0.336301
2026-06-28T17:41:16,idle,cu_up2,1502507,336301.2649196246,0.336301
2026-06-28T17:41:16,idle,du1,1502669,3098775.904382236,3.098776
2026-06-28T17:41:16,idle,du2,1503457,3038722.1124667595,3.038722
2026-06-28T17:41:16,idle,ue1,1502734,804720.9324392116,0.804721
2026-06-28T17:41:16,idle,ue2,1502746,840753.2075884974,0.840753
2026-06-28T17:41:16,idle,ue3,1502758,858769.3451631403,0.858769
2026-06-28T17:41:16,idle,ue4,1502770,852763.9659715927,0.852764
2026-06-28T17:41:16,idle,ue5,1503503,858769.3451631403,0.858769
2026-06-28T17:41:16,idle,ue6,1503515,840753.2075884974,0.840753
2026-06-28T17:41:16,idle,ue7,1503527,828742.4492054022,0.828742
2026-06-28T17:41:16,idle,ue8,1503539,828742.4492054022,0.828742
2026-06-28T17:41:22,idle,cu_cp1,1502443,345543.5381100261,0.345544
2026-06-28T17:41:22,idle,cu_up1,1502470,340386.18676201435,0.340386
2026-06-28T17:41:22,idle,cu_cp2,1502499,340386.18676201435,0.340386
2026-06-28T17:41:22,idle,cu_up2,1502507,345543.5381100261,0.345544
2026-06-28T17:41:22,idle,du1,1502669,3048003.6268140934,3.048004
2026-06-28T17:41:22,idle,du2,1503457,3063475.590149653,3.063476
2026-06-28T17:41:22,idle,ue1,1502734,850965.4820231152,0.850965
2026-06-28T17:41:22,idle,ue2,1502746,845808.0399666274,0.845808
2026-06-28T17:41:22,idle,ue3,1502758,835493.3977429211,0.835493
2026-06-28T17:41:22,idle,ue4,1502770,866437.5663033092,0.866438
2026-06-28T17:41:22,idle,ue5,1503503,892224.4137518442,0.892224
2026-06-28T17:41:22,idle,ue6,1503515,778762.3212616807,0.778762
2026-06-28T17:41:22,idle,ue7,1503527,871594.9478874797,0.871595
2026-06-28T17:41:22,idle,ue8,1503539,773604.9396775103,0.773605
2026-06-28T17:41:27,idle,cu_cp1,1502443,339098.0075497347,0.339098
2026-06-28T17:41:27,idle,cu_up1,1502470,336015.3143792927,0.336015
2026-06-28T17:41:27,idle,cu_cp2,1502499,348346.147709375,0.348346
2026-06-28T17:41:27,idle,cu_up2,1502507,342180.7310443339,0.342181
2026-06-28T17:41:27,idle,du1,1502669,3088874.689234488,3.088875
2026-06-28T17:41:27,idle,du2,1503457,3070378.651508465,3.070379
2026-06-28T17:41:27,idle,ue1,1502734,866241.2688694602,0.866241
2026-06-28T17:41:27,idle,ue2,1502746,875489.4090291006,0.875489
2026-06-28T17:41:27,idle,ue3,1502758,847745.049198494,0.847745
2026-06-28T17:41:27,idle,ue4,1502770,856993.1893581343,0.856993
2026-06-28T17:41:27,idle,ue5,1503503,878572.1628478569,0.878572
2026-06-28T17:41:27,idle,ue6,1503515,853910.435539378,0.853910
2026-06-28T17:41:27,idle,ue7,1503527,869324.0226882165,0.869324
2026-06-28T17:41:27,idle,ue8,1503539,826166.1363570857,0.826166
2026-06-28T17:41:32,idle,cu_cp1,1502443,343781.32687902154,0.343781
2026-06-28T17:41:32,idle,cu_up1,1502470,331503.4331472024,0.331503
2026-06-28T17:41:32,idle,cu_cp2,1502499,340711.8458863646,0.340712
2026-06-28T17:41:32,idle,cu_up2,1502507,346850.8078716785,0.346851
2026-06-28T17:41:32,idle,du1,1502669,3078684.4764702916,3.078684
2026-06-28T17:41:32,idle,du2,1503457,3078684.4764702916,3.078684
2026-06-28T17:41:32,idle,ue1,1502734,837966.9804877639,0.837967
2026-06-28T17:41:32,idle,ue2,1502746,850244.9044583917,0.850245
2026-06-28T17:41:32,idle,ue3,1502758,841036.5219580382,0.841037
2026-06-28T17:41:32,idle,ue4,1502770,822619.5755244792,0.822620
2026-06-28T17:41:32,idle,ue5,1503503,880939.6539073437,0.880940
2026-06-28T17:41:32,idle,ue6,1503515,880939.6539073437,0.880940
2026-06-28T17:41:32,idle,ue7,1503527,847175.4839433521,0.847175
2026-06-28T17:41:32,idle,ue8,1503539,810341.6515538513,0.810342
2026-06-28T17:41:38,idle,cu_cp1,1502443,342048.065826945,0.342048
2026-06-28T17:41:38,idle,cu_up1,1502470,332803.5169550526,0.332804
2026-06-28T17:41:38,idle,cu_cp2,1502499,342048.065826945,0.342048
2026-06-28T17:41:38,idle,cu_up2,1502507,345129.5720161977,0.345130
2026-06-28T17:41:38,idle,du1,1502669,3093840.2143011712,3.093840
2026-06-28T17:41:38,idle,du2,1503457,3096921.781098692,3.096922
2026-06-28T17:41:38,idle,ue1,1502734,868986.9272669327,0.868987
2026-06-28T17:41:38,idle,ue2,1502746,862823.9754966956,0.862824
2026-06-28T17:41:38,idle,ue3,1502758,822764.2738198733,0.822764
2026-06-28T17:41:38,idle,ue4,1502770,835090.2985768843,0.835090
2026-06-28T17:41:38,idle,ue5,1503503,859742.4086991745,0.859742
2026-06-28T17:41:38,idle,ue6,1503515,853579.3963206691,0.853579
2026-06-28T17:41:38,idle,ue7,1503527,850497.8295231479,0.850498
2026-06-28T17:41:38,idle,ue8,1503539,785786.0783323038,0.785786
2026-06-28T17:41:43,idle,cu_cp1,1502443,337778.0282864797,0.337778
2026-06-28T17:41:43,idle,cu_up1,1502470,343975.8002591944,0.343976
2026-06-28T17:41:43,idle,cu_cp2,1502499,337778.0282864797,0.337778
2026-06-28T17:41:43,idle,cu_up2,1502507,340876.91427283705,0.340877
2026-06-28T17:41:43,idle,du1,1502669,3052397.919462962,3.052398
2026-06-28T17:41:43,idle,du2,1503457,3027606.5896936725,3.027607
2026-06-28T17:41:43,idle,ue1,1502734,808807.9121078938,0.808808
2026-06-28T17:41:43,idle,ue2,1502746,858390.0878896111,0.858390
2026-06-28T17:41:43,idle,ue3,1502758,855291.2019032538,0.855291
2026-06-28T17:41:43,idle,ue4,1502770,821203.4560533231,0.821203
2026-06-28T17:41:43,idle,ue5,1503503,861488.9738759685,0.861489
2026-06-28T17:41:43,idle,ue6,1503515,849093.4299305391,0.849093
2026-06-28T17:41:43,idle,ue7,1503527,811906.7980942512,0.811907
2026-06-28T17:41:43,idle,ue8,1503539,780917.9987002856,0.780918
2026-06-28T17:41:49,idle,cu_cp1,1502443,342550.10397127835,0.342550
2026-06-28T17:41:49,idle,cu_up1,1502470,342550.10397127835,0.342550
2026-06-28T17:41:49,idle,cu_cp2,1502499,335833.4465568361,0.335833
2026-06-28T17:41:49,idle,cu_up2,1502507,342550.10397127835,0.342550
2026-06-28T17:41:49,idle,du1,1502669,3093026.0127844405,3.093026
2026-06-28T17:41:49,idle,du2,1503457,3059442.6044838666,3.059443
2026-06-28T17:41:49,idle,ue1,1502734,799283.5658306193,0.799284
2026-06-28T17:41:49,idle,ue2,1502746,866450.2612034046,0.866450
2026-06-28T17:41:49,idle,ue3,1502758,866450.2612034046,0.866450
2026-06-28T17:41:49,idle,ue4,1502770,822791.8667811673,0.822792
2026-06-28T17:41:49,idle,ue5,1503503,856375.21446756,0.856375
2026-06-28T17:41:49,idle,ue6,1503515,876525.3079392493,0.876525
2026-06-28T17:41:49,idle,ue7,1503527,809358.5519522828,0.809359
2026-06-28T17:41:49,idle,ue8,1503539,826150.2561025698,0.826150
2026-06-28T17:41:54,idle,cu_cp1,1502443,346548.21793013543,0.346548
2026-06-28T17:41:54,idle,cu_up1,1502470,336454.58552956313,0.336455
2026-06-28T17:41:54,idle,cu_cp2,1502499,346548.21793013543,0.346548
2026-06-28T17:41:54,idle,cu_up2,1502507,346548.21793013543,0.346548
2026-06-28T17:41:54,idle,du1,1502669,3081923.9657743857,3.081924
2026-06-28T17:41:54,idle,du2,1503457,3135756.752935314,3.135757
2026-06-28T17:41:54,idle,ue1,1502734,871417.3154493194,0.871417
2026-06-28T17:41:54,idle,ue2,1502746,874781.9406073862,0.874782
2026-06-28T17:41:54,idle,ue3,1502758,844501.0434056693,0.844501
2026-06-28T17:41:54,idle,ue4,1502770,837771.9753947568,0.837772
2026-06-28T17:41:54,idle,ue5,1503503,810855.5210458856,0.810856
2026-06-28T17:41:54,idle,ue6,1503515,864688.3082068139,0.864688
2026-06-28T17:41:54,idle,ue7,1503527,871417.3154493194,0.871417
2026-06-28T17:41:54,idle,ue8,1503539,834407.411005097,0.834407
2026-06-28T17:42:00,idle,cu_cp1,1502443,339604.9770070374,0.339605
2026-06-28T17:42:00,idle,cu_up1,1502470,336242.5409633219,0.336243
2026-06-28T17:42:00,idle,cu_cp2,1502499,339604.9770070374,0.339605
2026-06-28T17:42:00,idle,cu_up2,1502507,346329.81871137617,0.346330
2026-06-28T17:42:00,idle,du1,1502669,3012733.215644312,3.012733
2026-06-28T17:42:00,idle,du2,1503457,3120330.9259784697,3.120331
2026-06-28T17:42:00,idle,ue1,1502734,850693.6453479051,0.850694
2026-06-28T17:42:00,idle,ue2,1502746,880955.4482089758,0.880955
2026-06-28T17:42:00,idle,ue3,1502758,847331.1485380053,0.847331
2026-06-28T17:42:00,idle,ue4,1502770,867505.7648002983,0.867506
2026-06-28T17:42:00,idle,ue5,1503503,790169.9788595795,0.790170
2026-06-28T17:42:00,idle,ue6,1503515,891042.7563401222,0.891043
2026-06-28T17:42:00,idle,ue7,1503527,827156.7145742655,0.827157
2026-06-28T17:42:00,idle,ue8,1503539,817069.406443119,0.817069
2026-06-28T17:42:05,idle,cu_cp1,1502443,342794.3234687951,0.342794
2026-06-28T17:42:05,idle,cu_up1,1502470,339433.56776278466,0.339434
2026-06-28T17:42:05,idle,cu_cp2,1502499,342794.3234687951,0.342794
2026-06-28T17:42:05,idle,cu_up2,1502507,342794.3234687951,0.342794
2026-06-28T17:42:05,idle,du1,1502669,3068345.163002777,3.068345
2026-06-28T17:42:05,idle,du2,1503457,3017934.251804047,3.017934
2026-06-28T17:42:05,idle,ue1,1502734,793131.9201197255,0.793132
2026-06-28T17:42:05,idle,ue2,1502746,873789.4507905102,0.873789
2026-06-28T17:42:05,idle,ue3,1502758,836821.3805337816,0.836821
2026-06-28T17:42:05,idle,ue4,1502770,867067.9393784893,0.867068
2026-06-28T17:42:05,idle,ue5,1503503,836821.3805337816,0.836821
2026-06-28T17:42:05,idle,ue6,1503515,900675.1933018607,0.900675
2026-06-28T17:42:05,idle,ue7,1503527,873789.4507905102,0.873789
2026-06-28T17:42:05,idle,ue8,1503539,826739.2346704436,0.826739
2026-06-28T17:42:10,idle,cu_cp1,1502443,339031.4767330885,0.339031
2026-06-28T17:42:10,idle,cu_up1,1502470,339031.4767330885,0.339031
2026-06-28T17:42:10,idle,cu_cp2,1502499,339031.4767330885,0.339031
2026-06-28T17:42:10,idle,cu_up2,1502507,347300.5415828526,0.347301
2026-06-28T17:42:10,idle,du1,1502669,3084359.549996853,3.084360
2026-06-28T17:42:10,idle,du2,1503457,3051283.5334074497,3.051284
2026-06-28T17:42:10,idle,ue1,1502734,843444.1897590458,0.843444
2026-06-28T17:42:10,idle,ue2,1502746,868251.3843083382,0.868251
2026-06-28T17:42:10,idle,ue3,1502758,843444.1897590458,0.843444
2026-06-28T17:42:10,idle,ue4,1502770,826905.9993571043,0.826906
2026-06-28T17:42:10,idle,ue5,1503503,868251.3843083382,0.868251
2026-06-28T17:42:10,idle,ue6,1503515,851713.25460881,0.851713
2026-06-28T17:42:10,idle,ue7,1503527,859982.2587561607,0.859982
2026-06-28T17:42:10,idle,ue8,1503539,810367.9303599894,0.810368
2026-06-28T17:42:16,idle,cu_cp1,1502443,359235.39657167526,0.359235
2026-06-28T17:42:16,idle,cu_up1,1502470,345679.3375813109,0.345679
2026-06-28T17:42:16,idle,cu_cp2,1502499,332123.2785909465,0.332123
2026-06-28T17:42:16,idle,cu_up2,1502507,338901.32323821785,0.338901
2026-06-28T17:42:16,idle,du1,1502669,3090779.8739858055,3.090780
2026-06-28T17:42:16,idle,du2,1503457,3124670.1275263405,3.124670
2026-06-28T17:42:16,idle,ue1,1502734,867587.2905164671,0.867587
2026-06-28T17:42:16,idle,ue2,1502746,867587.2905164671,0.867587
2026-06-28T17:42:16,idle,ue3,1502758,833697.2188010019,0.833697
2026-06-28T17:42:16,idle,ue4,1502770,854031.3224386376,0.854031
2026-06-28T17:42:16,idle,ue5,1503503,894699.4084971958,0.894699
2026-06-28T17:42:16,idle,ue6,1503515,887921.3941541028,0.887921
2026-06-28T17:42:16,idle,ue7,1503527,806585.1008202732,0.806585
2026-06-28T17:42:16,idle,ue8,1503539,826919.2044579089,0.826919
2026-06-28T17:42:21,idle,cu_cp1,1502443,355121.2638103557,0.355121
2026-06-28T17:42:21,idle,cu_up1,1502470,343665.7411285323,0.343666
2026-06-28T17:42:21,idle,cu_cp2,1502499,337938.0101245362,0.337938
2026-06-28T17:42:21,idle,cu_up2,1502507,332210.2184467089,0.332210
2026-06-28T17:42:21,idle,du1,1502669,3087264.121174288,3.087264
2026-06-28T17:42:21,idle,du2,1503457,3104447.192838614,3.104447
2026-06-28T17:42:21,idle,ue1,1502734,859164.3831582463,0.859164
2026-06-28T17:42:21,idle,ue2,1502746,882075.428521893,0.882075
2026-06-28T17:42:21,idle,ue3,1502758,824797.7544389451,0.824798
2026-06-28T17:42:21,idle,ue4,1502770,859164.3831582463,0.859164
2026-06-28T17:42:21,idle,ue5,1503503,893531.0118775475,0.893531
2026-06-28T17:42:21,idle,ue6,1503515,876347.6975178969,0.876348
2026-06-28T17:42:21,idle,ue7,1503527,796158.9780713022,0.796159
2026-06-28T17:42:21,idle,ue8,1503539,824797.7544389451,0.824798
2026-06-28T17:42:27,idle,cu_cp1,1502443,350920.14337442996,0.350920
2026-06-28T17:42:27,idle,cu_up1,1502470,345977.5997359827,0.345978
2026-06-28T17:42:27,idle,cu_cp2,1502499,341035.0560975355,0.341035
2026-06-28T17:42:27,idle,cu_up2,1502507,345977.5997359827,0.345978
2026-06-28T17:42:27,idle,du1,1502669,3054488.0256142523,3.054488
2026-06-28T17:42:27,idle,du2,1503457,3148396.1424322654,3.148396
2026-06-28T17:42:27,idle,ue1,1502734,845173.8399513453,0.845174
2026-06-28T17:42:27,idle,ue2,1502746,810576.0648125696,0.810576
2026-06-28T17:42:27,idle,ue3,1502758,840231.326643253,0.840231
2026-06-28T17:42:27,idle,ue4,1502770,840231.326643253,0.840231
2026-06-28T17:42:27,idle,ue5,1503503,845173.8399513453,0.845174
2026-06-28T17:42:27,idle,ue6,1503515,879771.6757508308,0.879772
2026-06-28T17:42:27,idle,ue7,1503527,855058.9272282398,0.855059
2026-06-28T17:42:27,idle,ue8,1503539,820461.2127501738,0.820461
2026-06-28T17:42:32,idle,cu_cp1,1502443,347495.30590396374,0.347495
2026-06-28T17:42:32,idle,cu_up1,1502470,341290.0538065338,0.341290
2026-06-28T17:42:32,idle,cu_cp2,1502499,350597.9471891901,0.350598
2026-06-28T17:42:32,idle,cu_up2,1502507,353700.5884744164,0.353701
2026-06-28T17:42:32,idle,du1,1502669,3142970.990034828,3.142971
2026-06-28T17:42:32,idle,du2,1503457,3133663.309963331,3.133663
2026-06-28T17:42:32,idle,ue1,1502734,862532.9974259681,0.862533
2026-06-28T17:42:32,idle,ue2,1502746,871840.921281647,0.871841
2026-06-28T17:42:32,idle,ue3,1502758,850122.4932311082,0.850122
2026-06-28T17:42:32,idle,ue4,1502770,822198.7216640711,0.822199
2026-06-28T17:42:32,idle,ue5,1503503,874943.5016208279,0.874944
2026-06-28T17:42:32,idle,ue6,1503515,850122.4932311082,0.850122
2026-06-28T17:42:32,idle,ue7,1503527,868738.2799964207,0.868738
2026-06-28T17:42:32,idle,ue8,1503539,843917.2106606555,0.843917
2026-06-28T17:42:38,idle,cu_cp1,1502443,350286.223480058,0.350286
2026-06-28T17:42:38,idle,cu_up1,1502470,347186.35294715525,0.347186
2026-06-28T17:42:38,idle,cu_cp2,1502499,340986.6118813497,0.340987
2026-06-28T17:42:38,idle,cu_up2,1502507,344086.4824142525,0.344086
2026-06-28T17:42:38,idle,du1,1502669,3078178.9052153444,3.078179
2026-06-28T17:42:38,idle,du2,1503457,3130877.1004320695,3.130877
2026-06-28T17:42:38,idle,ue1,1502734,874165.6234336937,0.874166
2026-06-28T17:42:38,idle,ue2,1502746,861766.2022493714,0.861766
2026-06-28T17:42:38,idle,ue3,1502758,849366.6591704715,0.849367
2026-06-28T17:42:38,idle,ue4,1502770,824567.5730126714,0.824568
2026-06-28T17:42:38,idle,ue5,1503503,867965.8823678881,0.867966
2026-06-28T17:42:38,idle,ue6,1503515,877265.5853875297,0.877266
2026-06-28T17:42:38,idle,ue7,1503527,858666.2402955353,0.858666
2026-06-28T17:42:38,idle,ue8,1503539,843166.8571573771,0.843167
2026-06-28T17:42:43,idle,cu_cp1,1502443,345123.71728049306,0.345124
2026-06-28T17:42:43,idle,cu_up1,1502470,335796.06574724434,0.335796
2026-06-28T17:42:43,idle,cu_cp2,1502499,357560.5961673295,0.357561
2026-06-28T17:42:43,idle,cu_up2,1502507,354451.3993412563,0.354451
2026-06-28T17:42:43,idle,du1,1502669,3155860.940544269,3.155861
2026-06-28T17:42:43,idle,du2,1503457,3071911.9851624873,3.071912
2026-06-28T17:42:43,idle,ue1,1502734,858145.4063795793,0.858145
2026-06-28T17:42:43,idle,ue2,1502746,879909.9978546936,0.879910
2026-06-28T17:42:43,idle,ue3,1502758,839490.1643681109,0.839490
2026-06-28T17:42:43,idle,ue4,1502770,873691.5431475181,0.873692
2026-06-28T17:42:43,idle,ue5,1503503,858145.4063795793,0.858145
2026-06-28T17:42:43,idle,ue6,1503515,895456.1346226323,0.895456
2026-06-28T17:42:43,idle,ue7,1503527,889237.6799154568,0.889238
2026-06-28T17:42:43,idle,ue8,1503539,836380.9370145232,0.836381
2026-06-28T17:42:49,idle,cu_cp1,1502443,346768.10389346036,0.346768
2026-06-28T17:42:49,idle,cu_up1,1502470,340286.4741876349,0.340286
2026-06-28T17:42:49,idle,cu_cp2,1502499,340286.4741876349,0.340286
2026-06-28T17:42:49,idle,cu_up2,1502507,343527.2890405476,0.343527
2026-06-28T17:42:49,idle,du1,1502669,3056096.546519709,3.056097
2026-06-28T17:42:49,idle,du2,1503457,3146839.7282539844,3.146840
2026-06-28T17:42:49,idle,ue1,1502734,875022.3273536593,0.875022
2026-06-28T17:42:49,idle,ue2,1502746,823169.1677561492,0.823169
2026-06-28T17:42:49,idle,ue3,1502758,836132.4881432534,0.836132
2026-06-28T17:42:49,idle,ue4,1502770,862059.0679420084,0.862059
2026-06-28T17:42:49,idle,ue5,1503503,868540.7586232871,0.868541
2026-06-28T17:42:49,idle,ue6,1503515,884744.802400124,0.884745
2026-06-28T17:42:49,idle,ue7,1503527,858818.222601369,0.858818
2026-06-28T17:42:49,idle,ue8,1503539,842614.0568736255,0.842614
2026-06-28T17:42:54,idle,cu_cp1,1502443,346284.2211274162,0.346284
2026-06-28T17:42:54,idle,cu_up1,1502470,339560.25921039435,0.339560
2026-06-28T17:42:54,idle,cu_cp2,1502499,342922.24016890523,0.342922
2026-06-28T17:42:54,idle,cu_up2,1502507,342922.24016890523,0.342922
2026-06-28T17:42:54,idle,du1,1502669,3079576.1388028623,3.079576
2026-06-28T17:42:54,idle,du2,1503457,3096385.952395022,3.096386
2026-06-28T17:42:54,idle,ue1,1502734,850581.6385052413,0.850582
2026-06-28T17:42:54,idle,ue2,1502746,816961.7073196054,0.816962
2026-06-28T17:42:54,idle,ue3,1502758,806875.8556444675,0.806876
2026-06-28T17:42:54,idle,ue4,1502770,823685.7908371538,0.823686
2026-06-28T17:42:54,idle,ue5,1503503,877477.4861733287,0.877477
2026-06-28T17:42:54,idle,ue6,1503515,867391.5736979276,0.867392
2026-06-28T17:42:54,idle,ue7,1503527,847219.6271465987,0.847220
2026-06-28T17:42:54,idle,ue8,1503539,837133.6538709343,0.837134
2026-06-28T17:42:59,idle,cu_cp1,1502443,344746.2385981214,0.344746
2026-06-28T17:42:59,idle,cu_up1,1502470,334606.65051610884,0.334607
2026-06-28T17:42:59,idle,cu_cp2,1502499,351505.9538273925,0.351506
2026-06-28T17:42:59,idle,cu_up2,1502507,351505.9538273925,0.351506
2026-06-28T17:42:59,idle,du1,1502669,3099336.1526255035,3.099336
2026-06-28T17:42:59,idle,du2,1503457,3133135.003057766,3.133135
2026-06-28T17:42:59,idle,ue1,1502734,875385.1183824814,0.875385
2026-06-28T17:42:59,idle,ue2,1502746,848346.1355605494,0.848346
2026-06-28T17:42:59,idle,ue3,1502758,838206.517002325,0.838207
2026-06-28T17:42:59,idle,ue4,1502770,861865.5660190916,0.861866
2026-06-28T17:42:59,idle,ue5,1503503,878764.9302827991,0.878765
2026-06-28T17:42:59,idle,ue6,1503515,814547.5289379823,0.814548
2026-06-28T17:42:59,idle,ue7,1503527,831446.7712968421,0.831447
2026-06-28T17:42:59,idle,ue8,1503539,844966.3236602318,0.844966
2026-06-28T17:43:05,idle,cu_cp1,1502443,344635.24850723863,0.344635
2026-06-28T17:43:05,idle,cu_up1,1502470,344635.24850723863,0.344635
2026-06-28T17:43:05,idle,cu_cp2,1502499,344635.24850723863,0.344635
2026-06-28T17:43:05,idle,cu_up2,1502507,348014.0311421943,0.348014
2026-06-28T17:43:05,idle,du1,1502669,3132126.219199934,3.132126
2026-06-28T17:43:05,idle,du2,1503457,3121989.901834974,3.121990
2026-06-28T17:43:05,idle,ue1,1502734,864966.8886330986,0.864967
2026-06-28T17:43:05,idle,ue2,1502746,844694.2539031792,0.844694
2026-06-28T17:43:05,idle,ue3,1502758,871724.4539030099,0.871724
2026-06-28T17:43:05,idle,ue4,1502770,854830.5101883245,0.854831
2026-06-28T17:43:05,idle,ue5,1503503,871724.4539030099,0.871724
2026-06-28T17:43:05,idle,ue6,1503515,871724.4539030099,0.871724
2026-06-28T17:43:05,idle,ue7,1503527,858209.2622833729,0.858209
2026-06-28T17:43:05,idle,ue8,1503539,837936.6886332679,0.837937
2026-06-28T17:43:10,idle,cu_cp1,1502443,343449.45648402395,0.343449
2026-06-28T17:43:10,idle,cu_up1,1502470,340082.29064978985,0.340082
2026-06-28T17:43:10,idle,cu_cp2,1502499,343449.45648402395,0.343449
2026-06-28T17:43:10,idle,cu_up2,1502507,336715.1248155558,0.336715
2026-06-28T17:43:10,idle,du1,1502669,3047271.982898836,3.047272
2026-06-28T17:43:10,idle,du2,1503457,3091044.80447958,3.091045
2026-06-28T17:43:10,idle,ue1,1502734,794647.7334609211,0.794648
2026-06-28T17:43:10,idle,ue2,1502746,811483.4714691007,0.811483
2026-06-28T17:43:10,idle,ue3,1502758,784546.2663458824,0.784546
2026-06-28T17:43:10,idle,ue4,1502770,878826.5450524735,0.878827
2026-06-28T17:43:10,idle,ue5,1503503,888927.9513921851,0.888928
2026-06-28T17:43:10,idle,ue6,1503515,865357.9424908644,0.865358
2026-06-28T17:43:10,idle,ue7,1503527,872092.2133840055,0.872092
2026-06-28T17:43:10,idle,ue8,1503539,835053.5411457485,0.835054
2026-06-28T17:43:15,idle,cu_cp1,1502443,355951.77671716065,0.355952
2026-06-28T17:43:15,idle,cu_up1,1502470,348041.74062236754,0.348042
2026-06-28T17:43:15,idle,cu_cp2,1502499,340131.7045275745,0.340132
2026-06-28T17:43:15,idle,cu_up2,1502507,332221.637942487,0.332222
2026-06-28T17:43:15,idle,du1,1502669,3140285.6712058065,3.140286
2026-06-28T17:43:15,idle,du2,1503457,3140285.6712058065,3.140286
2026-06-28T17:43:15,idle,ue1,1502734,846374.2890069813,0.846374
2026-06-28T17:43:15,idle,ue2,1502746,798914.0114576339,0.798914
2026-06-28T17:43:15,idle,ue3,1502758,814734.0836472202,0.814734
2026-06-28T17:43:15,idle,ue4,1502770,822644.1197420132,0.822644
2026-06-28T17:43:15,idle,ue5,1503503,885924.4694809467,0.885924
2026-06-28T17:43:15,idle,ue6,1503515,838464.2529121882,0.838464
2026-06-28T17:43:15,idle,ue7,1503527,870104.3972913605,0.870104
2026-06-28T17:43:15,idle,ue8,1503539,822644.1197420132,0.822644
2026-06-28T17:43:21,idle,cu_cp1,1502443,354813.6924079323,0.354814
2026-06-28T17:43:21,idle,cu_up1,1502470,354813.6924079323,0.354814
2026-06-28T17:43:21,idle,cu_cp2,1502499,348243.0469281769,0.348243
2026-06-28T17:43:21,idle,cu_up2,1502507,348243.0469281769,0.348243
2026-06-28T17:43:21,idle,du1,1502669,3153899.542503204,3.153900
2026-06-28T17:43:21,idle,du2,1503457,3147328.5908395387,3.147329
2026-06-28T17:43:21,idle,ue1,1502734,880463.6161584663,0.880464
2026-06-28T17:43:21,idle,ue2,1502746,867322.2639621735,0.867322
2026-06-28T17:43:21,idle,ue3,1502758,834469.2202737427,0.834469
2026-06-28T17:43:21,idle,ue4,1502770,880463.6161584663,0.880464
2026-06-28T17:43:21,idle,ue5,1503503,867322.2639621735,0.867322
2026-06-28T17:43:21,idle,ue6,1503515,893604.845881195,0.893605
2026-06-28T17:43:21,idle,ue7,1503527,867322.2639621735,0.867322
2026-06-28T17:43:21,idle,ue8,1503539,827898.6360307693,0.827899
2026-06-28T17:43:26,idle,cu_cp1,1502443,340105.9238082665,0.340106
2026-06-28T17:43:26,idle,cu_up1,1502470,334530.42932962923,0.334530
2026-06-28T17:43:26,idle,cu_cp2,1502499,345681.4182869038,0.345681
2026-06-28T17:43:26,idle,cu_up2,1502507,340105.9238082665,0.340106
2026-06-28T17:43:26,idle,du1,1502669,3116708.5024564173,3.116709
2026-06-28T17:43:26,idle,du2,1503457,3027500.347402575,3.027500
2026-06-28T17:43:26,idle,ue1,1502734,847476.9862202085,0.847477
2026-06-28T17:43:26,idle,ue2,1502746,853052.5719722128,0.853053
2026-06-28T17:43:26,idle,ue3,1502758,858628.0360263943,0.858628
2026-06-28T17:43:26,idle,ue4,1502770,808448.4944452918,0.808448
2026-06-28T17:43:26,idle,ue5,1503503,853052.5719722128,0.853053
2026-06-28T17:43:26,idle,ue6,1503515,886505.5996929478,0.886506
2026-06-28T17:43:26,idle,ue7,1503527,858628.0360263943,0.858628
2026-06-28T17:43:26,idle,ue8,1503539,808448.4944452918,0.808448
2026-06-28T17:43:32,idle,cu_cp1,1502443,346752.13483321667,0.346752
2026-06-28T17:43:32,idle,cu_up1,1502470,340560.12372012436,0.340560
2026-06-28T17:43:32,idle,cu_cp2,1502499,352944.14594630897,0.352944
2026-06-28T17:43:32,idle,cu_up2,1502507,349848.1251553893,0.349848
2026-06-28T17:43:32,idle,du1,1502669,3058849.163305521,3.058849
2026-06-28T17:43:32,idle,du2,1503457,3065041.1439498663,3.065041
2026-06-28T17:43:32,idle,ue1,1502734,848304.2732750177,0.848304
2026-06-28T17:43:32,idle,ue2,1502746,845208.2829528451,0.845208
2026-06-28T17:43:32,idle,ue3,1502758,863784.285823375,0.863784
2026-06-28T17:43:32,idle,ue4,1502770,811152.328471452,0.811152
2026-06-28T17:43:32,idle,ue5,1503503,876168.3080495596,0.876168
2026-06-28T17:43:32,idle,ue6,1503515,854496.3148568571,0.854496
2026-06-28T17:43:32,idle,ue7,1503527,869976.3274052143,0.869976
2026-06-28T17:43:32,idle,ue8,1503539,832824.3216641545,0.832824
2026-06-28T17:43:37,idle,cu_cp1,1502443,350222.58180236665,0.350223
2026-06-28T17:43:37,idle,cu_up1,1502470,344023.9693330303,0.344024
2026-06-28T17:43:37,idle,cu_cp2,1502499,353321.8880370349,0.353322
2026-06-28T17:43:37,idle,cu_up2,1502507,350222.58180236665,0.350223
2026-06-28T17:43:37,idle,du1,1502669,3065222.203548312,3.065222
2026-06-28T17:43:37,idle,du2,1503457,3124109.4801092865,3.124109
2026-06-28T17:43:37,idle,ue1,1502734,836814.9433316529,0.836815
2026-06-28T17:43:37,idle,ue2,1502746,846112.8925758094,0.846113
2026-06-28T17:43:37,idle,ue3,1502758,858510.178594786,0.858510
2026-06-28T17:43:37,idle,ue4,1502770,846112.8925758094,0.846113
2026-06-28T17:43:37,idle,ue5,1503503,858510.178594786,0.858510
2026-06-28T17:43:37,idle,ue6,1503515,870907.5256940663,0.870908
2026-06-28T17:43:37,idle,ue7,1503527,858510.178594786,0.858510
2026-06-28T17:43:37,idle,ue8,1503539,799623.2074353307,0.799623
2026-06-28T17:43:43,idle,cu_cp1,1502443,348190.22498048365,0.348190
2026-06-28T17:43:43,idle,cu_up1,1502470,345081.35698014917,0.345081
2026-06-28T17:43:43,idle,cu_cp2,1502499,348190.22498048365,0.348190
2026-06-28T17:43:43,idle,cu_up2,1502507,345081.35698014917,0.345081
2026-06-28T17:43:43,idle,du1,1502669,3093296.923945942,3.093297
2026-06-28T17:43:43,idle,du2,1503457,3111950.131947949,3.111950
2026-06-28T17:43:43,idle,ue1,1502734,873584.3388885749,0.873584
2026-06-28T17:43:43,idle,ue2,1502746,882910.8818475992,0.882911
2026-06-28T17:43:43,idle,ue3,1502758,848713.6390538156,0.848714
2026-06-28T17:43:43,idle,ue4,1502770,845604.8320954603,0.845605
2026-06-28T17:43:43,idle,ue5,1503503,892237.4248066235,0.892237
2026-06-28T17:43:43,idle,ue6,1503515,892237.4248066235,0.892237
2026-06-28T17:43:43,idle,ue7,1503527,858040.1820128399,0.858040
2026-06-28T17:43:43,idle,ue8,1503539,845604.8320954603,0.845605
2026-06-28T17:43:48,idle,cu_cp1,1502443,350900.52765695186,0.350901
2026-06-28T17:43:48,idle,cu_up1,1502470,341584.5711885509,0.341585
2026-06-28T17:43:48,idle,cu_cp2,1502499,350900.52765695186,0.350901
2026-06-28T17:43:48,idle,cu_up2,1502507,347795.19864395796,0.347795
2026-06-28T17:43:48,idle,du1,1502669,3154999.3587584114,3.154999
2026-06-28T17:43:48,idle,du2,1503457,3120841.0147507046,3.120841
2026-06-28T17:43:48,idle,ue1,1502734,816697.6479536444,0.816698
2026-06-28T17:43:48,idle,ue2,1502746,857066.7722696614,0.857067
2026-06-28T17:43:48,idle,ue3,1502758,866382.6675969011,0.866383
2026-06-28T17:43:48,idle,ue4,1502770,872593.2644817275,0.872593
2026-06-28T17:43:48,idle,ue5,1503503,878803.9836488765,0.878804
2026-06-28T17:43:48,idle,ue6,1503515,872593.2644817275,0.872593
2026-06-28T17:43:48,idle,ue7,1503527,863277.3691544879,0.863277
2026-06-28T17:43:48,idle,ue8,1503539,791855.138132016,0.791855
2026-06-28T17:43:54,idle,cu_cp1,1502443,348376.83683772234,0.348377
2026-06-28T17:43:54,idle,cu_up1,1502470,345090.25684733747,0.345090
2026-06-28T17:43:54,idle,cu_cp2,1502499,351663.41682810726,0.351663
2026-06-28T17:43:54,idle,cu_up2,1502507,351663.41682810726,0.351663
2026-06-28T17:43:54,idle,du1,1502669,3135391.623274226,3.135392
2026-06-28T17:43:54,idle,du2,1503457,3063086.8023292758,3.063087
2026-06-28T17:43:54,idle,ue1,1502734,847936.0474507326,0.847936
2026-06-28T17:43:54,idle,ue2,1502746,867655.5273930419,0.867656
2026-06-28T17:43:54,idle,ue3,1502758,864368.9168244153,0.864369
2026-06-28T17:43:54,idle,ue4,1502770,847936.0474507326,0.847936
2026-06-28T17:43:54,idle,ue5,1503503,903807.8767090339,0.903808
2026-06-28T17:43:54,idle,ue6,1503515,874228.6873738116,0.874229
2026-06-28T17:43:54,idle,ue7,1503527,857795.8180001288,0.857796
2026-06-28T17:43:54,idle,ue8,1503539,834789.7886456763,0.834790
2026-06-28T17:43:59,idle,cu_cp1,1502443,343043.2938677475,0.343043
2026-06-28T17:43:59,idle,cu_up1,1502470,336250.3697561806,0.336250
2026-06-28T17:43:59,idle,cu_cp2,1502499,346439.7711975217,0.346440
2026-06-28T17:43:59,idle,cu_up2,1502507,349836.21797931433,0.349836
2026-06-28T17:43:59,idle,du1,1502669,3162111.993324852,3.162112
2026-06-28T17:43:59,idle,du2,1503457,3100975.706868732,3.100976
2026-06-28T17:43:59,idle,ue1,1502734,866099.4279938042,0.866099
2026-06-28T17:43:59,idle,ue2,1502746,849117.0718929148,0.849117
2026-06-28T17:43:59,idle,ue3,1502758,838927.6704515737,0.838928
2026-06-28T17:43:59,idle,ue4,1502770,876288.8294351452,0.876289
2026-06-28T17:43:59,idle,ue5,1503503,900064.07909962,0.900064
2026-06-28T17:43:59,idle,ue6,1503515,883081.7229987305,0.883082
2026-06-28T17:43:59,idle,ue7,1503527,862702.9812120115,0.862703
2026-06-28T17:43:59,idle,ue8,1503539,791377.1100266612,0.791377
2026-06-28T17:44:04,idle,cu_cp1,1502443,338704.32685902715,0.338704
2026-06-28T17:44:04,idle,cu_up1,1502470,342091.3777482152,0.342091
2026-06-28T17:44:04,idle,cu_cp2,1502499,348865.4795265913,0.348865
2026-06-28T17:44:04,idle,cu_up2,1502507,352252.49993338826,0.352252
2026-06-28T17:44:04,idle,du1,1502669,3061886.9319112585,3.061887
2026-06-28T17:44:04,idle,du2,1503457,3102531.66451108,3.102532
2026-06-28T17:44:04,idle,ue1,1502734,806116.282683289,0.806116
2026-06-28T17:44:04,idle,ue2,1502746,877244.1379795003,0.877244
2026-06-28T17:44:04,idle,ue3,1502758,870470.0971659065,0.870470
2026-06-28T17:44:04,idle,ue4,1502770,809503.303090086,0.809503
2026-06-28T17:44:04,idle,ue5,1503503,863696.0563523126,0.863696
2026-06-28T17:44:04,idle,ue6,1503515,894179.4229078316,0.894179
2026-06-28T17:44:04,idle,ue7,1503527,829825.547460432,0.829826
2026-06-28T17:44:04,idle,ue8,1503539,833212.6288320113,0.833213
2026-06-28T17:44:10,idle,cu_cp1,1502443,351191.29493073554,0.351191
2026-06-28T17:44:10,idle,cu_up1,1502470,344372.04618832946,0.344372
2026-06-28T17:44:10,idle,cu_cp2,1502499,351191.29493073554,0.351191
2026-06-28T17:44:10,idle,cu_up2,1502507,347781.6858627096,0.347782
2026-06-28T17:44:10,idle,du1,1502669,3143673.639642844,3.143674
2026-06-28T17:44:10,idle,du2,1503457,3177769.85274852,3.177770
2026-06-28T17:44:10,idle,ue1,1502734,842177.1737776184,0.842177
2026-06-28T17:44:10,idle,ue2,1502746,883092.6662320548,0.883093
2026-06-28T17:44:10,idle,ue3,1502758,869454.229959951,0.869454
2026-06-28T17:44:10,idle,ue4,1502770,828538.6762928063,0.828539
2026-06-28T17:44:10,idle,ue5,1503503,889912.0067935234,0.889912
2026-06-28T17:44:10,idle,ue6,1503515,872863.839027977,0.872864
2026-06-28T17:44:10,idle,ue7,1503527,889912.0067935234,0.889912
2026-06-28T17:44:10,idle,ue8,1503539,862634.9506111908,0.862635
2026-06-28T17:44:15,idle,cu_cp1,1502443,340201.0109496474,0.340201
2026-06-28T17:44:15,idle,cu_up1,1502470,340201.0109496474,0.340201
2026-06-28T17:44:15,idle,cu_cp2,1502499,350407.08263584616,0.350407
2026-06-28T17:44:15,idle,cu_up2,1502507,353809.0758959055,0.353809
2026-06-28T17:44:15,idle,du1,1502669,3167271.655492172,3.167272
2026-06-28T17:44:15,idle,du2,1503457,3167271.655492172,3.167272
2026-06-28T17:44:15,idle,ue1,1502734,826688.5286006927,0.826689
2026-06-28T17:44:15,idle,ue2,1502746,870914.686064186,0.870915
2026-06-28T17:44:15,idle,ue3,1502758,860708.5837426472,0.860709
2026-06-28T17:44:15,idle,ue4,1502770,867512.6315334463,0.867513
2026-06-28T17:44:15,idle,ue5,1503503,891326.7068952227,0.891327
2026-06-28T17:44:15,idle,ue6,1503515,870914.686064186,0.870915
2026-06-28T17:44:15,idle,ue7,1503527,884522.6591044235,0.884523
2026-06-28T17:44:15,idle,ue8,1503539,843698.4949009896,0.843698
2026-06-28T17:44:21,idle,cu_cp1,1502443,347719.57285621314,0.347720
2026-06-28T17:44:21,idle,cu_up1,1502470,340160.4257792258,0.340160
2026-06-28T17:44:21,idle,cu_cp2,1502499,362837.80584684404,0.362838
2026-06-28T17:44:21,idle,cu_up2,1502507,347719.57285621314,0.347720
2026-06-28T17:44:21,idle,du1,1502669,3167271.585274136,3.167272
2026-06-28T17:44:21,idle,du2,1503457,3091680.297994294,3.091680
2026-06-28T17:44:21,idle,ue1,1502734,793707.6601515269,0.793708
2026-06-28T17:44:21,idle,ue2,1502746,876857.9415999966,0.876858
2026-06-28T17:44:21,idle,ue3,1502758,816385.0096374733,0.816385
2026-06-28T17:44:21,idle,ue4,1502770,869298.8251046813,0.869299
2026-06-28T17:44:21,idle,ue5,1503503,869298.8251046813,0.869299
2026-06-28T17:44:21,idle,ue6,1503515,846621.475618735,0.846621
2026-06-28T17:44:21,idle,ue7,1503527,884417.0580953121,0.884417
2026-06-28T17:44:21,idle,ue8,1503539,846621.475618735,0.846621
2026-06-28T17:44:26,idle,cu_cp1,1502443,344017.6381359291,0.344018
2026-06-28T17:44:26,idle,cu_up1,1502470,337762.7753173453,0.337763
2026-06-28T17:44:26,idle,cu_cp2,1502499,350272.500954513,0.350273
2026-06-28T17:44:26,idle,cu_up2,1502507,337762.7753173453,0.337763
2026-06-28T17:44:26,idle,du1,1502669,3152452.569628556,3.152453
2026-06-28T17:44:26,idle,du2,1503457,3077394.2158055496,3.077394
2026-06-28T17:44:26,idle,ue1,1502734,856916.6944495004,0.856917
2026-06-28T17:44:26,idle,ue2,1502746,856916.6944495004,0.856917
2026-06-28T17:44:26,idle,ue3,1502758,838152.1059937489,0.838152
2026-06-28T17:44:26,idle,ue4,1502770,856916.6944495004,0.856917
2026-06-28T17:44:26,idle,ue5,1503503,888191.0085424196,0.888191
2026-06-28T17:44:26,idle,ue6,1503515,869426.4200866681,0.869426
2026-06-28T17:44:26,idle,ue7,1503527,831897.243175165,0.831897
2026-06-28T17:44:26,idle,ue8,1503539,819387.5175379973,0.819388
2026-06-28T17:44:31,idle,cu_cp1,1502443,346545.70007325767,0.346546
2026-06-28T17:44:31,idle,cu_up1,1502470,330551.27425446955,0.330551
2026-06-28T17:44:31,idle,cu_cp2,1502499,346545.70007325767,0.346546
2026-06-28T17:44:31,idle,cu_up2,1502507,351877.1854865634,0.351877
2026-06-28T17:44:31,idle,du1,1502669,3060265.326166506,3.060265
2026-06-28T17:44:31,idle,du2,1503457,3049602.111970861,3.049602
2026-06-28T17:44:31,idle,ue1,1502734,773063.4988193267,0.773063
2026-06-28T17:44:31,idle,ue2,1502746,874361.4174608445,0.874361
2026-06-28T17:44:31,idle,ue3,1502758,842372.6875077849,0.842373
2026-06-28T17:44:31,idle,ue4,1502770,858367.0220631856,0.858367
2026-06-28T17:44:31,idle,ue5,1503503,879692.9028741503,0.879693
2026-06-28T17:44:31,idle,ue6,1503515,885024.388287456,0.885024
2026-06-28T17:44:31,idle,ue7,1503527,863698.5683187497,0.863699
2026-06-28T17:44:31,idle,ue8,1503539,837041.1412522208,0.837041
2026-06-28T17:44:37,idle,cu_cp1,1502443,343965.1471620798,0.343965
2026-06-28T17:44:37,idle,cu_up1,1502470,334668.8173439652,0.334669
2026-06-28T17:44:37,idle,cu_cp2,1502499,343965.1471620798,0.343965
2026-06-28T17:44:37,idle,cu_up2,1502507,337767.6142487526,0.337768
2026-06-28T17:44:37,idle,du1,1502669,3064698.659892082,3.064699
2026-06-28T17:44:37,idle,du2,1503457,3129773.1208595037,3.129773
2026-06-28T17:44:37,idle,ue1,1502734,780893.8969865441,0.780894
2026-06-28T17:44:37,idle,ue2,1502746,855264.7791164517,0.855265
2026-06-28T17:44:37,idle,ue3,1502758,824276.8709648252,0.824277
2026-06-28T17:44:37,idle,ue4,1502770,852165.8908672929,0.852166
2026-06-28T17:44:37,idle,ue5,1503503,861462.312029779,0.861462
2026-06-28T17:44:37,idle,ue6,1503515,849067.1244106293,0.849067
2026-06-28T17:44:37,idle,ue7,1503527,880054.9716660082,0.880055
2026-06-28T17:44:37,idle,ue8,1503539,811881.6833456755,0.811882
2026-06-28T17:44:42,idle,cu_cp1,1502443,340970.31874031544,0.340970
2026-06-28T17:44:42,idle,cu_up1,1502470,337870.581368742,0.337871
2026-06-28T17:44:42,idle,cu_cp2,1502499,347169.76301681757,0.347170
2026-06-28T17:44:42,idle,cu_up2,1502507,344070.0256452441,0.344070
2026-06-28T17:44:42,idle,du1,1502669,3112129.0090649985,3.112129
2026-06-28T17:44:42,idle,du2,1503457,3059433.6565481187,3.059434
2026-06-28T17:44:42,idle,ue1,1502734,818328.7162301254,0.818329
2026-06-28T17:44:42,idle,ue2,1502746,821428.4536016989,0.821428
2026-06-28T17:44:42,idle,ue3,1502758,821428.4536016989,0.821428
2026-06-28T17:44:42,idle,ue4,1502770,861724.9784988642,0.861725
2026-06-28T17:44:42,idle,ue5,1503503,833827.4030879927,0.833827
2026-06-28T17:44:42,idle,ue6,1503515,858625.1801940012,0.858625
2026-06-28T17:44:42,idle,ue7,1503527,855525.4428224277,0.855525
2026-06-28T17:44:42,idle,ue8,1503539,818328.7162301254,0.818329
2026-06-28T17:44:48,idle,cu_cp1,1502443,349041.36832353356,0.349041
2026-06-28T17:44:48,idle,cu_up1,1502470,345952.5228647065,0.345953
2026-06-28T17:44:48,idle,cu_cp2,1502499,342863.64688127814,0.342864
2026-06-28T17:44:48,idle,cu_up2,1502507,345952.5228647065,0.345953
2026-06-28T17:44:48,idle,du1,1502669,3125927.9655192615,3.125928
2026-06-28T17:44:48,idle,du2,1503457,3125927.9655192615,3.125928
2026-06-28T17:44:48,idle,ue1,1502734,846348.1123103988,0.846348
2026-06-28T17:44:48,idle,ue2,1502746,837081.5148847151,0.837082
2026-06-28T17:44:48,idle,ue3,1502758,830903.7629178583,0.830904
2026-06-28T17:44:48,idle,ue4,1502770,858703.5551949096,0.858704
2026-06-28T17:44:48,idle,ue5,1503503,874147.90458745,0.874148
2026-06-28T17:44:48,idle,ue6,1503515,855614.7097360826,0.855615
2026-06-28T17:44:48,idle,ue7,1503527,840170.3603435421,0.840170
2026-06-28T17:44:48,idle,ue8,1503539,833992.6694258881,0.833993
2026-06-28T17:44:53,idle,cu_cp1,1502443,337588.4258745718,0.337588
2026-06-28T17:44:53,idle,cu_up1,1502470,337588.4258745718,0.337588
2026-06-28T17:44:53,idle,cu_cp2,1502499,349977.01155200956,0.349977
2026-06-28T17:44:53,idle,cu_up2,1502507,346879.8498802042,0.346880
2026-06-28T17:44:53,idle,du1,1502669,3112627.1639064215,3.112627
2026-06-28T17:44:53,idle,du2,1503457,3097141.6605963134,3.097142
2026-06-28T17:44:53,idle,ue1,1502734,817645.373505435,0.817645
2026-06-28T17:44:53,idle,ue2,1502746,845519.6455223322,0.845520
2026-06-28T17:44:53,idle,ue3,1502758,833131.1208546781,0.833131
2026-06-28T17:44:53,idle,ue4,1502770,857908.23119977,0.857908
2026-06-28T17:44:53,idle,ue5,1503503,867199.6552054024,0.867200
2026-06-28T17:44:53,idle,ue6,1503515,842422.5448603105,0.842423
2026-06-28T17:44:53,idle,ue7,1503527,876491.0792110348,0.876491
2026-06-28T17:44:53,idle,ue8,1503539,842422.5448603105,0.842423
2026-06-28T17:44:59,idle,cu_cp1,1502443,339859.2131800264,0.339859
2026-06-28T17:44:59,idle,cu_up1,1502470,346656.4225584686,0.346656
2026-06-28T17:44:59,idle,cu_cp2,1502499,350055.0119337618,0.350055
2026-06-28T17:44:59,idle,cu_up2,1502507,353453.6013090551,0.353454
2026-06-28T17:44:59,idle,du1,1502669,3167487.9930246114,3.167488
2026-06-28T17:44:59,idle,du2,1503457,3136900.5661355495,3.136901
2026-06-28T17:44:59,idle,ue1,1502734,778277.5794992686,0.778278
2026-06-28T17:44:59,idle,ue2,1502746,842850.8388855517,0.842851
2026-06-28T17:44:59,idle,ue3,1502758,839452.3107659698,0.839452
2026-06-28T17:44:59,idle,ue4,1502770,825857.9532647968,0.825858
2026-06-28T17:44:59,idle,ue5,1503503,897228.3914016664,0.897228
2026-06-28T17:44:59,idle,ue6,1503515,876836.7326384842,0.876837
2026-06-28T17:44:59,idle,ue7,1503527,866641.0257683158,0.866641
2026-06-28T17:44:59,idle,ue8,1503539,808864.9451326191,0.808865
2026-06-28T17:45:04,idle,cu_cp1,1502443,335770.41633921507,0.335770
2026-06-28T17:45:04,idle,cu_up1,1502470,342553.63698017655,0.342554
2026-06-28T17:45:04,idle,cu_cp2,1502499,345945.26260237454,0.345945
2026-06-28T17:45:04,idle,cu_up2,1502507,349336.8882245725,0.349337
2026-06-28T17:45:04,idle,du1,1502669,3177948.2808465674,3.177948
2026-06-28T17:45:04,idle,du2,1503457,3055849.8808611776,3.055850
2026-06-28T17:45:04,idle,ue1,1502734,824163.7102464294,0.824164
2026-06-28T17:45:04,idle,ue2,1502746,868254.8127315688,0.868255
2026-06-28T17:45:04,idle,ue3,1502758,830946.9614908254,0.830947
2026-06-28T17:45:04,idle,ue4,1502770,800422.361494478,0.800422
2026-06-28T17:45:04,idle,ue5,1503503,912345.8540098392,0.912346
2026-06-28T17:45:04,idle,ue6,1503515,881821.2540134919,0.881821
2026-06-28T17:45:04,idle,ue7,1503527,851296.7152240133,0.851297
2026-06-28T17:45:04,idle,ue8,1503539,827555.305265193,0.827555
2026-06-28T17:45:10,idle,cu_cp1,1502443,344297.3665193045,0.344297
2026-06-28T17:45:10,idle,cu_up1,1502470,334170.9823681879,0.334171
2026-06-28T17:45:10,idle,cu_cp2,1502499,344297.3665193045,0.344297
2026-06-28T17:45:10,idle,cu_up2,1502507,344297.3665193045,0.344297
2026-06-28T17:45:10,idle,du1,1502669,3142557.4595319605,3.142557
2026-06-28T17:45:10,idle,du2,1503457,3061546.142017956,3.061546
2026-06-28T17:45:10,idle,ue1,1502734,850617.0016090107,0.850617
2026-06-28T17:45:10,idle,ue2,1502746,860743.4468363953,0.860743
2026-06-28T17:45:10,idle,ue3,1502758,820237.8491556608,0.820238
2026-06-28T17:45:10,idle,ue4,1502770,840490.678534162,0.840491
2026-06-28T17:45:10,idle,ue5,1503503,891122.5992897451,0.891123
2026-06-28T17:45:10,idle,ue6,1503515,894498.1013909626,0.894498
2026-06-28T17:45:10,idle,ue7,1503527,843866.0584828437,0.843866
2026-06-28T17:45:10,idle,ue8,1503539,830364.2333067774,0.830364
2026-06-28T17:45:15,idle,cu_cp1,1502443,342658.0853390688,0.342658
2026-06-28T17:45:15,idle,cu_up1,1502470,342658.0853390688,0.342658
2026-06-28T17:45:15,idle,cu_cp2,1502499,346050.7472390372,0.346051
2026-06-28T17:45:15,idle,cu_up2,1502507,352836.0710389739,0.352836
2026-06-28T17:45:15,idle,du1,1502669,3128027.2807642794,3.128027
2026-06-28T17:45:15,idle,du2,1503457,3121242.079613581,3.121242
2026-06-28T17:45:15,idle,ue1,1502734,868519.484004097,0.868519
2026-06-28T17:45:15,idle,ue2,1502746,814237.07757846,0.814237
2026-06-28T17:45:15,idle,ue3,1502758,858341.5596288108,0.858342
2026-06-28T17:45:15,idle,ue4,1502770,851556.2358288742,0.851556
2026-06-28T17:45:15,idle,ue5,1503503,865126.8834287476,0.865127
2026-06-28T17:45:15,idle,ue6,1503515,854948.9590534616,0.854949
2026-06-28T17:45:15,idle,ue7,1503527,865126.8834287476,0.865127
2026-06-28T17:45:15,idle,ue8,1503539,834592.9876536513,0.834593
2026-06-28T17:45:20,idle,cu_cp1,1502443,337329.5108130664,0.337330
2026-06-28T17:45:20,idle,cu_up1,1502470,337329.5108130664,0.337330
2026-06-28T17:45:20,idle,cu_cp2,1502499,345557.02707774757,0.345557
2026-06-28T17:45:20,idle,cu_up2,1502507,362012.12069625256,0.362012
2026-06-28T17:45:20,idle,du1,1502669,3142923.4920258806,3.142923
2026-06-28T17:45:20,idle,du2,1503457,3110013.3047888707,3.110013
2026-06-28T17:45:20,idle,ue1,1502734,855665.0514296878,0.855665
2026-06-28T17:45:20,idle,ue2,1502746,872120.1450481927,0.872120
2026-06-28T17:45:20,idle,ue3,1502758,847437.5657095778,0.847438
2026-06-28T17:45:20,idle,ue4,1502770,855665.0514296878,0.855665
2026-06-28T17:45:20,idle,ue5,1503503,765162.0365279103,0.765162
2026-06-28T17:45:20,idle,ue6,1503515,880347.6918574453,0.880348
2026-06-28T17:45:20,idle,ue7,1503527,896802.8465650928,0.896803
2026-06-28T17:45:20,idle,ue8,1503539,822754.8641926778,0.822755
2026-06-28T17:45:26,idle,cu_cp1,1502443,341803.63529669045,0.341804
2026-06-28T17:45:26,idle,cu_up1,1502470,341803.63529669045,0.341804
2026-06-28T17:45:26,idle,cu_cp2,1502499,341803.63529669045,0.341804
2026-06-28T17:45:26,idle,cu_up2,1502507,348505.6488052985,0.348506
2026-06-28T17:45:26,idle,du1,1502669,3103040.6495939777,3.103041
2026-06-28T17:45:26,idle,du2,1503457,3129848.8257390787,3.129849
2026-06-28T17:45:26,idle,ue1,1502734,857860.0492045295,0.857860
2026-06-28T17:45:26,idle,ue2,1502746,844456.0221873134,0.844456
2026-06-28T17:45:26,idle,ue3,1502758,844456.0221873134,0.844456
2026-06-28T17:45:26,idle,ue4,1502770,871264.0762217456,0.871264
2026-06-28T17:45:26,idle,ue5,1503503,884668.2253496301,0.884668
2026-06-28T17:45:26,idle,ue6,1503515,831051.9341147632,0.831052
2026-06-28T17:45:26,idle,ue7,1503527,884668.2253496301,0.884668
2026-06-28T17:45:26,idle,ue8,1503539,837753.9781510383,0.837754
2026-06-28T17:45:31,idle,cu_cp1,1502443,343612.3697355926,0.343612
2026-06-28T17:45:31,idle,cu_up1,1502470,337979.36806327343,0.337979
2026-06-28T17:45:31,idle,cu_cp2,1502499,337979.36806327343,0.337979
2026-06-28T17:45:31,idle,cu_up2,1502507,349245.37140791176,0.349245
2026-06-28T17:45:31,idle,du1,1502669,3148841.191786051,3.148841
2026-06-28T17:45:31,idle,du2,1503457,3041814.43461544,3.041814
2026-06-28T17:45:31,idle,ue1,1502734,856214.4235028219,0.856214
2026-06-28T17:45:31,idle,ue2,1502746,839315.4489973593,0.839315
2026-06-28T17:45:31,idle,ue3,1502758,816783.4423080826,0.816783
2026-06-28T17:45:31,idle,ue4,1502770,867480.4268474602,0.867480
2026-06-28T17:45:31,idle,ue5,1503503,844948.4201581836,0.844948
2026-06-28T17:45:31,idle,ue6,1503515,878746.4301920986,0.878746
2026-06-28T17:45:31,idle,ue7,1503527,850581.4523419976,0.850581
2026-06-28T17:45:31,idle,ue8,1503539,833682.477836535,0.833682
2026-06-28T17:45:37,idle,cu_cp1,1502443,344794.3107808235,0.344794
2026-06-28T17:45:37,idle,cu_up1,1502470,344794.3107808235,0.344794
2026-06-28T17:45:37,idle,cu_cp2,1502499,344794.3107808235,0.344794
2026-06-28T17:45:37,idle,cu_up2,1502507,351006.79636972246,0.351007
2026-06-28T17:45:37,idle,du1,1502669,3100042.263768449,3.100042
2026-06-28T17:45:37,idle,du2,1503457,3137317.6053548097,3.137318
2026-06-28T17:45:37,idle,ue1,1502734,848007.6002952033,0.848008
2026-06-28T17:45:37,idle,ue2,1502746,863538.8907054806,0.863539
2026-06-28T17:45:37,idle,ue3,1502758,829369.9906524468,0.829370
2026-06-28T17:45:37,idle,ue4,1502770,857326.3745413697,0.857326
2026-06-28T17:45:37,idle,ue5,1503503,863538.8907054806,0.863539
2026-06-28T17:45:37,idle,ue6,1503515,888388.8942115003,0.888389
2026-06-28T17:45:37,idle,ue7,1503527,863538.8907054806,0.863539
2026-06-28T17:45:37,idle,ue8,1503539,838688.8871994609,0.838689
2026-06-28T17:45:42,idle,cu_cp1,1502443,337071.9600384465,0.337072
2026-06-28T17:45:42,idle,cu_up1,1502470,340164.35887210787,0.340164
2026-06-28T17:45:42,idle,cu_cp2,1502499,340164.35887210787,0.340164
2026-06-28T17:45:42,idle,cu_up2,1502507,343256.75770576927,0.343257
2026-06-28T17:45:42,idle,du1,1502669,3114050.1013654685,3.114050
2026-06-28T17:45:42,idle,du2,1503457,3058386.861463394,3.058387
2026-06-28T17:45:42,idle,ue1,1502734,819486.8783955711,0.819487
2026-06-28T17:45:42,idle,ue2,1502746,810209.6514465022,0.810210
2026-06-28T17:45:42,idle,ue3,1502758,828764.0444484705,0.828764
2026-06-28T17:45:42,idle,ue4,1502770,859688.0936812538,0.859688
2026-06-28T17:45:42,idle,ue5,1503503,856595.6643995077,0.856596
2026-06-28T17:45:42,idle,ue6,1503515,868965.3206303227,0.868965
2026-06-28T17:45:42,idle,ue7,1503527,868965.3206303227,0.868965
2026-06-28T17:45:42,idle,ue8,1503539,834948.9030119628,0.834949
2026-06-28T17:45:48,idle,cu_cp1,1502443,346814.269598189,0.346814
2026-06-28T17:45:48,idle,cu_up1,1502470,343717.7264234078,0.343718
2026-06-28T17:45:48,idle,cu_cp2,1502499,346814.269598189,0.346814
2026-06-28T17:45:48,idle,cu_up2,1502507,349910.84328409133,0.349911
2026-06-28T17:45:48,idle,du1,1502669,3149197.3149567316,3.149197
2026-06-28T17:45:48,idle,du2,1503457,3090362.842080283,3.090363
2026-06-28T17:45:48,idle,ue1,1502734,839166.6481223964,0.839167
2026-06-28T17:45:48,idle,ue2,1502746,860842.6029014706,0.860843
2026-06-28T17:45:48,idle,ue3,1502758,848456.3081578612,0.848456
2026-06-28T17:45:48,idle,ue4,1502770,860842.6029014706,0.860843
2026-06-28T17:45:48,idle,ue5,1503503,857745.968193326,0.857746
2026-06-28T17:45:48,idle,ue6,1503515,867035.6892510331,0.867036
2026-06-28T17:45:48,idle,ue7,1503527,836070.1354587364,0.836070
2026-06-28T17:45:48,idle,ue8,1503539,845359.7954942011,0.845360
2026-06-28T17:45:53,dl,cu_cp1,1502443,341369.68845673354,0.341370
2026-06-28T17:45:53,dl,cu_up1,1502470,347576.4372942254,0.347576
2026-06-28T17:45:53,dl,cu_cp2,1502499,344473.06287547946,0.344473
2026-06-28T17:45:53,dl,cu_up2,1502507,347576.4372942254,0.347576
2026-06-28T17:45:53,dl,du1,1502669,3131291.248940027,3.131291
2026-06-28T17:45:53,dl,du2,1503457,3118877.6290115477,3.118878
2026-06-28T17:45:53,dl,ue1,1502734,875147.8573547422,0.875148
2026-06-28T17:45:53,dl,ue2,1502746,872044.3912458748,0.872044
2026-06-28T17:45:53,dl,ue3,1502758,853424.2669868947,0.853424
2026-06-28T17:45:53,dl,ue4,1502770,856527.549715519,0.856528
2026-06-28T17:45:53,dl,ue5,1503503,868941.0473905026,0.868941
2026-06-28T17:45:53,dl,ue6,1503515,834804.0816011667,0.834804
2026-06-28T17:45:53,dl,ue7,1503527,822390.6450529307,0.822391
2026-06-28T17:45:53,dl,ue8,1503539,803770.5207939505,0.803771
2026-06-28T17:45:59,dl,cu_cp1,1502443,409243.6284256697,0.409244
2026-06-28T17:45:59,dl,cu_up1,1502470,535737.1154638499,0.535737
2026-06-28T17:45:59,dl,cu_cp2,1502499,409243.6284256697,0.409244
2026-06-28T17:45:59,dl,cu_up2,1502507,532016.758498782,0.532017
2026-06-28T17:45:59,dl,du1,1502669,4259854.321091795,4.259854
2026-06-28T17:45:59,dl,du2,1503457,4304499.297096133,4.304499
2026-06-28T17:45:59,dl,ue1,1502734,1547684.9771481156,1.547685
2026-06-28T17:45:59,dl,ue2,1502746,1633254.2606011392,1.633254
2026-06-28T17:45:59,dl,ue3,1502758,1618372.5557714582,1.618373
2026-06-28T17:45:59,dl,ue4,1502770,1570007.4651502848,1.570007
2026-06-28T17:45:59,dl,ue5,1503503,1618372.5557714582,1.618373
2026-06-28T17:45:59,dl,ue6,1503515,1648135.8269461156,1.648136
2026-06-28T17:45:59,dl,ue7,1503527,1596050.2062539936,1.596050
2026-06-28T17:45:59,dl,ue8,1503539,1439793.6211470366,1.439794
2026-06-28T17:46:04,dl,cu_cp1,1502443,429313.16614305496,0.429313
2026-06-28T17:46:04,dl,cu_up1,1502470,617889.9414864958,0.617890
2026-06-28T17:46:04,dl,cu_cp2,1502499,437337.7028251165,0.437338
2026-06-28T17:46:04,dl,cu_up2,1502507,617889.9414864958,0.617890
2026-06-28T17:46:04,dl,du1,1502669,4778616.76580914,4.778617
2026-06-28T17:46:04,dl,du2,1503457,4842813.059265632,4.842813
2026-06-28T17:46:04,dl,ue1,1502734,1897805.012110262,1.897805
2026-06-28T17:46:04,dl,ue2,1502746,1925890.9812280298,1.925891
2026-06-28T17:46:04,dl,ue3,1502758,1941939.982007711,1.941940
2026-06-28T17:46:04,dl,ue4,1502770,1962001.3055667544,1.962001
2026-06-28T17:46:04,dl,ue5,1503503,1949964.4823975516,1.949964
2026-06-28T17:46:04,dl,ue6,1503515,1897805.012110262,1.897805
2026-06-28T17:46:04,dl,ue7,1503527,1982062.6291257977,1.982063
2026-06-28T17:46:04,dl,ue8,1503539,1861694.5426026536,1.861695
2026-06-28T17:46:10,dl,cu_cp1,1502443,434583.0054083821,0.434583
2026-06-28T17:46:10,dl,cu_up1,1502470,647850.5863361174,0.647851
2026-06-28T17:46:10,dl,cu_cp2,1502499,434583.0054083821,0.434583
2026-06-28T17:46:10,dl,cu_up2,1502507,635778.8027917886,0.635779
2026-06-28T17:46:10,dl,du1,1502669,4828699.720080521,4.828700
2026-06-28T17:46:10,dl,du2,1503457,4917225.88987278,4.917226
2026-06-28T17:46:10,dl,ue1,1502734,1919408.1190598488,1.919408
2026-06-28T17:46:10,dl,ue2,1502746,1959647.3003944838,1.959647
2026-06-28T17:46:10,dl,ue3,1502758,1935503.8790255177,1.935504
2026-06-28T17:46:10,dl,ue4,1502770,1983790.72176345,1.983791
2026-06-28T17:46:10,dl,ue5,1503503,1943551.6861485064,1.943552
2026-06-28T17:46:10,dl,ue6,1503515,1967695.1075174725,1.967695
2026-06-28T17:46:10,dl,ue7,1503527,1991838.5288864386,1.991839
2026-06-28T17:46:10,dl,ue8,1503539,1935503.8790255177,1.935504
2026-06-28T17:46:15,dl,cu_cp1,1502443,439942.932353532,0.439943
2026-06-28T17:46:15,dl,cu_up1,1502470,641751.6359599775,0.641752
2026-06-28T17:46:15,dl,cu_cp2,1502499,431870.5812963957,0.431871
2026-06-28T17:46:15,dl,cu_up2,1502507,645787.7932830548,0.645788
2026-06-28T17:46:15,dl,du1,1502669,4811119.045394366,4.811119
2026-06-28T17:46:15,dl,du2,1503457,4924132.033016238,4.924132
2026-06-28T17:46:15,dl,ue1,1502734,1901037.8911195053,1.901038
2026-06-28T17:46:15,dl,ue2,1502746,1949471.9246403598,1.949472
2026-06-28T17:46:15,dl,ue3,1502758,1969652.78407771,1.969653
2026-06-28T17:46:15,dl,ue4,1502770,1969652.78407771,1.969653
2026-06-28T17:46:15,dl,ue5,1503503,1941399.6099942052,1.941400
2026-06-28T17:46:15,dl,ue6,1503515,1917182.5204118146,1.917183
2026-06-28T17:46:15,dl,ue7,1503527,1949471.9246403598,1.949472
2026-06-28T17:46:15,dl,ue8,1503539,1965616.553932669,1.965617
2026-06-28T17:46:20,dl,cu_cp1,1502443,435495.5881561419,0.435496
2026-06-28T17:46:20,dl,cu_up1,1502470,638726.823856489,0.638727
2026-06-28T17:46:20,dl,cu_cp2,1502499,445173.28162487893,0.445173
2026-06-28T17:46:20,dl,cu_up2,1502507,590338.465560514,0.590338
2026-06-28T17:46:20,dl,du1,1502669,4771096.409923217,4.771096
2026-06-28T17:46:20,dl,du2,1503457,4751740.877588796,4.751741
2026-06-28T17:46:20,dl,ue1,1502734,1906502.9234976768,1.906503
2026-06-28T17:46:20,dl,ue2,1502746,1983924.3258506262,1.983924
2026-06-28T17:46:20,dl,ue3,1502758,1945213.6973726249,1.945214
2026-06-28T17:46:20,dl,ue4,1502770,1954891.3181428886,1.954891
2026-06-28T17:46:20,dl,ue5,1503503,1925858.1650382043,1.925858
2026-06-28T17:46:20,dl,ue6,1503515,1945213.6973726249,1.945214
2026-06-28T17:46:20,dl,ue7,1503527,1916180.6896648873,1.916181
2026-06-28T17:46:20,dl,ue8,1503539,1993602.0920178366,1.993602
2026-06-28T17:46:26,dl,cu_cp1,1502443,430787.589166826,0.430788
2026-06-28T17:46:26,dl,cu_up1,1502470,584640.2582934588,0.584640
2026-06-28T17:46:26,dl,cu_cp2,1502499,423094.9304203138,0.423095
2026-06-28T17:46:26,dl,cu_up2,1502507,592332.8809111416,0.592333
2026-06-28T17:46:26,dl,du1,1502669,4654044.126236963,4.654044
2026-06-28T17:46:26,dl,du2,1503457,4838667.358091986,4.838667
2026-06-28T17:46:26,dl,ue1,1502734,1869310.2586609363,1.869310
2026-06-28T17:46:26,dl,ue2,1502746,1892388.1987716437,1.892388
2026-06-28T17:46:26,dl,ue3,1502758,1869310.2586609363,1.869310
2026-06-28T17:46:26,dl,ue4,1502770,1946236.6293530823,1.946237
2026-06-28T17:46:26,dl,ue5,1503503,1938544.0789930583,1.938544
2026-06-28T17:46:26,dl,ue6,1503515,1938544.0789930583,1.938544
2026-06-28T17:46:26,dl,ue7,1503527,1900080.8936469853,1.900081
2026-06-28T17:46:26,dl,ue8,1503539,1938544.0789930583,1.938544
2026-06-28T17:46:31,dl,cu_cp1,1502443,430715.8133512959,0.430716
2026-06-28T17:46:31,dl,cu_up1,1502470,630002.2453111142,0.630002
2026-06-28T17:46:31,dl,cu_cp2,1502499,424287.18709408137,0.424287
2026-06-28T17:46:31,dl,cu_up2,1502507,578573.453478694,0.578573
2026-06-28T17:46:31,dl,du1,1502669,4770016.823554149,4.770017
2026-06-28T17:46:31,dl,du2,1503457,4782873.785101516,4.782874
2026-06-28T17:46:31,dl,ue1,1502734,1915721.0227369047,1.915721
2026-06-28T17:46:31,dl,ue2,1502746,1967149.8873110902,1.967150
2026-06-28T17:46:31,dl,ue3,1502758,1935006.9015085483,1.935007
2026-06-28T17:46:31,dl,ue4,1502770,1986435.4751156725,1.986435
2026-06-28T17:46:31,dl,ue5,1503503,1973578.3680847741,1.973578
2026-06-28T17:46:31,dl,ue6,1503515,1890006.6631915772,1.890007
2026-06-28T17:46:31,dl,ue7,1503527,1935006.9015085483,1.935007
2026-06-28T17:46:31,dl,ue8,1503539,1954292.4893131303,1.954292
2026-06-28T17:46:37,dl,cu_cp1,1502443,435296.4381388423,0.435296
2026-06-28T17:46:37,dl,cu_up1,1502470,621852.0544840604,0.621852
2026-06-28T17:46:37,dl,cu_cp2,1502499,427980.55508609,0.427981
2026-06-28T17:46:37,dl,cu_up2,1502507,603562.2924430856,0.603562
2026-06-28T17:46:37,dl,du1,1502669,4711443.920518813,4.711444
2026-06-28T17:46:37,dl,du2,1503457,4733391.533404341,4.733392
2026-06-28T17:46:37,dl,ue1,1502734,1887503.993974085,1.887504
2026-06-28T17:46:37,dl,ue2,1502746,1924083.5906014931,1.924084
2026-06-28T17:46:37,dl,ue3,1502758,1931399.21974514,1.931399
2026-06-28T17:46:37,dl,ue4,1502770,1931399.21974514,1.931399
2026-06-28T17:46:37,dl,ue5,1503503,1905793.7197423303,1.905794
2026-06-28T17:46:37,dl,ue6,1503515,1902135.8326250482,1.902136
2026-06-28T17:46:37,dl,ue7,1503527,1949689.090604303,1.949689
2026-06-28T17:46:37,dl,ue8,1503539,1938715.284161539,1.938715
2026-06-28T17:46:42,dl,cu_cp1,1502443,433741.75964917836,0.433742
2026-06-28T17:46:42,dl,cu_up1,1502470,619631.0748414875,0.619631
2026-06-28T17:46:42,dl,cu_cp2,1502499,422807.0855082929,0.422807
2026-06-28T17:46:42,dl,cu_up2,1502507,590471.9679995835,0.590472
2026-06-28T17:46:42,dl,du1,1502669,4734710.381836867,4.734710
2026-06-28T17:46:42,dl,du2,1503457,4778448.933197665,4.778449
2026-06-28T17:46:42,dl,ue1,1502734,1877117.6209247946,1.877118
2026-06-28T17:46:42,dl,ue2,1502746,1960950.134771812,1.960950
2026-06-28T17:46:42,dl,ue3,1502758,1913566.5589282035,1.913567
2026-06-28T17:46:42,dl,ue4,1502770,1953660.231008935,1.953660
2026-06-28T17:46:42,dl,ue5,1503503,1953660.231008935,1.953660
2026-06-28T17:46:42,dl,ue6,1503515,1920856.3174883365,1.920856
2026-06-28T17:46:42,dl,ue7,1503527,1950015.4969316125,1.950015
2026-06-28T17:46:42,dl,ue8,1503539,1906276.8003680706,1.906277
2026-06-28T17:46:48,dl,cu_cp1,1502443,434805.7716501877,0.434806
2026-06-28T17:46:48,dl,cu_up1,1502470,632112.5670270503,0.632113
2026-06-28T17:46:48,dl,cu_cp2,1502499,427498.0990893155,0.427498
2026-06-28T17:46:48,dl,cu_up2,1502507,610189.6220977709,0.610190
2026-06-28T17:46:48,dl,du1,1502669,4746324.979841029,4.746325
2026-06-28T17:46:48,dl,du2,1503457,4823055.59629519,4.823056
2026-06-28T17:46:48,dl,ue1,1502734,1914606.7915416597,1.914607
2026-06-28T17:46:48,dl,ue2,1502746,1969414.353936535,1.969414
2026-06-28T17:46:48,dl,ue3,1502758,1958453.0451669036,1.958453
2026-06-28T17:46:48,dl,ue4,1502770,1973068.172028637,1.973068
2026-06-28T17:46:48,dl,ue5,1503503,1954798.9360614538,1.954799
2026-06-28T17:46:48,dl,ue6,1503515,1921914.7187392116,1.921915
2026-06-28T17:46:48,dl,ue7,1503527,1943837.4817851484,1.943837
2026-06-28T17:46:48,dl,ue8,1503539,1929222.3549234152,1.929222
2026-06-28T17:46:53,dl,cu_cp1,1502443,427344.7132212147,0.427345
2026-06-28T17:46:53,dl,cu_up1,1502470,603530.6981470969,0.603531
2026-06-28T17:46:53,dl,cu_cp2,1502499,423596.0706230745,0.423596
2026-06-28T17:46:53,dl,cu_up2,1502507,596033.4129508164,0.596033
2026-06-28T17:46:53,dl,du1,1502669,4727031.945444711,4.727032
2026-06-28T17:46:53,dl,du2,1503457,4742026.515837271,4.742027
2026-06-28T17:46:53,dl,ue1,1502734,1904307.9784058726,1.904308
2026-06-28T17:46:53,dl,ue2,1502746,1938045.6169979954,1.938046
2026-06-28T17:46:53,dl,ue3,1502758,1930548.4765928544,1.930548
2026-06-28T17:46:53,dl,ue4,1502770,1923051.1913965738,1.923051
2026-06-28T17:46:53,dl,ue5,1503503,1934296.9743998551,1.934297
2026-06-28T17:46:53,dl,ue6,1503515,1885564.7654151714,1.885565
2026-06-28T17:46:53,dl,ue7,1503527,1904307.9784058726,1.904308
2026-06-28T17:46:53,dl,ue8,1503539,1904307.9784058726,1.904308
2026-06-28T17:46:59,dl,cu_cp1,1502443,424397.775205642,0.424398
2026-06-28T17:46:59,dl,cu_up1,1502470,606282.5151647807,0.606283
2026-06-28T17:46:59,dl,cu_cp2,1502499,428439.65183126926,0.428440
2026-06-28T17:46:59,dl,cu_up2,1502507,590115.0086622715,0.590115
2026-06-28T17:46:59,dl,du1,1502669,4813883.012833166,4.813883
2026-06-28T17:46:59,dl,du2,1503457,4716877.973818111,4.716878
2026-06-28T17:46:59,dl,ue1,1502734,1952229.6929944754,1.952230
2026-06-28T17:46:59,dl,ue2,1502746,1976480.952748239,1.976481
2026-06-28T17:46:59,dl,ue3,1502758,2024983.4722557664,2.024983
2026-06-28T17:46:59,dl,ue4,1502770,2041151.124661231,2.041151
2026-06-28T17:46:59,dl,ue5,1503503,1956271.6425715804,1.956272
2026-06-28T17:46:59,dl,ue6,1503515,1911810.9267382026,1.911811
2026-06-28T17:46:59,dl,ue7,1503527,1964355.395822835,1.964355
2026-06-28T17:46:59,dl,ue8,1503539,1948187.7434173704,1.948188
2026-06-28T17:47:04,dl,cu_cp1,1502443,434690.72321801126,0.434691
2026-06-28T17:47:04,dl,cu_up1,1502470,625629.6164825106,0.625630
2026-06-28T17:47:04,dl,cu_cp2,1502499,430628.20368217287,0.430628
2026-06-28T17:47:04,dl,cu_up2,1502507,609379.5383391571,0.609380
2026-06-28T17:47:04,dl,du1,1502669,4805972.816800795,4.805973
2026-06-28T17:47:04,dl,du2,1503457,4935974.026661587,4.935974
2026-06-28T17:47:04,dl,ue1,1502734,1917514.1909844065,1.917514
2026-06-28T17:47:04,dl,ue2,1502746,1986577.0961829042,1.986577
2026-06-28T17:47:04,dl,ue3,1502758,1982514.7959148025,1.982515
2026-06-28T17:47:04,dl,ue4,1502770,1994702.135254581,1.994702
2026-06-28T17:47:04,dl,ue5,1503503,1974389.4644861436,1.974389
2026-06-28T17:47:04,dl,ue6,1503515,1945951.7546460296,1.945952
2026-06-28T17:47:04,dl,ue7,1503527,1974389.4644861436,1.974389
2026-06-28T17:47:04,dl,ue8,1503539,2019077.3986481023,2.019077
2026-06-28T17:47:10,dl,cu_cp1,1502443,433879.1673636556,0.433879
2026-06-28T17:47:10,dl,cu_up1,1502470,614662.141675061,0.614662
2026-06-28T17:47:10,dl,cu_cp2,1502499,425844.37737145723,0.425844
2026-06-28T17:47:10,dl,cu_up2,1502507,590557.7354281128,0.590558
2026-06-28T17:47:10,dl,du1,1502669,4744549.275514459,4.744549
2026-06-28T17:47:10,dl,du2,1503457,4804810.29113183,4.804810
2026-06-28T17:47:10,dl,ue1,1502734,1852021.3963691473,1.852021
2026-06-28T17:47:10,dl,ue2,1502746,1952456.1805957437,1.952456
2026-06-28T17:47:10,dl,ue3,1502758,1944421.4268738986,1.944421
2026-06-28T17:47:10,dl,ue4,1502770,1928351.9194302082,1.928352
2026-06-28T17:47:10,dl,ue5,1503503,1948438.8762755275,1.948439
2026-06-28T17:47:10,dl,ue6,1503515,1888177.860658157,1.888178
2026-06-28T17:47:10,dl,ue7,1503527,1924334.4700285792,1.924334
2026-06-28T17:47:10,dl,ue8,1503539,1904247.5131832599,1.904248
2026-06-28T17:47:15,dl,cu_cp1,1502443,430454.61917281983,0.430455
2026-06-28T17:47:15,dl,cu_up1,1502470,603441.0600110113,0.603441
2026-06-28T17:47:15,dl,cu_cp2,1502499,426431.6896778512,0.426432
2026-06-28T17:47:15,dl,cu_up2,1502507,599418.0941656935,0.599418
2026-06-28T17:47:15,dl,du1,1502669,4747069.744787321,4.747070
2026-06-28T17:47:15,dl,du2,1503457,4751093.001435433,4.751093
2026-06-28T17:47:15,dl,ue1,1502734,1874690.3064049769,1.874690
2026-06-28T17:47:15,dl,ue2,1502746,1947103.2554165078,1.947103
2026-06-28T17:47:15,dl,ue3,1502758,1914919.528653965,1.914920
2026-06-28T17:47:15,dl,ue4,1502770,1963194.8279949855,1.963195
2026-06-28T17:47:15,dl,ue5,1503503,1955148.8963043499,1.955149
2026-06-28T17:47:15,dl,ue6,1503515,1878713.126848898,1.878713
2026-06-28T17:47:15,dl,ue7,1503527,1943080.1441697932,1.943080
2026-06-28T17:47:15,dl,ue8,1503539,1922965.4603446007,1.922965
2026-06-28T17:47:21,dl,cu_cp1,1502443,438180.14030147373,0.438180
2026-06-28T17:47:21,dl,cu_up1,1502470,610015.4680361528,0.610015
2026-06-28T17:47:21,dl,cu_cp2,1502499,438180.14030147373,0.438180
2026-06-28T17:47:21,dl,cu_up2,1502507,618607.2526155674,0.618607
2026-06-28T17:47:21,dl,du1,1502669,4794206.26234869,4.794206
2026-06-28T17:47:21,dl,du2,1503457,4794206.26234869,4.794206
2026-06-28T17:47:21,dl,ue1,1502734,1864413.5788114786,1.864414
2026-06-28T17:47:21,dl,ue2,1502746,1976106.4508756162,1.976106
2026-06-28T17:47:21,dl,ue3,1502758,1941739.4580994034,1.941739
2026-06-28T17:47:21,dl,ue4,1502770,1967514.8482230091,1.967515
2026-06-28T17:47:21,dl,ue5,1503503,1958923.1000289558,1.958923
2026-06-28T17:47:21,dl,ue6,1503515,1941739.4580994034,1.941739
2026-06-28T17:47:21,dl,ue7,1503527,1915964.213517244,1.915964
2026-06-28T17:47:21,dl,ue8,1503539,1890188.8233936382,1.890189
2026-06-28T17:47:26,dl,cu_cp1,1502443,435749.7532912764,0.435750
2026-06-28T17:47:26,dl,cu_up1,1502470,590370.6311514307,0.590371
2026-06-28T17:47:26,dl,cu_cp2,1502499,428721.49694934994,0.428721
2026-06-28T17:47:26,dl,cu_up2,1502507,590370.6311514307,0.590371
2026-06-28T17:47:26,dl,du1,1502669,4694852.023843739,4.694852
2026-06-28T17:47:26,dl,du2,1503457,4722965.049211445,4.722965
2026-06-28T17:47:26,dl,ue1,1502734,1869506.9019271838,1.869507
2026-06-28T17:47:26,dl,ue2,1502746,1939789.1751894092,1.939789
2026-06-28T17:47:26,dl,ue3,1502758,1904647.9660190367,1.904648
2026-06-28T17:47:26,dl,ue4,1502770,1932760.9913867426,1.932761
2026-06-28T17:47:26,dl,ue5,1503503,1932760.9913867426,1.932761
2026-06-28T17:47:26,dl,ue6,1503515,1883563.414611037,1.883563
2026-06-28T17:47:26,dl,ue7,1503527,1932760.9913867426,1.932761
2026-06-28T17:47:26,dl,ue8,1503539,1890591.453335184,1.890591
2026-06-28T17:47:32,dl,cu_cp1,1502443,423899.4007702175,0.423899
2026-06-28T17:47:32,dl,cu_up1,1502470,599514.8206546152,0.599515
2026-06-28T17:47:32,dl,cu_cp2,1502499,448122.20604142605,0.448122
2026-06-28T17:47:32,dl,cu_up2,1502507,587403.4361674854,0.587403
2026-06-28T17:47:32,dl,du1,1502669,4687116.213743601,4.687116
2026-06-28T17:47:32,dl,du2,1503457,4814285.623819142,4.814286
2026-06-28T17:47:32,dl,ue1,1502734,1895435.8282364763,1.895436
2026-06-28T17:47:32,dl,ue2,1502746,1949937.1491709328,1.949937
2026-06-28T17:47:32,dl,ue3,1502758,1925714.4527905714,1.925714
2026-06-28T17:47:32,dl,ue4,1502770,1943881.5113727916,1.943882
2026-06-28T17:47:32,dl,ue5,1503503,1955992.9321568704,1.955993
2026-06-28T17:47:32,dl,ue6,1503515,1889380.1904383348,1.889380
2026-06-28T17:47:32,dl,ue7,1503527,1998382.6871194518,1.998383
2026-06-28T17:47:32,dl,ue8,1503539,1889380.1904383348,1.889380
2026-06-28T17:47:37,dl,cu_cp1,1502443,432312.8405231202,0.432313
2026-06-28T17:47:37,dl,cu_up1,1502470,592159.6087422287,0.592160
2026-06-28T17:47:37,dl,cu_cp2,1502499,428679.9726107657,0.428680
2026-06-28T17:47:37,dl,cu_up2,1502507,592159.6087422287,0.592160
2026-06-28T17:47:37,dl,du1,1502669,4719112.38535718,4.719112
2026-06-28T17:47:37,dl,du2,1503457,4806301.2152536865,4.806301
2026-06-28T17:47:37,dl,ue1,1502734,1838237.8345197486,1.838238
2026-06-28T17:47:37,dl,ue2,1502746,1907262.4698733615,1.907262
2026-06-28T17:47:37,dl,ue3,1502758,1852769.3061691665,1.852769
2026-06-28T17:47:37,dl,ue4,1502770,1776478.7899719668,1.776479
2026-06-28T17:47:37,dl,ue5,1503503,1914528.3507169485,1.914528
2026-06-28T17:47:37,dl,ue6,1503515,1914528.3507169485,1.914528
2026-06-28T17:47:37,dl,ue7,1503527,1958122.91068408,1.958123
2026-06-28T17:47:37,dl,ue8,1503539,1965388.501489911,1.965389
2026-06-28T17:47:43,dl,cu_cp1,1502443,428869.33238576143,0.428869
2026-06-28T17:47:43,dl,cu_up1,1502470,585152.190734677,0.585152
2026-06-28T17:47:43,dl,cu_cp2,1502499,428869.33238576143,0.428869
2026-06-28T17:47:43,dl,cu_up2,1502507,596055.6468079233,0.596056
2026-06-28T17:47:43,dl,du1,1502669,4612162.316114471,4.612162
2026-06-28T17:47:43,dl,du2,1503457,4706659.055758753,4.706659
2026-06-28T17:47:43,dl,ue1,1502734,1919008.5577141023,1.919009
2026-06-28T17:47:43,dl,ue2,1502746,1991698.3130062032,1.991698
2026-06-28T17:47:43,dl,ue3,1502758,1980794.6764187359,1.980795
2026-06-28T17:47:43,dl,ue4,1502770,1388373.5751399684,1.388374
2026-06-28T17:47:43,dl,ue5,1503503,1919008.5577141023,1.919009
2026-06-28T17:47:43,dl,ue6,1503515,1904470.6644202329,1.904471
2026-06-28T17:47:43,dl,ue7,1503527,1940815.3976549066,1.940815
2026-06-28T17:47:43,dl,ue8,1503539,1900835.9744797004,1.900836
2026-06-28T17:47:48,dl,cu_cp1,1502443,429204.61781642673,0.429205
2026-06-28T17:47:48,dl,cu_up1,1502470,603796.2937034762,0.603796
2026-06-28T17:47:48,dl,cu_cp2,1502499,429204.61781642673,0.429205
2026-06-28T17:47:48,dl,cu_up2,1502507,592884.3455619436,0.592884
2026-06-28T17:47:48,dl,du1,1502669,4593944.43336369,4.593944
2026-06-28T17:47:48,dl,du2,1503457,4764898.588546825,4.764899
2026-06-28T17:47:48,dl,ue1,1502734,2044177.9989885306,2.044178
2026-06-28T17:47:48,dl,ue2,1502746,2091463.0955632066,2.091463
2026-06-28T17:47:48,dl,ue3,1502758,2076913.879529023,2.076914
2026-06-28T17:47:48,dl,ue4,1502770,1374909.7275087,1.374910
2026-06-28T17:47:48,dl,ue5,1503503,1945970.0684398937,1.945970
2026-06-28T17:47:48,dl,ue6,1503515,1891410.2193845464,1.891410
2026-06-28T17:47:48,dl,ue7,1503527,1913234.0434358215,1.913234
2026-06-28T17:47:48,dl,ue8,1503539,1935058.0119506763,1.935058
2026-06-28T17:47:54,dl,cu_cp1,1502443,437507.32578371046,0.437507
2026-06-28T17:47:54,dl,cu_up1,1502470,601572.5412491226,0.601573
2026-06-28T17:47:54,dl,cu_cp2,1502499,433601.0223446083,0.433601
2026-06-28T17:47:54,dl,cu_up2,1502507,585947.3274927139,0.585947
2026-06-28T17:47:54,dl,du1,1502669,4671953.406185303,4.671953
2026-06-28T17:47:54,dl,du2,1503457,4722735.495823822,4.722735
2026-06-28T17:47:54,dl,ue1,1502734,2043002.9306486512,2.043003
2026-06-28T17:47:54,dl,ue2,1502746,2140660.8064865875,2.140661
2026-06-28T17:47:54,dl,ue3,1502758,2105503.930604477,2.105504
2026-06-28T17:47:54,dl,ue4,1502770,1371116.7101004028,1.371117
2026-06-28T17:47:54,dl,ue5,1503503,1933626.2894235991,1.933626
2026-06-28T17:47:54,dl,ue6,1503515,1886750.358293991,1.886750
2026-06-28T17:47:54,dl,ue7,1503527,1933626.2894235991,1.933626
2026-06-28T17:47:54,dl,ue8,1503539,1910188.3238587952,1.910188
2026-06-28T17:47:59,dl,cu_cp1,1502443,433516.4197996277,0.433516
2026-06-28T17:47:59,dl,cu_up1,1502470,610134.1828094923,0.610134
2026-06-28T17:47:59,dl,cu_cp2,1502499,437530.47719524207,0.437530
2026-06-28T17:47:59,dl,cu_up2,1502507,598092.0832319033,0.598092
2026-06-28T17:47:59,dl,du1,1502669,4523824.314716119,4.523824
2026-06-28T17:47:59,dl,du2,1503457,4824877.094592862,4.824877
2026-06-28T17:47:59,dl,ue1,1502734,2039132.879517138,2.039133
2026-06-28T17:47:59,dl,ue2,1502746,2099343.3774050833,2.099343
2026-06-28T17:47:59,dl,ue3,1502758,2099343.3774050833,2.099343
2026-06-28T17:47:59,dl,ue4,1502770,1372801.9657782984,1.372802
2026-06-28T17:47:59,dl,ue5,1503503,1974908.106405816,1.974908
2026-06-28T17:47:59,dl,ue6,1503515,1910683.4785130024,1.910683
2026-06-28T17:47:59,dl,ue7,1503527,1910683.4785130024,1.910683
2026-06-28T17:47:59,dl,ue8,1503539,1910683.4785130024,1.910683
2026-06-28T17:48:05,dl,cu_cp1,1502443,433155.3410141039,0.433155
2026-06-28T17:48:05,dl,cu_up1,1502470,597593.965461061,0.597594
2026-06-28T17:48:05,dl,cu_cp2,1502499,429144.6701952708,0.429145
2026-06-28T17:48:05,dl,cu_up2,1502507,609626.0863893151,0.609626
2026-06-28T17:48:05,dl,du1,1502669,4540109.594381418,4.540110
2026-06-28T17:48:05,dl,du2,1503457,4804815.676286983,4.804816
2026-06-28T17:48:05,dl,ue1,1502734,2049466.4920220757,2.049466
2026-06-28T17:48:05,dl,ue2,1502746,2089573.4171539163,2.089573
2026-06-28T17:48:05,dl,ue3,1502758,2061498.7575793362,2.061499
2026-06-28T17:48:05,dl,ue4,1502770,1375669.3109589147,1.375669
2026-06-28T17:48:05,dl,ue5,1503503,1949198.9622489642,1.949199
2026-06-28T17:48:05,dl,ue6,1503515,1909092.0371171236,1.909092
2026-06-28T17:48:05,dl,ue7,1503527,1917113.5956982994,1.917114
2026-06-28T17:48:05,dl,ue8,1503539,1897060.060817876,1.897060
2026-06-28T17:48:10,dl,cu_cp1,1502443,433281.7254383397,0.433282
2026-06-28T17:48:10,dl,cu_up1,1502470,613815.7777043146,0.613816
2026-06-28T17:48:10,dl,cu_cp2,1502499,425257.9857655552,0.425258
2026-06-28T17:48:10,dl,cu_up2,1502507,593756.4465966886,0.593756
2026-06-28T17:48:10,dl,du1,1502669,4557481.531437316,4.557482
2026-06-28T17:48:10,dl,du2,1503457,4802205.717977591,4.802206
2026-06-28T17:48:10,dl,ue1,1502734,2038028.7924271463,2.038029
2026-06-28T17:48:10,dl,ue2,1502746,2102218.7098094225,2.102219
2026-06-28T17:48:10,dl,ue3,1502758,2098206.930344707,2.098207
2026-06-28T17:48:10,dl,ue4,1502770,1347987.542054385,1.347988
2026-06-28T17:48:10,dl,ue5,1503503,1929708.4333649026,1.929708
2026-06-28T17:48:10,dl,ue6,1503515,1909649.102257277,1.909649
2026-06-28T17:48:10,dl,ue7,1503527,1909649.102257277,1.909649
2026-06-28T17:48:10,dl,ue8,1503539,1929708.4333649026,1.929708
2026-06-28T17:48:15,dl,cu_cp1,1502443,440941.73327914777,0.440942
2026-06-28T17:48:15,dl,cu_up1,1502470,609813.0068511558,0.609813
2026-06-28T17:48:15,dl,cu_cp2,1502499,440941.73327914777,0.440942
2026-06-28T17:48:15,dl,cu_up2,1502507,572286.0893880737,0.572286
2026-06-28T17:48:15,dl,du1,1502669,4606434.102560592,4.606434
2026-06-28T17:48:15,dl,du2,1503457,4765923.664890346,4.765924
2026-06-28T17:48:15,dl,ue1,1502734,2045219.212807088,2.045219
2026-06-28T17:48:15,dl,ue2,1502746,2045219.212807088,2.045219
2026-06-28T17:48:15,dl,ue3,1502758,2092127.8052653885,2.092128
2026-06-28T17:48:15,dl,ue4,1502770,1360352.0810534908,1.360352
2026-06-28T17:48:15,dl,ue5,1503503,1923256.4954463458,1.923256
2026-06-28T17:48:15,dl,ue6,1503515,1913874.747957058,1.913875
2026-06-28T17:48:15,dl,ue7,1503527,1895111.2529784823,1.895111
2026-06-28T17:48:15,dl,ue8,1503539,1895111.2529784823,1.895111
2026-06-28T17:48:21,dl,cu_cp1,1502443,436484.022868678,0.436484
2026-06-28T17:48:21,dl,cu_up1,1502470,604951.5698538006,0.604952
2026-06-28T17:48:21,dl,cu_cp2,1502499,444141.6187785819,0.444142
2026-06-28T17:48:21,dl,cu_up2,1502507,597293.9375299603,0.597294
2026-06-28T17:48:21,dl,du1,1502669,4663487.379521442,4.663487
2026-06-28T17:48:21,dl,du2,1503457,4893215.620957923,4.893216
2026-06-28T17:48:21,dl,ue1,1502734,2006295.0078622997,2.006295
2026-06-28T17:48:21,dl,ue2,1502746,2105843.86393286,2.105844
2026-06-28T17:48:21,dl,ue3,1502758,2105843.86393286,2.105844
2026-06-28T17:48:21,dl,ue4,1502770,1393685.8785125315,1.393686
2026-06-28T17:48:21,dl,ue5,1503503,1945034.0949273228,1.945034
2026-06-28T17:48:21,dl,ue6,1503515,1929718.8302796423,1.929719
2026-06-28T17:48:21,dl,ue7,1503527,1960349.2139192582,1.960349
2026-06-28T17:48:21,dl,ue8,1503539,2052240.8018053412,2.052241
2026-06-28T17:48:26,dl,cu_cp1,1502443,427190.65060453204,0.427191
2026-06-28T17:48:26,dl,cu_up1,1502470,612094.0568250865,0.612094
2026-06-28T17:48:26,dl,cu_cp2,1502499,433566.6326226902,0.433567
2026-06-28T17:48:26,dl,cu_up2,1502507,586590.128752454,0.586590
2026-06-28T17:48:26,dl,du1,1502669,4679969.138289346,4.679969
2026-06-28T17:48:26,dl,du2,1503457,4801112.688175304,4.801113
2026-06-28T17:48:26,dl,ue1,1502734,2021185.6851548613,2.021186
2026-06-28T17:48:26,dl,ue2,1502746,2065817.4508229208,2.065817
2026-06-28T17:48:26,dl,ue3,1502758,2084945.288418348,2.084945
2026-06-28T17:48:26,dl,ue4,1502770,1370835.736220826,1.370836
2026-06-28T17:48:26,dl,ue5,1503503,1957425.7926672483,1.957426
2026-06-28T17:48:26,dl,ue6,1503515,1887289.9543144929,1.887290
2026-06-28T17:48:26,dl,ue7,1503527,1906417.9365219832,1.906418
2026-06-28T17:48:26,dl,ue8,1503539,1900042.135268904,1.900042
2026-06-28T17:48:32,dl,cu_cp1,1502443,434497.3427037612,0.434497
2026-06-28T17:48:32,dl,cu_up1,1502470,606105.5646344945,0.606106
2026-06-28T17:48:32,dl,cu_cp2,1502499,427194.86208601145,0.427195
2026-06-28T17:48:32,dl,cu_up2,1502507,598803.0840167447,0.598803
2026-06-28T17:48:32,dl,du1,1502669,4640723.964642858,4.640724
2026-06-28T17:48:32,dl,du2,1503457,4801377.957542276,4.801378
2026-06-28T17:48:32,dl,ue1,1502734,2044693.4115877629,2.044693
2026-06-28T17:48:32,dl,ue2,1502746,2070251.9485771179,2.070252
2026-06-28T17:48:32,dl,ue3,1502758,2062949.4679593681,2.062949
2026-06-28T17:48:32,dl,ue4,1502770,1380168.1108908474,1.380168
2026-06-28T17:48:32,dl,ue5,1503503,1913248.7604682683,1.913249
2026-06-28T17:48:32,dl,ue6,1503515,1913248.7604682683,1.913249
2026-06-28T17:48:32,dl,ue7,1503527,1913248.7604682683,1.913249
2026-06-28T17:48:32,dl,ue8,1503539,1924202.481394893,1.924202
2026-06-28T17:48:37,dl,cu_cp1,1502443,424630.71955605625,0.424631
2026-06-28T17:48:37,dl,cu_up1,1502470,584320.8849269163,0.584321
2026-06-28T17:48:37,dl,cu_cp2,1502499,431889.3371629608,0.431889
2026-06-28T17:48:37,dl,cu_up2,1502507,587950.2298565537,0.587950
2026-06-28T17:48:37,dl,du1,1502669,4569316.762853365,4.569317
2026-06-28T17:48:37,dl,du2,1503457,4699972.457796607,4.699972
2026-06-28T17:48:37,dl,ue1,1502734,1992497.9750894094,1.992498
2026-06-28T17:48:37,dl,ue2,1502746,2079601.5308770037,2.079602
2026-06-28T17:48:37,dl,ue3,1502758,2086860.2929886484,2.086860
2026-06-28T17:48:37,dl,ue4,1502770,1371883.78537086,1.371884
2026-06-28T17:48:37,dl,ue5,1503503,1927170.1276177883,1.927170
2026-06-28T17:48:37,dl,ue6,1503515,1901764.7492365122,1.901765
2026-06-28T17:48:37,dl,ue7,1503527,1898135.51268543,1.898136
2026-06-28T17:48:37,dl,ue8,1503539,1890876.8950785256,1.890877
2026-06-28T17:48:43,dl,cu_cp1,1502443,427699.1097664404,0.427699
2026-06-28T17:48:43,dl,cu_up1,1502470,606820.9544928693,0.606821
2026-06-28T17:48:43,dl,cu_cp2,1502499,438665.7340222788,0.438666
2026-06-28T17:48:43,dl,cu_up2,1502507,592198.7645711565,0.592199
2026-06-28T17:48:43,dl,du1,1502669,4697379.039728203,4.697379
2026-06-28T17:48:43,dl,du2,1503457,4792423.456073799,4.792423
2026-06-28T17:48:43,dl,ue1,1502734,2021517.7748622512,2.021518
2026-06-28T17:48:43,dl,ue2,1502746,2076351.1143667984,2.076351
2026-06-28T17:48:43,dl,ue3,1502758,2087317.8113644219,2.087318
2026-06-28T17:48:43,dl,ue4,1502770,1385452.6951222038,1.385453
2026-06-28T17:48:43,dl,ue5,1503503,1955718.174810791,1.955718
2026-06-28T17:48:43,dl,ue6,1503515,1911851.3868202972,1.911851
2026-06-28T17:48:43,dl,ue7,1503527,1926473.6494837953,1.926474
2026-06-28T17:48:43,dl,ue8,1503539,1966684.5808412742,1.966685
2026-06-28T17:48:48,dl,cu_cp1,1502443,435987.0921396977,0.435987
2026-06-28T17:48:48,dl,cu_up1,1502470,610381.9508170784,0.610382
2026-06-28T17:48:48,dl,cu_cp2,1502499,428404.70223600685,0.428405
2026-06-28T17:48:48,dl,cu_up2,1502507,591425.939688682,0.591426
2026-06-28T17:48:48,dl,du1,1502669,4689704.882207527,4.689705
2026-06-28T17:48:48,dl,du2,1503457,4803440.294332857,4.803440
2026-06-28T17:48:48,dl,ue1,1502734,2043452.4060628843,2.043452
2026-06-28T17:48:48,dl,ue2,1502746,2096529.13538872,2.096529
2026-06-28T17:48:48,dl,ue3,1502758,2111694.060672779,2.111694
2026-06-28T17:48:48,dl,ue4,1502770,1406532.2360595656,1.406532
2026-06-28T17:48:48,dl,ue5,1503503,1948672.8959584427,1.948673
2026-06-28T17:48:48,dl,ue6,1503515,1918343.1908670021,1.918343
2026-06-28T17:48:48,dl,ue7,1503527,1937299.0928878903,1.937299
2026-06-28T17:48:48,dl,ue8,1503539,1948672.8959584427,1.948673
2026-06-28T17:48:54,dl,cu_cp1,1502443,433325.0248071599,0.433325
2026-06-28T17:48:54,dl,cu_up1,1502470,613877.1184768098,0.613877
2026-06-28T17:48:54,dl,cu_cp2,1502499,429312.7681571379,0.429313
2026-06-28T17:48:54,dl,cu_up2,1502507,605852.5688821885,0.605853
2026-06-28T17:48:54,dl,du1,1502669,4549912.61529687,4.549913
2026-06-28T17:48:54,dl,du2,1503457,4782624.444657156,4.782624
2026-06-28T17:48:54,dl,ue1,1502734,2046256.9164110564,2.046257
2026-06-28T17:48:54,dl,ue2,1502746,2090392.13880165,2.090392
2026-06-28T17:48:54,dl,ue3,1502758,2094404.2865679394,2.094404
2026-06-28T17:48:54,dl,ue4,1502770,1372195.9118893398,1.372196
2026-06-28T17:48:54,dl,ue5,1503503,1957987.1975214183,1.957987
2026-06-28T17:48:54,dl,ue6,1503515,1893790.8007644475,1.893791
2026-06-28T17:48:54,dl,ue7,1503527,1945950.31868762,1.945950
2026-06-28T17:48:54,dl,ue8,1503539,1945950.31868762,1.945950
2026-06-28T17:48:59,dl,cu_cp1,1502443,430133.3858752823,0.430133
2026-06-28T17:48:59,dl,cu_up1,1502470,611030.5690456772,0.611031
2026-06-28T17:48:59,dl,cu_cp2,1502499,430133.3858752823,0.430133
2026-06-28T17:48:59,dl,cu_up2,1502507,590930.9021397543,0.590931
2026-06-28T17:48:59,dl,du1,1502669,4598809.233069191,4.598809
2026-06-28T17:48:59,dl,du2,1503457,4675188.017996483,4.675188
2026-06-28T17:48:59,dl,ue1,1502734,2038108.7657405091,2.038109
2026-06-28T17:48:59,dl,ue2,1502746,2082328.05465559,2.082328
2026-06-28T17:48:59,dl,ue3,1502758,2070268.26175272,2.070268
2026-06-28T17:48:59,dl,ue4,1502770,1382858.7629660796,1.382859
2026-06-28T17:48:59,dl,ue5,1503503,1949670.187910347,1.949670
2026-06-28T17:48:59,dl,ue6,1503515,1897410.8439751244,1.897411
2026-06-28T17:48:59,dl,ue7,1503527,1925550.4572909356,1.925550
2026-06-28T17:48:59,dl,ue8,1503539,1881331.0235621834,1.881331
2026-06-28T17:49:05,dl,cu_cp1,1502443,438266.4369603917,0.438266
2026-06-28T17:49:05,dl,cu_up1,1502470,619202.1485614628,0.619202
2026-06-28T17:49:05,dl,cu_cp2,1502499,426204.06827573327,0.426204
2026-06-28T17:49:05,dl,cu_up2,1502507,587035.7716253087,0.587036
2026-06-28T17:49:05,dl,du1,1502669,4664119.7598000765,4.664120
2026-06-28T17:49:05,dl,du2,1503457,4744536.228000927,4.744536
2026-06-28T17:49:05,dl,ue1,1502734,2026479.6798020839,2.026480
2026-06-28T17:49:05,dl,ue2,1502746,2098853.891910034,2.098854
2026-06-28T17:49:05,dl,ue3,1502758,2135041.0704964874,2.135041
2026-06-28T17:49:05,dl,ue4,1502770,1371090.425186646,1.371090
2026-06-28T17:49:05,dl,ue5,1503503,1950084.7023100734,1.950085
2026-06-28T17:49:05,dl,ue6,1503515,1901835.082506484,1.901835
2026-06-28T17:49:05,dl,ue7,1503527,1929980.7303248167,1.929981
2026-06-28T17:49:05,dl,ue8,1503539,1889772.7863543034,1.889773
2026-06-28T17:49:10,dl,cu_cp1,1502443,435494.2726518482,0.435494
2026-06-28T17:49:10,dl,cu_up1,1502470,612917.8140661711,0.612918
2026-06-28T17:49:10,dl,cu_cp2,1502499,419364.8201505381,0.419365
2026-06-28T17:49:10,dl,cu_up2,1502507,584691.3812139004,0.584691
2026-06-28T17:49:10,dl,du1,1502669,4685595.703278511,4.685596
2026-06-28T17:49:10,dl,du2,1503457,4798501.434687593,4.798501
2026-06-28T17:49:10,dl,ue1,1502734,2048435.9612988043,2.048436
2026-06-28T17:49:10,dl,ue2,1502746,2104888.8270033454,2.104889
2026-06-28T17:49:10,dl,ue3,1502758,2141180.0587896192,2.141180
2026-06-28T17:49:10,dl,ue4,1502770,1371000.4099107408,1.371000
2026-06-28T17:49:10,dl,ue5,1503503,1971821.0255759072,1.971821
2026-06-28T17:49:10,dl,ue6,1503515,1895206.5259530984,1.895207
2026-06-28T17:49:10,dl,ue7,1503527,1943594.7380903328,1.943595
2026-06-28T17:49:10,dl,ue8,1503539,1923432.813438673,1.923433
2026-06-28T17:49:16,dl,cu_cp1,1502443,422875.2304868764,0.422875
2026-06-28T17:49:16,dl,cu_up1,1502470,600482.833807345,0.600483
2026-06-28T17:49:16,dl,cu_cp2,1502499,422875.2304868764,0.422875
2026-06-28T17:49:16,dl,cu_up2,1502507,592025.3082016701,0.592025
2026-06-28T17:49:16,dl,du1,1502669,4541680.173080463,4.541680
2026-06-28T17:49:16,dl,du2,1503457,4736202.4656133605,4.736202
2026-06-28T17:49:16,dl,ue1,1502734,2046716.1285884427,2.046716
2026-06-28T17:49:16,dl,ue2,1502746,2089003.6842170334,2.089004
2026-06-28T17:49:16,dl,ue3,1502758,2063631.1797997928,2.063631
2026-06-28T17:49:16,dl,ue4,1502770,1378573.2709351587,1.378573
2026-06-28T17:49:16,dl,ue5,1503503,1936768.6577135897,1.936769
2026-06-28T17:49:16,dl,ue6,1503515,1894481.102084999,1.894481
2026-06-28T17:49:16,dl,ue7,1503527,1936768.6577135897,1.936769
2026-06-28T17:49:16,dl,ue8,1503539,1886023.5040795398,1.886024
2026-06-28T17:49:21,dl,cu_cp1,1502443,431047.36332002166,0.431047
2026-06-28T17:49:21,dl,cu_up1,1502470,618761.5242049027,0.618762
2026-06-28T17:49:21,dl,cu_cp2,1502499,431047.36332002166,0.431047
2026-06-28T17:49:21,dl,cu_up2,1502507,597904.3790867185,0.597904
2026-06-28T17:49:21,dl,du1,1502669,4651140.058537903,4.651140
2026-06-28T17:49:21,dl,du2,1503457,4727616.172616959,4.727616
2026-06-28T17:49:21,dl,ue1,1502734,2023141.588381405,2.023142
2026-06-28T17:49:21,dl,ue2,1502746,2085712.9148518753,2.085713
2026-06-28T17:49:21,dl,ue3,1502758,2078760.7388157463,2.078761
2026-06-28T17:49:21,dl,ue4,1502770,1376570.6341381073,1.376571
2026-06-28T17:49:21,dl,ue5,1503503,1939713.1530874444,1.939713
2026-06-28T17:49:21,dl,ue6,1503515,1891046.4690467834,1.891046
2026-06-28T17:49:21,dl,ue7,1503527,1932760.6866937638,1.932761
2026-06-28T17:49:21,dl,ue8,1503539,1946665.4743023491,1.946665
2026-06-28T17:49:27,dl,cu_cp1,1502443,433988.3478273547,0.433988
2026-06-28T17:49:27,dl,cu_up1,1502470,618284.8331906986,0.618285
2026-06-28T17:49:27,dl,cu_cp2,1502499,428043.30694195867,0.428043
2026-06-28T17:49:27,dl,cu_up2,1502507,612339.7196666134,0.612340
2026-06-28T17:49:27,dl,du1,1502669,4637135.958375483,4.637136
2026-06-28T17:49:27,dl,du2,1503457,4720366.530771026,4.720367
2026-06-28T17:49:27,dl,ue1,1502734,2033205.726133976,2.033206
2026-06-28T17:49:27,dl,ue2,1502746,2092656.1349879361,2.092656
2026-06-28T17:49:27,dl,ue3,1502758,2086711.09410254,2.086711
2026-06-28T17:49:27,dl,ue4,1502770,1373305.6067455052,1.373306
2026-06-28T17:49:27,dl,ue5,1503503,1944030.112853036,1.944030
2026-06-28T17:49:27,dl,ue6,1503515,1908359.7222632812,1.908360
2026-06-28T17:49:27,dl,ue7,1503527,1896469.6404924893,1.896470
2026-06-28T17:49:27,dl,ue8,1503539,1949975.1537384319,1.949975
2026-06-28T17:49:32,dl,cu_cp1,1502443,428402.9839414763,0.428403
2026-06-28T17:49:32,dl,cu_up1,1502470,604158.0103714037,0.604158
2026-06-28T17:49:32,dl,cu_cp2,1502499,432064.52953517676,0.432065
2026-06-28T17:49:32,dl,cu_up2,1502507,615142.7200161838,0.615143
2026-06-28T17:49:32,dl,du1,1502669,4672155.202484264,4.672155
2026-06-28T17:49:32,dl,du2,1503457,4782002.153204708,4.782002
2026-06-28T17:49:32,dl,ue1,1502734,2061460.3701683807,2.061460
2026-06-28T17:49:32,dl,ue2,1502746,2083429.935185299,2.083430
2026-06-28T17:49:32,dl,ue3,1502758,2098075.971832743,2.098076
2026-06-28T17:49:32,dl,ue4,1502770,1376747.9924171735,1.376748
2026-06-28T17:49:32,dl,ue5,1503503,1955274.9650416374,1.955275
2026-06-28T17:49:32,dl,ue6,1503515,1900351.6354087733,1.900352
2026-06-28T17:49:32,dl,ue7,1503527,1925982.6002920342,1.925983
2026-06-28T17:49:32,dl,ue8,1503539,1918659.3633772754,1.918659
2026-06-28T17:49:38,dl,cu_cp1,1502443,431413.5515140766,0.431414
2026-06-28T17:49:38,dl,cu_up1,1502470,603247.7959387001,0.603248
2026-06-28T17:49:38,dl,cu_cp2,1502499,427757.5253888938,0.427758
2026-06-28T17:49:38,dl,cu_up2,1502507,588623.6188278953,0.588624
2026-06-28T17:49:38,dl,du1,1502669,4650491.951739647,4.650492
2026-06-28T17:49:38,dl,du2,1503457,4745548.994044769,4.745549
2026-06-28T17:49:38,dl,ue1,1502734,2025450.0183529914,2.025450
2026-06-28T17:49:38,dl,ue2,1502746,2091258.8516566502,2.091259
2026-06-28T17:49:38,dl,ue3,1502758,2076634.747155919,2.076635
2026-06-28T17:49:38,dl,ue4,1502770,1378329.7273869133,1.378330
2026-06-28T17:49:38,dl,ue5,1503503,1955985.1226191127,1.955985
2026-06-28T17:49:38,dl,ue6,1503515,1879208.1020247948,1.879208
2026-06-28T17:49:38,dl,ue7,1503527,1897488.4141758932,1.897488
2026-06-28T17:49:38,dl,ue8,1503539,1915768.7263269913,1.915769
2026-06-28T17:49:43,dl,cu_cp1,1502443,427522.42606595514,0.427522
2026-06-28T17:49:43,dl,cu_up1,1502470,606570.2990245617,0.606570
2026-06-28T17:49:43,dl,cu_cp2,1502499,431176.45611047687,0.431176
2026-06-28T17:49:43,dl,cu_up2,1502507,606570.2990245617,0.606570
2026-06-28T17:49:43,dl,du1,1502669,4673514.446369333,4.673514
2026-06-28T17:49:43,dl,du2,1503457,4837946.417755513,4.837946
2026-06-28T17:49:43,dl,ue1,1502734,2038953.20982486,2.038953
2026-06-28T17:49:43,dl,ue2,1502746,2122995.864414582,2.122996
2026-06-28T17:49:43,dl,ue3,1502758,2126650.0766304876,2.126650
2026-06-28T17:49:43,dl,ue4,1502770,1384880.4109186863,1.384880
2026-06-28T17:49:43,dl,ue5,1503503,2009720.8237315798,2.009721
2026-06-28T17:49:43,dl,ue6,1503515,1932985.864888134,1.932986
2026-06-28T17:49:43,dl,ue7,1503527,1932985.864888134,1.932986
2026-06-28T17:49:43,dl,ue8,1503539,1929332.0898835491,1.929332
2026-06-28T17:49:49,dl,cu_cp1,1502443,433197.2647108322,0.433197
2026-06-28T17:49:49,dl,cu_up1,1502470,606476.1488643399,0.606476
2026-06-28T17:49:49,dl,cu_cp2,1502499,429259.0959057382,0.429259
2026-06-28T17:49:49,dl,cu_up2,1502507,590723.5098620057,0.590724
2026-06-28T17:49:49,dl,du1,1502669,4623395.907271853,4.623396
2026-06-28T17:49:49,dl,du2,1503457,4761231.634359934,4.761232
2026-06-28T17:49:49,dl,ue1,1502734,2039965.1390994035,2.039965
2026-06-28T17:49:49,dl,ue2,1502746,2095099.4299346365,2.095099
2026-06-28T17:49:49,dl,ue3,1502758,2071470.4895401562,2.071470
2026-06-28T17:49:49,dl,ue4,1502770,1358664.2175547814,1.358664
2026-06-28T17:49:49,dl,ue5,1503503,1933635.052196411,1.933635
2026-06-28T17:49:49,dl,ue6,1503515,1898191.6416046906,1.898192
2026-06-28T17:49:49,dl,ue7,1503527,1910005.9669297624,1.910006
2026-06-28T17:49:49,dl,ue8,1503539,1910005.9669297624,1.910006
2026-06-28T17:49:54,dl,cu_cp1,1502443,429741.95143554447,0.429742
2026-06-28T17:49:54,dl,cu_up1,1502470,614490.8426707817,0.614491
2026-06-28T17:49:54,dl,cu_cp2,1502499,425725.6759229267,0.425726
2026-06-28T17:49:54,dl,cu_up2,1502507,610474.5308823609,0.610475
2026-06-28T17:49:54,dl,du1,1502669,4562493.915843039,4.562494
2026-06-28T17:49:54,dl,du2,1503457,4751258.9737634845,4.751259
2026-06-28T17:49:54,dl,ue1,1502734,2036253.9702728176,2.036254
2026-06-28T17:49:54,dl,ue2,1502746,2084449.421527443,2.084449
2026-06-28T17:49:54,dl,ue3,1502758,2068384.1743737601,2.068384
2026-06-28T17:49:54,dl,ue4,1502770,1369551.4371105956,1.369551
2026-06-28T17:49:54,dl,ue5,1503503,1947895.6913404083,1.947896
2026-06-28T17:49:54,dl,ue6,1503515,1895684.0734005738,1.895684
2026-06-28T17:49:54,dl,ue7,1503527,1935846.9010783576,1.935847
2026-06-28T17:49:54,dl,ue8,1503539,1887651.5949269438,1.887652
2026-06-28T17:50:05,dl,cu_cp1,1502443,436551.76438091754,0.436552
2026-06-28T17:50:05,dl,cu_up1,1502470,616779.5403847581,0.616780
2026-06-28T17:50:05,dl,cu_cp2,1502499,416526.47204913676,0.416526
2026-06-28T17:50:05,dl,cu_up2,1502507,588744.152872937,0.588744
2026-06-28T17:50:05,dl,du1,1502669,4573781.206123824,4.573781
2026-06-28T17:50:05,dl,du2,1503457,4782044.478402846,4.782044
2026-06-28T17:50:05,dl,ue1,1502734,2030566.6871937418,2.030567
2026-06-28T17:50:05,dl,ue2,1502746,2050591.7619988024,2.050592
2026-06-28T17:50:05,dl,ue3,1502758,2062606.9228960895,2.062607
2026-06-28T17:50:05,dl,ue4,1502770,1369731.2426470018,1.369731
2026-06-28T17:50:05,dl,ue5,1503503,1942455.1689054049,1.942455
2026-06-28T17:50:05,dl,ue6,1503515,1902404.5842418433,1.902405
2026-06-28T17:50:05,dl,ue7,1503527,1918424.8471108305,1.918425
2026-06-28T17:50:05,dl,ue8,1503539,1930440.0080081178,1.930440
2026-06-28T17:50:10,dl,cu_cp1,1502443,434636.62549343886,0.434637
2026-06-28T17:50:10,dl,cu_up1,1502470,615735.213399623,0.615735
2026-06-28T17:50:10,dl,cu_cp2,1502499,422563.39597875776,0.422563
2026-06-28T17:50:10,dl,cu_up2,1502507,587564.3082355419,0.587564
2026-06-28T17:50:10,dl,du1,1502669,4563684.531384616,4.563685
2026-06-28T17:50:10,dl,du2,1503457,4801124.857025978,4.801125
2026-06-28T17:50:10,dl,ue1,1502734,2036352.9751885235,2.036353
2026-06-28T17:50:10,dl,ue2,1502746,2104767.942438383,2.104768
2026-06-28T17:50:10,dl,ue3,1502758,2100743.677786124,2.100744
2026-06-28T17:50:10,dl,ue4,1502770,1380373.735999614,1.380374
2026-06-28T17:50:10,dl,ue5,1503503,1955864.778423983,1.955865
2026-06-28T17:50:10,dl,ue6,1503515,1903547.4505270314,1.903547
2026-06-28T17:50:10,dl,ue7,1503527,1959889.18826221,1.959889
2026-06-28T17:50:10,dl,ue8,1503539,1867327.761982988,1.867328
2026-06-28T17:50:16,dl,cu_cp1,1502443,436558.27133720217,0.436558
2026-06-28T17:50:16,dl,cu_up1,1502470,596926.6313757983,0.596927
2026-06-28T17:50:16,dl,cu_cp2,1502499,418739.5766951609,0.418740
2026-06-28T17:50:16,dl,cu_up2,1502507,561289.2420917157,0.561289
2026-06-28T17:50:16,dl,du1,1502669,4481404.553325963,4.481405
2026-06-28T17:50:16,dl,du2,1503457,4784322.434414148,4.784322
2026-06-28T17:50:16,dl,ue1,1502734,1995694.954684353,1.995695
2026-06-28T17:50:16,dl,ue2,1502746,2102607.2668835665,2.102607
2026-06-28T17:50:16,dl,ue3,1502758,2084788.5000680422,2.084789
2026-06-28T17:50:16,dl,ue4,1502770,1380949.6647532547,1.380950
2026-06-28T17:50:16,dl,ue5,1503503,1960057.7097472358,1.960058
2026-06-28T17:50:16,dl,ue6,1503515,1870964.0200165808,1.870964
2026-06-28T17:50:16,dl,ue7,1503527,1942238.9429317117,1.942239
2026-06-28T17:50:16,dl,ue8,1503539,1888782.786832105,1.888783
2026-06-28T17:50:21,dl,cu_cp1,1502443,428175.79691830784,0.428176
2026-06-28T17:50:21,dl,cu_up1,1502470,616863.4638675213,0.616863
2026-06-28T17:50:21,dl,cu_cp2,1502499,420918.57756545127,0.420919
2026-06-28T17:50:21,dl,cu_up2,1502507,602349.0251618081,0.602349
2026-06-28T17:50:21,dl,du1,1502669,4557531.869890938,4.557532
2026-06-28T17:50:21,dl,du2,1503457,4767991.3397989515,4.767991
2026-06-28T17:50:21,dl,ue1,1502734,2032020.5493984604,2.032021
2026-06-28T17:50:21,dl,ue2,1502746,2061049.571710117,2.061050
2026-06-28T17:50:21,dl,ue3,1502758,2090078.4491215432,2.090078
2026-06-28T17:50:21,dl,ue4,1502770,1364356.8036363458,1.364357
2026-06-28T17:50:21,dl,ue5,1503503,1944933.9171641814,1.944934
2026-06-28T17:50:21,dl,ue6,1503515,1908648.0015251862,1.908648
2026-06-28T17:50:21,dl,ue7,1503527,1937677.0238368427,1.937677
2026-06-28T17:50:21,dl,ue8,1503539,1894133.490369358,1.894133
2026-06-28T17:50:27,dl,cu_cp1,1502443,428616.1455315661,0.428616
2026-06-28T17:50:27,dl,cu_up1,1502470,612308.8310905934,0.612309
2026-06-28T17:50:27,dl,cu_cp2,1502499,428616.1455315661,0.428616
2026-06-28T17:50:27,dl,cu_up2,1502507,600062.6109905625,0.600063
2026-06-28T17:50:27,dl,du1,1502669,4555577.645343056,4.555578
2026-06-28T17:50:27,dl,du2,1503457,4818870.435465641,4.818870
2026-06-28T17:50:27,dl,ue1,1502734,2032865.1453078939,2.032865
2026-06-28T17:50:27,dl,ue2,1502746,2087973.0632943343,2.087973
2026-06-28T17:50:27,dl,ue3,1502758,2081849.8807806205,2.081850
2026-06-28T17:50:27,dl,ue4,1502770,1371571.7236719704,1.371572
2026-06-28T17:50:27,dl,ue5,1503503,1934895.8192898368,1.934896
2026-06-28T17:50:27,dl,ue6,1503515,1898157.303917141,1.898157
2026-06-28T17:50:27,dl,ue7,1503527,1947141.894462471,1.947142
2026-06-28T17:50:27,dl,ue8,1503539,1922649.599189806,1.922650
2026-06-28T17:50:32,dl,cu_cp1,1502443,436483.2703357592,0.436483
2026-06-28T17:50:32,dl,cu_up1,1502470,618351.2482964623,0.618351
2026-06-28T17:50:32,dl,cu_cp2,1502499,421933.82195054414,0.421934
2026-06-28T17:50:32,dl,cu_up2,1502507,589252.3877701708,0.589252
2026-06-28T17:50:32,dl,du1,1502669,4572162.442518289,4.572162
2026-06-28T17:50:32,dl,du2,1503457,4684920.567832325,4.684921
2026-06-28T17:50:32,dl,ue1,1502734,2022372.4919297076,2.022372
2026-06-28T17:50:32,dl,ue2,1502746,2073295.5069117523,2.073296
2026-06-28T17:50:32,dl,ue3,1502758,2058746.094770676,2.058746
2026-06-28T17:50:32,dl,ue4,1502770,1382196.907956798,1.382197
2026-06-28T17:50:32,dl,ue5,1503503,1938713.1908978247,1.938713
2026-06-28T17:50:32,dl,ue6,1503515,1873240.7637747037,1.873241
2026-06-28T17:50:32,dl,ue7,1503527,1913251.6834068024,1.913252
2026-06-28T17:50:32,dl,ue8,1503539,1927801.0955478786,1.927801
2026-06-28T17:50:38,dl,cu_cp1,1502443,436920.3046506819,0.436920
2026-06-28T17:50:38,dl,cu_up1,1502470,600765.3962621444,0.600765
2026-06-28T17:50:38,dl,cu_cp2,1502499,422356.2812179005,0.422356
2026-06-28T17:50:38,dl,cu_up2,1502507,582560.4303422886,0.582560
2026-06-28T17:50:38,dl,du1,1502669,4594945.391608897,4.594945
2026-06-28T17:50:38,dl,du2,1503457,4766072.331982438,4.766072
2026-06-28T17:50:38,dl,ue1,1502734,2057166.5083299351,2.057167
2026-06-28T17:50:38,dl,ue2,1502746,2093576.585017923,2.093577
2026-06-28T17:50:38,dl,ue3,1502758,2064448.4657282222,2.064448
2026-06-28T17:50:38,dl,ue4,1502770,1372658.022594384,1.372658
2026-06-28T17:50:38,dl,ue5,1503503,1944295.516839242,1.944296
2026-06-28T17:50:38,dl,ue6,1503515,1875116.4145865475,1.875116
2026-06-28T17:50:38,dl,ue7,1503527,1929731.4571943914,1.929731
2026-06-28T17:50:38,dl,ue8,1503539,1907885.2953029776,1.907885
2026-06-28T17:50:43,dl,cu_cp1,1502443,433318.14751693874,0.433318
2026-06-28T17:50:43,dl,cu_up1,1502470,620599.7188223082,0.620600
2026-06-28T17:50:43,dl,cu_cp2,1502499,429645.96198801545,0.429646
2026-06-28T17:50:43,dl,cu_up2,1502507,598566.6056487686,0.598567
2026-06-28T17:50:43,dl,du1,1502669,4660005.914356704,4.660006
2026-06-28T17:50:43,dl,du2,1503457,4839943.151047654,4.839943
2026-06-28T17:50:43,dl,ue1,1502734,2027047.7239290369,2.027048
2026-06-28T17:50:43,dl,ue2,1502746,2100491.4345075022,2.100491
2026-06-28T17:50:43,dl,ue3,1502758,2085802.6923918093,2.085803
2026-06-28T17:50:43,dl,ue4,1502770,1362381.5600990844,1.362382
2026-06-28T17:50:43,dl,ue5,1503503,1960948.2386347079,1.960948
2026-06-28T17:50:43,dl,ue6,1503515,1880160.156998396,1.880160
2026-06-28T17:50:43,dl,ue7,1503527,1935243.085705955,1.935243
2026-06-28T17:50:43,dl,ue8,1503539,1990325.7228660942,1.990326
2026-06-28T17:50:49,dl,cu_cp1,1502443,436344.95956560137,0.436345
2026-06-28T17:50:49,dl,cu_up1,1502470,598526.322037487,0.598526
2026-06-28T17:50:49,dl,cu_cp2,1502499,432483.52445898054,0.432484
2026-06-28T17:50:49,dl,cu_up2,1502507,586941.9079182434,0.586942
2026-06-28T17:50:49,dl,du1,1502669,4637613.374082032,4.637613
2026-06-28T17:50:49,dl,du2,1503457,4699396.6259196475,4.699397
2026-06-28T17:50:49,dl,ue1,1502734,2085188.4486985016,2.085188
2026-06-28T17:50:49,dl,ue2,1502746,2092911.3189117431,2.092911
2026-06-28T17:50:49,dl,ue3,1502758,2104495.5516986847,2.104496
2026-06-28T17:50:49,dl,ue4,1502770,1374679.746973343,1.374680
2026-06-28T17:50:49,dl,ue5,1503503,1965483.0174652862,1.965483
2026-06-28T17:50:49,dl,ue6,1503515,1892115.2427090453,1.892115
2026-06-28T17:50:49,dl,ue7,1503527,1884392.5175616455,1.884393
2026-06-28T17:50:49,dl,ue8,1503539,1969344.525104828,1.969345
2026-06-28T17:50:54,dl,cu_cp1,1502443,424448.8071964538,0.424449
2026-06-28T17:50:54,dl,cu_up1,1502470,608643.584874022,0.608644
2026-06-28T17:50:54,dl,cu_cp2,1502499,432457.28208477976,0.432457
2026-06-28T17:50:54,dl,cu_up2,1502507,600635.109985696,0.600635
2026-06-28T17:50:54,dl,du1,1502669,4524784.294982643,4.524784
2026-06-28T17:50:54,dl,du2,1503457,4680949.464833793,4.680949
2026-06-28T17:50:54,dl,ue1,1502734,2042159.1785335636,2.042159
2026-06-28T17:50:54,dl,ue2,1502746,2066184.7117639876,2.066185
2026-06-28T17:50:54,dl,ue3,1502758,2054172.0175257397,2.054172
2026-06-28T17:50:54,dl,ue4,1502770,1357435.3174455785,1.357435
2026-06-28T17:50:54,dl,ue5,1503503,1958070.3188658284,1.958070
2026-06-28T17:50:54,dl,ue6,1503515,1914023.725074277,1.914024
2026-06-28T17:50:54,dl,ue7,1503527,1934045.0751432609,1.934045
2026-06-28T17:50:54,dl,ue8,1503539,1930040.747227893,1.930041
2026-06-28T17:50:59,dl,cu_cp1,1502443,427478.7799032471,0.427479
2026-06-28T17:50:59,dl,cu_up1,1502470,523361.88323721825,0.523362
2026-06-28T17:50:59,dl,cu_cp2,1502499,431473.91071677627,0.431474
2026-06-28T17:50:59,dl,cu_up2,1502507,559318.060558981,0.559318
2026-06-28T17:50:59,dl,du1,1502669,4226846.446414497,4.226846
2026-06-28T17:50:59,dl,du2,1503457,4618369.048995981,4.618369
2026-06-28T17:50:59,dl,ue1,1502734,1701924.9303673888,1.701925
2026-06-28T17:50:59,dl,ue2,1502746,1741876.1661212218,1.741876
2026-06-28T17:50:59,dl,ue3,1502758,1709915.1196129883,1.709915
2026-06-28T17:50:59,dl,ue4,1502770,1258465.5910192954,1.258466
2026-06-28T17:50:59,dl,ue5,1503503,1889696.0424125313,1.889696
2026-06-28T17:50:59,dl,ue6,1503515,1793812.9028878307,1.793813
2026-06-28T17:50:59,dl,ue7,1503527,1761851.8563795972,1.761852
2026-06-28T17:50:59,dl,ue8,1503539,1861730.0181456388,1.861730
2026-06-28T17:51:05,dl,cu_cp1,1502443,363053.4399791032,0.363053
2026-06-28T17:51:05,dl,cu_up1,1502470,363053.4399791032,0.363053
2026-06-28T17:51:05,dl,cu_cp2,1502499,359562.5542281121,0.359563
2026-06-28T17:51:05,dl,cu_up2,1502507,366544.35720333306,0.366544
2026-06-28T17:51:05,dl,du1,1502669,3243044.8225014685,3.243045
2026-06-28T17:51:05,dl,du2,1503457,3243044.8225014685,3.243045
2026-06-28T17:51:05,dl,ue1,1502734,879706.4195201129,0.879706
2026-06-28T17:51:05,dl,ue2,1502746,897160.9112215459,0.897161
2026-06-28T17:51:05,dl,ue3,1502758,893670.0254705548,0.893670
2026-06-28T17:51:05,dl,ue4,1502770,904142.7456700057,0.904143
2026-06-28T17:51:05,dl,ue5,1503503,914615.4658694565,0.914615
2026-06-28T17:51:05,dl,ue6,1503515,900651.8599190146,0.900652
2026-06-28T17:51:05,dl,ue7,1503527,904142.7456700057,0.904143
2026-06-28T17:51:05,dl,ue8,1503539,872724.7109646082,0.872725
2026-06-28T17:51:10,dl,cu_cp1,1502443,351798.0201082563,0.351798
2026-06-28T17:51:10,dl,cu_up1,1502470,358764.30044490873,0.358764
2026-06-28T17:51:10,dl,cu_cp2,1502499,365730.6121672815,0.365731
2026-06-28T17:51:10,dl,cu_up2,1502507,358764.30044490873,0.358764
2026-06-28T17:51:10,dl,du1,1502669,3218429.361963501,3.218429
2026-06-28T17:51:10,dl,du2,1503457,3207979.925765662,3.207980
2026-06-28T17:51:10,dl,ue1,1502734,839438.8363312983,0.839439
2026-06-28T17:51:10,dl,ue2,1502746,926517.5759323561,0.926518
2026-06-28T17:51:10,dl,ue3,1502758,909101.8280121445,0.909102
2026-06-28T17:51:10,dl,ue4,1502770,891686.080091933,0.891686
2026-06-28T17:51:10,dl,ue5,1503503,923034.4514568901,0.923034
2026-06-28T17:51:10,dl,ue6,1503515,856854.5842515099,0.856855
2026-06-28T17:51:10,dl,ue7,1503527,856854.5842515099,0.856855
2026-06-28T17:51:10,dl,ue8,1503539,856854.5842515099,0.856855
2026-06-28T17:51:16,dl,cu_cp1,1502443,347698.0552240354,0.347698
2026-06-28T17:51:16,dl,cu_up1,1502470,355256.6889094901,0.355257
2026-06-28T17:51:16,dl,cu_cp2,1502499,362815.35382574203,0.362815
2026-06-28T17:51:16,dl,cu_up2,1502507,362815.35382574203,0.362815
2026-06-28T17:51:16,dl,du1,1502669,3144399.608233242,3.144400
2026-06-28T17:51:16,dl,du2,1503457,3212427.5300179147,3.212428
2026-06-28T17:51:16,dl,ue1,1502734,899479.7508789003,0.899480
2026-06-28T17:51:16,dl,ue2,1502746,876803.7561301446,0.876804
2026-06-28T17:51:16,dl,ue3,1502758,854127.7613813889,0.854128
2026-06-28T17:51:16,dl,ue4,1502770,899479.7508789003,0.899480
2026-06-28T17:51:16,dl,ue5,1503503,914597.0182498097,0.914597
2026-06-28T17:51:16,dl,ue6,1503515,869245.0912138927,0.869245
2026-06-28T17:51:16,dl,ue7,1503527,922155.6207044673,0.922156
2026-06-28T17:51:16,dl,ue8,1503539,854127.7613813889,0.854128
2026-06-28T18:07:05,ul,cu_cp1,1502443,350129.65626671823,0.350130
2026-06-28T18:07:05,ul,cu_up1,1502470,353562.2947931707,0.353562
2026-06-28T18:07:05,ul,cu_cp2,1502499,353562.2947931707,0.353562
2026-06-28T18:07:05,ul,cu_up2,1502507,350129.65626671823,0.350130
2026-06-28T18:07:05,ul,du1,1502669,3154599.4210284306,3.154599
2026-06-28T18:07:05,ul,du2,1503457,3223252.315455966,3.223252
2026-06-28T18:07:05,ul,ue1,1502734,878756.7637059373,0.878757
2026-06-28T18:07:05,ul,ue2,1502746,861593.5400990534,0.861594
2026-06-28T18:07:05,ul,ue3,1502758,840997.6469910955,0.840998
2026-06-28T18:07:05,ul,ue4,1502770,868458.8171519584,0.868459
2026-06-28T18:07:05,ul,ue5,1503503,909650.603367874,0.909651
2026-06-28T18:07:05,ul,ue6,1503515,885622.0407588423,0.885622
2026-06-28T18:07:05,ul,ue7,1503527,868458.8171519584,0.868459
2026-06-28T18:07:05,ul,ue8,1503539,858160.8705979794,0.858161
2026-06-28T18:07:10,ul,cu_cp1,1502443,368082.3344705841,0.368082
2026-06-28T18:07:10,ul,cu_up1,1502470,385778.60330944357,0.385779
2026-06-28T18:07:10,ul,cu_cp2,1502499,378700.10852449836,0.378700
2026-06-28T18:07:10,ul,cu_up2,1502507,389317.8507019162,0.389318
2026-06-28T18:07:10,ul,du1,1502669,3507399.9674627115,3.507400
2026-06-28T18:07:10,ul,du2,1503457,3574645.8591786693,3.574646
2026-06-28T18:07:10,ul,ue1,1502734,1107786.2826807213,1.107786
2026-06-28T18:07:10,ul,ue2,1502746,1136100.3893264877,1.136100
2026-06-28T18:07:10,ul,ue3,1502758,1125482.5833960772,1.125483
2026-06-28T18:07:10,ul,ue4,1502770,1015765.6592174548,1.015766
2026-06-28T18:07:10,ul,ue5,1503503,1114864.7774656666,1.114865
2026-06-28T18:07:10,ul,ue6,1503515,1121943.2722506118,1.121943
2026-06-28T18:07:10,ul,ue7,1503527,1107786.2826807213,1.107786
2026-06-28T18:07:10,ul,ue8,1503539,1068854.4976105297,1.068854
2026-06-28T18:07:16,ul,cu_cp1,1502443,395091.5142082971,0.395092
2026-06-28T18:07:16,ul,cu_up1,1502470,428015.8098151958,0.428016
2026-06-28T18:07:16,ul,cu_cp2,1502499,395091.5142082971,0.395092
2026-06-28T18:07:16,ul,cu_up2,1502507,419784.7607193363,0.419785
2026-06-28T18:07:16,ul,du1,1502669,3983839.404615383,3.983839
2026-06-28T18:07:16,ul,du2,1503457,4115536.4547450305,4.115536
2026-06-28T18:07:16,ul,ue1,1502734,1440437.8253097343,1.440438
2026-06-28T18:07:16,ul,ue2,1502746,1555672.90954561,1.555673
2026-06-28T18:07:16,ul,ue3,1502758,1489824.252182839,1.489824
2026-06-28T18:07:16,ul,ue4,1502770,1242892.117817316,1.242892
2026-06-28T18:07:16,ul,ue5,1503503,1489824.252182839,1.489824
2026-06-28T18:07:16,ul,ue6,1503515,1415744.6780221558,1.415745
2026-06-28T18:07:16,ul,ue7,1503527,1465130.9725973129,1.465131
2026-06-28T18:07:16,ul,ue8,1503539,1391051.3984366297,1.391051
2026-06-28T18:07:21,ul,cu_cp1,1502443,380631.56736377475,0.380632
2026-06-28T18:07:21,ul,cu_up1,1502470,435007.4960374117,0.435007
2026-06-28T18:07:21,ul,cu_cp2,1502499,387428.5626134992,0.387429
2026-06-28T18:07:21,ul,cu_up2,1502507,421413.5388621211,0.421414
2026-06-28T18:07:21,ul,du1,1502669,4071398.2217837335,4.071398
2026-06-28T18:07:21,ul,du2,1503457,4193744.0029821396,4.193744
2026-06-28T18:07:21,ul,ue1,1502734,1454556.450254488,1.454556
2026-06-28T18:07:21,ul,ue2,1502746,1515729.2075570584,1.515729
2026-06-28T18:07:21,ul,ue3,1502758,1515729.2075570584,1.515729
2026-06-28T18:07:21,ul,ue4,1502770,1271037.511863613,1.271038
2026-06-28T18:07:21,ul,ue5,1503503,1461353.378855896,1.461353
2026-06-28T18:07:21,ul,ue6,1503515,1420571.4073575498,1.420571
2026-06-28T18:07:21,ul,ue7,1503527,1454556.450254488,1.454556
2026-06-28T18:07:21,ul,ue8,1503539,1393383.426358652,1.393383
2026-06-28T18:07:27,ul,cu_cp1,1502443,388936.8409920734,0.388937
2026-06-28T18:07:27,ul,cu_up1,1502470,434694.1124829471,0.434694
2026-06-28T18:07:27,ul,cu_cp2,1502499,388936.8409920734,0.388937
2026-06-28T18:07:27,ul,cu_up2,1502507,417535.1273439577,0.417535
2026-06-28T18:07:27,ul,du1,1502669,4129594.1352272914,4.129594
2026-06-28T18:07:27,ul,du2,1503457,4163912.0388659765,4.163912
2026-06-28T18:07:27,ul,ue1,1502734,1504270.3752316786,1.504270
2026-06-28T18:07:27,ul,ue2,1502746,1595784.918213426,1.595785
2026-06-28T18:07:27,ul,ue3,1502758,1567186.6651811886,1.567187
2026-06-28T18:07:27,ul,ue4,1502770,1275484.0844166041,1.275484
2026-06-28T18:07:27,ul,ue5,1503503,1487111.423412336,1.487111
2026-06-28T18:07:27,ul,ue6,1503515,1469952.4715929937,1.469952
2026-06-28T18:07:27,ul,ue7,1503527,1447073.869167204,1.447074
2026-06-28T18:07:27,ul,ue8,1503539,1407036.1816434837,1.407036
2026-06-28T18:07:32,ul,cu_cp1,1502443,386954.5833918163,0.386955
2026-06-28T18:07:32,ul,cu_up1,1502470,433656.01174328447,0.433656
2026-06-28T18:07:32,ul,cu_cp2,1502499,390290.43041180226,0.390290
2026-06-28T18:07:32,ul,cu_up2,1502507,420312.75594898226,0.420313
2026-06-28T18:07:32,ul,du1,1502669,3989635.202209704,3.989635
2026-06-28T18:07:32,ul,du2,1503457,4049680.1839981675,4.049680
2026-06-28T18:07:32,ul,ue1,1502734,1474430.4928414237,1.474430
2026-06-28T18:07:32,ul,ue2,1502746,1491109.4633700706,1.491109
2026-06-28T18:07:32,ul,ue3,1502758,1494445.3103900563,1.494445
2026-06-28T18:07:32,ul,ue4,1502770,1210900.9594040823,1.210901
2026-06-28T18:07:32,ul,ue5,1503503,1431064.8784385312,1.431065
2026-06-28T18:07:32,ul,ue6,1503515,1444408.1342328333,1.444408
2026-06-28T18:07:32,ul,ue7,1503527,1437736.4401928615,1.437736
2026-06-28T18:07:32,ul,ue8,1503539,1394370.825789969,1.394371
2026-06-28T18:07:38,ul,cu_cp1,1502443,390215.6331850916,0.390216
2026-06-28T18:07:38,ul,cu_up1,1502470,420490.9891871873,0.420491
2026-06-28T18:07:38,ul,cu_cp2,1502499,393579.5948285061,0.393580
2026-06-28T18:07:38,ul,cu_up2,1502507,423854.95083060174,0.423855
2026-06-28T18:07:38,ul,du1,1502669,3996346.593891778,3.996347
2026-06-28T18:07:38,ul,du2,1503457,4087172.495904379,4.087172
2026-06-28T18:07:38,ul,ue1,1502734,1480128.3828630603,1.480128
2026-06-28T18:07:38,ul,ue2,1502746,1537315.1996213114,1.537315
2026-06-28T18:07:38,ul,ue3,1502758,1547406.951756606,1.547407
2026-06-28T18:07:38,ul,ue4,1502770,1254745.07747347,1.254745
2026-06-28T18:07:38,ul,ue5,1503503,1480128.3828630603,1.480128
2026-06-28T18:07:38,ul,ue6,1503515,1449852.9936622274,1.449853
2026-06-28T18:07:38,ul,ue7,1503527,1443125.2031703473,1.443125
2026-06-28T18:07:38,ul,ue8,1503539,1392666.1769039761,1.392666
2026-06-28T18:07:43,ul,cu_cp1,1502443,396627.4137918672,0.396627
2026-06-28T18:07:43,ul,cu_up1,1502470,423291.45215993794,0.423291
2026-06-28T18:07:43,ul,cu_cp2,1502499,389961.4207191321,0.389961
2026-06-28T18:07:43,ul,cu_up2,1502507,416625.45908720285,0.416625
2026-06-28T18:07:43,ul,du1,1502669,3986272.3153682686,3.986272
2026-06-28T18:07:43,ul,du2,1503457,4092928.2045320296,4.092928
2026-06-28T18:07:43,ul,ue1,1502734,1416526.5014270723,1.416527
2026-06-28T18:07:43,ul,ue2,1502746,1476520.5712359487,1.476521
2026-06-28T18:07:43,ul,ue3,1502758,1486519.494767921,1.486519
2026-06-28T18:07:43,ul,ue4,1502770,1249876.2781459128,1.249876
2026-06-28T18:07:43,ul,ue5,1503503,1473187.5086224508,1.473188
2026-06-28T18:07:43,ul,ue6,1503515,1449856.5989450086,1.449857
2026-06-28T18:07:43,ul,ue7,1503527,1436524.4806452775,1.436524
2026-06-28T18:07:43,ul,ue8,1503539,1376530.410836401,1.376530
2026-06-28T18:07:49,ul,cu_cp1,1502443,390829.063467353,0.390829
2026-06-28T18:07:49,ul,cu_up1,1502470,421957.0528288156,0.421957
2026-06-28T18:07:49,ul,cu_cp2,1502499,390829.063467353,0.390829
2026-06-28T18:07:49,ul,cu_up2,1502507,421957.0528288156,0.421957
2026-06-28T18:07:49,ul,du1,1502669,3980922.5877486705,3.980923
2026-06-28T18:07:49,ul,du2,1503457,4126186.36128932,4.126186
2026-06-28T18:07:49,ul,ue1,1502734,1438804.2964235616,1.438804
2026-06-28T18:07:49,ul,ue2,1502746,1487225.775286498,1.487226
2026-06-28T18:07:49,ul,ue3,1502758,1487225.775286498,1.487226
2026-06-28T18:07:49,ul,ue4,1502770,1248577.7684421968,1.248578
2026-06-28T18:07:49,ul,ue5,1503503,1476849.6020198346,1.476850
2026-06-28T18:07:49,ul,ue6,1503515,1414593.7559065414,1.414594
2026-06-28T18:07:49,ul,ue7,1503527,1449180.3370805932,1.449180
2026-06-28T18:07:49,ul,ue8,1503539,1362713.8178406477,1.362714
2026-06-28T18:07:54,ul,cu_cp1,1502443,397326.16376113234,0.397326
2026-06-28T18:07:54,ul,cu_up1,1502470,423078.779953534,0.423079
2026-06-28T18:07:54,ul,cu_cp2,1502499,386289.3092803079,0.386289
2026-06-28T18:07:54,ul,cu_up2,1502507,412041.9254727095,0.412042
2026-06-28T18:07:54,ul,du1,1502669,3951187.795861108,3.951188
2026-06-28T18:07:54,ul,du2,1503457,4168245.579881146,4.168246
2026-06-28T18:07:54,ul,ue1,1502734,1467899.3885440265,1.467899
2026-06-28T18:07:54,ul,ue2,1502746,1512046.673678758,1.512047
2026-06-28T18:07:54,ul,ue3,1502758,1523083.660948149,1.523084
2026-06-28T18:07:54,ul,ue4,1502770,1247162.6972932362,1.247163
2026-06-28T18:07:54,ul,ue5,1503503,1434788.8251015532,1.434789
2026-06-28T18:07:54,ul,ue6,1503515,1442146.772351625,1.442147
2026-06-28T18:07:54,ul,ue7,1503527,1442146.772351625,1.442147
2026-06-28T18:07:54,ul,ue8,1503539,1390641.5399668217,1.390642
2026-06-28T18:07:59,ul,cu_cp1,1502443,390748.4440306145,0.390748
2026-06-28T18:07:59,ul,cu_up1,1502470,423615.1389810893,0.423615
2026-06-28T18:07:59,ul,cu_cp2,1502499,387096.5816941926,0.387097
2026-06-28T18:07:59,ul,cu_up2,1502507,412659.55197182356,0.412660
2026-06-28T18:07:59,ul,du1,1502669,3896528.952412863,3.896529
2026-06-28T18:07:59,ul,du2,1503457,4082773.700299752,4.082774
2026-06-28T18:07:59,ul,ue1,1502734,1453438.1042617678,1.453438
2026-06-28T18:07:59,ul,ue2,1502746,1460741.895011934,1.460742
2026-06-28T18:07:59,ul,ue3,1502758,1464393.7243096947,1.464394
2026-06-28T18:07:59,ul,ue4,1502770,1234326.8926950323,1.234327
2026-06-28T18:07:59,ul,ue5,1503503,1424223.3377250372,1.424223
2026-06-28T18:07:59,ul,ue6,1503515,1442482.6163684856,1.442483
2026-06-28T18:07:59,ul,ue7,1503527,1435178.9577729641,1.435179
2026-06-28T18:07:59,ul,ue8,1503539,1373097.331092453,1.373097
2026-06-28T18:08:05,ul,cu_cp1,1502443,393785.7866857472,0.393786
2026-06-28T18:08:05,ul,cu_up1,1502470,419547.45045793266,0.419547
2026-06-28T18:08:05,ul,cu_cp2,1502499,382745.0547210857,0.382745
2026-06-28T18:08:05,ul,cu_up2,1502507,415867.21750605165,0.415867
2026-06-28T18:08:05,ul,du1,1502669,3989380.8633116577,3.989381
2026-06-28T18:08:05,ul,du2,1503457,4055625.3875357006,4.055625
2026-06-28T18:08:05,ul,ue1,1502734,1472096.359218173,1.472096
2026-06-28T18:08:05,ul,ue2,1502746,1464735.827096374,1.464736
2026-06-28T18:08:05,ul,ue3,1502758,1464735.827096374,1.464736
2026-06-28T18:08:05,ul,ue4,1502770,1243921.4526752925,1.243921
2026-06-28T18:08:05,ul,ue5,1503503,1464735.827096374,1.464736
2026-06-28T18:08:05,ul,ue6,1503515,1424253.2977347015,1.424253
2026-06-28T18:08:05,ul,ue7,1503527,1446334.6292279505,1.446335
2026-06-28T18:08:05,ul,ue8,1503539,1369049.7041294312,1.369050
2026-06-28T18:08:10,ul,cu_cp1,1502443,391789.61359050754,0.391790
2026-06-28T18:08:10,ul,cu_up1,1502470,417420.71783497336,0.417421
2026-06-28T18:08:10,ul,cu_cp2,1502499,388128.0225499559,0.388128
2026-06-28T18:08:10,ul,cu_up2,1502507,410097.53575387003,0.410098
2026-06-28T18:08:10,ul,du1,1502669,3928881.0742237093,3.928881
2026-06-28T18:08:10,ul,du2,1503457,3950850.422230644,3.950850
2026-06-28T18:08:10,ul,ue1,1502734,1471957.2855440616,1.471957
2026-06-28T18:08:10,ul,ue2,1502746,1464634.0373841666,1.464634
2026-06-28T18:08:10,ul,ue3,1502758,1464634.0373841666,1.464634
2026-06-28T18:08:10,ul,ue4,1502770,1241277.413422661,1.241277
2026-06-28T18:08:10,ul,ue5,1503503,1435341.4412173366,1.435341
2026-06-28T18:08:10,ul,ue6,1503515,1428018.1930574416,1.428018
2026-06-28T18:08:10,ul,ue7,1503527,1417033.5190539742,1.417034
2026-06-28T18:08:10,ul,ue8,1503539,1362109.7525638866,1.362110
2026-06-28T18:08:16,ul,cu_cp1,1502443,396064.2435523796,0.396064
2026-06-28T18:08:16,ul,cu_up1,1502470,419362.14799973014,0.419362
2026-06-28T18:08:16,ul,cu_cp2,1502499,380532.3182585275,0.380532
2026-06-28T18:08:16,ul,cu_up2,1502507,403830.1896927333,0.403830
2026-06-28T18:08:16,ul,du1,1502669,3906280.87856761,3.906281
2026-06-28T18:08:16,ul,du2,1503457,3937344.3990238667,3.937344
2026-06-28T18:08:16,ul,ue1,1502734,1475533.4641394091,1.475533
2026-06-28T18:08:16,ul,ue2,1502746,1444469.6795779944,1.444470
2026-06-28T18:08:16,ul,ue3,1502758,1475533.4641394091,1.475533
2026-06-28T18:08:16,ul,ue4,1502770,1195958.742823782,1.195959
2026-06-28T18:08:16,ul,ue5,1503503,1444469.6795779944,1.444470
2026-06-28T18:08:16,ul,ue6,1503515,1421171.7751306437,1.421172
2026-06-28T18:08:16,ul,ue7,1503527,1397873.8706832933,1.397874
2026-06-28T18:08:16,ul,ue8,1503539,1359043.9419026566,1.359044
2026-06-28T18:08:21,ul,cu_cp1,1502443,377446.70306841435,0.377447
2026-06-28T18:08:21,ul,cu_up1,1502470,422228.4906575978,0.422228
2026-06-28T18:08:21,ul,cu_cp2,1502499,383844.082415998,0.383844
2026-06-28T18:08:21,ul,cu_up2,1502507,409433.698923406,0.409434
2026-06-28T18:08:21,ul,du1,1502669,3959991.3951933384,3.959991
2026-06-28T18:08:21,ul,du2,1503457,4011170.958598399,4.011171
2026-06-28T18:08:21,ul,ue1,1502734,1452210.1007941843,1.452210
2026-06-28T18:08:21,ul,ue2,1502746,1484197.1627272249,1.484197
2026-06-28T18:08:21,ul,ue3,1502758,1445812.6884075762,1.445813
2026-06-28T18:08:21,ul,ue4,1502770,1241095.8885044097,1.241096
2026-06-28T18:08:21,ul,ue5,1503503,1452210.1007941843,1.452210
2026-06-28T18:08:21,ul,ue6,1503515,1426620.5834038495,1.426621
2026-06-28T18:08:21,ul,ue7,1503527,1407428.3462440253,1.407428
2026-06-28T18:08:21,ul,ue8,1503539,1375441.2843109847,1.375441
2026-06-28T18:08:27,ul,cu_cp1,1502443,387908.4060677746,0.387908
2026-06-28T18:08:27,ul,cu_up1,1502470,420689.3767149201,0.420689
2026-06-28T18:08:27,ul,cu_cp2,1502499,387908.4060677746,0.387908
2026-06-28T18:08:27,ul,cu_up2,1502507,409762.39751702605,0.409762
2026-06-28T18:08:27,ul,du1,1502669,3988354.1170843933,3.988354
2026-06-28T18:08:27,ul,du2,1503457,3993817.4579427554,3.993817
2026-06-28T18:08:27,ul,ue1,1502734,1458754.0531880236,1.458754
2026-06-28T18:08:27,ul,ue2,1502746,1486071.6829768075,1.486072
2026-06-28T18:08:27,ul,ue3,1502758,1398655.7171798015,1.398656
2026-06-28T18:08:27,ul,ue4,1502770,1278458.6485217966,1.278459
2026-06-28T18:08:27,ul,ue5,1503503,1453290.5801158082,1.453291
2026-06-28T18:08:27,ul,ue6,1503515,1409582.6633242322,1.409583
2026-06-28T18:08:27,ul,ue7,1503527,1415046.1363964474,1.415046
2026-06-28T18:08:27,ul,ue8,1503539,1376801.6926770867,1.376802
2026-06-28T18:08:32,ul,cu_cp1,1502443,386626.4593753919,0.386626
2026-06-28T18:08:32,ul,cu_up1,1502470,423289.3164230138,0.423289
2026-06-28T18:08:32,ul,cu_cp2,1502499,379960.45223993063,0.379960
2026-06-28T18:08:32,ul,cu_up2,1502507,409957.36840569676,0.409957
2026-06-28T18:08:32,ul,du1,1502669,3896261.3774124742,3.896261
2026-06-28T18:08:32,ul,du2,1503457,4029580.857585645,4.029581
2026-06-28T18:08:32,ul,ue1,1502734,1479846.0974149823,1.479846
2026-06-28T18:08:32,ul,ue2,1502746,1469847.1032751917,1.469847
2026-06-28T18:08:32,ul,ue3,1502758,1459848.2416426123,1.459848
2026-06-28T18:08:32,ul,ue4,1502770,1226539.0850859582,1.226539
2026-06-28T18:08:32,ul,ue5,1503503,1423185.3514681875,1.423185
2026-06-28T18:08:32,ul,ue6,1503515,1416519.3112059236,1.416519
2026-06-28T18:08:32,ul,ue7,1503527,1429851.2592232407,1.429851
2026-06-28T18:08:32,ul,ue8,1503539,1386522.461293763,1.386522
2026-06-28T18:08:38,ul,cu_cp1,1502443,389545.6729968804,0.389546
2026-06-28T18:08:38,ul,cu_up1,1502470,419769.0459009597,0.419769
2026-06-28T18:08:38,ul,cu_cp2,1502499,392903.84775303036,0.392904
2026-06-28T18:08:38,ul,cu_up2,1502507,413052.72970553814,0.413053
2026-06-28T18:08:38,ul,du1,1502669,4009633.8054390643,4.009634
2026-06-28T18:08:38,ul,du2,1503457,4096945.6161276386,4.096946
2026-06-28T18:08:38,ul,ue1,1502734,1477587.030909977,1.477587
2026-06-28T18:08:38,ul,ue2,1502746,1521243.0695217776,1.521243
2026-06-28T18:08:38,ul,ue3,1502758,1474228.8228369486,1.474229
2026-06-28T18:08:38,ul,ue4,1502770,1252590.8215074574,1.252591
2026-06-28T18:08:38,ul,ue5,1503503,1467512.5399584055,1.467513
2026-06-28T18:08:38,ul,ue6,1503515,1430572.9174926614,1.430573
2026-06-28T18:08:38,ul,ue7,1503527,1457438.049006834,1.457438
2026-06-28T18:08:38,ul,ue8,1503539,1400349.5779054605,1.400350
2026-06-28T18:08:43,ul,cu_cp1,1502443,395410.9147518128,0.395411
2026-06-28T18:08:43,ul,cu_up1,1502470,422218.4315843582,0.422218
2026-06-28T18:08:43,ul,cu_cp2,1502499,388709.0438380301,0.388709
2026-06-28T18:08:43,ul,cu_up2,1502507,408814.6897567928,0.408815
2026-06-28T18:08:43,ul,du1,1502669,3964161.9704775093,3.964162
2026-06-28T18:08:43,ul,du2,1503457,4054637.5761764287,4.054638
2026-06-28T18:08:43,ul,ue1,1502734,1491168.3187276484,1.491168
2026-06-28T18:08:43,ul,ue2,1502746,1504572.1269100427,1.504572
2026-06-28T18:08:43,ul,ue3,1502758,1467711.7539407015,1.467712
2026-06-28T18:08:43,ul,ue4,1502770,1213040.327442813,1.213040
2026-06-28T18:08:43,ul,ue5,1503503,1464360.8350725174,1.464361
2026-06-28T18:08:43,ul,ue6,1503515,1434202.2998395443,1.434202
2026-06-28T18:08:43,ul,ue7,1503527,1420798.624366808,1.420799
2026-06-28T18:08:43,ul,ue8,1503539,1387289.1702656508,1.387289
2026-06-28T18:08:49,ul,cu_cp1,1502443,393687.8345854545,0.393688
2026-06-28T18:08:49,ul,cu_up1,1502470,414968.25360226515,0.414968
2026-06-28T18:08:49,ul,cu_cp2,1502499,390141.08152776124,0.390141
2026-06-28T18:08:49,ul,cu_up2,1502507,407874.78059666156,0.407875
2026-06-28T18:08:49,ul,du1,1502669,3972345.6777727795,3.972346
2026-06-28T18:08:49,ul,du2,1503457,3936878.2134154127,3.936878
2026-06-28T18:08:49,ul,ue1,1502734,1443522.0380734778,1.443522
2026-06-28T18:08:49,ul,ue2,1502746,1503816.5420662165,1.503817
2026-06-28T18:08:49,ul,ue3,1502758,1493176.3822224855,1.493176
2026-06-28T18:08:49,ul,ue4,1502770,1244904.7939165784,1.244905
2026-06-28T18:08:49,ul,ue5,1503503,1457709.0503042508,1.457709
2026-06-28T18:08:49,ul,ue6,1503515,1429335.0258427048,1.429335
2026-06-28T18:08:49,ul,ue7,1503527,1443522.0380734778,1.443522
2026-06-28T18:08:49,ul,ue8,1503539,1361947.0819541453,1.361947
2026-06-28T18:08:54,ul,cu_cp1,1502443,395479.14824616315,0.395479
2026-06-28T18:08:54,ul,cu_up1,1502470,425047.6528525531,0.425048
2026-06-28T18:08:54,ul,cu_cp2,1502499,388086.9888332576,0.388087
2026-06-28T18:08:54,ul,cu_up2,1502507,406567.33747355937,0.406567
2026-06-28T18:08:54,ul,du1,1502669,4058281.115538764,4.058281
2026-06-28T18:08:54,ul,du2,1503457,4050889.3885228634,4.050889
2026-06-28T18:08:54,ul,ue1,1502734,1459946.4449606775,1.459946
2026-06-28T18:08:54,ul,ue2,1502746,1507995.1984234452,1.507995
2026-06-28T18:08:54,ul,ue3,1502758,1530171.5768782378,1.530172
2026-06-28T18:08:54,ul,ue4,1502770,1245574.5204738856,1.245575
2026-06-28T18:08:54,ul,ue5,1503503,1452554.1857638478,1.452554
2026-06-28T18:08:54,ul,ue6,1503515,1411897.5584526777,1.411898
2026-06-28T18:08:54,ul,ue7,1503527,1452554.1857638478,1.452554
2026-06-28T18:08:54,ul,ue8,1503539,1382328.9208010554,1.382329
2026-06-28T18:08:59,ul,cu_cp1,1502443,391701.12362559943,0.391701
2026-06-28T18:08:59,ul,cu_up1,1502470,428654.07305141835,0.428654
2026-06-28T18:08:59,ul,cu_cp2,1502499,391701.12362559943,0.391701
2026-06-28T18:08:59,ul,cu_up2,1502507,413872.92000263004,0.413873
2026-06-28T18:08:59,ul,du1,1502669,3983526.8257986307,3.983527
2026-06-28T18:08:59,ul,du2,1503457,4042651.1707783914,4.042651
2026-06-28T18:08:59,ul,ue1,1502734,1470726.9328814256,1.470727
2026-06-28T18:08:59,ul,ue2,1502746,1515070.525635487,1.515071
2026-06-28T18:08:59,ul,ue3,1502758,1470726.9328814256,1.470727
2026-06-28T18:08:59,ul,ue4,1502770,1245314.0482700872,1.245314
2026-06-28T18:08:59,ul,ue5,1503503,1463336.2895531834,1.463336
2026-06-28T18:08:59,ul,ue6,1503515,1422688.0184632433,1.422688
2026-06-28T18:08:59,ul,ue7,1503527,1452250.4581685162,1.452250
2026-06-28T18:08:59,ul,ue8,1503539,1393125.845973363,1.393126
2026-06-28T18:09:05,ul,cu_cp1,1502443,393186.4366652894,0.393186
2026-06-28T18:09:05,ul,cu_up1,1502470,426258.1806255126,0.426258
2026-06-28T18:09:05,ul,cu_cp2,1502499,385837.1565456739,0.385837
2026-06-28T18:09:05,ul,cu_up2,1502507,411559.65354237467,0.411560
2026-06-28T18:09:05,ul,du1,1502669,3964936.110613117,3.964936
2026-06-28T18:09:05,ul,du2,1503457,4038428.5802483414,4.038429
2026-06-28T18:09:05,ul,ue1,1502734,1458831.888229071,1.458832
2026-06-28T18:09:05,ul,ue2,1502746,1506602.2587407113,1.506602
2026-06-28T18:09:05,ul,ue3,1502758,1510276.8822224725,1.510277
2026-06-28T18:09:05,ul,ue4,1502770,1227329.5478831362,1.227330
2026-06-28T18:09:05,ul,ue5,1503503,1436784.0147141314,1.436784
2026-06-28T18:09:05,ul,ue6,1503515,1433109.3912323702,1.433109
2026-06-28T18:09:05,ul,ue7,1503527,1433109.3912323702,1.433109
2026-06-28T18:09:05,ul,ue8,1503539,1374315.1502754462,1.374315
2026-06-28T18:09:10,ul,cu_cp1,1502443,400262.55909523426,0.400263
2026-06-28T18:09:10,ul,cu_up1,1502470,418456.30724081455,0.418456
2026-06-28T18:09:10,ul,cu_cp2,1502499,400262.55909523426,0.400263
2026-06-28T18:09:10,ul,cu_up2,1502507,418456.30724081455,0.418456
2026-06-28T18:09:10,ul,du1,1502669,3993528.517094617,3.993529
2026-06-28T18:09:10,ul,du2,1503457,4139078.502259259,4.139079
2026-06-28T18:09:10,ul,ue1,1502734,1482790.740244708,1.482791
2026-06-28T18:09:10,ul,ue2,1502746,1519178.2365358686,1.519178
2026-06-28T18:09:10,ul,ue3,1502758,1464596.9920991277,1.464597
2026-06-28T18:09:10,ul,ue4,1502770,1255368.8884249544,1.255369
2026-06-28T18:09:10,ul,ue5,1503503,1482790.740244708,1.482791
2026-06-28T18:09:10,ul,ue6,1503515,1464596.9920991277,1.464597
2026-06-28T18:09:10,ul,ue7,1503527,1455500.1180263376,1.455500
2026-06-28T18:09:10,ul,ue8,1503539,1382725.1254440164,1.382725
2026-06-28T18:09:16,ul,cu_cp1,1502443,393224.27968975244,0.393224
2026-06-28T18:09:16,ul,cu_up1,1502470,415070.08409621654,0.415070
2026-06-28T18:09:16,ul,cu_cp2,1502499,393224.27968975244,0.393224
2026-06-28T18:09:16,ul,cu_up2,1502507,415070.08409621654,0.415070
2026-06-28T18:09:16,ul,du1,1502669,3946806.622140367,3.946807
2026-06-28T18:09:16,ul,du2,1503457,4034189.8397662234,4.034190
2026-06-28T18:09:16,ul,ue1,1502734,1478232.0550539326,1.478232
2026-06-28T18:09:16,ul,ue2,1502746,1507359.8386240185,1.507360
2026-06-28T18:09:16,ul,ue3,1502758,1470950.075890311,1.470950
2026-06-28T18:09:16,ul,ue4,1502770,1259774.1440736926,1.259774
2026-06-28T18:09:16,ul,ue5,1503503,1478232.0550539326,1.478232
2026-06-28T18:09:16,ul,ue6,1503515,1441822.4254046262,1.441822
2026-06-28T18:09:16,ul,ue7,1503527,1470950.075890311,1.470950
2026-06-28T18:09:16,ul,ue8,1503539,1383566.9913488554,1.383567
2026-06-28T18:09:21,ul,cu_cp1,1502443,385984.32860495744,0.385984
2026-06-28T18:09:21,ul,cu_up1,1502470,416139.33722828864,0.416139
2026-06-28T18:09:21,ul,cu_cp2,1502499,385984.32860495744,0.385984
2026-06-28T18:09:21,ul,cu_up2,1502507,404077.3403918749,0.404077
2026-06-28T18:09:21,ul,du1,1502669,3883967.1474640276,3.883967
2026-06-28T18:09:21,ul,du2,1503457,3926184.020665398,3.926184
2026-06-28T18:09:21,ul,ue1,1502734,1465534.1531278754,1.465534
2026-06-28T18:09:21,ul,ue2,1502746,1495689.1948158003,1.495689
2026-06-28T18:09:21,ul,ue3,1502758,1453472.1893560553,1.453472
2026-06-28T18:09:21,ul,ue4,1502770,1212231.988111031,1.212232
2026-06-28T18:09:21,ul,ue5,1503503,1411255.1838963104,1.411255
2026-06-28T18:09:21,ul,ue6,1503515,1435379.1114399505,1.435379
2026-06-28T18:09:21,ul,ue7,1503527,1453472.1893560553,1.453472
2026-06-28T18:09:21,ul,ue8,1503539,1350945.1005204606,1.350945
2026-06-28T18:09:27,ul,cu_cp1,1502443,395164.00856601505,0.395164
2026-06-28T18:09:27,ul,cu_up1,1502470,421954.8011917612,0.421955
2026-06-28T18:09:27,ul,cu_cp2,1502499,391815.18439648865,0.391815
2026-06-28T18:09:27,ul,cu_up2,1502507,405210.54749777255,0.405211
2026-06-28T18:09:27,ul,du1,1502669,3934895.798754573,3.934896
2026-06-28T18:09:27,ul,du2,1503457,4015268.375901346,4.015268
2026-06-28T18:09:27,ul,ue1,1502734,1476841.7875653696,1.476842
2026-06-28T18:09:27,ul,ue2,1502746,1513679.1523344624,1.513679
2026-06-28T18:09:27,ul,ue3,1502758,1486888.293285538,1.486888
2026-06-28T18:09:27,ul,ue4,1502770,1245771.226077001,1.245771
2026-06-28T18:09:27,ul,ue5,1503503,1453399.852320739,1.453400
2026-06-28T18:09:27,ul,ue6,1503515,1433306.7080340458,1.433307
2026-06-28T18:09:27,ul,ue7,1503527,1476841.7875653696,1.476842
2026-06-28T18:09:27,ul,ue8,1503539,1383074.0465868474,1.383074
2026-06-28T18:09:32,ul,cu_cp1,1502443,396203.7228403285,0.396204
2026-06-28T18:09:32,ul,cu_up1,1502470,419707.3208276957,0.419707
2026-06-28T18:09:32,ul,cu_cp2,1502499,396203.7228403285,0.396204
2026-06-28T18:09:32,ul,cu_up2,1502507,416349.6782330525,0.416350
2026-06-28T18:09:32,ul,du1,1502669,4002329.139188733,4.002329
2026-06-28T18:09:32,ul,du2,1503457,4032548.1221902515,4.032548
2026-06-28T18:09:32,ul,ue1,1502734,1463939.0924550605,1.463939
2026-06-28T18:09:32,ul,ue2,1502746,1524377.058458097,1.524377
2026-06-28T18:09:32,ul,ue3,1502758,1463939.0924550605,1.463939
2026-06-28T18:09:32,ul,ue4,1502770,1255764.319888444,1.255764
2026-06-28T18:09:32,ul,ue5,1503503,1450508.5220764875,1.450509
2026-06-28T18:09:32,ul,ue6,1503515,1440435.527742648,1.440436
2026-06-28T18:09:32,ul,ue7,1503527,1447150.8129319346,1.447151
2026-06-28T18:09:32,ul,ue8,1503539,1390070.6891732705,1.390071
2026-06-28T18:09:38,ul,cu_cp1,1502443,393461.2211660695,0.393461
2026-06-28T18:09:38,ul,cu_up1,1502470,410133.3267399168,0.410133
2026-06-28T18:09:38,ul,cu_cp2,1502499,393461.2211660695,0.393461
2026-06-28T18:09:38,ul,cu_up2,1502507,406798.91887519596,0.406799
2026-06-28T18:09:38,ul,du1,1502669,3904602.5077530863,3.904603
2026-06-28T18:09:38,ul,du2,1503457,3991297.310986557,3.991297
2026-06-28T18:09:38,ul,ue1,1502734,1467143.567992239,1.467144
2026-06-28T18:09:38,ul,ue2,1502746,1497153.3381500912,1.497153
2026-06-28T18:09:38,ul,ue3,1502758,1430465.0483551885,1.430465
2026-06-28T18:09:38,ul,ue4,1502770,1237068.795949192,1.237069
2026-06-28T18:09:38,ul,ue5,1503503,1437133.7978343868,1.437134
2026-06-28T18:09:38,ul,ue6,1503515,1423796.1663755036,1.423796
2026-06-28T18:09:38,ul,ue7,1503527,1420461.7916359042,1.420462
2026-06-28T18:09:38,ul,ue8,1503539,1373779.8827790832,1.373780
2026-06-28T18:09:43,ul,cu_cp1,1502443,391493.07226011547,0.391493
2026-06-28T18:09:43,ul,cu_up1,1502470,411569.6290245146,0.411570
2026-06-28T18:09:43,ul,cu_cp2,1502499,388146.9960317668,0.388147
2026-06-28T18:09:43,ul,cu_up2,1502507,411569.6290245146,0.411570
2026-06-28T18:09:43,ul,du1,1502669,3928315.358828907,3.928315
2026-06-28T18:09:43,ul,du2,1503457,4025351.768239632,4.025352
2026-06-28T18:09:43,ul,ue1,1502734,1458897.3196303332,1.458897
2026-06-28T18:09:43,ul,ue2,1502746,1502396.50938748,1.502397
2026-06-28T18:09:43,ul,ue3,1502758,1475627.7670349479,1.475628
2026-06-28T18:09:43,ul,ue4,1502770,1244747.2482843327,1.244747
2026-06-28T18:09:43,ul,ue5,1503503,1455551.177139113,1.455551
2026-06-28T18:09:43,ul,ue6,1503515,1428782.4347865807,1.428782
2026-06-28T18:09:43,ul,ue7,1503527,1442166.7396999754,1.442167
2026-06-28T18:09:43,ul,ue8,1503539,1385283.2450294339,1.385283
2026-06-28T18:09:49,ul,cu_cp1,1502443,394236.20481097786,0.394236
2026-06-28T18:09:49,ul,cu_up1,1502470,420027.3661744389,0.420027
2026-06-28T18:09:49,ul,cu_cp2,1502499,390551.76269863755,0.390552
2026-06-28T18:09:49,ul,cu_up2,1502507,416342.92406209855,0.416343
2026-06-28T18:09:49,ul,du1,1502669,3894464.0343410396,3.894464
2026-06-28T18:09:49,ul,du2,1503457,4008682.0727089834,4.008682
2026-06-28T18:09:49,ul,ue1,1502734,1451673.5211160255,1.451674
2026-06-28T18:09:49,ul,ue2,1502746,1547469.2823451888,1.547469
2026-06-28T18:09:49,ul,ue3,1502758,1473780.1737900674,1.473780
2026-06-28T18:09:49,ul,ue4,1502770,1226922.0862237143,1.226922
2026-06-28T18:09:49,ul,ue5,1503503,1436935.752666664,1.436936
2026-06-28T18:09:49,ul,ue6,1503515,1436935.752666664,1.436936
2026-06-28T18:09:49,ul,ue7,1503527,1470095.7982548058,1.470096
2026-06-28T18:09:49,ul,ue8,1503539,1400091.1983891034,1.400091
2026-06-28T18:09:54,ul,cu_cp1,1502443,390330.2777538836,0.390330
2026-06-28T18:09:54,ul,cu_up1,1502470,408742.06826268375,0.408742
2026-06-28T18:09:54,ul,cu_cp2,1502499,390330.2777538836,0.390330
2026-06-28T18:09:54,ul,cu_up2,1502507,416106.79111135635,0.416107
2026-06-28T18:09:54,ul,du1,1502669,3940125.959847286,3.940126
2026-06-28T18:09:54,ul,du2,1503457,4057961.525426047,4.057962
2026-06-28T18:09:54,ul,ue1,1502734,1447167.7573451782,1.447168
2026-06-28T18:09:54,ul,ue2,1502746,1480308.9935513234,1.480309
2026-06-28T18:09:54,ul,ue3,1502758,1458214.9246825934,1.458215
2026-06-28T18:09:54,ul,ue4,1502770,1204132.069467796,1.204132
2026-06-28T18:09:54,ul,ue5,1503503,1436120.722910813,1.436121
2026-06-28T18:09:54,ul,ue6,1503515,1436120.722910813,1.436121
2026-06-28T18:09:54,ul,ue7,1503527,1439803.0677222682,1.439803
2026-06-28T18:09:54,ul,ue8,1503539,1373520.5953099774,1.373521
2026-06-28T18:10:00,ul,cu_cp1,1502443,397726.49894865154,0.397726
2026-06-28T18:10:00,ul,cu_up1,1502470,412457.13100045326,0.412457
2026-06-28T18:10:00,ul,cu_cp2,1502499,386678.55823038815,0.386679
2026-06-28T18:10:00,ul,cu_up2,1502507,408774.4729875028,0.408774
2026-06-28T18:10:00,ul,du1,1502669,3837324.184917927,3.837324
2026-06-28T18:10:00,ul,du2,1503457,4080379.2139256,4.080379
2026-06-28T18:10:00,ul,ue1,1502734,1447282.533213067,1.447283
2026-06-28T18:10:00,ul,ue2,1502746,1487791.704714346,1.487792
2026-06-28T18:10:00,ul,ue3,1502758,1439917.2171871662,1.439917
2026-06-28T18:10:00,ul,ue4,1502770,1255784.7163866996,1.255785
2026-06-28T18:10:00,ul,ue5,1503503,1443599.9418412924,1.443600
2026-06-28T18:10:00,ul,ue6,1503515,1450965.2578671933,1.450965
2026-06-28T18:10:00,ul,ue7,1503527,1458330.4406107427,1.458330
2026-06-28T18:10:00,ul,ue8,1503539,1403090.637057662,1.403091
2026-06-28T18:10:05,ul,cu_cp1,1502443,391213.3484764993,0.391213
2026-06-28T18:10:05,ul,cu_up1,1502470,420738.88295186043,0.420739
2026-06-28T18:10:05,ul,cu_cp2,1502499,391213.3484764993,0.391213
2026-06-28T18:10:05,ul,cu_up2,1502507,413357.5160109848,0.413358
2026-06-28T18:10:05,ul,du1,1502669,3937968.4525156687,3.937968
2026-06-28T18:10:05,ul,du2,1503457,4081905.691591506,4.081906
2026-06-28T18:10:05,ul,ue1,1502734,1472586.0903315116,1.472586
2026-06-28T18:10:05,ul,ue2,1502746,1527946.5258456897,1.527947
2026-06-28T18:10:05,ul,ue3,1502758,1479967.4906283163,1.479967
2026-06-28T18:10:05,ul,ue4,1502770,1221619.0139350127,1.221619
2026-06-28T18:10:05,ul,ue5,1503503,1461514.0565981627,1.461514
2026-06-28T18:10:05,ul,ue6,1503515,1431988.4554109431,1.431988
2026-06-28T18:10:05,ul,ue7,1503527,1457823.4231616186,1.457823
2026-06-28T18:10:05,ul,ue8,1503539,1406153.7545077014,1.406154
2026-06-28T18:10:10,ul,cu_cp1,1502443,398054.0427193129,0.398054
2026-06-28T18:10:10,ul,cu_up1,1502470,406707.38279283466,0.406707
2026-06-28T18:10:10,ul,cu_cp2,1502499,389400.6693676817,0.389401
2026-06-28T18:10:10,ul,cu_up2,1502507,415360.7228663564,0.415361
2026-06-28T18:10:10,ul,du1,1502669,3980540.2940806914,3.980540
2026-06-28T18:10:10,ul,du2,1503457,4049767.014668865,4.049767
2026-06-28T18:10:10,ul,ue1,1502734,1436455.8498852039,1.436456
2026-06-28T18:10:10,ul,ue2,1502746,1488375.9568825532,1.488376
2026-06-28T18:10:10,ul,ue3,1502758,1488375.9568825532,1.488376
2026-06-28T18:10:10,ul,ue4,1502770,1254735.5419507003,1.254736
2026-06-28T18:10:10,ul,ue5,1503503,1436455.8498852039,1.436456
2026-06-28T18:10:10,ul,ue6,1503515,1436455.8498852039,1.436456
2026-06-28T18:10:10,ul,ue7,1503527,1462415.8368276595,1.462416
2026-06-28T18:10:10,ul,ue8,1503539,1393189.1162394858,1.393189
2026-06-28T18:10:16,ul,cu_cp1,1502443,388041.96392400743,0.388042
2026-06-28T18:10:16,ul,cu_up1,1502470,408829.9333786583,0.408830
2026-06-28T18:10:16,ul,cu_cp2,1502499,394971.2870755577,0.394971
2026-06-28T18:10:16,ul,cu_up2,1502507,401900.610227108,0.401901
2026-06-28T18:10:16,ul,du1,1502669,3935854.4895780943,3.935854
2026-06-28T18:10:16,ul,du2,1503457,3942783.8127296446,3.942784
2026-06-28T18:10:16,ul,ue1,1502734,1462086.654725876,1.462087
2026-06-28T18:10:16,ul,ue2,1502746,1517521.3725010871,1.517521
2026-06-28T18:10:16,ul,ue3,1502758,1469016.1104402351,1.469016
2026-06-28T18:10:16,ul,ue4,1502770,1233419.1232875253,1.233419
2026-06-28T18:10:16,ul,ue5,1503503,1462086.654725876,1.462087
2026-06-28T18:10:16,ul,ue6,1503515,1420510.848379383,1.420511
2026-06-28T18:10:16,ul,ue7,1503527,1462086.654725876,1.462087
2026-06-28T18:10:16,ul,ue8,1503539,1399722.878924732,1.399723
2026-06-28T18:10:21,ul,cu_cp1,1502443,397674.53278219345,0.397675
2026-06-28T18:10:21,ul,cu_up1,1502470,409545.399923881,0.409545
2026-06-28T18:10:21,ul,cu_cp2,1502499,391739.0825377062,0.391739
2026-06-28T18:10:21,ul,cu_up2,1502507,409545.399923881,0.409545
2026-06-28T18:10:21,ul,du1,1502669,3911455.341785288,3.911455
2026-06-28T18:10:21,ul,du2,1503457,3970809.777535586,3.970810
2026-06-28T18:10:21,ul,ue1,1502734,1460118.2924446284,1.460118
2026-06-28T18:10:21,ul,ue2,1502746,1531343.6953784751,1.531344
2026-06-28T18:10:21,ul,ue3,1502758,1454183.0089365756,1.454183
2026-06-28T18:10:21,ul,ue4,1502770,1234571.6500161302,1.234572
2026-06-28T18:10:21,ul,ue5,1503503,1489795.5103197778,1.489796
2026-06-28T18:10:21,ul,ue6,1503515,1430441.2079586268,1.430441
2026-06-28T18:10:21,ul,ue7,1503527,1430441.2079586268,1.430441
2026-06-28T18:10:21,ul,ue8,1503539,1412634.8238778783,1.412635
2026-06-28T18:10:27,ul,cu_cp1,1502443,393626.73446063517,0.393627
2026-06-28T18:10:27,ul,cu_up1,1502470,413812.69091725233,0.413813
2026-06-28T18:10:27,ul,cu_cp2,1502499,396991.0549790561,0.396991
2026-06-28T18:10:27,ul,cu_up2,1502507,417177.04478176474,0.417177
2026-06-28T18:10:27,ul,du1,1502669,3959817.4215048407,3.959817
2026-06-28T18:10:27,ul,du2,1503457,4027103.9652576256,4.027104
2026-06-28T18:10:27,ul,ue1,1502734,1476941.209309144,1.476941
2026-06-28T18:10:27,ul,ue2,1502746,1524041.8966435862,1.524042
2026-06-28T18:10:27,ul,ue3,1502758,1456755.2195064353,1.456755
2026-06-28T18:10:27,ul,ue4,1502770,1261624.029208374,1.261624
2026-06-28T18:10:27,ul,ue5,1503503,1460119.5733709477,1.460120
2026-06-28T18:10:27,ul,ue6,1503515,1423111.9476300431,1.423112
2026-06-28T18:10:27,ul,ue7,1503527,1466848.2810999728,1.466848
2026-06-28T18:10:27,ul,ue8,1503539,1392833.0296181631,1.392833
2026-06-28T18:10:32,ul,cu_cp1,1502443,399426.9258527327,0.399427
2026-06-28T18:10:32,ul,cu_up1,1502470,409496.4892775345,0.409496
2026-06-28T18:10:32,ul,cu_cp2,1502499,386000.78579838754,0.386001
2026-06-28T18:10:32,ul,cu_up2,1502507,409496.4892775345,0.409496
2026-06-28T18:10:32,ul,du1,1502669,3906999.264942169,3.906999
2026-06-28T18:10:32,ul,du2,1503457,4071469.255881729,4.071469
2026-06-28T18:10:32,ul,ue1,1502734,1466802.9460825538,1.466803
2026-06-28T18:10:32,ul,ue2,1502746,1544003.1431935502,1.544003
2026-06-28T18:10:32,ul,ue3,1502758,1470159.5227120973,1.470160
2026-06-28T18:10:32,ul,ue4,1502770,1255341.6813557625,1.255342
2026-06-28T18:10:32,ul,ue5,1503503,1473516.0993416405,1.473516
2026-06-28T18:10:32,ul,ue6,1503515,1433237.7124713706,1.433238
2026-06-28T18:10:32,ul,ue7,1503527,1453376.9059065056,1.453377
2026-06-28T18:10:32,ul,ue8,1503539,1389602.7489715577,1.389603
2026-06-28T18:10:43,ul,cu_cp1,1502443,391944.038234154,0.391944
2026-06-28T18:10:43,ul,cu_up1,1502470,406068.13547336846,0.406068
2026-06-28T18:10:43,ul,cu_cp2,1502499,388412.9890575734,0.388413
2026-06-28T18:10:43,ul,cu_up2,1502507,409599.1846499491,0.409599
2026-06-28T18:10:43,ul,du1,1502669,3813509.7690923903,3.813510
2026-06-28T18:10:43,ul,du2,1503457,4050088.4392938614,4.050088
2026-06-28T18:10:43,ul,ue1,1502734,1458314.3247323728,1.458314
2026-06-28T18:10:43,ul,ue2,1502746,1535996.942437309,1.535997
2026-06-28T18:10:43,ul,ue3,1502758,1461845.2744418455,1.461845
2026-06-28T18:10:43,ul,ue4,1502770,1242921.618033359,1.242922
2026-06-28T18:10:43,ul,ue5,1503503,1433597.013652011,1.433597
2026-06-28T18:10:43,ul,ue6,1503515,1419472.9495684993,1.419473
2026-06-28T18:10:43,ul,ue7,1503527,1444190.1280260503,1.444190
2026-06-28T18:10:43,ul,ue8,1503539,1415941.9998590266,1.415942
2026-06-28T18:10:49,ul,cu_cp1,1502443,394094.17150253354,0.394094
2026-06-28T18:10:49,ul,cu_up1,1502470,411846.1810611457,0.411846
2026-06-28T18:10:49,ul,cu_cp2,1502499,390543.77626806346,0.390544
2026-06-28T18:10:49,ul,cu_up2,1502507,415396.57629561576,0.415397
2026-06-28T18:10:49,ul,du1,1502669,3894786.543590963,3.894787
2026-06-28T18:10:49,ul,du2,1503457,4036802.62005986,4.036803
2026-06-28T18:10:49,ul,ue1,1502734,1466314.3335827768,1.466314
2026-06-28T18:10:49,ul,ue2,1502746,1544423.0955136418,1.544423
2026-06-28T18:10:49,ul,ue3,1502758,1469864.7622035085,1.469865
2026-06-28T18:10:49,ul,ue4,1502770,1256840.7810452103,1.256841
2026-06-28T18:10:49,ul,ue5,1503503,1448562.4575692117,1.448562
2026-06-28T18:10:49,ul,ue6,1503515,1423709.5907691359,1.423710
2026-06-28T18:10:49,ul,ue7,1503527,1462764.038507092,1.462764
2026-06-28T18:10:49,ul,ue8,1503539,1402407.152589792,1.402407
2026-06-28T18:10:54,ul,cu_cp1,1502443,395377.08447066246,0.395377
2026-06-28T18:10:54,ul,cu_up1,1502470,413852.65602837445,0.413853
2026-06-28T18:10:54,ul,cu_cp2,1502499,391681.97683477344,0.391682
2026-06-28T18:10:54,ul,cu_up2,1502507,413852.65602837445,0.413853
2026-06-28T18:10:54,ul,du1,1502669,3983331.9060633373,3.983332
2026-06-28T18:10:54,ul,du2,1503457,4001807.7112689163,4.001808
2026-06-28T18:10:54,ul,ue1,1502734,1466959.8676570226,1.466960
2026-06-28T18:10:54,ul,ue2,1502746,1563032.9332162715,1.563033
2026-06-28T18:10:54,ul,ue3,1502758,1496520.8622572017,1.496521
2026-06-28T18:10:54,ul,ue4,1502770,1248948.2501134349,1.248948
2026-06-28T18:10:54,ul,ue5,1503503,1478045.1905646897,1.478045
2026-06-28T18:10:54,ul,ue6,1503515,1444789.2218416883,1.444789
2026-06-28T18:10:54,ul,ue7,1503527,1478045.1905646897,1.478045
2026-06-28T18:10:54,ul,ue8,1503539,1426313.683662243,1.426314
2026-06-28T18:10:59,ul,cu_cp1,1502443,395674.2407238579,0.395674
2026-06-28T18:10:59,ul,cu_up1,1502470,414163.7043573332,0.414164
2026-06-28T18:10:59,ul,cu_cp2,1502499,388278.50210922,0.388279
2026-06-28T18:10:59,ul,cu_up2,1502507,410465.81832188845,0.410466
2026-06-28T18:10:59,ul,du1,1502669,3930857.439184227,3.930857
2026-06-28T18:10:59,ul,du2,1503457,4067679.322864437,4.067679
2026-06-28T18:10:59,ul,ue1,1502734,1460666.6233570003,1.460667
2026-06-28T18:10:59,ul,ue2,1502746,1560509.7135952665,1.560510
2026-06-28T18:10:59,ul,ue3,1502758,1490249.7116405582,1.490250
2026-06-28T18:10:59,ul,ue4,1502770,1242491.1799845027,1.242491
2026-06-28T18:10:59,ul,ue5,1503503,1464364.6097612,1.464365
2026-06-28T18:10:59,ul,ue6,1503515,1431083.5350734424,1.431084
2026-06-28T18:10:59,ul,ue7,1503527,1475458.1674987793,1.475458
2026-06-28T18:10:59,ul,ue8,1503539,1405198.2993690777,1.405198
2026-06-28T18:11:05,ul,cu_cp1,1502443,388284.16697470576,0.388284
2026-06-28T18:11:05,ul,cu_up1,1502470,406773.8876257655,0.406774
2026-06-28T18:11:05,ul,cu_cp2,1502499,395680.04191414925,0.395680
2026-06-28T18:11:05,ul,cu_up2,1502507,417867.7000349307,0.417868
2026-06-28T18:11:05,ul,du1,1502669,3967894.3314580107,3.967894
2026-06-28T18:11:05,ul,du2,1503457,3978988.0439598225,3.978988
2026-06-28T18:11:05,ul,ue1,1502734,1464386.0354156971,1.464386
2026-06-28T18:11:05,ul,ue2,1502746,1542042.8221872067,1.542043
2026-06-28T18:11:05,ul,ue3,1502758,1475479.7479175092,1.475480
2026-06-28T18:11:05,ul,ue4,1502770,1260999.0416491376,1.260999
2026-06-28T18:11:05,ul,ue5,1503503,1468083.9395829677,1.468084
2026-06-28T18:11:05,ul,ue6,1503515,1456990.0938713516,1.456990
2026-06-28T18:11:05,ul,ue7,1503527,1479177.785294584,1.479178
2026-06-28T18:11:05,ul,ue8,1503539,1383031.2112671125,1.383031
2026-06-28T18:11:10,ul,cu_cp1,1502443,397265.6722337365,0.397266
2026-06-28T18:11:10,ul,cu_up1,1502470,415829.5208707023,0.415830
2026-06-28T18:11:10,ul,cu_cp2,1502499,393552.9292479873,0.393553
2026-06-28T18:11:10,ul,cu_up2,1502507,404691.2250593448,0.404691
2026-06-28T18:11:10,ul,du1,1502669,3935529.2256257627,3.935529
2026-06-28T18:11:10,ul,du2,1503457,4065476.232938633,4.065476
2026-06-28T18:11:10,ul,ue1,1502734,1470254.378558092,1.470254
2026-06-28T18:11:10,ul,ue2,1502746,1566786.097312231,1.566786
2026-06-28T18:11:10,ul,ue3,1502758,1522233.0477750206,1.522233
2026-06-28T18:11:10,ul,ue4,1502770,1258626.7581422997,1.258627
2026-06-28T18:11:10,ul,ue5,1503503,1440552.1672556591,1.440552
2026-06-28T18:11:10,ul,ue6,1503515,1421988.3854728031,1.421988
2026-06-28T18:11:10,ul,ue7,1503527,1496243.6463124466,1.496244
2026-06-28T18:11:10,ul,ue8,1503539,1421988.3854728031,1.421988
2026-06-28T18:11:16,ul,cu_cp1,1502443,394471.2736473972,0.394471
2026-06-28T18:11:16,ul,cu_up1,1502470,409940.7261128694,0.409941
2026-06-28T18:11:16,ul,cu_cp2,1502499,394471.2736473972,0.394471
2026-06-28T18:11:16,ul,cu_up2,1502507,417675.4860281563,0.417675
2026-06-28T18:11:16,ul,du1,1502669,4029794.6576689673,4.029795
2026-06-28T18:11:16,ul,du2,1503457,4045264.1101344395,4.045264
2026-06-28T18:11:16,ul,ue1,1502734,1446394.6139028715,1.446395
2026-06-28T18:11:16,ul,ue2,1502746,1585619.8208223248,1.585620
2026-06-28T18:11:16,ul,ue3,1502758,1500537.6975320245,1.500538
2026-06-28T18:11:16,ul,ue4,1502770,1206617.965957849,1.206618
2026-06-28T18:11:16,ul,ue5,1503503,1461864.0663683438,1.461864
2026-06-28T18:11:16,ul,ue6,1503515,1407720.982739191,1.407721
2026-06-28T18:11:16,ul,ue7,1503527,1516007.1499974965,1.516007
2026-06-28T18:11:16,ul,ue8,1503539,1438659.8876701356,1.438660
2026-06-28T18:11:21,ul,cu_cp1,1502443,388827.7402295113,0.388828
2026-06-28T18:11:21,ul,cu_up1,1502470,401576.1786487007,0.401576
2026-06-28T18:11:21,ul,cu_cp2,1502499,388827.7402295113,0.388828
2026-06-28T18:11:21,ul,cu_up2,1502507,407950.3978582954,0.407950
2026-06-28T18:11:21,ul,du1,1502669,3926522.7845425415,3.926523
2026-06-28T18:11:21,ul,du2,1503457,4066755.6071536257,4.066756
2026-06-28T18:11:21,ul,ue1,1502734,1440574.881165619,1.440575
2026-06-28T18:11:21,ul,ue2,1502746,1548936.7417084503,1.548937
2026-06-28T18:11:21,ul,ue3,1502758,1491568.7688220977,1.491569
2026-06-28T18:11:21,ul,ue4,1502770,1223851.160079956,1.223851
2026-06-28T18:11:21,ul,ue5,1503503,1472445.9772135925,1.472446
2026-06-28T18:11:21,ul,ue6,1503515,1408703.6511379243,1.408704
2026-06-28T18:11:21,ul,ue7,1503527,1504317.0732615662,1.504317
2026-06-28T18:11:21,ul,ue8,1503539,1427826.4427464295,1.427826
2026-06-28T18:11:27,ul,cu_cp1,1502443,400613.25561988505,0.400613
2026-06-28T18:11:27,ul,cu_up1,1502470,417076.85694200546,0.417077
2026-06-28T18:11:27,ul,cu_cp2,1502499,400613.25561988505,0.400613
2026-06-28T18:11:27,ul,cu_up2,1502507,411588.98983463197,0.411589
2026-06-28T18:11:27,ul,du1,1502669,3995157.0238973377,3.995157
2026-06-28T18:11:27,ul,du2,1503457,4137841.030253756,4.137841
2026-06-28T18:11:27,ul,ue1,1502734,1492696.0841585398,1.492696
2026-06-28T18:11:27,ul,ue2,1502746,1585989.5557662428,1.585990
2026-06-28T18:11:27,ul,ue3,1502758,1509159.5508718372,1.509160
2026-06-28T18:11:27,ul,ue4,1502770,1278669.6707974435,1.278670
2026-06-28T18:11:27,ul,ue5,1503503,1503671.6837644638,1.503672
2026-06-28T18:11:27,ul,ue6,1503515,1443305.4148010015,1.443305
2026-06-28T18:11:27,ul,ue7,1503527,1509159.5508718372,1.509160
2026-06-28T18:11:27,ul,ue8,1503539,1437817.5476936281,1.437818
2026-06-28T18:11:32,ul,cu_cp1,1502443,396299.9082953766,0.396300
2026-06-28T18:11:32,ul,cu_up1,1502470,409848.6047709265,0.409849
2026-06-28T18:11:32,ul,cu_cp2,1502499,396299.9082953766,0.396300
2026-06-28T18:11:32,ul,cu_up2,1502507,416622.9530087015,0.416623
2026-06-28T18:11:32,ul,du1,1502669,3976547.8464775085,3.976548
2026-06-28T18:11:32,ul,du2,1503457,4057840.025330808,4.057840
2026-06-28T18:11:32,ul,ue1,1502734,1456486.8155192041,1.456487
2026-06-28T18:11:32,ul,ue2,1502746,1558102.1061340212,1.558102
2026-06-28T18:11:32,ul,ue3,1502758,1507294.4608266128,1.507294
2026-06-28T18:11:32,ul,ue4,1502770,1249868.9595983934,1.249869
2026-06-28T18:11:32,ul,ue5,1503503,1449712.4002332366,1.449712
2026-06-28T18:11:32,ul,ue6,1503515,1449712.4002332366,1.449712
2026-06-28T18:11:32,ul,ue7,1503527,1483584.208470304,1.483584
2026-06-28T18:11:32,ul,ue8,1503539,1432776.5631628954,1.432777
2026-06-28T18:11:38,ul,cu_cp1,1502443,397524.602648437,0.397525
2026-06-28T18:11:38,ul,cu_up1,1502470,417910.48143286706,0.417910
2026-06-28T18:11:38,ul,cu_cp2,1502499,394126.9337523997,0.394127
2026-06-28T18:11:38,ul,cu_up2,1502507,417910.48143286706,0.417910
2026-06-28T18:11:38,ul,du1,1502669,4005824.878308964,4.005825
2026-06-28T18:11:38,ul,du2,1503457,4063584.946710062,4.063585
2026-06-28T18:11:38,ul,ue1,1502734,1443999.556558752,1.444000
2026-06-28T18:11:38,ul,ue2,1502746,1613881.85733037,1.613882
2026-06-28T18:11:38,ul,ue3,1502758,1491566.7192155838,1.491567
2026-06-28T18:11:38,ul,ue4,1502770,1243538.5385543345,1.243539
2026-06-28T18:11:38,ul,ue5,1503503,1494964.2198718786,1.494964
2026-06-28T18:11:38,ul,ue6,1503515,1454192.4623030187,1.454192
2026-06-28T18:11:38,ul,ue7,1503527,1477976.0436314344,1.477976
2026-06-28T18:11:38,ul,ue8,1503539,1430409.0155663968,1.430409
2026-06-28T18:11:43,ul,cu_cp1,1502443,391639.98844425677,0.391640
2026-06-28T18:11:43,ul,cu_up1,1502470,408521.0189609051,0.408521
2026-06-28T18:11:43,ul,cu_cp2,1502499,395016.2079572558,0.395016
2026-06-28T18:11:43,ul,cu_up2,1502507,415273.4579869032,0.415273
2026-06-28T18:11:43,ul,du1,1502669,3940033.353985214,3.940033
2026-06-28T18:11:43,ul,du2,1503457,4091962.762731743,4.091963
2026-06-28T18:11:43,ul,ue1,1502734,1428135.4230824946,1.428135
2026-06-28T18:11:43,ul,ue2,1502746,1569936.2403383732,1.569936
2026-06-28T18:11:43,ul,ue3,1502758,1478778.6487291337,1.478779
2026-06-28T18:11:43,ul,ue4,1502770,1262701.4044773579,1.262701
2026-06-28T18:11:43,ul,ue5,1503503,1478778.6487291337,1.478779
2026-06-28T18:11:43,ul,ue6,1503515,1438264.148669839,1.438264
2026-06-28T18:11:43,ul,ue7,1503527,1502411.984175086,1.502412
2026-06-28T18:11:43,ul,ue8,1503539,1421383.1181531907,1.421383
2026-06-28T18:11:49,ul,cu_cp1,1502443,400750.62142966094,0.400751
2026-06-28T18:11:49,ul,cu_up1,1502470,408037.01107525826,0.408037
2026-06-28T18:11:49,ul,cu_cp2,1502499,393464.26549565495,0.393464
2026-06-28T18:11:49,ul,cu_up2,1502507,415323.36700926424,0.415323
2026-06-28T18:11:49,ul,du1,1502669,3992933.56985178,3.992934
2026-06-28T18:11:49,ul,du2,1503457,4022078.993587804,4.022079
2026-06-28T18:11:49,ul,ue1,1502734,1479134.0977246284,1.479134
2026-06-28T18:11:49,ul,ue2,1502746,1581143.350493443,1.581143
2026-06-28T18:11:49,ul,ue3,1502758,1522852.3681750298,1.522852
2026-06-28T18:11:49,ul,ue4,1502770,1278758.8712887764,1.278759
2026-06-28T18:11:49,ul,ue5,1503503,1468204.5301120281,1.468205
2026-06-28T18:11:49,ul,ue6,1503515,1431772.6830188155,1.431773
2026-06-28T18:11:49,ul,ue7,1503527,1493706.9444390058,1.493707
2026-06-28T18:11:49,ul,ue8,1503539,1435415.827274227,1.435416
2026-06-28T18:11:54,ul,cu_cp1,1502443,392731.4912983954,0.392731
2026-06-28T18:11:54,ul,cu_up1,1502470,418913.61326859356,0.418914
2026-06-28T18:11:54,ul,cu_cp2,1502499,400212.09274338663,0.400212
2026-06-28T18:11:54,ul,cu_up2,1502507,411432.97799814463,0.411433
2026-06-28T18:11:54,ul,du1,1502669,4028302.981753149,4.028303
2026-06-28T18:11:54,ul,du2,1503457,4088147.793313079,4.088148
2026-06-28T18:11:54,ul,ue1,1502734,1473678.1802341533,1.473678
2026-06-28T18:11:54,ul,ue2,1502746,1574666.2490033484,1.574666
2026-06-28T18:11:54,ul,ue3,1502758,1544743.8432233834,1.544744
2026-06-28T18:11:54,ul,ue4,1502770,1275442.32650553,1.275442
2026-06-28T18:11:54,ul,ue5,1503503,1473678.1802341533,1.473678
2026-06-28T18:11:54,ul,ue6,1503515,1428794.6392151213,1.428795
2026-06-28T18:11:54,ul,ue7,1503527,1522302.005062952,1.522302
2026-06-28T18:11:54,ul,ue8,1503539,1447496.0582639552,1.447496
2026-06-28T18:12:00,ul,cu_cp1,1502443,396844.8961812615,0.396845
2026-06-28T18:12:00,ul,cu_up1,1502470,411820.1555176258,0.411820
2026-06-28T18:12:00,ul,cu_cp2,1502499,393101.0391078472,0.393101
2026-06-28T18:12:00,ul,cu_up2,1502507,404332.5089537144,0.404333
2026-06-28T18:12:00,ul,du1,1502669,4024606.243459034,4.024606
2026-06-28T18:12:00,ul,du2,1503457,4091994.792202568,4.091995
2026-06-28T18:12:00,ul,ue1,1502734,1501271.6492400647,1.501272
2026-06-28T18:12:00,ul,ue2,1502746,1568660.4683152675,1.568660
2026-06-28T18:12:00,ul,ue3,1502758,1531222.2354957103,1.531222
2026-06-28T18:12:00,ul,ue4,1502770,1257923.4062446118,1.257923
2026-06-28T18:12:00,ul,ue5,1503503,1460089.5931385518,1.460090
2026-06-28T18:12:00,ul,ue6,1503515,1418907.5370370387,1.418908
2026-06-28T18:12:00,ul,ue7,1503527,1508759.295803976,1.508759
2026-06-28T18:12:00,ul,ue8,1503539,1456345.9050224305,1.456346
2026-06-28T18:12:05,ul,cu_cp1,1502443,402029.88204335154,0.402030
2026-06-28T18:12:05,ul,cu_up1,1502470,413301.7380846879,0.413302
2026-06-28T18:12:05,ul,cu_cp2,1502499,398272.57412189397,0.398273
2026-06-28T18:12:05,ul,cu_up2,1502507,417059.0121446273,0.417059
2026-06-28T18:12:05,ul,du1,1502669,3997754.7697356604,3.997755
2026-06-28T18:12:05,ul,du2,1503457,4069143.2477666545,4.069143
2026-06-28T18:12:05,ul,ue1,1502734,1457827.8885454666,1.457828
2026-06-28T18:12:05,ul,ue2,1502746,1585575.748367697,1.585576
2026-06-28T18:12:05,ul,ue3,1502758,1521701.8184565818,1.521702
2026-06-28T18:12:05,ul,ue4,1502770,1266206.234258194,1.266206
2026-06-28T18:12:05,ul,ue5,1503503,1465342.4366653454,1.465342
2026-06-28T18:12:05,ul,ue6,1503515,1454070.6144855274,1.454071
2026-06-28T18:12:05,ul,ue7,1503527,1506672.7222168243,1.506673
2026-06-28T18:12:05,ul,ue8,1503539,1446556.0663656485,1.446556
2026-06-28T18:12:10,ul,cu_cp1,1502443,462294.34055338026,0.462294
2026-06-28T18:12:10,ul,cu_up1,1502470,472344.2248849869,0.472344
2026-06-28T18:12:10,ul,cu_cp2,1502499,462294.34055338026,0.462294
2026-06-28T18:12:10,ul,cu_up2,1502507,472344.2248849869,0.472344
2026-06-28T18:12:10,ul,du1,1502669,4421946.095235586,4.421946
2026-06-28T18:12:10,ul,du2,1503457,4612893.709369154,4.612894
2026-06-28T18:12:10,ul,ue1,1502734,1618030.2107535268,1.618030
2026-06-28T18:12:10,ul,ue2,1502746,1808977.8248870946,1.808978
2026-06-28T18:12:10,ul,ue3,1502758,1698429.2854063797,1.698429
2026-06-28T18:12:10,ul,ue4,1502770,1447182.290016389,1.447182
2026-06-28T18:12:10,ul,ue5,1503503,1678329.5920099497,1.678330
2026-06-28T18:12:10,ul,ue6,1503515,1607980.439322095,1.607980
2026-06-28T18:12:10,ul,ue7,1503527,1718529.1293363762,1.718529
2026-06-28T18:12:10,ul,ue8,1503539,1597930.5173570968,1.597931
2026-06-28T18:12:16,ul,cu_cp1,1502443,436680.5528263682,0.436681
2026-06-28T18:12:16,ul,cu_up1,1502470,467872.0441987181,0.467872
2026-06-28T18:12:16,ul,cu_cp2,1502499,452276.3166451281,0.452276
2026-06-28T18:12:16,ul,cu_up2,1502507,460074.1622893381,0.460074
2026-06-28T18:12:16,ul,du1,1502669,4320018.4543984225,4.320018
2026-06-28T18:12:16,ul,du2,1503457,4507167.330102181,4.507167
2026-06-28T18:12:16,ul,ue1,1502734,1621956.3908767533,1.621956
2026-06-28T18:12:16,ul,ue2,1502746,1746722.2113054728,1.746722
2026-06-28T18:12:16,ul,ue3,1502758,1684339.3010911131,1.684339
2026-06-28T18:12:16,ul,ue4,1502770,1388020.3687773943,1.388020
2026-06-28T18:12:16,ul,ue5,1503503,1567371.3625717736,1.567371
2026-06-28T18:12:16,ul,ue6,1503515,1567371.3625717736,1.567371
2026-06-28T18:12:16,ul,ue7,1503527,1660945.6553629732,1.660946
2026-06-28T18:12:16,ul,ue8,1503539,1543977.7168436337,1.543978
2026-06-28T18:12:21,ul,cu_cp1,1502443,438949.3065148723,0.438949
2026-06-28T18:12:21,ul,cu_up1,1502470,452052.27575470624,0.452052
2026-06-28T18:12:21,ul,cu_cp2,1502499,438949.3065148723,0.438949
2026-06-28T18:12:21,ul,cu_up2,1502507,438949.3065148723,0.438949
2026-06-28T18:12:21,ul,du1,1502669,4356735.406576433,4.356735
2026-06-28T18:12:21,ul,du2,1503457,4291220.669056973,4.291221
2026-06-28T18:12:21,ul,ue1,1502734,1578907.231888156,1.578907
2026-06-28T18:12:21,ul,ue2,1502746,1742694.2205930853,1.742694
2026-06-28T18:12:21,ul,ue3,1502758,1657524.9748740196,1.657525
2026-06-28T18:12:21,ul,ue4,1502770,1408568.5955437445,1.408569
2026-06-28T18:12:21,ul,ue5,1503503,1506840.8467292143,1.506841
2026-06-28T18:12:21,ul,ue6,1503515,1546149.718222146,1.546150
2026-06-28T18:12:21,ul,ue7,1503527,1683730.9858068274,1.683731
2026-06-28T18:12:21,ul,ue8,1503539,1605113.0979146839,1.605113
2026-06-28T18:12:27,ul,cu_cp1,1502443,432312.79749216913,0.432313
2026-06-28T18:12:27,ul,cu_up1,1502470,446844.3222256297,0.446844
2026-06-28T18:12:27,ul,cu_cp2,1502499,432312.79749216913,0.432313
2026-06-28T18:12:27,ul,cu_up2,1502507,435945.66962863685,0.435946
2026-06-28T18:12:27,ul,du1,1502669,4308596.341625461,4.308596
2026-06-28T18:12:27,ul,du2,1503457,4232305.95438446,4.232306
2026-06-28T18:12:27,ul,ue1,1502734,1500379.593994596,1.500380
2026-06-28T18:12:27,ul,ue2,1502746,1794643.0331754542,1.794643
2026-06-28T18:12:27,ul,ue3,1502758,1696555.2683652877,1.696555
2026-06-28T18:12:27,ul,ue4,1502770,1355064.41903517,1.355064
2026-06-28T18:12:27,ul,ue5,1503503,1391393.2851502062,1.391393
2026-06-28T18:12:27,ul,ue6,1503515,1376861.7966043353,1.376862
2026-06-28T18:12:27,ul,ue7,1503527,1827338.9547788429,1.827339
2026-06-28T18:12:27,ul,ue8,1503539,1729251.1899686765,1.729251
