timestamp,phase,component,pid,microwatts,watts
2026-06-28T18:40:28,idle,cu_cp1,1555780,336564.08570822416,0.336564
2026-06-28T18:40:28,idle,cu_up1,1555809,343228.70706457255,0.343229
2026-06-28T18:40:28,idle,cu_cp2,1555817,339896.4114334756,0.339896
2026-06-28T18:40:28,idle,cu_up2,1555844,336564.08570822416,0.336564
2026-06-28T18:40:28,idle,du1,1556005,3082394.013072195,3.082394
2026-06-28T18:40:28,idle,du2,1556775,3082394.013072195,3.082394
2026-06-28T18:40:28,idle,ue1,1556072,863070.3766259265,0.863070
2026-06-28T18:40:28,idle,ue2,1556084,843076.3620861089,0.843076
2026-06-28T18:40:28,idle,ue3,1556096,833079.4450986636,0.833079
2026-06-28T18:40:28,idle,ue4,1556108,846408.7479996693,0.846409
2026-06-28T18:40:28,idle,ue5,1556839,879731.8848755658,0.879732
2026-06-28T18:40:28,idle,ue6,1556851,856405.7251754237,0.856406
2026-06-28T18:40:28,idle,ue7,1556863,886396.5363260687,0.886397
2026-06-28T18:40:28,idle,ue8,1556875,873067.2334250628,0.873067
2026-06-28T18:40:34,idle,cu_cp1,1555780,339793.61932289955,0.339794
2026-06-28T18:40:34,idle,cu_up1,1555809,336462.3199463904,0.336462
2026-06-28T18:40:34,idle,cu_cp2,1555817,329799.6911122897,0.329800
2026-06-28T18:40:34,idle,cu_up2,1555844,336462.3199463904,0.336462
2026-06-28T18:40:34,idle,du1,1556005,3051480.095477407,3.051480
2026-06-28T18:40:34,idle,du2,1556775,3088124.388619008,3.088124
2026-06-28T18:40:34,idle,ue1,1556072,869471.9047284686,0.869472
2026-06-28T18:40:34,idle,ue2,1556084,842821.4495542306,0.842821
2026-06-28T18:40:34,idle,ue3,1556096,782857.8802905715,0.782858
2026-06-28T18:40:34,idle,ue4,1556108,826164.89250952,0.826165
2026-06-28T18:40:34,idle,ue5,1556839,849484.048307249,0.849484
2026-06-28T18:40:34,idle,ue6,1556851,832827.4912625385,0.832827
2026-06-28T18:40:34,idle,ue7,1556863,849484.048307249,0.849484
2026-06-28T18:40:34,idle,ue8,1556875,856146.7072224319,0.856147
2026-06-28T18:40:39,idle,cu_cp1,1555780,340260.00432030024,0.340260
2026-06-28T18:40:39,idle,cu_up1,1555809,336924.1074391705,0.336924
2026-06-28T18:40:39,idle,cu_cp2,1555817,340260.00432030024,0.340260
2026-06-28T18:40:39,idle,cu_up2,1555844,340260.00432030024,0.340260
2026-06-28T18:40:39,idle,du1,1556005,3042324.6877501057,3.042325
2026-06-28T18:40:39,idle,du2,1556775,3082355.2090902044,3.082355
2026-06-28T18:40:39,idle,ue1,1556072,850649.9655694771,0.850650
2026-06-28T18:40:39,idle,ue2,1556084,840642.3352344525,0.840642
2026-06-28T18:40:39,idle,ue3,1556096,793940.0201320946,0.793940
2026-06-28T18:40:39,idle,ue4,1556108,840642.3352344525,0.840642
2026-06-28T18:40:39,idle,ue5,1556839,847314.1289967119,0.847314
2026-06-28T18:40:39,idle,ue6,1556851,847314.1289967119,0.847314
2026-06-28T18:40:39,idle,ue7,1556863,837306.4383533228,0.837306
2026-06-28T18:40:39,idle,ue8,1556875,840642.3352344525,0.840642
2026-06-28T18:40:45,idle,cu_cp1,1555780,343617.4444708395,0.343617
2026-06-28T18:40:45,idle,cu_up1,1555809,343617.4444708395,0.343617
2026-06-28T18:40:45,idle,cu_cp2,1555817,336945.25172993186,0.336945
2026-06-28T18:40:45,idle,cu_up2,1555844,343617.4444708395,0.343617
2026-06-28T18:40:45,idle,du1,1556005,3039179.6389425085,3.039180
2026-06-28T18:40:45,idle,du2,1556775,2979129.783852863,2.979130
2026-06-28T18:40:45,idle,ue1,1556072,827350.7558685255,0.827351
2026-06-28T18:40:45,idle,ue2,1556084,837359.044979887,0.837359
2026-06-28T18:40:45,idle,ue3,1556096,844031.2377207946,0.844031
2026-06-28T18:40:45,idle,ue4,1556108,864047.6955220413,0.864048
2026-06-28T18:40:45,idle,ue5,1556839,844031.2377207946,0.844031
2026-06-28T18:40:45,idle,ue6,1556851,880728.2375850487,0.880728
2026-06-28T18:40:45,idle,ue7,1556863,814006.3703867102,0.814006
2026-06-28T18:40:45,idle,ue8,1556875,857375.6232026101,0.857376
2026-06-28T18:40:50,idle,cu_cp1,1555780,347177.6330485669,0.347178
2026-06-28T18:40:50,idle,cu_up1,1555809,340501.1174915689,0.340501
2026-06-28T18:40:50,idle,cu_cp2,1555817,340501.1174915689,0.340501
2026-06-28T18:40:50,idle,cu_up2,1555844,347177.6330485669,0.347178
2026-06-28T18:40:50,idle,du1,1556005,3017774.7801935603,3.017775
2026-06-28T18:40:50,idle,du2,1556775,3057833.5720187975,3.057834
2026-06-28T18:40:50,idle,ue1,1556072,841238.065620938,0.841238
2026-06-28T18:40:50,idle,ue2,1556084,857929.3695892703,0.857929
2026-06-28T18:40:50,idle,ue3,1556096,851252.8238805974,0.851253
2026-06-28T18:40:50,idle,ue4,1556108,847914.5510262608,0.847915
2026-06-28T18:40:50,idle,ue5,1556839,831223.3676646287,0.831223
2026-06-28T18:40:50,idle,ue6,1556851,841238.065620938,0.841238
2026-06-28T18:40:50,idle,ue7,1556863,857929.3695892703,0.857929
2026-06-28T18:40:50,idle,ue8,1556875,844576.2781719244,0.844576
2026-06-28T18:40:55,idle,cu_cp1,1555780,338693.36215532897,0.338693
2026-06-28T18:40:55,idle,cu_up1,1555809,338693.36215532897,0.338693
2026-06-28T18:40:55,idle,cu_cp2,1555817,330629.2496605849,0.330629
2026-06-28T18:40:55,idle,cu_up2,1555844,338693.36215532897,0.338693
2026-06-28T18:40:55,idle,du1,1556005,3136945.557542629,3.136946
2026-06-28T18:40:55,idle,du2,1556775,3064368.4540362074,3.064368
2026-06-28T18:40:55,idle,ue1,1556072,854797.5027074456,0.854798
2026-06-28T18:40:55,idle,ue2,1556084,862861.6455534315,0.862862
2026-06-28T18:40:55,idle,ue3,1556096,862861.6455534315,0.862862
2026-06-28T18:40:55,idle,ue4,1556108,838669.2777179575,0.838669
2026-06-28T18:40:55,idle,ue5,1556839,814476.9098824835,0.814477
2026-06-28T18:40:55,idle,ue6,1556851,878989.8705429196,0.878990
2026-06-28T18:40:55,idle,ue7,1556863,887054.0133889056,0.887054
2026-06-28T18:40:55,idle,ue8,1556875,862861.6455534315,0.862862
2026-06-28T18:41:01,idle,cu_cp1,1555780,343676.2295993328,0.343676
2026-06-28T18:41:01,idle,cu_up1,1555809,343676.2295993328,0.343676
2026-06-28T18:41:01,idle,cu_cp2,1555817,337067.07133780717,0.337067
2026-06-28T18:41:01,idle,cu_up2,1555844,337067.07133780717,0.337067
2026-06-28T18:41:01,idle,du1,1556005,3172395.965532303,3.172396
2026-06-28T18:41:01,idle,du2,1556775,3053431.1774634933,3.053431
2026-06-28T18:41:01,idle,ue1,1556072,845972.3181139326,0.845972
2026-06-28T18:41:01,idle,ue2,1556084,786489.863440876,0.786490
2026-06-28T18:41:01,idle,ue3,1556096,845972.3181139326,0.845972
2026-06-28T18:41:01,idle,ue4,1556108,832753.9409522295,0.832754
2026-06-28T18:41:01,idle,ue5,1556839,865799.7019405317,0.865800
2026-06-28T18:41:01,idle,ue6,1556851,892236.3956252862,0.892236
2026-06-28T18:41:01,idle,ue7,1556863,885627.2070444345,0.885627
2026-06-28T18:41:01,idle,ue8,1556875,852581.4460561323,0.852581
2026-06-28T18:41:06,idle,cu_cp1,1555780,339564.89102039573,0.339565
2026-06-28T18:41:06,idle,cu_up1,1555809,339564.89102039573,0.339565
2026-06-28T18:41:06,idle,cu_cp2,1555817,328431.6089718747,0.328432
2026-06-28T18:41:06,idle,cu_up2,1555844,328431.6089718747,0.328432
2026-06-28T18:41:06,idle,du1,1556005,3106183.879027405,3.106184
2026-06-28T18:41:06,idle,du2,1556775,3089483.895537624,3.089484
2026-06-28T18:41:06,idle,ue1,1556072,834995.6703030872,0.834996
2026-06-28T18:41:06,idle,ue2,1556084,846128.9523516083,0.846129
2026-06-28T18:41:06,idle,ue3,1556096,862828.8754243898,0.862829
2026-06-28T18:41:06,idle,ue4,1556108,818295.7472303057,0.818296
2026-06-28T18:41:06,idle,ue5,1556839,846128.9523516083,0.846129
2026-06-28T18:41:06,idle,ue6,1556851,834995.6703030872,0.834996
2026-06-28T18:41:06,idle,ue7,1556863,851695.5329588699,0.851696
2026-06-28T18:41:06,idle,ue8,1556875,851695.5329588699,0.851696
2026-06-28T18:41:12,idle,cu_cp1,1555780,346353.5008843589,0.346354
2026-06-28T18:41:12,idle,cu_up1,1555809,340223.349088732,0.340223
2026-06-28T18:41:12,idle,cu_cp2,1555817,343288.40987283346,0.343288
2026-06-28T18:41:12,idle,cu_up2,1555844,337158.2580772066,0.337158
2026-06-28T18:41:12,idle,du1,1556005,3012969.0181158446,3.012969
2026-06-28T18:41:12,idle,du2,1556775,3120246.629198179,3.120247
2026-06-28T18:41:12,idle,ue1,1556072,845960.7664319659,0.845961
2026-06-28T18:41:12,idle,ue2,1556084,855156.0092391181,0.855156
2026-06-28T18:41:12,idle,ue3,1556096,836765.5840796614,0.836766
2026-06-28T18:41:12,idle,ue4,1556108,858221.0700232196,0.858221
2026-06-28T18:41:12,idle,ue5,1556839,885806.7379898286,0.885807
2026-06-28T18:41:12,idle,ue6,1556851,855156.0092391181,0.855156
2026-06-28T18:41:12,idle,ue7,1556863,873546.4948534226,0.873546
2026-06-28T18:41:12,idle,ue8,1556875,870481.3131596255,0.870481
2026-06-28T18:41:22,idle,cu_cp1,1555780,346057.8300264662,0.346058
2026-06-28T18:41:22,idle,cu_up1,1555809,346057.8300264662,0.346058
2026-06-28T18:41:22,idle,cu_cp2,1555817,349291.9913442323,0.349292
2026-06-28T18:41:22,idle,cu_up2,1555844,346057.8300264662,0.346058
2026-06-28T18:41:22,idle,du1,1556005,3049836.5789586282,3.049837
2026-06-28T18:41:22,idle,du2,1556775,3091880.8272087337,3.091881
2026-06-28T18:41:22,idle,ue1,1556072,860293.257529943,0.860293
2026-06-28T18:41:22,idle,ue2,1556084,847356.4913635611,0.847356
2026-06-28T18:41:22,idle,ue3,1556096,886166.7294150478,0.886167
2026-06-28T18:41:22,idle,ue4,1556108,866761.6406131339,0.866762
2026-06-28T18:41:22,idle,ue5,1556839,863527.3886238795,0.863527
2026-06-28T18:41:22,idle,ue6,1556851,873230.0236963248,0.873230
2026-06-28T18:41:22,idle,ue7,1556863,818248.767489202,0.818249
2026-06-28T18:41:22,idle,ue8,1556875,853824.874446752,0.853825
2026-06-28T18:41:28,idle,cu_cp1,1555780,335767.4151601669,0.335767
2026-06-28T18:41:28,idle,cu_up1,1555809,344924.7250290382,0.344925
2026-06-28T18:41:28,idle,cu_cp2,1555817,338819.86183828977,0.338820
2026-06-28T18:41:28,idle,cu_up2,1555844,335767.4151601669,0.335767
2026-06-28T18:41:28,idle,du1,1556005,3031064.166972363,3.031064
2026-06-28T18:41:28,idle,du2,1556775,3049378.726379111,3.049379
2026-06-28T18:41:28,idle,ue1,1556072,833313.6596269202,0.833314
2026-06-28T18:41:28,idle,ue2,1556084,851628.2793646627,0.851628
2026-06-28T18:41:28,idle,ue3,1556096,842470.9393302941,0.842471
2026-06-28T18:41:28,idle,ue4,1556108,811946.7138730442,0.811947
2026-06-28T18:41:28,idle,ue5,1556839,879100.1788057792,0.879100
2026-06-28T18:41:28,idle,ue6,1556851,854680.7260427857,0.854681
2026-06-28T18:41:28,idle,ue7,1556863,842470.9393302941,0.842471
2026-06-28T18:41:28,idle,ue8,1556875,848575.8326865399,0.848576
2026-06-28T18:41:33,idle,cu_cp1,1555780,340811.5670522508,0.340812
2026-06-28T18:41:33,idle,cu_up1,1555809,340811.5670522508,0.340812
2026-06-28T18:41:33,idle,cu_cp2,1555817,343881.94697577594,0.343882
2026-06-28T18:41:33,idle,cu_up2,1555844,340811.5670522508,0.340812
2026-06-28T18:41:33,idle,du1,1556005,3058092.9636996817,3.058093
2026-06-28T18:41:33,idle,du2,1556775,3033529.9243114805,3.033530
2026-06-28T18:41:33,idle,ue1,1556072,844352.9980447661,0.844353
2026-06-28T18:41:33,idle,ue2,1556084,853564.0471464854,0.853564
2026-06-28T18:41:33,idle,ue3,1556096,865845.6272864902,0.865846
2026-06-28T18:41:33,idle,ue4,1556108,853564.0471464854,0.853564
2026-06-28T18:41:33,idle,ue5,1556839,853564.0471464854,0.853564
2026-06-28T18:41:33,idle,ue6,1556851,881197.4966811639,0.881197
2026-06-28T18:41:33,idle,ue7,1556863,859704.8069935357,0.859705
2026-06-28T18:41:33,idle,ue8,1556875,865845.6272864902,0.865846
2026-06-28T18:41:39,idle,cu_cp1,1555780,340493.1661518079,0.340493
2026-06-28T18:41:39,idle,cu_up1,1555809,347169.5039287269,0.347170
2026-06-28T18:41:39,idle,cu_cp2,1555817,343831.31992250204,0.343831
2026-06-28T18:41:39,idle,cu_up2,1555844,337154.982145583,0.337155
2026-06-28T18:41:39,idle,du1,1556005,3031056.56459743,3.031057
2026-06-28T18:41:39,idle,du2,1556775,3031056.56459743,3.031057
2026-06-28T18:41:39,idle,ue1,1556072,837880.2549434471,0.837880
2026-06-28T18:41:39,idle,ue2,1556084,841218.438949672,0.841218
2026-06-28T18:41:39,idle,ue3,1556096,824527.579389609,0.824528
2026-06-28T18:41:39,idle,ue4,1556108,864585.5455800616,0.864586
2026-06-28T18:41:39,idle,ue5,1556839,861247.3615738368,0.861247
2026-06-28T18:41:39,idle,ue6,1556851,871261.8531214499,0.871262
2026-06-28T18:41:39,idle,ue7,1556863,871261.8531214499,0.871262
2026-06-28T18:41:39,idle,ue8,1556875,861247.3615738368,0.861247
2026-06-28T18:41:44,idle,cu_cp1,1555780,340483.8564814609,0.340484
2026-06-28T18:41:44,idle,cu_up1,1555809,343854.9813655603,0.343855
2026-06-28T18:41:44,idle,cu_cp2,1555817,343854.9813655603,0.343855
2026-06-28T18:41:44,idle,cu_up2,1555844,337112.73159736156,0.337113
2026-06-28T18:41:44,idle,du1,1556005,3145261.6447546766,3.145262
2026-06-28T18:41:44,idle,du2,1556775,3077839.1470726896,3.077839
2026-06-28T18:41:44,idle,ue1,1556072,836039.5792252052,0.836040
2026-06-28T18:41:44,idle,ue2,1556084,863008.6390948563,0.863009
2026-06-28T18:41:44,idle,ue3,1556096,856266.3285298013,0.856266
2026-06-28T18:41:44,idle,ue4,1556108,859637.4534139007,0.859637
2026-06-28T18:41:44,idle,ue5,1556839,873122.0137471545,0.873122
2026-06-28T18:41:44,idle,ue6,1556851,883235.3276025963,0.883235
2026-06-28T18:41:44,idle,ue7,1556863,876493.0778343976,0.876493
2026-06-28T18:41:44,idle,ue8,1556875,849524.0787616026,0.849524
2026-06-28T18:41:50,idle,cu_cp1,1555780,342173.26228391647,0.342173
2026-06-28T18:41:50,idle,cu_up1,1555809,348882.53004135133,0.348883
2026-06-28T18:41:50,idle,cu_cp2,1555817,342173.26228391647,0.342173
2026-06-28T18:41:50,idle,cu_up2,1555844,342173.26228391647,0.342173
2026-06-28T18:41:50,idle,du1,1556005,3086268.870974579,3.086269
2026-06-28T18:41:50,idle,du2,1556775,3066141.037369537,3.066141
2026-06-28T18:41:50,idle,ue1,1556072,848723.9334514618,0.848724
2026-06-28T18:41:50,idle,ue2,1556084,848723.9334514618,0.848724
2026-06-28T18:41:50,idle,ue3,1556096,855433.2315416336,0.855433
2026-06-28T18:41:50,idle,ue4,1556108,862142.4689663314,0.862142
2026-06-28T18:41:50,idle,ue5,1556839,808468.2055759048,0.808468
2026-06-28T18:41:50,idle,ue6,1556851,872206.3857688522,0.872206
2026-06-28T18:41:50,idle,ue7,1556863,895688.8380862427,0.895689
2026-06-28T18:41:50,idle,ue8,1556875,831950.6578932953,0.831951
2026-06-28T18:41:55,idle,cu_cp1,1555780,340693.11733192444,0.340693
2026-06-28T18:41:55,idle,cu_up1,1555809,347373.3934932327,0.347373
2026-06-28T18:41:55,idle,cu_cp2,1555817,340693.11733192444,0.340693
2026-06-28T18:41:55,idle,cu_up2,1555844,340693.11733192444,0.340693
2026-06-28T18:41:55,idle,du1,1556005,3056217.6417453573,3.056218
2026-06-28T18:41:55,idle,du2,1556775,3112999.989116478,3.113000
2026-06-28T18:41:55,idle,ue1,1556072,818331.5333851194,0.818332
2026-06-28T18:41:55,idle,ue2,1556084,835032.1633574653,0.835032
2026-06-28T18:41:55,idle,ue3,1556096,835032.1633574653,0.835032
2026-06-28T18:41:55,idle,ue4,1556108,868433.4837330818,0.868433
2026-06-28T18:41:55,idle,ue5,1556839,788270.351090157,0.788270
2026-06-28T18:41:55,idle,ue6,1556851,831692.0252768111,0.831692
2026-06-28T18:41:55,idle,ue7,1556863,828351.887196157,0.828352
2026-06-28T18:41:55,idle,ue8,1556875,818331.5333851194,0.818332
2026-06-28T18:42:00,idle,cu_cp1,1555780,351880.40977769345,0.351880
2026-06-28T18:42:00,idle,cu_up1,1555809,335513.89458628744,0.335514
2026-06-28T18:42:00,idle,cu_cp2,1555817,343697.15218199044,0.343697
2026-06-28T18:42:00,idle,cu_up2,1555844,351880.40977769345,0.351880
2026-06-28T18:42:00,idle,du1,1556005,3101457.5969461203,3.101458
2026-06-28T18:42:00,idle,du2,1556775,3076908.0058839917,3.076908
2026-06-28T18:42:00,idle,ue1,1556072,842876.319832325,0.842876
2026-06-28T18:42:00,idle,ue2,1556084,851059.6380030215,0.851060
2026-06-28T18:42:00,idle,ue3,1556096,867426.1531944275,0.867426
2026-06-28T18:42:00,idle,ue4,1556108,818326.4864702225,0.818326
2026-06-28T18:42:00,idle,ue5,1556839,875609.471365124,0.875609
2026-06-28T18:42:00,idle,ue6,1556851,834693.1228116155,0.834693
2026-06-28T18:42:00,idle,ue7,1556863,834693.1228116155,0.834693
2026-06-28T18:42:00,idle,ue8,1556875,867426.1531944275,0.867426
2026-06-28T18:42:06,idle,cu_cp1,1555780,344685.4230965513,0.344685
2026-06-28T18:42:06,idle,cu_up1,1555809,338056.84384762944,0.338057
2026-06-28T18:42:06,idle,cu_cp2,1555817,338056.84384762944,0.338057
2026-06-28T18:42:06,idle,cu_up2,1555844,338056.84384762944,0.338057
2026-06-28T18:42:06,idle,du1,1556005,3115425.936025615,3.115426
2026-06-28T18:42:06,idle,du2,1556775,3062397.5447637653,3.062398
2026-06-28T18:42:06,idle,ue1,1556072,808684.9692617893,0.808685
2026-06-28T18:42:06,idle,ue2,1556084,855085.0240042424,0.855085
2026-06-28T18:42:06,idle,ue3,1556096,868342.1218197048,0.868342
2026-06-28T18:42:06,idle,ue4,1556108,861713.5425707829,0.861714
2026-06-28T18:42:06,idle,ue5,1556839,881599.2196351672,0.881599
2026-06-28T18:42:06,idle,ue6,1556851,861713.5425707829,0.861714
2026-06-28T18:42:06,idle,ue7,1556863,888227.8595664704,0.888228
2026-06-28T18:42:06,idle,ue8,1556875,848456.3840729392,0.848456
2026-06-28T18:42:11,idle,cu_cp1,1555780,349053.96042322816,0.349054
2026-06-28T18:42:11,idle,cu_up1,1555809,349053.96042322816,0.349054
2026-06-28T18:42:11,idle,cu_cp2,1555817,343424.05489276827,0.343424
2026-06-28T18:42:11,idle,cu_up2,1555844,354683.86595368804,0.354684
2026-06-28T18:42:11,idle,du1,1556005,3051407.3377869795,3.051407
2026-06-28T18:42:11,idle,du2,1556775,3124595.866395912,3.124596
2026-06-28T18:42:11,idle,ue1,1556072,850115.2485253501,0.850115
2026-06-28T18:42:11,idle,ue2,1556084,861375.0595862699,0.861375
2026-06-28T18:42:11,idle,ue3,1556096,883894.7425298708,0.883895
2026-06-28T18:42:11,idle,ue4,1556108,861375.0595862699,0.861375
2026-06-28T18:42:11,idle,ue5,1556839,889524.6480603308,0.889525
2026-06-28T18:42:11,idle,ue6,1556851,895154.5535907906,0.895155
2026-06-28T18:42:11,idle,ue7,1556863,889524.6480603308,0.889525
2026-06-28T18:42:11,idle,ue8,1556875,833225.5319339704,0.833226
2026-06-28T18:42:17,idle,cu_cp1,1555780,354785.7868347913,0.354786
2026-06-28T18:42:17,idle,cu_up1,1555809,349925.751694113,0.349926
2026-06-28T18:42:17,idle,cu_cp2,1555817,349925.751694113,0.349926
2026-06-28T18:42:17,idle,cu_up2,1555844,340205.5902363807,0.340206
2026-06-28T18:42:17,idle,du1,1556005,3168771.966593981,3.168772
2026-06-28T18:42:17,idle,du2,1556775,3027829.5798686743,3.027830
2026-06-28T18:42:17,idle,ue1,1556072,850513.9603948891,0.850514
2026-06-28T18:42:17,idle,ue2,1556084,860234.0914604962,0.860234
2026-06-28T18:42:17,idle,ue3,1556096,850513.9603948891,0.850514
2026-06-28T18:42:17,idle,ue4,1556108,845653.8340778351,0.845654
2026-06-28T18:42:17,idle,ue5,1556839,835933.703012228,0.835934
2026-06-28T18:42:17,idle,ue6,1556851,869954.2833103538,0.869954
2026-06-28T18:42:17,idle,ue7,1556863,850513.9603948891,0.850514
2026-06-28T18:42:17,idle,ue8,1556875,806773.1882469058,0.806773
2026-06-28T18:42:22,idle,cu_cp1,1555780,341759.8380471164,0.341760
2026-06-28T18:42:22,idle,cu_up1,1555809,344838.7451011455,0.344839
2026-06-28T18:42:22,idle,cu_cp2,1555817,341759.8380471164,0.341760
2026-06-28T18:42:22,idle,cu_up2,1555844,350996.58960525336,0.350997
2026-06-28T18:42:22,idle,du1,1556005,3091233.016902094,3.091233
2026-06-28T18:42:22,idle,du2,1556775,3060444.007153902,3.060444
2026-06-28T18:42:22,idle,ue1,1556072,849781.2041406977,0.849781
2026-06-28T18:42:22,idle,ue2,1556084,846702.2666906189,0.846702
2026-06-28T18:42:22,idle,ue3,1556096,871333.6447070503,0.871334
2026-06-28T18:42:22,idle,ue4,1556108,843623.3900326395,0.843623
2026-06-28T18:42:22,idle,ue5,1556839,883649.2729231667,0.883649
2026-06-28T18:42:22,idle,ue6,1556851,877491.5196072077,0.877492
2026-06-28T18:42:22,idle,ue7,1556863,899043.8993814611,0.899044
2026-06-28T18:42:22,idle,ue8,1556875,843623.3900326395,0.843623
2026-06-28T18:42:28,idle,cu_cp1,1555780,345337.3618846232,0.345337
2026-06-28T18:42:28,idle,cu_up1,1555809,348420.69882220926,0.348421
2026-06-28T18:42:28,idle,cu_cp2,1555817,339170.6270871824,0.339171
2026-06-28T18:42:28,idle,cu_up2,1555844,345337.3618846232,0.345337
2026-06-28T18:42:28,idle,du1,1556005,3064868.9610738517,3.064869
2026-06-28T18:42:28,idle,du2,1556775,3098786.093843179,3.098786
2026-06-28T18:42:28,idle,ue1,1556072,847926.4915651202,0.847926
2026-06-28T18:42:28,idle,ue2,1556084,847926.4915651202,0.847926
2026-06-28T18:42:28,idle,ue3,1556096,881843.5634121788,0.881844
2026-06-28T18:42:28,idle,ue4,1556108,869510.1547395658,0.869510
2026-06-28T18:42:28,idle,ue5,1556839,884926.9612720334,0.884927
2026-06-28T18:42:28,idle,ue6,1556851,894177.093929329,0.894177
2026-06-28T18:42:28,idle,ue7,1556863,881843.5634121788,0.881844
2026-06-28T18:42:28,idle,ue8,1556875,829426.3480950665,0.829426
2026-06-28T18:42:33,idle,cu_cp1,1555780,346632.6887232328,0.346633
2026-06-28T18:42:33,idle,cu_up1,1555809,343537.77305215714,0.343538
2026-06-28T18:42:33,idle,cu_cp2,1555817,340442.85738108156,0.340443
2026-06-28T18:42:33,idle,cu_up2,1555844,340442.85738108156,0.340443
2026-06-28T18:42:33,idle,du1,1556005,3116599.496194296,3.116599
2026-06-28T18:42:33,idle,du2,1556775,3119694.259468031,3.119694
2026-06-28T18:42:33,idle,ue1,1556072,857296.9747948551,0.857297
2026-06-28T18:42:33,idle,ue2,1556084,851107.143452704,0.851107
2026-06-28T18:42:33,idle,ue3,1556096,857296.9747948551,0.857297
2026-06-28T18:42:33,idle,ue4,1556108,869676.6374791574,0.869677
2026-06-28T18:42:33,idle,ue5,1556839,854202.0286443115,0.854202
2026-06-28T18:42:33,idle,ue6,1556851,897531.0918751145,0.897531
2026-06-28T18:42:33,idle,ue7,1556863,860391.981904335,0.860392
2026-06-28T18:42:33,idle,ue8,1556875,813967.9115640521,0.813968
2026-06-28T18:42:39,idle,cu_cp1,1555780,340818.94526927767,0.340819
2026-06-28T18:42:39,idle,cu_up1,1555809,340818.94526927767,0.340819
2026-06-28T18:42:39,idle,cu_cp2,1555817,340818.94526927767,0.340819
2026-06-28T18:42:39,idle,cu_up2,1555844,347373.12934670446,0.347373
2026-06-28T18:42:39,idle,du1,1556005,3136189.608077302,3.136190
2026-06-28T18:42:39,idle,du2,1556775,3149298.0372651815,3.149298
2026-06-28T18:42:39,idle,ue1,1556072,858601.5625088775,0.858602
2026-06-28T18:42:39,idle,ue2,1556084,832384.7041331184,0.832385
2026-06-28T18:42:39,idle,ue3,1556096,874987.098993727,0.874987
2026-06-28T18:42:39,idle,ue4,1556108,874987.098993727,0.874987
2026-06-28T18:42:39,idle,ue5,1556839,822553.3212091827,0.822553
2026-06-28T18:42:39,idle,ue6,1556851,884818.3598516106,0.884818
2026-06-28T18:42:39,idle,ue7,1556863,865155.7160697913,0.865156
2026-06-28T18:42:39,idle,ue8,1556875,852047.3479149378,0.852047
2026-06-28T18:42:44,idle,cu_cp1,1555780,339920.6438107967,0.339921
2026-06-28T18:42:44,idle,cu_up1,1555809,343286.1998627454,0.343286
2026-06-28T18:42:44,idle,cu_cp2,1555817,333189.5317068994,0.333190
2026-06-28T18:42:44,idle,cu_up2,1555844,350017.31196664274,0.350017
2026-06-28T18:42:44,idle,du1,1556005,3099672.5886702063,3.099673
2026-06-28T18:42:44,idle,du2,1556775,3042458.04447484,3.042458
2026-06-28T18:42:44,idle,ue1,1556072,844753.3211051881,0.844753
2026-06-28T18:42:44,idle,ue2,1556084,844753.3211051881,0.844753
2026-06-28T18:42:44,idle,ue3,1556096,854849.9588236213,0.854850
2026-06-28T18:42:44,idle,ue4,1556108,868312.1221565902,0.868312
2026-06-28T18:42:44,idle,ue5,1556839,844753.3211051881,0.844753
2026-06-28T18:42:44,idle,ue6,1556851,861581.0709275187,0.861581
2026-06-28T18:42:44,idle,ue7,1556863,881774.3463643849,0.881774
2026-06-28T18:42:44,idle,ue8,1556875,844753.3211051881,0.844753
2026-06-28T18:42:49,idle,cu_cp1,1555780,344722.0567564607,0.344722
2026-06-28T18:42:49,idle,cu_up1,1555809,344722.0567564607,0.344722
2026-06-28T18:42:49,idle,cu_cp2,1555817,341342.4245585868,0.341342
2026-06-28T18:42:49,idle,cu_up2,1555844,344722.0567564607,0.344722
2026-06-28T18:42:49,idle,du1,1556005,3088979.859894743,3.088980
2026-06-28T18:42:49,idle,du2,1556775,3153192.780062916,3.153193
2026-06-28T18:42:49,idle,ue1,1556072,882082.9350783951,0.882083
2026-06-28T18:42:49,idle,ue2,1556084,868564.4062868995,0.868564
2026-06-28T18:42:49,idle,ue3,1556096,828008.8809733666,0.828009
2026-06-28T18:42:49,idle,ue4,1556108,848286.6130996561,0.848287
2026-06-28T18:42:49,idle,ue5,1556839,871944.0079542964,0.871944
2026-06-28T18:42:49,idle,ue6,1556851,882082.9350783951,0.882083
2026-06-28T18:42:49,idle,ue7,1556863,848286.6130996561,0.848287
2026-06-28T18:42:49,idle,ue8,1556875,838147.7470365113,0.838148
2026-06-28T18:42:55,idle,cu_cp1,1555780,345514.54225329665,0.345515
2026-06-28T18:42:55,idle,cu_up1,1555809,345514.54225329665,0.345515
2026-06-28T18:42:55,idle,cu_cp2,1555817,342127.1271201333,0.342127
2026-06-28T18:42:55,idle,cu_up2,1555844,348901.9268554539,0.348902
2026-06-28T18:42:55,idle,du1,1556005,3096081.1892160107,3.096081
2026-06-28T18:42:55,idle,du2,1556775,3157054.2952408767,3.157054
2026-06-28T18:42:55,idle,ue1,1556072,870561.109572053,0.870561
2026-06-28T18:42:55,idle,ue2,1556084,853624.156030261,0.853624
2026-06-28T18:42:55,idle,ue3,1556096,867173.6944388896,0.867174
2026-06-28T18:42:55,idle,ue4,1556108,863786.2793057263,0.863786
2026-06-28T18:42:55,idle,ue5,1556839,853624.156030261,0.853624
2026-06-28T18:42:55,idle,ue6,1556851,880723.2328475183,0.880723
2026-06-28T18:42:55,idle,ue7,1556863,873948.5247052163,0.873949
2026-06-28T18:42:55,idle,ue8,1556875,873948.5247052163,0.873949
2026-06-28T18:43:00,idle,cu_cp1,1555780,347092.2389507413,0.347092
2026-06-28T18:43:00,idle,cu_up1,1555809,343722.4199659318,0.343722
2026-06-28T18:43:00,idle,cu_cp2,1555817,336982.7515302658,0.336983
2026-06-28T18:43:00,idle,cu_up2,1555844,347092.2389507413,0.347092
2026-06-28T18:43:00,idle,du1,1556005,3039584.584538293,3.039585
2026-06-28T18:43:00,idle,du2,1556775,3056433.527132106,3.056434
2026-06-28T18:43:00,idle,ue1,1556072,879524.97905671,0.879525
2026-06-28T18:43:00,idle,ue2,1556084,849196.5777273774,0.849197
2026-06-28T18:43:00,idle,ue3,1556096,872785.341087091,0.872785
2026-06-28T18:43:00,idle,ue4,1556108,849196.5777273774,0.849197
2026-06-28T18:43:00,idle,ue5,1556839,889634.4664771855,0.889634
2026-06-28T18:43:00,idle,ue6,1556851,879524.97905671,0.879525
2026-06-28T18:43:00,idle,ue7,1556863,872785.341087091,0.872785
2026-06-28T18:43:00,idle,ue8,1556875,876155.1296058536,0.876155
2026-06-28T18:43:06,idle,cu_cp1,1555780,351914.81927581877,0.351915
2026-06-28T18:43:06,idle,cu_up1,1555809,351914.81927581877,0.351915
2026-06-28T18:43:06,idle,cu_cp2,1555817,344583.2395901397,0.344583
2026-06-28T18:43:06,idle,cu_up2,1555844,359246.3684876561,0.359246
2026-06-28T18:43:06,idle,du1,1556005,3152570.1226894855,3.152570
2026-06-28T18:43:06,idle,du2,1556775,3093917.7289947867,3.093918
2026-06-28T18:43:06,idle,ue1,1556072,872455.4227931052,0.872455
2026-06-28T18:43:06,idle,ue2,1556084,879787.0634264678,0.879787
2026-06-28T18:43:06,idle,ue3,1556096,850460.7446837515,0.850461
2026-06-28T18:43:06,idle,ue4,1556108,850460.7446837515,0.850461
2026-06-28T18:43:06,idle,ue5,1556839,850460.7446837515,0.850461
2026-06-28T18:43:06,idle,ue6,1556851,872455.4227931052,0.872455
2026-06-28T18:43:06,idle,ue7,1556863,879787.0634264678,0.879787
2026-06-28T18:43:06,idle,ue8,1556875,872455.4227931052,0.872455
2026-06-28T18:43:11,idle,cu_cp1,1555780,353407.94177916885,0.353408
2026-06-28T18:43:11,idle,cu_up1,1555809,347314.7234493354,0.347315
2026-06-28T18:43:11,idle,cu_cp2,1555817,347314.7234493354,0.347315
2026-06-28T18:43:11,idle,cu_up2,1555844,347314.7234493354,0.347315
2026-06-28T18:43:11,idle,du1,1556005,3010060.8756728675,3.010061
2026-06-28T18:43:11,idle,du2,1556775,3125832.4197119595,3.125832
2026-06-28T18:43:11,idle,ue1,1556072,865240.1690144021,0.865240
2026-06-28T18:43:11,idle,ue2,1556084,895706.3519956284,0.895706
2026-06-28T18:43:11,idle,ue3,1556096,859146.8593525094,0.859147
2026-06-28T18:43:11,idle,ue4,1556108,840867.2348070288,0.840867
2026-06-28T18:43:11,idle,ue5,1556839,865240.1690144021,0.865240
2026-06-28T18:43:11,idle,ue6,1556851,871333.4177882553,0.871333
2026-06-28T18:43:11,idle,ue7,1556863,901799.6007694816,0.901800
2026-06-28T18:43:11,idle,ue8,1556875,846960.4226928424,0.846960
2026-06-28T18:43:17,idle,cu_cp1,1555780,349960.7263983813,0.349961
2026-06-28T18:43:17,idle,cu_up1,1555809,349960.7263983813,0.349961
2026-06-28T18:43:17,idle,cu_cp2,1555817,349960.7263983813,0.349961
2026-06-28T18:43:17,idle,cu_up2,1555844,355184.0208222377,0.355184
2026-06-28T18:43:17,idle,du1,1556005,3139199.9792763353,3.139200
2026-06-28T18:43:17,idle,du2,1556775,3086966.973960538,3.086967
2026-06-28T18:43:17,idle,ue1,1556072,861843.5493976957,0.861844
2026-06-28T18:43:17,idle,ue2,1556084,856620.2855124557,0.856620
2026-06-28T18:43:17,idle,ue3,1556096,867066.9354374015,0.867067
2026-06-28T18:43:17,idle,ue4,1556108,835727.1078170299,0.835727
2026-06-28T18:43:17,idle,ue5,1556839,867066.9354374015,0.867067
2026-06-28T18:43:17,idle,ue6,1556851,861843.5493976957,0.861844
2026-06-28T18:43:17,idle,ue7,1556863,861843.5493976957,0.861844
2026-06-28T18:43:17,idle,ue8,1556875,861843.5493976957,0.861844
2026-06-28T18:43:22,idle,cu_cp1,1555780,348852.3370863587,0.348852
2026-06-28T18:43:22,idle,cu_up1,1555809,345765.138029843,0.345765
2026-06-28T18:43:22,idle,cu_cp2,1555817,342677.9694022724,0.342678
2026-06-28T18:43:22,idle,cu_up2,1555844,342677.9694022724,0.342678
2026-06-28T18:43:22,idle,du1,1556005,3028532.293747895,3.028532
2026-06-28T18:43:22,idle,du2,1556775,3093363.2305031633,3.093363
2026-06-28T18:43:22,idle,ue1,1556072,852064.0792774898,0.852064
2026-06-28T18:43:22,idle,ue2,1556084,839715.3439093173,0.839715
2026-06-28T18:43:22,idle,ue3,1556096,889110.4070977878,0.889110
2026-06-28T18:43:22,idle,ue4,1556108,848976.8802209741,0.848977
2026-06-28T18:43:22,idle,ue5,1556839,873674.4726730996,0.873674
2026-06-28T18:43:22,idle,ue6,1556851,870587.2127586937,0.870587
2026-06-28T18:43:22,idle,ue7,1556863,895284.8052108192,0.895285
2026-06-28T18:43:22,idle,ue8,1556875,855151.2783340055,0.855151
2026-06-28T18:43:27,idle,cu_cp1,1555780,345310.08879033924,0.345310
2026-06-28T18:43:27,idle,cu_up1,1555809,345310.08879033924,0.345310
2026-06-28T18:43:27,idle,cu_cp2,1555817,339143.834487319,0.339144
2026-06-28T18:43:27,idle,cu_up2,1555844,342226.9768567085,0.342227
2026-06-28T18:43:27,idle,du1,1556005,3046128.3473901274,3.046128
2026-06-28T18:43:27,idle,du2,1556775,3113956.9925445556,3.113957
2026-06-28T18:43:27,idle,ue1,1556072,844776.443848908,0.844776
2026-06-28T18:43:27,idle,ue2,1556084,807778.9180307866,0.807779
2026-06-28T18:43:27,idle,ue3,1556096,894106.5391445875,0.894107
2026-06-28T18:43:27,idle,ue4,1556108,860192.0339528203,0.860192
2026-06-28T18:43:27,idle,ue5,1556839,866358.3186915994,0.866358
2026-06-28T18:43:27,idle,ue6,1556851,835527.1384837746,0.835527
2026-06-28T18:43:27,idle,ue7,1556863,884857.1120364189,0.884857
2026-06-28T18:43:27,idle,ue8,1556875,857109.0133264661,0.857109
2026-06-28T18:43:33,idle,cu_cp1,1555780,346390.6641611892,0.346391
2026-06-28T18:43:33,idle,cu_up1,1555809,349483.4417702481,0.349483
2026-06-28T18:43:33,idle,cu_cp2,1555817,346390.6641611892,0.346391
2026-06-28T18:43:33,idle,cu_up2,1555844,346390.6641611892,0.346391
2026-06-28T18:43:33,idle,du1,1556005,3123701.6549697947,3.123702
2026-06-28T18:43:33,idle,du2,1556775,3102052.181131139,3.102052
2026-06-28T18:43:33,idle,ue1,1556072,853605.5805419809,0.853606
2026-06-28T18:43:33,idle,ue2,1556084,853605.5805419809,0.853606
2026-06-28T18:43:33,idle,ue3,1556096,865976.6909782165,0.865977
2026-06-28T18:43:33,idle,ue4,1556108,875254.9320796627,0.875255
2026-06-28T18:43:33,idle,ue5,1556839,884533.295482083,0.884533
2026-06-28T18:43:33,idle,ue6,1556851,878347.7402639651,0.878348
2026-06-28T18:43:33,idle,ue7,1556863,859791.1357600987,0.859791
2026-06-28T18:43:33,idle,ue8,1556875,869069.499162519,0.869069
2026-06-28T18:43:38,idle,cu_cp1,1555780,345072.682318652,0.345073
2026-06-28T18:43:38,idle,cu_up1,1555809,351346.7294198355,0.351347
2026-06-28T18:43:38,idle,cu_cp2,1555817,345072.682318652,0.345073
2026-06-28T18:43:38,idle,cu_up2,1555844,341935.6587680602,0.341936
2026-06-28T18:43:38,idle,du1,1556005,3080557.9218786145,3.080558
2026-06-28T18:43:38,idle,du2,1556775,3115065.089181566,3.115065
2026-06-28T18:43:38,idle,ue1,1556072,834448.5091335636,0.834449
2026-06-28T18:43:38,idle,ue2,1556084,846996.6033359307,0.846997
2026-06-28T18:43:38,idle,ue3,1556096,862681.7516734088,0.862682
2026-06-28T18:43:38,idle,ue4,1556108,865818.8058085197,0.865819
2026-06-28T18:43:38,idle,ue5,1556839,890914.9330442154,0.890915
2026-06-28T18:43:38,idle,ue6,1556851,862681.7516734088,0.862682
2026-06-28T18:43:38,idle,ue7,1556863,875229.8458757758,0.875230
2026-06-28T18:43:38,idle,ue8,1556875,875229.8458757758,0.875230
2026-06-28T18:43:44,idle,cu_cp1,1555780,343189.40300613194,0.343189
2026-06-28T18:43:44,idle,cu_up1,1555809,349918.59982573986,0.349919
2026-06-28T18:43:44,idle,cu_cp2,1555817,346554.0166328579,0.346554
2026-06-28T18:43:44,idle,cu_up2,1555844,339824.78937940596,0.339825
2026-06-28T18:43:44,idle,du1,1556005,3068517.1583317397,3.068517
2026-06-28T18:43:44,idle,du2,1556775,3038235.483521986,3.038235
2026-06-28T18:43:44,idle,ue1,1556072,797410.6600542485,0.797411
2026-06-28T18:43:44,idle,ue2,1556084,864702.7499857038,0.864703
2026-06-28T18:43:44,idle,ue3,1556096,841150.485032466,0.841150
2026-06-28T18:43:44,idle,ue4,1556108,861338.1059251338,0.861338
2026-06-28T18:43:44,idle,ue5,1556839,884890.3708783716,0.884890
2026-06-28T18:43:44,idle,ue6,1556851,857973.5227322519,0.857974
2026-06-28T18:43:44,idle,ue7,1556863,871431.9163714678,0.871432
2026-06-28T18:43:44,idle,ue8,1556875,874796.4995643497,0.874796
2026-06-28T18:43:49,idle,cu_cp1,1555780,348366.57714293123,0.348367
2026-06-28T18:43:49,idle,cu_up1,1555809,351748.78342982946,0.351749
2026-06-28T18:43:49,idle,cu_cp2,1555817,344984.37085603294,0.344984
2026-06-28T18:43:49,idle,cu_up2,1555844,348366.57714293123,0.348367
2026-06-28T18:43:49,idle,du1,1556005,3101477.1314173983,3.101477
2026-06-28T18:43:49,idle,du2,1556775,3003393.3319357825,3.003393
2026-06-28T18:43:49,idle,ue1,1556072,828638.8947441721,0.828639
2026-06-28T18:43:49,idle,ue2,1556084,899665.165822891,0.899665
2026-06-28T18:43:49,idle,ue3,1556096,845549.9261786634,0.845550
2026-06-28T18:43:49,idle,ue4,1556108,869225.3701869511,0.869225
2026-06-28T18:43:49,idle,ue5,1556839,865843.1029539085,0.865843
2026-06-28T18:43:49,idle,ue6,1556851,903047.3111636448,0.903047
2026-06-28T18:43:49,idle,ue7,1556863,889518.4860160517,0.889518
2026-06-28T18:43:49,idle,ue8,1556875,879371.9281015014,0.879372
2026-06-28T18:43:55,idle,cu_cp1,1555780,345270.05683557986,0.345270
2026-06-28T18:43:55,idle,cu_up1,1555809,345270.05683557986,0.345270
2026-06-28T18:43:55,idle,cu_cp2,1555817,345270.05683557986,0.345270
2026-06-28T18:43:55,idle,cu_up2,1555844,348655.0588920593,0.348655
2026-06-28T18:43:55,idle,du1,1556005,3097275.62769104,3.097276
2026-06-28T18:43:55,idle,du2,1556775,3087120.6521066665,3.087121
2026-06-28T18:43:55,idle,ue1,1556072,849635.1185704995,0.849635
2026-06-28T18:43:55,idle,ue2,1556084,873330.1635509204,0.873330
2026-06-28T18:43:55,idle,ue3,1556096,863175.1267964173,0.863175
2026-06-28T18:43:55,idle,ue4,1556108,859790.1553250026,0.859790
2026-06-28T18:43:55,idle,ue5,1556839,869945.1309093762,0.869945
2026-06-28T18:43:55,idle,ue6,1556851,893640.1758897972,0.893640
2026-06-28T18:43:55,idle,ue7,1556863,883485.139135294,0.883485
2026-06-28T18:43:55,idle,ue8,1556875,880100.1676638793,0.880100
2026-06-28T18:44:00,idle,cu_cp1,1555780,338634.54550127266,0.338635
2026-06-28T18:44:00,idle,cu_up1,1555809,348793.59531310084,0.348794
2026-06-28T18:44:00,idle,cu_cp2,1555817,338634.54550127266,0.338635
2026-06-28T18:44:00,idle,cu_up2,1555844,345407.26574974897,0.345407
2026-06-28T18:44:00,idle,du1,1556005,3088347.2310023117,3.088347
2026-06-28T18:44:00,idle,du2,1556775,3125597.0395644996,3.125597
2026-06-28T18:44:00,idle,ue1,1556072,843200.0341898298,0.843200
2026-06-28T18:44:00,idle,ue2,1556084,870290.8540619623,0.870291
2026-06-28T18:44:00,idle,ue3,1556096,880449.842752018,0.880450
2026-06-28T18:44:00,idle,ue4,1556108,833041.0454997742,0.833041
2026-06-28T18:44:00,idle,ue5,1556839,866904.5244986105,0.866905
2026-06-28T18:44:00,idle,ue6,1556851,890608.8925638461,0.890609
2026-06-28T18:44:00,idle,ue7,1556863,883836.2334371423,0.883836
2026-06-28T18:44:00,idle,ue8,1556875,883836.2334371423,0.883836
2026-06-28T18:44:05,idle,cu_cp1,1555780,358166.74098169955,0.358167
2026-06-28T18:44:05,idle,cu_up1,1555809,358166.74098169955,0.358167
2026-06-28T18:44:05,idle,cu_cp2,1555817,341507.81924642326,0.341508
2026-06-28T18:44:05,idle,cu_up2,1555844,349837.2648487133,0.349837
2026-06-28T18:44:05,idle,du1,1556005,3106888.1556269694,3.106888
2026-06-28T18:44:05,idle,du2,1556775,3115217.662290652,3.115218
2026-06-28T18:44:05,idle,ue1,1556072,866263.7470501894,0.866264
2026-06-28T18:44:05,idle,ue2,1556084,882922.6382547695,0.882923
2026-06-28T18:44:05,idle,ue3,1556096,832945.9035796368,0.832946
2026-06-28T18:44:05,idle,ue4,1556108,849604.7947842169,0.849605
2026-06-28T18:44:05,idle,ue5,1556839,857934.3014478993,0.857934
2026-06-28T18:44:05,idle,ue6,1556851,816287.0123750567,0.816287
2026-06-28T18:44:05,idle,ue7,1556863,849604.7947842169,0.849605
2026-06-28T18:44:05,idle,ue8,1556875,849604.7947842169,0.849605
2026-06-28T18:44:11,idle,cu_cp1,1555780,354886.4734478188,0.354886
2026-06-28T18:44:11,idle,cu_up1,1555809,341237.0148650694,0.341237
2026-06-28T18:44:11,idle,cu_cp2,1555817,348061.7594424534,0.348062
2026-06-28T18:44:11,idle,cu_up2,1555844,341237.0148650694,0.341237
2026-06-28T18:44:11,idle,du1,1556005,3146205.3241368486,3.146205
2026-06-28T18:44:11,idle,du2,1556775,3118906.223539238,3.118906
2026-06-28T18:44:11,idle,ue1,1556072,887216.2447635841,0.887216
2026-06-28T18:44:11,idle,ue2,1556084,839443.0632939148,0.839443
2026-06-28T18:44:11,idle,ue3,1556096,900865.7950623893,0.900866
2026-06-28T18:44:11,idle,ue4,1556108,866742.0416034508,0.866742
2026-06-28T18:44:11,idle,ue5,1556839,873566.7556088162,0.873567
2026-06-28T18:44:11,idle,ue6,1556851,866742.0416034508,0.866742
2026-06-28T18:44:11,idle,ue7,1556863,880391.4696141816,0.880391
2026-06-28T18:44:11,idle,ue8,1556875,859917.3275980854,0.859917
2026-06-28T18:44:16,idle,cu_cp1,1555780,337601.7414477235,0.337602
2026-06-28T18:44:16,idle,cu_up1,1555809,337601.7414477235,0.337602
2026-06-28T18:44:16,idle,cu_cp2,1555817,337601.7414477235,0.337602
2026-06-28T18:44:16,idle,cu_up2,1555844,337601.7414477235,0.337602
2026-06-28T18:44:16,idle,du1,1556005,3078469.8639130066,3.078470
2026-06-28T18:44:16,idle,du2,1556775,3055581.6329754354,3.055582
2026-06-28T18:44:16,idle,ue1,1556072,841143.2790541291,0.841143
2026-06-28T18:44:16,idle,ue2,1556084,858309.513187952,0.858310
2026-06-28T18:44:16,idle,ue3,1556096,858309.513187952,0.858310
2026-06-28T18:44:16,idle,ue4,1556108,835421.2213197362,0.835421
2026-06-28T18:44:16,idle,ue5,1556839,875475.6863911307,0.875476
2026-06-28T18:44:16,idle,ue6,1556851,858309.513187952,0.858310
2026-06-28T18:44:16,idle,ue7,1556863,886919.8018599164,0.886920
2026-06-28T18:44:16,idle,ue8,1556875,835421.2213197362,0.835421
2026-06-28T18:44:22,idle,cu_cp1,1555780,348897.98410772113,0.348898
2026-06-28T18:44:22,idle,cu_up1,1555809,353882.222236599,0.353882
2026-06-28T18:44:22,idle,cu_cp2,1555817,348897.98410772113,0.348898
2026-06-28T18:44:22,idle,cu_up2,1555844,343913.7153954416,0.343914
2026-06-28T18:44:22,idle,du1,1556005,3075286.547210267,3.075287
2026-06-28T18:44:22,idle,du2,1556775,3145066.12568177,3.145066
2026-06-28T18:44:22,idle,ue1,1556072,862276.4381364447,0.862276
2026-06-28T18:44:22,idle,ue2,1556084,877229.2748566848,0.877229
2026-06-28T18:44:22,idle,ue3,1556096,872245.0367278069,0.872245
2026-06-28T18:44:22,idle,ue4,1556108,867260.6762653226,0.867261
2026-06-28T18:44:22,idle,ue5,1556839,887197.6899476373,0.887198
2026-06-28T18:44:22,idle,ue6,1556851,847323.6625830078,0.847324
2026-06-28T18:44:22,idle,ue7,1556863,902150.5266678774,0.902151
2026-06-28T18:44:22,idle,ue8,1556875,882213.5129855627,0.882214
2026-06-28T18:44:27,idle,cu_cp1,1555780,340230.86710016726,0.340231
2026-06-28T18:44:27,idle,cu_up1,1555809,343323.89220193325,0.343324
2026-06-28T18:44:27,idle,cu_cp2,1555817,343323.89220193325,0.343324
2026-06-28T18:44:27,idle,cu_up2,1555844,346416.88675379456,0.346417
2026-06-28T18:44:27,idle,du1,1556005,3068263.793005228,3.068264
2026-06-28T18:44:27,idle,du2,1556775,3065170.9206529856,3.065171
2026-06-28T18:44:27,idle,ue1,1556072,875321.2463649273,0.875321
2026-06-28T18:44:27,idle,ue2,1556084,869135.2572612048,0.869135
2026-06-28T18:44:27,idle,ue3,1556096,878414.3020165979,0.878414
2026-06-28T18:44:27,idle,ue4,1556108,862949.2681574821,0.862949
2026-06-28T18:44:27,idle,ue5,1556839,859856.2125058115,0.859856
2026-06-28T18:44:27,idle,ue6,1556851,853670.2234020889,0.853670
2026-06-28T18:44:27,idle,ue7,1556863,869135.2572612048,0.869135
2026-06-28T18:44:27,idle,ue8,1556875,881507.2965684592,0.881507
2026-06-28T18:44:33,idle,cu_cp1,1555780,342768.3354445529,0.342768
2026-06-28T18:44:33,idle,cu_up1,1555809,348944.3252389723,0.348944
2026-06-28T18:44:33,idle,cu_cp2,1555817,345856.31505609694,0.345856
2026-06-28T18:44:33,idle,cu_up2,1555844,345856.31505609694,0.345856
2026-06-28T18:44:33,idle,du1,1556005,3097266.692876501,3.097267
2026-06-28T18:44:33,idle,du2,1556775,3091090.7947960757,3.091091
2026-06-28T18:44:33,idle,ue1,1556072,852288.7927657377,0.852289
2026-06-28T18:44:33,idle,ue2,1556084,855376.8029486132,0.855377
2026-06-28T18:44:33,idle,ue3,1556096,858464.7519888259,0.858465
2026-06-28T18:44:33,idle,ue4,1556108,855376.8029486132,0.855377
2026-06-28T18:44:33,idle,ue5,1556839,858464.7519888259,0.858465
2026-06-28T18:44:33,idle,ue6,1556851,861552.7621717012,0.861553
2026-06-28T18:44:33,idle,ue7,1556863,836848.7418513608,0.836849
2026-06-28T18:44:33,idle,ue8,1556875,876992.8130860782,0.876993
2026-06-28T18:44:38,idle,cu_cp1,1555780,350620.3265726495,0.350620
2026-06-28T18:44:38,idle,cu_up1,1555809,341311.8518555796,0.341312
2026-06-28T18:44:38,idle,cu_cp2,1555817,344414.6665573275,0.344415
2026-06-28T18:44:38,idle,cu_up2,1555844,344414.6665573275,0.344415
2026-06-28T18:44:38,idle,du1,1556005,3099731.968404121,3.099732
2026-06-28T18:44:38,idle,du2,1556775,3155582.8779301927,3.155583
2026-06-28T18:44:38,idle,ue1,1556072,862588.0584382797,0.862588
2026-06-28T18:44:38,idle,ue2,1556084,856382.3678111315,0.856382
2026-06-28T18:44:38,idle,ue3,1556096,825354.0371226955,0.825354
2026-06-28T18:44:38,idle,ue4,1556108,843971.1090041399,0.843971
2026-06-28T18:44:38,idle,ue5,1556839,856382.3678111315,0.856382
2026-06-28T18:44:38,idle,ue6,1556851,868793.7490654278,0.868794
2026-06-28T18:44:38,idle,ue7,1556863,856382.3678111315,0.856382
2026-06-28T18:44:38,idle,ue8,1556875,871896.5637671757,0.871897
2026-06-28T18:44:44,idle,cu_cp1,1555780,340899.8890965432,0.340900
2026-06-28T18:44:44,idle,cu_up1,1555809,344146.54594373703,0.344147
2026-06-28T18:44:44,idle,cu_cp2,1555817,347393.2334623039,0.347393
2026-06-28T18:44:44,idle,cu_up2,1555844,347393.2334623039,0.347393
2026-06-28T18:44:44,idle,du1,1556005,3120045.664780855,3.120046
2026-06-28T18:44:44,idle,du2,1556775,3123292.168271184,3.123292
2026-06-28T18:44:44,idle,ue1,1556072,834393.0487390459,0.834393
2026-06-28T18:44:44,idle,ue2,1556084,857119.6773407757,0.857120
2026-06-28T18:44:44,idle,ue3,1556096,863612.9910351634,0.863613
2026-06-28T18:44:44,idle,ue4,1556108,834393.0487390459,0.834393
2026-06-28T18:44:44,idle,ue5,1556839,860366.3035165966,0.860366
2026-06-28T18:44:44,idle,ue6,1556851,876599.7411094308,0.876600
2026-06-28T18:44:44,idle,ue7,1556863,866859.6172109842,0.866860
2026-06-28T18:44:44,idle,ue8,1556875,857119.6773407757,0.857120
2026-06-28T18:44:49,idle,cu_cp1,1555780,344690.9172169846,0.344691
2026-06-28T18:44:49,idle,cu_up1,1555809,341311.6049836999,0.341312
2026-06-28T18:44:49,idle,cu_cp2,1555817,344690.9172169846,0.344691
2026-06-28T18:44:49,idle,cu_up2,1555844,348070.260005182,0.348070
2026-06-28T18:44:49,idle,du1,1556005,3125873.6544702435,3.125874
2026-06-28T18:44:49,idle,du2,1556775,3058287.1653652475,3.058287
2026-06-28T18:44:49,idle,ue1,1556072,871865.2450197721,0.871865
2026-06-28T18:44:49,idle,ue2,1556084,861727.3083199179,0.861727
2026-06-28T18:44:49,idle,ue3,1556096,871865.2450197721,0.871865
2026-06-28T18:44:49,idle,ue4,1556108,848209.9982769537,0.848210
2026-06-28T18:44:49,idle,ue5,1556839,902279.2384488105,0.902279
2026-06-28T18:44:49,idle,ue6,1556851,902279.2384488105,0.902279
2026-06-28T18:44:49,idle,ue7,1556863,854968.6838533485,0.854969
2026-06-28T18:44:49,idle,ue8,1556875,871865.2450197721,0.871865
2026-06-28T18:44:54,idle,cu_cp1,1555780,339087.66767722665,0.339088
2026-06-28T18:44:54,idle,cu_up1,1555809,349260.2946455467,0.349260
2026-06-28T18:44:54,idle,cu_cp2,1555817,345869.4394027519,0.345869
2026-06-28T18:44:54,idle,cu_up2,1555844,349260.2946455467,0.349260
2026-06-28T18:44:54,idle,du1,1556005,3129779.3533186126,3.129779
2026-06-28T18:44:54,idle,du2,1556775,3058570.7808205653,3.058571
2026-06-28T18:44:54,idle,ue1,1556072,874846.1642352641,0.874846
2026-06-28T18:44:54,idle,ue2,1556084,868064.3925097388,0.868064
2026-06-28T18:44:54,idle,ue3,1556096,895191.418171904,0.895191
2026-06-28T18:44:54,idle,ue4,1556108,878237.0194780588,0.878237
2026-06-28T18:44:54,idle,ue5,1556839,868064.3925097388,0.868064
2026-06-28T18:44:54,idle,ue6,1556851,874846.1642352641,0.874846
2026-06-28T18:44:54,idle,ue7,1556863,874846.1642352641,0.874846
2026-06-28T18:44:54,idle,ue8,1556875,905364.045140224,0.905364
2026-06-28T18:45:00,idle,cu_cp1,1555780,345602.5605513424,0.345603
2026-06-28T18:45:00,idle,cu_up1,1555809,352379.0963525936,0.352379
2026-06-28T18:45:00,idle,cu_cp2,1555817,345602.5605513424,0.345603
2026-06-28T18:45:00,idle,cu_up2,1555844,348990.8131457186,0.348991
2026-06-28T18:45:00,idle,du1,1556005,3069763.830154574,3.069764
2026-06-28T18:45:00,idle,du2,1556775,3110422.8612870886,3.110423
2026-06-28T18:45:00,idle,ue1,1556072,864006.4319908548,0.864006
2026-06-28T18:45:00,idle,ue2,1556084,874171.1897739833,0.874171
2026-06-28T18:45:00,idle,ue3,1556096,877559.4423683595,0.877559
2026-06-28T18:45:00,idle,ue4,1556108,867394.6233602333,0.867395
2026-06-28T18:45:00,idle,ue5,1556839,904665.5243483669,0.904666
2026-06-28T18:45:00,idle,ue6,1556851,847065.0465689785,0.847065
2026-06-28T18:45:00,idle,ue7,1556863,904665.5243483669,0.904666
2026-06-28T18:45:00,idle,ue8,1556875,904665.5243483669,0.904666
2026-06-28T18:45:05,idle,cu_cp1,1555780,345697.95967237593,0.345698
2026-06-28T18:45:05,idle,cu_up1,1555809,342308.7718034077,0.342309
2026-06-28T18:45:05,idle,cu_cp2,1555817,342308.7718034077,0.342309
2026-06-28T18:45:05,idle,cu_up2,1555844,352476.3660656053,0.352476
2026-06-28T18:45:05,idle,du1,1556005,3141784.450493269,3.141784
2026-06-28T18:45:05,idle,du2,1556775,3145173.699672823,3.145174
2026-06-28T18:45:05,idle,ue1,1556072,864244.9298362327,0.864245
2026-06-28T18:45:05,idle,ue2,1556084,867634.1790157866,0.867634
2026-06-28T18:45:05,idle,ue3,1556096,847298.9904913914,0.847299
2026-06-28T18:45:05,idle,ue4,1556108,867634.1790157866,0.867634
2026-06-28T18:45:05,idle,ue5,1556839,850688.1170497739,0.850688
2026-06-28T18:45:05,idle,ue6,1556851,840520.6147534549,0.840521
2026-06-28T18:45:05,idle,ue7,1556863,887969.3675401818,0.887969
2026-06-28T18:45:05,idle,ue8,1556875,898136.8698365008,0.898137
2026-06-28T18:45:11,idle,cu_cp1,1555780,350050.76420137676,0.350051
2026-06-28T18:45:11,idle,cu_up1,1555809,357660.5440713301,0.357661
2026-06-28T18:45:11,idle,cu_cp2,1555817,357660.5440713301,0.357661
2026-06-28T18:45:11,idle,cu_up2,1555844,350050.76420137676,0.350051
2026-06-28T18:45:11,idle,du1,1556005,3142847.067246454,3.142847
2026-06-28T18:45:11,idle,du2,1556775,3180896.0893801544,3.180896
2026-06-28T18:45:11,idle,ue1,1556072,882736.6750254035,0.882737
2026-06-28T18:45:11,idle,ue2,1556084,867517.1152854967,0.867517
2026-06-28T18:45:11,idle,ue3,1556096,859907.3354155433,0.859907
2026-06-28T18:45:11,idle,ue4,1556108,852297.494153623,0.852297
2026-06-28T18:45:11,idle,ue5,1556839,890346.5162873238,0.890347
2026-06-28T18:45:11,idle,ue6,1556851,882736.6750254035,0.882737
2026-06-28T18:45:11,idle,ue7,1556863,905566.0146352637,0.905566
2026-06-28T18:45:11,idle,ue8,1556875,905566.0146352637,0.905566
2026-06-28T18:45:16,idle,cu_cp1,1555780,339805.4258680359,0.339805
2026-06-28T18:45:16,idle,cu_up1,1555809,352390.80974404514,0.352391
2026-06-28T18:45:16,idle,cu_cp2,1555817,346098.1331099868,0.346098
2026-06-28T18:45:16,idle,cu_up2,1555844,346098.1331099868,0.346098
2026-06-28T18:45:16,idle,du1,1556005,3133761.166676271,3.133761
2026-06-28T18:45:16,idle,du2,1556775,3108590.4601400374,3.108590
2026-06-28T18:45:16,idle,ue1,1556072,868391.6404841036,0.868392
2026-06-28T18:45:16,idle,ue2,1556084,862098.9638500452,0.862099
2026-06-28T18:45:16,idle,ue3,1556096,868391.6404841036,0.868392
2026-06-28T18:45:16,idle,ue4,1556108,855806.2260002017,0.855806
2026-06-28T18:45:16,idle,ue5,1556839,868391.6404841036,0.868392
2026-06-28T18:45:16,idle,ue6,1556851,849513.5493661433,0.849514
2026-06-28T18:45:16,idle,ue7,1556863,862098.9638500452,0.862099
2026-06-28T18:45:16,idle,ue8,1556875,836928.1348822415,0.836928
2026-06-28T18:45:21,idle,cu_cp1,1555780,345498.56338530243,0.345499
2026-06-28T18:45:21,idle,cu_up1,1555809,345498.56338530243,0.345499
2026-06-28T18:45:21,idle,cu_cp2,1555817,350896.9827271235,0.350897
2026-06-28T18:45:21,idle,cu_up2,1555844,350896.9827271235,0.350897
2026-06-28T18:45:21,idle,du1,1556005,3136479.228174882,3.136479
2026-06-28T18:45:21,idle,du2,1556775,3044706.190861006,3.044706
2026-06-28T18:45:21,idle,ue1,1556072,858347.9738719213,0.858348
2026-06-28T18:45:21,idle,ue2,1556084,869144.8125555634,0.869145
2026-06-28T18:45:21,idle,ue3,1556096,847551.1961863339,0.847551
2026-06-28T18:45:21,idle,ue4,1556108,863746.362714715,0.863746
2026-06-28T18:45:21,idle,ue5,1556839,863746.362714715,0.863746
2026-06-28T18:45:21,idle,ue6,1556851,885340.0400819993,0.885340
2026-06-28T18:45:21,idle,ue7,1556863,825957.5188190496,0.825958
2026-06-28T18:45:21,idle,ue8,1556875,874543.2013983572,0.874543
2026-06-28T18:45:27,idle,cu_cp1,1555780,344150.74574137153,0.344151
2026-06-28T18:45:27,idle,cu_up1,1555809,350351.6531929037,0.350352
2026-06-28T18:45:27,idle,cu_cp2,1555817,347251.1841798842,0.347251
2026-06-28T18:45:27,idle,cu_up2,1555844,347251.1841798842,0.347251
2026-06-28T18:45:27,idle,du1,1556005,3137662.533671036,3.137663
2026-06-28T18:45:27,idle,du2,1556775,3109758.2819793536,3.109758
2026-06-28T18:45:27,idle,ue1,1556072,874328.8373267358,0.874329
2026-06-28T18:45:27,idle,ue2,1556084,871228.3988882232,0.871228
2026-06-28T18:45:27,idle,ue3,1556096,849525.2075206072,0.849525
2026-06-28T18:45:27,idle,ue4,1556108,824721.5165654648,0.824722
2026-06-28T18:45:27,idle,ue5,1556839,874328.8373267358,0.874329
2026-06-28T18:45:27,idle,ue6,1556851,880529.7753527749,0.880530
2026-06-28T18:45:27,idle,ue7,1556863,886730.7133788138,0.886731
2026-06-28T18:45:27,idle,ue8,1556875,896032.0898433656,0.896032
2026-06-28T18:45:32,idle,cu_cp1,1555780,343859.3582423359,0.343859
2026-06-28T18:45:32,idle,cu_up1,1555809,346957.18009877385,0.346957
2026-06-28T18:45:32,idle,cu_cp2,1555817,346957.18009877385,0.346957
2026-06-28T18:45:32,idle,cu_up2,1555844,343859.3582423359,0.343859
2026-06-28T18:45:32,idle,du1,1556005,3113321.063521457,3.113321
2026-06-28T18:45:32,idle,du2,1556775,3104027.659150939,3.104028
2026-06-28T18:45:32,idle,ue1,1556072,867392.9349472356,0.867393
2026-06-28T18:45:32,idle,ue2,1556084,855001.5863226879,0.855002
2026-06-28T18:45:32,idle,ue3,1556096,858099.4693779218,0.858099
2026-06-28T18:45:32,idle,ue4,1556108,864295.1130907977,0.864295
2026-06-28T18:45:32,idle,ue5,1556839,839512.4770404983,0.839512
2026-06-28T18:45:32,idle,ue6,1556851,876686.4005165494,0.876686
2026-06-28T18:45:32,idle,ue7,1556863,870490.8180024695,0.870491
2026-06-28T18:45:32,idle,ue8,1556875,867392.9349472356,0.867393
2026-06-28T18:45:38,idle,cu_cp1,1555780,340802.1593707037,0.340802
2026-06-28T18:45:38,idle,cu_up1,1555809,343900.3369238281,0.343900
2026-06-28T18:45:38,idle,cu_cp2,1555817,340802.1593707037,0.340802
2026-06-28T18:45:38,idle,cu_up2,1555844,350096.75315861223,0.350097
2026-06-28T18:45:38,idle,du1,1556005,3098201.515510254,3.098202
2026-06-28T18:45:38,idle,du2,1556775,3067219.373207798,3.067219
2026-06-28T18:45:38,idle,ue1,1556072,842710.8352031183,0.842711
2026-06-28T18:45:38,idle,ue2,1556084,864398.2003320599,0.864398
2026-06-28T18:45:38,idle,ue3,1556096,839612.5353929234,0.839613
2026-06-28T18:45:38,idle,ue4,1556108,848907.129180832,0.848907
2026-06-28T18:45:38,idle,ue5,1556839,830317.9416050148,0.830318
2026-06-28T18:45:38,idle,ue6,1556851,876791.0328016281,0.876791
2026-06-28T18:45:38,idle,ue7,1556863,882987.387907877,0.882987
2026-06-28T18:45:38,idle,ue8,1556875,892282.0428243208,0.892282
2026-06-28T18:45:43,idle,cu_cp1,1555780,344128.825643633,0.344129
2026-06-28T18:45:43,idle,cu_up1,1555809,344128.825643633,0.344129
2026-06-28T18:45:43,idle,cu_cp2,1555817,344128.825643633,0.344129
2026-06-28T18:45:43,idle,cu_up2,1555844,347229.0977343911,0.347229
2026-06-28T18:45:43,idle,du1,1556005,3134362.54294507,3.134363
2026-06-28T18:45:43,idle,du2,1556775,3019653.148508606,3.019653
2026-06-28T18:45:43,idle,ue1,1556072,861872.215448134,0.861872
2026-06-28T18:45:43,idle,ue2,1556084,852571.3991758596,0.852571
2026-06-28T18:45:43,idle,ue3,1556096,846370.916169033,0.846371
2026-06-28T18:45:43,idle,ue4,1556108,852571.3991758596,0.852571
2026-06-28T18:45:43,idle,ue5,1556839,871172.9705457187,0.871173
2026-06-28T18:45:43,idle,ue6,1556851,855671.6712666177,0.855672
2026-06-28T18:45:43,idle,ue7,1556863,905275.8411946786,0.905276
2026-06-28T18:45:43,idle,ue8,1556875,911476.3853761947,0.911476
2026-06-28T18:45:49,idle,cu_cp1,1555780,345966.04913191526,0.345966
2026-06-28T18:45:49,idle,cu_up1,1555809,345966.04913191526,0.345966
2026-06-28T18:45:49,idle,cu_cp2,1555817,342574.2621697962,0.342574
2026-06-28T18:45:49,idle,cu_up2,1555844,349357.89754112007,0.349358
2026-06-28T18:45:49,idle,du1,1556005,3117086.536384785,3.117087
2026-06-28T18:45:49,idle,du2,1556775,3140829.1987373326,3.140829
2026-06-28T18:45:49,idle,ue1,1556072,885266.1364761597,0.885266
2026-06-28T18:45:49,idle,ue2,1556084,881874.257343412,0.881874
2026-06-28T18:45:49,idle,ue3,1556096,871698.8042864263,0.871699
2026-06-28T18:45:49,idle,ue4,1556108,875090.6219720882,0.875091
2026-06-28T18:45:49,idle,ue5,1556839,858131.4720966929,0.858131
2026-06-28T18:45:49,idle,ue6,1556851,875090.6219720882,0.875091
2026-06-28T18:45:49,idle,ue7,1556863,871698.8042864263,0.871699
2026-06-28T18:45:49,idle,ue8,1556875,885266.1364761597,0.885266
2026-06-28T18:45:54,dl,cu_cp1,1555780,348497.4526854247,0.348497
2026-06-28T18:45:54,dl,cu_up1,1555809,345113.9819739991,0.345114
2026-06-28T18:45:54,dl,cu_cp2,1555817,345113.9819739991,0.345114
2026-06-28T18:45:54,dl,cu_up2,1555844,338347.04055114806,0.338347
2026-06-28T18:45:54,dl,du1,1556005,3116176.2193088625,3.116176
2026-06-28T18:45:54,dl,du2,1556775,3078958.225031619,3.078958
2026-06-28T18:45:54,dl,ue1,1556072,862784.9090478885,0.862785
2026-06-28T18:45:54,dl,ue2,1556084,859401.4995192754,0.859401
2026-06-28T18:45:54,dl,ue3,1556096,849251.0873849988,0.849251
2026-06-28T18:45:54,dl,ue4,1556108,859401.4995192754,0.859401
2026-06-28T18:45:54,dl,ue5,1556839,872935.3211821652,0.872935
2026-06-28T18:45:54,dl,ue6,1556851,825566.7312222075,0.825567
2026-06-28T18:45:54,dl,ue7,1556863,879702.3237878287,0.879702
2026-06-28T18:45:54,dl,ue8,1556875,872935.3211821652,0.872935
2026-06-28T18:46:00,dl,cu_cp1,1555780,398897.6001966265,0.398898
2026-06-28T18:46:00,dl,cu_up1,1555809,485450.84437313495,0.485451
2026-06-28T18:46:00,dl,cu_cp2,1555817,387608.0258267838,0.387608
2026-06-28T18:46:00,dl,cu_up2,1555844,481687.630155718,0.481688
2026-06-28T18:46:00,dl,du1,1556005,4026607.5978811695,4.026608
2026-06-28T18:46:00,dl,du2,1556775,4011554.8775763176,4.011555
2026-06-28T18:46:00,dl,ue1,1556072,1426247.0242272937,1.426247
2026-06-28T18:46:00,dl,ue2,1556084,1430010.2043035065,1.430010
2026-06-28T18:46:00,dl,ue3,1556096,1437536.5644559325,1.437537
2026-06-28T18:46:00,dl,ue4,1556108,1414957.483998655,1.414957
2026-06-28T18:46:00,dl,ue5,1556839,1493984.2655991255,1.493984
2026-06-28T18:46:00,dl,ue6,1556851,1535379.3830022835,1.535379
2026-06-28T18:46:00,dl,ue7,1556863,1497747.5822401547,1.497748
2026-06-28T18:46:00,dl,ue8,1556875,1144008.1770992868,1.144008
2026-06-28T18:46:05,dl,cu_cp1,1555780,429725.8690448222,0.429726
2026-06-28T18:46:05,dl,cu_up1,1555809,602419.3875663471,0.602419
2026-06-28T18:46:05,dl,cu_cp2,1555817,421693.5785644975,0.421694
2026-06-28T18:46:05,dl,cu_up2,1555844,606435.4964662367,0.606435
2026-06-28T18:46:05,dl,du1,1556005,4779194.156892972,4.779194
2026-06-28T18:46:05,dl,du2,1556775,4779194.156892972,4.779194
2026-06-28T18:46:05,dl,ue1,1556072,1883564.7405607617,1.883565
2026-06-28T18:46:05,dl,ue2,1556084,1875532.3773998916,1.875532
2026-06-28T18:46:05,dl,ue3,1556096,1943806.5921007418,1.943807
2026-06-28T18:46:05,dl,ue4,1556108,1987984.0080411637,1.987984
2026-06-28T18:46:05,dl,ue5,1556839,2032161.4239815855,2.032161
2026-06-28T18:46:05,dl,ue6,1556851,2064290.585902884,2.064291
2026-06-28T18:46:05,dl,ue7,1556863,2124532.5828039553,2.124533
2026-06-28T18:46:05,dl,ue8,1556875,1590387.2645773673,1.590387
2026-06-28T18:46:10,dl,cu_cp1,1555780,433476.91910313605,0.433477
2026-06-28T18:46:10,dl,cu_up1,1555809,645398.9896089506,0.645399
2026-06-28T18:46:10,dl,cu_cp2,1555817,433476.91910313605,0.433477
2026-06-28T18:46:10,dl,cu_up2,1555844,645398.9896089506,0.645399
2026-06-28T18:46:10,dl,du1,1556005,4883840.179919243,4.883840
2026-06-28T18:46:10,dl,du2,1556775,4883840.179919243,4.883840
2026-06-28T18:46:10,dl,ue1,1556072,1936196.8955581856,1.936197
2026-06-28T18:46:10,dl,ue2,1556084,1945829.820187025,1.945830
2026-06-28T18:46:10,dl,ue3,1556096,1955462.598278532,1.955463
2026-06-28T18:46:10,dl,ue4,1556108,1993993.8571818925,1.993994
2026-06-28T18:46:10,dl,ue5,1556839,1955462.598278532,1.955463
2026-06-28T18:46:10,dl,ue6,1556851,1974728.1544615459,1.974728
2026-06-28T18:46:10,dl,ue7,1556863,1993993.8571818925,1.993994
2026-06-28T18:46:10,dl,ue8,1556875,1965095.376370039,1.965095
2026-06-28T18:46:16,dl,cu_cp1,1555780,425485.9963936615,0.425486
2026-06-28T18:46:16,dl,cu_up1,1555809,585043.2450412846,0.585043
2026-06-28T18:46:16,dl,cu_cp2,1555817,425485.9963936615,0.425486
2026-06-28T18:46:16,dl,cu_up2,1555844,585043.2450412846,0.585043
2026-06-28T18:46:16,dl,du1,1556005,4748727.638322115,4.748728
2026-06-28T18:46:16,dl,du2,1556775,4687944.21386559,4.687944
2026-06-28T18:46:16,dl,ue1,1556072,1869099.1984435844,1.869099
2026-06-28T18:46:16,dl,ue2,1556084,1899491.055328846,1.899491
2026-06-28T18:46:16,dl,ue3,1556096,1922284.9479927921,1.922285
2026-06-28T18:46:16,dl,ue4,1556108,1952676.6602210545,1.952677
2026-06-28T18:46:16,dl,ue5,1556839,2021058.4828698921,2.021058
2026-06-28T18:46:16,dl,ue6,1556851,2021058.4828698921,2.021058
2026-06-28T18:46:16,dl,ue7,1556863,2127429.9819683074,2.127430
2026-06-28T18:46:16,dl,ue8,1556875,1367633.559836769,1.367634
2026-06-28T18:46:21,dl,cu_cp1,1555780,431615.5809773183,0.431616
2026-06-28T18:46:21,dl,cu_up1,1555809,605550.2311713696,0.605550
2026-06-28T18:46:21,dl,cu_cp2,1555817,425173.56501285196,0.425174
2026-06-28T18:46:21,dl,cu_up2,1555844,605550.2311713696,0.605550
2026-06-28T18:46:21,dl,du1,1556005,4889495.74196876,4.889496
2026-06-28T18:46:21,dl,du2,1556775,4747771.244648194,4.747771
2026-06-28T18:46:21,dl,ue1,1556072,1964817.1337479877,1.964817
2026-06-28T18:46:21,dl,ue2,1556084,1971259.0766613006,1.971259
2026-06-28T18:46:21,dl,ue3,1556096,2042121.4714238907,2.042121
2026-06-28T18:46:21,dl,ue4,1556108,2009911.4646527125,2.009911
2026-06-28T18:46:21,dl,ue5,1556839,2087215.8023286152,2.087216
2026-06-28T18:46:21,dl,ue6,1556851,2100099.688155241,2.100100
2026-06-28T18:46:21,dl,ue7,1556863,2170962.082917831,2.170962
2026-06-28T18:46:21,dl,ue8,1556875,1404361.233481343,1.404361
2026-06-28T18:46:27,dl,cu_cp1,1555780,429683.80368584546,0.429684
2026-06-28T18:46:27,dl,cu_up1,1555809,575339.3211192995,0.575339
2026-06-28T18:46:27,dl,cu_cp2,1555817,422401.0550713286,0.422401
2026-06-28T18:46:27,dl,cu_up2,1555844,604470.4609488648,0.604470
2026-06-28T18:46:27,dl,du1,1556005,4755653.234773986,4.755653
2026-06-28T18:46:27,dl,du2,1556775,4748370.1227307245,4.748370
2026-06-28T18:46:27,dl,ue1,1556072,1889880.4976991427,1.889880
2026-06-28T18:46:27,dl,ue2,1556084,1915370.0815070772,1.915370
2026-06-28T18:46:27,dl,ue3,1556096,1933577.2801292397,1.933577
2026-06-28T18:46:27,dl,ue4,1556108,2046460.28342587,2.046460
2026-06-28T18:46:27,dl,ue5,1556839,2064667.0459335386,2.064667
2026-06-28T18:46:27,dl,ue6,1556851,2086515.5098343361,2.086516
2026-06-28T18:46:27,dl,ue7,1556863,2162984.5520011354,2.162985
2026-06-28T18:46:27,dl,ue8,1556875,1409217.199311558,1.409217
2026-06-28T18:46:32,dl,cu_cp1,1555780,430413.4269322753,0.430413
2026-06-28T18:46:32,dl,cu_up1,1555809,598201.694675616,0.598202
2026-06-28T18:46:32,dl,cu_cp2,1555817,426765.82890066714,0.426766
2026-06-28T18:46:32,dl,cu_up2,1555844,598201.694675616,0.598202
2026-06-28T18:46:32,dl,du1,1556005,4938812.017356252,4.938812
2026-06-28T18:46:32,dl,du2,1556775,4690776.958126542,4.690777
2026-06-28T18:46:32,dl,ue1,1556072,1918622.613641703,1.918623
2026-06-28T18:46:32,dl,ue2,1556084,1925917.5905795132,1.925918
2026-06-28T18:46:32,dl,ue3,1556096,2031697.1665572287,2.031697
2026-06-28T18:46:32,dl,ue4,1556108,2075468.1968529224,2.075468
2026-06-28T18:46:32,dl,ue5,1556839,2042639.997172954,2.042640
2026-06-28T18:46:32,dl,ue6,1556851,2082763.3198743367,2.082763
2026-06-28T18:46:32,dl,ue7,1556863,2148419.573150669,2.148420
2026-06-28T18:46:32,dl,ue8,1556875,1393372.295263834,1.393372
2026-06-28T18:46:38,dl,cu_cp1,1555780,428971.552734738,0.428972
2026-06-28T18:46:38,dl,cu_up1,1555809,599833.0898481252,0.599833
2026-06-28T18:46:38,dl,cu_cp2,1555817,421700.85830720305,0.421701
2026-06-28T18:46:38,dl,cu_up2,1555844,599833.0898481252,0.599833
2026-06-28T18:46:38,dl,du1,1556005,4685968.918813825,4.685969
2026-06-28T18:46:38,dl,du2,1556775,4707781.074785202,4.707781
2026-06-28T18:46:38,dl,ue1,1556072,1864935.5557365762,1.864936
2026-06-28T18:46:38,dl,ue2,1556084,1872206.3228528833,1.872206
2026-06-28T18:46:38,dl,ue3,1556096,1930372.1690282512,1.930372
2026-06-28T18:46:38,dl,ue4,1556108,1952184.179622084,1.952184
2026-06-28T18:46:38,dl,ue5,1556839,2046703.2798688102,2.046703
2026-06-28T18:46:38,dl,ue6,1556851,2064879.9795932614,2.064880
2026-06-28T18:46:38,dl,ue7,1556863,2155763.9143481506,2.155764
2026-06-28T18:46:38,dl,ue8,1556875,1395975.2199947822,1.395975
2026-06-28T18:46:44,dl,cu_cp1,1555780,430527.49253943266,0.430527
2026-06-28T18:46:44,dl,cu_up1,1555809,600472.5400998697,0.600473
2026-06-28T18:46:44,dl,cu_cp2,1555817,422974.3639879927,0.422974
2026-06-28T18:46:44,dl,cu_up2,1555844,592919.4115484298,0.592919
2026-06-28T18:46:44,dl,du1,1556005,4618729.197634041,4.618729
2026-06-28T18:46:44,dl,du2,1556775,4633835.091740119,4.633835
2026-06-28T18:46:44,dl,ue1,1556072,1876948.8695143282,1.876949
2026-06-28T18:46:44,dl,ue2,1556084,1884501.8165673674,1.884502
2026-06-28T18:46:44,dl,ue3,1556096,1907161.383720088,1.907161
2026-06-28T18:46:44,dl,ue4,1556108,1982692.4514364065,1.982692
2026-06-28T18:46:44,dl,ue5,1556839,2039340.715923965,2.039341
2026-06-28T18:46:44,dl,ue6,1556851,2069553.2301297248,2.069553
2026-06-28T18:46:44,dl,ue7,1556863,2148860.9165712832,2.148861
2026-06-28T18:46:44,dl,ue8,1556875,1393549.513414496,1.393550
2026-06-28T18:46:49,dl,cu_cp1,1555780,431195.4754086685,0.431195
2026-06-28T18:46:49,dl,cu_up1,1555809,600449.7649740583,0.600450
2026-06-28T18:46:49,dl,cu_cp2,1555817,415076.0088504052,0.415076
2026-06-28T18:46:49,dl,cu_up2,1555844,596419.8983344925,0.596420
2026-06-28T18:46:49,dl,du1,1556005,4747179.622517295,4.747180
2026-06-28T18:46:49,dl,du2,1556775,4739119.962102413,4.739120
2026-06-28T18:46:49,dl,ue1,1556072,1918215.3546053339,1.918215
2026-06-28T18:46:49,dl,ue2,1556084,1869856.954930544,1.869857
2026-06-28T18:46:49,dl,ue3,1556096,1938364.651371038,1.938365
2026-06-28T18:46:49,dl,ue4,1556108,1986723.0510458278,1.986723
2026-06-28T18:46:49,dl,ue5,1556839,2055230.601757822,2.055231
2026-06-28T18:46:49,dl,ue6,1556851,2079409.728730967,2.079410
2026-06-28T18:46:49,dl,ue7,1556863,2135827.788820639,2.135828
2026-06-28T18:46:49,dl,ue8,1556875,1402392.716197908,1.402393
2026-06-28T18:46:54,dl,cu_cp1,1555780,429693.53226840496,0.429694
2026-06-28T18:46:54,dl,cu_up1,1555809,594342.4398849607,0.594342
2026-06-28T18:46:54,dl,cu_cp2,1555817,425677.7282989621,0.425678
2026-06-28T18:46:54,dl,cu_up2,1555844,594342.4398849607,0.594342
2026-06-28T18:46:54,dl,du1,1556005,4638280.731531143,4.638281
2026-06-28T18:46:54,dl,du2,1556775,4662375.773394585,4.662376
2026-06-28T18:46:54,dl,ue1,1556072,1883423.0003490448,1.883423
2026-06-28T18:46:54,dl,ue2,1556084,1891454.680970192,1.891455
2026-06-28T18:46:54,dl,ue3,1556096,1923581.2580902576,1.923581
2026-06-28T18:46:54,dl,ue4,1556108,1971771.1964526176,1.971771
2026-06-28T18:46:54,dl,ue5,1556839,2064135.378231287,2.064135
2026-06-28T18:46:54,dl,ue6,1556851,2072166.9134879112,2.072167
2026-06-28T18:46:54,dl,ue7,1556863,2180594.311144352,2.180594
2026-06-28T18:46:54,dl,ue8,1556875,1409555.4427111149,1.409555
2026-06-28T18:47:00,dl,cu_cp1,1555780,429646.0785844922,0.429646
2026-06-28T18:47:00,dl,cu_up1,1555809,594276.8227259278,0.594277
2026-06-28T18:47:00,dl,cu_cp2,1555817,421615.32303074596,0.421615
2026-06-28T18:47:00,dl,cu_up2,1555844,586246.0307022333,0.586246
2026-06-28T18:47:00,dl,du1,1556005,4685953.050190735,4.685953
2026-06-28T18:47:00,dl,du2,1556775,4718076.07240572,4.718076
2026-06-28T18:47:00,dl,ue1,1556072,1891245.7410932542,1.891246
2026-06-28T18:47:00,dl,ue2,1556084,1903291.9108938216,1.903292
2026-06-28T18:47:00,dl,ue3,1556096,1919353.4220013141,1.919353
2026-06-28T18:47:00,dl,ue4,1556108,1967538.2470833778,1.967538
2026-06-28T18:47:00,dl,ue5,1556839,2051861.289807558,2.051861
2026-06-28T18:47:00,dl,ue6,1556851,2055876.6311144829,2.055877
2026-06-28T18:47:00,dl,ue7,1556863,2204445.864148426,2.204446
2026-06-28T18:47:00,dl,ue8,1556875,1425461.3354568004,1.425461
2026-06-28T18:47:05,dl,cu_cp1,1555780,428039.2828378129,0.428039
2026-06-28T18:47:05,dl,cu_up1,1555809,589563.5694594169,0.589564
2026-06-28T18:47:05,dl,cu_cp2,1555817,428039.2828378129,0.428039
2026-06-28T18:47:05,dl,cu_up2,1555844,601677.889129622,0.601678
2026-06-28T18:47:05,dl,du1,1556005,4781118.065765476,4.781118
2026-06-28T18:47:05,dl,du2,1556775,4821499.0826284215,4.821499
2026-06-28T18:47:05,dl,ue1,1556072,1893871.9994609356,1.893872
2026-06-28T18:47:05,dl,ue2,1556084,1918100.4926881313,1.918100
2026-06-28T18:47:05,dl,ue3,1556096,1938291.1472328187,1.938291
2026-06-28T18:47:05,dl,ue4,1556108,1998862.8186404514,1.998863
2026-06-28T18:47:05,dl,ue5,1556839,2071548.5905484676,2.071549
2026-06-28T18:47:05,dl,ue6,1556851,2103853.637819967,2.103854
2026-06-28T18:47:05,dl,ue7,1556863,2124044.14625144,2.124044
2026-06-28T18:47:05,dl,ue8,1556875,1433527.8519931412,1.433528
2026-06-28T18:47:11,dl,cu_cp1,1555780,441633.99551036325,0.441634
2026-06-28T18:47:11,dl,cu_up1,1555809,628479.1769079602,0.628479
2026-06-28T18:47:11,dl,cu_cp2,1555817,424648.0964473271,0.424648
2026-06-28T18:47:11,dl,cu_up2,1555844,594507.342318863,0.594507
2026-06-28T18:47:11,dl,du1,1556005,4781537.641839995,4.781538
2026-06-28T18:47:11,dl,du2,1556775,4645650.157631507,4.645650
2026-06-28T18:47:11,dl,ue1,1556072,1885437.5307238805,1.885438
2026-06-28T18:47:11,dl,ue2,1556084,1910916.434012972,1.910916
2026-06-28T18:47:11,dl,ue3,1556096,1927902.5153911328,1.927903
2026-06-28T18:47:11,dl,ue4,1556108,1970367.0625020862,1.970367
2026-06-28T18:47:11,dl,ue5,1556839,2063789.707895422,2.063790
2026-06-28T18:47:11,dl,ue6,1556851,2055296.7401323915,2.055297
2026-06-28T18:47:11,dl,ue7,1556863,2148719.385525727,2.148719
2026-06-28T18:47:11,dl,ue8,1556875,1367366.7888832176,1.367367
2026-06-28T18:47:16,dl,cu_cp1,1555780,438775.77466699365,0.438776
2026-06-28T18:47:16,dl,cu_up1,1555809,598963.7876583552,0.598964
2026-06-28T18:47:16,dl,cu_cp2,1555817,424846.37748723506,0.424846
2026-06-28T18:47:16,dl,cu_up2,1555844,612893.1120702982,0.612893
2026-06-28T18:47:16,dl,du1,1556005,4694204.630160255,4.694205
2026-06-28T18:47:16,dl,du2,1556775,4729028.104917698,4.729028
2026-06-28T18:47:16,dl,ue1,1556072,1915290.9661237048,1.915291
2026-06-28T18:47:16,dl,ue2,1556084,1852608.7697745608,1.852609
2026-06-28T18:47:16,dl,ue3,1556096,1880467.6369018937,1.880468
2026-06-28T18:47:16,dl,ue4,1556108,1943149.8332510376,1.943150
2026-06-28T18:47:16,dl,ue5,1556839,2040655.6498932552,2.040656
2026-06-28T18:47:16,dl,ue6,1556851,2138161.3209998417,2.138161
2026-06-28T18:47:16,dl,ue7,1556863,2145126.0741655827,2.145126
2026-06-28T18:47:16,dl,ue8,1556875,1379009.6295018482,1.379010
2026-06-28T18:47:22,dl,cu_cp1,1555780,427459.1452075705,0.427459
2026-06-28T18:47:22,dl,cu_up1,1555809,597271.6245822901,0.597272
2026-06-28T18:47:22,dl,cu_cp2,1555817,415747.90338289144,0.415748
2026-06-28T18:47:22,dl,cu_up2,1555844,608982.8664069691,0.608983
2026-06-28T18:47:22,dl,du1,1556005,4748895.382829189,4.748895
2026-06-28T18:47:22,dl,du2,1556775,4655205.448231757,4.655205
2026-06-28T18:47:22,dl,ue1,1556072,1914782.6402767969,1.914783
2026-06-28T18:47:22,dl,ue2,1556084,1891360.2293285597,1.891360
2026-06-28T18:47:22,dl,ue3,1556096,1932349.4121374143,1.932349
2026-06-28T18:47:22,dl,ue4,1556108,1973338.7403485107,1.973339
2026-06-28T18:47:22,dl,ue5,1556839,2055317.2513684619,2.055317
2026-06-28T18:47:22,dl,ue6,1556851,2096306.4341773165,2.096306
2026-06-28T18:47:22,dl,ue7,1556863,2131440.123300793,2.131440
2026-06-28T18:47:22,dl,ue8,1556875,1405345.0931009566,1.405345
2026-06-28T18:47:27,dl,cu_cp1,1555780,426412.4168236309,0.426412
2026-06-28T18:47:27,dl,cu_up1,1555809,601350.8619884375,0.601351
2026-06-28T18:47:27,dl,cu_cp2,1555817,422767.9061121011,0.422768
2026-06-28T18:47:27,dl,cu_up2,1555844,601350.8619884375,0.601351
2026-06-28T18:47:27,dl,du1,1556005,4701470.262931237,4.701470
2026-06-28T18:47:27,dl,du2,1556775,4734271.515150189,4.734272
2026-06-28T18:47:27,dl,ue1,1556072,1906100.015347631,1.906100
2026-06-28T18:47:27,dl,ue2,1556084,1884232.8053417443,1.884233
2026-06-28T18:47:27,dl,ue3,1556096,1949834.5810961116,1.949835
2026-06-28T18:47:27,dl,ue4,1556108,1971701.9368387056,1.971702
2026-06-28T18:47:27,dl,ue5,1556839,2066460.235495434,2.066460
2026-06-28T18:47:27,dl,ue6,1556851,2084683.0076581442,2.084683
2026-06-28T18:47:27,dl,ue7,1556863,2150285.074885926,2.150285
2026-06-28T18:47:27,dl,ue8,1556875,1414085.6041645717,1.414086
2026-06-28T18:47:33,dl,cu_cp1,1555780,433668.6768491253,0.433669
2026-06-28T18:47:33,dl,cu_up1,1555809,594016.801953207,0.594017
2026-06-28T18:47:33,dl,cu_cp2,1555817,419091.597776137,0.419092
2026-06-28T18:47:33,dl,cu_up2,1555844,590372.4865954581,0.590372
2026-06-28T18:47:33,dl,du1,1556005,4763067.142869294,4.763067
2026-06-28T18:47:33,dl,du2,1556775,4733912.620007303,4.733913
2026-06-28T18:47:33,dl,ue1,1556072,1895022.832500583,1.895023
2026-06-28T18:47:33,dl,ue2,1556084,1909599.9480451727,1.909600
2026-06-28T18:47:33,dl,ue3,1556096,1942398.4215488983,1.942398
2026-06-28T18:47:33,dl,ue4,1556108,1971552.6526380777,1.971553
2026-06-28T18:47:33,dl,ue5,1556839,2048082.3268891668,2.048082
2026-06-28T18:47:33,dl,ue6,1556851,2120967.9046121156,2.120968
2026-06-28T18:47:33,dl,ue7,1556863,2139189.1166848456,2.139189
2026-06-28T18:47:33,dl,ue8,1556875,1403045.7299447,1.403046
2026-06-28T18:47:38,dl,cu_cp1,1555780,430195.11501218675,0.430195
2026-06-28T18:47:38,dl,cu_up1,1555809,606685.415793263,0.606685
2026-06-28T18:47:38,dl,cu_cp2,1555817,426518.2177431831,0.426518
2026-06-28T18:47:38,dl,cu_up2,1555844,621392.9682916063,0.621393
2026-06-28T18:47:38,dl,du1,1556005,4765238.084511387,4.765238
2026-06-28T18:47:38,dl,du2,1556775,4761561.58959677,4.761562
2026-06-28T18:47:38,dl,ue1,1556072,1923008.8954021633,1.923009
2026-06-28T18:47:38,dl,ue2,1556084,1911978.3864835096,1.911978
2026-06-28T18:47:38,dl,ue3,1556096,1967131.6626302076,1.967132
2026-06-28T18:47:38,dl,ue4,1556108,1970808.303855511,1.970808
2026-06-28T18:47:38,dl,ue5,1556839,2048022.8904608882,2.048023
2026-06-28T18:47:38,dl,ue6,1556851,2143621.8536782693,2.143622
2026-06-28T18:47:38,dl,ue7,1556863,2150975.575060934,2.150976
2026-06-28T18:47:38,dl,ue8,1556875,1393538.0296366059,1.393538
2026-06-28T18:47:44,dl,cu_cp1,1555780,438448.70384456456,0.438449
2026-06-28T18:47:44,dl,cu_up1,1555809,615437.1564047205,0.615437
2026-06-28T18:47:44,dl,cu_cp2,1555817,430403.77583940985,0.430404
2026-06-28T18:47:44,dl,cu_up2,1555844,599347.3003944111,0.599347
2026-06-28T18:47:44,dl,du1,1556005,4714329.0502102375,4.714329
2026-06-28T18:47:44,dl,du2,1556775,4641924.807504101,4.641925
2026-06-28T18:47:44,dl,ue1,1556072,1878491.2541282845,1.878491
2026-06-28T18:47:44,dl,ue2,1556084,1906648.556816454,1.906649
2026-06-28T18:47:44,dl,ue3,1556096,1979052.6537355827,1.979053
2026-06-28T18:47:44,dl,ue4,1556108,1954918.0519538785,1.954918
2026-06-28T18:47:44,dl,ue5,1556839,2047434.7786832857,2.047435
2026-06-28T18:47:44,dl,ue6,1556851,2079614.4907039045,2.079614
2026-06-28T18:47:44,dl,ue7,1556863,2139951.505412693,2.139952
2026-06-28T18:47:44,dl,ue8,1556875,1379705.6449151873,1.379706
2026-06-28T18:47:49,dl,cu_cp1,1555780,435726.3786208767,0.435726
2026-06-28T18:47:49,dl,cu_up1,1555809,601141.0866931477,0.601141
2026-06-28T18:47:49,dl,cu_cp2,1555817,415553.89427625685,0.415554
2026-06-28T18:47:49,dl,cu_up2,1555844,609210.0584888399,0.609210
2026-06-28T18:47:49,dl,du1,1556005,4728438.02476151,4.728438
2026-06-28T18:47:49,dl,du2,1556775,4744576.041493413,4.744576
2026-06-28T18:47:49,dl,ue1,1556072,1884113.234028182,1.884113
2026-06-28T18:47:49,dl,ue2,1556084,1904285.8280835808,1.904286
2026-06-28T18:47:49,dl,ue3,1556096,1940596.2925898444,1.940596
2026-06-28T18:47:49,dl,ue4,1556108,1980941.1881385648,1.980941
2026-06-28T18:47:49,dl,ue5,1556839,2029355.2383342755,2.029355
2026-06-28T18:47:49,dl,ue6,1556851,2089872.8742194332,2.089873
2026-06-28T18:47:49,dl,ue7,1556863,2146355.786500057,2.146356
2026-06-28T18:47:49,dl,ue8,1556875,1387869.292662667,1.387869
2026-06-28T18:47:55,dl,cu_cp1,1555780,432210.0545063418,0.432210
2026-06-28T18:47:55,dl,cu_up1,1555809,605901.8902317238,0.605902
2026-06-28T18:47:55,dl,cu_cp2,1555817,424131.3304722768,0.424131
2026-06-28T18:47:55,dl,cu_up2,1555844,609941.2156984055,0.609941
2026-06-28T18:47:55,dl,du1,1556005,4701798.820247636,4.701799
2026-06-28T18:47:55,dl,du2,1556775,4762389.067751369,4.762389
2026-06-28T18:47:55,dl,ue1,1556072,1894453.366267035,1.894453
2026-06-28T18:47:55,dl,ue2,1556084,1882335.3167662884,1.882335
2026-06-28T18:47:55,dl,ue3,1556096,1971200.9156374955,1.971201
2026-06-28T18:47:55,dl,ue4,1556108,1983318.818936839,1.983319
2026-06-28T18:47:55,dl,ue5,1556839,2039869.8140745927,2.039870
2026-06-28T18:47:55,dl,ue6,1556851,2116617.363445053,2.116617
2026-06-28T18:47:55,dl,ue7,1556863,2120656.615811033,2.120657
2026-06-28T18:47:55,dl,ue8,1556875,1409731.8248413755,1.409732
2026-06-28T18:48:00,dl,cu_cp1,1555780,437780.42918683885,0.437780
2026-06-28T18:48:00,dl,cu_up1,1555809,624242.4489337683,0.624242
2026-06-28T18:48:00,dl,cu_cp2,1555817,429673.3896225244,0.429673
2026-06-28T18:48:00,dl,cu_up2,1555844,616135.3727802217,0.616135
2026-06-28T18:48:00,dl,du1,1556005,4856120.248179888,4.856120
2026-06-28T18:48:00,dl,du2,1556775,4718300.3194619175,4.718300
2026-06-28T18:48:00,dl,ue1,1556072,1880834.4961333156,1.880834
2026-06-28T18:48:00,dl,ue2,1556084,1888941.4991083979,1.888941
2026-06-28T18:48:00,dl,ue3,1556096,1961904.8185979961,1.961905
2026-06-28T18:48:00,dl,ue4,1556108,1986226.1202371002,1.986226
2026-06-28T18:48:00,dl,ue5,1556839,2055135.9382391572,2.055136
2026-06-28T18:48:00,dl,ue6,1556851,2140259.9085483076,2.140260
2026-06-28T18:48:00,dl,ue7,1556863,2132152.905573225,2.132153
2026-06-28T18:48:00,dl,ue8,1556875,1459268.1460751058,1.459268
2026-06-28T18:48:06,dl,cu_cp1,1555780,435831.874468773,0.435832
2026-06-28T18:48:06,dl,cu_up1,1555809,608348.7085065106,0.608349
2026-06-28T18:48:06,dl,cu_cp2,1555817,426752.03916941467,0.426752
2026-06-28T18:48:06,dl,cu_up2,1555844,608348.7085065106,0.608349
2026-06-28T18:48:06,dl,du1,1556005,4794150.985657218,4.794151
2026-06-28T18:48:06,dl,du2,1556775,4694272.504163704,4.694273
2026-06-28T18:48:06,dl,ue1,1556072,1906764.5332635427,1.906765
2026-06-28T18:48:06,dl,ue2,1556084,2033882.2274545599,2.033882
2026-06-28T18:48:06,dl,ue3,1556096,1961243.5450596928,1.961244
2026-06-28T18:48:06,dl,ue4,1556108,2024802.3921552014,2.024802
2026-06-28T18:48:06,dl,ue5,1556839,2079281.4039513515,2.079281
2026-06-28T18:48:06,dl,ue6,1556851,2179159.445644008,2.179159
2026-06-28T18:48:06,dl,ue7,1556863,2160999.775045291,2.161000
2026-06-28T18:48:06,dl,ue8,1556875,1416453.7202987624,1.416454
2026-06-28T18:48:11,dl,cu_cp1,1555780,444454.4905338478,0.444454
2026-06-28T18:48:11,dl,cu_up1,1555809,585198.4363163757,0.585198
2026-06-28T18:48:11,dl,cu_cp2,1555817,414824.21311582567,0.414824
2026-06-28T18:48:11,dl,cu_up2,1555844,614828.7137343979,0.614829
2026-06-28T18:48:11,dl,du1,1556005,4614919.384632873,4.614919
2026-06-28T18:48:11,dl,du2,1556775,4755663.293830566,4.755663
2026-06-28T18:48:11,dl,ue1,1556072,1896339.21814682,1.896339
2026-06-28T18:48:11,dl,ue2,1556084,1918562.0176724242,1.918562
2026-06-28T18:48:11,dl,ue3,1556096,1940784.8171980286,1.940785
2026-06-28T18:48:11,dl,ue4,1556108,1985230.1235705568,1.985230
2026-06-28T18:48:11,dl,ue5,1556839,2088936.2774578095,2.088936
2026-06-28T18:48:11,dl,ue6,1556851,2096343.6821805572,2.096344
2026-06-28T18:48:11,dl,ue7,1556863,2096343.6821805572,2.096344
2026-06-28T18:48:11,dl,ue8,1556875,1407439.238316269,1.407439
2026-06-28T18:48:17,dl,cu_cp1,1555780,438783.8765210223,0.438784
2026-06-28T18:48:17,dl,cu_up1,1555809,601760.7313890627,0.601761
2026-06-28T18:48:17,dl,cu_cp2,1555817,432515.5177033332,0.432516
2026-06-28T18:48:17,dl,cu_up2,1555844,601760.7313890627,0.601761
2026-06-28T18:48:17,dl,du1,1556005,4776475.7711897325,4.776476
2026-06-28T18:48:17,dl,du2,1556775,4626035.4514986565,4.626035
2026-06-28T18:48:17,dl,ue1,1556072,1936917.3644218314,1.936917
2026-06-28T18:48:17,dl,ue2,1556084,1918112.3244604468,1.918112
2026-06-28T18:48:17,dl,ue3,1556096,1930649.1150791908,1.930649
2026-06-28T18:48:17,dl,ue4,1556108,1974527.2983778692,1.974527
2026-06-28T18:48:17,dl,ue5,1556839,2037210.6676046634,2.037211
2026-06-28T18:48:17,dl,ue6,1556851,2074820.8934941636,2.074821
2026-06-28T18:48:17,dl,ue7,1556863,2162577.6979917143,2.162578
2026-06-28T18:48:17,dl,ue8,1556875,1416644.932745899,1.416645
2026-06-28T18:48:22,dl,cu_cp1,1555780,427957.3812570262,0.427957
2026-06-28T18:48:22,dl,cu_up1,1555809,614502.9064203453,0.614503
2026-06-28T18:48:22,dl,cu_cp2,1555817,420641.88264486106,0.420642
2026-06-28T18:48:22,dl,cu_up2,1555844,607187.3712725204,0.607187
2026-06-28T18:48:22,dl,du1,1556005,4733135.384166377,4.733135
2026-06-28T18:48:22,dl,du2,1556775,4656322.813149111,4.656323
2026-06-28T18:48:22,dl,ue1,1556072,1887401.7840053462,1.887402
2026-06-28T18:48:22,dl,ue2,1556084,1909348.3163775015,1.909348
2026-06-28T18:48:22,dl,ue3,1556096,1982503.5217131113,1.982504
2026-06-28T18:48:22,dl,ue4,1556108,2044685.3147200048,2.044685
2026-06-28T18:48:22,dl,ue5,1556839,2070289.5050590932,2.070290
2026-06-28T18:48:22,dl,ue6,1556851,2088578.3794643153,2.088578
2026-06-28T18:48:22,dl,ue7,1556863,2169049.0468764305,2.169049
2026-06-28T18:48:22,dl,ue8,1556875,1400920.413850999,1.400920
2026-06-28T18:48:28,dl,cu_cp1,1555780,440177.2540310651,0.440177
2026-06-28T18:48:28,dl,cu_up1,1555809,616248.1921899962,0.616248
2026-06-28T18:48:28,dl,cu_cp2,1555817,425504.7093521172,0.425505
2026-06-28T18:48:28,dl,cu_up2,1555844,597907.4382483012,0.597907
2026-06-28T18:48:28,dl,du1,1556005,4629197.859950466,4.629198
2026-06-28T18:48:28,dl,du2,1556775,4720901.227647386,4.720901
2026-06-28T18:48:28,dl,ue1,1556072,1881757.9117371368,1.881758
2026-06-28T18:48:28,dl,ue2,1556084,1929443.7915832328,1.929444
2026-06-28T18:48:28,dl,ue3,1556096,1991802.0699222565,1.991802
2026-06-28T18:48:28,dl,ue4,1556108,1973461.4256200767,1.973461
2026-06-28T18:48:28,dl,ue5,1556839,2039487.9497683526,2.039488
2026-06-28T18:48:28,dl,ue6,1556851,2109182.865911901,2.109183
2026-06-28T18:48:28,dl,ue7,1556863,2160536.8453812287,2.160537
2026-06-28T18:48:28,dl,ue8,1556875,1386558.4689739966,1.386558
2026-06-28T18:48:33,dl,cu_cp1,1555780,439774.1626034081,0.439774
2026-06-28T18:48:33,dl,cu_up1,1555809,604689.4690069556,0.604689
2026-06-28T18:48:33,dl,cu_cp2,1555817,417785.47459325194,0.417785
2026-06-28T18:48:33,dl,cu_up2,1555844,593695.1615837216,0.593695
2026-06-28T18:48:33,dl,du1,1556005,4694589.316571474,4.694589
2026-06-28T18:48:33,dl,du2,1556775,4734901.923450708,4.734902
2026-06-28T18:48:33,dl,ue1,1556072,1861710.6253459454,1.861711
2026-06-28T18:48:33,dl,ue2,1556084,1883699.3865197897,1.883699
2026-06-28T18:48:33,dl,ue3,1556096,1946000.7545728683,1.946001
2026-06-28T18:48:33,dl,ue4,1556108,1975318.9077014923,1.975319
2026-06-28T18:48:33,dl,ue5,1556839,2074268.1134927273,2.074268
2026-06-28T18:48:33,dl,ue6,1556851,2099921.4974802732,2.099921
2026-06-28T18:48:33,dl,ue7,1556863,2154893.4735785723,2.154893
2026-06-28T18:48:33,dl,ue8,1556875,1381623.8192814589,1.381624
2026-06-28T18:48:39,dl,cu_cp1,1555780,439906.29757754086,0.439906
2026-06-28T18:48:39,dl,cu_up1,1555809,598118.2225383094,0.598118
2026-06-28T18:48:39,dl,cu_cp2,1555817,424470.9824672431,0.424471
2026-06-28T18:48:39,dl,cu_up2,1555844,594259.338840951,0.594259
2026-06-28T18:48:39,dl,du1,1556005,4792663.254795678,4.792663
2026-06-28T18:48:39,dl,du2,1556775,4719345.489715168,4.719345
2026-06-28T18:48:39,dl,ue1,1556072,1917837.0786577428,1.917837
2026-06-28T18:48:39,dl,ue2,1556084,1917837.0786577428,1.917837
2026-06-28T18:48:39,dl,ue3,1556096,1948707.7088783383,1.948708
2026-06-28T18:48:39,dl,ue4,1556108,1975719.6018543327,1.975720
2026-06-28T18:48:39,dl,ue5,1556839,2052895.957726686,2.052896
2026-06-28T18:48:39,dl,ue6,1556851,2091484.2088892413,2.091484
2026-06-28T18:48:39,dl,ue7,1556863,2203390.2251323056,2.203390
2026-06-28T18:48:39,dl,ue8,1556875,1435483.6462202882,1.435484
2026-06-28T18:48:44,dl,cu_cp1,1555780,437810.546714437,0.437811
2026-06-28T18:48:44,dl,cu_up1,1555809,604016.3454177945,0.604016
2026-06-28T18:48:44,dl,cu_cp2,1555817,425649.1182131261,0.425649
2026-06-28T18:48:44,dl,cu_up2,1555844,612123.9766316235,0.612124
2026-06-28T18:48:44,dl,du1,1556005,4759162.851834059,4.759163
2026-06-28T18:48:44,dl,du2,1556775,4787539.213013244,4.787539
2026-06-28T18:48:44,dl,ue1,1556072,1889071.2946321368,1.889071
2026-06-28T18:48:44,dl,ue2,1556084,1905286.6303375245,1.905287
2026-06-28T18:48:44,dl,ue3,1556096,1998523.894671881,1.998524
2026-06-28T18:48:44,dl,ue4,1556108,1998523.894671881,1.998524
2026-06-28T18:48:44,dl,ue5,1556839,2079599.9869769812,2.079600
2026-06-28T18:48:44,dl,ue6,1556851,2112030.3652768373,2.112030
2026-06-28T18:48:44,dl,ue7,1556863,2237698.3010219694,2.237698
2026-06-28T18:48:44,dl,ue8,1556875,1414776.6456080913,1.414777
2026-06-28T18:48:49,dl,cu_cp1,1555780,438908.83882975817,0.438909
2026-06-28T18:48:49,dl,cu_up1,1555809,604002.997603476,0.604003
2026-06-28T18:48:49,dl,cu_cp2,1555817,422802.1166087365,0.422802
2026-06-28T18:48:49,dl,cu_up2,1555844,599976.2804756141,0.599976
2026-06-28T18:48:49,dl,du1,1556005,4719277.071571083,4.719277
2026-06-28T18:48:49,dl,du2,1556775,4727330.3595363805,4.727330
2026-06-28T18:48:49,dl,ue1,1556072,1912676.226127453,1.912676
2026-06-28T18:48:49,dl,ue2,1556084,1900596.14788908,1.900596
2026-06-28T18:48:49,dl,ue3,1556096,1936836.3826041985,1.936836
2026-06-28T18:48:49,dl,ue4,1556108,1973076.6173193168,1.973077
2026-06-28T18:48:49,dl,ue5,1556839,2053610.0821339989,2.053610
2026-06-28T18:48:49,dl,ue6,1556851,2093877.1071221924,2.093877
2026-06-28T18:48:49,dl,ue7,1556863,2150250.708040981,2.150251
2026-06-28T18:48:49,dl,ue8,1556875,1393233.5933295535,1.393234
2026-06-28T18:48:55,dl,cu_cp1,1555780,433676.0457619444,0.433676
2026-06-28T18:48:55,dl,cu_up1,1555809,599850.9829445722,0.599851
2026-06-28T18:48:55,dl,cu_cp2,1555817,421516.88617645414,0.421517
2026-06-28T18:48:55,dl,cu_up2,1555844,595797.9053675017,0.595798
2026-06-28T18:48:55,dl,du1,1556005,4738011.773046241,4.738012
2026-06-28T18:48:55,dl,du2,1556775,4689375.427287166,4.689375
2026-06-28T18:48:55,dl,ue1,1556072,1888719.960644915,1.888720
2026-06-28T18:48:55,dl,ue2,1556084,1896826.1157990564,1.896826
2026-06-28T18:48:55,dl,ue3,1556096,1953568.6167122722,1.953569
2026-06-28T18:48:55,dl,ue4,1556108,1998152.104331441,1.998152
2026-06-28T18:48:55,dl,ue5,1556839,2046788.7426734017,2.046789
2026-06-28T18:48:55,dl,ue6,1556851,2095425.3810153627,2.095425
2026-06-28T18:48:55,dl,ue7,1556863,2212963.67985603,2.212964
2026-06-28T18:48:55,dl,ue8,1556875,1459096.9558871805,1.459097
2026-06-28T18:49:00,dl,cu_cp1,1555780,433376.4403245628,0.433376
2026-06-28T18:49:00,dl,cu_up1,1555809,600817.3858148467,0.600817
2026-06-28T18:49:00,dl,cu_cp2,1555817,433376.4403245628,0.433376
2026-06-28T18:49:00,dl,cu_up2,1555844,600817.3858148467,0.600817
2026-06-28T18:49:00,dl,du1,1556005,4678495.873205194,4.678496
2026-06-28T18:49:00,dl,du2,1556775,4767141.0624724245,4.767141
2026-06-28T18:49:00,dl,ue1,1556072,1920645.71881171,1.920646
2026-06-28T18:49:00,dl,ue2,1556084,1900946.7067885352,1.900947
2026-06-28T18:49:00,dl,ue3,1556096,1940344.584900062,1.940345
2026-06-28T18:49:00,dl,ue4,1556108,1960043.5969232367,1.960044
2026-06-28T18:49:00,dl,ue5,1556839,2038839.2072114681,2.038839
2026-06-28T18:49:00,dl,ue6,1556851,2048688.6402556442,2.048689
2026-06-28T18:49:00,dl,ue7,1556863,2157032.987480872,2.157033
2026-06-28T18:49:00,dl,ue8,1556875,1428172.4613198566,1.428172
2026-06-28T18:49:06,dl,cu_cp1,1555780,445373.5463237381,0.445374
2026-06-28T18:49:06,dl,cu_up1,1555809,609458.5888487626,0.609459
2026-06-28T18:49:06,dl,cu_cp2,1555817,437559.9798099136,0.437560
2026-06-28T18:49:06,dl,cu_up2,1555844,593831.4193874359,0.593831
2026-06-28T18:49:06,dl,du1,1556005,4758465.067348022,4.758465
2026-06-28T18:49:06,dl,du2,1556775,4578752.891795349,4.578753
2026-06-28T18:49:06,dl,ue1,1556072,1922138.5282785033,1.922139
2026-06-28T18:49:06,dl,ue2,1556084,1890884.2622232055,1.890884
2026-06-28T18:49:06,dl,ue3,1556096,1937765.6613061524,1.937766
2026-06-28T18:49:06,dl,ue4,1556108,2031528.459472046,2.031528
2026-06-28T18:49:06,dl,ue5,1556839,2039342.0259858703,2.039342
2026-06-28T18:49:06,dl,ue6,1556851,2047155.7382344054,2.047156
2026-06-28T18:49:06,dl,ue7,1556863,2125291.40337265,2.125291
2026-06-28T18:49:06,dl,ue8,1556875,1390815.7138690185,1.390816
2026-06-28T18:49:11,dl,cu_cp1,1555780,442888.67518600705,0.442889
2026-06-28T18:49:11,dl,cu_up1,1555809,618741.5100624502,0.618742
2026-06-28T18:49:11,dl,cu_cp2,1555817,429862.50550941733,0.429863
2026-06-28T18:49:11,dl,cu_up2,1555844,592689.2436304736,0.592689
2026-06-28T18:49:11,dl,du1,1556005,4793618.481907742,4.793618
2026-06-28T18:49:11,dl,du2,1556775,4591713.380599323,4.591713
2026-06-28T18:49:11,dl,ue1,1556072,1901815.8870615053,1.901816
2026-06-28T18:49:11,dl,ue2,1556084,1966946.6260626495,1.966947
2026-06-28T18:49:11,dl,ue3,1556096,1947407.3897780657,1.947407
2026-06-28T18:49:11,dl,ue4,1556108,2045103.4253585793,2.045103
2026-06-28T18:49:11,dl,ue5,1556839,2045103.4253585793,2.045103
2026-06-28T18:49:11,dl,ue6,1556851,2058129.6314957703,2.058130
2026-06-28T18:49:11,dl,ue7,1556863,2123260.3704969143,2.123260
2026-06-28T18:49:11,dl,ue8,1556875,1400309.7947065579,1.400310
2026-06-28T18:49:17,dl,cu_cp1,1555780,434600.4755938739,0.434600
2026-06-28T18:49:17,dl,cu_up1,1555809,595293.1196789372,0.595293
2026-06-28T18:49:17,dl,cu_cp2,1555817,427296.23465958954,0.427296
2026-06-28T18:49:17,dl,cu_up2,1555844,591640.9627412844,0.591641
2026-06-28T18:49:17,dl,du1,1556005,4681998.3800953915,4.681998
2026-06-28T18:49:17,dl,du2,1556775,4634521.069316118,4.634521
2026-06-28T18:49:17,dl,ue1,1556072,1869877.6556644428,1.869878
2026-06-28T18:49:17,dl,ue2,1556084,1888138.1485886215,1.888138
2026-06-28T18:49:17,dl,ue3,1556096,1906398.787394843,1.906399
2026-06-28T18:49:17,dl,ue4,1556108,1957528.2551117695,1.957528
2026-06-28T18:49:17,dl,ue5,1556839,2034222.237864095,2.034222
2026-06-28T18:49:17,dl,ue6,1556851,2099960.18744959,2.099960
2026-06-28T18:49:17,dl,ue7,1556863,2129177.1511867275,2.129177
2026-06-28T18:49:17,dl,ue8,1556875,1384147.7852946639,1.384148
2026-06-28T18:49:22,dl,cu_cp1,1555780,437124.4746856904,0.437124
2026-06-28T18:49:22,dl,cu_up1,1555809,606096.9236168796,0.606097
2026-06-28T18:49:22,dl,cu_cp2,1555817,429777.86232731043,0.429778
2026-06-28T18:49:22,dl,cu_up2,1555844,587730.3744865071,0.587730
2026-06-28T18:49:22,dl,du1,1556005,4712863.0056017395,4.712863
2026-06-28T18:49:22,dl,du2,1556775,4668782.96676301,4.668783
2026-06-28T18:49:22,dl,ue1,1556072,1899103.8714812684,1.899104
2026-06-28T18:49:22,dl,ue2,1556084,1950530.1944587731,1.950530
2026-06-28T18:49:22,dl,ue3,1556096,1939510.3306244707,1.939510
2026-06-28T18:49:22,dl,ue4,1556108,1972569.922127378,1.972570
2026-06-28T18:49:22,dl,ue5,1556839,2027669.8248004103,2.027670
2026-06-28T18:49:22,dl,ue6,1556851,2071749.57188838,2.071750
2026-06-28T18:49:22,dl,ue7,1556863,2152562.3442994044,2.152562
2026-06-28T18:49:22,dl,ue8,1556875,1417899.6497076082,1.417900
2026-06-28T18:49:28,dl,cu_cp1,1555780,434579.19611000957,0.434579
2026-06-28T18:49:28,dl,cu_up1,1555809,609871.6189384487,0.609872
2026-06-28T18:49:28,dl,cu_cp2,1555817,427275.32846095297,0.427275
2026-06-28T18:49:28,dl,cu_up2,1555844,595263.9200720554,0.595264
2026-06-28T18:49:28,dl,du1,1556005,4659857.432079971,4.659857
2026-06-28T18:49:28,dl,du2,1556775,4681768.925731981,4.681769
2026-06-28T18:49:28,dl,ue1,1556072,1891697.5314578677,1.891698
2026-06-28T18:49:28,dl,ue2,1556084,1924565.0633896422,1.924565
2026-06-28T18:49:28,dl,ue3,1556096,1935520.8102156473,1.935521
2026-06-28T18:49:28,dl,ue4,1556108,1979343.797519667,1.979344
2026-06-28T18:49:28,dl,ue5,1556839,2227674.9332703925,2.227675
2026-06-28T18:49:28,dl,ue6,1556851,2267845.8592388644,2.267846
2026-06-28T18:49:28,dl,ue7,1556863,1745620.615657375,1.745621
2026-06-28T18:49:28,dl,ue8,1556875,1413295.420907278,1.413295
2026-06-28T18:49:33,dl,cu_cp1,1555780,437118.1742251843,0.437118
2026-06-28T18:49:33,dl,cu_up1,1555809,616448.7212977052,0.616449
2026-06-28T18:49:33,dl,cu_cp2,1555817,429646.1183511543,0.429646
2026-06-28T18:49:33,dl,cu_up2,1555844,594032.4074821848,0.594032
2026-06-28T18:49:33,dl,du1,1556005,4744787.313628521,4.744787
2026-06-28T18:49:33,dl,du2,1556775,4707426.705323152,4.707427
2026-06-28T18:49:33,dl,ue1,1556072,1886706.772198484,1.886707
2026-06-28T18:49:33,dl,ue2,1556084,1894178.8646208716,1.894179
2026-06-28T18:49:33,dl,ue3,1556096,1942747.5384631061,1.942748
2026-06-28T18:49:33,dl,ue4,1556108,1987580.0929974318,1.987580
2026-06-28T18:49:33,dl,ue5,1556839,2054829.0709923506,2.054829
2026-06-28T18:49:33,dl,ue6,1556851,2110869.8372569727,2.110870
2026-06-28T18:49:33,dl,ue7,1556863,2140758.3531399537,2.140758
2026-06-28T18:49:33,dl,ue8,1556875,1430908.2572722577,1.430908
2026-06-28T18:49:39,dl,cu_cp1,1555780,436877.4949534744,0.436877
2026-06-28T18:49:39,dl,cu_up1,1555809,594638.7344225311,0.594639
2026-06-28T18:49:39,dl,cu_cp2,1555817,424741.9531589508,0.424742
2026-06-28T18:49:39,dl,cu_up2,1555844,598683.9028410125,0.598684
2026-06-28T18:49:39,dl,du1,1556005,4769245.526792011,4.769246
2026-06-28T18:49:39,dl,du2,1556775,4781381.178203774,4.781381
2026-06-28T18:49:39,dl,ue1,1556072,1868864.7400557017,1.868865
2026-06-28T18:49:39,dl,ue2,1556084,1905271.1096657156,1.905271
2026-06-28T18:49:39,dl,ue3,1556096,1949767.9622690105,1.949768
2026-06-28T18:49:39,dl,ue4,1556108,1978084.14119838,1.978084
2026-06-28T18:49:39,dl,ue5,1556839,2063032.5318301702,2.063033
2026-06-28T18:49:39,dl,ue6,1556851,2139890.5856249975,2.139891
2026-06-28T18:49:39,dl,ue7,1556863,2164161.4499795674,2.164161
2026-06-28T18:49:39,dl,ue8,1556875,1407716.2711304189,1.407716
2026-06-28T18:49:44,dl,cu_cp1,1555780,436188.4702148619,0.436188
2026-06-28T18:49:44,dl,cu_up1,1555809,609856.0636612546,0.609856
2026-06-28T18:49:44,dl,cu_cp2,1555817,428110.88904311566,0.428111
2026-06-28T18:49:44,dl,cu_up2,1555844,597739.7284260127,0.597740
2026-06-28T18:49:44,dl,du1,1556005,4725374.759205878,4.725375
2026-06-28T18:49:44,dl,du2,1556775,4697103.809462804,4.697104
2026-06-28T18:49:44,dl,ue1,1556072,1890150.049771861,1.890150
2026-06-28T18:49:44,dl,ue2,1556084,1886111.2591859878,1.886111
2026-06-28T18:49:44,dl,ue3,1556096,1934576.6001269554,1.934577
2026-06-28T18:49:44,dl,ue4,1556108,1999197.1034114158,1.999197
2026-06-28T18:49:44,dl,ue5,1556839,2059778.816110003,2.059779
2026-06-28T18:49:44,dl,ue6,1556851,2124399.465483973,2.124399
2026-06-28T18:49:44,dl,ue7,1556863,2152670.999585085,2.152671
2026-06-28T18:49:44,dl,ue8,1556875,1393379.8303360343,1.393380
2026-06-28T18:49:50,dl,cu_cp1,1555780,434526.3749119288,0.434526
2026-06-28T18:49:50,dl,cu_up1,1555809,599485.4637131998,0.599485
2026-06-28T18:49:50,dl,cu_cp2,1555817,418432.7892375469,0.418433
2026-06-28T18:49:50,dl,cu_up2,1555844,603508.841869446,0.603509
2026-06-28T18:49:50,dl,du1,1556005,4711392.439702141,4.711392
2026-06-28T18:49:50,dl,du2,1556775,4767719.95303778,4.767720
2026-06-28T18:49:50,dl,ue1,1556072,1895017.7956117953,1.895018
2026-06-28T18:49:50,dl,ue2,1556084,1907087.8935558356,1.907088
2026-06-28T18:49:50,dl,ue3,1556096,1927204.966960559,1.927205
2026-06-28T18:49:50,dl,ue4,1556108,1987555.8949771416,1.987556
2026-06-28T18:49:50,dl,ue5,1556839,2076070.4335627495,2.076070
2026-06-28T18:49:50,dl,ue6,1556851,2124351.1175364982,2.124351
2026-06-28T18:49:50,dl,ue7,1556863,2136421.3615793325,2.136421
2026-06-28T18:49:50,dl,ue8,1556875,1376000.0776470124,1.376000
2026-06-28T18:49:55,dl,cu_cp1,1555780,431853.25938598183,0.431853
2026-06-28T18:49:55,dl,cu_up1,1555809,597329.7514988494,0.597330
2026-06-28T18:49:55,dl,cu_cp2,1555817,415709.241621097,0.415709
2026-06-28T18:49:55,dl,cu_up2,1555844,609437.7830591482,0.609438
2026-06-28T18:49:55,dl,du1,1556005,4734241.871954186,4.734242
2026-06-28T18:49:55,dl,du2,1556775,4657557.842280889,4.657558
2026-06-28T18:49:55,dl,ue1,1556072,1900961.6114857781,1.900962
2026-06-28T18:49:55,dl,ue2,1556084,1929213.8067040432,1.929214
2026-06-28T18:49:55,dl,ue3,1556096,1929213.8067040432,1.929214
2026-06-28T18:49:55,dl,ue4,1556108,1953429.7239315594,1.953430
2026-06-28T18:49:55,dl,ue5,1556839,2050294.1223070312,2.050294
2026-06-28T18:49:55,dl,ue6,1556851,2074510.0395345474,2.074510
2026-06-28T18:49:55,dl,ue7,1556863,2126978.1519803284,2.126978
2026-06-28T18:49:55,dl,ue8,1556875,1384352.0217578935,1.384352
2026-06-28T18:50:01,dl,cu_cp1,1555780,429735.6381501293,0.429736
2026-06-28T18:50:01,dl,cu_up1,1555809,618819.316020261,0.618819
2026-06-28T18:50:01,dl,cu_cp2,1555817,421140.94871452806,0.421141
2026-06-28T18:50:01,dl,cu_up2,1555844,610224.5901355952,0.610225
2026-06-28T18:50:01,dl,du1,1556005,4787255.137293148,4.787255
2026-06-28T18:50:01,dl,du2,1556775,4649739.814731011,4.649740
2026-06-28T18:50:01,dl,ue1,1556072,1890836.9244975757,1.890837
2026-06-28T18:50:01,dl,ue2,1556084,1933810.371675582,1.933810
2026-06-28T18:50:01,dl,ue3,1556096,1925215.6822399807,1.925216
2026-06-28T18:50:01,dl,ue4,1556108,1959594.7315749025,1.959595
2026-06-28T18:50:01,dl,ue5,1556839,2054136.4611627746,2.054136
2026-06-28T18:50:01,dl,ue6,1556851,2054136.4611627746,2.054136
2026-06-28T18:50:01,dl,ue7,1556863,2140083.6471113036,2.140084
2026-06-28T18:50:01,dl,ue8,1556875,1349369.886295855,1.349370
2026-06-28T18:50:06,dl,cu_cp1,1555780,432034.4459313288,0.432034
2026-06-28T18:50:06,dl,cu_up1,1555809,571400.4044446945,0.571400
2026-06-28T18:50:06,dl,cu_cp2,1555817,418097.8391685188,0.418098
2026-06-28T18:50:06,dl,cu_up2,1555844,592305.2964031205,0.592305
2026-06-28T18:50:06,dl,du1,1556005,4571203.235557556,4.571203
2026-06-28T18:50:06,dl,du2,1556775,4606044.879765105,4.606045
2026-06-28T18:50:06,dl,ue1,1556072,1839630.4923414825,1.839630
2026-06-28T18:50:06,dl,ue2,1556084,1902345.2773314952,1.902345
2026-06-28T18:50:06,dl,ue3,1556096,1874471.9910627187,1.874472
2026-06-28T18:50:06,dl,ue4,1556108,1978996.4872264266,1.978996
2026-06-28T18:50:06,dl,ue5,1556839,2048679.6301552118,2.048680
2026-06-28T18:50:06,dl,ue6,1556851,2020806.1984001219,2.020806
2026-06-28T18:50:06,dl,ue7,1556863,2181077.12161507,2.181077
2026-06-28T18:50:06,dl,ue8,1556875,1372754.5840604962,1.372755
2026-06-28T18:50:12,dl,cu_cp1,1555780,431844.14429591893,0.431844
2026-06-28T18:50:12,dl,cu_up1,1555809,579735.9655908704,0.579736
2026-06-28T18:50:12,dl,cu_cp2,1555817,425928.4482310891,0.425928
2026-06-28T18:50:12,dl,cu_up2,1555844,573820.2695260405,0.573820
2026-06-28T18:50:12,dl,du1,1556005,4637887.724726963,4.637888
2026-06-28T18:50:12,dl,du2,1556775,4655634.667840004,4.655635
2026-06-28T18:50:12,dl,ue1,1556072,1851605.614219308,1.851606
2026-06-28T18:50:12,dl,ue2,1556084,1916677.9807695388,1.916678
2026-06-28T18:50:12,dl,ue3,1556096,1916677.9807695388,1.916678
2026-06-28T18:50:12,dl,ue4,1556108,1969919.1002715589,1.969919
2026-06-28T18:50:12,dl,ue5,1556839,2005412.9864976406,2.005413
2026-06-28T18:50:12,dl,ue6,1556851,2034991.4668217897,2.034991
2026-06-28T18:50:12,dl,ue7,1556863,2165136.3450037003,2.165136
2026-06-28T18:50:12,dl,ue8,1556875,1360604.7268972634,1.360605
2026-06-28T18:50:17,dl,cu_cp1,1555780,432821.0084508777,0.432821
2026-06-28T18:50:17,dl,cu_up1,1555809,605215.8187619742,0.605216
2026-06-28T18:50:17,dl,cu_cp2,1555817,421817.1124120608,0.421817
2026-06-28T18:50:17,dl,cu_up2,1555844,608883.8206946048,0.608884
2026-06-28T18:50:17,dl,du1,1556005,4819719.123881743,4.819719
2026-06-28T18:50:17,dl,du2,1556775,4775703.393381042,4.775703
2026-06-28T18:50:17,dl,ue1,1556072,1896342.950008421,1.896343
2026-06-28T18:50:17,dl,ue2,1556084,1955030.3955487777,1.955030
2026-06-28T18:50:17,dl,ue3,1556096,1980706.2627317584,1.980706
2026-06-28T18:50:17,dl,ue4,1556108,1969702.5496247327,1.969703
2026-06-28T18:50:17,dl,ue5,1556839,2057733.8642807007,2.057734
2026-06-28T18:50:17,dl,ue6,1556851,2065069.8681459618,2.065070
2026-06-28T18:50:17,dl,ue7,1556863,2200784.9152352605,2.200785
2026-06-28T18:50:17,dl,ue8,1556875,1393830.343873862,1.393830
2026-06-28T18:50:23,dl,cu_cp1,1555780,437356.1579487026,0.437356
2026-06-28T18:50:23,dl,cu_up1,1555809,601364.7626295537,0.601365
2026-06-28T18:50:23,dl,cu_cp2,1555817,422777.62419842184,0.422778
2026-06-28T18:50:23,dl,cu_up2,1555844,583141.5681716502,0.583142
2026-06-28T18:50:23,dl,du1,1556005,4719802.092386842,4.719802
2026-06-28T18:50:23,dl,du2,1556775,4603173.822384596,4.603174
2026-06-28T18:50:23,dl,ue1,1556072,1884276.2780553102,1.884276
2026-06-28T18:50:23,dl,ue2,1556084,1920722.4488106966,1.920722
2026-06-28T18:50:23,dl,ue3,1556096,1964458.2318618894,1.964458
2026-06-28T18:50:23,dl,ue4,1556108,1957168.9104466438,1.957169
2026-06-28T18:50:23,dl,ue5,1556839,2033706.2762657404,2.033706
2026-06-28T18:50:23,dl,ue6,1556851,2059218.683058679,2.059219
2026-06-28T18:50:23,dl,ue7,1556863,2143045.2248527408,2.143045
2026-06-28T18:50:23,dl,ue8,1556875,1417763.0526060462,1.417763
2026-06-28T18:50:28,dl,cu_cp1,1555780,437709.8083491567,0.437710
2026-06-28T18:50:28,dl,cu_up1,1555809,601850.9727867526,0.601851
2026-06-28T18:50:28,dl,cu_cp2,1555817,423119.46558077214,0.423119
2026-06-28T18:50:28,dl,cu_up2,1555844,605498.5128343892,0.605499
2026-06-28T18:50:28,dl,du1,1556005,4741855.812843125,4.741856
2026-06-28T18:50:28,dl,du2,1556775,4709028.02544553,4.709028
2026-06-28T18:50:28,dl,ue1,1556072,1929570.667571472,1.929571
2026-06-28T18:50:28,dl,ue2,1556084,1944160.973824289,1.944161
2026-06-28T18:50:28,dl,ue3,1556096,1933218.1345879734,1.933218
2026-06-28T18:50:28,dl,ue4,1556108,1947808.5869030608,1.947809
2026-06-28T18:50:28,dl,ue5,1556839,2053588.4898138214,2.053588
2026-06-28T18:50:28,dl,ue6,1556851,2090064.1824147284,2.090064
2026-06-28T18:50:28,dl,ue7,1556863,2206786.7784995344,2.206787
2026-06-28T18:50:28,dl,ue8,1556875,1433499.5246643447,1.433500
2026-06-28T18:50:34,dl,cu_cp1,1555780,432236.0144716054,0.432236
2026-06-28T18:50:34,dl,cu_up1,1555809,616336.5290252387,0.616337
2026-06-28T18:50:34,dl,cu_cp2,1555817,428233.8301652956,0.428234
2026-06-28T18:50:34,dl,cu_up2,1555844,612334.3811823106,0.612334
2026-06-28T18:50:34,dl,du1,1556005,4762600.4184101345,4.762600
2026-06-28T18:50:34,dl,du2,1556775,4734585.164729347,4.734585
2026-06-28T18:50:34,dl,ue1,1556072,1921048.904589293,1.921049
2026-06-28T18:50:34,dl,ue2,1556084,1953066.524893298,1.953067
2026-06-28T18:50:34,dl,ue3,1556096,1933055.5668983674,1.933056
2026-06-28T18:50:34,dl,ue4,1556108,1977079.4119508672,1.977079
2026-06-28T18:50:34,dl,ue5,1556839,2065127.5396164465,2.065128
2026-06-28T18:50:34,dl,ue6,1556851,2101147.2348366166,2.101147
2026-06-28T18:50:34,dl,ue7,1556863,2205204.099727435,2.205204
2026-06-28T18:50:34,dl,ue8,1556875,1404767.0926119448,1.404767
2026-06-28T18:50:39,dl,cu_cp1,1555780,436298.876493423,0.436299
2026-06-28T18:50:39,dl,cu_up1,1555809,601930.8695656654,0.601931
2026-06-28T18:50:39,dl,cu_cp2,1555817,420139.6710267392,0.420140
2026-06-28T18:50:39,dl,cu_up2,1555844,614050.3193452561,0.614050
2026-06-28T18:50:39,dl,du1,1556005,4742730.623284402,4.742731
2026-06-28T18:50:39,dl,du2,1556775,4771008.986181378,4.771009
2026-06-28T18:50:39,dl,ue1,1556072,1898708.1223536683,1.898708
2026-06-28T18:50:39,dl,ue2,1556084,1922946.9488255251,1.922947
2026-06-28T18:50:39,dl,ue3,1556096,1939106.1177485466,1.939106
2026-06-28T18:50:39,dl,ue4,1556108,1995663.2820664465,1.995663
2026-06-28T18:50:39,dl,ue5,1556839,2044141.081184809,2.044141
2026-06-28T18:50:39,dl,ue6,1556851,2044141.081184809,2.044141
2026-06-28T18:50:39,dl,ue7,1556863,2213812.720313158,2.213813
2026-06-28T18:50:39,dl,ue8,1556875,1426050.9330651355,1.426051
2026-06-28T18:50:45,dl,cu_cp1,1555780,433055.1005353212,0.433055
2026-06-28T18:50:45,dl,cu_up1,1555809,581416.5866903734,0.581417
2026-06-28T18:50:45,dl,cu_cp2,1555817,413006.2677917862,0.413006
2026-06-28T18:50:45,dl,cu_up2,1555844,585426.3969518661,0.585426
2026-06-28T18:50:45,dl,du1,1556005,4679401.256071473,4.679401
2026-06-28T18:50:45,dl,du2,1556775,4683411.175614929,4.683411
2026-06-28T18:50:45,dl,ue1,1556072,1868552.712503109,1.868553
2026-06-28T18:50:45,dl,ue2,1556084,1932708.948140564,1.932709
2026-06-28T18:50:45,dl,ue3,1556096,1944738.4153523636,1.944738
2026-06-28T18:50:45,dl,ue4,1556108,1980826.2341506195,1.980826
2026-06-28T18:50:45,dl,ue5,1556839,2057011.9369998742,2.057012
2026-06-28T18:50:45,dl,ue6,1556851,2032953.2939948463,2.032953
2026-06-28T18:50:45,dl,ue7,1556863,2197353.875486584,2.197354
2026-06-28T18:50:45,dl,ue8,1556875,1427478.0278721238,1.427478
2026-06-28T18:50:50,dl,cu_cp1,1555780,436072.2552608991,0.436072
2026-06-28T18:50:50,dl,cu_up1,1555809,617769.0526545119,0.617769
2026-06-28T18:50:50,dl,cu_cp2,1555817,423959.13299783436,0.423959
2026-06-28T18:50:50,dl,cu_up2,1555844,601618.2107863065,0.601618
2026-06-28T18:50:50,dl,du1,1556005,4764493.343447623,4.764493
2026-06-28T18:50:50,dl,du2,1556775,4720078.427791076,4.720078
2026-06-28T18:50:50,dl,ue1,1556072,1893684.0615960837,1.893684
2026-06-28T18:50:50,dl,ue2,1556084,1966362.8682791865,1.966363
2026-06-28T18:50:50,dl,ue3,1556096,1934061.2576474906,1.934061
2026-06-28T18:50:50,dl,ue4,1556108,2087493.871595689,2.087494
2026-06-28T18:50:50,dl,ue5,1556839,2035003.809147719,2.035004
2026-06-28T18:50:50,dl,ue6,1556851,2115758.055041103,2.115758
2026-06-28T18:50:50,dl,ue7,1556863,2188436.7155147768,2.188437
2026-06-28T18:50:50,dl,ue8,1556875,1409159.4634923553,1.409159
2026-06-28T18:51:01,dl,cu_cp1,1555780,370717.0520271331,0.370717
2026-06-28T18:51:01,dl,cu_up1,1555809,378282.71463375835,0.378283
2026-06-28T18:51:01,dl,cu_cp2,1555817,355585.75879061373,0.355586
2026-06-28T18:51:01,dl,cu_up2,1555844,370717.0520271331,0.370717
2026-06-28T18:51:01,dl,du1,1556005,3344019.098874092,3.344019
2026-06-28T18:51:01,dl,du2,1556775,3268362.4088543775,3.268362
2026-06-28T18:51:01,dl,ue1,1556072,938141.1399661362,0.938141
2026-06-28T18:51:01,dl,ue2,1556084,907878.425586173,0.907878
2026-06-28T18:51:01,dl,ue3,1556096,938141.1399661362,0.938141
2026-06-28T18:51:01,dl,ue4,1556108,1119716.7867112935,1.119717
2026-06-28T18:51:01,dl,ue5,1556839,915444.1201695293,0.915444
2026-06-28T18:51:01,dl,ue6,1556851,945706.7066425681,0.945707
2026-06-28T18:51:01,dl,ue7,1556863,923009.7507994234,0.923010
2026-06-28T18:51:01,dl,ue8,1556875,915444.1201695293,0.915444
2026-06-28T18:51:06,dl,cu_cp1,1555780,364824.82760383846,0.364825
2026-06-28T18:51:06,dl,cu_up1,1555809,371114.9009308514,0.371115
2026-06-28T18:51:06,dl,cu_cp2,1555817,371114.9009308514,0.371115
2026-06-28T18:51:06,dl,cu_up2,1555844,377405.00618214696,0.377405
2026-06-28T18:51:06,dl,du1,1556005,3214232.5460645556,3.214233
2026-06-28T18:51:06,dl,du2,1556775,3239392.967069738,3.239393
2026-06-28T18:51:06,dl,ue1,1556072,924642.2795121872,0.924642
2026-06-28T18:51:06,dl,ue2,1556084,912062.0690095961,0.912062
2026-06-28T18:51:06,dl,ue3,1556096,905772.0276068657,0.905772
2026-06-28T18:51:06,dl,ue4,1556108,886901.7757015442,0.886902
2026-06-28T18:51:06,dl,ue5,1556839,930932.3209149176,0.930932
2026-06-28T18:51:06,dl,ue6,1556851,924642.2795121872,0.924642
2026-06-28T18:51:06,dl,ue7,1556863,912062.0690095961,0.912062
2026-06-28T18:51:06,dl,ue8,1556875,912062.0690095961,0.912062
2026-06-28T18:51:12,dl,cu_cp1,1555780,364450.1445706898,0.364450
2026-06-28T18:51:12,dl,cu_up1,1555809,353886.3640851414,0.353886
2026-06-28T18:51:12,dl,cu_cp2,1555817,348604.4424889529,0.348604
2026-06-28T18:51:12,dl,cu_up2,1555844,364450.1445706898,0.364450
2026-06-28T18:51:12,dl,du1,1556005,3200822.916141181,3.200823
2026-06-28T18:51:12,dl,du2,1556775,3169131.38656405,3.169131
2026-06-28T18:51:12,dl,ue1,1556072,908484.3692752159,0.908484
2026-06-28T18:51:12,dl,ue2,1556084,882074.8867079306,0.882075
2026-06-28T18:51:12,dl,ue3,1556096,882074.8867079306,0.882075
2026-06-28T18:51:12,dl,ue4,1556108,866229.3100398511,0.866229
2026-06-28T18:51:12,dl,ue5,1556839,882074.8867079306,0.882075
2026-06-28T18:51:12,dl,ue6,1556851,892638.6671934789,0.892639
2026-06-28T18:51:12,dl,ue7,1556863,924330.0086501241,0.924330
2026-06-28T18:51:12,dl,ue8,1556875,882074.8867079306,0.882075
2026-06-28T18:51:17,dl,cu_cp1,1555780,352050.05987231195,0.352050
2026-06-28T18:51:17,dl,cu_up1,1555809,358393.32732168556,0.358393
2026-06-28T18:51:17,dl,cu_cp2,1555817,355221.66229046404,0.355222
2026-06-28T18:51:17,dl,cu_up2,1555844,358393.32732168556,0.358393
2026-06-28T18:51:17,dl,du1,1556005,3136734.452056217,3.136734
2026-06-28T18:51:17,dl,du2,1556775,3187480.341198928,3.187480
2026-06-28T18:51:17,dl,ue1,1556072,897569.1195132899,0.897569
2026-06-28T18:51:17,dl,ue2,1556084,872196.1749419343,0.872196
2026-06-28T18:51:17,dl,ue3,1556096,900740.6593183726,0.900741
2026-06-28T18:51:17,dl,ue4,1556108,849994.707562592,0.849995
2026-06-28T18:51:17,dl,ue5,1556839,881710.9821963906,0.881711
2026-06-28T18:51:17,dl,ue6,1556851,903912.3243495941,0.903912
2026-06-28T18:51:17,dl,ue7,1556863,910255.5917989677,0.910256
2026-06-28T18:51:17,dl,ue8,1556875,849994.707562592,0.849995
2026-06-28T19:06:28,ul,cu_cp1,1555780,356751.3811096054,0.356751
2026-06-28T19:06:28,ul,cu_up1,1555809,356751.3811096054,0.356751
2026-06-28T19:06:28,ul,cu_cp2,1555817,353253.81460754154,0.353254
2026-06-28T19:06:28,ul,cu_up2,1555844,349756.27903631685,0.349756
2026-06-28T19:06:28,ul,du1,1556005,3102337.930284147,3.102338
2026-06-28T19:06:28,ul,du2,1556775,3175786.7958966494,3.175787
2026-06-28T19:06:28,ul,ue1,1556072,891878.4991702724,0.891878
2026-06-28T19:06:28,ul,ue2,1556084,884883.3661661446,0.884883
2026-06-28T19:06:28,ul,ue3,1556096,884883.3661661446,0.884883
2026-06-28T19:06:28,ul,ue4,1556108,853405.2367167306,0.853405
2026-06-28T19:06:28,ul,ue5,1556839,888380.839875691,0.888381
2026-06-28T19:06:28,ul,ue6,1556851,923356.5048963296,0.923357
2026-06-28T19:06:28,ul,ue7,1556863,902371.1677456248,0.902371
2026-06-28T19:06:28,ul,ue8,1556875,863897.9671537614,0.863898
2026-06-28T19:06:34,ul,cu_cp1,1555780,375755.8344027588,0.375756
2026-06-28T19:06:34,ul,cu_up1,1555809,400337.9981674656,0.400338
2026-06-28T19:06:34,ul,cu_cp2,1555817,368732.359041414,0.368732
2026-06-28T19:06:34,ul,cu_up2,1555844,403849.73584813805,0.403850
2026-06-28T19:06:34,ul,du1,1556005,3739999.7205770183,3.740000
2026-06-28T19:06:34,ul,du2,1556775,3792675.6558815194,3.792676
2026-06-28T19:06:34,ul,ue1,1556072,1257201.8298695516,1.257202
2026-06-28T19:06:34,ul,ue2,1556084,1260713.567550224,1.260714
2026-06-28T19:06:34,ul,ue3,1556096,1260713.567550224,1.260714
2026-06-28T19:06:34,ul,ue4,1556108,1190478.6840311908,1.190479
2026-06-28T19:06:34,ul,ue5,1556839,1295830.8144513632,1.295831
2026-06-28T19:06:34,ul,ue6,1556851,1299342.5521320356,1.299343
2026-06-28T19:06:34,ul,ue7,1556863,1327436.4535774149,1.327436
2026-06-28T19:06:34,ul,ue8,1556875,1130779.14345976,1.130779
2026-06-28T19:06:39,ul,cu_cp1,1555780,387902.3025432742,0.387902
2026-06-28T19:06:39,ul,cu_up1,1555809,421151.0503137398,0.421151
2026-06-28T19:06:39,ul,cu_cp2,1555817,391596.60413563135,0.391597
2026-06-28T19:06:39,ul,cu_up2,1555844,410068.1120974171,0.410068
2026-06-28T19:06:39,ul,du1,1556005,3997240.6095096683,3.997241
2026-06-28T19:06:39,ul,du2,1556775,4063738.4394431114,4.063738
2026-06-28T19:06:39,ul,ue1,1556072,1414919.71686337,1.414920
2026-06-28T19:06:39,ul,ue2,1556084,1459251.4697286605,1.459251
2026-06-28T19:06:39,ul,ue3,1556096,1459251.4697286605,1.459251
2026-06-28T19:06:39,ul,ue4,1556108,1433391.2917036582,1.433391
2026-06-28T19:06:39,ul,ue5,1556839,1492500.2509383773,1.492500
2026-06-28T19:06:39,ul,ue6,1556851,1518360.42896338,1.518360
2026-06-28T19:06:39,ul,ue7,1556863,1555303.4448869515,1.555303
2026-06-28T19:06:39,ul,ue8,1556875,1233898.738202362,1.233899
2026-06-28T19:06:44,ul,cu_cp1,1555780,398338.62140471936,0.398339
2026-06-28T19:06:44,ul,cu_up1,1555809,435566.5456655145,0.435567
2026-06-28T19:06:44,ul,cu_cp2,1555817,394615.82897863985,0.394616
2026-06-28T19:06:44,ul,cu_up2,1555844,424398.16838727595,0.424398
2026-06-28T19:06:44,ul,du1,1556005,4028059.857708778,4.028060
2026-06-28T19:06:44,ul,du2,1556775,4195585.281422253,4.195585
2026-06-28T19:06:44,ul,ue1,1556072,1418383.275230298,1.418383
2026-06-28T19:06:44,ul,ue2,1556084,1448165.6146389341,1.448166
2026-06-28T19:06:44,ul,ue3,1556096,1511453.1195194435,1.511453
2026-06-28T19:06:44,ul,ue4,1556108,1448165.6146389341,1.448166
2026-06-28T19:06:44,ul,ue5,1556839,1518898.6370972872,1.518899
2026-06-28T19:06:44,ul,ue6,1556851,1537512.6328648424,1.537513
2026-06-28T19:06:44,ul,ue7,1556863,1548680.9765059233,1.548681
2026-06-28T19:06:44,ul,ue8,1556875,1262026.0606092738,1.262026
2026-06-28T19:06:50,ul,cu_cp1,1555780,392435.47069179115,0.392435
2026-06-28T19:06:50,ul,cu_up1,1555809,436862.1549446881,0.436862
2026-06-28T19:06:50,ul,cu_cp2,1555817,392435.47069179115,0.392435
2026-06-28T19:06:50,ul,cu_up2,1555844,425755.49226084055,0.425755
2026-06-28T19:06:50,ul,du1,1556005,4087252.6720760586,4.087253
2026-06-28T19:06:50,ul,du2,1556775,4168701.822242665,4.168702
2026-06-28T19:06:50,ul,ue1,1556072,1436461.9305609942,1.436462
2026-06-28T19:06:50,ul,ue2,1556084,1458675.3229637027,1.458675
2026-06-28T19:06:50,ul,ue3,1556096,1466079.8764779568,1.466080
2026-06-28T19:06:50,ul,ue4,1556108,1458675.3229637027,1.458675
2026-06-28T19:06:50,ul,ue5,1556839,1510506.39314332,1.510506
2026-06-28T19:06:50,ul,ue6,1556851,1510506.39314332,1.510506
2026-06-28T19:06:50,ul,ue7,1556863,1554933.0438787104,1.554933
2026-06-28T19:06:50,ul,ue8,1556875,1258755.4616894603,1.258755
2026-06-28T19:06:55,ul,cu_cp1,1555780,400699.33422897843,0.400699
2026-06-28T19:06:55,ul,cu_up1,1555809,428019.74566444784,0.428020
2026-06-28T19:06:55,ul,cu_cp2,1555817,391592.5639083946,0.391593
2026-06-28T19:06:55,ul,cu_up2,1555844,418912.9418526247,0.418913
2026-06-28T19:06:55,ul,du1,1556005,4079847.839766848,4.079848
2026-06-28T19:06:55,ul,du2,1556775,4070740.901990068,4.070741
2026-06-28T19:06:55,ul,ue1,1556072,1447981.6721149206,1.447982
2026-06-28T19:06:55,ul,ue2,1556084,1447981.6721149206,1.447982
2026-06-28T19:06:55,ul,ue3,1556096,1466195.2797385668,1.466195
2026-06-28T19:06:55,ul,ue4,1556108,1457088.4759267438,1.457088
2026-06-28T19:06:55,ul,ue5,1556839,1511729.2987976826,1.511729
2026-06-28T19:06:55,ul,ue6,1556851,1438874.8683030976,1.438875
2026-06-28T19:06:55,ul,ue7,1556863,1511729.2987976826,1.511729
2026-06-28T19:06:55,ul,ue8,1556875,1238525.1844429886,1.238525
2026-06-28T19:07:01,ul,cu_cp1,1555780,387864.6528278384,0.387865
2026-06-28T19:07:01,ul,cu_up1,1555809,424455.67869864556,0.424456
2026-06-28T19:07:01,ul,cu_cp2,1555817,395182.8512928265,0.395183
2026-06-28T19:07:01,ul,cu_up2,1555844,417137.44668779103,0.417137
2026-06-28T19:07:01,ul,du1,1556005,4090874.3844006397,4.090874
2026-06-28T19:07:01,ul,du2,1556775,3973782.9405938983,3.973783
2026-06-28T19:07:01,ul,ue1,1556072,1390458.177989881,1.390458
2026-06-28T19:07:01,ul,ue2,1556084,1441685.667882397,1.441686
2026-06-28T19:07:01,ul,ue3,1556096,1463640.2297314955,1.463640
2026-06-28T19:07:01,ul,ue4,1556108,1434367.3016880774,1.434367
2026-06-28T19:07:01,ul,ue5,1556839,1492913.023591448,1.492913
2026-06-28T19:07:01,ul,ue6,1556851,1478276.559569739,1.478277
2026-06-28T19:07:01,ul,ue7,1556863,1551458.6113113535,1.551459
2026-06-28T19:07:01,ul,ue8,1556875,1266048.7705392158,1.266049
2026-06-28T19:07:06,ul,cu_cp1,1555780,383702.011522547,0.383702
2026-06-28T19:07:06,ul,cu_up1,1555809,426335.5572565502,0.426336
2026-06-28T19:07:06,ul,cu_cp2,1555817,389792.5228139055,0.389793
2026-06-28T19:07:06,ul,cu_up2,1555844,414154.56797933934,0.414155
2026-06-28T19:07:06,ul,du1,1556005,4019735.3207441997,4.019735
2026-06-28T19:07:06,ul,du2,1556775,3971011.230413332,3.971011
2026-06-28T19:07:06,ul,ue1,1556072,1382545.3970282506,1.382545
2026-06-28T19:07:06,ul,ue2,1556084,1473903.0663986278,1.473903
2026-06-28T19:07:06,ul,ue3,1556096,1443450.376719811,1.443450
2026-06-28T19:07:06,ul,ue4,1556108,1431269.4873591184,1.431269
2026-06-28T19:07:06,ul,ue5,1556839,1492174.4670506788,1.492174
2026-06-28T19:07:06,ul,ue6,1556851,1504355.4896333956,1.504355
2026-06-28T19:07:06,ul,ue7,1556863,1516536.5122161126,1.516537
2026-06-28T19:07:06,ul,ue8,1556875,1254644.6599097229,1.254645
2026-06-28T19:07:12,ul,cu_cp1,1555780,397514.82623308984,0.397515
2026-06-28T19:07:12,ul,cu_up1,1555809,434888.0245490053,0.434888
2026-06-28T19:07:12,ul,cu_cp2,1555817,397514.82623308984,0.397515
2026-06-28T19:07:12,ul,cu_up2,1555844,407707.516682885,0.407708
2026-06-28T19:07:12,ul,du1,1556005,4145026.0987977507,4.145026
2026-06-28T19:07:12,ul,du2,1556775,4124641.1231338405,4.124641
2026-06-28T19:07:12,ul,ue1,1556072,1399795.749869517,1.399796
2026-06-28T19:07:12,ul,ue2,1556084,1457554.396624303,1.457554
2026-06-28T19:07:12,ul,ue3,1556096,1494927.5274009383,1.494928
2026-06-28T19:07:12,ul,ue4,1556108,1467747.019534818,1.467747
2026-06-28T19:07:12,ul,ue5,1556839,1522108.0352670585,1.522108
2026-06-28T19:07:12,ul,ue6,1556851,1494927.5274009383,1.494928
2026-06-28T19:07:12,ul,ue7,1556863,1542493.416166649,1.542493
2026-06-28T19:07:12,ul,ue8,1556875,1267290.8415614604,1.267291
2026-06-28T19:07:17,ul,cu_cp1,1555780,393003.91059301794,0.393004
2026-06-28T19:07:17,ul,cu_up1,1555809,440030.02384626865,0.440030
2026-06-28T19:07:17,ul,cu_cp2,1555817,399721.9459083617,0.399722
2026-06-28T19:07:17,ul,cu_up2,1555844,413157.9830505103,0.413158
2026-06-28T19:07:17,ul,du1,1556005,4091271.752567196,4.091272
2026-06-28T19:07:17,ul,du2,1556775,4020732.2980347397,4.020732
2026-06-28T19:07:17,ul,ue1,1556072,1420860.2998721122,1.420860
2026-06-28T19:07:17,ul,ue2,1556084,1454450.3759832145,1.454450
2026-06-28T19:07:17,ul,ue3,1556096,1481322.5172445893,1.481323
2026-06-28T19:07:17,ul,ue4,1556108,1461168.3108329414,1.461168
2026-06-28T19:07:17,ul,ue5,1556839,1498117.5553001403,1.498118
2026-06-28T19:07:17,ul,ue6,1556851,1504835.4901498675,1.504835
2026-06-28T19:07:17,ul,ue7,1556863,1514912.5933556915,1.514913
2026-06-28T19:07:17,ul,ue8,1556875,1256268.953718543,1.256269
2026-06-28T19:07:23,ul,cu_cp1,1555780,395276.640837276,0.395277
2026-06-28T19:07:23,ul,cu_up1,1555809,432124.44746590493,0.432124
2026-06-28T19:07:23,ul,cu_cp2,1555817,388577.0305393833,0.388577
2026-06-28T19:07:23,ul,cu_up2,1555844,412025.6499120808,0.412026
2026-06-28T19:07:23,ul,du1,1556005,4066659.616737666,4.066660
2026-06-28T19:07:23,ul,du2,1556775,4013062.7343545244,4.013063
2026-06-28T19:07:23,ul,ue1,1556072,1413616.472601056,1.413616
2026-06-28T19:07:23,ul,ue2,1556084,1433715.2034751726,1.433715
2026-06-28T19:07:23,ul,ue3,1556096,1443764.6355919384,1.443765
2026-06-28T19:07:23,ul,ue4,1556108,1420316.049559095,1.420316
2026-06-28T19:07:23,ul,ue5,1556839,1500711.3731338072,1.500711
2026-06-28T19:07:23,ul,ue6,1556851,1500711.3731338072,1.500711
2026-06-28T19:07:23,ul,ue7,1556863,1524159.8258072352,1.524160
2026-06-28T19:07:23,ul,ue8,1556875,1249476.1036523199,1.249476
2026-06-28T19:07:28,ul,cu_cp1,1555780,394678.427753672,0.394678
2026-06-28T19:07:28,ul,cu_up1,1555809,428411.61443656683,0.428412
2026-06-28T19:07:28,ul,cu_cp2,1555817,391305.1124240756,0.391305
2026-06-28T19:07:28,ul,cu_up2,1555844,418291.6684477776,0.418292
2026-06-28T19:07:28,ul,du1,1556005,4071597.111666441,4.071597
2026-06-28T19:07:28,ul,du2,1556775,4051357.152915001,4.051357
2026-06-28T19:07:28,ul,ue1,1556072,1423540.8719839454,1.423541
2026-06-28T19:07:28,ul,ue2,1556084,1447154.2462257743,1.447154
2026-06-28T19:07:28,ul,ue3,1556096,1460647.50754416,1.460648
2026-06-28T19:07:28,ul,ue4,1556108,1453900.8101111054,1.453901
2026-06-28T19:07:28,ul,ue5,1556839,1491007.3121235967,1.491007
2026-06-28T19:07:28,ul,ue6,1556851,1487634.030180931,1.487634
2026-06-28T19:07:28,ul,ue7,1556863,1501127.2914993167,1.501127
2026-06-28T19:07:28,ul,ue8,1556875,1244755.0593545437,1.244755
2026-06-28T19:07:34,ul,cu_cp1,1555780,392019.5875336039,0.392020
2026-06-28T19:07:34,ul,cu_up1,1555809,440097.4839067078,0.440097
2026-06-28T19:07:34,ul,cu_cp2,1555817,392019.5875336039,0.392020
2026-06-28T19:07:34,ul,cu_up2,1555844,417907.6649729705,0.417908
2026-06-28T19:07:34,ul,du1,1556005,4079222.6989403535,4.079223
2026-06-28T19:07:34,ul,du2,1556775,3979368.3463010597,3.979368
2026-06-28T19:07:34,ul,ue1,1556072,1416448.04354136,1.416448
2026-06-28T19:07:34,ul,ue2,1556084,1438637.9294500875,1.438638
2026-06-28T19:07:34,ul,ue3,1556096,1468224.2653950835,1.468224
2026-06-28T19:07:34,ul,ue4,1556108,1457129.4563907003,1.457129
2026-06-28T19:07:34,ul,ue5,1556839,1508905.6782444238,1.508906
2026-06-28T19:07:34,ul,ue6,1556851,1497810.73529006,1.497811
2026-06-28T19:07:34,ul,ue7,1556863,1538491.880239439,1.538492
2026-06-28T19:07:34,ul,ue8,1556875,1257421.286912036,1.257421
2026-06-28T19:07:39,ul,cu_cp1,1555780,396750.1310473001,0.396750
2026-06-28T19:07:39,ul,cu_up1,1555809,426139.0012663874,0.426139
2026-06-28T19:07:39,ul,cu_cp2,1555817,393076.50144982606,0.393077
2026-06-28T19:07:39,ul,cu_up2,1555844,415118.1790982473,0.415118
2026-06-28T19:07:39,ul,du1,1556005,4044646.899089277,4.044647
2026-06-28T19:07:39,ul,du2,1556775,3963827.381066258,3.963827
2026-06-28T19:07:39,ul,ue1,1556072,1414340.6326628816,1.414341
2026-06-28T19:07:39,ul,ue2,1556084,1443729.5361941098,1.443730
2026-06-28T19:07:39,ul,ue3,1556096,1436382.3436234437,1.436382
2026-06-28T19:07:39,ul,ue4,1556108,1406993.4400922155,1.406993
2026-06-28T19:07:39,ul,ue5,1556839,1469444.9100642873,1.469445
2026-06-28T19:07:39,ul,ue6,1556851,1513528.1987368476,1.513528
2026-06-28T19:07:39,ul,ue7,1556863,1528222.7171267439,1.528223
2026-06-28T19:07:39,ul,ue8,1556875,1249028.066955793,1.249028
2026-06-28T19:07:45,ul,cu_cp1,1555780,394799.8150767133,0.394800
2026-06-28T19:07:45,ul,cu_up1,1555809,424044.2666751391,0.424044
2026-06-28T19:07:45,ul,cu_cp2,1555817,387488.7104565784,0.387489
2026-06-28T19:07:45,ul,cu_up2,1555844,405766.505124802,0.405767
2026-06-28T19:07:45,ul,du1,1556005,3940687.2448543166,3.940687
2026-06-28T19:07:45,ul,du2,1556775,3940687.2448543166,3.940687
2026-06-28T19:07:45,ul,ue1,1556072,1359866.1217028082,1.359866
2026-06-28T19:07:45,ul,ue2,1556084,1425666.0632840216,1.425666
2026-06-28T19:07:45,ul,ue3,1556096,1403732.749423617,1.403733
2026-06-28T19:07:45,ul,ue4,1556108,1374488.3309430778,1.374488
2026-06-28T19:07:45,ul,ue5,1556839,1484154.9002451003,1.484155
2026-06-28T19:07:45,ul,ue6,1556851,1506088.2141055048,1.506088
2026-06-28T19:07:45,ul,ue7,1556863,1465877.1386947632,1.465877
2026-06-28T19:07:45,ul,ue8,1556875,1231921.7908504487,1.231922
2026-06-28T19:07:50,ul,cu_cp1,1555780,391449.65586031915,0.391450
2026-06-28T19:07:50,ul,cu_up1,1555809,420993.0286371136,0.420993
2026-06-28T19:07:50,ul,cu_cp2,1555817,387756.7342632198,0.387757
2026-06-28T19:07:50,ul,cu_up2,1555844,398835.4990545178,0.398835
2026-06-28T19:07:50,ul,du1,1556005,4010512.5869921874,4.010513
2026-06-28T19:07:50,ul,du2,1556775,3929268.5793136596,3.929269
2026-06-28T19:07:50,ul,ue1,1556072,1381152.5435863114,1.381153
2026-06-28T19:07:50,ul,ue2,1556084,1458703.8971253966,1.458704
2026-06-28T19:07:50,ul,ue3,1556096,1443932.2107369995,1.443932
2026-06-28T19:07:50,ul,ue4,1556108,1447625.132334099,1.447625
2026-06-28T19:07:50,ul,ue5,1556839,1491940.1914992905,1.491940
2026-06-28T19:07:50,ul,ue6,1556851,1484554.348305092,1.484554
2026-06-28T19:07:50,ul,ue7,1556863,1536255.2506644821,1.536255
2026-06-28T19:07:50,ul,ue8,1556875,1255593.209284935,1.255593
2026-06-28T19:07:56,ul,cu_cp1,1555780,393693.3395175245,0.393693
2026-06-28T19:07:56,ul,cu_up1,1555809,418822.7358897632,0.418823
2026-06-28T19:07:56,ul,cu_cp2,1555817,385316.9076214167,0.385317
2026-06-28T19:07:56,ul,cu_up2,1555844,402069.80497493746,0.402070
2026-06-28T19:07:56,ul,du1,1556005,4045827.412560308,4.045827
2026-06-28T19:07:56,ul,du2,1556775,4012321.684975877,4.012322
2026-06-28T19:07:56,ul,ue1,1556072,1440750.1792419327,1.440750
2026-06-28T19:07:56,ul,ue2,1556084,1457503.0430341482,1.457503
2026-06-28T19:07:56,ul,ue3,1556096,1457503.0430341482,1.457503
2026-06-28T19:07:56,ul,ue4,1556108,1432373.6802232147,1.432374
2026-06-28T19:07:56,ul,ue5,1556839,1491008.9048638,1.491009
2026-06-28T19:07:56,ul,ue6,1556851,1524514.7666934514,1.524515
2026-06-28T19:07:56,ul,ue7,1556863,1457503.0430341482,1.457503
2026-06-28T19:07:56,ul,ue8,1556875,1239715.276754464,1.239715
2026-06-28T19:08:01,ul,cu_cp1,1555780,392860.84960270824,0.392861
2026-06-28T19:08:01,ul,cu_up1,1555809,419954.71157304884,0.419955
2026-06-28T19:08:01,ul,cu_cp2,1555817,392860.84960270824,0.392861
2026-06-28T19:08:01,ul,cu_up2,1555844,392860.84960270824,0.392861
2026-06-28T19:08:01,ul,du1,1556005,4023436.99637136,4.023437
2026-06-28T19:08:01,ul,du2,1556775,3955702.324893594,3.955702
2026-06-28T19:08:01,ul,ue1,1556072,1408880.2927964472,1.408880
2026-06-28T19:08:01,ul,ue2,1556084,1408880.2927964472,1.408880
2026-06-28T19:08:01,ul,ue3,1556096,1456294.509864757,1.456295
2026-06-28T19:08:01,ul,ue4,1556108,1415653.7334611607,1.415654
2026-06-28T19:08:01,ul,ue5,1556839,1476614.9642742134,1.476615
2026-06-28T19:08:01,ul,ue6,1556851,1510482.1675977802,1.510482
2026-06-28T19:08:01,ul,ue7,1556863,1496935.2862683535,1.496935
2026-06-28T19:08:01,ul,ue8,1556875,1192129.5294490384,1.192130
2026-06-28T19:08:07,ul,cu_cp1,1555780,397507.9432989171,0.397508
2026-06-28T19:08:07,ul,cu_up1,1555809,420551.90045817225,0.420552
2026-06-28T19:08:07,ul,cu_cp2,1555817,391746.9372881436,0.391747
2026-06-28T19:08:07,ul,cu_up2,1555844,397507.9432989171,0.397508
2026-06-28T19:08:07,ul,du1,1556005,3911708.801615615,3.911709
2026-06-28T19:08:07,ul,du2,1556775,4015406.3078549886,4.015406
2026-06-28T19:08:07,ul,ue1,1556072,1376875.3868450343,1.376875
2026-06-28T19:08:07,ul,ue2,1556084,1428724.1399647212,1.428724
2026-06-28T19:08:07,ul,ue3,1556096,1469051.215482055,1.469051
2026-06-28T19:08:07,ul,ue4,1556108,1388397.3319827425,1.388397
2026-06-28T19:08:07,ul,ue5,1556839,1497856.0783263254,1.497856
2026-06-28T19:08:07,ul,ue6,1556851,1497856.0783263254,1.497856
2026-06-28T19:08:07,ul,ue7,1556863,1515138.9960328876,1.515139
2026-06-28T19:08:07,ul,ue8,1556875,1255894.6953637432,1.255895
2026-06-28T19:08:12,ul,cu_cp1,1555780,393900.5019955784,0.393901
2026-06-28T19:08:12,ul,cu_up1,1555809,420833.87137019815,0.420834
2026-06-28T19:08:12,ul,cu_cp2,1555817,383800.46337186097,0.383800
2026-06-28T19:08:12,ul,cu_up2,1555844,400633.8610780567,0.400634
2026-06-28T19:08:12,ul,du1,1556005,3982771.619648366,3.982772
2026-06-28T19:08:12,ul,du2,1556775,3996238.4717239095,3.996238
2026-06-28T19:08:12,ul,ue1,1556072,1383701.7093410897,1.383702
2026-06-28T19:08:12,ul,ue2,1556084,1414001.7917345953,1.414002
2026-06-28T19:08:12,ul,ue3,1556096,1471235.1765474272,1.471235
2026-06-28T19:08:12,ul,ue4,1556108,1427468.375988965,1.427468
2026-06-28T19:08:12,ul,ue5,1556839,1498168.4789667535,1.498168
2026-06-28T19:08:12,ul,ue6,1556851,1494801.9668137478,1.494802
2026-06-28T19:08:12,ul,ue7,1556863,1521735.2692330743,1.521735
2026-06-28T19:08:12,ul,ue8,1556875,1232201.5651947355,1.232202
2026-06-28T19:08:18,ul,cu_cp1,1555780,391508.58440641046,0.391509
2026-06-28T19:08:18,ul,cu_up1,1555809,424970.8491698569,0.424971
2026-06-28T19:08:18,ul,cu_cp2,1555817,394854.80421551765,0.394855
2026-06-28T19:08:18,ul,cu_up2,1555844,411585.93659724086,0.411586
2026-06-28T19:08:18,ul,du1,1556005,3988702.813209212,3.988703
2026-06-28T19:08:18,ul,du2,1556775,3918431.9972008374,3.918432
2026-06-28T19:08:18,ul,ue1,1556072,1412107.8263724637,1.412108
2026-06-28T19:08:18,ul,ue2,1556084,1398722.947136035,1.398723
2026-06-28T19:08:18,ul,ue3,1556096,1448916.3109450173,1.448916
2026-06-28T19:08:18,ul,ue4,1556108,1418800.265990678,1.418800
2026-06-28T19:08:18,ul,ue5,1556839,1492417.3684805345,1.492417
2026-06-28T19:08:18,ul,ue6,1556851,1495763.521617267,1.495764
2026-06-28T19:08:18,ul,ue7,1556863,1515840.9738166595,1.515841
2026-06-28T19:08:18,ul,ue8,1556875,1234757.8431279098,1.234758
2026-06-28T19:08:23,ul,cu_cp1,1555780,385269.9070793572,0.385270
2026-06-28T19:08:23,ul,cu_up1,1555809,429204.1914974615,0.429204
2026-06-28T19:08:23,ul,cu_cp2,1555817,385269.9070793572,0.385270
2026-06-28T19:08:23,ul,cu_up2,1555844,402167.7062026298,0.402168
2026-06-28T19:08:23,ul,du1,1556005,3970983.4972165916,3.970983
2026-06-28T19:08:23,ul,du2,1556775,4021677.062026298,4.021677
2026-06-28T19:08:23,ul,ue1,1556072,1416035.9215028072,1.416036
2026-06-28T19:08:23,ul,ue2,1556084,1382240.2562803065,1.382240
2026-06-28T19:08:23,ul,ue3,1556096,1432933.5531861912,1.432934
2026-06-28T19:08:23,ul,ue4,1556108,1419415.3942587196,1.419415
2026-06-28T19:08:23,ul,ue5,1556839,1487006.59075181,1.487007
2026-06-28T19:08:23,ul,ue6,1556851,1561357.000660547,1.561357
2026-06-28T19:08:23,ul,ue7,1556863,1527561.3354380464,1.527561
2026-06-28T19:08:23,ul,ue8,1556875,1250437.470001949,1.250437
2026-06-28T19:08:28,ul,cu_cp1,1555780,400153.80536636413,0.400154
2026-06-28T19:08:28,ul,cu_up1,1555809,428483.28402349947,0.428483
2026-06-28T19:08:28,ul,cu_cp2,1555817,396612.6332709074,0.396613
2026-06-28T19:08:28,ul,cu_up2,1555844,410777.35561722814,0.410777
2026-06-28T19:08:28,ul,du1,1556005,4090067.661730504,4.090068
2026-06-28T19:08:28,ul,du2,1556775,4058197.0109779118,4.058197
2026-06-28T19:08:28,ul,ue1,1556072,1434179.5555825948,1.434180
2026-06-28T19:08:28,ul,ue2,1556084,1416473.5932118297,1.416474
2026-06-28T19:08:28,ul,ue3,1556096,1473132.6184550882,1.473133
2026-06-28T19:08:28,ul,ue4,1556108,1469591.4803241254,1.469591
2026-06-28T19:08:28,ul,ue5,1556839,1501462.1310767173,1.501462
2026-06-28T19:08:28,ul,ue6,1556851,1561662.1585929631,1.561662
2026-06-28T19:08:28,ul,ue7,1556863,1543956.3320801735,1.543956
2026-06-28T19:08:28,ul,ue8,1556875,1274826.3018196344,1.274826
2026-06-28T19:08:34,ul,cu_cp1,1555780,392534.2188273275,0.392534
2026-06-28T19:08:34,ul,cu_up1,1555809,426179.99742945674,0.426180
2026-06-28T19:08:34,ul,cu_cp2,1555817,400011.04725537123,0.400011
2026-06-28T19:08:34,ul,cu_up2,1555844,411226.3405733693,0.411226
2026-06-28T19:08:34,ul,du1,1556005,4026279.5916475723,4.026280
2026-06-28T19:08:34,ul,du2,1556775,4074878.7568341494,4.074879
2026-06-28T19:08:34,ul,ue1,1556072,1420600.0364767956,1.420600
2026-06-28T19:08:34,ul,ue2,1556084,1424338.43379884,1.424338
2026-06-28T19:08:34,ul,ue3,1556096,1450507.3501889706,1.450507
2026-06-28T19:08:34,ul,ue4,1556108,1439292.1582228374,1.439292
2026-06-28T19:08:34,ul,ue5,1556839,1502845.1829692316,1.502845
2026-06-28T19:08:34,ul,ue6,1556851,1551444.753563268,1.551445
2026-06-28T19:08:34,ul,ue7,1556863,1536491.1642750907,1.536491
2026-06-28T19:08:34,ul,ue8,1556875,1274801.5949663257,1.274802
2026-06-28T19:08:39,ul,cu_cp1,1555780,390606.52814713866,0.390607
2026-06-28T19:08:39,ul,cu_up1,1555809,427807.1210476163,0.427807
2026-06-28T19:08:39,ul,cu_cp2,1555817,390606.52814713866,0.390607
2026-06-28T19:08:39,ul,cu_up2,1555844,409206.8245973775,0.409207
2026-06-28T19:08:39,ul,du1,1556005,4010227.2241053726,4.010227
2026-06-28T19:08:39,ul,du2,1556775,3976746.5156061603,3.976747
2026-06-28T19:08:39,ul,ue1,1556072,1409903.5875257135,1.409904
2026-06-28T19:08:39,ul,ue2,1556084,1443384.161495093,1.443384
2026-06-28T19:08:39,ul,ue3,1556096,1450824.1993572891,1.450824
2026-06-28T19:08:39,ul,ue4,1556108,1439664.0080341625,1.439664
2026-06-28T19:08:39,ul,ue5,1556839,1506625.1559729218,1.506625
2026-06-28T19:08:39,ul,ue6,1556851,1525225.519688077,1.525226
2026-06-28T19:08:39,ul,ue7,1556863,1514065.3283649504,1.514065
2026-06-28T19:08:39,ul,ue8,1556875,1275981.291648195,1.275981
2026-06-28T19:08:45,ul,cu_cp1,1555780,392035.85912300885,0.392036
2026-06-28T19:08:45,ul,cu_up1,1555809,432718.81491668284,0.432719
2026-06-28T19:08:45,ul,cu_cp2,1555817,388337.41771040467,0.388337
2026-06-28T19:08:45,ul,cu_up2,1555844,403131.2167791641,0.403131
2026-06-28T19:08:45,ul,du1,1556005,4020216.4759520576,4.020216
2026-06-28T19:08:45,ul,du2,1556775,4012819.793636906,4.012820
2026-06-28T19:08:45,ul,ue1,1556072,1416506.904136809,1.416507
2026-06-28T19:08:45,ul,ue2,1556084,1446094.5691110133,1.446095
2026-06-28T19:08:45,ul,ue3,1556096,1449793.0439419604,1.449793
2026-06-28T19:08:45,ul,ue4,1556108,1468285.2844233238,1.468285
2026-06-28T19:08:45,ul,ue5,1556839,1468285.2844233238,1.468285
2026-06-28T19:08:45,ul,ue6,1556851,1549651.1960106718,1.549651
2026-06-28T19:08:45,ul,ue7,1556863,1531158.9555293084,1.531159
2026-06-28T19:08:45,ul,ue8,1556875,1264870.371781583,1.264870
2026-06-28T19:08:50,ul,cu_cp1,1555780,397731.2798642349,0.397731
2026-06-28T19:08:50,ul,cu_up1,1555809,427468.19516218186,0.427468
2026-06-28T19:08:50,ul,cu_cp2,1555817,394014.15286726,0.394014
2026-06-28T19:08:50,ul,cu_up2,1555844,405165.5002989006,0.405166
2026-06-28T19:08:50,ul,du1,1556005,4010766.4382258607,4.010766
2026-06-28T19:08:50,ul,du2,1556775,3943858.6221102905,3.943859
2026-06-28T19:08:50,ul,ue1,1556072,1412503.5605506897,1.412504
2026-06-28T19:08:50,ul,ue2,1556084,1449674.7634018706,1.449675
2026-06-28T19:08:50,ul,ue3,1556096,1457108.9502772521,1.457109
2026-06-28T19:08:50,ul,ue4,1556108,1442240.4422893524,1.442240
2026-06-28T19:08:50,ul,ue5,1556839,1497997.1794475554,1.497997
2026-06-28T19:08:50,ul,ue6,1556851,1542602.569174118,1.542603
2026-06-28T19:08:50,ul,ue7,1556863,1550036.8902866363,1.550037
2026-06-28T19:08:50,ul,ue8,1556875,1252667.6701885986,1.252668
2026-06-28T19:08:56,ul,cu_cp1,1555780,402447.4243973905,0.402447
2026-06-28T19:08:56,ul,cu_up1,1555809,427600.3926247662,0.427600
2026-06-28T19:08:56,ul,cu_cp2,1555817,394063.12406847236,0.394063
2026-06-28T19:08:56,ul,cu_up2,1555844,410831.7247263086,0.410832
2026-06-28T19:08:56,ul,du1,1556005,4032858.4770622016,4.032858
2026-06-28T19:08:56,ul,du2,1556775,4041242.844631741,4.041243
2026-06-28T19:08:56,ul,ue1,1556072,1408565.951770556,1.408566
2026-06-28T19:08:56,ul,ue2,1556084,1450487.520655768,1.450488
2026-06-28T19:08:56,ul,ue3,1556096,1467256.255794847,1.467256
2026-06-28T19:08:56,ul,ue4,1556108,1450487.520655768,1.450488
2026-06-28T19:08:56,ul,ue5,1556839,1500793.5915917624,1.500794
2026-06-28T19:08:56,ul,ue6,1556851,1576252.4962738894,1.576252
2026-06-28T19:08:56,ul,ue7,1556863,1534330.7929074347,1.534331
2026-06-28T19:08:56,ul,ue8,1556875,1274416.8775453805,1.274417
2026-06-28T19:09:01,ul,cu_cp1,1555780,397162.9822562909,0.397163
2026-06-28T19:09:01,ul,cu_up1,1555809,417705.9146971798,0.417706
2026-06-28T19:09:01,ul,cu_cp2,1555817,383467.716213398,0.383468
2026-06-28T19:09:01,ul,cu_up2,1555844,404010.64865428687,0.404011
2026-06-28T19:09:01,ul,du1,1556005,3923696.1577769374,3.923696
2026-06-28T19:09:01,ul,du2,1556775,3964782.423177309,3.964782
2026-06-28T19:09:01,ul,ue1,1556072,1431156.2694022465,1.431156
2026-06-28T19:09:01,ul,ue2,1556084,1438003.9358002425,1.438004
2026-06-28T19:09:01,ul,ue3,1556096,1451699.2685962343,1.451699
2026-06-28T19:09:01,ul,ue4,1556108,1465394.4678860283,1.465394
2026-06-28T19:09:01,ul,ue5,1556839,1479089.6671758222,1.479090
2026-06-28T19:09:01,ul,ue6,1556851,1527023.1984555959,1.527023
2026-06-28T19:09:01,ul,ue7,1556863,1540718.531251588,1.540719
2026-06-28T19:09:01,ul,ue8,1556875,1266812.9433813333,1.266813
2026-06-28T19:09:07,ul,cu_cp1,1555780,390600.4581531474,0.390600
2026-06-28T19:09:07,ul,cu_up1,1555809,443069.1874808031,0.443069
2026-06-28T19:09:07,ul,cu_cp2,1555817,390600.4581531474,0.390600
2026-06-28T19:09:07,ul,cu_up2,1555844,413919.9121365148,0.413920
2026-06-28T19:09:07,ul,du1,1556005,4069240.725707109,4.069241
2026-06-28T19:09:07,ul,du2,1556775,4028431.740225105,4.028432
2026-06-28T19:09:07,ul,ue1,1556072,1434144.886265974,1.434145
2026-06-28T19:09:07,ul,ue2,1556084,1451634.4514725471,1.451634
2026-06-28T19:09:07,ul,ue3,1556096,1428315.1660288633,1.428315
2026-06-28T19:09:07,ul,ue4,1556108,1428315.1660288633,1.428315
2026-06-28T19:09:07,ul,ue5,1556839,1492443.5717862975,1.492444
2026-06-28T19:09:07,ul,ue6,1556851,1539082.4123371588,1.539082
2026-06-28T19:09:07,ul,ue7,1556863,1533252.5572683013,1.533253
2026-06-28T19:09:07,ul,ue8,1556875,1259249.2342002438,1.259249
2026-06-28T19:09:12,ul,cu_cp1,1555780,402831.9997233653,0.402832
2026-06-28T19:09:12,ul,cu_up1,1555809,430142.6334167504,0.430143
2026-06-28T19:09:12,ul,cu_cp2,1555817,392590.4866306901,0.392590
2026-06-28T19:09:12,ul,cu_up2,1555844,406245.80347738264,0.406246
2026-06-28T19:09:12,ul,du1,1556005,4096596.2759752464,4.096596
2026-06-28T19:09:12,ul,du2,1556775,4024905.8879877664,4.024906
2026-06-28T19:09:12,ul,ue1,1556072,1426981.1705478001,1.426981
2026-06-28T19:09:12,ul,ue2,1556084,1430394.9403582765,1.430395
2026-06-28T19:09:12,ul,ue3,1556096,1461119.41174922,1.461119
2026-06-28T19:09:12,ul,ue4,1556108,1464533.181559696,1.464533
2026-06-28T19:09:12,ul,ue5,1556839,1502085.3283457565,1.502085
2026-06-28T19:09:12,ul,ue6,1556851,1553292.8259220505,1.553293
2026-06-28T19:09:12,ul,ue7,1556863,1546465.1505269336,1.546465
2026-06-28T19:09:12,ul,ue8,1556875,1269944.908008442,1.269945
2026-06-28T19:09:17,ul,cu_cp1,1555780,395406.0183466822,0.395406
2026-06-28T19:09:17,ul,cu_up1,1555809,429492.7417348519,0.429493
2026-06-28T19:09:17,ul,cu_cp2,1555817,391997.3358663976,0.391997
2026-06-28T19:09:17,ul,cu_up2,1555844,415858.0456186056,0.415858
2026-06-28T19:09:17,ul,du1,1556005,4069954.8469182253,4.069955
2026-06-28T19:09:17,ul,du2,1556775,4039276.7722054482,4.039277
2026-06-28T19:09:17,ul,ue1,1556072,1421416.470081842,1.421416
2026-06-28T19:09:17,ul,ue2,1556084,1472546.5044567585,1.472547
2026-06-28T19:09:17,ul,ue3,1556096,1486181.2343778969,1.486181
2026-06-28T19:09:17,ul,ue4,1556108,1458911.7745356201,1.458912
2026-06-28T19:09:17,ul,ue5,1556839,1506633.1940400363,1.506633
2026-06-28T19:09:17,ul,ue6,1556851,1530494.0390118123,1.530494
2026-06-28T19:09:17,ul,ue7,1556863,1581624.0733867288,1.581624
2026-06-28T19:09:17,ul,ue8,1556875,1257800.1166868866,1.257800
2026-06-28T19:09:23,ul,cu_cp1,1555780,394312.75814942183,0.394313
2026-06-28T19:09:23,ul,cu_up1,1555809,435103.7493994987,0.435104
2026-06-28T19:09:23,ul,cu_cp2,1555817,390913.511686939,0.390914
2026-06-28T19:09:23,ul,cu_up2,1555844,401111.2847746706,0.401111
2026-06-28T19:09:23,ul,du1,1556005,4048504.2555314684,4.048504
2026-06-28T19:09:23,ul,du2,1556775,3956724.634744716,3.956725
2026-06-28T19:09:23,ul,ue1,1556072,1380094.670373118,1.380095
2026-06-28T19:09:23,ul,ue2,1556084,1461676.7202738381,1.461677
2026-06-28T19:09:23,ul,ue3,1556096,1454878.1599483062,1.454878
2026-06-28T19:09:23,ul,ue4,1556108,1458277.440111072,1.458277
2026-06-28T19:09:23,ul,ue5,1556839,1505866.9579863977,1.505867
2026-06-28T19:09:23,ul,ue6,1556851,1526262.3693607282,1.526262
2026-06-28T19:09:23,ul,ue7,1556863,1546657.9155361915,1.546658
2026-06-28T19:09:23,ul,ue8,1556875,1247524.0920365716,1.247524
2026-06-28T19:09:28,ul,cu_cp1,1555780,396648.78449006827,0.396649
2026-06-28T19:09:28,ul,cu_up1,1555809,428240.2589543968,0.428240
2026-06-28T19:09:28,ul,cu_cp2,1555817,393138.5866892889,0.393139
2026-06-28T19:09:28,ul,cu_up2,1555844,407179.2759781778,0.407179
2026-06-28T19:09:28,ul,du1,1556005,4096363.872615957,4.096364
2026-06-28T19:09:28,ul,du2,1556775,4019140.0645413636,4.019140
2026-06-28T19:09:28,ul,ue1,1556072,1390025.8276299238,1.390026
2026-06-28T19:09:28,ul,ue2,1556084,1467249.4998188794,1.467249
2026-06-28T19:09:28,ul,ue3,1556096,1460229.1042173207,1.460229
2026-06-28T19:09:28,ul,ue4,1556108,1470759.5617340207,1.470760
2026-06-28T19:09:28,ul,ue5,1556839,1516391.7254872383,1.516392
2026-06-28T19:09:28,ul,ue6,1556851,1544473.0361221968,1.544473
2026-06-28T19:09:28,ul,ue7,1556863,1583084.9401594936,1.583085
2026-06-28T19:09:28,ul,ue8,1556875,1281210.6470052302,1.281211
2026-06-28T19:09:34,ul,cu_cp1,1555780,403297.0581848955,0.403297
2026-06-28T19:09:34,ul,cu_up1,1555809,433450.1057667649,0.433450
2026-06-28T19:09:34,ul,cu_cp2,1555817,391989.6525842238,0.391990
2026-06-28T19:09:34,ul,cu_up2,1555844,418373.5989857912,0.418374
2026-06-28T19:09:34,ul,du1,1556005,4089507.609852314,4.089508
2026-06-28T19:09:34,ul,du2,1556775,4081969.339451866,4.081969
2026-06-28T19:09:34,ul,ue1,1556072,1424731.744887762,1.424732
2026-06-28T19:09:34,ul,ue2,1556084,1454884.6904098655,1.454885
2026-06-28T19:09:34,ul,ue3,1556096,1477499.501611209,1.477500
2026-06-28T19:09:34,ul,ue4,1556108,1469961.231210761,1.469961
2026-06-28T19:09:34,ul,ue5,1556839,1511421.7184132242,1.511422
2026-06-28T19:09:34,ul,ue6,1556851,1567958.610336895,1.567959
2026-06-28T19:09:34,ul,ue7,1556863,1564189.611216359,1.564190
2026-06-28T19:09:34,ul,ue8,1556875,1255120.7969573736,1.255121
2026-06-28T19:09:39,ul,cu_cp1,1555780,395167.00673981576,0.395167
2026-06-28T19:09:39,ul,cu_up1,1555809,428718.91700244875,0.428719
2026-06-28T19:09:39,ul,cu_cp2,1555817,391438.99799105106,0.391439
2026-06-28T19:09:39,ul,cu_up2,1555844,406350.96559561015,0.406351
2026-06-28T19:09:39,ul,du1,1556005,3988949.8853238057,3.988950
2026-06-28T19:09:39,ul,du2,1556775,4007590.0975438785,4.007590
2026-06-28T19:09:39,ul,ue1,1556072,1405452.4581485689,1.405452
2026-06-28T19:09:39,ul,ue2,1556084,1465100.3285668052,1.465100
2026-06-28T19:09:39,ul,ue3,1556096,1427820.4432506573,1.427820
2026-06-28T19:09:39,ul,ue4,1556108,1450188.2935717464,1.450188
2026-06-28T19:09:39,ul,ue5,1556839,1494924.1289949238,1.494924
2026-06-28T19:09:39,ul,ue6,1556851,1543388.0068621158,1.543388
2026-06-28T19:09:39,ul,ue7,1556863,1535932.1915360857,1.535932
2026-06-28T19:09:39,ul,ue8,1556875,1237692.8394449044,1.237693
2026-06-28T19:09:45,ul,cu_cp1,1555780,394607.33273020503,0.394607
2026-06-28T19:09:45,ul,cu_up1,1555809,428111.7359075117,0.428112
2026-06-28T19:09:45,ul,cu_cp2,1555817,390884.6137688613,0.390885
2026-06-28T19:09:45,ul,cu_up2,1555844,409498.1411007929,0.409498
2026-06-28T19:09:45,ul,du1,1556005,3972132.2250818824,3.972132
2026-06-28T19:09:45,ul,du2,1556775,3927459.8674449064,3.927460
2026-06-28T19:09:45,ul,ue1,1556072,1399739.0906754686,1.399739
2026-06-28T19:09:45,ul,ue2,1556084,1425798.1234048747,1.425798
2026-06-28T19:09:45,ul,ue3,1556096,1459302.5940569686,1.459303
2026-06-28T19:09:45,ul,ue4,1556108,1463025.178068738,1.463025
2026-06-28T19:09:45,ul,ue5,1556839,1496529.6487208318,1.496530
2026-06-28T19:09:45,ul,ue6,1556851,1537479.4223460387,1.537479
2026-06-28T19:09:45,ul,ue7,1556863,1548647.57923007,1.548648
2026-06-28T19:09:45,ul,ue8,1556875,1250830.7370704412,1.250831
2026-06-28T19:09:50,ul,cu_cp1,1555780,398872.5698249999,0.398873
2026-06-28T19:09:50,ul,cu_up1,1555809,432422.58926912514,0.432423
2026-06-28T19:09:50,ul,cu_cp2,1555817,391417.0061926007,0.391417
2026-06-28T19:09:50,ul,cu_up2,1555844,406328.13345739903,0.406328
2026-06-28T19:09:50,ul,du1,1556005,3984997.7981221033,3.984998
2026-06-28T19:09:50,ul,du2,1556775,3940264.6191477585,3.940265
2026-06-28T19:09:50,ul,ue1,1556072,1405373.3897721504,1.405373
2026-06-28T19:09:50,ul,ue2,1556084,1442651.3093441713,1.442651
2026-06-28T19:09:50,ul,ue3,1556096,1457562.369002286,1.457562
2026-06-28T19:09:50,ul,ue4,1556108,1465017.8988313437,1.465018
2026-06-28T19:09:50,ul,ue5,1556839,1491112.456053095,1.491112
2026-06-28T19:09:50,ul,ue6,1556851,1543301.4352832306,1.543301
2026-06-28T19:09:50,ul,ue7,1556863,1547029.132591076,1.547029
2026-06-28T19:09:50,ul,ue8,1556875,1259989.9496453798,1.259990
2026-06-28T19:09:56,ul,cu_cp1,1555780,417250.99039107264,0.417251
2026-06-28T19:09:56,ul,cu_up1,1555809,433941.0191171944,0.433941
2026-06-28T19:09:56,ul,cu_cp2,1555817,400560.9616649508,0.400561
2026-06-28T19:09:56,ul,cu_up2,1555844,417250.99039107264,0.417251
2026-06-28T19:09:56,ul,du1,1556005,4097404.7406134247,4.097405
2026-06-28T19:09:56,ul,du2,1556775,4030644.3534709094,4.030644
2026-06-28T19:09:56,ul,ue1,1556072,1435343.4232795716,1.435343
2026-06-28T19:09:56,ul,ue2,1556084,1468723.480731815,1.468723
2026-06-28T19:09:56,ul,ue3,1556096,1477068.5291246295,1.477069
2026-06-28T19:09:56,ul,ue4,1556108,1493758.6259102584,1.493759
2026-06-28T19:09:56,ul,ue5,1556839,1510448.586576873,1.510449
2026-06-28T19:09:56,ul,ue6,1556851,1627278.8557192325,1.627279
2026-06-28T19:09:56,ul,ue7,1556863,1560518.7408147454,1.560519
2026-06-28T19:09:56,ul,ue8,1556875,1285132.9605659544,1.285133
2026-06-28T19:10:01,ul,cu_cp1,1555780,400464.5079556912,0.400465
2026-06-28T19:10:01,ul,cu_up1,1555809,427614.6452386266,0.427615
2026-06-28T19:10:01,ul,cu_cp2,1555817,400464.5079556912,0.400465
2026-06-28T19:10:01,ul,cu_up2,1555844,407252.05924403074,0.407252
2026-06-28T19:10:01,ul,du1,1556005,4052157.7010288094,4.052158
2026-06-28T19:10:01,ul,du2,1556775,4031795.488321538,4.031795
2026-06-28T19:10:01,ul,ue1,1556072,1425382.1734188963,1.425382
2026-06-28T19:10:01,ul,ue2,1556084,1506832.6531381248,1.506833
2026-06-28T19:10:01,ul,ue3,1556096,1466107.4132785106,1.466107
2026-06-28T19:10:01,ul,ue4,1556108,1466107.4132785106,1.466107
2026-06-28T19:10:01,ul,ue5,1556839,1500045.0679145742,1.500045
2026-06-28T19:10:01,ul,ue6,1556851,1561132.9277039957,1.561133
2026-06-28T19:10:01,ul,ue7,1556863,1581495.547633803,1.581496
2026-06-28T19:10:01,ul,ue8,1556875,1269268.7992039896,1.269269
2026-06-28T19:10:07,ul,cu_cp1,1555780,389396.1850096178,0.389396
2026-06-28T19:10:07,ul,cu_up1,1555809,429481.092378273,0.429481
2026-06-28T19:10:07,ul,cu_cp2,1555817,395122.6293480849,0.395123
2026-06-28T19:10:07,ul,cu_up2,1555844,418028.2713682103,0.418028
2026-06-28T19:10:07,ul,du1,1556005,3991310.9301820183,3.991311
2026-06-28T19:10:07,ul,du2,1556775,4025669.731546564,4.025670
2026-06-28T19:10:07,ul,ue1,1556072,1402971.6225691892,1.402972
2026-06-28T19:10:07,ul,ue2,1556084,1454509.2832810355,1.454509
2026-06-28T19:10:07,ul,ue3,1556096,1477415.0606349038,1.477415
2026-06-28T19:10:07,ul,ue4,1556108,1477415.0606349038,1.477415
2026-06-28T19:10:07,ul,ue5,1556839,1506047.079326625,1.506047
2026-06-28T19:10:07,ul,ue6,1556851,1574764.005387001,1.574764
2026-06-28T19:10:07,ul,ue7,1556863,1540405.6100236846,1.540406
2026-06-28T19:10:07,ul,ue8,1556875,1271264.0117862893,1.271264
2026-06-28T19:10:12,ul,cu_cp1,1555780,406835.89846471546,0.406836
2026-06-28T19:10:12,ul,cu_up1,1555809,437604.96463576314,0.437605
2026-06-28T19:10:12,ul,cu_cp2,1555817,393160.70510770084,0.393161
2026-06-28T19:10:12,ul,cu_up2,1555844,403417.08314228535,0.403417
2026-06-28T19:10:12,ul,du1,1556005,4027333.6763069346,4.027334
2026-06-28T19:10:12,ul,du2,1556775,4064940.407089195,4.064940
2026-06-28T19:10:12,ul,ue1,1556072,1425635.0862540721,1.425635
2026-06-28T19:10:12,ul,ue2,1556084,1459822.8998148441,1.459823
2026-06-28T19:10:12,ul,ue3,1556096,1514523.537377491,1.514524
2026-06-28T19:10:12,ul,ue4,1556108,1487173.2865288735,1.487173
2026-06-28T19:10:12,ul,ue5,1556839,1514523.537377491,1.514524
2026-06-28T19:10:12,ul,ue6,1556851,1555549.0495158292,1.555549
2026-06-28T19:10:12,ul,ue7,1556863,1617087.2497906303,1.617087
2026-06-28T19:10:12,ul,ue8,1556875,1258114.3922100544,1.258114
2026-06-28T19:10:18,ul,cu_cp1,1555780,397339.0201302016,0.397339
2026-06-28T19:10:18,ul,cu_up1,1555809,427903.5366251314,0.427904
2026-06-28T19:10:18,ul,cu_cp2,1555817,393942.9740639544,0.393943
2026-06-28T19:10:18,ul,cu_up2,1555844,414319.31839390757,0.414319
2026-06-28T19:10:18,ul,du1,1556005,4031123.358056803,4.031123
2026-06-28T19:10:18,ul,du2,1556775,4034519.1663594055,4.034519
2026-06-28T19:10:18,ul,ue1,1556072,1399176.6856213235,1.399177
2026-06-28T19:10:18,ul,ue2,1556084,1460305.718611183,1.460306
2026-06-28T19:10:18,ul,ue3,1556096,1473890.0387411118,1.473890
2026-06-28T19:10:18,ul,ue4,1556108,1477286.1187735938,1.477286
2026-06-28T19:10:18,ul,ue5,1556839,1521434.7516010427,1.521435
2026-06-28T19:10:18,ul,ue6,1556851,1558791.4960934066,1.558791
2026-06-28T19:10:18,ul,ue7,1556863,1565583.656158371,1.565584
2026-06-28T19:10:18,ul,ue8,1556875,1249749.9793817473,1.249750
2026-06-28T19:10:23,ul,cu_cp1,1555780,398322.7574420607,0.398323
2026-06-28T19:10:23,ul,cu_up1,1555809,425558.44663081167,0.425558
2026-06-28T19:10:23,ul,cu_cp2,1555817,384704.84522186813,0.384705
2026-06-28T19:10:23,ul,cu_up2,1555844,408536.14934106945,0.408536
2026-06-28T19:10:23,ul,du1,1556005,4041103.236428933,4.041103
2026-06-28T19:10:23,ul,du2,1556775,4041103.236428933,4.041103
2026-06-28T19:10:23,ul,ue1,1556072,1412854.1239652752,1.412854
2026-06-28T19:10:23,ul,ue2,1556084,1453707.6915613103,1.453708
2026-06-28T19:10:23,ul,ue3,1556096,1460516.6645778609,1.460517
2026-06-28T19:10:23,ul,ue4,1556108,1480943.4483758784,1.480943
2026-06-28T19:10:23,ul,ue5,1556839,1504774.7863079882,1.504775
2026-06-28T19:10:23,ul,ue6,1556851,1562650.7188195824,1.562651
2026-06-28T19:10:23,ul,ue7,1556863,1562650.7188195824,1.562651
2026-06-28T19:10:23,ul,ue8,1556875,1276675.4751440692,1.276675
2026-06-28T19:10:29,ul,cu_cp1,1555780,391906.6558555448,0.391907
2026-06-28T19:10:29,ul,cu_up1,1555809,423971.7605666632,0.423972
2026-06-28T19:10:29,ul,cu_cp2,1555817,391906.6558555448,0.391907
2026-06-28T19:10:29,ul,cu_up2,1555844,402595.02409258427,0.402595
2026-06-28T19:10:29,ul,du1,1556005,4040201.712704723,4.040202
2026-06-28T19:10:29,ul,du2,1556775,4047327.246653774,4.047327
2026-06-28T19:10:29,ul,ue1,1556072,1421552.3697050787,1.421552
2026-06-28T19:10:29,ul,ue2,1556084,1432240.8052555812,1.432241
2026-06-28T19:10:29,ul,ue3,1556096,1435803.5722301067,1.435804
2026-06-28T19:10:29,ul,ue4,1556108,1467868.6096277619,1.467869
2026-06-28T19:10:29,ul,ue5,1556839,1492808.1130763663,1.492808
2026-06-28T19:10:29,ul,ue6,1556851,1578315.0589726819,1.578315
2026-06-28T19:10:29,ul,ue7,1556863,1556938.3224986028,1.556938
2026-06-28T19:10:29,ul,ue8,1556875,1264789.6804374754,1.264790
2026-06-28T19:10:34,ul,cu_cp1,1555780,403074.4446997404,0.403074
2026-06-28T19:10:34,ul,cu_up1,1555809,425676.72451808455,0.425677
2026-06-28T19:10:34,ul,cu_cp2,1555817,395540.3400618106,0.395540
2026-06-28T19:10:34,ul,cu_up2,1555844,406841.47997098265,0.406841
2026-06-28T19:10:34,ul,du1,1556005,4091017.0113372803,4.091017
2026-06-28T19:10:34,ul,du2,1556775,4060880.45640378,4.060880
2026-06-28T19:10:34,ul,ue1,1556072,1442780.4073978185,1.442780
2026-06-28T19:10:34,ul,ue2,1556084,1442780.4073978185,1.442780
2026-06-28T19:10:34,ul,ue3,1556096,1476683.8271253346,1.476684
2026-06-28T19:10:34,ul,ue4,1556108,1435246.2686644434,1.435246
2026-06-28T19:10:34,ul,ue5,1556839,1506820.245677054,1.506820
2026-06-28T19:10:34,ul,ue6,1556851,1585928.3614230393,1.585928
2026-06-28T19:10:34,ul,ue7,1556863,1593462.5001564145,1.593463
2026-06-28T19:10:34,ul,ue8,1556875,1269496.0348208784,1.269496
2026-06-28T19:10:39,ul,cu_cp1,1555780,399280.8517143786,0.399281
2026-06-28T19:10:39,ul,cu_up1,1555809,429415.2472537711,0.429415
2026-06-28T19:10:39,ul,cu_cp2,1555817,395514.0480097458,0.395514
2026-06-28T19:10:39,ul,cu_up2,1555844,406814.4591236442,0.406814
2026-06-28T19:10:39,ul,du1,1556005,4045543.7008133056,4.045544
2026-06-28T19:10:39,ul,du2,1556775,4060611.0520225167,4.060611
2026-06-28T19:10:39,ul,ue1,1556072,1431384.1802443503,1.431384
2026-06-28T19:10:39,ul,ue2,1556084,1461518.473490733,1.461518
2026-06-28T19:10:39,ul,ue3,1556096,1480352.526111567,1.480353
2026-06-28T19:10:39,ul,ue4,1556108,1499186.5787324011,1.499187
2026-06-28T19:10:39,ul,ue5,1556839,1502953.416534704,1.502953
2026-06-28T19:10:39,ul,ue6,1556851,1574522.5164343775,1.574523
2026-06-28T19:10:39,ul,ue7,1556863,1589589.7312529087,1.589590
2026-06-28T19:10:39,ul,ue8,1556875,1276945.330647415,1.276945
2026-06-28T19:10:45,ul,cu_cp1,1555780,394902.7200671998,0.394903
2026-06-28T19:10:45,ul,cu_up1,1555809,424990.5100625339,0.424991
2026-06-28T19:10:45,ul,cu_cp2,1555817,394902.7200671998,0.394903
2026-06-28T19:10:45,ul,cu_up2,1555844,406185.6072884187,0.406186
2026-06-28T19:10:45,ul,du1,1556005,4043051.578434448,4.043052
2026-06-28T19:10:45,ul,du2,1556775,4058095.3373239897,4.058095
2026-06-28T19:10:45,ul,ue1,1556072,1410366.6872476996,1.410367
2026-06-28T19:10:45,ul,ue2,1556084,1451737.5686264408,1.451738
2026-06-28T19:10:45,ul,ue3,1556096,1463020.5239017224,1.463021
2026-06-28T19:10:45,ul,ue4,1556108,1478064.4188993894,1.478064
2026-06-28T19:10:45,ul,ue5,1556839,1496869.253619442,1.496869
2026-06-28T19:10:45,ul,ue6,1556851,1594654.7752664662,1.594655
2026-06-28T19:10:45,ul,ue7,1556863,1598415.7149888515,1.598416
2026-06-28T19:10:45,ul,ue8,1556875,1282493.5117134666,1.282494
2026-06-28T19:10:50,ul,cu_cp1,1555780,396381.24786168337,0.396381
2026-06-28T19:10:50,ul,cu_up1,1555809,415078.47205554723,0.415078
2026-06-28T19:10:50,ul,cu_cp2,1555817,388902.3717486763,0.388902
2026-06-28T19:10:50,ul,cu_up2,1555844,400120.6859181869,0.400121
2026-06-28T19:10:50,ul,du1,1556005,4016164.6792305754,4.016165
2026-06-28T19:10:50,ul,du2,1556775,3986249.174778547,3.986249
2026-06-28T19:10:50,ul,ue1,1556072,1398552.7495080947,1.398553
2026-06-28T19:10:50,ul,ue2,1556084,1465862.702347851,1.465863
2026-06-28T19:10:50,ul,ue3,1556096,1450904.9501218367,1.450905
2026-06-28T19:10:50,ul,ue4,1556108,1443426.0061861372,1.443426
2026-06-28T19:10:50,ul,ue5,1556839,1506996.758348813,1.506997
2026-06-28T19:10:50,ul,ue6,1556851,1551870.0150268555,1.551870
2026-06-28T19:10:50,ul,ue7,1556863,1566827.7672528697,1.566828
2026-06-28T19:10:50,ul,ue8,1556875,1263932.708183198,1.263933
2026-06-28T19:10:56,ul,cu_cp1,1555780,409018.4064468044,0.409018
2026-06-28T19:10:56,ul,cu_up1,1555809,416884.1620088196,0.416884
2026-06-28T19:10:56,ul,cu_cp2,1555817,393286.92927577347,0.393287
2026-06-28T19:10:56,ul,cu_up2,1555844,401152.68483778863,0.401153
2026-06-28T19:10:56,ul,du1,1556005,4003660.8211918757,4.003661
2026-06-28T19:10:56,ul,du2,1556775,3987929.7175038387,3.987930
2026-06-28T19:10:56,ul,ue1,1556072,1431564.388610816,1.431564
2026-06-28T19:10:56,ul,ue2,1556084,1439430.21207883,1.439430
2026-06-28T19:10:56,ul,ue3,1556096,1400101.502174753,1.400102
2026-06-28T19:10:56,ul,ue4,1556108,1447295.8997348463,1.447296
2026-06-28T19:10:56,ul,ue5,1556839,1518087.6318869842,1.518088
2026-06-28T19:10:56,ul,ue6,1556851,1581013.4047591102,1.581013
2026-06-28T19:10:56,ul,ue7,1556863,1612476.4270071709,1.612476
2026-06-28T19:10:56,ul,ue8,1556875,1266383.9971504891,1.266384
2026-06-28T19:11:01,ul,cu_cp1,1555780,402544.6992890686,0.402545
2026-06-28T19:11:01,ul,cu_up1,1555809,415742.8794110209,0.415743
2026-06-28T19:11:01,ul,cu_cp2,1555817,402544.6992890686,0.402545
2026-06-28T19:11:01,ul,cu_up2,1555844,409143.78935004474,0.409144
2026-06-28T19:11:01,ul,du1,1556005,4078239.7819016697,4.078240
2026-06-28T19:11:01,ul,du2,1556775,4065041.9443955896,4.065042
2026-06-28T19:11:01,ul,ue1,1556072,1432003.3312483311,1.432003
2026-06-28T19:11:01,ul,ue2,1556084,1491395.1075355292,1.491395
2026-06-28T19:11:01,ul,ue3,1556096,1504593.356180656,1.504593
2026-06-28T19:11:01,ul,ue4,1556108,1484796.0517361402,1.484796
2026-06-28T19:11:01,ul,ue5,1556839,1517791.4677794338,1.517791
2026-06-28T19:11:01,ul,ue6,1556851,1590381.4927117587,1.590381
2026-06-28T19:11:01,ul,ue7,1556863,1603579.7413568855,1.603580
2026-06-28T19:11:01,ul,ue8,1556875,1293422.3371830701,1.293422
2026-06-28T19:11:07,ul,cu_cp1,1555780,394416.48595306516,0.394416
2026-06-28T19:11:07,ul,cu_up1,1555809,422589.1165263951,0.422589
2026-06-28T19:11:07,ul,cu_cp2,1555817,394416.48595306516,0.394416
2026-06-28T19:11:07,ul,cu_up2,1555844,411320.05061412096,0.411320
2026-06-28T19:11:07,ul,du1,1556005,4090662.784804926,4.090663
2026-06-28T19:11:07,ul,du2,1556775,3994875.62192853,3.994876
2026-06-28T19:11:07,ul,ue1,1556072,1448072.0621020175,1.448072
2026-06-28T19:11:07,ul,ue2,1556084,1459341.0595995807,1.459341
2026-06-28T19:11:07,ul,ue3,1556096,1487513.6901729107,1.487514
2026-06-28T19:11:07,ul,ue4,1556108,1470610.0570971442,1.470610
2026-06-28T19:11:07,ul,ue5,1556839,1515686.3207462407,1.515686
2026-06-28T19:11:07,ul,ue6,1556851,1611473.0731343722,1.611473
2026-06-28T19:11:07,ul,ue7,1556863,1572031.5818929004,1.572032
2026-06-28T19:11:07,ul,ue8,1556875,1284670.914240241,1.284671
2026-06-28T19:11:12,ul,cu_cp1,1555780,406557.48790133593,0.406557
2026-06-28T19:11:12,ul,cu_up1,1555809,423784.50647776574,0.423785
2026-06-28T19:11:12,ul,cu_cp2,1555817,392775.8798812106,0.392776
2026-06-28T19:11:12,ul,cu_up2,1555844,413448.27480885235,0.413448
2026-06-28T19:11:12,ul,du1,1556005,4069020.289569664,4.069020
2026-06-28T19:11:12,ul,du2,1556775,4034566.4576473595,4.034566
2026-06-28T19:11:12,ul,ue1,1556072,1447069.013138622,1.447069
2026-06-28T19:11:12,ul,ue2,1556084,1440178.192026013,1.440178
2026-06-28T19:11:12,ul,ue3,1556096,1481522.9818812967,1.481523
2026-06-28T19:11:12,ul,ue4,1556108,1481522.9818812967,1.481523
2026-06-28T19:11:12,ul,ue5,1556839,1526313.3191132545,1.526313
2026-06-28T19:11:12,ul,ue6,1556851,1591775.8460422992,1.591776
2026-06-28T19:11:12,ul,ue7,1556863,1612448.309380126,1.612448
2026-06-28T19:11:12,ul,ue8,1556875,1281689.7168971181,1.281690
2026-06-28T19:11:18,ul,cu_cp1,1555780,399433.26609135745,0.399433
2026-06-28T19:11:18,ul,cu_up1,1555809,430423.7763443595,0.430424
2026-06-28T19:11:18,ul,cu_cp2,1555817,399433.26609135745,0.399433
2026-06-28T19:11:18,ul,cu_up2,1555844,413206.8376190239,0.413207
2026-06-28T19:11:18,ul,du1,1556005,4063200.5527975704,4.063201
2026-06-28T19:11:18,ul,du2,1556775,4076974.1585709,4.076974
2026-06-28T19:11:18,ul,ue1,1556072,1429007.0100640797,1.429007
2026-06-28T19:11:18,ul,ue2,1556084,1546082.248189423,1.546082
2026-06-28T19:11:18,ul,ue3,1556096,1490987.9620787574,1.490988
2026-06-28T19:11:18,ul,ue4,1556108,1484101.1591920925,1.484101
2026-06-28T19:11:18,ul,ue5,1556839,1501318.234900081,1.501318
2026-06-28T19:11:18,ul,ue6,1556851,1604620.004234748,1.604620
2026-06-28T19:11:18,ul,ue7,1556863,1628723.6088640953,1.628724
2026-06-28T19:11:18,ul,ue8,1556875,1260280.8187800765,1.260281
2026-06-28T19:11:23,ul,cu_cp1,1555780,402631.02285970777,0.402631
2026-06-28T19:11:23,ul,cu_up1,1555809,430161.34042219666,0.430161
2026-06-28T19:11:23,ul,cu_cp2,1555817,388865.82980958134,0.388866
2026-06-28T19:11:23,ul,cu_up2,1555844,409513.58511588903,0.409514
2026-06-28T19:11:23,ul,du1,1556005,4098577.2008247445,4.098577
2026-06-28T19:11:23,ul,du2,1556775,4098577.2008247445,4.098577
2026-06-28T19:11:23,ul,ue1,1556072,1397164.113195101,1.397164
2026-06-28T19:11:23,ul,ue2,1556084,1455666.0294481695,1.455666
2026-06-28T19:11:23,ul,ue3,1556096,1490078.8407290757,1.490079
2026-06-28T19:11:23,ul,ue4,1556108,1476313.7162167132,1.476314
2026-06-28T19:11:23,ul,ue5,1556839,1534815.6324697817,1.534816
2026-06-28T19:11:23,ul,ue6,1556851,1572669.8619543063,1.572670
2026-06-28T19:11:23,ul,ue7,1556863,1624289.2159511936,1.624289
2026-06-28T19:11:23,ul,ue8,1556875,1266395.0191010737,1.266395
2026-06-28T19:11:29,ul,cu_cp1,1555780,396121.948267895,0.396122
2026-06-28T19:11:29,ul,cu_up1,1555809,429132.1506402433,0.429132
2026-06-28T19:11:29,ul,cu_cp2,1555817,399789.7523426026,0.399790
2026-06-28T19:11:29,ul,cu_up2,1555844,410793.1645667255,0.410793
2026-06-28T19:11:29,ul,du1,1556005,4085924.8898190497,4.085925
2026-06-28T19:11:29,ul,du2,1556775,4060250.3641961575,4.060250
2026-06-28T19:11:29,ul,ue1,1556072,1434108.1347087503,1.434108
2026-06-28T19:11:29,ul,ue2,1556084,1470786.106855786,1.470786
2026-06-28T19:11:29,ul,ue3,1556096,1507464.0790028214,1.507464
2026-06-28T19:11:29,ul,ue4,1556108,1481789.5533799292,1.481790
2026-06-28T19:11:29,ul,ue5,1556839,1500128.5394534469,1.500129
2026-06-28T19:11:29,ul,ue6,1556851,1558813.2674486875,1.558813
2026-06-28T19:11:29,ul,ue7,1556863,1606494.6861198663,1.606495
2026-06-28T19:11:29,ul,ue8,1556875,1276393.0739966272,1.276393
2026-06-28T19:11:39,ul,cu_cp1,1555780,445515.4500099993,0.445515
2026-06-28T19:11:39,ul,cu_up1,1555809,465951.9242222929,0.465952
2026-06-28T19:11:39,ul,cu_cp2,1555817,441428.1328688264,0.441428
2026-06-28T19:11:39,ul,cu_up2,1555844,453690.00996329787,0.453690
2026-06-28T19:11:39,ul,du1,1556005,4487852.591255093,4.487853
2026-06-28T19:11:39,ul,du2,1556775,4377495.957556515,4.377496
2026-06-28T19:11:39,ul,ue1,1556072,1561347.6406942748,1.561348
2026-06-28T19:11:39,ul,ue2,1556084,1634918.977590151,1.634919
2026-06-28T19:11:39,ul,ue3,1556096,1626744.4176368522,1.626744
2026-06-28T19:11:39,ul,ue4,1556108,1647180.891849146,1.647181
2026-06-28T19:11:39,ul,ue5,1556839,1655355.4518024444,1.655355
2026-06-28T19:11:39,ul,ue6,1556851,1765712.5314753056,1.765713
2026-06-28T19:11:39,ul,ue7,1556863,1769799.885781002,1.769800
2026-06-28T19:11:39,ul,ue8,1556875,1414204.966902523,1.414205
2026-06-28T19:11:45,ul,cu_cp1,1555780,432953.9794445077,0.432954
2026-06-28T19:11:45,ul,cu_up1,1555809,452998.1803878361,0.452998
2026-06-28T19:11:45,ul,cu_cp2,1555817,428945.1754906699,0.428945
2026-06-28T19:11:45,ul,cu_up2,1555844,436962.8558680013,0.436963
2026-06-28T19:11:45,ul,du1,1556005,4357601.856939876,4.357602
2026-06-28T19:11:45,ul,du2,1556775,4345575.372608707,4.345575
2026-06-28T19:11:45,ul,ue1,1556072,1507321.446969999,1.507321
2026-06-28T19:11:45,ul,ue2,1556084,1495294.8176995183,1.495295
2026-06-28T19:11:45,ul,ue3,1556096,1663665.8882145095,1.663666
2026-06-28T19:11:45,ul,ue4,1556108,1631595.166705184,1.631595
2026-06-28T19:11:45,ul,ue5,1556839,1535383.292055831,1.535383
2026-06-28T19:11:45,ul,ue6,1556851,1755869.0313796806,1.755869
2026-06-28T19:11:45,ul,ue7,1556863,1759877.7628638626,1.759878
2026-06-28T19:11:45,ul,ue8,1556875,1358994.4686938524,1.358994
2026-06-28T19:11:50,ul,cu_cp1,1555780,430758.8403053355,0.430759
2026-06-28T19:11:50,ul,cu_up1,1555809,438810.4166140392,0.438810
2026-06-28T19:11:50,ul,cu_cp2,1555817,430758.8403053355,0.430759
2026-06-28T19:11:50,ul,cu_up2,1555844,422707.30045665504,0.422707
2026-06-28T19:11:50,ul,du1,1556005,4275381.951978448,4.275382
2026-06-28T19:11:50,ul,du2,1556775,4283433.783507314,4.283434
2026-06-28T19:11:50,ul,ue1,1556072,1380843.7509316779,1.380844
2026-06-28T19:11:50,ul,ue2,1556084,1384869.5208560182,1.384870
2026-06-28T19:11:50,ul,ue3,1556096,1795499.5115396522,1.795500
2026-06-28T19:11:50,ul,ue4,1556108,1795499.5115396522,1.795500
2026-06-28T19:11:50,ul,ue5,1556839,1380843.7509316779,1.380844
2026-06-28T19:11:50,ul,ue6,1556851,1884066.7415553236,1.884067
2026-06-28T19:11:50,ul,ue7,1556863,1888092.511479664,1.888093
2026-06-28T19:11:50,ul,ue8,1556875,1364740.671234317,1.364741
